hostname,total_firewall_logs,firewall_denies,threat_flags,endpoint_alerts,is_managed
vdr-11375,1.0,0.0,0.0,0.0,False
ws-12406,1.0,1.0,0.0,0.0,False
WS_12242,1.0,0.0,0.0,0.0,False
WS-10649,5.0,1.0,0.0,1.0,True
WS-12736,9.0,2.0,2.0,5.0,True
lpt-12211,2.0,0.0,0.0,0.0,False
WS-10184.corp.local,1.0,0.0,1.0,0.0,False
LPT_10752,1.0,1.0,0.0,0.0,False
WS-12760.corp.local,1.0,0.0,0.0,0.0,False
WS_10400,1.0,1.0,1.0,0.0,False
WS-10487.corp.local,1.0,0.0,0.0,0.0,False
LPT_10612,1.0,1.0,0.0,0.0,False
LPT-12852,5.0,2.0,0.0,4.0,True
LPT-10327,6.0,0.0,0.0,3.0,True
WS-10572.corp.local,1.0,0.0,0.0,0.0,False
LPT_12985,1.0,0.0,0.0,0.0,False
VDR_12865,1.0,0.0,0.0,0.0,False
WS-11851,9.0,4.0,1.0,3.0,True
lpt-11133,2.0,0.0,0.0,0.0,False
LPT-12643,5.0,2.0,0.0,0.0,False
VDR-10816.,0.0,0.0,0.0,0.0,True
WS_11006,2.0,1.0,0.0,0.0,False
vdr-11600,3.0,0.0,0.0,0.0,False
lpt-12517,1.0,0.0,0.0,0.0,False
VDR-11774.corp.local,1.0,0.0,0.0,0.0,False
lpt-10822,2.0,0.0,0.0,0.0,False
ws-12914,1.0,0.0,0.0,0.0,False
WS_11885,1.0,0.0,0.0,0.0,False
LPT_10084,1.0,0.0,0.0,0.0,False
vdr-12749,2.0,1.0,0.0,0.0,False
ws-12496,2.0,1.0,1.0,0.0,False
VDR_12624,2.0,0.0,0.0,0.0,False
VDR-10314,4.0,1.0,0.0,4.0,True
LPT-11662.corp.local,1.0,0.0,0.0,0.0,False
WS_10430,1.0,0.0,0.0,0.0,False
vdr-10029,1.0,0.0,0.0,0.0,False
LPT-11661,7.0,1.0,0.0,2.0,True
WS-11135,4.0,1.0,0.0,1.0,True
lpt-12838,1.0,0.0,0.0,0.0,False
lpt-12937,3.0,0.0,0.0,0.0,False
VDR-10270.corp.local,1.0,0.0,0.0,0.0,False
VDR-12893,12.0,3.0,2.0,3.0,True
lpt-10734,3.0,0.0,0.0,0.0,False
WS_12390,1.0,0.0,0.0,0.0,False
LPT_10262,1.0,0.0,1.0,0.0,False
vdr-10656,3.0,0.0,1.0,0.0,False
WS-10332.corp.local,2.0,1.0,1.0,0.0,False
lpt-12428,1.0,0.0,0.0,0.0,False
ws-11135,3.0,1.0,1.0,0.0,False
VDR-10466.corp.local,1.0,0.0,0.0,0.0,False
LPT-11519,3.0,0.0,0.0,3.0,False
vdr-12922,2.0,0.0,0.0,0.0,False
VDR-12198.corp.local,1.0,0.0,0.0,0.0,False
LPT_11574,2.0,0.0,0.0,0.0,False
WS_10962,1.0,0.0,0.0,0.0,False
WS-12165.corp.local,1.0,0.0,0.0,0.0,False
LPT_12852,1.0,0.0,0.0,0.0,False
VDR-10077,8.0,2.0,1.0,2.0,True
LPT-12186.corp.local,2.0,2.0,0.0,0.0,False
ws-12822,1.0,0.0,0.0,0.0,False
WS-11570,5.0,0.0,0.0,0.0,False
LPT_12961,2.0,0.0,1.0,0.0,False
LPT-12644,4.0,2.0,0.0,3.0,True
LPT_12110,1.0,1.0,0.0,0.0,False
WS-10448.corp.local,3.0,0.0,0.0,0.0,False
LPT_12920,1.0,0.0,0.0,0.0,False
LPT-11640,7.0,1.0,1.0,0.0,True
VDR_12325,2.0,0.0,0.0,0.0,False
LPT_10981,3.0,1.0,0.0,0.0,False
ws-10307,3.0,0.0,0.0,0.0,False
VDR_11858,1.0,1.0,1.0,0.0,False
VDR-10056,4.0,0.0,1.0,2.0,True
VDR_12869,1.0,0.0,0.0,0.0,False
lpt-12259,2.0,0.0,1.0,0.0,False
VDR_11283,1.0,0.0,0.0,0.0,False
LPT-12298.corp.local,1.0,0.0,1.0,0.0,False
VDR-12191,10.0,2.0,2.0,4.0,True
VDR_11556,1.0,0.0,0.0,0.0,False
LPT-12685.corp.local,1.0,0.0,0.0,0.0,False
WS_12589,1.0,0.0,1.0,0.0,False
VDR-12841,12.0,3.0,2.0,1.0,True
vdr-12087,1.0,0.0,0.0,0.0,False
VDR-12436,11.0,1.0,1.0,2.0,True
VDR-12074,11.0,2.0,0.0,1.0,True
WS_11953,1.0,0.0,0.0,0.0,False
VDR-10247.,0.0,0.0,0.0,0.0,True
LPT-12143,4.0,0.0,0.0,2.0,True
WS-10351,8.0,2.0,1.0,2.0,True
LPT-12197.corp.local,1.0,0.0,0.0,0.0,False
vdr-11042,3.0,1.0,0.0,0.0,False
VDR-12959,8.0,3.0,2.0,3.0,True
LPT-11015.corp.local,1.0,1.0,0.0,0.0,False
VDR-11797,6.0,2.0,0.0,3.0,True
lpt-11631,1.0,1.0,0.0,0.0,False
LPT-10954,7.0,1.0,0.0,3.0,True
WS-11497,9.0,1.0,1.0,2.0,True
LPT_11593,1.0,0.0,1.0,0.0,False
WS-10175.corp.local,1.0,0.0,0.0,0.0,False
lpt-12967,2.0,0.0,0.0,0.0,False
LPT-12326.corp.local,1.0,0.0,0.0,0.0,False
VDR-11815,7.0,1.0,2.0,6.0,True
LPT_11311,1.0,0.0,0.0,0.0,False
LPT-11015,11.0,4.0,3.0,5.0,True
WS-10543,1.0,0.0,0.0,4.0,True
WS-11391,2.0,1.0,0.0,3.0,True
WS-11080,5.0,0.0,1.0,1.0,True
LPT-10904,3.0,0.0,0.0,5.0,True
VDR-12222,6.0,1.0,0.0,5.0,True
vdr-10585,2.0,1.0,1.0,0.0,False
WS-12192,4.0,1.0,1.0,1.0,True
VDR-10767,3.0,0.0,0.0,1.0,True
WS-12851.corp.local,1.0,1.0,1.0,0.0,False
WS-12164.corp.local,2.0,1.0,0.0,0.0,False
LPT-12578,6.0,0.0,0.0,4.0,True
WS-10265,5.0,1.0,1.0,3.0,True
LPT-12466,2.0,0.0,0.0,2.0,True
VDR-10838,8.0,2.0,0.0,4.0,True
LPT-10750,10.0,2.0,0.0,6.0,True
WS-12746,7.0,0.0,0.0,2.0,False
VDR-12423,4.0,1.0,0.0,1.0,True
LPT-11710.corp.local,3.0,0.0,0.0,0.0,False
VDR_10016,1.0,0.0,0.0,0.0,False
WS-10082.corp.local,1.0,0.0,0.0,0.0,False
VDR-12430.corp.local,2.0,0.0,1.0,0.0,False
lpt-11023,1.0,0.0,0.0,0.0,False
WS-12788.corp.local,1.0,1.0,0.0,0.0,False
LPT-11028.,0.0,0.0,0.0,0.0,True
WS_10134,1.0,1.0,0.0,0.0,False
WS-12283.corp.local,1.0,0.0,0.0,0.0,False
VDR-10677,10.0,2.0,0.0,1.0,True
lpt-12060,2.0,2.0,0.0,0.0,False
lpt-11506,2.0,0.0,0.0,0.0,False
LPT-12083,6.0,0.0,1.0,2.0,True
WS-11496.corp.local,1.0,0.0,0.0,0.0,False
vdr-11298,1.0,0.0,0.0,0.0,False
VDR-12856,8.0,2.0,1.0,5.0,True
WS-12256.corp.local,2.0,1.0,0.0,0.0,False
VDR-12963,7.0,1.0,0.0,3.0,True
vdr-10504,1.0,1.0,0.0,0.0,False
ws-11863,3.0,0.0,0.0,0.0,False
LPT-10141,6.0,2.0,2.0,5.0,True
VDR-11128.corp.local,1.0,0.0,0.0,0.0,False
ws-12244,2.0,0.0,0.0,0.0,False
VDR_11389,1.0,0.0,0.0,0.0,False
VDR_11930,1.0,0.0,0.0,0.0,False
WS_12496,1.0,0.0,0.0,0.0,False
VDR-11419,5.0,1.0,0.0,1.0,True
lpt-11310,1.0,0.0,0.0,0.0,False
LPT-11285,4.0,1.0,0.0,3.0,False
LPT-11866,3.0,0.0,0.0,2.0,True
lpt-12783,2.0,0.0,0.0,0.0,False
lpt-11257,2.0,0.0,0.0,0.0,False
LPT-10763,7.0,3.0,0.0,2.0,True
WS-12454.corp.local,2.0,0.0,0.0,0.0,False
VDR_12168,1.0,0.0,0.0,0.0,False
WS-11845,3.0,1.0,0.0,4.0,True
LPT-11884,6.0,1.0,0.0,3.0,True
VDR-10123.corp.local,1.0,0.0,0.0,0.0,False
LPT-10852.corp.local,2.0,1.0,0.0,0.0,False
LPT_10416,1.0,0.0,0.0,0.0,False
LPT-11917,12.0,3.0,1.0,0.0,True
vdr-12580,1.0,0.0,0.0,0.0,False
LPT-12737.corp.local,1.0,0.0,0.0,0.0,False
WS_12632,1.0,0.0,0.0,0.0,False
VDR-11412,8.0,2.0,1.0,2.0,True
VDR_10648,1.0,0.0,0.0,0.0,False
lpt-10745,2.0,0.0,1.0,0.0,False
WS-11865,9.0,1.0,1.0,5.0,True
WS-11939,3.0,0.0,1.0,1.0,True
VDR_10218,1.0,0.0,0.0,0.0,False
VDR_12991,1.0,0.0,0.0,0.0,False
ws-10517,2.0,1.0,0.0,0.0,False
VDR-12450,10.0,1.0,0.0,5.0,False
VDR_12090,1.0,0.0,0.0,0.0,False
WS-10721,10.0,3.0,1.0,3.0,True
ws-12221,1.0,0.0,0.0,0.0,False
LPT_10654,1.0,0.0,0.0,0.0,False
WS-11381,5.0,3.0,1.0,4.0,True
LPT-10863.corp.local,1.0,0.0,0.0,0.0,False
lpt-12049,3.0,0.0,0.0,0.0,False
LPT_11732,1.0,0.0,0.0,0.0,False
WS-11540,3.0,0.0,0.0,4.0,True
WS-10870,7.0,1.0,0.0,3.0,True
WS-12136,2.0,1.0,0.0,0.0,True
VDR-12543.corp.local,2.0,0.0,0.0,0.0,False
WS-12396,3.0,0.0,1.0,1.0,True
VDR-11094,6.0,1.0,0.0,3.0,True
lpt-12094,1.0,1.0,0.0,0.0,False
WS-10292,5.0,0.0,1.0,5.0,True
VDR_10357,1.0,0.0,0.0,0.0,False
LPT_10965,1.0,0.0,0.0,0.0,False
WS-12977,5.0,0.0,0.0,4.0,True
ws-12553,4.0,2.0,1.0,0.0,False
LPT-10403.corp.local,2.0,0.0,0.0,0.0,False
WS_12439,1.0,0.0,0.0,0.0,False
VDR-12353,8.0,1.0,1.0,1.0,True
VDR-11929,11.0,2.0,0.0,4.0,True
VDR-11697,7.0,1.0,1.0,2.0,True
VDR_10793,1.0,0.0,0.0,0.0,False
WS-12637,5.0,2.0,1.0,2.0,True
ws-11361,1.0,0.0,0.0,0.0,False
vdr-10234,1.0,1.0,0.0,0.0,False
vdr-10466,1.0,0.0,0.0,0.0,False
VDR-10196,9.0,4.0,1.0,3.0,False
ws-11416,1.0,0.0,0.0,0.0,False
VDR-12823,5.0,2.0,1.0,0.0,True
VDR-10462,7.0,1.0,1.0,5.0,True
VDR-10358,7.0,1.0,0.0,1.0,True
LPT-10439,7.0,0.0,2.0,5.0,False
LPT_11631,1.0,0.0,0.0,0.0,False
ws-12072,2.0,0.0,0.0,0.0,False
WS_12255,2.0,0.0,0.0,0.0,False
LPT-10596,9.0,4.0,3.0,3.0,False
LPT-11614.corp.local,2.0,0.0,0.0,0.0,False
WS-11193,2.0,0.0,0.0,1.0,True
LPT-12762.corp.local,1.0,1.0,0.0,0.0,False
lpt-11573,1.0,0.0,0.0,0.0,False
VDR-12395.corp.local,1.0,1.0,0.0,0.0,False
vdr-11493,3.0,0.0,1.0,0.0,False
LPT-11615.corp.local,1.0,1.0,0.0,0.0,False
WS-10737,7.0,0.0,1.0,2.0,True
lpt-12810,3.0,0.0,1.0,0.0,False
LPT-11369.corp.local,1.0,0.0,0.0,0.0,False
vdr-11817,1.0,0.0,0.0,0.0,False
VDR_10664,1.0,1.0,0.0,0.0,False
LPT_10488,1.0,0.0,0.0,0.0,False
VDR-11853,7.0,2.0,0.0,2.0,True
WS-11715.corp.local,2.0,0.0,0.0,0.0,False
VDR-10300.corp.local,1.0,1.0,0.0,0.0,False
WS-11154,8.0,2.0,0.0,2.0,True
VDR-12945,5.0,2.0,0.0,3.0,True
lpt-10563,1.0,0.0,0.0,0.0,False
vdr-11396,1.0,0.0,0.0,0.0,False
LPT-10463,6.0,4.0,0.0,5.0,True
LPT_10098,1.0,1.0,0.0,0.0,False
VDR_11081,1.0,0.0,0.0,0.0,False
LPT_12907,1.0,0.0,1.0,0.0,False
lpt-12662,1.0,0.0,0.0,0.0,False
vdr-11345,1.0,0.0,0.0,0.0,False
LPT-11751.corp.local,1.0,0.0,0.0,0.0,False
LPT_12772,1.0,1.0,0.0,0.0,False
LPT-12068,4.0,0.0,0.0,1.0,True
vdr-12022,1.0,0.0,0.0,0.0,False
LPT_12207,1.0,1.0,0.0,0.0,False
VDR-11913,10.0,3.0,1.0,0.0,True
VDR_11083,1.0,0.0,0.0,0.0,False
VDR-11794,8.0,2.0,1.0,3.0,True
VDR-12270.corp.local,1.0,0.0,0.0,0.0,False
lpt-12885,3.0,0.0,1.0,0.0,False
ws-11672,2.0,0.0,0.0,0.0,False
lpt-10852,4.0,1.0,0.0,0.0,False
ws-12255,2.0,1.0,0.0,0.0,False
VDR-12624,8.0,1.0,0.0,2.0,True
VDR-10124,8.0,1.0,0.0,2.0,True
VDR-12142,4.0,0.0,1.0,2.0,False
LPT-12202,12.0,1.0,2.0,5.0,True
LPT_12566,1.0,0.0,0.0,0.0,False
WS_12175,1.0,1.0,0.0,0.0,False
LPT-10311,8.0,1.0,3.0,3.0,True
WS-11245.corp.local,1.0,0.0,0.0,0.0,False
LPT_12167,3.0,1.0,0.0,0.0,False
VDR-11400,7.0,1.0,1.0,0.0,True
LPT-10637,3.0,1.0,0.0,7.0,False
LPT-12675,6.0,2.0,0.0,0.0,True
LPT-12252.corp.local,2.0,1.0,0.0,0.0,False
lpt-12768,2.0,0.0,1.0,0.0,False
WS-11041,6.0,1.0,0.0,2.0,True
VDR-10571,3.0,1.0,0.0,3.0,False
LPT-10130.corp.local,2.0,0.0,0.0,0.0,False
VDR-12816,9.0,2.0,1.0,0.0,True
VDR-11811.corp.local,2.0,1.0,1.0,0.0,False
VDR-12330,6.0,4.0,0.0,1.0,True
VDR-11883,2.0,0.0,0.0,2.0,True
WS-11723.,0.0,0.0,0.0,0.0,True
LPT-11123,5.0,0.0,0.0,3.0,True
VDR-11838,5.0,2.0,0.0,2.0,True
WS-11111.corp.local,1.0,0.0,0.0,0.0,False
LPT-11825.corp.local,1.0,0.0,0.0,0.0,False
LPT-11862,7.0,0.0,0.0,7.0,True
VDR-12019.corp.local,2.0,1.0,0.0,0.0,False
ws-11331,2.0,0.0,0.0,0.0,False
VDR-12059.,0.0,0.0,0.0,0.0,True
VDR-12185.corp.local,1.0,1.0,0.0,0.0,False
vdr-11838,2.0,1.0,0.0,0.0,False
LPT-12786,5.0,2.0,1.0,3.0,True
LPT-10678,4.0,1.0,1.0,2.0,True
LPT-12772,4.0,1.0,0.0,1.0,True
lpt-11546,2.0,0.0,0.0,0.0,False
LPT_12584,2.0,0.0,0.0,0.0,False
LPT-11258,5.0,1.0,1.0,6.0,True
ws-10090,1.0,0.0,0.0,0.0,False
LPT-10254,10.0,2.0,1.0,3.0,True
VDR-11996.corp.local,1.0,0.0,0.0,0.0,False
LPT-12303,6.0,2.0,0.0,2.0,True
LPT-10894.corp.local,2.0,1.0,0.0,0.0,False
VDR-12200.corp.local,1.0,0.0,0.0,0.0,False
VDR-12896.,0.0,0.0,0.0,0.0,True
VDR-12543,5.0,1.0,0.0,3.0,True
vdr-10238,1.0,0.0,0.0,0.0,False
VDR-12119,5.0,0.0,0.0,2.0,True
lpt-10114,1.0,0.0,1.0,0.0,False
vdr-12342,1.0,0.0,1.0,0.0,False
WS_10800,3.0,2.0,1.0,0.0,False
ws-12866,2.0,0.0,0.0,0.0,False
LPT-12566.corp.local,3.0,1.0,0.0,0.0,False
WS-11366,12.0,3.0,2.0,3.0,False
WS_12987,1.0,0.0,0.0,0.0,False
VDR-10244.corp.local,1.0,0.0,0.0,0.0,False
VDR-12040,4.0,1.0,0.0,3.0,False
VDR-10761.corp.local,1.0,0.0,0.0,0.0,False
lpt-10345,3.0,0.0,0.0,0.0,False
WS-11342,10.0,3.0,0.0,2.0,True
VDR-12033.corp.local,1.0,1.0,0.0,0.0,False
LPT-11346,3.0,1.0,0.0,6.0,True
WS-10408.corp.local,2.0,1.0,0.0,0.0,False
WS-10307.corp.local,4.0,1.0,0.0,0.0,False
WS-11360.corp.local,1.0,0.0,0.0,0.0,False
VDR-11752,7.0,1.0,1.0,2.0,True
ws-12614,2.0,0.0,0.0,0.0,False
lpt-10321,1.0,1.0,0.0,0.0,False
ws-10564,1.0,1.0,0.0,0.0,False
LPT-12960.corp.local,2.0,1.0,0.0,0.0,False
VDR_11666,2.0,0.0,1.0,0.0,False
lpt-10522,3.0,2.0,0.0,0.0,False
WS-11711,3.0,1.0,1.0,5.0,True
LPT-11438,6.0,2.0,0.0,4.0,True
VDR-11606.corp.local,2.0,0.0,1.0,0.0,False
WS-12930,14.0,4.0,1.0,1.0,True
LPT-10131,9.0,3.0,2.0,1.0,True
VDR-12896.corp.local,1.0,0.0,0.0,0.0,False
LPT-11691.corp.local,1.0,0.0,0.0,0.0,False
LPT_12044,1.0,1.0,0.0,0.0,False
vdr-10502,1.0,1.0,0.0,0.0,False
LPT-11488.corp.local,5.0,2.0,1.0,0.0,False
LPT_12116,1.0,0.0,0.0,0.0,False
lpt-11941,1.0,0.0,0.0,0.0,False
VDR-11273.corp.local,1.0,0.0,0.0,0.0,False
vdr-10342,2.0,0.0,0.0,0.0,False
LPT-10811.corp.local,1.0,0.0,0.0,0.0,False
LPT-12462,6.0,2.0,0.0,3.0,False
VDR-10449.corp.local,1.0,1.0,0.0,0.0,False
WS_10105,1.0,1.0,0.0,0.0,False
LPT-11569,6.0,0.0,0.0,3.0,True
LPT-12920,9.0,4.0,1.0,0.0,True
VDR-10502.corp.local,1.0,0.0,1.0,0.0,False
WS-12236,7.0,1.0,0.0,2.0,True
WS-11456,6.0,0.0,1.0,2.0,True
vdr-10732,1.0,0.0,1.0,0.0,False
lpt-12708,2.0,0.0,0.0,0.0,False
WS-12125,6.0,4.0,2.0,1.0,True
VDR-10724,5.0,3.0,0.0,3.0,True
WS-10730,10.0,4.0,3.0,1.0,True
WS-10602,8.0,2.0,0.0,2.0,True
WS-11000,6.0,3.0,0.0,2.0,True
lpt-12506,1.0,0.0,0.0,0.0,False
ws-12172,4.0,0.0,0.0,0.0,False
WS-11044,11.0,2.0,1.0,1.0,True
LPT-12182.,0.0,0.0,0.0,0.0,True
WS-11967,8.0,3.0,1.0,1.0,True
LPT-11184.corp.local,1.0,1.0,0.0,0.0,False
VDR-10830.corp.local,1.0,0.0,0.0,0.0,False
vdr-11703,2.0,0.0,0.0,0.0,False
lpt-10581,1.0,0.0,0.0,0.0,False
vdr-12646,1.0,0.0,0.0,0.0,False
LPT-11561,4.0,0.0,1.0,1.0,False
vdr-12152,1.0,0.0,0.0,0.0,False
VDR-10846,5.0,3.0,1.0,1.0,True
VDR-11910,5.0,1.0,2.0,1.0,False
VDR-12488.corp.local,2.0,1.0,0.0,0.0,False
lpt-12689,2.0,1.0,0.0,0.0,False
VDR-11748,6.0,1.0,1.0,3.0,True
VDR-12568.corp.local,1.0,1.0,0.0,0.0,False
WS_10564,3.0,0.0,0.0,0.0,False
vdr-11090,1.0,0.0,0.0,0.0,False
LPT-10364,5.0,0.0,0.0,0.0,True
LPT-12322.,0.0,0.0,0.0,0.0,True
VDR_10698,1.0,0.0,0.0,0.0,False
VDR_12663,2.0,1.0,0.0,0.0,False
LPT-11673,4.0,2.0,0.0,1.0,True
vdr-10680,4.0,0.0,0.0,0.0,False
ws-12344,1.0,0.0,0.0,0.0,False
LPT_12670,1.0,1.0,0.0,0.0,False
VDR-10536,5.0,1.0,0.0,4.0,True
VDR-10801,5.0,2.0,1.0,3.0,False
ws-11760,1.0,0.0,0.0,0.0,False
ws-12833,4.0,1.0,0.0,0.0,False
VDR-12137.corp.local,1.0,1.0,0.0,0.0,False
VDR-10499,2.0,0.0,0.0,2.0,True
LPT-11438.corp.local,1.0,1.0,0.0,0.0,False
LPT-11926.corp.local,1.0,0.0,0.0,0.0,False
LPT_11321,1.0,0.0,0.0,0.0,False
WS-12931,7.0,1.0,0.0,3.0,False
WS-10812,14.0,1.0,1.0,1.0,True
vdr-11327,6.0,1.0,1.0,0.0,False
lpt-11751,2.0,1.0,1.0,0.0,False
LPT-11685.corp.local,1.0,0.0,0.0,0.0,False
WS_11613,1.0,1.0,0.0,0.0,False
VDR-11811.,0.0,0.0,0.0,0.0,True
LPT_11528,1.0,0.0,0.0,0.0,False
WS-12031.corp.local,2.0,0.0,0.0,0.0,False
VDR-12579,5.0,2.0,0.0,4.0,True
LPT_11478,4.0,1.0,1.0,0.0,False
VDR_11155,1.0,0.0,0.0,0.0,False
LPT-10107.corp.local,2.0,0.0,0.0,0.0,False
LPT-12301.corp.local,3.0,0.0,0.0,0.0,False
VDR-12005,9.0,2.0,1.0,4.0,True
VDR_10689,2.0,1.0,1.0,0.0,False
VDR-11731.corp.local,1.0,0.0,0.0,0.0,False
LPT-11235.corp.local,2.0,0.0,0.0,0.0,False
LPT_11561,1.0,1.0,0.0,0.0,False
LPT-10775,6.0,0.0,0.0,2.0,True
WS-12047.corp.local,4.0,3.0,0.0,0.0,False
lpt-10976,1.0,0.0,1.0,0.0,False
VDR-11596,10.0,3.0,0.0,1.0,True
lpt-10076,2.0,0.0,1.0,0.0,False
WS-10506,8.0,2.0,1.0,2.0,True
LPT_11178,1.0,0.0,0.0,0.0,False
WS-10505,6.0,1.0,2.0,3.0,True
LPT-12133,7.0,2.0,1.0,2.0,True
LPT-11614,7.0,1.0,2.0,2.0,True
WS-10726,6.0,0.0,1.0,3.0,True
VDR-12692,5.0,1.0,1.0,2.0,True
WS-10399,11.0,2.0,0.0,1.0,True
ws-12846,3.0,0.0,0.0,0.0,False
WS-10749,6.0,0.0,0.0,3.0,True
WS-10832,11.0,2.0,1.0,4.0,True
WS-11422.corp.local,1.0,0.0,0.0,0.0,False
VDR-12646.corp.local,3.0,0.0,0.0,0.0,False
VDR-12740,7.0,1.0,0.0,2.0,True
WS-12559.corp.local,1.0,1.0,0.0,0.0,False
WS-11026,3.0,0.0,0.0,2.0,True
LPT-11052.corp.local,1.0,0.0,0.0,0.0,False
WS-11020,9.0,4.0,0.0,2.0,True
LPT-10375.corp.local,1.0,0.0,0.0,0.0,False
LPT-10989,10.0,4.0,1.0,1.0,False
vdr-12825,2.0,0.0,0.0,0.0,False
ws-12745,1.0,0.0,0.0,0.0,False
WS-11186.,0.0,0.0,0.0,0.0,True
LPT-12575.,0.0,0.0,0.0,0.0,True
WS_11535,1.0,0.0,0.0,0.0,False
WS-11915,8.0,1.0,0.0,2.0,True
ws-11621,1.0,0.0,1.0,0.0,False
LPT-10447.corp.local,1.0,0.0,0.0,0.0,False
ws-12283,2.0,0.0,1.0,0.0,False
LPT-10424,11.0,5.0,1.0,2.0,True
VDR-10907,5.0,2.0,1.0,3.0,False
WS-11043,6.0,5.0,0.0,1.0,False
VDR_10923,1.0,1.0,0.0,0.0,False
VDR-10795,6.0,3.0,1.0,2.0,True
VDR-10611.corp.local,1.0,0.0,0.0,0.0,False
WS_11905,1.0,0.0,0.0,0.0,False
VDR-10597,2.0,0.0,0.0,6.0,True
VDR-12781.corp.local,2.0,2.0,0.0,0.0,False
VDR-12212,10.0,4.0,1.0,1.0,True
WS-11944,7.0,1.0,1.0,2.0,True
VDR_11082,1.0,0.0,0.0,0.0,False
WS-12035,8.0,4.0,0.0,1.0,False
ws-12794,1.0,1.0,1.0,0.0,False
lpt-10055,2.0,0.0,0.0,0.0,False
LPT-11824,11.0,3.0,1.0,4.0,True
LPT_12524,1.0,1.0,0.0,0.0,False
LPT-11050,6.0,2.0,0.0,4.0,False
VDR_11413,1.0,1.0,0.0,0.0,False
lpt-11869,1.0,0.0,0.0,0.0,False
VDR-11306.corp.local,2.0,1.0,0.0,0.0,False
VDR-10244,4.0,1.0,0.0,3.0,False
VDR_11653,1.0,0.0,0.0,0.0,False
ws-12981,1.0,1.0,0.0,0.0,False
LPT-12315,11.0,4.0,1.0,2.0,True
ws-11879,1.0,0.0,0.0,0.0,False
LPT_12743,1.0,0.0,0.0,0.0,False
WS-12828.corp.local,1.0,0.0,0.0,0.0,False
WS-11347.corp.local,1.0,0.0,0.0,0.0,False
vdr-10110,2.0,1.0,1.0,0.0,False
WS-11553.,0.0,0.0,0.0,0.0,True
lpt-11903,1.0,0.0,0.0,0.0,False
WS-12219.corp.local,3.0,0.0,1.0,0.0,False
VDR-11412.corp.local,2.0,0.0,0.0,0.0,False
vdr-12568,3.0,0.0,0.0,0.0,False
LPT_12069,1.0,0.0,0.0,0.0,False
WS-11137,8.0,3.0,0.0,1.0,True
lpt-11635,1.0,0.0,1.0,0.0,False
ws-11355,2.0,1.0,0.0,0.0,False
VDR-11433,8.0,2.0,1.0,6.0,False
LPT-11212,7.0,1.0,0.0,3.0,True
LPT-11741,5.0,1.0,1.0,2.0,True
ws-11864,3.0,2.0,0.0,0.0,False
vdr-11087,2.0,1.0,0.0,0.0,False
LPT-11162.corp.local,1.0,0.0,0.0,0.0,False
LPT-10420.corp.local,2.0,1.0,1.0,0.0,False
WS_11849,1.0,0.0,0.0,0.0,False
WS-11915.corp.local,3.0,0.0,0.0,0.0,False
WS-11218,5.0,1.0,0.0,4.0,True
WS-10023.corp.local,2.0,2.0,0.0,0.0,False
LPT-12029,12.0,4.0,0.0,0.0,True
VDR-10326,3.0,1.0,0.0,1.0,True
ws-10213,2.0,0.0,0.0,0.0,False
WS-10803.corp.local,3.0,1.0,0.0,0.0,False
lpt-11457,1.0,0.0,0.0,0.0,False
lpt-10441,1.0,0.0,0.0,0.0,False
VDR-11251,7.0,0.0,2.0,1.0,False
WS-11756.corp.local,4.0,0.0,0.0,0.0,False
LPT-12004,9.0,0.0,0.0,0.0,True
ws-12935,1.0,0.0,0.0,0.0,False
WS-10794,8.0,1.0,1.0,4.0,True
ws-11049,1.0,1.0,0.0,0.0,False
VDR-11779.corp.local,2.0,1.0,0.0,0.0,False
LPT_12294,1.0,0.0,0.0,0.0,False
WS-11520,12.0,2.0,1.0,3.0,True
LPT-11716,10.0,1.0,2.0,3.0,False
VDR-11596.corp.local,2.0,1.0,0.0,0.0,False
lpt-12787,2.0,1.0,0.0,0.0,False
WS_10039,2.0,0.0,0.0,0.0,False
vdr-10947,1.0,0.0,0.0,0.0,False
LPT-10894,4.0,2.0,0.0,2.0,True
LPT-11116.corp.local,2.0,0.0,0.0,0.0,False
vdr-10622,2.0,1.0,1.0,0.0,False
WS-10242,10.0,2.0,0.0,1.0,True
LPT-12831.corp.local,2.0,1.0,0.0,0.0,False
WS-12726,10.0,1.0,3.0,2.0,True
WS-12952,5.0,0.0,1.0,0.0,True
LPT-12708.,0.0,0.0,0.0,0.0,True
vdr-12875,1.0,0.0,0.0,0.0,False
WS-10915,3.0,0.0,0.0,1.0,True
lpt-11149,1.0,0.0,0.0,0.0,False
VDR-10193,9.0,1.0,0.0,2.0,True
vdr-12156,3.0,0.0,0.0,0.0,False
WS_11851,1.0,0.0,0.0,0.0,False
LPT_11701,1.0,0.0,0.0,0.0,False
VDR-12173.,0.0,0.0,0.0,0.0,True
lpt-12203,2.0,0.0,1.0,0.0,False
ws-11384,1.0,1.0,0.0,0.0,False
lpt-12528,2.0,0.0,0.0,0.0,False
LPT-12205,6.0,1.0,0.0,1.0,True
vdr-10869,1.0,0.0,0.0,0.0,False
LPT-10094,4.0,1.0,0.0,4.0,True
WS-11203.corp.local,1.0,0.0,0.0,0.0,False
VDR-11509,7.0,1.0,2.0,1.0,True
LPT-11616,8.0,2.0,0.0,2.0,False
ws-11699,1.0,0.0,0.0,0.0,False
VDR-11012.corp.local,1.0,1.0,0.0,0.0,False
vdr-12243,2.0,0.0,0.0,0.0,False
VDR-12894,9.0,4.0,1.0,2.0,True
vdr-11495,1.0,0.0,0.0,0.0,False
VDR-12222.corp.local,2.0,2.0,1.0,0.0,False
LPT-12990.corp.local,1.0,0.0,0.0,0.0,False
LPT-10854,10.0,3.0,1.0,3.0,True
VDR-10017.corp.local,2.0,1.0,0.0,0.0,False
WS-11538,8.0,2.0,0.0,5.0,True
WS-10195.corp.local,1.0,0.0,0.0,0.0,False
LPT-12354,5.0,2.0,0.0,4.0,True
LPT_11181,1.0,0.0,0.0,0.0,False
vdr-12883,2.0,0.0,0.0,0.0,False
WS-10574.corp.local,1.0,0.0,0.0,0.0,False
LPT_11920,1.0,0.0,0.0,0.0,False
WS-11738,10.0,1.0,2.0,1.0,True
VDR_11404,1.0,0.0,0.0,0.0,False
ws-12195,2.0,1.0,0.0,0.0,False
VDR-12656.corp.local,2.0,1.0,0.0,0.0,False
WS-12793.corp.local,1.0,1.0,0.0,0.0,False
VDR-11277,5.0,0.0,0.0,0.0,True
WS_10803,1.0,0.0,0.0,0.0,False
lpt-11027,1.0,0.0,0.0,0.0,False
VDR-11007,9.0,5.0,0.0,3.0,True
lpt-10120,2.0,1.0,0.0,0.0,False
WS_10301,1.0,0.0,0.0,0.0,False
lpt-12196,1.0,0.0,0.0,0.0,False
WS-10964,5.0,1.0,1.0,1.0,True
WS-12390,9.0,2.0,1.0,2.0,True
LPT-12927.corp.local,1.0,0.0,0.0,0.0,False
lpt-11862,1.0,0.0,0.0,0.0,False
VDR_11600,1.0,1.0,0.0,0.0,False
VDR_10343,1.0,0.0,0.0,0.0,False
lpt-11238,1.0,0.0,0.0,0.0,False
WS-11323,5.0,0.0,0.0,2.0,False
VDR_10693,1.0,0.0,0.0,0.0,False
vdr-12647,1.0,0.0,0.0,0.0,False
LPT_12301,1.0,0.0,0.0,0.0,False
VDR-11964,8.0,0.0,1.0,3.0,True
lpt-12408,3.0,0.0,0.0,0.0,False
WS_12912,3.0,2.0,0.0,0.0,False
LPT-11875,7.0,2.0,1.0,4.0,True
vdr-10588,1.0,1.0,0.0,0.0,False
WS-11648,7.0,1.0,0.0,3.0,True
VDR-10960,6.0,2.0,1.0,4.0,True
VDR-12971.corp.local,1.0,0.0,0.0,0.0,False
LPT_11744,2.0,1.0,0.0,0.0,False
WS_12472,1.0,1.0,0.0,0.0,False
VDR-12023,5.0,1.0,2.0,4.0,False
vdr-10638,4.0,0.0,0.0,0.0,False
LPT_10094,2.0,0.0,0.0,0.0,False
LPT-11288,8.0,2.0,0.0,2.0,True
lpt-10728,1.0,0.0,0.0,0.0,False
ws-11141,2.0,0.0,0.0,0.0,False
lpt-12144,1.0,0.0,0.0,0.0,False
lpt-10197,4.0,1.0,0.0,0.0,False
WS-12050,6.0,1.0,0.0,3.0,False
lpt-12743,1.0,1.0,0.0,0.0,False
VDR-12577.,0.0,0.0,0.0,0.0,True
WS-12794,9.0,2.0,1.0,3.0,True
WS-10228,8.0,3.0,1.0,3.0,True
WS_12037,3.0,1.0,0.0,0.0,False
WS-10739,4.0,1.0,0.0,3.0,True
lpt-12796,2.0,0.0,0.0,0.0,False
LPT-12530.corp.local,1.0,0.0,0.0,0.0,False
vdr-12577,1.0,1.0,0.0,0.0,False
lpt-12582,1.0,1.0,1.0,0.0,False
ws-10809,3.0,0.0,0.0,0.0,False
lpt-11183,1.0,0.0,0.0,0.0,False
WS-10074,7.0,2.0,1.0,0.0,True
lpt-10815,4.0,0.0,1.0,0.0,False
LPT_11740,1.0,0.0,0.0,0.0,False
ws-10908,1.0,1.0,0.0,0.0,False
WS-12062.corp.local,1.0,1.0,0.0,0.0,False
LPT-12524,6.0,1.0,1.0,0.0,False
VDR-10240,7.0,3.0,2.0,1.0,True
LPT_11831,1.0,0.0,1.0,0.0,False
VDR-10024.corp.local,2.0,1.0,0.0,0.0,False
WS-12887.corp.local,1.0,1.0,0.0,0.0,False
lpt-11744,1.0,1.0,1.0,0.0,False
WS-10288.corp.local,2.0,1.0,0.0,0.0,False
LPT-12158.corp.local,2.0,0.0,0.0,0.0,False
ws-10442,1.0,0.0,0.0,0.0,False
VDR-12310,5.0,0.0,0.0,4.0,True
vdr-10035,1.0,0.0,0.0,0.0,False
WS-11372.corp.local,2.0,1.0,0.0,0.0,False
VDR-10510.corp.local,3.0,2.0,0.0,0.0,False
vdr-10658,2.0,1.0,0.0,0.0,False
VDR-12313,5.0,3.0,1.0,2.0,True
WS_12605,2.0,0.0,0.0,0.0,False
WS-12067.corp.local,1.0,0.0,0.0,0.0,False
LPT-10651.corp.local,2.0,0.0,0.0,0.0,False
ws-11172,1.0,0.0,0.0,0.0,False
WS-12097.corp.local,3.0,1.0,0.0,0.0,False
WS_12365,1.0,0.0,0.0,0.0,False
WS-10579,10.0,2.0,1.0,3.0,False
VDR-11279,6.0,2.0,2.0,5.0,True
ws-12117,1.0,0.0,0.0,0.0,False
LPT-12049.corp.local,1.0,1.0,1.0,0.0,False
LPT-11131,7.0,0.0,0.0,0.0,False
LPT-10639,6.0,1.0,1.0,3.0,True
vdr-11510,2.0,0.0,0.0,0.0,False
VDR-11210,7.0,2.0,0.0,7.0,True
WS_12409,1.0,0.0,0.0,0.0,False
WS_12454,1.0,0.0,0.0,0.0,False
WS-10826,7.0,2.0,0.0,2.0,True
LPT-12088.corp.local,1.0,0.0,0.0,0.0,False
LPT-11741.corp.local,2.0,1.0,1.0,0.0,False
WS-12359,2.0,0.0,0.0,1.0,True
vdr-10966,4.0,1.0,0.0,0.0,False
WS-12912.corp.local,2.0,2.0,0.0,0.0,False
WS-12213,6.0,0.0,0.0,4.0,False
lpt-12621,1.0,0.0,0.0,0.0,False
LPT_10972,3.0,0.0,0.0,0.0,False
WS-11120.corp.local,1.0,0.0,0.0,0.0,False
WS-12680,5.0,2.0,0.0,2.0,True
WS-10760,6.0,2.0,0.0,1.0,True
VDR_11096,1.0,1.0,0.0,0.0,False
WS_12327,1.0,0.0,0.0,0.0,False
vdr-12127,3.0,0.0,0.0,0.0,False
vdr-12880,2.0,0.0,0.0,0.0,False
VDR-10592,8.0,1.0,0.0,4.0,True
WS-11719,7.0,0.0,0.0,1.0,True
VDR-10019,9.0,1.0,2.0,4.0,False
LPT-11340.corp.local,1.0,0.0,0.0,0.0,False
VDR-12590,7.0,2.0,4.0,1.0,False
vdr-10499,3.0,1.0,0.0,0.0,False
VDR-12420,11.0,0.0,3.0,2.0,True
ws-10461,1.0,0.0,0.0,0.0,False
WS_12744,1.0,0.0,0.0,0.0,False
lpt-11300,1.0,0.0,0.0,0.0,False
ws-10933,1.0,0.0,0.0,0.0,False
VDR-10519,6.0,2.0,0.0,3.0,True
ws-12686,1.0,0.0,0.0,0.0,False
WS-11331,6.0,2.0,0.0,3.0,True
WS-11893,6.0,0.0,0.0,0.0,True
lpt-11984,3.0,0.0,0.0,0.0,False
WS_11865,2.0,0.0,0.0,0.0,False
VDR-12302.corp.local,1.0,0.0,0.0,0.0,False
vdr-12019,2.0,1.0,0.0,0.0,False
LPT-11678.corp.local,1.0,0.0,0.0,0.0,False
WS-12018.corp.local,1.0,0.0,0.0,0.0,False
LPT-12505,6.0,2.0,1.0,2.0,True
WS_10232,1.0,0.0,0.0,0.0,False
WS-12244.,0.0,0.0,0.0,0.0,True
vdr-12353,1.0,1.0,0.0,0.0,False
LPT-11274,8.0,3.0,1.0,1.0,True
WS_12556,1.0,0.0,0.0,0.0,False
LPT-10963.,0.0,0.0,0.0,0.0,True
vdr-10249,1.0,0.0,0.0,0.0,False
lpt-12260,3.0,0.0,1.0,0.0,False
vdr-10386,2.0,0.0,0.0,0.0,False
VDR-12150.corp.local,1.0,0.0,0.0,0.0,False
VDR_10158,1.0,1.0,0.0,0.0,False
VDR-10293,4.0,1.0,0.0,2.0,True
LPT_10390,2.0,0.0,0.0,0.0,False
VDR-10340,5.0,1.0,0.0,1.0,True
vdr-12237,2.0,1.0,0.0,0.0,False
lpt-11180,1.0,0.0,0.0,0.0,False
LPT-10107,5.0,3.0,0.0,0.0,True
VDR-11136.corp.local,1.0,0.0,0.0,0.0,False
lpt-10719,1.0,0.0,0.0,0.0,False
LPT-12271,7.0,1.0,2.0,2.0,True
LPT-11919.corp.local,1.0,1.0,0.0,0.0,False
WS-11988.corp.local,1.0,1.0,0.0,0.0,False
WS-11743,8.0,3.0,0.0,0.0,True
WS-10392.corp.local,3.0,0.0,0.0,0.0,False
LPT-10520,8.0,1.0,2.0,2.0,True
lpt-10862,2.0,0.0,0.0,0.0,False
vdr-12191,1.0,1.0,0.0,0.0,False
WS-12923,8.0,2.0,1.0,2.0,True
WS-11469.corp.local,2.0,0.0,0.0,0.0,False
ws-11540,1.0,0.0,0.0,0.0,False
VDR-11754,7.0,3.0,1.0,4.0,True
WS-12827,10.0,2.0,0.0,4.0,True
lpt-11615,1.0,0.0,0.0,0.0,False
VDR-11817,10.0,3.0,1.0,4.0,True
VDR-12811,11.0,3.0,2.0,0.0,True
lpt-12053,1.0,1.0,1.0,0.0,False
VDR_12577,3.0,1.0,0.0,0.0,False
WS-11612,4.0,0.0,0.0,4.0,True
VDR_12934,2.0,1.0,0.0,0.0,False
VDR-11144.,0.0,0.0,0.0,0.0,True
VDR-11592.corp.local,1.0,0.0,0.0,0.0,False
LPT-11140.corp.local,2.0,0.0,0.0,0.0,False
lpt-11755,1.0,0.0,0.0,0.0,False
VDR-10251,5.0,2.0,0.0,4.0,True
WS-11293,4.0,1.0,0.0,2.0,True
LPT-12186,6.0,2.0,0.0,4.0,False
vdr-10792,2.0,0.0,0.0,0.0,False
LPT-11572,6.0,0.0,0.0,2.0,True
WS_11380,1.0,1.0,0.0,0.0,False
VDR-12013,5.0,1.0,0.0,3.0,True
WS-12589,7.0,3.0,0.0,5.0,True
LPT-11457,5.0,0.0,0.0,0.0,True
LPT-11376.,0.0,0.0,0.0,0.0,True
LPT-11956.corp.local,1.0,0.0,0.0,0.0,False
LPT-12010,5.0,1.0,0.0,0.0,True
VDR_12896,2.0,0.0,0.0,0.0,False
LPT_10021,1.0,0.0,0.0,0.0,False
VDR-12021,8.0,0.0,0.0,2.0,True
ws-10868,2.0,0.0,0.0,0.0,False
vdr-10474,3.0,0.0,1.0,0.0,False
lpt-12046,1.0,0.0,1.0,0.0,False
VDR-12198,8.0,2.0,3.0,1.0,True
lpt-12494,1.0,1.0,1.0,0.0,False
LPT-11880.corp.local,1.0,0.0,0.0,0.0,False
VDR-10917,8.0,2.0,2.0,4.0,True
VDR-12949,5.0,1.0,0.0,5.0,True
WS_12230,1.0,0.0,0.0,0.0,False
VDR-12844,5.0,1.0,2.0,2.0,True
VDR-12130,12.0,4.0,3.0,0.0,True
lpt-10921,3.0,0.0,0.0,0.0,False
LPT-10441,5.0,4.0,1.0,2.0,True
lpt-10616,1.0,0.0,0.0,0.0,False
WS_10264,1.0,0.0,0.0,0.0,False
WS-10379.corp.local,1.0,0.0,0.0,0.0,False
LPT_10001,1.0,0.0,1.0,0.0,False
WS-10518.corp.local,1.0,1.0,0.0,0.0,False
WS-10134,7.0,0.0,0.0,3.0,False
lpt-10439,1.0,0.0,0.0,0.0,False
LPT_12766,1.0,1.0,0.0,0.0,False
LPT-10198,8.0,1.0,0.0,2.0,True
lpt-10003,1.0,0.0,0.0,0.0,False
VDR-10608.corp.local,1.0,0.0,0.0,0.0,False
ws-12179,2.0,0.0,0.0,0.0,False
LPT-11638.corp.local,1.0,0.0,0.0,0.0,False
ws-12176,1.0,1.0,0.0,0.0,False
VDR-11338,13.0,2.0,1.0,4.0,True
VDR_11731,1.0,0.0,1.0,0.0,False
WS-11844,8.0,2.0,0.0,1.0,True
ws-11598,3.0,0.0,0.0,0.0,False
lpt-12871,2.0,0.0,0.0,0.0,False
WS-12327,8.0,1.0,1.0,3.0,True
LPT-12249,5.0,0.0,0.0,2.0,True
vdr-12638,2.0,1.0,0.0,0.0,False
WS_10445,1.0,0.0,1.0,0.0,False
LPT-10013,5.0,1.0,0.0,2.0,True
WS-10707,6.0,4.0,1.0,3.0,True
WS-11723,9.0,3.0,1.0,2.0,False
LPT-11156.corp.local,1.0,0.0,0.0,0.0,False
LPT-10092,6.0,2.0,0.0,3.0,True
VDR-11549.,0.0,0.0,0.0,0.0,True
lpt-12995,1.0,0.0,0.0,0.0,False
VDR-12437,13.0,4.0,0.0,3.0,False
VDR-11189,7.0,1.0,1.0,0.0,True
WS-10512,10.0,1.0,2.0,1.0,True
LPT-11813,6.0,2.0,0.0,4.0,True
VDR-12602,6.0,1.0,0.0,5.0,True
LPT-12144,9.0,2.0,0.0,1.0,True
VDR_10765,1.0,0.0,1.0,0.0,False
LPT-11246,10.0,3.0,1.0,6.0,True
lpt-10525,1.0,0.0,0.0,0.0,False
lpt-11701,2.0,1.0,0.0,0.0,False
LPT-12921,11.0,1.0,2.0,4.0,True
WS_11361,1.0,0.0,0.0,0.0,False
LPT-12587.,0.0,0.0,0.0,0.0,True
WS_10695,1.0,0.0,0.0,0.0,False
vdr-10454,2.0,0.0,0.0,0.0,False
WS-10926,7.0,1.0,1.0,2.0,True
LPT-12826.corp.local,1.0,0.0,0.0,0.0,False
WS-10819,4.0,0.0,0.0,3.0,True
LPT-12955.corp.local,1.0,0.0,0.0,0.0,False
vdr-12676,1.0,0.0,0.0,0.0,False
lpt-10872,3.0,0.0,0.0,0.0,False
WS-11039,8.0,2.0,2.0,3.0,True
WS-12232.corp.local,1.0,1.0,0.0,0.0,False
lpt-12300,2.0,0.0,0.0,0.0,False
vdr-10158,3.0,0.0,0.0,0.0,False
vdr-10562,2.0,1.0,0.0,0.0,False
WS-10433,8.0,0.0,0.0,4.0,False
VDR-12369,6.0,0.0,1.0,2.0,True
vdr-12869,2.0,1.0,0.0,0.0,False
VDR-10248,10.0,2.0,2.0,3.0,True
VDR_12367,2.0,0.0,0.0,0.0,False
WS_10606,2.0,1.0,0.0,0.0,False
VDR-10018,5.0,1.0,1.0,1.0,True
WS-10878,7.0,2.0,1.0,7.0,True
LPT-12617.corp.local,1.0,0.0,0.0,0.0,False
WS-12559,4.0,0.0,0.0,2.0,True
WS-11895,6.0,0.0,0.0,3.0,True
LPT-10516,7.0,1.0,1.0,2.0,True
VDR-10421,4.0,0.0,0.0,4.0,False
WS-11481,2.0,1.0,0.0,1.0,True
WS-10175,10.0,1.0,2.0,4.0,True
VDR-12770,5.0,1.0,0.0,2.0,True
LPT-12366.,0.0,0.0,0.0,0.0,True
LPT_11281,1.0,0.0,0.0,0.0,False
VDR-10735,8.0,1.0,0.0,2.0,True
LPT-12831,4.0,2.0,1.0,2.0,True
ws-10518,2.0,1.0,0.0,0.0,False
WS-10508,5.0,1.0,0.0,2.0,True
WS_11464,1.0,1.0,0.0,0.0,False
WS-10105,6.0,2.0,0.0,3.0,True
LPT-11478,8.0,4.0,1.0,1.0,True
lpt-11161,2.0,0.0,0.0,0.0,False
WS-12938,4.0,0.0,0.0,3.0,True
ws-12454,2.0,2.0,0.0,0.0,False
LPT_10920,2.0,0.0,0.0,0.0,False
WS_10888,1.0,0.0,0.0,0.0,False
VDR_12405,1.0,0.0,0.0,0.0,False
lpt-11775,1.0,0.0,0.0,0.0,False
WS-11867,5.0,1.0,0.0,4.0,True
WS_11711,1.0,0.0,0.0,0.0,False
VDR-11532,7.0,0.0,0.0,1.0,True
VDR-10542,9.0,2.0,0.0,4.0,True
LPT-10748,5.0,0.0,0.0,0.0,True
LPT-12651.corp.local,1.0,0.0,0.0,0.0,False
VDR-12997.corp.local,1.0,0.0,0.0,0.0,False
LPT-11259,8.0,3.0,1.0,1.0,False
LPT-12683.corp.local,1.0,1.0,0.0,0.0,False
lpt-12377,2.0,0.0,0.0,0.0,False
WS-11435,7.0,1.0,1.0,2.0,False
VDR-12706.corp.local,1.0,1.0,0.0,0.0,False
WS-11463,5.0,2.0,0.0,2.0,True
VDR-12917,6.0,1.0,1.0,3.0,True
VDR-10701.corp.local,1.0,0.0,0.0,0.0,False
LPT-11023,4.0,3.0,0.0,1.0,True
lpt-11097,2.0,0.0,0.0,0.0,False
WS_12870,2.0,2.0,0.0,0.0,False
VDR-10910,7.0,1.0,0.0,1.0,False
lpt-10894,1.0,0.0,0.0,0.0,False
ws-10707,2.0,0.0,0.0,0.0,False
WS-12047,9.0,2.0,1.0,1.0,True
LPT_11884,1.0,0.0,0.0,0.0,False
vdr-10929,1.0,0.0,0.0,0.0,False
WS_10252,2.0,0.0,0.0,0.0,False
vdr-11618,2.0,1.0,0.0,0.0,False
WS_11799,1.0,0.0,0.0,0.0,False
WS-11545,5.0,1.0,1.0,4.0,True
LPT_11887,1.0,0.0,0.0,0.0,False
WS_11766,2.0,0.0,0.0,0.0,False
WS-11868,3.0,2.0,0.0,0.0,True
ws-10252,1.0,0.0,0.0,0.0,False
vdr-12325,2.0,2.0,0.0,0.0,False
LPT_12399,1.0,0.0,0.0,0.0,False
VDR_12770,1.0,0.0,1.0,0.0,False
VDR-11007.corp.local,1.0,0.0,0.0,0.0,False
ws-12418,1.0,0.0,0.0,0.0,False
vdr-10550,1.0,0.0,0.0,0.0,False
VDR_12982,1.0,0.0,0.0,0.0,False
vdr-11102,1.0,0.0,0.0,0.0,False
VDR_11853,1.0,1.0,0.0,0.0,False
WS-11456.corp.local,1.0,0.0,0.0,0.0,False
vdr-12859,2.0,0.0,0.0,0.0,False
LPT-11685,3.0,0.0,0.0,0.0,True
ws-12878,1.0,1.0,0.0,0.0,False
VDR-11943,6.0,1.0,1.0,5.0,True
LPT-10619.corp.local,1.0,0.0,0.0,0.0,False
VDR-11587,7.0,1.0,1.0,2.0,True
LPT-12227,12.0,4.0,0.0,1.0,True
ws-10128,1.0,1.0,0.0,0.0,False
WS-12082.corp.local,1.0,1.0,0.0,0.0,False
VDR-11378,2.0,0.0,0.0,3.0,True
lpt-10685,1.0,0.0,0.0,0.0,False
LPT-10989.,0.0,0.0,0.0,0.0,True
vdr-10086,1.0,1.0,0.0,0.0,False
VDR-12333,14.0,3.0,0.0,2.0,True
WS-11441.corp.local,3.0,1.0,0.0,0.0,False
WS-10844,5.0,0.0,1.0,2.0,False
WS-10091,6.0,2.0,1.0,2.0,True
LPT-10446,3.0,0.0,0.0,1.0,True
LPT-12056,5.0,1.0,1.0,1.0,True
LPT-10451,7.0,3.0,0.0,1.0,True
LPT-10373,10.0,1.0,0.0,0.0,True
VDR_10296,2.0,0.0,0.0,0.0,False
LPT-11234,6.0,1.0,0.0,6.0,True
vdr-12777,1.0,0.0,1.0,0.0,False
LPT_11917,1.0,1.0,0.0,0.0,False
LPT-12432,12.0,1.0,0.0,5.0,True
WS-11104.corp.local,1.0,1.0,0.0,0.0,False
lpt-10771,1.0,0.0,0.0,0.0,False
WS-10253,3.0,0.0,0.0,2.0,True
WS-12555,9.0,2.0,0.0,3.0,True
WS-12387,10.0,3.0,1.0,3.0,True
LPT-12024,7.0,0.0,0.0,2.0,True
LPT-11714,4.0,2.0,0.0,5.0,True
LPT-11333,10.0,2.0,0.0,2.0,False
LPT-11616.,0.0,0.0,0.0,0.0,True
VDR-10249,5.0,0.0,0.0,3.0,True
VDR-11388,10.0,4.0,0.0,3.0,False
lpt-11998,3.0,0.0,0.0,0.0,False
WS_12802,2.0,0.0,0.0,0.0,False
WS-11959,1.0,1.0,0.0,5.0,True
WS-11064,5.0,1.0,1.0,1.0,True
LPT-10441.corp.local,1.0,0.0,0.0,0.0,False
WS_12018,2.0,1.0,2.0,0.0,False
LPT-12268,8.0,2.0,0.0,5.0,True
VDR_12455,1.0,0.0,0.0,0.0,False
VDR-11273,7.0,1.0,0.0,1.0,True
VDR-10135,5.0,2.0,0.0,3.0,True
ws-12988,2.0,1.0,0.0,0.0,False
LPT-10475.,0.0,0.0,0.0,0.0,True
WS-12987,3.0,1.0,0.0,2.0,True
VDR_11596,1.0,0.0,0.0,0.0,False
VDR-12159,8.0,2.0,0.0,0.0,True
lpt-11246,2.0,0.0,0.0,0.0,False
LPT-11668.,0.0,0.0,0.0,0.0,True
ws-12851,2.0,1.0,0.0,0.0,False
ws-10832,1.0,0.0,0.0,0.0,False
VDR-12185,9.0,1.0,1.0,0.0,True
WS-11233,6.0,1.0,1.0,4.0,True
LPT-12636,10.0,1.0,0.0,5.0,True
lpt-11990,2.0,1.0,0.0,0.0,False
LPT-11755,8.0,2.0,1.0,5.0,True
WS-12306,4.0,2.0,0.0,1.0,True
VDR-10072,3.0,1.0,0.0,2.0,True
WS-12118.corp.local,2.0,0.0,0.0,0.0,False
lpt-12289,1.0,0.0,0.0,0.0,False
vdr-11339,2.0,0.0,1.0,0.0,False
VDR-11213,6.0,0.0,0.0,1.0,True
VDR-10167,13.0,3.0,1.0,1.0,True
ws-11860,1.0,0.0,0.0,0.0,False
ws-11850,3.0,1.0,0.0,0.0,False
WS-12449.corp.local,1.0,1.0,0.0,0.0,False
ws-12274,1.0,0.0,0.0,0.0,False
LPT-12578.corp.local,1.0,0.0,0.0,0.0,False
lpt-10821,1.0,1.0,0.0,0.0,False
ws-10629,2.0,0.0,0.0,0.0,False
WS_11218,1.0,0.0,0.0,0.0,False
WS-12930.corp.local,2.0,1.0,0.0,0.0,False
WS-11018.corp.local,1.0,0.0,0.0,0.0,False
LPT_12004,1.0,0.0,0.0,0.0,False
vdr-11413,2.0,0.0,1.0,0.0,False
WS-10836,10.0,4.0,0.0,1.0,False
vdr-11130,1.0,0.0,1.0,0.0,False
VDR-12012.,0.0,0.0,0.0,0.0,True
VDR-11933.corp.local,1.0,0.0,0.0,0.0,False
WS-11530,7.0,3.0,0.0,3.0,True
WS-10201,10.0,1.0,1.0,1.0,True
WS_10399,1.0,0.0,0.0,0.0,False
vdr-12844,3.0,1.0,0.0,0.0,False
VDR-11921.corp.local,1.0,0.0,0.0,0.0,False
VDR-11586.corp.local,2.0,1.0,1.0,0.0,False
WS-12035.corp.local,1.0,0.0,0.0,0.0,False
VDR-12237,12.0,3.0,2.0,3.0,False
LPT_10418,1.0,0.0,0.0,0.0,False
lpt-11040,1.0,0.0,0.0,0.0,False
WS-10544.corp.local,1.0,0.0,0.0,0.0,False
LPT-12584,7.0,2.0,0.0,6.0,True
ws-12661,1.0,0.0,0.0,0.0,False
LPT-11830,8.0,1.0,0.0,4.0,True
WS_11051,2.0,1.0,0.0,0.0,False
LPT-12871,11.0,1.0,1.0,1.0,True
lpt-10013,2.0,1.0,0.0,0.0,False
WS_11868,2.0,1.0,0.0,0.0,False
LPT-12572,8.0,0.0,2.0,3.0,True
LPT_11504,1.0,0.0,1.0,0.0,False
VDR_12806,1.0,1.0,0.0,0.0,False
VDR-12400,6.0,2.0,0.0,0.0,True
ws-12996,2.0,0.0,0.0,0.0,False
LPT-10333,5.0,1.0,1.0,7.0,True
WS_12385,1.0,0.0,0.0,0.0,False
LPT-11398,8.0,4.0,1.0,0.0,True
lpt-11614,1.0,0.0,0.0,0.0,False
ws-10997,2.0,0.0,1.0,0.0,False
VDR-10780,7.0,2.0,1.0,1.0,True
WS-12214.corp.local,1.0,1.0,0.0,0.0,False
WS-12529.,0.0,0.0,0.0,0.0,True
LPT-10522,6.0,0.0,0.0,5.0,True
VDR-12233,8.0,3.0,0.0,2.0,True
vdr-10628,1.0,0.0,0.0,0.0,False
VDR-10209.corp.local,1.0,1.0,0.0,0.0,False
lpt-11399,2.0,0.0,0.0,0.0,False
VDR-12497.,0.0,0.0,0.0,0.0,True
VDR-12404.corp.local,1.0,0.0,0.0,0.0,False
lpt-12904,1.0,0.0,0.0,0.0,False
WS-11540.corp.local,2.0,0.0,1.0,0.0,False
WS_10078,1.0,1.0,0.0,0.0,False
VDR-12241,7.0,1.0,0.0,2.0,True
ws-11230,1.0,0.0,0.0,0.0,False
VDR-12411.corp.local,1.0,0.0,0.0,0.0,False
VDR-10162,6.0,0.0,0.0,3.0,True
LPT_10125,1.0,0.0,0.0,0.0,False
WS-10632.corp.local,1.0,0.0,0.0,0.0,False
ws-12219,1.0,0.0,0.0,0.0,False
lpt-12807,2.0,0.0,0.0,0.0,False
LPT-12370,8.0,1.0,0.0,2.0,True
LPT_11755,1.0,0.0,0.0,0.0,False
VDR-12994,4.0,1.0,0.0,2.0,True
WS_12680,1.0,0.0,0.0,0.0,False
LPT-12375,1.0,0.0,1.0,3.0,True
vdr-12707,2.0,0.0,0.0,0.0,False
lpt-10802,1.0,0.0,0.0,0.0,False
WS-12809.corp.local,2.0,0.0,0.0,0.0,False
VDR-10601,7.0,0.0,0.0,2.0,True
ws-11365,1.0,0.0,0.0,0.0,False
lpt-12271,2.0,0.0,0.0,0.0,False
ws-10694,1.0,0.0,0.0,0.0,False
VDR-12785.corp.local,2.0,1.0,1.0,0.0,False
VDR-10672,9.0,2.0,0.0,3.0,True
LPT-10298,9.0,2.0,1.0,1.0,True
WS-10617,8.0,1.0,1.0,3.0,True
VDR-10576,7.0,0.0,0.0,3.0,True
VDR-12806,3.0,1.0,0.0,1.0,True
WS_10073,2.0,1.0,0.0,0.0,False
lpt-12597,1.0,0.0,0.0,0.0,False
WS-12468.corp.local,1.0,0.0,1.0,0.0,False
WS-12999,11.0,3.0,2.0,4.0,True
LPT-10639.corp.local,2.0,0.0,0.0,0.0,False
LPT_11337,1.0,0.0,0.0,0.0,False
LPT_12532,1.0,1.0,0.0,0.0,False
WS-11536,9.0,3.0,0.0,4.0,True
VDR-12525,2.0,1.0,0.0,3.0,True
WS_10242,1.0,0.0,0.0,0.0,False
LPT-10821.corp.local,1.0,0.0,0.0,0.0,False
ws-10121,1.0,0.0,0.0,0.0,False
WS-12221,7.0,1.0,0.0,1.0,False
LPT_10804,1.0,0.0,0.0,0.0,False
ws-10967,1.0,0.0,0.0,0.0,False
WS-12214,7.0,4.0,1.0,2.0,True
WS-11905,5.0,1.0,1.0,2.0,False
WS-10941.corp.local,2.0,0.0,0.0,0.0,False
LPT-11124,5.0,0.0,2.0,1.0,True
LPT-12795.corp.local,2.0,1.0,0.0,0.0,False
WS-11708,9.0,2.0,0.0,6.0,True
ws-10422,1.0,0.0,0.0,0.0,False
VDR-11152.corp.local,2.0,1.0,0.0,0.0,False
VDR-10110,11.0,2.0,1.0,1.0,True
WS-10429,5.0,2.0,0.0,2.0,True
LPT-12782,5.0,0.0,0.0,2.0,True
vdr-10532,3.0,2.0,1.0,0.0,False
lpt-12481,1.0,0.0,0.0,0.0,False
lpt-10084,1.0,0.0,0.0,0.0,False
WS_10189,1.0,0.0,0.0,0.0,False
WS-11513,9.0,3.0,2.0,2.0,True
ws-12363,1.0,1.0,0.0,0.0,False
LPT_12467,1.0,1.0,0.0,0.0,False
WS-11517.corp.local,1.0,0.0,0.0,0.0,False
lpt-10257,3.0,1.0,0.0,0.0,False
ws-10287,1.0,0.0,0.0,0.0,False
WS-10665.corp.local,2.0,1.0,0.0,0.0,False
WS-11505,7.0,2.0,0.0,3.0,True
VDR-10012.corp.local,1.0,0.0,0.0,0.0,False
LPT-12510.corp.local,1.0,0.0,0.0,0.0,False
LPT-12621,2.0,0.0,0.0,2.0,True
VDR_12237,1.0,0.0,1.0,0.0,False
LPT-10302,3.0,0.0,0.0,4.0,True
WS-10675,8.0,1.0,0.0,1.0,True
ws-10105,1.0,0.0,0.0,0.0,False
LPT-12203,6.0,0.0,0.0,1.0,False
LPT-10028,6.0,2.0,0.0,4.0,True
vdr-12079,1.0,0.0,0.0,0.0,False
LPT-12954.corp.local,2.0,0.0,0.0,0.0,False
WS-11141.corp.local,1.0,0.0,0.0,0.0,False
vdr-10879,2.0,0.0,0.0,0.0,False
VDR_12513,2.0,0.0,0.0,0.0,False
LPT-11721.corp.local,2.0,0.0,0.0,0.0,False
WS-10868.,0.0,0.0,0.0,0.0,True
LPT-11717,7.0,3.0,1.0,2.0,True
vdr-10142,3.0,0.0,0.0,0.0,False
lpt-11034,1.0,1.0,0.0,0.0,False
ws-11878,1.0,0.0,0.0,0.0,False
lpt-12007,1.0,0.0,0.0,0.0,False
vdr-11509,1.0,0.0,0.0,0.0,False
LPT-12138,4.0,0.0,0.0,1.0,True
VDR-10889,4.0,1.0,0.0,1.0,True
WS-11051,9.0,3.0,2.0,2.0,True
WS-12546,9.0,3.0,0.0,3.0,True
VDR-10454.corp.local,3.0,0.0,0.0,0.0,False
ws-10407,2.0,1.0,0.0,0.0,False
ws-12447,2.0,0.0,0.0,0.0,False
WS-10554,6.0,0.0,0.0,2.0,True
LPT-10405,5.0,2.0,0.0,2.0,True
LPT-10046.corp.local,1.0,0.0,1.0,0.0,False
ws-11464,2.0,1.0,0.0,0.0,False
LPT-12205.corp.local,2.0,0.0,0.0,0.0,False
VDR_12832,1.0,1.0,0.0,0.0,False
VDR_12404,1.0,0.0,0.0,0.0,False
WS-12446.corp.local,1.0,0.0,0.0,0.0,False
WS_11854,1.0,0.0,0.0,0.0,False
LPT-11052,8.0,3.0,0.0,3.0,False
ws-11424,1.0,0.0,0.0,0.0,False
WS_12204,1.0,0.0,1.0,0.0,False
VDR-11622.corp.local,1.0,1.0,0.0,0.0,False
WS-10319.corp.local,2.0,0.0,0.0,0.0,False
LPT-10080,6.0,0.0,1.0,4.0,True
vdr-10443,1.0,0.0,0.0,0.0,False
WS-11948.,0.0,0.0,0.0,0.0,True
LPT-10333.corp.local,1.0,1.0,0.0,0.0,False
VDR-10529.corp.local,2.0,1.0,0.0,0.0,False
LPT-11841,5.0,1.0,1.0,4.0,True
lpt-12628,1.0,0.0,0.0,0.0,False
VDR-12284,8.0,1.0,0.0,2.0,True
ws-11296,1.0,0.0,0.0,0.0,False
WS-10111,5.0,3.0,1.0,2.0,True
lpt-12268,2.0,2.0,0.0,0.0,False
VDR_10018,2.0,0.0,0.0,0.0,False
LPT_11138,2.0,1.0,0.0,0.0,False
VDR_11718,1.0,0.0,0.0,0.0,False
WS-10276,7.0,1.0,0.0,3.0,True
VDR_10642,1.0,0.0,0.0,0.0,False
LPT-12100.corp.local,1.0,0.0,0.0,0.0,False
VDR-10142,6.0,3.0,0.0,3.0,True
WS-10336,5.0,1.0,0.0,4.0,True
VDR_11292,1.0,0.0,0.0,0.0,False
lpt-11977,2.0,0.0,0.0,0.0,False
WS_10696,1.0,0.0,0.0,0.0,False
LPT-12719,11.0,4.0,1.0,2.0,True
LPT-12305.corp.local,1.0,0.0,0.0,0.0,False
VDR-12388.corp.local,1.0,1.0,0.0,0.0,False
WS-12175,6.0,1.0,0.0,2.0,True
LPT-11907,3.0,1.0,0.0,1.0,True
VDR-10611,4.0,0.0,1.0,0.0,True
VDR_10758,1.0,0.0,0.0,0.0,False
vdr-11585,1.0,1.0,1.0,0.0,False
WS-11022.corp.local,1.0,0.0,0.0,0.0,False
vdr-11712,1.0,0.0,0.0,0.0,False
LPT-11423,11.0,4.0,1.0,3.0,True
LPT-12427,8.0,3.0,1.0,2.0,True
LPT-12900.corp.local,1.0,1.0,1.0,0.0,False
VDR-10099,7.0,1.0,1.0,4.0,False
WS-10211,5.0,0.0,0.0,2.0,True
ws-10450,2.0,2.0,0.0,0.0,False
ws-12495,4.0,1.0,0.0,0.0,False
WS-10219,6.0,4.0,1.0,2.0,True
LPT-12475.,0.0,0.0,0.0,0.0,True
WS-12918,7.0,3.0,0.0,1.0,True
VDR-12464.corp.local,2.0,0.0,0.0,0.0,False
WS-12529.corp.local,1.0,0.0,0.0,0.0,False
WS-11651,10.0,3.0,1.0,3.0,True
LPT_11244,1.0,0.0,0.0,0.0,False
LPT-12998.,0.0,0.0,0.0,0.0,True
LPT-10160.corp.local,1.0,1.0,0.0,0.0,False
ws-12037,3.0,0.0,1.0,0.0,False
lpt-12951,1.0,0.0,0.0,0.0,False
VDR-11922,5.0,0.0,0.0,4.0,True
lpt-10985,1.0,0.0,0.0,0.0,False
ws-11192,2.0,0.0,1.0,0.0,False
WS-10305.corp.local,2.0,1.0,0.0,0.0,False
LPT-11299.corp.local,1.0,0.0,0.0,0.0,False
LPT-11956,6.0,0.0,0.0,1.0,True
VDR-12013.corp.local,1.0,1.0,0.0,0.0,False
VDR-10044,11.0,4.0,0.0,4.0,True
LPT-10067,3.0,0.0,1.0,2.0,True
vdr-12835,2.0,0.0,0.0,0.0,False
LPT-12056.corp.local,1.0,0.0,0.0,0.0,False
VDR-10361,5.0,2.0,0.0,1.0,True
WS_10004,2.0,1.0,0.0,0.0,False
ws-10874,2.0,0.0,0.0,0.0,False
WS-10594,6.0,1.0,2.0,2.0,True
LPT_11781,2.0,0.0,0.0,0.0,False
VDR_11267,2.0,1.0,0.0,0.0,False
WS-12910.corp.local,1.0,0.0,0.0,0.0,False
VDR_11644,1.0,0.0,0.0,0.0,False
vdr-10633,1.0,0.0,0.0,0.0,False
LPT-10950.corp.local,2.0,0.0,0.0,0.0,False
VDR_11599,1.0,0.0,0.0,0.0,False
VDR-12480,10.0,2.0,2.0,2.0,False
VDR-12431.corp.local,1.0,0.0,0.0,0.0,False
vdr-10790,1.0,1.0,0.0,0.0,False
LPT-11649.,0.0,0.0,0.0,0.0,True
LPT-12937,10.0,1.0,1.0,1.0,True
LPT_11793,1.0,0.0,0.0,0.0,False
VDR-12665,5.0,1.0,1.0,1.0,True
lpt-12634,3.0,0.0,0.0,0.0,False
LPT-10469,11.0,2.0,1.0,4.0,False
VDR-11307,7.0,1.0,0.0,1.0,False
ws-11216,2.0,0.0,0.0,0.0,False
LPT-11291,9.0,3.0,1.0,2.0,True
vdr-11527,1.0,0.0,0.0,0.0,False
VDR-12247.corp.local,1.0,1.0,0.0,0.0,False
WS_12828,1.0,1.0,0.0,0.0,False
ws-12753,2.0,0.0,0.0,0.0,False
VDR-12777,7.0,2.0,0.0,4.0,True
lpt-10883,1.0,1.0,0.0,0.0,False
WS_10365,2.0,0.0,0.0,0.0,False
LPT-10169.,0.0,0.0,0.0,0.0,True
WS_11475,1.0,0.0,0.0,0.0,False
VDR-10864,9.0,3.0,0.0,1.0,True
VDR_11586,2.0,1.0,1.0,0.0,False
WS-12391,9.0,2.0,2.0,4.0,True
WS-12482,8.0,2.0,1.0,3.0,True
VDR-11045,5.0,1.0,0.0,1.0,True
WS-12631,9.0,3.0,1.0,2.0,True
WS_10739,2.0,0.0,0.0,0.0,False
WS_12371,1.0,1.0,0.0,0.0,False
WS_11347,1.0,0.0,0.0,0.0,False
LPT-12044,10.0,3.0,1.0,3.0,True
LPT-12089,10.0,2.0,0.0,2.0,True
vdr-11377,1.0,0.0,0.0,0.0,False
vdr-11045,3.0,1.0,1.0,0.0,False
lpt-12540,1.0,0.0,0.0,0.0,False
lpt-10382,1.0,0.0,0.0,0.0,False
WS-12720.corp.local,2.0,2.0,0.0,0.0,False
LPT-10905,9.0,0.0,1.0,3.0,True
ws-12790,2.0,1.0,0.0,0.0,False
LPT_12263,1.0,0.0,0.0,0.0,False
VDR_12284,2.0,0.0,0.0,0.0,False
VDR-12964,13.0,3.0,3.0,1.0,True
vdr-10380,2.0,0.0,0.0,0.0,False
WS_10049,1.0,0.0,0.0,0.0,False
LPT_11981,1.0,0.0,0.0,0.0,False
WS-12515.,0.0,0.0,0.0,0.0,True
WS-10844.,0.0,0.0,0.0,0.0,True
LPT-12743,8.0,3.0,1.0,3.0,True
WS-10442.corp.local,3.0,1.0,0.0,0.0,False
lpt-12965,1.0,0.0,0.0,0.0,False
LPT-10818,6.0,2.0,1.0,1.0,True
VDR_11932,2.0,1.0,0.0,0.0,False
VDR-12749.corp.local,2.0,0.0,0.0,0.0,False
LPT-12263.corp.local,1.0,0.0,0.0,0.0,False
LPT_10205,1.0,0.0,0.0,0.0,False
ws-10568,1.0,1.0,1.0,0.0,False
VDR-11929.corp.local,1.0,0.0,1.0,0.0,False
VDR-10900.corp.local,1.0,0.0,0.0,0.0,False
lpt-12587,3.0,1.0,1.0,0.0,False
VDR-10628,4.0,0.0,0.0,0.0,True
WS-12515,6.0,1.0,1.0,6.0,False
WS-12632.corp.local,1.0,1.0,0.0,0.0,False
vdr-10523,2.0,0.0,0.0,0.0,False
WS-11233.corp.local,1.0,1.0,0.0,0.0,False
vdr-12975,1.0,0.0,0.0,0.0,False
WS-12713,3.0,1.0,0.0,1.0,True
ws-12346,3.0,1.0,1.0,0.0,False
LPT-10229,6.0,3.0,1.0,2.0,False
WS-12343.corp.local,1.0,0.0,0.0,0.0,False
ws-10573,1.0,1.0,0.0,0.0,False
LPT-12973,9.0,0.0,0.0,4.0,True
WS-12535,5.0,0.0,1.0,2.0,True
VDR-11013,7.0,0.0,1.0,1.0,True
VDR-12137,1.0,0.0,0.0,2.0,True
WS-12036.corp.local,1.0,0.0,0.0,0.0,False
WS-10467.corp.local,1.0,0.0,0.0,0.0,False
WS-11905.corp.local,1.0,0.0,0.0,0.0,False
WS_12422,3.0,0.0,0.0,0.0,False
VDR-11702.corp.local,1.0,0.0,0.0,0.0,False
WS-11289.corp.local,1.0,0.0,0.0,0.0,False
LPT-11029.corp.local,2.0,1.0,0.0,0.0,False
LPT_11511,1.0,0.0,0.0,0.0,False
LPT-11399,4.0,1.0,1.0,5.0,True
VDR-12570,5.0,0.0,2.0,6.0,True
VDR-10489,6.0,2.0,0.0,2.0,False
WS-10045.corp.local,1.0,0.0,0.0,0.0,False
WS-10224,3.0,1.0,1.0,0.0,True
LPT-10066,4.0,3.0,0.0,2.0,True
LPT-12626,10.0,2.0,0.0,5.0,True
vdr-10005,2.0,1.0,0.0,0.0,False
VDR-11339.corp.local,1.0,1.0,0.0,0.0,False
WS-12139,5.0,1.0,1.0,0.0,True
VDR-12282,10.0,3.0,0.0,2.0,True
VDR-12797,9.0,2.0,1.0,3.0,True
VDR_11910,1.0,1.0,0.0,0.0,False
VDR-11314.,0.0,0.0,0.0,0.0,True
LPT-11574.corp.local,1.0,0.0,0.0,0.0,False
WS_12868,2.0,0.0,0.0,0.0,False
vdr-11227,1.0,1.0,0.0,0.0,False
VDR-10387.,0.0,0.0,0.0,0.0,True
LPT-10753.corp.local,2.0,1.0,1.0,0.0,False
VDR_12493,1.0,1.0,0.0,0.0,False
LPT_12628,2.0,1.0,0.0,0.0,False
LPT-11222,3.0,0.0,1.0,2.0,True
LPT-10834,7.0,4.0,1.0,1.0,True
LPT_11890,2.0,1.0,0.0,0.0,False
LPT_10976,1.0,0.0,0.0,0.0,False
ws-11708,2.0,0.0,0.0,0.0,False
LPT_12741,1.0,0.0,0.0,0.0,False
WS_10219,1.0,1.0,0.0,0.0,False
VDR-12193,7.0,2.0,2.0,5.0,True
LPT-12620,10.0,0.0,1.0,4.0,True
lpt-12114,2.0,0.0,0.0,0.0,False
LPT_11770,1.0,0.0,0.0,0.0,False
WS-12394,7.0,0.0,0.0,3.0,True
WS-12344.corp.local,3.0,2.0,0.0,0.0,False
lpt-10981,2.0,1.0,0.0,0.0,False
VDR-10168,7.0,1.0,1.0,3.0,True
WS-12072.corp.local,2.0,1.0,0.0,0.0,False
LPT-10842,5.0,0.0,0.0,2.0,False
LPT_12199,1.0,1.0,0.0,0.0,False
WS-12242,4.0,1.0,0.0,1.0,True
VDR-11855,10.0,1.0,1.0,2.0,True
ws-10432,1.0,1.0,0.0,0.0,False
LPT-10545,8.0,3.0,0.0,5.0,True
WS_11839,1.0,0.0,0.0,0.0,False
LPT-10822,8.0,2.0,0.0,2.0,True
WS-11454,4.0,0.0,0.0,2.0,True
VDR-12278,3.0,0.0,0.0,0.0,True
WS-12093.corp.local,1.0,0.0,0.0,0.0,False
ws-10174,3.0,0.0,0.0,0.0,False
VDR_12033,1.0,1.0,0.0,0.0,False
ws-10070,1.0,0.0,0.0,0.0,False
VDR_10314,1.0,1.0,0.0,0.0,False
VDR-11822,10.0,1.0,1.0,3.0,True
lpt-11504,2.0,0.0,0.0,0.0,False
LPT-10320,7.0,0.0,0.0,2.0,True
vdr-10673,2.0,0.0,0.0,0.0,False
WS-10720.corp.local,2.0,0.0,1.0,0.0,False
ws-11301,3.0,0.0,0.0,0.0,False
vdr-11980,2.0,1.0,0.0,0.0,False
vdr-10611,1.0,0.0,0.0,0.0,False
ws-11695,3.0,2.0,0.0,0.0,False
VDR-10099.,0.0,0.0,0.0,0.0,True
VDR-10071,4.0,1.0,1.0,1.0,True
LPT-10853.,0.0,0.0,0.0,0.0,True
WS-12393,9.0,3.0,0.0,5.0,True
LPT_10702,3.0,0.0,2.0,0.0,False
LPT-10663.corp.local,1.0,1.0,0.0,0.0,False
ws-11159,3.0,1.0,0.0,0.0,False
vdr-12688,3.0,0.0,0.0,0.0,False
LPT_10551,1.0,0.0,0.0,0.0,False
WS_12839,2.0,0.0,0.0,0.0,False
VDR-10339,7.0,1.0,0.0,4.0,True
LPT-10738,10.0,3.0,2.0,2.0,True
LPT-12752.corp.local,1.0,0.0,0.0,0.0,False
VDR-10791,5.0,4.0,0.0,3.0,True
WS-10844.corp.local,2.0,1.0,0.0,0.0,False
lpt-11926,2.0,1.0,0.0,0.0,False
WS-11469,6.0,1.0,0.0,3.0,True
LPT-11052.,0.0,0.0,0.0,0.0,True
WS-12870,11.0,5.0,3.0,1.0,True
WS_10433,1.0,0.0,0.0,0.0,False
WS_10292,2.0,0.0,0.0,0.0,False
LPT-12171.corp.local,3.0,1.0,1.0,0.0,False
WS-12104,8.0,1.0,1.0,3.0,True
VDR-12122,3.0,1.0,0.0,4.0,True
WS-11323.,0.0,0.0,0.0,0.0,True
WS_11284,1.0,0.0,1.0,0.0,False
VDR-10427,6.0,3.0,0.0,1.0,True
ws-11437,1.0,1.0,0.0,0.0,False
VDR-10877.corp.local,1.0,0.0,1.0,0.0,False
VDR-11889,6.0,1.0,1.0,2.0,True
LPT_12378,1.0,0.0,0.0,0.0,False
LPT_12257,1.0,0.0,0.0,0.0,False
WS-10978,4.0,2.0,0.0,1.0,True
WS-10711.corp.local,1.0,0.0,0.0,0.0,False
WS-12112,11.0,3.0,0.0,2.0,True
WS-10602.corp.local,1.0,0.0,0.0,0.0,False
lpt-11511,1.0,0.0,0.0,0.0,False
VDR_11247,2.0,2.0,0.0,0.0,False
VDR-10627,11.0,4.0,2.0,3.0,False
LPT-11303.corp.local,2.0,0.0,1.0,0.0,False
ws-12003,1.0,0.0,0.0,0.0,False
WS-12426,2.0,0.0,1.0,4.0,True
WS-12283,8.0,4.0,0.0,3.0,True
WS-11228,6.0,2.0,1.0,1.0,False
VDR-11499.corp.local,1.0,0.0,0.0,0.0,False
WS-11262,10.0,5.0,0.0,5.0,True
WS-11110.,0.0,0.0,0.0,0.0,True
vdr-10595,1.0,0.0,0.0,0.0,False
ws-12548,1.0,1.0,0.0,0.0,False
WS-10181.corp.local,1.0,0.0,0.0,0.0,False
WS-12035.,0.0,0.0,0.0,0.0,True
VDR-11758,10.0,1.0,1.0,3.0,True
lpt-12298,2.0,1.0,0.0,0.0,False
WS_12549,2.0,0.0,0.0,0.0,False
WS-11348,2.0,1.0,1.0,2.0,True
LPT-12008.corp.local,2.0,1.0,1.0,0.0,False
lpt-12840,2.0,0.0,0.0,0.0,False
WS_12716,1.0,0.0,1.0,0.0,False
LPT_12258,2.0,0.0,0.0,0.0,False
ws-11020,1.0,0.0,0.0,0.0,False
VDR_10647,1.0,0.0,1.0,0.0,False
LPT-11995,5.0,1.0,0.0,6.0,True
lpt-11571,1.0,0.0,0.0,0.0,False
WS-11450.corp.local,1.0,0.0,0.0,0.0,False
WS_12477,2.0,0.0,0.0,0.0,False
VDR-12054,7.0,2.0,1.0,3.0,True
WS-10453,8.0,0.0,0.0,1.0,True
ws-11613,1.0,0.0,0.0,0.0,False
VDR-10230,7.0,2.0,0.0,1.0,True
VDR-10843,6.0,1.0,0.0,3.0,True
LPT_10763,2.0,0.0,0.0,0.0,False
vdr-12222,1.0,0.0,0.0,0.0,False
ws-11761,2.0,1.0,0.0,0.0,False
WS-11686.corp.local,1.0,0.0,0.0,0.0,False
WS-11315.corp.local,1.0,0.0,0.0,0.0,False
WS-11355,7.0,2.0,1.0,1.0,True
LPT_10682,1.0,0.0,0.0,0.0,False
VDR_11378,1.0,1.0,0.0,0.0,False
VDR-10917.corp.local,1.0,0.0,1.0,0.0,False
WS-10284,5.0,2.0,1.0,2.0,False
ws-12360,2.0,0.0,1.0,0.0,False
ws-10181,1.0,0.0,0.0,0.0,False
lpt-11627,1.0,0.0,0.0,0.0,False
LPT_12144,1.0,1.0,0.0,0.0,False
WS-12226,7.0,2.0,0.0,4.0,True
LPT_10751,1.0,0.0,0.0,0.0,False
vdr-11594,1.0,0.0,0.0,0.0,False
WS_10568,1.0,1.0,0.0,0.0,False
WS-11769,6.0,1.0,3.0,4.0,True
VDR-10330,6.0,2.0,0.0,5.0,True
lpt-10987,2.0,1.0,0.0,0.0,False
WS-12760,8.0,2.0,1.0,4.0,True
LPT-12597.corp.local,2.0,2.0,0.0,0.0,False
WS_12485,1.0,0.0,0.0,0.0,False
vdr-12519,1.0,0.0,0.0,0.0,False
VDR-11669.corp.local,1.0,0.0,0.0,0.0,False
LPT-10821,7.0,1.0,4.0,6.0,True
WS-10189,5.0,0.0,0.0,1.0,True
LPT-11789.corp.local,1.0,0.0,0.0,0.0,False
lpt-11649,3.0,2.0,0.0,0.0,False
VDR-10666.corp.local,4.0,2.0,0.0,0.0,False
vdr-11179,1.0,0.0,0.0,0.0,False
VDR-11343.corp.local,2.0,1.0,0.0,0.0,False
LPT-12547.corp.local,1.0,0.0,0.0,0.0,False
lpt-11740,1.0,0.0,1.0,0.0,False
lpt-12107,2.0,2.0,0.0,0.0,False
vdr-11748,2.0,0.0,0.0,0.0,False
VDR_12373,1.0,1.0,0.0,0.0,False
VDR-12557,9.0,2.0,1.0,2.0,True
ws-10998,1.0,0.0,0.0,0.0,False
ws-11308,1.0,0.0,0.0,0.0,False
WS-12846,9.0,2.0,3.0,2.0,True
LPT_11825,1.0,1.0,0.0,0.0,False
LPT-11148,7.0,2.0,1.0,4.0,False
WS-11974.corp.local,1.0,0.0,0.0,0.0,False
LPT_11662,1.0,0.0,0.0,0.0,False
LPT-12016,9.0,3.0,0.0,1.0,True
LPT-10705,5.0,0.0,0.0,3.0,False
VDR-10005,6.0,1.0,1.0,2.0,True
WS-10036,11.0,3.0,0.0,3.0,True
VDR-10427.corp.local,1.0,0.0,0.0,0.0,False
LPT-10589,4.0,0.0,0.0,1.0,True
LPT-10901.corp.local,1.0,1.0,0.0,0.0,False
WS-10280,8.0,1.0,0.0,1.0,True
LPT-11793,4.0,0.0,0.0,3.0,True
vdr-11169,1.0,1.0,0.0,0.0,False
WS-11486,3.0,0.0,0.0,2.0,False
VDR-12225,6.0,3.0,0.0,7.0,True
LPT-10892,8.0,3.0,1.0,5.0,True
LPT-11209,4.0,1.0,1.0,2.0,False
VDR_11982,1.0,1.0,0.0,0.0,False
WS-11738.corp.local,1.0,0.0,0.0,0.0,False
LPT_10097,1.0,0.0,0.0,0.0,False
LPT_10030,1.0,1.0,1.0,0.0,False
LPT-12538,8.0,2.0,1.0,2.0,True
LPT-12372,8.0,0.0,1.0,2.0,True
WS-11317,5.0,2.0,0.0,1.0,True
LPT-10777,4.0,0.0,1.0,3.0,True
LPT-12528.,0.0,0.0,0.0,0.0,True
LPT-12257.,0.0,0.0,0.0,0.0,True
LPT-12203.,0.0,0.0,0.0,0.0,True
lpt-11054,2.0,0.0,1.0,0.0,False
ws-11261,3.0,1.0,0.0,0.0,False
LPT-12000.corp.local,2.0,0.0,0.0,0.0,False
lpt-12000,6.0,1.0,0.0,0.0,False
VDR-11112,9.0,1.0,1.0,3.0,True
lpt-11826,1.0,0.0,0.0,0.0,False
WS_12501,1.0,0.0,0.0,0.0,False
WS-11713.corp.local,1.0,0.0,0.0,0.0,False
vdr-10767,1.0,0.0,0.0,0.0,False
lpt-12842,1.0,0.0,0.0,0.0,False
VDR-10684.corp.local,2.0,0.0,0.0,0.0,False
WS_11829,1.0,0.0,0.0,0.0,False
lpt-11357,4.0,1.0,1.0,0.0,False
WS-11309,5.0,1.0,0.0,0.0,True
ws-10367,1.0,0.0,0.0,0.0,False
vdr-11112,3.0,0.0,0.0,0.0,False
VDR_12034,1.0,0.0,1.0,0.0,False
LPT-12155,8.0,0.0,2.0,4.0,False
VDR-10196.corp.local,1.0,0.0,0.0,0.0,False
VDR-10504.corp.local,2.0,2.0,0.0,0.0,False
WS-10999,9.0,2.0,0.0,2.0,False
VDR-12281,11.0,4.0,1.0,6.0,True
LPT-10751,9.0,1.0,1.0,2.0,True
LPT-12026,7.0,1.0,0.0,1.0,True
WS-12478,8.0,1.0,0.0,3.0,True
vdr-12678,1.0,0.0,0.0,0.0,False
WS-10408,9.0,3.0,0.0,1.0,False
ws-11641,1.0,0.0,0.0,0.0,False
ws-12035,2.0,0.0,0.0,0.0,False
ws-10749,1.0,0.0,0.0,0.0,False
WS-12368.corp.local,2.0,0.0,0.0,0.0,False
vdr-10990,2.0,1.0,0.0,0.0,False
VDR-12676.corp.local,2.0,0.0,0.0,0.0,False
VDR-12352,7.0,1.0,0.0,5.0,True
WS-11077.corp.local,1.0,0.0,0.0,0.0,False
WS-10928,9.0,2.0,1.0,2.0,True
LPT-10985.corp.local,1.0,0.0,0.0,0.0,False
WS_12938,1.0,0.0,0.0,0.0,False
ws-12320,1.0,1.0,0.0,0.0,False
vdr-11874,1.0,0.0,0.0,0.0,False
LPT-10274,7.0,2.0,1.0,1.0,True
WS-11828,7.0,1.0,0.0,2.0,True
ws-12902,2.0,2.0,0.0,0.0,False
WS-12093,7.0,2.0,0.0,4.0,True
LPT-12547,7.0,1.0,1.0,0.0,True
vdr-11642,2.0,1.0,0.0,0.0,False
VDR_10843,2.0,0.0,0.0,0.0,False
VDR-10237,11.0,5.0,0.0,1.0,True
LPT-12617,5.0,0.0,0.0,3.0,True
LPT-11569.corp.local,1.0,0.0,0.0,0.0,False
VDR-11392,6.0,3.0,0.0,3.0,True
VDR-11169,5.0,2.0,0.0,4.0,True
WS-10272,7.0,2.0,0.0,4.0,True
LPT-11202,14.0,6.0,1.0,1.0,False
LPT-11357,3.0,0.0,1.0,3.0,True
vdr-10340,1.0,0.0,0.0,0.0,False
ws-10263,2.0,1.0,0.0,0.0,False
WS-10826.corp.local,1.0,1.0,0.0,0.0,False
VDR-11628.corp.local,2.0,0.0,0.0,0.0,False
ws-12104,2.0,0.0,1.0,0.0,False
ws-12850,1.0,0.0,0.0,0.0,False
LPT-11744,10.0,0.0,1.0,3.0,True
WS-12793,6.0,1.0,0.0,2.0,True
lpt-12014,1.0,0.0,0.0,0.0,False
WS_11563,1.0,0.0,0.0,0.0,False
VDR_11608,1.0,0.0,0.0,0.0,False
VDR-12598.corp.local,1.0,0.0,0.0,0.0,False
LPT-11491,7.0,0.0,0.0,3.0,True
VDR_10907,1.0,0.0,1.0,0.0,False
WS-10643,9.0,1.0,1.0,3.0,True
WS-12422.corp.local,1.0,0.0,0.0,0.0,False
WS-12846.corp.local,1.0,0.0,0.0,0.0,False
WS-10150,5.0,0.0,0.0,3.0,True
ws-10151,3.0,0.0,0.0,0.0,False
LPT_12010,2.0,0.0,0.0,0.0,False
LPT-11244.corp.local,1.0,0.0,0.0,0.0,False
VDR-11001,4.0,1.0,0.0,1.0,True
WS-12996,8.0,2.0,2.0,3.0,True
lpt-11470,2.0,0.0,0.0,0.0,False
WS-11672.corp.local,2.0,2.0,0.0,0.0,False
ws-11198,1.0,0.0,0.0,0.0,False
VDR_10162,1.0,1.0,0.0,0.0,False
LPT-11678,6.0,0.0,0.0,5.0,True
ws-11835,2.0,1.0,0.0,0.0,False
WS_11301,2.0,0.0,0.0,0.0,False
LPT-10653,7.0,2.0,1.0,2.0,True
LPT-10186.,0.0,0.0,0.0,0.0,True
VDR_11318,1.0,0.0,0.0,0.0,False
WS-10220,6.0,2.0,1.0,0.0,True
vdr-10778,2.0,0.0,1.0,0.0,False
VDR-10992,10.0,1.0,1.0,4.0,True
VDR-11858,4.0,1.0,0.0,3.0,True
vdr-10825,3.0,1.0,0.0,0.0,False
lpt-12703,3.0,1.0,0.0,0.0,False
VDR-10718,9.0,0.0,0.0,3.0,True
VDR-12655,5.0,0.0,0.0,1.0,True
VDR-11042,5.0,2.0,0.0,4.0,False
WS-10219.corp.local,1.0,0.0,0.0,0.0,False
WS-12878.corp.local,1.0,0.0,0.0,0.0,False
WS-11352,5.0,0.0,1.0,4.0,True
LPT-10575,9.0,3.0,0.0,4.0,False
VDR-11394,15.0,5.0,0.0,1.0,True
LPT-11322,6.0,1.0,0.0,5.0,True
VDR-11375,6.0,1.0,0.0,5.0,False
lpt-12730,2.0,1.0,0.0,0.0,False
VDR-12129.corp.local,1.0,0.0,0.0,0.0,False
vdr-10031,1.0,0.0,0.0,0.0,False
WS_12515,1.0,0.0,0.0,0.0,False
LPT-11920,12.0,2.0,0.0,2.0,True
LPT_11710,2.0,0.0,0.0,0.0,False
LPT-11546,11.0,4.0,2.0,2.0,True
LPT-11341,15.0,0.0,1.0,1.0,True
LPT-11072,4.0,0.0,1.0,2.0,True
LPT_10797,1.0,0.0,0.0,0.0,False
LPT-11668,10.0,4.0,2.0,3.0,False
WS_10470,1.0,0.0,0.0,0.0,False
VDR_12241,1.0,1.0,1.0,0.0,False
ws-12680,1.0,0.0,0.0,0.0,False
lpt-12004,2.0,1.0,0.0,0.0,False
lpt-10750,1.0,1.0,0.0,0.0,False
LPT-12629,6.0,2.0,0.0,0.0,True
lpt-12364,3.0,1.0,1.0,0.0,False
VDR_11575,1.0,1.0,0.0,0.0,False
WS-12701.corp.local,1.0,1.0,0.0,0.0,False
LPT_11346,3.0,0.0,1.0,0.0,False
VDR-12181,8.0,2.0,0.0,2.0,True
LPT-10403,8.0,0.0,0.0,6.0,True
vdr-10539,1.0,0.0,1.0,0.0,False
WS-11296,5.0,0.0,0.0,2.0,False
LPT-12011,5.0,2.0,1.0,1.0,True
LPT-10939,11.0,2.0,0.0,2.0,True
VDR-12071,8.0,1.0,1.0,4.0,True
VDR-12928,8.0,4.0,1.0,1.0,True
LPT-10771.,0.0,0.0,0.0,0.0,True
VDR-12131,7.0,1.0,1.0,2.0,True
VDR_12983,1.0,0.0,0.0,0.0,False
VDR-11639,7.0,0.0,0.0,3.0,True
VDR_11622,1.0,0.0,0.0,0.0,False
VDR-11996,9.0,2.0,0.0,2.0,False
WS_10870,1.0,0.0,0.0,0.0,False
WS_11313,3.0,0.0,2.0,0.0,False
VDR-10710,13.0,5.0,1.0,6.0,True
VDR_11746,1.0,0.0,0.0,0.0,False
LPT-12260.corp.local,3.0,1.0,0.0,0.0,False
lpt-10479,3.0,1.0,0.0,0.0,False
LPT_12690,1.0,0.0,0.0,0.0,False
LPT-11212.corp.local,1.0,0.0,0.0,0.0,False
lpt-11197,1.0,0.0,0.0,0.0,False
VDR-10161.corp.local,1.0,1.0,0.0,0.0,False
WS-12791,10.0,1.0,3.0,1.0,True
LPT-10733,8.0,0.0,1.0,2.0,True
LPT-12860,4.0,1.0,1.0,1.0,True
LPT-12542,4.0,2.0,0.0,3.0,True
lpt-11164,4.0,0.0,2.0,0.0,False
LPT-12331,8.0,2.0,0.0,3.0,True
ws-10720,1.0,1.0,0.0,0.0,False
vdr-11996,1.0,0.0,0.0,0.0,False
WS_10994,1.0,0.0,0.0,0.0,False
lpt-11134,1.0,0.0,0.0,0.0,False
VDR-10861.corp.local,1.0,0.0,0.0,0.0,False
VDR-11128,2.0,0.0,0.0,3.0,True
lpt-11271,1.0,0.0,0.0,0.0,False
WS-10284.,0.0,0.0,0.0,0.0,True
lpt-11184,1.0,0.0,0.0,0.0,False
vdr-11843,2.0,0.0,1.0,0.0,False
WS-12561.corp.local,1.0,1.0,0.0,0.0,False
VDR-11302,1.0,0.0,0.0,4.0,True
vdr-12557,4.0,1.0,1.0,0.0,False
LPT-10199,5.0,3.0,1.0,1.0,True
VDR-10497,11.0,3.0,1.0,1.0,True
WS-10809.corp.local,2.0,1.0,0.0,0.0,False
WS_12992,1.0,1.0,0.0,0.0,False
WS-12862,8.0,2.0,0.0,5.0,True
VDR-10756.corp.local,2.0,0.0,1.0,0.0,False
lpt-11790,1.0,0.0,0.0,0.0,False
VDR-12369.corp.local,1.0,0.0,0.0,0.0,False
ws-11064,3.0,0.0,0.0,0.0,False
VDR-10588.corp.local,1.0,0.0,0.0,0.0,False
LPT-10130,4.0,0.0,0.0,0.0,True
vdr-11537,1.0,0.0,0.0,0.0,False
LPT_11780,1.0,0.0,0.0,0.0,False
vdr-11508,2.0,0.0,0.0,0.0,False
lpt-12100,2.0,0.0,0.0,0.0,False
VDR-10983,6.0,2.0,0.0,1.0,True
LPT-11928.corp.local,2.0,1.0,0.0,0.0,False
WS-10711,7.0,1.0,0.0,2.0,True
LPT-10081,4.0,1.0,0.0,2.0,True
WS-10918,8.0,4.0,0.0,4.0,True
VDR-11712.corp.local,3.0,1.0,1.0,0.0,False
WS-12115,6.0,0.0,0.0,0.0,True
WS-10336.corp.local,1.0,0.0,0.0,0.0,False
ws-12097,3.0,0.0,1.0,0.0,False
ws-10958,2.0,0.0,0.0,0.0,False
vdr-10179,1.0,0.0,0.0,0.0,False
VDR-11645.corp.local,2.0,0.0,0.0,0.0,False
WS-10773,6.0,1.0,1.0,4.0,True
VDR_10743,1.0,0.0,0.0,0.0,False
lpt-12699,2.0,0.0,1.0,0.0,False
ws-10760,1.0,0.0,0.0,0.0,False
ws-12895,2.0,0.0,1.0,0.0,False
LPT-11023.corp.local,1.0,0.0,0.0,0.0,False
VDR-10132,4.0,0.0,0.0,1.0,True
WS-12957,5.0,2.0,1.0,1.0,True
LPT-12838,5.0,2.0,0.0,2.0,True
WS-11682.corp.local,1.0,0.0,0.0,0.0,False
vdr-12665,1.0,0.0,1.0,0.0,False
WS-10517,5.0,2.0,0.0,3.0,True
WS-12799.corp.local,2.0,0.0,0.0,0.0,False
WS-12220.corp.local,1.0,0.0,0.0,0.0,False
VDR_11189,2.0,0.0,0.0,0.0,False
VDR_11206,2.0,0.0,0.0,0.0,False
vdr-12989,1.0,0.0,0.0,0.0,False
LPT-11040,10.0,0.0,0.0,2.0,False
VDR-10910.corp.local,1.0,0.0,0.0,0.0,False
WS-10225,12.0,2.0,1.0,2.0,True
VDR-12861,6.0,3.0,2.0,3.0,True
LPT-12293,7.0,1.0,0.0,3.0,False
vdr-11297,1.0,0.0,0.0,0.0,False
WS-12264,9.0,1.0,2.0,1.0,True
LPT-10084,6.0,1.0,0.0,1.0,True
WS-12619,1.0,0.0,0.0,1.0,True
LPT-12904.corp.local,2.0,0.0,1.0,0.0,False
LPT_10944,1.0,0.0,0.0,0.0,False
VDR-10838.corp.local,2.0,1.0,0.0,0.0,False
LPT-11701,6.0,1.0,2.0,1.0,True
VDR-12480.corp.local,1.0,0.0,0.0,0.0,False
ws-10878,2.0,0.0,0.0,0.0,False
VDR-10674,9.0,1.0,1.0,4.0,True
WS-11186,9.0,2.0,2.0,5.0,False
WS-11171,6.0,1.0,0.0,4.0,True
WS-11395.corp.local,2.0,0.0,1.0,0.0,False
LPT-12968.corp.local,1.0,0.0,0.0,0.0,False
ws-10048,2.0,0.0,0.0,0.0,False
VDR-10914.corp.local,1.0,0.0,0.0,0.0,False
LPT-12459,10.0,4.0,0.0,2.0,True
WS-11342.corp.local,1.0,1.0,0.0,0.0,False
VDR-11268,6.0,2.0,0.0,1.0,True
vdr-10481,2.0,1.0,1.0,0.0,False
ws-10911,1.0,0.0,1.0,0.0,False
lpt-11970,3.0,0.0,0.0,0.0,False
vdr-12500,1.0,1.0,0.0,0.0,False
LPT-12658,4.0,1.0,1.0,3.0,True
LPT-12507,6.0,2.0,0.0,2.0,True
vdr-11096,1.0,0.0,1.0,0.0,False
ws-10687,1.0,0.0,0.0,0.0,False
LPT-10880,8.0,4.0,0.0,1.0,True
LPT_12481,1.0,0.0,0.0,0.0,False
ws-12701,1.0,1.0,0.0,0.0,False
VDR_12464,1.0,0.0,0.0,0.0,False
VDR-12997,4.0,1.0,0.0,0.0,True
WS-11089.corp.local,2.0,1.0,0.0,0.0,False
VDR_10835,1.0,1.0,0.0,0.0,False
LPT-12815,3.0,0.0,0.0,0.0,False
LPT-12183,7.0,0.0,0.0,1.0,True
LPT-11693,7.0,2.0,0.0,3.0,False
WS_12773,1.0,1.0,0.0,0.0,False
LPT-10103,9.0,5.0,1.0,0.0,True
WS-11269,9.0,3.0,0.0,3.0,True
ws-11243,1.0,0.0,0.0,0.0,False
LPT-10646,10.0,0.0,0.0,1.0,True
LPT-12265,3.0,0.0,0.0,1.0,True
VDR_11495,2.0,1.0,0.0,0.0,False
vdr-12023,3.0,0.0,0.0,0.0,False
vdr-12215,2.0,1.0,0.0,0.0,False
WS-12072,8.0,0.0,1.0,2.0,True
WS-10506.corp.local,1.0,0.0,0.0,0.0,False
lpt-12654,1.0,1.0,0.0,0.0,False
WS-11562,6.0,1.0,1.0,5.0,True
WS-12845.,0.0,0.0,0.0,0.0,True
vdr-11846,1.0,0.0,1.0,0.0,False
VDR_11439,1.0,1.0,0.0,0.0,False
lpt-11764,3.0,0.0,1.0,0.0,False
VDR_10244,1.0,1.0,0.0,0.0,False
WS-11876,4.0,0.0,0.0,4.0,True
LPT-11683.corp.local,1.0,0.0,0.0,0.0,False
VDR-11224.,0.0,0.0,0.0,0.0,True
WS-12809,10.0,3.0,0.0,1.0,True
WS_11612,2.0,1.0,1.0,0.0,False
VDR-10316,6.0,2.0,1.0,4.0,True
VDR_12562,1.0,1.0,0.0,0.0,False
WS-11670.corp.local,2.0,0.0,0.0,0.0,False
lpt-12947,1.0,0.0,0.0,0.0,False
VDR_12151,2.0,1.0,0.0,0.0,False
WS-11776.corp.local,1.0,0.0,0.0,0.0,False
LPT-10560.corp.local,1.0,1.0,0.0,0.0,False
VDR_12017,1.0,0.0,0.0,0.0,False
WS-11734,6.0,2.0,0.0,0.0,False
VDR_11236,2.0,0.0,0.0,0.0,False
WS_10429,1.0,0.0,0.0,0.0,False
VDR-10255,7.0,0.0,0.0,2.0,True
LPT-11561.corp.local,2.0,0.0,0.0,0.0,False
WS-12449,4.0,1.0,1.0,2.0,False
ws-12594,1.0,0.0,0.0,0.0,False
WS-11924.corp.local,1.0,0.0,0.0,0.0,False
LPT-10927,8.0,2.0,1.0,2.0,True
ws-10959,3.0,0.0,0.0,0.0,False
WS-10070,3.0,1.0,1.0,1.0,True
lpt-11476,3.0,1.0,1.0,0.0,False
WS-10544,8.0,4.0,1.0,2.0,True
VDR_11316,1.0,0.0,0.0,0.0,False
ws-11859,1.0,0.0,0.0,0.0,False
VDR-11302.corp.local,1.0,0.0,0.0,0.0,False
WS-12822,14.0,3.0,2.0,2.0,True
VDR-11142,9.0,3.0,0.0,2.0,True
WS-12669,10.0,4.0,0.0,3.0,True
lpt-11792,1.0,0.0,1.0,0.0,False
WS_11836,2.0,2.0,1.0,0.0,False
ws-11723,1.0,0.0,0.0,0.0,False
VDR_11412,1.0,0.0,1.0,0.0,False
LPT_11322,1.0,0.0,0.0,0.0,False
VDR-11066,11.0,3.0,0.0,1.0,True
LPT-12824,4.0,2.0,0.0,1.0,True
VDR-10231,9.0,4.0,0.0,3.0,True
WS_10370,1.0,0.0,1.0,0.0,False
VDR_10300,4.0,0.0,1.0,0.0,False
WS_11682,3.0,0.0,0.0,0.0,False
LPT_11070,1.0,1.0,0.0,0.0,False
LPT-10311.corp.local,1.0,1.0,0.0,0.0,False
WS-12495,5.0,1.0,1.0,1.0,True
WS-10540,6.0,1.0,0.0,3.0,True
VDR-11946.,0.0,0.0,0.0,0.0,True
vdr-12841,3.0,1.0,0.0,0.0,False
WS-10849.corp.local,1.0,0.0,0.0,0.0,False
lpt-12027,2.0,1.0,0.0,0.0,False
LPT-11333.corp.local,2.0,0.0,0.0,0.0,False
lpt-12921,1.0,0.0,0.0,0.0,False
VDR-12335.corp.local,2.0,1.0,0.0,0.0,False
WS-10341.corp.local,1.0,1.0,0.0,0.0,False
LPT-12280.corp.local,1.0,0.0,0.0,0.0,False
LPT-12471,6.0,1.0,0.0,1.0,True
WS-10697.corp.local,1.0,0.0,0.0,0.0,False
vdr-10465,1.0,0.0,0.0,0.0,False
ws-11514,2.0,0.0,0.0,0.0,False
LPT-10741,8.0,2.0,1.0,4.0,True
ws-12491,1.0,0.0,0.0,0.0,False
VDR_11549,1.0,0.0,0.0,0.0,False
WS_10070,1.0,0.0,0.0,0.0,False
WS-11502,4.0,1.0,1.0,2.0,True
VDR-10478,9.0,2.0,1.0,4.0,True
VDR_10690,1.0,0.0,0.0,0.0,False
vdr-11436,1.0,0.0,0.0,0.0,False
LPT_10176,1.0,1.0,0.0,0.0,False
LPT_12474,1.0,0.0,0.0,0.0,False
ws-12125,1.0,0.0,1.0,0.0,False
VDR-11267,5.0,0.0,1.0,7.0,True
WS-10721.corp.local,2.0,1.0,0.0,0.0,False
LPT-11409,10.0,2.0,1.0,3.0,True
WS_10213,2.0,1.0,0.0,0.0,False
VDR-11892.corp.local,1.0,0.0,0.0,0.0,False
LPT-11572.corp.local,1.0,0.0,0.0,0.0,False
VDR-12627,9.0,0.0,1.0,2.0,False
LPT_10779,1.0,0.0,0.0,0.0,False
VDR-12978,6.0,2.0,1.0,1.0,True
lpt-10557,2.0,1.0,0.0,0.0,False
VDR-10703,9.0,3.0,1.0,2.0,True
WS-12873,9.0,0.0,0.0,2.0,True
LPT-11584,9.0,3.0,1.0,2.0,True
LPT_12888,1.0,0.0,0.0,0.0,False
lpt-11920,1.0,1.0,0.0,0.0,False
lpt-12252,2.0,0.0,0.0,0.0,False
LPT-12843,10.0,1.0,1.0,2.0,True
LPT_11452,1.0,0.0,0.0,0.0,False
WS-12592.corp.local,1.0,0.0,0.0,0.0,False
VDR-11586,9.0,1.0,0.0,4.0,True
WS-12433.,0.0,0.0,0.0,0.0,True
VDR-10906.corp.local,2.0,1.0,0.0,0.0,False
LPT-10377,12.0,3.0,0.0,0.0,True
WS-11533.corp.local,2.0,1.0,1.0,0.0,False
WS-12262,7.0,0.0,1.0,1.0,True
WS-12677,12.0,2.0,1.0,8.0,True
WS-10091.corp.local,1.0,0.0,0.0,0.0,False
LPT_10383,1.0,0.0,0.0,0.0,False
LPT-11065,6.0,0.0,2.0,3.0,True
LPT_10547,2.0,0.0,0.0,0.0,False
WS-11670,6.0,1.0,0.0,2.0,False
WS_10486,1.0,0.0,0.0,0.0,False
WS-12545,9.0,1.0,0.0,1.0,True
LPT_12444,1.0,1.0,0.0,0.0,False
lpt-10651,1.0,0.0,0.0,0.0,False
vdr-12150,2.0,0.0,1.0,0.0,False
VDR-12071.corp.local,1.0,0.0,0.0,0.0,False
VDR_12618,1.0,0.0,0.0,0.0,False
ws-12266,2.0,0.0,0.0,0.0,False
ws-10486,2.0,0.0,1.0,0.0,False
LPT-11470,5.0,2.0,0.0,2.0,False
LPT-10702,10.0,1.0,2.0,1.0,False
VDR_12989,2.0,0.0,0.0,0.0,False
LPT-12780,4.0,1.0,0.0,4.0,True
VDR-10716,11.0,3.0,1.0,7.0,True
vdr-11669,3.0,0.0,0.0,0.0,False
LPT-11353,8.0,1.0,1.0,6.0,True
LPT-11156,8.0,2.0,1.0,1.0,True
VDR_10099,1.0,0.0,0.0,0.0,False
LPT-12644.corp.local,1.0,1.0,0.0,0.0,False
WS-10568,6.0,0.0,0.0,2.0,True
VDR_10692,1.0,0.0,0.0,0.0,False
vdr-10503,2.0,0.0,0.0,0.0,False
vdr-12058,2.0,0.0,1.0,0.0,False
WS-12753,7.0,0.0,2.0,0.0,False
LPT-10650,8.0,1.0,0.0,2.0,True
VDR-10270,0.0,0.0,0.0,5.0,True
WS_10845,1.0,0.0,0.0,0.0,False
LPT-10634,10.0,2.0,0.0,2.0,True
vdr-10248,1.0,1.0,1.0,0.0,False
LPT-11792,9.0,5.0,0.0,0.0,True
LPT_10366,1.0,1.0,0.0,0.0,False
WS-11987.corp.local,1.0,0.0,0.0,0.0,False
LPT-11763,5.0,3.0,0.0,1.0,True
vdr-11206,3.0,2.0,1.0,0.0,False
VDR-10528.,0.0,0.0,0.0,0.0,True
LPT-11659,6.0,2.0,0.0,2.0,True
WS_10412,1.0,0.0,0.0,0.0,False
VDR-10813,3.0,0.0,0.0,0.0,True
vdr-10362,1.0,0.0,0.0,0.0,False
vdr-11589,2.0,0.0,1.0,0.0,False
ws-10711,3.0,1.0,0.0,0.0,False
ws-11893,1.0,1.0,0.0,0.0,False
lpt-11918,2.0,0.0,0.0,0.0,False
LPT-12085,5.0,0.0,1.0,4.0,True
VDR-10533.corp.local,3.0,1.0,0.0,0.0,False
VDR-10168.corp.local,2.0,1.0,0.0,0.0,False
VDR-11940,5.0,1.0,1.0,2.0,True
WS_11458,1.0,0.0,0.0,0.0,False
WS-10486.corp.local,2.0,1.0,0.0,0.0,False
WS-12340,5.0,0.0,0.0,2.0,True
LPT_10859,1.0,0.0,0.0,0.0,False
LPT-12962,9.0,0.0,2.0,0.0,True
ws-10865,1.0,0.0,0.0,0.0,False
ws-10470,2.0,0.0,0.0,0.0,False
LPT_12149,2.0,1.0,0.0,0.0,False
VDR-11591.,0.0,0.0,0.0,0.0,True
VDR-12705.corp.local,1.0,0.0,0.0,0.0,False
WS-11699.corp.local,2.0,1.0,0.0,0.0,False
WS-10988,6.0,2.0,0.0,1.0,True
WS_10566,1.0,0.0,0.0,0.0,False
LPT_12943,1.0,0.0,0.0,0.0,False
vdr-12758,2.0,1.0,0.0,0.0,False
WS-12733.corp.local,1.0,0.0,0.0,0.0,False
LPT-10080.corp.local,1.0,0.0,0.0,0.0,False
LPT_10537,1.0,0.0,1.0,0.0,False
LPT-11281.corp.local,1.0,0.0,0.0,0.0,False
lpt-10575,2.0,1.0,0.0,0.0,False
VDR-12775.corp.local,2.0,1.0,0.0,0.0,False
VDR-12384,7.0,1.0,1.0,3.0,True
LPT-11158,6.0,0.0,0.0,3.0,True
LPT-11114,6.0,1.0,1.0,3.0,True
lpt-12132,5.0,0.0,1.0,0.0,False
LPT-10428,4.0,0.0,0.0,1.0,True
vdr-12054,1.0,0.0,0.0,0.0,False
WS-12833.corp.local,1.0,0.0,0.0,0.0,False
VDR-12638.corp.local,1.0,1.0,0.0,0.0,False
LPT_12111,1.0,0.0,0.0,0.0,False
VDR-11272,6.0,1.0,0.0,4.0,True
VDR_10481,1.0,1.0,0.0,0.0,False
VDR_11118,1.0,0.0,0.0,0.0,False
VDR-12308.corp.local,2.0,1.0,0.0,0.0,False
WS_11108,1.0,0.0,0.0,0.0,False
ws-10150,2.0,0.0,0.0,0.0,False
WS-11623.corp.local,1.0,0.0,0.0,0.0,False
VDR-11618.corp.local,1.0,1.0,0.0,0.0,False
WS_12456,1.0,0.0,0.0,0.0,False
VDR-11872.,0.0,0.0,0.0,0.0,True
ws-10747,1.0,0.0,0.0,0.0,False
WS-10994,6.0,2.0,0.0,4.0,True
VDR-11916.corp.local,1.0,0.0,0.0,0.0,False
VDR_10723,1.0,0.0,1.0,0.0,False
LPT-10965,8.0,1.0,1.0,2.0,True
WS-10866,8.0,0.0,0.0,3.0,True
LPT-11704,6.0,0.0,1.0,3.0,False
lpt-10302,1.0,0.0,0.0,0.0,False
LPT_11212,1.0,0.0,0.0,0.0,False
WS-12544,9.0,2.0,1.0,2.0,False
vdr-12706,1.0,0.0,0.0,0.0,False
WS-10281.corp.local,1.0,1.0,1.0,0.0,False
VDR-11344.corp.local,1.0,0.0,0.0,0.0,False
LPT-10822.corp.local,1.0,0.0,0.0,0.0,False
LPT-11133,7.0,1.0,1.0,0.0,False
LPT-10290.,0.0,0.0,0.0,0.0,True
WS_10849,1.0,1.0,0.0,0.0,False
LPT-12690,4.0,1.0,1.0,1.0,True
WS-10113.,0.0,0.0,0.0,0.0,True
VDR-12579.corp.local,1.0,0.0,0.0,0.0,False
VDR-11712,6.0,1.0,1.0,4.0,True
vdr-12865,1.0,0.0,0.0,0.0,False
WS_11513,1.0,1.0,0.0,0.0,False
LPT-11763.corp.local,1.0,0.0,0.0,0.0,False
vdr-11718,1.0,1.0,0.0,0.0,False
VDR_11822,1.0,1.0,0.0,0.0,False
lpt-12366,1.0,1.0,0.0,0.0,False
VDR-10886,9.0,0.0,0.0,2.0,True
VDR-12500,6.0,1.0,0.0,1.0,True
VDR-12248,7.0,0.0,1.0,5.0,True
WS-12794.corp.local,1.0,0.0,0.0,0.0,False
VDR-11232,10.0,3.0,2.0,0.0,True
LPT_11065,1.0,0.0,0.0,0.0,False
LPT_10935,1.0,0.0,0.0,0.0,False
LPT-10460,4.0,0.0,0.0,3.0,True
VDR-10346,6.0,0.0,0.0,3.0,True
WS-12398.corp.local,1.0,0.0,0.0,0.0,False
VDR-11930,4.0,0.0,0.0,3.0,True
VDR-11047.corp.local,1.0,1.0,0.0,0.0,False
LPT-11655,10.0,3.0,1.0,3.0,True
ws-11367,1.0,0.0,0.0,0.0,False
VDR-12656,4.0,1.0,0.0,2.0,True
WS-10014,7.0,0.0,0.0,4.0,True
VDR-12785,2.0,0.0,1.0,3.0,True
vdr-10339,2.0,0.0,0.0,0.0,False
LPT-10985,13.0,1.0,1.0,3.0,True
ws-12319,1.0,0.0,0.0,0.0,False
LPT_12754,1.0,0.0,0.0,0.0,False
VDR-12750,4.0,2.0,0.0,2.0,True
VDR-10559.corp.local,3.0,1.0,0.0,0.0,False
WS-11127,2.0,1.0,0.0,1.0,True
VDR-12156,7.0,4.0,1.0,2.0,True
VDR-10940,5.0,0.0,1.0,2.0,True
WS-12443,8.0,1.0,1.0,3.0,True
LPT-11311.,0.0,0.0,0.0,0.0,True
lpt-12955,1.0,0.0,0.0,0.0,False
VDR-11082,7.0,2.0,0.0,3.0,True
ws-12549,2.0,1.0,0.0,0.0,False
LPT_11830,1.0,0.0,0.0,0.0,False
LPT-10475,2.0,1.0,0.0,2.0,False
VDR-10147.,0.0,0.0,0.0,0.0,True
WS-10760.corp.local,1.0,0.0,0.0,0.0,False
VDR-11451,11.0,2.0,0.0,0.0,True
VDR-10108,10.0,4.0,3.0,2.0,True
VDR-11227,7.0,0.0,0.0,1.0,True
WS-12996.corp.local,2.0,1.0,0.0,0.0,False
WS-12232,6.0,1.0,0.0,2.0,True
lpt-10972,1.0,0.0,0.0,0.0,False
LPT-11597,8.0,4.0,0.0,1.0,True
WS-10430,4.0,0.0,0.0,3.0,True
WS_11434,1.0,1.0,0.0,0.0,False
vdr-12178,2.0,0.0,0.0,0.0,False
VDR-12804,6.0,1.0,1.0,3.0,True
WS_11957,1.0,0.0,0.0,0.0,False
lpt-12961,1.0,1.0,0.0,0.0,False
WS-12460,1.0,0.0,0.0,1.0,True
VDR-11636,11.0,0.0,1.0,5.0,True
WS_10694,1.0,1.0,0.0,0.0,False
WS-11968,9.0,3.0,1.0,2.0,True
LPT_10855,1.0,0.0,0.0,0.0,False
WS-12623,8.0,1.0,0.0,2.0,True
LPT-12538.corp.local,1.0,0.0,0.0,0.0,False
WS-10584,7.0,1.0,1.0,2.0,True
WS-10747,6.0,3.0,2.0,3.0,True
vdr-10942,3.0,1.0,0.0,0.0,False
LPT-10682,4.0,1.0,0.0,1.0,True
LPT-12258.corp.local,2.0,0.0,0.0,0.0,False
LPT-10742,8.0,0.0,0.0,1.0,False
LPT-11125.corp.local,1.0,0.0,0.0,0.0,False
VDR-11047,6.0,0.0,0.0,2.0,False
ws-12915,1.0,0.0,0.0,0.0,False
VDR-10196.,0.0,0.0,0.0,0.0,True
WS-11111,6.0,2.0,0.0,3.0,True
VDR-10638.corp.local,2.0,0.0,0.0,0.0,False
VDR-12087,10.0,2.0,0.0,0.0,True
WS-12041,5.0,1.0,0.0,3.0,True
WS-11009,9.0,3.0,2.0,2.0,False
WS-11395,11.0,2.0,2.0,1.0,True
lpt-10223,1.0,0.0,0.0,0.0,False
ws-11516,3.0,0.0,0.0,0.0,False
LPT-12199.corp.local,2.0,1.0,0.0,0.0,False
VDR-11518,6.0,0.0,1.0,3.0,True
VDR-12038,10.0,1.0,0.0,0.0,True
ws-10352,2.0,1.0,0.0,0.0,False
LPT-12080.corp.local,1.0,0.0,0.0,0.0,False
WS-10746,3.0,0.0,0.0,4.0,True
WS_12553,1.0,1.0,0.0,0.0,False
LPT_11857,2.0,2.0,0.0,0.0,False
ws-10849,1.0,0.0,0.0,0.0,False
VDR-10587,8.0,5.0,1.0,2.0,True
WS-12533,7.0,1.0,0.0,2.0,True
WS-12050.corp.local,1.0,0.0,0.0,0.0,False
WS-12523,4.0,2.0,0.0,3.0,True
lpt-11574,1.0,0.0,0.0,0.0,False
VDR-11102,3.0,0.0,0.0,1.0,True
ws-10180,1.0,1.0,1.0,0.0,False
WS_11186,1.0,0.0,0.0,0.0,False
VDR-12905,3.0,2.0,0.0,2.0,True
LPT-12927,8.0,4.0,0.0,1.0,True
WS-10500,6.0,2.0,0.0,4.0,True
lpt-11917,2.0,1.0,0.0,0.0,False
lpt-12924,1.0,0.0,0.0,0.0,False
lpt-11333,1.0,0.0,0.0,0.0,False
lpt-12607,1.0,0.0,0.0,0.0,False
VDR-10662.corp.local,1.0,0.0,1.0,0.0,False
WS-12397,8.0,2.0,2.0,1.0,True
VDR-12890.corp.local,1.0,0.0,0.0,0.0,False
VDR-12948.,0.0,0.0,0.0,0.0,True
LPT-11440,3.0,0.0,0.0,4.0,True
vdr-12154,1.0,0.0,0.0,0.0,False
lpt-11288,1.0,0.0,0.0,0.0,False
vdr-11389,1.0,0.0,0.0,0.0,False
lpt-10176,3.0,0.0,1.0,0.0,False
ws-10827,2.0,1.0,0.0,0.0,False
WS-10697,8.0,2.0,0.0,5.0,True
VDR_10038,2.0,1.0,0.0,0.0,False
LPT-12321,5.0,1.0,0.0,1.0,True
ws-11393,2.0,1.0,0.0,0.0,False
VDR-11090.corp.local,3.0,2.0,1.0,0.0,False
VDR-12604,4.0,0.0,0.0,2.0,True
lpt-12249,3.0,0.0,0.0,0.0,False
VDR-12479,5.0,1.0,0.0,0.0,True
WS_11760,1.0,0.0,0.0,0.0,False
vdr-12618,2.0,1.0,0.0,0.0,False
VDR-12948,6.0,3.0,0.0,0.0,False
ws-10513,2.0,1.0,1.0,0.0,False
VDR_12527,2.0,0.0,0.0,0.0,False
ws-10665,1.0,0.0,0.0,0.0,False
WS-11708.corp.local,1.0,1.0,0.0,0.0,False
VDR-10022,7.0,2.0,1.0,5.0,True
ws-10009,2.0,0.0,0.0,0.0,False
VDR-10031.corp.local,1.0,0.0,0.0,0.0,False
lpt-12532,1.0,1.0,0.0,0.0,False
VDR_12811,1.0,1.0,0.0,0.0,False
WS_10578,1.0,0.0,0.0,0.0,False
ws-12442,3.0,1.0,0.0,0.0,False
VDR_10457,2.0,0.0,0.0,0.0,False
LPT-10258.corp.local,1.0,0.0,1.0,0.0,False
LPT-12652.corp.local,1.0,0.0,0.0,0.0,False
WS-10450,8.0,4.0,1.0,1.0,True
ws-12359,1.0,0.0,0.0,0.0,False
vdr-12972,1.0,0.0,0.0,0.0,False
VDR-12173.corp.local,4.0,1.0,0.0,0.0,False
VDR-11645,6.0,1.0,0.0,4.0,True
lpt-12524,1.0,0.0,0.0,0.0,False
WS-10932,6.0,1.0,0.0,1.0,True
LPT-11349.,0.0,0.0,0.0,0.0,True
LPT-10968,7.0,1.0,2.0,1.0,True
LPT-12766.corp.local,1.0,1.0,0.0,0.0,False
VDR-12499.corp.local,1.0,0.0,0.0,0.0,False
lpt-12026,2.0,0.0,0.0,0.0,False
LPT-11107.corp.local,1.0,0.0,0.0,0.0,False
VDR_11227,2.0,0.0,0.0,0.0,False
ws-10305,2.0,1.0,1.0,0.0,False
LPT-11649.corp.local,1.0,0.0,0.0,0.0,False
WS_12125,2.0,1.0,0.0,0.0,False
LPT-10122.corp.local,2.0,0.0,0.0,0.0,False
VDR-12328,3.0,0.0,0.0,1.0,True
LPT-12045.corp.local,1.0,0.0,0.0,0.0,False
LPT_11903,1.0,0.0,0.0,0.0,False
ws-11562,4.0,0.0,0.0,0.0,False
VDR-10010,7.0,1.0,1.0,0.0,True
VDR-12352.corp.local,1.0,0.0,0.0,0.0,False
ws-11844,4.0,2.0,0.0,0.0,False
lpt-12970,1.0,1.0,0.0,0.0,False
VDR-12079,8.0,2.0,2.0,3.0,True
VDR-11709.corp.local,1.0,1.0,1.0,0.0,False
VDR-11479,9.0,4.0,0.0,3.0,False
VDR-11318,9.0,1.0,1.0,3.0,True
ws-12039,2.0,0.0,0.0,0.0,False
VDR_10060,2.0,1.0,0.0,0.0,False
WS-11159.corp.local,1.0,0.0,0.0,0.0,False
LPT-12314.corp.local,1.0,0.0,0.0,0.0,False
VDR-12684.corp.local,1.0,0.0,0.0,0.0,False
ws-10683,2.0,1.0,0.0,0.0,False
lpt-12657,1.0,0.0,1.0,0.0,False
LPT-11276.corp.local,3.0,2.0,0.0,0.0,False
ws-11043,1.0,1.0,0.0,0.0,False
VDR-11093,5.0,0.0,0.0,0.0,True
LPT-11161,10.0,1.0,1.0,1.0,True
VDR-10295,4.0,1.0,0.0,3.0,True
LPT-10182.corp.local,1.0,1.0,0.0,0.0,False
ws-10256,1.0,0.0,0.0,0.0,False
ws-12051,2.0,0.0,0.0,0.0,False
LPT-11140,10.0,2.0,1.0,2.0,True
VDR-12218,7.0,0.0,2.0,5.0,True
WS-10974.corp.local,1.0,0.0,0.0,0.0,False
VDR_10535,2.0,0.0,0.0,0.0,False
vdr-12863,1.0,0.0,0.0,0.0,False
LPT_12658,1.0,0.0,0.0,0.0,False
ws-11997,1.0,0.0,0.0,0.0,False
LPT-10541,9.0,0.0,1.0,3.0,True
WS-10368,7.0,2.0,0.0,4.0,True
LPT-12329,8.0,4.0,1.0,3.0,True
VDR-10353.corp.local,3.0,0.0,0.0,0.0,False
VDR-10762,11.0,6.0,0.0,3.0,True
LPT-10654,7.0,2.0,0.0,3.0,True
LPT_12854,2.0,2.0,0.0,0.0,False
ws-10675,1.0,0.0,0.0,0.0,False
LPT-12990,10.0,2.0,1.0,6.0,True
LPT-10987,9.0,3.0,0.0,2.0,True
ws-11985,1.0,0.0,0.0,0.0,False
LPT-10853,10.0,2.0,0.0,0.0,False
vdr-10833,4.0,2.0,0.0,0.0,False
LPT-12800,4.0,3.0,1.0,2.0,True
WS-12855.corp.local,3.0,1.0,0.0,0.0,False
VDR-10736.corp.local,2.0,1.0,0.0,0.0,False
lpt-11055,3.0,0.0,0.0,0.0,False
WS-11852,8.0,1.0,0.0,3.0,True
WS-12413.,0.0,0.0,0.0,0.0,True
LPT-11834,8.0,2.0,1.0,4.0,False
WS-12822.corp.local,1.0,0.0,0.0,0.0,False
WS-10365,5.0,1.0,0.0,5.0,True
LPT-12268.corp.local,2.0,0.0,0.0,0.0,False
vdr-11588,2.0,1.0,0.0,0.0,False
LPT-12202.corp.local,2.0,1.0,0.0,0.0,False
LPT-10257,6.0,0.0,0.0,1.0,True
LPT_12502,2.0,1.0,0.0,0.0,False
WS_12064,1.0,0.0,0.0,0.0,False
lpt-10127,2.0,1.0,0.0,0.0,False
VDR-11874.,0.0,0.0,0.0,0.0,True
VDR-10300,6.0,1.0,0.0,6.0,True
LPT-11325,8.0,0.0,1.0,3.0,True
VDR-12696,8.0,4.0,0.0,2.0,True
LPT_11784,1.0,1.0,0.0,0.0,False
WS_12879,1.0,0.0,0.0,0.0,False
VDR_10010,1.0,0.0,0.0,0.0,False
vdr-10166,1.0,0.0,0.0,0.0,False
WS-10569,4.0,0.0,0.0,4.0,True
WS-10606.corp.local,1.0,0.0,0.0,0.0,False
vdr-12776,1.0,0.0,0.0,0.0,False
VDR-11653,6.0,2.0,0.0,2.0,True
lpt-10259,4.0,2.0,0.0,0.0,False
lpt-10931,2.0,0.0,0.0,0.0,False
LPT-10075,7.0,2.0,0.0,3.0,True
LPT-11900,5.0,2.0,0.0,3.0,True
ws-10806,1.0,1.0,0.0,0.0,False
vdr-10577,1.0,0.0,0.0,0.0,False
LPT_11919,1.0,0.0,0.0,0.0,False
VDR-10093.corp.local,1.0,0.0,0.0,0.0,False
LPT-10804.corp.local,3.0,1.0,0.0,0.0,False
VDR-12150,12.0,2.0,2.0,2.0,True
VDR_10715,2.0,1.0,0.0,0.0,False
lpt-11425,4.0,2.0,0.0,0.0,False
LPT-11035,4.0,0.0,0.0,2.0,True
LPT-10395.corp.local,2.0,0.0,0.0,0.0,False
WS-12418,13.0,4.0,2.0,2.0,True
VDR-11872,4.0,2.0,0.0,6.0,False
vdr-12157,1.0,0.0,0.0,0.0,False
LPT-12407,6.0,2.0,0.0,2.0,False
lpt-12280,2.0,0.0,0.0,0.0,False
ws-11079,2.0,1.0,0.0,0.0,False
vdr-10282,1.0,1.0,0.0,0.0,False
LPT-12211.,0.0,0.0,0.0,0.0,True
VDR_11056,2.0,0.0,0.0,0.0,False
lpt-10360,2.0,0.0,0.0,0.0,False
LPT-10058,4.0,0.0,0.0,4.0,True
LPT-10002.corp.local,2.0,0.0,0.0,0.0,False
WS-10566,7.0,0.0,1.0,0.0,True
ws-11252,1.0,0.0,1.0,0.0,False
VDR_11797,1.0,1.0,0.0,0.0,False
LPT-11928,7.0,2.0,1.0,1.0,True
vdr-10642,1.0,1.0,0.0,0.0,False
VDR-11494.corp.local,1.0,0.0,0.0,0.0,False
lpt-10650,3.0,1.0,0.0,0.0,False
vdr-11199,2.0,0.0,0.0,0.0,False
ws-12908,2.0,1.0,0.0,0.0,False
LPT-12203.corp.local,1.0,0.0,0.0,0.0,False
vdr-10744,5.0,1.0,0.0,0.0,False
lpt-12182,2.0,0.0,0.0,0.0,False
VDR-10902,7.0,3.0,0.0,3.0,True
WS-11690,3.0,0.0,0.0,6.0,True
vdr-10718,1.0,0.0,0.0,0.0,False
VDR-11811,10.0,4.0,1.0,3.0,False
VDR-12269,5.0,3.0,0.0,1.0,True
lpt-10169,2.0,1.0,0.0,0.0,False
VDR_12568,1.0,0.0,0.0,0.0,False
lpt-10173,3.0,0.0,2.0,0.0,False
VDR-10222.corp.local,1.0,0.0,0.0,0.0,False
WS-12631.corp.local,3.0,0.0,0.0,0.0,False
LPT-11522,6.0,0.0,0.0,5.0,True
WS-12496,6.0,2.0,0.0,0.0,True
ws-11515,1.0,0.0,0.0,0.0,False
VDR-11510,8.0,3.0,1.0,1.0,True
VDR_11338,1.0,0.0,0.0,0.0,False
WS_12394,2.0,0.0,1.0,0.0,False
LPT_11300,3.0,0.0,0.0,0.0,False
WS-12117,5.0,1.0,1.0,3.0,True
vdr-11466,1.0,1.0,0.0,0.0,False
LPT-12300,8.0,0.0,1.0,2.0,True
ws-12559,1.0,0.0,0.0,0.0,False
LPT-10177,10.0,4.0,1.0,3.0,True
LPT-10289.,0.0,0.0,0.0,0.0,True
VDR-12121,8.0,2.0,1.0,3.0,True
vdr-11910,1.0,0.0,0.0,0.0,False
LPT-10779.corp.local,1.0,0.0,0.0,0.0,False
VDR-11445.corp.local,1.0,0.0,1.0,0.0,False
LPT-12149,5.0,2.0,1.0,2.0,True
lpt-10262,2.0,1.0,0.0,0.0,False
WS-12910,8.0,1.0,1.0,0.0,True
vdr-12613,2.0,0.0,0.0,0.0,False
VDR-12215,5.0,3.0,0.0,1.0,True
VDR-12906.corp.local,1.0,1.0,0.0,0.0,False
WS-11406.corp.local,1.0,0.0,0.0,0.0,False
lpt-12146,1.0,1.0,0.0,0.0,False
WS-11207,10.0,4.0,1.0,2.0,True
VDR-11643,4.0,1.0,0.0,4.0,True
LPT-10490.corp.local,1.0,0.0,0.0,0.0,False
ws-12733,3.0,1.0,0.0,0.0,False
WS_10895,1.0,1.0,0.0,0.0,False
VDR-12073,6.0,5.0,0.0,7.0,True
LPT_10204,1.0,1.0,0.0,0.0,False
vdr-10830,2.0,0.0,0.0,0.0,False
LPT-11163,11.0,1.0,1.0,4.0,True
VDR_12705,2.0,0.0,0.0,0.0,False
WS-12908.corp.local,2.0,0.0,0.0,0.0,False
LPT-10098,6.0,2.0,0.0,3.0,True
vdr-10992,2.0,0.0,0.0,0.0,False
VDR_12994,1.0,0.0,0.0,0.0,False
VDR_11214,1.0,0.0,0.0,0.0,False
LPT-11276,7.0,1.0,0.0,4.0,True
vdr-10597,1.0,1.0,0.0,0.0,False
VDR-11963.corp.local,2.0,0.0,0.0,0.0,False
lpt-10619,1.0,0.0,0.0,0.0,False
LPT_11661,1.0,0.0,0.0,0.0,False
LPT-12299,8.0,2.0,3.0,1.0,True
VDR_10208,1.0,0.0,0.0,0.0,False
WS_10549,1.0,0.0,0.0,0.0,False
VDR-11549,7.0,3.0,2.0,4.0,False
WS-10873.corp.local,1.0,0.0,0.0,0.0,False
LPT-10414.corp.local,1.0,0.0,0.0,0.0,False
vdr-10218,2.0,1.0,0.0,0.0,False
ws-11719,1.0,0.0,1.0,0.0,False
vdr-10592,3.0,0.0,0.0,0.0,False
VDR-11255.,0.0,0.0,0.0,0.0,True
LPT-11425.corp.local,1.0,0.0,0.0,0.0,False
LPT-11558,7.0,1.0,0.0,7.0,True
vdr-10093,2.0,1.0,0.0,0.0,False
LPT-10377.corp.local,1.0,0.0,0.0,0.0,False
VDR-12804.corp.local,1.0,0.0,0.0,0.0,False
ws-10184,1.0,1.0,0.0,0.0,False
ws-12082,2.0,1.0,0.0,0.0,False
WS_11743,1.0,0.0,0.0,0.0,False
WS-11393,3.0,1.0,0.0,3.0,True
LPT_12783,1.0,0.0,0.0,0.0,False
vdr-10079,1.0,1.0,0.0,0.0,False
vdr-10357,2.0,1.0,1.0,0.0,False
ws-12337,1.0,0.0,0.0,0.0,False
VDR-11253,3.0,1.0,2.0,3.0,True
LPT-12903,6.0,0.0,2.0,2.0,False
VDR_11232,1.0,0.0,0.0,0.0,False
LPT_11030,1.0,0.0,0.0,0.0,False
ws-10512,2.0,0.0,0.0,0.0,False
WS-10190,4.0,0.0,1.0,5.0,False
LPT-11058.corp.local,1.0,0.0,1.0,0.0,False
VDR_11812,2.0,0.0,1.0,0.0,False
VDR-11327,10.0,2.0,0.0,3.0,True
VDR-10096,5.0,0.0,0.0,7.0,True
WS_11749,1.0,0.0,0.0,0.0,False
VDR-10903,3.0,1.0,0.0,4.0,True
vdr-10877,2.0,1.0,0.0,0.0,False
VDR-11402.corp.local,1.0,0.0,0.0,0.0,False
LPT_12086,1.0,0.0,0.0,0.0,False
LPT-12494,5.0,1.0,0.0,0.0,True
lpt-12098,1.0,1.0,0.0,0.0,False
VDR-10234,4.0,0.0,0.0,5.0,True
WS-12509,4.0,2.0,0.0,2.0,True
VDR-10712,3.0,0.0,0.0,2.0,True
LPT-12196,6.0,0.0,0.0,0.0,True
VDR_11445,1.0,0.0,0.0,0.0,False
VDR_11312,1.0,0.0,0.0,0.0,False
WS_12637,1.0,0.0,0.0,0.0,False
WS-11871,4.0,1.0,1.0,2.0,True
LPT_12349,1.0,0.0,0.0,0.0,False
LPT-10479.corp.local,2.0,1.0,0.0,0.0,False
VDR_12552,2.0,1.0,0.0,0.0,False
LPT-12263,6.0,1.0,0.0,3.0,True
WS-12501,7.0,3.0,0.0,4.0,True
WS-11044.corp.local,1.0,0.0,0.0,0.0,False
LPT-11539,5.0,1.0,0.0,2.0,False
VDR-12863.corp.local,1.0,0.0,0.0,0.0,False
lpt-10901,2.0,0.0,0.0,0.0,False
LPT-10663,7.0,2.0,0.0,2.0,True
VDR_12678,1.0,1.0,0.0,0.0,False
WS-12682.,0.0,0.0,0.0,0.0,True
WS-12478.corp.local,3.0,0.0,1.0,0.0,False
LPT_11834,1.0,1.0,0.0,0.0,False
VDR_10902,2.0,0.0,0.0,0.0,False
LPT-10537,5.0,0.0,0.0,0.0,True
lpt-12138,1.0,0.0,0.0,0.0,False
WS-11301.corp.local,1.0,0.0,0.0,0.0,False
VDR_11455,1.0,0.0,1.0,0.0,False
WS-11301,12.0,2.0,0.0,2.0,True
LPT_10133,2.0,0.0,0.0,0.0,False
ws-12529,1.0,0.0,0.0,0.0,False
VDR-10042,4.0,2.0,0.0,6.0,True
LPT-11446,10.0,1.0,0.0,2.0,True
VDR-11014,6.0,3.0,0.0,0.0,True
ws-10579,1.0,0.0,0.0,0.0,False
VDR-10633,9.0,2.0,1.0,3.0,False
VDR-10164,13.0,0.0,0.0,2.0,True
LPT_11568,1.0,1.0,0.0,0.0,False
LPT-12611.corp.local,1.0,1.0,0.0,0.0,False
vdr-10698,3.0,1.0,0.0,0.0,False
vdr-12403,4.0,0.0,0.0,0.0,False
LPT-10360.corp.local,1.0,1.0,0.0,0.0,False
WS-11952,14.0,3.0,3.0,2.0,True
LPT-12421,5.0,1.0,1.0,0.0,True
vdr-10906,3.0,1.0,0.0,0.0,False
VDR-10504,8.0,2.0,0.0,5.0,True
VDR-11665,6.0,1.0,0.0,4.0,False
WS_12953,1.0,1.0,1.0,0.0,False
lpt-11478,3.0,1.0,0.0,0.0,False
WS-10155,13.0,2.0,2.0,0.0,True
VDR-11042.corp.local,2.0,1.0,0.0,0.0,False
lpt-12299,1.0,0.0,0.0,0.0,False
WS-10994.corp.local,2.0,0.0,1.0,0.0,False
VDR-12400.corp.local,1.0,0.0,0.0,0.0,False
VDR-10057.corp.local,1.0,0.0,0.0,0.0,False
VDR-12123,10.0,4.0,0.0,4.0,True
LPT_10593,1.0,0.0,1.0,0.0,False
VDR_12141,1.0,0.0,0.0,0.0,False
VDR-11038,3.0,0.0,0.0,2.0,True
vdr-12400,1.0,0.0,0.0,0.0,False
VDR-11003.corp.local,1.0,0.0,0.0,0.0,False
LPT_12651,1.0,1.0,0.0,0.0,False
LPT-10881,10.0,1.0,0.0,4.0,True
WS-10365.corp.local,1.0,1.0,0.0,0.0,False
ws-10313,2.0,1.0,0.0,0.0,False
vdr-10715,2.0,0.0,0.0,0.0,False
LPT-10067.corp.local,2.0,1.0,0.0,0.0,False
ws-10932,3.0,2.0,0.0,0.0,False
ws-12632,2.0,0.0,0.0,0.0,False
VDR_11087,1.0,0.0,0.0,0.0,False
vdr-12113,1.0,0.0,1.0,0.0,False
WS-10352,10.0,4.0,0.0,3.0,True
VDR-11231.corp.local,1.0,1.0,0.0,0.0,False
lpt-11432,1.0,0.0,0.0,0.0,False
LPT-12551.corp.local,3.0,1.0,0.0,0.0,False
WS-11248,7.0,0.0,1.0,1.0,True
WS-10064,4.0,0.0,0.0,4.0,True
VDR_10672,2.0,0.0,0.0,0.0,False
vdr-11979,1.0,0.0,0.0,0.0,False
VDR-11592,9.0,3.0,2.0,4.0,False
VDR-11592.,0.0,0.0,0.0,0.0,True
LPT-11886,7.0,1.0,1.0,1.0,True
VDR-10715,8.0,0.0,0.0,1.0,False
LPT-12766,7.0,3.0,0.0,3.0,True
WS-10686.corp.local,1.0,0.0,0.0,0.0,False
LPT_12066,1.0,0.0,0.0,0.0,False
LPT-11818,7.0,2.0,0.0,4.0,True
VDR-12075,8.0,1.0,1.0,0.0,True
WS-10149,5.0,0.0,1.0,0.0,True
ws-12952,1.0,0.0,0.0,0.0,False
VDR_10361,3.0,0.0,1.0,0.0,False
WS-10591.corp.local,2.0,1.0,0.0,0.0,False
WS-10121.corp.local,3.0,1.0,0.0,0.0,False
LPT-11679,2.0,0.0,0.0,6.0,True
VDR-10914,7.0,3.0,0.0,6.0,False
WS-11894,6.0,1.0,0.0,4.0,False
LPT-11326.,0.0,0.0,0.0,0.0,True
WS-11860,7.0,1.0,1.0,3.0,True
LPT-12427.corp.local,2.0,1.0,0.0,0.0,False
lpt-10459,1.0,1.0,0.0,0.0,False
VDR_10983,1.0,0.0,0.0,0.0,False
WS-12855,3.0,1.0,0.0,3.0,True
WS-12872,6.0,4.0,1.0,3.0,True
WS-10456,4.0,1.0,1.0,1.0,True
VDR-11225,5.0,2.0,0.0,4.0,True
LPT_12203,1.0,1.0,0.0,0.0,False
lpt-10669,1.0,0.0,1.0,0.0,False
ws-10526,4.0,1.0,0.0,0.0,False
WS-10467,10.0,2.0,0.0,4.0,True
LPT-10956,7.0,1.0,0.0,0.0,True
LPT-11105,6.0,0.0,1.0,1.0,True
lpt-10229,1.0,0.0,0.0,0.0,False
WS-11975.corp.local,2.0,0.0,1.0,0.0,False
LPT_11376,3.0,2.0,0.0,0.0,False
VDR-11314.corp.local,1.0,0.0,0.0,0.0,False
VDR_10166,1.0,1.0,0.0,0.0,False
WS_12124,2.0,1.0,0.0,0.0,False
VDR-11610,7.0,2.0,0.0,4.0,False
vdr-11083,1.0,1.0,1.0,0.0,False
LPT-12259,6.0,2.0,1.0,2.0,True
ws-11098,2.0,1.0,0.0,0.0,False
lpt-11640,1.0,0.0,0.0,0.0,False
vdr-12770,1.0,0.0,0.0,0.0,False
WS-11777,7.0,4.0,0.0,2.0,True
WS-11132,8.0,2.0,0.0,3.0,True
WS_10181,1.0,1.0,0.0,0.0,False
vdr-11117,3.0,0.0,0.0,0.0,False
VDR-11150.corp.local,2.0,0.0,1.0,0.0,False
vdr-11421,1.0,0.0,0.0,0.0,False
lpt-10373,1.0,1.0,0.0,0.0,False
lpt-10398,2.0,1.0,0.0,0.0,False
LPT-12086,4.0,0.0,0.0,4.0,True
LPT-11304,4.0,0.0,0.0,2.0,True
lpt-10986,1.0,1.0,0.0,0.0,False
LPT-11728,9.0,1.0,0.0,2.0,True
vdr-11921,1.0,0.0,0.0,0.0,False
VDR_12602,2.0,0.0,1.0,0.0,False
WS-11923.corp.local,2.0,0.0,1.0,0.0,False
vdr-10867,3.0,0.0,0.0,0.0,False
WS-11885.corp.local,3.0,0.0,0.0,0.0,False
WS-10355.corp.local,1.0,1.0,0.0,0.0,False
lpt-12202,3.0,1.0,0.0,0.0,False
ws-12469,1.0,0.0,0.0,0.0,False
LPT-12304,7.0,2.0,2.0,3.0,True
LPT-11485.corp.local,1.0,0.0,0.0,0.0,False
WS_11601,2.0,0.0,0.0,0.0,False
ws-12234,1.0,0.0,0.0,0.0,False
WS-10307,10.0,2.0,2.0,6.0,True
WS-12468,9.0,1.0,1.0,4.0,True
WS_11630,1.0,0.0,0.0,0.0,False
LPT-10616.corp.local,1.0,0.0,0.0,0.0,False
WS_11252,1.0,0.0,0.0,0.0,False
VDR-11130,6.0,0.0,0.0,5.0,True
LPT-11526,8.0,0.0,0.0,3.0,True
LPT_11085,2.0,2.0,0.0,0.0,False
lpt-11568,1.0,0.0,0.0,0.0,False
vdr-10296,1.0,0.0,0.0,0.0,False
lpt-10275,1.0,0.0,0.0,0.0,False
VDR-12405,4.0,0.0,0.0,2.0,True
WS-10121,7.0,1.0,1.0,4.0,True
WS-11053.corp.local,2.0,0.0,0.0,0.0,False
VDR_10147,2.0,0.0,0.0,0.0,False
LPT-12651,13.0,2.0,1.0,5.0,True
LPT-10609,9.0,2.0,1.0,1.0,True
LPT-10516.corp.local,1.0,0.0,1.0,0.0,False
VDR_11697,1.0,1.0,1.0,0.0,False
WS-11948.corp.local,1.0,0.0,0.0,0.0,False
WS-11221,4.0,1.0,0.0,3.0,True
VDR-12906,4.0,0.0,0.0,2.0,True
LPT-11826.corp.local,2.0,0.0,0.0,0.0,False
VDR_10599,1.0,1.0,1.0,0.0,False
lpt-12766,2.0,0.0,1.0,0.0,False
ws-11354,3.0,1.0,0.0,0.0,False
WS-11241,5.0,4.0,0.0,3.0,True
WS_11248,1.0,0.0,0.0,0.0,False
VDR-11848,4.0,1.0,0.0,1.0,True
lpt-10951,2.0,0.0,0.0,0.0,False
WS-10151,13.0,1.0,3.0,2.0,True
WS-11820,11.0,4.0,0.0,1.0,True
ws-10241,1.0,0.0,0.0,0.0,False
WS_10635,2.0,1.0,0.0,0.0,False
VDR-11999.corp.local,3.0,0.0,0.0,0.0,False
VDR-11935,6.0,1.0,1.0,4.0,True
ws-12077,2.0,1.0,0.0,0.0,False
WS_10828,1.0,0.0,0.0,0.0,False
WS-11791,12.0,2.0,0.0,0.0,True
LPT-12761,3.0,0.0,0.0,4.0,False
vdr-12163,1.0,0.0,0.0,0.0,False
VDR-10791.corp.local,1.0,0.0,0.0,0.0,False
VDR-12463.corp.local,1.0,0.0,0.0,0.0,False
WS_10394,1.0,0.0,0.0,0.0,False
LPT-12044.corp.local,4.0,1.0,0.0,0.0,False
VDR-12152.,0.0,0.0,0.0,0.0,True
LPT_12377,2.0,0.0,0.0,0.0,False
LPT-10410.corp.local,2.0,0.0,0.0,0.0,False
lpt-10657,1.0,0.0,0.0,0.0,False
LPT_12539,1.0,1.0,0.0,0.0,False
VDR-12122.corp.local,1.0,0.0,0.0,0.0,False
WS-11295,6.0,0.0,0.0,4.0,True
ws-12631,2.0,0.0,0.0,0.0,False
LPT_12132,1.0,1.0,0.0,0.0,False
WS-12633,8.0,3.0,0.0,2.0,True
VDR-11449.corp.local,1.0,0.0,0.0,0.0,False
WS-11847,10.0,2.0,0.0,3.0,True
WS-10916,2.0,2.0,1.0,4.0,True
vdr-12487,2.0,0.0,0.0,0.0,False
VDR-11778,7.0,2.0,0.0,3.0,True
WS-11168,11.0,2.0,1.0,2.0,True
LPT-10216,5.0,1.0,0.0,4.0,True
LPT-10046,6.0,1.0,0.0,3.0,True
VDR-10492,7.0,2.0,1.0,5.0,True
vdr-10735,4.0,1.0,0.0,0.0,False
lpt-10670,1.0,0.0,1.0,0.0,False
VDR-10856,9.0,1.0,0.0,1.0,True
LPT-11280,7.0,3.0,0.0,4.0,True
LPT-12355.corp.local,1.0,1.0,1.0,0.0,False
VDR-10680,10.0,2.0,2.0,3.0,True
WS-11987,12.0,2.0,1.0,1.0,True
LPT-10037,4.0,0.0,0.0,1.0,True
WS-10564.,0.0,0.0,0.0,0.0,True
lpt-12541,1.0,0.0,0.0,0.0,False
WS_11803,2.0,0.0,0.0,0.0,False
VDR-11589,5.0,2.0,2.0,2.0,True
VDR-11703,7.0,1.0,1.0,2.0,True
vdr-11419,1.0,0.0,0.0,0.0,False
LPT_10927,1.0,0.0,0.0,0.0,False
VDR-11588.corp.local,1.0,0.0,0.0,0.0,False
WS-12319,4.0,2.0,2.0,6.0,True
WS_11820,2.0,1.0,1.0,0.0,False
lpt-12683,4.0,1.0,0.0,0.0,False
LPT-10972,5.0,0.0,0.0,1.0,True
ws-10973,1.0,0.0,0.0,0.0,False
WS_12514,1.0,0.0,0.0,0.0,False
VDR_12777,1.0,0.0,0.0,0.0,False
LPT-10630,4.0,2.0,1.0,3.0,True
LPT-12616,10.0,2.0,0.0,3.0,False
LPT-10547,6.0,3.0,1.0,3.0,False
WS-10232,6.0,2.0,1.0,0.0,True
WS_10526,1.0,0.0,0.0,0.0,False
WS-10476.corp.local,1.0,0.0,0.0,0.0,False
WS-10397,8.0,1.0,1.0,3.0,False
vdr-12160,1.0,0.0,0.0,0.0,False
WS-12601.corp.local,1.0,0.0,0.0,0.0,False
LPT-11554,7.0,2.0,0.0,3.0,True
WS-12290,2.0,0.0,0.0,1.0,True
VDR-11214,12.0,4.0,1.0,2.0,True
lpt-10372,2.0,0.0,0.0,0.0,False
LPT-11453.corp.local,2.0,1.0,0.0,0.0,False
ws-11418,1.0,0.0,0.0,0.0,False
WS-10136,9.0,1.0,2.0,6.0,True
VDR-10608.,0.0,0.0,0.0,0.0,True
LPT-12739,8.0,4.0,0.0,2.0,True
LPT_12607,1.0,0.0,0.0,0.0,False
WS-10649.corp.local,2.0,0.0,0.0,0.0,False
VDR-12130.corp.local,1.0,0.0,0.0,0.0,False
VDR-11455,7.0,1.0,1.0,3.0,True
VDR-10140.corp.local,1.0,0.0,1.0,0.0,False
LPT-11977,3.0,1.0,1.0,2.0,True
VDR-10282.corp.local,3.0,2.0,0.0,0.0,False
LPT-11103,7.0,2.0,0.0,3.0,False
LPT-11780.corp.local,1.0,0.0,0.0,0.0,False
LPT-10055.corp.local,1.0,0.0,0.0,0.0,False
VDR-10768,5.0,2.0,1.0,1.0,True
vdr-12435,1.0,0.0,0.0,0.0,False
WS-10996.corp.local,1.0,0.0,0.0,0.0,False
ws-12713,3.0,1.0,0.0,0.0,False
WS-10823,9.0,2.0,0.0,3.0,True
ws-12501,3.0,1.0,0.0,0.0,False
WS-11896,10.0,0.0,1.0,1.0,True
WS-11352.corp.local,3.0,1.0,0.0,0.0,False
LPT-10804,7.0,1.0,0.0,1.0,True
WS_10726,1.0,1.0,0.0,0.0,False
LPT-12402,8.0,3.0,0.0,2.0,True
VDR-10226,7.0,1.0,1.0,2.0,True
VDR-12336,6.0,2.0,0.0,4.0,True
VDR-11445,7.0,3.0,1.0,3.0,True
VDR-12020,9.0,1.0,0.0,3.0,True
VDR-12178.corp.local,2.0,0.0,0.0,0.0,False
VDR-10778,6.0,1.0,3.0,5.0,True
lpt-11124,2.0,1.0,1.0,0.0,False
WS-11533,9.0,3.0,0.0,2.0,True
LPT-12014,4.0,2.0,0.0,3.0,True
lpt-12263,1.0,1.0,0.0,0.0,False
LPT-12475.corp.local,3.0,1.0,0.0,0.0,False
WS_12041,1.0,0.0,0.0,0.0,False
vdr-10768,1.0,1.0,0.0,0.0,False
LPT-10653.corp.local,2.0,0.0,0.0,0.0,False
WS-11308,4.0,2.0,1.0,1.0,True
VDR_11787,2.0,0.0,0.0,0.0,False
LPT-10395,5.0,2.0,1.0,0.0,True
WS_10683,1.0,0.0,0.0,0.0,False
VDR-10279.corp.local,4.0,3.0,0.0,0.0,False
WS-11313,9.0,1.0,1.0,2.0,True
lpt-10782,3.0,0.0,0.0,0.0,False
lpt-12522,2.0,1.0,0.0,0.0,False
LPT-11788,3.0,2.0,0.0,4.0,True
WS-12234,7.0,0.0,2.0,4.0,True
lpt-12729,1.0,0.0,0.0,0.0,False
LPT-11219,4.0,1.0,1.0,2.0,True
VDR-10605.corp.local,2.0,0.0,0.0,0.0,False
VDR-11095,2.0,0.0,0.0,5.0,True
WS-10319,6.0,2.0,1.0,1.0,True
ws-12307,1.0,1.0,0.0,0.0,False
VDR_11507,2.0,0.0,0.0,0.0,False
VDR_10498,1.0,1.0,0.0,0.0,False
VDR-10233.corp.local,1.0,0.0,0.0,0.0,False
LPT-12569,3.0,2.0,1.0,0.0,True
WS_10156,1.0,0.0,0.0,0.0,False
WS-10344,7.0,1.0,0.0,2.0,True
vdr-10016,3.0,0.0,0.0,0.0,False
vdr-11402,3.0,1.0,0.0,0.0,False
VDR-12388,5.0,0.0,2.0,6.0,True
ws-11651,1.0,0.0,0.0,0.0,False
LPT-10842.,0.0,0.0,0.0,0.0,True
WS_12878,1.0,0.0,0.0,0.0,False
LPT_10130,1.0,0.0,0.0,0.0,False
vdr-12692,1.0,1.0,1.0,0.0,False
ws-11390,2.0,1.0,1.0,0.0,False
vdr-10528,2.0,0.0,0.0,0.0,False
WS_11243,3.0,0.0,2.0,0.0,False
VDR-11165,5.0,1.0,1.0,3.0,True
WS-11894.,0.0,0.0,0.0,0.0,True
LPT-12316,7.0,0.0,0.0,5.0,True
LPT-12903.corp.local,3.0,1.0,0.0,0.0,False
LPT-12645,5.0,1.0,1.0,2.0,True
ws-12751,1.0,0.0,0.0,0.0,False
WS-12062,9.0,3.0,1.0,2.0,True
VDR-12513.corp.local,1.0,0.0,1.0,0.0,False
WS_10998,1.0,0.0,0.0,0.0,False
lpt-11736,1.0,0.0,0.0,0.0,False
VDR-11001.corp.local,1.0,1.0,0.0,0.0,False
LPT-12714,7.0,2.0,0.0,0.0,True
WS-12728,11.0,4.0,0.0,2.0,True
VDR-12771,18.0,6.0,2.0,1.0,True
WS-10530.corp.local,1.0,1.0,0.0,0.0,False
LPT-12670,6.0,0.0,1.0,3.0,True
LPT-12522,15.0,2.0,1.0,3.0,True
LPT_11023,1.0,0.0,0.0,0.0,False
WS-11828.corp.local,1.0,1.0,0.0,0.0,False
ws-12084,1.0,0.0,0.0,0.0,False
VDR-10767.corp.local,1.0,0.0,0.0,0.0,False
lpt-12968,4.0,0.0,0.0,0.0,False
VDR-11439,9.0,3.0,0.0,2.0,True
WS-10699.corp.local,1.0,1.0,0.0,0.0,False
VDR-11021,5.0,0.0,2.0,2.0,True
WS-12999.corp.local,2.0,0.0,0.0,0.0,False
WS-10063,6.0,2.0,1.0,3.0,False
lpt-11914,2.0,0.0,0.0,0.0,False
ws-10870,1.0,0.0,0.0,0.0,False
WS-11924,11.0,2.0,0.0,2.0,True
WS-12422,7.0,2.0,1.0,3.0,True
LPT-10785,7.0,0.0,0.0,2.0,True
LPT_12730,1.0,0.0,0.0,0.0,False
VDR-11227.corp.local,1.0,0.0,0.0,0.0,False
WS-11198,11.0,3.0,1.0,0.0,False
lpt-11440,2.0,0.0,0.0,0.0,False
LPT-11472.corp.local,2.0,0.0,0.0,0.0,False
ws-10916,1.0,0.0,0.0,0.0,False
VDR_10768,1.0,0.0,0.0,0.0,False
lpt-12354,2.0,0.0,1.0,0.0,False
WS-11719.corp.local,2.0,0.0,0.0,0.0,False
VDR-10285,7.0,1.0,0.0,3.0,True
WS_12232,1.0,1.0,0.0,0.0,False
LPT-12960,16.0,5.0,2.0,2.0,True
VDR-10110.corp.local,1.0,0.0,0.0,0.0,False
VDR-10805.corp.local,1.0,0.0,1.0,0.0,False
LPT-12475,5.0,0.0,0.0,3.0,False
WS-12929,11.0,3.0,1.0,1.0,True
LPT_11869,1.0,0.0,0.0,0.0,False
ws-11867,2.0,0.0,0.0,0.0,False
VDR-10626,6.0,1.0,0.0,5.0,True
LPT-12767.corp.local,1.0,0.0,0.0,0.0,False
WS-10078,8.0,1.0,1.0,1.0,True
LPT-10881.corp.local,2.0,0.0,0.0,0.0,False
LPT_10777,1.0,0.0,0.0,0.0,False
ws-11553,3.0,0.0,1.0,0.0,False
LPT_12708,1.0,0.0,0.0,0.0,False
WS-11899,9.0,2.0,0.0,1.0,False
LPT-11282.corp.local,1.0,0.0,0.0,0.0,False
VDR-11167.corp.local,2.0,0.0,0.0,0.0,False
WS-10526,5.0,1.0,0.0,2.0,True
VDR_11832,1.0,1.0,0.0,0.0,False
WS-10706,10.0,3.0,0.0,2.0,True
LPT-12924,6.0,2.0,1.0,2.0,True
vdr-10533,1.0,0.0,0.0,0.0,False
ws-10505,2.0,1.0,0.0,0.0,False
VDR-10925,7.0,2.0,0.0,4.0,True
LPT-11202.,0.0,0.0,0.0,0.0,True
lpt-12864,2.0,0.0,0.0,0.0,False
lpt-10217,2.0,0.0,0.0,0.0,False
VDR-10093.,0.0,0.0,0.0,0.0,True
ws-12834,1.0,1.0,0.0,0.0,False
LPT-10431,3.0,1.0,0.0,4.0,True
ws-12938,1.0,0.0,0.0,0.0,False
lpt-11762,2.0,0.0,0.0,0.0,False
vdr-10689,2.0,0.0,0.0,0.0,False
WS_12695,2.0,1.0,0.0,0.0,False
ws-11223,1.0,0.0,0.0,0.0,False
lpt-12197,2.0,1.0,0.0,0.0,False
lpt-10545,2.0,1.0,0.0,0.0,False
LPT_12094,2.0,1.0,0.0,0.0,False
WS-11424,9.0,3.0,1.0,0.0,True
WS-10814,7.0,1.0,1.0,0.0,True
VDR_10857,1.0,0.0,0.0,0.0,False
VDR_12251,1.0,1.0,0.0,0.0,False
LPT-10054,7.0,1.0,0.0,3.0,True
LPT-10679,4.0,1.0,0.0,3.0,True
WS_10172,1.0,1.0,0.0,0.0,False
LPT-12829,13.0,2.0,2.0,0.0,True
WS-11320.corp.local,1.0,0.0,0.0,0.0,False
VDR-10278.corp.local,2.0,0.0,0.0,0.0,False
vdr-10109,1.0,0.0,0.0,0.0,False
LPT-11070.corp.local,2.0,1.0,0.0,0.0,False
WS_10442,1.0,1.0,0.0,0.0,False
WS-12189,3.0,1.0,0.0,1.0,True
WS-10913,4.0,2.0,1.0,1.0,True
LPT-11786.corp.local,1.0,0.0,0.0,0.0,False
ws-11690,2.0,0.0,0.0,0.0,False
LPT-11187,4.0,1.0,1.0,0.0,True
VDR-11404,7.0,2.0,0.0,3.0,True
vdr-11566,3.0,0.0,0.0,0.0,False
VDR-10474,12.0,2.0,3.0,2.0,True
ws-12984,3.0,0.0,0.0,0.0,False
WS-10190.corp.local,2.0,0.0,1.0,0.0,False
LPT_10987,1.0,0.0,0.0,0.0,False
WS-10918.corp.local,3.0,2.0,0.0,0.0,False
lpt-11129,2.0,0.0,0.0,0.0,False
WS_11517,1.0,0.0,0.0,0.0,False
vdr-11877,3.0,1.0,0.0,0.0,False
VDR-11479.corp.local,1.0,0.0,0.0,0.0,False
VDR-11650,7.0,0.0,0.0,1.0,True
LPT-12208,7.0,1.0,0.0,3.0,True
WS_10916,1.0,0.0,0.0,0.0,False
WS-12571,8.0,2.0,1.0,1.0,True
ws-11814,1.0,0.0,0.0,0.0,False
WS-10284.corp.local,1.0,0.0,0.0,0.0,False
lpt-10194,1.0,1.0,0.0,0.0,False
VDR-11778.corp.local,1.0,0.0,0.0,0.0,False
WS-10417.corp.local,1.0,0.0,0.0,0.0,False
ws-10764,1.0,0.0,0.0,0.0,False
LPT-11271.corp.local,1.0,0.0,0.0,0.0,False
VDR-11817.corp.local,2.0,1.0,0.0,0.0,False
WS-11923,4.0,0.0,1.0,6.0,False
vdr-10648,4.0,1.0,1.0,0.0,False
lpt-10122,2.0,0.0,0.0,0.0,False
LPT-12670.corp.local,1.0,1.0,0.0,0.0,False
LPT-11161.corp.local,1.0,0.0,0.0,0.0,False
LPT-12691,6.0,0.0,0.0,3.0,False
LPT-11311,2.0,1.0,0.0,2.0,False
LPT-11604,8.0,2.0,0.0,4.0,True
LPT-10651,9.0,2.0,0.0,3.0,False
LPT-10719,11.0,2.0,1.0,2.0,True
LPT-10909.corp.local,2.0,0.0,0.0,0.0,False
WS-10568.corp.local,3.0,1.0,1.0,0.0,False
VDR_10346,2.0,0.0,0.0,0.0,False
LPT-11705,8.0,1.0,0.0,4.0,True
VDR-12919,12.0,0.0,0.0,3.0,True
VDR-12483.corp.local,1.0,0.0,1.0,0.0,False
VDR-12453,4.0,0.0,1.0,0.0,True
VDR-12145.corp.local,1.0,0.0,0.0,0.0,False
lpt-10957,1.0,0.0,0.0,0.0,False
WS-10578,8.0,0.0,1.0,4.0,True
WS_12791,1.0,0.0,0.0,0.0,False
VDR-11557.corp.local,2.0,0.0,0.0,0.0,False
VDR-11647,2.0,0.0,0.0,0.0,True
VDR-10016,10.0,3.0,1.0,1.0,True
WS-10908.corp.local,1.0,0.0,0.0,0.0,False
VDR-10825,9.0,1.0,1.0,5.0,True
vdr-10914,2.0,0.0,0.0,0.0,False
VDR-10237.corp.local,1.0,0.0,0.0,0.0,False
VDR-11861,5.0,0.0,1.0,1.0,True
WS-12589.corp.local,1.0,0.0,0.0,0.0,False
LPT-12947.corp.local,2.0,0.0,1.0,0.0,False
VDR-11556,4.0,2.0,0.0,3.0,True
LPT_11902,1.0,0.0,0.0,0.0,False
LPT-11831,4.0,1.0,0.0,2.0,True
LPT-12229.corp.local,3.0,1.0,0.0,0.0,False
vdr-11962,1.0,0.0,0.0,0.0,False
VDR-10977,9.0,3.0,0.0,7.0,True
ws-10185,2.0,0.0,0.0,0.0,False
VDR-12154,4.0,2.0,0.0,2.0,True
vdr-12200,2.0,2.0,0.0,0.0,False
LPT-10418.corp.local,2.0,0.0,1.0,0.0,False
lpt-10804,1.0,1.0,0.0,0.0,False
VDR_10776,1.0,0.0,0.0,0.0,False
vdr-12177,1.0,0.0,1.0,0.0,False
LPT-12043,8.0,2.0,0.0,4.0,False
vdr-12137,2.0,0.0,0.0,0.0,False
ws-11657,1.0,0.0,0.0,0.0,False
LPT-10636,5.0,0.0,2.0,3.0,True
vdr-11576,1.0,0.0,0.0,0.0,False
LPT-12329.corp.local,2.0,1.0,0.0,0.0,False
LPT-12603.corp.local,1.0,1.0,0.0,0.0,False
WS_11896,2.0,0.0,0.0,0.0,False
ws-11545,1.0,0.0,1.0,0.0,False
lpt-10075,1.0,0.0,0.0,0.0,False
LPT_10289,1.0,0.0,0.0,0.0,False
VDR-12177,5.0,1.0,0.0,0.0,True
WS-11473,10.0,3.0,1.0,1.0,True
VDR-11377.corp.local,2.0,0.0,0.0,0.0,False
WS-12790,9.0,1.0,1.0,1.0,True
vdr-11709,1.0,1.0,0.0,0.0,False
LPT_10669,1.0,0.0,0.0,0.0,False
LPT-12429.corp.local,1.0,0.0,0.0,0.0,False
LPT_12635,1.0,0.0,0.0,0.0,False
LPT-12634,7.0,2.0,0.0,0.0,True
WS-12902,11.0,3.0,2.0,2.0,True
WS-11153.corp.local,2.0,1.0,1.0,0.0,False
WS_10149,1.0,0.0,0.0,0.0,False
VDR-10688.corp.local,1.0,0.0,0.0,0.0,False
WS-12343,2.0,1.0,0.0,2.0,True
WS-10824,4.0,1.0,1.0,4.0,False
VDR-12919.corp.local,1.0,0.0,0.0,0.0,False
LPT_10563,1.0,0.0,0.0,0.0,False
WS-12671,15.0,2.0,1.0,2.0,True
WS_11295,2.0,0.0,0.0,0.0,False
WS_12830,1.0,0.0,0.0,0.0,False
lpt-10221,2.0,0.0,0.0,0.0,False
ws-10586,2.0,1.0,0.0,0.0,False
LPT-11710,6.0,1.0,0.0,1.0,True
lpt-11107,1.0,0.0,0.0,0.0,False
WS-12037,5.0,0.0,0.0,2.0,True
WS-10809,9.0,3.0,0.0,4.0,True
ws-12898,4.0,0.0,0.0,0.0,False
VDR-11490,8.0,1.0,1.0,2.0,True
LPT-12640,6.0,2.0,0.0,3.0,True
ws-10369,1.0,0.0,1.0,0.0,False
VDR-12758.corp.local,1.0,0.0,0.0,0.0,False
LPT-12149.corp.local,2.0,2.0,0.0,0.0,False
VDR-10527,9.0,2.0,1.0,6.0,False
WS-11864,2.0,0.0,0.0,2.0,False
lpt-12056,2.0,0.0,0.0,0.0,False
LPT-12351,3.0,1.0,0.0,1.0,True
VDR-11634.corp.local,2.0,1.0,0.0,0.0,False
WS-10582,7.0,2.0,1.0,2.0,True
VDR-10631,5.0,0.0,1.0,3.0,True
LPT-12429,5.0,1.0,0.0,7.0,True
vdr-10761,1.0,0.0,0.0,0.0,False
ws-11777,1.0,0.0,1.0,0.0,False
vdr-10154,1.0,0.0,1.0,0.0,False
VDR-12519,11.0,0.0,1.0,2.0,True
WS-10150.corp.local,1.0,1.0,0.0,0.0,False
LPT-10289,5.0,1.0,1.0,1.0,False
LPT_11414,1.0,0.0,1.0,0.0,False
vdr-11378,2.0,0.0,1.0,0.0,False
WS_12081,1.0,0.0,0.0,0.0,False
WS_12449,1.0,0.0,0.0,0.0,False
vdr-10310,3.0,1.0,0.0,0.0,False
VDR-12184.corp.local,2.0,0.0,0.0,0.0,False
lpt-10751,1.0,0.0,0.0,0.0,False
WS_10045,1.0,0.0,0.0,0.0,False
LPT-12239.corp.local,1.0,1.0,0.0,0.0,False
WS-11218.corp.local,1.0,0.0,0.0,0.0,False
WS-11009.,0.0,0.0,0.0,0.0,True
ws-11543,1.0,1.0,0.0,0.0,False
WS-10774,7.0,1.0,1.0,2.0,True
LPT-10612,4.0,2.0,0.0,0.0,True
lpt-11886,1.0,0.0,0.0,0.0,False
lpt-10630,1.0,0.0,0.0,0.0,False
WS-11750.corp.local,1.0,0.0,0.0,0.0,False
LPT-12681,3.0,1.0,0.0,4.0,True
WS-11462,4.0,2.0,1.0,4.0,True
LPT-11176,3.0,1.0,1.0,2.0,True
lpt-10104,1.0,1.0,0.0,0.0,False
LPT-11134.corp.local,2.0,1.0,0.0,0.0,False
LPT-10141.corp.local,1.0,0.0,0.0,0.0,False
vdr-11632,2.0,1.0,0.0,0.0,False
WS_11260,1.0,0.0,0.0,0.0,False
WS-12599,9.0,1.0,0.0,0.0,True
WS-12368,8.0,2.0,0.0,4.0,True
ws-12872,3.0,2.0,0.0,0.0,False
LPT-10483,10.0,2.0,1.0,4.0,True
ws-11462,1.0,0.0,0.0,0.0,False
ws-11059,1.0,0.0,0.0,0.0,False
WS_10280,2.0,0.0,0.0,0.0,False
ws-11503,1.0,1.0,0.0,0.0,False
WS-12112.corp.local,1.0,0.0,1.0,0.0,False
lpt-12539,1.0,1.0,0.0,0.0,False
LPT-12721,8.0,1.0,1.0,2.0,True
LPT_12252,2.0,1.0,0.0,0.0,False
vdr-10899,1.0,0.0,0.0,0.0,False
vdr-12241,3.0,0.0,1.0,0.0,False
WS-12751,2.0,0.0,0.0,3.0,False
WS-12711,7.0,2.0,0.0,3.0,True
vdr-12129,5.0,0.0,1.0,0.0,False
VDR-11901.corp.local,1.0,0.0,0.0,0.0,False
WS-12711.corp.local,1.0,0.0,0.0,0.0,False
vdr-10020,3.0,2.0,1.0,0.0,False
lpt-12946,1.0,0.0,0.0,0.0,False
ws-11623,1.0,0.0,0.0,0.0,False
VDR-11420.corp.local,1.0,0.0,0.0,0.0,False
VDR-10024,1.0,0.0,0.0,1.0,True
VDR-11971,8.0,4.0,0.0,1.0,True
VDR-12090,8.0,2.0,0.0,0.0,True
lpt-12080,1.0,1.0,0.0,0.0,False
LPT-12240.corp.local,1.0,0.0,0.0,0.0,False
WS-11630,7.0,1.0,0.0,4.0,True
LPT_10671,2.0,0.0,0.0,0.0,False
LPT-11408,5.0,1.0,0.0,2.0,True
LPT-12583,11.0,4.0,0.0,4.0,True
WS-11168.corp.local,1.0,1.0,0.0,0.0,False
VDR-10869,12.0,2.0,2.0,1.0,True
WS-10085,6.0,2.0,2.0,3.0,True
LPT-10426.corp.local,2.0,1.0,0.0,0.0,False
VDR-11877,12.0,1.0,0.0,2.0,True
WS-11211,9.0,1.0,0.0,4.0,True
WS-11347,6.0,3.0,0.0,3.0,False
WS-11379,2.0,0.0,1.0,2.0,True
VDR-12178,7.0,4.0,0.0,5.0,False
LPT-11887.,0.0,0.0,0.0,0.0,True
ws-10351,2.0,0.0,0.0,0.0,False
LPT-12088,4.0,2.0,1.0,3.0,True
VDR-12647.corp.local,1.0,1.0,0.0,0.0,False
LPT_12800,2.0,1.0,0.0,0.0,False
LPT-12424.corp.local,2.0,0.0,0.0,0.0,False
vdr-11758,1.0,0.0,0.0,0.0,False
LPT-10852,7.0,3.0,1.0,3.0,True
lpt-11801,2.0,1.0,1.0,0.0,False
WS-12172.corp.local,1.0,0.0,1.0,0.0,False
VDR-10830.,0.0,0.0,0.0,0.0,True
LPT-12211,8.0,4.0,0.0,2.0,False
VDR-10033,8.0,1.0,1.0,0.0,True
VDR-12173,6.0,1.0,1.0,1.0,False
LPT_11114,1.0,0.0,0.0,0.0,False
LPT_12428,2.0,0.0,0.0,0.0,False
VDR-11779,7.0,2.0,2.0,4.0,True
VDR-11421,6.0,2.0,0.0,4.0,False
VDR_12479,2.0,1.0,1.0,0.0,False
WS-12101,8.0,0.0,3.0,3.0,True
LPT-11631.corp.local,2.0,1.0,0.0,0.0,False
lpt-10733,1.0,0.0,1.0,0.0,False
ws-10493,1.0,0.0,0.0,0.0,False
LPT-12768,10.0,2.0,1.0,3.0,True
WS-11430,9.0,3.0,2.0,2.0,True
WS-10984.corp.local,3.0,1.0,0.0,0.0,False
WS_11456,3.0,1.0,1.0,0.0,False
WS-10997,8.0,2.0,0.0,1.0,True
lpt-11721,3.0,2.0,1.0,0.0,False
VDR-11165.corp.local,1.0,0.0,0.0,0.0,False
VDR_12525,1.0,0.0,0.0,0.0,False
VDR-10269,11.0,3.0,1.0,0.0,True
WS_10355,1.0,1.0,0.0,0.0,False
LPT-12755.,0.0,0.0,0.0,0.0,True
WS-10794.corp.local,3.0,0.0,0.0,0.0,False
WS_12751,1.0,0.0,0.0,0.0,False
VDR-10907.,0.0,0.0,0.0,0.0,True
VDR_10885,2.0,0.0,0.0,0.0,False
VDR_10796,2.0,0.0,0.0,0.0,False
WS-11766,9.0,3.0,2.0,1.0,True
VDR-12152.corp.local,1.0,0.0,0.0,0.0,False
LPT-12761.corp.local,3.0,1.0,1.0,0.0,False
VDR-10588,14.0,2.0,0.0,4.0,True
LPT-12470,7.0,3.0,2.0,1.0,True
VDR-11405.corp.local,2.0,0.0,0.0,0.0,False
VDR_11328,1.0,0.0,0.0,0.0,False
VDR-10640.corp.local,2.0,0.0,0.0,0.0,False
LPT-10939.corp.local,1.0,0.0,0.0,0.0,False
LPT-12965,9.0,3.0,3.0,4.0,True
WS-11895.corp.local,2.0,0.0,0.0,0.0,False
LPT-10567.corp.local,1.0,0.0,0.0,0.0,False
VDR-12458.corp.local,1.0,0.0,0.0,0.0,False
vdr-10644,1.0,0.0,0.0,0.0,False
vdr-11071,1.0,0.0,0.0,0.0,False
vdr-10427,2.0,0.0,2.0,0.0,False
LPT-11209.,0.0,0.0,0.0,0.0,True
VDR-10455,6.0,3.0,1.0,5.0,True
WS-11153,6.0,1.0,2.0,1.0,True
VDR_10285,2.0,2.0,0.0,0.0,False
WS-10266.corp.local,2.0,1.0,0.0,0.0,False
WS-12548,8.0,0.0,0.0,0.0,True
WS-10252,9.0,2.0,0.0,2.0,False
WS_11193,1.0,0.0,0.0,0.0,False
VDR-10282,7.0,2.0,1.0,1.0,True
LPT-12000,6.0,1.0,0.0,2.0,False
lpt-10414,1.0,0.0,0.0,0.0,False
LPT-12652,5.0,1.0,0.0,2.0,True
ws-10945,1.0,0.0,0.0,0.0,False
LPT-11735,3.0,1.0,0.0,3.0,True
WS_12092,2.0,0.0,0.0,0.0,False
VDR-11560,5.0,1.0,0.0,5.0,True
LPT_10066,3.0,2.0,0.0,0.0,False
lpt-11105,3.0,0.0,0.0,0.0,False
LPT-10490,6.0,2.0,0.0,4.0,True
lpt-11840,2.0,1.0,1.0,0.0,False
vdr-10033,1.0,0.0,0.0,0.0,False
ws-12356,3.0,1.0,1.0,0.0,False
WS-11621,11.0,3.0,0.0,2.0,True
vdr-11449,3.0,0.0,0.0,0.0,False
vdr-12861,1.0,0.0,0.0,0.0,False
lpt-11281,1.0,0.0,0.0,0.0,False
LPT_12078,1.0,0.0,1.0,0.0,False
VDR-11628,9.0,2.0,0.0,0.0,True
WS-10214.corp.local,3.0,0.0,0.0,0.0,False
vdr-10330,1.0,0.0,0.0,0.0,False
ws-10704,1.0,0.0,0.0,0.0,False
WS-10043.corp.local,1.0,0.0,0.0,0.0,False
LPT_11998,1.0,0.0,0.0,0.0,False
WS-10225.corp.local,2.0,1.0,0.0,0.0,False
LPT-12539.corp.local,1.0,0.0,0.0,0.0,False
vdr-10167,3.0,2.0,0.0,0.0,False
VDR-12707,5.0,0.0,0.0,1.0,True
VDR-10558,9.0,1.0,1.0,2.0,True
lpt-12813,1.0,0.0,0.0,0.0,False
VDR-12430,4.0,1.0,0.0,3.0,True
ws-11739,2.0,0.0,0.0,0.0,False
LPT-12382.corp.local,1.0,0.0,0.0,0.0,False
ws-12576,1.0,0.0,1.0,0.0,False
WS_11699,1.0,0.0,0.0,0.0,False
ws-10928,2.0,1.0,0.0,0.0,False
vdr-12153,2.0,1.0,0.0,0.0,False
VDR-10012,5.0,0.0,0.0,4.0,True
VDR-12882,9.0,1.0,0.0,2.0,True
LPT-10378,5.0,1.0,0.0,6.0,True
LPT-10227,10.0,2.0,1.0,2.0,True
VDR_12665,2.0,2.0,0.0,0.0,False
WS-11856,10.0,0.0,0.0,1.0,True
lpt-12616,3.0,1.0,0.0,0.0,False
WS-10896,6.0,2.0,0.0,3.0,True
WS-12895,6.0,1.0,0.0,2.0,False
LPT-12783.,0.0,0.0,0.0,0.0,True
VDR-10354.corp.local,3.0,1.0,0.0,0.0,False
VDR-11603,6.0,1.0,0.0,1.0,True
WS-10419,5.0,0.0,0.0,1.0,True
ws-11000,2.0,2.0,0.0,0.0,False
WS-10916.corp.local,1.0,0.0,0.0,0.0,False
LPT-11783,8.0,0.0,2.0,1.0,True
lpt-11904,1.0,0.0,0.0,0.0,False
vdr-11386,3.0,0.0,0.0,0.0,False
vdr-11794,1.0,0.0,0.0,0.0,False
VDR-11388.,0.0,0.0,0.0,0.0,True
LPT-12718,7.0,2.0,0.0,4.0,True
vdr-10153,1.0,0.0,0.0,0.0,False
ws-10117,1.0,0.0,0.0,0.0,False
LPT_12182,1.0,0.0,0.0,0.0,False
LPT-12603,7.0,2.0,0.0,4.0,True
VDR-10278,9.0,2.0,2.0,1.0,False
VDR-12738,7.0,0.0,1.0,4.0,True
LPT-11040.,0.0,0.0,0.0,0.0,True
VDR-10830,8.0,0.0,2.0,1.0,False
ws-12511,4.0,0.0,0.0,0.0,False
LPT_10580,1.0,0.0,0.0,0.0,False
WS-10998,7.0,1.0,1.0,5.0,True
WS-11444,10.0,3.0,0.0,3.0,True
LPT_11837,1.0,0.0,1.0,0.0,False
VDR-12357,12.0,1.0,0.0,1.0,True
ws-12393,2.0,0.0,1.0,0.0,False
LPT_12315,2.0,0.0,0.0,0.0,False
VDR_12610,1.0,0.0,0.0,0.0,False
WS_12596,1.0,1.0,0.0,0.0,False
LPT-10262,9.0,4.0,1.0,2.0,True
WS-11365.corp.local,1.0,0.0,0.0,0.0,False
ws-10445,2.0,0.0,0.0,0.0,False
lpt-12530,4.0,2.0,0.0,0.0,False
LPT-12508,8.0,2.0,2.0,1.0,True
LPT_12008,2.0,0.0,0.0,0.0,False
VDR-12814.corp.local,5.0,0.0,0.0,0.0,False
lpt-12169,1.0,0.0,0.0,0.0,False
LPT-11993,10.0,3.0,0.0,3.0,True
WS_10476,2.0,0.0,0.0,0.0,False
WS_11422,1.0,0.0,0.0,0.0,False
vdr-10071,1.0,0.0,0.0,0.0,False
WS-12442.corp.local,1.0,0.0,0.0,0.0,False
LPT_10286,1.0,0.0,0.0,0.0,False
WS-11879.corp.local,1.0,0.0,0.0,0.0,False
LPT-12943,6.0,0.0,0.0,1.0,True
WS-10971,13.0,1.0,4.0,1.0,True
lpt-11158,2.0,2.0,0.0,0.0,False
LPT-12314.,0.0,0.0,0.0,0.0,True
VDR-10701,6.0,1.0,1.0,1.0,True
LPT_12169,1.0,0.0,1.0,0.0,False
lpt-10186,1.0,0.0,1.0,0.0,False
LPT-10755.corp.local,1.0,0.0,0.0,0.0,False
LPT-11960.,0.0,0.0,0.0,0.0,True
WS_12288,1.0,0.0,0.0,0.0,False
VDR-12019,2.0,0.0,0.0,5.0,False
vdr-11922,2.0,0.0,0.0,0.0,False
vdr-10558,1.0,0.0,0.0,0.0,False
WS-10681,6.0,0.0,1.0,2.0,True
lpt-11017,1.0,0.0,0.0,0.0,False
LPT-12597,7.0,2.0,1.0,1.0,False
VDR-11848.corp.local,1.0,1.0,0.0,0.0,False
WS-11795,9.0,1.0,0.0,2.0,True
ws-10964,1.0,0.0,0.0,0.0,False
LPT-10567,9.0,0.0,0.0,1.0,True
WS-10305,9.0,2.0,0.0,2.0,True
VDR-10790,6.0,2.0,1.0,3.0,False
VDR-12455,11.0,3.0,1.0,1.0,True
VDR_10523,1.0,0.0,0.0,0.0,False
vdr-11099,1.0,0.0,0.0,0.0,False
VDR-10648.corp.local,1.0,0.0,0.0,0.0,False
lpt-11294,2.0,0.0,0.0,0.0,False
WS-12923.corp.local,3.0,1.0,0.0,0.0,False
VDR-11579,7.0,3.0,0.0,1.0,True
LPT-12223.corp.local,1.0,1.0,0.0,0.0,False
VDR-11083,8.0,1.0,1.0,3.0,True
WS-11424.corp.local,1.0,0.0,0.0,0.0,False
ws-11497,1.0,0.0,1.0,0.0,False
VDR-10559,11.0,5.0,1.0,2.0,True
LPT-11692,5.0,2.0,1.0,1.0,True
VDR-10061,7.0,3.0,0.0,6.0,True
WS-11223.corp.local,1.0,1.0,0.0,0.0,False
WS-12695,10.0,3.0,2.0,2.0,True
LPT-11880,8.0,0.0,1.0,3.0,True
LPT-11740,5.0,1.0,0.0,2.0,True
VDR-11166,5.0,0.0,1.0,4.0,True
WS-10281,8.0,0.0,1.0,4.0,True
WS-10412.corp.local,1.0,1.0,0.0,0.0,False
WS-12449.,0.0,0.0,0.0,0.0,True
VDR_11419,1.0,0.0,1.0,0.0,False
ws-12401,1.0,0.0,0.0,0.0,False
LPT_10851,1.0,1.0,0.0,0.0,False
VDR-12897,2.0,0.0,0.0,3.0,True
WS_12112,1.0,0.0,0.0,0.0,False
VDR-10555.corp.local,2.0,1.0,0.0,0.0,False
lpt-12372,1.0,0.0,0.0,0.0,False
VDR_11302,1.0,0.0,0.0,0.0,False
VDR-12096,3.0,1.0,0.0,3.0,True
VDR-10924,7.0,0.0,1.0,3.0,True
LPT-11745.corp.local,1.0,0.0,0.0,0.0,False
LPT_11862,1.0,0.0,0.0,0.0,False
WS-12385.corp.local,1.0,1.0,0.0,0.0,False
VDR-10353,10.0,2.0,0.0,2.0,True
WS_11651,1.0,0.0,0.0,0.0,False
VDR_11758,1.0,0.0,0.0,0.0,False
LPT-11175,4.0,0.0,0.0,6.0,True
VDR-11251.corp.local,2.0,2.0,0.0,0.0,False
lpt-11204,2.0,1.0,0.0,0.0,False
LPT-12612.corp.local,1.0,0.0,0.0,0.0,False
LPT_10909,1.0,0.0,0.0,0.0,False
LPT-10728,10.0,2.0,1.0,3.0,True
LPT-11129.,0.0,0.0,0.0,0.0,True
VDR-12412.corp.local,2.0,0.0,0.0,0.0,False
VDR_11136,1.0,0.0,0.0,0.0,False
LPT-10931.corp.local,2.0,1.0,0.0,0.0,False
VDR-10473,17.0,4.0,0.0,2.0,True
VDR_12784,1.0,1.0,1.0,0.0,False
LPT-12584.corp.local,1.0,0.0,0.0,0.0,False
WS_11286,1.0,0.0,0.0,0.0,False
VDR-11206.,0.0,0.0,0.0,0.0,True
LPT-12659,9.0,2.0,0.0,3.0,True
VDR-12163.corp.local,1.0,0.0,0.0,0.0,False
LPT_12016,2.0,2.0,1.0,0.0,False
LPT-12476,4.0,0.0,0.0,6.0,True
WS_10681,2.0,0.0,0.0,0.0,False
VDR-12734.corp.local,1.0,1.0,0.0,0.0,False
vdr-10847,3.0,1.0,0.0,0.0,False
WS_11461,1.0,0.0,0.0,0.0,False
WS-11098.,0.0,0.0,0.0,0.0,True
ws-10729,1.0,0.0,0.0,0.0,False
vdr-12091,1.0,0.0,0.0,0.0,False
LPT-12681.corp.local,2.0,1.0,0.0,0.0,False
VDR-12557.corp.local,1.0,0.0,0.0,0.0,False
ws-12862,1.0,0.0,1.0,0.0,False
VDR-12151,5.0,0.0,1.0,0.0,True
VDR_12593,1.0,1.0,0.0,0.0,False
lpt-10420,4.0,1.0,2.0,0.0,False
VDR-10462.corp.local,1.0,1.0,0.0,0.0,False
WS_10978,1.0,0.0,0.0,0.0,False
WS-11336.corp.local,2.0,0.0,1.0,0.0,False
LPT-11646,6.0,1.0,1.0,1.0,True
WS_11733,1.0,0.0,0.0,0.0,False
LPT_12107,1.0,0.0,0.0,0.0,False
LPT-12060.corp.local,1.0,1.0,0.0,0.0,False
LPT_10401,1.0,0.0,0.0,0.0,False
LPT_10080,1.0,0.0,0.0,0.0,False
LPT-12300.corp.local,2.0,0.0,0.0,0.0,False
VDR-12527,7.0,0.0,0.0,2.0,True
LPT-10177.corp.local,1.0,0.0,0.0,0.0,False
vdr-11883,1.0,0.0,0.0,0.0,False
VDR-11363.,0.0,0.0,0.0,0.0,True
LPT_12534,1.0,0.0,0.0,0.0,False
VDR-10656,8.0,0.0,0.0,1.0,True
LPT-11840.corp.local,1.0,0.0,0.0,0.0,False
LPT-11498,8.0,1.0,1.0,4.0,True
VDR-10458,6.0,3.0,0.0,0.0,True
lpt-12854,1.0,1.0,0.0,0.0,False
ws-10265,1.0,0.0,0.0,0.0,False
LPT-10676,7.0,1.0,1.0,3.0,True
VDR-10757.,0.0,0.0,0.0,0.0,True
LPT-11440.corp.local,1.0,0.0,0.0,0.0,False
lpt-10065,1.0,0.0,0.0,0.0,False
LPT-12769.corp.local,1.0,0.0,0.0,0.0,False
ws-10926,1.0,0.0,0.0,0.0,False
lpt-10447,2.0,0.0,0.0,0.0,False
WS-10696,9.0,3.0,2.0,6.0,True
lpt-10001,1.0,0.0,1.0,0.0,False
VDR-11588,8.0,2.0,0.0,2.0,True
WS-11496.,0.0,0.0,0.0,0.0,True
LPT_11626,1.0,0.0,0.0,0.0,False
VDR_11629,1.0,1.0,0.0,0.0,False
LPT_11789,1.0,0.0,0.0,0.0,False
VDR_10071,2.0,2.0,0.0,0.0,False
LPT_10496,3.0,1.0,0.0,0.0,False
WS-10828.corp.local,1.0,0.0,0.0,0.0,False
VDR-10885,6.0,1.0,1.0,3.0,True
VDR-10222,7.0,3.0,0.0,5.0,True
LPT-11825.,0.0,0.0,0.0,0.0,True
vdr-10759,2.0,0.0,0.0,0.0,False
VDR-10879.corp.local,1.0,1.0,0.0,0.0,False
lpt-10410,1.0,1.0,0.0,0.0,False
lpt-12475,1.0,0.0,0.0,0.0,False
LPT-12639.,0.0,0.0,0.0,0.0,True
VDR-11099,8.0,0.0,0.0,3.0,True
WS_11020,1.0,0.0,0.0,0.0,False
LPT-11173,7.0,0.0,1.0,3.0,True
WS_10513,2.0,2.0,0.0,0.0,False
LPT-12597.,0.0,0.0,0.0,0.0,True
WS-11563,4.0,1.0,1.0,2.0,True
WS-11936,7.0,3.0,1.0,2.0,True
LPT-12566,7.0,0.0,0.0,2.0,True
vdr-11991,1.0,0.0,0.0,0.0,False
LPT-11097,7.0,0.0,0.0,1.0,True
VDR-11264.corp.local,1.0,0.0,0.0,0.0,False
LPT_11250,1.0,0.0,0.0,0.0,False
WS_11106,1.0,1.0,0.0,0.0,False
WS_12264,1.0,1.0,0.0,0.0,False
lpt-12792,1.0,1.0,0.0,0.0,False
vdr-10118,3.0,0.0,1.0,0.0,False
WS_12711,1.0,0.0,0.0,0.0,False
vdr-10808,2.0,0.0,1.0,0.0,False
LPT-12339,6.0,2.0,1.0,1.0,True
LPT-10183,7.0,2.0,2.0,0.0,True
ws-12849,1.0,0.0,0.0,0.0,False
LPT-11303,9.0,0.0,1.0,2.0,True
VDR-12820.corp.local,1.0,0.0,0.0,0.0,False
WS_10874,1.0,0.0,0.0,0.0,False
ws-11791,1.0,0.0,0.0,0.0,False
vdr-11599,1.0,0.0,0.0,0.0,False
vdr-10723,2.0,1.0,0.0,0.0,False
LPT_12289,1.0,0.0,1.0,0.0,False
VDR-12210,3.0,1.0,0.0,4.0,True
LPT-12702,6.0,4.0,0.0,5.0,True
WS-10574,6.0,2.0,0.0,4.0,True
ws-12165,2.0,2.0,0.0,0.0,False
WS-11073,9.0,2.0,1.0,0.0,True
WS-11633,7.0,2.0,1.0,0.0,True
VDR-11599.corp.local,1.0,0.0,0.0,0.0,False
WS-12898.corp.local,1.0,0.0,0.0,0.0,False
vdr-11639,2.0,0.0,0.0,0.0,False
WS-10934,4.0,1.0,0.0,4.0,True
VDR-12057.corp.local,2.0,0.0,0.0,0.0,False
ws-12808,1.0,0.0,0.0,0.0,False
WS-11985.corp.local,1.0,0.0,0.0,0.0,False
VDR-10754,6.0,0.0,0.0,3.0,True
WS-10324.corp.local,1.0,1.0,0.0,0.0,False
VDR_11757,3.0,0.0,0.0,0.0,False
VDR-12076,5.0,2.0,0.0,1.0,True
ws-10635,1.0,1.0,0.0,0.0,False
vdr-11292,2.0,0.0,0.0,0.0,False
LPT-11115,3.0,0.0,0.0,2.0,True
vdr-11003,1.0,0.0,0.0,0.0,False
VDR-10118.corp.local,1.0,0.0,0.0,0.0,False
LPT_11554,3.0,0.0,0.0,0.0,False
VDR_10222,1.0,1.0,0.0,0.0,False
WS-12845,5.0,2.0,0.0,2.0,False
WS_10643,1.0,0.0,0.0,0.0,False
LPT_10858,1.0,0.0,0.0,0.0,False
ws-10202,1.0,0.0,0.0,0.0,False
LPT-11904,10.0,2.0,0.0,4.0,True
VDR-11729,7.0,2.0,0.0,1.0,True
ws-10284,2.0,2.0,0.0,0.0,False
VDR-12625,9.0,1.0,2.0,3.0,True
vdr-11007,1.0,1.0,0.0,0.0,False
lpt-12292,2.0,0.0,0.0,0.0,False
lpt-11011,1.0,0.0,0.0,0.0,False
WS-10088.corp.local,1.0,0.0,0.0,0.0,False
VDR-10495.corp.local,1.0,1.0,0.0,0.0,False
ws-10770,1.0,0.0,0.0,0.0,False
lpt-11668,3.0,0.0,0.0,0.0,False
WS-10156.corp.local,1.0,0.0,0.0,0.0,False
VDR-11306,5.0,2.0,0.0,3.0,True
VDR_12020,1.0,0.0,0.0,0.0,False
vdr-10421,1.0,0.0,0.0,0.0,False
lpt-11050,1.0,0.0,0.0,0.0,False
LPT-10782.corp.local,1.0,1.0,0.0,0.0,False
VDR-12423.corp.local,2.0,1.0,0.0,0.0,False
WS-12614.corp.local,1.0,0.0,0.0,0.0,False
VDR-10438,9.0,3.0,0.0,3.0,True
vdr-10626,1.0,0.0,0.0,0.0,False
ws-11347,3.0,0.0,0.0,0.0,False
LPT-12508.corp.local,1.0,1.0,0.0,0.0,False
VDR-10396,8.0,3.0,0.0,1.0,True
VDR-10561.corp.local,1.0,1.0,0.0,0.0,False
VDR-11727,3.0,0.0,0.0,4.0,True
WS_11987,1.0,0.0,0.0,0.0,False
vdr-10193,1.0,1.0,0.0,0.0,False
WS-12537,7.0,1.0,0.0,5.0,True
lpt-10909,1.0,0.0,0.0,0.0,False
LPT-10565,11.0,2.0,0.0,4.0,True
VDR-10350,6.0,0.0,0.0,5.0,True
WS_12592,1.0,0.0,0.0,0.0,False
ws-12350,1.0,0.0,0.0,0.0,False
ws-12941,1.0,1.0,0.0,0.0,False
LPT-11170,5.0,1.0,1.0,3.0,True
WS_12827,1.0,0.0,0.0,0.0,False
WS-12472,9.0,1.0,0.0,2.0,True
LPT-12907,7.0,1.0,1.0,3.0,True
LPT-11138,9.0,3.0,0.0,3.0,True
WS-12716,7.0,1.0,0.0,4.0,True
VDR-10833.corp.local,2.0,2.0,1.0,0.0,False
LPT_10028,1.0,0.0,0.0,0.0,False
WS-12988,10.0,1.0,1.0,3.0,True
WS_11059,1.0,0.0,0.0,0.0,False
VDR_12489,1.0,0.0,0.0,0.0,False
VDR-12113,4.0,0.0,0.0,0.0,True
LPT-10789.corp.local,2.0,0.0,0.0,0.0,False
vdr-11610,1.0,0.0,1.0,0.0,False
vdr-11966,1.0,0.0,1.0,0.0,False
vdr-12696,1.0,0.0,0.0,0.0,False
LPT-10275,5.0,0.0,0.0,1.0,False
WS-12915,6.0,0.0,0.0,5.0,True
WS-10408.,0.0,0.0,0.0,0.0,True
LPT-12068.corp.local,1.0,1.0,0.0,0.0,False
VDR_11560,2.0,0.0,0.0,0.0,False
WS-11623,5.0,0.0,0.0,0.0,True
ws-10376,1.0,0.0,0.0,0.0,False
LPT_11226,1.0,0.0,0.0,0.0,False
VDR-11377,8.0,2.0,0.0,2.0,True
VDR_11947,1.0,0.0,0.0,0.0,False
ws-11711,3.0,1.0,0.0,0.0,False
LPT_12735,2.0,0.0,0.0,0.0,False
WS-11397.corp.local,1.0,0.0,0.0,0.0,False
LPT-10217,6.0,1.0,1.0,3.0,True
VDR-10599,9.0,2.0,0.0,1.0,True
LPT-10006,5.0,1.0,0.0,6.0,True
LPT_12380,1.0,0.0,0.0,0.0,False
ws-10695,1.0,0.0,0.0,0.0,False
LPT_12202,2.0,0.0,0.0,0.0,False
LPT-12569.corp.local,1.0,0.0,0.0,0.0,False
LPT-12015,5.0,1.0,0.0,4.0,True
VDR-12373,9.0,1.0,0.0,3.0,True
WS-11624.corp.local,1.0,0.0,0.0,0.0,False
LPT_12114,1.0,0.0,0.0,0.0,False
LPT-10001,5.0,1.0,1.0,4.0,False
VDR-12279,8.0,0.0,0.0,0.0,True
VDR-11375.corp.local,1.0,0.0,0.0,0.0,False
WS-11879,7.0,1.0,0.0,0.0,True
lpt-11597,1.0,0.0,0.0,0.0,False
ws-10831,2.0,0.0,0.0,0.0,False
vdr-11622,2.0,0.0,0.0,0.0,False
vdr-10402,1.0,1.0,0.0,0.0,False
ws-12679,2.0,0.0,0.0,0.0,False
vdr-12090,2.0,1.0,0.0,0.0,False
LPT-12147,13.0,5.0,1.0,1.0,True
VDR-10167.corp.local,1.0,0.0,0.0,0.0,False
vdr-10801,2.0,0.0,0.0,0.0,False
WS-12162,4.0,0.0,0.0,5.0,True
WS-11899.corp.local,1.0,0.0,0.0,0.0,False
LPT-11950,5.0,1.0,1.0,0.0,True
WS_10896,1.0,1.0,0.0,0.0,False
LPT-11109,6.0,2.0,1.0,3.0,False
lpt-10106,1.0,0.0,0.0,0.0,False
LPT-12285,8.0,3.0,1.0,2.0,True
WS_12908,1.0,0.0,0.0,0.0,False
lpt-12467,1.0,1.0,1.0,0.0,False
vdr-11255,3.0,1.0,0.0,0.0,False
WS-11075,7.0,0.0,0.0,3.0,True
LPT-12708.corp.local,2.0,0.0,0.0,0.0,False
VDR-12034,11.0,4.0,3.0,1.0,True
vdr-10684,2.0,0.0,1.0,0.0,False
WS-11284,3.0,0.0,0.0,1.0,True
VDR-10260,11.0,5.0,1.0,3.0,True
LPT-12628.,0.0,0.0,0.0,0.0,True
VDR-11205,10.0,2.0,0.0,2.0,True
WS-10509,8.0,1.0,1.0,2.0,True
WS-11761.corp.local,1.0,0.0,0.0,0.0,False
LPT-11324,4.0,2.0,0.0,1.0,True
WS_11835,1.0,0.0,0.0,0.0,False
LPT_11683,1.0,1.0,0.0,0.0,False
ws-10430,1.0,0.0,0.0,0.0,False
WS-10471.corp.local,3.0,1.0,0.0,0.0,False
lpt-10130,2.0,0.0,0.0,0.0,False
VDR_11660,2.0,0.0,0.0,0.0,False
VDR-11874,6.0,1.0,0.0,2.0,False
LPT_12026,1.0,0.0,0.0,0.0,False
WS-12434,5.0,2.0,0.0,0.0,True
VDR_11889,1.0,0.0,0.0,0.0,False
LPT-12502,13.0,3.0,0.0,5.0,True
WS-10113,5.0,1.0,0.0,2.0,False
VDR-12567,7.0,1.0,0.0,3.0,False
WS-11641,6.0,2.0,0.0,3.0,True
WS-12456,4.0,1.0,0.0,3.0,True
VDR-11966.corp.local,2.0,1.0,0.0,0.0,False
LPT-12380,7.0,0.0,1.0,1.0,True
VDR-12073.corp.local,3.0,0.0,0.0,0.0,False
WS_12745,2.0,2.0,0.0,0.0,False
LPT-12414.corp.local,2.0,1.0,0.0,0.0,False
WS-10911,6.0,1.0,0.0,2.0,True
VDR-11815.corp.local,2.0,0.0,0.0,0.0,False
VDR_12019,1.0,0.0,0.0,0.0,False
vdr-12238,2.0,0.0,0.0,0.0,False
WS_12120,1.0,0.0,0.0,0.0,False
VDR_11375,1.0,0.0,0.0,0.0,False
VDR-10977.corp.local,2.0,0.0,0.0,0.0,False
lpt-11174,1.0,0.0,0.0,0.0,False
WS-11415,2.0,0.0,0.0,5.0,True
LPT-12888,5.0,1.0,0.0,3.0,True
vdr-11592,1.0,1.0,0.0,0.0,False
LPT-10709,5.0,2.0,0.0,2.0,True
LPT_11101,1.0,0.0,0.0,0.0,False
lpt-12505,4.0,0.0,1.0,0.0,False
LPT_12574,2.0,1.0,1.0,0.0,False
WS-11410.corp.local,3.0,0.0,1.0,0.0,False
ws-10074,3.0,1.0,0.0,0.0,False
LPT-11784,4.0,1.0,0.0,3.0,True
WS-12188,7.0,2.0,1.0,2.0,True
VDR-11652,8.0,4.0,1.0,4.0,True
WS_11111,1.0,0.0,1.0,0.0,False
WS_12217,1.0,1.0,0.0,0.0,False
VDR-12526.,0.0,0.0,0.0,0.0,True
vdr-10757,1.0,0.0,0.0,0.0,False
VDR-11297.,0.0,0.0,0.0,0.0,True
vdr-11240,2.0,1.0,0.0,0.0,False
WS-10367,12.0,1.0,0.0,1.0,True
LPT-10204.corp.local,2.0,1.0,0.0,0.0,False
lpt-11937,1.0,0.0,0.0,0.0,False
LPT_12099,2.0,1.0,0.0,0.0,False
VDR_11525,1.0,0.0,0.0,0.0,False
WS-10063.corp.local,2.0,1.0,0.0,0.0,False
LPT-11204,7.0,3.0,1.0,4.0,False
VDR-10843.corp.local,2.0,0.0,0.0,0.0,False
ws-10971,1.0,0.0,0.0,0.0,False
LPT_11572,1.0,0.0,0.0,0.0,False
vdr-12123,1.0,0.0,0.0,0.0,False
ws-10000,1.0,0.0,0.0,0.0,False
vdr-11916,1.0,0.0,0.0,0.0,False
LPT-10144.corp.local,1.0,1.0,0.0,0.0,False
LPT_11983,1.0,0.0,0.0,0.0,False
ws-10078,2.0,2.0,0.0,0.0,False
WS-10324,4.0,1.0,0.0,3.0,True
WS_11067,2.0,0.0,0.0,0.0,False
lpt-10583,4.0,0.0,0.0,0.0,False
VDR-10158,4.0,1.0,0.0,2.0,True
VDR-12758,7.0,2.0,3.0,1.0,True
WS-12511,4.0,1.0,0.0,1.0,True
ws-11733,1.0,1.0,0.0,0.0,False
vdr-10917,1.0,0.0,0.0,0.0,False
vdr-11652,1.0,1.0,0.0,0.0,False
LPT-12201,6.0,1.0,1.0,3.0,False
VDR-12272,4.0,1.0,0.0,3.0,True
vdr-12187,1.0,1.0,0.0,0.0,False
ws-12290,2.0,1.0,0.0,0.0,False
WS-10727.corp.local,2.0,0.0,0.0,0.0,False
VDR-10246,4.0,1.0,0.0,2.0,True
lpt-11678,1.0,0.0,0.0,0.0,False
LPT_12043,1.0,0.0,1.0,0.0,False
LPT-11054.corp.local,1.0,0.0,0.0,0.0,False
lpt-11140,2.0,1.0,0.0,0.0,False
LPT-11870.corp.local,2.0,1.0,0.0,0.0,False
VDR_12919,1.0,0.0,0.0,0.0,False
LPT-10854.corp.local,2.0,1.0,0.0,0.0,False
LPT-11869,8.0,1.0,0.0,1.0,True
WS-10261,7.0,0.0,1.0,3.0,True
VDR_11394,1.0,0.0,0.0,0.0,False
lpt-12265,5.0,2.0,0.0,0.0,False
WS-10933,7.0,2.0,1.0,2.0,True
vdr-12168,2.0,1.0,0.0,0.0,False
VDR-11008,8.0,5.0,1.0,3.0,True
LPT-12457,5.0,2.0,0.0,5.0,True
LPT_10306,1.0,1.0,0.0,0.0,False
LPT-10374,10.0,4.0,1.0,4.0,True
WS_12889,3.0,1.0,0.0,0.0,False
LPT-11483.,0.0,0.0,0.0,0.0,True
vdr-12269,1.0,0.0,0.0,0.0,False
VDR-10879,7.0,0.0,1.0,1.0,True
LPT-12675.corp.local,3.0,1.0,0.0,0.0,False
LPT-11258.corp.local,3.0,0.0,0.0,0.0,False
VDR_11958,1.0,0.0,0.0,0.0,False
lpt-10212,2.0,0.0,1.0,0.0,False
VDR-11237.corp.local,1.0,1.0,0.0,0.0,False
LPT-11732,10.0,1.0,0.0,0.0,False
WS_12717,2.0,0.0,1.0,0.0,False
LPT-12060,4.0,1.0,0.0,3.0,True
LPT-11680,10.0,1.0,2.0,6.0,True
VDR-11411,2.0,1.0,0.0,5.0,True
LPT_12645,1.0,0.0,0.0,0.0,False
ws-12396,2.0,0.0,0.0,0.0,False
lpt-10011,1.0,0.0,0.0,0.0,False
ws-10172,1.0,0.0,0.0,0.0,False
VDR-10648,6.0,3.0,0.0,0.0,True
vdr-10322,1.0,1.0,0.0,0.0,False
VDR-11982,4.0,1.0,0.0,3.0,True
WS-12984,6.0,2.0,1.0,5.0,True
VDR-12836.corp.local,1.0,0.0,0.0,0.0,False
LPT-11661.corp.local,1.0,0.0,0.0,0.0,False
vdr-11951,3.0,1.0,0.0,0.0,False
ws-11612,1.0,0.0,0.0,0.0,False
lpt-10705,2.0,1.0,0.0,0.0,False
WS_10945,1.0,1.0,0.0,0.0,False
WS_12848,1.0,0.0,0.0,0.0,False
WS-12125.corp.local,1.0,0.0,0.0,0.0,False
LPT-11626.,0.0,0.0,0.0,0.0,True
LPT-10955,9.0,2.0,0.0,3.0,True
VDR-10793,6.0,2.0,1.0,2.0,True
ws-11851,1.0,0.0,0.0,0.0,False
WS_10325,1.0,0.0,0.0,0.0,False
LPT-12759,4.0,0.0,0.0,1.0,True
vdr-10230,3.0,0.0,0.0,0.0,False
VDR-12493,7.0,3.0,0.0,1.0,True
WS-12698,10.0,2.0,0.0,4.0,True
VDR-10147.corp.local,1.0,1.0,0.0,0.0,False
VDR-11046,5.0,2.0,0.0,3.0,True
LPT-10205.corp.local,1.0,1.0,0.0,0.0,False
WS-10338.corp.local,1.0,1.0,0.0,0.0,False
VDR-10808,4.0,1.0,1.0,5.0,True
VDR-11605,7.0,0.0,1.0,5.0,False
LPT_10398,2.0,0.0,0.0,0.0,False
VDR-10033.corp.local,1.0,0.0,0.0,0.0,False
WS-11098.corp.local,1.0,0.0,0.0,0.0,False
WS-11829,5.0,2.0,0.0,2.0,False
ws-10368,1.0,0.0,1.0,0.0,False
LPT-12481.corp.local,2.0,0.0,0.0,0.0,False
lpt-11226,1.0,1.0,0.0,0.0,False
ws-11053,2.0,0.0,0.0,0.0,False
WS_11296,2.0,0.0,0.0,0.0,False
WS-11364,7.0,3.0,0.0,1.0,True
LPT_11691,1.0,1.0,0.0,0.0,False
LPT-10030,5.0,2.0,0.0,1.0,True
VDR-10624,7.0,0.0,0.0,2.0,True
VDR-10778.corp.local,2.0,0.0,0.0,0.0,False
WS-11985,10.0,4.0,2.0,2.0,True
ws-10918,2.0,0.0,0.0,0.0,False
VDR-10218,6.0,1.0,1.0,1.0,True
LPT_11906,1.0,0.0,0.0,0.0,False
LPT_12522,2.0,1.0,0.0,0.0,False
ws-12977,1.0,1.0,0.0,0.0,False
ws-11836,1.0,1.0,0.0,0.0,False
WS-12642.corp.local,1.0,0.0,0.0,0.0,False
LPT-10133,6.0,1.0,0.0,3.0,True
WS_10893,2.0,1.0,0.0,0.0,False
vdr-12591,2.0,1.0,0.0,0.0,False
ws-11630,2.0,0.0,0.0,0.0,False
WS-10938,7.0,3.0,1.0,1.0,True
WS-11730,5.0,2.0,0.0,6.0,True
VDR-10550,9.0,0.0,1.0,2.0,True
WS-11154.corp.local,1.0,0.0,0.0,0.0,False
vdr-12198,1.0,0.0,0.0,0.0,False
vdr-12958,1.0,1.0,0.0,0.0,False
lpt-11423,1.0,0.0,0.0,0.0,False
LPT-10125.corp.local,1.0,1.0,0.0,0.0,False
WS-12385,8.0,1.0,1.0,1.0,True
VDR-12025,7.0,3.0,0.0,5.0,True
WS_11415,1.0,0.0,0.0,0.0,False
WS-10082,9.0,2.0,1.0,3.0,True
LPT-11890,11.0,4.0,1.0,2.0,True
WS-10579.corp.local,1.0,1.0,0.0,0.0,False
WS-12756,5.0,0.0,1.0,2.0,True
WS-10102,7.0,0.0,1.0,0.0,True
LPT-11480,12.0,1.0,1.0,0.0,True
VDR_12740,1.0,0.0,0.0,0.0,False
WS_11196,1.0,0.0,0.0,0.0,False
VDR-11003,7.0,0.0,0.0,4.0,True
lpt-12416,1.0,1.0,0.0,0.0,False
VDR-12777.corp.local,2.0,0.0,0.0,0.0,False
VDR-10498,7.0,2.0,0.0,6.0,True
WS-12812,6.0,2.0,1.0,2.0,True
WS-10393,7.0,4.0,0.0,2.0,True
vdr-11066,4.0,1.0,0.0,0.0,False
lpt-11025,2.0,1.0,0.0,0.0,False
VDR-10796.corp.local,1.0,1.0,1.0,0.0,False
LPT-11908,5.0,2.0,1.0,5.0,True
ws-10324,1.0,0.0,0.0,0.0,False
vdr-12310,3.0,1.0,0.0,0.0,False
LPT_11060,1.0,0.0,0.0,0.0,False
lpt-10200,1.0,0.0,0.0,0.0,False
LPT-10976.corp.local,1.0,0.0,0.0,0.0,False
VDR-12141.,0.0,0.0,0.0,0.0,True
ws-10292,1.0,0.0,1.0,0.0,False
VDR_10879,1.0,0.0,0.0,0.0,False
VDR-10444,8.0,3.0,1.0,3.0,True
ws-12623,2.0,0.0,0.0,0.0,False
WS-12742,9.0,2.0,1.0,1.0,True
WS-11677.corp.local,1.0,1.0,0.0,0.0,False
LPT-11319.corp.local,1.0,0.0,0.0,0.0,False
WS-12344,2.0,0.0,0.0,1.0,True
LPT_10337,2.0,0.0,0.0,0.0,False
LPT-12609.corp.local,2.0,0.0,0.0,0.0,False
WS-10958,3.0,1.0,0.0,2.0,True
LPT-10709.corp.local,2.0,0.0,0.0,0.0,False
vdr-10161,3.0,0.0,1.0,0.0,False
ws-12830,2.0,1.0,0.0,0.0,False
WS-12371,15.0,5.0,1.0,2.0,True
WS-11782.corp.local,1.0,0.0,0.0,0.0,False
VDR-12441,3.0,1.0,0.0,1.0,True
VDR-10233,7.0,1.0,1.0,2.0,True
vdr-11963,1.0,0.0,0.0,0.0,False
VDR-11421.corp.local,1.0,1.0,0.0,0.0,False
VDR-11166.corp.local,1.0,0.0,0.0,0.0,False
WS-12447,11.0,3.0,2.0,3.0,False
LPT-10636.corp.local,1.0,0.0,0.0,0.0,False
lpt-12672,1.0,0.0,0.0,0.0,False
ws-11769,1.0,0.0,1.0,0.0,False
WS-12553,7.0,1.0,0.0,3.0,True
VDR_10735,2.0,0.0,0.0,0.0,False
VDR-10857,9.0,1.0,1.0,0.0,True
ws-11724,1.0,0.0,0.0,0.0,False
LPT_11259,2.0,0.0,0.0,0.0,False
VDR-10595,8.0,5.0,0.0,1.0,False
ws-11698,4.0,1.0,0.0,0.0,False
VDR_11225,2.0,0.0,0.0,0.0,False
WS-11759,6.0,3.0,1.0,0.0,True
lpt-11324,2.0,1.0,0.0,0.0,False
VDR-10484,2.0,0.0,0.0,2.0,True
ws-11847,1.0,0.0,0.0,0.0,False
WS-11076,15.0,3.0,2.0,4.0,False
lpt-12257,1.0,0.0,0.0,0.0,False
LPT-11683,7.0,2.0,1.0,9.0,True
WS_12941,1.0,0.0,0.0,0.0,False
vdr-10231,6.0,4.0,1.0,0.0,False
LPT-10862,3.0,0.0,0.0,2.0,False
WS_11381,1.0,0.0,0.0,0.0,False
VDR-11802,7.0,2.0,0.0,5.0,True
vdr-11798,1.0,1.0,0.0,0.0,False
lpt-11428,1.0,0.0,0.0,0.0,False
LPT-12699.corp.local,1.0,1.0,0.0,0.0,False
VDR_11279,2.0,1.0,0.0,0.0,False
lpt-12474,1.0,0.0,0.0,0.0,False
LPT-12885,7.0,0.0,1.0,0.0,True
WS_12188,2.0,1.0,0.0,0.0,False
vdr-10701,1.0,1.0,0.0,0.0,False
WS-11468,7.0,1.0,0.0,1.0,True
WS-12320.corp.local,1.0,1.0,0.0,0.0,False
vdr-11560,1.0,1.0,0.0,0.0,False
WS-10413,8.0,0.0,1.0,1.0,True
VDR_10142,2.0,0.0,0.0,0.0,False
vdr-12956,3.0,0.0,0.0,0.0,False
LPT_12662,1.0,0.0,0.0,0.0,False
vdr-12604,1.0,0.0,0.0,0.0,False
VDR_10656,1.0,0.0,0.0,0.0,False
VDR-10975.corp.local,1.0,1.0,0.0,0.0,False
VDR_11277,1.0,0.0,0.0,0.0,False
VDR-10667,6.0,3.0,0.0,4.0,True
ws-11397,1.0,0.0,0.0,0.0,False
WS-11688,5.0,1.0,0.0,2.0,True
lpt-12322,1.0,0.0,1.0,0.0,False
vdr-11650,2.0,0.0,0.0,0.0,False
VDR_11237,1.0,0.0,0.0,0.0,False
LPT-10575.,0.0,0.0,0.0,0.0,True
lpt-11498,1.0,0.0,0.0,0.0,False
VDR-10923.corp.local,2.0,0.0,0.0,0.0,False
VDR_10465,2.0,1.0,0.0,0.0,False
WS-11471,8.0,3.0,0.0,2.0,True
WS-11416,6.0,1.0,1.0,1.0,True
lpt-11619,1.0,0.0,0.0,0.0,False
ws-10334,2.0,0.0,0.0,0.0,False
WS-12802,6.0,2.0,1.0,3.0,True
LPT_12536,2.0,0.0,0.0,0.0,False
LPT-11501.corp.local,1.0,1.0,1.0,0.0,False
LPT-10931,8.0,1.0,1.0,0.0,True
WS-10243.corp.local,1.0,1.0,0.0,0.0,False
WS-10486,4.0,1.0,0.0,7.0,True
LPT-10520.corp.local,1.0,0.0,0.0,0.0,False
WS-11442,5.0,3.0,0.0,1.0,True
ws-10786,1.0,0.0,0.0,0.0,False
lpt-10390,2.0,2.0,0.0,0.0,False
WS-12901,8.0,1.0,0.0,1.0,True
lpt-12486,1.0,0.0,0.0,0.0,False
lpt-10881,2.0,0.0,0.0,0.0,False
LPT-10098.corp.local,1.0,0.0,0.0,0.0,False
VDR-12678,7.0,2.0,1.0,2.0,True
WS-12433.corp.local,3.0,1.0,0.0,0.0,False
lpt-10702,1.0,0.0,0.0,0.0,False
WS-12544.,0.0,0.0,0.0,0.0,True
ws-12682,2.0,1.0,0.0,0.0,False
LPT-12223,5.0,3.0,1.0,1.0,True
VDR-10260.corp.local,1.0,1.0,0.0,0.0,False
WS-10213,7.0,4.0,0.0,1.0,True
VDR_10666,2.0,0.0,1.0,0.0,False
VDR-11566,8.0,0.0,0.0,4.0,True
WS_11502,2.0,0.0,0.0,0.0,False
WS-12895.,0.0,0.0,0.0,0.0,True
LPT-12687,8.0,0.0,1.0,2.0,True
vdr-12073,1.0,1.0,0.0,0.0,False
lpt-12347,2.0,0.0,0.0,0.0,False
VDR_12820,1.0,0.0,0.0,0.0,False
VDR-11675,10.0,2.0,0.0,2.0,True
WS_11505,2.0,0.0,1.0,0.0,False
WS-11461.corp.local,1.0,0.0,0.0,0.0,False
VDR-12033,3.0,0.0,0.0,1.0,True
WS-10178,7.0,1.0,0.0,4.0,True
WS-10888,10.0,2.0,2.0,0.0,True
ws-10392,2.0,0.0,0.0,0.0,False
vdr-12411,1.0,0.0,0.0,0.0,False
LPT-10859,3.0,1.0,2.0,1.0,True
ws-12660,2.0,0.0,0.0,0.0,False
LPT-12133.corp.local,1.0,0.0,0.0,0.0,False
ws-11923,1.0,1.0,0.0,0.0,False
VDR-12770.corp.local,1.0,0.0,0.0,0.0,False
LPT-12053.,0.0,0.0,0.0,0.0,True
vdr-10260,2.0,0.0,0.0,0.0,False
LPT_12805,1.0,0.0,0.0,0.0,False
ws-11391,1.0,1.0,0.0,0.0,False
ws-12028,2.0,0.0,0.0,0.0,False
vdr-11524,2.0,1.0,1.0,0.0,False
ws-12224,2.0,1.0,0.0,0.0,False
VDR-10406,6.0,1.0,0.0,0.0,True
ws-10023,1.0,0.0,0.0,0.0,False
vdr-12936,1.0,1.0,0.0,0.0,False
VDR_10029,2.0,1.0,0.0,0.0,False
WS-10884,3.0,0.0,0.0,1.0,True
WS-11372,6.0,2.0,0.0,2.0,False
VDR_10713,1.0,0.0,0.0,0.0,False
WS-10784.corp.local,1.0,0.0,0.0,0.0,False
WS_12226,1.0,0.0,0.0,0.0,False
LPT-10797,8.0,1.0,0.0,3.0,True
vdr-11549,2.0,1.0,0.0,0.0,False
lpt-12383,1.0,1.0,0.0,0.0,False
VDR-10455.corp.local,1.0,0.0,0.0,0.0,False
vdr-10861,3.0,0.0,0.0,0.0,False
ws-11441,1.0,1.0,0.0,0.0,False
ws-12262,2.0,0.0,0.0,0.0,False
VDR-11095.corp.local,1.0,0.0,1.0,0.0,False
WS-12773.corp.local,1.0,0.0,0.0,0.0,False
WS-10610,2.0,1.0,0.0,2.0,True
VDR_11632,1.0,0.0,0.0,0.0,False
LPT-11891,3.0,1.0,0.0,1.0,True
LPT-11368,5.0,2.0,1.0,2.0,True
VDR-10203,2.0,1.0,0.0,2.0,True
vdr-12789,1.0,0.0,0.0,0.0,False
VDR_11167,1.0,0.0,0.0,0.0,False
VDR-12127.corp.local,2.0,0.0,1.0,0.0,False
ws-10824,4.0,0.0,0.0,0.0,False
VDR-12706,9.0,3.0,1.0,4.0,True
VDR-12431,7.0,0.0,0.0,3.0,False
WS-10461,5.0,2.0,1.0,4.0,False
ws-11974,1.0,1.0,1.0,0.0,False
WS-11994,4.0,0.0,0.0,1.0,True
LPT-10250.corp.local,1.0,0.0,0.0,0.0,False
LPT-11058,3.0,1.0,0.0,0.0,True
WS-11657.corp.local,1.0,0.0,0.0,0.0,False
WS_12760,1.0,1.0,0.0,0.0,False
WS-12889,8.0,0.0,0.0,4.0,False
WS-11496,4.0,0.0,1.0,3.0,False
WS_11401,1.0,0.0,0.0,0.0,False
VDR-12458,5.0,1.0,0.0,2.0,True
VDR-11056.corp.local,1.0,0.0,0.0,0.0,False
lpt-12569,1.0,0.0,0.0,0.0,False
VDR-12789,5.0,1.0,0.0,2.0,True
WS-12337,10.0,2.0,2.0,4.0,True
vdr-12348,1.0,0.0,0.0,0.0,False
VDR-11087,5.0,0.0,1.0,1.0,True
VDR-12958,6.0,1.0,0.0,2.0,True
WS-11223,4.0,1.0,0.0,4.0,True
lpt-12658,3.0,2.0,1.0,0.0,False
ws-10419,3.0,1.0,0.0,0.0,False
LPT-11887,4.0,1.0,1.0,1.0,False
VDR-12712.corp.local,1.0,0.0,0.0,0.0,False
VDR_11964,3.0,1.0,1.0,0.0,False
LPT-11134,5.0,0.0,0.0,2.0,True
VDR-10533,10.0,1.0,1.0,3.0,True
WS_10436,1.0,0.0,1.0,0.0,False
LPT_12884,1.0,0.0,0.0,0.0,False
VDR-11091,5.0,1.0,0.0,4.0,True
LPT-11998.corp.local,2.0,1.0,0.0,0.0,False
VDR-11297,11.0,3.0,0.0,2.0,False
ws-11444,3.0,1.0,1.0,0.0,False
vdr-12122,1.0,0.0,0.0,0.0,False
VDR-12479.corp.local,2.0,0.0,0.0,0.0,False
vdr-11625,1.0,1.0,0.0,0.0,False
vdr-10666,2.0,1.0,0.0,0.0,False
WS-11458,10.0,2.0,0.0,2.0,True
WS-12287,4.0,0.0,0.0,3.0,True
WS-11287,9.0,1.0,2.0,2.0,True
WS-11243,7.0,1.0,1.0,0.0,True
lpt-10912,1.0,0.0,0.0,0.0,False
WS_12876,1.0,1.0,0.0,0.0,False
WS-10422,7.0,4.0,2.0,3.0,True
LPT-11914,7.0,4.0,1.0,3.0,True
vdr-11388,2.0,1.0,1.0,0.0,False
LPT-12714.corp.local,1.0,0.0,1.0,0.0,False
WS-10727,4.0,0.0,0.0,2.0,False
LPT-12521,8.0,2.0,0.0,4.0,True
WS-10180,10.0,1.0,2.0,0.0,True
ws-11041,1.0,0.0,0.0,0.0,False
LPT-11635,9.0,5.0,2.0,0.0,True
vdr-12057,1.0,0.0,0.0,0.0,False
vdr-12709,2.0,0.0,0.0,0.0,False
ws-12531,1.0,0.0,0.0,0.0,False
VDR-12847.corp.local,1.0,1.0,0.0,0.0,False
LPT-10944.corp.local,2.0,1.0,0.0,0.0,False
WS-12623.corp.local,1.0,0.0,0.0,0.0,False
LPT-12183.corp.local,1.0,0.0,0.0,0.0,False
VDR_12972,1.0,0.0,0.0,0.0,False
WS-12851.,0.0,0.0,0.0,0.0,True
ws-11911,2.0,0.0,0.0,0.0,False
VDR-11629,6.0,0.0,1.0,4.0,True
LPT-12007.corp.local,1.0,0.0,1.0,0.0,False
vdr-10571,1.0,1.0,0.0,0.0,False
VDR-11267.corp.local,1.0,0.0,0.0,0.0,False
ws-11538,2.0,1.0,0.0,0.0,False
VDR-12200,4.0,2.0,0.0,1.0,True
LPT-10901,7.0,1.0,0.0,3.0,True
VDR-11155,9.0,3.0,1.0,5.0,True
lpt-10258,2.0,0.0,0.0,0.0,False
VDR-11650.corp.local,1.0,0.0,0.0,0.0,False
LPT-10058.corp.local,1.0,0.0,0.0,0.0,False
WS-12686.,0.0,0.0,0.0,0.0,True
lpt-10311,1.0,1.0,0.0,0.0,False
WS-12819,6.0,3.0,0.0,4.0,True
WS-11492,3.0,1.0,0.0,2.0,True
VDR-12863,6.0,2.0,0.0,2.0,True
VDR-12975,5.0,0.0,2.0,1.0,True
vdr-11933,1.0,0.0,0.0,0.0,False
WS-11203,6.0,1.0,1.0,0.0,True
LPT_11534,2.0,0.0,0.0,0.0,False
WS-11119.corp.local,1.0,0.0,0.0,0.0,False
vdr-12415,2.0,1.0,0.0,0.0,False
lpt-12702,3.0,0.0,0.0,0.0,False
LPT-11810,7.0,3.0,0.0,4.0,True
lpt-11065,1.0,1.0,0.0,0.0,False
VDR_11846,1.0,0.0,0.0,0.0,False
LPT-11574,7.0,3.0,0.0,2.0,True
VDR-10035.corp.local,1.0,1.0,0.0,0.0,False
vdr-12976,1.0,1.0,0.0,0.0,False
WS-11194.corp.local,1.0,0.0,0.0,0.0,False
WS-12599.corp.local,2.0,1.0,0.0,0.0,False
LPT-11246.corp.local,1.0,0.0,1.0,0.0,False
VDR-10677.corp.local,1.0,0.0,0.0,0.0,False
LPT-12787,8.0,2.0,0.0,2.0,True
vdr-11392,1.0,0.0,0.0,0.0,False
LPT-11937,7.0,1.0,1.0,5.0,True
VDR-12526.corp.local,1.0,1.0,0.0,0.0,False
vdr-11832,2.0,0.0,0.0,0.0,False
ws-10546,2.0,0.0,0.0,0.0,False
vdr-10885,1.0,0.0,0.0,0.0,False
lpt-12779,2.0,1.0,0.0,0.0,False
ws-12515,3.0,1.0,0.0,0.0,False
vdr-12235,1.0,0.0,0.0,0.0,False
ws-10871,1.0,0.0,0.0,0.0,False
LPT_11501,1.0,0.0,0.0,0.0,False
vdr-11445,1.0,0.0,0.0,0.0,False
WS-10915.corp.local,1.0,1.0,0.0,0.0,False
LPT_10709,1.0,0.0,0.0,0.0,False
WS_12320,1.0,0.0,0.0,0.0,False
VDR_12159,1.0,0.0,1.0,0.0,False
LPT-11788.corp.local,1.0,0.0,0.0,0.0,False
LPT-12380.corp.local,2.0,0.0,0.0,0.0,False
vdr-10329,1.0,1.0,0.0,0.0,False
vdr-11217,4.0,1.0,0.0,0.0,False
ws-11949,2.0,0.0,0.0,0.0,False
lpt-11259,2.0,1.0,0.0,0.0,False
lpt-10054,1.0,0.0,0.0,0.0,False
LPT_11786,1.0,0.0,0.0,0.0,False
VDR-11947,7.0,3.0,1.0,1.0,True
VDR-11544.,0.0,0.0,0.0,0.0,True
VDR-12976,8.0,3.0,0.0,2.0,False
WS_10117,1.0,0.0,0.0,0.0,False
LPT-11484,4.0,0.0,0.0,3.0,True
LPT_11984,1.0,1.0,0.0,0.0,False
LPT_11970,1.0,1.0,0.0,0.0,False
LPT-12643.corp.local,1.0,0.0,0.0,0.0,False
VDR-12646,7.0,1.0,1.0,4.0,True
WS-10824.corp.local,2.0,0.0,0.0,0.0,False
VDR_12882,1.0,0.0,0.0,0.0,False
LPT-11577.,0.0,0.0,0.0,0.0,True
LPT-11011,7.0,2.0,0.0,3.0,True
lpt-12321,2.0,0.0,1.0,0.0,False
lpt-12617,2.0,1.0,1.0,0.0,False
WS_11620,1.0,0.0,0.0,0.0,False
LPT-12107.,0.0,0.0,0.0,0.0,True
VDR-11217,8.0,2.0,1.0,2.0,True
LPT-12871.corp.local,1.0,0.0,0.0,0.0,False
WS_11898,1.0,0.0,0.0,0.0,False
LPT-11607.corp.local,2.0,0.0,0.0,0.0,False
WS-10549,4.0,1.0,0.0,6.0,True
VDR-12277.,0.0,0.0,0.0,0.0,True
WS-11722,8.0,1.0,1.0,2.0,False
WS-10301,6.0,1.0,1.0,4.0,False
LPT-12729,4.0,1.0,0.0,2.0,True
VDR-12764.corp.local,1.0,0.0,0.0,0.0,False
VDR-11455.corp.local,1.0,0.0,0.0,0.0,False
VDR_11669,1.0,0.0,0.0,0.0,False
VDR-12776,1.0,0.0,0.0,2.0,True
lpt-11359,1.0,0.0,0.0,0.0,False
WS-12715.corp.local,1.0,0.0,0.0,0.0,False
WS-11358,7.0,3.0,0.0,2.0,True
WS-11390.corp.local,2.0,0.0,0.0,0.0,False
LPT_11658,1.0,0.0,0.0,0.0,False
ws-12204,1.0,0.0,0.0,0.0,False
lpt-12687,2.0,0.0,0.0,0.0,False
LPT-10026.corp.local,1.0,0.0,0.0,0.0,False
WS_10432,1.0,0.0,0.0,0.0,False
WS-11503,7.0,0.0,0.0,5.0,True
ws-11245,1.0,0.0,0.0,0.0,False
VDR-11765,4.0,0.0,0.0,1.0,False
VDR-10867.corp.local,1.0,0.0,0.0,0.0,False
VDR-12487,10.0,3.0,1.0,4.0,True
lpt-12070,1.0,1.0,0.0,0.0,False
ws-10266,1.0,0.0,0.0,0.0,False
WS-12935,7.0,1.0,1.0,3.0,True
LPT_11891,1.0,0.0,0.0,0.0,False
VDR-10799,5.0,1.0,0.0,3.0,True
WS-12694,9.0,2.0,0.0,4.0,True
VDR_10914,1.0,0.0,0.0,0.0,False
WS_11477,2.0,2.0,0.0,0.0,False
ws-11567,1.0,0.0,0.0,0.0,False
WS-10530,5.0,2.0,0.0,1.0,False
lpt-11202,2.0,1.0,0.0,0.0,False
LPT_10469,1.0,1.0,0.0,0.0,False
LPT-10204,3.0,1.0,1.0,2.0,True
WS_12511,1.0,0.0,0.0,0.0,False
WS_12398,1.0,0.0,0.0,0.0,False
WS-12317,6.0,2.0,1.0,2.0,True
WS-12746.corp.local,1.0,1.0,0.0,0.0,False
lpt-12315,2.0,0.0,0.0,0.0,False
vdr-12882,1.0,0.0,0.0,0.0,False
WS-12682,8.0,1.0,0.0,3.0,False
LPT_10741,1.0,0.0,0.0,0.0,False
LPT-11745,4.0,0.0,0.0,1.0,True
VDR-12177.corp.local,2.0,2.0,0.0,0.0,False
lpt-12888,1.0,1.0,0.0,0.0,False
LPT-10935,8.0,3.0,1.0,2.0,False
WS-10978.corp.local,1.0,0.0,0.0,0.0,False
WS-10617.corp.local,2.0,0.0,0.0,0.0,False
VDR-10761,7.0,0.0,2.0,4.0,False
LPT-12289,2.0,0.0,0.0,1.0,True
VDR-11188,8.0,1.0,0.0,4.0,True
VDR-12005.corp.local,2.0,1.0,0.0,0.0,False
WS-11814.corp.local,2.0,0.0,0.0,0.0,False
WS-12165,7.0,0.0,2.0,2.0,True
VDR-10132.corp.local,1.0,0.0,1.0,0.0,False
VDR-10664,4.0,2.0,0.0,2.0,True
VDR-11697.corp.local,1.0,0.0,0.0,0.0,False
WS-11380,4.0,1.0,1.0,5.0,True
WS_10034,1.0,0.0,0.0,0.0,False
LPT-12939,7.0,0.0,0.0,4.0,True
lpt-11156,1.0,0.0,0.0,0.0,False
vdr-10903,1.0,1.0,0.0,0.0,False
LPT_11904,3.0,0.0,2.0,0.0,False
VDR-12403,11.0,4.0,2.0,4.0,False
LPT_11423,1.0,0.0,0.0,0.0,False
VDR-11495,10.0,2.0,1.0,3.0,True
WS-10308,6.0,3.0,1.0,4.0,True
VDR-11901,8.0,1.0,1.0,2.0,True
VDR-11093.corp.local,1.0,0.0,0.0,0.0,False
VDR-11560.corp.local,1.0,0.0,0.0,0.0,False
VDR-11188.corp.local,1.0,0.0,0.0,0.0,False
ws-10836,1.0,0.0,0.0,0.0,False
WS_11814,1.0,1.0,0.0,0.0,False
VDR_10514,1.0,1.0,0.0,0.0,False
LPT-11593,5.0,1.0,0.0,0.0,True
WS-10470,8.0,1.0,0.0,3.0,True
WS-10573,3.0,2.0,0.0,2.0,True
WS-11769.corp.local,1.0,1.0,0.0,0.0,False
VDR-12991,11.0,2.0,0.0,3.0,True
VDR_12235,1.0,0.0,0.0,0.0,False
VDR-11215.corp.local,1.0,0.0,0.0,0.0,False
ws-12256,1.0,0.0,0.0,0.0,False
vdr-12513,2.0,1.0,0.0,0.0,False
lpt-12763,1.0,0.0,0.0,0.0,False
VDR_12437,1.0,0.0,0.0,0.0,False
VDR_10492,2.0,0.0,0.0,0.0,False
VDR-10937.corp.local,1.0,0.0,0.0,0.0,False
ws-11063,1.0,0.0,0.0,0.0,False
VDR-10757,8.0,3.0,1.0,1.0,False
LPT-11250,7.0,1.0,0.0,4.0,False
ws-10136,3.0,1.0,0.0,0.0,False
VDR-11684,9.0,2.0,1.0,0.0,True
LPT-10235,3.0,1.0,1.0,2.0,True
VDR-11169.corp.local,2.0,0.0,0.0,0.0,False
WS-11077,9.0,2.0,2.0,1.0,True
LPT_11057,1.0,0.0,0.0,0.0,False
ws-11106,1.0,0.0,1.0,0.0,False
WS-10266,5.0,0.0,0.0,2.0,True
vdr-10170,2.0,0.0,0.0,0.0,False
vdr-10688,1.0,0.0,0.0,0.0,False
VDR-10093,5.0,1.0,0.0,2.0,False
LPT-12399,3.0,1.0,1.0,3.0,True
VDR_12560,2.0,0.0,0.0,0.0,False
VDR-12272.corp.local,1.0,0.0,0.0,0.0,False
WS-12992,3.0,2.0,0.0,2.0,True
LPT-11340,5.0,1.0,0.0,0.0,True
WS-10419.corp.local,3.0,2.0,0.0,0.0,False
VDR-12580,8.0,0.0,0.0,6.0,True
lpt-10920,2.0,0.0,0.0,0.0,False
LPT_12795,1.0,0.0,0.0,0.0,False
WS-11098,9.0,1.0,2.0,2.0,False
WS-11384,3.0,0.0,1.0,1.0,True
LPT-10752,6.0,0.0,1.0,0.0,True
VDR-11796,6.0,1.0,0.0,3.0,True
VDR_10164,1.0,0.0,0.0,0.0,False
WS-12667.corp.local,1.0,0.0,0.0,0.0,False
WS-11854,9.0,0.0,0.0,3.0,True
LPT_12006,2.0,1.0,0.0,0.0,False
WS-12833,10.0,2.0,1.0,7.0,True
ws-10113,4.0,0.0,1.0,0.0,False
VDR-12452,2.0,1.0,0.0,3.0,True
ws-12599,1.0,0.0,0.0,0.0,False
ws-10530,1.0,0.0,0.0,0.0,False
VDR-12184.,0.0,0.0,0.0,0.0,True
WS-12220,6.0,1.0,0.0,2.0,True
vdr-12964,2.0,0.0,0.0,0.0,False
LPT-11909,6.0,2.0,0.0,2.0,True
WS-10211.corp.local,1.0,0.0,0.0,0.0,False
VDR-11962,6.0,1.0,0.0,4.0,True
LPT-10114,8.0,1.0,1.0,3.0,True
LPT-11476,6.0,2.0,0.0,2.0,True
VDR-12174,5.0,0.0,0.0,5.0,True
LPT-12600,5.0,1.0,0.0,3.0,False
VDR-12588,8.0,2.0,0.0,4.0,True
WS-10000.corp.local,1.0,1.0,1.0,0.0,False
WS-12751.corp.local,1.0,0.0,0.0,0.0,False
vdr-11100,2.0,0.0,0.0,0.0,False
VDR-11021.corp.local,3.0,1.0,0.0,0.0,False
VDR-12835.,0.0,0.0,0.0,0.0,True
ws-10494,1.0,0.0,0.0,0.0,False
LPT-12998,4.0,1.0,0.0,6.0,False
VDR-10703.corp.local,1.0,0.0,0.0,0.0,False
ws-10553,2.0,0.0,1.0,0.0,False
WS-10334.corp.local,3.0,1.0,0.0,0.0,False
WS-11521.corp.local,1.0,0.0,0.0,0.0,False
ws-10045,1.0,0.0,0.0,0.0,False
vdr-10165,1.0,1.0,0.0,0.0,False
WS_11104,1.0,0.0,0.0,0.0,False
WS_11362,1.0,0.0,0.0,0.0,False
lpt-11692,1.0,0.0,0.0,0.0,False
WS-10085.corp.local,1.0,0.0,0.0,0.0,False
LPT-10815,9.0,3.0,1.0,2.0,True
VDR-12441.corp.local,2.0,0.0,1.0,0.0,False
LPT-12257,8.0,1.0,0.0,2.0,False
WS_12442,1.0,1.0,0.0,0.0,False
lpt-11452,2.0,0.0,0.0,0.0,False
LPT-12492,2.0,0.0,0.0,2.0,True
LPT_11955,1.0,0.0,0.0,0.0,False
LPT-11025,8.0,0.0,1.0,9.0,True
LPT_10630,1.0,0.0,0.0,0.0,False
vdr-10940,1.0,1.0,0.0,0.0,False
WS-12170,9.0,1.0,1.0,4.0,True
WS-11633.corp.local,1.0,0.0,0.0,0.0,False
WS-10195,6.0,2.0,0.0,2.0,True
ws-10308,2.0,0.0,0.0,0.0,False
VDR-10688,5.0,0.0,0.0,1.0,True
WS-10803,3.0,0.0,1.0,0.0,True
ws-10408,2.0,1.0,0.0,0.0,False
vdr-12734,1.0,0.0,0.0,0.0,False
lpt-11900,2.0,0.0,0.0,0.0,False
ws-12716,3.0,0.0,1.0,0.0,False
VDR_10571,1.0,0.0,0.0,0.0,False
WS_12742,2.0,0.0,0.0,0.0,False
VDR-12279.corp.local,1.0,0.0,0.0,0.0,False
LPT-10028.corp.local,1.0,0.0,0.0,0.0,False
VDR-11083.corp.local,1.0,0.0,0.0,0.0,False
LPT-12551,9.0,2.0,1.0,3.0,True
WS_12727,1.0,0.0,0.0,0.0,False
WS-12925.corp.local,1.0,0.0,1.0,0.0,False
LPT_12714,2.0,0.0,0.0,0.0,False
WS_12164,1.0,0.0,0.0,0.0,False
VDR-11068,7.0,1.0,1.0,2.0,True
WS-11018,5.0,3.0,0.0,3.0,True
WS-11460,10.0,0.0,0.0,2.0,True
VDR-10485.corp.local,1.0,0.0,0.0,0.0,False
LPT-12354.corp.local,2.0,0.0,0.0,0.0,False
VDR-12017,8.0,2.0,0.0,4.0,True
lpt-12516,1.0,1.0,0.0,0.0,False
LPT-10782,5.0,1.0,3.0,1.0,True
LPT-11775.corp.local,4.0,0.0,0.0,0.0,False
WS_10932,1.0,0.0,0.0,0.0,False
ws-11126,2.0,0.0,0.0,0.0,False
LPT-10752.corp.local,2.0,1.0,0.0,0.0,False
VDR_12075,1.0,1.0,0.0,0.0,False
vdr-12059,2.0,0.0,1.0,0.0,False
LPT-12854,3.0,1.0,0.0,1.0,True
lpt-10199,2.0,1.0,0.0,0.0,False
LPT-12815.,0.0,0.0,0.0,0.0,True
LPT-11028,11.0,3.0,1.0,5.0,False
VDR-10326.corp.local,1.0,0.0,0.0,0.0,False
WS_11198,1.0,0.0,0.0,0.0,False
vdr-11232,1.0,0.0,0.0,0.0,False
LPT-10439.corp.local,1.0,0.0,0.0,0.0,False
LPT-10021,7.0,2.0,3.0,4.0,True
WS_12887,1.0,0.0,0.0,0.0,False
ws-12031,2.0,0.0,0.0,0.0,False
WS-10586,5.0,1.0,1.0,2.0,True
VDR-10631.corp.local,1.0,1.0,0.0,0.0,False
VDR-12335,8.0,2.0,0.0,4.0,False
LPT-11190,7.0,2.0,0.0,0.0,True
LPT-11010,6.0,1.0,2.0,2.0,True
vdr-11494,1.0,0.0,0.0,0.0,False
vdr-12959,1.0,0.0,0.0,0.0,False
LPT-12583.corp.local,1.0,0.0,0.0,0.0,False
LPT-12419,7.0,1.0,0.0,1.0,True
LPT-10101,6.0,0.0,1.0,1.0,True
vdr-10053,1.0,0.0,0.0,0.0,False
WS-12661.corp.local,2.0,0.0,0.0,0.0,False
LPT_10304,1.0,0.0,0.0,0.0,False
LPT-11552,1.0,0.0,0.0,0.0,True
lpt-12407,3.0,1.0,0.0,0.0,False
LPT-12111,4.0,0.0,0.0,1.0,True
VDR-12750.corp.local,1.0,0.0,0.0,0.0,False
lpt-10948,1.0,0.0,0.0,0.0,False
VDR_11117,1.0,0.0,1.0,0.0,False
LPT-10414,5.0,0.0,0.0,5.0,True
LPT-10144,4.0,1.0,0.0,4.0,True
WS-11467,7.0,1.0,0.0,2.0,True
WS-12204.corp.local,1.0,0.0,1.0,0.0,False
WS-10433.corp.local,1.0,0.0,0.0,0.0,False
LPT-12783.corp.local,1.0,0.0,0.0,0.0,False
VDR-12764,5.0,0.0,1.0,3.0,True
VDR-11931.corp.local,3.0,0.0,0.0,0.0,False
lpt-10423,1.0,0.0,0.0,0.0,False
WS-11422,3.0,2.0,0.0,3.0,True
VDR-10154,3.0,1.0,0.0,2.0,False
WS-10606,2.0,1.0,0.0,5.0,False
LPT_12143,1.0,1.0,0.0,0.0,False
vdr-10024,1.0,1.0,0.0,0.0,False
VDR-12151.corp.local,1.0,0.0,0.0,0.0,False
VDR-11420,7.0,2.0,1.0,4.0,True
LPT_10676,1.0,0.0,0.0,0.0,False
LPT_12517,1.0,0.0,0.0,0.0,False
WS-12064,4.0,0.0,1.0,5.0,True
VDR-10600,8.0,1.0,0.0,4.0,True
LPT_12761,1.0,0.0,0.0,0.0,False
vdr-11773,2.0,0.0,0.0,0.0,False
LPT_11086,1.0,0.0,0.0,0.0,False
LPT_11818,2.0,0.0,0.0,0.0,False
VDR-12490,2.0,0.0,0.0,2.0,True
LPT_12300,1.0,1.0,1.0,0.0,False
LPT-11619,8.0,0.0,0.0,4.0,True
ws-11873,1.0,1.0,0.0,0.0,False
WS-11988,3.0,0.0,0.0,3.0,True
lpt-10131,2.0,0.0,0.0,0.0,False
ws-10803,1.0,0.0,0.0,0.0,False
lpt-12293,2.0,1.0,0.0,0.0,False
vdr-12966,2.0,2.0,0.0,0.0,False
LPT-10897,12.0,3.0,0.0,3.0,False
VDR-10924.corp.local,1.0,0.0,1.0,0.0,False
WS-11756,7.0,1.0,0.0,0.0,True
lpt-12389,2.0,0.0,0.0,0.0,False
WS-10945,11.0,3.0,0.0,4.0,True
ws-10643,3.0,1.0,0.0,0.0,False
VDR-10192.corp.local,1.0,0.0,0.0,0.0,False
LPT-10210,5.0,2.0,1.0,2.0,False
vdr-11032,2.0,0.0,0.0,0.0,False
WS_11529,1.0,0.0,1.0,0.0,False
lpt-12508,2.0,0.0,0.0,0.0,False
VDR-11237,5.0,0.0,0.0,1.0,True
LPT-10125,6.0,1.0,1.0,3.0,True
ws-10394,2.0,1.0,1.0,0.0,False
LPT-11753,5.0,1.0,0.0,3.0,True
LPT-11319,4.0,0.0,0.0,1.0,True
ws-12845,1.0,0.0,0.0,0.0,False
WS_10155,1.0,1.0,0.0,0.0,False
ws-10574,1.0,0.0,0.0,0.0,False
vdr-11872,1.0,0.0,0.0,0.0,False
LPT-12099,6.0,0.0,0.0,4.0,True
WS-11434,7.0,0.0,0.0,3.0,True
LPT-11926,4.0,1.0,0.0,2.0,False
vdr-10354,1.0,0.0,0.0,0.0,False
lpt-12228,3.0,1.0,0.0,0.0,False
LPT-12504,5.0,1.0,0.0,1.0,True
WS_11713,2.0,0.0,0.0,0.0,False
LPT-12083.corp.local,1.0,0.0,0.0,0.0,False
WS_12062,1.0,1.0,0.0,0.0,False
WS_12445,1.0,0.0,0.0,0.0,False
LPT-10304,9.0,4.0,0.0,0.0,True
LPT-10842.corp.local,1.0,1.0,0.0,0.0,False
LPT_10891,1.0,0.0,0.0,0.0,False
VDR-10790.,0.0,0.0,0.0,0.0,True
LPT_12024,1.0,1.0,0.0,0.0,False
WS_10508,2.0,0.0,0.0,0.0,False
vdr-12896,2.0,0.0,0.0,0.0,False
VDR-11772,7.0,3.0,0.0,2.0,True
vdr-11061,2.0,0.0,0.0,0.0,False
ws-11442,2.0,2.0,0.0,0.0,False
ws-10175,2.0,0.0,0.0,0.0,False
lpt-12648,1.0,1.0,0.0,0.0,False
VDR-10514.corp.local,1.0,1.0,0.0,0.0,False
VDR-12140,3.0,0.0,0.0,4.0,True
VDR-10919.corp.local,1.0,0.0,0.0,0.0,False
LPT-11164.corp.local,1.0,0.0,0.0,0.0,False
VDR-12247.,0.0,0.0,0.0,0.0,True
LPT_12014,1.0,0.0,0.0,0.0,False
VDR-10857.corp.local,4.0,0.0,0.0,0.0,False
LPT-10668.corp.local,2.0,0.0,0.0,0.0,False
lpt-12697,2.0,0.0,0.0,0.0,False
WS-12909,9.0,4.0,0.0,4.0,True
VDR-12142.corp.local,1.0,0.0,0.0,0.0,False
LPT-10129.corp.local,1.0,0.0,0.0,0.0,False
vdr-10387,4.0,0.0,0.0,0.0,False
vdr-10621,1.0,1.0,0.0,0.0,False
LPT-12280,8.0,2.0,0.0,0.0,True
LPT-10409.,0.0,0.0,0.0,0.0,True
LPT-10008,8.0,1.0,0.0,2.0,True
lpt-10636,1.0,0.0,0.0,0.0,False
vdr-10848,2.0,0.0,0.0,0.0,False
vdr-12247,2.0,1.0,0.0,0.0,False
VDR-11385,5.0,1.0,0.0,5.0,True
LPT_11992,2.0,2.0,0.0,0.0,False
LPT-10321.corp.local,2.0,0.0,0.0,0.0,False
LPT-11679.corp.local,1.0,0.0,0.0,0.0,False
VDR-10914.,0.0,0.0,0.0,0.0,True
WS_11395,2.0,0.0,0.0,0.0,False
VDR-12075.corp.local,1.0,1.0,0.0,0.0,False
vdr-12806,4.0,0.0,0.0,0.0,False
vdr-10598,2.0,0.0,0.0,0.0,False
lpt-12782,4.0,3.0,0.0,0.0,False
ws-11776,3.0,2.0,1.0,0.0,False
LPT-12842,4.0,1.0,1.0,2.0,True
WS_11078,2.0,1.0,0.0,0.0,False
lpt-10418,4.0,1.0,1.0,0.0,False
ws-11448,3.0,0.0,1.0,0.0,False
VDR-12358,6.0,0.0,1.0,3.0,True
ws-12925,1.0,0.0,0.0,0.0,False
vdr-10614,1.0,0.0,0.0,0.0,False
ws-10895,1.0,0.0,1.0,0.0,False
LPT-12778.corp.local,4.0,1.0,0.0,0.0,False
WS-11759.corp.local,4.0,1.0,1.0,0.0,False
WS_10686,2.0,0.0,0.0,0.0,False
VDR_11128,2.0,1.0,0.0,0.0,False
ws-12987,1.0,0.0,0.0,0.0,False
lpt-10612,2.0,0.0,0.0,0.0,False
WS-12849.corp.local,2.0,2.0,0.0,0.0,False
WS-10148.corp.local,3.0,0.0,0.0,0.0,False
WS-12548.corp.local,1.0,0.0,0.0,0.0,False
VDR-10491.,0.0,0.0,0.0,0.0,True
WS-10453.corp.local,1.0,0.0,0.0,0.0,False
LPT_12299,1.0,0.0,0.0,0.0,False
WS-11401,4.0,0.0,0.0,0.0,True
WS-10969.corp.local,1.0,0.0,0.0,0.0,False
WS-11698,7.0,0.0,0.0,2.0,True
WS-10344.corp.local,2.0,0.0,0.0,0.0,False
WS-12879,9.0,2.0,1.0,2.0,True
LPT-12114.corp.local,1.0,0.0,0.0,0.0,False
vdr-11720,2.0,0.0,0.0,0.0,False
VDR_12338,1.0,0.0,1.0,0.0,False
LPT-12116,6.0,2.0,0.0,1.0,True
LPT-11751,8.0,3.0,0.0,5.0,True
LPT-12111.corp.local,1.0,0.0,0.0,0.0,False
WS_12117,1.0,1.0,0.0,0.0,False
LPT-12600.,0.0,0.0,0.0,0.0,True
WS-11397,12.0,2.0,0.0,6.0,False
VDR-11676.corp.local,1.0,0.0,0.0,0.0,False
LPT-11062,11.0,3.0,2.0,4.0,True
WS-12359.corp.local,2.0,1.0,0.0,0.0,False
VDR-12209,4.0,0.0,1.0,3.0,True
WS-10184,5.0,2.0,2.0,2.0,True
ws-12918,1.0,0.0,0.0,0.0,False
VDR-11413,7.0,1.0,0.0,3.0,True
vdr-12017,4.0,2.0,1.0,0.0,False
WS-12682.corp.local,1.0,0.0,0.0,0.0,False
LPT-12649.corp.local,2.0,2.0,0.0,0.0,False
LPT-11369,6.0,1.0,0.0,2.0,True
lpt-12685,1.0,0.0,0.0,0.0,False
LPT_12697,1.0,1.0,0.0,0.0,False
WS-12595,13.0,2.0,2.0,3.0,True
LPT-11609,4.0,0.0,0.0,0.0,True
WS-12018,6.0,0.0,0.0,0.0,True
WS-11897,4.0,1.0,0.0,2.0,True
LPT-11978.corp.local,2.0,0.0,0.0,0.0,False
LPT-12171,0.0,0.0,0.0,4.0,True
LPT-10120,7.0,1.0,0.0,3.0,True
ws-11342,2.0,1.0,0.0,0.0,False
VDR-12012.corp.local,1.0,0.0,0.0,0.0,False
WS_11845,1.0,0.0,0.0,0.0,False
VDR-12358.corp.local,1.0,0.0,0.0,0.0,False
VDR-11580,6.0,1.0,0.0,6.0,True
WS-10325,13.0,2.0,1.0,0.0,True
LPT-11220,7.0,1.0,0.0,4.0,True
lpt-11114,1.0,0.0,0.0,0.0,False
VDR_10354,2.0,1.0,1.0,0.0,False
LPT-11229,9.0,4.0,0.0,1.0,True
WS-10287,5.0,0.0,2.0,4.0,True
LPT-11254.corp.local,1.0,0.0,0.0,0.0,False
WS_12093,2.0,1.0,0.0,0.0,False
WS-12898,4.0,0.0,0.0,4.0,True
WS-10645,3.0,0.0,0.0,3.0,True
VDR-10402,4.0,0.0,2.0,3.0,True
WS_11819,1.0,0.0,0.0,0.0,False
VDR-11888,6.0,1.0,0.0,1.0,True
LPT-12858.corp.local,1.0,1.0,0.0,0.0,False
WS-12581,6.0,2.0,0.0,3.0,True
vdr-11901,3.0,2.0,1.0,0.0,False
LPT-12301,8.0,3.0,2.0,4.0,True
VDR-11142.corp.local,1.0,0.0,0.0,0.0,False
WS-10817,10.0,0.0,1.0,4.0,True
VDR_12590,1.0,0.0,0.0,0.0,False
WS-10149.corp.local,1.0,0.0,0.0,0.0,False
WS-11648.corp.local,3.0,1.0,0.0,0.0,False
LPT-12448,6.0,2.0,0.0,3.0,True
VDR-11074,9.0,1.0,2.0,2.0,True
VDR-11433.corp.local,2.0,0.0,0.0,0.0,False
LPT-10920,7.0,0.0,0.0,3.0,False
VDR-11951,4.0,2.0,0.0,4.0,True
vdr-12748,1.0,0.0,0.0,0.0,False
WS-12213.,0.0,0.0,0.0,0.0,True
ws-10934,4.0,0.0,0.0,0.0,False
VDR-12936,4.0,2.0,0.0,2.0,True
LPT-11183.corp.local,1.0,0.0,0.0,0.0,False
WS-10827.,0.0,0.0,0.0,0.0,True
ws-12742,2.0,0.0,0.0,0.0,False
WS-10202.corp.local,3.0,0.0,0.0,0.0,False
VDR-12892,8.0,2.0,1.0,5.0,True
LPT-12323,5.0,1.0,0.0,3.0,True
LPT-12657,4.0,1.0,0.0,1.0,True
lpt-11609,2.0,1.0,0.0,0.0,False
vdr-11068,1.0,0.0,0.0,0.0,False
LPT-12134.corp.local,1.0,0.0,0.0,0.0,False
VDR-11499,5.0,2.0,0.0,4.0,True
VDR-10005.corp.local,1.0,0.0,0.0,0.0,False
VDR-12235.corp.local,1.0,0.0,0.0,0.0,False
LPT-10171,9.0,3.0,2.0,1.0,True
WS_11785,1.0,1.0,0.0,0.0,False
VDR-12940,4.0,4.0,0.0,1.0,True
ws-10913,2.0,0.0,0.0,0.0,False
vdr-10788,1.0,0.0,0.0,0.0,False
VDR-10724.corp.local,1.0,0.0,0.0,0.0,False
WS-10962.corp.local,2.0,1.0,0.0,0.0,False
WS-11672.,0.0,0.0,0.0,0.0,True
VDR-11145,8.0,0.0,1.0,4.0,True
LPT-11813.corp.local,2.0,2.0,1.0,0.0,False
VDR-12590.corp.local,1.0,0.0,0.0,0.0,False
LPT_12227,1.0,0.0,0.0,0.0,False
WS-12290.corp.local,1.0,0.0,0.0,0.0,False
lpt-12722,1.0,0.0,0.0,0.0,False
VDR_12625,1.0,0.0,0.0,0.0,False
VDR-12464,9.0,3.0,0.0,4.0,False
VDR-11507,8.0,3.0,0.0,5.0,True
VDR-11858.corp.local,1.0,0.0,0.0,0.0,False
WS-12244.corp.local,1.0,0.0,0.0,0.0,False
lpt-11881,1.0,0.0,0.0,0.0,False
VDR-10816,8.0,2.0,0.0,3.0,False
lpt-11453,2.0,1.0,0.0,0.0,False
lpt-10989,1.0,0.0,0.0,0.0,False
VDR-11660.,0.0,0.0,0.0,0.0,True
ws-11696,1.0,0.0,0.0,0.0,False
WS-11108,8.0,3.0,3.0,2.0,True
WS_11374,2.0,0.0,0.0,0.0,False
LPT-12877,6.0,1.0,0.0,4.0,True
ws-12589,2.0,1.0,0.0,0.0,False
LPT_11025,2.0,0.0,0.0,0.0,False
lpt-10384,4.0,0.0,0.0,0.0,False
LPT-10669,5.0,0.0,0.0,1.0,True
ws-10746,1.0,0.0,0.0,0.0,False
LPT_10245,2.0,0.0,0.0,0.0,False
ws-10727,1.0,0.0,0.0,0.0,False
vdr-12142,1.0,1.0,0.0,0.0,False
LPT-11762,10.0,1.0,1.0,2.0,True
LPT-10496,8.0,1.0,1.0,1.0,True
VDR-11147,7.0,1.0,0.0,1.0,True
WS-10893,10.0,4.0,1.0,3.0,True
WS-10995,5.0,2.0,0.0,2.0,False
WS_11416,1.0,0.0,0.0,0.0,False
LPT_11349,1.0,0.0,0.0,0.0,False
WS-11844.corp.local,1.0,0.0,0.0,0.0,False
ws-10549,3.0,1.0,0.0,0.0,False
LPT-11290,5.0,0.0,0.0,4.0,False
WS-10313,9.0,2.0,2.0,2.0,True
LPT-10858,6.0,0.0,1.0,4.0,True
WS-12660,4.0,2.0,0.0,5.0,True
ws-12387,1.0,0.0,0.0,0.0,False
WS-11332,9.0,3.0,1.0,3.0,True
LPT_12103,3.0,0.0,0.0,0.0,False
VDR-10310.corp.local,1.0,0.0,0.0,0.0,False
vdr-10285,3.0,1.0,0.0,0.0,False
VDR-12598,8.0,2.0,1.0,4.0,True
WS_12295,2.0,0.0,0.0,0.0,False
VDR-10906,6.0,2.0,0.0,6.0,False
VDR-11100,7.0,1.0,0.0,3.0,True
ws-12128,4.0,1.0,0.0,0.0,False
WS-12255,3.0,0.0,0.0,2.0,True
LPT_12768,1.0,0.0,0.0,0.0,False
LPT-10460.corp.local,1.0,1.0,0.0,0.0,False
WS-11443,11.0,2.0,2.0,5.0,True
LPT-11200,7.0,3.0,0.0,2.0,True
vdr-10140,2.0,0.0,1.0,0.0,False
vdr-11892,3.0,3.0,0.0,0.0,False
WS_11974,2.0,0.0,1.0,0.0,False
WS-11182,9.0,3.0,1.0,3.0,True
vdr-11165,1.0,0.0,0.0,0.0,False
VDR-10502,11.0,1.0,2.0,0.0,True
vdr-10640,2.0,0.0,0.0,0.0,False
WS-11677,9.0,3.0,1.0,3.0,True
WS-12176,5.0,0.0,0.0,2.0,False
ws-11481,1.0,0.0,0.0,0.0,False
VDR-12276,8.0,1.0,0.0,1.0,True
VDR-11436,7.0,3.0,0.0,2.0,True
WS-12179,9.0,2.0,2.0,3.0,True
vdr-10492,2.0,0.0,1.0,0.0,False
VDR-12235,3.0,1.0,0.0,0.0,True
lpt-11151,1.0,0.0,0.0,0.0,False
VDR-10329.corp.local,1.0,0.0,0.0,0.0,False
WS-10553,7.0,3.0,0.0,4.0,True
LPT-10858.corp.local,1.0,1.0,0.0,0.0,False
LPT-11998,5.0,2.0,2.0,4.0,True
lpt-12603,1.0,0.0,1.0,0.0,False
WS-11803,3.0,1.0,0.0,4.0,True
LPT-11085.corp.local,1.0,0.0,0.0,0.0,False
LPT-12517.corp.local,1.0,0.0,0.0,0.0,False
WS-12217,13.0,4.0,3.0,1.0,True
WS-12274,7.0,3.0,0.0,1.0,True
lpt-12752,5.0,1.0,1.0,0.0,False
ws-10706,2.0,0.0,0.0,0.0,False
VDR-11121,4.0,0.0,0.0,1.0,True
vdr-10716,1.0,0.0,0.0,0.0,False
lpt-12700,1.0,0.0,0.0,0.0,False
LPT-12408,5.0,1.0,0.0,2.0,True
VDR-10435,6.0,3.0,0.0,4.0,True
VDR_12775,1.0,0.0,0.0,0.0,False
WS-12037.corp.local,1.0,0.0,0.0,0.0,False
LPT-12687.corp.local,2.0,0.0,1.0,0.0,False
WS-10145,5.0,3.0,0.0,1.0,True
WS_11410,1.0,0.0,0.0,0.0,False
WS-11654.corp.local,1.0,0.0,0.0,0.0,False
VDR-10848,5.0,1.0,0.0,4.0,True
LPT-12967,2.0,0.0,0.0,0.0,True
WS-11530.corp.local,1.0,0.0,0.0,0.0,False
lpt-12171,3.0,1.0,0.0,0.0,False
WS-12944.corp.local,2.0,0.0,0.0,0.0,False
LPT-11981.corp.local,1.0,0.0,0.0,0.0,False
VDR_11066,1.0,0.0,0.0,0.0,False
WS-12082,10.0,0.0,1.0,2.0,True
LPT-11234.corp.local,1.0,1.0,0.0,0.0,False
WS-11582,3.0,1.0,1.0,3.0,True
WS-11743.corp.local,2.0,2.0,1.0,0.0,False
WS-12409.corp.local,1.0,0.0,0.0,0.0,False
LPT-12586.corp.local,1.0,0.0,0.0,0.0,False
ws-10839,1.0,0.0,0.0,0.0,False
WS-11733,7.0,1.0,2.0,3.0,False
VDR-11731,10.0,1.0,1.0,2.0,True
VDR_10757,1.0,0.0,0.0,0.0,False
LPT-12467.corp.local,1.0,1.0,0.0,0.0,False
ws-11447,2.0,0.0,0.0,0.0,False
VDR-10788,7.0,1.0,0.0,3.0,True
LPT-12506,5.0,1.0,0.0,0.0,True
WS_10263,1.0,0.0,1.0,0.0,False
VDR-11966,4.0,1.0,0.0,1.0,True
LPT_10479,1.0,0.0,0.0,0.0,False
WS-11695.corp.local,2.0,1.0,0.0,0.0,False
VDR-10623,3.0,0.0,0.0,2.0,False
VDR-11843,6.0,3.0,0.0,4.0,True
LPT-12001,6.0,1.0,0.0,3.0,False
WS_11241,1.0,0.0,0.0,0.0,False
WS-10325.corp.local,1.0,0.0,0.0,0.0,False
LPT-10731.corp.local,1.0,0.0,0.0,0.0,False
VDR-10363,9.0,1.0,0.0,1.0,True
VDR-10387,8.0,0.0,0.0,4.0,False
LPT-10176,9.0,2.0,0.0,2.0,True
ws-11845,2.0,0.0,0.0,0.0,False
WS-12334,7.0,1.0,1.0,2.0,True
VDR-12338.corp.local,2.0,1.0,0.0,0.0,False
vdr-10312,2.0,1.0,0.0,0.0,False
LPT-11427,5.0,0.0,1.0,5.0,True
ws-10884,1.0,0.0,0.0,0.0,False
WS-12320,5.0,0.0,0.0,5.0,True
VDR-12983,6.0,2.0,0.0,2.0,True
WS-12092,5.0,3.0,0.0,1.0,True
WS-10997.corp.local,1.0,0.0,1.0,0.0,False
LPT-11887.corp.local,1.0,0.0,0.0,0.0,False
LPT-10157,6.0,1.0,0.0,2.0,True
WS-12236.corp.local,1.0,1.0,0.0,0.0,False
WS_10393,1.0,1.0,0.0,0.0,False
WS-12556,7.0,2.0,0.0,3.0,False
LPT-12699,3.0,0.0,0.0,5.0,True
VDR-12982,3.0,0.0,0.0,1.0,True
VDR-12463,8.0,1.0,0.0,1.0,True
vdr-10613,1.0,0.0,0.0,0.0,False
LPT-11780,5.0,1.0,1.0,0.0,False
lpt-10331,2.0,0.0,0.0,0.0,False
LPT-12659.corp.local,1.0,0.0,0.0,0.0,False
LPT-12731.,0.0,0.0,0.0,0.0,True
VDR-10621,6.0,2.0,0.0,1.0,True
VDR-11330,14.0,2.0,0.0,3.0,True
WS-12673,6.0,1.0,0.0,5.0,True
lpt-11321,2.0,0.0,0.0,0.0,False
vdr-11350,2.0,2.0,0.0,0.0,False
VDR-10273,6.0,1.0,1.0,3.0,True
VDR-11251.,0.0,0.0,0.0,0.0,True
WS-10139,7.0,2.0,0.0,2.0,False
VDR-11167,7.0,2.0,0.0,3.0,True
VDR_11927,1.0,1.0,0.0,0.0,False
LPT_11238,1.0,0.0,0.0,0.0,False
WS-10729,9.0,4.0,0.0,3.0,False
VDR-11236,6.0,2.0,0.0,3.0,True
VDR_10799,1.0,0.0,0.0,0.0,False
VDR-11378.corp.local,1.0,0.0,0.0,0.0,False
lpt-10377,1.0,1.0,1.0,0.0,False
vdr-12388,1.0,0.0,0.0,0.0,False
WS-11695,10.0,2.0,0.0,2.0,True
VDR_10924,1.0,1.0,0.0,0.0,False
WS-11230.,0.0,0.0,0.0,0.0,True
ws-11968,1.0,0.0,0.0,0.0,False
ws-12828,1.0,0.0,0.0,0.0,False
WS-11374.,0.0,0.0,0.0,0.0,True
WS_12866,1.0,1.0,0.0,0.0,False
LPT_12011,2.0,0.0,0.0,0.0,False
WS-10471,9.0,2.0,1.0,2.0,True
WS-12727,11.0,1.0,0.0,3.0,True
VDR-11312,10.0,2.0,0.0,3.0,True
VDR_10801,2.0,0.0,0.0,0.0,False
WS_10918,1.0,0.0,0.0,0.0,False
LPT_11637,2.0,0.0,0.0,0.0,False
ws-12246,1.0,0.0,0.0,0.0,False
WS_10878,1.0,1.0,0.0,0.0,False
WS-11334,11.0,2.0,0.0,2.0,True
WS-11437,10.0,1.0,2.0,2.0,True
lpt-12714,1.0,1.0,0.0,0.0,False
LPT-11321.corp.local,2.0,0.0,0.0,0.0,False
VDR_10491,1.0,0.0,0.0,0.0,False
VDR-10060.corp.local,2.0,0.0,1.0,0.0,False
LPT_11673,1.0,0.0,0.0,0.0,False
VDR-10576.corp.local,1.0,0.0,0.0,0.0,False
vdr-12431,1.0,1.0,0.0,0.0,False
vdr-11021,1.0,0.0,0.0,0.0,False
LPT-12007,3.0,0.0,0.0,4.0,True
lpt-11890,1.0,0.0,0.0,0.0,False
LPT_12937,1.0,0.0,0.0,0.0,False
LPT-11504,8.0,3.0,0.0,3.0,True
lpt-11346,1.0,0.0,0.0,0.0,False
ws-11654,1.0,0.0,0.0,0.0,False
WS_10826,4.0,1.0,0.0,0.0,False
ws-10569,1.0,1.0,0.0,0.0,False
WS-11667,7.0,1.0,1.0,2.0,True
LPT-12962.corp.local,2.0,0.0,0.0,0.0,False
VDR-11720,5.0,3.0,0.0,2.0,True
WS-12715,10.0,1.0,1.0,0.0,False
vdr-12892,2.0,0.0,0.0,0.0,False
WS_12097,1.0,0.0,0.0,0.0,False
VDR-10529,6.0,1.0,1.0,1.0,False
WS-12311,10.0,2.0,1.0,4.0,True
LPT-11178,11.0,3.0,0.0,4.0,True
LPT_11484,1.0,0.0,0.0,0.0,False
ws-10102,2.0,2.0,1.0,0.0,False
VDR-12500.corp.local,1.0,1.0,0.0,0.0,False
VDR-12942,9.0,2.0,0.0,1.0,True
VDR-12483,3.0,0.0,0.0,4.0,True
WS-11514,11.0,2.0,1.0,3.0,True
LPT-12838.corp.local,3.0,0.0,0.0,0.0,False
WS-11477,7.0,1.0,1.0,1.0,False
LPT_11004,1.0,1.0,0.0,0.0,False
WS-11864.,0.0,0.0,0.0,0.0,True
VDR-11921,8.0,2.0,0.0,5.0,False
WS-12473,10.0,0.0,0.0,3.0,True
lpt-10030,2.0,1.0,0.0,0.0,False
VDR-11265.corp.local,1.0,0.0,0.0,0.0,False
ws-11885,1.0,1.0,0.0,0.0,False
lpt-12780,3.0,0.0,0.0,0.0,False
LPT_12466,1.0,0.0,0.0,0.0,False
ws-11334,1.0,0.0,1.0,0.0,False
LPT-10691.corp.local,2.0,1.0,0.0,0.0,False
WS-11760,8.0,2.0,0.0,1.0,True
LPT-11627,8.0,1.0,0.0,3.0,True
LPT-12316.corp.local,1.0,0.0,0.0,0.0,False
WS-11323.corp.local,1.0,0.0,0.0,0.0,False
VDR-12896,8.0,1.0,0.0,2.0,False
LPT_11659,2.0,0.0,0.0,0.0,False
VDR_10108,1.0,0.0,0.0,0.0,False
LPT_11541,2.0,0.0,0.0,0.0,False
vdr-10044,4.0,2.0,0.0,0.0,False
LPT-10708,5.0,2.0,1.0,3.0,True
LPT-10041,5.0,1.0,2.0,7.0,True
WS-11749,6.0,2.0,0.0,6.0,True
vdr-10069,1.0,0.0,0.0,0.0,False
lpt-11220,1.0,0.0,0.0,0.0,False
LPT-12616.corp.local,1.0,0.0,0.0,0.0,False
ws-11799,1.0,0.0,0.0,0.0,False
LPT_12993,1.0,0.0,0.0,0.0,False
VDR-10684,9.0,1.0,1.0,2.0,True
LPT-11941,4.0,2.0,0.0,1.0,True
vdr-11927,2.0,0.0,0.0,0.0,False
LPT-11235,12.0,2.0,1.0,4.0,True
ws-10991,1.0,0.0,0.0,0.0,False
vdr-11224,2.0,0.0,0.0,0.0,False
lpt-11534,1.0,1.0,0.0,0.0,False
VDR_11032,1.0,0.0,0.0,0.0,False
ws-12694,2.0,0.0,0.0,0.0,False
LPT-11278,4.0,1.0,0.0,4.0,True
WS_10256,1.0,0.0,0.0,0.0,False
VDR-10138,7.0,3.0,0.0,1.0,True
ws-10969,2.0,0.0,0.0,0.0,False
ws-12409,2.0,1.0,0.0,0.0,False
vdr-11210,1.0,0.0,0.0,0.0,False
VDR-10165.corp.local,1.0,0.0,0.0,0.0,False
VDR-10638,7.0,1.0,2.0,2.0,True
lpt-12429,1.0,1.0,0.0,0.0,False
VDR-12278.corp.local,2.0,0.0,0.0,0.0,False
vdr-12564,1.0,0.0,0.0,0.0,False
vdr-10207,1.0,0.0,0.0,0.0,False
LPT-11489.corp.local,1.0,0.0,0.0,0.0,False
LPT-12135,4.0,2.0,1.0,5.0,True
VDR_12152,1.0,0.0,0.0,0.0,False
vdr-11385,2.0,1.0,0.0,0.0,False
LPT-10616.,0.0,0.0,0.0,0.0,True
LPT-10479,5.0,3.0,0.0,3.0,True
VDR-10388.corp.local,1.0,0.0,0.0,0.0,False
LPT_12516,1.0,0.0,0.0,0.0,False
WS_10487,1.0,0.0,0.0,0.0,False
WS_11806,1.0,0.0,0.0,0.0,False
vdr-11019,4.0,1.0,0.0,0.0,False
WS-12401,5.0,1.0,0.0,1.0,False
WS-11370,8.0,0.0,1.0,1.0,True
VDR-11345,7.0,0.0,0.0,2.0,True
WS_11670,2.0,0.0,0.0,0.0,False
LPT-11349.corp.local,1.0,0.0,0.0,0.0,False
LPT-10851,7.0,1.0,0.0,3.0,True
WS-11529,7.0,0.0,0.0,1.0,True
vdr-10361,3.0,0.0,0.0,0.0,False
vdr-10736,2.0,1.0,0.0,0.0,False
LPT_11908,2.0,0.0,0.0,0.0,False
VDR_11306,3.0,1.0,0.0,0.0,False
WS_10969,2.0,0.0,0.0,0.0,False
LPT-10717.corp.local,1.0,1.0,0.0,0.0,False
lpt-10755,2.0,0.0,0.0,0.0,False
LPT-12467,3.0,0.0,0.0,0.0,True
VDR-10783.corp.local,2.0,1.0,0.0,0.0,False
WS-12553.corp.local,1.0,0.0,0.0,0.0,False
VDR-12983.corp.local,1.0,0.0,1.0,0.0,False
vdr-11314,1.0,0.0,0.0,0.0,False
LPT-12428,8.0,1.0,0.0,1.0,True
LPT-12349,9.0,0.0,1.0,1.0,True
lpt-10227,1.0,0.0,0.0,0.0,False
WS-11624,4.0,0.0,0.0,3.0,False
WS-11737.corp.local,2.0,0.0,0.0,0.0,False
VDR-10558.corp.local,1.0,0.0,0.0,0.0,False
WS_12996,1.0,0.0,0.0,0.0,False
LPT_11170,1.0,0.0,0.0,0.0,False
WS_10720,1.0,0.0,0.0,0.0,False
LPT-10323,6.0,1.0,1.0,4.0,True
lpt-12085,3.0,1.0,0.0,0.0,False
lpt-11349,3.0,1.0,0.0,0.0,False
VDR-11804,10.0,2.0,2.0,3.0,True
lpt-11010,1.0,0.0,0.0,0.0,False
ws-10766,1.0,0.0,0.0,0.0,False
LPT_12414,2.0,1.0,0.0,0.0,False
lpt-12826,2.0,0.0,0.0,0.0,False
VDR-10108.corp.local,2.0,0.0,0.0,0.0,False
WS-12944,8.0,2.0,1.0,3.0,True
ws-11471,1.0,0.0,0.0,0.0,False
vdr-11275,4.0,0.0,0.0,0.0,False
WS-12392.corp.local,2.0,0.0,0.0,0.0,False
WS-12108,7.0,2.0,1.0,3.0,True
WS-12909.corp.local,2.0,0.0,0.0,0.0,False
VDR-11932,4.0,1.0,1.0,5.0,False
WS-11108.corp.local,3.0,1.0,0.0,0.0,False
WS-11878,16.0,4.0,2.0,1.0,True
LPT_10013,1.0,0.0,0.0,0.0,False
vdr-10501,1.0,1.0,1.0,0.0,False
lpt-10668,1.0,1.0,0.0,0.0,False
vdr-11802,2.0,0.0,0.0,0.0,False
ws-10281,1.0,1.0,0.0,0.0,False
WS-10214,6.0,1.0,0.0,1.0,True
lpt-12314,1.0,0.0,0.0,0.0,False
ws-10784,3.0,1.0,0.0,0.0,False
ws-12417,2.0,0.0,0.0,0.0,False
lpt-10426,1.0,0.0,0.0,0.0,False
WS-12084.corp.local,1.0,0.0,0.0,0.0,False
lpt-11717,1.0,0.0,0.0,0.0,False
VDR-10847,3.0,2.0,0.0,4.0,True
VDR_12978,1.0,1.0,0.0,0.0,False
LPT-12296,2.0,0.0,0.0,2.0,False
ws-12422,1.0,0.0,0.0,0.0,False
vdr-10484,2.0,0.0,0.0,0.0,False
LPT-12755,5.0,1.0,0.0,1.0,False
ws-10400,3.0,0.0,0.0,0.0,False
WS_10195,1.0,1.0,0.0,0.0,False
LPT-12703,6.0,0.0,1.0,3.0,True
LPT-11321,7.0,1.0,0.0,2.0,True
VDR-12590.,0.0,0.0,0.0,0.0,True
VDR-11012,6.0,0.0,1.0,2.0,True
vdr-11855,1.0,1.0,0.0,0.0,False
VDR-10562,4.0,3.0,1.0,6.0,False
WS-11230,8.0,1.0,0.0,3.0,False
WS-10317,5.0,0.0,1.0,5.0,True
VDR-10485,10.0,3.0,1.0,8.0,True
WS-12788,9.0,1.0,1.0,3.0,True
VDR-11559,5.0,1.0,0.0,1.0,True
VDR-11874.corp.local,1.0,0.0,0.0,0.0,False
WS-12031,10.0,1.0,3.0,2.0,True
WS-12396.corp.local,2.0,1.0,0.0,0.0,False
vdr-12997,1.0,0.0,0.0,0.0,False
ws-12461,1.0,0.0,0.0,0.0,False
LPT_12947,1.0,1.0,0.0,0.0,False
VDR_10342,1.0,1.0,0.0,0.0,False
vdr-10624,1.0,0.0,0.0,0.0,False
WS_10946,1.0,0.0,0.0,0.0,False
LPT-12098.corp.local,1.0,1.0,0.0,0.0,False
lpt-10006,4.0,1.0,0.0,0.0,False
lpt-10965,2.0,0.0,0.0,0.0,False
vdr-11482,3.0,1.0,0.0,0.0,False
WS-12529,1.0,0.0,0.0,2.0,False
VDR-10057,8.0,4.0,1.0,3.0,True
VDR-11122,13.0,3.0,1.0,1.0,True
LPT-11146,14.0,0.0,2.0,1.0,True
VDR_10402,1.0,0.0,1.0,0.0,False
lpt-12651,2.0,1.0,2.0,0.0,False
LPT-11504.corp.local,1.0,1.0,1.0,0.0,False
WS-12509.corp.local,1.0,0.0,0.0,0.0,False
LPT_10141,1.0,1.0,0.0,0.0,False
LPT-10986,8.0,1.0,1.0,2.0,True
WS-10694,8.0,1.0,0.0,2.0,True
lpt-10067,3.0,1.0,0.0,0.0,False
vdr-11302,1.0,0.0,0.0,0.0,False
WS-12164,7.0,0.0,1.0,7.0,True
lpt-12903,2.0,0.0,1.0,0.0,False
WS-10119,6.0,1.0,1.0,3.0,False
LPT-10171.corp.local,2.0,0.0,0.0,0.0,False
lpt-10496,2.0,0.0,0.0,0.0,False
VDR-12971,11.0,1.0,2.0,1.0,True
lpt-10798,1.0,0.0,0.0,0.0,False
vdr-11559,2.0,1.0,0.0,0.0,False
ws-12064,1.0,0.0,0.0,0.0,False
LPT-12563,12.0,2.0,0.0,1.0,True
LPT-10081.corp.local,1.0,0.0,0.0,0.0,False
LPT-11103.,0.0,0.0,0.0,0.0,True
WS_12660,1.0,0.0,0.0,0.0,False
VDR-11002.,0.0,0.0,0.0,0.0,True
WS_10999,1.0,1.0,0.0,0.0,False
WS-10787,7.0,1.0,0.0,1.0,True
lpt-11031,2.0,0.0,0.0,0.0,False
lpt-11414,1.0,0.0,0.0,0.0,False
VDR-12554,6.0,2.0,2.0,3.0,True
LPT-12322,10.0,3.0,1.0,4.0,False
LPT-11257,2.0,0.0,0.0,3.0,True
VDR-12032,4.0,3.0,1.0,0.0,True
VDR-12353.corp.local,2.0,1.0,0.0,0.0,False
LPT_11649,2.0,0.0,0.0,0.0,False
WS-10895,10.0,2.0,0.0,5.0,True
WS-10635,7.0,1.0,0.0,2.0,True
WS-12876,10.0,3.0,1.0,1.0,True
LPT-11483.corp.local,2.0,1.0,0.0,0.0,False
VDR-12558,8.0,1.0,0.0,4.0,True
ws-10239,4.0,0.0,0.0,0.0,False
LPT-12779,7.0,2.0,2.0,1.0,True
WS-12895.corp.local,1.0,0.0,0.0,0.0,False
VDR-12650,3.0,1.0,0.0,2.0,True
vdr-11145,1.0,0.0,0.0,0.0,False
lpt-12016,1.0,1.0,0.0,0.0,False
LPT-12109,7.0,2.0,0.0,3.0,True
LPT-12299.corp.local,1.0,1.0,0.0,0.0,False
LPT-11631,7.0,2.0,0.0,3.0,True
VDR-10532.corp.local,2.0,0.0,0.0,0.0,False
ws-10211,5.0,4.0,1.0,0.0,False
lpt-11170,1.0,0.0,0.0,0.0,False
lpt-10567,1.0,0.0,0.0,0.0,False
VDR-11264,10.0,3.0,1.0,0.0,True
vdr-12148,4.0,1.0,1.0,0.0,False
LPT-10089,11.0,4.0,1.0,2.0,True
VDR_11494,2.0,0.0,0.0,0.0,False
LPT-11459,5.0,1.0,2.0,3.0,True
WS-11543,8.0,2.0,1.0,2.0,True
vdr-11081,3.0,1.0,1.0,0.0,False
LPT-12858,6.0,1.0,0.0,3.0,True
WS_12581,1.0,1.0,0.0,0.0,False
LPT-12921.corp.local,2.0,0.0,0.0,0.0,False
VDR_10033,1.0,1.0,0.0,0.0,False
LPT-10989.corp.local,1.0,0.0,0.0,0.0,False
VDR-12386,12.0,3.0,0.0,4.0,True
VDR-10357.corp.local,2.0,0.0,0.0,0.0,False
LPT_10320,2.0,0.0,1.0,0.0,False
WS_11037,1.0,1.0,0.0,0.0,False
VDR-10209,8.0,1.0,1.0,4.0,True
VDR_10576,2.0,0.0,0.0,0.0,False
VDR-11773.corp.local,1.0,0.0,0.0,0.0,False
vdr-12560,1.0,1.0,1.0,0.0,False
LPT-10227.corp.local,1.0,0.0,0.0,0.0,False
VDR_11122,1.0,0.0,0.0,0.0,False
WS-11410,13.0,2.0,0.0,5.0,True
VDR_10485,1.0,0.0,0.0,0.0,False
LPT-12530,12.0,1.0,0.0,4.0,True
ws-12913,3.0,0.0,0.0,0.0,False
vdr-12076,1.0,0.0,1.0,0.0,False
ws-10800,1.0,0.0,0.0,0.0,False
VDR_10443,1.0,0.0,0.0,0.0,False
LPT_10122,2.0,0.0,1.0,0.0,False
WS_10553,1.0,0.0,1.0,0.0,False
WS_10344,1.0,1.0,0.0,0.0,False
WS-10764,5.0,2.0,1.0,3.0,True
LPT-11554.corp.local,1.0,0.0,0.0,0.0,False
LPT_11655,1.0,0.0,1.0,0.0,False
WS-11106,9.0,2.0,0.0,1.0,True
VDR-12022,7.0,0.0,0.0,2.0,True
vdr-11608,1.0,0.0,0.0,0.0,False
WS-10632,7.0,1.0,0.0,1.0,True
vdr-10793,3.0,0.0,0.0,0.0,False
VDR-10718.corp.local,1.0,0.0,0.0,0.0,False
lpt-11285,4.0,1.0,0.0,0.0,False
VDR-12797.corp.local,2.0,0.0,0.0,0.0,False
VDR_10406,3.0,0.0,0.0,0.0,False
ws-12398,1.0,0.0,0.0,0.0,False
lpt-12620,2.0,1.0,0.0,0.0,False
vdr-12554,1.0,0.0,0.0,0.0,False
VDR-10153,8.0,4.0,1.0,4.0,False
LPT-10075.corp.local,1.0,0.0,0.0,0.0,False
VDR_11527,1.0,1.0,0.0,0.0,False
LPT-11965,12.0,2.0,2.0,2.0,True
lpt-10274,2.0,0.0,0.0,0.0,False
LPT_10083,4.0,1.0,0.0,0.0,False
lpt-11784,1.0,0.0,0.0,0.0,False
LPT-10289.corp.local,1.0,0.0,0.0,0.0,False
vdr-12216,1.0,0.0,0.0,0.0,False
WS-11550,7.0,2.0,1.0,8.0,True
LPT-11882.corp.local,1.0,1.0,0.0,0.0,False
LPT-12438,6.0,2.0,0.0,1.0,True
LPT-10437,8.0,0.0,0.0,3.0,True
VDR_11400,3.0,0.0,0.0,0.0,False
LPT-12503,5.0,0.0,0.0,3.0,True
vdr-10756,2.0,0.0,0.0,0.0,False
LPT-12239.,0.0,0.0,0.0,0.0,True
WS-11819.corp.local,1.0,1.0,0.0,0.0,False
WS-12668.corp.local,3.0,0.0,0.0,0.0,False
LPT-10318,8.0,2.0,0.0,4.0,True
WS-12206,10.0,3.0,2.0,4.0,True
LPT_12759,1.0,0.0,0.0,0.0,False
WS-11722.,0.0,0.0,0.0,0.0,True
VDR-11718,8.0,1.0,0.0,2.0,True
VDR-11580.corp.local,1.0,0.0,0.0,0.0,False
VDR-11525,12.0,1.0,0.0,4.0,True
WS-10604,9.0,3.0,1.0,3.0,True
VDR-10801.,0.0,0.0,0.0,0.0,True
LPT_12001,2.0,0.0,0.0,0.0,False
lpt-12754,3.0,1.0,0.0,0.0,False
LPT-10182,6.0,2.0,0.0,1.0,True
WS-11079.corp.local,2.0,0.0,0.0,0.0,False
LPT-12685,7.0,1.0,1.0,1.0,True
VDR_10291,1.0,1.0,0.0,0.0,False
lpt-10678,1.0,1.0,0.0,0.0,False
LPT-10891,9.0,1.0,1.0,0.0,True
VDR-12926.corp.local,1.0,1.0,0.0,0.0,False
VDR-10248.corp.local,2.0,0.0,0.0,0.0,False
ws-11456,1.0,1.0,0.0,0.0,False
LPT-11937.corp.local,1.0,1.0,0.0,0.0,False
LPT-11770.corp.local,2.0,1.0,0.0,0.0,False
vdr-12897,2.0,0.0,0.0,0.0,False
LPT-11322.corp.local,1.0,0.0,0.0,0.0,False
VDR-12577,9.0,3.0,1.0,4.0,False
ws-11915,1.0,0.0,0.0,0.0,False
LPT_10956,1.0,0.0,0.0,0.0,False
VDR-12059,3.0,2.0,1.0,3.0,False
LPT-10026,5.0,0.0,1.0,3.0,True
vdr-10791,1.0,0.0,0.0,0.0,False
vdr-10056,1.0,1.0,0.0,0.0,False
VDR-10813.corp.local,1.0,1.0,0.0,0.0,False
vdr-10692,2.0,0.0,0.0,0.0,False
VDR-12404,8.0,1.0,1.0,2.0,True
LPT-12608,2.0,0.0,0.0,3.0,True
WS-12596.corp.local,1.0,0.0,0.0,0.0,False
LPT_10490,1.0,1.0,0.0,0.0,False
VDR_11392,1.0,0.0,0.0,0.0,False
VDR-12880,6.0,1.0,0.0,1.0,True
LPT_12575,1.0,0.0,0.0,0.0,False
VDR-12732,8.0,0.0,0.0,3.0,False
VDR-11524,5.0,1.0,1.0,2.0,True
lpt-11691,3.0,2.0,0.0,0.0,False
WS-10126,7.0,0.0,0.0,2.0,False
LPT-12722.corp.local,1.0,0.0,0.0,0.0,False
VDR-11676.,0.0,0.0,0.0,0.0,True
WS_11988,1.0,0.0,0.0,0.0,False
LPT-11866.corp.local,1.0,0.0,0.0,0.0,False
lpt-12402,1.0,0.0,0.0,0.0,False
LPT-12239,7.0,5.0,0.0,2.0,False
VDR-10885.corp.local,1.0,0.0,0.0,0.0,False
WS-12642,5.0,1.0,0.0,5.0,True
WS-10385,8.0,2.0,0.0,4.0,True
WS_11823,2.0,0.0,0.0,0.0,False
WS-11974,6.0,1.0,1.0,5.0,True
WS-12244,10.0,1.0,0.0,2.0,False
lpt-12547,1.0,0.0,0.0,0.0,False
WS-11595,4.0,2.0,1.0,1.0,True
ws-10938,1.0,0.0,0.0,0.0,False
vdr-12602,3.0,1.0,0.0,0.0,False
ws-10826,5.0,0.0,0.0,0.0,False
WS-11690.corp.local,2.0,1.0,0.0,0.0,False
ws-10812,6.0,1.0,0.0,0.0,False
LPT-12292.corp.local,1.0,1.0,0.0,0.0,False
WS-12713.corp.local,2.0,0.0,0.0,0.0,False
LPT-12600.corp.local,1.0,0.0,0.0,0.0,False
WS_11153,1.0,0.0,0.0,0.0,False
VDR_12498,1.0,0.0,0.0,0.0,False
WS-10128,8.0,2.0,1.0,1.0,True
LPT-12199,12.0,1.0,2.0,3.0,True
LPT-10159.corp.local,1.0,0.0,0.0,0.0,False
VDR-11575,9.0,2.0,0.0,2.0,True
ws-10095,3.0,0.0,0.0,0.0,False
LPT-10062,2.0,0.0,0.0,2.0,True
WS_12359,1.0,0.0,0.0,0.0,False
WS-10090,5.0,0.0,0.0,4.0,True
WS-11827.corp.local,1.0,0.0,0.0,0.0,False
ws-10722,1.0,0.0,0.0,0.0,False
lpt-12029,2.0,0.0,0.0,0.0,False
ws-10866,1.0,0.0,0.0,0.0,False
WS-12365,8.0,3.0,0.0,2.0,True
ws-12756,1.0,0.0,0.0,0.0,False
WS-10070.corp.local,1.0,0.0,0.0,0.0,False
vdr-11532,2.0,0.0,0.0,0.0,False
LPT-12542.corp.local,1.0,0.0,0.0,0.0,False
LPT-12298,4.0,2.0,0.0,3.0,True
VDR_10207,1.0,1.0,0.0,0.0,False
WS-10610.corp.local,1.0,0.0,0.0,0.0,False
VDR-12886.corp.local,1.0,0.0,0.0,0.0,False
LPT-12767,6.0,2.0,0.0,1.0,True
LPT_11257,1.0,0.0,0.0,0.0,False
LPT_10460,1.0,0.0,0.0,0.0,False
vdr-10273,1.0,0.0,0.0,0.0,False
ws-12213,1.0,0.0,0.0,0.0,False
lpt-10327,4.0,1.0,0.0,0.0,False
WS-12092.corp.local,1.0,0.0,0.0,0.0,False
LPT-10607,2.0,0.0,0.0,1.0,True
VDR-12286,8.0,1.0,0.0,2.0,True
VDR-11617,6.0,3.0,0.0,5.0,True
LPT-10425.corp.local,1.0,1.0,0.0,0.0,False
LPT-12643.,0.0,0.0,0.0,0.0,True
LPT-12754.corp.local,1.0,0.0,1.0,0.0,False
WS-10582.corp.local,3.0,0.0,0.0,0.0,False
WS-12398,5.0,1.0,0.0,3.0,True
WS-12048,7.0,1.0,0.0,1.0,True
vdr-12980,1.0,1.0,0.0,0.0,False
VDR-11118,5.0,0.0,0.0,1.0,True
vdr-10196,2.0,0.0,0.0,0.0,False
VDR-11934,7.0,1.0,0.0,3.0,False
VDR-11275,9.0,2.0,0.0,3.0,True
WS-11994.corp.local,1.0,1.0,0.0,0.0,False
LPT_12425,2.0,0.0,1.0,0.0,False
LPT-12250,11.0,2.0,0.0,2.0,False
ws-10412,1.0,0.0,0.0,0.0,False
LPT-11282,7.0,2.0,2.0,3.0,True
LPT-11060,5.0,0.0,0.0,0.0,True
LPT-11842,3.0,1.0,0.0,1.0,True
ws-12619,2.0,0.0,0.0,0.0,False
VDR-12373.corp.local,1.0,0.0,0.0,0.0,False
lpt-11371,2.0,2.0,0.0,0.0,False
VDR-10562.corp.local,2.0,1.0,0.0,0.0,False
WS-10737.corp.local,3.0,1.0,0.0,0.0,False
WS_11309,1.0,0.0,0.0,0.0,False
VDR_11068,1.0,0.0,0.0,0.0,False
WS-10397.,0.0,0.0,0.0,0.0,True
VDR-11821,12.0,1.0,1.0,2.0,True
WS-12913,3.0,0.0,0.0,1.0,True
lpt-12253,3.0,1.0,0.0,0.0,False
WS_12661,1.0,1.0,0.0,0.0,False
VDR-10238,11.0,2.0,0.0,6.0,True
VDR-10068,4.0,2.0,0.0,6.0,True
lpt-12786,3.0,0.0,0.0,0.0,False
WS-10032,5.0,1.0,1.0,1.0,True
VDR-10291,12.0,2.0,0.0,3.0,True
LPT-11040.corp.local,1.0,0.0,0.0,0.0,False
LPT-11055,7.0,1.0,1.0,2.0,True
LPT_11664,1.0,0.0,0.0,0.0,False
WS_12874,1.0,0.0,0.0,0.0,False
vdr-11821,3.0,0.0,0.0,0.0,False
LPT-10798,2.0,1.0,0.0,2.0,True
lpt-11048,1.0,0.0,0.0,0.0,False
WS-10820.corp.local,2.0,0.0,0.0,0.0,False
LPT-11891.corp.local,1.0,0.0,0.0,0.0,False
WS-12039.corp.local,1.0,1.0,0.0,0.0,False
WS-10394,9.0,3.0,0.0,9.0,True
lpt-10956,2.0,1.0,0.0,0.0,False
LPT-10789,8.0,0.0,0.0,3.0,True
LPT-11573.corp.local,2.0,1.0,0.0,0.0,False
WS_12809,2.0,1.0,0.0,0.0,False
LPT-11992,10.0,3.0,1.0,0.0,True
vdr-12784,1.0,0.0,0.0,0.0,False
vdr-12932,4.0,1.0,0.0,0.0,False
WS-10766.corp.local,1.0,0.0,0.0,0.0,False
VDR-10020,4.0,1.0,0.0,2.0,True
VDR-12308,2.0,0.0,0.0,2.0,True
LPT-11202.corp.local,1.0,1.0,0.0,0.0,False
VDR-10662,4.0,1.0,0.0,6.0,False
WS-11207.corp.local,1.0,0.0,0.0,0.0,False
LPT-10855,14.0,3.0,2.0,0.0,True
WS-10117.corp.local,2.0,0.0,1.0,0.0,False
VDR-12437.corp.local,1.0,0.0,0.0,0.0,False
VDR-11709,8.0,2.0,0.0,4.0,True
VDR-12560,9.0,2.0,1.0,1.0,True
LPT-12710,10.0,1.0,0.0,1.0,True
LPT-12314,11.0,2.0,2.0,3.0,False
WS-11849,3.0,0.0,0.0,2.0,True
WS-12118,7.0,2.0,1.0,5.0,True
vdr-12405,3.0,2.0,0.0,0.0,False
WS_12028,1.0,0.0,0.0,0.0,False
LPT_12649,1.0,0.0,0.0,0.0,False
VDR-12141.corp.local,1.0,1.0,0.0,0.0,False
lpt-10356,1.0,0.0,0.0,0.0,False
VDR_11996,1.0,1.0,0.0,0.0,False
LPT-10381,9.0,3.0,2.0,2.0,True
LPT_10275,2.0,0.0,0.0,0.0,False
WS-10515,8.0,1.0,1.0,3.0,True
WS_10774,1.0,0.0,0.0,0.0,False
WS-11562.corp.local,1.0,0.0,0.0,0.0,False
vdr-10303,1.0,0.0,1.0,0.0,False
LPT-12253,6.0,1.0,0.0,4.0,True
LPT-10104,8.0,2.0,1.0,6.0,True
LPT-11656.corp.local,1.0,0.0,1.0,0.0,False
VDR-11350,5.0,1.0,1.0,1.0,True
lpt-12375,1.0,0.0,0.0,0.0,False
lpt-10607,3.0,2.0,0.0,0.0,False
VDR-10322,8.0,0.0,1.0,1.0,True
LPT-12524.,0.0,0.0,0.0,0.0,True
WS-11548,9.0,2.0,0.0,3.0,True
LPT-11048,7.0,0.0,0.0,5.0,True
WS-10027.corp.local,1.0,0.0,0.0,0.0,False
VDR-10244.,0.0,0.0,0.0,0.0,True
ws-12390,3.0,1.0,0.0,0.0,False
vdr-10922,1.0,1.0,1.0,0.0,False
WS_12594,1.0,0.0,0.0,0.0,False
VDR_10042,1.0,1.0,0.0,0.0,False
ws-11120,3.0,0.0,0.0,0.0,False
WS_11782,3.0,1.0,0.0,0.0,False
WS-11706,5.0,1.0,0.0,1.0,True
LPT-12662.corp.local,1.0,1.0,0.0,0.0,False
LPT-12768.corp.local,1.0,0.0,1.0,0.0,False
VDR_11702,1.0,0.0,1.0,0.0,False
WS-11809.corp.local,1.0,0.0,0.0,0.0,False
lpt-11274,1.0,0.0,0.0,0.0,False
VDR_10621,1.0,0.0,0.0,0.0,False
WS_11245,1.0,0.0,0.0,0.0,False
lpt-12608,1.0,0.0,0.0,0.0,False
WS-11120,10.0,3.0,0.0,0.0,True
LPT-11238.,0.0,0.0,0.0,0.0,True
ws-10149,1.0,0.0,1.0,0.0,False
VDR-11350.corp.local,1.0,1.0,0.0,0.0,False
VDR-10514,7.0,0.0,0.0,2.0,True
ws-12124,1.0,0.0,0.0,0.0,False
LPT-12536,4.0,1.0,0.0,3.0,True
LPT-11488,7.0,3.0,0.0,3.0,True
VDR_12453,1.0,0.0,0.0,0.0,False
lpt-11484,1.0,0.0,0.0,0.0,False
VDR_12725,1.0,0.0,1.0,0.0,False
vdr-11575,2.0,1.0,0.0,0.0,False
WS-12866,6.0,2.0,1.0,2.0,True
WS-11651.corp.local,2.0,1.0,0.0,0.0,False
WS-10004.corp.local,1.0,1.0,0.0,0.0,False
LPT-12211.corp.local,2.0,0.0,0.0,0.0,False
ws-10591,3.0,1.0,1.0,0.0,False
LPT_12939,1.0,0.0,0.0,0.0,False
VDR-10077.corp.local,2.0,2.0,0.0,0.0,False
ws-11749,2.0,0.0,0.0,0.0,False
WS-10137.corp.local,1.0,0.0,0.0,0.0,False
WS_11827,1.0,0.0,0.0,0.0,False
LPT-10425,4.0,1.0,0.0,0.0,True
VDR-12163,8.0,3.0,1.0,2.0,True
VDR_10528,2.0,1.0,0.0,0.0,False
VDR-10622,5.0,2.0,0.0,4.0,False
LPT_12366,2.0,1.0,0.0,0.0,False
VDR-11388.corp.local,1.0,0.0,0.0,0.0,False
LPT-12817,7.0,4.0,0.0,3.0,True
LPT-11983,5.0,1.0,0.0,0.0,True
WS_11972,1.0,0.0,0.0,0.0,False
lpt-10590,1.0,0.0,0.0,0.0,False
LPT-11790.,0.0,0.0,0.0,0.0,True
LPT-10390.corp.local,1.0,0.0,0.0,0.0,False
WS-12097,5.0,2.0,1.0,4.0,True
VDR-12095.corp.local,1.0,0.0,0.0,0.0,False
WS_12790,3.0,0.0,0.0,0.0,False
LPT-11057,7.0,0.0,0.0,3.0,True
VDR-12324.corp.local,1.0,0.0,0.0,0.0,False
VDR-12956,9.0,2.0,0.0,1.0,False
VDR_12441,1.0,0.0,0.0,0.0,False
vdr-10923,1.0,0.0,0.0,0.0,False
LPT-10560,6.0,1.0,0.0,4.0,True
LPT_12408,2.0,0.0,0.0,0.0,False
WS_10837,2.0,1.0,0.0,0.0,False
WS-10252.corp.local,1.0,0.0,0.0,0.0,False
LPT_10719,1.0,0.0,0.0,0.0,False
vdr-12437,1.0,0.0,0.0,0.0,False
VDR-10595.,0.0,0.0,0.0,0.0,True
WS_11352,1.0,0.0,0.0,0.0,False
LPT-11178.corp.local,1.0,0.0,0.0,0.0,False
LPT-10159,5.0,0.0,0.0,2.0,True
LPT-10100,4.0,0.0,0.0,7.0,True
LPT-11551,7.0,0.0,2.0,1.0,True
VDR-11508,8.0,2.0,1.0,3.0,True
WS_10014,2.0,1.0,0.0,0.0,False
LPT_10423,1.0,1.0,0.0,0.0,False
ws-10509,1.0,0.0,0.0,0.0,False
vdr-11684,1.0,0.0,0.0,0.0,False
WS-10722.corp.local,1.0,1.0,0.0,0.0,False
ws-11372,1.0,1.0,0.0,0.0,False
WS-10876,5.0,0.0,1.0,5.0,True
WS-11865.corp.local,4.0,1.0,1.0,0.0,False
VDR-11787,13.0,5.0,1.0,3.0,True
WS-12914,7.0,1.0,0.0,2.0,True
LPT-12053.corp.local,3.0,1.0,0.0,0.0,False
vdr-11013,1.0,0.0,0.0,0.0,False
VDR-10952,6.0,2.0,1.0,0.0,False
LPT-11476.corp.local,1.0,0.0,0.0,0.0,False
LPT_11751,1.0,0.0,0.0,0.0,False
LPT_11552,1.0,1.0,0.0,0.0,False
VDR-11599,3.0,0.0,0.0,6.0,True
VDR-11796.corp.local,2.0,0.0,1.0,0.0,False
lpt-11200,1.0,0.0,0.0,0.0,False
VDR-11283,3.0,2.0,0.0,2.0,True
LPT-12805,10.0,1.0,0.0,1.0,False
lpt-11902,1.0,0.0,0.0,0.0,False
WS-10341,5.0,2.0,0.0,3.0,True
LPT-12574,11.0,2.0,1.0,1.0,True
vdr-10485,1.0,0.0,0.0,0.0,False
vdr-10480,2.0,0.0,0.0,0.0,False
WS-12686,5.0,1.0,0.0,5.0,False
VDR_11774,4.0,1.0,0.0,0.0,False
VDR-11752.corp.local,1.0,0.0,0.0,0.0,False
LPT-11085,6.0,1.0,0.0,2.0,True
VDR-10758,5.0,0.0,0.0,1.0,True
LPT-12722,5.0,1.0,1.0,6.0,True
WS-10134.,0.0,0.0,0.0,0.0,True
LPT_10451,1.0,0.0,0.0,0.0,False
LPT_11753,1.0,1.0,1.0,0.0,False
ws-11196,1.0,0.0,0.0,0.0,False
WS-10800.corp.local,2.0,0.0,1.0,0.0,False
ws-12537,1.0,0.0,0.0,0.0,False
vdr-10404,1.0,0.0,0.0,0.0,False
LPT-12322.corp.local,1.0,0.0,0.0,0.0,False
LPT-11955,6.0,1.0,0.0,5.0,True
LPT-12103,10.0,2.0,0.0,1.0,True
vdr-12212,2.0,1.0,0.0,0.0,False
LPT-12993,5.0,1.0,0.0,4.0,True
WS-12518,11.0,1.0,1.0,2.0,True
LPT_10100,1.0,0.0,0.0,0.0,False
WS-11262.corp.local,1.0,1.0,0.0,0.0,False
LPT-12826,6.0,0.0,1.0,6.0,True
ws-10686,1.0,0.0,0.0,0.0,False
VDR-10692,6.0,2.0,0.0,6.0,True
VDR-12832,3.0,1.0,1.0,1.0,False
LPT_11604,1.0,1.0,0.0,0.0,False
VDR-12591,3.0,0.0,0.0,4.0,True
vdr-12525,1.0,1.0,0.0,0.0,False
LPT-12055.corp.local,2.0,0.0,0.0,0.0,False
LPT_10897,2.0,0.0,0.0,0.0,False
VDR_12959,1.0,0.0,0.0,0.0,False
WS-11542,6.0,1.0,0.0,1.0,True
vdr-11557,1.0,1.0,0.0,0.0,False
VDR_10005,1.0,0.0,0.0,0.0,False
vdr-10335,1.0,0.0,0.0,0.0,False
LPT-10306,12.0,3.0,1.0,2.0,True
ws-12295,4.0,1.0,1.0,0.0,False
WS-10009.corp.local,1.0,0.0,0.0,0.0,False
WS-11799,4.0,1.0,0.0,4.0,True
vdr-11095,2.0,0.0,0.0,0.0,False
vdr-11033,3.0,0.0,0.0,0.0,False
WS-10174,7.0,1.0,0.0,3.0,True
VDR-11150,8.0,4.0,0.0,3.0,True
WS_10509,1.0,1.0,0.0,0.0,False
ws-11467,1.0,0.0,0.0,0.0,False
ws-10476,5.0,1.0,1.0,0.0,False
VDR-10457,6.0,1.0,0.0,2.0,True
LPT_11294,1.0,0.0,0.0,0.0,False
WS-10027,6.0,1.0,1.0,5.0,True
LPT-11382.corp.local,2.0,1.0,0.0,0.0,False
vdr-12573,1.0,0.0,0.0,0.0,False
LPT-11568.corp.local,2.0,0.0,0.0,0.0,False
VDR-11019.corp.local,1.0,1.0,0.0,0.0,False
WS_10266,1.0,0.0,0.0,0.0,False
WS-10359,9.0,1.0,0.0,3.0,True
VDR-12869,12.0,2.0,1.0,5.0,True
WS-11761.,0.0,0.0,0.0,0.0,True
ws-12760,2.0,1.0,0.0,0.0,False
WS_12682,1.0,1.0,0.0,0.0,False
vdr-10473,2.0,1.0,0.0,0.0,False
ws-10214,4.0,2.0,0.0,0.0,False
WS-12717.corp.local,1.0,0.0,0.0,0.0,False
WS-10236,8.0,1.0,1.0,2.0,True
vdr-12038,1.0,0.0,0.0,0.0,False
VDR_12318,2.0,0.0,0.0,0.0,False
LPT-11597.corp.local,1.0,0.0,0.0,0.0,False
WS-10681.corp.local,2.0,0.0,0.0,0.0,False
vdr-11989,1.0,1.0,0.0,0.0,False
ws-12394,2.0,0.0,0.0,0.0,False
WS_10512,2.0,0.0,0.0,0.0,False
WS-10334,12.0,3.0,1.0,1.0,True
VDR-11765.,0.0,0.0,0.0,0.0,True
WS_10407,2.0,0.0,1.0,0.0,False
VDR-11556.corp.local,2.0,0.0,0.0,0.0,False
VDR-11912,6.0,1.0,0.0,5.0,True
LPT-12947,8.0,1.0,1.0,2.0,True
LPT_12197,1.0,0.0,0.0,0.0,False
LPT_10364,1.0,0.0,0.0,0.0,False
LPT_12603,2.0,0.0,0.0,0.0,False
ws-11582,2.0,1.0,0.0,0.0,False
LPT-11070,3.0,0.0,0.0,2.0,True
lpt-12585,3.0,0.0,0.0,0.0,False
LPT-11990,6.0,0.0,0.0,2.0,False
WS-11447,4.0,0.0,1.0,3.0,True
LPT_12739,1.0,0.0,0.0,0.0,False
ws-10148,2.0,0.0,0.0,0.0,False
WS-12874.corp.local,2.0,1.0,0.0,0.0,False
WS-12671.corp.local,1.0,0.0,0.0,0.0,False
LPT-10382,5.0,2.0,0.0,2.0,True
VDR-11773,8.0,2.0,0.0,0.0,False
WS_11952,1.0,0.0,0.0,0.0,False
VDR-12922,7.0,0.0,1.0,1.0,True
LPT-11558.corp.local,1.0,0.0,0.0,0.0,False
VDR_10203,2.0,0.0,0.0,0.0,False
WS-11113,11.0,2.0,0.0,3.0,True
LPT_11353,1.0,0.0,0.0,0.0,False
LPT-11781.corp.local,1.0,0.0,0.0,0.0,False
VDR-10698.,0.0,0.0,0.0,0.0,True
VDR_11821,1.0,1.0,0.0,0.0,False
VDR-10179,4.0,2.0,0.0,2.0,True
LPT-12916,7.0,2.0,0.0,3.0,True
VDR-12238.corp.local,1.0,0.0,0.0,0.0,False
vdr-12598,3.0,0.0,0.0,0.0,False
WS-10187.corp.local,2.0,0.0,0.0,0.0,False
ws-12793,1.0,0.0,0.0,0.0,False
LPT-10418,4.0,2.0,1.0,3.0,True
LPT-10440,8.0,2.0,2.0,4.0,False
WS-10967,3.0,0.0,2.0,4.0,True
WS-11092,8.0,1.0,0.0,1.0,True
WS_11441,2.0,0.0,0.0,0.0,False
WS_11137,2.0,0.0,0.0,0.0,False
VDR-10124.corp.local,1.0,0.0,0.0,0.0,False
WS-12550,8.0,0.0,0.0,0.0,True
ws-12891,1.0,0.0,0.0,0.0,False
VDR_12148,1.0,1.0,1.0,0.0,False
WS-11516.corp.local,1.0,0.0,0.0,0.0,False
VDR-10614,5.0,2.0,1.0,4.0,True
WS-11037,5.0,1.0,1.0,2.0,True
VDR_10626,1.0,0.0,1.0,0.0,False
VDR_11386,2.0,1.0,0.0,0.0,False
WS-12633.corp.local,1.0,0.0,0.0,0.0,False
LPT-10347,3.0,1.0,0.0,1.0,True
LPT-10437.corp.local,1.0,1.0,0.0,0.0,False
ws-11828,1.0,1.0,0.0,0.0,False
LPT-11382,12.0,1.0,2.0,3.0,True
WS-12360,6.0,1.0,0.0,4.0,False
VDR-11407.corp.local,1.0,0.0,0.0,0.0,False
VDR-10079.corp.local,1.0,0.0,0.0,0.0,False
VDR-12330.corp.local,1.0,0.0,0.0,0.0,False
WS_11654,1.0,0.0,0.0,0.0,False
LPT-12609.,0.0,0.0,0.0,0.0,True
VDR-11660,7.0,2.0,0.0,4.0,False
WS-11261,2.0,1.0,0.0,1.0,True
LPT-12762,11.0,5.0,0.0,6.0,True
vdr-12750,2.0,1.0,0.0,0.0,False
LPT-10855.corp.local,1.0,1.0,0.0,0.0,False
LPT-12494.corp.local,1.0,0.0,0.0,0.0,False
LPT-10728.corp.local,1.0,1.0,0.0,0.0,False
WS-10243,9.0,1.0,1.0,6.0,True
lpt-12329,3.0,0.0,2.0,0.0,False
vdr-12764,1.0,0.0,0.0,0.0,False
VDR-10960.corp.local,1.0,0.0,0.0,0.0,False
WS-10163.corp.local,1.0,0.0,0.0,0.0,False
WS_11671,1.0,1.0,0.0,0.0,False
WS_10139,1.0,0.0,0.0,0.0,False
LPT-11016,4.0,1.0,1.0,2.0,True
WS-11160,12.0,5.0,0.0,0.0,True
lpt-12690,3.0,0.0,0.0,0.0,False
WS-11968.corp.local,2.0,0.0,0.0,0.0,False
lpt-10980,2.0,1.0,0.0,0.0,False
VDR-11963,5.0,2.0,0.0,2.0,True
LPT_10290,1.0,0.0,0.0,0.0,False
WS-10629,11.0,1.0,1.0,2.0,True
ws-12192,1.0,1.0,0.0,0.0,False
LPT-12795,4.0,1.0,0.0,3.0,True
LPT-12735,8.0,1.0,0.0,2.0,True
vdr-11768,1.0,1.0,0.0,0.0,False
vdr-12479,1.0,0.0,0.0,0.0,False
WS-10962,7.0,1.0,1.0,2.0,True
LPT-11294,4.0,2.0,0.0,3.0,True
VDR-11096,4.0,0.0,1.0,1.0,True
WS-11063,4.0,1.0,2.0,4.0,True
ws-10829,4.0,0.0,0.0,0.0,False
LPT-11180.corp.local,3.0,1.0,1.0,0.0,False
VDR-12251.corp.local,1.0,0.0,0.0,0.0,False
VDR-10597.corp.local,1.0,0.0,0.0,0.0,False
LPT_12354,1.0,0.0,0.0,0.0,False
LPT-12528,4.0,1.0,0.0,1.0,False
WS-10641,6.0,2.0,0.0,4.0,False
vdr-10925,1.0,0.0,0.0,0.0,False
LPT-10194,10.0,4.0,0.0,3.0,True
WS-10045,3.0,0.0,1.0,3.0,True
VDR-10118,3.0,0.0,0.0,5.0,True
VDR_10952,1.0,0.0,0.0,0.0,False
LPT-12258,11.0,3.0,1.0,1.0,True
LPT_12960,1.0,0.0,0.0,0.0,False
WS-10911.corp.local,1.0,0.0,0.0,0.0,False
VDR-10816.corp.local,1.0,0.0,0.0,0.0,False
lpt-12778,1.0,0.0,0.0,0.0,False
ws-10399,2.0,0.0,0.0,0.0,False
LPT-11483,5.0,2.0,0.0,5.0,False
VDR-11576,4.0,0.0,0.0,2.0,True
lpt-11005,2.0,0.0,0.0,0.0,False
WS-12733,5.0,2.0,0.0,1.0,True
WS-11654,7.0,2.0,0.0,3.0,True
WS-12224.corp.local,2.0,0.0,0.0,0.0,False
vdr-11264,1.0,0.0,0.0,0.0,False
lpt-10431,3.0,1.0,0.0,0.0,False
WS-10242.corp.local,1.0,0.0,0.0,0.0,False
WS-11893.corp.local,1.0,0.0,0.0,0.0,False
lpt-11655,1.0,0.0,0.0,0.0,False
WS-12128,6.0,1.0,0.0,2.0,True
LPT-10745.corp.local,1.0,0.0,0.0,0.0,False
VDR-12861.corp.local,2.0,0.0,0.0,0.0,False
LPT-12006,7.0,2.0,0.0,1.0,True
LPT-12995,5.0,1.0,1.0,2.0,True
WS-10355,5.0,1.0,0.0,4.0,True
LPT-11900.corp.local,2.0,0.0,0.0,0.0,False
VDR-12436.corp.local,1.0,1.0,0.0,0.0,False
WS-10683.,0.0,0.0,0.0,0.0,True
LPT-12582.corp.local,3.0,1.0,0.0,0.0,False
LPT-11057.corp.local,1.0,0.0,0.0,0.0,False
lpt-12998,1.0,0.0,0.0,0.0,False
VDR-11419.corp.local,1.0,0.0,0.0,0.0,False
lpt-11376,1.0,0.0,0.0,0.0,False
WS-12417,8.0,3.0,0.0,3.0,True
WS-11521,7.0,2.0,0.0,1.0,True
ws-10091,1.0,1.0,0.0,0.0,False
LPT-12331.corp.local,1.0,0.0,0.0,0.0,False
WS_10261,1.0,0.0,0.0,0.0,False
LPT_10637,1.0,0.0,0.0,0.0,False
WS_12873,1.0,0.0,0.0,0.0,False
lpt-11244,2.0,1.0,0.0,0.0,False
WS-10187,2.0,1.0,0.0,2.0,True
VDR-11767,5.0,1.0,0.0,2.0,True
WS_11648,1.0,0.0,0.0,0.0,False
LPT-12904,9.0,2.0,1.0,1.0,True
WS_10265,1.0,0.0,0.0,0.0,False
VDR-10207,4.0,1.0,0.0,2.0,True
VDR-10357,7.0,1.0,1.0,2.0,True
vdr-10007,3.0,1.0,0.0,0.0,False
WS-10625,3.0,1.0,0.0,3.0,True
VDR-12883,4.0,1.0,0.0,2.0,True
VDR-10877,9.0,3.0,0.0,1.0,True
VDR-11605.,0.0,0.0,0.0,0.0,True
LPT_11577,1.0,0.0,0.0,0.0,False
LPT_11204,1.0,1.0,0.0,0.0,False
WS_10974,1.0,0.0,0.0,0.0,False
VDR-10283,7.0,2.0,0.0,1.0,True
ws-11898,1.0,0.0,0.0,0.0,False
WS_12309,1.0,0.0,1.0,0.0,False
VDR-12890,5.0,1.0,1.0,5.0,True
WS-10185,7.0,2.0,1.0,2.0,True
LPT-11805,5.0,0.0,1.0,3.0,True
VDR-11121.corp.local,1.0,0.0,0.0,0.0,False
VDR_10673,1.0,0.0,0.0,0.0,False
LPT_12100,1.0,0.0,0.0,0.0,False
LPT-12622.corp.local,2.0,0.0,0.0,0.0,False
LPT-10318.corp.local,3.0,0.0,0.0,0.0,False
LPT_10428,1.0,1.0,0.0,0.0,False
LPT-10815.corp.local,2.0,1.0,0.0,0.0,False
VDR-10952.,0.0,0.0,0.0,0.0,True
VDR_11253,1.0,1.0,0.0,0.0,False
lpt-12609,2.0,0.0,0.0,0.0,False
LPT-11162,5.0,0.0,0.0,1.0,True
WS_10063,1.0,0.0,0.0,0.0,False
WS_11132,2.0,0.0,0.0,0.0,False
vdr-11971,1.0,0.0,0.0,0.0,False
VDR-12618,10.0,3.0,1.0,3.0,True
WS-11899.,0.0,0.0,0.0,0.0,True
VDR-11144,10.0,5.0,1.0,0.0,False
VDR-12451.corp.local,1.0,0.0,1.0,0.0,False
WS-11110,14.0,7.0,3.0,1.0,False
LPT-12381.,0.0,0.0,0.0,0.0,True
LPT-10200.corp.local,1.0,0.0,1.0,0.0,False
WS-12744,2.0,0.0,0.0,4.0,True
WS-10442,10.0,2.0,2.0,1.0,True
LPT-12349.corp.local,1.0,0.0,0.0,0.0,False
LPT-12672,9.0,4.0,0.0,3.0,True
LPT-10076,8.0,3.0,0.0,3.0,True
vdr-12181,2.0,0.0,0.0,0.0,False
WS-11706.corp.local,2.0,1.0,0.0,0.0,False
vdr-12273,2.0,0.0,0.0,0.0,False
LPT-11146.corp.local,2.0,1.0,0.0,0.0,False
VDR_12490,1.0,1.0,0.0,0.0,False
WS-10111.corp.local,1.0,0.0,0.0,0.0,False
WS-12124,7.0,3.0,0.0,0.0,True
VDR-10019.,0.0,0.0,0.0,0.0,True
LPT-12539,5.0,1.0,0.0,1.0,True
LPT-10409,3.0,0.0,1.0,0.0,False
vdr-12804,1.0,0.0,0.0,0.0,False
WS-10530.,0.0,0.0,0.0,0.0,True
WS-10704,11.0,5.0,0.0,1.0,True
ws-10594,2.0,0.0,0.0,0.0,False
LPT-10254.corp.local,1.0,1.0,0.0,0.0,False
LPT_10294,1.0,0.0,1.0,0.0,False
WS-11481.corp.local,1.0,0.0,0.0,0.0,False
lpt-12900,4.0,1.0,1.0,0.0,False
vdr-12145,1.0,0.0,0.0,0.0,False
ws-12812,2.0,0.0,0.0,0.0,False
lpt-12158,2.0,2.0,0.0,0.0,False
ws-11160,1.0,1.0,0.0,0.0,False
vdr-11812,1.0,0.0,0.0,0.0,False
vdr-11518,2.0,0.0,0.0,0.0,False
lpt-10037,1.0,0.0,0.0,0.0,False
LPT-12315.corp.local,1.0,1.0,0.0,0.0,False
LPT-12066,6.0,2.0,1.0,4.0,True
VDR_10791,1.0,0.0,0.0,0.0,False
VDR_12333,1.0,0.0,0.0,0.0,False
ws-10370,1.0,0.0,0.0,0.0,False
VDR_11510,1.0,0.0,0.0,0.0,False
LPT-10705.,0.0,0.0,0.0,0.0,True
lpt-12069,2.0,0.0,0.0,0.0,False
LPT_12291,1.0,0.0,0.0,0.0,False
WS-10722,10.0,0.0,2.0,3.0,True
VDR-11036,7.0,1.0,0.0,1.0,True
WS-10686,3.0,0.0,0.0,1.0,False
WS-12361,6.0,1.0,0.0,2.0,True
VDR-10061.corp.local,1.0,0.0,0.0,0.0,False
VDR_12483,1.0,0.0,0.0,0.0,False
WS-12267.corp.local,2.0,0.0,1.0,0.0,False
VDR_12187,1.0,0.0,0.0,0.0,False
ws-12881,3.0,0.0,0.0,0.0,False
WS_10379,1.0,0.0,0.0,0.0,False
vdr-10040,1.0,0.0,1.0,0.0,False
VDR-11757,4.0,1.0,0.0,6.0,True
WS_12179,2.0,0.0,0.0,0.0,False
LPT_10374,1.0,1.0,0.0,0.0,False
vdr-12185,1.0,0.0,0.0,0.0,False
lpt-10753,4.0,1.0,0.0,0.0,False
WS-10272.corp.local,1.0,0.0,0.0,0.0,False
LPT-10205,6.0,1.0,0.0,0.0,True
vdr-11002,3.0,0.0,0.0,0.0,False
VDR-12526,12.0,2.0,1.0,4.0,False
WS_10534,1.0,0.0,0.0,0.0,False
LPT-10423.corp.local,1.0,0.0,0.0,0.0,False
VDR-11224,5.0,2.0,2.0,7.0,False
LPT-11359,3.0,0.0,0.0,3.0,True
lpt-12106,2.0,0.0,0.0,0.0,False
LPT-10619,9.0,4.0,1.0,3.0,True
LPT_12843,1.0,1.0,0.0,0.0,False
lpt-11016,1.0,0.0,0.0,0.0,False
WS_11686,2.0,0.0,0.0,0.0,False
LPT-12110,7.0,1.0,1.0,6.0,False
VDR-10278.,0.0,0.0,0.0,0.0,True
WS-12311.corp.local,1.0,0.0,0.0,0.0,False
LPT-10104.corp.local,1.0,1.0,0.0,0.0,False
ws-10845,1.0,1.0,0.0,0.0,False
LPT-11918.corp.local,1.0,0.0,0.0,0.0,False
LPT-11689,10.0,1.0,1.0,2.0,True
vdr-10328,1.0,1.0,0.0,0.0,False
VDR-10899,5.0,2.0,0.0,4.0,True
VDR_10278,1.0,1.0,0.0,0.0,False
WS-12224,9.0,1.0,1.0,2.0,True
WS-10367.corp.local,1.0,0.0,0.0,0.0,False
LPT-10200,8.0,3.0,2.0,0.0,True
WS-11612.corp.local,3.0,0.0,0.0,0.0,False
WS_12172,1.0,0.0,0.0,0.0,False
LPT-12364,4.0,1.0,1.0,2.0,True
VDR-11989,3.0,0.0,0.0,4.0,True
VDR-10613,8.0,2.0,1.0,5.0,False
lpt-10551,1.0,0.0,0.0,0.0,False
lpt-10708,2.0,0.0,0.0,0.0,False
VDR_12403,1.0,1.0,0.0,0.0,False
VDR-10887,3.0,0.0,0.0,1.0,True
WS-11067,3.0,0.0,1.0,9.0,True
WS-12084,5.0,2.0,0.0,0.0,True
vdr-12693,3.0,1.0,0.0,0.0,False
LPT-11185.corp.local,3.0,2.0,0.0,0.0,False
WS-12036,8.0,1.0,2.0,2.0,True
LPT-10898,10.0,1.0,0.0,4.0,True
ws-11084,2.0,0.0,0.0,0.0,False
LPT_11881,1.0,0.0,0.0,0.0,False
WS-12485,7.0,1.0,0.0,5.0,False
lpt-11086,1.0,0.0,0.0,0.0,False
vdr-12593,3.0,0.0,0.0,0.0,False
VDR-11256,9.0,2.0,1.0,3.0,True
VDR-12748.corp.local,1.0,0.0,0.0,0.0,False
WS_11523,1.0,0.0,0.0,0.0,False
WS-12433,8.0,1.0,1.0,2.0,False
WS-12261,9.0,3.0,1.0,2.0,True
LPT-12615,8.0,1.0,2.0,1.0,True
WS-12632,9.0,2.0,1.0,1.0,True
VDR-12562,4.0,0.0,0.0,2.0,True
vdr-11256,2.0,0.0,0.0,0.0,False
vdr-12130,1.0,0.0,0.0,0.0,False
ws-11111,3.0,0.0,1.0,0.0,False
WS_10784,2.0,0.0,0.0,0.0,False
vdr-12797,2.0,0.0,0.0,0.0,False
WS-10048,7.0,0.0,0.0,2.0,True
WS-12219,11.0,3.0,2.0,5.0,True
WS-10078.corp.local,2.0,0.0,0.0,0.0,False
WS-10359.corp.local,1.0,0.0,0.0,0.0,False
VDR-10312,9.0,1.0,1.0,1.0,True
VDR-11387.corp.local,1.0,0.0,0.0,0.0,False
LPT_11764,2.0,0.0,0.0,0.0,False
VDR_12684,1.0,0.0,0.0,0.0,False
vdr-11531,2.0,1.0,0.0,0.0,False
LPT-12769,6.0,0.0,0.0,3.0,True
VDR-11249.corp.local,1.0,0.0,0.0,0.0,False
VDR-11798,4.0,2.0,0.0,4.0,True
WS_12931,1.0,0.0,0.0,0.0,False
LPT_12507,1.0,0.0,0.0,0.0,False
WS_11690,1.0,1.0,0.0,0.0,False
WS-11289,8.0,2.0,1.0,5.0,True
VDR-12498,7.0,4.0,0.0,4.0,True
VDR-10585.corp.local,1.0,0.0,0.0,0.0,False
lpt-12399,1.0,0.0,0.0,0.0,False
lpt-12659,3.0,1.0,0.0,0.0,False
VDR-11002,5.0,2.0,1.0,0.0,False
vdr-11439,1.0,0.0,1.0,0.0,False
LPT-10409.corp.local,1.0,0.0,0.0,0.0,False
ws-11186,1.0,0.0,0.0,0.0,False
LPT_10177,1.0,0.0,0.0,0.0,False
vdr-10952,1.0,1.0,0.0,0.0,False
vdr-11507,1.0,0.0,0.0,0.0,False
WS-11143,6.0,2.0,0.0,3.0,True
LPT-10052,3.0,0.0,1.0,4.0,True
WS-11049,3.0,0.0,0.0,4.0,True
LPT-11511,7.0,0.0,1.0,4.0,True
VDR-12949.corp.local,1.0,0.0,0.0,0.0,False
WS-10472,6.0,3.0,0.0,2.0,True
LPT-11244,12.0,1.0,1.0,1.0,True
LPT-11151,6.0,0.0,0.0,1.0,True
WS-12274.corp.local,2.0,1.0,0.0,0.0,False
vdr-10605,3.0,1.0,0.0,0.0,False
WS-12686.corp.local,2.0,1.0,0.0,0.0,False
ws-12439,1.0,1.0,0.0,0.0,False
LPT-12231,9.0,1.0,1.0,4.0,False
LPT-12167,7.0,2.0,0.0,2.0,True
VDR_11729,1.0,0.0,0.0,0.0,False
vdr-10796,1.0,0.0,0.0,0.0,False
WS-11750,2.0,0.0,0.0,0.0,True
WS-11672,6.0,2.0,0.0,4.0,False
LPT-12378,8.0,1.0,0.0,1.0,True
ws-12870,1.0,0.0,1.0,0.0,False
VDR-11916,5.0,0.0,0.0,5.0,True
ws-10584,1.0,1.0,0.0,0.0,False
VDR_11387,1.0,0.0,0.0,0.0,False
WS-11361,4.0,0.0,0.0,3.0,True
ws-12371,2.0,1.0,0.0,0.0,False
WS-11535.corp.local,1.0,0.0,0.0,0.0,False
VDR-10937,8.0,3.0,0.0,2.0,True
vdr-11195,1.0,0.0,0.0,0.0,False
VDR_12308,1.0,1.0,0.0,0.0,False
LPT-12528.corp.local,2.0,2.0,1.0,0.0,False
WS-10890,7.0,2.0,1.0,2.0,True
VDR-10116,6.0,1.0,1.0,5.0,True
VDR-11669,10.0,2.0,1.0,2.0,True
WS-11839,6.0,2.0,0.0,0.0,True
WS-12307,5.0,2.0,0.0,3.0,True
ws-11595,1.0,0.0,0.0,0.0,False
WS-10517.corp.local,1.0,1.0,0.0,0.0,False
LPT-12778,5.0,1.0,1.0,1.0,True
VDR-10146.corp.local,1.0,0.0,0.0,0.0,False
VDR-12488,6.0,1.0,0.0,3.0,True
WS_12901,1.0,0.0,0.0,0.0,False
VDR-10889.corp.local,1.0,0.0,0.0,0.0,False
VDR-12497,5.0,1.0,0.0,4.0,False
LPT-11097.corp.local,1.0,0.0,0.0,0.0,False
lpt-11714,1.0,0.0,0.0,0.0,False
LPT-10055,7.0,2.0,0.0,3.0,True
VDR_12880,1.0,0.0,0.0,0.0,False
VDR-10315,9.0,1.0,1.0,4.0,True
WS_11777,2.0,2.0,0.0,0.0,False
WS_10050,1.0,0.0,0.0,0.0,False
VDR-11600,7.0,1.0,2.0,2.0,True
LPT-11446.corp.local,1.0,0.0,0.0,0.0,False
LPT-10416,8.0,2.0,1.0,2.0,True
VDR-11002.corp.local,1.0,0.0,0.0,0.0,False
LPT-11016.corp.local,1.0,0.0,0.0,0.0,False
VDR_10237,1.0,0.0,0.0,0.0,False
VDR-11652.corp.local,3.0,0.0,0.0,0.0,False
WS_11223,1.0,0.0,0.0,0.0,False
ws-10556,1.0,1.0,0.0,0.0,False
ws-11473,2.0,0.0,0.0,0.0,False
LPT-12043.,0.0,0.0,0.0,0.0,True
VDR-12948.corp.local,1.0,0.0,0.0,0.0,False
VDR-12568,5.0,3.0,1.0,2.0,True
LPT-10511,10.0,2.0,1.0,5.0,True
WS-10774.corp.local,1.0,1.0,0.0,0.0,False
VDR-10940.corp.local,2.0,0.0,1.0,0.0,False
VDR-10644,8.0,3.0,3.0,3.0,True
VDR-10116.corp.local,2.0,0.0,0.0,0.0,False
VDR-12140.corp.local,2.0,1.0,0.0,0.0,False
lpt-12099,1.0,0.0,1.0,0.0,False
WS-11776,8.0,2.0,0.0,3.0,True
lpt-11679,1.0,0.0,0.0,0.0,False
WS-10407,5.0,2.0,0.0,3.0,True
vdr-11889,4.0,0.0,0.0,0.0,False
WS-10984,13.0,7.0,0.0,1.0,True
LPT-12231.,0.0,0.0,0.0,0.0,True
LPT-10298.corp.local,3.0,2.0,0.0,0.0,False
WS-12469,4.0,0.0,0.0,1.0,True
LPT-11349,6.0,1.0,1.0,1.0,False
lpt-10428,1.0,0.0,0.0,0.0,False
lpt-10008,1.0,0.0,0.0,0.0,False
VDR-12886,8.0,1.0,1.0,2.0,True
ws-10896,2.0,1.0,0.0,0.0,False
VDR-12180.corp.local,1.0,0.0,0.0,0.0,False
LPT-12294,14.0,3.0,2.0,3.0,True
ws-11233,2.0,2.0,0.0,0.0,False
WS-11860.corp.local,1.0,0.0,0.0,0.0,False
WS_10281,1.0,0.0,0.0,0.0,False
lpt-12205,1.0,0.0,0.0,0.0,False
vdr-10910,1.0,0.0,0.0,0.0,False
VDR-10207.corp.local,1.0,0.0,0.0,0.0,False
LPT-12006.corp.local,2.0,0.0,1.0,0.0,False
LPT-10668,9.0,6.0,1.0,3.0,True
VDR-10449,6.0,4.0,0.0,4.0,False
WS-12902.corp.local,1.0,1.0,1.0,0.0,False
vdr-10051,1.0,0.0,0.0,0.0,False
VDR-11583.corp.local,2.0,0.0,0.0,0.0,False
LPT-11834.,0.0,0.0,0.0,0.0,True
ws-11670,2.0,1.0,0.0,0.0,False
WS-10814.corp.local,1.0,1.0,0.0,0.0,False
lpt-10318,1.0,1.0,0.0,0.0,False
VDR-12395,6.0,1.0,0.0,4.0,True
WS-10739.corp.local,1.0,0.0,0.0,0.0,False
lpt-12239,1.0,0.0,0.0,0.0,False
lpt-11887,1.0,0.0,1.0,0.0,False
ws-12166,1.0,0.0,0.0,0.0,False
VDR_12463,1.0,1.0,0.0,0.0,False
vdr-10233,3.0,2.0,0.0,0.0,False
VDR-12348,6.0,3.0,0.0,2.0,True
WS-11473.corp.local,3.0,1.0,0.0,0.0,False
WS_10241,1.0,0.0,0.0,0.0,False
lpt-10401,1.0,0.0,0.0,0.0,False
vdr-11913,2.0,0.0,1.0,0.0,False
WS-11315.,0.0,0.0,0.0,0.0,True
WS_11562,1.0,0.0,1.0,0.0,False
WS_12206,1.0,1.0,0.0,0.0,False
LPT_12470,3.0,0.0,0.0,0.0,False
WS-11464,15.0,3.0,1.0,3.0,True
WS-10941,7.0,1.0,0.0,1.0,True
lpt-11052,1.0,0.0,0.0,0.0,False
VDR-12693,10.0,1.0,0.0,3.0,True
WS-11192.corp.local,1.0,0.0,0.0,0.0,False
VDR_10917,1.0,0.0,0.0,0.0,False
ws-12556,3.0,2.0,1.0,0.0,False
WS-12496.corp.local,3.0,1.0,0.0,0.0,False
WS-10770,5.0,0.0,1.0,3.0,True
lpt-10298,2.0,0.0,0.0,0.0,False
WS-12848.corp.local,1.0,0.0,0.0,0.0,False
VDR-10143.corp.local,1.0,0.0,0.0,0.0,False
LPT-11024,3.0,1.0,0.0,7.0,True
lpt-12143,2.0,0.0,0.0,0.0,False
VDR_11231,1.0,0.0,0.0,0.0,False
LPT_10459,1.0,0.0,0.0,0.0,False
vdr-10279,1.0,1.0,0.0,0.0,False
lpt-10047,1.0,0.0,0.0,0.0,False
WS-10073.corp.local,2.0,0.0,0.0,0.0,False
ws-11228,1.0,1.0,0.0,0.0,False
LPT-10258,9.0,2.0,1.0,3.0,True
vdr-10559,2.0,0.0,0.0,0.0,False
vdr-12781,2.0,0.0,0.0,0.0,False
lpt-10160,1.0,0.0,1.0,0.0,False
VDR-11500,8.0,1.0,1.0,1.0,True
LPT-12001.,0.0,0.0,0.0,0.0,True
WS-11252,5.0,1.0,1.0,5.0,True
LPT-12639.corp.local,1.0,0.0,0.0,0.0,False
WS-10943,8.0,2.0,0.0,3.0,True
LPT-11326,6.0,2.0,0.0,1.0,False
WS_11022,1.0,0.0,0.0,0.0,False
VDR-11694,6.0,2.0,0.0,4.0,True
VDR-11976,10.0,2.0,0.0,3.0,False
ws-12048,1.0,1.0,0.0,0.0,False
LPT-12829.corp.local,1.0,0.0,0.0,0.0,False
ws-11089,3.0,0.0,0.0,0.0,False
lpt-10742,1.0,0.0,0.0,0.0,False
lpt-10141,2.0,0.0,0.0,0.0,False
VDR-12030,6.0,3.0,0.0,4.0,True
WS_10082,1.0,0.0,0.0,0.0,False
LPT-12252,3.0,1.0,0.0,1.0,True
WS-12081,6.0,0.0,1.0,2.0,True
VDR-10491,4.0,1.0,0.0,0.0,False
VDR-10966,8.0,2.0,1.0,3.0,True
VDR-10303,6.0,0.0,1.0,0.0,True
ws-11139,1.0,1.0,0.0,0.0,False
VDR-10947.corp.local,2.0,0.0,0.0,0.0,False
ws-12889,1.0,0.0,0.0,0.0,False
lpt-12421,1.0,0.0,0.0,0.0,False
VDR-10867,10.0,2.0,1.0,3.0,True
ws-10137,4.0,1.0,1.0,0.0,False
LPT-10956.corp.local,1.0,0.0,0.0,0.0,False
WS-12477,7.0,1.0,1.0,4.0,True
lpt-11783,2.0,0.0,1.0,0.0,False
vdr-12386,2.0,0.0,0.0,0.0,False
LPT-12444,6.0,1.0,2.0,3.0,True
WS-11598.corp.local,1.0,1.0,0.0,0.0,False
vdr-10315,1.0,0.0,0.0,0.0,False
vdr-11942,3.0,1.0,0.0,0.0,False
VDR-10285.corp.local,1.0,1.0,0.0,0.0,False
LPT-11373,3.0,1.0,1.0,2.0,True
ws-12901,2.0,1.0,0.0,0.0,False
lpt-11322,4.0,0.0,1.0,0.0,False
ws-11044,2.0,0.0,0.0,0.0,False
vdr-12484,2.0,0.0,0.0,0.0,False
LPT-10188,7.0,3.0,1.0,2.0,True
ws-11820,2.0,0.0,0.0,0.0,False
ws-11952,1.0,0.0,0.0,0.0,False
LPT_12689,1.0,0.0,0.0,0.0,False
WS-11051.corp.local,1.0,0.0,0.0,0.0,False
LPT-12182,9.0,1.0,1.0,2.0,False
LPT-11035.corp.local,1.0,0.0,0.0,0.0,False
VDR-11305,4.0,1.0,0.0,2.0,True
VDR-12875,8.0,2.0,0.0,2.0,False
WS-10831,4.0,1.0,0.0,2.0,True
LPT-12271.corp.local,1.0,0.0,0.0,0.0,False
WS-11084,8.0,4.0,0.0,2.0,True
ws-10552,2.0,1.0,0.0,0.0,False
VDR-11136,3.0,0.0,0.0,0.0,True
ws-10506,3.0,0.0,0.0,0.0,False
ws-12720,1.0,0.0,0.0,0.0,False
WS-11362,15.0,2.0,1.0,2.0,True
vdr-12705,1.0,0.0,0.0,0.0,False
LPT-12664,8.0,3.0,1.0,2.0,True
VDR-12989,6.0,2.0,0.0,2.0,True
LPT_11409,1.0,0.0,0.0,0.0,False
LPT-12102,6.0,2.0,0.0,5.0,True
WS-10973.corp.local,1.0,1.0,0.0,0.0,False
WS_11069,1.0,0.0,0.0,0.0,False
vdr-12785,2.0,0.0,0.0,0.0,False
ws-12674,1.0,0.0,1.0,0.0,False
LPT_10129,1.0,0.0,0.0,0.0,False
WS_10341,2.0,0.0,1.0,0.0,False
LPT_10104,3.0,0.0,1.0,0.0,False
LPT-12974,9.0,4.0,0.0,0.0,True
LPT-12648,7.0,2.0,0.0,3.0,True
VDR_11147,2.0,1.0,0.0,0.0,False
vdr-12308,3.0,1.0,1.0,0.0,False
LPT_11005,1.0,0.0,0.0,0.0,False
WS-10594.corp.local,1.0,0.0,0.0,0.0,False
WS-10338,7.0,2.0,2.0,1.0,True
LPT-11668.corp.local,1.0,0.0,0.0,0.0,False
vdr-12012,1.0,1.0,0.0,0.0,False
vdr-11757,2.0,0.0,0.0,0.0,False
WS-10564.corp.local,1.0,0.0,0.0,0.0,False
VDR-12168,14.0,4.0,2.0,4.0,False
LPT-12805.,0.0,0.0,0.0,0.0,True
lpt-11907,2.0,0.0,1.0,0.0,False
WS-10163,8.0,1.0,1.0,0.0,True
vdr-11056,1.0,1.0,0.0,0.0,False
ws-10819,1.0,0.0,0.0,0.0,False
WS-11366.,0.0,0.0,0.0,0.0,True
WS_10908,2.0,0.0,0.0,0.0,False
WS-10675.corp.local,1.0,0.0,0.0,0.0,False
VDR-12836,4.0,0.0,0.0,3.0,True
ws-10371,1.0,0.0,0.0,0.0,False
vdr-12940,1.0,0.0,0.0,0.0,False
WS-10839,9.0,0.0,0.0,1.0,True
VDR-10309,6.0,2.0,2.0,3.0,False
LPT_12612,1.0,0.0,0.0,0.0,False
VDR-10044.corp.local,1.0,0.0,0.0,0.0,False
WS-11365,6.0,3.0,0.0,3.0,True
VDR_10919,1.0,0.0,0.0,0.0,False
VDR-10523.corp.local,2.0,0.0,0.0,0.0,False
LPT_12721,2.0,0.0,0.0,0.0,False
VDR-11033,7.0,3.0,1.0,3.0,True
WS_10971,1.0,1.0,0.0,0.0,False
LPT-10390,8.0,1.0,0.0,1.0,True
VDR_12526,2.0,0.0,0.0,0.0,False
vdr-11189,1.0,0.0,0.0,0.0,False
vdr-10977,1.0,0.0,0.0,0.0,False
VDR_10503,1.0,0.0,0.0,0.0,False
VDR-10658,7.0,2.0,1.0,0.0,True
WS-10332,4.0,0.0,0.0,2.0,True
WS_12319,1.0,1.0,0.0,0.0,False
ws-10187,2.0,0.0,0.0,0.0,False
vdr-11946,1.0,0.0,0.0,0.0,False
LPT_10852,1.0,1.0,0.0,0.0,False
VDR-12453.corp.local,1.0,0.0,0.0,0.0,False
WS-11475,3.0,2.0,0.0,2.0,True
VDR-10605,6.0,2.0,1.0,4.0,True
vdr-10864,1.0,0.0,0.0,0.0,False
LPT-12541,6.0,1.0,0.0,1.0,True
vdr-11118,1.0,0.0,0.0,0.0,False
VDR-12613,7.0,0.0,0.0,1.0,True
WS-12853,4.0,0.0,1.0,2.0,True
lpt-11522,2.0,0.0,0.0,0.0,False
WS_10781,1.0,0.0,0.0,0.0,False
VDR-12564,11.0,3.0,3.0,3.0,True
vdr-11676,3.0,1.0,0.0,0.0,False
lpt-11280,1.0,1.0,0.0,0.0,False
WS-11553,8.0,1.0,0.0,2.0,False
vdr-12218,4.0,0.0,0.0,0.0,False
VDR-10238.corp.local,1.0,0.0,0.0,0.0,False
VDR-11449,7.0,2.0,1.0,2.0,False
VDR_12897,2.0,1.0,0.0,0.0,False
ws-11430,3.0,1.0,0.0,0.0,False
WS-10641.corp.local,1.0,0.0,0.0,0.0,False
VDR-11421.,0.0,0.0,0.0,0.0,True
VDR-10603,7.0,1.0,0.0,4.0,True
LPT-12421.corp.local,2.0,0.0,1.0,0.0,False
LPT-10286,7.0,3.0,1.0,2.0,True
lpt-12565,2.0,1.0,1.0,0.0,False
LPT-12364.corp.local,1.0,0.0,0.0,0.0,False
ws-12802,1.0,0.0,0.0,0.0,False
lpt-12285,3.0,0.0,0.0,0.0,False
WS_12236,1.0,0.0,0.0,0.0,False
vdr-12033,2.0,2.0,0.0,0.0,False
vdr-11754,2.0,1.0,0.0,0.0,False
WS_11228,1.0,0.0,0.0,0.0,False
LPT_11105,2.0,0.0,0.0,0.0,False
lpt-10789,1.0,1.0,0.0,0.0,False
LPT_11978,1.0,1.0,0.0,0.0,False
WS-12454,6.0,0.0,0.0,1.0,False
LPT-11662,12.0,2.0,0.0,6.0,False
lpt-11572,1.0,0.0,0.0,0.0,False
VDR-10154.corp.local,1.0,0.0,1.0,0.0,False
VDR-10929,5.0,0.0,0.0,3.0,True
LPT-11176.corp.local,2.0,0.0,0.0,0.0,False
vdr-10740,2.0,0.0,0.0,0.0,False
WS-11448.corp.local,2.0,1.0,0.0,0.0,False
VDR-12042,5.0,1.0,0.0,2.0,True
LPT-12645.corp.local,1.0,1.0,0.0,0.0,False
WS-10172,5.0,0.0,0.0,1.0,True
WS_12952,1.0,0.0,0.0,0.0,False
WS-12192.corp.local,1.0,0.0,1.0,0.0,False
LPT_12927,1.0,0.0,0.0,0.0,False
LPT-11054.,0.0,0.0,0.0,0.0,True
WS-10436,5.0,1.0,0.0,3.0,True
WS-10371,8.0,2.0,0.0,5.0,True
WS_10794,1.0,0.0,0.0,0.0,False
LPT-11158.corp.local,2.0,0.0,0.0,0.0,False
WS-11686,7.0,2.0,0.0,2.0,True
LPT-10590.corp.local,2.0,0.0,0.0,0.0,False
VDR-10510,6.0,2.0,0.0,1.0,True
WS-12912,8.0,1.0,1.0,4.0,True
WS_10625,2.0,0.0,0.0,0.0,False
LPT-10398,5.0,0.0,1.0,4.0,True
LPT-12323.corp.local,1.0,0.0,0.0,0.0,False
WS-10371.corp.local,3.0,1.0,0.0,0.0,False
VDR_12450,1.0,0.0,0.0,0.0,False
WS-11078,6.0,2.0,0.0,3.0,True
VDR-11297.corp.local,3.0,1.0,2.0,0.0,False
WS-10982,4.0,0.0,0.0,5.0,False
ws-12397,1.0,0.0,0.0,0.0,False
VDR-10930,14.0,3.0,4.0,1.0,True
VDR_12248,1.0,0.0,0.0,0.0,False
lpt-11229,1.0,1.0,0.0,0.0,False
VDR_12129,1.0,0.0,0.0,0.0,False
vdr-12934,2.0,0.0,0.0,0.0,False
LPT-12807.corp.local,2.0,0.0,0.0,0.0,False
ws-11624,2.0,0.0,0.0,0.0,False
vdr-11144,1.0,0.0,0.0,0.0,False
VDR-12238,10.0,1.0,1.0,3.0,True
ws-10828,1.0,1.0,0.0,0.0,False
lpt-10405,1.0,0.0,0.0,0.0,False
WS-10004,7.0,2.0,1.0,4.0,True
VDR_12975,2.0,1.0,1.0,0.0,False
lpt-10541,2.0,1.0,0.0,0.0,False
vdr-11214,2.0,1.0,0.0,0.0,False
LPT-10173,4.0,1.0,1.0,2.0,True
LPT-10590,8.0,2.0,1.0,0.0,True
LPT-12297,6.0,1.0,0.0,2.0,True
LPT-11541,7.0,1.0,0.0,4.0,True
lpt-11880,2.0,0.0,0.0,0.0,False
VDR-11307.,0.0,0.0,0.0,0.0,True
WS-11876.corp.local,3.0,1.0,0.0,0.0,False
ws-11687,2.0,0.0,0.0,0.0,False
VDR-10138.corp.local,1.0,0.0,0.0,0.0,False
WS-11367.corp.local,2.0,1.0,0.0,0.0,False
VDR-12986,7.0,2.0,0.0,2.0,False
WS_11332,1.0,0.0,1.0,0.0,False
WS-11613,4.0,2.0,0.0,3.0,True
VDR-10833.,0.0,0.0,0.0,0.0,True
LPT-12621.corp.local,1.0,0.0,0.0,0.0,False
LPT-12689,8.0,1.0,1.0,0.0,False
LPT-10083,2.0,1.0,0.0,4.0,False
ws-12288,1.0,0.0,1.0,0.0,False
lpt-10157,1.0,0.0,0.0,0.0,False
VDR_11778,1.0,0.0,0.0,0.0,False
LPT-12877.corp.local,1.0,0.0,0.0,0.0,False
VDR-12284.corp.local,2.0,0.0,1.0,0.0,False
VDR-10532,8.0,1.0,1.0,3.0,True
LPT-12658.corp.local,1.0,0.0,0.0,0.0,False
LPT-12078,6.0,2.0,0.0,4.0,True
LPT-12055,10.0,1.0,1.0,0.0,True
vdr-12276,1.0,0.0,0.0,0.0,False
VDR_12499,3.0,0.0,0.0,0.0,False
LPT-10366,10.0,2.0,2.0,2.0,True
LPT_10854,2.0,0.0,0.0,0.0,False
LPT_12298,1.0,0.0,0.0,0.0,False
WS-10411,4.0,2.0,1.0,3.0,True
LPT-10349,5.0,1.0,1.0,1.0,True
VDR-11145.corp.local,1.0,0.0,0.0,0.0,False
WS-10432,4.0,0.0,0.0,2.0,True
VDR_10249,1.0,1.0,0.0,0.0,False
LPT_12840,1.0,1.0,0.0,0.0,False
WS-11948,6.0,0.0,0.0,2.0,False
VDR-10017,11.0,5.0,1.0,4.0,True
WS-11542.corp.local,2.0,0.0,0.0,0.0,False
LPT_10521,1.0,0.0,0.0,0.0,False
vdr-12126,1.0,0.0,0.0,0.0,False
LPT-10003,4.0,2.0,0.0,5.0,True
VDR-12525.corp.local,1.0,1.0,0.0,0.0,False
LPT-10593,7.0,2.0,1.0,3.0,True
VDR-10040,7.0,2.0,0.0,5.0,True
LPT-12807,3.0,0.0,0.0,2.0,True
LPT_12211,1.0,0.0,1.0,0.0,False
WS-12439,11.0,1.0,0.0,3.0,True
VDR-11961,2.0,0.0,1.0,2.0,True
vdr-10762,2.0,0.0,0.0,0.0,False
WS-12952.corp.local,1.0,1.0,0.0,0.0,False
VDR_10170,1.0,0.0,0.0,0.0,False
LPT-12008,9.0,2.0,0.0,3.0,True
VDR-12837,5.0,2.0,1.0,1.0,True
VDR_11249,2.0,0.0,1.0,0.0,False
ws-10332,1.0,0.0,0.0,0.0,False
WS_10699,1.0,0.0,0.0,0.0,False
WS_10632,1.0,0.0,0.0,0.0,False
VDR_11752,1.0,0.0,0.0,0.0,False
WS-11260,5.0,2.0,0.0,5.0,False
VDR-12489,13.0,5.0,0.0,1.0,True
lpt-11875,2.0,2.0,0.0,0.0,False
WS_12161,1.0,0.0,0.0,0.0,False
VDR-10161,6.0,4.0,0.0,1.0,True
VDR_11585,1.0,0.0,0.0,0.0,False
WS-11193.corp.local,2.0,2.0,1.0,0.0,False
ws-11975,2.0,0.0,0.0,0.0,False
LPT-11427.corp.local,1.0,0.0,0.0,0.0,False
VDR-10166,8.0,3.0,0.0,1.0,False
VDR_12276,1.0,0.0,0.0,0.0,False
VDR_10462,1.0,1.0,0.0,0.0,False
VDR-12141,10.0,2.0,1.0,2.0,False
lpt-10596,1.0,0.0,0.0,0.0,False
LPT-11925,1.0,0.0,0.0,2.0,True
LPT-11890.corp.local,2.0,0.0,0.0,0.0,False
VDR-10123,4.0,2.0,0.0,2.0,False
LPT-10372,7.0,1.0,1.0,1.0,True
VDR-11316.corp.local,3.0,0.0,0.0,0.0,False
WS-12341.corp.local,1.0,0.0,0.0,0.0,False
vdr-11387,3.0,2.0,0.0,0.0,False
lpt-11965,1.0,0.0,0.0,0.0,False
WS-12077.corp.local,1.0,0.0,0.0,0.0,False
LPT_12641,1.0,0.0,0.0,0.0,False
ws-12999,2.0,0.0,0.0,0.0,False
WS-12717,10.0,2.0,3.0,4.0,True
LPT-11742,6.0,1.0,0.0,2.0,True
vdr-12210,2.0,0.0,0.0,0.0,False
VDR-10152,7.0,1.0,0.0,1.0,True
VDR_10329,1.0,0.0,0.0,0.0,False
VDR-11157.corp.local,3.0,0.0,0.0,0.0,False
LPT-12840,12.0,3.0,1.0,4.0,True
LPT-10655,8.0,2.0,0.0,4.0,True
ws-12361,3.0,2.0,0.0,0.0,False
VDR-11099.corp.local,1.0,0.0,0.0,0.0,False
lpt-11716,3.0,1.0,0.0,0.0,False
WS-12317.corp.local,1.0,0.0,0.0,0.0,False
VDR-11644,10.0,5.0,1.0,3.0,True
LPT_12640,1.0,1.0,0.0,0.0,False
LPT-10948,8.0,2.0,0.0,2.0,True
LPT-12772.corp.local,1.0,0.0,0.0,0.0,False
WS-12745,11.0,2.0,1.0,6.0,False
LPT-10488,6.0,1.0,1.0,5.0,False
LPT_11790,1.0,0.0,0.0,0.0,False
VDR-11328.corp.local,1.0,0.0,0.0,0.0,False
vdr-11128,1.0,0.0,0.0,0.0,False
VDR_10600,1.0,0.0,0.0,0.0,False
LPT-12516,4.0,2.0,1.0,1.0,True
VDR-12859.corp.local,1.0,0.0,0.0,0.0,False
VDR_12181,2.0,0.0,0.0,0.0,False
WS_11064,1.0,0.0,0.0,0.0,False
LPT-10321,9.0,2.0,1.0,2.0,True
ws-12230,2.0,0.0,0.0,0.0,False
ws-11313,1.0,0.0,0.0,0.0,False
lpt-12572,2.0,0.0,0.0,0.0,False
LPT-12885.corp.local,3.0,1.0,0.0,0.0,False
vdr-11012,1.0,1.0,0.0,0.0,False
WS-10866.corp.local,1.0,0.0,0.0,0.0,False
lpt-11356,1.0,0.0,0.0,0.0,False
VDR-12129,7.0,4.0,1.0,2.0,True
vdr-10435,2.0,1.0,0.0,0.0,False
LPT-10008.corp.local,1.0,0.0,0.0,0.0,False
vdr-10703,1.0,1.0,0.0,0.0,False
lpt-10880,1.0,0.0,0.0,0.0,False
LPT-11721,5.0,0.0,0.0,4.0,True
LPT-12253.corp.local,2.0,0.0,0.0,0.0,False
VDR-10875,8.0,2.0,1.0,1.0,True
VDR-11979,11.0,4.0,1.0,1.0,True
LPT-12731,7.0,4.0,0.0,2.0,False
ws-12162,1.0,0.0,0.0,0.0,False
VDR-10335,8.0,0.0,1.0,2.0,True
VDR-11976.,0.0,0.0,0.0,0.0,True
lpt-12860,1.0,0.0,0.0,0.0,False
LPT-11707,8.0,4.0,0.0,3.0,True
LPT-12389.corp.local,1.0,1.0,0.0,0.0,False
WS-11845.corp.local,1.0,1.0,0.0,0.0,False
lpt-11908,1.0,0.0,0.0,0.0,False
VDR-11771,10.0,1.0,0.0,4.0,True
ws-11750,2.0,0.0,0.0,0.0,False
ws-11856,1.0,0.0,1.0,0.0,False
WS-12195,6.0,1.0,0.0,3.0,True
LPT-11465,9.0,2.0,1.0,1.0,True
WS-12715.,0.0,0.0,0.0,0.0,True
VDR-11980,8.0,0.0,2.0,2.0,True
VDR-10060,3.0,0.0,0.0,5.0,True
LPT-12608.corp.local,1.0,0.0,0.0,0.0,False
WS-11418,8.0,1.0,1.0,3.0,True
VDR-10386,3.0,0.0,1.0,2.0,True
WS_12559,1.0,0.0,0.0,0.0,False
VDR_10718,1.0,0.0,0.0,0.0,False
VDR-11838.corp.local,2.0,1.0,0.0,0.0,False
ws-11505,2.0,0.0,0.0,0.0,False
VDR_10756,2.0,1.0,1.0,0.0,False
lpt-12339,3.0,0.0,0.0,0.0,False
LPT-12700,5.0,0.0,0.0,2.0,False
VDR-10792,8.0,1.0,2.0,2.0,True
LPT_11024,1.0,0.0,0.0,0.0,False
vdr-10406,2.0,0.0,0.0,0.0,False
VDR_11091,2.0,0.0,0.0,0.0,False
LPT-12609,5.0,0.0,0.0,3.0,False
WS-11269.corp.local,1.0,1.0,0.0,0.0,False
lpt-12355,2.0,0.0,1.0,0.0,False
LPT_11285,2.0,0.0,0.0,0.0,False
LPT-11789,5.0,1.0,0.0,2.0,True
LPT_12265,1.0,0.0,0.0,0.0,False
VDR-10899.corp.local,4.0,1.0,1.0,0.0,False
WS-11939.corp.local,2.0,0.0,0.0,0.0,False
WS-11517,9.0,4.0,1.0,4.0,True
LPT-11726,6.0,2.0,2.0,2.0,True
LPT-12100,7.0,0.0,0.0,2.0,True
VDR-12127,9.0,2.0,0.0,3.0,True
LPT_12530,1.0,1.0,1.0,0.0,False
WS-11059,8.0,1.0,0.0,2.0,True
lpt-12737,1.0,0.0,1.0,0.0,False
WS-10352.corp.local,2.0,0.0,0.0,0.0,False
VDR-12593.corp.local,1.0,0.0,0.0,0.0,False
lpt-12331,1.0,0.0,0.0,0.0,False
VDR-11292,6.0,0.0,1.0,2.0,True
LPT-11371,6.0,1.0,0.0,4.0,True
LPT-12899.corp.local,3.0,0.0,0.0,0.0,False
WS-11347.,0.0,0.0,0.0,0.0,True
WS-12028,3.0,1.0,2.0,2.0,True
LPT_12505,1.0,1.0,0.0,0.0,False
VDR-11117,8.0,3.0,2.0,4.0,True
ws-10996,1.0,0.0,0.0,0.0,False
WS-10201.corp.local,1.0,0.0,0.0,0.0,False
vdr-10924,1.0,0.0,0.0,0.0,False
LPT_12196,2.0,0.0,0.0,0.0,False
VDR-11600.corp.local,1.0,0.0,0.0,0.0,False
LPT-11663,3.0,0.0,0.0,2.0,True
VDR-12057,7.0,1.0,1.0,1.0,True
vdr-11157,2.0,0.0,0.0,0.0,False
LPT-12102.corp.local,2.0,0.0,0.0,0.0,False
WS-10615,4.0,1.0,0.0,3.0,True
ws-11806,3.0,2.0,0.0,0.0,False
WS_10829,1.0,0.0,0.0,0.0,False
WS-12413,4.0,3.0,1.0,2.0,False
ws-12311,2.0,0.0,0.0,0.0,False
WS-10882,7.0,3.0,1.0,5.0,True
lpt-11208,1.0,1.0,0.0,0.0,False
LPT-10013.corp.local,1.0,0.0,0.0,0.0,False
VDR-12749,6.0,1.0,1.0,3.0,True
WS_11706,2.0,0.0,0.0,0.0,False
WS-12039,0.0,0.0,0.0,3.0,True
VDR_10667,2.0,1.0,1.0,0.0,False
LPT-11399.corp.local,1.0,0.0,0.0,0.0,False
VDR-12282.corp.local,1.0,0.0,0.0,0.0,False
VDR-12184,4.0,1.0,0.0,2.0,False
VDR-11921.,0.0,0.0,0.0,0.0,True
WS-12446,6.0,2.0,1.0,6.0,True
VDR-10079,6.0,1.0,0.0,1.0,True
lpt-10304,1.0,0.0,0.0,0.0,False
VDR-11081.corp.local,1.0,0.0,0.0,0.0,False
WS-12447.corp.local,1.0,0.0,0.0,0.0,False
ws-10844,2.0,0.0,0.0,0.0,False
LPT_12321,1.0,1.0,0.0,0.0,False
LPT_10215,2.0,0.0,0.0,0.0,False
LPT-10634.corp.local,1.0,0.0,1.0,0.0,False
VDR-12573,4.0,1.0,1.0,1.0,True
VDR-11531,8.0,2.0,0.0,2.0,True
LPT-11164.,0.0,0.0,0.0,0.0,True
VDR-12980,13.0,4.0,2.0,2.0,True
VDR_10977,1.0,1.0,0.0,0.0,False
LPT-11403.,0.0,0.0,0.0,0.0,True
LPT-12572.corp.local,1.0,0.0,0.0,0.0,False
lpt-10188,2.0,1.0,1.0,0.0,False
LPT-12132,9.0,3.0,0.0,0.0,True
VDR-12002,8.0,1.0,2.0,3.0,True
WS_12194,1.0,1.0,0.0,0.0,False
lpt-10144,1.0,0.0,0.0,0.0,False
lpt-12326,4.0,0.0,0.0,0.0,False
ws-10276,1.0,0.0,1.0,0.0,False
VDR-11591,6.0,1.0,1.0,0.0,False
WS-11878.corp.local,3.0,0.0,0.0,0.0,False
LPT-10401,8.0,3.0,0.0,1.0,True
WS-11477.corp.local,1.0,1.0,0.0,0.0,False
ws-11713,2.0,2.0,0.0,0.0,False
VDR_12157,1.0,0.0,0.0,0.0,False
LPT-12001.corp.local,1.0,0.0,0.0,0.0,False
LPT-11970,10.0,5.0,0.0,3.0,True
WS_11261,1.0,0.0,0.0,0.0,False
vdr-11266,1.0,0.0,0.0,0.0,False
WS-10039,5.0,1.0,1.0,5.0,True
VDR-10807,9.0,3.0,0.0,3.0,True
lpt-11178,2.0,1.0,0.0,0.0,False
lpt-11995,2.0,1.0,0.0,0.0,False
vdr-11767,1.0,0.0,0.0,0.0,False
WS-10720,11.0,3.0,1.0,1.0,True
VDR-10693,5.0,1.0,1.0,4.0,True
LPT-10245,6.0,1.0,0.0,2.0,False
WS_10760,1.0,0.0,0.0,0.0,False
LPT-10331,7.0,0.0,2.0,1.0,True
WS-10050,11.0,2.0,1.0,4.0,True
VDR-10497.corp.local,1.0,1.0,0.0,0.0,False
ws-12214,1.0,0.0,0.0,0.0,False
VDR-12979,7.0,1.0,0.0,5.0,False
WS-12561,3.0,2.0,0.0,4.0,True
lpt-12323,1.0,0.0,0.0,0.0,False
ws-12343,1.0,0.0,0.0,0.0,False
ws-10817,1.0,1.0,0.0,0.0,False
VDR-12435,4.0,2.0,1.0,3.0,True
VDR_11946,1.0,1.0,0.0,0.0,False
WS_11474,1.0,1.0,0.0,0.0,False
lpt-12316,1.0,0.0,0.0,0.0,False
LPT-12985,4.0,1.0,1.0,3.0,True
WS-11006,8.0,1.0,1.0,6.0,True
vdr-10458,3.0,0.0,0.0,0.0,False
LPT-10661,4.0,0.0,1.0,2.0,True
LPT-12065,6.0,1.0,1.0,3.0,True
ws-12923,4.0,1.0,0.0,0.0,False
VDR_12057,1.0,0.0,0.0,0.0,False
ws-11896,1.0,0.0,0.0,0.0,False
LPT-11501,8.0,0.0,1.0,4.0,True
ws-11127,1.0,1.0,0.0,0.0,False
WS_10817,1.0,0.0,0.0,0.0,False
lpt-12427,2.0,0.0,0.0,0.0,False
VDR-10234.corp.local,3.0,0.0,2.0,0.0,False
VDR-12725,7.0,4.0,0.0,2.0,True
vdr-10164,1.0,0.0,0.0,0.0,False
VDR-12821,5.0,1.0,1.0,5.0,True
lpt-11693,1.0,0.0,0.0,0.0,False
VDR-10561,6.0,0.0,2.0,0.0,True
WS-12941,1.0,0.0,0.0,0.0,True
WS_12234,2.0,0.0,1.0,0.0,False
LPT-12690.corp.local,1.0,0.0,0.0,0.0,False
vdr-11177,2.0,0.0,0.0,0.0,False
VDR-11861.corp.local,1.0,1.0,0.0,0.0,False
ws-12226,2.0,1.0,0.0,0.0,False
VDR_12163,1.0,0.0,0.0,0.0,False
LPT-12985.corp.local,1.0,0.0,0.0,0.0,False
LPT-10860,4.0,1.0,1.0,1.0,True
VDR-11195,4.0,0.0,0.0,1.0,True
WS-10115.corp.local,2.0,0.0,0.0,0.0,False
WS-10564,6.0,2.0,0.0,2.0,False
VDR_10788,1.0,0.0,0.0,0.0,False
lpt-12424,1.0,0.0,0.0,0.0,False
VDR-12748,9.0,1.0,1.0,5.0,True
LPT-12782.corp.local,1.0,0.0,0.0,0.0,False
ws-12385,2.0,0.0,0.0,0.0,False
VDR-10342.corp.local,1.0,0.0,0.0,0.0,False
VDR-11812,10.0,4.0,1.0,1.0,True
LPT_10731,1.0,1.0,0.0,0.0,False
VDR-11363.corp.local,1.0,0.0,0.0,0.0,False
lpt-11488,2.0,0.0,0.0,0.0,False
LPT-11824.corp.local,1.0,0.0,0.0,0.0,False
VDR_10700,1.0,0.0,0.0,0.0,False
VDR-12875.corp.local,2.0,0.0,0.0,0.0,False
LPT-10245.,0.0,0.0,0.0,0.0,True
VDR-11940.corp.local,1.0,0.0,1.0,0.0,False
VDR-12630,7.0,1.0,1.0,3.0,True
VDR-11396,5.0,0.0,0.0,2.0,True
VDR-10203.corp.local,1.0,0.0,0.0,0.0,False
VDR-12610,5.0,0.0,0.0,2.0,True
WS-12009,7.0,1.0,1.0,2.0,True
WS-12677.corp.local,1.0,0.0,0.0,0.0,False
VDR-12357.corp.local,2.0,0.0,0.0,0.0,False
ws-10578,2.0,0.0,0.0,0.0,False
VDR-12688,6.0,0.0,0.0,1.0,False
WS-10618,8.0,1.0,0.0,3.0,True
VDR-10740.corp.local,1.0,0.0,0.0,0.0,False
LPT-12899,7.0,1.0,0.0,2.0,True
vdr-12562,1.0,0.0,0.0,0.0,False
VDR-12374,4.0,3.0,0.0,3.0,False
LPT-11109.,0.0,0.0,0.0,0.0,True
VDR-11091.corp.local,1.0,0.0,0.0,0.0,False
WS_11548,1.0,0.0,0.0,0.0,False
LPT-11528,9.0,1.0,0.0,3.0,True
LPT-10522.corp.local,1.0,1.0,0.0,0.0,False
LPT-11190.corp.local,2.0,1.0,0.0,0.0,False
VDR-10465,3.0,2.0,1.0,1.0,True
VDR-11201.corp.local,1.0,1.0,0.0,0.0,False
ws-10163,1.0,0.0,0.0,0.0,False
VDR_12732,1.0,0.0,0.0,0.0,False
lpt-11700,1.0,0.0,0.0,0.0,False
WS-11957,5.0,1.0,0.0,2.0,False
lpt-12710,1.0,0.0,0.0,0.0,False
VDR_11804,1.0,1.0,0.0,0.0,False
VDR-10484.corp.local,1.0,1.0,1.0,0.0,False
ws-11759,1.0,0.0,0.0,0.0,False
LPT-12231.corp.local,1.0,1.0,0.0,0.0,False
WS-11713,7.0,2.0,0.0,4.0,True
VDR-11201.,0.0,0.0,0.0,0.0,True
WS-10236.corp.local,1.0,0.0,0.0,0.0,False
VDR-12757,7.0,0.0,1.0,3.0,True
lpt-12503,2.0,0.0,0.0,0.0,False
WS-11104,7.0,3.0,0.0,3.0,True
LPT-11882,6.0,2.0,0.0,1.0,True
VDR_11665,2.0,0.0,0.0,0.0,False
WS-11515.,0.0,0.0,0.0,0.0,True
VDR-12835,4.0,0.0,0.0,5.0,False
LPT-11875.corp.local,1.0,0.0,0.0,0.0,False
LPT-12611.,0.0,0.0,0.0,0.0,True
vdr-11344,4.0,0.0,0.0,0.0,False
ws-11876,5.0,1.0,0.0,0.0,False
LPT-11191,4.0,1.0,0.0,2.0,True
VDR-11681.corp.local,2.0,0.0,1.0,0.0,False
LPT-12389,4.0,1.0,0.0,0.0,True
WS-12891,6.0,3.0,1.0,3.0,True
ws-12555,2.0,0.0,0.0,0.0,False
vdr-11747,3.0,2.0,0.0,0.0,False
LPT-12134,5.0,2.0,0.0,2.0,True
lpt-12504,1.0,0.0,0.0,0.0,False
LPT-12425,6.0,3.0,0.0,2.0,True
LPT_10212,1.0,0.0,0.0,0.0,False
WS-12230,9.0,5.0,2.0,1.0,True
WS-10034,11.0,1.0,0.0,4.0,True
WS-10376,7.0,2.0,0.0,1.0,True
WS-10513.corp.local,3.0,0.0,0.0,0.0,False
VDR-12484,2.0,0.0,0.0,2.0,True
LPT-10538,5.0,0.0,0.0,4.0,True
lpt-12444,2.0,1.0,2.0,0.0,False
VDR_12119,3.0,1.0,0.0,0.0,False
WS-11221.corp.local,1.0,0.0,0.0,0.0,False
LPT_12565,1.0,0.0,1.0,0.0,False
WS-12720,8.0,0.0,0.0,2.0,True
lpt-12303,1.0,1.0,0.0,0.0,False
LPT-12382,6.0,1.0,0.0,1.0,True
VDR-10165,12.0,3.0,0.0,4.0,True
lpt-11290,1.0,0.0,0.0,0.0,False
LPT-11335,5.0,3.0,0.0,6.0,True
LPT-12146,7.0,1.0,1.0,1.0,False
LPT-11431,3.0,1.0,0.0,5.0,True
WS_11127,1.0,0.0,0.0,0.0,False
LPT-12752,6.0,1.0,1.0,0.0,True
WS_11073,1.0,0.0,0.0,0.0,False
VDR-12676,4.0,2.0,0.0,3.0,True
VDR-11602.corp.local,1.0,0.0,0.0,0.0,False
LPT-11133.corp.local,1.0,0.0,0.0,0.0,False
VDR-12781,8.0,1.0,0.0,3.0,True
WS-10969,2.0,0.0,0.0,2.0,False
VDR-11647.corp.local,3.0,0.0,0.0,0.0,False
WS-10884.corp.local,2.0,0.0,0.0,0.0,False
WS_11308,1.0,0.0,0.0,0.0,False
vdr-10846,1.0,0.0,0.0,0.0,False
LPT-12377.corp.local,1.0,0.0,0.0,0.0,False
VDR-10501,7.0,3.0,0.0,2.0,True
VDR-10601.corp.local,2.0,1.0,0.0,0.0,False
VDR-10667.corp.local,1.0,0.0,0.0,0.0,False
VDR-12277,6.0,0.0,0.0,5.0,False
WS-12614,4.0,0.0,0.0,3.0,False
VDR-11537,2.0,0.0,0.0,4.0,True
LPT-11197,4.0,0.0,1.0,5.0,True
LPT-11288.corp.local,1.0,0.0,0.0,0.0,False
LPT-11638.,0.0,0.0,0.0,0.0,True
VDR-10404,8.0,2.0,1.0,2.0,True
WS-10301.corp.local,4.0,1.0,0.0,0.0,False
ws-10032,1.0,1.0,0.0,0.0,False
ws-11460,1.0,0.0,0.0,0.0,False
VDR_10072,1.0,1.0,0.0,0.0,False
VDR-10477,5.0,2.0,0.0,1.0,True
ws-12605,1.0,0.0,0.0,0.0,False
WS-10115,9.0,1.0,2.0,2.0,True
ws-12368,1.0,0.0,0.0,0.0,False
LPT-11148.corp.local,1.0,1.0,0.0,0.0,False
VDR_10659,1.0,1.0,0.0,0.0,False
LPT-10127.corp.local,1.0,0.0,0.0,0.0,False
LPT-12911,8.0,0.0,0.0,5.0,True
LPT_12457,2.0,0.0,0.0,0.0,False
LPT-11175.corp.local,2.0,2.0,0.0,0.0,False
lpt-12305,1.0,1.0,0.0,0.0,False
lpt-10731,1.0,0.0,0.0,0.0,False
VDR_11405,1.0,0.0,0.0,0.0,False
VDR-11199.corp.local,2.0,0.0,1.0,0.0,False
WS-12514,7.0,2.0,0.0,3.0,False
lpt-11554,2.0,0.0,0.0,0.0,False
lpt-10198,4.0,0.0,0.0,0.0,False
LPT-12737,4.0,1.0,0.0,3.0,True
LPT-10734,4.0,0.0,0.0,3.0,True
WS-12828,7.0,2.0,1.0,1.0,True
VDR-11877.corp.local,1.0,0.0,0.0,0.0,False
vdr-11205,2.0,0.0,0.0,0.0,False
lpt-11786,2.0,0.0,0.0,0.0,False
WS-12515.corp.local,1.0,0.0,0.0,0.0,False
LPT-10904.corp.local,1.0,0.0,0.0,0.0,False
WS_12287,1.0,1.0,0.0,0.0,False
VDR-12342,7.0,1.0,0.0,1.0,True
vdr-10350,3.0,0.0,0.0,0.0,False
VDR_11576,1.0,1.0,0.0,0.0,False
LPT-10122,11.0,2.0,2.0,2.0,True
WS-10524,10.0,2.0,2.0,0.0,True
WS_11041,2.0,1.0,0.0,0.0,False
WS_11348,1.0,0.0,0.0,0.0,False
ws-12232,3.0,0.0,1.0,0.0,False
LPT_12653,1.0,0.0,0.0,0.0,False
WS-12830,12.0,3.0,1.0,2.0,True
LPT-11031.,0.0,0.0,0.0,0.0,True
VDR-10170,5.0,1.0,0.0,1.0,True
LPT-12275.corp.local,1.0,1.0,1.0,0.0,False
vdr-11046,2.0,0.0,0.0,0.0,False
vdr-12362,1.0,0.0,0.0,0.0,False
VDR-10640,1.0,0.0,0.0,0.0,True
WS-10946,7.0,1.0,1.0,2.0,True
vdr-12732,2.0,1.0,1.0,0.0,False
lpt-11978,1.0,1.0,0.0,0.0,False
LPT-11489,10.0,1.0,1.0,4.0,True
WS-11819,6.0,1.0,1.0,2.0,True
lpt-10653,1.0,0.0,0.0,0.0,False
VDR-12972.corp.local,2.0,0.0,0.0,0.0,False
lpt-12015,3.0,1.0,1.0,0.0,False
LPT-11299,7.0,0.0,1.0,3.0,True
LPT-10366.corp.local,1.0,0.0,0.0,0.0,False
WS_10997,1.0,0.0,0.0,0.0,False
lpt-12061,1.0,0.0,1.0,0.0,False
LPT-11902,5.0,0.0,0.0,2.0,True
LPT_12792,2.0,0.0,0.0,0.0,False
ws-10155,1.0,0.0,0.0,0.0,False
vdr-11479,1.0,0.0,0.0,0.0,False
VDR-11449.,0.0,0.0,0.0,0.0,True
VDR-10296,11.0,3.0,1.0,4.0,True
VDR_12836,3.0,0.0,1.0,0.0,False
vdr-11940,1.0,0.0,0.0,0.0,False
LPT-12408.corp.local,1.0,0.0,0.0,0.0,False
lpt-12636,3.0,0.0,0.0,0.0,False
lpt-12916,1.0,0.0,0.0,0.0,False
VDR-10109,5.0,1.0,0.0,6.0,True
lpt-11254,2.0,1.0,1.0,0.0,False
VDR-11231,6.0,2.0,0.0,0.0,True
ws-12931,2.0,0.0,0.0,0.0,False
WS_12136,2.0,0.0,0.0,0.0,False
lpt-11116,1.0,0.0,0.0,0.0,False
WS-11370.corp.local,1.0,0.0,0.0,0.0,False
VDR-12897.corp.local,1.0,0.0,0.0,0.0,False
LPT-10583,8.0,0.0,0.0,3.0,True
vdr-12278,2.0,1.0,0.0,0.0,False
VDR-11298,3.0,0.0,0.0,2.0,True
LPT-12634.corp.local,2.0,1.0,0.0,0.0,False
ws-11502,2.0,0.0,0.0,0.0,False
VDR-11338.corp.local,2.0,0.0,0.0,0.0,False
VDR-11061,7.0,1.0,0.0,6.0,True
LPT-12377,9.0,3.0,1.0,2.0,True
WS_11469,2.0,0.0,0.0,0.0,False
WS-12931.,0.0,0.0,0.0,0.0,True
LPT-11881,5.0,0.0,0.0,0.0,True
VDR-12324,11.0,2.0,0.0,3.0,False
WS-10181,6.0,3.0,0.0,3.0,True
ws-10652,2.0,1.0,0.0,0.0,False
LPT-10364.corp.local,2.0,0.0,1.0,0.0,False
lpt-11185,2.0,0.0,0.0,0.0,False
WS-10448,5.0,2.0,0.0,1.0,True
LPT_10054,2.0,1.0,1.0,0.0,False
ws-10228,3.0,0.0,0.0,0.0,False
LPT-10679.corp.local,1.0,0.0,0.0,0.0,False
WS-11621.corp.local,2.0,2.0,0.0,0.0,False
LPT-10682.corp.local,3.0,1.0,1.0,0.0,False
lpt-11109,1.0,0.0,0.0,0.0,False
vdr-12270,2.0,0.0,0.0,0.0,False
LPT_11960,1.0,0.0,0.0,0.0,False
LPT-11088,6.0,4.0,0.0,1.0,True
WS_12317,1.0,0.0,0.0,0.0,False
LPT-11825,8.0,4.0,1.0,4.0,False
VDR-10457.corp.local,1.0,0.0,0.0,0.0,False
VDR-12554.corp.local,1.0,1.0,0.0,0.0,False
WS-12851,3.0,1.0,0.0,8.0,False
LPT-11107,6.0,1.0,0.0,3.0,True
ws-11686,1.0,1.0,0.0,0.0,False
VDR-10146,8.0,0.0,3.0,3.0,True
VDR-12725.corp.local,2.0,0.0,0.0,0.0,False
VDR_12958,2.0,0.0,1.0,0.0,False
vdr-11400,1.0,0.0,1.0,0.0,False
VDR-11215,8.0,2.0,0.0,0.0,True
ws-10979,3.0,0.0,0.0,0.0,False
LPT-12414,8.0,2.0,0.0,2.0,False
VDR-12865,6.0,0.0,2.0,4.0,True
VDR-11932.,0.0,0.0,0.0,0.0,True
VDR-10310,12.0,4.0,1.0,1.0,True
ws-10272,1.0,0.0,0.0,0.0,False
WS-10660,4.0,0.0,0.0,2.0,True
VDR-11946,7.0,2.0,0.0,1.0,False
LPT_12510,1.0,1.0,0.0,0.0,False
VDR-10765,4.0,1.0,0.0,3.0,True
WS-12217.corp.local,1.0,0.0,0.0,0.0,False
LPT_10217,1.0,0.0,0.0,0.0,False
VDR_12113,1.0,0.0,0.0,0.0,False
lpt-10463,4.0,0.0,0.0,0.0,False
lpt-12583,2.0,1.0,0.0,0.0,False
lpt-10898,1.0,0.0,0.0,0.0,False
WS-10974,3.0,0.0,1.0,3.0,False
WS-11911,5.0,1.0,0.0,1.0,True
WS_11358,1.0,0.0,0.0,0.0,False
LPT-10290,4.0,0.0,3.0,5.0,False
LPT-11649,3.0,0.0,0.0,5.0,False
WS-12246,10.0,1.0,1.0,2.0,True
LPT-10810,9.0,1.0,1.0,0.0,True
VDR-11314,10.0,3.0,0.0,1.0,False
VDR-12958.corp.local,2.0,1.0,0.0,0.0,False
vdr-11746,2.0,0.0,1.0,0.0,False
LPT_11640,1.0,0.0,0.0,0.0,False
lpt-12470,2.0,1.0,0.0,0.0,False
vdr-12579,2.0,0.0,0.0,0.0,False
LPT_10439,1.0,0.0,0.0,0.0,False
WS-11620,6.0,2.0,2.0,0.0,True
vdr-12251,1.0,0.0,1.0,0.0,False
WS_11538,3.0,0.0,1.0,0.0,False
VDR-10466,8.0,2.0,0.0,1.0,True
VDR-11933,7.0,0.0,0.0,1.0,True
ws-11352,2.0,1.0,0.0,0.0,False
lpt-10286,3.0,0.0,0.0,0.0,False
LPT-10717,9.0,1.0,1.0,2.0,True
ws-10417,1.0,0.0,0.0,0.0,False
lpt-10081,1.0,0.0,0.0,0.0,False
WS_10048,1.0,0.0,0.0,0.0,False
LPT-12061,6.0,0.0,1.0,3.0,True
WS-11972,4.0,1.0,0.0,6.0,True
VDR-12638,9.0,4.0,0.0,2.0,True
LPT-11941.corp.local,1.0,0.0,0.0,0.0,False
VDR-10007,7.0,1.0,3.0,3.0,True
vdr-11628,1.0,0.0,0.0,0.0,False
VDR-10942,4.0,0.0,0.0,0.0,True
LPT-12402.corp.local,2.0,0.0,0.0,0.0,False
ws-11295,3.0,0.0,1.0,0.0,False
WS-11360,5.0,1.0,1.0,2.0,True
ws-10953,4.0,1.0,2.0,0.0,False
WS-11761,9.0,2.0,0.0,4.0,False
VDR-10715.,0.0,0.0,0.0,0.0,True
WS_10697,1.0,0.0,0.0,0.0,False
lpt-12852,1.0,0.0,0.0,0.0,False
LPT_12704,2.0,0.0,0.0,0.0,False
VDR-10086,6.0,1.0,0.0,4.0,True
LPT-10580,6.0,1.0,0.0,3.0,True
LPT-10738.corp.local,1.0,1.0,0.0,0.0,False
WS-11836,3.0,0.0,0.0,2.0,True
WS-10256,9.0,2.0,1.0,3.0,True
WS-12267,6.0,2.0,0.0,5.0,True
lpt-12296,2.0,1.0,0.0,0.0,False
WS_10500,1.0,0.0,0.0,0.0,False
vdr-10255,2.0,0.0,0.0,0.0,False
VDR_12458,1.0,0.0,0.0,0.0,False
VDR-11179,7.0,1.0,0.0,3.0,True
lpt-12297,1.0,0.0,0.0,0.0,False
WS-12356,11.0,3.0,1.0,5.0,True
WS_12115,1.0,1.0,0.0,0.0,False
lpt-12584,2.0,2.0,1.0,0.0,False
WS_10415,1.0,0.0,0.0,0.0,False
WS-11595.corp.local,1.0,0.0,0.0,0.0,False
LPT-10541.corp.local,1.0,1.0,0.0,0.0,False
LPT-11425,3.0,0.0,0.0,1.0,True
lpt-10103,1.0,0.0,0.0,0.0,False
WS-10970,4.0,1.0,1.0,3.0,True
ws-10946,2.0,0.0,0.0,0.0,False
LPT-10197,8.0,0.0,0.0,3.0,True
WS-12390.corp.local,1.0,0.0,0.0,0.0,False
LPT_10863,2.0,0.0,0.0,0.0,False
LPT-10047,7.0,0.0,0.0,2.0,True
LPT-10755,9.0,2.0,1.0,2.0,True
VDR-10503,9.0,2.0,2.0,2.0,True
VDR-10086.corp.local,3.0,2.0,0.0,0.0,False
VDR-11343,10.0,1.0,1.0,0.0,True
VDR-10208,2.0,0.0,0.0,3.0,True
LPT-11728.corp.local,1.0,0.0,0.0,0.0,False
VDR-10949,4.0,0.0,0.0,4.0,True
LPT-11004,5.0,1.0,0.0,3.0,True
ws-11854,1.0,0.0,0.0,0.0,False
VDR-11681,5.0,1.0,0.0,6.0,True
WS-10048.corp.local,1.0,0.0,0.0,0.0,False
VDR-12932.corp.local,1.0,0.0,0.0,0.0,False
ws-10774,1.0,1.0,0.0,0.0,False
VDR-12857,10.0,2.0,0.0,3.0,True
VDR-10608,0.0,0.0,0.0,2.0,False
VDR_11874,1.0,0.0,0.0,0.0,False
WS-12266.corp.local,1.0,0.0,0.0,0.0,False
WS_12512,2.0,1.0,0.0,0.0,False
VDR-11912.corp.local,2.0,1.0,0.0,0.0,False
LPT-12639,13.0,1.0,3.0,3.0,False
VDR-11493,11.0,0.0,1.0,4.0,False
LPT-10920.,0.0,0.0,0.0,0.0,True
VDR-10906.,0.0,0.0,0.0,0.0,True
WS-11391.corp.local,1.0,0.0,0.0,0.0,False
VDR-10166.corp.local,1.0,0.0,0.0,0.0,False
VDR-11439.corp.local,4.0,0.0,1.0,0.0,False
ws-11463,1.0,0.0,1.0,0.0,False
VDR-11527,8.0,0.0,0.0,1.0,True
lpt-11162,1.0,0.0,0.0,0.0,False
WS-11739,9.0,3.0,1.0,5.0,True
lpt-12691,2.0,1.0,0.0,0.0,False
LPT_12813,2.0,0.0,0.0,0.0,False
lpt-11219,1.0,0.0,1.0,0.0,False
WS-10191,9.0,2.0,0.0,1.0,True
LPT_11202,2.0,0.0,1.0,0.0,False
LPT_10985,1.0,0.0,0.0,0.0,False
vdr-12040,1.0,0.0,0.0,0.0,False
LPT-10106,2.0,1.0,0.0,5.0,True
ws-12194,3.0,0.0,0.0,0.0,False
VDR-11591.corp.local,2.0,0.0,0.0,0.0,False
ws-10610,1.0,0.0,0.0,0.0,False
ws-11743,1.0,0.0,0.0,0.0,False
WS_10145,1.0,1.0,0.0,0.0,False
ws-11563,1.0,1.0,0.0,0.0,False
LPT-12961,7.0,1.0,0.0,3.0,True
WS_11968,1.0,0.0,0.0,0.0,False
LPT-11870.,0.0,0.0,0.0,0.0,True
LPT-12086.corp.local,3.0,3.0,0.0,0.0,False
lpt-11029,3.0,0.0,0.0,0.0,False
WS_12523,2.0,1.0,0.0,0.0,False
WS-12774,8.0,1.0,1.0,8.0,False
VDR-10444.corp.local,1.0,0.0,0.0,0.0,False
LPT_11115,1.0,0.0,0.0,0.0,False
LPT-10294,5.0,2.0,1.0,0.0,True
LPT-12900,7.0,2.0,0.0,2.0,True
vdr-12184,2.0,0.0,1.0,0.0,False
ws-12036,1.0,0.0,0.0,0.0,False
ws-10984,2.0,0.0,0.0,0.0,False
ws-10737,1.0,0.0,0.0,0.0,False
vdr-11653,1.0,0.0,0.0,0.0,False
vdr-12336,3.0,2.0,0.0,0.0,False
WS-11565,12.0,0.0,0.0,1.0,True
WS-11381.corp.local,1.0,0.0,0.0,0.0,False
WS-11374,6.0,3.0,0.0,7.0,False
LPT_11398,1.0,0.0,0.0,0.0,False
VDR-11047.,0.0,0.0,0.0,0.0,True
WS-12161,7.0,2.0,1.0,2.0,True
VDR-10693.corp.local,2.0,1.0,0.0,0.0,False
WS_11737,1.0,0.0,1.0,0.0,False
WS-12723,5.0,2.0,2.0,2.0,True
vdr-11976,1.0,0.0,0.0,0.0,False
LPT-12730,6.0,2.0,0.0,1.0,True
WS-12818,10.0,2.0,1.0,2.0,True
VDR-12558.corp.local,2.0,0.0,0.0,0.0,False
WS_10844,1.0,1.0,0.0,0.0,False
VDR-10666,7.0,3.0,0.0,3.0,True
LPT-11833,7.0,1.0,0.0,2.0,True
WS-11782,4.0,0.0,0.0,1.0,True
vdr-12052,3.0,1.0,0.0,0.0,False
VDR_12875,1.0,0.0,0.0,0.0,False
WS-11997,8.0,0.0,0.0,3.0,True
LPT-12954,10.0,2.0,1.0,1.0,True
VDR-10740,6.0,1.0,0.0,4.0,True
VDR_11145,1.0,1.0,1.0,0.0,False
LPT-11674,13.0,2.0,1.0,3.0,True
VDR-12157,10.0,1.0,1.0,3.0,True
LPT-11983.corp.local,1.0,0.0,0.0,0.0,False
lpt-11837,1.0,0.0,0.0,0.0,False
VDR-12090.corp.local,3.0,1.0,0.0,0.0,False
WS-12950,7.0,2.0,1.0,6.0,True
VDR-12663,7.0,1.0,0.0,6.0,False
vdr-11091,1.0,0.0,0.0,0.0,False
WS_10121,1.0,0.0,0.0,0.0,False
LPT-12381,9.0,0.0,2.0,1.0,False
lpt-10041,2.0,0.0,0.0,0.0,False
LPT-10356.corp.local,1.0,0.0,0.0,0.0,False
LPT_11705,2.0,1.0,0.0,0.0,False
vdr-11811,2.0,1.0,0.0,0.0,False
lpt-12993,1.0,0.0,0.0,0.0,False
WS-11986,14.0,0.0,1.0,1.0,True
lpt-11884,3.0,0.0,0.0,0.0,False
ws-10189,1.0,0.0,1.0,0.0,False
VDR-11272.corp.local,1.0,0.0,0.0,0.0,False
vdr-12820,2.0,0.0,0.0,0.0,False
LPT-11960,9.0,2.0,0.0,2.0,False
lpt-11181,3.0,2.0,0.0,0.0,False
vdr-11861,1.0,0.0,0.0,0.0,False
lpt-12078,1.0,0.0,0.0,0.0,False
VDR-10380.corp.local,4.0,0.0,0.0,0.0,False
LPT_10410,2.0,0.0,0.0,0.0,False
ws-12345,1.0,1.0,0.0,0.0,False
VDR-10529.,0.0,0.0,0.0,0.0,True
vdr-10138,1.0,0.0,1.0,0.0,False
LPT-11834.corp.local,1.0,0.0,0.0,0.0,False
WS-11245.,0.0,0.0,0.0,0.0,True
VDR_10019,1.0,0.0,1.0,0.0,False
vdr-12832,1.0,0.0,0.0,0.0,False
WS-11523,8.0,2.0,1.0,3.0,True
WS_11384,1.0,0.0,0.0,0.0,False
LPT_12659,1.0,1.0,0.0,0.0,False
vdr-12856,1.0,0.0,1.0,0.0,False
VDR_11499,2.0,1.0,0.0,0.0,False
VDR_11038,1.0,0.0,0.0,0.0,False
vdr-12021,1.0,0.0,0.0,0.0,False
VDR-10577,4.0,3.0,0.0,5.0,True
LPT-10779,5.0,2.0,0.0,3.0,True
LPT-12229,12.0,3.0,0.0,3.0,True
LPT-10851.corp.local,1.0,0.0,0.0,0.0,False
LPT-11984,5.0,1.0,0.0,1.0,True
WS-10534,7.0,4.0,1.0,4.0,True
ws-11006,1.0,0.0,0.0,0.0,False
LPT-11180,6.0,3.0,0.0,0.0,True
WS-10591,6.0,2.0,1.0,1.0,True
LPT-12114,8.0,2.0,1.0,2.0,True
ws-10453,1.0,0.0,0.0,0.0,False
WS-10696.corp.local,2.0,0.0,0.0,0.0,False
WS_12406,1.0,0.0,0.0,0.0,False
WS_12344,2.0,0.0,0.0,0.0,False
LPT-11790,7.0,1.0,1.0,2.0,False
WS-10128.corp.local,2.0,2.0,0.0,0.0,False
WS-10369,6.0,0.0,2.0,1.0,True
LPT-10452,5.0,0.0,0.0,1.0,True
VDR-10495,6.0,1.0,0.0,5.0,True
vdr-12313,3.0,1.0,0.0,0.0,False
LPT-12347,3.0,0.0,1.0,1.0,False
VDR-10835.,0.0,0.0,0.0,0.0,True
ws-11443,1.0,0.0,0.0,0.0,False
VDR-12705,7.0,3.0,0.0,0.0,True
lpt-10560,2.0,1.0,1.0,0.0,False
LPT-12607,3.0,1.0,0.0,3.0,False
VDR_12254,1.0,0.0,0.0,0.0,False
WS_10884,1.0,0.0,0.0,0.0,False
WS-10695.corp.local,3.0,1.0,0.0,0.0,False
vdr-10608,2.0,2.0,0.0,0.0,False
WS-10832.corp.local,2.0,1.0,0.0,0.0,False
lpt-10609,2.0,0.0,0.0,0.0,False
VDR-11426,5.0,1.0,0.0,1.0,True
LPT-11512,3.0,2.0,0.0,2.0,True
LPT_11028,2.0,1.0,0.0,0.0,False
lpt-12183,1.0,0.0,0.0,0.0,False
WS-12067,9.0,2.0,1.0,6.0,True
VDR-10482,10.0,1.0,1.0,4.0,True
vdr-10247,2.0,0.0,0.0,0.0,False
LPT-12027,8.0,1.0,1.0,1.0,False
LPT_10898,2.0,0.0,0.0,0.0,False
ws-10433,1.0,1.0,0.0,0.0,False
ws-12485,1.0,0.0,0.0,0.0,False
LPT-11285.corp.local,1.0,0.0,0.0,0.0,False
LPT-11116,14.0,3.0,1.0,5.0,True
vdr-12978,2.0,0.0,0.0,0.0,False
VDR-12803,8.0,2.0,0.0,3.0,True
VDR-12976.,0.0,0.0,0.0,0.0,True
LPT_10381,2.0,1.0,0.0,0.0,False
WS-10695,3.0,0.0,0.0,3.0,True
ws-11461,2.0,0.0,0.0,0.0,False
WS-11211.corp.local,2.0,0.0,0.0,0.0,False
WS-12667,12.0,2.0,0.0,2.0,True
VDR-11316,9.0,2.0,0.0,4.0,True
WS-10301.,0.0,0.0,0.0,0.0,True
LPT-12587,2.0,0.0,0.0,2.0,False
VDR_11201,1.0,0.0,0.0,0.0,False
VDR-12063,6.0,1.0,0.0,0.0,True
LPT-11472,9.0,1.0,0.0,2.0,True
ws-10982,3.0,0.0,0.0,0.0,False
LPT-11183,6.0,2.0,2.0,0.0,False
LPT-10811,13.0,3.0,3.0,4.0,True
WS-10531,3.0,1.0,0.0,3.0,True
LPT-10563,5.0,0.0,0.0,2.0,True
WS_10737,1.0,1.0,0.0,0.0,False
lpt-11085,1.0,0.0,1.0,0.0,False
VDR-12190,6.0,1.0,0.0,0.0,True
LPT-11656,5.0,1.0,1.0,2.0,True
VDR-12148,9.0,4.0,0.0,3.0,True
LPT-10065,13.0,5.0,1.0,4.0,True
vdr-10019,2.0,0.0,0.0,0.0,False
lpt-11138,5.0,2.0,1.0,0.0,False
VDR-10396.corp.local,1.0,0.0,1.0,0.0,False
VDR-11008.corp.local,2.0,0.0,0.0,0.0,False
WS-10725,8.0,3.0,0.0,1.0,True
VDR_11327,1.0,0.0,0.0,0.0,False
VDR_12776,1.0,1.0,0.0,0.0,False
LPT-12697,9.0,1.0,3.0,2.0,True
LPT-10525,4.0,0.0,1.0,1.0,True
VDR-10147,10.0,2.0,1.0,1.0,False
vdr-12384,2.0,0.0,0.0,0.0,False
VDR-11846,7.0,3.0,1.0,4.0,True
VDR-10528,10.0,1.0,0.0,5.0,False
LPT-11181.corp.local,2.0,0.0,1.0,0.0,False
WS-10313.corp.local,3.0,0.0,0.0,0.0,False
LPT-10671.corp.local,1.0,0.0,0.0,0.0,False
WS_12368,1.0,1.0,0.0,0.0,False
vdr-10012,2.0,0.0,0.0,0.0,False
vdr-12543,1.0,0.0,1.0,0.0,False
VDR_12979,1.0,0.0,0.0,0.0,False
VDR-11610.,0.0,0.0,0.0,0.0,True
WS-10288,11.0,2.0,2.0,3.0,True
VDR-10795.corp.local,2.0,0.0,0.0,0.0,False
VDR-10299.corp.local,1.0,1.0,0.0,0.0,False
lpt-11950,4.0,0.0,0.0,0.0,False
LPT_11184,1.0,0.0,0.0,0.0,False
WS-11309.corp.local,2.0,0.0,0.0,0.0,False
WS-12728.corp.local,2.0,1.0,0.0,0.0,False
LPT-12383,6.0,1.0,1.0,2.0,True
VDR-10585,6.0,1.0,1.0,4.0,True
WS-10938.corp.local,1.0,0.0,0.0,0.0,False
WS-11839.corp.local,1.0,0.0,1.0,0.0,False
VDR-10342,9.0,2.0,1.0,2.0,True
LPT-12635,9.0,3.0,1.0,5.0,True
VDR-10031,12.0,1.0,1.0,4.0,True
VDR-10799.corp.local,1.0,0.0,0.0,0.0,False
lpt-11131,2.0,0.0,0.0,0.0,False
lpt-12507,3.0,1.0,1.0,0.0,False
ws-10178,2.0,0.0,1.0,0.0,False
WS-11975,3.0,0.0,0.0,2.0,True
VDR_11388,1.0,0.0,0.0,0.0,False
WS-10979,8.0,2.0,1.0,1.0,True
LPT-11736,5.0,1.0,2.0,3.0,True
VDR-12757.corp.local,1.0,0.0,0.0,0.0,False
WS-10241,0.0,0.0,0.0,1.0,True
WS_12913,1.0,1.0,1.0,0.0,False
ws-11994,1.0,1.0,0.0,0.0,False
lpt-12990,1.0,0.0,1.0,0.0,False
WS-10868,4.0,1.0,0.0,4.0,False
LPT_11745,1.0,0.0,0.0,0.0,False
LPT-11484.corp.local,2.0,0.0,0.0,0.0,False
vdr-11969,3.0,1.0,0.0,0.0,False
WS-12661,5.0,0.0,0.0,0.0,True
LPT-10106.corp.local,1.0,0.0,0.0,0.0,False
ws-10201,2.0,1.0,0.0,0.0,False
LPT-12951,7.0,0.0,0.0,2.0,True
WS-10412,6.0,1.0,0.0,1.0,True
VDR-12956.,0.0,0.0,0.0,0.0,True
LPT-11981,6.0,3.0,0.0,1.0,True
VDR-10038.corp.local,1.0,0.0,0.0,0.0,False
WS-10137,5.0,0.0,0.0,4.0,True
WS-11172,9.0,3.0,0.0,5.0,True
VDR_12480,1.0,1.0,0.0,0.0,False
VDR-10519.corp.local,1.0,0.0,0.0,0.0,False
WS_12401,1.0,0.0,0.0,0.0,False
WS-10806,7.0,1.0,0.0,5.0,True
LPT-10112,5.0,1.0,0.0,6.0,True
LPT-12741,5.0,2.0,0.0,1.0,True
LPT_10250,2.0,0.0,0.0,0.0,False
WS_12671,1.0,0.0,0.0,0.0,False
VDR_10688,1.0,0.0,0.0,0.0,False
LPT-11270,8.0,3.0,1.0,1.0,True
VDR-11771.corp.local,4.0,1.0,0.0,0.0,False
LPT_11489,1.0,0.0,0.0,0.0,False
ws-10043,2.0,0.0,1.0,0.0,False
VDR-10299,2.0,0.0,0.0,2.0,True
LPT-11452.corp.local,1.0,0.0,1.0,0.0,False
LPT-11432,4.0,1.0,1.0,4.0,True
LPT-12612,11.0,1.0,2.0,1.0,True
VDR-12384.corp.local,1.0,0.0,0.0,0.0,False
VDR_12332,1.0,1.0,0.0,0.0,False
vdr-10203,2.0,0.0,0.0,0.0,False
LPT-12641,11.0,1.0,2.0,2.0,True
VDR-11892,5.0,2.0,0.0,2.0,True
LPT-11726.corp.local,1.0,1.0,0.0,0.0,False
vdr-12490,3.0,0.0,0.0,0.0,False
vdr-12567,3.0,1.0,0.0,0.0,False
vdr-12857,1.0,0.0,1.0,0.0,False
WS_11141,2.0,0.0,0.0,0.0,False
LPT_10821,1.0,1.0,0.0,0.0,False
WS_12246,1.0,0.0,0.0,0.0,False
VDR-11729.corp.local,1.0,0.0,0.0,0.0,False
WS_11924,1.0,1.0,0.0,0.0,False
VDR-10362,6.0,1.0,0.0,1.0,True
vdr-10267,2.0,2.0,0.0,0.0,False
LPT-10229.corp.local,2.0,0.0,0.0,0.0,False
WS_12128,1.0,0.0,0.0,0.0,False
ws-11075,2.0,0.0,0.0,0.0,False
VDR-10922,5.0,0.0,1.0,1.0,True
ws-11450,2.0,1.0,0.0,0.0,False
LPT-11637.corp.local,1.0,1.0,0.0,0.0,False
VDR-10267,7.0,2.0,1.0,4.0,True
ws-11289,1.0,0.0,0.0,0.0,False
LPT_10650,1.0,0.0,0.0,0.0,False
WS_11211,1.0,0.0,0.0,0.0,False
LPT-11452.,0.0,0.0,0.0,0.0,True
WS-10786,7.0,1.0,0.0,2.0,True
LPT-11816,6.0,3.0,1.0,2.0,True
VDR-11090,7.0,2.0,2.0,3.0,True
LPT-12046,3.0,1.0,0.0,5.0,True
LPT-10963,7.0,2.0,0.0,2.0,False
VDR-11578.corp.local,2.0,0.0,0.0,0.0,False
lpt-12843,2.0,1.0,1.0,0.0,False
LPT-10101.corp.local,1.0,0.0,0.0,0.0,False
vdr-10240,3.0,0.0,0.0,0.0,False
WS_10970,1.0,0.0,1.0,0.0,False
WS-12442,7.0,1.0,0.0,2.0,True
lpt-10593,1.0,1.0,0.0,0.0,False
VDR-12058,13.0,3.0,0.0,2.0,True
LPT_10705,1.0,0.0,0.0,0.0,False
WS_11633,1.0,0.0,0.0,0.0,False
VDR-11969,4.0,1.0,1.0,0.0,True
VDR_10501,1.0,0.0,0.0,0.0,False
LPT-10198.corp.local,1.0,0.0,0.0,0.0,False
LPT-11428,8.0,1.0,1.0,2.0,True
WS-11657,6.0,4.0,1.0,2.0,True
LPT-12783,13.0,1.0,1.0,3.0,False
lpt-10364,1.0,0.0,0.0,0.0,False
LPT-10345,7.0,2.0,0.0,2.0,True
VDR-10833,9.0,5.0,0.0,2.0,False
vdr-11082,1.0,0.0,0.0,0.0,False
LPT-10410,4.0,1.0,0.0,4.0,True
WS-12028.corp.local,2.0,1.0,1.0,0.0,False
WS-12576,7.0,2.0,1.0,0.0,True
VDR-11676,7.0,0.0,0.0,1.0,False
LPT-10424.corp.local,2.0,1.0,0.0,0.0,False
lpt-10434,1.0,1.0,1.0,0.0,False
LPT-11781,3.0,0.0,0.0,3.0,True
WS-11863,5.0,0.0,0.0,3.0,True
VDR_12856,1.0,0.0,0.0,0.0,False
LPT-10912,0.0,0.0,0.0,7.0,True
vdr-10907,2.0,1.0,0.0,0.0,False
WS-12850,6.0,2.0,0.0,3.0,True
WS-11847.corp.local,1.0,0.0,0.0,0.0,False
WS_10287,1.0,0.0,0.0,0.0,False
LPT-10464,12.0,4.0,1.0,2.0,True
WS-11367,3.0,2.0,0.0,4.0,True
WS-10817.corp.local,1.0,0.0,0.0,0.0,False
VDR-11081,8.0,1.0,0.0,1.0,True
WS-10102.corp.local,1.0,0.0,0.0,0.0,False
WS-11850,5.0,0.0,1.0,4.0,True
LPT_10522,1.0,0.0,0.0,0.0,False
vdr-10805,2.0,0.0,0.0,0.0,False
VDR_10533,1.0,0.0,0.0,0.0,False
lpt-11685,1.0,0.0,1.0,0.0,False
LPT_10745,1.0,1.0,0.0,0.0,False
ws-10681,2.0,0.0,0.0,0.0,False
VDR-11747.corp.local,2.0,0.0,0.0,0.0,False
LPT-11627.corp.local,1.0,0.0,0.0,0.0,False
VDR_12153,1.0,0.0,0.0,0.0,False
WS_12736,2.0,0.0,0.0,0.0,False
lpt-12644,2.0,1.0,0.0,0.0,False
WS-12188.corp.local,2.0,0.0,0.0,0.0,False
WS-12868,6.0,1.0,2.0,2.0,True
LPT-10921,3.0,0.0,0.0,2.0,True
LPT-12260,7.0,2.0,0.0,2.0,True
VDR-11266,7.0,3.0,0.0,3.0,True
LPT-10384,6.0,0.0,0.0,2.0,True
VDR_10489,3.0,0.0,0.0,0.0,False
LPT-12440,13.0,3.0,3.0,5.0,True
WS-10933.corp.local,2.0,0.0,0.0,0.0,False
LPT_12877,1.0,0.0,0.0,0.0,False
ws-12189,3.0,0.0,0.0,0.0,False
LPT-11857,4.0,0.0,1.0,6.0,True
LPT-12582,6.0,2.0,0.0,2.0,True
LPT-12296.corp.local,1.0,0.0,1.0,0.0,False
LPT-10980,10.0,2.0,0.0,2.0,True
LPT-10065.corp.local,1.0,0.0,0.0,0.0,False
WS-10113.corp.local,2.0,0.0,0.0,0.0,False
VDR-11927,10.0,2.0,0.0,1.0,True
LPT-12946,4.0,1.0,0.0,2.0,True
LPT-12045,11.0,1.0,2.0,1.0,True
LPT-12250.,0.0,0.0,0.0,0.0,True
WS_10675,2.0,1.0,0.0,0.0,False
lpt-10752,2.0,0.0,0.0,0.0,False
VDR_11217,3.0,0.0,0.0,0.0,False
WS_12818,1.0,0.0,0.0,0.0,False
VDR_11074,1.0,0.0,0.0,0.0,False
LPT_11149,1.0,0.0,0.0,0.0,False
VDR_10299,2.0,0.0,0.0,0.0,False
LPT-11691.,0.0,0.0,0.0,0.0,True
LPT-11512.corp.local,2.0,0.0,0.0,0.0,False
ws-12081,2.0,2.0,0.0,0.0,False
VDR_11532,2.0,2.0,0.0,0.0,False
VDR-10793.corp.local,1.0,1.0,0.0,0.0,False
LPT-12565,7.0,2.0,0.0,3.0,False
VDR-12034.corp.local,2.0,1.0,0.0,0.0,False
LPT-10250,4.0,0.0,0.0,5.0,True
VDR-12216,10.0,2.0,0.0,2.0,True
VDR-10346.corp.local,1.0,0.0,0.0,0.0,False
VDR-11206,3.0,1.0,0.0,2.0,False
LPT-12540,10.0,0.0,2.0,1.0,True
WS-11172.corp.local,1.0,0.0,0.0,0.0,False
ws-11080,3.0,1.0,0.0,0.0,False
VDR-12153,8.0,3.0,1.0,3.0,True
WS-11317.corp.local,1.0,0.0,0.0,0.0,False
vdr-12527,4.0,0.0,0.0,0.0,False
vdr-12338,2.0,2.0,0.0,0.0,False
lpt-12643,2.0,1.0,0.0,0.0,False
VDR-10206.corp.local,1.0,0.0,0.0,0.0,False
LPT-10092.corp.local,2.0,0.0,0.0,0.0,False
VDR-12091,6.0,2.0,0.0,2.0,False
LPT-10221,6.0,2.0,1.0,2.0,True
vdr-11411,2.0,0.0,0.0,0.0,False
LPT-11607,5.0,1.0,0.0,1.0,True
LPT-10271,8.0,2.0,0.0,4.0,True
VDR_10877,1.0,0.0,0.0,0.0,False
lpt-11616,2.0,0.0,1.0,0.0,False
VDR-11610.corp.local,1.0,0.0,0.0,0.0,False
WS-11601,6.0,0.0,1.0,3.0,True
vdr-11394,2.0,0.0,0.0,0.0,False
vdr-11727,1.0,1.0,0.0,0.0,False
lpt-12110,1.0,1.0,0.0,0.0,False
WS_12495,1.0,0.0,0.0,0.0,False
WS-10385.corp.local,1.0,0.0,0.0,0.0,False
WS_11948,1.0,0.0,0.0,0.0,False
ws-10572,1.0,0.0,0.0,0.0,False
WS-10572,5.0,2.0,0.0,2.0,True
WS-10417,12.0,3.0,2.0,1.0,False
LPT-10951,11.0,4.0,0.0,0.0,True
LPT-11626,12.0,3.0,0.0,2.0,False
VDR-11622,4.0,3.0,0.0,2.0,True
VDR-10700,8.0,1.0,2.0,3.0,True
VDR-10535,5.0,2.0,0.0,1.0,True
ws-11475,2.0,0.0,0.0,0.0,False
LPT-10670,3.0,1.0,1.0,3.0,True
VDR-12665.corp.local,2.0,1.0,0.0,0.0,False
VDR-12338,8.0,1.0,0.0,4.0,True
ws-11737,1.0,0.0,0.0,0.0,False
LPT_12998,1.0,0.0,0.0,0.0,False
LPT-10551,8.0,0.0,1.0,3.0,True
WS_11565,1.0,0.0,0.0,0.0,False
LPT-10097,5.0,1.0,2.0,4.0,True
WS-10379,4.0,2.0,0.0,1.0,True
LPT-10912.corp.local,1.0,0.0,0.0,0.0,False
VDR-12040.corp.local,2.0,1.0,0.0,0.0,False
WS-11923.,0.0,0.0,0.0,0.0,True
ws-12666,1.0,0.0,0.0,0.0,False
ws-11564,2.0,0.0,0.0,0.0,False
WS-11454.corp.local,1.0,0.0,0.0,0.0,False
ws-11366,3.0,0.0,0.0,0.0,False
VDR-12784.corp.local,3.0,2.0,0.0,0.0,False
VDR-12160,6.0,2.0,0.0,3.0,True
lpt-10939,2.0,0.0,0.0,0.0,False
LPT-10936,6.0,2.0,0.0,1.0,True
LPT_11116,1.0,0.0,0.0,0.0,False
LPT_12807,1.0,0.0,0.0,0.0,False
VDR_11099,1.0,0.0,0.0,0.0,False
lpt-10424,2.0,1.0,0.0,0.0,False
vdr-12526,1.0,0.0,0.0,0.0,False
LPT_11373,1.0,0.0,0.0,0.0,False
VDR-10732,4.0,2.0,0.0,4.0,True
LPT-12507.corp.local,1.0,0.0,0.0,0.0,False
LPT-11577.corp.local,1.0,0.0,0.0,0.0,False
VDR-12663.,0.0,0.0,0.0,0.0,True
ws-11601,1.0,0.0,0.0,0.0,False
WS-11563.corp.local,1.0,0.0,0.0,0.0,False
vdr-12464,2.0,2.0,0.0,0.0,False
WS-10579.,0.0,0.0,0.0,0.0,True
ws-12445,3.0,1.0,0.0,0.0,False
WS_11939,1.0,0.0,0.0,0.0,False
WS-11564,6.0,1.0,1.0,4.0,False
WS-10819.corp.local,1.0,0.0,0.0,0.0,False
WS-11336,6.0,2.0,1.0,6.0,True
VDR_10527,1.0,0.0,0.0,0.0,False
LPT-12648.corp.local,1.0,1.0,0.0,0.0,False
VDR_10293,1.0,0.0,0.0,0.0,False
WS-10370,8.0,2.0,0.0,2.0,True
VDR-12893.corp.local,1.0,0.0,0.0,0.0,False
LPT-10011,8.0,3.0,0.0,4.0,True
LPT-10731,7.0,1.0,1.0,1.0,True
VDR-10736,8.0,1.0,2.0,3.0,True
VDR_10231,1.0,0.0,0.0,0.0,False
VDR-10143,7.0,3.0,1.0,2.0,True
LPT-11254,10.0,1.0,0.0,2.0,True
vdr-12423,2.0,1.0,1.0,0.0,False
VDR-10523,7.0,1.0,1.0,1.0,True
WS_10730,1.0,1.0,1.0,0.0,False
WS-11406,5.0,2.0,1.0,2.0,True
WS-10507,13.0,3.0,0.0,1.0,True
LPT_10463,1.0,0.0,0.0,0.0,False
LPT-10691,9.0,1.0,1.0,2.0,True
LPT-10771,6.0,3.0,0.0,2.0,False
WS_12606,1.0,0.0,0.0,0.0,False
WS-10476,6.0,4.0,0.0,0.0,True
VDR-10756,12.0,4.0,0.0,5.0,True
LPT-12708,6.0,0.0,0.0,0.0,False
WS-11567,6.0,0.0,0.0,1.0,True
WS-10430.corp.local,2.0,0.0,0.0,0.0,False
VDR-10354,3.0,0.0,0.0,1.0,True
lpt-12645,2.0,0.0,1.0,0.0,False
WS-10683,5.0,3.0,0.0,3.0,False
lpt-11663,1.0,1.0,0.0,0.0,False
VDR-12095,5.0,1.0,1.0,7.0,True
LPT-12763,11.0,0.0,0.0,2.0,True
VDR-10443,6.0,2.0,0.0,3.0,True
lpt-11526,2.0,1.0,0.0,0.0,False
LPT-12662,8.0,1.0,0.0,2.0,True
lpt-11501,1.0,0.0,0.0,0.0,False
lpt-11561,1.0,0.0,0.0,0.0,False
WS-10073,6.0,1.0,2.0,2.0,True
LPT_10372,1.0,0.0,0.0,0.0,False
vdr-12357,3.0,1.0,0.0,0.0,False
LPT-12649,9.0,3.0,0.0,2.0,True
lpt-10927,1.0,0.0,1.0,0.0,False
LPT_12899,1.0,0.0,0.0,0.0,False
VDR_12650,1.0,0.0,0.0,0.0,False
VDR-11625.corp.local,1.0,0.0,0.0,0.0,False
LPT_11476,2.0,1.0,0.0,0.0,False
WS-12915.corp.local,2.0,1.0,0.0,0.0,False
WS-10059,6.0,2.0,0.0,2.0,True
LPT_10194,1.0,0.0,0.0,0.0,False
LPT-12228,8.0,2.0,1.0,2.0,True
VDR_10631,2.0,0.0,0.0,0.0,False
LPT-10657,4.0,0.0,1.0,1.0,False
VDR-10716.corp.local,1.0,0.0,0.0,0.0,False
LPT-10950,5.0,2.0,1.0,3.0,True
VDR-11872.corp.local,1.0,1.0,0.0,0.0,False
lpt-10676,1.0,1.0,0.0,0.0,False
VDR-10776,5.0,0.0,0.0,5.0,True
WS-12003,14.0,4.0,3.0,2.0,True
WS-10606.,0.0,0.0,0.0,0.0,True
WS-10991,6.0,1.0,1.0,2.0,True
LPT-12029.corp.local,1.0,1.0,0.0,0.0,False
WS_12713,1.0,1.0,0.0,0.0,False
WS-10873,8.0,2.0,2.0,3.0,True
vdr-11236,1.0,0.0,0.0,0.0,False
lpt-10511,1.0,0.0,0.0,0.0,False
VDR_12430,1.0,0.0,0.0,0.0,False
VDR-12324.,0.0,0.0,0.0,0.0,True
VDR-12025.corp.local,2.0,0.0,1.0,0.0,False
LPT_11704,1.0,0.0,1.0,0.0,False
VDR-11240,8.0,0.0,1.0,2.0,True
LPT_10921,1.0,1.0,0.0,0.0,False
VDR-11702,4.0,0.0,0.0,1.0,True
WS-12716.corp.local,2.0,1.0,1.0,0.0,False
ws-11374,3.0,0.0,1.0,0.0,False
LPT-10872,8.0,2.0,2.0,3.0,True
WS-11671,7.0,1.0,0.0,3.0,True
WS-10461.corp.local,1.0,1.0,0.0,0.0,False
LPT-11011.corp.local,2.0,0.0,0.0,0.0,False
WS_10574,1.0,0.0,0.0,0.0,False
VDR-11195.corp.local,3.0,1.0,0.0,0.0,False
lpt-11057,2.0,0.0,0.0,0.0,False
VDR_10246,1.0,0.0,0.0,0.0,False
lpt-12167,1.0,0.0,0.0,0.0,False
lpt-12641,1.0,1.0,0.0,0.0,False
VDR_10326,2.0,0.0,0.0,0.0,False
WS-11724,8.0,2.0,2.0,4.0,True
VDR-11255,9.0,4.0,0.0,1.0,False
vdr-11036,2.0,1.0,0.0,0.0,False
WS-12495.corp.local,1.0,0.0,0.0,0.0,False
lpt-12102,1.0,1.0,0.0,0.0,False
VDR-12513.,0.0,0.0,0.0,0.0,True
VDR-12091.corp.local,1.0,1.0,0.0,0.0,False
ws-10540,4.0,1.0,0.0,0.0,False
VDR-11632.,0.0,0.0,0.0,0.0,True
LPT-10447,9.0,2.0,0.0,0.0,True
WS-10959,4.0,0.0,1.0,2.0,True
VDR-10328.corp.local,3.0,2.0,0.0,0.0,False
WS_12862,1.0,0.0,0.0,0.0,False
VDR-12847,8.0,0.0,0.0,3.0,True
VDR_10598,1.0,0.0,0.0,0.0,False
WS-11725,8.0,1.0,0.0,2.0,False
VDR-11389,3.0,0.0,0.0,2.0,True
LPT-10452.corp.local,3.0,0.0,1.0,0.0,False
LPT-11149,5.0,1.0,2.0,1.0,True
LPT_10183,1.0,1.0,0.0,0.0,False
ws-11039,1.0,0.0,0.0,0.0,False
lpt-11788,2.0,1.0,0.0,0.0,False
WS-12172,2.0,0.0,0.0,3.0,True
LPT-12532,9.0,4.0,0.0,1.0,True
VDR-12490.corp.local,1.0,0.0,0.0,0.0,False
lpt-10779,1.0,0.0,0.0,0.0,False
WS-10973,6.0,1.0,0.0,1.0,True
VDR-10051,5.0,1.0,2.0,2.0,True
LPT-12201.,0.0,0.0,0.0,0.0,True
vdr-12281,1.0,0.0,0.0,0.0,False
VDR-11653.corp.local,2.0,1.0,0.0,0.0,False
WS-11194,6.0,0.0,0.0,5.0,True
VDR-12063.corp.local,1.0,0.0,0.0,0.0,False
WS-10665,3.0,0.0,0.0,1.0,True
WS-12392,13.0,5.0,1.0,3.0,True
ws-12642,2.0,1.0,0.0,0.0,False
VDR-10010.corp.local,2.0,2.0,0.0,0.0,False
WS-12194,4.0,1.0,0.0,2.0,True
VDR-11946.corp.local,2.0,1.0,1.0,0.0,False
LPT-11918,5.0,1.0,0.0,2.0,True
LPT-10657.,0.0,0.0,0.0,0.0,True
LPT-11239,8.0,3.0,1.0,3.0,False
VDR-12972,11.0,2.0,2.0,6.0,True
VDR-12152,2.0,0.0,0.0,2.0,False
WS-12666,7.0,0.0,0.0,3.0,True
lpt-12800,1.0,1.0,0.0,0.0,False
VDR-12593,6.0,1.0,0.0,1.0,True
WS-11859,2.0,0.0,0.0,2.0,False
LPT-10834.corp.local,2.0,0.0,0.0,0.0,False
VDR_10519,1.0,0.0,0.0,0.0,False
WS-12798.corp.local,2.0,0.0,0.0,0.0,False
ws-11078,3.0,1.0,1.0,0.0,False
WS_12571,1.0,0.0,0.0,0.0,False
lpt-11015,2.0,1.0,0.0,0.0,False
lpt-11115,2.0,1.0,0.0,0.0,False
WS-12204,7.0,2.0,1.0,1.0,True
VDR-10328,7.0,3.0,0.0,2.0,True
WS-12848,4.0,2.0,1.0,1.0,True
WS-12256,1.0,0.0,0.0,2.0,True
vdr-12453,2.0,0.0,0.0,0.0,False
VDR_11188,1.0,1.0,0.0,0.0,False
lpt-12538,2.0,0.0,0.0,0.0,False
WS-12531,7.0,0.0,0.0,2.0,True
vdr-12893,3.0,1.0,1.0,0.0,False
WS-11390,6.0,1.0,0.0,3.0,True
LPT-11978,6.0,0.0,0.0,2.0,True
vdr-12991,2.0,1.0,0.0,0.0,False
VDR-12684,6.0,2.0,0.0,1.0,True
WS-11535,8.0,0.0,0.0,1.0,True
ws-10507,2.0,0.0,0.0,0.0,False
WS-11261.corp.local,1.0,0.0,0.0,0.0,False
lpt-11234,1.0,0.0,0.0,0.0,False
VDR-10388,9.0,2.0,2.0,1.0,True
lpt-12939,2.0,0.0,0.0,0.0,False
VDR-10343.corp.local,1.0,0.0,0.0,0.0,False
LPT_11506,1.0,0.0,0.0,0.0,False
ws-10697,1.0,0.0,0.0,0.0,False
VDR-11351.corp.local,2.0,0.0,1.0,0.0,False
VDR-11958,11.0,3.0,0.0,2.0,True
WS-11441,6.0,3.0,1.0,2.0,True
WS-12668,2.0,0.0,0.0,2.0,True
WS_12576,1.0,0.0,0.0,0.0,False
LPT_12620,1.0,0.0,0.0,0.0,False
ws-12546,2.0,0.0,1.0,0.0,False
vdr-10555,2.0,1.0,0.0,0.0,False
LPT-12585,7.0,0.0,1.0,3.0,True
vdr-11150,1.0,1.0,0.0,0.0,False
VDR-12905.corp.local,1.0,0.0,0.0,0.0,False
WS-12724,10.0,2.0,1.0,5.0,True
WS-11856.corp.local,1.0,0.0,0.0,0.0,False
LPT-12517,5.0,2.0,0.0,3.0,False
VDR-12332,15.0,1.0,3.0,3.0,False
VDR-12435.corp.local,2.0,1.0,0.0,0.0,False
LPT-12884,8.0,3.0,0.0,1.0,True
lpt-10375,3.0,0.0,0.0,0.0,False
LPT-11528.corp.local,2.0,1.0,0.0,0.0,False
LPT-11800,8.0,3.0,0.0,0.0,True
LPT_10670,1.0,0.0,0.0,0.0,False
VDR-10744.,0.0,0.0,0.0,0.0,True
LPT-12969,3.0,0.0,0.0,2.0,False
WS-11827,3.0,1.0,0.0,2.0,True
WS-12350,14.0,5.0,3.0,2.0,True
LPT_11140,2.0,0.0,1.0,0.0,False
LPT-10734.corp.local,1.0,1.0,0.0,0.0,False
VDR-12465,9.0,1.0,0.0,2.0,True
WS-10239,8.0,0.0,1.0,1.0,True
VDR_10778,1.0,0.0,0.0,0.0,False
ws-10145,2.0,1.0,0.0,0.0,False
lpt-12083,2.0,1.0,0.0,0.0,False
LPT-12107,11.0,2.0,2.0,2.0,False
WS-11898,8.0,3.0,2.0,1.0,True
WS-11119,5.0,0.0,0.0,2.0,True
WS-10800,8.0,2.0,0.0,6.0,True
vdr-11999,3.0,0.0,0.0,0.0,False
lpt-11800,1.0,0.0,1.0,0.0,False
LPT-11742.corp.local,1.0,1.0,0.0,0.0,False
lpt-10547,3.0,1.0,0.0,0.0,False
LPT-11770,5.0,1.0,0.0,1.0,False
vdr-12282,3.0,0.0,0.0,0.0,False
LPT_12767,1.0,0.0,0.0,0.0,False
LPT-11903,7.0,2.0,2.0,1.0,True
LPT-11534,8.0,1.0,1.0,2.0,True
lpt-10850,1.0,0.0,0.0,0.0,False
LPT-11027,9.0,3.0,0.0,2.0,True
LPT-11658.corp.local,1.0,0.0,0.0,0.0,False
VDR-11328,4.0,3.0,0.0,4.0,True
LPT-10651.,0.0,0.0,0.0,0.0,True
lpt-12962,1.0,0.0,0.0,0.0,False
VDR-12820,4.0,0.0,0.0,3.0,True
WS-10652,5.0,0.0,0.0,2.0,True
WS_11468,1.0,0.0,0.0,0.0,False
VDR-11210.corp.local,1.0,0.0,0.0,0.0,False
WS-10784,6.0,0.0,1.0,5.0,True
LPT-12641.corp.local,2.0,0.0,0.0,0.0,False
VDR-11625,2.0,0.0,0.0,0.0,True
VDR-10772.corp.local,2.0,2.0,0.0,0.0,False
vdr-11328,3.0,0.0,1.0,0.0,False
lpt-10840,1.0,1.0,0.0,0.0,False
VDR-11268.corp.local,1.0,0.0,0.0,0.0,False
LPT-12486,9.0,4.0,2.0,1.0,True
VDR_10792,1.0,0.0,0.0,0.0,False
lpt-12664,4.0,2.0,0.0,0.0,False
VDR-11611,7.0,2.0,2.0,7.0,True
ws-12334,1.0,0.0,0.0,0.0,False
LPT-11506,12.0,5.0,1.0,2.0,True
vdr-11404,1.0,0.0,0.0,0.0,False
LPT-10702.,0.0,0.0,0.0,0.0,True
ws-11547,1.0,0.0,0.0,0.0,False
vdr-10132,1.0,0.0,0.0,0.0,False
LPT-12520,10.0,1.0,0.0,2.0,True
lpt-12440,1.0,0.0,0.0,0.0,False
WS-10264,8.0,3.0,0.0,4.0,True
vdr-10057,1.0,0.0,0.0,0.0,False
LPT-12654,2.0,2.0,0.0,2.0,True
lpt-11446,3.0,2.0,0.0,0.0,False
WS_11289,1.0,0.0,0.0,0.0,False
WS-12742.corp.local,2.0,0.0,1.0,0.0,False
VDR-10659,9.0,2.0,0.0,2.0,True
LPT-10797.corp.local,1.0,1.0,0.0,0.0,False
LPT-10420,9.0,1.0,1.0,7.0,True
vdr-12630,1.0,0.0,0.0,0.0,False
lpt-11780,1.0,1.0,0.0,0.0,False
lpt-12414,1.0,1.0,0.0,0.0,False
WS-10836.,0.0,0.0,0.0,0.0,True
LPT-10426,3.0,0.0,0.0,3.0,True
LPT-10976,4.0,2.0,1.0,2.0,True
LPT-10002,7.0,2.0,0.0,2.0,True
LPT-10446.corp.local,1.0,0.0,0.0,0.0,False
LPT-10094.corp.local,1.0,0.0,0.0,0.0,False
vdr-10838,2.0,0.0,0.0,0.0,False
WS-11953,9.0,1.0,1.0,3.0,True
ws-11009,1.0,0.0,0.0,0.0,False
WS-12914.corp.local,2.0,1.0,0.0,0.0,False
VDR-10362.corp.local,2.0,1.0,1.0,0.0,False
LPT-11181,8.0,3.0,0.0,2.0,True
ws-12929,1.0,1.0,0.0,0.0,False
WS-12925,8.0,2.0,1.0,1.0,True
lpt-12240,2.0,0.0,0.0,0.0,False
WS-12406,8.0,1.0,0.0,3.0,True
WS-10518,7.0,2.0,0.0,1.0,True
LPT-12167.corp.local,1.0,0.0,0.0,0.0,False
VDR-12832.corp.local,2.0,0.0,0.0,0.0,False
ws-10064,1.0,0.0,0.0,0.0,False
VDR-11585,5.0,1.0,1.0,3.0,True
LPT_12600,1.0,0.0,0.0,0.0,False
LPT_12240,1.0,1.0,0.0,0.0,False
WS-11393.corp.local,1.0,0.0,0.0,0.0,False
lpt-11539,1.0,0.0,0.0,0.0,False
LPT-11700,8.0,5.0,2.0,1.0,True
vdr-12740,2.0,1.0,0.0,0.0,False
lpt-10440,2.0,0.0,0.0,0.0,False
lpt-10451,1.0,0.0,0.0,0.0,False
WS-12309,8.0,3.0,1.0,4.0,True
VDR-10335.corp.local,1.0,0.0,0.0,0.0,False
LPT-10169,11.0,3.0,2.0,3.0,False
vdr-12333,2.0,0.0,1.0,0.0,False
lpt-12735,2.0,0.0,0.0,0.0,False
WS-10953,4.0,1.0,0.0,7.0,True
lpt-11689,2.0,0.0,0.0,0.0,False
VDR-12247,11.0,1.0,0.0,3.0,False
LPT-12534,9.0,2.0,0.0,3.0,True
LPT-10850,7.0,2.0,1.0,5.0,True
vdr-10206,1.0,0.0,0.0,0.0,False
WS-12887,8.0,2.0,1.0,4.0,True
ws-11953,3.0,1.0,0.0,0.0,False
LPT-12735.corp.local,1.0,0.0,0.0,0.0,False
vdr-10077,1.0,0.0,0.0,0.0,False
WS-12346,9.0,3.0,0.0,1.0,True
VDR_10315,1.0,0.0,0.0,0.0,False
lpt-11789,1.0,0.0,0.0,0.0,False
vdr-10343,2.0,1.0,0.0,0.0,False
WS_10027,2.0,0.0,0.0,0.0,False
vdr-10072,1.0,0.0,0.0,0.0,False
VDR-11999,9.0,3.0,2.0,4.0,True
VDR_12948,1.0,0.0,0.0,0.0,False
LPT-11857.corp.local,1.0,0.0,0.0,0.0,False
VDR-12513,6.0,1.0,0.0,3.0,False
WS-10156,5.0,1.0,0.0,6.0,True
vdr-10758,1.0,0.0,0.0,0.0,False
WS-10389,6.0,1.0,0.0,4.0,True
WS_10979,3.0,1.0,0.0,0.0,False
WS_12417,1.0,0.0,0.0,0.0,False
VDR-10732.corp.local,1.0,0.0,0.0,0.0,False
WS_12267,1.0,0.0,0.0,0.0,False
WS_11688,1.0,0.0,0.0,0.0,False
LPT-10548,5.0,0.0,0.0,3.0,True
VDR-10642,5.0,4.0,0.0,2.0,True
VDR-10805,7.0,1.0,1.0,4.0,True
vdr-10662,1.0,1.0,0.0,0.0,False
WS-10836.corp.local,2.0,2.0,0.0,0.0,False
VDR-11594,5.0,4.0,0.0,2.0,True
WS_11533,1.0,0.0,0.0,0.0,False
WS-11474,4.0,1.0,0.0,1.0,False
WS-11823,3.0,1.0,0.0,0.0,True
lpt-12134,1.0,0.0,0.0,0.0,False
LPT-12428.corp.local,1.0,1.0,1.0,0.0,False
WS-12341,7.0,3.0,0.0,4.0,True
WS-11477.,0.0,0.0,0.0,0.0,True
LPT-10863,11.0,1.0,1.0,0.0,True
VDR-10570,6.0,2.0,0.0,3.0,True
WS-11682,5.0,1.0,0.0,5.0,True
WS-10512.corp.local,1.0,1.0,0.0,0.0,False
WS_11750,2.0,1.0,0.0,0.0,False
lpt-12010,2.0,0.0,0.0,0.0,False
vdr-11487,1.0,0.0,0.0,0.0,False
vdr-11666,1.0,1.0,0.0,0.0,False
LPT-10001.,0.0,0.0,0.0,0.0,True
LPT-10025,12.0,4.0,1.0,1.0,True
VDR-10387.corp.local,2.0,2.0,0.0,0.0,False
VDR-11056,7.0,0.0,0.0,5.0,True
lpt-10129,2.0,1.0,0.0,0.0,False
LPT-11129,6.0,1.0,0.0,0.0,False
WS_12108,1.0,0.0,1.0,0.0,False
LPT-12347.,0.0,0.0,0.0,0.0,True
VDR-10864.corp.local,2.0,0.0,1.0,0.0,False
VDR-12859,4.0,2.0,0.0,1.0,True
WS-10982.,0.0,0.0,0.0,0.0,True
WS-11467.corp.local,1.0,0.0,1.0,0.0,False
LPT-10129,6.0,2.0,0.0,0.0,True
WS_11329,1.0,0.0,0.0,0.0,False
lpt-11060,2.0,0.0,0.0,0.0,False
VDR-12940.corp.local,1.0,0.0,0.0,0.0,False
VDR-11954,6.0,4.0,1.0,3.0,True
VDR_10110,3.0,0.0,1.0,0.0,False
VDR_12131,2.0,1.0,1.0,0.0,False
WS-11590,6.0,1.0,0.0,1.0,True
VDR-11494,9.0,4.0,1.0,1.0,True
LPT-12011.corp.local,1.0,0.0,0.0,0.0,False
LPT-12474,3.0,0.0,0.0,5.0,True
vdr-10124,2.0,1.0,0.0,0.0,False
VDR-10279,5.0,1.0,0.0,4.0,True
WS-11026.corp.local,1.0,0.0,0.0,0.0,False
LPT-10785.corp.local,3.0,0.0,2.0,0.0,False
WS_11514,1.0,0.0,0.0,0.0,False
LPT_11792,3.0,0.0,0.0,0.0,False
WS-10400,5.0,2.0,1.0,4.0,True
ws-10660,1.0,0.0,0.0,0.0,False
LPT-11356,2.0,2.0,0.0,0.0,True
WS-10932.corp.local,1.0,0.0,0.0,0.0,False
lpt-11209,6.0,0.0,1.0,0.0,False
VDR-10598,4.0,0.0,0.0,3.0,True
LPT-12969.,0.0,0.0,0.0,0.0,True
ws-10049,2.0,1.0,0.0,0.0,False
ws-12518,2.0,1.0,0.0,0.0,False
VDR-12825.corp.local,1.0,0.0,0.0,0.0,False
WS-10620,5.0,1.0,0.0,2.0,True
vdr-12328,1.0,1.0,0.0,0.0,False
WS_10371,1.0,0.0,1.0,0.0,False
WS_12798,2.0,0.0,0.0,0.0,False
lpt-12476,1.0,0.0,0.0,0.0,False
VDR-12254,6.0,1.0,0.0,2.0,True
VDR-11482,9.0,2.0,1.0,4.0,True
LPT-12792,7.0,0.0,0.0,4.0,False
WS_10419,1.0,0.0,0.0,0.0,False
VDR_10677,1.0,0.0,0.0,0.0,False
ws-10730,2.0,1.0,0.0,0.0,False
lpt-10483,3.0,1.0,1.0,0.0,False
lpt-10066,3.0,1.0,0.0,0.0,False
WS-10429.corp.local,1.0,1.0,1.0,0.0,False
LPT-10345.corp.local,1.0,0.0,0.0,0.0,False
LPT_12424,3.0,1.0,0.0,0.0,False
vdr-10060,1.0,1.0,0.0,0.0,False
LPT-11837,7.0,1.0,0.0,1.0,True
VDR-12734,12.0,1.0,0.0,3.0,True
WS-12812.corp.local,1.0,0.0,0.0,0.0,False
WS-12473.corp.local,1.0,0.0,0.0,0.0,False
lpt-10323,2.0,0.0,0.0,0.0,False
LPT-12197,6.0,2.0,1.0,5.0,True
LPT_12229,1.0,0.0,0.0,0.0,False
LPT-12094.corp.local,3.0,0.0,0.0,0.0,False
lpt-10378,1.0,0.0,0.0,0.0,False
LPT-11238,8.0,2.0,0.0,4.0,False
lpt-10021,1.0,0.0,0.0,0.0,False
lpt-12829,4.0,0.0,0.0,0.0,False
WS-12511.corp.local,1.0,0.0,0.0,0.0,False
LPT-11271,6.0,1.0,0.0,3.0,True
WS-12166.,0.0,0.0,0.0,0.0,True
WS-12765,10.0,1.0,0.0,1.0,True
ws-12788,1.0,0.0,0.0,0.0,False
LPT-10131.corp.local,2.0,0.0,1.0,0.0,False
ws-10882,1.0,0.0,0.0,0.0,False
LPT-12747,10.0,3.0,0.0,2.0,True
vdr-10147,3.0,1.0,0.0,0.0,False
VDR-12707.corp.local,2.0,0.0,0.0,0.0,False
LPT-10769,7.0,2.0,0.0,3.0,True
VDR-11991,6.0,1.0,0.0,1.0,True
lpt-11683,1.0,0.0,0.0,0.0,False
lpt-11190,1.0,0.0,0.0,0.0,False
LPT_12921,1.0,0.0,0.0,0.0,False
WS-12605,4.0,1.0,0.0,2.0,False
WS-12491,8.0,2.0,1.0,2.0,True
LPT-12575,7.0,0.0,2.0,1.0,False
VDR_11843,1.0,0.0,0.0,0.0,False
WS_12397,2.0,1.0,0.0,0.0,False
LPT_10931,1.0,1.0,0.0,0.0,False
LPT-12425.corp.local,2.0,0.0,0.0,0.0,False
VDR-11634,10.0,3.0,2.0,5.0,True
WS_12047,2.0,0.0,0.0,0.0,False
VDR-12825,9.0,3.0,1.0,2.0,True
WS-10874,5.0,1.0,1.0,3.0,True
lpt-11175,1.0,0.0,0.0,0.0,False
lpt-10935,1.0,1.0,0.0,0.0,False
lpt-12612,1.0,0.0,0.0,0.0,False
WS-11687,9.0,0.0,1.0,5.0,True
LPT-12069.corp.local,1.0,0.0,0.0,0.0,False
vdr-12847,1.0,0.0,0.0,0.0,False
WS-10513,7.0,1.0,1.0,1.0,True
LPT_10378,1.0,0.0,0.0,0.0,False
LPT-11568,4.0,2.0,0.0,5.0,True
LPT-12510,7.0,2.0,0.0,1.0,True
VDR-10438.corp.local,1.0,1.0,0.0,0.0,False
WS-12839,8.0,2.0,0.0,5.0,True
VDR-11429,2.0,0.0,0.0,1.0,True
WS_12929,2.0,2.0,0.0,0.0,False
VDR_10328,1.0,0.0,0.0,0.0,False
vdr-11014,1.0,1.0,0.0,0.0,False
VDR-12180,9.0,2.0,0.0,2.0,True
WS-11372.,0.0,0.0,0.0,0.0,True
lpt-12223,1.0,0.0,0.0,0.0,False
LPT-12098,7.0,2.0,0.0,3.0,True
VDR-12784,6.0,2.0,0.0,5.0,True
VDR-10293.corp.local,2.0,0.0,0.0,0.0,False
LPT-11219.corp.local,2.0,0.0,1.0,0.0,False
WS-11809,12.0,1.0,3.0,0.0,True
VDR-12187,6.0,2.0,0.0,5.0,True
vdr-11586,1.0,0.0,1.0,0.0,False
LPT-11990.corp.local,1.0,0.0,0.0,0.0,False
VDR-10713,4.0,1.0,0.0,1.0,True
vdr-11647,4.0,0.0,0.0,0.0,False
WS_12726,1.0,0.0,0.0,0.0,False
vdr-12926,1.0,0.0,0.0,0.0,False
LPT_11721,1.0,0.0,0.0,0.0,False
LPT-12683,6.0,3.0,1.0,6.0,True
VDR-12709,6.0,2.0,1.0,1.0,True
VDR_10925,2.0,0.0,0.0,0.0,False
VDR-10744.corp.local,2.0,0.0,0.0,0.0,False
lpt-11870,1.0,0.0,0.0,0.0,False
VDR-11236.corp.local,1.0,0.0,0.0,0.0,False
ws-11868,1.0,0.0,0.0,0.0,False
WS-10865,4.0,1.0,0.0,1.0,True
WS-12674,7.0,0.0,2.0,2.0,True
LPT-12070,9.0,4.0,1.0,2.0,True
VDR-12362.corp.local,2.0,1.0,0.0,0.0,False
LPT-10521,1.0,0.0,0.0,3.0,True
vdr-10983,2.0,0.0,1.0,0.0,False
lpt-11431,1.0,1.0,0.0,0.0,False
VDR_12519,1.0,1.0,0.0,0.0,False
LPT-12813,9.0,2.0,0.0,0.0,True
WS-11053,6.0,1.0,0.0,2.0,False
WS-10781.corp.local,1.0,0.0,0.0,0.0,False
vdr-11265,1.0,0.0,0.0,0.0,False
LPT-10160,5.0,2.0,1.0,4.0,True
WS-10699,5.0,1.0,2.0,3.0,True
lpt-10858,1.0,0.0,0.0,0.0,False
WS-12266,7.0,0.0,2.0,2.0,True
VDR_11650,1.0,0.0,0.0,0.0,False
LPT-11655.corp.local,2.0,0.0,0.0,0.0,False
WS-12166,14.0,4.0,0.0,3.0,False
LPT-12970,6.0,0.0,2.0,0.0,True
WS-12549,12.0,4.0,0.0,1.0,False
ws-12456,2.0,1.0,0.0,0.0,False
ws-12434,1.0,0.0,0.0,0.0,False
ws-11819,3.0,1.0,0.0,0.0,False
VDR_10454,1.0,0.0,0.0,0.0,False
LPT-12622,8.0,2.0,0.0,2.0,False
LPT-11716.corp.local,2.0,0.0,0.0,0.0,False
VDR-10759,11.0,3.0,2.0,1.0,True
VDR-10835.corp.local,1.0,1.0,0.0,0.0,False
vdr-11606,3.0,0.0,0.0,0.0,False
VDR-10723,7.0,0.0,0.0,4.0,True
LPT-10383,8.0,2.0,1.0,3.0,True
ws-11329,2.0,0.0,0.0,0.0,False
VDR-11757.corp.local,1.0,0.0,0.0,0.0,False
vdr-12002,1.0,0.0,0.0,0.0,False
vdr-11797,1.0,0.0,0.0,0.0,False
WS-11022,8.0,3.0,0.0,3.0,True
VDR_10611,1.0,0.0,0.0,0.0,False
WS-11715,10.0,4.0,0.0,2.0,True
lpt-12551,5.0,3.0,0.0,0.0,False
vdr-11405,1.0,0.0,0.0,0.0,False
LPT-10840,9.0,2.0,2.0,1.0,True
WS_10831,1.0,1.0,0.0,0.0,False
LPT-11125,5.0,0.0,1.0,4.0,True
ws-12047,4.0,1.0,1.0,0.0,False
VDR-12740.corp.local,1.0,0.0,0.0,0.0,False
WS-10472.corp.local,1.0,0.0,0.0,0.0,False
VDR_10899,1.0,0.0,0.0,0.0,False
VDR_12655,1.0,0.0,0.0,0.0,False
LPT-11571,10.0,2.0,1.0,3.0,True
LPT-10378.corp.local,1.0,0.0,0.0,0.0,False
LPT-11616.corp.local,4.0,1.0,0.0,0.0,False
LPT-11881.corp.local,2.0,1.0,0.0,0.0,False
LPT_11304,1.0,0.0,0.0,0.0,False
vdr-11215,1.0,0.0,0.0,0.0,False
VDR-11436.corp.local,1.0,0.0,0.0,0.0,False
VDR-12844.corp.local,1.0,0.0,0.0,0.0,False
LPT-12704,7.0,0.0,0.0,2.0,True
WS_11809,2.0,0.0,1.0,0.0,False
VDR-12591.corp.local,2.0,1.0,0.0,0.0,False
lpt-11955,1.0,0.0,0.0,0.0,False
WS-10534.corp.local,1.0,0.0,0.0,0.0,False
WS-11547,6.0,2.0,0.0,2.0,True
WS-11699,3.0,0.0,0.0,3.0,True
LPT_11282,3.0,0.0,0.0,0.0,False
ws-12041,1.0,1.0,0.0,0.0,False
VDR-11555,2.0,0.0,0.0,1.0,True
WS-11415.corp.local,1.0,1.0,0.0,0.0,False
LPT-11005,3.0,0.0,0.0,4.0,True
WS-11523.corp.local,1.0,0.0,0.0,0.0,False
VDR-12269.corp.local,1.0,1.0,0.0,0.0,False
WS-10878.corp.local,1.0,0.0,0.0,0.0,False
LPT-10197.corp.local,1.0,0.0,0.0,0.0,False
VDR-11339,5.0,0.0,1.0,3.0,True
lpt-10015,1.0,0.0,0.0,0.0,False
VDR-10990,4.0,0.0,0.0,1.0,True
VDR-10380,2.0,1.0,0.0,3.0,True
ws-10050,1.0,0.0,0.0,0.0,False
WS-11448,11.0,3.0,1.0,3.0,True
WS_12898,1.0,1.0,0.0,0.0,False
WS-11198.corp.local,2.0,0.0,0.0,0.0,False
LPT-12864,9.0,2.0,2.0,3.0,True
LPT-11573,3.0,0.0,0.0,1.0,False
LPT_10210,2.0,0.0,0.0,0.0,False
WS-12933,6.0,1.0,0.0,0.0,True
ws-11348,4.0,1.0,0.0,0.0,False
vdr-11147,3.0,1.0,0.0,0.0,False
WS-12953,5.0,2.0,1.0,4.0,True
LPT_12672,2.0,0.0,0.0,0.0,False
VDR-11389.corp.local,1.0,0.0,0.0,0.0,False
WS-12679,4.0,1.0,0.0,2.0,True
LPT-11691,6.0,0.0,1.0,1.0,False
VDR_12140,1.0,0.0,0.0,0.0,False
VDR-11608,3.0,1.0,0.0,0.0,True
vdr-11283,1.0,0.0,0.0,0.0,False
LPT_12440,1.0,1.0,0.0,0.0,False
lpt-12520,3.0,1.0,0.0,0.0,False
lpt-10968,2.0,1.0,0.0,0.0,False
LPT-11359.corp.local,2.0,0.0,0.0,0.0,False
VDR-12411,4.0,0.0,0.0,0.0,True
ws-11315,1.0,0.0,0.0,0.0,False
WS-11430.corp.local,1.0,0.0,0.0,0.0,False
vdr-11605,1.0,0.0,0.0,0.0,False
LPT-11191.corp.local,1.0,0.0,0.0,0.0,False
LPT-10802,3.0,2.0,0.0,3.0,True
lpt-11337,2.0,1.0,0.0,0.0,False
VDR_12558,1.0,1.0,0.0,0.0,False
VDR-12451,9.0,4.0,0.0,4.0,True
LPT-12351.corp.local,3.0,1.0,0.0,0.0,False
VDR-10035,3.0,0.0,0.0,4.0,True
VDR_10622,2.0,1.0,0.0,0.0,False
ws-11620,1.0,0.0,0.0,0.0,False
ws-11182,1.0,0.0,0.0,0.0,False
vdr-11778,2.0,1.0,0.0,0.0,False
LPT-10199.corp.local,1.0,0.0,0.0,0.0,False
WS-11949,5.0,1.0,0.0,3.0,True
LPT_12275,2.0,0.0,0.0,0.0,False
VDR-12362,3.0,0.0,0.0,0.0,True
VDR-10796,11.0,2.0,0.0,1.0,True
vdr-11167,3.0,0.0,0.0,0.0,False
LPT-11072.corp.local,1.0,0.0,0.0,0.0,False
lpt-11270,3.0,0.0,0.0,0.0,False
WS-11041.corp.local,1.0,1.0,0.0,0.0,False
lpt-10738,2.0,0.0,0.0,0.0,False
VDR_11684,1.0,0.0,0.0,0.0,False
VDR-11910.,0.0,0.0,0.0,0.0,True
WS-12077,6.0,0.0,0.0,2.0,True
vdr-12942,1.0,0.0,0.0,0.0,False
vdr-10519,2.0,1.0,0.0,0.0,False
LPT_10989,1.0,0.0,0.0,0.0,False
LPT-11376,6.0,1.0,0.0,6.0,False
VDR-10792.corp.local,1.0,1.0,0.0,0.0,False
ws-10338,1.0,1.0,0.0,0.0,False
WS_11331,2.0,0.0,0.0,0.0,False
LPT-10671,10.0,2.0,2.0,4.0,True
LPT-12481,4.0,0.0,0.0,4.0,True
VDR-10961,8.0,2.0,0.0,3.0,True
WS-10727.,0.0,0.0,0.0,0.0,True
lpt-12301,2.0,0.0,0.0,0.0,False
vdr-11752,2.0,0.0,1.0,0.0,False
LPT-11281,4.0,0.0,0.0,2.0,True
lpt-10963,2.0,0.0,0.0,0.0,False
VDR_12801,5.0,1.0,0.0,0.0,False
LPT-10580.corp.local,1.0,0.0,0.0,0.0,False
ws-11207,1.0,0.0,0.0,0.0,False
lpt-10087,1.0,0.0,0.0,0.0,False
ws-11987,2.0,0.0,0.0,0.0,False
ws-11336,2.0,0.0,0.0,0.0,False
VDR_10644,1.0,0.0,0.0,0.0,False
WS-11461,6.0,3.0,1.0,2.0,True
WS-12461,11.0,3.0,0.0,2.0,True
VDR_10922,2.0,1.0,0.0,0.0,False
VDR-10623.,0.0,0.0,0.0,0.0,True
VDR-12775.,0.0,0.0,0.0,0.0,True
WS_11481,2.0,0.0,0.0,0.0,False
LPT-11403,8.0,5.0,0.0,2.0,False
vdr-11587,2.0,0.0,0.0,0.0,False
LPT_11369,1.0,0.0,0.0,0.0,False
WS_12619,1.0,0.0,0.0,0.0,False
LPT-10965.corp.local,1.0,0.0,0.0,0.0,False
WS-12879.corp.local,1.0,0.0,0.0,0.0,False
ws-12164,1.0,0.0,0.0,0.0,False
vdr-12725,1.0,0.0,0.0,0.0,False
WS-10436.corp.local,2.0,1.0,1.0,0.0,False
vdr-11525,2.0,1.0,0.0,0.0,False
WS-12596,6.0,3.0,1.0,3.0,True
ws-12944,1.0,0.0,0.0,0.0,False
WS-12120,7.0,0.0,1.0,3.0,True
LPT-12810,6.0,3.0,0.0,4.0,True
LPT_12271,1.0,1.0,0.0,0.0,False
LPT_10405,1.0,1.0,0.0,0.0,False
vdr-12032,2.0,1.0,0.0,0.0,False
LPT_11109,1.0,0.0,1.0,0.0,False
VDR-12126,7.0,1.0,0.0,1.0,True
ws-10618,1.0,1.0,0.0,0.0,False
LPT-11164,6.0,0.0,0.0,3.0,False
WS-11089,13.0,2.0,1.0,1.0,True
vdr-10438,1.0,1.0,0.0,0.0,False
LPT-11807,2.0,1.0,0.0,5.0,True
VDR-10923,4.0,1.0,1.0,1.0,True
VDR-10069,9.0,2.0,0.0,2.0,True
WS-10268,3.0,0.0,0.0,3.0,True
WS-12050.,0.0,0.0,0.0,0.0,True
LPT_11800,2.0,0.0,0.0,0.0,False
WS-10117,5.0,2.0,1.0,3.0,True
WS-12874,6.0,2.0,0.0,4.0,True
WS-12537.corp.local,3.0,0.0,0.0,0.0,False
LPT-10360,7.0,2.0,1.0,3.0,True
VDR-10674.corp.local,2.0,1.0,0.0,0.0,False
VDR-12811.corp.local,2.0,0.0,0.0,0.0,False
LPT-11174,5.0,0.0,1.0,2.0,True
LPT-12366,4.0,1.0,0.0,1.0,False
VDR-10673.corp.local,1.0,0.0,0.0,0.0,False
LPT-10993,5.0,0.0,0.0,2.0,True
VDR-11544,6.0,0.0,2.0,2.0,False
lpt-10089,1.0,0.0,0.0,0.0,False
WS-11315,7.0,1.0,2.0,2.0,False
WS-11447.corp.local,1.0,0.0,0.0,0.0,False
VDR-11405,6.0,1.0,0.0,1.0,True
ws-10582,3.0,0.0,1.0,0.0,False
VDR-11396.corp.local,2.0,0.0,0.0,0.0,False
VDR_10230,2.0,1.0,0.0,0.0,False
LPT-10581,10.0,2.0,4.0,1.0,True
LPT-10883,2.0,0.0,0.0,4.0,True
lpt-11638,1.0,0.0,0.0,0.0,False
LPT-12106,10.0,2.0,1.0,2.0,True
VDR-11746,8.0,4.0,1.0,2.0,True
lpt-10679,1.0,0.0,1.0,0.0,False
LPT-12158,3.0,1.0,0.0,2.0,True
vdr-11644,4.0,1.0,1.0,0.0,False
WS-12908,6.0,0.0,0.0,3.0,False
WS_11430,3.0,0.0,0.0,0.0,False
WS-11516,5.0,1.0,0.0,2.0,True
VDR_11508,1.0,0.0,0.0,0.0,False
VDR_12823,1.0,0.0,0.0,0.0,False
vdr-10776,2.0,0.0,1.0,0.0,False
ws-10059,1.0,0.0,0.0,0.0,False
LPT-10434,5.0,1.0,0.0,2.0,True
VDR-11527.corp.local,1.0,0.0,0.0,0.0,False
ws-12550,1.0,0.0,0.0,0.0,False
ws-10014,4.0,1.0,2.0,0.0,False
VDR-10861,2.0,1.0,0.0,0.0,True
VDR-12325,7.0,3.0,1.0,3.0,True
vdr-10226,1.0,0.0,0.0,0.0,False
LPT-10087,7.0,1.0,0.0,2.0,True
VDR-11019,4.0,0.0,1.0,1.0,True
WS_10915,1.0,1.0,0.0,0.0,False
VDR-11684.corp.local,1.0,0.0,0.0,0.0,False
LPT-10186,5.0,1.0,1.0,1.0,False
VDR-10096.corp.local,3.0,0.0,0.0,0.0,False
LPT-10223,9.0,1.0,1.0,4.0,True
VDR-10206,3.0,1.0,2.0,2.0,True
LPT-10302.corp.local,1.0,0.0,0.0,0.0,False
LPT_10081,2.0,0.0,0.0,0.0,False
LPT-12132.corp.local,1.0,0.0,0.0,0.0,False
VDR-10140,5.0,1.0,1.0,0.0,True
WS-11141,8.0,1.0,1.0,4.0,True
LPT-12824.corp.local,1.0,0.0,0.0,0.0,False
VDR-10903.corp.local,1.0,1.0,0.0,0.0,False
vdr-12890,2.0,1.0,1.0,0.0,False
WS_12341,1.0,1.0,0.0,0.0,False
LPT-11577,4.0,2.0,0.0,5.0,False
WS-10000,5.0,1.0,0.0,3.0,True
LPT_12654,2.0,0.0,1.0,0.0,False
WS-12773,10.0,2.0,0.0,1.0,True
ws-10341,2.0,0.0,0.0,0.0,False
WS-12798,7.0,3.0,0.0,5.0,True
VDR-11913.corp.local,2.0,1.0,0.0,0.0,False
lpt-10094,2.0,0.0,0.0,0.0,False
VDR-11557,4.0,2.0,1.0,2.0,True
WS_12756,1.0,0.0,0.0,0.0,False
ws-11682,4.0,0.0,0.0,0.0,False
WS-10392,4.0,1.0,1.0,0.0,True
vdr-11318,3.0,1.0,0.0,0.0,False
vdr-12436,3.0,0.0,0.0,0.0,False
VDR-10255.corp.local,1.0,0.0,0.0,0.0,False
LPT-10277.corp.local,1.0,0.0,0.0,0.0,False
WS_12544,1.0,0.0,0.0,0.0,False
LPT-12245,10.0,1.0,0.0,3.0,True
WS_12219,2.0,1.0,0.0,0.0,False
ws-10531,3.0,1.0,0.0,0.0,False
LPT_10541,1.0,0.0,0.0,0.0,False
LPT-10294.corp.local,1.0,0.0,1.0,0.0,False
LPT-10423,8.0,3.0,0.0,1.0,True
WS_11864,2.0,1.0,0.0,0.0,False
VDR-10869.corp.local,1.0,0.0,0.0,0.0,False
VDR_11935,1.0,0.0,0.0,0.0,False
VDR-10689,11.0,4.0,0.0,1.0,True
lpt-12135,2.0,1.0,0.0,0.0,False
lpt-12201,3.0,1.0,0.0,0.0,False
LPT_10842,2.0,0.0,0.0,0.0,False
WS-11320,7.0,1.0,1.0,1.0,True
LPT-10860.corp.local,1.0,0.0,0.0,0.0,False
VDR-10759.corp.local,1.0,1.0,0.0,0.0,False
VDR-11629.corp.local,3.0,2.0,0.0,0.0,False
WS-12512,8.0,3.0,0.0,0.0,True
LPT-12053,5.0,2.0,0.0,2.0,False
lpt-10403,3.0,1.0,0.0,0.0,False
ws-10941,1.0,1.0,0.0,0.0,False
WS-10820,7.0,3.0,0.0,2.0,True
LPT-12796,6.0,1.0,0.0,4.0,True
VDR_10035,1.0,0.0,0.0,0.0,False
VDR-11832,9.0,0.0,1.0,2.0,True
VDR_11019,1.0,1.0,0.0,0.0,False
VDR-11265,9.0,5.0,0.0,4.0,True
LPT-11664.corp.local,2.0,0.0,0.0,0.0,False
VDR_11991,1.0,0.0,0.0,0.0,False
VDR_12588,1.0,1.0,0.0,0.0,False
VDR-11602,9.0,3.0,0.0,3.0,True
VDR-11942,9.0,2.0,2.0,3.0,True
WS-10494,4.0,0.0,0.0,3.0,True
VDR-12017.corp.local,2.0,1.0,0.0,0.0,False
VDR-11351,7.0,3.0,0.0,3.0,True
VDR-10007.corp.local,2.0,1.0,1.0,0.0,False
VDR-12801,7.0,2.0,1.0,4.0,True
lpt-12670,3.0,0.0,0.0,0.0,False
lpt-11882,1.0,0.0,0.0,0.0,False
WS-12549.,0.0,0.0,0.0,0.0,True
WS-11196,5.0,0.0,0.0,3.0,True
VDR-11387,14.0,1.0,1.0,5.0,True
LPT-12305,7.0,1.0,2.0,1.0,True
ws-10085,2.0,1.0,0.0,0.0,False
LPT-12565.,0.0,0.0,0.0,0.0,True
LPT-10753,7.0,4.0,0.0,4.0,True
WS-10265.corp.local,3.0,1.0,1.0,0.0,False
lpt-11303,3.0,0.0,0.0,0.0,False
VDR-11583,6.0,1.0,1.0,3.0,True
WS-12606,8.0,4.0,2.0,6.0,True
ws-12136,1.0,0.0,0.0,0.0,False
VDR-11152,6.0,2.0,1.0,4.0,True
LPT-11187.corp.local,1.0,0.0,0.0,0.0,False
WS_10467,1.0,0.0,0.0,0.0,False
VDR-10038,5.0,1.0,0.0,2.0,True
WS_11139,1.0,0.0,0.0,0.0,False
VDR-11934.,0.0,0.0,0.0,0.0,True
lpt-12086,1.0,0.0,0.0,0.0,False
WS-12445,10.0,1.0,0.0,3.0,True
VDR_12190,1.0,1.0,0.0,0.0,False
LPT-11114.corp.local,3.0,1.0,0.0,0.0,False
vdr-12986,2.0,1.0,0.0,0.0,False
WS-11329,4.0,0.0,0.0,2.0,True
WS_11761,1.0,0.0,0.0,0.0,False
vdr-11338,1.0,1.0,1.0,0.0,False
lpt-12586,1.0,0.0,0.0,0.0,False
LPT_12973,1.0,1.0,0.0,0.0,False
WS-12288,1.0,0.0,0.0,3.0,True
VDR-10480,7.0,2.0,1.0,3.0,True
LPT-11701.corp.local,1.0,0.0,0.0,0.0,False
VDR-10925.corp.local,1.0,0.0,1.0,0.0,False
LPT_12652,1.0,0.0,0.0,0.0,False
VDR-10743,11.0,1.0,0.0,3.0,True
VDR_10260,2.0,1.0,0.0,0.0,False
LPT-12697.corp.local,1.0,0.0,0.0,0.0,False
ws-10243,2.0,1.0,0.0,0.0,False
ws-10999,2.0,0.0,0.0,0.0,False
LPT-11919,3.0,0.0,0.0,1.0,True
lpt-10425,1.0,0.0,0.0,0.0,False
VDR-11632,10.0,4.0,1.0,4.0,False
WS_10996,1.0,0.0,0.0,0.0,False
WS_11759,1.0,0.0,0.0,0.0,False
LPT-10259.corp.local,1.0,0.0,0.0,0.0,False
VDR-12801.corp.local,2.0,0.0,0.0,0.0,False
vdr-11771,2.0,1.0,0.0,0.0,False
vdr-12441,2.0,1.0,0.0,0.0,False
ws-11248,2.0,1.0,0.0,0.0,False
WS-12410,3.0,1.0,0.0,2.0,True
LPT-12182.corp.local,1.0,0.0,0.0,0.0,False
vdr-11451,1.0,1.0,0.0,0.0,False
ws-10893,1.0,1.0,0.0,0.0,False
lpt-12448,2.0,1.0,0.0,0.0,False
LPT-11291.corp.local,1.0,0.0,1.0,0.0,False
lpt-12741,4.0,1.0,0.0,0.0,False
WS-12409,8.0,1.0,1.0,7.0,True
VDR-12379,5.0,0.0,2.0,0.0,False
vdr-10146,1.0,0.0,0.0,0.0,False
lpt-11960,1.0,0.0,0.0,0.0,False
VDR-10900,8.0,1.0,0.0,2.0,True
WS-10871,8.0,3.0,1.0,1.0,False
VDR-11973,4.0,2.0,0.0,6.0,False
vdr-12499,2.0,0.0,1.0,0.0,False
ws-12433,2.0,1.0,0.0,0.0,False
WS-12226.corp.local,2.0,0.0,0.0,0.0,False
VDR_10168,2.0,0.0,0.0,0.0,False
VDR-10919,3.0,0.0,0.0,1.0,True
LPT-12106.corp.local,2.0,1.0,0.0,0.0,False
LPT-11539.corp.local,5.0,0.0,1.0,0.0,False
VDR-10164.corp.local,2.0,0.0,0.0,0.0,False
VDR-12627.corp.local,2.0,1.0,0.0,0.0,False
VDR-10539,7.0,2.0,1.0,0.0,True
VDR-10056.corp.local,2.0,0.0,0.0,0.0,False
vdr-10710,1.0,1.0,0.0,0.0,False
LPT-11208,8.0,2.0,2.0,1.0,True
LPT-10944,8.0,3.0,1.0,5.0,True
VDR-12415,11.0,1.0,0.0,2.0,True
LPT_12223,1.0,1.0,0.0,0.0,False
LPT_10822,1.0,0.0,0.0,0.0,False
ws-11795,2.0,0.0,0.0,0.0,False
WS_10579,1.0,1.0,0.0,0.0,False
WS_10866,2.0,1.0,0.0,0.0,False
VDR-12243,4.0,1.0,0.0,3.0,False
VDR-12318,5.0,1.0,1.0,3.0,True
VDR-11385.corp.local,3.0,1.0,0.0,0.0,False
LPT_10026,3.0,0.0,0.0,0.0,False
LPT-12080,11.0,1.0,1.0,2.0,True
lpt-10853,4.0,0.0,1.0,0.0,False
LPT-11775,10.0,2.0,0.0,1.0,True
lpt-11781,1.0,0.0,0.0,0.0,False
WS-11126.corp.local,1.0,0.0,0.0,0.0,False
LPT_12916,1.0,0.0,0.0,0.0,False
WS-12264.corp.local,1.0,0.0,0.0,0.0,False
vdr-10587,2.0,0.0,0.0,0.0,False
VDR-11747,8.0,2.0,0.0,0.0,True
WS-10009,9.0,2.0,1.0,2.0,True
vdr-10237,2.0,1.0,0.0,0.0,False
VDR-10673,10.0,3.0,2.0,2.0,True
LPT-12355,8.0,1.0,1.0,4.0,True
WS-11897.corp.local,2.0,0.0,0.0,0.0,False
WS_12214,1.0,1.0,0.0,0.0,False
ws-10604,1.0,1.0,0.0,0.0,False
LPT-11173.corp.local,1.0,0.0,0.0,0.0,False
lpt-10905,2.0,0.0,0.0,0.0,False
LPT-10708.corp.local,3.0,1.0,0.0,0.0,False
VDR-11402,9.0,2.0,0.0,5.0,True
VDR-12966,1.0,0.0,0.0,4.0,True
ws-12853,1.0,0.0,0.0,0.0,False
LPT_12955,1.0,0.0,1.0,0.0,False
LPT-12653,7.0,2.0,2.0,2.0,True
VDR-10322.corp.local,1.0,0.0,0.0,0.0,False
VDR-12499,4.0,0.0,0.0,5.0,True
VDR-10613.corp.local,1.0,1.0,0.0,0.0,False
WS_12434,2.0,0.0,0.0,0.0,False
WS-10552,6.0,0.0,0.0,1.0,True
LPT_11788,2.0,1.0,0.0,0.0,False
WS-12523.corp.local,2.0,0.0,0.0,0.0,False
WS-10841,8.0,3.0,1.0,4.0,True
WS_10352,3.0,0.0,1.0,0.0,False
VDR-10123.,0.0,0.0,0.0,0.0,True
VDR-10783,14.0,1.0,0.0,1.0,True
ws-12633,1.0,0.0,0.0,0.0,False
ws-11706,2.0,0.0,0.0,0.0,False
lpt-10112,1.0,0.0,0.0,0.0,False
vdr-12324,2.0,1.0,0.0,0.0,False
VDR-10835,4.0,0.0,0.0,2.0,False
VDR-11157,9.0,0.0,1.0,2.0,True
WS-12873.corp.local,1.0,0.0,0.0,0.0,False
WS-10148,5.0,1.0,2.0,3.0,True
LPT-11054,5.0,1.0,0.0,3.0,False
LPT-11993.corp.local,2.0,0.0,0.0,0.0,False
WS_10531,1.0,0.0,0.0,0.0,False
VDR_11307,1.0,0.0,0.0,0.0,False
WS_11641,1.0,0.0,0.0,0.0,False
LPT-12292,7.0,3.0,0.0,3.0,True
WS-12870.corp.local,1.0,0.0,0.0,0.0,False
LPT-10650.corp.local,1.0,0.0,0.0,0.0,False
WS_10367,2.0,0.0,0.0,0.0,False
WS-12799,8.0,2.0,0.0,3.0,True
vdr-12404,1.0,0.0,0.0,0.0,False
VDR-11971.corp.local,1.0,0.0,0.0,0.0,False
VDR_10559,1.0,0.0,0.0,0.0,False
LPT-10277,7.0,1.0,0.0,1.0,True
ws-11730,1.0,0.0,0.0,0.0,False
ws-11154,1.0,0.0,0.0,0.0,False
WS_11897,1.0,0.0,0.0,0.0,False
lpt-12626,2.0,1.0,0.0,0.0,False
WS_12902,1.0,0.0,0.0,0.0,False
vdr-10603,2.0,0.0,0.0,0.0,False
ws-11486,1.0,0.0,0.0,0.0,False
LPT_10775,1.0,0.0,0.0,0.0,False
ws-10236,3.0,1.0,0.0,0.0,False
LPT_10905,1.0,0.0,0.0,0.0,False
WS-12849,10.0,4.0,0.0,4.0,True
LPT-11480.corp.local,1.0,0.0,0.0,0.0,False
LPT-10157.corp.local,1.0,1.0,0.0,0.0,False
WS-12881,7.0,0.0,1.0,1.0,True
WS_10413,1.0,1.0,0.0,0.0,False
vdr-11556,2.0,0.0,0.0,0.0,False
VDR-12342.corp.local,3.0,2.0,1.0,0.0,False
VDR_12436,2.0,0.0,0.0,0.0,False
vdr-10018,1.0,0.0,0.0,0.0,False
LPT-10210.,0.0,0.0,0.0,0.0,True
LPT-11028.corp.local,1.0,0.0,0.0,0.0,False
lpt-10025,3.0,0.0,0.0,0.0,False
vdr-12982,2.0,1.0,0.0,0.0,False
LPT-12476.corp.local,1.0,0.0,0.0,0.0,False
VDR-11666,8.0,2.0,0.0,3.0,True
ws-12206,2.0,1.0,0.0,0.0,False
vdr-11931,2.0,0.0,0.0,0.0,False
lpt-10904,1.0,0.0,0.0,0.0,False
vdr-11152,1.0,1.0,0.0,0.0,False
ws-12746,1.0,0.0,0.0,0.0,False
LPT-12657.corp.local,1.0,1.0,0.0,0.0,False
VDR_10703,1.0,0.0,0.0,0.0,False
VDR-10421.corp.local,2.0,0.0,0.0,0.0,False
lpt-10437,3.0,1.0,1.0,0.0,False
lpt-10125,2.0,0.0,0.0,0.0,False
LPT-12611,7.0,1.0,0.0,1.0,False
VDR-11576.corp.local,2.0,1.0,0.0,0.0,False
WS-11159,6.0,0.0,0.0,1.0,True
WS-10687,7.0,2.0,0.0,2.0,True
VDR-12452.corp.local,1.0,0.0,0.0,0.0,False
WS_10747,2.0,0.0,0.0,0.0,False
VDR-12789.corp.local,1.0,1.0,0.0,0.0,False
WS_12350,1.0,1.0,0.0,0.0,False
LPT-12207,8.0,0.0,2.0,1.0,True
ws-12062,1.0,1.0,0.0,0.0,False
VDR_12886,1.0,1.0,0.0,0.0,False
LPT-11029,5.0,0.0,1.0,1.0,True
LPT-11714.corp.local,4.0,2.0,1.0,0.0,False
ws-11434,2.0,0.0,0.0,0.0,False
VDR-12552,7.0,0.0,0.0,3.0,True
LPT-10750.corp.local,2.0,0.0,0.0,0.0,False
VDR-11177.corp.local,1.0,0.0,0.0,0.0,False
LPT-11626.corp.local,1.0,0.0,0.0,0.0,False
LPT_12780,2.0,0.0,1.0,0.0,False
vdr-10192,1.0,0.0,0.0,0.0,False
lpt-10639,1.0,1.0,0.0,0.0,False
LPT-11184,8.0,2.0,2.0,4.0,True
LPT-12105,10.0,4.0,1.0,3.0,True
VDR-11466,10.0,4.0,0.0,4.0,False
ws-10962,3.0,0.0,1.0,0.0,False
LPT-11786,8.0,2.0,1.0,2.0,True
VDR-11703.corp.local,1.0,0.0,0.0,0.0,False
LPT-12375.corp.local,2.0,0.0,0.0,0.0,False
vdr-11231,2.0,1.0,0.0,0.0,False
LPT-11689.corp.local,1.0,1.0,0.0,0.0,False
WS_12447,1.0,0.0,0.0,0.0,False
lpt-11593,2.0,0.0,0.0,0.0,False
LPT-11485,8.0,2.0,0.0,2.0,True
LPT-12275,9.0,1.0,0.0,5.0,False
VDR_11999,1.0,0.0,0.0,0.0,False
VDR-10772,6.0,0.0,0.0,2.0,True
VDR-10053,6.0,0.0,0.0,4.0,True
lpt-12960,1.0,0.0,0.0,0.0,False
LPT-12094,10.0,3.0,1.0,1.0,True
VDR_10736,1.0,0.0,0.0,0.0,False
LPT-11263,6.0,2.0,1.0,5.0,True
WS_11242,1.0,0.0,0.0,0.0,False
vdr-12190,1.0,0.0,0.0,0.0,False
WS-10849,7.0,0.0,2.0,1.0,True
VDR-10481,4.0,0.0,0.0,3.0,True
VDR-12712,7.0,1.0,0.0,3.0,True
vdr-10535,2.0,1.0,0.0,0.0,False
LPT-10742.,0.0,0.0,0.0,0.0,True
WS-12337.corp.local,2.0,0.0,0.0,0.0,False
ws-11406,1.0,0.0,0.0,0.0,False
WS-12345,6.0,1.0,0.0,5.0,True
LPT-11310,6.0,2.0,1.0,2.0,True
lpt-10993,1.0,0.0,0.0,0.0,False
vdr-12771,1.0,0.0,0.0,0.0,False
LPT_12644,1.0,0.0,0.0,0.0,False
LPT-12867,2.0,1.0,1.0,0.0,True
VDR-10348,4.0,3.0,0.0,2.0,True
WS-11079,4.0,1.0,0.0,4.0,True
WS-11785,6.0,1.0,2.0,1.0,True
WS-12876.corp.local,1.0,1.0,0.0,0.0,False
LPT-11705.corp.local,3.0,2.0,0.0,0.0,False
vdr-10754,1.0,0.0,0.0,0.0,False
vdr-12332,3.0,0.0,0.0,0.0,False
WS-11348.corp.local,1.0,0.0,0.0,0.0,False
ws-11435,5.0,1.0,0.0,0.0,False
lpt-10416,1.0,0.0,0.0,0.0,False
lpt-11299,1.0,0.0,0.0,0.0,False
LPT-11124.corp.local,4.0,0.0,0.0,0.0,False
VDR-11071,8.0,1.0,0.0,1.0,True
vdr-12949,1.0,1.0,0.0,0.0,False
vdr-12497,1.0,0.0,0.0,0.0,False
WS-10074.corp.local,1.0,1.0,0.0,0.0,False
ws-12478,1.0,0.0,0.0,0.0,False
lpt-12378,2.0,1.0,0.0,0.0,False
LPT-12376,8.0,0.0,1.0,0.0,True
vdr-12836,1.0,0.0,0.0,0.0,False
WS-10714,3.0,0.0,1.0,6.0,True
LPT-11088.corp.local,1.0,0.0,0.0,0.0,False
LPT_10840,2.0,1.0,0.0,0.0,False
LPT_11303,3.0,0.0,0.0,0.0,False
LPT-10581.corp.local,2.0,0.0,0.0,0.0,False
LPT-11310.corp.local,1.0,0.0,0.0,0.0,False
VDR-12814,8.0,0.0,0.0,6.0,True
VDR-11386,4.0,0.0,0.0,1.0,True
WS-10417.,0.0,0.0,0.0,0.0,True
ws-10397,1.0,0.0,0.0,0.0,False
ws-11715,3.0,1.0,0.0,0.0,False
LPT_10186,1.0,0.0,0.0,0.0,False
lpt-12419,1.0,0.0,0.0,0.0,False
LPT-11183.,0.0,0.0,0.0,0.0,True
LPT-12103.corp.local,3.0,1.0,0.0,0.0,False
LPT-12459.corp.local,2.0,0.0,0.0,0.0,False
LPT-10215,11.0,2.0,1.0,2.0,True
WS-12295,4.0,1.0,0.0,2.0,True
LPT-11030,5.0,0.0,1.0,2.0,False
lpt-12109,2.0,0.0,0.0,0.0,False
VDR-11559.corp.local,3.0,0.0,0.0,0.0,False
LPT_12578,1.0,0.0,1.0,0.0,False
WS-10996,5.0,0.0,1.0,2.0,False
VDR_10903,2.0,1.0,0.0,0.0,False
ws-11924,1.0,0.0,0.0,0.0,False
WS-10556,2.0,1.0,0.0,1.0,True
lpt-11816,1.0,1.0,0.0,0.0,False
VDR-10343,3.0,1.0,1.0,5.0,False
VDR-11618,3.0,0.0,0.0,2.0,True
lpt-12985,2.0,0.0,1.0,0.0,False
vdr-10116,2.0,0.0,1.0,0.0,False
LPT-10909,6.0,0.0,0.0,5.0,True
lpt-12425,1.0,0.0,1.0,0.0,False
WS_11463,1.0,0.0,0.0,0.0,False
LPT_11573,1.0,0.0,0.0,0.0,False
LPT-12973.corp.local,2.0,0.0,0.0,0.0,False
VDR-12251,7.0,1.0,1.0,1.0,True
WS_11080,1.0,1.0,0.0,0.0,False
vdr-12627,1.0,0.0,0.0,0.0,False
vdr-12358,2.0,1.0,0.0,0.0,False
VDR-10527.corp.local,1.0,0.0,0.0,0.0,False
lpt-11173,1.0,0.0,0.0,0.0,False
VDR-10192,8.0,1.0,0.0,1.0,False
WS-10088,9.0,3.0,2.0,2.0,True
LPT-11017,4.0,1.0,0.0,3.0,True
LPT_11335,2.0,0.0,0.0,0.0,False
WS-11867.corp.local,1.0,0.0,0.0,0.0,False
ws-12449,2.0,0.0,0.0,0.0,False
VDR_12857,2.0,0.0,0.0,0.0,False
VDR_11973,2.0,1.0,0.0,0.0,False
WS-12862.corp.local,2.0,1.0,0.0,0.0,False
WS-11192,8.0,3.0,1.0,2.0,True
vdr-12286,2.0,0.0,0.0,0.0,False
VDR-12254.corp.local,2.0,1.0,0.0,0.0,False
WS_12274,2.0,0.0,0.0,0.0,False
lpt-12718,2.0,0.0,0.0,0.0,False
WS-11864.corp.local,1.0,1.0,0.0,0.0,False
WS-10023,9.0,2.0,0.0,2.0,True
LPT-11732.corp.local,2.0,2.0,0.0,0.0,False
WS-12834,11.0,1.0,0.0,1.0,True
vdr-10600,1.0,1.0,0.0,0.0,False
lpt-12088,1.0,0.0,0.0,0.0,False
lpt-12640,1.0,1.0,0.0,0.0,False
VDR-11606,4.0,0.0,1.0,1.0,True
LPT-11226,6.0,0.0,0.0,1.0,True
lpt-12858,1.0,0.0,0.0,0.0,False
vdr-10123,3.0,0.0,0.0,0.0,False
LPT-11637,4.0,2.0,0.0,3.0,True
lpt-11278,1.0,1.0,0.0,0.0,False
VDR-11642,6.0,1.0,0.0,4.0,True
LPT-12700.,0.0,0.0,0.0,0.0,True
LPT-11638,8.0,2.0,1.0,5.0,False
LPT_10679,1.0,0.0,0.0,0.0,False
LPT-11945,8.0,2.0,2.0,7.0,True
LPT-12109.corp.local,1.0,1.0,0.0,0.0,False
vdr-10457,1.0,1.0,1.0,0.0,False
LPT-11764,6.0,0.0,0.0,3.0,True
lpt-10182,1.0,1.0,0.0,0.0,False
LPT-12471.corp.local,2.0,1.0,0.0,0.0,False
LPT-12169,7.0,0.0,0.0,4.0,True
WS-10652.corp.local,2.0,0.0,0.0,0.0,False
vdr-11121,2.0,0.0,0.0,0.0,False
WS-10781,4.0,2.0,0.0,3.0,True
lpt-12381,1.0,1.0,0.0,0.0,False
WS-10970.corp.local,2.0,0.0,1.0,0.0,False
ws-12673,1.0,0.0,0.0,0.0,False
VDR-10825.corp.local,1.0,0.0,0.0,0.0,False
VDR-11973.,0.0,0.0,0.0,0.0,True
ws-12533,2.0,1.0,0.0,0.0,False
vdr-12119,3.0,0.0,2.0,0.0,False
LPT-10685,7.0,2.0,0.0,3.0,True
VDR-11363,5.0,2.0,0.0,3.0,False
VDR-12052,7.0,2.0,0.0,1.0,True
VDR-11720.corp.local,2.0,0.0,0.0,0.0,False
vdr-11213,1.0,1.0,0.0,0.0,False
WS-12601,7.0,2.0,2.0,3.0,True
VDR-12145,9.0,4.0,0.0,0.0,True
lpt-12186,3.0,0.0,0.0,0.0,False
WS-11885,1.0,1.0,0.0,2.0,True
WS-12726.corp.local,1.0,1.0,0.0,0.0,False
VDR-10966.corp.local,1.0,0.0,0.0,0.0,False
LPT-10320.corp.local,1.0,0.0,0.0,0.0,False
ws-10837,1.0,1.0,0.0,0.0,False
LPT-11615,4.0,1.0,0.0,4.0,True
LPT-11784.corp.local,1.0,1.0,0.0,0.0,False
VDR-10491.corp.local,1.0,0.0,0.0,0.0,False
ws-10995,5.0,1.0,1.0,0.0,False
WS_12623,1.0,0.0,0.0,0.0,False
WS-11737,10.0,1.0,1.0,2.0,True
WS-12594,10.0,1.0,0.0,5.0,True
ws-10063,1.0,0.0,0.0,0.0,False
VDR-12312,4.0,0.0,0.0,1.0,True
VDR-11961.corp.local,1.0,1.0,0.0,0.0,False
VDR-10240.corp.local,1.0,0.0,0.0,0.0,False
VDR-12493.corp.local,2.0,0.0,0.0,0.0,False
WS_10456,1.0,0.0,0.0,0.0,False
WS_11723,2.0,0.0,0.0,0.0,False
vdr-10291,2.0,0.0,0.0,0.0,False
LPT-10375,5.0,2.0,1.0,1.0,True
WS_12909,1.0,0.0,0.0,0.0,False
vdr-12452,1.0,1.0,0.0,0.0,False
lpt-11341,1.0,1.0,0.0,0.0,False
LPT-12326,3.0,0.0,0.0,2.0,True
VDR-12367,9.0,0.0,1.0,3.0,True
LPT_10377,3.0,1.0,0.0,0.0,False
lpt-12045,2.0,0.0,0.0,0.0,False
ws-12472,1.0,1.0,0.0,0.0,False
LPT-12416,7.0,2.0,0.0,3.0,False
lpt-11753,2.0,0.0,0.0,0.0,False
vdr-10772,2.0,1.0,1.0,0.0,False
VDR-12270,5.0,0.0,1.0,1.0,True
LPT-11870,18.0,3.0,0.0,1.0,False
VDR-10571.corp.local,1.0,0.0,0.0,0.0,False
VDR-10621.corp.local,1.0,0.0,0.0,0.0,False
VDR-12209.corp.local,1.0,0.0,0.0,0.0,False
LPT-12407.corp.local,1.0,0.0,0.0,0.0,False
vdr-10527,1.0,0.0,0.0,0.0,False
LPT-11065.corp.local,1.0,0.0,0.0,0.0,False
VDR-11214.corp.local,1.0,0.0,0.0,0.0,False
VDR_12484,1.0,1.0,0.0,0.0,False
LPT-11674.corp.local,1.0,1.0,0.0,0.0,False
VDR-10291.corp.local,1.0,0.0,0.0,0.0,False
WS-11806,7.0,1.0,1.0,3.0,True
LPT_11191,1.0,1.0,0.0,0.0,False
lpt-10289,2.0,0.0,0.0,0.0,False
ws-12101,1.0,0.0,1.0,0.0,False
VDR-10555,9.0,3.0,0.0,2.0,True
VDR-11768,4.0,1.0,0.0,2.0,True
LPT-11917.corp.local,3.0,1.0,0.0,0.0,False
WS-11515,2.0,0.0,0.0,3.0,False
vdr-10444,1.0,1.0,0.0,0.0,False
ws-12287,2.0,0.0,0.0,0.0,False
LPT-11826,8.0,1.0,0.0,3.0,True
vdr-12042,2.0,0.0,0.0,0.0,False
WS-10946.corp.local,1.0,0.0,0.0,0.0,False
lpt-11707,2.0,0.0,0.0,0.0,False
LPT-10459,5.0,0.0,1.0,1.0,True
WS-11126,9.0,3.0,1.0,2.0,True
ws-10794,1.0,0.0,0.0,0.0,False
vdr-12248,1.0,1.0,0.0,0.0,False
VDR-11665.,0.0,0.0,0.0,0.0,True
lpt-10277,1.0,0.0,0.0,0.0,False
lpt-10717,1.0,0.0,0.0,0.0,False
WS-11725.,0.0,0.0,0.0,0.0,True
vdr-12193,3.0,0.0,0.0,0.0,False
ws-12953,1.0,1.0,0.0,0.0,False
WS-11354,9.0,4.0,4.0,1.0,False
VDR_10780,1.0,0.0,0.0,0.0,False
ws-11738,1.0,0.0,0.0,0.0,False
LPT-12754,8.0,1.0,1.0,2.0,True
VDR-10329,11.0,3.0,1.0,0.0,True
WS_10958,1.0,0.0,0.0,0.0,False
lpt-12635,2.0,0.0,0.0,0.0,False
lpt-10409,1.0,1.0,0.0,0.0,False
LPT-12628,6.0,2.0,0.0,1.0,False
vdr-10346,1.0,1.0,0.0,0.0,False
LPT-10337,7.0,1.0,1.0,4.0,True
WS-10391,9.0,2.0,0.0,1.0,True
lpt-11239,3.0,1.0,0.0,0.0,False
WS-12981,7.0,2.0,0.0,5.0,True
WS-12345.corp.local,1.0,0.0,0.0,0.0,False
VDR-10647,6.0,0.0,0.0,1.0,True
vdr-11312,2.0,0.0,0.0,0.0,False
LPT_10002,3.0,1.0,0.0,0.0,False
vdr-12917,2.0,0.0,0.0,0.0,False
WS_10610,1.0,0.0,0.0,0.0,False
WS-10908,9.0,3.0,0.0,4.0,True
VDR-11032,7.0,2.0,1.0,1.0,True
LPT-11906,7.0,2.0,0.0,1.0,True
WS-10468,8.0,2.0,0.0,4.0,False
WS_11516,2.0,0.0,1.0,0.0,False
LPT-11034,10.0,1.0,0.0,3.0,True
VDR_12357,2.0,0.0,0.0,0.0,False
VDR-10626.corp.local,1.0,0.0,0.0,0.0,False
WS-12356.corp.local,1.0,0.0,0.0,0.0,False
WS-12701,9.0,3.0,1.0,2.0,True
VDR-12959.corp.local,1.0,0.0,0.0,0.0,False
WS-11598,1.0,0.0,0.0,4.0,True
WS-11814,11.0,2.0,2.0,2.0,True
ws-10524,1.0,0.0,0.0,0.0,False
lpt-11004,1.0,0.0,0.0,0.0,False
LPT-11950.corp.local,1.0,0.0,0.0,0.0,False
lpt-11398,1.0,0.0,0.0,0.0,False
WS-12051,12.0,2.0,6.0,5.0,True
vdr-10690,2.0,0.0,1.0,0.0,False
LPT_12231,1.0,0.0,0.0,0.0,False
WS-10982.corp.local,2.0,0.0,0.0,0.0,False
WS-10493,7.0,1.0,0.0,0.0,True
ws-12868,2.0,0.0,0.0,0.0,False
WS-12592,7.0,1.0,2.0,1.0,True
lpt-10891,1.0,0.0,0.0,0.0,False
lpt-12639,1.0,0.0,0.0,0.0,False
VDR_10929,1.0,0.0,1.0,0.0,False
ws-11194,3.0,0.0,0.0,0.0,False
ws-12139,1.0,0.0,0.0,0.0,False
WS-11835,8.0,2.0,1.0,0.0,False
LPT_11539,1.0,0.0,0.0,0.0,False
VDR_11033,1.0,0.0,0.0,0.0,False
VDR_12369,4.0,0.0,0.0,0.0,False
WS-11873.corp.local,1.0,1.0,1.0,0.0,False
VDR_10499,3.0,0.0,0.0,0.0,False
lpt-12349,1.0,0.0,0.0,0.0,False
VDR-11774,7.0,2.0,0.0,4.0,True
LPT-10212,9.0,1.0,0.0,3.0,True
WS-11286,7.0,2.0,1.0,6.0,True
LPT-10557,4.0,1.0,0.0,1.0,True
vdr-12013,3.0,0.0,1.0,0.0,False
LPT_10114,1.0,0.0,1.0,0.0,False
VDR-12412,5.0,1.0,0.0,1.0,True
LPT-10275.corp.local,1.0,0.0,0.0,0.0,False
VDR_12423,1.0,0.0,0.0,0.0,False
VDR-11585.corp.local,1.0,0.0,0.0,0.0,False
lpt-12001,2.0,0.0,1.0,0.0,False
ws-10508,1.0,0.0,0.0,0.0,False
VDR-11931,4.0,0.0,0.0,1.0,False
VDR_10975,1.0,0.0,0.0,0.0,False
lpt-11824,1.0,1.0,0.0,0.0,False
WS-11873,7.0,1.0,1.0,3.0,True
WS-10263,7.0,2.0,2.0,2.0,False
LPT-12961.corp.local,2.0,2.0,1.0,0.0,False
ws-10111,1.0,0.0,0.0,0.0,False
LPT-12586,6.0,4.0,1.0,2.0,True
vdr-10299,1.0,0.0,0.0,0.0,False
ws-10625,1.0,0.0,0.0,0.0,False
LPT-12786.corp.local,2.0,0.0,0.0,0.0,False
ws-11320,2.0,1.0,0.0,0.0,False
LPT-11840,8.0,1.0,1.0,4.0,True
vdr-11858,2.0,0.0,0.0,0.0,False
lpt-10777,2.0,0.0,0.0,0.0,False
WS-12808,8.0,1.0,0.0,2.0,True
WS-10415,9.0,2.0,0.0,1.0,True
WS-10827,4.0,0.0,2.0,3.0,False
ws-11073,2.0,1.0,0.0,0.0,False
WS-10202,6.0,0.0,0.0,3.0,True
WS-10828,9.0,2.0,0.0,2.0,True
ws-12879,4.0,1.0,0.0,0.0,False
VDR_10421,1.0,0.0,0.0,0.0,False
VDR_10847,1.0,0.0,0.0,0.0,False
ws-10472,2.0,0.0,0.0,0.0,False
LPT-12424,6.0,2.0,0.0,8.0,True
WS-12981.corp.local,2.0,2.0,0.0,0.0,False
VDR-11213.corp.local,2.0,0.0,0.0,0.0,False
WS_12104,1.0,1.0,0.0,0.0,False
LPT-12291,6.0,2.0,0.0,4.0,True
lpt-12521,1.0,1.0,0.0,0.0,False
VDR-12487.corp.local,2.0,0.0,0.0,0.0,False
VDR-10018.corp.local,2.0,1.0,0.0,0.0,False
WS-11492.corp.local,1.0,1.0,0.0,0.0,False
VDR-12325.corp.local,1.0,0.0,1.0,0.0,False
WS-10368.corp.local,1.0,1.0,0.0,0.0,False
ws-11317,2.0,0.0,0.0,0.0,False
WS_11621,2.0,1.0,0.0,0.0,False
VDR-10454,7.0,0.0,1.0,4.0,True
WS-11084.corp.local,2.0,1.0,0.0,0.0,False
LPT_10860,1.0,1.0,0.0,0.0,False
vdr-10807,1.0,0.0,1.0,0.0,False
WS-10317.corp.local,1.0,0.0,0.0,0.0,False
WS-11944.corp.local,3.0,1.0,0.0,0.0,False
ws-11536,1.0,0.0,0.0,0.0,False
LPT-11086,15.0,5.0,0.0,4.0,True
WS-11380.corp.local,2.0,1.0,0.0,0.0,False
ws-11119,1.0,0.0,0.0,0.0,False
VDR-12926,5.0,3.0,1.0,2.0,True
VDR_12966,1.0,1.0,0.0,0.0,False
lpt-12747,1.0,0.0,0.0,0.0,False
VDR_12302,3.0,0.0,1.0,0.0,False
LPT-11341.corp.local,2.0,0.0,0.0,0.0,False
lpt-12105,2.0,0.0,1.0,0.0,False
ws-12799,3.0,1.0,0.0,0.0,False
WS-10445,4.0,0.0,2.0,4.0,True
vdr-11499,3.0,2.0,0.0,0.0,False
VDR_12040,1.0,1.0,0.0,0.0,False
LPT_11156,2.0,0.0,0.0,0.0,False
VDR-10690,4.0,0.0,0.0,3.0,True
WS-11242,7.0,3.0,0.0,0.0,True
LPT-10981,12.0,5.0,1.0,5.0,True
vdr-10631,3.0,0.0,0.0,0.0,False
LPT-10616,8.0,1.0,1.0,3.0,False
WS_10468,2.0,0.0,0.0,0.0,False
WS-11049.corp.local,1.0,0.0,1.0,0.0,False
WS-11450,4.0,1.0,0.0,1.0,True
LPT-10015,8.0,3.0,0.0,2.0,True
ws-12876,2.0,1.0,0.0,0.0,False
WS-12363,6.0,2.0,0.0,2.0,True
vdr-10856,2.0,1.0,1.0,0.0,False
WS-10487,10.0,1.0,1.0,2.0,True
WS-10049,5.0,1.0,0.0,4.0,True
LPT-10127,2.0,1.0,1.0,2.0,True
ws-11671,2.0,0.0,0.0,0.0,False
ws-11113,3.0,0.0,1.0,0.0,False
VDR-12019.,0.0,0.0,0.0,0.0,True
VDR-12437.,0.0,0.0,0.0,0.0,True
VDR_11479,1.0,1.0,0.0,0.0,False
VDR-10947,8.0,1.0,2.0,1.0,True
vdr-11765,1.0,0.0,0.0,0.0,False
WS-12162.corp.local,1.0,0.0,0.0,0.0,False
lpt-10811,2.0,1.0,1.0,0.0,False
vdr-12656,2.0,0.0,0.0,0.0,False
ws-11262,2.0,2.0,0.0,0.0,False
ws-11454,2.0,0.0,0.0,0.0,False
WS-11287.corp.local,1.0,0.0,0.0,0.0,False
lpt-10107,1.0,1.0,0.0,0.0,False
lpt-12615,1.0,0.0,0.0,0.0,False
lpt-12566,2.0,0.0,0.0,0.0,False
VDR-10983.corp.local,1.0,1.0,0.0,0.0,False
VDR_11966,2.0,2.0,0.0,0.0,False
LPT-12968,11.0,2.0,1.0,3.0,True
VDR-12450.corp.local,1.0,0.0,0.0,0.0,False
LPT-10745,5.0,0.0,0.0,6.0,True
WS_12633,1.0,0.0,0.0,0.0,False
LPT-12240,4.0,1.0,0.0,0.0,True
VDR-10975,4.0,0.0,0.0,2.0,True
WS-12262.corp.local,2.0,0.0,0.0,0.0,False
VDR-11487,5.0,1.0,1.0,4.0,True
LPT-11337,4.0,1.0,0.0,4.0,True
LPT-11300,7.0,0.0,3.0,6.0,True
VDR_12185,1.0,1.0,0.0,0.0,False
LPT-10262.corp.local,1.0,1.0,0.0,0.0,False
vdr-11930,1.0,0.0,0.0,0.0,False
LPT_11428,1.0,0.0,0.0,0.0,False
LPT_12438,2.0,0.0,0.0,0.0,False
VDR-12302,14.0,3.0,3.0,5.0,True
WS_12923,1.0,0.0,0.0,0.0,False
LPT-11005.corp.local,2.0,0.0,0.0,0.0,False
LPT-12069,3.0,1.0,0.0,4.0,True
LPT-10654.corp.local,1.0,1.0,0.0,0.0,False
WS-10180.corp.local,1.0,0.0,0.0,0.0,False
WS-11216,5.0,0.0,0.0,0.0,True
VDR-12273,5.0,0.0,0.0,4.0,True
LPT-12955,5.0,0.0,0.0,5.0,True
WS-10829,6.0,2.0,1.0,3.0,True
WS_10359,2.0,0.0,1.0,0.0,False
LPT-10356,6.0,2.0,0.0,2.0,True
LPT-12470.corp.local,1.0,0.0,0.0,0.0,False
VDR_10961,1.0,0.0,0.0,0.0,False
VDR-10698,4.0,2.0,1.0,3.0,False
LPT-11086.corp.local,1.0,1.0,1.0,0.0,False
VDR-11247,9.0,2.0,1.0,3.0,True
VDR-11249,9.0,1.0,1.0,1.0,True
VDR_12160,1.0,0.0,0.0,0.0,False
VDR-12126.corp.local,1.0,0.0,0.0,0.0,False
LPT_11907,1.0,1.0,0.0,0.0,False
LPT-10483.corp.local,3.0,0.0,0.0,0.0,False
WS_11424,2.0,1.0,0.0,0.0,False
VDR_10886,2.0,0.0,0.0,0.0,False
LPT-11101,6.0,1.0,2.0,2.0,True
lpt-12772,1.0,0.0,0.0,0.0,False
VDR-11407,10.0,2.0,0.0,0.0,True
VDR-10339.corp.local,1.0,1.0,0.0,0.0,False
ws-10190,4.0,0.0,1.0,0.0,False
VDR-10698.corp.local,2.0,0.0,1.0,0.0,False
WS-10766,7.0,1.0,2.0,4.0,True
VDR-11177,5.0,0.0,0.0,3.0,True
WS-10546,9.0,2.0,0.0,2.0,True
LPT-11185,7.0,2.0,1.0,1.0,True
LPT-12061.corp.local,1.0,0.0,0.0,0.0,False
VDR-12123.corp.local,1.0,0.0,1.0,0.0,False
VDR_12012,1.0,0.0,0.0,0.0,False
VDR-12647,9.0,1.0,2.0,3.0,True
LPT-12739.corp.local,1.0,0.0,0.0,0.0,False
WS-11245,5.0,1.0,0.0,3.0,False
LPT-12703.corp.local,1.0,0.0,0.0,0.0,False
LPT-12049,6.0,1.0,2.0,0.0,True
VDR_12696,1.0,1.0,0.0,0.0,False
VDR-12012,4.0,0.0,2.0,2.0,False
ws-12887,2.0,1.0,1.0,0.0,False
lpt-10646,1.0,1.0,0.0,0.0,False
VDR-11344,7.0,2.0,0.0,2.0,True
LPT_10912,1.0,1.0,0.0,0.0,False
VDR_11817,1.0,0.0,0.0,0.0,False
LPT_12538,2.0,1.0,1.0,0.0,False
VDR-11962.corp.local,1.0,1.0,0.0,0.0,False
VDR-12934,8.0,4.0,1.0,1.0,True
LPT-10459.corp.local,1.0,0.0,0.0,0.0,False
WS-10043,8.0,3.0,0.0,6.0,True
vdr-12121,1.0,0.0,0.0,0.0,False
VDR-12074.corp.local,2.0,0.0,0.0,0.0,False
LPT-11960.corp.local,1.0,0.0,0.0,0.0,False
ws-12217,1.0,0.0,0.0,0.0,False
WS_12482,2.0,0.0,0.0,0.0,False
LPT_11977,1.0,1.0,0.0,0.0,False
VDR_10510,1.0,1.0,0.0,0.0,False
lpt-10855,1.0,0.0,0.0,0.0,False
LPT-11658,9.0,2.0,0.0,1.0,True
vdr-11426,2.0,0.0,0.0,0.0,False
VDR-12932,3.0,1.0,1.0,1.0,True
LPT-10259,5.0,1.0,0.0,2.0,True
VDR_11426,2.0,1.0,0.0,0.0,False
VDR-10208.corp.local,1.0,0.0,0.0,0.0,False
lpt-11705,1.0,0.0,1.0,0.0,False
VDR-10247,7.0,0.0,1.0,3.0,False
WS-11502.corp.local,1.0,0.0,1.0,0.0,False
WS-11139,8.0,1.0,2.0,2.0,True
WS-10837,5.0,2.0,0.0,0.0,True
WS-12878,7.0,3.0,0.0,4.0,True
VDR-11493.,0.0,0.0,0.0,0.0,True
LPT-11732.,0.0,0.0,0.0,0.0,True
lpt-12147,2.0,0.0,0.0,0.0,False
LPT-10547.corp.local,1.0,0.0,0.0,0.0,False
LPT-11664,5.0,2.0,1.0,2.0,True
VDR-10029,7.0,2.0,2.0,6.0,True
lpt-10954,3.0,0.0,0.0,0.0,False
vdr-11316,1.0,1.0,0.0,0.0,False
vdr-10623,1.0,0.0,0.0,0.0,False
LPT-11452,8.0,3.0,1.0,0.0,False
ws-10156,1.0,1.0,0.0,0.0,False
vdr-11412,2.0,2.0,0.0,0.0,False
vdr-12233,3.0,1.0,0.0,0.0,False
vdr-11490,2.0,1.0,0.0,0.0,False
VDR-10614.corp.local,1.0,0.0,0.0,0.0,False
LPT-11995.corp.local,2.0,0.0,0.0,0.0,False
ws-11905,2.0,1.0,0.0,0.0,False
lpt-10347,3.0,0.0,0.0,0.0,False
WS-10178.corp.local,1.0,1.0,0.0,0.0,False
WS-11938,6.0,3.0,0.0,4.0,True
VDR-12775,3.0,0.0,0.0,3.0,False
vdr-12071,1.0,0.0,1.0,0.0,False
VDR-12519.corp.local,1.0,1.0,0.0,0.0,False
VDR-11665.corp.local,2.0,2.0,0.0,0.0,False
lpt-11956,1.0,0.0,0.0,0.0,False
ws-10974,1.0,0.0,0.0,0.0,False
ws-12912,3.0,0.0,0.0,0.0,False
VDR-10744,7.0,2.0,1.0,4.0,False
vdr-12463,2.0,0.0,0.0,0.0,False
LPT-12304.corp.local,1.0,0.0,0.0,0.0,False
VDR-10449.,0.0,0.0,0.0,0.0,True
VDR-11578,7.0,3.0,0.0,1.0,True
WS_12853,3.0,0.0,0.0,0.0,False
LPT-11031,6.0,4.0,1.0,1.0,False
vdr-11093,3.0,0.0,0.0,0.0,False
VDR_10022,1.0,0.0,0.0,0.0,False
WS-10095,9.0,1.0,2.0,2.0,True
ws-11590,4.0,1.0,1.0,0.0,False
LPT-10957,8.0,2.0,2.0,0.0,True
VDR-11199,9.0,0.0,1.0,3.0,True
ws-12446,1.0,0.0,0.0,0.0,False
ws-12773,2.0,0.0,0.0,0.0,False
vdr-10477,2.0,0.0,0.0,0.0,False
VDR-11417,8.0,4.0,0.0,3.0,True
ws-10379,2.0,0.0,0.0,0.0,False
LPT-10972.corp.local,1.0,0.0,0.0,0.0,False
VDR-11201,8.0,3.0,1.0,3.0,False
WS-10297,5.0,2.0,1.0,1.0,True
LPT-10678.corp.local,1.0,1.0,0.0,0.0,False
ws-10617,1.0,0.0,0.0,0.0,False
vdr-10208,2.0,0.0,0.0,0.0,False
lpt-10860,1.0,0.0,0.0,0.0,False
LPT-11801,8.0,3.0,1.0,0.0,True
LPT-11453,4.0,0.0,0.0,1.0,True
VDR_12936,2.0,0.0,0.0,0.0,False
WS_11553,1.0,0.0,0.0,0.0,False
LPT-12347.corp.local,1.0,1.0,0.0,0.0,False
VDR-11581,9.0,6.0,1.0,3.0,True
vdr-10659,2.0,1.0,0.0,0.0,False
WS-11383,2.0,0.0,0.0,2.0,True
LPT-12755.corp.local,4.0,3.0,1.0,0.0,False
ws-10288,1.0,0.0,0.0,0.0,False
LPT_11208,2.0,0.0,0.0,0.0,False
vdr-10152,1.0,0.0,0.0,0.0,False
WS_10967,1.0,0.0,0.0,0.0,False
LPT-11414,11.0,0.0,3.0,1.0,True
VDR-12310.corp.local,1.0,0.0,0.0,0.0,False
WS-11696,6.0,1.0,1.0,2.0,True
VDR-12986.,0.0,0.0,0.0,0.0,True
VDR-11096.corp.local,1.0,1.0,0.0,0.0,False
WS_12822,1.0,1.0,0.0,0.0,False
lpt-11741,2.0,1.0,0.0,0.0,False
WS-10845,5.0,1.0,1.0,3.0,True
WS-11069,13.0,1.0,1.0,6.0,True
lpt-10159,2.0,0.0,0.0,0.0,False
WS-11808,5.0,4.0,0.0,0.0,True
