hostname,firewall_event_count,firewall_deny_count,threat_flag_count,unique_source_ip_count,unique_destination_ip_count,bytes_sent,bytes_received,session_count,endpoint_alert_count,critical_endpoint_alert_count,is_managed,firewall_deny_ratio,evidence_count,feature_confidence
LPT-10321.corp.local,2.0,0.0,0.0,2.0,1.0,64048925.0,24920130.92,1.0,0.0,0.0,False,0.0,2.0,PROBABLE
vdr-11746,2.0,0.0,1.0,1.0,1.0,69623760.22,67408075.64,2.0,0.0,0.0,False,0.0,2.0,PROBABLE
vdr-10354,1.0,0.0,0.0,0.0,1.0,14024993.0,28631869.44,1.0,0.0,0.0,False,0.0,1.0,PROBABLE
VDR_12159,1.0,0.0,1.0,0.0,0.0,24819643.22,14146806.0,1.0,0.0,0.0,False,0.0,1.0,PROBABLE
LPT-12644.corp.local,1.0,1.0,0.0,0.0,1.0,1237319.68,7791748.0,1.0,0.0,0.0,False,1.0,1.0,PROBABLE
LPT_12522,2.0,1.0,0.0,1.0,1.0,40904799.06,74243103.64,2.0,0.0,0.0,False,0.5,2.0,PROBABLE
lpt-12780,3.0,0.0,0.0,2.0,1.0,54950168.28,86023040.0,3.0,0.0,0.0,False,0.0,3.0,PROBABLE
ws-11994,1.0,1.0,0.0,1.0,0.0,41446528.0,24526192.64,1.0,0.0,0.0,False,1.0,1.0,PROBABLE
VDR-12119,5.0,0.0,0.0,5.0,3.0,144664737.8,149731391.28,5.0,2.0,0.0,True,0.0,7.0,EXACT
VDR-10929,5.0,0.0,0.0,2.0,3.0,125051586.47999999,112254348.44,5.0,3.0,1.0,True,0.0,8.0,EXACT
WS-11672,6.0,2.0,0.0,3.0,4.0,141604633.46,111335554.92,5.0,4.0,0.0,False,0.3333333333333333,10.0,PROBABLE
VDR-10825.corp.local,1.0,0.0,0.0,0.0,1.0,17711396.0,38894007.0,1.0,0.0,0.0,False,0.0,1.0,PROBABLE
VDR-11910,5.0,1.0,2.0,3.0,3.0,87548982.53999999,120404940.8,4.0,1.0,0.0,False,0.2,6.0,PROBABLE
vdr-12579,2.0,0.0,0.0,1.0,0.0,64113847.92,76942225.0,1.0,0.0,0.0,False,0.0,2.0,PROBABLE
ws-11393,2.0,1.0,0.0,1.0,2.0,61210303.22,39468417.64,2.0,0.0,0.0,False,0.5,2.0,PROBABLE
WS-10117.corp.local,2.0,0.0,1.0,2.0,1.0,63548061.22,43898459.64,1.0,0.0,0.0,False,0.0,2.0,PROBABLE
WS-10190,4.0,0.0,1.0,2.0,1.0,65306045.14,109476491.28,4.0,5.0,0.0,False,0.0,9.0,PROBABLE
LPT-12169,7.0,0.0,0.0,3.0,3.0,128143050.44,120811108.68,7.0,4.0,0.0,True,0.0,11.0,EXACT
lpt-10107,1.0,1.0,0.0,1.0,1.0,17482311.68,24526192.64,1.0,0.0,0.0,False,1.0,1.0,PROBABLE
lpt-10414,1.0,0.0,0.0,0.0,1.0,45070294.0,24526192.64,1.0,0.0,0.0,False,0.0,1.0,PROBABLE
LPT-11281,4.0,0.0,0.0,2.0,2.0,129904501.24000001,111512729.36,4.0,2.0,2.0,True,0.0,6.0,EXACT
WS-11696,6.0,1.0,1.0,4.0,3.0,149106930.14,165509911.92000002,5.0,2.0,0.0,True,0.16666666666666666,8.0,EXACT
WS-10970,4.0,1.0,1.0,3.0,2.0,74040744.0,151450593.96,3.0,3.0,0.0,True,0.25,7.0,EXACT
LPT_12813,2.0,0.0,0.0,1.0,1.0,30451891.0,53532584.0,2.0,0.0,0.0,False,0.0,2.0,PROBABLE
VDR-12775.,0.0,0.0,0.0,0.0,0.0,0.0,0.0,0.0,0.0,0.0,True,0.0,0.0,EXACT
VDR-12225,6.0,3.0,0.0,3.0,3.0,181945283.86,131764875.84,6.0,7.0,0.0,True,0.5,13.0,EXACT
LPT_10763,2.0,0.0,0.0,2.0,0.0,28700682.22,45216719.12,1.0,0.0,0.0,False,0.0,2.0,PROBABLE
LPT-12643.corp.local,1.0,0.0,0.0,1.0,0.0,9385954.0,30769109.0,1.0,0.0,0.0,False,0.0,1.0,PROBABLE
LPT-12699,3.0,0.0,0.0,0.0,2.0,60499464.22,86793737.28,2.0,5.0,0.0,True,0.0,8.0,EXACT
LPT-11928.corp.local,2.0,1.0,0.0,0.0,0.0,34578123.22,48504577.0,2.0,0.0,0.0,False,0.5,2.0,PROBABLE
WS-11437,10.0,1.0,2.0,5.0,3.0,239550692.64,206655290.04000002,8.0,2.0,1.0,True,0.1,12.0,EXACT
vdr-12178,2.0,0.0,0.0,1.0,0.0,59560366.22,19436880.0,2.0,0.0,0.0,False,0.0,2.0,PROBABLE
VDR-10960.corp.local,1.0,0.0,0.0,1.0,0.0,47323050.0,20508999.0,1.0,0.0,0.0,False,0.0,1.0,PROBABLE
lpt-10364,1.0,0.0,0.0,1.0,1.0,23969656.0,18011804.0,1.0,0.0,0.0,False,0.0,1.0,PROBABLE
LPT-11627,8.0,1.0,0.0,3.0,3.0,209212926.46,202273304.68,7.0,3.0,0.0,True,0.125,11.0,EXACT
vdr-10924,1.0,0.0,0.0,1.0,0.0,24819643.22,22674816.0,1.0,0.0,0.0,False,0.0,1.0,PROBABLE
VDR-11487,5.0,1.0,1.0,3.0,3.0,122656092.22,138426606.72,4.0,4.0,0.0,True,0.2,9.0,EXACT
VDR-10299,2.0,0.0,0.0,1.0,1.0,53464545.22,86454904.44,2.0,2.0,0.0,True,0.0,4.0,EXACT
LPT-10127,2.0,1.0,1.0,0.0,1.0,33356216.32,50095943.64,2.0,2.0,0.0,True,0.5,4.0,EXACT
LPT-10418,4.0,2.0,1.0,2.0,0.0,89027745.0,118642679.64,3.0,3.0,0.0,True,0.5,7.0,EXACT
lpt-12014,1.0,0.0,0.0,0.0,1.0,24819643.22,23152558.08,1.0,0.0,0.0,False,0.0,1.0,PROBABLE
VDR-10010,7.0,1.0,1.0,4.0,3.0,150364410.28,196698340.28,6.0,0.0,0.0,True,0.14285714285714285,7.0,EXACT
LPT-10375,5.0,2.0,1.0,4.0,1.0,134434151.66,123234423.12,5.0,1.0,0.0,True,0.4,6.0,EXACT
VDR_12936,2.0,0.0,0.0,2.0,1.0,49639286.44,89357700.0,2.0,0.0,0.0,False,0.0,2.0,PROBABLE
LPT_10496,3.0,1.0,0.0,3.0,0.0,74458929.66,109179061.0,3.0,0.0,0.0,False,0.3333333333333333,3.0,PROBABLE
VDR-10387.corp.local,2.0,2.0,0.0,1.0,2.0,55657428.04,70911006.0,1.0,0.0,0.0,False,1.0,2.0,PROBABLE
VDR-10940,5.0,0.0,1.0,1.0,2.0,148159445.54,89919933.68,5.0,2.0,0.0,True,0.0,7.0,EXACT
VDR-10744,7.0,2.0,1.0,2.0,3.0,182710803.44,175492817.12,6.0,4.0,2.0,False,0.2857142857142857,11.0,PROBABLE
ws-11172,1.0,0.0,0.0,1.0,1.0,24819643.22,4071551.0,1.0,0.0,0.0,False,0.0,1.0,PROBABLE
VDR_11068,1.0,0.0,0.0,0.0,0.0,35481585.0,2924195.84,0.0,0.0,0.0,False,0.0,1.0,PROBABLE
lpt-11903,1.0,0.0,0.0,1.0,0.0,24819643.22,35185102.0,1.0,0.0,0.0,False,0.0,1.0,PROBABLE
lpt-12349,1.0,0.0,0.0,1.0,0.0,46651146.24,24702110.0,0.0,0.0,0.0,False,0.0,1.0,PROBABLE
ws-10128,1.0,1.0,0.0,1.0,0.0,18633195.52,17542676.48,0.0,0.0,0.0,False,1.0,1.0,PROBABLE
LPT-11185.corp.local,3.0,2.0,0.0,1.0,3.0,89504480.12,104948914.84,3.0,0.0,0.0,False,0.6666666666666666,3.0,PROBABLE
VDR_12958,2.0,0.0,1.0,1.0,2.0,59737289.0,69853716.64,2.0,0.0,0.0,False,0.0,2.0,PROBABLE
LPT_10905,1.0,0.0,0.0,0.0,0.0,24819643.22,31720533.0,1.0,0.0,0.0,False,0.0,1.0,PROBABLE
VDR-10168,7.0,1.0,1.0,3.0,2.0,205550122.82,161786512.92000002,5.0,3.0,0.0,True,0.14285714285714285,10.0,EXACT
WS-10874,5.0,1.0,1.0,4.0,1.0,103703015.22,130391837.12,3.0,3.0,0.0,True,0.2,8.0,EXACT
VDR-10621,6.0,2.0,0.0,4.0,2.0,169867620.44,145576470.64,6.0,1.0,0.0,True,0.3333333333333333,7.0,EXACT
WS-11953,9.0,1.0,1.0,3.0,7.0,204852102.32,262538297.68,8.0,3.0,0.0,True,0.1111111111111111,12.0,EXACT
LPT-12475.,0.0,0.0,0.0,0.0,0.0,0.0,0.0,0.0,0.0,0.0,True,0.0,0.0,EXACT
VDR_12663,2.0,1.0,0.0,1.0,0.0,44952363.86,32626126.0,1.0,0.0,0.0,False,0.5,2.0,PROBABLE
ws-11952,1.0,0.0,0.0,0.0,1.0,37145389.0,49907947.52,1.0,0.0,0.0,False,0.0,1.0,PROBABLE
WS-11365,6.0,3.0,0.0,5.0,2.0,148289077.66,192059507.4,5.0,3.0,0.0,True,0.5,9.0,EXACT
WS-12549,12.0,4.0,0.0,5.0,7.0,288350363.96,258756380.44,9.0,1.0,0.0,False,0.3333333333333333,13.0,PROBABLE
WS-12910.corp.local,1.0,0.0,0.0,1.0,0.0,24819643.22,5313436.0,1.0,0.0,0.0,False,0.0,1.0,PROBABLE
WS-10969,2.0,0.0,0.0,1.0,1.0,42171878.22,68539050.64,2.0,2.0,0.0,False,0.0,4.0,PROBABLE
VDR-12554.corp.local,1.0,1.0,0.0,1.0,0.0,34375012.0,13063328.0,1.0,0.0,0.0,False,1.0,1.0,PROBABLE
LPT-11887.corp.local,1.0,0.0,0.0,1.0,0.0,24819643.22,24526192.64,1.0,0.0,0.0,False,0.0,1.0,PROBABLE
WS-12409.corp.local,1.0,0.0,0.0,0.0,0.0,39932846.0,36579518.0,1.0,0.0,0.0,False,0.0,1.0,PROBABLE
VDR_10667,2.0,1.0,1.0,2.0,1.0,37132771.96,36236437.64,2.0,0.0,0.0,False,0.5,2.0,PROBABLE
VDR_11575,1.0,1.0,0.0,0.0,0.0,24819643.22,24814478.0,1.0,0.0,0.0,False,1.0,1.0,PROBABLE
VDR-10279.corp.local,4.0,3.0,0.0,2.0,2.0,88590658.25999999,85482445.64,4.0,0.0,0.0,False,0.75,4.0,PROBABLE
LPT-10931,8.0,1.0,1.0,1.0,3.0,194634007.04,207781488.92000002,8.0,0.0,0.0,True,0.125,8.0,EXACT
VDR-11166.corp.local,1.0,0.0,0.0,1.0,1.0,23926723.0,38802390.0,0.0,0.0,0.0,False,0.0,1.0,PROBABLE
VDR-10793,6.0,2.0,1.0,3.0,4.0,83668026.24,137481425.92000002,6.0,2.0,0.0,True,0.3333333333333333,8.0,EXACT
vdr-12308,3.0,1.0,1.0,2.0,1.0,68144112.8,79280893.0,3.0,0.0,0.0,False,0.3333333333333333,3.0,PROBABLE
VDR-10396,8.0,3.0,0.0,3.0,5.0,250119414.04000002,225046800.28,8.0,1.0,0.0,True,0.375,9.0,EXACT
VDR_12618,1.0,0.0,0.0,1.0,1.0,24819643.22,32645026.0,1.0,0.0,0.0,False,0.0,1.0,PROBABLE
VDR-12978,6.0,2.0,1.0,3.0,5.0,116348605.12,119010920.56,4.0,1.0,0.0,True,0.3333333333333333,7.0,EXACT
LPT_12852,1.0,0.0,0.0,1.0,0.0,21109197.0,1356839.0,0.0,0.0,0.0,False,0.0,1.0,PROBABLE
LPT_11577,1.0,0.0,0.0,1.0,1.0,8493827.0,3583014.0,1.0,0.0,0.0,False,0.0,1.0,PROBABLE
LPT-10129.corp.local,1.0,0.0,0.0,1.0,1.0,33564917.76,49986383.0,1.0,0.0,0.0,False,0.0,1.0,PROBABLE
LPT-11062,11.0,3.0,2.0,5.0,8.0,261372266.56,244784019.04000002,10.0,4.0,1.0,True,0.2727272727272727,15.0,EXACT
LPT-11705.corp.local,3.0,2.0,0.0,2.0,3.0,76855076.52,8451596.120000001,3.0,0.0,0.0,False,0.6666666666666666,3.0,PROBABLE
WS-12337.corp.local,2.0,0.0,0.0,1.0,1.0,55220595.54,25406651.0,2.0,0.0,0.0,False,0.0,2.0,PROBABLE
LPT-12657,4.0,1.0,0.0,3.0,1.0,92501511.44,119301225.64,4.0,1.0,0.0,True,0.25,5.0,EXACT
WS-12337,10.0,2.0,2.0,5.0,6.0,348168162.22,298525592.48,7.0,4.0,0.0,True,0.2,14.0,EXACT
VDR_12367,2.0,0.0,0.0,1.0,2.0,29412286.22,71391643.64,2.0,0.0,0.0,False,0.0,2.0,PROBABLE
WS-12283,8.0,4.0,0.0,3.0,2.0,187057587.64,134387606.68,6.0,3.0,1.0,True,0.5,11.0,EXACT
LPT-11274,8.0,3.0,1.0,4.0,4.0,197490848.85999998,204133060.4,6.0,1.0,0.0,True,0.375,9.0,EXACT
LPT-12253.corp.local,2.0,0.0,0.0,2.0,0.0,61643606.0,35893227.64,2.0,0.0,0.0,False,0.0,2.0,PROBABLE
VDR-12367,9.0,0.0,1.0,6.0,5.0,245326590.24,191556163.64,8.0,3.0,1.0,True,0.0,12.0,EXACT
ws-12559,1.0,0.0,0.0,0.0,1.0,24819643.22,24526192.64,0.0,0.0,0.0,False,0.0,1.0,PROBABLE
LPT-12763,11.0,0.0,0.0,4.0,3.0,242323248.1,298685554.0,10.0,2.0,0.0,True,0.0,13.0,EXACT
lpt-11597,1.0,0.0,0.0,0.0,0.0,19727155.0,10025553.0,1.0,0.0,0.0,False,0.0,1.0,PROBABLE
LPT_11887,1.0,0.0,0.0,0.0,0.0,36011811.0,37283710.0,1.0,0.0,0.0,False,0.0,1.0,PROBABLE
WS_10264,1.0,0.0,0.0,1.0,1.0,26090432.0,35129556.0,1.0,0.0,0.0,False,0.0,1.0,PROBABLE
VDR-11091.corp.local,1.0,0.0,0.0,0.0,1.0,21573283.84,30097844.0,1.0,0.0,0.0,False,0.0,1.0,PROBABLE
ws-11873,1.0,1.0,0.0,1.0,1.0,24819643.22,39877284.0,1.0,0.0,0.0,False,1.0,1.0,PROBABLE
WS_10970,1.0,0.0,1.0,0.0,1.0,10454531.0,10379707.0,0.0,0.0,0.0,False,0.0,1.0,PROBABLE
WS-11590,6.0,1.0,0.0,3.0,4.0,186077267.64,198824182.92000002,4.0,1.0,0.0,True,0.16666666666666666,7.0,EXACT
LPT-10378,5.0,1.0,0.0,3.0,2.0,114880335.88,108186032.64,5.0,6.0,0.0,True,0.2,11.0,EXACT
WS_11260,1.0,0.0,0.0,1.0,1.0,14653509.0,33524775.0,1.0,0.0,0.0,False,0.0,1.0,PROBABLE
vdr-11068,1.0,0.0,0.0,1.0,0.0,21679303.0,20316922.0,1.0,0.0,0.0,False,0.0,1.0,PROBABLE
WS_12874,1.0,0.0,0.0,0.0,0.0,22523412.48,30862182.4,1.0,0.0,0.0,False,0.0,1.0,PROBABLE
lpt-12292,2.0,0.0,0.0,1.0,0.0,28724970.0,43734539.64,2.0,0.0,0.0,False,0.0,2.0,PROBABLE
WS-12204,7.0,2.0,1.0,2.0,3.0,205286601.32,178786527.32,6.0,1.0,0.0,True,0.2857142857142857,8.0,EXACT
LPT-12285,8.0,3.0,1.0,2.0,2.0,189478631.01999998,215797886.36,6.0,2.0,0.0,True,0.375,10.0,EXACT
lpt-12378,2.0,1.0,0.0,2.0,0.0,51373473.22,36931973.120000005,2.0,0.0,0.0,False,0.5,2.0,PROBABLE
VDR-12137.corp.local,1.0,1.0,0.0,0.0,1.0,5829141.0,25388045.0,1.0,0.0,0.0,False,1.0,1.0,PROBABLE
LPT-11322,6.0,1.0,0.0,2.0,3.0,158942959.54,172141200.76,4.0,5.0,1.0,True,0.16666666666666666,11.0,EXACT
LPT_12644,1.0,0.0,0.0,1.0,0.0,24819643.22,46336573.44,1.0,0.0,0.0,False,0.0,1.0,PROBABLE
lpt-11918,2.0,0.0,0.0,2.0,2.0,25018872.66,4824185.0,2.0,0.0,0.0,False,0.0,2.0,PROBABLE
ws-12047,4.0,1.0,1.0,2.0,1.0,83027040.22,103265039.52000001,3.0,0.0,0.0,False,0.25,4.0,PROBABLE
lpt-11631,1.0,1.0,0.0,0.0,0.0,24819643.22,18297651.2,1.0,0.0,0.0,False,1.0,1.0,PROBABLE
VDR-10924.corp.local,1.0,0.0,1.0,0.0,0.0,24819643.22,47511568.0,1.0,0.0,0.0,False,0.0,1.0,PROBABLE
vdr-12562,1.0,0.0,0.0,1.0,1.0,15332026.0,24526192.64,1.0,0.0,0.0,False,0.0,1.0,PROBABLE
ws-11111,3.0,0.0,1.0,0.0,3.0,39752089.72,74706881.64,3.0,0.0,0.0,False,0.0,3.0,PROBABLE
VDR-11858,4.0,1.0,0.0,2.0,4.0,117348916.4,122389059.36,4.0,3.0,0.0,True,0.25,7.0,EXACT
ws-10369,1.0,0.0,1.0,0.0,0.0,48108666.88,24526192.64,1.0,0.0,0.0,False,0.0,1.0,PROBABLE
LPT-11627.corp.local,1.0,0.0,0.0,1.0,1.0,17984613.0,28284387.0,1.0,0.0,0.0,False,0.0,1.0,PROBABLE
VDR_11302,1.0,0.0,0.0,0.0,1.0,49141744.0,24526192.64,1.0,0.0,0.0,False,0.0,1.0,PROBABLE
VDR-12499,4.0,0.0,0.0,4.0,2.0,106676343.22,62928805.36,4.0,5.0,0.0,True,0.0,9.0,EXACT
VDR_10886,2.0,0.0,0.0,2.0,0.0,57800519.22,61476359.0,2.0,0.0,0.0,False,0.0,2.0,PROBABLE
WS-10786,7.0,1.0,0.0,1.0,4.0,274884662.62,180240839.68,6.0,2.0,1.0,True,0.14285714285714285,9.0,EXACT
vdr-10248,1.0,1.0,1.0,0.0,1.0,24819643.22,19853436.0,1.0,0.0,0.0,False,1.0,1.0,PROBABLE
VDR-11407,10.0,2.0,0.0,3.0,6.0,225407871.0,322286816.2,8.0,0.0,0.0,True,0.2,10.0,EXACT
vdr-11752,2.0,0.0,1.0,1.0,1.0,59231111.0,49052385.28,2.0,0.0,0.0,False,0.0,2.0,PROBABLE
LPT_10851,1.0,1.0,0.0,0.0,0.0,49869235.0,8967573.0,1.0,0.0,0.0,False,1.0,1.0,PROBABLE
WS_10579,1.0,1.0,0.0,0.0,0.0,29023006.0,9343508.48,1.0,0.0,0.0,False,1.0,1.0,PROBABLE
VDR_12113,1.0,0.0,0.0,1.0,1.0,21778923.52,4683659.0,0.0,0.0,0.0,False,0.0,1.0,PROBABLE
VDR-12836.corp.local,1.0,0.0,0.0,0.0,1.0,24819643.22,10013900.8,1.0,0.0,0.0,False,0.0,1.0,PROBABLE
VDR-12770.corp.local,1.0,0.0,0.0,1.0,0.0,17835130.88,12096849.0,1.0,0.0,0.0,False,0.0,1.0,PROBABLE
LPT-12969,3.0,0.0,0.0,1.0,2.0,95204041.86,65472386.64,2.0,2.0,0.0,False,0.0,5.0,PROBABLE
LPT_12584,2.0,0.0,0.0,0.0,2.0,16036546.0,70307220.64,1.0,0.0,0.0,False,0.0,2.0,PROBABLE
WS_11242,1.0,0.0,0.0,0.0,1.0,3632938.0,8582463.0,1.0,0.0,0.0,False,0.0,1.0,PROBABLE
vdr-12922,2.0,0.0,0.0,1.0,1.0,82589194.24000001,46146990.2,2.0,0.0,0.0,False,0.0,2.0,PROBABLE
WS-11395.corp.local,2.0,0.0,1.0,1.0,0.0,47174461.22,32284642.52,2.0,0.0,0.0,False,0.0,2.0,PROBABLE
LPT-11781.corp.local,1.0,0.0,0.0,1.0,0.0,36795103.0,38350622.72,0.0,0.0,0.0,False,0.0,1.0,PROBABLE
VDR-10778.corp.local,2.0,0.0,0.0,2.0,0.0,35098103.8,77791506.0,2.0,0.0,0.0,False,0.0,2.0,PROBABLE
VDR-10768,5.0,2.0,1.0,2.0,2.0,159275446.54,104770760.44,3.0,1.0,0.0,True,0.4,6.0,EXACT
LPT-12207,8.0,0.0,2.0,3.0,4.0,194395344.44,181629043.68,8.0,1.0,0.0,True,0.0,9.0,EXACT
lpt-10188,2.0,1.0,1.0,1.0,1.0,35000022.68,74320753.88,1.0,0.0,0.0,False,0.5,2.0,PROBABLE
vdr-10328,1.0,1.0,0.0,1.0,0.0,24108244.0,24526192.64,1.0,0.0,0.0,False,1.0,1.0,PROBABLE
lpt-10021,1.0,0.0,0.0,1.0,0.0,49130117.0,16033473.0,0.0,0.0,0.0,False,0.0,1.0,PROBABLE
VDR-11575,9.0,2.0,0.0,5.0,6.0,218144507.94,173780079.92,7.0,2.0,0.0,True,0.2222222222222222,11.0,EXACT
WS_11939,1.0,0.0,0.0,0.0,0.0,24819643.22,42504323.0,1.0,0.0,0.0,False,0.0,1.0,PROBABLE
vdr-10072,1.0,0.0,0.0,1.0,0.0,5672048.64,30447366.0,1.0,0.0,0.0,False,0.0,1.0,PROBABLE
WS-10606.,0.0,0.0,0.0,0.0,0.0,0.0,0.0,0.0,0.0,0.0,True,0.0,0.0,EXACT
LPT-10439.corp.local,1.0,0.0,0.0,1.0,1.0,24819643.22,48443244.0,1.0,0.0,0.0,False,0.0,1.0,PROBABLE
LPT-12681,3.0,1.0,0.0,1.0,2.0,79344653.44,90033075.84,3.0,4.0,0.0,True,0.3333333333333333,7.0,EXACT
VDR-11874.,0.0,0.0,0.0,0.0,0.0,0.0,0.0,0.0,0.0,0.0,True,0.0,0.0,EXACT
VDR-12071.corp.local,1.0,0.0,0.0,1.0,0.0,37791797.0,37537504.0,1.0,0.0,0.0,False,0.0,1.0,PROBABLE
LPT_10479,1.0,0.0,0.0,1.0,1.0,8973463.0,19500725.0,1.0,0.0,0.0,False,0.0,1.0,PROBABLE
vdr-11509,1.0,0.0,0.0,0.0,0.0,4827125.76,24526192.64,1.0,0.0,0.0,False,0.0,1.0,PROBABLE
LPT-11202,14.0,6.0,1.0,9.0,5.0,349852021.18,351228488.08,13.0,1.0,0.0,False,0.42857142857142855,15.0,PROBABLE
LPT-12904.corp.local,2.0,0.0,1.0,1.0,1.0,96271698.0,42361960.64,2.0,0.0,0.0,False,0.0,2.0,PROBABLE
ws-10711,3.0,1.0,0.0,1.0,2.0,38636002.0,98316467.0,3.0,0.0,0.0,False,0.3333333333333333,3.0,PROBABLE
lpt-11638,1.0,0.0,0.0,1.0,1.0,26040732.0,43778247.0,1.0,0.0,0.0,False,0.0,1.0,PROBABLE
WS-11672.,0.0,0.0,0.0,0.0,0.0,0.0,0.0,0.0,0.0,0.0,True,0.0,0.0,EXACT
VDR-10040,7.0,2.0,0.0,3.0,1.0,139500953.0,167591891.72,7.0,5.0,0.0,True,0.2857142857142857,12.0,EXACT
WS-12619,1.0,0.0,0.0,0.0,0.0,7906263.04,35588096.0,1.0,1.0,0.0,True,0.0,2.0,EXACT
vdr-12441,2.0,1.0,0.0,2.0,2.0,49419236.18,36592829.64,2.0,0.0,0.0,False,0.5,2.0,PROBABLE
vdr-10929,1.0,0.0,0.0,1.0,0.0,24819643.22,24526192.64,0.0,0.0,0.0,False,0.0,1.0,PROBABLE
WS-11624.corp.local,1.0,0.0,0.0,0.0,1.0,44066459.0,77926.0,0.0,0.0,0.0,False,0.0,1.0,PROBABLE
LPT-12657.corp.local,1.0,1.0,0.0,0.0,0.0,24819643.22,7765917.0,1.0,0.0,0.0,False,1.0,1.0,PROBABLE
LPT_10745,1.0,1.0,0.0,1.0,1.0,24819643.22,31267993.6,1.0,0.0,0.0,False,1.0,1.0,PROBABLE
LPT-10639.corp.local,2.0,0.0,0.0,1.0,1.0,69873698.22,25367937.0,2.0,0.0,0.0,False,0.0,2.0,PROBABLE
WS-12509,4.0,2.0,0.0,1.0,3.0,119418452.42,105168489.6,2.0,2.0,0.0,True,0.5,6.0,EXACT
ws-10351,2.0,0.0,0.0,2.0,1.0,97466464.84,89638512.64,2.0,0.0,0.0,False,0.0,2.0,PROBABLE
vdr-11083,1.0,1.0,1.0,0.0,0.0,24819643.22,37564990.0,1.0,0.0,0.0,False,1.0,1.0,PROBABLE
lpt-12505,4.0,0.0,1.0,2.0,2.0,122791834.44,100619209.28,4.0,0.0,0.0,False,0.0,4.0,PROBABLE
WS-12933,6.0,1.0,0.0,2.0,5.0,132786279.0,112570821.64,6.0,0.0,0.0,True,0.16666666666666666,6.0,EXACT
vdr-12054,1.0,0.0,0.0,1.0,1.0,40660703.0,21674410.0,1.0,0.0,0.0,False,0.0,1.0,PROBABLE
LPT-10581.corp.local,2.0,0.0,0.0,2.0,0.0,40945216.0,47961866.24,2.0,0.0,0.0,False,0.0,2.0,PROBABLE
VDR-12893.corp.local,1.0,0.0,0.0,1.0,0.0,1607392.0,24526192.64,1.0,0.0,0.0,False,0.0,1.0,PROBABLE
LPT-12375,1.0,0.0,1.0,1.0,0.0,24819643.22,49875525.0,1.0,3.0,0.0,True,0.0,4.0,EXACT
LPT-11597.corp.local,1.0,0.0,0.0,1.0,1.0,25518346.24,24526192.64,1.0,0.0,0.0,False,0.0,1.0,PROBABLE
LPT-12569,3.0,2.0,1.0,1.0,2.0,74458929.66,72242726.64,3.0,0.0,0.0,True,0.6666666666666666,3.0,EXACT
LPT-12080.corp.local,1.0,0.0,0.0,1.0,1.0,23261251.0,30012624.0,1.0,0.0,0.0,False,0.0,1.0,PROBABLE
ws-11043,1.0,1.0,0.0,1.0,0.0,49419386.88,24526192.64,0.0,0.0,0.0,False,1.0,1.0,PROBABLE
lpt-10066,3.0,1.0,0.0,2.0,3.0,63511115.22,97132616.0,3.0,0.0,0.0,False,0.3333333333333333,3.0,PROBABLE
WS-11289,8.0,2.0,1.0,3.0,4.0,238412920.22,209078792.16,6.0,5.0,0.0,True,0.25,13.0,EXACT
lpt-11816,1.0,1.0,0.0,0.0,1.0,6560633.0,24526192.64,1.0,0.0,0.0,False,1.0,1.0,PROBABLE
LPT-12245,10.0,1.0,0.0,8.0,2.0,210107132.44,294225257.12,8.0,3.0,0.0,True,0.1,13.0,EXACT
LPT-11176.corp.local,2.0,0.0,0.0,1.0,1.0,78695524.0,38983328.64,2.0,0.0,0.0,False,0.0,2.0,PROBABLE
VDR_10672,2.0,0.0,0.0,0.0,2.0,71483165.0,51186135.04,2.0,0.0,0.0,False,0.0,2.0,PROBABLE
LPT_11300,3.0,0.0,0.0,1.0,2.0,104495667.94,76489698.64,3.0,0.0,0.0,False,0.0,3.0,PROBABLE
LPT-11011.corp.local,2.0,0.0,0.0,1.0,2.0,70889647.22,53821480.96,1.0,0.0,0.0,False,0.0,2.0,PROBABLE
LPT-12167.corp.local,1.0,0.0,0.0,1.0,0.0,17647534.08,14910750.72,0.0,0.0,0.0,False,0.0,1.0,PROBABLE
LPT_12921,1.0,0.0,0.0,0.0,0.0,24819643.22,18444510.0,1.0,0.0,0.0,False,0.0,1.0,PROBABLE
lpt-11278,1.0,1.0,0.0,0.0,0.0,44417679.36,24526192.64,1.0,0.0,0.0,False,1.0,1.0,PROBABLE
ws-11553,3.0,0.0,1.0,1.0,1.0,81775783.8,69532610.64,2.0,0.0,0.0,False,0.0,3.0,PROBABLE
VDR-11980,8.0,0.0,2.0,5.0,2.0,182598516.62,207054958.88,6.0,2.0,0.0,True,0.0,10.0,EXACT
lpt-11065,1.0,1.0,0.0,1.0,0.0,36972900.0,49083842.56,1.0,0.0,0.0,False,1.0,1.0,PROBABLE
ws-11000,2.0,2.0,0.0,1.0,1.0,49777483.0,63864613.0,2.0,0.0,0.0,False,1.0,2.0,PROBABLE
VDR-10555,9.0,3.0,0.0,5.0,5.0,172677802.66,262749220.28,9.0,2.0,0.0,True,0.3333333333333333,11.0,EXACT
vdr-10079,1.0,1.0,0.0,0.0,1.0,44921360.0,24526192.64,1.0,0.0,0.0,False,1.0,1.0,PROBABLE
LPT_12289,1.0,0.0,1.0,0.0,0.0,24819643.22,38339945.0,1.0,0.0,0.0,False,0.0,1.0,PROBABLE
VDR-12804,6.0,1.0,1.0,5.0,3.0,147259006.66,132888616.92,6.0,3.0,1.0,True,0.16666666666666666,9.0,EXACT
VDR-10473,17.0,4.0,0.0,11.0,6.0,507723290.46000004,479626974.56,15.0,2.0,0.0,True,0.23529411764705882,19.0,EXACT
VDR_12857,2.0,0.0,0.0,2.0,1.0,81928482.16,5067408.28,2.0,0.0,0.0,False,0.0,2.0,PROBABLE
LPT-11170,5.0,1.0,1.0,4.0,2.0,130978919.66,91177583.28,4.0,3.0,0.0,True,0.2,8.0,EXACT
WS-10984.corp.local,3.0,1.0,0.0,1.0,1.0,87496086.44,76319109.0,3.0,0.0,0.0,False,0.3333333333333333,3.0,PROBABLE
ws-12192,1.0,1.0,0.0,1.0,1.0,24819643.22,7581204.48,1.0,0.0,0.0,False,1.0,1.0,PROBABLE
LPT-10748,5.0,0.0,0.0,3.0,3.0,185675344.36,117823962.8,4.0,0.0,0.0,True,0.0,5.0,EXACT
WS-12104,8.0,1.0,1.0,3.0,3.0,169459349.44,210742757.72,8.0,3.0,0.0,True,0.125,11.0,EXACT
VDR-10147,10.0,2.0,1.0,4.0,6.0,194925876.14,225763500.0,9.0,1.0,0.0,False,0.2,11.0,PROBABLE
WS_10266,1.0,0.0,0.0,1.0,0.0,27484109.0,24526192.64,1.0,0.0,0.0,False,0.0,1.0,PROBABLE
WS-10974.corp.local,1.0,0.0,0.0,0.0,0.0,17993318.4,705085.0,1.0,0.0,0.0,False,0.0,1.0,PROBABLE
LPT-11937.corp.local,1.0,1.0,0.0,1.0,1.0,19398656.0,13441763.0,1.0,0.0,0.0,False,1.0,1.0,PROBABLE
ws-11730,1.0,0.0,0.0,0.0,0.0,24819643.22,24526192.64,1.0,0.0,0.0,False,0.0,1.0,PROBABLE
VDR-12490.corp.local,1.0,0.0,0.0,1.0,1.0,37052190.0,38755553.0,1.0,0.0,0.0,False,0.0,1.0,PROBABLE
lpt-11707,2.0,0.0,0.0,2.0,0.0,43366686.22,53837592.0,2.0,0.0,0.0,False,0.0,2.0,PROBABLE
LPT-10374,10.0,4.0,1.0,6.0,9.0,181871623.07999998,241237763.64,8.0,4.0,0.0,True,0.4,14.0,EXACT
WS_12952,1.0,0.0,0.0,1.0,0.0,24819643.22,10092380.16,1.0,0.0,0.0,False,0.0,1.0,PROBABLE
VDR-10147.corp.local,1.0,1.0,0.0,1.0,1.0,19488465.0,24526192.64,1.0,0.0,0.0,False,1.0,1.0,PROBABLE
vdr-10628,1.0,0.0,0.0,1.0,0.0,24819643.22,22469453.0,1.0,0.0,0.0,False,0.0,1.0,PROBABLE
WS-11743.corp.local,2.0,2.0,1.0,1.0,1.0,41239260.96,21262676.0,2.0,0.0,0.0,False,1.0,2.0,PROBABLE
LPT-10789,8.0,0.0,0.0,5.0,5.0,206161712.07999998,203736938.24,7.0,3.0,0.0,True,0.0,11.0,EXACT
VDR-11594,5.0,4.0,0.0,1.0,1.0,101602275.5,93830005.92,5.0,2.0,0.0,True,0.8,7.0,EXACT
vdr-10662,1.0,1.0,0.0,1.0,1.0,27297681.0,24526192.64,0.0,0.0,0.0,False,1.0,1.0,PROBABLE
ws-10844,2.0,0.0,0.0,0.0,1.0,40172972.56,70140547.4,2.0,0.0,0.0,False,0.0,2.0,PROBABLE
WS-12850,6.0,2.0,0.0,2.0,3.0,127090859.91999999,91569029.2,4.0,3.0,0.0,True,0.3333333333333333,9.0,EXACT
lpt-12257,1.0,0.0,0.0,0.0,1.0,47535740.0,25997850.0,1.0,0.0,0.0,False,0.0,1.0,PROBABLE
WS-12391,9.0,2.0,2.0,5.0,5.0,238245203.23999998,217246646.72,9.0,4.0,1.0,True,0.2222222222222222,13.0,EXACT
VDR_12823,1.0,0.0,0.0,0.0,0.0,21890794.0,38925610.0,1.0,0.0,0.0,False,0.0,1.0,PROBABLE
WS_10945,1.0,1.0,0.0,1.0,1.0,25876262.0,21691043.84,1.0,0.0,0.0,False,1.0,1.0,PROBABLE
VDR-10937.corp.local,1.0,0.0,0.0,0.0,1.0,24819643.22,6357366.0,1.0,0.0,0.0,False,0.0,1.0,PROBABLE
WS-11994,4.0,0.0,0.0,2.0,2.0,131526311.4,107968324.64,3.0,1.0,0.0,True,0.0,5.0,EXACT
VDR-12919,12.0,0.0,0.0,9.0,6.0,298885978.22,280865152.08,12.0,3.0,0.0,True,0.0,15.0,EXACT
WS-11395,11.0,2.0,2.0,2.0,7.0,281921918.36,279869032.28,10.0,1.0,0.0,True,0.18181818181818182,12.0,EXACT
LPT_10860,1.0,1.0,0.0,0.0,1.0,6031011.84,17046642.0,1.0,0.0,0.0,False,1.0,1.0,PROBABLE
LPT-11726,6.0,2.0,2.0,1.0,3.0,96055738.8,134649889.28,6.0,2.0,0.0,True,0.3333333333333333,8.0,EXACT
lpt-11371,2.0,2.0,0.0,2.0,2.0,42020335.22,30858565.64,2.0,0.0,0.0,False,1.0,2.0,PROBABLE
LPT-10127.corp.local,1.0,0.0,0.0,1.0,1.0,17333133.0,42498104.0,1.0,0.0,0.0,False,0.0,1.0,PROBABLE
ws-11462,1.0,0.0,0.0,1.0,1.0,12233065.0,24526192.64,0.0,0.0,0.0,False,0.0,1.0,PROBABLE
VDR_11525,1.0,0.0,0.0,1.0,0.0,48720983.0,9575974.0,1.0,0.0,0.0,False,0.0,1.0,PROBABLE
VDR-11179,7.0,1.0,0.0,4.0,5.0,147106925.0,214256191.72,7.0,3.0,0.0,True,0.14285714285714285,10.0,EXACT
WS_12923,1.0,0.0,0.0,1.0,0.0,7452488.0,22613524.0,0.0,0.0,0.0,False,0.0,1.0,PROBABLE
vdr-12113,1.0,0.0,1.0,0.0,1.0,30167531.52,17871003.0,1.0,0.0,0.0,False,0.0,1.0,PROBABLE
LPT-12182,9.0,1.0,1.0,4.0,2.0,276622986.22,222586855.92000002,6.0,2.0,0.0,False,0.1111111111111111,11.0,PROBABLE
LPT-10520,8.0,1.0,2.0,6.0,4.0,198704893.44,207555392.64,6.0,2.0,1.0,True,0.125,10.0,EXACT
ws-10379,2.0,0.0,0.0,1.0,0.0,62834672.0,72005713.92,2.0,0.0,0.0,False,0.0,2.0,PROBABLE
lpt-12792,1.0,1.0,0.0,1.0,1.0,24819643.22,38044313.0,1.0,0.0,0.0,False,1.0,1.0,PROBABLE
WS-11372.corp.local,2.0,1.0,0.0,0.0,1.0,19641638.880000003,32698867.0,2.0,0.0,0.0,False,0.5,2.0,PROBABLE
WS-12327,8.0,1.0,1.0,5.0,4.0,241298268.14,170363116.92000002,8.0,3.0,0.0,True,0.125,11.0,EXACT
WS-11879.corp.local,1.0,0.0,0.0,0.0,0.0,24819643.22,47361721.0,0.0,0.0,0.0,False,0.0,1.0,PROBABLE
WS_10263,1.0,0.0,1.0,1.0,1.0,34614495.0,31237079.04,0.0,0.0,0.0,False,0.0,1.0,PROBABLE
vdr-10825,3.0,1.0,0.0,1.0,1.0,68236553.22,58642371.28,2.0,0.0,0.0,False,0.3333333333333333,3.0,PROBABLE
WS-12307,5.0,2.0,0.0,2.0,3.0,164599509.44,151649359.64,5.0,3.0,0.0,True,0.4,8.0,EXACT
WS_11469,2.0,0.0,0.0,1.0,1.0,50034888.22,20906844.08,2.0,0.0,0.0,False,0.0,2.0,PROBABLE
LPT_12182,1.0,0.0,0.0,0.0,1.0,9554384.0,3830889.0,0.0,0.0,0.0,False,0.0,1.0,PROBABLE
VDR-12886,8.0,1.0,1.0,2.0,5.0,187978735.88,186001576.72,8.0,2.0,0.0,True,0.125,10.0,EXACT
LPT-11341,15.0,0.0,1.0,6.0,9.0,394827105.1,346033002.84000003,13.0,1.0,0.0,True,0.0,16.0,EXACT
LPT-11728,9.0,1.0,0.0,3.0,4.0,287021952.14,266509268.56,7.0,2.0,0.0,True,0.1111111111111111,11.0,EXACT
LPT-10002,7.0,2.0,0.0,4.0,2.0,115805535.4,202205968.36,7.0,2.0,0.0,True,0.2857142857142857,9.0,EXACT
WS-11084,8.0,4.0,0.0,2.0,4.0,143539657.64,155412875.32,8.0,2.0,0.0,True,0.5,10.0,EXACT
WS-12846,9.0,2.0,3.0,4.0,4.0,167835173.68,314498760.15999997,9.0,2.0,1.0,True,0.2222222222222222,11.0,EXACT
vdr-10638,4.0,0.0,0.0,2.0,2.0,51539854.0,133823050.72,2.0,0.0,0.0,False,0.0,4.0,PROBABLE
VDR-12313,5.0,3.0,1.0,1.0,2.0,117714356.1,115695809.84,5.0,2.0,1.0,True,0.6,7.0,EXACT
lpt-11741,2.0,1.0,0.0,2.0,2.0,57178602.0,72599936.64,1.0,0.0,0.0,False,0.5,2.0,PROBABLE
lpt-10416,1.0,0.0,0.0,1.0,0.0,16027530.0,30525621.0,1.0,0.0,0.0,False,0.0,1.0,PROBABLE
ws-11515,1.0,0.0,0.0,0.0,0.0,38150268.0,6451200.0,1.0,0.0,0.0,False,0.0,1.0,PROBABLE
WS_10155,1.0,1.0,0.0,1.0,1.0,33294560.0,24526192.64,1.0,0.0,0.0,False,1.0,1.0,PROBABLE
lpt-12517,1.0,0.0,0.0,1.0,1.0,26749022.0,3201456.0,1.0,0.0,0.0,False,0.0,1.0,PROBABLE
LPT-10323,6.0,1.0,1.0,4.0,5.0,171462969.94,180544852.64,5.0,4.0,0.0,True,0.16666666666666666,10.0,EXACT
VDR_10778,1.0,0.0,0.0,0.0,0.0,29843653.0,45866215.0,1.0,0.0,0.0,False,0.0,1.0,PROBABLE
WS_10344,1.0,1.0,0.0,0.0,0.0,35975803.0,47929602.0,1.0,0.0,0.0,False,1.0,1.0,PROBABLE
lpt-12921,1.0,0.0,0.0,1.0,0.0,24819643.22,13570494.0,1.0,0.0,0.0,False,0.0,1.0,PROBABLE
LPT_12653,1.0,0.0,0.0,0.0,0.0,26360862.72,15382609.92,1.0,0.0,0.0,False,0.0,1.0,PROBABLE
WS-12594,10.0,1.0,0.0,7.0,8.0,294703979.62,326870137.8,9.0,5.0,1.0,True,0.1,15.0,EXACT
ws-12589,2.0,1.0,0.0,1.0,0.0,48189839.08,31887877.0,2.0,0.0,0.0,False,0.5,2.0,PROBABLE
VDR-12692,5.0,1.0,1.0,2.0,5.0,116006393.22,91965348.2,5.0,2.0,0.0,True,0.2,7.0,EXACT
WS_10287,1.0,0.0,0.0,1.0,0.0,23378481.0,25690112.0,1.0,0.0,0.0,False,0.0,1.0,PROBABLE
LPT-10089,11.0,4.0,1.0,6.0,7.0,327743945.38,308703272.96,9.0,2.0,0.0,True,0.36363636363636365,13.0,EXACT
LPT-10298.corp.local,3.0,2.0,0.0,1.0,2.0,96375504.0,85044971.52,3.0,0.0,0.0,False,0.6666666666666666,3.0,PROBABLE
LPT-11335,5.0,3.0,0.0,3.0,3.0,118310528.68,147526698.64,5.0,6.0,0.0,True,0.6,11.0,EXACT
LPT-10197.corp.local,1.0,0.0,0.0,0.0,0.0,42501122.0,8183369.0,1.0,0.0,0.0,False,0.0,1.0,PROBABLE
VDR-10887,3.0,0.0,0.0,1.0,2.0,96364366.0,75346756.03999999,3.0,1.0,0.0,True,0.0,4.0,EXACT
vdr-12932,4.0,1.0,0.0,2.0,3.0,113640266.22,86107635.92,4.0,0.0,0.0,False,0.25,4.0,PROBABLE
LPT_11908,2.0,0.0,0.0,2.0,1.0,15677453.0,30053543.24,1.0,0.0,0.0,False,0.0,2.0,PROBABLE
WS_11737,1.0,0.0,1.0,1.0,0.0,14826530.0,2992743.0,1.0,0.0,0.0,False,0.0,1.0,PROBABLE
ws-10287,1.0,0.0,0.0,0.0,0.0,24932173.0,4629071.0,1.0,0.0,0.0,False,0.0,1.0,PROBABLE
WS-12363,6.0,2.0,0.0,4.0,3.0,108854351.56,155448031.28,4.0,2.0,0.0,True,0.3333333333333333,8.0,EXACT
LPT-11683.corp.local,1.0,0.0,0.0,0.0,0.0,24819643.22,10611589.12,1.0,0.0,0.0,False,0.0,1.0,PROBABLE
VDR-10614,5.0,2.0,1.0,2.0,4.0,173271878.22,60511843.0,3.0,4.0,0.0,True,0.4,9.0,EXACT
VDR-11660,7.0,2.0,0.0,3.0,2.0,188236900.96,131022249.52,5.0,4.0,0.0,False,0.2857142857142857,11.0,PROBABLE
WS-10034,11.0,1.0,0.0,5.0,5.0,240690681.34,314171110.92,8.0,4.0,0.0,True,0.09090909090909091,15.0,EXACT
VDR_10527,1.0,0.0,0.0,1.0,1.0,19356712.96,24526192.64,1.0,0.0,0.0,False,0.0,1.0,PROBABLE
VDR_12994,1.0,0.0,0.0,0.0,0.0,1170071.0,26669740.0,1.0,0.0,0.0,False,0.0,1.0,PROBABLE
VDR_11292,1.0,0.0,0.0,1.0,0.0,38052972.0,21349103.0,1.0,0.0,0.0,False,0.0,1.0,PROBABLE
VDR_12991,1.0,0.0,0.0,1.0,1.0,6801653.76,24526192.64,1.0,0.0,0.0,False,0.0,1.0,PROBABLE
VDR-11848.corp.local,1.0,1.0,0.0,0.0,1.0,43071103.0,24526192.64,1.0,0.0,0.0,False,1.0,1.0,PROBABLE
vdr-10830,2.0,0.0,0.0,1.0,2.0,34325928.22,49052385.28,2.0,0.0,0.0,False,0.0,2.0,PROBABLE
VDR-12883,4.0,1.0,0.0,2.0,2.0,84746553.0,81583712.03999999,4.0,2.0,0.0,True,0.25,6.0,EXACT
vdr-10990,2.0,1.0,0.0,0.0,1.0,49639286.44,46428359.64,2.0,0.0,0.0,False,0.5,2.0,PROBABLE
VDR-11757.corp.local,1.0,0.0,0.0,0.0,0.0,20145249.0,5062475.0,1.0,0.0,0.0,False,0.0,1.0,PROBABLE
WS_11384,1.0,0.0,0.0,1.0,1.0,5087282.0,24966594.56,1.0,0.0,0.0,False,0.0,1.0,PROBABLE
VDR-11330,14.0,2.0,0.0,5.0,6.0,400868145.46,300450844.88,10.0,3.0,0.0,True,0.14285714285714285,17.0,EXACT
WS-10471.corp.local,3.0,1.0,0.0,0.0,1.0,79243585.14,116104910.64,2.0,0.0,0.0,False,0.3333333333333333,3.0,PROBABLE
WS-10602,8.0,2.0,0.0,5.0,3.0,178852162.16,202755464.92000002,5.0,2.0,0.0,True,0.25,10.0,EXACT
ws-10276,1.0,0.0,1.0,1.0,1.0,24819643.22,24526192.64,1.0,0.0,0.0,False,0.0,1.0,PROBABLE
VDR_11660,2.0,0.0,0.0,0.0,1.0,71856812.0,48032215.04,2.0,0.0,0.0,False,0.0,2.0,PROBABLE
WS-11111.corp.local,1.0,0.0,0.0,1.0,0.0,7105649.0,35505884.0,1.0,0.0,0.0,False,0.0,1.0,PROBABLE
WS-12879.corp.local,1.0,0.0,0.0,0.0,0.0,24819643.22,24526192.64,1.0,0.0,0.0,False,0.0,1.0,PROBABLE
VDR-11231.corp.local,1.0,1.0,0.0,0.0,1.0,25426309.12,16911641.0,1.0,0.0,0.0,False,1.0,1.0,PROBABLE
VDR_11832,1.0,1.0,0.0,1.0,0.0,10234095.0,25114554.0,1.0,0.0,0.0,False,1.0,1.0,PROBABLE
WS-12952.corp.local,1.0,1.0,0.0,0.0,1.0,24972326.0,24526192.64,1.0,0.0,0.0,False,1.0,1.0,PROBABLE
vdr-11771,2.0,1.0,0.0,2.0,0.0,37656758.22,23460040.4,1.0,0.0,0.0,False,0.5,2.0,PROBABLE
LPT-12354,5.0,2.0,0.0,3.0,3.0,145423110.44,112055132.08,5.0,4.0,1.0,True,0.4,9.0,EXACT
vdr-10110,2.0,1.0,1.0,2.0,1.0,53223377.0,38954598.4,2.0,0.0,0.0,False,0.5,2.0,PROBABLE
VDR_10108,1.0,0.0,0.0,0.0,1.0,26410694.0,46771517.44,1.0,0.0,0.0,False,0.0,1.0,PROBABLE
WS_10301,1.0,0.0,0.0,0.0,1.0,24819643.22,35190210.56,0.0,0.0,0.0,False,0.0,1.0,PROBABLE
LPT-12300.corp.local,2.0,0.0,0.0,2.0,1.0,56048750.48,56756312.64,0.0,0.0,0.0,False,0.0,2.0,PROBABLE
WS-10281.corp.local,1.0,1.0,1.0,1.0,1.0,24819643.22,24686094.0,1.0,0.0,0.0,False,1.0,1.0,PROBABLE
WS-12909.corp.local,2.0,0.0,0.0,1.0,1.0,68369186.22,26242590.72,2.0,0.0,0.0,False,0.0,2.0,PROBABLE
WS_11641,1.0,0.0,0.0,0.0,0.0,3061618.0,10943449.0,1.0,0.0,0.0,False,0.0,1.0,PROBABLE
VDR_10510,1.0,1.0,0.0,0.0,0.0,15657035.0,8755609.6,1.0,0.0,0.0,False,1.0,1.0,PROBABLE
VDR_11757,3.0,0.0,0.0,2.0,1.0,70925508.22,54997026.64,2.0,0.0,0.0,False,0.0,3.0,PROBABLE
VDR-12362.corp.local,2.0,1.0,0.0,0.0,2.0,68939502.42,49384013.64,2.0,0.0,0.0,False,0.5,2.0,PROBABLE
LPT_12380,1.0,0.0,0.0,1.0,1.0,21307068.0,33271876.0,1.0,0.0,0.0,False,0.0,1.0,PROBABLE
LPT-10414.corp.local,1.0,0.0,0.0,0.0,1.0,43193487.0,24819793.92,1.0,0.0,0.0,False,0.0,1.0,PROBABLE
LPT-10663,7.0,2.0,0.0,5.0,3.0,186980111.72,203815751.92000002,7.0,2.0,0.0,True,0.2857142857142857,9.0,EXACT
WS-11464,15.0,3.0,1.0,6.0,7.0,394728862.78,399760773.72,12.0,3.0,0.0,True,0.2,18.0,EXACT
LPT-10395,5.0,2.0,1.0,2.0,2.0,198694524.06,103662111.67999999,4.0,0.0,0.0,True,0.4,5.0,EXACT
vdr-11206,3.0,2.0,1.0,1.0,1.0,85462490.44,95177703.8,2.0,0.0,0.0,False,0.6666666666666666,3.0,PROBABLE
LPT-10560.corp.local,1.0,1.0,0.0,1.0,1.0,11619674.0,21142229.0,0.0,0.0,0.0,False,1.0,1.0,PROBABLE
LPT-11615.corp.local,1.0,1.0,0.0,0.0,0.0,24819643.22,24526192.64,0.0,0.0,0.0,False,1.0,1.0,PROBABLE
lpt-12197,2.0,1.0,0.0,1.0,0.0,49639286.44,65444253.64,2.0,0.0,0.0,False,0.5,2.0,PROBABLE
ws-11641,1.0,0.0,0.0,1.0,1.0,47405500.0,34211858.0,1.0,0.0,0.0,False,0.0,1.0,PROBABLE
VDR-10140.corp.local,1.0,0.0,1.0,1.0,1.0,13388877.0,24526192.64,1.0,0.0,0.0,False,0.0,1.0,PROBABLE
VDR-10491.,0.0,0.0,0.0,0.0,0.0,0.0,0.0,0.0,0.0,0.0,True,0.0,0.0,EXACT
WS_12320,1.0,0.0,0.0,0.0,1.0,3790604.0,7683778.56,1.0,0.0,0.0,False,0.0,1.0,PROBABLE
VDR-11676.,0.0,0.0,0.0,0.0,0.0,0.0,0.0,0.0,0.0,0.0,True,0.0,0.0,EXACT
WS-10978.corp.local,1.0,0.0,0.0,0.0,1.0,24819643.22,30461246.0,0.0,0.0,0.0,False,0.0,1.0,PROBABLE
VDR-12963,7.0,1.0,0.0,4.0,6.0,149508897.66,161108822.64,7.0,3.0,0.0,True,0.14285714285714285,10.0,EXACT
lpt-10496,2.0,0.0,0.0,1.0,2.0,26492191.22,8741314.76,2.0,0.0,0.0,False,0.0,2.0,PROBABLE
WS-10297,5.0,2.0,1.0,3.0,2.0,131381814.22,122021212.32,5.0,1.0,1.0,True,0.4,6.0,EXACT
LPT-11107,6.0,1.0,0.0,3.0,4.0,148953338.5,140772478.16,6.0,3.0,0.0,True,0.16666666666666666,9.0,EXACT
ws-11295,3.0,0.0,1.0,1.0,2.0,77847516.28,68902913.64,2.0,0.0,0.0,False,0.0,3.0,PROBABLE
vdr-10906,3.0,1.0,0.0,3.0,1.0,77086320.2,94966480.28,3.0,0.0,0.0,False,0.3333333333333333,3.0,PROBABLE
LPT-10583,8.0,0.0,0.0,3.0,3.0,128403044.72,227901294.2,7.0,3.0,0.0,True,0.0,11.0,EXACT
vdr-12859,2.0,0.0,0.0,0.0,2.0,66703700.82,74002681.0,2.0,0.0,0.0,False,0.0,2.0,PROBABLE
WS-12773.corp.local,1.0,0.0,0.0,1.0,1.0,13124775.0,24526192.64,0.0,0.0,0.0,False,0.0,1.0,PROBABLE
vdr-11811,2.0,1.0,0.0,1.0,1.0,73809520.22,26838734.64,0.0,0.0,0.0,False,0.5,2.0,PROBABLE
VDR-11426,5.0,1.0,0.0,3.0,5.0,75888834.52,206855091.96,3.0,1.0,0.0,True,0.2,6.0,EXACT
VDR_11231,1.0,0.0,0.0,0.0,1.0,10625756.0,38493623.0,1.0,0.0,0.0,False,0.0,1.0,PROBABLE
LPT-12186.corp.local,2.0,2.0,0.0,1.0,1.0,54972920.66,49052385.28,0.0,0.0,0.0,False,1.0,2.0,PROBABLE
VDR-12684.corp.local,1.0,0.0,0.0,0.0,1.0,19451084.8,42530964.0,1.0,0.0,0.0,False,0.0,1.0,PROBABLE
LPT-12739.corp.local,1.0,0.0,0.0,0.0,1.0,49223444.0,24526192.64,0.0,0.0,0.0,False,0.0,1.0,PROBABLE
LPT_11755,1.0,0.0,0.0,1.0,0.0,6488500.0,5760436.0,1.0,0.0,0.0,False,0.0,1.0,PROBABLE
WS-11567,6.0,0.0,0.0,4.0,6.0,160825094.44,145291604.64,6.0,1.0,0.0,True,0.0,7.0,EXACT
VDR-11747.corp.local,2.0,0.0,0.0,1.0,2.0,82373792.0,49453917.64,2.0,0.0,0.0,False,0.0,2.0,PROBABLE
WS-11193,2.0,0.0,0.0,0.0,1.0,19500273.0,49259808.08,2.0,1.0,1.0,True,0.0,3.0,EXACT
vdr-12706,1.0,0.0,0.0,1.0,1.0,44943887.0,19553120.0,1.0,0.0,0.0,False,0.0,1.0,PROBABLE
ws-10729,1.0,0.0,0.0,1.0,1.0,39360161.0,24526192.64,1.0,0.0,0.0,False,0.0,1.0,PROBABLE
VDR_12982,1.0,0.0,0.0,0.0,1.0,24819643.22,24526192.64,0.0,0.0,0.0,False,0.0,1.0,PROBABLE
VDR-12948.,0.0,0.0,0.0,0.0,0.0,0.0,0.0,0.0,0.0,0.0,True,0.0,0.0,EXACT
LPT-12612.corp.local,1.0,0.0,0.0,1.0,0.0,24819643.22,20353566.0,1.0,0.0,0.0,False,0.0,1.0,PROBABLE
LPT-12506,5.0,1.0,0.0,2.0,4.0,112175388.64,120307451.0,3.0,0.0,0.0,True,0.2,5.0,EXACT
ws-11953,3.0,1.0,0.0,3.0,2.0,53924741.44,61103684.64,3.0,0.0,0.0,False,0.3333333333333333,3.0,PROBABLE
WS_12727,1.0,0.0,0.0,1.0,1.0,2090180.0,3335540.0,1.0,0.0,0.0,False,0.0,1.0,PROBABLE
vdr-10457,1.0,1.0,1.0,1.0,1.0,24465037.0,20279459.84,1.0,0.0,0.0,False,1.0,1.0,PROBABLE
VDR-10598,4.0,0.0,0.0,2.0,1.0,97227590.22,121811010.28,4.0,3.0,0.0,True,0.0,7.0,EXACT
VDR_10961,1.0,0.0,0.0,0.0,0.0,14040099.0,33623094.0,1.0,0.0,0.0,False,0.0,1.0,PROBABLE
LPT-10311,8.0,1.0,3.0,5.0,3.0,165140912.88,211107168.36,5.0,3.0,1.0,True,0.125,11.0,EXACT
VDR_12989,2.0,0.0,0.0,1.0,0.0,59973018.22,22080879.08,1.0,0.0,0.0,False,0.0,2.0,PROBABLE
lpt-12474,1.0,0.0,0.0,0.0,0.0,24819643.22,24526192.64,1.0,0.0,0.0,False,0.0,1.0,PROBABLE
LPT_12670,1.0,1.0,0.0,1.0,0.0,14995799.0,13180007.0,1.0,0.0,0.0,False,1.0,1.0,PROBABLE
LPT_12955,1.0,0.0,1.0,1.0,0.0,42445016.0,39648028.0,1.0,0.0,0.0,False,0.0,1.0,PROBABLE
VDR-12386,12.0,3.0,0.0,6.0,7.0,280784539.82,284265755.16,10.0,4.0,0.0,True,0.25,16.0,EXACT
ws-11536,1.0,0.0,0.0,0.0,1.0,21696657.0,17208392.0,1.0,0.0,0.0,False,0.0,1.0,PROBABLE
VDR-10035,3.0,0.0,0.0,1.0,3.0,56733791.22,95217180.28,2.0,4.0,1.0,True,0.0,7.0,EXACT
LPT-12380.corp.local,2.0,0.0,0.0,0.0,0.0,33190172.52,49052385.28,2.0,0.0,0.0,False,0.0,2.0,PROBABLE
vdr-10533,1.0,0.0,0.0,1.0,0.0,32920478.0,11324620.8,0.0,0.0,0.0,False,0.0,1.0,PROBABLE
lpt-11185,2.0,0.0,0.0,0.0,2.0,70216169.22,31947650.36,2.0,0.0,0.0,False,0.0,2.0,PROBABLE
VDR-12991,11.0,2.0,0.0,6.0,4.0,352473040.14,226848045.92000002,8.0,3.0,0.0,True,0.18181818181818182,14.0,EXACT
VDR_12235,1.0,0.0,0.0,1.0,0.0,13213845.0,12907970.56,1.0,0.0,0.0,False,0.0,1.0,PROBABLE
VDR-10816.corp.local,1.0,0.0,0.0,1.0,0.0,24819643.22,24526192.64,1.0,0.0,0.0,False,0.0,1.0,PROBABLE
VDR-11927,10.0,2.0,0.0,4.0,3.0,220218383.16,205864287.48000002,8.0,1.0,0.0,True,0.2,11.0,EXACT
VDR-11991,6.0,1.0,0.0,1.0,3.0,124730611.0,111749735.03999999,4.0,1.0,0.0,True,0.16666666666666666,7.0,EXACT
WS-11967,8.0,3.0,1.0,2.0,5.0,235626886.42,170006129.0,8.0,1.0,0.0,True,0.375,9.0,EXACT
WS-12515,6.0,1.0,1.0,5.0,1.0,125912092.0,100112681.28,6.0,6.0,1.0,False,0.16666666666666666,12.0,PROBABLE
VDR-11177.corp.local,1.0,0.0,0.0,0.0,1.0,24819643.22,45667296.0,0.0,0.0,0.0,False,0.0,1.0,PROBABLE
LPT-12968.corp.local,1.0,0.0,0.0,0.0,1.0,8818524.16,24526192.64,0.0,0.0,0.0,False,0.0,1.0,PROBABLE
WS-10720.corp.local,2.0,0.0,1.0,1.0,1.0,62260022.1,16677761.12,1.0,0.0,0.0,False,0.0,2.0,PROBABLE
WS-11520,12.0,2.0,1.0,4.0,5.0,241348584.98,275200944.44,12.0,3.0,0.0,True,0.16666666666666666,15.0,EXACT
WS-11113,11.0,2.0,0.0,6.0,4.0,302450284.03999996,286939162.88,9.0,3.0,2.0,True,0.18181818181818182,14.0,EXACT
ws-12553,4.0,2.0,1.0,2.0,1.0,132453509.88,121949924.64,4.0,0.0,0.0,False,0.5,4.0,PROBABLE
WS-12472,9.0,1.0,0.0,4.0,6.0,258276413.44,234727101.4,9.0,2.0,0.0,True,0.1111111111111111,11.0,EXACT
WS-12553,7.0,1.0,0.0,4.0,5.0,179139080.95999998,162860470.0,3.0,3.0,1.0,True,0.14285714285714285,10.0,EXACT
VDR_12075,1.0,1.0,0.0,1.0,0.0,20610722.0,24526192.64,0.0,0.0,0.0,False,1.0,1.0,PROBABLE
VDR-12277.,0.0,0.0,0.0,0.0,0.0,0.0,0.0,0.0,0.0,0.0,True,0.0,0.0,EXACT
WS-10918,8.0,4.0,0.0,4.0,4.0,224052523.1,176661882.8,7.0,4.0,0.0,True,0.5,12.0,EXACT
vdr-11316,1.0,1.0,0.0,0.0,0.0,31814215.68,24526192.64,1.0,0.0,0.0,False,1.0,1.0,PROBABLE
LPT-11593,5.0,1.0,0.0,4.0,3.0,119100726.24,156540681.64,4.0,0.0,0.0,True,0.2,5.0,EXACT
VDR_10222,1.0,1.0,0.0,1.0,0.0,9538239.0,24526192.64,1.0,0.0,0.0,False,1.0,1.0,PROBABLE
VDR-10885.corp.local,1.0,0.0,0.0,0.0,1.0,43036587.0,44767151.0,0.0,0.0,0.0,False,0.0,1.0,PROBABLE
VDR_12493,1.0,1.0,0.0,0.0,0.0,24819643.22,35515442.0,1.0,0.0,0.0,False,1.0,1.0,PROBABLE
LPT_12502,2.0,1.0,0.0,1.0,2.0,51906696.0,78401127.2,1.0,0.0,0.0,False,0.5,2.0,PROBABLE
VDR-12989,6.0,2.0,0.0,2.0,3.0,104888720.88,193982453.32,5.0,2.0,0.0,True,0.3333333333333333,8.0,EXACT
vdr-10776,2.0,0.0,1.0,0.0,1.0,70246739.22,92151340.92,2.0,0.0,0.0,False,0.0,2.0,PROBABLE
LPT-10972.corp.local,1.0,0.0,0.0,1.0,0.0,6922953.0,9894850.0,1.0,0.0,0.0,False,0.0,1.0,PROBABLE
vdr-11292,2.0,0.0,0.0,0.0,1.0,49639286.44,25008537.6,2.0,0.0,0.0,False,0.0,2.0,PROBABLE
VDR-12235.corp.local,1.0,0.0,0.0,0.0,1.0,24819643.22,32949411.0,0.0,0.0,0.0,False,0.0,1.0,PROBABLE
LPT-10852,7.0,3.0,1.0,5.0,4.0,142091953.44,142047588.48,5.0,3.0,0.0,True,0.42857142857142855,10.0,EXACT
WS-10683,5.0,3.0,0.0,4.0,5.0,140132334.44,61947419.64,4.0,3.0,1.0,False,0.6,8.0,PROBABLE
LPT-10705,5.0,0.0,0.0,1.0,3.0,96601504.44,68143183.92,4.0,3.0,1.0,False,0.0,8.0,PROBABLE
LPT_10245,2.0,0.0,0.0,2.0,1.0,35717732.22,40608000.0,1.0,0.0,0.0,False,0.0,2.0,PROBABLE
lpt-12603,1.0,0.0,1.0,0.0,1.0,30628904.96,18165411.84,1.0,0.0,0.0,False,0.0,1.0,PROBABLE
WS-12473,10.0,0.0,0.0,3.0,5.0,218836441.74,203420055.24,9.0,3.0,0.0,True,0.0,13.0,EXACT
lpt-12620,2.0,1.0,0.0,2.0,1.0,77504701.0,39767630.64,2.0,0.0,0.0,False,0.5,2.0,PROBABLE
VDR-11712.corp.local,3.0,1.0,1.0,2.0,1.0,48972804.22,89231961.28,2.0,0.0,0.0,False,0.3333333333333333,3.0,PROBABLE
WS_12422,3.0,0.0,0.0,2.0,0.0,39148558.0,68036730.64,3.0,0.0,0.0,False,0.0,3.0,PROBABLE
lpt-10398,2.0,1.0,0.0,1.0,2.0,38622388.22,39103639.0,2.0,0.0,0.0,False,0.5,2.0,PROBABLE
LPT-12314,11.0,2.0,2.0,6.0,5.0,280302156.68,293000639.68,9.0,3.0,1.0,False,0.18181818181818182,14.0,PROBABLE
vdr-11283,1.0,0.0,0.0,0.0,0.0,4367349.0,24526192.64,1.0,0.0,0.0,False,0.0,1.0,PROBABLE
VDR-10519.corp.local,1.0,0.0,0.0,1.0,1.0,24819643.22,6979080.0,1.0,0.0,0.0,False,0.0,1.0,PROBABLE
vdr-12980,1.0,1.0,0.0,1.0,1.0,6760975.0,19964887.04,1.0,0.0,0.0,False,1.0,1.0,PROBABLE
LPT-11900,5.0,2.0,0.0,2.0,3.0,127161102.0,140419558.28,4.0,3.0,0.0,True,0.4,8.0,EXACT
WS-10400,5.0,2.0,1.0,2.0,4.0,129449112.66,108533173.56,4.0,4.0,0.0,True,0.4,9.0,EXACT
ws-11418,1.0,0.0,0.0,0.0,0.0,31197533.0,41688403.0,1.0,0.0,0.0,False,0.0,1.0,PROBABLE
WS-12359,2.0,0.0,0.0,0.0,1.0,41378159.0,39164385.28,1.0,1.0,0.0,True,0.0,3.0,EXACT
ws-10681,2.0,0.0,0.0,0.0,1.0,44242298.88,54537089.519999996,2.0,0.0,0.0,False,0.0,2.0,PROBABLE
WS-11119.corp.local,1.0,0.0,0.0,1.0,0.0,24819643.22,29498416.0,1.0,0.0,0.0,False,0.0,1.0,PROBABLE
ws-10486,2.0,0.0,1.0,2.0,1.0,69205865.3,42887888.64,2.0,0.0,0.0,False,0.0,2.0,PROBABLE
LPT-12900,7.0,2.0,0.0,3.0,3.0,160985545.1,223248425.04,7.0,2.0,0.0,True,0.2857142857142857,9.0,EXACT
LPT_12768,1.0,0.0,0.0,1.0,1.0,21844040.0,35085352.96,1.0,0.0,0.0,False,0.0,1.0,PROBABLE
WS-10727,4.0,0.0,0.0,3.0,3.0,103357498.9,124505098.08,3.0,2.0,0.0,False,0.0,6.0,PROBABLE
LPT-11522,6.0,0.0,0.0,3.0,3.0,150046666.0,153588391.88,6.0,5.0,1.0,True,0.0,11.0,EXACT
WS-11352.corp.local,3.0,1.0,0.0,2.0,1.0,60034992.519999996,51872411.120000005,3.0,0.0,0.0,False,0.3333333333333333,3.0,PROBABLE
WS-11460,10.0,0.0,0.0,3.0,7.0,178533159.07999998,292699032.52,8.0,2.0,0.0,True,0.0,12.0,EXACT
vdr-12222,1.0,0.0,0.0,1.0,0.0,24819643.22,48725287.0,1.0,0.0,0.0,False,0.0,1.0,PROBABLE
WS_12434,2.0,0.0,0.0,2.0,2.0,38627587.0,57420840.96,1.0,0.0,0.0,False,0.0,2.0,PROBABLE
WS-10591,6.0,2.0,1.0,3.0,5.0,165079455.88,157268785.56,6.0,1.0,0.0,True,0.3333333333333333,7.0,EXACT
LPT-12427.corp.local,2.0,1.0,0.0,2.0,0.0,36089555.0,60778271.64,2.0,0.0,0.0,False,0.5,2.0,PROBABLE
LPT-11707,8.0,4.0,0.0,3.0,4.0,201750578.06,223749257.0,7.0,3.0,0.0,True,0.5,11.0,EXACT
WS_12454,1.0,0.0,0.0,1.0,0.0,29950663.0,39317542.0,1.0,0.0,0.0,False,0.0,1.0,PROBABLE
WS-10984,13.0,7.0,0.0,2.0,5.0,198062503.8,296142956.92,10.0,1.0,0.0,True,0.5384615384615384,14.0,EXACT
LPT-10850,7.0,2.0,1.0,3.0,4.0,147526921.14,148180675.96,7.0,5.0,0.0,True,0.2857142857142857,12.0,EXACT
lpt-12265,5.0,2.0,0.0,1.0,4.0,88923580.12,95060389.03999999,3.0,0.0,0.0,False,0.4,5.0,PROBABLE
VDR-11396.corp.local,2.0,0.0,0.0,1.0,0.0,31098340.04,54345543.67999999,2.0,0.0,0.0,False,0.0,2.0,PROBABLE
VDR-11279,6.0,2.0,2.0,5.0,3.0,145737671.88,174737193.04,4.0,5.0,1.0,True,0.3333333333333333,11.0,EXACT
WS_12246,1.0,0.0,0.0,0.0,0.0,46917211.0,26825545.0,1.0,0.0,0.0,False,0.0,1.0,PROBABLE
VDR-11314.,0.0,0.0,0.0,0.0,0.0,0.0,0.0,0.0,0.0,0.0,True,0.0,0.0,EXACT
VDR-10510,6.0,2.0,0.0,2.0,2.0,189051375.06,119967633.96000001,5.0,1.0,0.0,True,0.3333333333333333,7.0,EXACT
ws-11598,3.0,0.0,0.0,2.0,2.0,100009036.22,112107910.0,3.0,0.0,0.0,False,0.0,3.0,PROBABLE
LPT-12658.corp.local,1.0,0.0,0.0,0.0,0.0,6354370.56,4940996.0,1.0,0.0,0.0,False,0.0,1.0,PROBABLE
LPT_11920,1.0,0.0,0.0,0.0,1.0,24819643.22,8354231.0,1.0,0.0,0.0,False,0.0,1.0,PROBABLE
LPT-12658,4.0,1.0,1.0,3.0,3.0,127780556.44,140571709.64,4.0,3.0,1.0,True,0.25,7.0,EXACT
ws-12003,1.0,0.0,0.0,0.0,1.0,24819643.22,38923141.12,1.0,0.0,0.0,False,0.0,1.0,PROBABLE
VDR-11765,4.0,0.0,0.0,2.0,2.0,80925817.34,82550238.56,4.0,1.0,0.0,False,0.0,5.0,PROBABLE
VDR_12019,1.0,0.0,0.0,0.0,1.0,2890197.0,21676534.0,1.0,0.0,0.0,False,0.0,1.0,PROBABLE
VDR-12034,11.0,4.0,3.0,6.0,5.0,332980962.65999997,252731007.12,9.0,1.0,0.0,True,0.36363636363636365,12.0,EXACT
WS-11654,7.0,2.0,0.0,3.0,5.0,184612808.22,185730300.56,7.0,3.0,0.0,True,0.2857142857142857,10.0,EXACT
LPT-10679,4.0,1.0,0.0,2.0,2.0,97047900.0,105822161.8,4.0,3.0,0.0,True,0.25,7.0,EXACT
WS-12290.corp.local,1.0,0.0,0.0,0.0,0.0,11231633.0,16211418.0,1.0,0.0,0.0,False,0.0,1.0,PROBABLE
WS-10085.corp.local,1.0,0.0,0.0,0.0,0.0,40604841.0,24526192.64,1.0,0.0,0.0,False,0.0,1.0,PROBABLE
lpt-12700,1.0,0.0,0.0,0.0,0.0,3604258.0,24526192.64,0.0,0.0,0.0,False,0.0,1.0,PROBABLE
lpt-11701,2.0,1.0,0.0,0.0,1.0,43032633.22,53866408.0,2.0,0.0,0.0,False,0.5,2.0,PROBABLE
lpt-11226,1.0,1.0,0.0,1.0,1.0,9678474.0,24526192.64,1.0,0.0,0.0,False,1.0,1.0,PROBABLE
lpt-10321,1.0,1.0,0.0,1.0,0.0,46283896.0,13414087.0,1.0,0.0,0.0,False,1.0,1.0,PROBABLE
WS-12236.corp.local,1.0,1.0,0.0,0.0,1.0,24819643.22,48108621.0,1.0,0.0,0.0,False,1.0,1.0,PROBABLE
WS-10697.corp.local,1.0,0.0,0.0,1.0,1.0,1099820.0,24526192.64,1.0,0.0,0.0,False,0.0,1.0,PROBABLE
LPT-12955,5.0,0.0,0.0,0.0,1.0,153273233.66,142186238.56,4.0,5.0,0.0,True,0.0,10.0,EXACT
WS_12117,1.0,1.0,0.0,0.0,0.0,17677277.0,40543461.0,1.0,0.0,0.0,False,1.0,1.0,PROBABLE
LPT-12046,3.0,1.0,0.0,0.0,1.0,94928804.44,96605627.0,2.0,5.0,1.0,True,0.3333333333333333,8.0,EXACT
LPT-10580.corp.local,1.0,0.0,0.0,0.0,0.0,38275287.04,18434017.28,1.0,0.0,0.0,False,0.0,1.0,PROBABLE
LPT-12292,7.0,3.0,0.0,0.0,4.0,208988622.66,183422440.6,6.0,3.0,0.0,True,0.42857142857142855,10.0,EXACT
WS-11612,4.0,0.0,0.0,1.0,2.0,113176561.22,118677886.0,4.0,4.0,0.0,True,0.0,8.0,EXACT
WS-11342,10.0,3.0,0.0,7.0,6.0,285937942.2,265653361.32,9.0,2.0,0.0,True,0.3,12.0,EXACT
WS-11715,10.0,4.0,0.0,3.0,6.0,230250955.2,200323590.96,7.0,2.0,1.0,True,0.4,12.0,EXACT
WS-11939.corp.local,2.0,0.0,0.0,0.0,2.0,82308562.4,49052385.28,2.0,0.0,0.0,False,0.0,2.0,PROBABLE
LPT-12967,2.0,0.0,0.0,0.0,0.0,51649675.22,73809469.64,2.0,0.0,0.0,True,0.0,2.0,EXACT
WS_11477,2.0,2.0,0.0,0.0,1.0,28851228.84,25450424.64,2.0,0.0,0.0,False,1.0,2.0,PROBABLE
LPT-10653,7.0,2.0,1.0,4.0,5.0,157070779.06,210529729.28,6.0,2.0,0.0,True,0.2857142857142857,9.0,EXACT
lpt-10420,4.0,1.0,2.0,3.0,2.0,65745721.66,60662317.92,4.0,0.0,0.0,False,0.25,4.0,PROBABLE
lpt-10015,1.0,0.0,0.0,1.0,0.0,779682.0,44405854.0,0.0,0.0,0.0,False,0.0,1.0,PROBABLE
VDR-12412,5.0,1.0,0.0,3.0,3.0,108699467.66,117005473.76,4.0,1.0,0.0,True,0.2,6.0,EXACT
LPT-10345,7.0,2.0,0.0,5.0,2.0,139374260.68,124361757.12,5.0,2.0,1.0,True,0.2857142857142857,9.0,EXACT
LPT-10120,7.0,1.0,0.0,4.0,3.0,218741250.42000002,205622740.44,6.0,3.0,0.0,True,0.14285714285714285,10.0,EXACT
WS-12062,9.0,3.0,1.0,3.0,4.0,215385217.7,184912050.92000002,8.0,2.0,0.0,True,0.3333333333333333,11.0,EXACT
lpt-12842,1.0,0.0,0.0,1.0,0.0,24819643.22,24526192.64,1.0,0.0,0.0,False,0.0,1.0,PROBABLE
lpt-11900,2.0,0.0,0.0,2.0,1.0,59881464.66,68655351.48,2.0,0.0,0.0,False,0.0,2.0,PROBABLE
LPT-10619,9.0,4.0,1.0,5.0,5.0,183391915.66,204065618.2,7.0,3.0,1.0,True,0.4444444444444444,12.0,EXACT
WS-12711.corp.local,1.0,0.0,0.0,0.0,0.0,24819643.22,29265756.16,1.0,0.0,0.0,False,0.0,1.0,PROBABLE
LPT-11176,3.0,1.0,1.0,1.0,2.0,111123020.22,79463561.56,1.0,2.0,1.0,True,0.3333333333333333,5.0,EXACT
lpt-10277,1.0,0.0,0.0,1.0,1.0,24570732.0,11457117.0,1.0,0.0,0.0,False,0.0,1.0,PROBABLE
VDR-12247.corp.local,1.0,1.0,0.0,0.0,0.0,24819643.22,26639988.0,1.0,0.0,0.0,False,1.0,1.0,PROBABLE
VDR_12251,1.0,1.0,0.0,0.0,1.0,24819643.22,19198123.0,1.0,0.0,0.0,False,1.0,1.0,PROBABLE
lpt-10822,2.0,0.0,0.0,1.0,0.0,54883709.0,44337915.64,1.0,0.0,0.0,False,0.0,2.0,PROBABLE
VDR-11652,8.0,4.0,1.0,4.0,4.0,242168300.1,203418975.84,5.0,4.0,1.0,True,0.5,12.0,EXACT
VDR-11838,5.0,2.0,0.0,3.0,1.0,79484358.0,94824245.84,4.0,2.0,0.0,True,0.4,7.0,EXACT
VDR-10396.corp.local,1.0,0.0,1.0,1.0,0.0,24819643.22,26091939.84,1.0,0.0,0.0,False,0.0,1.0,PROBABLE
lpt-11457,1.0,0.0,0.0,1.0,1.0,48586178.56,13798467.0,1.0,0.0,0.0,False,0.0,1.0,PROBABLE
lpt-12621,1.0,0.0,0.0,0.0,1.0,5309634.0,24526192.64,0.0,0.0,0.0,False,0.0,1.0,PROBABLE
ws-12028,2.0,0.0,0.0,0.0,0.0,51055923.22,24917894.64,1.0,0.0,0.0,False,0.0,2.0,PROBABLE
LPT-10619.corp.local,1.0,0.0,0.0,1.0,1.0,24819643.22,24526192.64,1.0,0.0,0.0,False,0.0,1.0,PROBABLE
LPT-12016,9.0,3.0,0.0,4.0,3.0,220311785.1,263814936.44,8.0,1.0,0.0,True,0.3333333333333333,10.0,EXACT
VDR-10949,4.0,0.0,0.0,2.0,3.0,81430802.14,62802885.64,2.0,4.0,0.0,True,0.0,8.0,EXACT
WS-12413,4.0,3.0,1.0,1.0,4.0,129126434.06,80436162.28,4.0,2.0,0.0,False,0.75,6.0,PROBABLE
LPT-12569.corp.local,1.0,0.0,0.0,0.0,0.0,1279096.0,24526192.64,1.0,0.0,0.0,False,0.0,1.0,PROBABLE
vdr-12856,1.0,0.0,1.0,1.0,0.0,48132091.0,24526192.64,0.0,0.0,0.0,False,0.0,1.0,PROBABLE
VDR-10233,7.0,1.0,1.0,4.0,5.0,173087159.0,179845086.72,5.0,2.0,0.0,True,0.14285714285714285,9.0,EXACT
LPT-12921,11.0,1.0,2.0,3.0,8.0,338360479.8,302402803.8,9.0,4.0,0.0,True,0.09090909090909091,15.0,EXACT
WS-11315.,0.0,0.0,0.0,0.0,0.0,0.0,0.0,0.0,0.0,0.0,True,0.0,0.0,EXACT
LPT-11065.corp.local,1.0,0.0,0.0,1.0,1.0,46576386.0,24526192.64,1.0,0.0,0.0,False,0.0,1.0,PROBABLE
VDR-10300.corp.local,1.0,1.0,0.0,0.0,1.0,24819643.22,24526192.64,1.0,0.0,0.0,False,1.0,1.0,PROBABLE
WS-12576,7.0,2.0,1.0,5.0,4.0,149357856.5,217330938.16,7.0,0.0,0.0,True,0.2857142857142857,7.0,EXACT
VDR-12342.corp.local,3.0,2.0,1.0,0.0,2.0,73858885.86,98639452.16,1.0,0.0,0.0,False,0.6666666666666666,3.0,PROBABLE
VDR-11385.corp.local,3.0,1.0,0.0,3.0,2.0,58688497.32,82735135.28,2.0,0.0,0.0,False,0.3333333333333333,3.0,PROBABLE
LPT-12044.corp.local,4.0,1.0,0.0,1.0,2.0,121534480.03999999,99316235.0,2.0,0.0,0.0,False,0.25,4.0,PROBABLE
VDR_11188,1.0,1.0,0.0,1.0,0.0,36552302.0,24526192.64,1.0,0.0,0.0,False,1.0,1.0,PROBABLE
LPT-12691,6.0,0.0,0.0,2.0,1.0,200020976.76,148039955.28,6.0,3.0,1.0,False,0.0,9.0,PROBABLE
LPT_12759,1.0,0.0,0.0,1.0,1.0,24819643.22,39254724.0,1.0,0.0,0.0,False,0.0,1.0,PROBABLE
lpt-12414,1.0,1.0,0.0,1.0,0.0,43667252.0,24526192.64,1.0,0.0,0.0,False,1.0,1.0,PROBABLE
LPT-11341.corp.local,2.0,0.0,0.0,1.0,0.0,48249393.68,71447680.64,1.0,0.0,0.0,False,0.0,2.0,PROBABLE
vdr-10792,2.0,0.0,0.0,1.0,0.0,41885299.54,50064984.28,2.0,0.0,0.0,False,0.0,2.0,PROBABLE
WS-11699,3.0,0.0,0.0,3.0,2.0,82007452.68,63798925.64,3.0,3.0,1.0,True,0.0,6.0,EXACT
ws-10953,4.0,1.0,2.0,2.0,2.0,86057353.44,67626387.96000001,3.0,0.0,0.0,False,0.25,4.0,PROBABLE
WS-11897,4.0,1.0,0.0,3.0,2.0,129089711.44,68490988.28,3.0,2.0,0.0,True,0.25,6.0,EXACT
lpt-12628,1.0,0.0,0.0,1.0,0.0,30630384.0,20430239.0,1.0,0.0,0.0,False,0.0,1.0,PROBABLE
WS-10265.corp.local,3.0,1.0,1.0,1.0,1.0,65349199.94,93701203.28,3.0,0.0,0.0,False,0.3333333333333333,3.0,PROBABLE
LPT-11692,5.0,2.0,1.0,2.0,2.0,61381508.92,143871650.56,5.0,1.0,0.0,True,0.4,6.0,EXACT
WS-10307.corp.local,4.0,1.0,0.0,0.0,2.0,114984500.82,87525973.64,1.0,0.0,0.0,False,0.25,4.0,PROBABLE
LPT-12494,5.0,1.0,0.0,2.0,2.0,129977097.89999999,72271600.44,5.0,0.0,0.0,True,0.2,5.0,EXACT
VDR-10642,5.0,4.0,0.0,0.0,2.0,112398803.66,103091180.12,4.0,2.0,0.0,True,0.8,7.0,EXACT
LPT-11311.,0.0,0.0,0.0,0.0,0.0,0.0,0.0,0.0,0.0,0.0,True,0.0,0.0,EXACT
VDR-10960,6.0,2.0,1.0,3.0,3.0,144720592.38,182537223.28,5.0,4.0,0.0,True,0.3333333333333333,10.0,EXACT
WS-12682,8.0,1.0,0.0,3.0,6.0,233338842.39999998,214455888.16,8.0,3.0,0.0,False,0.125,11.0,PROBABLE
ws-12287,2.0,0.0,0.0,1.0,0.0,56056395.0,61017015.0,2.0,0.0,0.0,False,0.0,2.0,PROBABLE
vdr-10077,1.0,0.0,0.0,1.0,1.0,24819643.22,4542791.68,1.0,0.0,0.0,False,0.0,1.0,PROBABLE
LPT-10182.corp.local,1.0,1.0,0.0,1.0,0.0,31587080.0,275242.0,1.0,0.0,0.0,False,1.0,1.0,PROBABLE
LPT-12584.corp.local,1.0,0.0,0.0,1.0,0.0,7683409.92,4833935.36,1.0,0.0,0.0,False,0.0,1.0,PROBABLE
vdr-11032,2.0,0.0,0.0,0.0,2.0,49639286.44,39835402.24,1.0,0.0,0.0,False,0.0,2.0,PROBABLE
LPT-10274,7.0,2.0,1.0,6.0,4.0,130835269.8,149127164.08,7.0,1.0,0.0,True,0.2857142857142857,8.0,EXACT
vdr-12758,2.0,1.0,0.0,1.0,1.0,29771056.76,59827708.0,0.0,0.0,0.0,False,0.5,2.0,PROBABLE
LPT-10475.,0.0,0.0,0.0,0.0,0.0,0.0,0.0,0.0,0.0,0.0,True,0.0,0.0,EXACT
LPT-10593,7.0,2.0,1.0,3.0,1.0,135747516.22,231360931.44,7.0,3.0,0.0,True,0.2857142857142857,10.0,EXACT
WS-10379,4.0,2.0,0.0,3.0,1.0,114264080.44,93402964.0,4.0,1.0,0.0,True,0.5,5.0,EXACT
WS-10036,11.0,3.0,0.0,7.0,5.0,231797064.62,258127329.56,10.0,3.0,0.0,True,0.2727272727272727,14.0,EXACT
VDR-12059.,0.0,0.0,0.0,0.0,0.0,0.0,0.0,0.0,0.0,0.0,True,0.0,0.0,EXACT
LPT-10409.,0.0,0.0,0.0,0.0,0.0,0.0,0.0,0.0,0.0,0.0,True,0.0,0.0,EXACT
LPT_10026,3.0,0.0,0.0,2.0,2.0,99222795.0,53653252.4,1.0,0.0,0.0,False,0.0,3.0,PROBABLE
VDR_11316,1.0,0.0,0.0,0.0,0.0,24819643.22,43360307.0,0.0,0.0,0.0,False,0.0,1.0,PROBABLE
VDR_11096,1.0,1.0,0.0,0.0,0.0,4138421.0,9700663.0,1.0,0.0,0.0,False,1.0,1.0,PROBABLE
LPT_11992,2.0,2.0,0.0,0.0,2.0,24477972.48,32588671.08,1.0,0.0,0.0,False,1.0,2.0,PROBABLE
VDR-12869,12.0,2.0,1.0,8.0,4.0,289577955.96,310314944.88,9.0,5.0,1.0,True,0.16666666666666666,17.0,EXACT
WS-10998,7.0,1.0,1.0,4.0,4.0,221082231.26,141555914.92000002,7.0,5.0,2.0,True,0.14285714285714285,12.0,EXACT
vdr-11071,1.0,0.0,0.0,1.0,0.0,24819643.22,34260930.56,1.0,0.0,0.0,False,0.0,1.0,PROBABLE
WS-11194.corp.local,1.0,0.0,0.0,0.0,1.0,20050841.0,2523972.0,1.0,0.0,0.0,False,0.0,1.0,PROBABLE
LPT-10650,8.0,1.0,0.0,1.0,4.0,210799853.38,122852195.2,8.0,2.0,0.0,True,0.125,10.0,EXACT
LPT-12504,5.0,1.0,0.0,2.0,3.0,121345813.44,138367857.44,5.0,1.0,0.0,True,0.2,6.0,EXACT
LPT-11340.corp.local,1.0,0.0,0.0,1.0,0.0,6654466.0,37645843.0,1.0,0.0,0.0,False,0.0,1.0,PROBABLE
WS-10896,6.0,2.0,0.0,3.0,5.0,112500760.72,147394228.28,5.0,3.0,1.0,True,0.3333333333333333,9.0,EXACT
vdr-11152,1.0,1.0,0.0,1.0,0.0,24819643.22,49448386.0,1.0,0.0,0.0,False,1.0,1.0,PROBABLE
VDR_12801,5.0,1.0,0.0,1.0,2.0,134281786.0,126314669.64,5.0,0.0,0.0,False,0.2,5.0,PROBABLE
lpt-11220,1.0,0.0,0.0,1.0,0.0,35620126.72,38220402.0,1.0,0.0,0.0,False,0.0,1.0,PROBABLE
LPT-12985.corp.local,1.0,0.0,0.0,1.0,1.0,24819643.22,7989713.0,0.0,0.0,0.0,False,0.0,1.0,PROBABLE
LPT-12540,10.0,0.0,2.0,6.0,5.0,260499077.0,301999368.12,8.0,1.0,0.0,True,0.0,11.0,EXACT
VDR_10207,1.0,1.0,0.0,0.0,0.0,9646813.0,10631475.2,0.0,0.0,0.0,False,1.0,1.0,PROBABLE
WS-11323,5.0,0.0,0.0,4.0,3.0,60789013.28,139265294.88,5.0,2.0,0.0,False,0.0,7.0,PROBABLE
VDR-10492,7.0,2.0,1.0,3.0,5.0,215900131.04,192423276.4,7.0,5.0,0.0,True,0.2857142857142857,12.0,EXACT
WS-12108,7.0,2.0,1.0,6.0,4.0,169494209.48,132453158.4,5.0,3.0,0.0,True,0.2857142857142857,10.0,EXACT
LPT_11790,1.0,0.0,0.0,0.0,0.0,39313990.0,5562511.0,1.0,0.0,0.0,False,0.0,1.0,PROBABLE
LPT-10289,5.0,1.0,1.0,1.0,3.0,116928276.66,187436008.32,5.0,1.0,0.0,False,0.2,6.0,PROBABLE
VDR-11758,10.0,1.0,1.0,2.0,4.0,223800398.29999998,250387609.72,10.0,3.0,2.0,True,0.1,13.0,EXACT
LPT_10897,2.0,0.0,0.0,1.0,0.0,39622388.22,65066201.64,2.0,0.0,0.0,False,0.0,2.0,PROBABLE
WS-11686.corp.local,1.0,0.0,0.0,1.0,1.0,24819643.22,46398797.0,1.0,0.0,0.0,False,0.0,1.0,PROBABLE
ws-10145,2.0,1.0,0.0,1.0,1.0,37277071.22,56129226.64,1.0,0.0,0.0,False,0.5,2.0,PROBABLE
VDR-11509,7.0,1.0,2.0,4.0,4.0,128501481.44,164019383.28,6.0,1.0,0.0,True,0.14285714285714285,8.0,EXACT
LPT-12826,6.0,0.0,1.0,2.0,3.0,114179774.47999999,173652282.8,5.0,6.0,1.0,True,0.0,12.0,EXACT
LPT-10752,6.0,0.0,1.0,4.0,1.0,141466044.16,115988437.2,6.0,0.0,0.0,True,0.0,6.0,EXACT
VDR-11940.corp.local,1.0,0.0,1.0,0.0,0.0,18483271.68,45523675.0,1.0,0.0,0.0,False,0.0,1.0,PROBABLE
vdr-12348,1.0,0.0,0.0,1.0,0.0,35008742.0,21479804.0,1.0,0.0,0.0,False,0.0,1.0,PROBABLE
WS-10641.corp.local,1.0,0.0,0.0,0.0,1.0,37514543.0,11686760.0,1.0,0.0,0.0,False,0.0,1.0,PROBABLE
VDR-12856,8.0,2.0,1.0,2.0,4.0,239986950.88,178961852.32,8.0,5.0,0.0,True,0.25,13.0,EXACT
WS_11374,2.0,0.0,0.0,1.0,2.0,29156876.22,41450391.12,2.0,0.0,0.0,False,0.0,2.0,PROBABLE
lpt-10327,4.0,1.0,0.0,1.0,3.0,96196060.84,102631281.92,4.0,0.0,0.0,False,0.25,4.0,PROBABLE
LPT_12466,1.0,0.0,0.0,1.0,1.0,35420897.28,17096844.0,1.0,0.0,0.0,False,0.0,1.0,PROBABLE
WS_10486,1.0,0.0,0.0,0.0,0.0,26415927.0,26075801.6,1.0,0.0,0.0,False,0.0,1.0,PROBABLE
WS-11286,7.0,2.0,1.0,5.0,4.0,177538021.2,97578357.64,6.0,6.0,1.0,True,0.2857142857142857,13.0,EXACT
WS-10413,8.0,0.0,1.0,3.0,4.0,228840563.4,255398210.92000002,7.0,1.0,0.0,True,0.0,9.0,EXACT
WS-12217,13.0,4.0,3.0,8.0,6.0,321919283.94,261548571.44,10.0,1.0,0.0,True,0.3076923076923077,14.0,EXACT
vdr-10603,2.0,0.0,0.0,1.0,1.0,30885020.5,65438229.64,2.0,0.0,0.0,False,0.0,2.0,PROBABLE
ws-11441,1.0,1.0,0.0,0.0,1.0,15495324.0,24526192.64,1.0,0.0,0.0,False,1.0,1.0,PROBABLE
vdr-11436,1.0,0.0,0.0,1.0,1.0,24819643.22,15120465.92,1.0,0.0,0.0,False,0.0,1.0,PROBABLE
LPT_10669,1.0,0.0,0.0,0.0,1.0,30081440.0,38654133.0,1.0,0.0,0.0,False,0.0,1.0,PROBABLE
WS-11623,5.0,0.0,0.0,3.0,2.0,154979146.84,74335712.0,4.0,0.0,0.0,True,0.0,5.0,EXACT
LPT_11661,1.0,0.0,0.0,0.0,0.0,24819643.22,31926316.0,1.0,0.0,0.0,False,0.0,1.0,PROBABLE
LPT-10822.corp.local,1.0,0.0,0.0,1.0,0.0,24819643.22,24526192.64,1.0,0.0,0.0,False,0.0,1.0,PROBABLE
WS_11434,1.0,1.0,0.0,0.0,1.0,24819643.22,24526192.64,1.0,0.0,0.0,False,1.0,1.0,PROBABLE
vdr-11910,1.0,0.0,0.0,0.0,1.0,15967009.0,49279874.0,1.0,0.0,0.0,False,0.0,1.0,PROBABLE
vdr-12956,3.0,0.0,0.0,2.0,1.0,126880025.0,73578577.92,3.0,0.0,0.0,False,0.0,3.0,PROBABLE
WS-12221,7.0,1.0,0.0,3.0,6.0,146220044.01999998,190171859.64,6.0,1.0,0.0,False,0.14285714285714285,8.0,PROBABLE
VDR_11843,1.0,0.0,0.0,1.0,0.0,24819643.22,10506731.52,1.0,0.0,0.0,False,0.0,1.0,PROBABLE
VDR-10715,8.0,0.0,0.0,2.0,5.0,194993151.78,213355841.68,7.0,1.0,0.0,False,0.0,9.0,PROBABLE
VDR-10608.,0.0,0.0,0.0,0.0,0.0,0.0,0.0,0.0,0.0,0.0,True,0.0,0.0,EXACT
vdr-10315,1.0,0.0,0.0,1.0,1.0,14358553.0,20119035.0,1.0,0.0,0.0,False,0.0,1.0,PROBABLE
ws-12996,2.0,0.0,0.0,1.0,0.0,49691620.0,30422701.0,1.0,0.0,0.0,False,0.0,2.0,PROBABLE
ws-10568,1.0,1.0,1.0,0.0,1.0,27861499.0,27422109.0,0.0,0.0,0.0,False,1.0,1.0,PROBABLE
VDR-11874,6.0,1.0,0.0,4.0,4.0,120242882.6,185374697.92000002,5.0,2.0,0.0,False,0.16666666666666666,8.0,PROBABLE
LPT-12240,4.0,1.0,0.0,2.0,2.0,107423732.66,103237245.0,3.0,0.0,0.0,True,0.25,4.0,EXACT
LPT-11115,3.0,0.0,0.0,2.0,2.0,46801142.22,55377062.0,2.0,2.0,0.0,True,0.0,5.0,EXACT
VDR-11314,10.0,3.0,0.0,5.0,4.0,212970764.88,208577935.4,8.0,1.0,0.0,False,0.3,11.0,PROBABLE
WS-10908,9.0,3.0,0.0,5.0,5.0,204622337.0,202210129.24,8.0,4.0,1.0,True,0.3333333333333333,13.0,EXACT
VDR-11999.corp.local,3.0,0.0,0.0,1.0,3.0,64048973.44,40594463.6,2.0,0.0,0.0,False,0.0,3.0,PROBABLE
vdr-11081,3.0,1.0,1.0,0.0,2.0,112314487.5,60005272.64,3.0,0.0,0.0,False,0.3333333333333333,3.0,PROBABLE
VDR-10801,5.0,2.0,1.0,3.0,5.0,128066982.66,150278590.0,5.0,3.0,0.0,False,0.4,8.0,PROBABLE
lpt-12583,2.0,1.0,0.0,0.0,2.0,60954744.0,5395950.96,1.0,0.0,0.0,False,0.5,2.0,PROBABLE
VDR-10296,11.0,3.0,1.0,5.0,7.0,255754123.1,221578324.12,11.0,4.0,1.0,True,0.2727272727272727,15.0,EXACT
ws-11739,2.0,0.0,0.0,0.0,2.0,43301604.22,61422612.480000004,2.0,0.0,0.0,False,0.0,2.0,PROBABLE
LPT-11691.corp.local,1.0,0.0,0.0,1.0,0.0,5586513.92,23109298.0,1.0,0.0,0.0,False,0.0,1.0,PROBABLE
VDR-12127.corp.local,2.0,0.0,1.0,2.0,0.0,36451927.0,19975736.0,2.0,0.0,0.0,False,0.0,2.0,PROBABLE
VDR-12567,7.0,1.0,0.0,4.0,4.0,186513112.01999998,217677615.2,7.0,3.0,0.0,False,0.14285714285714285,10.0,PROBABLE
WS_11806,1.0,0.0,0.0,1.0,1.0,24819643.22,24526192.64,0.0,0.0,0.0,False,0.0,1.0,PROBABLE
VDR-12591,3.0,0.0,0.0,1.0,3.0,50072778.44,74975484.04,2.0,4.0,2.0,True,0.0,7.0,EXACT
LPT_10054,2.0,1.0,1.0,1.0,0.0,24419620.0,30972675.68,2.0,0.0,0.0,False,0.5,2.0,PROBABLE
VDR_12525,1.0,0.0,0.0,0.0,0.0,24819643.22,24526192.64,0.0,0.0,0.0,False,0.0,1.0,PROBABLE
WS-10594,6.0,1.0,2.0,4.0,2.0,179188821.4,202912137.12,6.0,2.0,1.0,True,0.16666666666666666,8.0,EXACT
WS-11132,8.0,2.0,0.0,4.0,6.0,166448298.92,232484725.36,7.0,3.0,0.0,True,0.25,11.0,EXACT
WS-11670.corp.local,2.0,0.0,0.0,2.0,0.0,28992826.22,72239633.0,2.0,0.0,0.0,False,0.0,2.0,PROBABLE
LPT-12787,8.0,2.0,0.0,4.0,5.0,206176914.1,191876241.04,6.0,2.0,0.0,True,0.25,10.0,EXACT
WS-12901,8.0,1.0,0.0,2.0,3.0,207705259.56,233770182.72,7.0,1.0,0.0,True,0.125,9.0,EXACT
vdr-11327,6.0,1.0,1.0,2.0,3.0,211209772.22,127576142.28,3.0,0.0,0.0,False,0.16666666666666666,6.0,PROBABLE
ws-12913,3.0,0.0,0.0,1.0,2.0,56301674.0,72072164.0,2.0,0.0,0.0,False,0.0,3.0,PROBABLE
VDR-10267,7.0,2.0,1.0,4.0,4.0,197351098.44,212681943.76,7.0,4.0,1.0,True,0.2857142857142857,11.0,EXACT
WS-12410,3.0,1.0,0.0,2.0,1.0,93694937.22,98413563.28,2.0,2.0,0.0,True,0.3333333333333333,5.0,EXACT
ws-10494,1.0,0.0,0.0,1.0,0.0,17931521.0,6178374.0,1.0,0.0,0.0,False,0.0,1.0,PROBABLE
vdr-11240,2.0,1.0,0.0,2.0,0.0,40397523.0,49052385.28,2.0,0.0,0.0,False,0.5,2.0,PROBABLE
WS-10823,9.0,2.0,0.0,8.0,5.0,198722072.26,271616827.4,7.0,3.0,0.0,True,0.2222222222222222,12.0,EXACT
VDR-10192,8.0,1.0,0.0,6.0,4.0,140071417.62,148491633.92000002,6.0,1.0,0.0,False,0.125,9.0,PROBABLE
lpt-11140,2.0,1.0,0.0,2.0,1.0,69693154.22,49052385.28,2.0,0.0,0.0,False,0.5,2.0,PROBABLE
ws-12834,1.0,1.0,0.0,0.0,1.0,24819643.22,39584469.0,1.0,0.0,0.0,False,1.0,1.0,PROBABLE
lpt-10954,3.0,0.0,0.0,0.0,1.0,61698927.0,47949379.64,2.0,0.0,0.0,False,0.0,3.0,PROBABLE
lpt-10013,2.0,1.0,0.0,0.0,1.0,63685728.0,58262178.0,2.0,0.0,0.0,False,0.5,2.0,PROBABLE
ws-12923,4.0,1.0,0.0,3.0,3.0,90574577.66,96026285.64,1.0,0.0,0.0,False,0.25,4.0,PROBABLE
LPT_11212,1.0,0.0,0.0,1.0,1.0,24819643.22,6427238.0,1.0,0.0,0.0,False,0.0,1.0,PROBABLE
vdr-10158,3.0,0.0,0.0,1.0,2.0,44239270.739999995,77648317.03999999,1.0,0.0,0.0,False,0.0,3.0,PROBABLE
VDR-10164.corp.local,2.0,0.0,0.0,0.0,1.0,48277672.22,45329940.48,1.0,0.0,0.0,False,0.0,2.0,PROBABLE
vdr-11594,1.0,0.0,0.0,1.0,1.0,18134539.0,24526192.64,0.0,0.0,0.0,False,0.0,1.0,PROBABLE
lpt-10948,1.0,0.0,0.0,1.0,0.0,32948528.0,24526192.64,0.0,0.0,0.0,False,0.0,1.0,PROBABLE
WS-12918,7.0,3.0,0.0,5.0,2.0,245430918.82,124590330.92,7.0,1.0,0.0,True,0.42857142857142855,8.0,EXACT
LPT-10426.corp.local,2.0,1.0,0.0,0.0,1.0,46833152.0,60902435.32,2.0,0.0,0.0,False,0.5,2.0,PROBABLE
ws-11475,2.0,0.0,0.0,2.0,2.0,73638434.12,62823102.64,1.0,0.0,0.0,False,0.0,2.0,PROBABLE
VDR-10358,7.0,1.0,0.0,4.0,5.0,143632610.74,138294148.44,6.0,1.0,0.0,True,0.14285714285714285,8.0,EXACT
LPT-10750.corp.local,2.0,0.0,0.0,1.0,0.0,70085888.0,59368929.64,2.0,0.0,0.0,False,0.0,2.0,PROBABLE
ws-10506,3.0,0.0,0.0,0.0,2.0,105395745.62,66190715.64,3.0,0.0,0.0,False,0.0,3.0,PROBABLE
WS_12104,1.0,1.0,0.0,0.0,1.0,31338668.0,24526192.64,1.0,0.0,0.0,False,1.0,1.0,PROBABLE
LPT-12617,5.0,0.0,0.0,4.0,3.0,166423290.42000002,117126153.92,4.0,3.0,1.0,True,0.0,8.0,EXACT
VDR_10765,1.0,0.0,1.0,0.0,0.0,46088169.0,38549897.0,1.0,0.0,0.0,False,0.0,1.0,PROBABLE
VDR-10698,4.0,2.0,1.0,4.0,2.0,127402917.44,121740789.0,3.0,3.0,0.0,False,0.5,7.0,PROBABLE
WS-12873.corp.local,1.0,0.0,0.0,0.0,1.0,31662642.0,49656406.0,1.0,0.0,0.0,False,0.0,1.0,PROBABLE
lpt-10274,2.0,0.0,0.0,0.0,1.0,80492095.0,66977701.64,2.0,0.0,0.0,False,0.0,2.0,PROBABLE
LPT_12960,1.0,0.0,0.0,0.0,1.0,43661876.0,24526192.64,1.0,0.0,0.0,False,0.0,1.0,PROBABLE
VDR_11155,1.0,0.0,0.0,1.0,0.0,24023410.0,33545329.0,1.0,0.0,0.0,False,0.0,1.0,PROBABLE
LPT_12231,1.0,0.0,0.0,1.0,1.0,17846886.4,24526192.64,0.0,0.0,0.0,False,0.0,1.0,PROBABLE
VDR-11377.corp.local,2.0,0.0,0.0,1.0,2.0,60309578.58,49052385.28,2.0,0.0,0.0,False,0.0,2.0,PROBABLE
vdr-11195,1.0,0.0,0.0,1.0,0.0,14996658.0,37133579.0,0.0,0.0,0.0,False,0.0,1.0,PROBABLE
LPT-11554,7.0,2.0,0.0,4.0,6.0,170307296.07999998,158717142.56,7.0,3.0,0.0,True,0.2857142857142857,10.0,EXACT
WS_11829,1.0,0.0,0.0,1.0,0.0,46614964.0,15865051.0,1.0,0.0,0.0,False,0.0,1.0,PROBABLE
WS-12788,9.0,1.0,1.0,1.0,3.0,187187057.74,194539220.07999998,9.0,3.0,0.0,True,0.1111111111111111,12.0,EXACT
vdr-11402,3.0,1.0,0.0,0.0,2.0,68564540.22,44470695.64,2.0,0.0,0.0,False,0.3333333333333333,3.0,PROBABLE
LPT-12858.corp.local,1.0,1.0,0.0,1.0,0.0,24819643.22,43865187.0,1.0,0.0,0.0,False,1.0,1.0,PROBABLE
LPT-12171,0.0,0.0,0.0,0.0,0.0,0.0,0.0,0.0,4.0,1.0,True,0.0,4.0,EXACT
VDR_10776,1.0,0.0,0.0,0.0,0.0,24819643.22,3308380.0,1.0,0.0,0.0,False,0.0,1.0,PROBABLE
ws-12773,2.0,0.0,0.0,1.0,1.0,30974201.36,30073159.68,1.0,0.0,0.0,False,0.0,2.0,PROBABLE
LPT-12782.corp.local,1.0,0.0,0.0,1.0,0.0,16360523.0,24526192.64,1.0,0.0,0.0,False,0.0,1.0,PROBABLE
LPT_10250,2.0,0.0,0.0,1.0,1.0,49695729.22,42862193.44,2.0,0.0,0.0,False,0.0,2.0,PROBABLE
WS-12368.corp.local,2.0,0.0,0.0,0.0,0.0,51632514.22,54701211.0,2.0,0.0,0.0,False,0.0,2.0,PROBABLE
VDR-12269.corp.local,1.0,1.0,0.0,1.0,0.0,29811015.68,1541719.0,1.0,0.0,0.0,False,1.0,1.0,PROBABLE
LPT-10418.corp.local,2.0,0.0,1.0,2.0,2.0,21951165.0,30253074.64,1.0,0.0,0.0,False,0.0,2.0,PROBABLE
LPT-11031.,0.0,0.0,0.0,0.0,0.0,0.0,0.0,0.0,0.0,0.0,True,0.0,0.0,EXACT
lpt-12060,2.0,2.0,0.0,1.0,1.0,53272648.22,49671045.12,2.0,0.0,0.0,False,1.0,2.0,PROBABLE
WS-11418,8.0,1.0,1.0,3.0,5.0,211589205.06,220679108.92000002,8.0,3.0,0.0,True,0.125,11.0,EXACT
vdr-11169,1.0,1.0,0.0,0.0,1.0,12698255.36,24526192.64,1.0,0.0,0.0,False,1.0,1.0,PROBABLE
VDR-11510,8.0,3.0,1.0,5.0,5.0,198245441.66,193841153.48000002,7.0,1.0,0.0,True,0.375,9.0,EXACT
LPT-12001.,0.0,0.0,0.0,0.0,0.0,0.0,0.0,0.0,0.0,0.0,True,0.0,0.0,EXACT
LPT-12585,7.0,0.0,1.0,5.0,1.0,146938572.82,228285109.68,7.0,3.0,1.0,True,0.0,10.0,EXACT
WS-11806,7.0,1.0,1.0,1.0,3.0,181639144.78,171335868.08,6.0,3.0,1.0,True,0.14285714285714285,10.0,EXACT
LPT-10678.corp.local,1.0,1.0,0.0,1.0,1.0,26110713.0,48432249.0,1.0,0.0,0.0,False,1.0,1.0,PROBABLE
vdr-11644,4.0,1.0,1.0,3.0,2.0,113921117.86,59347778.84,3.0,0.0,0.0,False,0.25,4.0,PROBABLE
LPT-11209,4.0,1.0,1.0,1.0,2.0,105636362.22,119558800.0,4.0,2.0,0.0,False,0.25,6.0,PROBABLE
VDR-10736,8.0,1.0,2.0,7.0,0.0,148661526.54,200916393.2,5.0,3.0,0.0,True,0.125,11.0,EXACT
ws-11044,2.0,0.0,0.0,1.0,2.0,33566190.42,7681129.24,1.0,0.0,0.0,False,0.0,2.0,PROBABLE
WS-12642,5.0,1.0,0.0,4.0,2.0,95878656.3,134094987.84,4.0,5.0,0.0,True,0.2,10.0,EXACT
vdr-10788,1.0,0.0,0.0,1.0,0.0,16541361.0,45714272.0,1.0,0.0,0.0,False,0.0,1.0,PROBABLE
vdr-12705,1.0,0.0,0.0,1.0,0.0,17423461.0,36454423.0,0.0,0.0,0.0,False,0.0,1.0,PROBABLE
LPT-11577.corp.local,1.0,0.0,0.0,0.0,1.0,27137146.88,24526192.64,1.0,0.0,0.0,False,0.0,1.0,PROBABLE
WS-10995,5.0,2.0,0.0,2.0,2.0,123727869.66,90995245.72,5.0,2.0,0.0,False,0.4,7.0,PROBABLE
LPT-10980,10.0,2.0,0.0,6.0,4.0,272386519.84,250243707.2,10.0,2.0,0.0,True,0.2,12.0,EXACT
vdr-10249,1.0,0.0,0.0,1.0,0.0,48099736.0,46352308.0,1.0,0.0,0.0,False,0.0,1.0,PROBABLE
LPT-12043.,0.0,0.0,0.0,0.0,0.0,0.0,0.0,0.0,0.0,0.0,True,0.0,0.0,EXACT
VDR-12087,10.0,2.0,0.0,5.0,5.0,210657578.36,273003973.12,9.0,0.0,0.0,True,0.2,10.0,EXACT
vdr-10273,1.0,0.0,0.0,0.0,1.0,31939624.96,22914088.96,1.0,0.0,0.0,False,0.0,1.0,PROBABLE
WS_10394,1.0,0.0,0.0,1.0,0.0,1365005.0,8810330.0,1.0,0.0,0.0,False,0.0,1.0,PROBABLE
WS-10665,3.0,0.0,0.0,1.0,0.0,74458929.66,73578577.92,3.0,1.0,0.0,True,0.0,4.0,EXACT
VDR-10744.corp.local,2.0,0.0,0.0,1.0,1.0,60479223.0,67707103.0,2.0,0.0,0.0,False,0.0,2.0,PROBABLE
VDR-11821,12.0,1.0,1.0,5.0,7.0,271850007.64,290969872.76,12.0,2.0,0.0,True,0.08333333333333333,14.0,EXACT
WS-11360.corp.local,1.0,0.0,0.0,1.0,0.0,34174043.0,32795699.2,1.0,0.0,0.0,False,0.0,1.0,PROBABLE
lpt-10650,3.0,1.0,0.0,2.0,1.0,79662716.58,58874217.64,3.0,0.0,0.0,False,0.3333333333333333,3.0,PROBABLE
VDR-10644,8.0,3.0,3.0,3.0,8.0,180314651.1,159664411.16,7.0,3.0,0.0,True,0.375,11.0,EXACT
LPT-11288.corp.local,1.0,0.0,0.0,0.0,1.0,47070751.0,24526192.64,1.0,0.0,0.0,False,0.0,1.0,PROBABLE
ws-11836,1.0,1.0,0.0,0.0,0.0,24819643.22,3718741.0,1.0,0.0,0.0,False,1.0,1.0,PROBABLE
WS-10253,3.0,0.0,0.0,0.0,1.0,81414094.44,36025900.28,3.0,2.0,0.0,True,0.0,5.0,EXACT
vdr-12247,2.0,1.0,0.0,1.0,1.0,49639286.44,49315519.0,2.0,0.0,0.0,False,0.5,2.0,PROBABLE
WS-11959,1.0,1.0,0.0,0.0,0.0,24819643.22,24526192.64,1.0,5.0,0.0,True,1.0,6.0,EXACT
VDR-10035.corp.local,1.0,1.0,0.0,1.0,1.0,15564655.0,29051587.0,1.0,0.0,0.0,False,1.0,1.0,PROBABLE
VDR_12181,2.0,0.0,0.0,2.0,1.0,51376541.6,29417194.44,2.0,0.0,0.0,False,0.0,2.0,PROBABLE
WS-12701,9.0,3.0,1.0,3.0,5.0,208903388.36,201130439.0,9.0,2.0,0.0,True,0.3333333333333333,11.0,EXACT
vdr-11518,2.0,0.0,0.0,2.0,0.0,46336981.64,23269998.0,2.0,0.0,0.0,False,0.0,2.0,PROBABLE
WS-12944.corp.local,2.0,0.0,0.0,0.0,1.0,47118325.22,36313328.64,2.0,0.0,0.0,False,0.0,2.0,PROBABLE
WS-10526,5.0,1.0,0.0,0.0,3.0,137197403.22,152539415.4,4.0,2.0,1.0,True,0.2,7.0,EXACT
ws-12701,1.0,1.0,0.0,0.0,1.0,41262050.0,29486141.44,1.0,0.0,0.0,False,1.0,1.0,PROBABLE
LPT-12428,8.0,1.0,0.0,4.0,4.0,186964306.66,195243360.24,6.0,1.0,1.0,True,0.125,9.0,EXACT
VDR-10735,8.0,1.0,0.0,0.0,7.0,177815551.6,234060716.76,8.0,2.0,0.0,True,0.125,10.0,EXACT
VDR_11778,1.0,0.0,0.0,0.0,1.0,24999065.0,5254824.0,1.0,0.0,0.0,False,0.0,1.0,PROBABLE
VDR_10756,2.0,1.0,1.0,1.0,2.0,60240691.199999996,32307192.0,1.0,0.0,0.0,False,0.5,2.0,PROBABLE
VDR_11596,1.0,0.0,0.0,0.0,1.0,9834070.0,17939123.0,1.0,0.0,0.0,False,0.0,1.0,PROBABLE
VDR_11307,1.0,0.0,0.0,0.0,1.0,24819643.22,6048642.0,1.0,0.0,0.0,False,0.0,1.0,PROBABLE
vdr-11625,1.0,1.0,0.0,1.0,1.0,29857775.0,12987310.08,1.0,0.0,0.0,False,1.0,1.0,PROBABLE
WS-10027.corp.local,1.0,0.0,0.0,1.0,0.0,24819643.22,24526192.64,1.0,0.0,0.0,False,0.0,1.0,PROBABLE
WS-12188,7.0,2.0,1.0,5.0,4.0,196907543.66,168543325.92000002,6.0,2.0,0.0,True,0.2857142857142857,9.0,EXACT
ws-12387,1.0,0.0,0.0,1.0,1.0,20930567.0,27736545.28,1.0,0.0,0.0,False,0.0,1.0,PROBABLE
VDR-10631.corp.local,1.0,1.0,0.0,0.0,1.0,24819643.22,33635848.0,0.0,0.0,0.0,False,1.0,1.0,PROBABLE
WS_10526,1.0,0.0,0.0,0.0,0.0,12476184.0,14189536.0,1.0,0.0,0.0,False,0.0,1.0,PROBABLE
lpt-12516,1.0,1.0,0.0,1.0,0.0,48243581.0,24526192.64,1.0,0.0,0.0,False,1.0,1.0,PROBABLE
LPT_10637,1.0,0.0,0.0,0.0,1.0,9168834.56,24196697.0,1.0,0.0,0.0,False,0.0,1.0,PROBABLE
VDR-10096.corp.local,3.0,0.0,0.0,2.0,0.0,140895183.0,83970387.64,3.0,0.0,0.0,False,0.0,3.0,PROBABLE
lpt-11561,1.0,0.0,0.0,0.0,0.0,24819643.22,46509961.0,1.0,0.0,0.0,False,0.0,1.0,PROBABLE
VDR-10406,6.0,1.0,0.0,4.0,4.0,154521558.07999998,110441623.64,6.0,0.0,0.0,True,0.16666666666666666,6.0,EXACT
WS-10355.corp.local,1.0,1.0,0.0,1.0,0.0,24819643.22,22480373.76,0.0,0.0,0.0,False,1.0,1.0,PROBABLE
WS-10579.corp.local,1.0,1.0,0.0,1.0,1.0,24819643.22,2904555.52,1.0,0.0,0.0,False,1.0,1.0,PROBABLE
vdr-10690,2.0,0.0,1.0,1.0,1.0,68473421.0,37267353.0,2.0,0.0,0.0,False,0.0,2.0,PROBABLE
VDR-12019.corp.local,2.0,1.0,0.0,1.0,0.0,62344379.22,69507973.64,2.0,0.0,0.0,False,0.5,2.0,PROBABLE
LPT-11483.corp.local,2.0,1.0,0.0,1.0,1.0,49639286.44,56772141.64,2.0,0.0,0.0,False,0.5,2.0,PROBABLE
WS-11393,3.0,1.0,0.0,3.0,2.0,101284190.0,54724377.28,3.0,3.0,0.0,True,0.3333333333333333,6.0,EXACT
LPT-12299,8.0,2.0,3.0,7.0,4.0,187469363.45999998,190278593.8,8.0,1.0,0.0,True,0.25,9.0,EXACT
VDR_10843,2.0,0.0,0.0,0.0,1.0,33589210.22,12309338.64,2.0,0.0,0.0,False,0.0,2.0,PROBABLE
ws-10201,2.0,1.0,0.0,2.0,1.0,42096592.0,27232435.64,2.0,0.0,0.0,False,0.5,2.0,PROBABLE
WS-11847,10.0,2.0,0.0,7.0,5.0,261786311.6,280595295.48,9.0,3.0,1.0,True,0.2,13.0,EXACT
LPT-10702,10.0,1.0,2.0,3.0,5.0,253310270.84,243222934.6,7.0,1.0,0.0,False,0.1,11.0,PROBABLE
lpt-10424,2.0,1.0,0.0,1.0,1.0,69854033.92,61142466.56,1.0,0.0,0.0,False,0.5,2.0,PROBABLE
lpt-10431,3.0,1.0,0.0,2.0,2.0,108894376.52000001,79929086.0,3.0,0.0,0.0,False,0.3333333333333333,3.0,PROBABLE
VDR-12338,8.0,1.0,0.0,2.0,5.0,220619164.36,157620112.48,5.0,4.0,1.0,True,0.125,12.0,EXACT
LPT-10855,14.0,3.0,2.0,7.0,9.0,396130232.4,384617605.88,13.0,0.0,0.0,True,0.21428571428571427,14.0,EXACT
ws-10629,2.0,0.0,0.0,1.0,1.0,37757851.0,52461716.64,2.0,0.0,0.0,False,0.0,2.0,PROBABLE
WS-10727.,0.0,0.0,0.0,0.0,0.0,0.0,0.0,0.0,0.0,0.0,True,0.0,0.0,EXACT
VDR-11302.corp.local,1.0,0.0,0.0,1.0,0.0,45628706.0,27726701.0,1.0,0.0,0.0,False,0.0,1.0,PROBABLE
WS_12876,1.0,1.0,0.0,0.0,0.0,15592325.12,24526192.64,1.0,0.0,0.0,False,1.0,1.0,PROBABLE
lpt-10275,1.0,0.0,0.0,0.0,0.0,43421532.16,29507430.4,1.0,0.0,0.0,False,0.0,1.0,PROBABLE
WS_12447,1.0,0.0,0.0,0.0,0.0,21203855.36,43620761.6,1.0,0.0,0.0,False,0.0,1.0,PROBABLE
lpt-10157,1.0,0.0,0.0,0.0,1.0,21197292.0,24526192.64,0.0,0.0,0.0,False,0.0,1.0,PROBABLE
ws-12398,1.0,0.0,0.0,1.0,0.0,42103238.0,25192412.0,1.0,0.0,0.0,False,0.0,1.0,PROBABLE
LPT-12167,7.0,2.0,0.0,3.0,3.0,151949995.38,186306571.8,7.0,2.0,0.0,True,0.2857142857142857,9.0,EXACT
vdr-10587,2.0,0.0,0.0,1.0,0.0,49639286.44,49052385.28,0.0,0.0,0.0,False,0.0,2.0,PROBABLE
LPT-10951,11.0,4.0,0.0,4.0,4.0,213125005.72,257029926.4,10.0,0.0,0.0,True,0.36363636363636365,11.0,EXACT
WS-12661.corp.local,2.0,0.0,0.0,1.0,1.0,56306306.76,46374519.64,2.0,0.0,0.0,False,0.0,2.0,PROBABLE
VDR_10168,2.0,0.0,0.0,1.0,0.0,53387956.96,54335063.6,2.0,0.0,0.0,False,0.0,2.0,PROBABLE
ws-12851,2.0,1.0,0.0,1.0,1.0,66405683.8,61088839.68,2.0,0.0,0.0,False,0.5,2.0,PROBABLE
LPT-12813,9.0,2.0,0.0,4.0,4.0,271573594.7,205720197.0,8.0,0.0,0.0,True,0.2222222222222222,9.0,EXACT
LPT-10853,10.0,2.0,0.0,6.0,5.0,211854235.74,237437554.76,9.0,0.0,0.0,False,0.2,10.0,PROBABLE
vdr-11560,1.0,1.0,0.0,0.0,0.0,39374817.28,18150362.0,1.0,0.0,0.0,False,1.0,1.0,PROBABLE
LPT_12110,1.0,1.0,0.0,1.0,0.0,30039573.0,43860319.0,1.0,0.0,0.0,False,1.0,1.0,PROBABLE
VDR-10605,6.0,2.0,1.0,3.0,3.0,140788234.62,131996466.2,5.0,4.0,0.0,True,0.3333333333333333,10.0,EXACT
WS-12925,8.0,2.0,1.0,4.0,5.0,244442185.12,200404841.8,7.0,1.0,0.0,True,0.25,9.0,EXACT
VDR-10761,7.0,0.0,2.0,3.0,4.0,190786612.88,169540029.64,6.0,4.0,0.0,False,0.0,11.0,PROBABLE
LPT-11116,14.0,3.0,1.0,10.0,7.0,390633616.68,366451640.72,12.0,5.0,0.0,True,0.21428571428571427,19.0,EXACT
lpt-12565,2.0,1.0,1.0,2.0,2.0,66194530.22,54338851.04,2.0,0.0,0.0,False,0.5,2.0,PROBABLE
vdr-10923,1.0,0.0,0.0,1.0,1.0,24819643.22,27435716.0,1.0,0.0,0.0,False,0.0,1.0,PROBABLE
ws-12406,1.0,1.0,0.0,0.0,0.0,6142829.0,24526192.64,1.0,0.0,0.0,False,1.0,1.0,PROBABLE
WS-11496,4.0,0.0,1.0,3.0,1.0,67878923.6,132235791.64,4.0,3.0,0.0,False,0.0,7.0,PROBABLE
LPT-11810,7.0,3.0,0.0,4.0,1.0,197954616.44,146509770.56,6.0,4.0,0.0,True,0.42857142857142855,11.0,EXACT
WS_10896,1.0,1.0,0.0,1.0,1.0,43291917.0,43043693.0,1.0,0.0,0.0,False,1.0,1.0,PROBABLE
lpt-10981,2.0,1.0,0.0,1.0,0.0,57694662.22,31627686.0,1.0,0.0,0.0,False,0.5,2.0,PROBABLE
VDR-10761.corp.local,1.0,0.0,0.0,0.0,1.0,24819643.22,12867708.0,1.0,0.0,0.0,False,0.0,1.0,PROBABLE
lpt-12634,3.0,0.0,0.0,0.0,1.0,92489139.06,69406972.64,2.0,0.0,0.0,False,0.0,3.0,PROBABLE
LPT-12408,5.0,1.0,0.0,3.0,3.0,114213811.46,133019590.64,1.0,2.0,1.0,True,0.2,7.0,EXACT
WS_10737,1.0,1.0,0.0,1.0,0.0,18992002.0,27897662.0,1.0,0.0,0.0,False,1.0,1.0,PROBABLE
vdr-10016,3.0,0.0,0.0,2.0,1.0,112135113.22,63158721.400000006,1.0,0.0,0.0,False,0.0,3.0,PROBABLE
LPT-11369,6.0,1.0,0.0,0.0,4.0,110756270.6,176247027.64,6.0,2.0,0.0,True,0.16666666666666666,8.0,EXACT
LPT-11480,12.0,1.0,1.0,5.0,7.0,348677699.7,282086847.12,11.0,0.0,0.0,True,0.08333333333333333,12.0,EXACT
LPT_12505,1.0,1.0,0.0,0.0,1.0,24835657.0,24526192.64,1.0,0.0,0.0,False,1.0,1.0,PROBABLE
LPT-12708,6.0,0.0,0.0,4.0,3.0,100318685.47999999,167675174.28,4.0,0.0,0.0,False,0.0,6.0,PROBABLE
WS-12794,9.0,2.0,1.0,3.0,4.0,293858112.3,188804730.28,9.0,3.0,0.0,True,0.2222222222222222,12.0,EXACT
WS-10039,5.0,1.0,1.0,3.0,2.0,91506248.0,54567652.64,5.0,5.0,0.0,True,0.2,10.0,EXACT
LPT-10607,2.0,0.0,0.0,1.0,2.0,29685719.04,19283286.0,2.0,1.0,0.0,True,0.0,3.0,EXACT
vdr-11013,1.0,0.0,0.0,0.0,1.0,22324183.04,5405719.0,1.0,0.0,0.0,False,0.0,1.0,PROBABLE
VDR-12776,1.0,0.0,0.0,1.0,1.0,39016301.0,24526192.64,1.0,2.0,0.0,True,0.0,3.0,EXACT
WS-10214.corp.local,3.0,0.0,0.0,2.0,2.0,77624691.0,60406277.120000005,2.0,0.0,0.0,False,0.0,3.0,PROBABLE
VDR-11650.corp.local,1.0,0.0,0.0,1.0,0.0,24819643.22,24526192.64,1.0,0.0,0.0,False,0.0,1.0,PROBABLE
LPT-12301,8.0,3.0,2.0,3.0,4.0,251530440.66,167226798.76,6.0,4.0,0.0,True,0.375,12.0,EXACT
LPT-11219.corp.local,2.0,0.0,1.0,0.0,1.0,52205841.0,30534533.12,2.0,0.0,0.0,False,0.0,2.0,PROBABLE
vdr-11861,1.0,0.0,0.0,1.0,1.0,43702858.0,44675059.0,1.0,0.0,0.0,False,0.0,1.0,PROBABLE
lpt-12763,1.0,0.0,0.0,1.0,0.0,46313154.56,20078891.0,1.0,0.0,0.0,False,0.0,1.0,PROBABLE
VDR-11778.corp.local,1.0,0.0,0.0,1.0,1.0,47149839.0,24526192.64,1.0,0.0,0.0,False,0.0,1.0,PROBABLE
VDR-11811.,0.0,0.0,0.0,0.0,0.0,0.0,0.0,0.0,0.0,0.0,True,0.0,0.0,EXACT
LPT_11891,1.0,0.0,0.0,1.0,1.0,24819643.22,24526192.64,1.0,0.0,0.0,False,0.0,1.0,PROBABLE
VDR-11606.corp.local,2.0,0.0,1.0,2.0,2.0,62494942.0,36142385.64,2.0,0.0,0.0,False,0.0,2.0,PROBABLE
vdr-11727,1.0,1.0,0.0,0.0,1.0,3168924.0,24526192.64,0.0,0.0,0.0,False,1.0,1.0,PROBABLE
LPT-10129,6.0,2.0,0.0,2.0,4.0,145766307.44,98463756.64,4.0,0.0,0.0,True,0.3333333333333333,6.0,EXACT
LPT-12634,7.0,2.0,0.0,2.0,3.0,138154253.66,134498069.2,7.0,0.0,0.0,True,0.2857142857142857,7.0,EXACT
VDR_10903,2.0,1.0,0.0,0.0,0.0,49639286.44,53258076.64,2.0,0.0,0.0,False,0.5,2.0,PROBABLE
WS-10487.corp.local,1.0,0.0,0.0,1.0,0.0,18373428.0,12268339.2,0.0,0.0,0.0,False,0.0,1.0,PROBABLE
vdr-11495,1.0,0.0,0.0,0.0,0.0,31547657.0,24526192.64,0.0,0.0,0.0,False,0.0,1.0,PROBABLE
LPT-12888,5.0,1.0,0.0,2.0,4.0,174462217.0,155725496.04,5.0,3.0,0.0,True,0.2,8.0,EXACT
VDR-11580,6.0,1.0,0.0,1.0,2.0,103400669.22,128236832.56,6.0,6.0,1.0,True,0.16666666666666666,12.0,EXACT
ws-11009,1.0,0.0,0.0,0.0,0.0,24819643.22,45401487.36,1.0,0.0,0.0,False,0.0,1.0,PROBABLE
VDR_11507,2.0,0.0,0.0,1.0,2.0,43808628.2,24209053.0,2.0,0.0,0.0,False,0.0,2.0,PROBABLE
VDR-10559,11.0,5.0,1.0,7.0,5.0,247946211.48,217487329.08,9.0,2.0,0.0,True,0.45454545454545453,13.0,EXACT
LPT-11574,7.0,3.0,0.0,4.0,4.0,171051084.0,203227396.32,5.0,2.0,0.0,True,0.42857142857142855,9.0,EXACT
LPT-12621.corp.local,1.0,0.0,0.0,1.0,0.0,6128297.0,24526192.64,1.0,0.0,0.0,False,0.0,1.0,PROBABLE
LPT-10130,4.0,0.0,0.0,1.0,2.0,75869823.22,101907712.0,4.0,0.0,0.0,True,0.0,4.0,EXACT
LPT-12098,7.0,2.0,0.0,1.0,4.0,188115148.0,161396544.92000002,4.0,3.0,0.0,True,0.2857142857142857,10.0,EXACT
LPT-12810,6.0,3.0,0.0,3.0,2.0,146168117.22,129509674.64,5.0,4.0,0.0,True,0.5,10.0,EXACT
vdr-12435,1.0,0.0,0.0,0.0,0.0,24819643.22,29256694.0,0.0,0.0,0.0,False,0.0,1.0,PROBABLE
WS_12941,1.0,0.0,0.0,0.0,1.0,24819643.22,49923681.0,0.0,0.0,0.0,False,0.0,1.0,PROBABLE
WS-12491,8.0,2.0,1.0,3.0,3.0,214216326.44,167409619.4,4.0,2.0,0.0,True,0.25,10.0,EXACT
lpt-10771,1.0,0.0,0.0,1.0,1.0,33659955.2,306406.0,1.0,0.0,0.0,False,0.0,1.0,PROBABLE
vdr-11096,1.0,0.0,1.0,0.0,1.0,24819643.22,24526192.64,1.0,0.0,0.0,False,0.0,1.0,PROBABLE
lpt-10511,1.0,0.0,0.0,1.0,0.0,24819643.22,11686569.0,1.0,0.0,0.0,False,0.0,1.0,PROBABLE
VDR-12184.,0.0,0.0,0.0,0.0,0.0,0.0,0.0,0.0,0.0,0.0,True,0.0,0.0,EXACT
LPT-11257,2.0,0.0,0.0,0.0,2.0,31299726.0,49808417.0,1.0,3.0,0.0,True,0.0,5.0,EXACT
LPT-12572,8.0,0.0,2.0,2.0,4.0,180999822.88,246693987.56,7.0,3.0,0.0,True,0.0,11.0,EXACT
ws-12891,1.0,0.0,0.0,0.0,1.0,23043031.04,21711163.0,1.0,0.0,0.0,False,0.0,1.0,PROBABLE
WS-10824,4.0,1.0,1.0,2.0,0.0,130776132.2,104437539.28,4.0,4.0,0.0,False,0.25,8.0,PROBABLE
ws-11075,2.0,0.0,0.0,1.0,1.0,36995042.22,43220014.0,2.0,0.0,0.0,False,0.0,2.0,PROBABLE
VDR-10925,7.0,2.0,0.0,5.0,6.0,169284636.88,167227682.96,5.0,4.0,0.0,True,0.2857142857142857,11.0,EXACT
vdr-11684,1.0,0.0,0.0,0.0,1.0,40326293.0,24526192.64,1.0,0.0,0.0,False,0.0,1.0,PROBABLE
VDR-11012,6.0,0.0,1.0,2.0,1.0,103566787.78,111353298.28,6.0,2.0,0.0,True,0.0,8.0,EXACT
ws-11582,2.0,1.0,0.0,2.0,0.0,82131798.0,47588992.0,2.0,0.0,0.0,False,0.5,2.0,PROBABLE
VDR-10057,8.0,4.0,1.0,2.0,3.0,193243918.24,210032732.92000002,5.0,3.0,0.0,True,0.5,11.0,EXACT
VDR-10631,5.0,0.0,1.0,4.0,1.0,99712839.88,130777374.64,4.0,3.0,0.0,True,0.0,8.0,EXACT
LPT-11904,10.0,2.0,0.0,6.0,3.0,304468462.46,293507744.28,5.0,4.0,1.0,True,0.2,14.0,EXACT
LPT_10130,1.0,0.0,0.0,0.0,0.0,14864622.0,45157792.0,1.0,0.0,0.0,False,0.0,1.0,PROBABLE
lpt-10963,2.0,0.0,0.0,0.0,0.0,61830130.0,58148843.68,1.0,0.0,0.0,False,0.0,2.0,PROBABLE
vdr-12119,3.0,0.0,2.0,3.0,2.0,52941171.78,74530002.28,3.0,0.0,0.0,False,0.0,3.0,PROBABLE
WS-12529,1.0,0.0,0.0,1.0,1.0,458224.0,24813488.0,0.0,2.0,0.0,False,0.0,3.0,PROBABLE
VDR-10792,8.0,1.0,2.0,6.0,3.0,212218208.84,202974278.52,8.0,2.0,0.0,True,0.125,10.0,EXACT
VDR-10326,3.0,1.0,0.0,2.0,2.0,48575433.22,53596245.8,3.0,1.0,0.0,True,0.3333333333333333,4.0,EXACT
VDR-11036,7.0,1.0,0.0,5.0,3.0,141384685.22,168896945.56,3.0,1.0,0.0,True,0.14285714285714285,8.0,EXACT
lpt-12070,1.0,1.0,0.0,1.0,1.0,12201288.0,21485322.24,1.0,0.0,0.0,False,1.0,1.0,PROBABLE
LPT-10229.corp.local,2.0,0.0,0.0,2.0,1.0,47178724.18,24910848.0,2.0,0.0,0.0,False,0.0,2.0,PROBABLE
LPT-11728.corp.local,1.0,0.0,0.0,0.0,0.0,13842142.0,15789318.0,1.0,0.0,0.0,False,0.0,1.0,PROBABLE
WS-10128.corp.local,2.0,2.0,0.0,1.0,1.0,49639286.44,40729417.0,2.0,0.0,0.0,False,1.0,2.0,PROBABLE
lpt-10678,1.0,1.0,0.0,0.0,1.0,24819643.22,43197639.0,1.0,0.0,0.0,False,1.0,1.0,PROBABLE
LPT-10250.corp.local,1.0,0.0,0.0,1.0,1.0,24819643.22,24526192.64,1.0,0.0,0.0,False,0.0,1.0,PROBABLE
LPT-12196,6.0,0.0,0.0,3.0,1.0,144035335.68,86406140.4,5.0,0.0,0.0,True,0.0,6.0,EXACT
vdr-10402,1.0,1.0,0.0,1.0,0.0,22994134.0,24526192.64,0.0,0.0,0.0,False,1.0,1.0,PROBABLE
vdr-12593,3.0,0.0,0.0,1.0,1.0,89860287.44,63200744.64,3.0,0.0,0.0,False,0.0,3.0,PROBABLE
LPT-11349.,0.0,0.0,0.0,0.0,0.0,0.0,0.0,0.0,0.0,0.0,True,0.0,0.0,EXACT
WS-10959,4.0,0.0,1.0,1.0,3.0,137438718.48,120315740.64,3.0,2.0,0.0,True,0.0,6.0,EXACT
WS-10913,4.0,2.0,1.0,4.0,2.0,69963015.16,124668225.28,3.0,1.0,0.0,True,0.5,5.0,EXACT
WS-12915,6.0,0.0,0.0,4.0,3.0,125912174.36,136204958.07999998,6.0,5.0,1.0,True,0.0,11.0,EXACT
LPT-11162,5.0,0.0,0.0,2.0,4.0,147083506.2,122476300.2,5.0,1.0,0.0,True,0.0,6.0,EXACT
LPT-12603,7.0,2.0,0.0,4.0,2.0,198080756.66,238984936.64,7.0,4.0,1.0,True,0.2857142857142857,11.0,EXACT
lpt-12729,1.0,0.0,0.0,0.0,0.0,24819643.22,42567769.0,1.0,0.0,0.0,False,0.0,1.0,PROBABLE
LPT_10490,1.0,1.0,0.0,1.0,1.0,24134281.0,24526192.64,1.0,0.0,0.0,False,1.0,1.0,PROBABLE
VDR_10977,1.0,1.0,0.0,0.0,1.0,18431744.0,24526192.64,1.0,0.0,0.0,False,1.0,1.0,PROBABLE
WS-12851.,0.0,0.0,0.0,0.0,0.0,0.0,0.0,0.0,0.0,0.0,True,0.0,0.0,EXACT
LPT-11164.,0.0,0.0,0.0,0.0,0.0,0.0,0.0,0.0,0.0,0.0,True,0.0,0.0,EXACT
lpt-12504,1.0,0.0,0.0,1.0,1.0,24819643.22,7185301.0,1.0,0.0,0.0,False,0.0,1.0,PROBABLE
LPT_12566,1.0,0.0,0.0,0.0,0.0,24819643.22,987289.0,1.0,0.0,0.0,False,0.0,1.0,PROBABLE
WS-12077,6.0,0.0,0.0,3.0,2.0,119642234.44,148352532.48000002,6.0,2.0,1.0,True,0.0,8.0,EXACT
WS-11261.corp.local,1.0,0.0,0.0,1.0,1.0,2029041.0,24871454.0,1.0,0.0,0.0,False,0.0,1.0,PROBABLE
VDR_10922,2.0,1.0,0.0,1.0,2.0,64095716.22,79466830.0,1.0,0.0,0.0,False,0.5,2.0,PROBABLE
WS-11845.corp.local,1.0,1.0,0.0,0.0,1.0,43818726.0,46047252.48,1.0,0.0,0.0,False,1.0,1.0,PROBABLE
VDR-11214,12.0,4.0,1.0,8.0,7.0,298007552.24,295499344.28,12.0,2.0,1.0,True,0.3333333333333333,14.0,EXACT
VDR-11128,2.0,0.0,0.0,0.0,1.0,70441853.0,70725625.0,2.0,3.0,0.0,True,0.0,5.0,EXACT
LPT-12366.,0.0,0.0,0.0,0.0,0.0,0.0,0.0,0.0,0.0,0.0,True,0.0,0.0,EXACT
VDR-10154.corp.local,1.0,0.0,1.0,1.0,1.0,10171316.0,24526192.64,1.0,0.0,0.0,False,0.0,1.0,PROBABLE
WS-11348,2.0,1.0,1.0,0.0,1.0,47513078.0,61489607.6,1.0,2.0,0.0,True,0.5,4.0,EXACT
vdr-11892,3.0,3.0,0.0,0.0,0.0,53511545.44,68153343.36,1.0,0.0,0.0,False,1.0,3.0,PROBABLE
LPT-10931.corp.local,2.0,1.0,0.0,0.0,1.0,64319501.14,47549330.0,2.0,0.0,0.0,False,0.5,2.0,PROBABLE
ws-11711,3.0,1.0,0.0,2.0,1.0,57047192.0,73268502.64,3.0,0.0,0.0,False,0.3333333333333333,3.0,PROBABLE
LPT-10011,8.0,3.0,0.0,4.0,5.0,225003449.22,214714530.64,8.0,4.0,0.0,True,0.375,12.0,EXACT
WS-12365,8.0,3.0,0.0,6.0,5.0,184013646.8,199583435.48,6.0,2.0,0.0,True,0.375,10.0,EXACT
LPT-11685,3.0,0.0,0.0,0.0,2.0,96426536.12,99973529.0,3.0,0.0,0.0,True,0.0,3.0,EXACT
WS-10967,3.0,0.0,2.0,2.0,1.0,94267887.44,67868690.0,3.0,4.0,0.0,True,0.0,7.0,EXACT
WS_10531,1.0,0.0,0.0,1.0,0.0,15867698.0,36468155.0,1.0,0.0,0.0,False,0.0,1.0,PROBABLE
VDR-11934.,0.0,0.0,0.0,0.0,0.0,0.0,0.0,0.0,0.0,0.0,True,0.0,0.0,EXACT
WS-10819,4.0,0.0,0.0,3.0,3.0,153425181.0,82039767.56,4.0,3.0,0.0,True,0.0,7.0,EXACT
vdr-11205,2.0,0.0,0.0,0.0,1.0,50149785.2,71598947.64,1.0,0.0,0.0,False,0.0,2.0,PROBABLE
WS-11230.,0.0,0.0,0.0,0.0,0.0,0.0,0.0,0.0,0.0,0.0,True,0.0,0.0,EXACT
VDR_12185,1.0,1.0,0.0,1.0,1.0,24819643.22,27863888.0,1.0,0.0,0.0,False,1.0,1.0,PROBABLE
LPT-12574,11.0,2.0,1.0,7.0,6.0,305326103.1,271616522.84000003,8.0,1.0,0.0,True,0.18181818181818182,12.0,EXACT
WS-11172.corp.local,1.0,0.0,0.0,0.0,1.0,48507125.76,30651203.0,1.0,0.0,0.0,False,0.0,1.0,PROBABLE
VDR-12707.corp.local,2.0,0.0,0.0,1.0,1.0,36240236.08,49052385.28,2.0,0.0,0.0,False,0.0,2.0,PROBABLE
VDR-12676.corp.local,2.0,0.0,0.0,2.0,2.0,48235665.0,81010016.92,2.0,0.0,0.0,False,0.0,2.0,PROBABLE
vdr-11227,1.0,1.0,0.0,1.0,0.0,19335741.44,49870274.56,0.0,0.0,0.0,False,1.0,1.0,PROBABLE
ws-11059,1.0,0.0,0.0,0.0,1.0,21558.0,9556712.0,1.0,0.0,0.0,False,0.0,1.0,PROBABLE
LPT-10719,11.0,2.0,1.0,4.0,5.0,249629363.01999998,285898137.32,9.0,2.0,0.0,True,0.18181818181818182,13.0,EXACT
vdr-11413,2.0,0.0,1.0,2.0,0.0,32442381.0,70746043.64,2.0,0.0,0.0,False,0.0,2.0,PROBABLE
VDR-10889.corp.local,1.0,0.0,0.0,1.0,1.0,24819643.22,47122599.0,1.0,0.0,0.0,False,0.0,1.0,PROBABLE
VDR-11225,5.0,2.0,0.0,1.0,2.0,157495926.66,112002282.16,4.0,4.0,1.0,True,0.4,9.0,EXACT
LPT-12347,3.0,0.0,1.0,2.0,1.0,58470120.0,24844224.44,3.0,1.0,0.0,False,0.0,4.0,PROBABLE
VDR-10688,5.0,0.0,0.0,2.0,4.0,64081050.06,181337162.24,3.0,1.0,0.0,True,0.0,6.0,EXACT
LPT-12551.corp.local,3.0,1.0,0.0,2.0,3.0,89743003.0,69579172.28,3.0,0.0,0.0,False,0.3333333333333333,3.0,PROBABLE
VDR-11532,7.0,0.0,0.0,2.0,7.0,178192197.51999998,200882586.64,6.0,1.0,0.0,True,0.0,8.0,EXACT
LPT-12998,4.0,1.0,0.0,2.0,2.0,107704750.44,113556643.64,4.0,6.0,2.0,False,0.25,10.0,PROBABLE
VDR-10024.corp.local,2.0,1.0,0.0,2.0,1.0,42069846.22,51259486.64,2.0,0.0,0.0,False,0.5,2.0,PROBABLE
VDR_11189,2.0,0.0,0.0,1.0,2.0,53750413.72,39067431.64,2.0,0.0,0.0,False,0.0,2.0,PROBABLE
VDR_11122,1.0,0.0,0.0,1.0,0.0,24819643.22,39957489.0,1.0,0.0,0.0,False,0.0,1.0,PROBABLE
WS_10121,1.0,0.0,0.0,1.0,0.0,24819643.22,24526192.64,1.0,0.0,0.0,False,0.0,1.0,PROBABLE
LPT-12258.corp.local,2.0,0.0,0.0,1.0,1.0,97785572.0,52711728.64,2.0,0.0,0.0,False,0.0,2.0,PROBABLE
vdr-12313,3.0,1.0,0.0,0.0,1.0,52354763.72,54824967.08,2.0,0.0,0.0,False,0.3333333333333333,3.0,PROBABLE
WS-12287,4.0,0.0,0.0,0.0,2.0,124144136.94,53957969.64,3.0,3.0,0.0,True,0.0,7.0,EXACT
ws-12908,2.0,1.0,0.0,1.0,1.0,32337094.22,74403243.0,2.0,0.0,0.0,False,0.5,2.0,PROBABLE
WS-10681,6.0,0.0,1.0,2.0,2.0,156061907.0,144783015.4,4.0,2.0,0.0,True,0.0,8.0,EXACT
vdr-11889,4.0,0.0,0.0,2.0,1.0,102969766.18,84533603.72,4.0,0.0,0.0,False,0.0,4.0,PROBABLE
VDR-10005,6.0,1.0,1.0,3.0,3.0,144623195.1,124964825.92,4.0,2.0,0.0,True,0.16666666666666666,8.0,EXACT
VDR-10975,4.0,0.0,0.0,1.0,2.0,112960927.66,66421470.0,3.0,2.0,0.0,True,0.0,6.0,EXACT
ws-10569,1.0,1.0,0.0,0.0,1.0,7732838.4,19472056.32,1.0,0.0,0.0,False,1.0,1.0,PROBABLE
VDR-12863,6.0,2.0,0.0,5.0,3.0,139828634.22,94263786.28,4.0,2.0,0.0,True,0.3333333333333333,8.0,EXACT
WS-10189,5.0,0.0,0.0,4.0,2.0,145551239.44,112622482.4,4.0,1.0,0.0,True,0.0,6.0,EXACT
VDR-10086,6.0,1.0,0.0,1.0,1.0,158522571.64,172342401.6,6.0,4.0,0.0,True,0.16666666666666666,10.0,EXACT
ws-10187,2.0,0.0,0.0,1.0,1.0,67443796.0,45123913.0,2.0,0.0,0.0,False,0.0,2.0,PROBABLE
WS_10050,1.0,0.0,0.0,1.0,0.0,14978329.0,24044822.0,0.0,0.0,0.0,False,0.0,1.0,PROBABLE
VDR_12437,1.0,0.0,0.0,0.0,1.0,39127230.0,46009819.0,1.0,0.0,0.0,False,0.0,1.0,PROBABLE
WS_12161,1.0,0.0,0.0,1.0,1.0,1929379.84,2663383.04,1.0,0.0,0.0,False,0.0,1.0,PROBABLE
lpt-12100,2.0,0.0,0.0,1.0,1.0,50282227.0,44797876.0,2.0,0.0,0.0,False,0.0,2.0,PROBABLE
ws-12808,1.0,0.0,0.0,1.0,0.0,12724540.0,23519983.0,1.0,0.0,0.0,False,0.0,1.0,PROBABLE
LPT-10130.corp.local,2.0,0.0,0.0,2.0,1.0,25141685.92,43279702.64,1.0,0.0,0.0,False,0.0,2.0,PROBABLE
LPT_12714,2.0,0.0,0.0,0.0,0.0,68220203.86,54022864.0,2.0,0.0,0.0,False,0.0,2.0,PROBABLE
WS-11974.corp.local,1.0,0.0,0.0,1.0,1.0,36572098.0,22205217.0,1.0,0.0,0.0,False,0.0,1.0,PROBABLE
WS_10893,2.0,1.0,0.0,1.0,1.0,63203910.0,42328757.64,2.0,0.0,0.0,False,0.5,2.0,PROBABLE
lpt-10405,1.0,0.0,0.0,1.0,1.0,24819643.22,1279428.0,0.0,0.0,0.0,False,0.0,1.0,PROBABLE
WS-11865.corp.local,4.0,1.0,1.0,2.0,0.0,114968315.44,90328718.28,3.0,0.0,0.0,False,0.25,4.0,PROBABLE
ws-11657,1.0,0.0,0.0,0.0,1.0,24819643.22,29977788.0,1.0,0.0,0.0,False,0.0,1.0,PROBABLE
VDR-11255.,0.0,0.0,0.0,0.0,0.0,0.0,0.0,0.0,0.0,0.0,True,0.0,0.0,EXACT
ws-12394,2.0,0.0,0.0,0.0,0.0,85051348.0,27488835.0,1.0,0.0,0.0,False,0.0,2.0,PROBABLE
ws-11089,3.0,0.0,0.0,2.0,1.0,79432874.44,112203488.0,3.0,0.0,0.0,False,0.0,3.0,PROBABLE
LPT-11489,10.0,1.0,1.0,7.0,5.0,222278214.95999998,258745918.0,8.0,4.0,1.0,True,0.1,14.0,EXACT
LPT-12492,2.0,0.0,0.0,0.0,1.0,66839495.22,28055731.4,2.0,2.0,0.0,True,0.0,4.0,EXACT
WS-10063,6.0,2.0,1.0,3.0,1.0,139044405.64,104978091.12,5.0,3.0,0.0,False,0.3333333333333333,9.0,PROBABLE
lpt-10581,1.0,0.0,0.0,0.0,0.0,32076554.24,24051090.0,0.0,0.0,0.0,False,0.0,1.0,PROBABLE
VDR-10562,4.0,3.0,1.0,3.0,2.0,97229140.44,73722233.0,4.0,6.0,0.0,False,0.75,10.0,PROBABLE
WS-10809,9.0,3.0,0.0,5.0,5.0,243682123.0,249547869.56,9.0,4.0,0.0,True,0.3333333333333333,13.0,EXACT
LPT-12014,4.0,2.0,0.0,3.0,1.0,93013353.06,100225811.28,3.0,3.0,0.0,True,0.5,7.0,EXACT
ws-11331,2.0,0.0,0.0,1.0,0.0,28328932.18,39143342.08,2.0,0.0,0.0,False,0.0,2.0,PROBABLE
LPT-11780.corp.local,1.0,0.0,0.0,0.0,1.0,9343296.0,1803550.72,1.0,0.0,0.0,False,0.0,1.0,PROBABLE
VDR-10577,4.0,3.0,0.0,3.0,2.0,98184154.44,116938710.0,3.0,5.0,1.0,True,0.75,9.0,EXACT
VDR-10713,4.0,1.0,0.0,2.0,1.0,113956671.03999999,99375922.28,3.0,1.0,0.0,True,0.25,5.0,EXACT
VDR-11449.corp.local,1.0,0.0,0.0,0.0,0.0,1328911.0,48375559.0,1.0,0.0,0.0,False,0.0,1.0,PROBABLE
WS-11218.corp.local,1.0,0.0,0.0,1.0,1.0,24819643.22,42078197.76,1.0,0.0,0.0,False,0.0,1.0,PROBABLE
WS-10566,7.0,0.0,1.0,3.0,3.0,197846588.9,191764580.28,6.0,0.0,0.0,True,0.0,7.0,EXACT
WS-11713,7.0,2.0,0.0,2.0,6.0,154961407.12,188122965.92000002,7.0,4.0,2.0,True,0.2857142857142857,11.0,EXACT
ws-11444,3.0,1.0,1.0,0.0,1.0,59759785.22,83484239.16,3.0,0.0,0.0,False,0.3333333333333333,3.0,PROBABLE
vdr-10109,1.0,0.0,0.0,0.0,1.0,10380902.4,1730150.4,1.0,0.0,0.0,False,0.0,1.0,PROBABLE
ws-10430,1.0,0.0,0.0,0.0,0.0,33186674.0,10352977.92,1.0,0.0,0.0,False,0.0,1.0,PROBABLE
LPT-11886,7.0,1.0,1.0,3.0,4.0,155580445.74,163131725.96,4.0,1.0,0.0,True,0.14285714285714285,8.0,EXACT
LPT-10075.corp.local,1.0,0.0,0.0,0.0,0.0,2168798.0,18724087.0,1.0,0.0,0.0,False,0.0,1.0,PROBABLE
lpt-11134,1.0,0.0,0.0,0.0,0.0,24819643.22,9489612.8,0.0,0.0,0.0,False,0.0,1.0,PROBABLE
VDR-12749.corp.local,2.0,0.0,0.0,0.0,0.0,34056944.04,69992081.0,1.0,0.0,0.0,False,0.0,2.0,PROBABLE
LPT-10306,12.0,3.0,1.0,7.0,6.0,278316750.42,281357941.28,9.0,2.0,0.0,True,0.25,14.0,EXACT
WS_10878,1.0,1.0,0.0,0.0,0.0,47895087.0,24526192.64,1.0,0.0,0.0,False,1.0,1.0,PROBABLE
VDR-12958,6.0,1.0,0.0,4.0,1.0,162817946.44,136517369.0,4.0,2.0,0.0,True,0.16666666666666666,8.0,EXACT
lpt-11655,1.0,0.0,0.0,1.0,0.0,24819643.22,19672331.0,1.0,0.0,0.0,False,0.0,1.0,PROBABLE
WS_11630,1.0,0.0,0.0,1.0,0.0,19000197.12,33800114.0,1.0,0.0,0.0,False,0.0,1.0,PROBABLE
WS-11648.corp.local,3.0,1.0,0.0,2.0,2.0,95136872.64,58374503.0,3.0,0.0,0.0,False,0.3333333333333333,3.0,PROBABLE
WS-10412.corp.local,1.0,1.0,0.0,1.0,1.0,24819643.22,35525058.56,1.0,0.0,0.0,False,1.0,1.0,PROBABLE
WS-10442,10.0,2.0,2.0,8.0,6.0,260173321.16,228146151.8,9.0,1.0,1.0,True,0.2,11.0,EXACT
VDR-10910.corp.local,1.0,0.0,0.0,1.0,0.0,29611786.24,35467201.0,1.0,0.0,0.0,False,0.0,1.0,PROBABLE
VDR-12436.corp.local,1.0,1.0,0.0,1.0,1.0,30733762.56,2073659.0,1.0,0.0,0.0,False,1.0,1.0,PROBABLE
LPT-10733,8.0,0.0,1.0,3.0,4.0,169156008.52,141155498.68,6.0,2.0,0.0,True,0.0,10.0,EXACT
LPT-12641,11.0,1.0,2.0,5.0,5.0,217247584.2,313632182.48,8.0,2.0,0.0,True,0.09090909090909091,13.0,EXACT
ws-11987,2.0,0.0,0.0,1.0,1.0,24937667.22,39821124.64,2.0,0.0,0.0,False,0.0,2.0,PROBABLE
lpt-10186,1.0,0.0,1.0,0.0,0.0,33869004.8,24526192.64,1.0,0.0,0.0,False,0.0,1.0,PROBABLE
VDR-10662.corp.local,1.0,0.0,1.0,0.0,1.0,46045006.0,9636413.44,0.0,0.0,0.0,False,0.0,1.0,PROBABLE
ws-12062,1.0,1.0,0.0,0.0,0.0,25047720.0,24526192.64,1.0,0.0,0.0,False,1.0,1.0,PROBABLE
WS_11106,1.0,1.0,0.0,1.0,1.0,45059162.0,25008537.6,1.0,0.0,0.0,False,1.0,1.0,PROBABLE
WS-12601.corp.local,1.0,0.0,0.0,1.0,1.0,24819643.22,24526192.64,1.0,0.0,0.0,False,0.0,1.0,PROBABLE
VDR-10765,4.0,1.0,0.0,1.0,2.0,100673633.66,84258941.88,4.0,3.0,0.0,True,0.25,7.0,EXACT
WS-12977,5.0,0.0,0.0,2.0,1.0,120389666.66,121887659.08,4.0,4.0,0.0,True,0.0,9.0,EXACT
VDR-12875,8.0,2.0,0.0,5.0,6.0,159674249.16,212398416.56,5.0,2.0,0.0,False,0.25,10.0,PROBABLE
VDR_11081,1.0,0.0,0.0,1.0,0.0,20279459.84,24526192.64,1.0,0.0,0.0,False,0.0,1.0,PROBABLE
VDR-11798,4.0,2.0,0.0,2.0,1.0,90952415.22,124840827.64,4.0,4.0,2.0,True,0.5,8.0,EXACT
LPT-12315.corp.local,1.0,1.0,0.0,0.0,1.0,5656739.84,3014815.0,0.0,0.0,0.0,False,1.0,1.0,PROBABLE
LPT-11626.corp.local,1.0,0.0,0.0,0.0,0.0,30039311.0,24526192.64,1.0,0.0,0.0,False,0.0,1.0,PROBABLE
LPT-12297,6.0,1.0,0.0,4.0,1.0,197428071.45999998,164731938.0,4.0,2.0,0.0,True,0.16666666666666666,8.0,EXACT
VDR-10255.corp.local,1.0,0.0,0.0,1.0,0.0,24819643.22,7555186.0,1.0,0.0,0.0,False,0.0,1.0,PROBABLE
LPT-12767.corp.local,1.0,0.0,0.0,0.0,0.0,24819643.22,24526192.64,1.0,0.0,0.0,False,0.0,1.0,PROBABLE
LPT_11304,1.0,0.0,0.0,0.0,1.0,13149143.04,28873960.0,1.0,0.0,0.0,False,0.0,1.0,PROBABLE
lpt-10898,1.0,0.0,0.0,0.0,1.0,24819643.22,39594117.0,1.0,0.0,0.0,False,0.0,1.0,PROBABLE
WS-11897.corp.local,2.0,0.0,0.0,1.0,2.0,73531786.22,47169228.32,2.0,0.0,0.0,False,0.0,2.0,PROBABLE
vdr-11236,1.0,0.0,0.0,1.0,0.0,42858304.0,6127482.88,1.0,0.0,0.0,False,0.0,1.0,PROBABLE
WS-11839.corp.local,1.0,0.0,1.0,0.0,0.0,24819643.22,7141414.0,1.0,0.0,0.0,False,0.0,1.0,PROBABLE
ws-10102,2.0,2.0,1.0,1.0,2.0,78173830.4,59308652.0,2.0,0.0,0.0,False,1.0,2.0,PROBABLE
lpt-12772,1.0,0.0,0.0,1.0,1.0,35263335.0,12866192.0,0.0,0.0,0.0,False,0.0,1.0,PROBABLE
LPT-11281.corp.local,1.0,0.0,0.0,1.0,0.0,24819643.22,37126724.0,1.0,0.0,0.0,False,0.0,1.0,PROBABLE
ws-10675,1.0,0.0,0.0,0.0,1.0,22869442.56,1591101.44,0.0,0.0,0.0,False,0.0,1.0,PROBABLE
VDR-10116,6.0,1.0,1.0,3.0,5.0,137735070.22,141903236.24,4.0,5.0,0.0,True,0.16666666666666666,11.0,EXACT
LPT_11346,3.0,0.0,1.0,0.0,2.0,70325720.22,103927429.12,3.0,0.0,0.0,False,0.0,3.0,PROBABLE
VDR-11591,6.0,1.0,1.0,2.0,3.0,190231625.96,145795511.24,5.0,0.0,0.0,False,0.16666666666666666,6.0,PROBABLE
LPT-12416,7.0,2.0,0.0,2.0,2.0,188790232.66,230157778.64,6.0,3.0,0.0,False,0.2857142857142857,10.0,PROBABLE
vdr-10193,1.0,1.0,0.0,1.0,0.0,42768287.0,40561624.0,1.0,0.0,0.0,False,1.0,1.0,PROBABLE
WS_11517,1.0,0.0,0.0,0.0,0.0,24819643.22,1916518.0,1.0,0.0,0.0,False,0.0,1.0,PROBABLE
WS-11168.corp.local,1.0,1.0,0.0,1.0,0.0,20049326.08,48781581.0,1.0,0.0,0.0,False,1.0,1.0,PROBABLE
WS_12830,1.0,0.0,0.0,0.0,1.0,10944223.0,44231879.0,1.0,0.0,0.0,False,0.0,1.0,PROBABLE
LPT-11124.corp.local,4.0,0.0,0.0,1.0,3.0,61439208.22,85118862.28,4.0,0.0,0.0,False,0.0,4.0,PROBABLE
VDR_10611,1.0,0.0,0.0,0.0,0.0,44873461.76,9434674.0,1.0,0.0,0.0,False,0.0,1.0,PROBABLE
LPT-11498,8.0,1.0,1.0,3.0,5.0,222382238.42,247439162.84,7.0,4.0,0.0,True,0.125,12.0,EXACT
ws-10032,1.0,1.0,0.0,0.0,1.0,45463084.0,43080906.0,1.0,0.0,0.0,False,1.0,1.0,PROBABLE
WS-12397,8.0,2.0,2.0,4.0,5.0,229377321.7,244043551.2,7.0,1.0,0.0,True,0.25,9.0,EXACT
VDR-10153,8.0,4.0,1.0,6.0,2.0,194784632.56,245671780.28,8.0,4.0,0.0,False,0.5,12.0,PROBABLE
WS-11535.corp.local,1.0,0.0,0.0,0.0,1.0,29894617.0,24526192.64,0.0,0.0,0.0,False,0.0,1.0,PROBABLE
VDR-10757.,0.0,0.0,0.0,0.0,0.0,0.0,0.0,0.0,0.0,0.0,True,0.0,0.0,EXACT
VDR_11665,2.0,0.0,0.0,0.0,1.0,89732340.0,47474051.0,1.0,0.0,0.0,False,0.0,2.0,PROBABLE
VDR-11625,2.0,0.0,0.0,1.0,1.0,23970447.36,70385404.64,2.0,0.0,0.0,True,0.0,2.0,EXACT
LPT_12649,1.0,0.0,0.0,1.0,0.0,27934064.64,37476683.0,1.0,0.0,0.0,False,0.0,1.0,PROBABLE
WS-12878,7.0,3.0,0.0,5.0,2.0,118436381.53999999,168461707.76,5.0,4.0,1.0,True,0.42857142857142855,11.0,EXACT
WS-11670,6.0,1.0,0.0,2.0,4.0,143351219.22,125630669.08,6.0,2.0,0.0,False,0.16666666666666666,8.0,PROBABLE
LPT-10957,8.0,2.0,2.0,5.0,4.0,215308764.66,141322513.92000002,7.0,0.0,0.0,True,0.25,8.0,EXACT
ws-11296,1.0,0.0,0.0,0.0,1.0,47702308.0,24526192.64,0.0,0.0,0.0,False,0.0,1.0,PROBABLE
LPT-12083.corp.local,1.0,0.0,0.0,0.0,1.0,24819643.22,22145822.0,1.0,0.0,0.0,False,0.0,1.0,PROBABLE
WS_12255,2.0,0.0,0.0,2.0,0.0,38457881.22,39824916.480000004,2.0,0.0,0.0,False,0.0,2.0,PROBABLE
VDR-12318,5.0,1.0,1.0,3.0,1.0,134391729.22,160987251.0,5.0,3.0,0.0,True,0.2,8.0,EXACT
WS-12067,9.0,2.0,1.0,3.0,2.0,209811364.64,161759417.24,7.0,6.0,0.0,True,0.2222222222222222,15.0,EXACT
vdr-10710,1.0,1.0,0.0,0.0,0.0,24707164.0,24526192.64,1.0,0.0,0.0,False,1.0,1.0,PROBABLE
VDR-11013,7.0,0.0,1.0,2.0,2.0,223873420.51999998,152504855.28,6.0,1.0,0.0,True,0.0,8.0,EXACT
VDR-11445,7.0,3.0,1.0,3.0,4.0,198337145.38,149678004.84,4.0,3.0,0.0,True,0.42857142857142855,10.0,EXACT
VDR-10838,8.0,2.0,0.0,3.0,0.0,158669658.46,220158756.96,8.0,4.0,1.0,True,0.25,12.0,EXACT
WS_12661,1.0,1.0,0.0,0.0,0.0,24819643.22,24469923.84,1.0,0.0,0.0,False,1.0,1.0,PROBABLE
LPT-12089,10.0,2.0,0.0,6.0,6.0,272398329.44,244498427.0,8.0,2.0,1.0,True,0.2,12.0,EXACT
LPT-12778,5.0,1.0,1.0,1.0,3.0,74906811.02,122294057.64,5.0,1.0,0.0,True,0.2,6.0,EXACT
VDR-10466.corp.local,1.0,0.0,0.0,1.0,1.0,543633.0,1027604.48,1.0,0.0,0.0,False,0.0,1.0,PROBABLE
WS-10175.corp.local,1.0,0.0,0.0,0.0,0.0,24819643.22,17110073.0,1.0,0.0,0.0,False,0.0,1.0,PROBABLE
VDR_11622,1.0,0.0,0.0,1.0,0.0,26427892.0,24526192.64,0.0,0.0,0.0,False,0.0,1.0,PROBABLE
LPT-10898,10.0,1.0,0.0,4.0,6.0,307442972.38,286154506.76,9.0,4.0,0.0,True,0.1,14.0,EXACT
VDR-12994,4.0,1.0,0.0,2.0,2.0,90288782.22,130360308.03999999,3.0,2.0,0.0,True,0.25,6.0,EXACT
LPT-12622,8.0,2.0,0.0,4.0,3.0,236146329.44,206441659.2,8.0,2.0,0.0,False,0.25,10.0,PROBABLE
vdr-11559,2.0,1.0,0.0,0.0,2.0,55103860.22,68850175.64,2.0,0.0,0.0,False,0.5,2.0,PROBABLE
LPT_12985,1.0,0.0,0.0,1.0,1.0,24819643.22,24526192.64,1.0,0.0,0.0,False,0.0,1.0,PROBABLE
VDR_11019,1.0,1.0,0.0,0.0,1.0,24819643.22,12402971.0,1.0,0.0,0.0,False,1.0,1.0,PROBABLE
WS_11688,1.0,0.0,0.0,0.0,0.0,29951180.0,16968086.0,1.0,0.0,0.0,False,0.0,1.0,PROBABLE
WS-11448.corp.local,2.0,1.0,0.0,0.0,2.0,34664205.4,50228998.480000004,1.0,0.0,0.0,False,0.5,2.0,PROBABLE
lpt-10989,1.0,0.0,0.0,0.0,0.0,24819643.22,39067884.0,1.0,0.0,0.0,False,0.0,1.0,PROBABLE
VDR-12074.corp.local,2.0,0.0,0.0,2.0,1.0,72619404.22,39948481.64,2.0,0.0,0.0,False,0.0,2.0,PROBABLE
LPT-12697.corp.local,1.0,0.0,0.0,1.0,0.0,36426024.0,24526192.64,1.0,0.0,0.0,False,0.0,1.0,PROBABLE
lpt-10985,1.0,0.0,0.0,0.0,1.0,47976428.0,7361003.52,1.0,0.0,0.0,False,0.0,1.0,PROBABLE
ws-11020,1.0,0.0,0.0,0.0,1.0,31229050.88,4833554.0,1.0,0.0,0.0,False,0.0,1.0,PROBABLE
WS-11706.corp.local,2.0,1.0,0.0,1.0,0.0,89874991.08,60205369.4,2.0,0.0,0.0,False,0.5,2.0,PROBABLE
VDR-12875.corp.local,2.0,0.0,0.0,0.0,1.0,69159820.0,65240766.0,2.0,0.0,0.0,False,0.0,2.0,PROBABLE
LPT-10708.corp.local,3.0,1.0,0.0,0.0,1.0,34148666.04,48867334.64,3.0,0.0,0.0,False,0.3333333333333333,3.0,PROBABLE
lpt-10463,4.0,0.0,0.0,2.0,1.0,108335265.76,27459394.52,2.0,0.0,0.0,False,0.0,4.0,PROBABLE
WS-12682.,0.0,0.0,0.0,0.0,0.0,0.0,0.0,0.0,0.0,0.0,True,0.0,0.0,EXACT
LPT_12507,1.0,0.0,0.0,1.0,0.0,39315312.0,35135336.0,1.0,0.0,0.0,False,0.0,1.0,PROBABLE
LPT_11452,1.0,0.0,0.0,1.0,0.0,10315218.0,46459391.0,1.0,0.0,0.0,False,0.0,1.0,PROBABLE
VDR-11653.corp.local,2.0,1.0,0.0,1.0,2.0,37209698.28,46850472.0,2.0,0.0,0.0,False,0.5,2.0,PROBABLE
LPT-12402,8.0,3.0,0.0,4.0,4.0,184645495.44,275975358.32,8.0,2.0,0.0,True,0.375,10.0,EXACT
lpt-12584,2.0,2.0,1.0,2.0,0.0,47382322.0,49052385.28,2.0,0.0,0.0,False,1.0,2.0,PROBABLE
VDR-10906.,0.0,0.0,0.0,0.0,0.0,0.0,0.0,0.0,0.0,0.0,True,0.0,0.0,EXACT
LPT-11577.,0.0,0.0,0.0,0.0,0.0,0.0,0.0,0.0,0.0,0.0,True,0.0,0.0,EXACT
VDR-10466,8.0,2.0,0.0,3.0,6.0,127845710.22,145910822.04,7.0,1.0,0.0,True,0.25,9.0,EXACT
vdr-10179,1.0,0.0,0.0,0.0,1.0,41316360.0,42799033.0,1.0,0.0,0.0,False,0.0,1.0,PROBABLE
LPT-12831.corp.local,2.0,1.0,0.0,0.0,1.0,70987978.0,57502857.0,1.0,0.0,0.0,False,0.5,2.0,PROBABLE
VDR-11493.,0.0,0.0,0.0,0.0,0.0,0.0,0.0,0.0,0.0,0.0,True,0.0,0.0,EXACT
ws-10376,1.0,0.0,0.0,0.0,0.0,15091824.64,24526192.64,1.0,0.0,0.0,False,0.0,1.0,PROBABLE
vdr-11979,1.0,0.0,0.0,0.0,1.0,35200696.32,45014609.0,0.0,0.0,0.0,False,0.0,1.0,PROBABLE
WS-11598,1.0,0.0,0.0,0.0,1.0,20915969.0,35898234.88,1.0,4.0,0.0,True,0.0,5.0,EXACT
VDR_10780,1.0,0.0,0.0,1.0,0.0,41780747.0,224204.0,1.0,0.0,0.0,False,0.0,1.0,PROBABLE
LPT-12268.corp.local,2.0,0.0,0.0,1.0,1.0,32834951.64,65832922.64,2.0,0.0,0.0,False,0.0,2.0,PROBABLE
LPT-11161,10.0,1.0,1.0,4.0,4.0,246126647.32,236261836.24,8.0,1.0,0.0,True,0.1,11.0,EXACT
VDR_10907,1.0,0.0,1.0,0.0,0.0,29628931.0,47674024.0,1.0,0.0,0.0,False,0.0,1.0,PROBABLE
WS-12295,4.0,1.0,0.0,2.0,3.0,72019378.96,92299349.08,3.0,2.0,0.0,True,0.25,6.0,EXACT
LPT-12292.corp.local,1.0,1.0,0.0,1.0,1.0,33947833.0,21815662.0,1.0,0.0,0.0,False,1.0,1.0,PROBABLE
VDR-11591.,0.0,0.0,0.0,0.0,0.0,0.0,0.0,0.0,0.0,0.0,True,0.0,0.0,EXACT
WS-10878.corp.local,1.0,0.0,0.0,1.0,0.0,45036339.2,24526192.64,1.0,0.0,0.0,False,0.0,1.0,PROBABLE
VDR_12140,1.0,0.0,0.0,0.0,1.0,18776018.0,9655687.0,1.0,0.0,0.0,False,0.0,1.0,PROBABLE
LPT-11655,10.0,3.0,1.0,6.0,3.0,275263207.96,245400555.76,8.0,3.0,0.0,True,0.3,13.0,EXACT
LPT-12786.corp.local,2.0,0.0,0.0,0.0,1.0,68750605.14,47153750.64,2.0,0.0,0.0,False,0.0,2.0,PROBABLE
LPT-12099,6.0,0.0,0.0,3.0,3.0,176723082.52,192341531.64,5.0,4.0,0.0,True,0.0,10.0,EXACT
WS-10442.corp.local,3.0,1.0,0.0,2.0,2.0,75652103.44,69483074.0,3.0,0.0,0.0,False,0.3333333333333333,3.0,PROBABLE
VDR-12966,1.0,0.0,0.0,0.0,0.0,24819643.22,3925634.0,1.0,4.0,0.0,True,0.0,5.0,EXACT
VDR-10907,5.0,2.0,1.0,4.0,4.0,156966129.0,129609056.92,4.0,3.0,0.0,False,0.4,8.0,PROBABLE
lpt-11181,3.0,2.0,0.0,2.0,3.0,82718171.12,105317070.0,1.0,0.0,0.0,False,0.6666666666666666,3.0,PROBABLE
LPT_12008,2.0,0.0,0.0,2.0,1.0,50510401.68,56152023.04,2.0,0.0,0.0,False,0.0,2.0,PROBABLE
WS-12744,2.0,0.0,0.0,2.0,2.0,29762919.0,49817831.0,1.0,4.0,0.0,True,0.0,6.0,EXACT
LPT-11834.corp.local,1.0,0.0,0.0,1.0,1.0,10515084.0,24526192.64,0.0,0.0,0.0,False,0.0,1.0,PROBABLE
VDR-12129.corp.local,1.0,0.0,0.0,1.0,1.0,32214526.0,1415577.6,1.0,0.0,0.0,False,0.0,1.0,PROBABLE
vdr-12986,2.0,1.0,0.0,0.0,1.0,56226927.36,49052385.28,2.0,0.0,0.0,False,0.5,2.0,PROBABLE
VDR-12821,5.0,1.0,1.0,1.0,2.0,180115396.07999998,90887113.36,4.0,5.0,1.0,True,0.2,10.0,EXACT
LPT-12685.corp.local,1.0,0.0,0.0,1.0,1.0,24819643.22,24526192.64,1.0,0.0,0.0,False,0.0,1.0,PROBABLE
LPT_12470,3.0,0.0,0.0,3.0,1.0,64180559.0,92284394.0,1.0,0.0,0.0,False,0.0,3.0,PROBABLE
VDR-10756,12.0,4.0,0.0,6.0,6.0,339124256.26,302350516.24,11.0,5.0,1.0,True,0.3333333333333333,17.0,EXACT
WS_10726,1.0,1.0,0.0,0.0,0.0,7941159.0,39620344.0,1.0,0.0,0.0,False,1.0,1.0,PROBABLE
vdr-10622,2.0,1.0,1.0,1.0,0.0,29040953.22,67242225.28,2.0,0.0,0.0,False,0.5,2.0,PROBABLE
WS_12274,2.0,0.0,0.0,2.0,0.0,57844402.22,76180675.0,2.0,0.0,0.0,False,0.0,2.0,PROBABLE
LPT-12389.corp.local,1.0,1.0,0.0,1.0,0.0,11429478.4,40760223.0,1.0,0.0,0.0,False,1.0,1.0,PROBABLE
VDR-10790,6.0,2.0,1.0,1.0,3.0,105238997.38,99892012.64,5.0,3.0,0.0,False,0.3333333333333333,9.0,PROBABLE
lpt-12354,2.0,0.0,1.0,0.0,0.0,61311497.22,44686218.64,2.0,0.0,0.0,False,0.0,2.0,PROBABLE
LPT-12690,4.0,1.0,1.0,3.0,3.0,102077646.44,151766832.76,3.0,1.0,0.0,True,0.25,5.0,EXACT
WS_10412,1.0,0.0,0.0,1.0,1.0,45055586.0,35551937.0,1.0,0.0,0.0,False,0.0,1.0,PROBABLE
vdr-12087,1.0,0.0,0.0,1.0,1.0,48811212.8,42462954.0,0.0,0.0,0.0,False,0.0,1.0,PROBABLE
lpt-10217,2.0,0.0,0.0,1.0,1.0,34518114.0,60768604.0,2.0,0.0,0.0,False,0.0,2.0,PROBABLE
VDR-12362,3.0,0.0,0.0,2.0,1.0,107173864.0,78255034.64,3.0,0.0,0.0,True,0.0,3.0,EXACT
lpt-10130,2.0,0.0,0.0,1.0,1.0,52344763.22,46914374.64,2.0,0.0,0.0,False,0.0,2.0,PROBABLE
lpt-12147,2.0,0.0,0.0,0.0,0.0,72383753.0,7358732.12,2.0,0.0,0.0,False,0.0,2.0,PROBABLE
LPT-12382,6.0,1.0,0.0,5.0,3.0,85509445.36,155366749.56,6.0,1.0,0.0,True,0.16666666666666666,7.0,EXACT
VDR-10867.corp.local,1.0,0.0,0.0,0.0,0.0,871896.0,24526192.64,1.0,0.0,0.0,False,0.0,1.0,PROBABLE
WS_11538,3.0,0.0,1.0,2.0,2.0,97207454.44,65068340.64,3.0,0.0,0.0,False,0.0,3.0,PROBABLE
WS-10933,7.0,2.0,1.0,5.0,3.0,195445722.66,200492256.68,6.0,2.0,0.0,True,0.2857142857142857,9.0,EXACT
ws-12623,2.0,0.0,0.0,2.0,1.0,49639286.44,49052385.28,2.0,0.0,0.0,False,0.0,2.0,PROBABLE
LPT-12651.corp.local,1.0,0.0,0.0,0.0,0.0,19429027.0,24526192.64,1.0,0.0,0.0,False,0.0,1.0,PROBABLE
WS-11467,7.0,1.0,0.0,1.0,2.0,145828731.14,161612478.92000002,5.0,2.0,1.0,True,0.14285714285714285,9.0,EXACT
WS_11261,1.0,0.0,0.0,0.0,1.0,26535971.0,24526192.64,1.0,0.0,0.0,False,0.0,1.0,PROBABLE
ws-11384,1.0,1.0,0.0,1.0,1.0,24819643.22,42312857.0,0.0,0.0,0.0,False,1.0,1.0,PROBABLE
WS-10181.corp.local,1.0,0.0,0.0,0.0,0.0,24977797.0,8441640.0,1.0,0.0,0.0,False,0.0,1.0,PROBABLE
WS-11734,6.0,2.0,0.0,2.0,3.0,121819410.44,195535990.48000002,6.0,0.0,0.0,False,0.3333333333333333,6.0,PROBABLE
lpt-11476,3.0,1.0,1.0,1.0,2.0,77915169.62,51653140.0,2.0,0.0,0.0,False,0.3333333333333333,3.0,PROBABLE
WS-11463,5.0,2.0,0.0,3.0,4.0,188805636.44,154783443.92000002,4.0,2.0,0.0,True,0.4,7.0,EXACT
lpt-12540,1.0,0.0,0.0,0.0,0.0,14037661.0,299553.0,1.0,0.0,0.0,False,0.0,1.0,PROBABLE
LPT-12761,3.0,0.0,0.0,3.0,1.0,84841666.22,81651529.0,3.0,4.0,1.0,False,0.0,7.0,PROBABLE
vdr-10279,1.0,1.0,0.0,1.0,0.0,24819643.22,511611.0,1.0,0.0,0.0,False,1.0,1.0,PROBABLE
lpt-11229,1.0,1.0,0.0,0.0,1.0,28758863.0,24526192.64,1.0,0.0,0.0,False,1.0,1.0,PROBABLE
VDR-10234.corp.local,3.0,0.0,2.0,3.0,1.0,95171486.64,78606355.12,2.0,0.0,0.0,False,0.0,3.0,PROBABLE
VDR_10571,1.0,0.0,0.0,0.0,1.0,24819643.22,24526192.64,1.0,0.0,0.0,False,0.0,1.0,PROBABLE
VDR_12020,1.0,0.0,0.0,0.0,0.0,12778630.0,24526192.64,1.0,0.0,0.0,False,0.0,1.0,PROBABLE
ws-11078,3.0,1.0,1.0,2.0,1.0,99369898.42,98000969.64,3.0,0.0,0.0,False,0.3333333333333333,3.0,PROBABLE
VDR-10723,7.0,0.0,0.0,4.0,5.0,177388605.66,121565995.48,5.0,4.0,0.0,True,0.0,11.0,EXACT
vdr-10633,1.0,0.0,0.0,1.0,1.0,12005840.0,24526192.64,1.0,0.0,0.0,False,0.0,1.0,PROBABLE
VDR_10899,1.0,0.0,0.0,1.0,0.0,7440483.0,3418357.76,1.0,0.0,0.0,False,0.0,1.0,PROBABLE
WS-11207.corp.local,1.0,0.0,0.0,0.0,1.0,24819643.22,24526192.64,1.0,0.0,0.0,False,0.0,1.0,PROBABLE
vdr-11145,1.0,0.0,0.0,1.0,0.0,25791811.0,33806090.24,1.0,0.0,0.0,False,0.0,1.0,PROBABLE
LPT-11701,6.0,1.0,2.0,3.0,3.0,116342819.94,192482031.16,6.0,1.0,0.0,True,0.16666666666666666,7.0,EXACT
WS-10088.corp.local,1.0,0.0,0.0,0.0,1.0,42360349.0,24526192.64,1.0,0.0,0.0,False,0.0,1.0,PROBABLE
VDR-10244.corp.local,1.0,0.0,0.0,0.0,1.0,24819643.22,15525303.0,1.0,0.0,0.0,False,0.0,1.0,PROBABLE
ws-10556,1.0,1.0,0.0,0.0,0.0,24819643.22,48011966.0,1.0,0.0,0.0,False,1.0,1.0,PROBABLE
LPT-12796,6.0,1.0,0.0,2.0,4.0,113436855.22,123206372.92,4.0,4.0,0.0,True,0.16666666666666666,10.0,EXACT
LPT-11745.corp.local,1.0,0.0,0.0,1.0,0.0,12380633.0,643621.0,0.0,0.0,0.0,False,0.0,1.0,PROBABLE
LPT-12522,15.0,2.0,1.0,12.0,6.0,380601162.18,409464130.64,13.0,3.0,0.0,True,0.13333333333333333,18.0,EXACT
LPT-11917,12.0,3.0,1.0,4.0,6.0,337003639.36,211714056.4,11.0,0.0,0.0,True,0.25,12.0,EXACT
WS-12390.corp.local,1.0,0.0,0.0,1.0,1.0,24819643.22,6854389.76,1.0,0.0,0.0,False,0.0,1.0,PROBABLE
VDR_12602,2.0,0.0,1.0,1.0,0.0,49639286.44,53117496.24,2.0,0.0,0.0,False,0.0,2.0,PROBABLE
WS_12870,2.0,2.0,0.0,0.0,1.0,23779221.8,71659683.84,2.0,0.0,0.0,False,1.0,2.0,PROBABLE
LPT_10125,1.0,0.0,0.0,0.0,0.0,24819643.22,2866844.0,1.0,0.0,0.0,False,0.0,1.0,PROBABLE
WS_10156,1.0,0.0,0.0,1.0,1.0,2919792.64,41690130.0,0.0,0.0,0.0,False,0.0,1.0,PROBABLE
VDR-10732.corp.local,1.0,0.0,0.0,0.0,1.0,17815656.0,36294307.84,1.0,0.0,0.0,False,0.0,1.0,PROBABLE
lpt-12440,1.0,0.0,0.0,1.0,0.0,15281.0,33095809.0,1.0,0.0,0.0,False,0.0,1.0,PROBABLE
LPT-12542.corp.local,1.0,0.0,0.0,0.0,0.0,3107576.0,45525887.0,1.0,0.0,0.0,False,0.0,1.0,PROBABLE
lpt-12061,1.0,0.0,1.0,0.0,1.0,24494735.36,19022068.0,1.0,0.0,0.0,False,0.0,1.0,PROBABLE
WS-11120.corp.local,1.0,0.0,0.0,1.0,0.0,18377595.0,49089874.0,0.0,0.0,0.0,False,0.0,1.0,PROBABLE
WS-10163,8.0,1.0,1.0,7.0,3.0,220076861.66,220025187.56,6.0,0.0,0.0,True,0.125,8.0,EXACT
VDR-12437.,0.0,0.0,0.0,0.0,0.0,0.0,0.0,0.0,0.0,0.0,True,0.0,0.0,EXACT
VDR-12150,12.0,2.0,2.0,5.0,7.0,224219774.58,229833134.28,11.0,2.0,0.0,True,0.16666666666666666,14.0,EXACT
vdr-12338,2.0,2.0,0.0,0.0,2.0,40790029.0,30062527.0,2.0,0.0,0.0,False,1.0,2.0,PROBABLE
WS-12715.,0.0,0.0,0.0,0.0,0.0,0.0,0.0,0.0,0.0,0.0,True,0.0,0.0,EXACT
vdr-10123,3.0,0.0,0.0,2.0,2.0,53642063.22,79385035.56,2.0,0.0,0.0,False,0.0,3.0,PROBABLE
vdr-10237,2.0,1.0,0.0,0.0,2.0,67418882.9,25575123.0,2.0,0.0,0.0,False,0.5,2.0,PROBABLE
WS-11492,3.0,1.0,0.0,2.0,2.0,75992236.56,67949613.28,3.0,2.0,0.0,True,0.3333333333333333,5.0,EXACT
WS-10546,9.0,2.0,0.0,2.0,5.0,193887235.48,220054753.2,6.0,2.0,0.0,True,0.2222222222222222,11.0,EXACT
VDR-10626,6.0,1.0,0.0,4.0,4.0,174023811.7,127936555.16,6.0,5.0,2.0,True,0.16666666666666666,11.0,EXACT
LPT-11403.,0.0,0.0,0.0,0.0,0.0,0.0,0.0,0.0,0.0,0.0,True,0.0,0.0,EXACT
WS-11223,4.0,1.0,0.0,4.0,1.0,128471770.96000001,119220752.64,4.0,4.0,0.0,True,0.25,8.0,EXACT
LPT-12252,3.0,1.0,0.0,1.0,1.0,47095710.22,46944446.0,2.0,1.0,0.0,True,0.3333333333333333,4.0,EXACT
LPT-11134,5.0,0.0,0.0,3.0,3.0,94412714.69999999,142393337.07999998,5.0,2.0,0.0,True,0.0,7.0,EXACT
LPT-11926.corp.local,1.0,0.0,0.0,1.0,1.0,24819643.22,31594542.0,0.0,0.0,0.0,False,0.0,1.0,PROBABLE
WS-12589.corp.local,1.0,0.0,0.0,1.0,0.0,7051731.0,32565799.0,1.0,0.0,0.0,False,0.0,1.0,PROBABLE
LPT-10842,5.0,0.0,0.0,3.0,2.0,151284813.76,115654701.92,5.0,2.0,0.0,False,0.0,7.0,PROBABLE
ws-11342,2.0,1.0,0.0,2.0,2.0,66858846.22,70565858.64,2.0,0.0,0.0,False,0.5,2.0,PROBABLE
WS-10725,8.0,3.0,0.0,6.0,2.0,204362798.26,203277296.36,5.0,1.0,0.0,True,0.375,9.0,EXACT
VDR-11910.,0.0,0.0,0.0,0.0,0.0,0.0,0.0,0.0,0.0,0.0,True,0.0,0.0,EXACT
WS-11896,10.0,0.0,1.0,4.0,7.0,242262795.1,188478258.12,7.0,1.0,0.0,True,0.0,11.0,EXACT
VDR-10203,2.0,1.0,0.0,2.0,1.0,53852100.22,49024291.88,2.0,2.0,0.0,True,0.5,4.0,EXACT
lpt-11288,1.0,0.0,0.0,1.0,1.0,24819643.22,22581790.0,1.0,0.0,0.0,False,0.0,1.0,PROBABLE
VDR-11611,7.0,2.0,2.0,3.0,4.0,149874398.88,210329756.36,6.0,7.0,1.0,True,0.2857142857142857,14.0,EXACT
WS-11374,6.0,3.0,0.0,4.0,5.0,147909345.84,169732481.92000002,5.0,7.0,1.0,False,0.5,13.0,PROBABLE
LPT-12524.,0.0,0.0,0.0,0.0,0.0,0.0,0.0,0.0,0.0,0.0,True,0.0,0.0,EXACT
VDR-12577,9.0,3.0,1.0,4.0,4.0,207638777.28,252239406.24,9.0,4.0,0.0,False,0.3333333333333333,13.0,PROBABLE
LPT-10815,9.0,3.0,1.0,9.0,5.0,212526989.1,215151868.16,8.0,2.0,1.0,True,0.3333333333333333,11.0,EXACT
vdr-12865,1.0,0.0,0.0,0.0,0.0,24819643.22,24526192.64,1.0,0.0,0.0,False,0.0,1.0,PROBABLE
LPT-10955,9.0,2.0,0.0,6.0,3.0,220358413.92,205744334.56,9.0,3.0,0.0,True,0.2222222222222222,12.0,EXACT
lpt-11300,1.0,0.0,0.0,1.0,0.0,2409635.0,10708577.0,1.0,0.0,0.0,False,0.0,1.0,PROBABLE
WS-12192,4.0,1.0,1.0,3.0,4.0,68042741.22,87098130.64,4.0,1.0,0.0,True,0.25,5.0,EXACT
WS-12938,4.0,0.0,0.0,0.0,1.0,111285285.66,150325857.32,3.0,3.0,0.0,True,0.0,7.0,EXACT
LPT-10859,3.0,1.0,2.0,0.0,2.0,66429730.22,84303370.0,3.0,1.0,0.0,True,0.3333333333333333,4.0,EXACT
WS_10292,2.0,0.0,0.0,1.0,1.0,42664673.22,37073384.64,2.0,0.0,0.0,False,0.0,2.0,PROBABLE
vdr-11798,1.0,1.0,0.0,0.0,0.0,33125349.0,25401891.0,1.0,0.0,0.0,False,1.0,1.0,PROBABLE
ws-10774,1.0,1.0,0.0,0.0,1.0,46934261.76,47779561.0,1.0,0.0,0.0,False,1.0,1.0,PROBABLE
VDR-10917,8.0,2.0,2.0,3.0,7.0,251853100.24,195089073.72,8.0,4.0,0.0,True,0.25,12.0,EXACT
ws-12031,2.0,0.0,0.0,1.0,0.0,67229267.0,35245586.64,2.0,0.0,0.0,False,0.0,2.0,PROBABLE
WS_12523,2.0,1.0,0.0,2.0,1.0,75271246.6,35494466.0,2.0,0.0,0.0,False,0.5,2.0,PROBABLE
LPT_12884,1.0,0.0,0.0,1.0,0.0,26891241.0,24526192.64,1.0,0.0,0.0,False,0.0,1.0,PROBABLE
VDR-11363.corp.local,1.0,0.0,0.0,1.0,0.0,24819643.22,37709694.0,1.0,0.0,0.0,False,0.0,1.0,PROBABLE
LPT-10657.,0.0,0.0,0.0,0.0,0.0,0.0,0.0,0.0,0.0,0.0,True,0.0,0.0,EXACT
LPT_11281,1.0,0.0,0.0,1.0,0.0,24819643.22,24526192.64,1.0,0.0,0.0,False,0.0,1.0,PROBABLE
VDR_10664,1.0,1.0,0.0,0.0,0.0,44502105.0,24526192.64,1.0,0.0,0.0,False,1.0,1.0,PROBABLE
WS-10256,9.0,2.0,1.0,3.0,6.0,237237919.84,153152566.88,9.0,3.0,1.0,True,0.2222222222222222,12.0,EXACT
LPT_10439,1.0,0.0,0.0,1.0,0.0,22232802.0,39898547.0,1.0,0.0,0.0,False,0.0,1.0,PROBABLE
LPT-10204,3.0,1.0,1.0,2.0,1.0,74864958.44,65609400.32000001,3.0,2.0,1.0,True,0.3333333333333333,5.0,EXACT
WS_11284,1.0,0.0,1.0,0.0,0.0,29937865.0,49086998.0,1.0,0.0,0.0,False,0.0,1.0,PROBABLE
VDR-10570,6.0,2.0,0.0,3.0,2.0,167306503.54,170444207.92000002,5.0,3.0,0.0,True,0.3333333333333333,9.0,EXACT
LPT-11187.corp.local,1.0,0.0,0.0,0.0,1.0,6809044.0,32552370.0,1.0,0.0,0.0,False,0.0,1.0,PROBABLE
ws-11699,1.0,0.0,0.0,0.0,1.0,7504127.0,2828334.0,1.0,0.0,0.0,False,0.0,1.0,PROBABLE
LPT_12229,1.0,0.0,0.0,0.0,0.0,33444830.0,36736726.0,1.0,0.0,0.0,False,0.0,1.0,PROBABLE
LPT-11304,4.0,0.0,0.0,2.0,3.0,108383723.56,154339127.16,3.0,2.0,0.0,True,0.0,6.0,EXACT
LPT-12643,5.0,2.0,0.0,0.0,3.0,167095134.44,156795676.04,3.0,0.0,0.0,False,0.4,5.0,PROBABLE
WS-10721.corp.local,2.0,1.0,0.0,1.0,1.0,30130873.22,71592243.2,1.0,0.0,0.0,False,0.5,2.0,PROBABLE
WS_11468,1.0,0.0,0.0,1.0,1.0,17819258.0,36076792.0,1.0,0.0,0.0,False,0.0,1.0,PROBABLE
lpt-11333,1.0,0.0,0.0,1.0,0.0,24819643.22,24526192.64,1.0,0.0,0.0,False,0.0,1.0,PROBABLE
WS-11839,6.0,2.0,0.0,4.0,4.0,185260500.94,143876255.04,4.0,0.0,0.0,True,0.3333333333333333,6.0,EXACT
LPT-11131,7.0,0.0,0.0,2.0,5.0,204384736.44,216782947.08,7.0,0.0,0.0,False,0.0,7.0,PROBABLE
LPT-11691.,0.0,0.0,0.0,0.0,0.0,0.0,0.0,0.0,0.0,0.0,True,0.0,0.0,EXACT
VDR-10491.corp.local,1.0,0.0,0.0,0.0,0.0,21580666.88,11194666.0,1.0,0.0,0.0,False,0.0,1.0,PROBABLE
VDR-12033.corp.local,1.0,1.0,0.0,1.0,0.0,24819643.22,9305866.24,1.0,0.0,0.0,False,1.0,1.0,PROBABLE
VDR_10626,1.0,0.0,1.0,1.0,0.0,35626877.0,6934630.4,0.0,0.0,0.0,False,0.0,1.0,PROBABLE
vdr-12764,1.0,0.0,0.0,1.0,1.0,37926993.92,27215207.0,1.0,0.0,0.0,False,0.0,1.0,PROBABLE
WS-11523.corp.local,1.0,0.0,0.0,0.0,1.0,8829721.0,24526192.64,1.0,0.0,0.0,False,0.0,1.0,PROBABLE
ws-10371,1.0,0.0,0.0,0.0,1.0,31434791.0,14089639.0,1.0,0.0,0.0,False,0.0,1.0,PROBABLE
WS-10134,7.0,0.0,0.0,2.0,2.0,181592671.84,173673783.68,6.0,3.0,0.0,False,0.0,10.0,PROBABLE
VDR-10624,7.0,0.0,0.0,3.0,2.0,153928391.07999998,162597037.36,7.0,2.0,0.0,True,0.0,9.0,EXACT
VDR-12905.corp.local,1.0,0.0,0.0,0.0,1.0,38755368.96,16325263.36,1.0,0.0,0.0,False,0.0,1.0,PROBABLE
LPT-10872,8.0,2.0,2.0,4.0,5.0,140349302.12,223831095.56,8.0,3.0,1.0,True,0.25,11.0,EXACT
LPT-11573,3.0,0.0,0.0,1.0,1.0,68541644.0,68209868.8,2.0,1.0,0.0,False,0.0,4.0,PROBABLE
WS-12192.corp.local,1.0,0.0,1.0,0.0,0.0,10256137.0,27724349.44,1.0,0.0,0.0,False,0.0,1.0,PROBABLE
WS_12309,1.0,0.0,1.0,0.0,0.0,42551214.08,12495133.0,1.0,0.0,0.0,False,0.0,1.0,PROBABLE
LPT_10671,2.0,0.0,0.0,0.0,1.0,31012928.34,42825186.64,2.0,0.0,0.0,False,0.0,2.0,PROBABLE
WS-10009,9.0,2.0,1.0,4.0,4.0,265028157.57999998,205218689.32,8.0,2.0,0.0,True,0.2222222222222222,11.0,EXACT
WS_11252,1.0,0.0,0.0,0.0,0.0,34774232.0,24526192.64,1.0,0.0,0.0,False,0.0,1.0,PROBABLE
VDR-12458.corp.local,1.0,0.0,0.0,0.0,0.0,38944562.0,24526192.64,1.0,0.0,0.0,False,0.0,1.0,PROBABLE
VDR_10492,2.0,0.0,0.0,1.0,2.0,63753292.0,56347320.88,2.0,0.0,0.0,False,0.0,2.0,PROBABLE
WS_10828,1.0,0.0,0.0,1.0,0.0,499908.0,24526192.64,1.0,0.0,0.0,False,0.0,1.0,PROBABLE
WS-11915,8.0,1.0,0.0,5.0,3.0,234382380.56,222771322.0,8.0,2.0,0.0,True,0.125,10.0,EXACT
lpt-11498,1.0,0.0,0.0,1.0,0.0,7581886.0,41554402.0,1.0,0.0,0.0,False,0.0,1.0,PROBABLE
WS_10034,1.0,0.0,0.0,0.0,0.0,14326110.0,28902262.0,1.0,0.0,0.0,False,0.0,1.0,PROBABLE
VDR-12177.corp.local,2.0,2.0,0.0,0.0,1.0,38086197.8,26986293.64,2.0,0.0,0.0,False,1.0,2.0,PROBABLE
LPT_10521,1.0,0.0,0.0,1.0,1.0,24819643.22,37046454.0,1.0,0.0,0.0,False,0.0,1.0,PROBABLE
WS_11952,1.0,0.0,0.0,1.0,0.0,32306626.56,32064328.0,1.0,0.0,0.0,False,0.0,1.0,PROBABLE
LPT-10950.corp.local,2.0,0.0,0.0,1.0,0.0,31257468.0,49052385.28,2.0,0.0,0.0,False,0.0,2.0,PROBABLE
LPT-12597,7.0,2.0,1.0,3.0,5.0,183979288.66,175143018.84,6.0,1.0,0.0,False,0.2857142857142857,8.0,PROBABLE
WS-10224,3.0,1.0,1.0,0.0,3.0,44892659.22,55290977.64,2.0,0.0,0.0,True,0.3333333333333333,3.0,EXACT
LPT-11714.corp.local,4.0,2.0,1.0,4.0,2.0,88724099.22,118828027.28,4.0,0.0,0.0,False,0.5,4.0,PROBABLE
VDR-10903,3.0,1.0,0.0,2.0,1.0,57643257.22,73754597.64,3.0,4.0,0.0,True,0.3333333333333333,7.0,EXACT
LPT-11072.corp.local,1.0,0.0,0.0,1.0,0.0,47077443.0,48621891.0,1.0,0.0,0.0,False,0.0,1.0,PROBABLE
LPT-11452.,0.0,0.0,0.0,0.0,0.0,0.0,0.0,0.0,0.0,0.0,True,0.0,0.0,EXACT
VDR-11962,6.0,1.0,0.0,2.0,4.0,166030763.66,102729785.0,5.0,4.0,0.0,True,0.16666666666666666,10.0,EXACT
LPT_12144,1.0,1.0,0.0,0.0,1.0,46409973.76,24526192.64,1.0,0.0,0.0,False,1.0,1.0,PROBABLE
lpt-12239,1.0,0.0,0.0,0.0,0.0,24819643.22,39725632.0,1.0,0.0,0.0,False,0.0,1.0,PROBABLE
LPT-10821,7.0,1.0,4.0,5.0,5.0,126098202.78,203253293.92000002,7.0,6.0,0.0,True,0.14285714285714285,13.0,EXACT
VDR-12479,5.0,1.0,0.0,2.0,2.0,112903765.44,100187787.28,5.0,0.0,0.0,True,0.2,5.0,EXACT
WS-11750.corp.local,1.0,0.0,0.0,1.0,1.0,35935783.0,24526192.64,1.0,0.0,0.0,False,0.0,1.0,PROBABLE
VDR-10079.corp.local,1.0,0.0,0.0,0.0,1.0,31489470.0,699428.0,1.0,0.0,0.0,False,0.0,1.0,PROBABLE
lpt-12355,2.0,0.0,1.0,0.0,1.0,47049252.0,63466176.0,2.0,0.0,0.0,False,0.0,2.0,PROBABLE
WS-10325,13.0,2.0,1.0,8.0,4.0,307645736.82,306877609.2,11.0,0.0,0.0,True,0.15384615384615385,13.0,EXACT
WS-10493,7.0,1.0,0.0,3.0,3.0,126709511.6,180260595.56,6.0,0.0,0.0,True,0.14285714285714285,7.0,EXACT
WS-10324,4.0,1.0,0.0,2.0,2.0,137106531.0,84037754.03999999,3.0,3.0,0.0,True,0.25,7.0,EXACT
VDR-10444,8.0,3.0,1.0,4.0,6.0,301249852.9,260170653.6,8.0,3.0,0.0,True,0.375,11.0,EXACT
WS-12501,7.0,3.0,0.0,2.0,3.0,142904408.01999998,175795891.92000002,5.0,4.0,0.0,True,0.42857142857142855,11.0,EXACT
VDR-10692,6.0,2.0,0.0,4.0,1.0,153181247.56,176159143.08,6.0,6.0,0.0,True,0.3333333333333333,12.0,EXACT
VDR_10491,1.0,0.0,0.0,1.0,1.0,47861217.0,15514919.0,1.0,0.0,0.0,False,0.0,1.0,PROBABLE
WS-11766,9.0,3.0,2.0,1.0,4.0,237254883.82,263943497.92,8.0,1.0,0.0,True,0.3333333333333333,10.0,EXACT
WS-11454.corp.local,1.0,0.0,0.0,0.0,0.0,37857832.96,10496800.0,1.0,0.0,0.0,False,0.0,1.0,PROBABLE
vdr-11314,1.0,0.0,0.0,0.0,0.0,13144871.0,48814892.0,1.0,0.0,0.0,False,0.0,1.0,PROBABLE
VDR-12273,5.0,0.0,0.0,3.0,5.0,111685709.32,120046381.48,4.0,4.0,0.0,True,0.0,9.0,EXACT
WS_11245,1.0,0.0,0.0,1.0,0.0,3123987.0,33833425.0,1.0,0.0,0.0,False,0.0,1.0,PROBABLE
lpt-11270,3.0,0.0,0.0,2.0,1.0,53679571.44,50067881.56,2.0,0.0,0.0,False,0.0,3.0,PROBABLE
VDR-11858.corp.local,1.0,0.0,0.0,0.0,1.0,37724661.76,24526192.64,1.0,0.0,0.0,False,0.0,1.0,PROBABLE
lpt-11025,2.0,1.0,0.0,1.0,1.0,43093738.22,55354925.64,2.0,0.0,0.0,False,0.5,2.0,PROBABLE
LPT-10304,9.0,4.0,0.0,4.0,5.0,252294951.46,296346149.92,9.0,0.0,0.0,True,0.4444444444444444,9.0,EXACT
LPT_11070,1.0,1.0,0.0,1.0,1.0,30345789.44,6474591.0,1.0,0.0,0.0,False,1.0,1.0,PROBABLE
LPT-11607,5.0,1.0,0.0,2.0,3.0,145776344.4,140008828.07999998,5.0,1.0,0.0,True,0.2,6.0,EXACT
WS-11873,7.0,1.0,1.0,3.0,2.0,151064095.5,220134514.88,6.0,3.0,0.0,True,0.14285714285714285,10.0,EXACT
WS-11347,6.0,3.0,0.0,1.0,3.0,150419790.66,156164831.64,4.0,3.0,1.0,False,0.5,9.0,PROBABLE
LPT-10912.corp.local,1.0,0.0,0.0,1.0,1.0,24819643.22,7790919.68,1.0,0.0,0.0,False,0.0,1.0,PROBABLE
ws-12833,4.0,1.0,0.0,0.0,2.0,126013437.22,112524714.0,3.0,0.0,0.0,False,0.25,4.0,PROBABLE
vdr-11628,1.0,0.0,0.0,1.0,1.0,39126270.0,26346630.0,1.0,0.0,0.0,False,0.0,1.0,PROBABLE
lpt-10636,1.0,0.0,0.0,0.0,1.0,21788962.0,31270860.8,1.0,0.0,0.0,False,0.0,1.0,PROBABLE
LPT-11235,12.0,2.0,1.0,7.0,6.0,281834484.84000003,304131799.8,11.0,4.0,1.0,True,0.16666666666666666,16.0,EXACT
WS_10078,1.0,1.0,0.0,0.0,0.0,12639561.0,41652541.44,1.0,0.0,0.0,False,1.0,1.0,PROBABLE
LPT-11178.corp.local,1.0,0.0,0.0,0.0,0.0,13390315.52,5042096.0,1.0,0.0,0.0,False,0.0,1.0,PROBABLE
ws-12953,1.0,1.0,0.0,1.0,0.0,42103739.0,31830710.0,1.0,0.0,0.0,False,1.0,1.0,PROBABLE
VDR-10790.,0.0,0.0,0.0,0.0,0.0,0.0,0.0,0.0,0.0,0.0,True,0.0,0.0,EXACT
lpt-12146,1.0,1.0,0.0,0.0,1.0,23099277.0,24526192.64,1.0,0.0,0.0,False,1.0,1.0,PROBABLE
LPT-10446.corp.local,1.0,0.0,0.0,1.0,1.0,24819643.22,36898584.0,1.0,0.0,0.0,False,0.0,1.0,PROBABLE
VDR-11996.corp.local,1.0,0.0,0.0,0.0,1.0,7780265.0,12788827.0,1.0,0.0,0.0,False,0.0,1.0,PROBABLE
WS-10584,7.0,1.0,1.0,5.0,6.0,214527627.88,104145214.08,5.0,2.0,1.0,True,0.14285714285714285,9.0,EXACT
LPT-12208,7.0,1.0,0.0,3.0,4.0,146029508.0,201245184.8,7.0,3.0,1.0,True,0.14285714285714285,10.0,EXACT
LPT_11478,4.0,1.0,1.0,3.0,2.0,75259429.66,86682748.28,4.0,0.0,0.0,False,0.25,4.0,PROBABLE
ws-10540,4.0,1.0,0.0,1.0,0.0,96014164.44,120458779.92,4.0,0.0,0.0,False,0.25,4.0,PROBABLE
WS-10787,7.0,1.0,0.0,4.0,3.0,157229077.9,142756971.07999998,6.0,1.0,0.0,True,0.14285714285714285,8.0,EXACT
VDR-11095.corp.local,1.0,0.0,1.0,0.0,0.0,24819643.22,24526192.64,1.0,0.0,0.0,False,0.0,1.0,PROBABLE
VDR-11913,10.0,3.0,1.0,6.0,5.0,249260231.8,252820782.92000002,7.0,0.0,0.0,True,0.3,10.0,EXACT
LPT-10171,9.0,3.0,2.0,4.0,4.0,250251718.3,191578400.92000002,7.0,1.0,0.0,True,0.3333333333333333,10.0,EXACT
ws-11806,3.0,2.0,0.0,0.0,2.0,95210399.4,72674306.76,3.0,0.0,0.0,False,0.6666666666666666,3.0,PROBABLE
WS-10408.,0.0,0.0,0.0,0.0,0.0,0.0,0.0,0.0,0.0,0.0,True,0.0,0.0,EXACT
VDR_10503,1.0,0.0,0.0,0.0,0.0,43632473.0,24526192.64,1.0,0.0,0.0,False,0.0,1.0,PROBABLE
LPT-11775.corp.local,4.0,0.0,0.0,1.0,3.0,115182689.66,103252844.32,3.0,0.0,0.0,False,0.0,4.0,PROBABLE
LPT_12854,2.0,2.0,0.0,2.0,2.0,61276658.22,7305219.0,1.0,0.0,0.0,False,1.0,2.0,PROBABLE
LPT-12530.corp.local,1.0,0.0,0.0,1.0,0.0,5300879.36,24526192.64,1.0,0.0,0.0,False,0.0,1.0,PROBABLE
LPT-12542,4.0,2.0,0.0,2.0,2.0,119235175.22,66607704.72,3.0,3.0,0.0,True,0.5,7.0,EXACT
VDR-10638,7.0,1.0,2.0,4.0,2.0,238715711.76,194187704.72,6.0,2.0,0.0,True,0.14285714285714285,9.0,EXACT
ws-11473,2.0,0.0,0.0,1.0,1.0,28339639.22,66558471.0,2.0,0.0,0.0,False,0.0,2.0,PROBABLE
WS_11218,1.0,0.0,0.0,1.0,0.0,870335.0,47990900.0,1.0,0.0,0.0,False,0.0,1.0,PROBABLE
WS-10102.corp.local,1.0,0.0,0.0,1.0,1.0,12587996.0,15290777.0,0.0,0.0,0.0,False,0.0,1.0,PROBABLE
vdr-12079,1.0,0.0,0.0,0.0,1.0,28301066.24,24526192.64,1.0,0.0,0.0,False,0.0,1.0,PROBABLE
LPT_10366,1.0,1.0,0.0,0.0,1.0,7903482.0,44167494.0,1.0,0.0,0.0,False,1.0,1.0,PROBABLE
vdr-12145,1.0,0.0,0.0,0.0,1.0,36899389.44,4015260.0,1.0,0.0,0.0,False,0.0,1.0,PROBABLE
WS-10190.corp.local,2.0,0.0,1.0,1.0,1.0,39521027.22,78447155.19999999,2.0,0.0,0.0,False,0.0,2.0,PROBABLE
LPT-11052.corp.local,1.0,0.0,0.0,1.0,1.0,24819643.22,45243449.0,1.0,0.0,0.0,False,0.0,1.0,PROBABLE
WS_11111,1.0,0.0,1.0,1.0,0.0,4374025.0,4439291.0,1.0,0.0,0.0,False,0.0,1.0,PROBABLE
VDR-12560,9.0,2.0,1.0,7.0,3.0,196566510.66,304572352.28,8.0,1.0,1.0,True,0.2222222222222222,10.0,EXACT
lpt-10047,1.0,0.0,0.0,1.0,0.0,40433090.56,24526192.64,1.0,0.0,0.0,False,0.0,1.0,PROBABLE
LPT-12538.corp.local,1.0,0.0,0.0,0.0,1.0,7554110.0,36977616.0,1.0,0.0,0.0,False,0.0,1.0,PROBABLE
WS-10214,6.0,1.0,0.0,2.0,3.0,83438075.25999999,195464488.92000002,6.0,1.0,0.0,True,0.16666666666666666,7.0,EXACT
ws-10400,3.0,0.0,0.0,2.0,1.0,64441969.22,63479535.239999995,2.0,0.0,0.0,False,0.0,3.0,PROBABLE
LPT_12258,2.0,0.0,0.0,2.0,2.0,38589441.96,45426140.0,2.0,0.0,0.0,False,0.0,2.0,PROBABLE
VDR-10885,6.0,1.0,1.0,4.0,4.0,153409463.92,161985966.28,6.0,3.0,0.0,True,0.16666666666666666,9.0,EXACT
LPT_12271,1.0,1.0,0.0,1.0,1.0,44258273.0,28919528.0,0.0,0.0,0.0,False,1.0,1.0,PROBABLE
WS_12417,1.0,0.0,0.0,1.0,0.0,3398831.0,3832838.0,1.0,0.0,0.0,False,0.0,1.0,PROBABLE
VDR-10501,7.0,3.0,0.0,6.0,4.0,152323107.52,163771584.92000002,5.0,2.0,0.0,True,0.42857142857142855,9.0,EXACT
LPT_10852,1.0,1.0,0.0,0.0,1.0,2037025.0,24526192.64,1.0,0.0,0.0,False,1.0,1.0,PROBABLE
VDR-12348,6.0,3.0,0.0,4.0,3.0,166440659.54,134595798.64,4.0,2.0,0.0,True,0.5,8.0,EXACT
VDR-11779,7.0,2.0,2.0,5.0,3.0,175866394.74,144338407.4,5.0,4.0,1.0,True,0.2857142857142857,11.0,EXACT
WS-11468,7.0,1.0,0.0,4.0,3.0,157875978.0,177577152.2,6.0,1.0,0.0,True,0.14285714285714285,8.0,EXACT
LPT_10204,1.0,1.0,0.0,0.0,0.0,40431273.0,4126756.0,0.0,0.0,0.0,False,1.0,1.0,PROBABLE
VDR-11388,10.0,4.0,0.0,8.0,3.0,191590581.64,226109352.6,10.0,3.0,0.0,False,0.4,13.0,PROBABLE
ws-10526,4.0,1.0,0.0,2.0,2.0,102383734.22,99867054.08,3.0,0.0,0.0,False,0.25,4.0,PROBABLE
WS-12179,9.0,2.0,2.0,5.0,2.0,209603286.72,151764878.72,9.0,3.0,0.0,True,0.2222222222222222,12.0,EXACT
LPT-11209.,0.0,0.0,0.0,0.0,0.0,0.0,0.0,0.0,0.0,0.0,True,0.0,0.0,EXACT
vdr-10899,1.0,0.0,0.0,1.0,0.0,24819643.22,5932024.0,1.0,0.0,0.0,False,0.0,1.0,PROBABLE
VDR-12638.corp.local,1.0,1.0,0.0,0.0,0.0,26161971.2,43786837.0,1.0,0.0,0.0,False,1.0,1.0,PROBABLE
LPT-12626,10.0,2.0,0.0,6.0,3.0,296345561.24,179381288.8,7.0,5.0,1.0,True,0.2,15.0,EXACT
VDR-10328,7.0,3.0,0.0,2.0,2.0,171346353.1,211915070.6,6.0,2.0,0.0,True,0.42857142857142855,9.0,EXACT
LPT-10661,4.0,0.0,1.0,1.0,3.0,132102958.4,97363761.4,2.0,2.0,0.0,True,0.0,6.0,EXACT
VDR_10735,2.0,0.0,0.0,1.0,0.0,49639286.44,70169902.64,1.0,0.0,0.0,False,0.0,2.0,PROBABLE
WS_12713,1.0,1.0,0.0,1.0,1.0,32496902.0,39385604.0,0.0,0.0,0.0,False,1.0,1.0,PROBABLE
vdr-12324,2.0,1.0,0.0,1.0,1.0,48236902.22,52467571.4,1.0,0.0,0.0,False,0.5,2.0,PROBABLE
WS-11743,8.0,3.0,0.0,2.0,4.0,244268904.26,156628288.92000002,8.0,0.0,0.0,True,0.375,8.0,EXACT
LPT-10751,9.0,1.0,1.0,2.0,6.0,266390330.46,229921907.0,8.0,2.0,1.0,True,0.1111111111111111,11.0,EXACT
ws-12918,1.0,0.0,0.0,0.0,1.0,24819643.22,26325323.0,1.0,0.0,0.0,False,0.0,1.0,PROBABLE
VDR-12325.corp.local,1.0,0.0,1.0,1.0,1.0,24819643.22,5812584.0,1.0,0.0,0.0,False,0.0,1.0,PROBABLE
VDR-12863.corp.local,1.0,0.0,0.0,1.0,0.0,47706526.0,47105600.0,1.0,0.0,0.0,False,0.0,1.0,PROBABLE
WS-11911,5.0,1.0,0.0,2.0,1.0,81944550.03999999,100461906.52000001,5.0,1.0,0.0,True,0.2,6.0,EXACT
LPT-12587,2.0,0.0,0.0,0.0,1.0,74613311.0,38899052.88,0.0,2.0,0.0,False,0.0,4.0,PROBABLE
WS-11540.corp.local,2.0,0.0,1.0,0.0,2.0,66942634.0,58456159.28,2.0,0.0,0.0,False,0.0,2.0,PROBABLE
LPT-12223.corp.local,1.0,1.0,0.0,1.0,0.0,8222771.2,13162057.0,1.0,0.0,0.0,False,1.0,1.0,PROBABLE
LPT_11398,1.0,0.0,0.0,0.0,1.0,3896113.0,23731635.0,1.0,0.0,0.0,False,0.0,1.0,PROBABLE
VDR-12775,3.0,0.0,0.0,2.0,2.0,93327400.22,75172037.64,3.0,3.0,0.0,False,0.0,6.0,PROBABLE
WS_11289,1.0,0.0,0.0,0.0,1.0,33045520.0,15253342.0,1.0,0.0,0.0,False,0.0,1.0,PROBABLE
LPT-11129.,0.0,0.0,0.0,0.0,0.0,0.0,0.0,0.0,0.0,0.0,True,0.0,0.0,EXACT
VDR-11729.corp.local,1.0,0.0,0.0,1.0,0.0,27853176.0,24526192.64,0.0,0.0,0.0,False,0.0,1.0,PROBABLE
WS-10032,5.0,1.0,1.0,2.0,1.0,126869132.44,101928439.24000001,3.0,1.0,0.0,True,0.2,6.0,EXACT
VDR-12373,9.0,1.0,0.0,3.0,6.0,228597638.38,253776505.56,8.0,3.0,0.0,True,0.1111111111111111,12.0,EXACT
LPT-11701.corp.local,1.0,0.0,0.0,0.0,0.0,43182120.96,48274462.72,1.0,0.0,0.0,False,0.0,1.0,PROBABLE
VDR-11929.corp.local,1.0,0.0,1.0,0.0,0.0,24819643.22,13700893.0,1.0,0.0,0.0,False,0.0,1.0,PROBABLE
WS-11769,6.0,1.0,3.0,4.0,4.0,148734831.0,149382185.0,5.0,4.0,0.0,True,0.16666666666666666,10.0,EXACT
WS-10476,6.0,4.0,0.0,4.0,5.0,170263471.44,115501418.64,5.0,0.0,0.0,True,0.6666666666666666,6.0,EXACT
VDR_10600,1.0,0.0,0.0,0.0,1.0,16997733.0,36113991.68,1.0,0.0,0.0,False,0.0,1.0,PROBABLE
VDR-10658,7.0,2.0,1.0,4.0,5.0,209583751.56,193377625.64,6.0,0.0,0.0,True,0.2857142857142857,7.0,EXACT
LPT-10842.,0.0,0.0,0.0,0.0,0.0,0.0,0.0,0.0,0.0,0.0,True,0.0,0.0,EXACT
VDR-11169,5.0,2.0,0.0,2.0,2.0,150759297.9,108070849.72,3.0,4.0,0.0,True,0.4,9.0,EXACT
LPT_11604,1.0,1.0,0.0,1.0,0.0,40618647.0,9315914.0,1.0,0.0,0.0,False,1.0,1.0,PROBABLE
WS-11009.,0.0,0.0,0.0,0.0,0.0,0.0,0.0,0.0,0.0,0.0,True,0.0,0.0,EXACT
WS_11241,1.0,0.0,0.0,1.0,1.0,14145290.24,24526192.64,0.0,0.0,0.0,False,0.0,1.0,PROBABLE
vdr-10438,1.0,1.0,0.0,0.0,1.0,41298175.0,6937311.0,1.0,0.0,0.0,False,1.0,1.0,PROBABLE
VDR-11038,3.0,0.0,0.0,2.0,1.0,79811653.22,87192221.0,3.0,2.0,0.0,True,0.0,5.0,EXACT
WS-11850,5.0,0.0,1.0,1.0,1.0,127768490.32,177902748.16,4.0,4.0,1.0,True,0.0,9.0,EXACT
VDR-11931.corp.local,3.0,0.0,0.0,2.0,3.0,101247984.86,66792897.6,2.0,0.0,0.0,False,0.0,3.0,PROBABLE
vdr-11405,1.0,0.0,0.0,1.0,1.0,24819643.22,6240645.12,0.0,0.0,0.0,False,0.0,1.0,PROBABLE
VDR-11150.corp.local,2.0,0.0,1.0,1.0,1.0,51765941.0,25680047.64,1.0,0.0,0.0,False,0.0,2.0,PROBABLE
LPT_12069,1.0,0.0,0.0,0.0,0.0,24819643.22,24526192.64,1.0,0.0,0.0,False,0.0,1.0,PROBABLE
vdr-11524,2.0,1.0,1.0,1.0,0.0,49639286.44,29254982.0,2.0,0.0,0.0,False,0.5,2.0,PROBABLE
VDR-10667,6.0,3.0,0.0,2.0,1.0,165288526.66,173290833.16,5.0,4.0,1.0,True,0.5,10.0,EXACT
LPT_12291,1.0,0.0,0.0,0.0,0.0,20749353.0,19013891.0,0.0,0.0,0.0,False,0.0,1.0,PROBABLE
VDR-11525,12.0,1.0,0.0,10.0,6.0,211260590.32,282748382.92,10.0,4.0,0.0,True,0.08333333333333333,16.0,EXACT
VDR-11411,2.0,1.0,0.0,1.0,2.0,49639286.44,25936559.0,1.0,5.0,1.0,True,0.5,7.0,EXACT
ws-11039,1.0,0.0,0.0,1.0,0.0,4053489.0,18497109.0,1.0,0.0,0.0,False,0.0,1.0,PROBABLE
WS_10341,2.0,0.0,1.0,1.0,1.0,54835821.0,33276276.64,2.0,0.0,0.0,False,0.0,2.0,PROBABLE
LPT-10067.corp.local,2.0,1.0,0.0,1.0,1.0,59926746.22,70456359.64,2.0,0.0,0.0,False,0.5,2.0,PROBABLE
WS-11366.,0.0,0.0,0.0,0.0,0.0,0.0,0.0,0.0,0.0,0.0,True,0.0,0.0,EXACT
WS-10453,8.0,0.0,0.0,4.0,4.0,199343784.68,162601115.88,8.0,1.0,0.0,True,0.0,9.0,EXACT
VDR-10077,8.0,2.0,1.0,3.0,6.0,210542195.66,212109889.68,6.0,2.0,0.0,True,0.25,10.0,EXACT
LPT_11834,1.0,1.0,0.0,1.0,0.0,24819643.22,40660477.0,1.0,0.0,0.0,False,1.0,1.0,PROBABLE
VDR-10147.,0.0,0.0,0.0,0.0,0.0,0.0,0.0,0.0,0.0,0.0,True,0.0,0.0,EXACT
LPT-12969.,0.0,0.0,0.0,0.0,0.0,0.0,0.0,0.0,0.0,0.0,True,0.0,0.0,EXACT
LPT-12419,7.0,1.0,0.0,6.0,4.0,170743220.94,175528431.48000002,7.0,1.0,0.0,True,0.14285714285714285,8.0,EXACT
ws-10962,3.0,0.0,1.0,2.0,2.0,56332326.0,77550428.28,2.0,0.0,0.0,False,0.0,3.0,PROBABLE
VDR-12734,12.0,1.0,0.0,5.0,6.0,281874679.46,326382899.24,10.0,3.0,0.0,True,0.08333333333333333,15.0,EXACT
LPT-11326.,0.0,0.0,0.0,0.0,0.0,0.0,0.0,0.0,0.0,0.0,True,0.0,0.0,EXACT
LPT-10616.,0.0,0.0,0.0,0.0,0.0,0.0,0.0,0.0,0.0,0.0,True,0.0,0.0,EXACT
lpt-10426,1.0,0.0,0.0,0.0,1.0,24819643.22,46359091.2,1.0,0.0,0.0,False,0.0,1.0,PROBABLE
LPT-11109,6.0,2.0,1.0,4.0,1.0,118294032.66,198295459.92000002,6.0,3.0,0.0,False,0.3333333333333333,9.0,PROBABLE
lpt-10483,3.0,1.0,1.0,0.0,0.0,75590723.22,79585744.64,3.0,0.0,0.0,False,0.3333333333333333,3.0,PROBABLE
VDR-10335.corp.local,1.0,0.0,0.0,1.0,0.0,35567697.92,24526192.64,1.0,0.0,0.0,False,0.0,1.0,PROBABLE
VDR-12180.corp.local,1.0,0.0,0.0,1.0,1.0,24819643.22,25582090.0,0.0,0.0,0.0,False,0.0,1.0,PROBABLE
lpt-12648,1.0,1.0,0.0,1.0,1.0,29455381.0,24526192.64,1.0,0.0,0.0,False,1.0,1.0,PROBABLE
VDR-12435.corp.local,2.0,1.0,0.0,1.0,1.0,43920907.0,41313894.400000006,2.0,0.0,0.0,False,0.5,2.0,PROBABLE
VDR-10477,5.0,2.0,0.0,2.0,2.0,115890801.44,143807987.56,3.0,1.0,0.0,True,0.4,6.0,EXACT
LPT-11990,6.0,0.0,0.0,2.0,4.0,136973197.72,147214686.56,6.0,2.0,0.0,False,0.0,8.0,PROBABLE
vdr-12484,2.0,0.0,0.0,2.0,1.0,43671210.12,56416522.56,2.0,0.0,0.0,False,0.0,2.0,PROBABLE
LPT-11790,7.0,1.0,1.0,1.0,5.0,194281548.66,152109712.24,7.0,2.0,0.0,False,0.14285714285714285,9.0,PROBABLE
VDR-10527.corp.local,1.0,0.0,0.0,1.0,1.0,5205801.0,3059313.0,1.0,0.0,0.0,False,0.0,1.0,PROBABLE
LPT-11340,5.0,1.0,0.0,0.0,4.0,103648332.7,150159956.28,4.0,0.0,0.0,True,0.2,5.0,EXACT
vdr-12781,2.0,0.0,0.0,2.0,0.0,48082516.0,49052385.28,2.0,0.0,0.0,False,0.0,2.0,PROBABLE
VDR-12764.corp.local,1.0,0.0,0.0,0.0,1.0,24819643.22,38963107.0,1.0,0.0,0.0,False,0.0,1.0,PROBABLE
VDR-12557.corp.local,1.0,0.0,0.0,1.0,0.0,24819643.22,14176747.52,1.0,0.0,0.0,False,0.0,1.0,PROBABLE
ws-10831,2.0,0.0,0.0,2.0,2.0,65241206.22,48157997.64,2.0,0.0,0.0,False,0.0,2.0,PROBABLE
WS-12350,14.0,5.0,3.0,9.0,8.0,425581716.5,312484048.48,11.0,2.0,0.0,True,0.35714285714285715,16.0,EXACT
VDR_12450,1.0,0.0,0.0,1.0,1.0,43354660.0,24526192.64,1.0,0.0,0.0,False,0.0,1.0,PROBABLE
VDR-10886,9.0,0.0,0.0,4.0,6.0,198668508.44,174645861.48,8.0,2.0,0.0,True,0.0,11.0,EXACT
WS_10568,1.0,1.0,0.0,1.0,1.0,39918715.0,24526192.64,0.0,0.0,0.0,False,1.0,1.0,PROBABLE
LPT-11148,7.0,2.0,1.0,2.0,5.0,194784610.04,166101523.2,5.0,4.0,0.0,False,0.2857142857142857,11.0,PROBABLE
vdr-10465,1.0,0.0,0.0,0.0,0.0,19614733.0,33984936.0,0.0,0.0,0.0,False,0.0,1.0,PROBABLE
VDR-12353,8.0,1.0,1.0,2.0,3.0,208060873.88,231107190.92000002,8.0,1.0,0.0,True,0.125,9.0,EXACT
ws-11968,1.0,0.0,0.0,0.0,1.0,24662384.64,31522375.0,1.0,0.0,0.0,False,0.0,1.0,PROBABLE
WS-12220,6.0,1.0,0.0,2.0,2.0,177482267.64,193221945.4,5.0,2.0,1.0,True,0.16666666666666666,8.0,EXACT
LPT-10364,5.0,0.0,0.0,2.0,2.0,105557628.97999999,168283391.84,5.0,0.0,0.0,True,0.0,5.0,EXACT
lpt-11875,2.0,2.0,0.0,2.0,1.0,8752967.92,32450194.64,1.0,0.0,0.0,False,1.0,2.0,PROBABLE
WS_10739,2.0,0.0,0.0,0.0,0.0,27384005.22,66846626.68,2.0,0.0,0.0,False,0.0,2.0,PROBABLE
WS-12802,6.0,2.0,1.0,3.0,2.0,114162497.0,153644641.8,2.0,3.0,0.0,True,0.3333333333333333,9.0,EXACT
VDR-11267,5.0,0.0,1.0,2.0,2.0,77667416.0,92989608.64,4.0,7.0,1.0,True,0.0,12.0,EXACT
vdr-12437,1.0,0.0,0.0,0.0,0.0,24819643.22,12780561.0,0.0,0.0,0.0,False,0.0,1.0,PROBABLE
LPT-12024,7.0,0.0,0.0,1.0,2.0,209732976.96,196053426.16,6.0,2.0,0.0,True,0.0,9.0,EXACT
vdr-12325,2.0,2.0,0.0,0.0,1.0,20751597.0,40128699.0,2.0,0.0,0.0,False,1.0,2.0,PROBABLE
VDR-12880,6.0,1.0,0.0,2.0,3.0,133510466.42,219444973.64,5.0,1.0,0.0,True,0.16666666666666666,7.0,EXACT
VDR_11853,1.0,1.0,0.0,0.0,0.0,543540.0,31598607.0,0.0,0.0,0.0,False,1.0,1.0,PROBABLE
VDR-11973.,0.0,0.0,0.0,0.0,0.0,0.0,0.0,0.0,0.0,0.0,True,0.0,0.0,EXACT
lpt-11156,1.0,0.0,0.0,0.0,0.0,28599984.0,24526192.64,1.0,0.0,0.0,False,0.0,1.0,PROBABLE
WS-12398,5.0,1.0,0.0,3.0,4.0,93570143.0,140250567.48,4.0,3.0,0.0,True,0.2,8.0,EXACT
WS-11481.corp.local,1.0,0.0,0.0,1.0,0.0,24819643.22,24526192.64,0.0,0.0,0.0,False,0.0,1.0,PROBABLE
ws-12343,1.0,0.0,0.0,1.0,1.0,23969478.0,9858897.92,0.0,0.0,0.0,False,0.0,1.0,PROBABLE
LPT-11202.,0.0,0.0,0.0,0.0,0.0,0.0,0.0,0.0,0.0,0.0,True,0.0,0.0,EXACT
LPT-10001,5.0,1.0,1.0,3.0,1.0,101097692.44,60576108.08,5.0,4.0,0.0,False,0.2,9.0,PROBABLE
lpt-10067,3.0,1.0,0.0,1.0,2.0,50802805.0,65032683.52,3.0,0.0,0.0,False,0.3333333333333333,3.0,PROBABLE
LPT-12735.corp.local,1.0,0.0,0.0,0.0,0.0,24819643.22,8440398.0,1.0,0.0,0.0,False,0.0,1.0,PROBABLE
VDR-12272.corp.local,1.0,0.0,0.0,0.0,1.0,24819643.22,24526192.64,1.0,0.0,0.0,False,0.0,1.0,PROBABLE
VDR_11508,1.0,0.0,0.0,1.0,1.0,5382246.4,12959959.0,1.0,0.0,0.0,False,0.0,1.0,PROBABLE
VDR-10029,7.0,2.0,2.0,3.0,4.0,218440532.72,177447646.48000002,7.0,6.0,2.0,True,0.2857142857142857,13.0,EXACT
LPT-10101,6.0,0.0,1.0,2.0,3.0,132488847.0,182894903.28,4.0,1.0,0.0,True,0.0,7.0,EXACT
vdr-10608,2.0,2.0,0.0,1.0,1.0,66720740.18,35769255.64,1.0,0.0,0.0,False,1.0,2.0,PROBABLE
VDR-10282.corp.local,3.0,2.0,0.0,1.0,2.0,76058171.0,102912674.6,3.0,0.0,0.0,False,0.6666666666666666,3.0,PROBABLE
WS-10675,8.0,1.0,0.0,7.0,3.0,152415817.22,210654828.04,8.0,1.0,0.0,True,0.125,9.0,EXACT
LPT-12111.corp.local,1.0,0.0,0.0,0.0,0.0,18192793.6,24526192.64,1.0,0.0,0.0,False,0.0,1.0,PROBABLE
WS-10781.corp.local,1.0,0.0,0.0,0.0,1.0,24819643.22,9538183.0,1.0,0.0,0.0,False,0.0,1.0,PROBABLE
ws-10513,2.0,1.0,1.0,2.0,1.0,81958158.0,45714256.64,1.0,0.0,0.0,False,0.5,2.0,PROBABLE
LPT-11840.corp.local,1.0,0.0,0.0,0.0,1.0,24819643.22,24526192.64,1.0,0.0,0.0,False,0.0,1.0,PROBABLE
VDR-12678,7.0,2.0,1.0,4.0,3.0,168398121.45999998,178054181.4,7.0,2.0,1.0,True,0.2857142857142857,9.0,EXACT
VDR-12173.,0.0,0.0,0.0,0.0,0.0,0.0,0.0,0.0,0.0,0.0,True,0.0,0.0,EXACT
WS-12581,6.0,2.0,0.0,2.0,3.0,163184385.86,101597984.4,4.0,3.0,0.0,True,0.3333333333333333,9.0,EXACT
VDR-11946.,0.0,0.0,0.0,0.0,0.0,0.0,0.0,0.0,0.0,0.0,True,0.0,0.0,EXACT
WS-12036.corp.local,1.0,0.0,0.0,1.0,1.0,4577569.0,39322152.0,0.0,0.0,0.0,False,0.0,1.0,PROBABLE
LPT-12106,10.0,2.0,1.0,6.0,6.0,224041144.2,231255823.88,8.0,2.0,1.0,True,0.2,12.0,EXACT
LPT-12326,3.0,0.0,0.0,3.0,1.0,49853445.44,73578577.92,2.0,2.0,0.0,True,0.0,5.0,EXACT
LPT-10965,8.0,1.0,1.0,3.0,5.0,234090227.74,171803040.92000002,5.0,2.0,0.0,True,0.125,10.0,EXACT
WS-12264.corp.local,1.0,0.0,0.0,0.0,0.0,29805848.0,8802292.0,1.0,0.0,0.0,False,0.0,1.0,PROBABLE
VDR-10535,5.0,2.0,0.0,2.0,3.0,122103010.22,140990163.28,4.0,1.0,0.0,True,0.4,6.0,EXACT
vdr-11411,2.0,0.0,0.0,2.0,0.0,64849122.0,79864446.75999999,2.0,0.0,0.0,False,0.0,2.0,PROBABLE
LPT-11271,6.0,1.0,0.0,2.0,0.0,175850871.52,188589579.96,6.0,3.0,2.0,True,0.16666666666666666,9.0,EXACT
WS-11667,7.0,1.0,1.0,3.0,5.0,194339381.38,143828504.56,6.0,2.0,0.0,True,0.14285714285714285,9.0,EXACT
VDR-12940,4.0,4.0,0.0,3.0,1.0,111615099.66,96842309.28,4.0,1.0,0.0,True,1.0,5.0,EXACT
ws-10524,1.0,0.0,0.0,1.0,0.0,20929576.96,4103754.0,1.0,0.0,0.0,False,0.0,1.0,PROBABLE
vdr-10592,3.0,0.0,0.0,1.0,0.0,113893942.22,72058118.0,3.0,0.0,0.0,False,0.0,3.0,PROBABLE
VDR_11236,2.0,0.0,0.0,2.0,0.0,10265252.0,42121297.92,1.0,0.0,0.0,False,0.0,2.0,PROBABLE
VDR-12270,5.0,0.0,1.0,3.0,4.0,105827256.52,107539421.92,5.0,1.0,0.0,True,0.0,6.0,EXACT
LPT-11276.corp.local,3.0,2.0,0.0,2.0,0.0,44477082.0,59671758.28,3.0,0.0,0.0,False,0.6666666666666666,3.0,PROBABLE
VDR-12384,7.0,1.0,1.0,3.0,3.0,220407764.45999998,191389148.56,7.0,3.0,1.0,True,0.14285714285714285,10.0,EXACT
VDR-12453.corp.local,1.0,0.0,0.0,1.0,0.0,24819643.22,12519997.44,1.0,0.0,0.0,False,0.0,1.0,PROBABLE
LPT_10083,4.0,1.0,0.0,2.0,2.0,130508937.0,119031895.28,3.0,0.0,0.0,False,0.25,4.0,PROBABLE
vdr-12336,3.0,2.0,0.0,3.0,1.0,75675151.86,56994547.879999995,2.0,0.0,0.0,False,0.6666666666666666,3.0,PROBABLE
WS-12544,9.0,2.0,1.0,5.0,3.0,225155354.88,203090396.56,6.0,2.0,0.0,False,0.2222222222222222,11.0,PROBABLE
WS_11851,1.0,0.0,0.0,0.0,1.0,39482540.0,21236739.0,1.0,0.0,0.0,False,0.0,1.0,PROBABLE
VDR-12562,4.0,0.0,0.0,2.0,3.0,102537658.66,69539062.12,3.0,2.0,0.0,True,0.0,6.0,EXACT
lpt-12252,2.0,0.0,0.0,1.0,2.0,66095874.0,66461844.0,2.0,0.0,0.0,False,0.0,2.0,PROBABLE
lpt-10159,2.0,0.0,0.0,0.0,1.0,49880760.16,73454856.64,2.0,0.0,0.0,False,0.0,2.0,PROBABLE
vdr-11014,1.0,1.0,0.0,1.0,0.0,42139024.0,24526192.64,1.0,0.0,0.0,False,1.0,1.0,PROBABLE
WS-12746.corp.local,1.0,1.0,0.0,1.0,0.0,24819643.22,24526192.64,1.0,0.0,0.0,False,1.0,1.0,PROBABLE
VDR-10698.corp.local,2.0,0.0,1.0,1.0,1.0,40967713.62,72051355.0,2.0,0.0,0.0,False,0.0,2.0,PROBABLE
vdr-10291,2.0,0.0,0.0,2.0,2.0,49639286.44,35691397.64,2.0,0.0,0.0,False,0.0,2.0,PROBABLE
WS-11477.,0.0,0.0,0.0,0.0,0.0,0.0,0.0,0.0,0.0,0.0,True,0.0,0.0,EXACT
LPT-11299.corp.local,1.0,0.0,0.0,0.0,0.0,17474313.0,24526192.64,1.0,0.0,0.0,False,0.0,1.0,PROBABLE
WS_10045,1.0,0.0,0.0,0.0,0.0,40112139.0,5710551.04,1.0,0.0,0.0,False,0.0,1.0,PROBABLE
VDR-10743,11.0,1.0,0.0,5.0,6.0,272541946.44,242148214.12,8.0,3.0,0.0,True,0.09090909090909091,14.0,EXACT
WS-11715.corp.local,2.0,0.0,0.0,1.0,0.0,49639286.44,37045527.64,2.0,0.0,0.0,False,0.0,2.0,PROBABLE
LPT-10668.corp.local,2.0,0.0,0.0,2.0,1.0,49639286.44,82084569.84,2.0,0.0,0.0,False,0.0,2.0,PROBABLE
VDR-10230,7.0,2.0,0.0,5.0,4.0,153737707.72,187500701.48,6.0,1.0,0.0,True,0.2857142857142857,8.0,EXACT
lpt-12481,1.0,0.0,0.0,0.0,1.0,6593473.0,21694933.0,1.0,0.0,0.0,False,0.0,1.0,PROBABLE
WS-11523,8.0,2.0,1.0,2.0,4.0,164151641.88,224760835.56,7.0,3.0,2.0,True,0.25,11.0,EXACT
WS_11823,2.0,0.0,0.0,0.0,2.0,57259461.22,56058874.64,2.0,0.0,0.0,False,0.0,2.0,PROBABLE
vdr-10527,1.0,0.0,0.0,0.0,0.0,4719013.0,30678328.0,1.0,0.0,0.0,False,0.0,1.0,PROBABLE
VDR-12613,7.0,0.0,0.0,2.0,3.0,123249708.75999999,263680097.8,6.0,1.0,0.0,True,0.0,8.0,EXACT
LPT-12586.corp.local,1.0,0.0,0.0,1.0,1.0,46085395.0,32378800.0,0.0,0.0,0.0,False,0.0,1.0,PROBABLE
WS-11708,9.0,2.0,0.0,7.0,6.0,223399890.66,209242833.96,8.0,6.0,0.0,True,0.2222222222222222,15.0,EXACT
LPT-12954,10.0,2.0,1.0,4.0,7.0,244289557.4,237610318.04,8.0,1.0,0.0,True,0.2,11.0,EXACT
WS-10617,8.0,1.0,1.0,7.0,5.0,241658733.84,232817937.12,7.0,3.0,1.0,True,0.125,11.0,EXACT
VDR-12725,7.0,4.0,0.0,3.0,3.0,164323247.16,152784822.44,5.0,2.0,1.0,True,0.5714285714285714,9.0,EXACT
vdr-10071,1.0,0.0,0.0,0.0,0.0,40727461.0,10872626.0,1.0,0.0,0.0,False,0.0,1.0,PROBABLE
lpt-10679,1.0,0.0,1.0,0.0,1.0,16413894.0,21093512.0,1.0,0.0,0.0,False,0.0,1.0,PROBABLE
WS-12913,3.0,0.0,0.0,1.0,2.0,86815606.44,66702452.28,3.0,1.0,0.0,True,0.0,4.0,EXACT
lpt-11511,1.0,0.0,0.0,0.0,0.0,43106959.36,24526192.64,1.0,0.0,0.0,False,0.0,1.0,PROBABLE
LPT-10804,7.0,1.0,0.0,2.0,5.0,206672510.88,168828393.68,4.0,1.0,0.0,True,0.14285714285714285,8.0,EXACT
VDR-11549.,0.0,0.0,0.0,0.0,0.0,0.0,0.0,0.0,0.0,0.0,True,0.0,0.0,EXACT
LPT-12471.corp.local,2.0,1.0,0.0,0.0,1.0,44555822.0,34479666.64,2.0,0.0,0.0,False,0.5,2.0,PROBABLE
WS-12214,7.0,4.0,1.0,4.0,3.0,146473699.44,181656239.48,6.0,2.0,0.0,True,0.5714285714285714,9.0,EXACT
WS-11564,6.0,1.0,1.0,4.0,1.0,141661935.44,151301491.2,5.0,4.0,0.0,False,0.16666666666666666,10.0,PROBABLE
lpt-12263,1.0,1.0,0.0,0.0,1.0,4531309.0,48820390.0,1.0,0.0,0.0,False,1.0,1.0,PROBABLE
LPT_12704,2.0,0.0,0.0,1.0,0.0,44901624.66,77164494.0,2.0,0.0,0.0,False,0.0,2.0,PROBABLE
LPT_11740,1.0,0.0,0.0,1.0,1.0,2846873.0,24526192.64,0.0,0.0,0.0,False,0.0,1.0,PROBABLE
WS-12874,6.0,2.0,0.0,3.0,2.0,134010717.22,114919750.64,4.0,4.0,0.0,True,0.3333333333333333,10.0,EXACT
VDR-10736.corp.local,2.0,1.0,0.0,2.0,0.0,28555694.759999998,30624458.64,2.0,0.0,0.0,False,0.5,2.0,PROBABLE
VDR-11853,7.0,2.0,0.0,2.0,2.0,192124040.26,201660427.68,4.0,2.0,0.0,True,0.2857142857142857,9.0,EXACT
WS_12179,2.0,0.0,0.0,2.0,1.0,90088622.08,49589777.64,1.0,0.0,0.0,False,0.0,2.0,PROBABLE
WS-12912,8.0,1.0,1.0,5.0,4.0,127031805.0,196641942.64,8.0,4.0,1.0,True,0.125,12.0,EXACT
LPT_12645,1.0,0.0,0.0,1.0,0.0,28151764.0,21199486.0,1.0,0.0,0.0,False,0.0,1.0,PROBABLE
LPT-11568.corp.local,2.0,0.0,0.0,1.0,0.0,68994434.56,16066478.0,1.0,0.0,0.0,False,0.0,2.0,PROBABLE
VDR-11912.corp.local,2.0,1.0,0.0,0.0,2.0,49639286.44,49052385.28,2.0,0.0,0.0,False,0.5,2.0,PROBABLE
WS_11529,1.0,0.0,1.0,1.0,0.0,30186423.0,22150860.0,1.0,0.0,0.0,False,0.0,1.0,PROBABLE
LPT-12280,8.0,2.0,0.0,3.0,6.0,187633466.76,182179577.4,8.0,0.0,0.0,True,0.25,8.0,EXACT
LPT-11918,5.0,1.0,0.0,3.0,3.0,134831814.72,116393982.32,4.0,2.0,0.0,True,0.2,7.0,EXACT
ws-10450,2.0,2.0,0.0,1.0,2.0,73182376.0,33434600.0,2.0,0.0,0.0,False,1.0,2.0,PROBABLE
LPT-12103,10.0,2.0,0.0,6.0,4.0,202291050.44,251628821.84,9.0,1.0,0.0,True,0.2,11.0,EXACT
LPT-11057.corp.local,1.0,0.0,0.0,0.0,0.0,40837908.48,44690110.0,1.0,0.0,0.0,False,0.0,1.0,PROBABLE
WS-12733,5.0,2.0,0.0,1.0,2.0,127398695.22,117454718.12,3.0,1.0,0.0,True,0.4,6.0,EXACT
LPT-12382.corp.local,1.0,0.0,0.0,0.0,1.0,24442835.0,10768875.52,1.0,0.0,0.0,False,0.0,1.0,PROBABLE
WS-12162,4.0,0.0,0.0,1.0,2.0,47379317.22,92824315.64,3.0,5.0,2.0,True,0.0,9.0,EXACT
ws-12125,1.0,0.0,1.0,1.0,1.0,33465264.0,39993597.0,0.0,0.0,0.0,False,0.0,1.0,PROBABLE
VDR-12431,7.0,0.0,0.0,1.0,5.0,142522663.57999998,218460198.68,5.0,3.0,0.0,False,0.0,10.0,PROBABLE
VDR-10611,4.0,0.0,1.0,3.0,2.0,129859304.44,144523589.04,3.0,0.0,0.0,True,0.0,4.0,EXACT
WS-10706,10.0,3.0,0.0,4.0,5.0,218341433.5,307299096.0,9.0,2.0,0.0,True,0.3,12.0,EXACT
VDR-10353,10.0,2.0,0.0,6.0,5.0,290219462.18,277865881.72,8.0,2.0,1.0,True,0.2,12.0,EXACT
WS_11819,1.0,0.0,0.0,0.0,1.0,14522777.6,24526192.64,1.0,0.0,0.0,False,0.0,1.0,PROBABLE
ws-12555,2.0,0.0,0.0,0.0,0.0,49639286.44,56059554.64,2.0,0.0,0.0,False,0.0,2.0,PROBABLE
WS-11756,7.0,1.0,0.0,2.0,3.0,164080034.66,172306862.96,6.0,0.0,0.0,True,0.14285714285714285,7.0,EXACT
ws-12673,1.0,0.0,0.0,1.0,0.0,26364774.0,30188972.0,0.0,0.0,0.0,False,0.0,1.0,PROBABLE
vdr-11874,1.0,0.0,0.0,0.0,0.0,11619134.0,38121707.52,1.0,0.0,0.0,False,0.0,1.0,PROBABLE
lpt-12102,1.0,1.0,0.0,0.0,0.0,10623807.0,6889144.32,0.0,0.0,0.0,False,1.0,1.0,PROBABLE
LPT-11616.corp.local,4.0,1.0,0.0,2.0,2.0,110943255.66,78393753.6,3.0,0.0,0.0,False,0.25,4.0,PROBABLE
vdr-12776,1.0,0.0,0.0,1.0,0.0,41565552.64,5989740.0,1.0,0.0,0.0,False,0.0,1.0,PROBABLE
VDR-12892,8.0,2.0,1.0,6.0,4.0,161163809.88,211272468.4,8.0,5.0,0.0,True,0.25,13.0,EXACT
LPT-11319,4.0,0.0,0.0,3.0,3.0,83337656.0,77361370.08,4.0,1.0,0.0,True,0.0,5.0,EXACT
WS-10971,13.0,1.0,4.0,8.0,8.0,364167116.5,429996888.36,9.0,1.0,0.0,True,0.07692307692307693,14.0,EXACT
WS-10225.corp.local,2.0,1.0,0.0,2.0,0.0,37948060.22,49052385.28,1.0,0.0,0.0,False,0.5,2.0,PROBABLE
ws-12515,3.0,1.0,0.0,1.0,0.0,68887764.0,98199616.64,3.0,0.0,0.0,False,0.3333333333333333,3.0,PROBABLE
LPT-10654,7.0,2.0,0.0,4.0,4.0,182458063.88,203097515.92000002,4.0,3.0,0.0,True,0.2857142857142857,10.0,EXACT
ws-11460,1.0,0.0,0.0,1.0,0.0,49640796.16,11796170.0,1.0,0.0,0.0,False,0.0,1.0,PROBABLE
LPT-11465,9.0,2.0,1.0,6.0,6.0,181130954.66,165104531.0,8.0,1.0,0.0,True,0.2222222222222222,10.0,EXACT
LPT_10676,1.0,0.0,0.0,1.0,1.0,24819643.22,24526192.64,1.0,0.0,0.0,False,0.0,1.0,PROBABLE
lpt-10229,1.0,0.0,0.0,0.0,0.0,36244477.0,24526192.64,1.0,0.0,0.0,False,0.0,1.0,PROBABLE
LPT-10157.corp.local,1.0,1.0,0.0,1.0,0.0,8433732.0,24526192.64,0.0,0.0,0.0,False,1.0,1.0,PROBABLE
LPT-12611.corp.local,1.0,1.0,0.0,1.0,1.0,24819643.22,32250918.0,0.0,0.0,0.0,False,1.0,1.0,PROBABLE
ws-12828,1.0,0.0,0.0,1.0,0.0,16930058.24,28907781.0,1.0,0.0,0.0,False,0.0,1.0,PROBABLE
VDR-10124.corp.local,1.0,0.0,0.0,1.0,0.0,34596229.12,47394723.84,1.0,0.0,0.0,False,0.0,1.0,PROBABLE
WS_12097,1.0,0.0,0.0,1.0,1.0,30554822.0,20631030.0,1.0,0.0,0.0,False,0.0,1.0,PROBABLE
LPT_10682,1.0,0.0,0.0,0.0,1.0,24819643.22,24526192.64,1.0,0.0,0.0,False,0.0,1.0,PROBABLE
LPT-11869,8.0,1.0,0.0,2.0,4.0,186341551.7,202089025.56,7.0,1.0,0.0,True,0.125,9.0,EXACT
WS_10281,1.0,0.0,0.0,1.0,0.0,24986529.0,13595182.0,0.0,0.0,0.0,False,0.0,1.0,PROBABLE
VDR-12618,10.0,3.0,1.0,5.0,5.0,210873193.44,314617049.92,9.0,3.0,0.0,True,0.3,13.0,EXACT
lpt-12530,4.0,2.0,0.0,1.0,1.0,105961028.44,76700744.28,4.0,0.0,0.0,False,0.5,4.0,PROBABLE
LPT-12911,8.0,0.0,0.0,3.0,3.0,193686816.86,207370348.16,6.0,5.0,1.0,True,0.0,13.0,EXACT
LPT-11489.corp.local,1.0,0.0,0.0,1.0,1.0,39070106.0,43427290.0,1.0,0.0,0.0,False,0.0,1.0,PROBABLE
LPT-10909.corp.local,2.0,0.0,0.0,0.0,1.0,86582644.92,41402490.879999995,0.0,0.0,0.0,False,0.0,2.0,PROBABLE
LPT-12768,10.0,2.0,1.0,6.0,5.0,260561885.62,278490329.44,8.0,3.0,1.0,True,0.2,13.0,EXACT
ws-11252,1.0,0.0,1.0,1.0,0.0,21170026.0,24526192.64,0.0,0.0,0.0,False,0.0,1.0,PROBABLE
WS-11708.corp.local,1.0,1.0,0.0,1.0,0.0,24819643.22,24526192.64,1.0,0.0,0.0,False,1.0,1.0,PROBABLE
WS-11893,6.0,0.0,0.0,2.0,4.0,109685391.66,187908866.72,6.0,0.0,0.0,True,0.0,6.0,EXACT
WS-11899,9.0,2.0,0.0,4.0,4.0,223041640.32,194491828.04,8.0,1.0,0.0,False,0.2222222222222222,10.0,PROBABLE
vdr-10164,1.0,0.0,0.0,1.0,1.0,20221484.0,24526192.64,1.0,0.0,0.0,False,0.0,1.0,PROBABLE
WS_10145,1.0,1.0,0.0,1.0,0.0,36280729.6,14724159.0,0.0,0.0,0.0,False,1.0,1.0,PROBABLE
WS-10518.corp.local,1.0,1.0,0.0,0.0,1.0,42751938.0,8629717.0,1.0,0.0,0.0,False,1.0,1.0,PROBABLE
VDR-11931,4.0,0.0,0.0,2.0,3.0,127278076.7,110672934.92,2.0,1.0,0.0,False,0.0,5.0,PROBABLE
WS-11722.,0.0,0.0,0.0,0.0,0.0,0.0,0.0,0.0,0.0,0.0,True,0.0,0.0,EXACT
LPT-11965,12.0,2.0,2.0,3.0,8.0,293390370.52,294118259.2,8.0,2.0,0.0,True,0.16666666666666666,14.0,EXACT
VDR-12543,5.0,1.0,0.0,2.0,2.0,105821647.3,141296751.64,4.0,3.0,0.0,True,0.2,8.0,EXACT
LPT-10525,4.0,0.0,1.0,1.0,3.0,139918570.22,139705161.64,4.0,1.0,0.0,True,0.0,5.0,EXACT
WS-11089.corp.local,2.0,1.0,0.0,1.0,2.0,41957314.56,51156741.0,2.0,0.0,0.0,False,0.5,2.0,PROBABLE
VDR_11964,3.0,1.0,1.0,2.0,1.0,78226442.44,73578577.92,3.0,0.0,0.0,False,0.3333333333333333,3.0,PROBABLE
VDR-10529,6.0,1.0,1.0,2.0,3.0,151779798.44,113995824.03999999,6.0,1.0,0.0,False,0.16666666666666666,7.0,PROBABLE
WS-12112.corp.local,1.0,0.0,1.0,1.0,0.0,16160320.0,34653532.16,1.0,0.0,0.0,False,0.0,1.0,PROBABLE
LPT_11539,1.0,0.0,0.0,0.0,1.0,24819643.22,16901663.0,1.0,0.0,0.0,False,0.0,1.0,PROBABLE
WS-11477,7.0,1.0,1.0,2.0,5.0,188490523.66,190670005.16,5.0,1.0,1.0,False,0.14285714285714285,8.0,PROBABLE
VDR-11557.corp.local,2.0,0.0,0.0,0.0,1.0,45161052.22,14129903.0,2.0,0.0,0.0,False,0.0,2.0,PROBABLE
vdr-12936,1.0,1.0,0.0,0.0,1.0,11271080.0,30153110.0,1.0,0.0,0.0,False,1.0,1.0,PROBABLE
VDR_12560,2.0,0.0,0.0,1.0,1.0,27828889.22,47696807.48,2.0,0.0,0.0,False,0.0,2.0,PROBABLE
vdr-10701,1.0,1.0,0.0,1.0,0.0,13226561.0,2281750.0,1.0,0.0,0.0,False,1.0,1.0,PROBABLE
WS-12082.corp.local,1.0,1.0,0.0,1.0,0.0,48457064.0,24526192.64,0.0,0.0,0.0,False,1.0,1.0,PROBABLE
LPT_10709,1.0,0.0,0.0,0.0,1.0,38000322.0,46094015.0,1.0,0.0,0.0,False,0.0,1.0,PROBABLE
vdr-10648,4.0,1.0,1.0,3.0,2.0,96294379.2,118934107.28,4.0,0.0,0.0,False,0.25,4.0,PROBABLE
VDR-11003,7.0,0.0,0.0,4.0,5.0,146816063.42000002,168900217.28,6.0,4.0,1.0,True,0.0,11.0,EXACT
LPT_11572,1.0,0.0,0.0,1.0,1.0,47616734.0,24526192.64,0.0,0.0,0.0,False,0.0,1.0,PROBABLE
VDR_12373,1.0,1.0,0.0,1.0,0.0,42158753.0,7513374.72,0.0,0.0,0.0,False,1.0,1.0,PROBABLE
WS-12889,8.0,0.0,0.0,3.0,3.0,262488313.51999998,201389688.92000002,8.0,4.0,0.0,False,0.0,12.0,PROBABLE
lpt-12522,2.0,1.0,0.0,2.0,1.0,83412756.36,26269978.64,2.0,0.0,0.0,False,0.5,2.0,PROBABLE
VDR-11618,3.0,0.0,0.0,1.0,3.0,74902085.0,104620133.64,2.0,2.0,0.0,True,0.0,5.0,EXACT
WS_10829,1.0,0.0,0.0,0.0,1.0,15148560.0,24526192.64,1.0,0.0,0.0,False,0.0,1.0,PROBABLE
VDR_12577,3.0,1.0,0.0,3.0,3.0,74458929.66,96647249.92,3.0,0.0,0.0,False,0.3333333333333333,3.0,PROBABLE
lpt-12253,3.0,1.0,0.0,1.0,1.0,53971761.68000001,79364089.0,1.0,0.0,0.0,False,0.3333333333333333,3.0,PROBABLE
VDR-10322,8.0,0.0,1.0,5.0,4.0,153318410.5,229277974.84,8.0,1.0,0.0,True,0.0,9.0,EXACT
WS-11241,5.0,4.0,0.0,2.0,2.0,153903093.06,126719537.8,5.0,3.0,0.0,True,0.8,8.0,EXACT
VDR-12451,9.0,4.0,0.0,3.0,2.0,164124287.04,198504314.92000002,7.0,4.0,0.0,True,0.4444444444444444,13.0,EXACT
VDR-12624,8.0,1.0,0.0,4.0,3.0,196899430.44,155220212.24,6.0,2.0,0.0,True,0.125,10.0,EXACT
VDR-11585,5.0,1.0,1.0,3.0,2.0,120665055.56,181563164.0,4.0,3.0,0.0,True,0.2,8.0,EXACT
LPT-12524,6.0,1.0,1.0,3.0,1.0,169758426.66,153783827.07999998,6.0,0.0,0.0,False,0.16666666666666666,6.0,PROBABLE
LPT-11631,7.0,2.0,0.0,5.0,5.0,145492149.32,104855920.6,7.0,3.0,0.0,True,0.2857142857142857,10.0,EXACT
VDR-12789,5.0,1.0,0.0,1.0,4.0,128938521.64,94661423.68,4.0,2.0,0.0,True,0.2,7.0,EXACT
WS_12878,1.0,0.0,0.0,1.0,0.0,24819643.22,10361947.0,1.0,0.0,0.0,False,0.0,1.0,PROBABLE
WS_12456,1.0,0.0,0.0,1.0,0.0,46765189.0,39293231.0,1.0,0.0,0.0,False,0.0,1.0,PROBABLE
WS-10367.corp.local,1.0,0.0,0.0,0.0,1.0,513554.0,24526192.64,1.0,0.0,0.0,False,0.0,1.0,PROBABLE
WS-11120,10.0,3.0,0.0,3.0,6.0,289054189.65999997,335709361.56,5.0,0.0,0.0,True,0.3,10.0,EXACT
LPT_12973,1.0,1.0,0.0,1.0,1.0,1363148.8,13596509.0,1.0,0.0,0.0,False,1.0,1.0,PROBABLE
WS-11079.corp.local,2.0,0.0,0.0,1.0,2.0,49639286.44,59863939.0,2.0,0.0,0.0,False,0.0,2.0,PROBABLE
VDR-11388.corp.local,1.0,0.0,0.0,0.0,1.0,33881224.0,8718904.0,0.0,0.0,0.0,False,0.0,1.0,PROBABLE
WS-10826,7.0,2.0,0.0,2.0,6.0,159071119.26,165459906.84,5.0,2.0,0.0,True,0.2857142857142857,9.0,EXACT
LPT-11030,5.0,0.0,1.0,2.0,5.0,152072029.18,110018536.0,5.0,2.0,0.0,False,0.0,7.0,PROBABLE
VDR-10233.corp.local,1.0,0.0,0.0,1.0,1.0,43848464.0,42269859.0,1.0,0.0,0.0,False,0.0,1.0,PROBABLE
WS-12442,7.0,1.0,0.0,4.0,2.0,127810565.4,202636609.4,6.0,2.0,0.0,True,0.14285714285714285,9.0,EXACT
WS_11885,1.0,0.0,0.0,0.0,0.0,39794700.0,29983303.68,1.0,0.0,0.0,False,0.0,1.0,PROBABLE
LPT-10976,4.0,2.0,1.0,2.0,2.0,105703427.44,97099051.0,3.0,2.0,0.0,True,0.5,6.0,EXACT
VDR_12248,1.0,0.0,0.0,1.0,0.0,35358583.0,45654999.04,1.0,0.0,0.0,False,0.0,1.0,PROBABLE
lpt-12838,1.0,0.0,0.0,0.0,1.0,43191304.0,24526192.64,1.0,0.0,0.0,False,0.0,1.0,PROBABLE
LPT-11425.corp.local,1.0,0.0,0.0,1.0,1.0,32515538.0,1463170.0,1.0,0.0,0.0,False,0.0,1.0,PROBABLE
LPT-12053.,0.0,0.0,0.0,0.0,0.0,0.0,0.0,0.0,0.0,0.0,True,0.0,0.0,EXACT
VDR-11848,4.0,1.0,0.0,1.0,2.0,118656441.22,126763180.64,4.0,1.0,0.0,True,0.25,5.0,EXACT
LPT-11212.corp.local,1.0,0.0,0.0,0.0,0.0,9877101.0,22103982.08,1.0,0.0,0.0,False,0.0,1.0,PROBABLE
ws-11505,2.0,0.0,0.0,2.0,2.0,58366237.0,66580465.64,1.0,0.0,0.0,False,0.0,2.0,PROBABLE
VDR-10455,6.0,3.0,1.0,4.0,3.0,70919949.22,142791849.0,6.0,5.0,2.0,True,0.5,11.0,EXACT
VDR-10116.corp.local,2.0,0.0,0.0,1.0,1.0,68892367.03999999,49052385.28,2.0,0.0,0.0,False,0.0,2.0,PROBABLE
VDR-10835.corp.local,1.0,1.0,0.0,1.0,1.0,24819643.22,44260597.76,1.0,0.0,0.0,False,1.0,1.0,PROBABLE
WS-11595.corp.local,1.0,0.0,0.0,0.0,0.0,49440358.4,7096800.0,1.0,0.0,0.0,False,0.0,1.0,PROBABLE
ws-11671,2.0,0.0,0.0,2.0,2.0,27722746.16,50939212.64,2.0,0.0,0.0,False,0.0,2.0,PROBABLE
WS-10506,8.0,2.0,1.0,4.0,4.0,268851821.68,234894258.64,5.0,2.0,0.0,True,0.25,10.0,EXACT
ws-11814,1.0,0.0,0.0,1.0,1.0,24819643.22,24526192.64,0.0,0.0,0.0,False,0.0,1.0,PROBABLE
LPT_10460,1.0,0.0,0.0,0.0,1.0,36490444.8,8947717.0,1.0,0.0,0.0,False,0.0,1.0,PROBABLE
LPT_10804,1.0,0.0,0.0,0.0,0.0,40233861.12,29989273.6,1.0,0.0,0.0,False,0.0,1.0,PROBABLE
vdr-12825,2.0,0.0,0.0,0.0,1.0,25999267.84,29191613.0,2.0,0.0,0.0,False,0.0,2.0,PROBABLE
LPT-10250,4.0,0.0,0.0,2.0,3.0,95334185.94,79979075.64,3.0,5.0,1.0,True,0.0,9.0,EXACT
VDR-11645,6.0,1.0,0.0,3.0,3.0,136296216.26,122676503.92,5.0,4.0,0.0,True,0.16666666666666666,10.0,EXACT
lpt-11175,1.0,0.0,0.0,0.0,0.0,2728570.88,37901691.0,1.0,0.0,0.0,False,0.0,1.0,PROBABLE
LPT_12202,2.0,0.0,0.0,1.0,2.0,50306643.22,79873815.0,2.0,0.0,0.0,False,0.0,2.0,PROBABLE
VDR_12369,4.0,0.0,0.0,1.0,1.0,128667807.14,87026574.88,4.0,0.0,0.0,False,0.0,4.0,PROBABLE
VDR-12122.corp.local,1.0,0.0,0.0,0.0,1.0,24819643.22,2594.0,0.0,0.0,0.0,False,0.0,1.0,PROBABLE
lpt-11801,2.0,1.0,1.0,2.0,1.0,54120109.0,49052385.28,2.0,0.0,0.0,False,0.5,2.0,PROBABLE
VDR-11042,5.0,2.0,0.0,4.0,4.0,103126638.8,119189083.0,5.0,4.0,2.0,False,0.4,9.0,PROBABLE
WS_10908,2.0,0.0,0.0,0.0,1.0,52203516.22,49052385.28,2.0,0.0,0.0,False,0.0,2.0,PROBABLE
VDR_11644,1.0,0.0,0.0,0.0,1.0,17224310.0,24526192.64,1.0,0.0,0.0,False,0.0,1.0,PROBABLE
LPT-10717,9.0,1.0,1.0,3.0,5.0,207491123.01999998,231637735.24,8.0,2.0,0.0,True,0.1111111111111111,11.0,EXACT
LPT-12609.,0.0,0.0,0.0,0.0,0.0,0.0,0.0,0.0,0.0,0.0,True,0.0,0.0,EXACT
ws-11374,3.0,0.0,1.0,1.0,1.0,85149650.44,71412987.44,3.0,0.0,0.0,False,0.0,3.0,PROBABLE
ws-10509,1.0,0.0,0.0,1.0,0.0,18192862.0,24526192.64,0.0,0.0,0.0,False,0.0,1.0,PROBABLE
LPT-10062,2.0,0.0,0.0,1.0,2.0,59225692.22,30911575.48,2.0,2.0,0.0,True,0.0,4.0,EXACT
VDR_10659,1.0,1.0,0.0,0.0,1.0,2172903.0,3166699.52,1.0,0.0,0.0,False,1.0,1.0,PROBABLE
LPT-12102.corp.local,2.0,0.0,0.0,0.0,0.0,69783071.24,62528498.0,2.0,0.0,0.0,False,0.0,2.0,PROBABLE
VDR-12488,6.0,1.0,0.0,5.0,3.0,117355572.74,116956961.32,5.0,3.0,1.0,True,0.16666666666666666,9.0,EXACT
VDR-11933,7.0,0.0,0.0,4.0,4.0,139638637.6,148953475.28,7.0,1.0,0.0,True,0.0,8.0,EXACT
vdr-11666,1.0,1.0,0.0,0.0,0.0,6932877.0,24526192.64,1.0,0.0,0.0,False,1.0,1.0,PROBABLE
ws-12605,1.0,0.0,0.0,1.0,1.0,24819643.22,40003349.0,1.0,0.0,0.0,False,0.0,1.0,PROBABLE
VDR-11237,5.0,0.0,0.0,3.0,3.0,157408802.18,133039259.03999999,4.0,1.0,0.0,True,0.0,6.0,EXACT
LPT_11977,1.0,1.0,0.0,1.0,0.0,5727691.0,24526192.64,1.0,0.0,0.0,False,1.0,1.0,PROBABLE
ws-10252,1.0,0.0,0.0,1.0,1.0,27906369.0,42095381.0,1.0,0.0,0.0,False,0.0,1.0,PROBABLE
LPT_11322,1.0,0.0,0.0,1.0,1.0,7790919.68,29743414.0,1.0,0.0,0.0,False,0.0,1.0,PROBABLE
VDR-11559.corp.local,3.0,0.0,0.0,2.0,0.0,94873964.0,44509259.0,3.0,0.0,0.0,False,0.0,3.0,PROBABLE
LPT-12183,7.0,0.0,0.0,2.0,1.0,223499255.22,139693912.68,6.0,1.0,0.0,True,0.0,8.0,EXACT
WS-12733.corp.local,1.0,0.0,0.0,0.0,0.0,24819643.22,33168362.0,1.0,0.0,0.0,False,0.0,1.0,PROBABLE
VDR-10278.corp.local,2.0,0.0,0.0,1.0,2.0,68485296.22,49896389.96,2.0,0.0,0.0,False,0.0,2.0,PROBABLE
VDR-10539,7.0,2.0,1.0,1.0,4.0,206456949.88,133895734.03999999,6.0,0.0,0.0,True,0.2857142857142857,7.0,EXACT
LPT-12502,13.0,3.0,0.0,7.0,7.0,334028420.88,211521871.24,10.0,5.0,0.0,True,0.23076923076923078,18.0,EXACT
ws-12495,4.0,1.0,0.0,2.0,1.0,60504930.84,79753813.44,4.0,0.0,0.0,False,0.25,4.0,PROBABLE
VDR-12488.corp.local,2.0,1.0,0.0,0.0,1.0,59090790.400000006,49052385.28,2.0,0.0,0.0,False,0.5,2.0,PROBABLE
LPT-11631.corp.local,2.0,1.0,0.0,0.0,1.0,51860972.22,78672994.4,1.0,0.0,0.0,False,0.5,2.0,PROBABLE
LPT-12055,10.0,1.0,1.0,4.0,4.0,257031753.42000002,214889501.16,8.0,0.0,0.0,True,0.1,10.0,EXACT
WS-11245.corp.local,1.0,0.0,0.0,0.0,1.0,20534026.24,4489056.0,1.0,0.0,0.0,False,0.0,1.0,PROBABLE
WS_11766,2.0,0.0,0.0,1.0,1.0,74644110.0,49052385.28,2.0,0.0,0.0,False,0.0,2.0,PROBABLE
ws-10095,3.0,0.0,0.0,2.0,1.0,90846932.0,90995425.28,3.0,0.0,0.0,False,0.0,3.0,PROBABLE
VDR-12151.corp.local,1.0,0.0,0.0,0.0,0.0,24819643.22,24526192.64,1.0,0.0,0.0,False,0.0,1.0,PROBABLE
ws-12051,2.0,0.0,0.0,0.0,0.0,49639286.44,52859313.64,2.0,0.0,0.0,False,0.0,2.0,PROBABLE
LPT-10671.corp.local,1.0,0.0,0.0,0.0,1.0,48939556.0,24526192.64,1.0,0.0,0.0,False,0.0,1.0,PROBABLE
WS-11284,3.0,0.0,0.0,1.0,1.0,103519702.24000001,73339973.0,3.0,1.0,0.0,True,0.0,4.0,EXACT
ws-11682,4.0,0.0,0.0,4.0,4.0,94075935.14,86947847.64,3.0,0.0,0.0,False,0.0,4.0,PROBABLE
ws-10136,3.0,1.0,0.0,2.0,3.0,60176168.0,89806288.72,3.0,0.0,0.0,False,0.3333333333333333,3.0,PROBABLE
WS_10365,2.0,0.0,0.0,0.0,2.0,58335072.0,65186878.64,2.0,0.0,0.0,False,0.0,2.0,PROBABLE
VDR-11145,8.0,0.0,1.0,2.0,4.0,239949849.88,247714597.52,6.0,4.0,0.0,True,0.0,12.0,EXACT
WS_10774,1.0,0.0,0.0,1.0,0.0,3040870.4,24526192.64,1.0,0.0,0.0,False,0.0,1.0,PROBABLE
LPT-10356.corp.local,1.0,0.0,0.0,1.0,0.0,24819643.22,24526192.64,0.0,0.0,0.0,False,0.0,1.0,PROBABLE
VDR_10647,1.0,0.0,1.0,0.0,0.0,30308101.0,14098175.0,0.0,0.0,0.0,False,0.0,1.0,PROBABLE
LPT_11659,2.0,0.0,0.0,2.0,0.0,61834635.22,26688246.64,2.0,0.0,0.0,False,0.0,2.0,PROBABLE
lpt-10401,1.0,0.0,0.0,1.0,1.0,16830412.8,19232427.0,1.0,0.0,0.0,False,0.0,1.0,PROBABLE
WS-10687,7.0,2.0,0.0,2.0,6.0,162429483.44,155234819.56,7.0,2.0,1.0,True,0.2857142857142857,9.0,EXACT
lpt-12582,1.0,1.0,1.0,1.0,0.0,36941332.48,37749775.0,0.0,0.0,0.0,False,1.0,1.0,PROBABLE
LPT_12294,1.0,0.0,0.0,1.0,0.0,24819643.22,23532806.0,1.0,0.0,0.0,False,0.0,1.0,PROBABLE
WS_11186,1.0,0.0,0.0,1.0,1.0,24819643.22,10429634.56,1.0,0.0,0.0,False,0.0,1.0,PROBABLE
lpt-12885,3.0,0.0,1.0,2.0,1.0,99045252.24000001,36714187.519999996,1.0,0.0,0.0,False,0.0,3.0,PROBABLE
VDR_10622,2.0,1.0,0.0,0.0,1.0,49639286.44,49052385.28,2.0,0.0,0.0,False,0.5,2.0,PROBABLE
vdr-10203,2.0,0.0,0.0,0.0,2.0,71668566.22,51025188.0,1.0,0.0,0.0,False,0.0,2.0,PROBABLE
lpt-12419,1.0,0.0,0.0,0.0,1.0,27715791.0,24526192.64,1.0,0.0,0.0,False,0.0,1.0,PROBABLE
VDR-10693,5.0,1.0,1.0,2.0,2.0,122188248.62,143596049.92000002,5.0,4.0,0.0,True,0.2,9.0,EXACT
WS-12895.,0.0,0.0,0.0,0.0,0.0,0.0,0.0,0.0,0.0,0.0,True,0.0,0.0,EXACT
VDR_10454,1.0,0.0,0.0,1.0,0.0,5948741.0,11447726.0,0.0,0.0,0.0,False,0.0,1.0,PROBABLE
WS-11690.corp.local,2.0,1.0,0.0,0.0,0.0,51009099.84,32022662.0,1.0,0.0,0.0,False,0.5,2.0,PROBABLE
WS-10970.corp.local,2.0,0.0,1.0,1.0,0.0,42643340.0,27347217.0,2.0,0.0,0.0,False,0.0,2.0,PROBABLE
WS-11381.corp.local,1.0,0.0,0.0,1.0,0.0,31441525.0,29461262.0,1.0,0.0,0.0,False,0.0,1.0,PROBABLE
VDR_12919,1.0,0.0,0.0,0.0,1.0,49905586.0,42406032.0,1.0,0.0,0.0,False,0.0,1.0,PROBABLE
WS_11759,1.0,0.0,0.0,0.0,1.0,46554187.0,24526192.64,1.0,0.0,0.0,False,0.0,1.0,PROBABLE
vdr-12784,1.0,0.0,0.0,0.0,0.0,15090487.0,60436.48,1.0,0.0,0.0,False,0.0,1.0,PROBABLE
LPT-11015,11.0,4.0,3.0,8.0,0.0,322563528.66,262584992.56,11.0,5.0,1.0,True,0.36363636363636365,16.0,EXACT
WS-11358,7.0,3.0,0.0,2.0,2.0,128210357.14,157124006.64,7.0,2.0,0.0,True,0.42857142857142855,9.0,EXACT
LPT_10752,1.0,1.0,0.0,0.0,1.0,24819643.22,25165824.0,1.0,0.0,0.0,False,1.0,1.0,PROBABLE
WS_12912,3.0,2.0,0.0,1.0,2.0,81269337.25999999,85458892.0,2.0,0.0,0.0,False,0.6666666666666666,3.0,PROBABLE
LPT-11291,9.0,3.0,1.0,5.0,4.0,226534375.66,250933135.16,6.0,2.0,0.0,True,0.3333333333333333,11.0,EXACT
vdr-11971,1.0,0.0,0.0,1.0,1.0,9500983.0,37740386.0,1.0,0.0,0.0,False,0.0,1.0,PROBABLE
lpt-10212,2.0,0.0,1.0,2.0,2.0,28629741.22,76983324.0,1.0,0.0,0.0,False,0.0,2.0,PROBABLE
ws-10239,4.0,0.0,0.0,2.0,3.0,102340565.5,112790565.64,4.0,0.0,0.0,False,0.0,4.0,PROBABLE
WS-11009,9.0,3.0,2.0,5.0,6.0,208537138.38,222437547.4,7.0,2.0,0.0,False,0.3333333333333333,11.0,PROBABLE
LPT-12612,11.0,1.0,2.0,5.0,8.0,287644993.9,242527182.52,10.0,1.0,0.0,True,0.09090909090909091,12.0,EXACT
WS-12306,4.0,2.0,0.0,3.0,3.0,99577260.86,108003666.6,3.0,1.0,0.0,True,0.5,5.0,EXACT
LPT-12133.corp.local,1.0,0.0,0.0,0.0,0.0,39733685.0,24526192.64,0.0,0.0,0.0,False,0.0,1.0,PROBABLE
LPT-11299,7.0,0.0,1.0,3.0,2.0,204611603.08,204218176.72,6.0,3.0,0.0,True,0.0,10.0,EXACT
WS-12818,10.0,2.0,1.0,7.0,2.0,217255875.01999998,301261095.92,8.0,2.0,0.0,True,0.2,12.0,EXACT
vdr-12519,1.0,0.0,0.0,1.0,0.0,34864074.0,24526192.64,1.0,0.0,0.0,False,0.0,1.0,PROBABLE
WS_10359,2.0,0.0,1.0,2.0,0.0,37969000.0,49052385.28,2.0,0.0,0.0,False,0.0,2.0,PROBABLE
WS-12477,7.0,1.0,1.0,5.0,3.0,150934927.44,221490596.8,7.0,4.0,0.0,True,0.14285714285714285,11.0,EXACT
vdr-11703,2.0,0.0,0.0,1.0,0.0,73727455.22,72580285.2,2.0,0.0,0.0,False,0.0,2.0,PROBABLE
VDR_12441,1.0,0.0,0.0,0.0,1.0,24819643.22,7493153.0,1.0,0.0,0.0,False,0.0,1.0,PROBABLE
LPT_10580,1.0,0.0,0.0,1.0,0.0,46830120.0,24526192.64,1.0,0.0,0.0,False,0.0,1.0,PROBABLE
lpt-10439,1.0,0.0,0.0,1.0,1.0,45354766.0,24526192.64,1.0,0.0,0.0,False,0.0,1.0,PROBABLE
LPT-11040,10.0,0.0,0.0,5.0,2.0,307151208.38,193515791.6,10.0,2.0,0.0,False,0.0,12.0,PROBABLE
lpt-11151,1.0,0.0,0.0,1.0,1.0,43504041.0,1762208.0,1.0,0.0,0.0,False,0.0,1.0,PROBABLE
WS-10800.corp.local,2.0,0.0,1.0,2.0,1.0,36098061.22,41493716.0,2.0,0.0,0.0,False,0.0,2.0,PROBABLE
VDR-11599.corp.local,1.0,0.0,0.0,0.0,0.0,36679188.48,49105757.0,1.0,0.0,0.0,False,0.0,1.0,PROBABLE
VDR-11702,4.0,0.0,0.0,2.0,1.0,131757772.22,79187102.72,4.0,1.0,0.0,True,0.0,5.0,EXACT
LPT-11114,6.0,1.0,1.0,2.0,4.0,133304254.0,190143943.92000002,4.0,3.0,2.0,True,0.16666666666666666,9.0,EXACT
WS-10225,12.0,2.0,1.0,6.0,6.0,262618778.1,227875043.72,12.0,2.0,0.0,True,0.16666666666666666,14.0,EXACT
lpt-11920,1.0,1.0,0.0,1.0,0.0,31449797.0,24526192.64,1.0,0.0,0.0,False,1.0,1.0,PROBABLE
VDR_10402,1.0,0.0,1.0,1.0,1.0,24819643.22,22141995.0,1.0,0.0,0.0,False,0.0,1.0,PROBABLE
VDR-12286,8.0,1.0,0.0,3.0,3.0,219843083.22,200311619.28,7.0,2.0,0.0,True,0.125,10.0,EXACT
VDR_11247,2.0,2.0,0.0,1.0,1.0,83108473.0,57569253.0,2.0,0.0,0.0,False,1.0,2.0,PROBABLE
lpt-11023,1.0,0.0,0.0,1.0,1.0,24819643.22,24526192.64,1.0,0.0,0.0,False,0.0,1.0,PROBABLE
VDR_12740,1.0,0.0,0.0,1.0,1.0,7085354.0,38087277.0,0.0,0.0,0.0,False,0.0,1.0,PROBABLE
lpt-12027,2.0,1.0,0.0,2.0,1.0,30189572.72,57640113.64,2.0,0.0,0.0,False,0.5,2.0,PROBABLE
WS-10180.corp.local,1.0,0.0,0.0,1.0,0.0,49234519.0,25104708.0,1.0,0.0,0.0,False,0.0,1.0,PROBABLE
WS-12220.corp.local,1.0,0.0,0.0,0.0,1.0,3910887.0,32150786.0,1.0,0.0,0.0,False,0.0,1.0,PROBABLE
WS-12360,6.0,1.0,0.0,3.0,5.0,147812684.24,155714444.56,5.0,4.0,1.0,False,0.16666666666666666,10.0,PROBABLE
LPT-12250,11.0,2.0,0.0,7.0,5.0,317934865.24,327262757.48,10.0,2.0,0.0,False,0.18181818181818182,13.0,PROBABLE
LPT-11403,8.0,5.0,0.0,6.0,6.0,221236131.16,182165642.32,6.0,2.0,1.0,False,0.625,10.0,PROBABLE
VDR_10715,2.0,1.0,0.0,2.0,1.0,49639286.44,55581987.64,2.0,0.0,0.0,False,0.5,2.0,PROBABLE
LPT-12754,8.0,1.0,1.0,8.0,5.0,165908419.44,185826833.28,7.0,2.0,0.0,True,0.125,10.0,EXACT
WS-12999.corp.local,2.0,0.0,0.0,0.0,2.0,66395781.22,87568195.2,2.0,0.0,0.0,False,0.0,2.0,PROBABLE
LPT-12508,8.0,2.0,2.0,4.0,5.0,193547102.9,174905272.92000002,7.0,1.0,0.0,True,0.25,9.0,EXACT
WS-11777,7.0,4.0,0.0,2.0,5.0,175267290.48000002,135130419.2,6.0,2.0,0.0,True,0.5714285714285714,9.0,EXACT
VDR-12059,3.0,2.0,1.0,2.0,1.0,117136211.0,75883930.0,3.0,3.0,0.0,False,0.6666666666666666,6.0,PROBABLE
lpt-10311,1.0,1.0,0.0,1.0,0.0,42271713.28,6444011.52,1.0,0.0,0.0,False,1.0,1.0,PROBABLE
WS-12726.corp.local,1.0,1.0,0.0,0.0,0.0,236103.0,24526192.64,1.0,0.0,0.0,False,1.0,1.0,PROBABLE
vdr-10598,2.0,0.0,0.0,1.0,1.0,32154430.0,35348001.0,2.0,0.0,0.0,False,0.0,2.0,PROBABLE
VDR-12279,8.0,0.0,0.0,5.0,3.0,200241560.2,159703392.28,8.0,0.0,0.0,True,0.0,8.0,EXACT
VDR-12209,4.0,0.0,1.0,2.0,2.0,130863914.06,80745052.64,4.0,3.0,1.0,True,0.0,7.0,EXACT
lpt-11526,2.0,1.0,0.0,2.0,1.0,50670061.24,32829135.64,2.0,0.0,0.0,False,0.5,2.0,PROBABLE
VDR_10022,1.0,0.0,0.0,1.0,0.0,33838283.0,20748245.0,1.0,0.0,0.0,False,0.0,1.0,PROBABLE
WS-12385.corp.local,1.0,1.0,0.0,0.0,0.0,24819643.22,15990784.0,1.0,0.0,0.0,False,1.0,1.0,PROBABLE
VDR-11206,3.0,1.0,0.0,0.0,1.0,94147224.22,70773826.0,3.0,2.0,0.0,False,0.3333333333333333,5.0,PROBABLE
WS-10191,9.0,2.0,0.0,5.0,8.0,282393932.82,191170895.12,8.0,1.0,0.0,True,0.2222222222222222,10.0,EXACT
WS-11380,4.0,1.0,1.0,1.0,1.0,120750226.72,144687338.04000002,3.0,5.0,2.0,True,0.25,9.0,EXACT
vdr-12022,1.0,0.0,0.0,1.0,0.0,7076680.0,24526192.64,1.0,0.0,0.0,False,0.0,1.0,PROBABLE
VDR-12725.corp.local,2.0,0.0,0.0,1.0,2.0,64168047.22,71050403.84,2.0,0.0,0.0,False,0.0,2.0,PROBABLE
WS-10417,12.0,3.0,2.0,5.0,9.0,257919238.24,267401128.08,9.0,1.0,0.0,False,0.25,13.0,PROBABLE
WS_11535,1.0,0.0,0.0,0.0,0.0,22986607.0,13061998.0,1.0,0.0,0.0,False,0.0,1.0,PROBABLE
lpt-12144,1.0,0.0,0.0,0.0,0.0,37091481.0,40069424.0,0.0,0.0,0.0,False,0.0,1.0,PROBABLE
LPT_11955,1.0,0.0,0.0,0.0,1.0,23735053.0,24526192.64,1.0,0.0,0.0,False,0.0,1.0,PROBABLE
WS-11331,6.0,2.0,0.0,3.0,3.0,121598084.25999999,167464191.28,6.0,3.0,0.0,True,0.3333333333333333,9.0,EXACT
WS-11923.,0.0,0.0,0.0,0.0,0.0,0.0,0.0,0.0,0.0,0.0,True,0.0,0.0,EXACT
LPT_12252,2.0,1.0,0.0,2.0,1.0,64780708.22,41749284.64,2.0,0.0,0.0,False,0.5,2.0,PROBABLE
WS-11598.corp.local,1.0,1.0,0.0,0.0,1.0,45875200.0,24526192.64,1.0,0.0,0.0,False,1.0,1.0,PROBABLE
vdr-11214,2.0,1.0,0.0,0.0,1.0,21725894.0,85734852.0,1.0,0.0,0.0,False,0.5,2.0,PROBABLE
VDR_10847,1.0,0.0,0.0,1.0,1.0,3431850.0,6951174.0,1.0,0.0,0.0,False,0.0,1.0,PROBABLE
vdr-12568,3.0,0.0,0.0,2.0,2.0,77740453.44,85750473.0,3.0,0.0,0.0,False,0.0,3.0,PROBABLE
WS-11657,6.0,4.0,1.0,4.0,4.0,167919108.42,151300369.64,5.0,2.0,1.0,True,0.6666666666666666,8.0,EXACT
lpt-12507,3.0,1.0,1.0,2.0,1.0,76965602.02,122169088.64,2.0,0.0,0.0,False,0.3333333333333333,3.0,PROBABLE
ws-10507,2.0,0.0,0.0,1.0,1.0,40527311.7,55860766.64,1.0,0.0,0.0,False,0.0,2.0,PROBABLE
WS-10399,11.0,2.0,0.0,8.0,6.0,277146402.98,290826479.24,11.0,1.0,0.0,True,0.18181818181818182,12.0,EXACT
lpt-12296,2.0,1.0,0.0,2.0,2.0,42500696.0,36649182.64,2.0,0.0,0.0,False,0.5,2.0,PROBABLE
lpt-10731,1.0,0.0,0.0,1.0,0.0,31199115.0,47207258.0,1.0,0.0,0.0,False,0.0,1.0,PROBABLE
VDR-11327,10.0,2.0,0.0,7.0,5.0,207964860.8,320629121.04,7.0,3.0,0.0,True,0.2,13.0,EXACT
ws-10308,2.0,0.0,0.0,1.0,0.0,60542881.0,23922700.0,2.0,0.0,0.0,False,0.0,2.0,PROBABLE
ws-11690,2.0,0.0,0.0,0.0,2.0,42634307.22,29700152.64,2.0,0.0,0.0,False,0.0,2.0,PROBABLE
WS-12478,8.0,1.0,0.0,5.0,3.0,210801360.22,171057064.32,7.0,3.0,1.0,True,0.125,11.0,EXACT
LPT-11259,8.0,3.0,1.0,7.0,5.0,224887489.2,202816783.6,6.0,1.0,0.0,False,0.375,9.0,PROBABLE
ws-12751,1.0,0.0,0.0,0.0,1.0,14850319.0,46632862.0,1.0,0.0,0.0,False,0.0,1.0,PROBABLE
LPT_12565,1.0,0.0,1.0,1.0,0.0,24819643.22,14508605.44,1.0,0.0,0.0,False,0.0,1.0,PROBABLE
VDR-12435,4.0,2.0,1.0,4.0,3.0,127320248.64,106429828.64,3.0,3.0,0.0,True,0.5,7.0,EXACT
lpt-11010,1.0,0.0,0.0,0.0,0.0,3400098.0,21916778.0,1.0,0.0,0.0,False,0.0,1.0,PROBABLE
WS-11876.corp.local,3.0,1.0,0.0,2.0,3.0,39780672.34,82398435.64,3.0,0.0,0.0,False,0.3333333333333333,3.0,PROBABLE
vdr-12090,2.0,1.0,0.0,0.0,1.0,61446367.22,27192127.0,2.0,0.0,0.0,False,0.5,2.0,PROBABLE
LPT-11280,7.0,3.0,0.0,5.0,3.0,233944935.04,159101429.64,7.0,4.0,1.0,True,0.42857142857142855,11.0,EXACT
LPT-12754.corp.local,1.0,0.0,1.0,1.0,0.0,1247805.44,16473128.96,1.0,0.0,0.0,False,0.0,1.0,PROBABLE
WS-11154,8.0,2.0,0.0,3.0,1.0,257250056.44,196272888.88,6.0,2.0,0.0,True,0.25,10.0,EXACT
lpt-11107,1.0,0.0,0.0,0.0,0.0,24819643.22,14218690.56,1.0,0.0,0.0,False,0.0,1.0,PROBABLE
LPT_12026,1.0,0.0,0.0,0.0,1.0,5221908.48,8916907.0,1.0,0.0,0.0,False,0.0,1.0,PROBABLE
WS-10747,6.0,3.0,2.0,4.0,3.0,164430488.01999998,137441502.72,6.0,3.0,0.0,True,0.5,9.0,EXACT
lpt-11054,2.0,0.0,1.0,0.0,1.0,41678284.8,49052385.28,2.0,0.0,0.0,False,0.0,2.0,PROBABLE
vdr-12059,2.0,0.0,1.0,1.0,0.0,68408947.53999999,51624323.64,2.0,0.0,0.0,False,0.0,2.0,PROBABLE
WS_12549,2.0,0.0,0.0,1.0,1.0,69958370.0,49052385.28,1.0,0.0,0.0,False,0.0,2.0,PROBABLE
LPT-12534,9.0,2.0,0.0,3.0,6.0,250301758.22,285329030.24,7.0,3.0,0.0,True,0.2222222222222222,12.0,EXACT
LPT-11440,3.0,0.0,0.0,2.0,2.0,58709468.22,82711409.64,2.0,4.0,0.0,True,0.0,7.0,EXACT
WS-10228,8.0,3.0,1.0,3.0,6.0,213621023.46,180835287.24,4.0,3.0,0.0,True,0.375,11.0,EXACT
vdr-10051,1.0,0.0,0.0,1.0,1.0,11799193.6,24526192.64,1.0,0.0,0.0,False,0.0,1.0,PROBABLE
lpt-11244,2.0,1.0,0.0,2.0,1.0,48459199.8,28585201.0,2.0,0.0,0.0,False,0.5,2.0,PROBABLE
VDR_11958,1.0,0.0,0.0,1.0,1.0,7536233.0,24526192.64,1.0,0.0,0.0,False,0.0,1.0,PROBABLE
VDR-10899.corp.local,4.0,1.0,1.0,0.0,2.0,90118143.22,71147588.28,4.0,0.0,0.0,False,0.25,4.0,PROBABLE
VDR-12079,8.0,2.0,2.0,5.0,4.0,163693349.38,179541670.4,7.0,3.0,0.0,True,0.25,11.0,EXACT
lpt-12321,2.0,0.0,1.0,1.0,1.0,38081940.22,14084862.84,2.0,0.0,0.0,False,0.0,2.0,PROBABLE
WS_10352,3.0,0.0,1.0,0.0,3.0,41817346.9,55393581.32,2.0,0.0,0.0,False,0.0,3.0,PROBABLE
WS_11137,2.0,0.0,0.0,1.0,1.0,70896017.56,47973256.0,1.0,0.0,0.0,False,0.0,2.0,PROBABLE
LPT-10440,8.0,2.0,2.0,6.0,3.0,184528979.16,275280320.8,8.0,4.0,0.0,False,0.25,12.0,PROBABLE
WS-12668.corp.local,3.0,0.0,0.0,2.0,2.0,84368123.56,13983087.919999998,2.0,0.0,0.0,False,0.0,3.0,PROBABLE
LPT-11770,5.0,1.0,0.0,2.0,3.0,148654081.66,104521061.8,5.0,1.0,0.0,False,0.2,6.0,PROBABLE
VDR_11973,2.0,1.0,0.0,1.0,2.0,50554625.0,35607806.0,1.0,0.0,0.0,False,0.5,2.0,PROBABLE
LPT-12752.corp.local,1.0,0.0,0.0,1.0,1.0,24819643.22,10769455.0,1.0,0.0,0.0,False,0.0,1.0,PROBABLE
LPT-12539.corp.local,1.0,0.0,0.0,0.0,1.0,30080417.0,21506800.0,0.0,0.0,0.0,False,0.0,1.0,PROBABLE
WS_12623,1.0,0.0,0.0,1.0,0.0,48370965.0,24526192.64,1.0,0.0,0.0,False,0.0,1.0,PROBABLE
LPT-10447,9.0,2.0,0.0,4.0,5.0,249732857.26,179030451.48,9.0,0.0,0.0,True,0.2222222222222222,9.0,EXACT
WS-12660,4.0,2.0,0.0,0.0,3.0,35144107.06,86038025.88,2.0,5.0,1.0,True,0.5,9.0,EXACT
lpt-10968,2.0,1.0,0.0,1.0,0.0,55822837.22,50576052.64,2.0,0.0,0.0,False,0.5,2.0,PROBABLE
lpt-11751,2.0,1.0,1.0,1.0,0.0,56967127.22,57505536.64,2.0,0.0,0.0,False,0.5,2.0,PROBABLE
VDR_11388,1.0,0.0,0.0,0.0,0.0,30125461.0,24526192.64,1.0,0.0,0.0,False,0.0,1.0,PROBABLE
VDR-12847,8.0,0.0,0.0,5.0,2.0,109149542.53999999,207972035.32,8.0,3.0,0.0,True,0.0,11.0,EXACT
LPT-12927,8.0,4.0,0.0,6.0,5.0,204965663.0,184891001.52,5.0,1.0,0.0,True,0.5,9.0,EXACT
lpt-11970,3.0,0.0,0.0,1.0,2.0,85592908.22,79418927.0,3.0,0.0,0.0,False,0.0,3.0,PROBABLE
LPT_10364,1.0,0.0,0.0,0.0,0.0,30276927.0,24526192.64,1.0,0.0,0.0,False,0.0,1.0,PROBABLE
LPT_12641,1.0,0.0,0.0,0.0,1.0,10177261.0,24526192.64,1.0,0.0,0.0,False,0.0,1.0,PROBABLE
WS-11496.,0.0,0.0,0.0,0.0,0.0,0.0,0.0,0.0,0.0,0.0,True,0.0,0.0,EXACT
VDR-12882,9.0,1.0,0.0,1.0,6.0,219009780.36,229796277.92,6.0,2.0,0.0,True,0.1111111111111111,11.0,EXACT
VDR-11727,3.0,0.0,0.0,2.0,1.0,60474629.8,80591483.64,2.0,4.0,0.0,True,0.0,7.0,EXACT
WS_10027,2.0,0.0,0.0,0.0,1.0,70683247.0,35441720.24,2.0,0.0,0.0,False,0.0,2.0,PROBABLE
LPT-12575.,0.0,0.0,0.0,0.0,0.0,0.0,0.0,0.0,0.0,0.0,True,0.0,0.0,EXACT
LPT-11190.corp.local,2.0,1.0,0.0,1.0,1.0,66632627.0,40897921.64,2.0,0.0,0.0,False,0.5,2.0,PROBABLE
VDR-12152,2.0,0.0,0.0,2.0,1.0,21883617.0,40480650.24,1.0,2.0,0.0,False,0.0,4.0,PROBABLE
LPT-11208,8.0,2.0,2.0,4.0,5.0,230038621.98,257274302.28,6.0,1.0,0.0,True,0.25,9.0,EXACT
VDR-10072,3.0,1.0,0.0,2.0,3.0,76632410.44,89964112.64,3.0,2.0,1.0,True,0.3333333333333333,5.0,EXACT
vdr-12748,1.0,0.0,0.0,0.0,1.0,44501574.0,24526192.64,1.0,0.0,0.0,False,0.0,1.0,PROBABLE
VDR-12590,7.0,2.0,4.0,5.0,4.0,189529411.66,128205090.92,6.0,1.0,0.0,False,0.2857142857142857,8.0,PROBABLE
LPT_11414,1.0,0.0,1.0,0.0,1.0,24819643.22,37373466.0,1.0,0.0,0.0,False,0.0,1.0,PROBABLE
WS-10391,9.0,2.0,0.0,7.0,3.0,165102469.66,180832914.56,8.0,1.0,0.0,True,0.2222222222222222,10.0,EXACT
LPT-11526,8.0,0.0,0.0,3.0,2.0,251956125.22,192060599.6,7.0,3.0,1.0,True,0.0,11.0,EXACT
VDR-11350.corp.local,1.0,1.0,0.0,1.0,1.0,24819643.22,24526192.64,1.0,0.0,0.0,False,1.0,1.0,PROBABLE
vdr-12286,2.0,0.0,0.0,1.0,0.0,52521749.6,78727365.0,2.0,0.0,0.0,False,0.0,2.0,PROBABLE
ws-12290,2.0,1.0,0.0,1.0,2.0,75605207.96000001,25178977.0,2.0,0.0,0.0,False,0.5,2.0,PROBABLE
vdr-10768,1.0,1.0,0.0,1.0,0.0,24819643.22,19072094.0,1.0,0.0,0.0,False,1.0,1.0,PROBABLE
vdr-12276,1.0,0.0,0.0,0.0,1.0,12414328.0,5505024.0,1.0,0.0,0.0,False,0.0,1.0,PROBABLE
VDR_12157,1.0,0.0,0.0,0.0,0.0,24819643.22,24526192.64,1.0,0.0,0.0,False,0.0,1.0,PROBABLE
vdr-12453,2.0,0.0,0.0,1.0,1.0,44547354.22,40474018.08,2.0,0.0,0.0,False,0.0,2.0,PROBABLE
WS-11713.corp.local,1.0,0.0,0.0,1.0,1.0,9070845.0,26885488.64,1.0,0.0,0.0,False,0.0,1.0,PROBABLE
LPT-11664,5.0,2.0,1.0,5.0,3.0,118008226.44,87604934.24000001,3.0,2.0,0.0,True,0.4,7.0,EXACT
lpt-12429,1.0,1.0,0.0,0.0,1.0,24819643.22,15052662.0,1.0,0.0,0.0,False,1.0,1.0,PROBABLE
LPT-10447.corp.local,1.0,0.0,0.0,1.0,0.0,39941017.0,21132970.0,1.0,0.0,0.0,False,0.0,1.0,PROBABLE
LPT-10463,6.0,4.0,0.0,3.0,3.0,144632286.44,180096913.56,5.0,5.0,0.0,True,0.6666666666666666,11.0,EXACT
ws-10394,2.0,1.0,1.0,0.0,1.0,74239071.06,26233363.0,2.0,0.0,0.0,False,0.5,2.0,PROBABLE
ws-10564,1.0,1.0,0.0,0.0,0.0,24819643.22,24526192.64,1.0,0.0,0.0,False,1.0,1.0,PROBABLE
LPT-12227,12.0,4.0,0.0,6.0,7.0,254195832.66,246129148.6,9.0,1.0,0.0,True,0.3333333333333333,13.0,EXACT
VDR-12814,8.0,0.0,0.0,2.0,3.0,207067824.42000002,164655544.07999998,7.0,6.0,0.0,True,0.0,14.0,EXACT
ws-10518,2.0,1.0,0.0,1.0,1.0,50887785.0,34916034.0,2.0,0.0,0.0,False,0.5,2.0,PROBABLE
VDR-11606,4.0,0.0,1.0,0.0,3.0,83180505.44,106086919.64,3.0,1.0,0.0,True,0.0,5.0,EXACT
VDR-11966.corp.local,2.0,1.0,0.0,1.0,0.0,46535567.22,5207818.2,2.0,0.0,0.0,False,0.5,2.0,PROBABLE
WS-10417.,0.0,0.0,0.0,0.0,0.0,0.0,0.0,0.0,0.0,0.0,True,0.0,0.0,EXACT
LPT_11673,1.0,0.0,0.0,1.0,0.0,24819643.22,24526192.64,1.0,0.0,0.0,False,0.0,1.0,PROBABLE
VDR_12405,1.0,0.0,0.0,0.0,1.0,15896412.16,5922322.0,1.0,0.0,0.0,False,0.0,1.0,PROBABLE
WS-12267.corp.local,2.0,0.0,1.0,2.0,1.0,51121832.0,67221354.0,1.0,0.0,0.0,False,0.0,2.0,PROBABLE
WS-10841,8.0,3.0,1.0,4.0,3.0,212826164.4,211939490.28,7.0,4.0,0.0,True,0.375,12.0,EXACT
vdr-10767,1.0,0.0,0.0,0.0,0.0,24819643.22,42018933.0,1.0,0.0,0.0,False,0.0,1.0,PROBABLE
vdr-11976,1.0,0.0,0.0,0.0,0.0,16073448.0,24526192.64,0.0,0.0,0.0,False,0.0,1.0,PROBABLE
WS-10911,6.0,1.0,0.0,5.0,3.0,147928357.36,153348607.28,6.0,2.0,0.0,True,0.16666666666666666,8.0,EXACT
ws-10643,3.0,1.0,0.0,1.0,2.0,79356080.98,62444583.92,2.0,0.0,0.0,False,0.3333333333333333,3.0,PROBABLE
VDR-11047.,0.0,0.0,0.0,0.0,0.0,0.0,0.0,0.0,0.0,0.0,True,0.0,0.0,EXACT
LPT-11870,18.0,3.0,0.0,12.0,11.0,456759409.0,483633655.4,17.0,1.0,0.0,False,0.16666666666666666,19.0,PROBABLE
LPT_12754,1.0,0.0,0.0,0.0,0.0,11223906.0,24526192.64,1.0,0.0,0.0,False,0.0,1.0,PROBABLE
LPT-10210,5.0,2.0,1.0,3.0,3.0,148751827.4,118641632.92,5.0,2.0,0.0,False,0.4,7.0,PROBABLE
VDR-11433,8.0,2.0,1.0,5.0,2.0,195819730.1,176142404.76,7.0,6.0,0.0,False,0.25,14.0,PROBABLE
LPT-10948,8.0,2.0,0.0,1.0,5.0,191545257.44,162050713.92000002,7.0,2.0,1.0,True,0.25,10.0,EXACT
lpt-12056,2.0,0.0,0.0,1.0,1.0,54254099.12,40227609.0,2.0,0.0,0.0,False,0.0,2.0,PROBABLE
ws-10105,1.0,0.0,0.0,0.0,1.0,36952879.0,22762643.0,1.0,0.0,0.0,False,0.0,1.0,PROBABLE
WS-12623,8.0,1.0,0.0,3.0,2.0,221250327.32,207871995.92000002,7.0,2.0,0.0,True,0.125,10.0,EXACT
VDR-12173,6.0,1.0,1.0,3.0,2.0,152218495.44,106382201.92,5.0,1.0,0.0,False,0.16666666666666666,7.0,PROBABLE
WS-10568,6.0,0.0,0.0,1.0,1.0,152160947.22,194695329.28,5.0,2.0,0.0,True,0.0,8.0,EXACT
LPT-10205,6.0,1.0,0.0,3.0,4.0,136302253.44,120287433.64,6.0,0.0,0.0,True,0.16666666666666666,6.0,EXACT
VDR_10328,1.0,0.0,0.0,0.0,0.0,11642001.0,2021477.0,1.0,0.0,0.0,False,0.0,1.0,PROBABLE
VDR_12934,2.0,1.0,0.0,0.0,1.0,41560562.36,31974048.64,1.0,0.0,0.0,False,0.5,2.0,PROBABLE
WS_12908,1.0,0.0,0.0,1.0,0.0,31573698.56,24526192.64,1.0,0.0,0.0,False,0.0,1.0,PROBABLE
ws-11262,2.0,2.0,0.0,2.0,1.0,45271650.22,30761478.64,2.0,0.0,0.0,False,1.0,2.0,PROBABLE
vdr-12156,3.0,0.0,0.0,2.0,1.0,54322032.36,36300238.68,2.0,0.0,0.0,False,0.0,3.0,PROBABLE
LPT-12481.corp.local,2.0,0.0,0.0,2.0,1.0,25837710.48,31610786.0,1.0,0.0,0.0,False,0.0,2.0,PROBABLE
VDR-12130,12.0,4.0,3.0,7.0,7.0,331658936.44,291124248.96000004,10.0,0.0,0.0,True,0.3333333333333333,12.0,EXACT
WS-11737,10.0,1.0,1.0,2.0,4.0,228765028.76,292023295.16,8.0,2.0,0.0,True,0.1,12.0,EXACT
VDR-11449.,0.0,0.0,0.0,0.0,0.0,0.0,0.0,0.0,0.0,0.0,True,0.0,0.0,EXACT
vdr-12656,2.0,0.0,0.0,0.0,0.0,81427616.24000001,9435183.0,1.0,0.0,0.0,False,0.0,2.0,PROBABLE
WS_10730,1.0,1.0,1.0,0.0,0.0,24953072.0,40240317.0,0.0,0.0,0.0,False,1.0,1.0,PROBABLE
VDR-12922,7.0,0.0,1.0,3.0,3.0,177848346.51999998,205767263.92000002,5.0,1.0,0.0,True,0.0,8.0,EXACT
WS-11829,5.0,2.0,0.0,1.0,0.0,103877946.8,161109767.64,5.0,2.0,0.0,False,0.4,7.0,PROBABLE
WS_10468,2.0,0.0,0.0,1.0,0.0,61446402.9,48433725.44,2.0,0.0,0.0,False,0.0,2.0,PROBABLE
LPT_12708,1.0,0.0,0.0,0.0,1.0,4661805.0,45539899.0,1.0,0.0,0.0,False,0.0,1.0,PROBABLE
WS-11724,8.0,2.0,2.0,5.0,3.0,243792864.34,170529912.6,5.0,4.0,1.0,True,0.25,12.0,EXACT
WS-11223.corp.local,1.0,1.0,0.0,1.0,1.0,38071841.0,24526192.64,1.0,0.0,0.0,False,1.0,1.0,PROBABLE
WS-11791,12.0,2.0,0.0,5.0,8.0,270376906.48,322456665.52,10.0,0.0,0.0,True,0.16666666666666666,12.0,EXACT
WS-12406,8.0,1.0,0.0,4.0,5.0,222604831.74,209848824.28,6.0,3.0,0.0,True,0.125,11.0,EXACT
VDR-11771,10.0,1.0,0.0,5.0,8.0,257279151.02,223586838.88,9.0,4.0,0.0,True,0.1,14.0,EXACT
WS-12262.corp.local,2.0,0.0,0.0,2.0,1.0,37855310.12,49052385.28,2.0,0.0,0.0,False,0.0,2.0,PROBABLE
LPT-10986,8.0,1.0,1.0,6.0,3.0,193801763.22,176194637.68,7.0,2.0,1.0,True,0.125,10.0,EXACT
VDR-11976,10.0,2.0,0.0,5.0,6.0,229222868.0,205423533.44,8.0,3.0,0.0,False,0.2,13.0,PROBABLE
VDR-10523.corp.local,2.0,0.0,0.0,1.0,1.0,56993121.0,17662374.4,2.0,0.0,0.0,False,0.0,2.0,PROBABLE
LPT-12421,5.0,1.0,1.0,4.0,3.0,111717351.44,88761979.28,4.0,0.0,0.0,True,0.2,5.0,EXACT
WS_12264,1.0,1.0,0.0,1.0,0.0,10982795.0,24526192.64,1.0,0.0,0.0,False,1.0,1.0,PROBABLE
ws-12556,3.0,2.0,1.0,1.0,2.0,66762683.22,71971494.0,3.0,0.0,0.0,False,0.6666666666666666,3.0,PROBABLE
vdr-11720,2.0,0.0,0.0,1.0,0.0,67243651.22,45467571.64,1.0,0.0,0.0,False,0.0,2.0,PROBABLE
ws-10190,4.0,0.0,1.0,2.0,1.0,97769718.22,66129592.0,4.0,0.0,0.0,False,0.0,4.0,PROBABLE
VDR-10523,7.0,1.0,1.0,4.0,1.0,146561819.0,203145259.88,5.0,1.0,0.0,True,0.14285714285714285,8.0,EXACT
LPT-11183.,0.0,0.0,0.0,0.0,0.0,0.0,0.0,0.0,0.0,0.0,True,0.0,0.0,EXACT
WS-12255,3.0,0.0,0.0,1.0,1.0,114101239.4,59689494.08,2.0,2.0,0.0,True,0.0,5.0,EXACT
VDR-10196.,0.0,0.0,0.0,0.0,0.0,0.0,0.0,0.0,0.0,0.0,True,0.0,0.0,EXACT
VDR-12379,5.0,0.0,2.0,5.0,1.0,160406237.22,162778666.28,5.0,0.0,0.0,False,0.0,5.0,PROBABLE
VDR-10158,4.0,1.0,0.0,0.0,2.0,70476926.4,108514498.96000001,3.0,2.0,0.0,True,0.25,6.0,EXACT
LPT-11151,6.0,0.0,0.0,4.0,1.0,205126765.66,134128325.56,4.0,1.0,0.0,True,0.0,7.0,EXACT
LPT-12826.corp.local,1.0,0.0,0.0,0.0,1.0,43745627.0,20898119.68,1.0,0.0,0.0,False,0.0,1.0,PROBABLE
WS-10105,6.0,2.0,0.0,3.0,4.0,149880736.66,158588938.56,5.0,3.0,0.0,True,0.3333333333333333,9.0,EXACT
VDR-12400.corp.local,1.0,0.0,0.0,0.0,1.0,13862174.72,24526192.64,1.0,0.0,0.0,False,0.0,1.0,PROBABLE
VDR-12490,2.0,0.0,0.0,1.0,1.0,29929562.16,25658654.72,2.0,2.0,0.0,True,0.0,4.0,EXACT
VDR-12758,7.0,2.0,3.0,4.0,3.0,166761061.34,173978879.28,5.0,1.0,0.0,True,0.2857142857142857,8.0,EXACT
WS-12944,8.0,2.0,1.0,4.0,1.0,176810745.22,228847928.6,7.0,3.0,1.0,True,0.25,11.0,EXACT
WS_10513,2.0,2.0,0.0,1.0,1.0,30293057.22,51284918.0,2.0,0.0,0.0,False,1.0,2.0,PROBABLE
VDR-10166,8.0,3.0,0.0,4.0,3.0,169806258.24,196759458.16,7.0,1.0,0.0,False,0.375,9.0,PROBABLE
VDR_12499,3.0,0.0,0.0,2.0,2.0,80389457.7,79438655.64,1.0,0.0,0.0,False,0.0,3.0,PROBABLE
VDR-12423,4.0,1.0,0.0,2.0,2.0,109775410.44,88291635.64,4.0,1.0,0.0,True,0.25,5.0,EXACT
lpt-10114,1.0,0.0,1.0,0.0,1.0,24819643.22,24526192.64,1.0,0.0,0.0,False,0.0,1.0,PROBABLE
VDR-11201.,0.0,0.0,0.0,0.0,0.0,0.0,0.0,0.0,0.0,0.0,True,0.0,0.0,EXACT
LPT-10475,2.0,1.0,0.0,1.0,0.0,57687792.88,64445977.0,2.0,2.0,1.0,False,0.5,4.0,PROBABLE
VDR-11697.corp.local,1.0,0.0,0.0,1.0,1.0,33158012.0,30897170.0,1.0,0.0,0.0,False,0.0,1.0,PROBABLE
ws-11135,3.0,1.0,1.0,1.0,1.0,113133692.22,98925507.8,2.0,0.0,0.0,False,0.3333333333333333,3.0,PROBABLE
WS_11621,2.0,1.0,0.0,1.0,2.0,28598776.0,49052385.28,2.0,0.0,0.0,False,0.5,2.0,PROBABLE
lpt-11114,1.0,0.0,0.0,0.0,0.0,20493362.0,19823956.0,1.0,0.0,0.0,False,0.0,1.0,PROBABLE
LPT_12635,1.0,0.0,0.0,1.0,1.0,20703600.0,3996650.0,1.0,0.0,0.0,False,0.0,1.0,PROBABLE
VDR-12388.corp.local,1.0,1.0,0.0,0.0,1.0,16995550.0,24526192.64,1.0,0.0,0.0,False,1.0,1.0,PROBABLE
VDR-10772.corp.local,2.0,2.0,0.0,1.0,1.0,36907174.28,70326783.64,1.0,0.0,0.0,False,1.0,2.0,PROBABLE
VDR-12173.corp.local,4.0,1.0,0.0,2.0,4.0,116454349.44,108195288.0,3.0,0.0,0.0,False,0.25,4.0,PROBABLE
VDR-11794,8.0,2.0,1.0,5.0,4.0,180681752.76,184084569.68,7.0,3.0,0.0,True,0.25,11.0,EXACT
WS_11948,1.0,0.0,0.0,1.0,0.0,32475459.0,28395773.0,1.0,0.0,0.0,False,0.0,1.0,PROBABLE
VDR_12458,1.0,0.0,0.0,0.0,0.0,24819643.22,39745484.8,1.0,0.0,0.0,False,0.0,1.0,PROBABLE
vdr-10759,2.0,0.0,0.0,0.0,1.0,40505138.0,70743439.0,1.0,0.0,0.0,False,0.0,2.0,PROBABLE
LPT_12001,2.0,0.0,0.0,1.0,1.0,66427138.9,41815470.64,1.0,0.0,0.0,False,0.0,2.0,PROBABLE
lpt-10560,2.0,1.0,1.0,0.0,1.0,33462475.0,67823047.64,2.0,0.0,0.0,False,0.5,2.0,PROBABLE
vdr-10762,2.0,0.0,0.0,1.0,2.0,66120321.22,83186353.0,2.0,0.0,0.0,False,0.0,2.0,PROBABLE
vdr-11921,1.0,0.0,0.0,0.0,1.0,45221403.0,40537794.56,1.0,0.0,0.0,False,0.0,1.0,PROBABLE
LPT-12322.corp.local,1.0,0.0,0.0,1.0,0.0,36856679.0,24526192.64,1.0,0.0,0.0,False,0.0,1.0,PROBABLE
LPT-12326.corp.local,1.0,0.0,0.0,0.0,1.0,47843379.2,22679099.0,1.0,0.0,0.0,False,0.0,1.0,PROBABLE
ws-12614,2.0,0.0,0.0,1.0,1.0,65114844.22,31802341.64,0.0,0.0,0.0,False,0.0,2.0,PROBABLE
VDR_10700,1.0,0.0,0.0,1.0,1.0,11766720.0,8939765.0,1.0,0.0,0.0,False,0.0,1.0,PROBABLE
lpt-11736,1.0,0.0,0.0,0.0,0.0,4196152.0,31221855.0,1.0,0.0,0.0,False,0.0,1.0,PROBABLE
WS-12529.corp.local,1.0,0.0,0.0,0.0,1.0,24819643.22,24526192.64,1.0,0.0,0.0,False,0.0,1.0,PROBABLE
WS-11260,5.0,2.0,0.0,3.0,4.0,143264155.44,68607453.64,4.0,5.0,0.0,False,0.4,10.0,PROBABLE
lpt-11257,2.0,0.0,0.0,1.0,0.0,25700533.22,73922558.64,2.0,0.0,0.0,False,0.0,2.0,PROBABLE
LPT-11866.corp.local,1.0,0.0,0.0,1.0,0.0,38647945.0,39439311.0,1.0,0.0,0.0,False,0.0,1.0,PROBABLE
VDR-12384.corp.local,1.0,0.0,0.0,1.0,0.0,24819643.22,8160681.0,1.0,0.0,0.0,False,0.0,1.0,PROBABLE
lpt-10563,1.0,0.0,0.0,0.0,0.0,17171880.0,4703146.0,1.0,0.0,0.0,False,0.0,1.0,PROBABLE
WS_10837,2.0,1.0,0.0,0.0,2.0,49639286.44,74338666.64,2.0,0.0,0.0,False,0.5,2.0,PROBABLE
lpt-10860,1.0,0.0,0.0,1.0,1.0,45298483.2,24526192.64,1.0,0.0,0.0,False,0.0,1.0,PROBABLE
ws-10727,1.0,0.0,0.0,1.0,0.0,24819643.22,24526192.64,1.0,0.0,0.0,False,0.0,1.0,PROBABLE
VDR-11042.corp.local,2.0,1.0,0.0,0.0,1.0,31992853.0,78571030.0,2.0,0.0,0.0,False,0.5,2.0,PROBABLE
ws-11372,1.0,1.0,0.0,1.0,0.0,7013842.0,24526192.64,1.0,0.0,0.0,False,1.0,1.0,PROBABLE
ws-11879,1.0,0.0,0.0,1.0,1.0,7205541.0,43020267.0,1.0,0.0,0.0,False,0.0,1.0,PROBABLE
ws-10635,1.0,1.0,0.0,1.0,0.0,36784117.0,24526192.64,0.0,0.0,0.0,False,1.0,1.0,PROBABLE
LPT-10708,5.0,2.0,1.0,2.0,3.0,150218880.84,165947539.0,4.0,3.0,2.0,True,0.4,8.0,EXACT
WS-11682.corp.local,1.0,0.0,0.0,0.0,1.0,17986428.0,24526192.64,0.0,0.0,0.0,False,0.0,1.0,PROBABLE
LPT_12116,1.0,0.0,0.0,0.0,1.0,10278417.0,27825145.0,1.0,0.0,0.0,False,0.0,1.0,PROBABLE
VDR_11586,2.0,1.0,1.0,0.0,1.0,21207480.32,38472569.64,2.0,0.0,0.0,False,0.5,2.0,PROBABLE
WS-10486,4.0,1.0,0.0,4.0,3.0,91624077.44,63686128.32,4.0,7.0,1.0,True,0.25,11.0,EXACT
WS-10908.corp.local,1.0,0.0,0.0,0.0,0.0,24819643.22,4164354.0,1.0,0.0,0.0,False,0.0,1.0,PROBABLE
VDR-11214.corp.local,1.0,0.0,0.0,0.0,0.0,24819643.22,15520288.0,0.0,0.0,0.0,False,0.0,1.0,PROBABLE
WS-12244.,0.0,0.0,0.0,0.0,0.0,0.0,0.0,0.0,0.0,0.0,True,0.0,0.0,EXACT
vdr-11586,1.0,0.0,1.0,1.0,0.0,27314326.0,28890839.0,1.0,0.0,0.0,False,0.0,1.0,PROBABLE
WS-10803.corp.local,3.0,1.0,0.0,2.0,2.0,98353463.44,121798014.64,3.0,0.0,0.0,False,0.3333333333333333,3.0,PROBABLE
VDR_11846,1.0,0.0,0.0,0.0,1.0,27516867.0,24526192.64,0.0,0.0,0.0,False,0.0,1.0,PROBABLE
vdr-10703,1.0,1.0,0.0,0.0,0.0,24819643.22,32542371.84,1.0,0.0,0.0,False,1.0,1.0,PROBABLE
LPT-12842,4.0,1.0,1.0,3.0,2.0,76009401.0,93197320.28,4.0,2.0,0.0,True,0.25,6.0,EXACT
VDR-11653,6.0,2.0,0.0,4.0,3.0,152851606.6,175373766.88,6.0,2.0,0.0,True,0.3333333333333333,8.0,EXACT
vdr-12771,1.0,0.0,0.0,0.0,1.0,19353713.0,42253293.0,1.0,0.0,0.0,False,0.0,1.0,PROBABLE
VDR-10559.corp.local,3.0,1.0,0.0,0.0,2.0,64695494.22,47222739.64,3.0,0.0,0.0,False,0.3333333333333333,3.0,PROBABLE
vdr-12282,3.0,0.0,0.0,2.0,1.0,94450993.22,76411748.64,2.0,0.0,0.0,False,0.0,3.0,PROBABLE
lpt-11998,3.0,0.0,0.0,1.0,2.0,93711227.44,57669489.0,3.0,0.0,0.0,False,0.0,3.0,PROBABLE
VDR-12168,14.0,4.0,2.0,11.0,8.0,337802752.76,358070679.44,13.0,4.0,1.0,False,0.2857142857142857,18.0,PROBABLE
WS_11248,1.0,0.0,0.0,1.0,0.0,37847797.76,44112174.0,1.0,0.0,0.0,False,0.0,1.0,PROBABLE
lpt-11678,1.0,0.0,0.0,1.0,0.0,42530242.56,10464788.48,1.0,0.0,0.0,False,0.0,1.0,PROBABLE
WS-12623.corp.local,1.0,0.0,0.0,0.0,1.0,19359308.0,42678077.0,1.0,0.0,0.0,False,0.0,1.0,PROBABLE
VDR_10677,1.0,0.0,0.0,0.0,0.0,10726769.0,24526192.64,0.0,0.0,0.0,False,0.0,1.0,PROBABLE
vdr-10723,2.0,1.0,0.0,2.0,1.0,43735519.22,49052385.28,2.0,0.0,0.0,False,0.5,2.0,PROBABLE
lpt-10986,1.0,1.0,0.0,0.0,1.0,34896505.0,20767777.0,1.0,0.0,0.0,False,1.0,1.0,PROBABLE
VDR_12777,1.0,0.0,0.0,1.0,0.0,28016720.0,16629870.0,1.0,0.0,0.0,False,0.0,1.0,PROBABLE
WS-11533,9.0,3.0,0.0,6.0,5.0,237929970.86,209175895.07999998,9.0,2.0,0.0,True,0.3333333333333333,11.0,EXACT
LPT-10398,5.0,0.0,1.0,2.0,2.0,131282751.47999999,79559516.04,3.0,4.0,0.0,True,0.0,9.0,EXACT
LPT-11740,5.0,1.0,0.0,3.0,1.0,118796061.22,180585132.28,4.0,2.0,0.0,True,0.2,7.0,EXACT
VDR-10648,6.0,3.0,0.0,4.0,4.0,142625463.66,128839049.08,6.0,0.0,0.0,True,0.5,6.0,EXACT
VDR-12441,3.0,1.0,0.0,1.0,2.0,79078979.22,80156563.64,3.0,1.0,0.0,True,0.3333333333333333,4.0,EXACT
VDR-11215,8.0,2.0,0.0,5.0,3.0,224096847.6,239947148.56,5.0,0.0,0.0,True,0.25,8.0,EXACT
LPT-10198.corp.local,1.0,0.0,0.0,1.0,0.0,16074354.0,24526192.64,0.0,0.0,0.0,False,0.0,1.0,PROBABLE
LPT-10634.corp.local,1.0,0.0,1.0,0.0,0.0,24819643.22,24526192.64,1.0,0.0,0.0,False,0.0,1.0,PROBABLE
lpt-12998,1.0,0.0,0.0,0.0,1.0,17896286.0,39315616.0,1.0,0.0,0.0,False,0.0,1.0,PROBABLE
VDR-10807,9.0,3.0,0.0,7.0,5.0,212825245.84,156423710.28,8.0,3.0,0.0,True,0.3333333333333333,12.0,EXACT
VDR-11268,6.0,2.0,0.0,5.0,3.0,168415389.45999998,180009563.48000002,6.0,1.0,0.0,True,0.3333333333333333,7.0,EXACT
vdr-10847,3.0,1.0,0.0,3.0,0.0,64903473.44,60160710.64,3.0,0.0,0.0,False,0.3333333333333333,3.0,PROBABLE
VDR-11255,9.0,4.0,0.0,6.0,6.0,157931026.3,203836602.92000002,8.0,1.0,0.0,False,0.4444444444444444,10.0,PROBABLE
vdr-11167,3.0,0.0,0.0,2.0,3.0,62311117.0,56727202.44,3.0,0.0,0.0,False,0.0,3.0,PROBABLE
WS_12232,1.0,1.0,0.0,1.0,1.0,22458920.0,48668925.0,1.0,0.0,0.0,False,1.0,1.0,PROBABLE
WS_11051,2.0,1.0,0.0,1.0,1.0,41635041.22,39119716.36,2.0,0.0,0.0,False,0.5,2.0,PROBABLE
VDR-12284.corp.local,2.0,0.0,1.0,1.0,1.0,27225447.22,61883317.64,2.0,0.0,0.0,False,0.0,2.0,PROBABLE
WS_11803,2.0,0.0,0.0,0.0,0.0,59978762.239999995,31670581.64,2.0,0.0,0.0,False,0.0,2.0,PROBABLE
VDR-10226,7.0,1.0,1.0,3.0,3.0,175975790.08,170509303.44,6.0,2.0,0.0,True,0.14285714285714285,9.0,EXACT
WS-10824.corp.local,2.0,0.0,0.0,1.0,1.0,52755651.84,49052385.28,2.0,0.0,0.0,False,0.0,2.0,PROBABLE
LPT-11399,4.0,1.0,1.0,1.0,2.0,123995344.66,98973158.28,3.0,5.0,1.0,True,0.25,9.0,EXACT
LPT-11572.corp.local,1.0,0.0,0.0,0.0,1.0,24819643.22,6543970.0,1.0,0.0,0.0,False,0.0,1.0,PROBABLE
lpt-12585,3.0,0.0,0.0,2.0,2.0,64270808.0,90428116.28,1.0,0.0,0.0,False,0.0,3.0,PROBABLE
LPT-11052.,0.0,0.0,0.0,0.0,0.0,0.0,0.0,0.0,0.0,0.0,True,0.0,0.0,EXACT
VDR-12906,4.0,0.0,0.0,2.0,0.0,86599494.14,93481443.0,4.0,2.0,1.0,True,0.0,6.0,EXACT
VDR-11421.,0.0,0.0,0.0,0.0,0.0,0.0,0.0,0.0,0.0,0.0,True,0.0,0.0,EXACT
vdr-10807,1.0,0.0,1.0,0.0,0.0,184157.0,24526192.64,1.0,0.0,0.0,False,0.0,1.0,PROBABLE
VDR-12894,9.0,4.0,1.0,6.0,4.0,215050052.86,247116624.56,6.0,2.0,0.0,True,0.4444444444444444,11.0,EXACT
WS-10059,6.0,2.0,0.0,2.0,1.0,189373681.66,103500876.96000001,5.0,2.0,0.0,True,0.3333333333333333,8.0,EXACT
WS-11654.corp.local,1.0,0.0,0.0,1.0,0.0,6752327.68,24526192.64,1.0,0.0,0.0,False,0.0,1.0,PROBABLE
VDR-10096,5.0,0.0,0.0,1.0,2.0,127648346.66,166615749.64,4.0,7.0,0.0,True,0.0,12.0,EXACT
VDR-11596.corp.local,2.0,1.0,0.0,1.0,2.0,54930285.0,84837703.68,1.0,0.0,0.0,False,0.5,2.0,PROBABLE
vdr-12269,1.0,0.0,0.0,1.0,0.0,48563707.0,794646.0,1.0,0.0,0.0,False,0.0,1.0,PROBABLE
LPT_12574,2.0,1.0,1.0,1.0,0.0,74797904.0,68626799.0,2.0,0.0,0.0,False,0.5,2.0,PROBABLE
LPT-12704,7.0,0.0,0.0,1.0,2.0,222654075.98,163722052.2,6.0,2.0,0.0,True,0.0,9.0,EXACT
WS-10564,6.0,2.0,0.0,1.0,3.0,150448556.66,146631114.0,5.0,2.0,1.0,False,0.3333333333333333,8.0,PROBABLE
LPT-12429,5.0,1.0,0.0,2.0,2.0,109689171.44,165370274.28,3.0,7.0,0.0,True,0.2,12.0,EXACT
LPT-10100,4.0,0.0,0.0,3.0,2.0,78495511.66,61455235.92,2.0,7.0,0.0,True,0.0,11.0,EXACT
WS-11228,6.0,2.0,1.0,2.0,2.0,177023279.94,132260879.64,6.0,1.0,0.0,False,0.3333333333333333,7.0,PROBABLE
WS-11873.corp.local,1.0,1.0,1.0,0.0,1.0,31304468.48,14352472.0,0.0,0.0,0.0,False,1.0,1.0,PROBABLE
lpt-10883,1.0,1.0,0.0,1.0,0.0,14274360.0,27846858.0,1.0,0.0,0.0,False,1.0,1.0,PROBABLE
WS-11852,8.0,1.0,0.0,7.0,3.0,247798929.88,132512558.2,7.0,3.0,0.0,True,0.125,11.0,EXACT
LPT-12263.corp.local,1.0,0.0,0.0,1.0,0.0,36560500.0,27084718.08,1.0,0.0,0.0,False,0.0,1.0,PROBABLE
WS-11313,9.0,1.0,1.0,3.0,5.0,177964548.44,257810982.16,8.0,2.0,1.0,True,0.1111111111111111,11.0,EXACT
LPT-10479,5.0,3.0,0.0,4.0,3.0,153361219.26,169939464.0,5.0,3.0,0.0,True,0.6,8.0,EXACT
vdr-12934,2.0,0.0,0.0,1.0,1.0,49994999.0,63517423.92,2.0,0.0,0.0,False,0.0,2.0,PROBABLE
vdr-11669,3.0,0.0,0.0,2.0,2.0,111131516.22,97873795.28,2.0,0.0,0.0,False,0.0,3.0,PROBABLE
WS-10195,6.0,2.0,0.0,4.0,2.0,90924480.1,165811873.92000002,3.0,2.0,0.0,True,0.3333333333333333,8.0,EXACT
VDR-12251,7.0,1.0,1.0,2.0,5.0,203843088.04000002,168727047.16,6.0,1.0,0.0,True,0.14285714285714285,8.0,EXACT
LPT-11800,8.0,3.0,0.0,2.0,4.0,221748673.68,179821077.64,8.0,0.0,0.0,True,0.375,8.0,EXACT
ws-10392,2.0,0.0,0.0,2.0,2.0,76656018.08,51490895.0,2.0,0.0,0.0,False,0.0,2.0,PROBABLE
ws-11198,1.0,0.0,0.0,1.0,1.0,24819643.22,41409137.0,0.0,0.0,0.0,False,0.0,1.0,PROBABLE
vdr-11773,2.0,0.0,0.0,1.0,2.0,67897422.0,65184522.64,1.0,0.0,0.0,False,0.0,2.0,PROBABLE
lpt-12425,1.0,0.0,1.0,1.0,0.0,24819643.22,24526192.64,1.0,0.0,0.0,False,0.0,1.0,PROBABLE
lpt-12714,1.0,1.0,0.0,1.0,1.0,23391917.0,24526192.64,1.0,0.0,0.0,False,1.0,1.0,PROBABLE
VDR-12836,4.0,0.0,0.0,2.0,2.0,132313926.42,82028781.92,4.0,3.0,0.0,True,0.0,7.0,EXACT
lpt-10141,2.0,0.0,0.0,1.0,2.0,26298438.22,85528724.0,2.0,0.0,0.0,False,0.0,2.0,PROBABLE
ws-12546,2.0,0.0,1.0,1.0,1.0,45506884.22,27022498.64,1.0,0.0,0.0,False,0.0,2.0,PROBABLE
WS_12736,2.0,0.0,0.0,1.0,0.0,35861148.5,33553292.52,2.0,0.0,0.0,False,0.0,2.0,PROBABLE
lpt-12722,1.0,0.0,0.0,0.0,0.0,18125468.0,9063408.0,1.0,0.0,0.0,False,0.0,1.0,PROBABLE
VDR-12013.corp.local,1.0,1.0,0.0,1.0,1.0,8715929.6,36217815.04,0.0,0.0,0.0,False,1.0,1.0,PROBABLE
LPT_12697,1.0,1.0,0.0,0.0,1.0,20397300.0,14469368.0,1.0,0.0,0.0,False,1.0,1.0,PROBABLE
lpt-10129,2.0,1.0,0.0,2.0,0.0,58031770.0,62399457.64,2.0,0.0,0.0,False,0.5,2.0,PROBABLE
VDR-10776,5.0,0.0,0.0,1.0,2.0,114138665.44,126265884.52000001,4.0,5.0,1.0,True,0.0,10.0,EXACT
VDR_12775,1.0,0.0,0.0,0.0,1.0,24819643.22,6515465.0,1.0,0.0,0.0,False,0.0,1.0,PROBABLE
WS-12923.corp.local,3.0,1.0,0.0,3.0,0.0,76575042.22,57665975.64,2.0,0.0,0.0,False,0.3333333333333333,3.0,PROBABLE
VDR-10033.corp.local,1.0,0.0,0.0,1.0,1.0,25825766.0,33330194.0,1.0,0.0,0.0,False,0.0,1.0,PROBABLE
WS_10958,1.0,0.0,0.0,0.0,0.0,24819643.22,30311766.0,1.0,0.0,0.0,False,0.0,1.0,PROBABLE
ws-11776,3.0,2.0,1.0,1.0,2.0,71594702.44,59837079.8,2.0,0.0,0.0,False,0.6666666666666666,3.0,PROBABLE
VDR-12126,7.0,1.0,0.0,2.0,2.0,168652091.88,182285178.4,5.0,1.0,0.0,True,0.14285714285714285,8.0,EXACT
VDR-11929,11.0,2.0,0.0,6.0,7.0,297766374.44,315328705.2,11.0,4.0,1.0,True,0.18181818181818182,15.0,EXACT
VDR-10601,7.0,0.0,0.0,5.0,3.0,129285753.66,135312272.76,6.0,2.0,0.0,True,0.0,9.0,EXACT
WS_10433,1.0,0.0,0.0,0.0,0.0,48838960.0,49777817.6,1.0,0.0,0.0,False,0.0,1.0,PROBABLE
lpt-11337,2.0,1.0,0.0,1.0,1.0,41726203.56,53822456.0,2.0,0.0,0.0,False,0.5,2.0,PROBABLE
WS-12037.corp.local,1.0,0.0,0.0,1.0,1.0,24819643.22,30968883.0,0.0,0.0,0.0,False,0.0,1.0,PROBABLE
LPT-12947.corp.local,2.0,0.0,1.0,1.0,2.0,32778335.06,54891558.64,1.0,0.0,0.0,False,0.0,2.0,PROBABLE
vdr-12627,1.0,0.0,0.0,1.0,0.0,36553035.0,24526192.64,1.0,0.0,0.0,False,0.0,1.0,PROBABLE
VDR_10071,2.0,2.0,0.0,1.0,1.0,38844362.0,18308261.0,1.0,0.0,0.0,False,1.0,2.0,PROBABLE
LPT_12612,1.0,0.0,0.0,0.0,1.0,24819643.22,14780334.08,1.0,0.0,0.0,False,0.0,1.0,PROBABLE
VDR-12844.corp.local,1.0,0.0,0.0,0.0,1.0,1232970.0,37859191.0,1.0,0.0,0.0,False,0.0,1.0,PROBABLE
WS-11441.corp.local,3.0,1.0,0.0,2.0,1.0,50819542.0,82026007.03999999,2.0,0.0,0.0,False,0.3333333333333333,3.0,PROBABLE
VDR-11001.corp.local,1.0,1.0,0.0,0.0,1.0,24819643.22,24526192.64,1.0,0.0,0.0,False,1.0,1.0,PROBABLE
VDR-12771,18.0,6.0,2.0,8.0,14.0,472834159.74,463518230.48,16.0,1.0,0.0,True,0.3333333333333333,19.0,EXACT
LPT-12239.,0.0,0.0,0.0,0.0,0.0,0.0,0.0,0.0,0.0,0.0,True,0.0,0.0,EXACT
VDR-12040.corp.local,2.0,1.0,0.0,1.0,2.0,83276496.28,41020000.64,2.0,0.0,0.0,False,0.5,2.0,PROBABLE
LPT-11164.corp.local,1.0,0.0,0.0,0.0,1.0,6168370.0,4295242.0,1.0,0.0,0.0,False,0.0,1.0,PROBABLE
VDR_12453,1.0,0.0,0.0,0.0,1.0,15810322.0,24351375.36,1.0,0.0,0.0,False,0.0,1.0,PROBABLE
LPT-12719,11.0,4.0,1.0,5.0,2.0,326033510.88,335396706.56,11.0,2.0,0.0,True,0.36363636363636365,13.0,EXACT
VDR-11874.corp.local,1.0,0.0,0.0,1.0,1.0,9699920.0,21803778.0,0.0,0.0,0.0,False,0.0,1.0,PROBABLE
LPT-12474,3.0,0.0,0.0,2.0,1.0,82788504.4,28375220.04,3.0,5.0,0.0,True,0.0,8.0,EXACT
VDR-11774,7.0,2.0,0.0,4.0,3.0,204966978.01999998,172105721.2,6.0,4.0,0.0,True,0.2857142857142857,11.0,EXACT
lpt-12088,1.0,0.0,0.0,1.0,0.0,26219902.0,24526192.64,0.0,0.0,0.0,False,0.0,1.0,PROBABLE
LPT-12329,8.0,4.0,1.0,4.0,6.0,214211994.56,198331656.8,5.0,3.0,1.0,True,0.5,11.0,EXACT
LPT-11816,6.0,3.0,1.0,2.0,5.0,132339983.66,128269373.08,6.0,2.0,1.0,True,0.5,8.0,EXACT
lpt-12086,1.0,0.0,0.0,1.0,1.0,15970683.0,17804944.0,1.0,0.0,0.0,False,0.0,1.0,PROBABLE
VDR_11082,1.0,0.0,0.0,0.0,1.0,24819643.22,47402853.0,1.0,0.0,0.0,False,0.0,1.0,PROBABLE
vdr-11157,2.0,0.0,0.0,2.0,2.0,35759722.12,28857997.2,2.0,0.0,0.0,False,0.0,2.0,PROBABLE
vdr-11328,3.0,0.0,1.0,1.0,1.0,100818045.22,118860071.04,1.0,0.0,0.0,False,0.0,3.0,PROBABLE
vdr-10020,3.0,2.0,1.0,0.0,1.0,66920473.66,43492826.64,3.0,0.0,0.0,False,0.6666666666666666,3.0,PROBABLE
WS_10261,1.0,0.0,0.0,0.0,0.0,45445072.0,24526192.64,1.0,0.0,0.0,False,0.0,1.0,PROBABLE
lpt-12702,3.0,0.0,0.0,1.0,3.0,74458929.66,83701444.96000001,1.0,0.0,0.0,False,0.0,3.0,PROBABLE
LPT-12643.,0.0,0.0,0.0,0.0,0.0,0.0,0.0,0.0,0.0,0.0,True,0.0,0.0,EXACT
WS-12433.corp.local,3.0,1.0,0.0,2.0,3.0,85526835.6,53667612.64,3.0,0.0,0.0,False,0.3333333333333333,3.0,PROBABLE
VDR-12948.corp.local,1.0,0.0,0.0,0.0,1.0,24819643.22,33086118.0,1.0,0.0,0.0,False,0.0,1.0,PROBABLE
LPT-12100,7.0,0.0,0.0,3.0,2.0,199984840.0,165523592.68,6.0,2.0,0.0,True,0.0,9.0,EXACT
VDR-10335,8.0,0.0,1.0,8.0,4.0,266502630.62,170076398.0,7.0,2.0,0.0,True,0.0,10.0,EXACT
WS-12028,3.0,1.0,2.0,1.0,0.0,72389338.44,55371932.0,3.0,2.0,0.0,True,0.3333333333333333,5.0,EXACT
WS-11355,7.0,2.0,1.0,5.0,4.0,183924717.54,166637590.92000002,5.0,1.0,0.0,True,0.2857142857142857,8.0,EXACT
VDR_10481,1.0,1.0,0.0,0.0,1.0,1695848.0,48972469.0,1.0,0.0,0.0,False,1.0,1.0,PROBABLE
lpt-12080,1.0,1.0,0.0,0.0,0.0,24819643.22,41421084.0,1.0,0.0,0.0,False,1.0,1.0,PROBABLE
VDR-10044.corp.local,1.0,0.0,0.0,0.0,1.0,24819643.22,24526192.64,1.0,0.0,0.0,False,0.0,1.0,PROBABLE
LPT-10834,7.0,4.0,1.0,3.0,3.0,177738897.26,139833922.2,7.0,1.0,0.0,True,0.5714285714285714,8.0,EXACT
VDR-11872.corp.local,1.0,1.0,0.0,1.0,0.0,38391255.0,12615219.0,0.0,0.0,0.0,False,1.0,1.0,PROBABLE
LPT_11138,2.0,1.0,0.0,1.0,0.0,43106578.72,31851511.0,2.0,0.0,0.0,False,0.5,2.0,PROBABLE
VDR-11507,8.0,3.0,0.0,5.0,5.0,209459538.45999998,199310022.28,7.0,5.0,1.0,True,0.375,13.0,EXACT
VDR_10465,2.0,1.0,0.0,1.0,0.0,63094054.0,26910947.64,2.0,0.0,0.0,False,0.5,2.0,PROBABLE
WS-10531,3.0,1.0,0.0,1.0,3.0,108049239.88,107972915.08,2.0,3.0,0.0,True,0.3333333333333333,6.0,EXACT
VDR-10907.,0.0,0.0,0.0,0.0,0.0,0.0,0.0,0.0,0.0,0.0,True,0.0,0.0,EXACT
LPT-11887.,0.0,0.0,0.0,0.0,0.0,0.0,0.0,0.0,0.0,0.0,True,0.0,0.0,EXACT
vdr-10166,1.0,0.0,0.0,0.0,1.0,41132392.0,24337448.96,1.0,0.0,0.0,False,0.0,1.0,PROBABLE
lpt-12402,1.0,0.0,0.0,1.0,1.0,45494146.0,22904179.0,1.0,0.0,0.0,False,0.0,1.0,PROBABLE
ws-12072,2.0,0.0,0.0,1.0,2.0,29572240.0,69496487.84,2.0,0.0,0.0,False,0.0,2.0,PROBABLE
LPT-10204.corp.local,2.0,1.0,0.0,1.0,2.0,65201930.22,65691554.64,1.0,0.0,0.0,False,0.5,2.0,PROBABLE
WS-12908,6.0,0.0,0.0,6.0,3.0,92712536.66,131746214.92,5.0,3.0,0.0,False,0.0,9.0,PROBABLE
WS-10471,9.0,2.0,1.0,4.0,6.0,224844941.57999998,183756561.68,8.0,2.0,0.0,True,0.2222222222222222,11.0,EXACT
lpt-11055,3.0,0.0,0.0,1.0,2.0,45778663.82,120105257.0,3.0,0.0,0.0,False,0.0,3.0,PROBABLE
WS-11141.corp.local,1.0,0.0,0.0,0.0,1.0,28960735.0,24526192.64,1.0,0.0,0.0,False,0.0,1.0,PROBABLE
vdr-12806,4.0,0.0,0.0,1.0,0.0,102605749.22,57952605.64,3.0,0.0,0.0,False,0.0,4.0,PROBABLE
LPT_10972,3.0,0.0,0.0,2.0,2.0,92842469.44,96119484.0,1.0,0.0,0.0,False,0.0,3.0,PROBABLE
VDR-11729,7.0,2.0,0.0,5.0,2.0,173178844.66,155226269.6,7.0,1.0,0.0,True,0.2857142857142857,8.0,EXACT
LPT-11604,8.0,2.0,0.0,4.0,6.0,192437917.98,221506695.28,7.0,4.0,0.0,True,0.25,12.0,EXACT
VDR-12152.,0.0,0.0,0.0,0.0,0.0,0.0,0.0,0.0,0.0,0.0,True,0.0,0.0,EXACT
lpt-11034,1.0,1.0,0.0,0.0,0.0,13813319.68,24526192.64,1.0,0.0,0.0,False,1.0,1.0,PROBABLE
LPT-10972,5.0,0.0,0.0,1.0,3.0,136936827.22,159167445.64,5.0,1.0,0.0,True,0.0,6.0,EXACT
VDR-10613.corp.local,1.0,1.0,0.0,1.0,0.0,30961855.0,2998927.36,1.0,0.0,0.0,False,1.0,1.0,PROBABLE
VDR-10667.corp.local,1.0,0.0,0.0,0.0,1.0,29556920.32,35918315.52,1.0,0.0,0.0,False,0.0,1.0,PROBABLE
WS-10368.corp.local,1.0,1.0,0.0,1.0,1.0,1214361.0,8121950.0,1.0,0.0,0.0,False,1.0,1.0,PROBABLE
WS-11819,6.0,1.0,1.0,3.0,4.0,148403338.66,140702772.07999998,4.0,2.0,0.0,True,0.16666666666666666,8.0,EXACT
LPT-10987,9.0,3.0,0.0,5.0,4.0,181738598.38,192000111.48000002,7.0,2.0,1.0,True,0.3333333333333333,11.0,EXACT
WS_12987,1.0,0.0,0.0,0.0,0.0,22708798.0,3230583.0,1.0,0.0,0.0,False,0.0,1.0,PROBABLE
VDR-10835,4.0,0.0,0.0,2.0,1.0,82457179.02,76310311.28,3.0,2.0,0.0,False,0.0,6.0,PROBABLE
VDR-10622,5.0,2.0,0.0,3.0,1.0,139445520.66,88343768.64,5.0,4.0,0.0,False,0.4,9.0,PROBABLE
VDR_10791,1.0,0.0,0.0,1.0,1.0,40482535.0,24526192.64,1.0,0.0,0.0,False,0.0,1.0,PROBABLE
LPT-10944.corp.local,2.0,1.0,0.0,1.0,2.0,26180115.22,60267428.0,2.0,0.0,0.0,False,0.5,2.0,PROBABLE
WS-10720,11.0,3.0,1.0,5.0,6.0,294374958.84,261984253.48,10.0,1.0,0.0,True,0.2727272727272727,12.0,EXACT
LPT_10306,1.0,1.0,0.0,0.0,0.0,24819643.22,44967321.6,1.0,0.0,0.0,False,1.0,1.0,PROBABLE
WS-12898,4.0,0.0,0.0,3.0,2.0,67878592.18,121660529.64,4.0,4.0,1.0,True,0.0,8.0,EXACT
LPT-10853.,0.0,0.0,0.0,0.0,0.0,0.0,0.0,0.0,0.0,0.0,True,0.0,0.0,EXACT
lpt-12616,3.0,1.0,0.0,2.0,3.0,43104613.32,86397950.72,3.0,0.0,0.0,False,0.3333333333333333,3.0,PROBABLE
VDR-11251.corp.local,2.0,2.0,0.0,1.0,1.0,49639286.44,53189783.64,1.0,0.0,0.0,False,1.0,2.0,PROBABLE
VDR-11518,6.0,0.0,1.0,4.0,1.0,193055826.22,189679397.4,4.0,3.0,1.0,True,0.0,9.0,EXACT
ws-10433,1.0,1.0,0.0,1.0,1.0,24819643.22,20239421.0,1.0,0.0,0.0,False,1.0,1.0,PROBABLE
WS_11814,1.0,1.0,0.0,0.0,0.0,41632706.56,36268271.0,1.0,0.0,0.0,False,1.0,1.0,PROBABLE
lpt-12644,2.0,1.0,0.0,2.0,2.0,67975468.22,16776699.52,1.0,0.0,0.0,False,0.5,2.0,PROBABLE
ws-12166,1.0,0.0,0.0,1.0,1.0,31141882.0,21125551.0,1.0,0.0,0.0,False,0.0,1.0,PROBABLE
VDR-12770,5.0,1.0,0.0,3.0,3.0,94310179.46,217555087.84,4.0,2.0,0.0,True,0.2,7.0,EXACT
WS_10189,1.0,0.0,0.0,1.0,0.0,21795797.0,23821717.0,1.0,0.0,0.0,False,0.0,1.0,PROBABLE
lpt-11259,2.0,1.0,0.0,0.0,1.0,61100471.22,51464760.64,1.0,0.0,0.0,False,0.5,2.0,PROBABLE
LPT-12132,9.0,3.0,0.0,6.0,8.0,246573795.9,185594085.4,7.0,0.0,0.0,True,0.3333333333333333,9.0,EXACT
VDR-11045,5.0,1.0,0.0,3.0,3.0,153425513.54,121081259.28,4.0,1.0,0.0,True,0.2,6.0,EXACT
WS-12680,5.0,2.0,0.0,3.0,3.0,92832262.22,108646124.03999999,4.0,2.0,1.0,True,0.4,7.0,EXACT
LPT-10131,9.0,3.0,2.0,4.0,5.0,206447845.66,253104430.76,8.0,1.0,1.0,True,0.3333333333333333,10.0,EXACT
WS-11233.corp.local,1.0,1.0,0.0,0.0,1.0,15269737.0,25082838.0,1.0,0.0,0.0,False,1.0,1.0,PROBABLE
LPT_11337,1.0,0.0,0.0,0.0,1.0,24819643.22,42667539.0,1.0,0.0,0.0,False,0.0,1.0,PROBABLE
VDR_12897,2.0,1.0,0.0,1.0,1.0,33365537.619999997,40695234.56,2.0,0.0,0.0,False,0.5,2.0,PROBABLE
WS_11132,2.0,0.0,0.0,2.0,1.0,73623947.0,49052385.28,2.0,0.0,0.0,False,0.0,2.0,PROBABLE
ws-12346,3.0,1.0,1.0,1.0,1.0,71291079.22,61636799.28,0.0,0.0,0.0,False,0.3333333333333333,3.0,PROBABLE
vdr-10559,2.0,0.0,0.0,1.0,1.0,31104474.22,36588747.0,1.0,0.0,0.0,False,0.0,2.0,PROBABLE
WS_11441,2.0,0.0,0.0,2.0,2.0,64584043.22,69770424.64,2.0,0.0,0.0,False,0.0,2.0,PROBABLE
LPT-10797.corp.local,1.0,1.0,0.0,0.0,0.0,24819643.22,22200890.0,1.0,0.0,0.0,False,1.0,1.0,PROBABLE
WS-10461,5.0,2.0,1.0,3.0,2.0,156083051.78,128170465.28,4.0,4.0,0.0,False,0.4,9.0,PROBABLE
VDR-12058,13.0,3.0,0.0,9.0,6.0,315978469.74,297713370.8,9.0,2.0,2.0,True,0.23076923076923078,15.0,EXACT
WS-12093.corp.local,1.0,0.0,0.0,0.0,0.0,41347788.8,5592709.0,1.0,0.0,0.0,False,0.0,1.0,PROBABLE
VDR-10020,4.0,1.0,0.0,2.0,3.0,119987893.0,112019233.64,3.0,2.0,0.0,True,0.25,6.0,EXACT
LPT_10981,3.0,1.0,0.0,2.0,3.0,42933895.379999995,73460078.64,3.0,0.0,0.0,False,0.3333333333333333,3.0,PROBABLE
ws-10422,1.0,0.0,0.0,1.0,0.0,24819643.22,14355005.44,1.0,0.0,0.0,False,0.0,1.0,PROBABLE
lpt-11097,2.0,0.0,0.0,0.0,0.0,74735567.0,41164349.64,2.0,0.0,0.0,False,0.0,2.0,PROBABLE
VDR-10621.corp.local,1.0,0.0,0.0,1.0,0.0,46656214.0,989634.56,1.0,0.0,0.0,False,0.0,1.0,PROBABLE
WS-11975,3.0,0.0,0.0,1.0,3.0,66698934.44,73578577.92,2.0,2.0,0.0,True,0.0,5.0,EXACT
VDR-11249.corp.local,1.0,0.0,0.0,1.0,1.0,30009367.0,15809707.0,1.0,0.0,0.0,False,0.0,1.0,PROBABLE
ws-10211,5.0,4.0,1.0,2.0,2.0,178676425.76,138210689.28,4.0,0.0,0.0,False,0.8,5.0,PROBABLE
ws-12944,1.0,0.0,0.0,1.0,0.0,4166179.0,644956.16,1.0,0.0,0.0,False,0.0,1.0,PROBABLE
VDR_11214,1.0,0.0,0.0,1.0,0.0,14859432.0,24526192.64,1.0,0.0,0.0,False,0.0,1.0,PROBABLE
lpt-12946,1.0,0.0,0.0,0.0,1.0,24819643.22,44568561.0,1.0,0.0,0.0,False,0.0,1.0,PROBABLE
LPT-10745,5.0,0.0,0.0,1.0,1.0,111613858.3,77404432.24,5.0,6.0,0.0,True,0.0,11.0,EXACT
VDR-10146,8.0,0.0,3.0,3.0,4.0,209995001.44,207900255.48000002,6.0,3.0,0.0,True,0.0,11.0,EXACT
vdr-12725,1.0,0.0,0.0,1.0,0.0,22993065.0,37350328.32,0.0,0.0,0.0,False,0.0,1.0,PROBABLE
LPT-12675,6.0,2.0,0.0,1.0,3.0,149679892.5,122165293.36,4.0,0.0,0.0,True,0.3333333333333333,6.0,EXACT
WS-11749,6.0,2.0,0.0,3.0,1.0,138790501.94,135907635.12,6.0,6.0,0.0,True,0.3333333333333333,12.0,EXACT
WS_10686,2.0,0.0,0.0,1.0,0.0,40047196.16,60501298.64,2.0,0.0,0.0,False,0.0,2.0,PROBABLE
WS_12188,2.0,1.0,0.0,0.0,1.0,57151477.22,22215063.0,2.0,0.0,0.0,False,0.5,2.0,PROBABLE
VDR-11375,6.0,1.0,0.0,4.0,4.0,195155583.78,143493798.96,5.0,5.0,0.0,False,0.16666666666666666,11.0,PROBABLE
VDR-11861.corp.local,1.0,1.0,0.0,1.0,1.0,24819643.22,24526192.64,1.0,0.0,0.0,False,1.0,1.0,PROBABLE
ws-10370,1.0,0.0,0.0,0.0,1.0,24819643.22,44092620.8,1.0,0.0,0.0,False,0.0,1.0,PROBABLE
WS-10652.corp.local,2.0,0.0,0.0,2.0,2.0,57625755.22,64827904.0,1.0,0.0,0.0,False,0.0,2.0,PROBABLE
VDR-10744.,0.0,0.0,0.0,0.0,0.0,0.0,0.0,0.0,0.0,0.0,True,0.0,0.0,EXACT
lpt-12300,2.0,0.0,0.0,0.0,1.0,49639286.44,49052385.28,2.0,0.0,0.0,False,0.0,2.0,PROBABLE
VDR-11877.corp.local,1.0,0.0,0.0,1.0,1.0,7778276.0,28685809.0,1.0,0.0,0.0,False,0.0,1.0,PROBABLE
WS-12996,8.0,2.0,2.0,5.0,5.0,154915139.62,163390802.2,6.0,3.0,0.0,True,0.25,11.0,EXACT
VDR-12861,6.0,3.0,2.0,0.0,5.0,136634738.34,182988575.28,6.0,3.0,0.0,True,0.5,9.0,EXACT
VDR_11697,1.0,1.0,1.0,1.0,0.0,3779104.0,49965724.0,1.0,0.0,0.0,False,1.0,1.0,PROBABLE
VDR_11277,1.0,0.0,0.0,0.0,0.0,32369022.0,47434639.36,1.0,0.0,0.0,False,0.0,1.0,PROBABLE
WS_10675,2.0,1.0,0.0,2.0,1.0,72916851.22,39591382.64,1.0,0.0,0.0,False,0.5,2.0,PROBABLE
LPT-11875,7.0,2.0,1.0,6.0,2.0,138973874.22,177077765.28,6.0,4.0,0.0,True,0.2857142857142857,11.0,EXACT
VDR-10168.corp.local,2.0,1.0,0.0,1.0,2.0,86581726.03999999,34404146.64,2.0,0.0,0.0,False,0.5,2.0,PROBABLE
WS-12496,6.0,2.0,0.0,3.0,2.0,138579604.64,202006859.84,4.0,0.0,0.0,True,0.3333333333333333,6.0,EXACT
ws-10998,1.0,0.0,0.0,1.0,1.0,21714347.0,38759335.0,1.0,0.0,0.0,False,0.0,1.0,PROBABLE
vdr-11585,1.0,1.0,1.0,0.0,0.0,24819643.22,37543284.0,1.0,0.0,0.0,False,1.0,1.0,PROBABLE
VDR-11589,5.0,2.0,2.0,1.0,3.0,147174231.1,129447930.56,4.0,2.0,1.0,True,0.4,7.0,EXACT
ws-10604,1.0,1.0,0.0,1.0,0.0,24819643.22,13664999.0,1.0,0.0,0.0,False,1.0,1.0,PROBABLE
LPT-12735,8.0,1.0,0.0,2.0,6.0,171343046.22,229778745.56,7.0,2.0,0.0,True,0.125,10.0,EXACT
lpt-10120,2.0,1.0,0.0,1.0,1.0,49611663.36,67347751.64,2.0,0.0,0.0,False,0.5,2.0,PROBABLE
VDR_10929,1.0,0.0,1.0,1.0,0.0,47806243.0,7283685.0,1.0,0.0,0.0,False,0.0,1.0,PROBABLE
lpt-11539,1.0,0.0,0.0,0.0,0.0,9262983.0,46591604.0,1.0,0.0,0.0,False,0.0,1.0,PROBABLE
WS-12846.corp.local,1.0,0.0,0.0,0.0,1.0,23645388.8,27771586.56,1.0,0.0,0.0,False,0.0,1.0,PROBABLE
WS-12605,4.0,1.0,0.0,3.0,1.0,95438080.14,101521292.92,4.0,2.0,0.0,False,0.25,6.0,PROBABLE
vdr-10732,1.0,0.0,1.0,0.0,1.0,2721897.0,40351525.0,1.0,0.0,0.0,False,0.0,1.0,PROBABLE
lpt-11685,1.0,0.0,1.0,0.0,1.0,24819643.22,36152902.0,0.0,0.0,0.0,False,0.0,1.0,PROBABLE
WS-10749,6.0,0.0,0.0,2.0,2.0,186907550.44,147975578.6,5.0,3.0,0.0,True,0.0,9.0,EXACT
LPT_11983,1.0,0.0,0.0,1.0,1.0,24819643.22,3382887.0,0.0,0.0,0.0,False,0.0,1.0,PROBABLE
WS-10766.corp.local,1.0,0.0,0.0,0.0,0.0,24819643.22,42310041.6,1.0,0.0,0.0,False,0.0,1.0,PROBABLE
lpt-11303,3.0,0.0,0.0,0.0,3.0,99902846.68,86930063.28,2.0,0.0,0.0,False,0.0,3.0,PROBABLE
lpt-10011,1.0,0.0,0.0,1.0,0.0,32792252.0,24526192.64,1.0,0.0,0.0,False,0.0,1.0,PROBABLE
VDR-11417,8.0,4.0,0.0,3.0,6.0,179546161.85999998,172001308.96,8.0,3.0,0.0,True,0.5,11.0,EXACT
LPT_12690,1.0,0.0,0.0,0.0,1.0,24819643.22,4370848.0,1.0,0.0,0.0,False,0.0,1.0,PROBABLE
vdr-11118,1.0,0.0,0.0,0.0,0.0,2456114.0,24526192.64,1.0,0.0,0.0,False,0.0,1.0,PROBABLE
LPT-11831,4.0,1.0,0.0,2.0,4.0,112171637.0,98592833.28,2.0,2.0,1.0,True,0.25,6.0,EXACT
LPT-11005,3.0,0.0,0.0,0.0,3.0,79866129.24000001,51862448.64,2.0,4.0,0.0,True,0.0,7.0,EXACT
VDR-11754,7.0,3.0,1.0,4.0,4.0,187754675.56,131253291.12,7.0,4.0,0.0,True,0.42857142857142855,11.0,EXACT
VDR-10799,5.0,1.0,0.0,1.0,3.0,101774271.22,162670304.44,5.0,3.0,0.0,True,0.2,8.0,EXACT
VDR_11404,1.0,0.0,0.0,0.0,0.0,24819643.22,4677396.0,1.0,0.0,0.0,False,0.0,1.0,PROBABLE
LPT-11646,6.0,1.0,1.0,3.0,5.0,175772495.22,159152737.92000002,5.0,1.0,1.0,True,0.16666666666666666,7.0,EXACT
LPT_10670,1.0,0.0,0.0,0.0,0.0,24819643.22,44230379.52,0.0,0.0,0.0,False,0.0,1.0,PROBABLE
LPT-12792,7.0,0.0,0.0,4.0,0.0,166940760.24,144885653.12,4.0,4.0,0.0,False,0.0,11.0,PROBABLE
WS-11623.corp.local,1.0,0.0,0.0,1.0,0.0,25643620.0,24526192.64,1.0,0.0,0.0,False,0.0,1.0,PROBABLE
WS_12064,1.0,0.0,0.0,1.0,0.0,33135052.8,17881169.92,1.0,0.0,0.0,False,0.0,1.0,PROBABLE
LPT-11140.corp.local,2.0,0.0,0.0,1.0,2.0,49639286.44,69039158.4,2.0,0.0,0.0,False,0.0,2.0,PROBABLE
VDR-12484,2.0,0.0,0.0,1.0,2.0,37576009.22,30618240.64,2.0,2.0,1.0,True,0.0,4.0,EXACT
VDR-12154,4.0,2.0,0.0,2.0,1.0,108744317.98,80383836.16,3.0,2.0,0.0,True,0.5,6.0,EXACT
vdr-12464,2.0,2.0,0.0,2.0,1.0,74436232.02,53473779.64,2.0,0.0,0.0,False,1.0,2.0,PROBABLE
LPT-12355.corp.local,1.0,1.0,1.0,1.0,1.0,10514885.0,24526192.64,1.0,0.0,0.0,False,1.0,1.0,PROBABLE
VDR-12126.corp.local,1.0,0.0,0.0,1.0,0.0,24819643.22,36141453.0,0.0,0.0,0.0,False,0.0,1.0,PROBABLE
WS-11924.corp.local,1.0,0.0,0.0,0.0,1.0,21412414.0,12921569.28,1.0,0.0,0.0,False,0.0,1.0,PROBABLE
VDR-10140,5.0,1.0,1.0,1.0,1.0,102043949.88,135277331.92000002,5.0,0.0,0.0,True,0.2,5.0,EXACT
VDR_12832,1.0,1.0,0.0,1.0,0.0,44176506.88,24526192.64,1.0,0.0,0.0,False,1.0,1.0,PROBABLE
LPT-12699.corp.local,1.0,1.0,0.0,1.0,0.0,24819643.22,45901567.0,1.0,0.0,0.0,False,1.0,1.0,PROBABLE
vdr-12897,2.0,0.0,0.0,0.0,1.0,34152281.22,85058831.0,1.0,0.0,0.0,False,0.0,2.0,PROBABLE
LPT-12293,7.0,1.0,0.0,3.0,3.0,167343238.66,180800329.0,5.0,3.0,1.0,False,0.14285714285714285,10.0,PROBABLE
LPT_10141,1.0,1.0,0.0,1.0,1.0,24819643.22,24526192.64,0.0,0.0,0.0,False,1.0,1.0,PROBABLE
LPT-12429.corp.local,1.0,0.0,0.0,0.0,1.0,24819643.22,14640979.0,1.0,0.0,0.0,False,0.0,1.0,PROBABLE
vdr-11758,1.0,0.0,0.0,0.0,1.0,24819643.22,24526192.64,1.0,0.0,0.0,False,0.0,1.0,PROBABLE
WS-11553,8.0,1.0,0.0,5.0,7.0,180787281.85999998,184733862.96,6.0,2.0,0.0,False,0.125,10.0,PROBABLE
ws-12213,1.0,0.0,0.0,0.0,0.0,29405132.8,24526192.64,1.0,0.0,0.0,False,0.0,1.0,PROBABLE
lpt-10541,2.0,1.0,0.0,0.0,1.0,29946960.22,48997062.64,1.0,0.0,0.0,False,0.5,2.0,PROBABLE
ws-12812,2.0,0.0,0.0,2.0,2.0,64702263.0,43273810.64,2.0,0.0,0.0,False,0.0,2.0,PROBABLE
LPT-12769,6.0,0.0,0.0,3.0,2.0,165437211.1,165679340.48000002,6.0,3.0,1.0,True,0.0,9.0,EXACT
LPT-11174,5.0,0.0,1.0,3.0,4.0,107935123.6,119699349.12,4.0,2.0,1.0,True,0.0,7.0,EXACT
LPT_11257,1.0,0.0,0.0,0.0,1.0,24515689.0,24526192.64,1.0,0.0,0.0,False,0.0,1.0,PROBABLE
ws-12219,1.0,0.0,0.0,0.0,0.0,18432000.0,13275136.0,1.0,0.0,0.0,False,0.0,1.0,PROBABLE
VDR-12906.corp.local,1.0,1.0,0.0,0.0,0.0,28078479.0,26467527.0,1.0,0.0,0.0,False,1.0,1.0,PROBABLE
LPT-11983.corp.local,1.0,0.0,0.0,1.0,0.0,24819643.22,20239861.76,1.0,0.0,0.0,False,0.0,1.0,PROBABLE
WS-11022.corp.local,1.0,0.0,0.0,1.0,0.0,38168166.4,38397007.0,1.0,0.0,0.0,False,0.0,1.0,PROBABLE
VDR-12091.corp.local,1.0,1.0,0.0,1.0,0.0,37804887.0,44593714.0,1.0,0.0,0.0,False,1.0,1.0,PROBABLE
LPT_12628,2.0,1.0,0.0,1.0,1.0,27670122.22,29548251.64,1.0,0.0,0.0,False,0.5,2.0,PROBABLE
WS_10325,1.0,0.0,0.0,1.0,1.0,23907532.8,46493859.84,1.0,0.0,0.0,False,0.0,1.0,PROBABLE
LPT-11917.corp.local,3.0,1.0,0.0,0.0,2.0,57419384.0,64283718.64,2.0,0.0,0.0,False,0.3333333333333333,3.0,PROBABLE
WS-10878,7.0,2.0,1.0,5.0,3.0,141563573.22,158512521.28,6.0,7.0,1.0,True,0.2857142857142857,14.0,EXACT
LPT-12111,4.0,0.0,0.0,2.0,3.0,116567053.74,140638935.6,4.0,1.0,1.0,True,0.0,5.0,EXACT
ws-11442,2.0,2.0,0.0,0.0,2.0,41828575.22,75879851.44,2.0,0.0,0.0,False,1.0,2.0,PROBABLE
LPT-11721.corp.local,2.0,0.0,0.0,1.0,1.0,28946984.0,49052385.28,2.0,0.0,0.0,False,0.0,2.0,PROBABLE
lpt-10169,2.0,1.0,0.0,0.0,1.0,47458153.0,73379415.0,2.0,0.0,0.0,False,0.5,2.0,PROBABLE
VDR-12917,6.0,1.0,1.0,3.0,4.0,192444810.9,193096351.52,4.0,3.0,0.0,True,0.16666666666666666,9.0,EXACT
lpt-12528,2.0,0.0,0.0,1.0,2.0,75693803.36,43539392.08,2.0,0.0,0.0,False,0.0,2.0,PROBABLE
WS-12226.corp.local,2.0,0.0,0.0,1.0,2.0,44083665.36,22399698.0,2.0,0.0,0.0,False,0.0,2.0,PROBABLE
vdr-10342,2.0,0.0,0.0,1.0,0.0,32558086.22,28792828.64,2.0,0.0,0.0,False,0.0,2.0,PROBABLE
WS_11422,1.0,0.0,0.0,0.0,1.0,24819643.22,18819313.0,1.0,0.0,0.0,False,0.0,1.0,PROBABLE
WS_12398,1.0,0.0,0.0,1.0,1.0,15180214.0,6680422.0,0.0,0.0,0.0,False,0.0,1.0,PROBABLE
ws-12048,1.0,1.0,0.0,0.0,0.0,5858010.0,40231189.0,1.0,0.0,0.0,False,1.0,1.0,PROBABLE
lpt-12094,1.0,1.0,0.0,0.0,0.0,24819643.22,282632.0,1.0,0.0,0.0,False,1.0,1.0,PROBABLE
LPT-11446.corp.local,1.0,0.0,0.0,0.0,0.0,36592803.84,24526192.64,1.0,0.0,0.0,False,0.0,1.0,PROBABLE
VDR-10443,6.0,2.0,0.0,1.0,3.0,145192640.22,146254424.6,4.0,3.0,0.0,True,0.3333333333333333,9.0,EXACT
LPT_12315,2.0,0.0,0.0,1.0,0.0,28868034.0,37594091.56,2.0,0.0,0.0,False,0.0,2.0,PROBABLE
LPT_11085,2.0,2.0,0.0,1.0,2.0,29761758.22,51975024.64,2.0,0.0,0.0,False,1.0,2.0,PROBABLE
VDR_11821,1.0,1.0,0.0,0.0,1.0,5067586.0,49765416.96,1.0,0.0,0.0,False,1.0,1.0,PROBABLE
VDR-10795.corp.local,2.0,0.0,0.0,1.0,2.0,66592493.22,32639986.64,0.0,0.0,0.0,False,0.0,2.0,PROBABLE
LPT-11673,4.0,2.0,0.0,2.0,3.0,120975025.66,60218600.28,3.0,1.0,0.0,True,0.5,5.0,EXACT
ws-12445,3.0,1.0,0.0,1.0,1.0,55339323.480000004,71369292.32,2.0,0.0,0.0,False,0.3333333333333333,3.0,PROBABLE
lpt-11960,1.0,0.0,0.0,1.0,0.0,6318663.0,24526192.64,1.0,0.0,0.0,False,0.0,1.0,PROBABLE
VDR-10498,7.0,2.0,0.0,4.0,4.0,149313436.35999998,162382786.56,6.0,6.0,1.0,True,0.2857142857142857,13.0,EXACT
WS-10794,8.0,1.0,1.0,5.0,5.0,193469563.36,212390001.28,4.0,4.0,0.0,True,0.125,12.0,EXACT
LPT-10963,7.0,2.0,0.0,3.0,5.0,144567227.14,119872151.28,4.0,2.0,0.0,False,0.2857142857142857,9.0,PROBABLE
WS-10325.corp.local,1.0,0.0,0.0,0.0,1.0,24819643.22,49461504.0,1.0,0.0,0.0,False,0.0,1.0,PROBABLE
WS-10430,4.0,0.0,0.0,1.0,3.0,99278572.88,114979802.92,3.0,3.0,0.0,True,0.0,7.0,EXACT
VDR-11703.corp.local,1.0,0.0,0.0,1.0,1.0,49723473.92,24526192.64,1.0,0.0,0.0,False,0.0,1.0,PROBABLE
vdr-12832,1.0,0.0,0.0,0.0,0.0,21428178.0,33916601.0,0.0,0.0,0.0,False,0.0,1.0,PROBABLE
LPT_12199,1.0,1.0,0.0,1.0,1.0,4627399.0,220200.96,1.0,0.0,0.0,False,1.0,1.0,PROBABLE
WS-12084,5.0,2.0,0.0,4.0,2.0,122199223.66,127576867.76,5.0,0.0,0.0,True,0.4,5.0,EXACT
WS-12288,1.0,0.0,0.0,1.0,1.0,27012128.0,871483.0,1.0,3.0,0.0,True,0.0,4.0,EXACT
LPT-11903,7.0,2.0,2.0,4.0,3.0,205374185.01999998,158313138.88,7.0,1.0,0.0,True,0.2857142857142857,8.0,EXACT
LPT-12927.corp.local,1.0,0.0,0.0,1.0,1.0,42005954.56,12475336.0,1.0,0.0,0.0,False,0.0,1.0,PROBABLE
ws-10281,1.0,1.0,0.0,0.0,1.0,5679093.0,1834892.0,1.0,0.0,0.0,False,1.0,1.0,PROBABLE
ws-12162,1.0,0.0,0.0,1.0,0.0,703034.0,7075171.0,1.0,0.0,0.0,False,0.0,1.0,PROBABLE
LPT_11788,2.0,1.0,0.0,2.0,1.0,72412653.22,56166389.0,2.0,0.0,0.0,False,0.5,2.0,PROBABLE
WS-11172,9.0,3.0,0.0,4.0,5.0,238660907.7,270107120.04,9.0,5.0,0.0,True,0.3333333333333333,14.0,EXACT
LPT_10378,1.0,0.0,0.0,0.0,1.0,40304076.8,21717997.0,1.0,0.0,0.0,False,0.0,1.0,PROBABLE
ws-10967,1.0,0.0,0.0,1.0,1.0,24819643.22,39185285.12,1.0,0.0,0.0,False,0.0,1.0,PROBABLE
VDR_11910,1.0,1.0,0.0,1.0,1.0,36791258.0,24526192.64,0.0,0.0,0.0,False,1.0,1.0,PROBABLE
WS-11563,4.0,1.0,1.0,1.0,3.0,110632995.18,119207413.76,4.0,2.0,0.0,True,0.25,6.0,EXACT
VDR-11102,3.0,0.0,0.0,2.0,1.0,58897955.78,50802001.28,2.0,1.0,0.0,True,0.0,4.0,EXACT
LPT-12584,7.0,2.0,0.0,3.0,6.0,166195888.66,165701002.6,5.0,6.0,1.0,True,0.2857142857142857,13.0,EXACT
vdr-10361,3.0,0.0,0.0,2.0,2.0,46945604.0,52072425.28,3.0,0.0,0.0,False,0.0,3.0,PROBABLE
VDR-12241,7.0,1.0,0.0,5.0,2.0,156829217.62,168359667.2,6.0,2.0,0.0,True,0.14285714285714285,9.0,EXACT
ws-10704,1.0,0.0,0.0,1.0,1.0,24819643.22,28885279.0,1.0,0.0,0.0,False,0.0,1.0,PROBABLE
VDR-10462,7.0,1.0,1.0,3.0,4.0,167184912.66,169864101.64,4.0,5.0,0.0,True,0.14285714285714285,12.0,EXACT
WS-12356,11.0,3.0,1.0,7.0,7.0,261875226.24,228340335.92000002,8.0,5.0,0.0,True,0.2727272727272727,16.0,EXACT
vdr-11843,2.0,0.0,1.0,0.0,2.0,44366723.22,49052385.28,1.0,0.0,0.0,False,0.0,2.0,PROBABLE
LPT-11238.,0.0,0.0,0.0,0.0,0.0,0.0,0.0,0.0,0.0,0.0,True,0.0,0.0,EXACT
LPT-12001.corp.local,1.0,0.0,0.0,0.0,0.0,24819643.22,24526192.64,1.0,0.0,0.0,False,0.0,1.0,PROBABLE
WS_11313,3.0,0.0,2.0,2.0,2.0,85466554.0,70797173.28,3.0,0.0,0.0,False,0.0,3.0,PROBABLE
VDR-11267.corp.local,1.0,0.0,0.0,0.0,1.0,24819643.22,533292.0,1.0,0.0,0.0,False,0.0,1.0,PROBABLE
lpt-11005,2.0,0.0,0.0,1.0,1.0,49387557.22,65934875.760000005,2.0,0.0,0.0,False,0.0,2.0,PROBABLE
WS-12311.corp.local,1.0,0.0,0.0,0.0,1.0,39720058.88,12350989.0,1.0,0.0,0.0,False,0.0,1.0,PROBABLE
ws-10508,1.0,0.0,0.0,0.0,1.0,37130076.16,19871202.0,1.0,0.0,0.0,False,0.0,1.0,PROBABLE
WS-10836.corp.local,2.0,2.0,0.0,0.0,0.0,66105739.0,72925470.72,1.0,0.0,0.0,False,1.0,2.0,PROBABLE
LPT-11337,4.0,1.0,0.0,2.0,1.0,112053521.0,147851394.76,4.0,4.0,1.0,True,0.25,8.0,EXACT
WS-12845,5.0,2.0,0.0,2.0,1.0,122118739.44,90430930.72,5.0,2.0,0.0,False,0.4,7.0,PROBABLE
WS-12935,7.0,1.0,1.0,4.0,2.0,138137382.66,140841373.92000002,5.0,3.0,0.0,True,0.14285714285714285,10.0,EXACT
LPT-12939,7.0,0.0,0.0,4.0,2.0,151116510.45999998,138354946.56,4.0,4.0,0.0,True,0.0,11.0,EXACT
LPT_12530,1.0,1.0,1.0,0.0,0.0,24819643.22,30648094.72,0.0,0.0,0.0,False,1.0,1.0,PROBABLE
LPT-12440,13.0,3.0,3.0,9.0,5.0,317726263.3,351868668.28,10.0,5.0,0.0,True,0.23076923076923078,18.0,EXACT
vdr-12966,2.0,2.0,0.0,2.0,0.0,32320033.0,28475629.64,2.0,0.0,0.0,False,1.0,2.0,PROBABLE
VDR-11227.corp.local,1.0,0.0,0.0,0.0,1.0,11925621.0,8977891.0,1.0,0.0,0.0,False,0.0,1.0,PROBABLE
LPT-10384,6.0,0.0,0.0,3.0,5.0,194652218.44,155207580.28,6.0,2.0,1.0,True,0.0,8.0,EXACT
LPT_11101,1.0,0.0,0.0,0.0,1.0,24819643.22,24090361.0,1.0,0.0,0.0,False,0.0,1.0,PROBABLE
WS-11885.corp.local,3.0,0.0,0.0,1.0,1.0,64483757.22,56390663.64,3.0,0.0,0.0,False,0.0,3.0,PROBABLE
WS-10150.corp.local,1.0,1.0,0.0,1.0,0.0,10398188.0,16456014.0,1.0,0.0,0.0,False,1.0,1.0,PROBABLE
ws-12632,2.0,0.0,0.0,2.0,2.0,80742188.0,52916286.0,1.0,0.0,0.0,False,0.0,2.0,PROBABLE
WS-11076,15.0,3.0,2.0,8.0,7.0,340120301.91999996,303783299.48,11.0,4.0,1.0,False,0.2,19.0,PROBABLE
ws-10472,2.0,0.0,0.0,0.0,1.0,65133514.22,33312526.04,2.0,0.0,0.0,False,0.0,2.0,PROBABLE
vdr-12251,1.0,0.0,1.0,1.0,1.0,10244587.52,24526192.64,1.0,0.0,0.0,False,0.0,1.0,PROBABLE
LPT_10410,2.0,0.0,0.0,1.0,1.0,67063748.0,55377911.64,2.0,0.0,0.0,False,0.0,2.0,PROBABLE
LPT-11065,6.0,0.0,2.0,4.0,4.0,214261510.42000002,107922850.72,5.0,3.0,1.0,True,0.0,9.0,EXACT
WS-12599.corp.local,2.0,1.0,0.0,1.0,1.0,24796498.0,59268369.0,2.0,0.0,0.0,False,0.5,2.0,PROBABLE
LPT-11745,4.0,0.0,0.0,1.0,2.0,100012251.74,82614544.28,4.0,1.0,0.0,True,0.0,5.0,EXACT
lpt-11614,1.0,0.0,0.0,1.0,1.0,24819643.22,33951232.0,1.0,0.0,0.0,False,0.0,1.0,PROBABLE
WS-10819.corp.local,1.0,0.0,0.0,0.0,1.0,35459018.0,24526192.64,0.0,0.0,0.0,False,0.0,1.0,PROBABLE
LPT-12078,6.0,2.0,0.0,1.0,2.0,159251466.56,133726802.92,5.0,4.0,0.0,True,0.3333333333333333,10.0,EXACT
WS_10500,1.0,0.0,0.0,0.0,0.0,41237462.0,4395478.0,0.0,0.0,0.0,False,0.0,1.0,PROBABLE
VDR_12558,1.0,1.0,0.0,0.0,0.0,24819643.22,46251010.0,1.0,0.0,0.0,False,1.0,1.0,PROBABLE
WS-10276,7.0,1.0,0.0,4.0,4.0,212169715.44,139852954.04,6.0,3.0,0.0,True,0.14285714285714285,10.0,EXACT
WS-12120,7.0,0.0,1.0,2.0,6.0,163517714.64,161101578.0,6.0,3.0,0.0,True,0.0,10.0,EXACT
WS-12666,7.0,0.0,0.0,3.0,5.0,230508623.07999998,224399959.28,7.0,3.0,0.0,True,0.0,10.0,EXACT
WS-11968.corp.local,2.0,0.0,0.0,1.0,0.0,30369136.64,37896968.64,2.0,0.0,0.0,False,0.0,2.0,PROBABLE
LPT_10965,1.0,0.0,0.0,1.0,1.0,22777052.0,36918403.0,1.0,0.0,0.0,False,0.0,1.0,PROBABLE
vdr-10952,1.0,1.0,0.0,1.0,0.0,27779899.0,5457656.0,1.0,0.0,0.0,False,1.0,1.0,PROBABLE
lpt-11714,1.0,0.0,0.0,1.0,0.0,31663642.0,22087873.0,1.0,0.0,0.0,False,0.0,1.0,PROBABLE
vdr-10238,1.0,0.0,0.0,1.0,0.0,44306455.0,2298726.4,1.0,0.0,0.0,False,0.0,1.0,PROBABLE
VDR-11436,7.0,3.0,0.0,2.0,2.0,146965360.8,155921916.88,5.0,2.0,0.0,True,0.42857142857142855,9.0,EXACT
LPT-11960.corp.local,1.0,0.0,0.0,0.0,0.0,24819643.22,46495894.0,1.0,0.0,0.0,False,0.0,1.0,PROBABLE
vdr-12978,2.0,0.0,0.0,1.0,0.0,49639286.44,46857375.64,1.0,0.0,0.0,False,0.0,2.0,PROBABLE
vdr-11339,2.0,0.0,1.0,0.0,2.0,71236369.0,54200516.64,2.0,0.0,0.0,False,0.0,2.0,PROBABLE
lpt-10557,2.0,1.0,0.0,2.0,1.0,59269150.0,43030569.72,2.0,0.0,0.0,False,0.5,2.0,PROBABLE
vdr-10346,1.0,1.0,0.0,0.0,1.0,33718956.0,7633633.28,1.0,0.0,0.0,False,1.0,1.0,PROBABLE
WS-10827.,0.0,0.0,0.0,0.0,0.0,0.0,0.0,0.0,0.0,0.0,True,0.0,0.0,EXACT
vdr-10019,2.0,0.0,0.0,2.0,1.0,55254703.84,12932682.8,2.0,0.0,0.0,False,0.0,2.0,PROBABLE
WS-11535,8.0,0.0,0.0,3.0,3.0,248319212.12,171536004.92000002,5.0,1.0,0.0,True,0.0,9.0,EXACT
WS-11803,3.0,1.0,0.0,2.0,2.0,96007486.2,27182789.32,2.0,4.0,1.0,True,0.3333333333333333,7.0,EXACT
LPT_10275,2.0,0.0,0.0,0.0,1.0,28876167.22,49052385.28,0.0,0.0,0.0,False,0.0,2.0,PROBABLE
WS_10117,1.0,0.0,0.0,0.0,0.0,24609826.0,27362167.0,1.0,0.0,0.0,False,0.0,1.0,PROBABLE
ws-10697,1.0,0.0,0.0,1.0,1.0,24819643.22,11380905.0,1.0,0.0,0.0,False,0.0,1.0,PROBABLE
VDR-10165.corp.local,1.0,0.0,0.0,0.0,0.0,14279524.0,25880582.0,1.0,0.0,0.0,False,0.0,1.0,PROBABLE
lpt-10912,1.0,0.0,0.0,1.0,1.0,42293687.0,16169041.92,1.0,0.0,0.0,False,0.0,1.0,PROBABLE
LPT-11371,6.0,1.0,0.0,2.0,3.0,199551233.42000002,147363848.12,5.0,4.0,0.0,True,0.16666666666666666,10.0,EXACT
WS-10236.corp.local,1.0,0.0,0.0,0.0,0.0,20499060.0,47767303.0,1.0,0.0,0.0,False,0.0,1.0,PROBABLE
vdr-12216,1.0,0.0,0.0,0.0,0.0,30298364.0,24526192.64,1.0,0.0,0.0,False,0.0,1.0,PROBABLE
lpt-12143,2.0,0.0,0.0,0.0,0.0,32440319.22,35104675.0,1.0,0.0,0.0,False,0.0,2.0,PROBABLE
ws-12434,1.0,0.0,0.0,1.0,1.0,17144217.6,22823186.0,1.0,0.0,0.0,False,0.0,1.0,PROBABLE
vdr-12917,2.0,0.0,0.0,1.0,1.0,14657914.879999999,43137054.72,1.0,0.0,0.0,False,0.0,2.0,PROBABLE
vdr-11033,3.0,0.0,0.0,2.0,1.0,83375827.22,112291329.88,3.0,0.0,0.0,False,0.0,3.0,PROBABLE
VDR_11930,1.0,0.0,0.0,0.0,0.0,24819643.22,7786463.0,1.0,0.0,0.0,False,0.0,1.0,PROBABLE
WS-11269.corp.local,1.0,1.0,0.0,0.0,1.0,24770855.0,3146386.0,1.0,0.0,0.0,False,1.0,1.0,PROBABLE
lpt-10286,3.0,0.0,0.0,3.0,2.0,84007897.22,110360296.64,2.0,0.0,0.0,False,0.0,3.0,PROBABLE
WS-10943,8.0,2.0,0.0,4.0,3.0,201864311.36,192090687.56,8.0,3.0,1.0,True,0.25,11.0,EXACT
LPT-12860,4.0,1.0,1.0,3.0,1.0,124096266.44,106944005.28,3.0,1.0,0.0,True,0.25,5.0,EXACT
lpt-11428,1.0,0.0,0.0,1.0,1.0,6883822.0,23191381.0,1.0,0.0,0.0,False,0.0,1.0,PROBABLE
WS-11612.corp.local,3.0,0.0,0.0,0.0,1.0,43911600.980000004,114500027.64,3.0,0.0,0.0,False,0.0,3.0,PROBABLE
WS-10456,4.0,1.0,1.0,4.0,1.0,68290626.22,88677565.96000001,3.0,1.0,0.0,True,0.25,5.0,EXACT
LPT-11219,4.0,1.0,1.0,1.0,2.0,120521284.48,98426013.28,4.0,2.0,1.0,True,0.25,6.0,EXACT
lpt-12664,4.0,2.0,0.0,3.0,3.0,68922339.44,104984087.92,3.0,0.0,0.0,False,0.5,4.0,PROBABLE
vdr-12198,1.0,0.0,0.0,0.0,0.0,24819643.22,29277335.0,0.0,0.0,0.0,False,0.0,1.0,PROBABLE
WS-10649,5.0,1.0,0.0,3.0,3.0,136450504.5,123613524.92,4.0,1.0,0.0,True,0.2,6.0,EXACT
WS-10284.,0.0,0.0,0.0,0.0,0.0,0.0,0.0,0.0,0.0,0.0,True,0.0,0.0,EXACT
WS-10113.,0.0,0.0,0.0,0.0,0.0,0.0,0.0,0.0,0.0,0.0,True,0.0,0.0,EXACT
WS_10379,1.0,0.0,0.0,1.0,0.0,39217485.0,43420982.0,1.0,0.0,0.0,False,0.0,1.0,PROBABLE
lpt-12158,2.0,2.0,0.0,1.0,1.0,63138965.22,39568739.0,2.0,0.0,0.0,False,1.0,2.0,PROBABLE
lpt-10257,3.0,1.0,0.0,1.0,1.0,95453512.56,90584668.32,3.0,0.0,0.0,False,0.3333333333333333,3.0,PROBABLE
VDR-10503,9.0,2.0,2.0,1.0,5.0,316125981.58,252808882.56,8.0,2.0,0.0,True,0.2222222222222222,11.0,EXACT
LPT-12899,7.0,1.0,0.0,3.0,4.0,160494041.51999998,202511419.76,7.0,2.0,0.0,True,0.14285714285714285,9.0,EXACT
LPT-12339,6.0,2.0,1.0,4.0,6.0,135634399.22,162163448.56,6.0,1.0,0.0,True,0.3333333333333333,7.0,EXACT
WS-10784,6.0,0.0,1.0,2.0,4.0,107971786.25999999,164046086.04000002,5.0,5.0,0.0,True,0.0,11.0,EXACT
lpt-12098,1.0,1.0,0.0,0.0,1.0,18287969.0,44833333.0,0.0,0.0,0.0,False,1.0,1.0,PROBABLE
WS_10895,1.0,1.0,0.0,0.0,1.0,24819643.22,40653291.52,0.0,0.0,0.0,False,1.0,1.0,PROBABLE
LPT-12144,9.0,2.0,0.0,6.0,3.0,232785272.9,279943706.12,7.0,1.0,0.0,True,0.2222222222222222,10.0,EXACT
WS-11894.,0.0,0.0,0.0,0.0,0.0,0.0,0.0,0.0,0.0,0.0,True,0.0,0.0,EXACT
vdr-12875,1.0,0.0,0.0,1.0,1.0,45037536.0,9343685.0,1.0,0.0,0.0,False,0.0,1.0,PROBABLE
LPT-12766.corp.local,1.0,1.0,0.0,0.0,1.0,241172.48,15959326.72,1.0,0.0,0.0,False,1.0,1.0,PROBABLE
LPT_12399,1.0,0.0,0.0,0.0,1.0,48587976.0,24526192.64,1.0,0.0,0.0,False,0.0,1.0,PROBABLE
LPT-11202.corp.local,1.0,1.0,0.0,0.0,0.0,24819643.22,16725493.76,1.0,0.0,0.0,False,1.0,1.0,PROBABLE
VDR-11934,7.0,1.0,0.0,2.0,4.0,168995058.66,152753836.04,5.0,3.0,0.0,False,0.14285714285714285,10.0,PROBABLE
vdr-12362,1.0,0.0,0.0,1.0,0.0,37726047.0,42432512.0,1.0,0.0,0.0,False,0.0,1.0,PROBABLE
LPT_11825,1.0,1.0,0.0,1.0,0.0,39496912.0,24526192.64,1.0,0.0,0.0,False,1.0,1.0,PROBABLE
LPT-12670.corp.local,1.0,1.0,0.0,0.0,1.0,43037873.0,24841803.0,1.0,0.0,0.0,False,1.0,1.0,PROBABLE
WS-11828.corp.local,1.0,1.0,0.0,0.0,1.0,9373934.0,15530451.0,1.0,0.0,0.0,False,1.0,1.0,PROBABLE
lpt-10103,1.0,0.0,0.0,0.0,1.0,38751716.0,24526192.64,1.0,0.0,0.0,False,0.0,1.0,PROBABLE
LPT-12587.,0.0,0.0,0.0,0.0,0.0,0.0,0.0,0.0,0.0,0.0,True,0.0,0.0,EXACT
lpt-10630,1.0,0.0,0.0,0.0,0.0,24819643.22,36490444.8,1.0,0.0,0.0,False,0.0,1.0,PROBABLE
ws-12189,3.0,0.0,0.0,2.0,2.0,54846184.2,54187292.64,3.0,0.0,0.0,False,0.0,3.0,PROBABLE
lpt-11717,1.0,0.0,0.0,1.0,0.0,24819643.22,24526192.64,1.0,0.0,0.0,False,0.0,1.0,PROBABLE
vdr-12187,1.0,1.0,0.0,0.0,0.0,29042811.0,24526192.64,0.0,0.0,0.0,False,1.0,1.0,PROBABLE
LPT-11011,7.0,2.0,0.0,3.0,4.0,161319980.44,188349616.16,7.0,3.0,0.0,True,0.2857142857142857,10.0,EXACT
LPT-12462,6.0,2.0,0.0,0.0,4.0,101605080.58,119721983.0,3.0,3.0,0.0,False,0.3333333333333333,9.0,PROBABLE
WS-12606,8.0,4.0,2.0,4.0,4.0,181064113.42,230735335.4,7.0,6.0,1.0,True,0.5,14.0,EXACT
LPT-11683,7.0,2.0,1.0,5.0,3.0,214933967.0,176318264.0,4.0,9.0,0.0,True,0.2857142857142857,16.0,EXACT
lpt-11781,1.0,0.0,0.0,0.0,1.0,24819643.22,24526192.64,1.0,0.0,0.0,False,0.0,1.0,PROBABLE
VDR-11901,8.0,1.0,1.0,4.0,2.0,153201813.4,133551817.76,7.0,2.0,0.0,True,0.125,10.0,EXACT
WS-11760,8.0,2.0,0.0,4.0,3.0,198799484.07999998,213123068.48,7.0,1.0,1.0,True,0.25,9.0,EXACT
ws-11672,2.0,0.0,0.0,1.0,2.0,38608041.0,72671631.36,1.0,0.0,0.0,False,0.0,2.0,PROBABLE
vdr-10142,3.0,0.0,0.0,1.0,2.0,74115279.9,65596994.64,2.0,0.0,0.0,False,0.0,3.0,PROBABLE
WS-10973,6.0,1.0,0.0,4.0,3.0,160992800.94,195625765.28,4.0,1.0,0.0,True,0.16666666666666666,7.0,EXACT
vdr-11091,1.0,0.0,0.0,0.0,0.0,37980436.48,34197716.0,1.0,0.0,0.0,False,0.0,1.0,PROBABLE
WS-12449.corp.local,1.0,1.0,0.0,1.0,1.0,17934031.0,40596074.0,1.0,0.0,0.0,False,1.0,1.0,PROBABLE
VDR-12141.corp.local,1.0,1.0,0.0,1.0,0.0,24819643.22,24526192.64,1.0,0.0,0.0,False,1.0,1.0,PROBABLE
lpt-11162,1.0,0.0,0.0,0.0,1.0,24819643.22,245942.0,1.0,0.0,0.0,False,0.0,1.0,PROBABLE
LPT_12424,3.0,1.0,0.0,1.0,0.0,53519603.88,62065212.08,2.0,0.0,0.0,False,0.3333333333333333,3.0,PROBABLE
lpt-12448,2.0,1.0,0.0,0.0,1.0,40224602.0,48002972.64,1.0,0.0,0.0,False,0.5,2.0,PROBABLE
VDR-12945,5.0,2.0,0.0,5.0,2.0,76485110.28,86140122.68,3.0,3.0,1.0,True,0.4,8.0,EXACT
WS-11211.corp.local,2.0,0.0,0.0,0.0,2.0,67029070.22,85658222.0,2.0,0.0,0.0,False,0.0,2.0,PROBABLE
lpt-11995,2.0,1.0,0.0,2.0,2.0,51139228.08,84743109.72,1.0,0.0,0.0,False,0.5,2.0,PROBABLE
WS-10461.corp.local,1.0,1.0,0.0,0.0,0.0,49567204.0,24526192.64,1.0,0.0,0.0,False,1.0,1.0,PROBABLE
WS-10078.corp.local,2.0,0.0,0.0,1.0,1.0,33218887.68,36429542.0,2.0,0.0,0.0,False,0.0,2.0,PROBABLE
WS-10128,8.0,2.0,1.0,5.0,4.0,174377842.44,134255424.36,6.0,1.0,0.0,True,0.25,9.0,EXACT
WS-12694,9.0,2.0,0.0,5.0,8.0,187173057.68,209051861.24,8.0,4.0,0.0,True,0.2222222222222222,13.0,EXACT
WS-10837,5.0,2.0,0.0,4.0,2.0,73443355.53999999,166246712.12,4.0,0.0,0.0,True,0.4,5.0,EXACT
ws-10870,1.0,0.0,0.0,1.0,1.0,46101266.0,45103616.0,1.0,0.0,0.0,False,0.0,1.0,PROBABLE
LPT_11691,1.0,1.0,0.0,0.0,1.0,6974973.0,32763381.0,1.0,0.0,0.0,False,1.0,1.0,PROBABLE
vdr-11494,1.0,0.0,0.0,1.0,1.0,3795845.12,44719968.0,1.0,0.0,0.0,False,0.0,1.0,PROBABLE
VDR-11351,7.0,3.0,0.0,6.0,2.0,150160092.94,134287543.64,5.0,3.0,0.0,True,0.42857142857142855,10.0,EXACT
WS_12204,1.0,0.0,1.0,0.0,0.0,18935123.0,31923957.76,1.0,0.0,0.0,False,0.0,1.0,PROBABLE
LPT-11786,8.0,2.0,1.0,1.0,2.0,168386367.44,292226571.24,7.0,2.0,0.0,True,0.25,10.0,EXACT
vdr-10005,2.0,1.0,0.0,1.0,2.0,35390145.0,54449835.64,2.0,0.0,0.0,False,0.5,2.0,PROBABLE
ws-11301,3.0,0.0,0.0,2.0,3.0,59439212.0,66275072.64,2.0,0.0,0.0,False,0.0,3.0,PROBABLE
WS-10524,10.0,2.0,2.0,2.0,6.0,240405938.5,230382561.2,9.0,0.0,0.0,True,0.2,10.0,EXACT
LPT-10548,5.0,0.0,0.0,3.0,3.0,92714518.78,97165345.88,5.0,3.0,1.0,True,0.0,8.0,EXACT
VDR-10438,9.0,3.0,0.0,1.0,7.0,250449050.44,211669260.56,8.0,3.0,1.0,True,0.3333333333333333,12.0,EXACT
VDR-10869,12.0,2.0,2.0,7.0,9.0,263479281.5,294879068.32,11.0,1.0,0.0,True,0.16666666666666666,13.0,EXACT
WS-12036,8.0,1.0,2.0,4.0,4.0,122496984.66,180077797.84,8.0,2.0,0.0,True,0.125,10.0,EXACT
VDR_11128,2.0,1.0,0.0,2.0,2.0,88458060.03999999,29253273.6,2.0,0.0,0.0,False,0.5,2.0,PROBABLE
LPT-12731,7.0,4.0,0.0,5.0,6.0,171847095.29999998,205372031.2,6.0,2.0,1.0,False,0.5714285714285714,9.0,PROBABLE
lpt-11349,3.0,1.0,0.0,2.0,2.0,96422287.44,93347406.44,3.0,0.0,0.0,False,0.3333333333333333,3.0,PROBABLE
LPT-10425,4.0,1.0,0.0,4.0,1.0,102330088.88,97589517.88,4.0,0.0,0.0,True,0.25,4.0,EXACT
lpt-11616,2.0,0.0,1.0,0.0,0.0,31677226.22,59402282.64,1.0,0.0,0.0,False,0.0,2.0,PROBABLE
lpt-11826,1.0,0.0,0.0,1.0,1.0,24819643.22,17270699.0,1.0,0.0,0.0,False,0.0,1.0,PROBABLE
lpt-12752,5.0,1.0,1.0,5.0,3.0,137370995.22,95167583.96,5.0,0.0,0.0,False,0.2,5.0,PROBABLE
VDR-10923.corp.local,2.0,0.0,0.0,1.0,1.0,30449280.22,70002156.64,0.0,0.0,0.0,False,0.0,2.0,PROBABLE
VDR-10295,4.0,1.0,0.0,2.0,4.0,85956278.22,56268487.32,4.0,3.0,0.0,True,0.25,7.0,EXACT
VDR-10019,9.0,1.0,2.0,4.0,3.0,248255705.62,135045423.8,7.0,4.0,1.0,False,0.1111111111111111,13.0,PROBABLE
WS-12170,9.0,1.0,1.0,2.0,4.0,219980124.6,208982152.44,8.0,4.0,0.0,True,0.1111111111111111,13.0,EXACT
LPT-12408.corp.local,1.0,0.0,0.0,1.0,1.0,27477036.0,24526192.64,1.0,0.0,0.0,False,0.0,1.0,PROBABLE
LPT-12752,6.0,1.0,1.0,4.0,4.0,171057315.04,127484579.84,5.0,0.0,0.0,True,0.16666666666666666,6.0,EXACT
WS-10711,7.0,1.0,0.0,3.0,6.0,169104771.01999998,182520331.92000002,7.0,2.0,1.0,True,0.14285714285714285,9.0,EXACT
WS-10004.corp.local,1.0,1.0,0.0,1.0,1.0,24819643.22,24368906.24,1.0,0.0,0.0,False,1.0,1.0,PROBABLE
lpt-12747,1.0,0.0,0.0,1.0,1.0,49208243.0,13987563.52,1.0,0.0,0.0,False,0.0,1.0,PROBABLE
WS-11562,6.0,1.0,1.0,6.0,2.0,142777730.8,163608394.48,4.0,5.0,0.0,True,0.16666666666666666,11.0,EXACT
VDR-11087,5.0,0.0,1.0,2.0,4.0,164541977.44,140878234.92000002,4.0,1.0,0.0,True,0.0,6.0,EXACT
WS-12929,11.0,3.0,1.0,6.0,4.0,262666558.35999998,296244784.56,10.0,1.0,0.0,True,0.2727272727272727,12.0,EXACT
WS_12512,2.0,1.0,0.0,0.0,0.0,84209410.03999999,31551731.64,2.0,0.0,0.0,False,0.5,2.0,PROBABLE
WS_11308,1.0,0.0,0.0,0.0,1.0,10398129.0,8032092.16,1.0,0.0,0.0,False,0.0,1.0,PROBABLE
LPT-12779,7.0,2.0,2.0,4.0,3.0,201487702.78,188732087.0,7.0,1.0,0.0,True,0.2857142857142857,8.0,EXACT
VDR-12113,4.0,0.0,0.0,1.0,1.0,124339886.78,96754811.28,4.0,0.0,0.0,True,0.0,4.0,EXACT
WS-11686,7.0,2.0,0.0,3.0,4.0,165395657.78,195806084.28,6.0,2.0,0.0,True,0.2857142857142857,9.0,EXACT
VDR-10093,5.0,1.0,0.0,5.0,1.0,160114044.22,84856805.28,4.0,2.0,0.0,False,0.2,7.0,PROBABLE
LPT-10709,5.0,2.0,0.0,2.0,2.0,171463501.44,113246005.28,4.0,2.0,0.0,True,0.4,7.0,EXACT
WS-11497,9.0,1.0,1.0,4.0,5.0,240167576.2,208135227.48000002,6.0,2.0,0.0,True,0.1111111111111111,11.0,EXACT
VDR_10016,1.0,0.0,0.0,1.0,0.0,24819643.22,47848818.0,1.0,0.0,0.0,False,0.0,1.0,PROBABLE
VDR_12784,1.0,1.0,1.0,0.0,0.0,19218579.0,39556693.0,1.0,0.0,0.0,False,1.0,1.0,PROBABLE
lpt-12249,3.0,0.0,0.0,1.0,1.0,59748582.22,71427975.64,2.0,0.0,0.0,False,0.0,3.0,PROBABLE
lpt-11105,3.0,0.0,0.0,1.0,2.0,47905306.22,45691801.64,2.0,0.0,0.0,False,0.0,3.0,PROBABLE
vdr-12525,1.0,1.0,0.0,0.0,1.0,36732418.0,24526192.64,1.0,0.0,0.0,False,1.0,1.0,PROBABLE
WS_11533,1.0,0.0,0.0,0.0,1.0,42249435.0,1665428.0,1.0,0.0,0.0,False,0.0,1.0,PROBABLE
VDR-11152.corp.local,2.0,1.0,0.0,0.0,1.0,47014733.0,55074262.0,2.0,0.0,0.0,False,0.5,2.0,PROBABLE
WS_12385,1.0,0.0,0.0,1.0,0.0,24819643.22,24526192.64,0.0,0.0,0.0,False,0.0,1.0,PROBABLE
WS-10376,7.0,2.0,0.0,4.0,5.0,172703174.5,213793209.72,5.0,1.0,0.0,True,0.2857142857142857,8.0,EXACT
VDR-12997,4.0,1.0,0.0,2.0,1.0,115024182.46000001,93053188.28,4.0,0.0,0.0,True,0.25,4.0,EXACT
ws-12041,1.0,1.0,0.0,0.0,1.0,3913006.0,28151137.0,1.0,0.0,0.0,False,1.0,1.0,PROBABLE
VDR-11339.corp.local,1.0,1.0,0.0,0.0,0.0,4174368.0,38713425.92,1.0,0.0,0.0,False,1.0,1.0,PROBABLE
WS-10817,10.0,0.0,1.0,5.0,5.0,355838434.52,250782611.04000002,10.0,4.0,0.0,True,0.0,14.0,EXACT
WS-12686.,0.0,0.0,0.0,0.0,0.0,0.0,0.0,0.0,0.0,0.0,True,0.0,0.0,EXACT
WS-10530.corp.local,1.0,1.0,0.0,1.0,1.0,24819643.22,1202455.0,0.0,0.0,0.0,False,1.0,1.0,PROBABLE
WS_12018,2.0,1.0,2.0,1.0,1.0,28273763.0,42251540.64,2.0,0.0,0.0,False,0.5,2.0,PROBABLE
VDR-10923,4.0,1.0,1.0,3.0,2.0,106969243.56,110029511.0,4.0,1.0,0.0,True,0.25,5.0,EXACT
VDR-11199,9.0,0.0,1.0,3.0,6.0,194173662.14,222691484.64,7.0,3.0,0.0,True,0.0,12.0,EXACT
vdr-12342,1.0,0.0,1.0,1.0,0.0,12783755.0,38685276.0,1.0,0.0,0.0,False,0.0,1.0,PROBABLE
ws-12802,1.0,0.0,0.0,0.0,1.0,17501706.0,37109104.64,0.0,0.0,0.0,False,0.0,1.0,PROBABLE
VDR-12123,10.0,4.0,0.0,7.0,3.0,229628385.1,212100752.44,7.0,4.0,0.0,True,0.4,14.0,EXACT
WS-11819.corp.local,1.0,1.0,0.0,1.0,0.0,24819643.22,24526192.64,0.0,0.0,0.0,False,1.0,1.0,PROBABLE
lpt-11060,2.0,0.0,0.0,1.0,2.0,62017216.22,39442026.0,2.0,0.0,0.0,False,0.0,2.0,PROBABLE
ws-10150,2.0,0.0,0.0,2.0,1.0,64849920.0,57292456.0,2.0,0.0,0.0,False,0.0,2.0,PROBABLE
LPT_12300,1.0,1.0,1.0,0.0,0.0,24819643.22,48492908.0,1.0,0.0,0.0,False,1.0,1.0,PROBABLE
VDR-10983.corp.local,1.0,1.0,0.0,0.0,0.0,21082327.04,37313167.0,0.0,0.0,0.0,False,1.0,1.0,PROBABLE
WS_11080,1.0,1.0,0.0,1.0,1.0,24819643.22,36027468.0,1.0,0.0,0.0,False,1.0,1.0,PROBABLE
LPT-12521,8.0,2.0,0.0,4.0,4.0,165894525.44,126713067.16,8.0,4.0,0.0,True,0.25,12.0,EXACT
LPT-11146,14.0,0.0,2.0,9.0,8.0,360682717.46,345664129.04,12.0,1.0,1.0,True,0.0,15.0,EXACT
vdr-12880,2.0,0.0,0.0,1.0,1.0,49639286.44,91248022.84,2.0,0.0,0.0,False,0.0,2.0,PROBABLE
lpt-10403,3.0,1.0,0.0,1.0,2.0,97974689.22,68353658.88000001,3.0,0.0,0.0,False,0.3333333333333333,3.0,PROBABLE
WS-10766,7.0,1.0,2.0,4.0,4.0,165556183.0,148304320.44,7.0,4.0,0.0,True,0.14285714285714285,11.0,EXACT
LPT-11584,9.0,3.0,1.0,3.0,3.0,232540520.88,178962074.56,9.0,2.0,0.0,True,0.3333333333333333,11.0,EXACT
LPT-10483.corp.local,3.0,0.0,0.0,2.0,2.0,48907940.26,45408981.64,3.0,0.0,0.0,False,0.0,3.0,PROBABLE
VDR-11946,7.0,2.0,0.0,4.0,4.0,219087510.48000002,187082813.32,7.0,1.0,0.0,False,0.2857142857142857,8.0,PROBABLE
WS-12434,5.0,2.0,0.0,2.0,1.0,120176550.44,173909668.92000002,5.0,0.0,0.0,True,0.4,5.0,EXACT
vdr-11647,4.0,0.0,0.0,4.0,0.0,135137494.22,146818384.76,4.0,0.0,0.0,False,0.0,4.0,PROBABLE
LPT-11763,5.0,3.0,0.0,3.0,3.0,126918252.66,88181004.48,5.0,1.0,1.0,True,0.6,6.0,EXACT
WS-12548,8.0,0.0,0.0,2.0,4.0,229105699.84,172327859.96,8.0,0.0,0.0,True,0.0,8.0,EXACT
vdr-10611,1.0,0.0,0.0,0.0,1.0,24819643.22,24526192.64,1.0,0.0,0.0,False,0.0,1.0,PROBABLE
WS-12553.corp.local,1.0,0.0,0.0,0.0,1.0,24819643.22,29761966.0,1.0,0.0,0.0,False,0.0,1.0,PROBABLE
LPT-12381,9.0,0.0,2.0,1.0,2.0,194962197.44,220159239.32,9.0,1.0,1.0,False,0.0,10.0,PROBABLE
VDR-10164,13.0,0.0,0.0,6.0,4.0,376876732.7,328448507.08,10.0,2.0,0.0,True,0.0,15.0,EXACT
VDR-10975.corp.local,1.0,1.0,0.0,0.0,1.0,37389292.0,24526192.64,1.0,0.0,0.0,False,1.0,1.0,PROBABLE
WS-12244.corp.local,1.0,0.0,0.0,1.0,0.0,15307493.0,2644572.16,1.0,0.0,0.0,False,0.0,1.0,PROBABLE
LPT-10092,6.0,2.0,0.0,3.0,3.0,178621236.88,135929381.44,6.0,3.0,1.0,True,0.3333333333333333,9.0,EXACT
vdr-12804,1.0,0.0,0.0,1.0,0.0,17206588.0,16584798.0,1.0,0.0,0.0,False,0.0,1.0,PROBABLE
VDR_12966,1.0,1.0,0.0,0.0,1.0,24819643.22,35362973.0,1.0,0.0,0.0,False,1.0,1.0,PROBABLE
VDR-11757,4.0,1.0,0.0,1.0,2.0,77435991.7,149475355.0,4.0,6.0,1.0,True,0.25,10.0,EXACT
LPT-11937,7.0,1.0,1.0,6.0,6.0,116203349.56,204316705.28,6.0,5.0,1.0,True,0.14285714285714285,12.0,EXACT
WS-10760.corp.local,1.0,0.0,0.0,1.0,0.0,5203375.0,43482155.0,1.0,0.0,0.0,False,0.0,1.0,PROBABLE
LPT_11649,2.0,0.0,0.0,0.0,1.0,31177107.240000002,72193846.64,1.0,0.0,0.0,False,0.0,2.0,PROBABLE
ws-10009,2.0,0.0,0.0,0.0,2.0,49639286.44,66645317.0,1.0,0.0,0.0,False,0.0,2.0,PROBABLE
VDR-11061,7.0,1.0,0.0,3.0,3.0,223107139.86,239800353.16,4.0,6.0,1.0,True,0.14285714285714285,13.0,EXACT
LPT-12690.corp.local,1.0,0.0,0.0,1.0,0.0,15335776.0,24526192.64,1.0,0.0,0.0,False,0.0,1.0,PROBABLE
VDR-12896,8.0,1.0,0.0,6.0,3.0,214553318.18,208241138.68,5.0,2.0,1.0,False,0.125,10.0,PROBABLE
VDR-10638.corp.local,2.0,0.0,0.0,0.0,0.0,26046477.14,42823843.839999996,2.0,0.0,0.0,False,0.0,2.0,PROBABLE
LPT-12069.corp.local,1.0,0.0,0.0,1.0,1.0,26030284.8,6604396.0,1.0,0.0,0.0,False,0.0,1.0,PROBABLE
vdr-10044,4.0,2.0,0.0,2.0,2.0,104241348.4,80165089.0,2.0,0.0,0.0,False,0.5,4.0,PROBABLE
vdr-12463,2.0,0.0,0.0,0.0,1.0,63890911.0,24414754.0,2.0,0.0,0.0,False,0.0,2.0,PROBABLE
VDR-10906.corp.local,2.0,1.0,0.0,1.0,1.0,52860234.96,45960742.64,1.0,0.0,0.0,False,0.5,2.0,PROBABLE
VDR-12017.corp.local,2.0,1.0,0.0,2.0,2.0,63626793.96,30489784.32,2.0,0.0,0.0,False,0.5,2.0,PROBABLE
WS-12895,6.0,1.0,0.0,2.0,2.0,125711888.3,131103011.16,5.0,2.0,0.0,False,0.16666666666666666,8.0,PROBABLE
VDR-11921.corp.local,1.0,0.0,0.0,0.0,0.0,21286092.8,24526192.64,1.0,0.0,0.0,False,0.0,1.0,PROBABLE
vdr-11100,2.0,0.0,0.0,1.0,0.0,56168023.16,49052385.28,1.0,0.0,0.0,False,0.0,2.0,PROBABLE
vdr-12193,3.0,0.0,0.0,2.0,1.0,35502310.019999996,75282619.28,3.0,0.0,0.0,False,0.0,3.0,PROBABLE
WS-11287,9.0,1.0,2.0,3.0,4.0,225022788.48,254322371.0,4.0,2.0,0.0,True,0.1111111111111111,11.0,EXACT
WS-11397.corp.local,1.0,0.0,0.0,1.0,1.0,20201631.0,24526192.64,1.0,0.0,0.0,False,0.0,1.0,PROBABLE
lpt-11786,2.0,0.0,0.0,2.0,0.0,36191895.0,30101505.64,2.0,0.0,0.0,False,0.0,2.0,PROBABLE
LPT-12007,3.0,0.0,0.0,2.0,1.0,42903279.22,37938735.64,3.0,4.0,0.0,True,0.0,7.0,EXACT
ws-10266,1.0,0.0,0.0,0.0,1.0,20223324.16,40707329.0,1.0,0.0,0.0,False,0.0,1.0,PROBABLE
LPT-12229,12.0,3.0,0.0,4.0,8.0,327068116.44,259089823.12,10.0,3.0,0.0,True,0.25,15.0,EXACT
LPT-11857,4.0,0.0,1.0,1.0,3.0,55801760.36,127135239.4,4.0,6.0,0.0,True,0.0,10.0,EXACT
LPT_11637,2.0,0.0,0.0,1.0,0.0,72074357.22,66019673.32,1.0,0.0,0.0,False,0.0,2.0,PROBABLE
WS-11486,3.0,0.0,0.0,1.0,2.0,99690208.22,77996246.0,1.0,2.0,0.0,False,0.0,5.0,PROBABLE
lpt-11904,1.0,0.0,0.0,1.0,0.0,24819643.22,26659241.0,1.0,0.0,0.0,False,0.0,1.0,PROBABLE
lpt-10567,1.0,0.0,0.0,1.0,0.0,31096555.52,29628129.28,1.0,0.0,0.0,False,0.0,1.0,PROBABLE
vdr-10380,2.0,0.0,0.0,2.0,1.0,68143717.22,54435394.0,1.0,0.0,0.0,False,0.0,2.0,PROBABLE
LPT-12721,8.0,1.0,1.0,2.0,3.0,287058310.6,170483228.92000002,7.0,2.0,0.0,True,0.125,10.0,EXACT
WS-11261,2.0,1.0,0.0,1.0,0.0,74324636.22,64749301.879999995,2.0,1.0,0.0,True,0.5,3.0,EXACT
VDR-10138,7.0,3.0,0.0,5.0,1.0,188182747.5,227064408.68,6.0,1.0,0.0,True,0.42857142857142855,8.0,EXACT
VDR-10791.corp.local,1.0,0.0,0.0,1.0,1.0,43447995.0,39556623.0,1.0,0.0,0.0,False,0.0,1.0,PROBABLE
vdr-10031,1.0,0.0,0.0,1.0,1.0,14968053.76,24526192.64,1.0,0.0,0.0,False,0.0,1.0,PROBABLE
WS_12581,1.0,1.0,0.0,0.0,1.0,24819643.22,18904102.0,0.0,0.0,0.0,False,1.0,1.0,PROBABLE
WS_12902,1.0,0.0,0.0,1.0,0.0,24819643.22,36305331.0,1.0,0.0,0.0,False,0.0,1.0,PROBABLE
VDR-10902,7.0,3.0,0.0,2.0,4.0,214360378.44,178033919.51999998,5.0,3.0,0.0,True,0.42857142857142855,10.0,EXACT
lpt-12049,3.0,0.0,0.0,0.0,1.0,91053867.0,91244691.64,2.0,0.0,0.0,False,0.0,3.0,PROBABLE
ws-11435,5.0,1.0,0.0,1.0,4.0,142759295.88,141004158.4,4.0,0.0,0.0,False,0.2,5.0,PROBABLE
VDR-10600,8.0,1.0,0.0,3.0,2.0,255238218.22,174137817.56,7.0,4.0,0.0,True,0.125,12.0,EXACT
ws-12035,2.0,0.0,0.0,2.0,0.0,10537717.760000002,59066286.08,2.0,0.0,0.0,False,0.0,2.0,PROBABLE
ws-12164,1.0,0.0,0.0,1.0,1.0,38085988.0,24526192.64,1.0,0.0,0.0,False,0.0,1.0,PROBABLE
LPT-12060.corp.local,1.0,1.0,0.0,1.0,0.0,7906902.0,21535927.0,1.0,0.0,0.0,False,1.0,1.0,PROBABLE
vdr-12630,1.0,0.0,0.0,0.0,1.0,5248215.04,34368783.0,0.0,0.0,0.0,False,0.0,1.0,PROBABLE
WS-11879,7.0,1.0,0.0,6.0,4.0,151840459.42,137864086.12,6.0,0.0,0.0,True,0.14285714285714285,7.0,EXACT
ws-12221,1.0,0.0,0.0,0.0,1.0,19115540.48,28914071.0,1.0,0.0,0.0,False,0.0,1.0,PROBABLE
LPT-11506,12.0,5.0,1.0,7.0,7.0,274502362.65999997,250375164.56,9.0,2.0,0.0,True,0.4166666666666667,14.0,EXACT
VDR-10899,5.0,2.0,0.0,3.0,1.0,140682967.98,134267755.88,4.0,4.0,0.0,True,0.4,9.0,EXACT
LPT_12651,1.0,1.0,0.0,1.0,1.0,2045558.0,12787563.0,0.0,0.0,0.0,False,1.0,1.0,PROBABLE
vdr-11179,1.0,0.0,0.0,1.0,0.0,46027540.0,46400499.0,1.0,0.0,0.0,False,0.0,1.0,PROBABLE
LPT_10822,1.0,0.0,0.0,1.0,0.0,35997556.0,37885050.88,1.0,0.0,0.0,False,0.0,1.0,PROBABLE
WS_12115,1.0,1.0,0.0,1.0,1.0,16509676.0,28797904.0,1.0,0.0,0.0,False,1.0,1.0,PROBABLE
LPT-12955.corp.local,1.0,0.0,0.0,0.0,1.0,24819643.22,20841857.0,1.0,0.0,0.0,False,0.0,1.0,PROBABLE
VDR-11962.corp.local,1.0,1.0,0.0,1.0,0.0,6696476.0,33457879.0,1.0,0.0,0.0,False,1.0,1.0,PROBABLE
VDR-11213,6.0,0.0,0.0,0.0,3.0,129213951.22,136501915.76,4.0,1.0,0.0,True,0.0,7.0,EXACT
LPT-10851.corp.local,1.0,0.0,0.0,1.0,0.0,38178929.0,16679756.0,0.0,0.0,0.0,False,0.0,1.0,PROBABLE
VDR-10208.corp.local,1.0,0.0,0.0,1.0,1.0,11439214.0,46935770.0,1.0,0.0,0.0,False,0.0,1.0,PROBABLE
VDR-12480.corp.local,1.0,0.0,0.0,1.0,1.0,24819643.22,10698231.0,1.0,0.0,0.0,False,0.0,1.0,PROBABLE
WS-10969.corp.local,1.0,0.0,0.0,0.0,0.0,43493670.0,7152685.0,1.0,0.0,0.0,False,0.0,1.0,PROBABLE
vdr-11490,2.0,1.0,0.0,0.0,0.0,10098542.0,50390185.0,2.0,0.0,0.0,False,0.5,2.0,PROBABLE
vdr-10528,2.0,0.0,0.0,2.0,0.0,25011581.779999997,50076192.0,2.0,0.0,0.0,False,0.0,2.0,PROBABLE
WS-12849,10.0,4.0,0.0,3.0,6.0,264977707.44,223270022.96,7.0,4.0,0.0,True,0.4,14.0,EXACT
WS-12371,15.0,5.0,1.0,5.0,6.0,274548949.5,391747896.6,15.0,2.0,0.0,True,0.3333333333333333,17.0,EXACT
LPT-11148.corp.local,1.0,1.0,0.0,1.0,0.0,14910270.0,45603721.0,1.0,0.0,0.0,False,1.0,1.0,PROBABLE
VDR-10857,9.0,1.0,1.0,7.0,4.0,226326179.44,245010124.12,5.0,0.0,0.0,True,0.1111111111111111,9.0,EXACT
ws-10185,2.0,0.0,0.0,2.0,2.0,55386110.0,53328795.08,2.0,0.0,0.0,False,0.0,2.0,PROBABLE
vdr-10226,1.0,0.0,0.0,0.0,1.0,22230962.0,38026745.0,1.0,0.0,0.0,False,0.0,1.0,PROBABLE
lpt-11184,1.0,0.0,0.0,0.0,1.0,4655677.44,40609534.0,1.0,0.0,0.0,False,0.0,1.0,PROBABLE
VDR_10799,1.0,0.0,0.0,1.0,1.0,24819643.22,24526192.64,1.0,0.0,0.0,False,0.0,1.0,PROBABLE
vdr-10925,1.0,0.0,0.0,0.0,1.0,29410641.92,3108716.0,1.0,0.0,0.0,False,0.0,1.0,PROBABLE
WS_11972,1.0,0.0,0.0,0.0,1.0,10779030.0,33227800.0,0.0,0.0,0.0,False,0.0,1.0,PROBABLE
LPT-12043,8.0,2.0,0.0,2.0,4.0,183250238.64,182279708.0,6.0,4.0,0.0,False,0.25,12.0,PROBABLE
VDR_12527,2.0,0.0,0.0,0.0,1.0,45314977.96,59554367.0,2.0,0.0,0.0,False,0.0,2.0,PROBABLE
VDR-11576,4.0,0.0,0.0,3.0,0.0,111817488.22,30454148.28,4.0,2.0,0.0,True,0.0,6.0,EXACT
lpt-12691,2.0,1.0,0.0,1.0,0.0,49730526.22,49052385.28,1.0,0.0,0.0,False,0.5,2.0,PROBABLE
LPT-10541,9.0,0.0,1.0,6.0,6.0,192339476.1,249124714.64,9.0,3.0,1.0,True,0.0,12.0,EXACT
LPT_12943,1.0,0.0,0.0,0.0,0.0,2967470.08,10172863.0,1.0,0.0,0.0,False,0.0,1.0,PROBABLE
LPT-11783,8.0,0.0,2.0,2.0,1.0,157736404.46,180087246.12,8.0,1.0,0.0,True,0.0,9.0,EXACT
LPT-11288,8.0,2.0,0.0,3.0,3.0,171688948.44,223592694.07999998,6.0,2.0,1.0,True,0.25,10.0,EXACT
vdr-11144,1.0,0.0,0.0,1.0,0.0,17450029.0,1462473.0,1.0,0.0,0.0,False,0.0,1.0,PROBABLE
lpt-12205,1.0,0.0,0.0,1.0,0.0,30828134.4,13444298.0,1.0,0.0,0.0,False,0.0,1.0,PROBABLE
WS-12537.corp.local,3.0,0.0,0.0,1.0,2.0,97583304.4,90314966.0,3.0,0.0,0.0,False,0.0,3.0,PROBABLE
VDR-10328.corp.local,3.0,2.0,0.0,2.0,1.0,59421045.0,66916756.28,3.0,0.0,0.0,False,0.6666666666666666,3.0,PROBABLE
VDR-11771.corp.local,4.0,1.0,0.0,1.0,1.0,71367298.88,132504255.28,4.0,0.0,0.0,False,0.25,4.0,PROBABLE
LPT_10551,1.0,0.0,0.0,1.0,1.0,4679311.36,24526192.64,1.0,0.0,0.0,False,0.0,1.0,PROBABLE
WS_10553,1.0,0.0,1.0,0.0,0.0,47731179.52,24526192.64,1.0,0.0,0.0,False,0.0,1.0,PROBABLE
VDR-11768,4.0,1.0,0.0,2.0,1.0,108955399.0,99111197.4,4.0,2.0,0.0,True,0.25,6.0,EXACT
WS-11570,5.0,0.0,0.0,2.0,1.0,154081509.44,135994020.76,5.0,0.0,0.0,False,0.0,5.0,PROBABLE
WS-12359.corp.local,2.0,1.0,0.0,1.0,2.0,61754340.72,46206272.0,2.0,0.0,0.0,False,0.5,2.0,PROBABLE
ws-11463,1.0,0.0,1.0,1.0,1.0,14995832.0,27612552.0,0.0,0.0,0.0,False,0.0,1.0,PROBABLE
WS_12439,1.0,0.0,0.0,0.0,1.0,12089055.0,24526192.64,1.0,0.0,0.0,False,0.0,1.0,PROBABLE
WS-10829,6.0,2.0,1.0,5.0,3.0,117422940.1,124850727.56,4.0,3.0,0.0,True,0.3333333333333333,9.0,EXACT
LPT_12524,1.0,1.0,0.0,1.0,1.0,9324542.0,24526192.64,1.0,0.0,0.0,False,1.0,1.0,PROBABLE
lpt-12316,1.0,0.0,0.0,1.0,0.0,24819643.22,24526192.64,1.0,0.0,0.0,False,0.0,1.0,PROBABLE
WS-12571,8.0,2.0,1.0,3.0,5.0,234314483.06,177628954.56,6.0,1.0,0.0,True,0.25,9.0,EXACT
LPT-12271.corp.local,1.0,0.0,0.0,1.0,0.0,39741030.4,35917421.0,1.0,0.0,0.0,False,0.0,1.0,PROBABLE
WS-10408,9.0,3.0,0.0,3.0,5.0,212036161.88,258981457.72,7.0,1.0,0.0,False,0.3333333333333333,10.0,PROBABLE
lpt-12641,1.0,1.0,0.0,0.0,1.0,18402508.8,25023045.0,0.0,0.0,0.0,False,1.0,1.0,PROBABLE
WS-11211,9.0,1.0,0.0,3.0,5.0,160634459.86,232129968.07999998,7.0,4.0,0.0,True,0.1111111111111111,13.0,EXACT
LPT-11423,11.0,4.0,1.0,2.0,5.0,307771437.72,277967626.8,10.0,3.0,0.0,True,0.36363636363636365,14.0,EXACT
LPT_10779,1.0,0.0,0.0,1.0,0.0,37858754.56,24526192.64,1.0,0.0,0.0,False,0.0,1.0,PROBABLE
VDR-11273,7.0,1.0,0.0,4.0,4.0,155692209.66,211972428.12,7.0,1.0,0.0,True,0.14285714285714285,8.0,EXACT
VDR-12142,4.0,0.0,1.0,2.0,1.0,138465877.22,103856646.48,4.0,2.0,0.0,False,0.0,6.0,PROBABLE
WS-12549.,0.0,0.0,0.0,0.0,0.0,0.0,0.0,0.0,0.0,0.0,True,0.0,0.0,EXACT
LPT-11427.corp.local,1.0,0.0,0.0,1.0,1.0,3210825.0,46598717.44,1.0,0.0,0.0,False,0.0,1.0,PROBABLE
vdr-10877,2.0,1.0,0.0,1.0,2.0,68933253.76,32145489.92,1.0,0.0,0.0,False,0.5,2.0,PROBABLE
WS-10050,11.0,2.0,1.0,7.0,4.0,283323388.56,241638530.28,11.0,4.0,0.0,True,0.18181818181818182,15.0,EXACT
LPT-12298.corp.local,1.0,0.0,1.0,0.0,0.0,35905724.0,23611122.0,1.0,0.0,0.0,False,0.0,1.0,PROBABLE
LPT-12381.,0.0,0.0,0.0,0.0,0.0,0.0,0.0,0.0,0.0,0.0,True,0.0,0.0,EXACT
WS_10149,1.0,0.0,0.0,1.0,1.0,3198156.8,17311344.64,1.0,0.0,0.0,False,0.0,1.0,PROBABLE
vdr-10093,2.0,1.0,0.0,1.0,1.0,48277098.8,59558876.36,1.0,0.0,0.0,False,0.5,2.0,PROBABLE
VDR-12590.,0.0,0.0,0.0,0.0,0.0,0.0,0.0,0.0,0.0,0.0,True,0.0,0.0,EXACT
VDR-12684,6.0,2.0,0.0,4.0,4.0,68722480.52,134016357.44,5.0,1.0,0.0,True,0.3333333333333333,7.0,EXACT
LPT-11902,5.0,0.0,0.0,2.0,3.0,139889365.44,143786304.92000002,5.0,2.0,0.0,True,0.0,7.0,EXACT
LPT_12457,2.0,0.0,0.0,0.0,1.0,60707020.0,50357515.64,1.0,0.0,0.0,False,0.0,2.0,PROBABLE
vdr-10555,2.0,1.0,0.0,2.0,1.0,71863352.22,53228779.64,2.0,0.0,0.0,False,0.5,2.0,PROBABLE
LPT-10920.,0.0,0.0,0.0,0.0,0.0,0.0,0.0,0.0,0.0,0.0,True,0.0,0.0,EXACT
LPT-12201,6.0,1.0,1.0,2.0,5.0,70200647.0,104193821.80000001,5.0,3.0,0.0,False,0.16666666666666666,9.0,PROBABLE
WS-12745,11.0,2.0,1.0,3.0,6.0,216525355.06,231882473.64,9.0,6.0,0.0,False,0.18181818181818182,17.0,PROBABLE
LPT-11880.corp.local,1.0,0.0,0.0,1.0,0.0,31064885.0,3175405.0,0.0,0.0,0.0,False,0.0,1.0,PROBABLE
LPT-10221,6.0,2.0,1.0,3.0,3.0,172351526.36,178240033.64,6.0,2.0,0.0,True,0.3333333333333333,8.0,EXACT
VDR-11605.,0.0,0.0,0.0,0.0,0.0,0.0,0.0,0.0,0.0,0.0,True,0.0,0.0,EXACT
ws-10828,1.0,1.0,0.0,0.0,0.0,41943016.0,24526192.64,1.0,0.0,0.0,False,1.0,1.0,PROBABLE
WS-11051.corp.local,1.0,0.0,0.0,0.0,0.0,23601090.56,4482290.0,0.0,0.0,0.0,False,0.0,1.0,PROBABLE
ws-11630,2.0,0.0,0.0,1.0,1.0,41825757.22,28572658.64,2.0,0.0,0.0,False,0.0,2.0,PROBABLE
WS-10817.corp.local,1.0,0.0,0.0,1.0,1.0,16728689.0,24526192.64,1.0,0.0,0.0,False,0.0,1.0,PROBABLE
VDR-11675,10.0,2.0,0.0,4.0,5.0,200568250.06,256051135.56,8.0,2.0,0.0,True,0.2,12.0,EXACT
VDR-12650,3.0,1.0,0.0,1.0,3.0,63441195.5,112802388.64,1.0,2.0,0.0,True,0.3333333333333333,5.0,EXACT
vdr-11821,3.0,0.0,0.0,1.0,2.0,87078311.6,73838563.28,3.0,0.0,0.0,False,0.0,3.0,PROBABLE
vdr-10330,1.0,0.0,0.0,0.0,1.0,45807421.0,15649670.0,1.0,0.0,0.0,False,0.0,1.0,PROBABLE
VDR-11796.corp.local,2.0,0.0,1.0,1.0,1.0,73444704.22,32105601.0,2.0,0.0,0.0,False,0.0,2.0,PROBABLE
vdr-12168,2.0,1.0,0.0,1.0,2.0,53674619.22,18642596.759999998,1.0,0.0,0.0,False,0.5,2.0,PROBABLE
LPT-10657,4.0,0.0,1.0,3.0,4.0,103859340.22,131776921.0,3.0,1.0,0.0,False,0.0,5.0,PROBABLE
vdr-10406,2.0,0.0,0.0,0.0,0.0,49255928.66,60337823.0,2.0,0.0,0.0,False,0.0,2.0,PROBABLE
WS-11092,8.0,1.0,0.0,3.0,4.0,220810323.44,229506425.6,6.0,1.0,0.0,True,0.125,9.0,EXACT
LPT_10563,1.0,0.0,0.0,1.0,0.0,24819643.22,24526192.64,1.0,0.0,0.0,False,0.0,1.0,PROBABLE
VDR-12499.corp.local,1.0,0.0,0.0,0.0,1.0,47526809.6,37050379.0,1.0,0.0,0.0,False,0.0,1.0,PROBABLE
vdr-10550,1.0,0.0,0.0,0.0,1.0,40034293.0,14606766.0,0.0,0.0,0.0,False,0.0,1.0,PROBABLE
LPT-10055,7.0,2.0,0.0,2.0,6.0,189718310.98,144447483.28,5.0,3.0,1.0,True,0.2857142857142857,10.0,EXACT
WS-10113,5.0,1.0,0.0,3.0,3.0,156565874.0,79641237.44,5.0,2.0,1.0,False,0.2,7.0,PROBABLE
ws-11698,4.0,1.0,0.0,2.0,2.0,98501029.06,78042249.0,4.0,0.0,0.0,False,0.25,4.0,PROBABLE
LPT-12114.corp.local,1.0,0.0,0.0,0.0,1.0,26254438.0,24526192.64,1.0,0.0,0.0,False,0.0,1.0,PROBABLE
vdr-11499,3.0,2.0,0.0,2.0,1.0,99060742.22,93128082.28,3.0,0.0,0.0,False,0.6666666666666666,3.0,PROBABLE
ws-11119,1.0,0.0,0.0,1.0,0.0,24819643.22,41010230.0,1.0,0.0,0.0,False,0.0,1.0,PROBABLE
vdr-10310,3.0,1.0,0.0,1.0,0.0,103261721.64,72489477.68,3.0,0.0,0.0,False,0.3333333333333333,3.0,PROBABLE
LPT-10331,7.0,0.0,2.0,4.0,6.0,113866265.44,171408631.92000002,7.0,1.0,0.0,True,0.0,8.0,EXACT
VDR_10147,2.0,0.0,0.0,0.0,2.0,54274226.0,31487803.92,2.0,0.0,0.0,False,0.0,2.0,PROBABLE
LPT-12349.corp.local,1.0,0.0,0.0,0.0,0.0,24819643.22,24526192.64,1.0,0.0,0.0,False,0.0,1.0,PROBABLE
LPT-12600.,0.0,0.0,0.0,0.0,0.0,0.0,0.0,0.0,0.0,0.0,True,0.0,0.0,EXACT
WS-12870.corp.local,1.0,0.0,0.0,0.0,0.0,49556369.0,47573118.0,0.0,0.0,0.0,False,0.0,1.0,PROBABLE
LPT_11640,1.0,0.0,0.0,1.0,1.0,24819643.22,36234984.0,1.0,0.0,0.0,False,0.0,1.0,PROBABLE
WS-10272,7.0,2.0,0.0,1.0,3.0,201872168.92,214887672.92000002,6.0,4.0,0.0,True,0.2857142857142857,11.0,EXACT
VDR_12187,1.0,0.0,0.0,1.0,1.0,20751319.04,387973.12,1.0,0.0,0.0,False,0.0,1.0,PROBABLE
vdr-10466,1.0,0.0,0.0,0.0,0.0,43253336.0,37181660.0,1.0,0.0,0.0,False,0.0,1.0,PROBABLE
VDR-11817,10.0,3.0,1.0,4.0,6.0,287536282.7,249511127.84,10.0,4.0,0.0,True,0.3,14.0,EXACT
WS-10453.corp.local,1.0,0.0,0.0,1.0,1.0,31063407.0,26161377.0,0.0,0.0,0.0,False,0.0,1.0,PROBABLE
vdr-11537,1.0,0.0,0.0,1.0,1.0,35571987.0,49304043.52,1.0,0.0,0.0,False,0.0,1.0,PROBABLE
LPT-10840,9.0,2.0,2.0,7.0,4.0,193446737.16,244682478.32,7.0,1.0,0.0,True,0.2222222222222222,10.0,EXACT
vdr-12734,1.0,0.0,0.0,0.0,1.0,37184628.0,24295505.92,1.0,0.0,0.0,False,0.0,1.0,PROBABLE
LPT-12817,7.0,4.0,0.0,5.0,4.0,167884961.44,146005250.28,7.0,3.0,1.0,True,0.5714285714285714,10.0,EXACT
WS-12195,6.0,1.0,0.0,2.0,3.0,160568136.86,170907765.24,5.0,3.0,0.0,True,0.16666666666666666,9.0,EXACT
WS_11648,1.0,0.0,0.0,1.0,1.0,24819643.22,29473043.0,1.0,0.0,0.0,False,0.0,1.0,PROBABLE
VDR-12688,6.0,0.0,0.0,2.0,4.0,156596422.86,132094494.6,6.0,1.0,0.0,False,0.0,7.0,PROBABLE
VDR-10474,12.0,2.0,3.0,8.0,8.0,328172271.78,309015529.96000004,11.0,2.0,0.0,True,0.16666666666666666,14.0,EXACT
LPT-11554.corp.local,1.0,0.0,0.0,0.0,0.0,24819643.22,4233845.0,1.0,0.0,0.0,False,0.0,1.0,PROBABLE
lpt-11399,2.0,0.0,0.0,1.0,1.0,54212887.0,84093370.0,2.0,0.0,0.0,False,0.0,2.0,PROBABLE
lpt-12132,5.0,0.0,1.0,2.0,1.0,52173758.22,89619679.64,5.0,0.0,0.0,False,0.0,5.0,PROBABLE
WS_10139,1.0,0.0,0.0,1.0,0.0,41821179.0,24526192.64,1.0,0.0,0.0,False,0.0,1.0,PROBABLE
VDR-11147,7.0,1.0,0.0,3.0,2.0,146341163.22,199944818.56,6.0,1.0,0.0,True,0.14285714285714285,8.0,EXACT
LPT-11027,9.0,3.0,0.0,6.0,5.0,239128288.07999998,257842457.04,6.0,2.0,0.0,True,0.3333333333333333,11.0,EXACT
WS-10573,3.0,2.0,0.0,1.0,1.0,69383972.52,80043148.92,3.0,2.0,1.0,True,0.6666666666666666,5.0,EXACT
LPT-11663,3.0,0.0,0.0,1.0,1.0,108836713.3,77832508.64,2.0,2.0,0.0,True,0.0,5.0,EXACT
VDR-12137,1.0,0.0,0.0,1.0,1.0,7835616.0,37518049.28,0.0,2.0,0.0,True,0.0,3.0,EXACT
vdr-10138,1.0,0.0,1.0,1.0,1.0,21768814.0,3114752.0,1.0,0.0,0.0,False,0.0,1.0,PROBABLE
WS-12344.corp.local,3.0,2.0,0.0,3.0,1.0,62777080.66,52328173.28,1.0,0.0,0.0,False,0.6666666666666666,3.0,PROBABLE
LPT_11501,1.0,0.0,0.0,0.0,1.0,8388672.0,20305768.0,1.0,0.0,0.0,False,0.0,1.0,PROBABLE
ws-11719,1.0,0.0,1.0,0.0,1.0,8828224.0,4946745.0,1.0,0.0,0.0,False,0.0,1.0,PROBABLE
WS-12546,9.0,3.0,0.0,3.0,6.0,244907999.66,224751404.48000002,7.0,3.0,0.0,True,0.3333333333333333,12.0,EXACT
LPT-11162.corp.local,1.0,0.0,0.0,0.0,1.0,22078494.0,38974056.0,1.0,0.0,0.0,False,0.0,1.0,PROBABLE
LPT-12316,7.0,0.0,0.0,4.0,3.0,217223212.57999998,138745120.56,7.0,5.0,1.0,True,0.0,12.0,EXACT
LPT_12792,2.0,0.0,0.0,1.0,0.0,49639286.44,49052385.28,2.0,0.0,0.0,False,0.0,2.0,PROBABLE
WS-10572.corp.local,1.0,0.0,0.0,0.0,1.0,44415607.0,21521023.0,0.0,0.0,0.0,False,0.0,1.0,PROBABLE
lpt-12240,2.0,0.0,0.0,0.0,1.0,49639286.44,49052385.28,2.0,0.0,0.0,False,0.0,2.0,PROBABLE
ws-11975,2.0,0.0,0.0,2.0,0.0,45330265.22,68898629.0,1.0,0.0,0.0,False,0.0,2.0,PROBABLE
vdr-10053,1.0,0.0,0.0,1.0,0.0,24819643.22,10545675.0,1.0,0.0,0.0,False,0.0,1.0,PROBABLE
vdr-11927,2.0,0.0,0.0,1.0,2.0,24803608.0,61479022.0,2.0,0.0,0.0,False,0.0,2.0,PROBABLE
LPT-10097,5.0,1.0,2.0,3.0,2.0,135197742.44,86370336.16,4.0,4.0,1.0,True,0.2,9.0,EXACT
WS-11044.corp.local,1.0,0.0,0.0,0.0,1.0,17698960.0,14548078.0,1.0,0.0,0.0,False,0.0,1.0,PROBABLE
VDR_12153,1.0,0.0,0.0,1.0,1.0,9176412.16,42693752.0,1.0,0.0,0.0,False,0.0,1.0,PROBABLE
LPT-11678,6.0,0.0,0.0,3.0,3.0,150682690.66,158734744.0,6.0,5.0,0.0,True,0.0,11.0,EXACT
VDR-12269,5.0,3.0,0.0,4.0,2.0,145468465.28,153663494.6,5.0,1.0,0.0,True,0.6,6.0,EXACT
vdr-12200,2.0,2.0,0.0,2.0,0.0,78486783.0,70025054.0,1.0,0.0,0.0,False,1.0,2.0,PROBABLE
VDR-12979,7.0,1.0,0.0,3.0,4.0,218861925.16,199791424.07999998,5.0,5.0,0.0,False,0.14285714285714285,12.0,PROBABLE
VDR-12577.,0.0,0.0,0.0,0.0,0.0,0.0,0.0,0.0,0.0,0.0,True,0.0,0.0,EXACT
LPT_11335,2.0,0.0,0.0,1.0,2.0,50817579.22,49052385.28,2.0,0.0,0.0,False,0.0,2.0,PROBABLE
VDR-12983.corp.local,1.0,0.0,1.0,0.0,1.0,1746596.0,24526192.64,1.0,0.0,0.0,False,0.0,1.0,PROBABLE
vdr-11588,2.0,1.0,0.0,1.0,1.0,53915522.22,57547387.4,2.0,0.0,0.0,False,0.5,2.0,PROBABLE
WS-12165,7.0,0.0,2.0,5.0,5.0,107942051.1,129806951.6,5.0,2.0,0.0,True,0.0,9.0,EXACT
WS-11380.corp.local,2.0,1.0,0.0,1.0,1.0,53955226.0,87054762.47999999,1.0,0.0,0.0,False,0.5,2.0,PROBABLE
VDR-11099.corp.local,1.0,0.0,0.0,1.0,0.0,24009236.48,36511416.32,1.0,0.0,0.0,False,0.0,1.0,PROBABLE
WS-10871,8.0,3.0,1.0,4.0,3.0,226843472.66,167605945.56,7.0,1.0,0.0,False,0.375,9.0,PROBABLE
VDR-12646.corp.local,3.0,0.0,0.0,1.0,0.0,57850352.0,37982661.16,1.0,0.0,0.0,False,0.0,3.0,PROBABLE
VDR_11585,1.0,0.0,0.0,0.0,1.0,22268750.0,24526192.64,0.0,0.0,0.0,False,0.0,1.0,PROBABLE
WS-10828.corp.local,1.0,0.0,0.0,1.0,0.0,1637979.0,14623641.0,1.0,0.0,0.0,False,0.0,1.0,PROBABLE
WS-10507,13.0,3.0,0.0,6.0,7.0,395059471.28,331442412.8,10.0,1.0,0.0,True,0.23076923076923078,14.0,EXACT
LPT-12068,4.0,0.0,0.0,1.0,2.0,106024857.72,104741364.32,4.0,1.0,0.0,True,0.0,5.0,EXACT
WS_10781,1.0,0.0,0.0,0.0,1.0,14918451.0,12040704.0,1.0,0.0,0.0,False,0.0,1.0,PROBABLE
ws-12660,2.0,0.0,0.0,0.0,1.0,7848840.0,31265874.64,1.0,0.0,0.0,False,0.0,2.0,PROBABLE
VDR-10900.corp.local,1.0,0.0,0.0,1.0,1.0,24819643.22,42155919.36,1.0,0.0,0.0,False,0.0,1.0,PROBABLE
vdr-10167,3.0,2.0,0.0,1.0,3.0,100679976.0,58991961.28,2.0,0.0,0.0,False,0.6666666666666666,3.0,PROBABLE
LPT_10013,1.0,0.0,0.0,0.0,0.0,27932789.0,7513728.0,1.0,0.0,0.0,False,0.0,1.0,PROBABLE
VDR-11306.corp.local,2.0,1.0,0.0,2.0,2.0,46305736.0,49052385.28,2.0,0.0,0.0,False,0.5,2.0,PROBABLE
VDR-12277,6.0,0.0,0.0,3.0,1.0,81057251.47999999,114044481.92,5.0,5.0,1.0,False,0.0,11.0,PROBABLE
vdr-12750,2.0,1.0,0.0,1.0,0.0,51097384.0,59234058.24,2.0,0.0,0.0,False,0.5,2.0,PROBABLE
VDR-10576.corp.local,1.0,0.0,0.0,1.0,1.0,48101317.0,24526192.64,0.0,0.0,0.0,False,0.0,1.0,PROBABLE
vdr-10247,2.0,0.0,0.0,0.0,2.0,28251397.72,27214817.28,1.0,0.0,0.0,False,0.0,2.0,PROBABLE
LPT-11484.corp.local,2.0,0.0,0.0,1.0,1.0,21601104.0,57668577.28,2.0,0.0,0.0,False,0.0,2.0,PROBABLE
LPT-11158,6.0,0.0,0.0,2.0,4.0,148797152.76,144783383.2,6.0,3.0,0.0,True,0.0,9.0,EXACT
LPT-11609,4.0,0.0,0.0,1.0,1.0,117699472.62,115482965.64,3.0,0.0,0.0,True,0.0,4.0,EXACT
lpt-10904,1.0,0.0,0.0,1.0,1.0,3317230.0,24526192.64,1.0,0.0,0.0,False,0.0,1.0,PROBABLE
ws-12478,1.0,0.0,0.0,1.0,0.0,6852536.32,16128608.0,1.0,0.0,0.0,False,0.0,1.0,PROBABLE
LPT-11023,4.0,3.0,0.0,2.0,1.0,125927555.19999999,91356122.28,1.0,1.0,1.0,True,0.75,5.0,EXACT
VDR_11669,1.0,0.0,0.0,0.0,0.0,19257776.0,24526192.64,1.0,0.0,0.0,False,0.0,1.0,PROBABLE
WS-12713,3.0,1.0,0.0,1.0,3.0,75377047.22,78050036.64,2.0,1.0,0.0,True,0.3333333333333333,4.0,EXACT
WS-10794.corp.local,3.0,0.0,0.0,2.0,2.0,66518098.22,72779677.56,3.0,0.0,0.0,False,0.0,3.0,PROBABLE
VDR-11603,6.0,1.0,0.0,1.0,3.0,117278377.66,182688044.28,3.0,1.0,0.0,True,0.16666666666666666,7.0,EXACT
ws-11053,2.0,0.0,0.0,1.0,1.0,27819509.76,47052534.84,2.0,0.0,0.0,False,0.0,2.0,PROBABLE
VDR-10093.,0.0,0.0,0.0,0.0,0.0,0.0,0.0,0.0,0.0,0.0,True,0.0,0.0,EXACT
LPT_12603,2.0,0.0,0.0,0.0,1.0,59669341.480000004,26771301.64,2.0,0.0,0.0,False,0.0,2.0,PROBABLE
lpt-11048,1.0,0.0,0.0,0.0,0.0,24819643.22,25556893.0,1.0,0.0,0.0,False,0.0,1.0,PROBABLE
WS-12461,11.0,3.0,0.0,6.0,6.0,296697918.78,230866903.68,11.0,2.0,0.0,True,0.2727272727272727,13.0,EXACT
vdr-11922,2.0,0.0,0.0,1.0,2.0,45527154.22,28969434.64,1.0,0.0,0.0,False,0.0,2.0,PROBABLE
vdr-11712,1.0,0.0,0.0,0.0,1.0,16428204.0,11251995.0,1.0,0.0,0.0,False,0.0,1.0,PROBABLE
WS_11358,1.0,0.0,0.0,1.0,0.0,28780328.96,6835236.0,0.0,0.0,0.0,False,0.0,1.0,PROBABLE
LPT-12424.corp.local,2.0,0.0,0.0,0.0,1.0,39929970.0,67994611.0,1.0,0.0,0.0,False,0.0,2.0,PROBABLE
VDR-12095.corp.local,1.0,0.0,0.0,1.0,0.0,24819643.22,16943851.52,0.0,0.0,0.0,False,0.0,1.0,PROBABLE
LPT-12645,5.0,1.0,1.0,2.0,4.0,73713496.66,86961930.92,3.0,2.0,0.0,True,0.2,7.0,EXACT
VDR-12844,5.0,1.0,2.0,2.0,1.0,180367072.84,118388583.28,4.0,2.0,0.0,True,0.2,7.0,EXACT
WS-10156,5.0,1.0,0.0,2.0,4.0,127045180.0,146052623.92,4.0,6.0,0.0,True,0.2,11.0,EXACT
vdr-10757,1.0,0.0,0.0,1.0,1.0,22050976.0,24526192.64,1.0,0.0,0.0,False,0.0,1.0,PROBABLE
LPT-10575.,0.0,0.0,0.0,0.0,0.0,0.0,0.0,0.0,0.0,0.0,True,0.0,0.0,EXACT
lpt-11692,1.0,0.0,0.0,1.0,1.0,9594470.4,25042577.0,1.0,0.0,0.0,False,0.0,1.0,PROBABLE
WS-11521,7.0,2.0,0.0,4.0,3.0,163265377.35999998,185604637.56,6.0,1.0,0.0,True,0.2857142857142857,8.0,EXACT
lpt-10125,2.0,0.0,0.0,0.0,1.0,49076350.0,53165257.0,2.0,0.0,0.0,False,0.0,2.0,PROBABLE
lpt-12427,2.0,0.0,0.0,1.0,1.0,33473505.22,60388711.0,2.0,0.0,0.0,False,0.0,2.0,PROBABLE
VDR-11264,10.0,3.0,1.0,4.0,4.0,280265541.08,208351816.08,8.0,0.0,0.0,True,0.3,10.0,EXACT
WS-11037,5.0,1.0,1.0,0.0,3.0,130016252.66,124430172.36,5.0,2.0,0.0,True,0.2,7.0,EXACT
ws-10332,1.0,0.0,0.0,0.0,0.0,24819643.22,11251220.48,1.0,0.0,0.0,False,0.0,1.0,PROBABLE
WS-10450,8.0,4.0,1.0,6.0,2.0,184306081.96,220951648.32,6.0,1.0,0.0,True,0.5,9.0,EXACT
ws-11828,1.0,1.0,0.0,0.0,1.0,12918456.32,24526192.64,1.0,0.0,0.0,False,1.0,1.0,PROBABLE
lpt-10127,2.0,1.0,0.0,1.0,2.0,37272288.22,71325571.64,2.0,0.0,0.0,False,0.5,2.0,PROBABLE
VDR-10282,7.0,2.0,1.0,3.0,4.0,230301185.57999998,169142625.92000002,7.0,1.0,0.0,True,0.2857142857142857,8.0,EXACT
WS-10338,7.0,2.0,2.0,3.0,5.0,166475189.9,165805105.72,4.0,1.0,0.0,True,0.2857142857142857,8.0,EXACT
LPT-11824,11.0,3.0,1.0,3.0,7.0,263668626.35999998,237934551.84,10.0,4.0,0.0,True,0.2727272727272727,15.0,EXACT
VDR-11420,7.0,2.0,1.0,3.0,5.0,190751580.1,121263907.72,6.0,4.0,0.0,True,0.2857142857142857,11.0,EXACT
WS-11198.corp.local,2.0,0.0,0.0,2.0,1.0,39201356.22,53177636.64,2.0,0.0,0.0,False,0.0,2.0,PROBABLE
LPT-10775,6.0,0.0,0.0,1.0,4.0,131375191.22,102414832.8,5.0,2.0,0.0,True,0.0,8.0,EXACT
WS-12409,8.0,1.0,1.0,6.0,4.0,245218647.46,206890407.72,6.0,7.0,1.0,True,0.125,15.0,EXACT
WS-12224,9.0,1.0,1.0,3.0,3.0,196326484.74,242904339.0,9.0,2.0,0.0,True,0.1111111111111111,11.0,EXACT
VDR-12837,5.0,2.0,1.0,3.0,3.0,129892242.22,126625157.16,4.0,1.0,0.0,True,0.4,6.0,EXACT
WS-10911.corp.local,1.0,0.0,0.0,0.0,0.0,24819643.22,24526192.64,1.0,0.0,0.0,False,0.0,1.0,PROBABLE
WS-12596.corp.local,1.0,0.0,0.0,1.0,0.0,34404765.0,24526192.64,1.0,0.0,0.0,False,0.0,1.0,PROBABLE
LPT-11425,3.0,0.0,0.0,0.0,2.0,108481194.53999999,27646973.64,2.0,1.0,0.0,True,0.0,4.0,EXACT
WS-11216,5.0,0.0,0.0,3.0,3.0,97771636.22,157828013.0,4.0,0.0,0.0,True,0.0,5.0,EXACT
WS-10090,5.0,0.0,0.0,2.0,4.0,141270872.22,116213392.88,1.0,4.0,0.0,True,0.0,9.0,EXACT
WS-10261,7.0,0.0,1.0,1.0,4.0,115076630.02,186643193.28,7.0,3.0,0.0,True,0.0,10.0,EXACT
LPT-12171.corp.local,3.0,1.0,1.0,2.0,3.0,84120520.22,74968698.88,1.0,0.0,0.0,False,0.3333333333333333,3.0,PROBABLE
WS_10407,2.0,0.0,1.0,1.0,0.0,64222199.22,67386508.03999999,2.0,0.0,0.0,False,0.0,2.0,PROBABLE
VDR-12042,5.0,1.0,0.0,3.0,2.0,132355635.22,133801502.24000001,3.0,2.0,1.0,True,0.2,7.0,EXACT
WS-12677,12.0,2.0,1.0,4.0,6.0,316014965.76,311963405.16,10.0,8.0,0.0,True,0.16666666666666666,20.0,EXACT
LPT-11326,6.0,2.0,0.0,0.0,5.0,158190851.94,161108395.6,4.0,1.0,0.0,False,0.3333333333333333,7.0,PROBABLE
lpt-11131,2.0,0.0,0.0,0.0,1.0,59188226.0,62653102.08,2.0,0.0,0.0,False,0.0,2.0,PROBABLE
VDR-12971.corp.local,1.0,0.0,0.0,0.0,0.0,24819643.22,14237487.0,1.0,0.0,0.0,False,0.0,1.0,PROBABLE
VDR-11921,8.0,2.0,0.0,2.0,4.0,185492485.54,226963478.4,8.0,5.0,1.0,False,0.25,13.0,PROBABLE
LPT-12088.corp.local,1.0,0.0,0.0,0.0,0.0,41579237.0,24387401.0,1.0,0.0,0.0,False,0.0,1.0,PROBABLE
WS_11348,1.0,0.0,0.0,1.0,0.0,32023511.04,24876277.76,1.0,0.0,0.0,False,0.0,1.0,PROBABLE
WS_12671,1.0,0.0,0.0,1.0,0.0,24819643.22,24526192.64,0.0,0.0,0.0,False,0.0,1.0,PROBABLE
VDR-10247.,0.0,0.0,0.0,0.0,0.0,0.0,0.0,0.0,0.0,0.0,True,0.0,0.0,EXACT
vdr-12411,1.0,0.0,0.0,0.0,1.0,34301895.0,24526192.64,1.0,0.0,0.0,False,0.0,1.0,PROBABLE
vdr-11608,1.0,0.0,0.0,1.0,0.0,12657291.0,49597644.8,1.0,0.0,0.0,False,0.0,1.0,PROBABLE
vdr-12580,1.0,0.0,0.0,0.0,1.0,20279833.0,13058011.0,1.0,0.0,0.0,False,0.0,1.0,PROBABLE
LPT_12772,1.0,1.0,0.0,0.0,0.0,20820387.0,15841263.0,1.0,0.0,0.0,False,1.0,1.0,PROBABLE
LPT-11446,10.0,1.0,0.0,3.0,7.0,308709653.68,264153757.2,9.0,2.0,0.0,True,0.1,12.0,EXACT
WS-12037,5.0,0.0,0.0,2.0,1.0,162555031.44,98234032.28,5.0,2.0,0.0,True,0.0,7.0,EXACT
ws-10546,2.0,0.0,0.0,2.0,1.0,39541650.26,43017607.0,2.0,0.0,0.0,False,0.0,2.0,PROBABLE
ws-11708,2.0,0.0,0.0,1.0,1.0,32546881.22,48287549.44,1.0,0.0,0.0,False,0.0,2.0,PROBABLE
WS-12041,5.0,1.0,0.0,4.0,1.0,127112014.66,101965336.28,4.0,3.0,0.0,True,0.2,8.0,EXACT
LPT-10883,2.0,0.0,0.0,1.0,2.0,51257829.22,49052385.28,2.0,4.0,0.0,True,0.0,6.0,EXACT
LPT-12475,5.0,0.0,0.0,1.0,2.0,103102041.19999999,149542957.64,5.0,3.0,0.0,False,0.0,8.0,PROBABLE
lpt-12083,2.0,1.0,0.0,1.0,2.0,28204323.0,24885042.64,1.0,0.0,0.0,False,0.5,2.0,PROBABLE
WS_12365,1.0,0.0,0.0,1.0,1.0,33900462.08,29389236.0,1.0,0.0,0.0,False,0.0,1.0,PROBABLE
VDR-10664,4.0,2.0,0.0,2.0,2.0,91523920.22,78233531.64,3.0,2.0,1.0,True,0.5,6.0,EXACT
VDR-11702.corp.local,1.0,0.0,0.0,1.0,0.0,41815629.0,46437153.0,1.0,0.0,0.0,False,0.0,1.0,PROBABLE
vdr-10485,1.0,0.0,0.0,1.0,1.0,13058273.0,46328701.0,0.0,0.0,0.0,False,0.0,1.0,PROBABLE
WS_10512,2.0,0.0,0.0,1.0,2.0,67561640.22,61287846.0,2.0,0.0,0.0,False,0.0,2.0,PROBABLE
lpt-11926,2.0,1.0,0.0,1.0,1.0,55427576.66,73829794.64,1.0,0.0,0.0,False,0.5,2.0,PROBABLE
VDR-11264.corp.local,1.0,0.0,0.0,1.0,1.0,24819643.22,1558261.76,1.0,0.0,0.0,False,0.0,1.0,PROBABLE
lpt-12539,1.0,1.0,0.0,1.0,0.0,33146852.0,13691415.0,1.0,0.0,0.0,False,1.0,1.0,PROBABLE
LPT-12780,4.0,1.0,0.0,1.0,1.0,107166106.0,115758875.84,3.0,4.0,0.0,True,0.25,8.0,EXACT
WS_10014,2.0,1.0,0.0,1.0,1.0,31708893.0,64571692.64,2.0,0.0,0.0,False,0.5,2.0,PROBABLE
WS-12561,3.0,2.0,0.0,2.0,0.0,34084508.22,66949288.28,2.0,4.0,0.0,True,0.6666666666666666,7.0,EXACT
WS-11548,9.0,2.0,0.0,4.0,5.0,190511376.94,163863873.76,8.0,3.0,0.0,True,0.2222222222222222,12.0,EXACT
WS-10552,6.0,0.0,0.0,3.0,0.0,122938435.88,170363323.28,5.0,1.0,0.0,True,0.0,7.0,EXACT
LPT-10881,10.0,1.0,0.0,3.0,5.0,282975772.32,223491943.96,9.0,4.0,0.0,True,0.1,14.0,EXACT
vdr-11392,1.0,0.0,0.0,1.0,0.0,24819643.22,24526192.64,0.0,0.0,0.0,False,0.0,1.0,PROBABLE
LPT-12377.corp.local,1.0,0.0,0.0,0.0,0.0,33551490.0,45989710.0,1.0,0.0,0.0,False,0.0,1.0,PROBABLE
VDR_10361,3.0,0.0,1.0,1.0,1.0,65057660.0,85547321.44,3.0,0.0,0.0,False,0.0,3.0,PROBABLE
VDR-11344.corp.local,1.0,0.0,0.0,0.0,0.0,24819643.22,15833497.6,1.0,0.0,0.0,False,0.0,1.0,PROBABLE
VDR-11081.corp.local,1.0,0.0,0.0,1.0,0.0,31424460.0,24526192.64,1.0,0.0,0.0,False,0.0,1.0,PROBABLE
LPT-10811,13.0,3.0,3.0,5.0,5.0,374970695.88,368103903.52,13.0,4.0,0.0,True,0.23076923076923078,17.0,EXACT
LPT-10383,8.0,2.0,1.0,5.0,2.0,224015550.22,158263770.16,5.0,3.0,0.0,True,0.25,11.0,EXACT
VDR-12958.corp.local,2.0,1.0,0.0,2.0,1.0,77873091.0,42428939.84,2.0,0.0,0.0,False,0.5,2.0,PROBABLE
VDR-10012,5.0,0.0,0.0,2.0,3.0,178043070.44,111003246.0,3.0,4.0,0.0,True,0.0,9.0,EXACT
WS_10070,1.0,0.0,0.0,0.0,0.0,11856864.0,24526192.64,0.0,0.0,0.0,False,0.0,1.0,PROBABLE
vdr-11090,1.0,0.0,0.0,0.0,1.0,24819643.22,9042339.84,1.0,0.0,0.0,False,0.0,1.0,PROBABLE
WS-10696,9.0,3.0,2.0,2.0,6.0,273156358.65999997,216772958.16,9.0,6.0,0.0,True,0.3333333333333333,15.0,EXACT
ws-12845,1.0,0.0,0.0,0.0,0.0,24819643.22,2949020.0,1.0,0.0,0.0,False,0.0,1.0,PROBABLE
VDR-10167,13.0,3.0,1.0,6.0,8.0,313172414.62,319934642.24,9.0,1.0,0.0,True,0.23076923076923078,14.0,EXACT
VDR-10674,9.0,1.0,1.0,5.0,7.0,246537838.74,239682166.92000002,7.0,4.0,1.0,True,0.1111111111111111,13.0,EXACT
VDR-11210,7.0,2.0,0.0,4.0,3.0,151540654.42,177725703.2,5.0,7.0,2.0,True,0.2857142857142857,14.0,EXACT
VDR-10005.corp.local,1.0,0.0,0.0,1.0,0.0,28256109.0,22830034.0,1.0,0.0,0.0,False,0.0,1.0,PROBABLE
VDR-10673.corp.local,1.0,0.0,0.0,0.0,0.0,29893732.0,21301832.0,1.0,0.0,0.0,False,0.0,1.0,PROBABLE
VDR_12404,1.0,0.0,0.0,1.0,0.0,24819643.22,24526192.64,1.0,0.0,0.0,False,0.0,1.0,PROBABLE
LPT-11480.corp.local,1.0,0.0,0.0,1.0,1.0,14790689.0,6549259.0,1.0,0.0,0.0,False,0.0,1.0,PROBABLE
VDR-11363,5.0,2.0,0.0,2.0,3.0,88902445.97999999,152382138.64,4.0,3.0,0.0,False,0.4,8.0,PROBABLE
vdr-10977,1.0,0.0,0.0,1.0,1.0,10043106.0,24526192.64,1.0,0.0,0.0,False,0.0,1.0,PROBABLE
VDR-11954,6.0,4.0,1.0,2.0,4.0,188275691.32,126839259.56,6.0,3.0,0.0,True,0.6666666666666666,9.0,EXACT
vdr-12235,1.0,0.0,0.0,1.0,0.0,24819643.22,24526192.64,1.0,0.0,0.0,False,0.0,1.0,PROBABLE
VDR-12500,6.0,1.0,0.0,3.0,3.0,164195379.0,162432072.84,6.0,1.0,0.0,True,0.16666666666666666,7.0,EXACT
lpt-10223,1.0,0.0,0.0,0.0,1.0,832969.0,35328482.0,1.0,0.0,0.0,False,0.0,1.0,PROBABLE
LPT-11970,10.0,5.0,0.0,4.0,5.0,306161804.1,240797712.52,9.0,3.0,0.0,True,0.5,13.0,EXACT
ws-10445,2.0,0.0,0.0,1.0,2.0,77742196.12,31807005.64,1.0,0.0,0.0,False,0.0,2.0,PROBABLE
lpt-10669,1.0,0.0,1.0,1.0,1.0,24819643.22,12957695.0,1.0,0.0,0.0,False,0.0,1.0,PROBABLE
lpt-11683,1.0,0.0,0.0,1.0,1.0,14163836.0,3978885.0,1.0,0.0,0.0,False,0.0,1.0,PROBABLE
LPT-10382,5.0,2.0,0.0,4.0,1.0,118059125.02,82980416.64,5.0,2.0,0.0,True,0.4,7.0,EXACT
WS-11738.corp.local,1.0,0.0,0.0,1.0,1.0,13552546.0,24526192.64,1.0,0.0,0.0,False,0.0,1.0,PROBABLE
VDR_11650,1.0,0.0,0.0,0.0,1.0,23664387.0,24526192.64,0.0,0.0,0.0,False,0.0,1.0,PROBABLE
WS_10367,2.0,0.0,0.0,2.0,1.0,8550138.0,61938601.64,2.0,0.0,0.0,False,0.0,2.0,PROBABLE
WS-12822,14.0,3.0,2.0,5.0,8.0,363157760.46,382189616.4,13.0,2.0,0.0,True,0.21428571428571427,16.0,EXACT
VDR-11316,9.0,2.0,0.0,7.0,5.0,277212957.04,186856900.2,6.0,4.0,0.0,True,0.2222222222222222,13.0,EXACT
lpt-10705,2.0,1.0,0.0,1.0,2.0,56233953.22,36130252.64,2.0,0.0,0.0,False,0.5,2.0,PROBABLE
LPT-11875.corp.local,1.0,0.0,0.0,0.0,1.0,27682705.0,14407612.0,1.0,0.0,0.0,False,0.0,1.0,PROBABLE
VDR-10542,9.0,2.0,0.0,4.0,1.0,219562085.84,272963462.36,8.0,4.0,1.0,True,0.2222222222222222,13.0,EXACT
lpt-11202,2.0,1.0,0.0,0.0,1.0,43434491.22,75758165.0,2.0,0.0,0.0,False,0.5,2.0,PROBABLE
LPT-11005.corp.local,2.0,0.0,0.0,2.0,1.0,49639286.44,56748754.0,2.0,0.0,0.0,False,0.0,2.0,PROBABLE
VDR-12353.corp.local,2.0,1.0,0.0,1.0,1.0,35868216.519999996,49052385.28,2.0,0.0,0.0,False,0.5,2.0,PROBABLE
LPT-10950,5.0,2.0,1.0,3.0,1.0,85599523.48,126269788.24,5.0,3.0,2.0,True,0.4,8.0,EXACT
VDR_11412,1.0,0.0,1.0,1.0,1.0,24819643.22,24526192.64,1.0,0.0,0.0,False,0.0,1.0,PROBABLE
ws-12680,1.0,0.0,0.0,1.0,1.0,40415507.0,36402813.0,1.0,0.0,0.0,False,0.0,1.0,PROBABLE
VDR_12338,1.0,0.0,1.0,1.0,0.0,38853416.96,44486907.0,1.0,0.0,0.0,False,0.0,1.0,PROBABLE
vdr-11527,1.0,0.0,0.0,0.0,1.0,24819643.22,21836093.0,1.0,0.0,0.0,False,0.0,1.0,PROBABLE
lpt-12105,2.0,0.0,1.0,1.0,0.0,54957037.0,22445388.4,1.0,0.0,0.0,False,0.0,2.0,PROBABLE
LPT-11640,7.0,1.0,1.0,4.0,3.0,208107747.92,190169812.24,7.0,0.0,0.0,True,0.14285714285714285,7.0,EXACT
WS-11352,5.0,0.0,1.0,3.0,3.0,106837248.92,110208508.0,5.0,4.0,0.0,True,0.0,9.0,EXACT
lpt-10418,4.0,1.0,1.0,2.0,3.0,116766302.22,84278626.64,3.0,0.0,0.0,False,0.25,4.0,PROBABLE
LPT-12000,6.0,1.0,0.0,3.0,2.0,108288479.44,146302387.2,4.0,2.0,0.0,False,0.16666666666666666,8.0,PROBABLE
VDR-11861,5.0,0.0,1.0,3.0,4.0,133073347.66,141954099.16,2.0,1.0,0.0,True,0.0,6.0,EXACT
WS-10148,5.0,1.0,2.0,3.0,2.0,105972267.92,115152958.08,4.0,3.0,0.0,True,0.2,8.0,EXACT
WS-12679,4.0,1.0,0.0,2.0,4.0,99068051.22,107670570.96000001,3.0,2.0,0.0,True,0.25,6.0,EXACT
VDR-12251.corp.local,1.0,0.0,0.0,0.0,1.0,11044296.0,24526192.64,1.0,0.0,0.0,False,0.0,1.0,PROBABLE
LPT_11208,2.0,0.0,0.0,0.0,1.0,85102428.16,45912222.0,1.0,0.0,0.0,False,0.0,2.0,PROBABLE
LPT-10416,8.0,2.0,1.0,4.0,5.0,228269918.62,241229569.92000002,7.0,2.0,0.0,True,0.25,10.0,EXACT
LPT-12275.corp.local,1.0,1.0,1.0,1.0,1.0,1568288.0,24526192.64,1.0,0.0,0.0,False,1.0,1.0,PROBABLE
WS-11141,8.0,1.0,1.0,5.0,4.0,170377240.34,187785265.56,6.0,4.0,0.0,True,0.125,12.0,EXACT
VDR-10348,4.0,3.0,0.0,0.0,2.0,127008980.22,144201178.64,4.0,2.0,0.0,True,0.75,6.0,EXACT
VDR-12646,7.0,1.0,1.0,4.0,3.0,186919078.44,180170474.72,6.0,4.0,0.0,True,0.14285714285714285,11.0,EXACT
WS-10681.corp.local,2.0,0.0,0.0,1.0,2.0,25267605.22,40359875.64,2.0,0.0,0.0,False,0.0,2.0,PROBABLE
WS-11894,6.0,1.0,0.0,4.0,3.0,126656195.62,148292451.92000002,4.0,4.0,0.0,False,0.16666666666666666,10.0,PROBABLE
VDR-11731.corp.local,1.0,0.0,0.0,0.0,0.0,33934939.0,29441865.0,1.0,0.0,0.0,False,0.0,1.0,PROBABLE
LPT-10904.corp.local,1.0,0.0,0.0,1.0,1.0,5049231.36,5631065.0,1.0,0.0,0.0,False,0.0,1.0,PROBABLE
LPT-10001.,0.0,0.0,0.0,0.0,0.0,0.0,0.0,0.0,0.0,0.0,True,0.0,0.0,EXACT
VDR-10833.,0.0,0.0,0.0,0.0,0.0,0.0,0.0,0.0,0.0,0.0,True,0.0,0.0,EXACT
ws-11464,2.0,1.0,0.0,1.0,1.0,56523179.0,84300553.32,2.0,0.0,0.0,False,0.5,2.0,PROBABLE
vdr-12150,2.0,0.0,1.0,1.0,1.0,70049031.52,39216742.4,2.0,0.0,0.0,False,0.0,2.0,PROBABLE
VDR-12893,12.0,3.0,2.0,5.0,8.0,274893972.42,229084797.28,12.0,3.0,0.0,True,0.25,15.0,EXACT
VDR_10354,2.0,1.0,1.0,2.0,1.0,74685126.4,72593763.0,2.0,0.0,0.0,False,0.5,2.0,PROBABLE
WS-11502,4.0,1.0,1.0,2.0,2.0,125379953.47999999,130757193.28,4.0,2.0,0.0,True,0.25,6.0,EXACT
WS-12637,5.0,2.0,1.0,3.0,4.0,128330985.66,134910433.68,5.0,2.0,1.0,True,0.4,7.0,EXACT
WS-10870,7.0,1.0,0.0,2.0,7.0,182301395.4,174220614.52,5.0,3.0,0.0,True,0.14285714285714285,10.0,EXACT
ws-10043,2.0,0.0,1.0,1.0,1.0,41166957.36,74403819.64,2.0,0.0,0.0,False,0.0,2.0,PROBABLE
WS-10111.corp.local,1.0,0.0,0.0,0.0,1.0,9964718.08,16521094.0,0.0,0.0,0.0,False,0.0,1.0,PROBABLE
VDR-10759,11.0,3.0,2.0,4.0,7.0,264065786.14,228022808.24,11.0,1.0,0.0,True,0.2727272727272727,12.0,EXACT
LPT-11837,7.0,1.0,0.0,3.0,5.0,185977570.44,170989678.2,7.0,1.0,0.0,True,0.14285714285714285,8.0,EXACT
VDR-10354.corp.local,3.0,1.0,0.0,2.0,1.0,98403303.08,64749403.28,3.0,0.0,0.0,False,0.3333333333333333,3.0,PROBABLE
WS-12834,11.0,1.0,0.0,8.0,8.0,278613312.15999997,276366635.92,11.0,1.0,1.0,True,0.09090909090909091,12.0,EXACT
VDR-11596,10.0,3.0,0.0,4.0,6.0,212338695.04,204103108.12,10.0,1.0,0.0,True,0.3,11.0,EXACT
LPT-11664.corp.local,2.0,0.0,0.0,2.0,0.0,73466126.0,65777292.64,2.0,0.0,0.0,False,0.0,2.0,PROBABLE
WS_10994,1.0,0.0,0.0,0.0,1.0,24819643.22,31532694.0,1.0,0.0,0.0,False,0.0,1.0,PROBABLE
VDR-10919,3.0,0.0,0.0,0.0,1.0,68592185.0,67887265.64,3.0,1.0,0.0,True,0.0,4.0,EXACT
lpt-11161,2.0,0.0,0.0,1.0,1.0,74791495.22,41481666.56,2.0,0.0,0.0,False,0.0,2.0,PROBABLE
ws-11126,2.0,0.0,0.0,1.0,1.0,49110027.0,31713796.0,2.0,0.0,0.0,False,0.0,2.0,PROBABLE
LPT-10671,10.0,2.0,2.0,6.0,5.0,219304265.22,253623538.88,9.0,4.0,1.0,True,0.2,14.0,EXACT
LPT_10797,1.0,0.0,0.0,0.0,0.0,4898488.32,31618062.0,1.0,0.0,0.0,False,0.0,1.0,PROBABLE
lpt-12617,2.0,1.0,1.0,0.0,1.0,42408604.5,63131934.72,2.0,0.0,0.0,False,0.5,2.0,PROBABLE
vdr-12836,1.0,0.0,0.0,1.0,1.0,26016945.0,41076909.0,1.0,0.0,0.0,False,0.0,1.0,PROBABLE
ws-10974,1.0,0.0,0.0,0.0,1.0,15503734.0,24526192.64,1.0,0.0,0.0,False,0.0,1.0,PROBABLE
ws-10959,3.0,0.0,0.0,2.0,2.0,128593356.48,62061241.28,2.0,0.0,0.0,False,0.0,3.0,PROBABLE
LPT-11088,6.0,4.0,0.0,2.0,2.0,136847501.14,142541538.48,6.0,1.0,0.0,True,0.6666666666666666,7.0,EXACT
LPT-12583.corp.local,1.0,0.0,0.0,0.0,0.0,32227851.0,24526192.64,1.0,0.0,0.0,False,0.0,1.0,PROBABLE
vdr-10033,1.0,0.0,0.0,1.0,1.0,25729105.92,24526192.64,1.0,0.0,0.0,False,0.0,1.0,PROBABLE
LPT-10522.corp.local,1.0,1.0,0.0,0.0,0.0,24819643.22,24526192.64,1.0,0.0,0.0,False,1.0,1.0,PROBABLE
ws-11361,1.0,0.0,0.0,0.0,1.0,22750905.0,5453157.0,1.0,0.0,0.0,False,0.0,1.0,PROBABLE
VDR-11889,6.0,1.0,1.0,5.0,1.0,135863574.44,134790514.28,6.0,2.0,0.0,True,0.16666666666666666,8.0,EXACT
LPT_12672,2.0,0.0,0.0,2.0,1.0,27262825.299999997,67507008.0,2.0,0.0,0.0,False,0.0,2.0,PROBABLE
LPT_11554,3.0,0.0,0.0,3.0,1.0,64588584.22,104281145.64,3.0,0.0,0.0,False,0.0,3.0,PROBABLE
LPT-11220,7.0,1.0,0.0,4.0,4.0,116967005.38,203729800.2,6.0,4.0,2.0,True,0.14285714285714285,11.0,EXACT
VDR-11166,5.0,0.0,1.0,2.0,5.0,182689277.22,149891084.32,1.0,4.0,0.0,True,0.0,9.0,EXACT
lpt-12169,1.0,0.0,0.0,1.0,1.0,43402670.08,28850505.0,1.0,0.0,0.0,False,0.0,1.0,PROBABLE
VDR-11583,6.0,1.0,1.0,4.0,3.0,167840997.44,185653189.52,3.0,3.0,0.0,True,0.16666666666666666,9.0,EXACT
LPT-12903,6.0,0.0,2.0,3.0,2.0,133303434.44,137374147.56,6.0,2.0,0.0,False,0.0,8.0,PROBABLE
LPT-12260,7.0,2.0,0.0,6.0,3.0,112616017.22,158481915.84,5.0,2.0,0.0,True,0.2857142857142857,9.0,EXACT
LPT-10289.corp.local,1.0,0.0,0.0,1.0,0.0,24819643.22,33577654.0,1.0,0.0,0.0,False,0.0,1.0,PROBABLE
VDR-10772,6.0,0.0,0.0,4.0,1.0,100309272.56,134027376.24000001,5.0,2.0,0.0,True,0.0,8.0,EXACT
VDR-11872,4.0,2.0,0.0,2.0,0.0,169489025.96,72780737.96000001,3.0,6.0,0.0,False,0.5,10.0,PROBABLE
vdr-11002,3.0,0.0,0.0,0.0,2.0,87131451.22,43467065.760000005,3.0,0.0,0.0,False,0.0,3.0,PROBABLE
VDR-12096,3.0,1.0,0.0,0.0,1.0,62721461.18,65366969.64,3.0,3.0,1.0,True,0.3333333333333333,6.0,EXACT
vdr-11557,1.0,1.0,0.0,0.0,1.0,8166061.0,28776178.0,1.0,0.0,0.0,False,1.0,1.0,PROBABLE
VDR-10438.corp.local,1.0,1.0,0.0,0.0,0.0,24712457.0,10319396.0,1.0,0.0,0.0,False,1.0,1.0,PROBABLE
ws-10878,2.0,0.0,0.0,1.0,1.0,61486308.0,49052385.28,2.0,0.0,0.0,False,0.0,2.0,PROBABLE
ws-12165,2.0,2.0,0.0,2.0,1.0,35569366.22,65923041.0,1.0,0.0,0.0,False,1.0,2.0,PROBABLE
LPT-12993,5.0,1.0,0.0,4.0,1.0,106693483.14,123962256.36,5.0,4.0,1.0,True,0.2,9.0,EXACT
LPT-12322.,0.0,0.0,0.0,0.0,0.0,0.0,0.0,0.0,0.0,0.0,True,0.0,0.0,EXACT
VDR-11499.corp.local,1.0,0.0,0.0,0.0,1.0,10864262.0,42434017.0,0.0,0.0,0.0,False,0.0,1.0,PROBABLE
LPT-11826.corp.local,2.0,0.0,0.0,1.0,2.0,38208598.22,35706313.0,2.0,0.0,0.0,False,0.0,2.0,PROBABLE
LPT-10182,6.0,2.0,0.0,2.0,5.0,109103675.44,144566244.04,5.0,1.0,0.0,True,0.3333333333333333,7.0,EXACT
lpt-10719,1.0,0.0,0.0,1.0,0.0,7159255.04,9480864.0,1.0,0.0,0.0,False,0.0,1.0,PROBABLE
WS_10241,1.0,0.0,0.0,1.0,1.0,19108741.0,35139471.0,1.0,0.0,0.0,False,0.0,1.0,PROBABLE
VDR-10783.corp.local,2.0,1.0,0.0,2.0,1.0,49639286.44,60146462.72,2.0,0.0,0.0,False,0.5,2.0,PROBABLE
VDR_11874,1.0,0.0,0.0,1.0,0.0,34581057.0,24526192.64,1.0,0.0,0.0,False,0.0,1.0,PROBABLE
vdr-12181,2.0,0.0,0.0,0.0,2.0,44345255.0,46765107.2,2.0,0.0,0.0,False,0.0,2.0,PROBABLE
VDR_10788,1.0,0.0,0.0,1.0,1.0,35526652.0,24526192.64,1.0,0.0,0.0,False,0.0,1.0,PROBABLE
VDR-10848,5.0,1.0,0.0,2.0,2.0,134438156.66,181502569.52,5.0,4.0,0.0,True,0.2,9.0,EXACT
WS-12876,10.0,3.0,1.0,6.0,4.0,214468947.04,278192384.6,8.0,1.0,0.0,True,0.3,11.0,EXACT
VDR-12310,5.0,0.0,0.0,1.0,2.0,87433816.53999999,66418955.28,4.0,4.0,1.0,True,0.0,9.0,EXACT
vdr-12002,1.0,0.0,0.0,1.0,0.0,32715571.2,24526192.64,1.0,0.0,0.0,False,0.0,1.0,PROBABLE
WS-11651.corp.local,2.0,1.0,0.0,1.0,2.0,61774455.22,15237342.0,2.0,0.0,0.0,False,0.5,2.0,PROBABLE
LPT-10431,3.0,1.0,0.0,2.0,2.0,50606789.45999999,86259112.56,1.0,4.0,0.0,True,0.3333333333333333,7.0,EXACT
WS-10074,7.0,2.0,1.0,5.0,2.0,127848865.22,142923533.4,7.0,0.0,0.0,True,0.2857142857142857,7.0,EXACT
lpt-11029,3.0,0.0,0.0,0.0,2.0,100535995.0,66522604.64,3.0,0.0,0.0,False,0.0,3.0,PROBABLE
LPT-12296.corp.local,1.0,0.0,1.0,0.0,1.0,24819643.22,41618903.04,1.0,0.0,0.0,False,0.0,1.0,PROBABLE
VDR-11877,12.0,1.0,0.0,5.0,5.0,310610460.44,309849904.68,10.0,2.0,0.0,True,0.08333333333333333,14.0,EXACT
LPT-10460,4.0,0.0,0.0,2.0,2.0,100305825.22,88590155.92,4.0,3.0,0.0,True,0.0,7.0,EXACT
WS_11654,1.0,0.0,0.0,1.0,0.0,45295116.0,38903076.0,1.0,0.0,0.0,False,0.0,1.0,PROBABLE
ws-11761,2.0,1.0,0.0,1.0,2.0,25297060.22,49052385.28,2.0,0.0,0.0,False,0.5,2.0,PROBABLE
VDR-11600,7.0,1.0,2.0,4.0,3.0,180207980.76,193178631.28,7.0,2.0,1.0,True,0.14285714285714285,9.0,EXACT
WS-11348.corp.local,1.0,0.0,0.0,0.0,0.0,24819643.22,4118723.0,1.0,0.0,0.0,False,0.0,1.0,PROBABLE
VDR_11392,1.0,0.0,0.0,1.0,1.0,24819643.22,38874208.0,1.0,0.0,0.0,False,0.0,1.0,PROBABLE
VDR-11237.corp.local,1.0,1.0,0.0,1.0,0.0,7790919.68,10586889.0,1.0,0.0,0.0,False,1.0,1.0,PROBABLE
WS-10317.corp.local,1.0,0.0,0.0,0.0,1.0,24819643.22,49482301.44,1.0,0.0,0.0,False,0.0,1.0,PROBABLE
VDR-11047.corp.local,1.0,1.0,0.0,0.0,0.0,24819643.22,7318169.0,1.0,0.0,0.0,False,1.0,1.0,PROBABLE
ws-12469,1.0,0.0,0.0,0.0,0.0,40742698.0,13118807.0,1.0,0.0,0.0,False,0.0,1.0,PROBABLE
WS-12274,7.0,3.0,0.0,0.0,2.0,210601147.66,178537540.48,6.0,1.0,0.0,True,0.42857142857142855,8.0,EXACT
lpt-10980,2.0,1.0,0.0,1.0,1.0,63326114.0,49052385.28,2.0,0.0,0.0,False,0.5,2.0,PROBABLE
LPT-11577,4.0,2.0,0.0,2.0,3.0,104530914.22,98579973.0,2.0,5.0,0.0,False,0.5,9.0,PROBABLE
ws-10256,1.0,0.0,0.0,1.0,1.0,32319676.0,29658647.0,1.0,0.0,0.0,False,0.0,1.0,PROBABLE
VDR-10193,9.0,1.0,0.0,3.0,6.0,221905701.22,213381850.2,8.0,2.0,0.0,True,0.1111111111111111,11.0,EXACT
LPT-10892,8.0,3.0,1.0,3.0,4.0,214379508.98,204902843.92000002,8.0,5.0,0.0,True,0.375,13.0,EXACT
vdr-11400,1.0,0.0,1.0,1.0,1.0,2364406.0,10133025.0,1.0,0.0,0.0,False,0.0,1.0,PROBABLE
vdr-11350,2.0,2.0,0.0,0.0,1.0,58170137.22,63024247.64,2.0,0.0,0.0,False,1.0,2.0,PROBABLE
WS-10946,7.0,1.0,1.0,1.0,4.0,192153106.92,154733420.28,4.0,2.0,1.0,True,0.14285714285714285,9.0,EXACT
LPT-11890.corp.local,2.0,0.0,0.0,2.0,2.0,82467709.0,70049054.0,0.0,0.0,0.0,False,0.0,2.0,PROBABLE
vdr-10060,1.0,1.0,0.0,0.0,1.0,23047700.48,24526192.64,1.0,0.0,0.0,False,1.0,1.0,PROBABLE
lpt-11764,3.0,0.0,1.0,1.0,1.0,78280157.72,114457229.64,3.0,0.0,0.0,False,0.0,3.0,PROBABLE
LPT-12852,5.0,2.0,0.0,3.0,4.0,130626227.17999999,126207333.64,4.0,4.0,0.0,True,0.4,9.0,EXACT
VDR-11033,7.0,3.0,1.0,1.0,2.0,234695988.76,197996124.76,6.0,3.0,0.0,True,0.42857142857142855,10.0,EXACT
LPT_12143,1.0,1.0,0.0,1.0,0.0,31142707.2,32099252.0,1.0,0.0,0.0,False,1.0,1.0,PROBABLE
LPT_12428,2.0,0.0,0.0,2.0,0.0,12624906.24,31955026.64,1.0,0.0,0.0,False,0.0,2.0,PROBABLE
LPT-11880,8.0,0.0,1.0,6.0,3.0,195147850.8,166577810.68,7.0,3.0,0.0,True,0.0,11.0,EXACT
LPT_10028,1.0,0.0,0.0,0.0,1.0,24819643.22,24808789.0,1.0,0.0,0.0,False,0.0,1.0,PROBABLE
ws-10916,1.0,0.0,0.0,0.0,1.0,17952352.0,24526192.64,1.0,0.0,0.0,False,0.0,1.0,PROBABLE
LPT-10065,13.0,5.0,1.0,5.0,2.0,322061215.94,348820796.4,10.0,4.0,0.0,True,0.38461538461538464,17.0,EXACT
LPT-12402.corp.local,2.0,0.0,0.0,0.0,1.0,47755563.86,64571310.08,1.0,0.0,0.0,False,0.0,2.0,PROBABLE
WS-12866,6.0,2.0,1.0,3.0,3.0,122620270.88,142064304.64,6.0,2.0,0.0,True,0.3333333333333333,8.0,EXACT
VDR_10648,1.0,0.0,0.0,0.0,1.0,24819643.22,3345774.0,1.0,0.0,0.0,False,0.0,1.0,PROBABLE
VDR-11973,4.0,2.0,0.0,2.0,3.0,106741900.66,114817827.92,4.0,6.0,0.0,False,0.5,10.0,PROBABLE
LPT-12347.corp.local,1.0,1.0,0.0,0.0,0.0,24819643.22,24526192.64,0.0,0.0,0.0,False,1.0,1.0,PROBABLE
WS-11450.corp.local,1.0,0.0,0.0,1.0,0.0,15791094.0,24526192.64,1.0,0.0,0.0,False,0.0,1.0,PROBABLE
WS-11641,6.0,2.0,0.0,3.0,2.0,156248632.7,179067125.92,5.0,3.0,1.0,True,0.3333333333333333,9.0,EXACT
VDR-10875,8.0,2.0,1.0,2.0,4.0,150742100.12,196141779.56,7.0,1.0,0.0,True,0.25,9.0,EXACT
vdr-12388,1.0,0.0,0.0,0.0,1.0,17897358.0,36344243.0,1.0,0.0,0.0,False,0.0,1.0,PROBABLE
WS-12511.corp.local,1.0,0.0,0.0,1.0,0.0,24819643.22,14446801.0,1.0,0.0,0.0,False,0.0,1.0,PROBABLE
VDR-10529.,0.0,0.0,0.0,0.0,0.0,0.0,0.0,0.0,0.0,0.0,True,0.0,0.0,EXACT
lpt-10840,1.0,1.0,0.0,0.0,0.0,38466457.0,38787892.0,1.0,0.0,0.0,False,1.0,1.0,PROBABLE
VDR_10018,2.0,0.0,0.0,2.0,1.0,75617431.0,48466288.0,2.0,0.0,0.0,False,0.0,2.0,PROBABLE
WS_12606,1.0,0.0,0.0,0.0,1.0,5157847.0,31203519.0,1.0,0.0,0.0,False,0.0,1.0,PROBABLE
LPT-12877,6.0,1.0,0.0,3.0,5.0,170290726.44,146764608.52,6.0,4.0,0.0,True,0.16666666666666666,10.0,EXACT
LPT-10216,5.0,1.0,0.0,3.0,4.0,114502581.66,132251933.92,5.0,4.0,0.0,True,0.2,9.0,EXACT
LPT_10377,3.0,1.0,0.0,2.0,2.0,43278016.56,101920574.44,2.0,0.0,0.0,False,0.3333333333333333,3.0,PROBABLE
VDR_10692,1.0,0.0,0.0,1.0,0.0,21157514.0,44940893.0,1.0,0.0,0.0,False,0.0,1.0,PROBABLE
LPT-10863.corp.local,1.0,0.0,0.0,1.0,1.0,24819643.22,49817010.0,1.0,0.0,0.0,False,0.0,1.0,PROBABLE
lpt-10076,2.0,0.0,1.0,1.0,1.0,25669614.22,50554930.0,1.0,0.0,0.0,False,0.0,2.0,PROBABLE
WS-11391.corp.local,1.0,0.0,0.0,0.0,0.0,15099494.4,34943720.0,1.0,0.0,0.0,False,0.0,1.0,PROBABLE
VDR-12806,3.0,1.0,0.0,2.0,0.0,79000601.22,89339381.76,2.0,1.0,0.0,True,0.3333333333333333,4.0,EXACT
LPT-11786.corp.local,1.0,0.0,0.0,1.0,1.0,20440752.0,33550850.0,1.0,0.0,0.0,False,0.0,1.0,PROBABLE
lpt-11950,4.0,0.0,0.0,2.0,2.0,79157658.9,132979115.0,4.0,0.0,0.0,False,0.0,4.0,PROBABLE
WS_12862,1.0,0.0,0.0,1.0,1.0,37918.0,24526192.64,1.0,0.0,0.0,False,0.0,1.0,PROBABLE
LPT-10496,8.0,1.0,1.0,1.0,5.0,212175702.1,192574751.12,7.0,1.0,1.0,True,0.125,9.0,EXACT
VDR-12748,9.0,1.0,1.0,4.0,5.0,247567922.56,237810545.92,8.0,5.0,0.0,True,0.1111111111111111,14.0,EXACT
vdr-10206,1.0,0.0,0.0,1.0,1.0,24819643.22,9718740.0,1.0,0.0,0.0,False,0.0,1.0,PROBABLE
lpt-12783,2.0,0.0,0.0,1.0,1.0,39584932.22,48548478.64,2.0,0.0,0.0,False,0.0,2.0,PROBABLE
ws-12097,3.0,0.0,1.0,2.0,2.0,87308341.42,117152647.92,3.0,0.0,0.0,False,0.0,3.0,PROBABLE
ws-11749,2.0,0.0,0.0,2.0,2.0,28700451.28,71418949.64,2.0,0.0,0.0,False,0.0,2.0,PROBABLE
LPT-12133,7.0,2.0,1.0,3.0,6.0,199113737.64,228738410.6,4.0,2.0,0.0,True,0.2857142857142857,9.0,EXACT
VDR-10666.corp.local,4.0,2.0,0.0,2.0,0.0,86663846.78,72505304.28,3.0,0.0,0.0,False,0.5,4.0,PROBABLE
ws-10812,6.0,1.0,0.0,4.0,2.0,174957292.44,95396852.28,6.0,0.0,0.0,False,0.16666666666666666,6.0,PROBABLE
WS_11127,1.0,0.0,0.0,0.0,0.0,4477419.52,24526192.64,1.0,0.0,0.0,False,0.0,1.0,PROBABLE
VDR-11419,5.0,1.0,0.0,2.0,4.0,102828345.88,91634116.24000001,5.0,1.0,0.0,True,0.2,6.0,EXACT
lpt-12939,2.0,0.0,0.0,0.0,1.0,28875431.32,37169375.64,2.0,0.0,0.0,False,0.0,2.0,PROBABLE
vdr-11812,1.0,0.0,0.0,1.0,1.0,17717574.0,4497321.0,1.0,0.0,0.0,False,0.0,1.0,PROBABLE
VDR-10093.corp.local,1.0,0.0,0.0,1.0,0.0,13693491.0,24526192.64,1.0,0.0,0.0,False,0.0,1.0,PROBABLE
LPT-12008,9.0,2.0,0.0,5.0,2.0,196990316.46,270387304.88,9.0,3.0,0.0,True,0.2222222222222222,12.0,EXACT
WS-12870,11.0,5.0,3.0,7.0,7.0,208364791.88,275537874.2,10.0,1.0,0.0,True,0.45454545454545453,12.0,EXACT
LPT-11156.corp.local,1.0,0.0,0.0,1.0,0.0,46352836.0,24526192.64,1.0,0.0,0.0,False,0.0,1.0,PROBABLE
VDR-10427.corp.local,1.0,0.0,0.0,1.0,1.0,24036217.0,24526192.64,1.0,0.0,0.0,False,0.0,1.0,PROBABLE
ws-12987,1.0,0.0,0.0,1.0,1.0,39482708.0,24329488.0,1.0,0.0,0.0,False,0.0,1.0,PROBABLE
LPT-12349,9.0,0.0,1.0,6.0,3.0,226457763.18,228253483.48000002,8.0,1.0,0.0,True,0.0,10.0,EXACT
LPT-11891.corp.local,1.0,0.0,0.0,1.0,0.0,14573075.0,34785716.0,0.0,0.0,0.0,False,0.0,1.0,PROBABLE
ws-11687,2.0,0.0,0.0,1.0,2.0,26122539.22,55328686.64,2.0,0.0,0.0,False,0.0,2.0,PROBABLE
ws-11182,1.0,0.0,0.0,1.0,1.0,21357902.0,24526192.64,0.0,0.0,0.0,False,0.0,1.0,PROBABLE
VDR-12801.corp.local,2.0,0.0,0.0,0.0,0.0,44868416.34,46725764.0,1.0,0.0,0.0,False,0.0,2.0,PROBABLE
WS-10392.corp.local,3.0,0.0,0.0,2.0,2.0,51928402.22,58986328.28,3.0,0.0,0.0,False,0.0,3.0,PROBABLE
lpt-10173,3.0,0.0,2.0,1.0,1.0,123031218.0,89174523.28,3.0,0.0,0.0,False,0.0,3.0,PROBABLE
VDR-10457,6.0,1.0,0.0,4.0,0.0,193885623.48,90313087.8,5.0,2.0,0.0,True,0.16666666666666666,8.0,EXACT
WS-12495,5.0,1.0,1.0,3.0,1.0,149324240.01999998,137945278.4,5.0,1.0,0.0,True,0.2,6.0,EXACT
LPT_10416,1.0,0.0,0.0,0.0,1.0,24529366.0,18177375.0,1.0,0.0,0.0,False,0.0,1.0,PROBABLE
VDR-11632,10.0,4.0,1.0,6.0,9.0,253164346.44,271817360.56,10.0,4.0,0.0,False,0.4,14.0,PROBABLE
LPT-11138,9.0,3.0,0.0,4.0,4.0,210262580.42,251782426.48000002,8.0,3.0,0.0,True,0.3333333333333333,12.0,EXACT
VDR-12123.corp.local,1.0,0.0,1.0,0.0,0.0,11908586.0,24526192.64,1.0,0.0,0.0,False,0.0,1.0,PROBABLE
LPT_10104,3.0,0.0,1.0,1.0,1.0,82941380.22,79749359.64,3.0,0.0,0.0,False,0.0,3.0,PROBABLE
lpt-12331,1.0,0.0,0.0,1.0,1.0,14445247.0,26724786.0,1.0,0.0,0.0,False,0.0,1.0,PROBABLE
LPT-11472.corp.local,2.0,0.0,0.0,2.0,2.0,49639286.44,47201689.6,2.0,0.0,0.0,False,0.0,2.0,PROBABLE
WS-11565,12.0,0.0,0.0,4.0,7.0,245131352.32,293366555.64,12.0,1.0,0.0,True,0.0,13.0,EXACT
ws-10984,2.0,0.0,0.0,1.0,1.0,45348704.22,65890312.2,2.0,0.0,0.0,False,0.0,2.0,PROBABLE
lpt-10434,1.0,1.0,1.0,1.0,0.0,15658485.76,42663176.0,1.0,0.0,0.0,False,1.0,1.0,PROBABLE
VDR-10917.corp.local,1.0,0.0,1.0,1.0,1.0,11583123.0,5416624.0,1.0,0.0,0.0,False,0.0,1.0,PROBABLE
vdr-12844,3.0,1.0,0.0,3.0,1.0,74458929.66,50079989.760000005,3.0,0.0,0.0,False,0.3333333333333333,3.0,PROBABLE
LPT_11789,1.0,0.0,0.0,1.0,1.0,24819643.22,24526192.64,1.0,0.0,0.0,False,0.0,1.0,PROBABLE
VDR-10056,4.0,0.0,1.0,2.0,1.0,53643678.44,33697199.68,3.0,2.0,0.0,True,0.0,6.0,EXACT
WS-12799,8.0,2.0,0.0,4.0,5.0,196942862.44,208004041.64,7.0,3.0,0.0,True,0.25,11.0,EXACT
LPT-12700,5.0,0.0,0.0,1.0,4.0,156776110.44,171341574.76,5.0,2.0,0.0,False,0.0,7.0,PROBABLE
VDR-10278,9.0,2.0,2.0,4.0,3.0,234597463.04,202936037.4,8.0,1.0,0.0,False,0.2222222222222222,10.0,PROBABLE
LPT-12769.corp.local,1.0,0.0,0.0,1.0,1.0,44400183.0,38449254.4,1.0,0.0,0.0,False,0.0,1.0,PROBABLE
LPT-10905,9.0,0.0,1.0,4.0,5.0,264432247.38,200048950.76,8.0,3.0,0.0,True,0.0,12.0,EXACT
VDR-12568,5.0,3.0,1.0,0.0,3.0,35895912.94,130832028.84,5.0,2.0,0.0,True,0.6,7.0,EXACT
LPT_11890,2.0,1.0,0.0,0.0,1.0,68145333.0,43082873.64,0.0,0.0,0.0,False,0.5,2.0,PROBABLE
VDR-10231,9.0,4.0,0.0,3.0,6.0,198087318.74,197830143.36,9.0,3.0,0.0,True,0.4444444444444444,12.0,EXACT
WS-10187.corp.local,2.0,0.0,0.0,1.0,2.0,34092909.22,39464305.0,2.0,0.0,0.0,False,0.0,2.0,PROBABLE
WS-10175,10.0,1.0,2.0,5.0,2.0,194576060.66,239136691.04,8.0,4.0,2.0,True,0.1,14.0,EXACT
WS-11776.corp.local,1.0,0.0,0.0,1.0,1.0,16473128.96,24526192.64,1.0,0.0,0.0,False,0.0,1.0,PROBABLE
VDR-10611.corp.local,1.0,0.0,0.0,1.0,0.0,28432888.0,24526192.64,1.0,0.0,0.0,False,0.0,1.0,PROBABLE
WS-10982.corp.local,2.0,0.0,0.0,2.0,0.0,49639286.44,49052385.28,2.0,0.0,0.0,False,0.0,2.0,PROBABLE
vdr-12142,1.0,1.0,0.0,0.0,0.0,6603148.0,36093825.0,1.0,0.0,0.0,False,1.0,1.0,PROBABLE
ws-10991,1.0,0.0,0.0,1.0,0.0,29553031.0,24526192.64,1.0,0.0,0.0,False,0.0,1.0,PROBABLE
ws-10085,2.0,1.0,0.0,0.0,1.0,6963033.0,36751404.04,2.0,0.0,0.0,False,0.5,2.0,PROBABLE
LPT-12134,5.0,2.0,0.0,2.0,1.0,99193623.44,118073073.64,4.0,2.0,1.0,True,0.4,7.0,EXACT
LPT-11133.corp.local,1.0,0.0,0.0,0.0,1.0,36710789.0,32153364.0,1.0,0.0,0.0,False,0.0,1.0,PROBABLE
vdr-11388,2.0,1.0,1.0,1.0,1.0,30349088.22,42566237.64,2.0,0.0,0.0,False,0.5,2.0,PROBABLE
WS-10280,8.0,1.0,0.0,7.0,1.0,224740522.66,162056432.92000002,6.0,1.0,0.0,True,0.125,9.0,EXACT
WS-10184.corp.local,1.0,0.0,1.0,1.0,0.0,30178070.0,14295822.0,1.0,0.0,0.0,False,0.0,1.0,PROBABLE
VDR_11386,2.0,1.0,0.0,1.0,0.0,25542186.22,27024428.64,1.0,0.0,0.0,False,0.5,2.0,PROBABLE
LPT-11025,8.0,0.0,1.0,5.0,5.0,219359350.0,195353861.76,7.0,9.0,1.0,True,0.0,17.0,EXACT
WS-11723,9.0,3.0,1.0,6.0,5.0,219267305.94,225709164.64,7.0,2.0,0.0,False,0.3333333333333333,11.0,PROBABLE
lpt-10993,1.0,0.0,0.0,1.0,0.0,44329974.0,11435812.0,1.0,0.0,0.0,False,0.0,1.0,PROBABLE
VDR-10977,9.0,3.0,0.0,4.0,5.0,206051226.36,221400080.72,9.0,7.0,0.0,True,0.3333333333333333,16.0,EXACT
ws-10896,2.0,1.0,0.0,0.0,2.0,30691357.22,37190909.64,1.0,0.0,0.0,False,0.5,2.0,PROBABLE
LPT-11501,8.0,0.0,1.0,4.0,4.0,220623937.14,216695450.56,8.0,4.0,0.0,True,0.0,12.0,EXACT
WS-10266,5.0,0.0,0.0,1.0,4.0,164017106.06,105263958.56,5.0,2.0,0.0,True,0.0,7.0,EXACT
LPT_12916,1.0,0.0,0.0,0.0,0.0,24819643.22,11287822.0,0.0,0.0,0.0,False,0.0,1.0,PROBABLE
WS-12341,7.0,3.0,0.0,5.0,4.0,157405395.14,162206423.36,6.0,4.0,0.0,True,0.42857142857142855,11.0,EXACT
lpt-10972,1.0,0.0,0.0,0.0,1.0,17060331.52,5702245.0,0.0,0.0,0.0,False,0.0,1.0,PROBABLE
VDR-12187,6.0,2.0,0.0,5.0,4.0,150276860.06,141787548.28,4.0,5.0,0.0,True,0.3333333333333333,11.0,EXACT
WS-11393.corp.local,1.0,0.0,0.0,0.0,1.0,24819643.22,26999257.0,0.0,0.0,0.0,False,0.0,1.0,PROBABLE
VDR-12655,5.0,0.0,0.0,2.0,2.0,164119211.24,136527493.28,4.0,1.0,1.0,True,0.0,6.0,EXACT
LPT-12708.corp.local,2.0,0.0,0.0,0.0,1.0,48110239.0,47347589.64,2.0,0.0,0.0,False,0.0,2.0,PROBABLE
LPT-11807,2.0,1.0,0.0,0.0,2.0,54684249.0,62034199.0,1.0,5.0,1.0,True,0.5,7.0,EXACT
WS-11334,11.0,2.0,0.0,7.0,7.0,282914254.76,295458443.44,11.0,2.0,0.0,True,0.18181818181818182,13.0,EXACT
vdr-12033,2.0,2.0,0.0,1.0,2.0,31783909.0,50629798.0,2.0,0.0,0.0,False,1.0,2.0,PROBABLE
VDR_10246,1.0,0.0,0.0,1.0,0.0,28876358.0,9988751.36,1.0,0.0,0.0,False,0.0,1.0,PROBABLE
VDR-10240,7.0,3.0,2.0,3.0,4.0,145286245.92,167514982.68,7.0,1.0,0.0,True,0.42857142857142855,8.0,EXACT
WS-10319.corp.local,2.0,0.0,0.0,2.0,1.0,72272187.22,62787919.64,2.0,0.0,0.0,False,0.0,2.0,PROBABLE
WS_10049,1.0,0.0,0.0,1.0,1.0,25616118.0,25273094.0,0.0,0.0,0.0,False,0.0,1.0,PROBABLE
VDR_10293,1.0,0.0,0.0,1.0,1.0,49616432.0,46375148.0,1.0,0.0,0.0,False,0.0,1.0,PROBABLE
VDR_11499,2.0,1.0,0.0,1.0,2.0,57062593.22,62325759.68,1.0,0.0,0.0,False,0.5,2.0,PROBABLE
LPT-10956.corp.local,1.0,0.0,0.0,0.0,1.0,4821640.0,35641798.0,0.0,0.0,0.0,False,0.0,1.0,PROBABLE
vdr-11445,1.0,0.0,0.0,0.0,0.0,20489063.0,24526192.64,1.0,0.0,0.0,False,0.0,1.0,PROBABLE
VDR-11066,11.0,3.0,0.0,5.0,7.0,263442722.34,255061893.92,9.0,1.0,0.0,True,0.2727272727272727,12.0,EXACT
ws-12895,2.0,0.0,1.0,2.0,2.0,58257561.84,64367212.0,1.0,0.0,0.0,False,0.0,2.0,PROBABLE
WS_11064,1.0,0.0,0.0,0.0,0.0,4072147.0,24526192.64,1.0,0.0,0.0,False,0.0,1.0,PROBABLE
LPT-11276,7.0,1.0,0.0,3.0,3.0,164611118.42000002,162159326.56,6.0,4.0,0.0,True,0.14285714285714285,11.0,EXACT
VDR_11405,1.0,0.0,0.0,0.0,1.0,7538982.0,6836801.0,1.0,0.0,0.0,False,0.0,1.0,PROBABLE
lpt-12961,1.0,1.0,0.0,0.0,1.0,24819643.22,42966393.0,1.0,0.0,0.0,False,1.0,1.0,PROBABLE
VDR-10255,7.0,0.0,0.0,4.0,5.0,157664446.72,200229015.4,7.0,2.0,1.0,True,0.0,9.0,EXACT
WS-12746,7.0,0.0,0.0,2.0,4.0,131731708.66,202801775.36,6.0,2.0,0.0,False,0.0,9.0,PROBABLE
WS-11885,1.0,1.0,0.0,0.0,1.0,24819643.22,28550931.0,1.0,2.0,1.0,True,1.0,3.0,EXACT
WS-11022,8.0,3.0,0.0,7.0,3.0,188787217.66,199684762.56,3.0,3.0,0.0,True,0.375,11.0,EXACT
VDR-10497.corp.local,1.0,1.0,0.0,0.0,0.0,22241251.0,8978227.2,1.0,0.0,0.0,False,1.0,1.0,PROBABLE
VDR-12665,5.0,1.0,1.0,2.0,4.0,90367045.44,130449312.64,4.0,1.0,0.0,True,0.2,6.0,EXACT
VDR-11144,10.0,5.0,1.0,1.0,4.0,249585137.88,211553306.28,10.0,0.0,0.0,False,0.5,10.0,PROBABLE
VDR-10910,7.0,1.0,0.0,2.0,5.0,209591999.66,137989613.32,5.0,1.0,0.0,False,0.14285714285714285,8.0,PROBABLE
lpt-12858,1.0,0.0,0.0,0.0,0.0,24819643.22,33126562.0,1.0,0.0,0.0,False,0.0,1.0,PROBABLE
LPT-11834,8.0,2.0,1.0,6.0,3.0,188014049.66,188769828.36,7.0,4.0,0.0,False,0.25,12.0,PROBABLE
ws-11863,3.0,0.0,0.0,0.0,0.0,72769757.44,132549640.03999999,3.0,0.0,0.0,False,0.0,3.0,PROBABLE
VDR-11779.corp.local,2.0,1.0,0.0,1.0,1.0,57515977.22,66499266.56,2.0,0.0,0.0,False,0.5,2.0,PROBABLE
WS_11228,1.0,0.0,0.0,0.0,1.0,24819643.22,29711566.0,1.0,0.0,0.0,False,0.0,1.0,PROBABLE
LPT_10428,1.0,1.0,0.0,0.0,0.0,6408146.0,24526192.64,1.0,0.0,0.0,False,1.0,1.0,PROBABLE
VDR-10816.,0.0,0.0,0.0,0.0,0.0,0.0,0.0,0.0,0.0,0.0,True,0.0,0.0,EXACT
VDR-10857.corp.local,4.0,0.0,0.0,0.0,3.0,58003677.0,79320304.96000001,4.0,0.0,0.0,False,0.0,4.0,PROBABLE
lpt-12800,1.0,1.0,0.0,0.0,1.0,44386523.0,23760891.0,1.0,0.0,0.0,False,1.0,1.0,PROBABLE
WS-10517.corp.local,1.0,1.0,0.0,1.0,1.0,24819643.22,17738490.0,1.0,0.0,0.0,False,1.0,1.0,PROBABLE
VDR-12420,11.0,0.0,3.0,6.0,6.0,272711792.58,197881172.56,9.0,2.0,0.0,True,0.0,13.0,EXACT
LPT_10855,1.0,0.0,0.0,1.0,1.0,37873405.0,13366511.0,1.0,0.0,0.0,False,0.0,1.0,PROBABLE
WS-11053.corp.local,2.0,0.0,0.0,1.0,1.0,46759159.2,81425545.0,2.0,0.0,0.0,False,0.0,2.0,PROBABLE
LPT-10076,8.0,3.0,0.0,1.0,5.0,212019503.06,186739614.08,7.0,3.0,1.0,True,0.375,11.0,EXACT
WS-11474,4.0,1.0,0.0,2.0,2.0,107906007.22,79924813.28,3.0,1.0,0.0,False,0.25,5.0,PROBABLE
WS-11844.corp.local,1.0,0.0,0.0,0.0,1.0,24819643.22,21043318.0,1.0,0.0,0.0,False,0.0,1.0,PROBABLE
WS_10232,1.0,0.0,0.0,0.0,0.0,24819643.22,43441254.0,1.0,0.0,0.0,False,0.0,1.0,PROBABLE
LPT-10616,8.0,1.0,1.0,4.0,3.0,214178351.1,211366953.56,7.0,3.0,0.0,False,0.125,11.0,PROBABLE
VDR-10457.corp.local,1.0,0.0,0.0,0.0,1.0,7531032.0,12616294.4,1.0,0.0,0.0,False,0.0,1.0,PROBABLE
LPT-11775,10.0,2.0,0.0,3.0,6.0,200342604.98,303290305.72,9.0,1.0,0.0,True,0.2,11.0,EXACT
WS-11938,6.0,3.0,0.0,2.0,1.0,138330584.66,208731277.44,4.0,4.0,1.0,True,0.5,10.0,EXACT
vdr-11061,2.0,0.0,0.0,1.0,1.0,16107974.0,44897822.72,2.0,0.0,0.0,False,0.0,2.0,PROBABLE
VDR_12057,1.0,0.0,0.0,0.0,0.0,45151292.0,48076749.0,1.0,0.0,0.0,False,0.0,1.0,PROBABLE
LPT-11017,4.0,1.0,0.0,2.0,2.0,84784922.66,71684780.36,3.0,3.0,0.0,True,0.25,7.0,EXACT
vdr-11042,3.0,1.0,0.0,2.0,1.0,48858504.22,37136991.64,3.0,0.0,0.0,False,0.3333333333333333,3.0,PROBABLE
vdr-10207,1.0,0.0,0.0,1.0,0.0,16840130.56,24363904.0,1.0,0.0,0.0,False,0.0,1.0,PROBABLE
vdr-10473,2.0,1.0,0.0,1.0,1.0,53840321.22,42780421.0,2.0,0.0,0.0,False,0.5,2.0,PROBABLE
LPT-10742,8.0,0.0,0.0,5.0,3.0,180998205.0,174674261.88,6.0,1.0,0.0,False,0.0,9.0,PROBABLE
vdr-12487,2.0,0.0,0.0,1.0,1.0,79463549.0,67407705.0,2.0,0.0,0.0,False,0.0,2.0,PROBABLE
WS-12716.corp.local,2.0,1.0,1.0,2.0,1.0,65201445.0,27831476.64,2.0,0.0,0.0,False,0.5,2.0,PROBABLE
VDR-10038,5.0,1.0,0.0,1.0,3.0,114574445.22,114624760.64,5.0,2.0,0.0,True,0.2,7.0,EXACT
LPT-12551,9.0,2.0,1.0,4.0,4.0,257713654.45999998,249020485.28,5.0,3.0,1.0,True,0.2222222222222222,12.0,EXACT
lpt-12167,1.0,0.0,0.0,0.0,0.0,41261465.6,24526192.64,1.0,0.0,0.0,False,0.0,1.0,PROBABLE
LPT-11656,5.0,1.0,1.0,4.0,3.0,27911369.92,144886855.36,5.0,2.0,0.0,True,0.2,7.0,EXACT
WS_11690,1.0,1.0,0.0,0.0,0.0,48357652.48,42906988.0,1.0,0.0,0.0,False,1.0,1.0,PROBABLE
WS-12422,7.0,2.0,1.0,1.0,4.0,186980017.86,203358653.08,6.0,3.0,0.0,True,0.2857142857142857,10.0,EXACT
lpt-12046,1.0,0.0,1.0,0.0,1.0,24819643.22,43390740.48,1.0,0.0,0.0,False,0.0,1.0,PROBABLE
vdr-11377,1.0,0.0,0.0,0.0,1.0,24819643.22,45824589.0,1.0,0.0,0.0,False,0.0,1.0,PROBABLE
WS_10063,1.0,0.0,0.0,1.0,0.0,16169041.92,14343299.0,1.0,0.0,0.0,False,0.0,1.0,PROBABLE
LPT_11970,1.0,1.0,0.0,1.0,0.0,24819643.22,23698091.0,1.0,0.0,0.0,False,1.0,1.0,PROBABLE
VDR-11647.corp.local,3.0,0.0,0.0,1.0,3.0,55319899.86,118579779.16,3.0,0.0,0.0,False,0.0,3.0,PROBABLE
VDR-10856,9.0,1.0,0.0,3.0,7.0,166084600.42000002,241473950.88,6.0,1.0,0.0,True,0.1111111111111111,10.0,EXACT
VDR-11400,7.0,1.0,1.0,3.0,2.0,168518973.85999998,237865890.64,5.0,0.0,0.0,True,0.14285714285714285,7.0,EXACT
lpt-12135,2.0,1.0,0.0,1.0,1.0,44261115.0,47289679.64,2.0,0.0,0.0,False,0.5,2.0,PROBABLE
vdr-10069,1.0,0.0,0.0,1.0,0.0,28163301.0,24526192.64,0.0,0.0,0.0,False,0.0,1.0,PROBABLE
VDR-10788,7.0,1.0,0.0,2.0,5.0,195074388.66,189589766.84,7.0,3.0,0.0,True,0.14285714285714285,10.0,EXACT
LPT-11732.,0.0,0.0,0.0,0.0,0.0,0.0,0.0,0.0,0.0,0.0,True,0.0,0.0,EXACT
VDR-12141.,0.0,0.0,0.0,0.0,0.0,0.0,0.0,0.0,0.0,0.0,True,0.0,0.0,EXACT
LPT-11714,4.0,2.0,0.0,2.0,3.0,93820546.22,98104770.56,3.0,5.0,0.0,True,0.5,9.0,EXACT
VDR_10299,2.0,0.0,0.0,1.0,2.0,63419446.1,49052385.28,1.0,0.0,0.0,False,0.0,2.0,PROBABLE
ws-12501,3.0,1.0,0.0,1.0,0.0,55113340.44,67707458.92,3.0,0.0,0.0,False,0.3333333333333333,3.0,PROBABLE
ws-10849,1.0,0.0,0.0,0.0,0.0,25919733.0,17458790.4,1.0,0.0,0.0,False,0.0,1.0,PROBABLE
vdr-11449,3.0,0.0,0.0,2.0,0.0,74458929.66,36561480.760000005,2.0,0.0,0.0,False,0.0,3.0,PROBABLE
VDR-11402,9.0,2.0,0.0,5.0,3.0,198285784.04,223329391.52,7.0,5.0,0.0,True,0.2222222222222222,14.0,EXACT
WS_11153,1.0,0.0,0.0,0.0,1.0,48385006.0,36867003.0,0.0,0.0,0.0,False,0.0,1.0,PROBABLE
VDR_11217,3.0,0.0,0.0,0.0,1.0,80437988.46000001,86419066.28,2.0,0.0,0.0,False,0.0,3.0,PROBABLE
LPT-10516.corp.local,1.0,0.0,1.0,0.0,0.0,41764782.08,30134755.0,1.0,0.0,0.0,False,0.0,1.0,PROBABLE
lpt-12718,2.0,0.0,0.0,0.0,1.0,49639286.44,61449634.64,2.0,0.0,0.0,False,0.0,2.0,PROBABLE
VDR-12185.corp.local,1.0,1.0,0.0,1.0,1.0,590421.0,11799170.0,0.0,0.0,0.0,False,1.0,1.0,PROBABLE
LPT-10026.corp.local,1.0,0.0,0.0,1.0,0.0,20815120.0,24526192.64,1.0,0.0,0.0,False,0.0,1.0,PROBABLE
VDR-12897.corp.local,1.0,0.0,0.0,0.0,0.0,24819643.22,8832861.0,1.0,0.0,0.0,False,0.0,1.0,PROBABLE
VDR-10315,9.0,1.0,1.0,4.0,4.0,205618305.76,185746455.88,7.0,4.0,0.0,True,0.1111111111111111,13.0,EXACT
LPT-10098.corp.local,1.0,0.0,0.0,0.0,1.0,26839183.36,8324518.0,1.0,0.0,0.0,False,0.0,1.0,PROBABLE
WS_10082,1.0,0.0,0.0,0.0,0.0,24819643.22,1837694.0,1.0,0.0,0.0,False,0.0,1.0,PROBABLE
WS-11367,3.0,2.0,0.0,2.0,2.0,85793638.0,65273630.72,3.0,4.0,1.0,True,0.6666666666666666,7.0,EXACT
WS-10045,3.0,0.0,1.0,2.0,2.0,74458929.66,74865445.28,3.0,3.0,0.0,True,0.0,6.0,EXACT
vdr-10631,3.0,0.0,0.0,2.0,3.0,65128827.0,93636157.44,2.0,0.0,0.0,False,0.0,3.0,PROBABLE
lpt-12228,3.0,1.0,0.0,1.0,1.0,73100417.4,118590086.64,3.0,0.0,0.0,False,0.3333333333333333,3.0,PROBABLE
vdr-10867,3.0,0.0,0.0,1.0,0.0,66917394.0,89640010.92,3.0,0.0,0.0,False,0.0,3.0,PROBABLE
WS_11785,1.0,1.0,0.0,1.0,1.0,24819643.22,24105809.0,1.0,0.0,0.0,False,1.0,1.0,PROBABLE
WS-10549,4.0,1.0,0.0,3.0,2.0,87839434.64,100080725.64,3.0,6.0,1.0,True,0.25,10.0,EXACT
WS-10962.corp.local,2.0,1.0,0.0,1.0,1.0,35539926.22,12813598.72,2.0,0.0,0.0,False,0.5,2.0,PROBABLE
LPT-10262,9.0,4.0,1.0,8.0,5.0,272456495.52,247196577.88,9.0,2.0,2.0,True,0.4444444444444444,11.0,EXACT
LPT-11321.corp.local,2.0,0.0,0.0,1.0,2.0,61367310.22,57172597.64,1.0,0.0,0.0,False,0.0,2.0,PROBABLE
VDR-12215,5.0,3.0,0.0,2.0,3.0,122138384.84,122617658.0,3.0,1.0,0.0,True,0.6,6.0,EXACT
VDR-12663.,0.0,0.0,0.0,0.0,0.0,0.0,0.0,0.0,0.0,0.0,True,0.0,0.0,EXACT
WS_11193,1.0,0.0,0.0,1.0,1.0,27867848.0,10974380.0,1.0,0.0,0.0,False,0.0,1.0,PROBABLE
LPT_12516,1.0,0.0,0.0,1.0,1.0,25837708.0,25517517.0,1.0,0.0,0.0,False,0.0,1.0,PROBABLE
LPT_11028,2.0,1.0,0.0,1.0,1.0,18494592.759999998,39910680.64,2.0,0.0,0.0,False,0.5,2.0,PROBABLE
WS_11562,1.0,0.0,1.0,0.0,1.0,19392872.0,24526192.64,1.0,0.0,0.0,False,0.0,1.0,PROBABLE
WS-12343.corp.local,1.0,0.0,0.0,1.0,1.0,47979388.0,24526192.64,1.0,0.0,0.0,False,0.0,1.0,PROBABLE
WS-10145,5.0,3.0,0.0,2.0,4.0,161378134.12,126906380.64,5.0,1.0,0.0,True,0.6,6.0,EXACT
VDR-10718.corp.local,1.0,0.0,0.0,0.0,1.0,8028314.0,8216165.0,0.0,0.0,0.0,False,0.0,1.0,PROBABLE
VDR-12325,7.0,3.0,1.0,3.0,3.0,228765924.07999998,164356024.92000002,7.0,3.0,0.0,True,0.42857142857142855,10.0,EXACT
vdr-12835,2.0,0.0,0.0,1.0,0.0,31796069.0,78865138.0,2.0,0.0,0.0,False,0.0,2.0,PROBABLE
WS-12830,12.0,3.0,1.0,5.0,7.0,312141484.65999997,285168342.92,11.0,2.0,0.0,True,0.25,14.0,EXACT
WS_12594,1.0,0.0,0.0,0.0,0.0,25101363.2,24526192.64,1.0,0.0,0.0,False,0.0,1.0,PROBABLE
ws-12879,4.0,1.0,0.0,0.0,1.0,62700797.16,85700750.64,4.0,0.0,0.0,False,0.25,4.0,PROBABLE
lpt-10384,4.0,0.0,0.0,1.0,2.0,154486865.92,143081798.24,4.0,0.0,0.0,False,0.0,4.0,PROBABLE
VDR-10698.,0.0,0.0,0.0,0.0,0.0,0.0,0.0,0.0,0.0,0.0,True,0.0,0.0,EXACT
vdr-12273,2.0,0.0,0.0,0.0,1.0,50609576.0,43025266.64,1.0,0.0,0.0,False,0.0,2.0,PROBABLE
ws-12307,1.0,1.0,0.0,0.0,1.0,28870946.0,41355837.44,1.0,0.0,0.0,False,1.0,1.0,PROBABLE
VDR-12801,7.0,2.0,1.0,1.0,5.0,221524719.72,205838401.32,5.0,4.0,0.0,True,0.2857142857142857,11.0,EXACT
lpt-10931,2.0,0.0,0.0,2.0,0.0,50414943.06,30687508.48,2.0,0.0,0.0,False,0.0,2.0,PROBABLE
WS-11706,5.0,1.0,0.0,3.0,2.0,72515535.92,144654131.92000002,4.0,1.0,0.0,True,0.2,6.0,EXACT
LPT-11764,6.0,0.0,0.0,1.0,3.0,128815683.86,124103820.92,6.0,3.0,0.0,True,0.0,9.0,EXACT
WS_12477,2.0,0.0,0.0,1.0,1.0,35069762.0,23613340.0,0.0,0.0,0.0,False,0.0,2.0,PROBABLE
VDR-10329,11.0,3.0,1.0,6.0,6.0,283785406.88,341916808.12,10.0,0.0,0.0,True,0.2727272727272727,11.0,EXACT
LPT-12069,3.0,1.0,0.0,3.0,1.0,69954845.0,62365127.28,2.0,4.0,0.0,True,0.3333333333333333,7.0,EXACT
WS-11441,6.0,3.0,1.0,3.0,1.0,164659550.22,114861210.2,4.0,2.0,0.0,True,0.5,8.0,EXACT
ws-11289,1.0,0.0,0.0,1.0,1.0,30543083.0,24526192.64,1.0,0.0,0.0,False,0.0,1.0,PROBABLE
LPT-10851,7.0,1.0,0.0,3.0,2.0,198129619.66,198128172.64,6.0,3.0,0.0,True,0.14285714285714285,10.0,EXACT
LPT-11637.corp.local,1.0,1.0,0.0,0.0,1.0,28597254.0,32363377.0,1.0,0.0,0.0,False,1.0,1.0,PROBABLE
ws-11911,2.0,0.0,0.0,0.0,2.0,31361950.22,35872096.0,2.0,0.0,0.0,False,0.0,2.0,PROBABLE
LPT_11884,1.0,0.0,0.0,0.0,1.0,18413802.0,6831596.0,1.0,0.0,0.0,False,0.0,1.0,PROBABLE
VDR-11912,6.0,1.0,0.0,6.0,3.0,176053932.98000002,147819969.92000002,5.0,5.0,0.0,True,0.16666666666666666,11.0,EXACT
LPT-10516,7.0,1.0,1.0,5.0,5.0,226064457.54,173954046.28,4.0,2.0,0.0,True,0.14285714285714285,9.0,EXACT
WS_11706,2.0,0.0,0.0,1.0,1.0,43072550.22,69145415.68,1.0,0.0,0.0,False,0.0,2.0,PROBABLE
VDR-10079,6.0,1.0,0.0,1.0,2.0,130582729.6,169249426.28,6.0,1.0,0.0,True,0.16666666666666666,7.0,EXACT
WS-12417,8.0,3.0,0.0,4.0,3.0,167025232.51999998,225437908.28,8.0,3.0,0.0,True,0.375,11.0,EXACT
lpt-12424,1.0,0.0,0.0,0.0,0.0,24819643.22,8470999.04,1.0,0.0,0.0,False,0.0,1.0,PROBABLE
ws-12733,3.0,1.0,0.0,2.0,0.0,56436695.0,52862364.44,3.0,0.0,0.0,False,0.3333333333333333,3.0,PROBABLE
vdr-10454,2.0,0.0,0.0,0.0,1.0,39637896.22,48726324.64,2.0,0.0,0.0,False,0.0,2.0,PROBABLE
WS_10979,3.0,1.0,0.0,1.0,3.0,93058411.22,41563137.04,3.0,0.0,0.0,False,0.3333333333333333,3.0,PROBABLE
vdr-10735,4.0,1.0,0.0,1.0,0.0,75226208.52,83902496.6,3.0,0.0,0.0,False,0.25,4.0,PROBABLE
VDR_12332,1.0,1.0,0.0,0.0,1.0,25649658.0,9537443.84,0.0,0.0,0.0,False,1.0,1.0,PROBABLE
lpt-12293,2.0,1.0,0.0,2.0,2.0,24945472.34,29881094.0,2.0,0.0,0.0,False,0.5,2.0,PROBABLE
LPT-10798,2.0,1.0,0.0,1.0,1.0,27438698.22,49052385.28,1.0,2.0,0.0,True,0.5,4.0,EXACT
VDR-10387,8.0,0.0,0.0,3.0,3.0,221905981.88,157435970.92000002,7.0,4.0,0.0,False,0.0,12.0,PROBABLE
WS-10136,9.0,1.0,2.0,4.0,6.0,230910863.44,188615419.04000002,9.0,6.0,0.0,True,0.1111111111111111,15.0,EXACT
VDR-12489,13.0,5.0,0.0,7.0,8.0,383226013.22,293296435.92,11.0,1.0,0.0,True,0.38461538461538464,14.0,EXACT
vdr-11117,3.0,0.0,0.0,1.0,2.0,80298213.34,55863637.0,2.0,0.0,0.0,False,0.0,3.0,PROBABLE
WS_12092,2.0,0.0,0.0,0.0,1.0,41515030.0,70086167.64,2.0,0.0,0.0,False,0.0,2.0,PROBABLE
VDR-12222.corp.local,2.0,2.0,1.0,1.0,2.0,27416205.22,24537612.0,1.0,0.0,0.0,False,1.0,2.0,PROBABLE
LPT-12731.,0.0,0.0,0.0,0.0,0.0,0.0,0.0,0.0,0.0,0.0,True,0.0,0.0,EXACT
VDR-10677,10.0,2.0,0.0,8.0,8.0,220208941.76,249761326.04,7.0,1.0,0.0,True,0.2,11.0,EXACT
lpt-12737,1.0,0.0,1.0,1.0,1.0,391781.0,28205774.0,1.0,0.0,0.0,False,0.0,1.0,PROBABLE
LPT-10347,3.0,1.0,0.0,2.0,2.0,106680271.22,101703179.0,3.0,1.0,1.0,True,0.3333333333333333,4.0,EXACT
VDR_12276,1.0,0.0,0.0,1.0,0.0,24819643.22,519869.0,0.0,0.0,0.0,False,0.0,1.0,PROBABLE
ws-12846,3.0,0.0,0.0,1.0,1.0,66712489.0,66344385.56,3.0,0.0,0.0,False,0.0,3.0,PROBABLE
VDR-11774.corp.local,1.0,0.0,0.0,0.0,0.0,24819643.22,33733088.0,1.0,0.0,0.0,False,0.0,1.0,PROBABLE
LPT-10286,7.0,3.0,1.0,5.0,3.0,205575886.16,144482026.28,7.0,2.0,0.0,True,0.42857142857142855,9.0,EXACT
LPT_11751,1.0,0.0,0.0,0.0,1.0,48755707.0,24526192.64,1.0,0.0,0.0,False,0.0,1.0,PROBABLE
vdr-12332,3.0,0.0,0.0,1.0,2.0,53540643.099999994,67719842.64,3.0,0.0,0.0,False,0.0,3.0,PROBABLE
lpt-10734,3.0,0.0,0.0,1.0,2.0,99172013.44,72311469.64,3.0,0.0,0.0,False,0.0,3.0,PROBABLE
ws-12195,2.0,1.0,0.0,0.0,1.0,63437579.0,8199637.24,2.0,0.0,0.0,False,0.5,2.0,PROBABLE
LPT-11705,8.0,1.0,0.0,3.0,5.0,206837658.01999998,193819059.04000002,7.0,4.0,1.0,True,0.125,12.0,EXACT
LPT-11427,5.0,0.0,1.0,3.0,2.0,140187214.12,116540739.28,5.0,5.0,0.0,True,0.0,10.0,EXACT
VDR-11947,7.0,3.0,1.0,4.0,4.0,141430661.44,110416118.0,5.0,1.0,0.0,True,0.42857142857142855,8.0,EXACT
LPT_12227,1.0,0.0,0.0,1.0,0.0,47105025.0,24526192.64,1.0,0.0,0.0,False,0.0,1.0,PROBABLE
WS_12175,1.0,1.0,0.0,1.0,0.0,24819643.22,48177830.0,1.0,0.0,0.0,False,1.0,1.0,PROBABLE
VDR-11451,11.0,2.0,0.0,3.0,6.0,314807811.92,306594481.4,9.0,0.0,0.0,True,0.18181818181818182,11.0,EXACT
LPT-12263,6.0,1.0,0.0,6.0,3.0,184533662.64,146124842.84,5.0,3.0,0.0,True,0.16666666666666666,9.0,EXACT
ws-10368,1.0,0.0,1.0,0.0,0.0,6289068.0,24526192.64,1.0,0.0,0.0,False,0.0,1.0,PROBABLE
VDR-10623,3.0,0.0,0.0,3.0,1.0,64604647.22,91655541.64,3.0,2.0,0.0,False,0.0,5.0,PROBABLE
VDR-12558,8.0,1.0,0.0,3.0,8.0,151300435.66,189626336.84,8.0,4.0,0.0,True,0.125,12.0,EXACT
LPT_11140,2.0,0.0,1.0,1.0,1.0,71711058.22,56045892.64,1.0,0.0,0.0,False,0.0,2.0,PROBABLE
WS_12112,1.0,0.0,0.0,1.0,1.0,10437672.0,24526192.64,1.0,0.0,0.0,False,0.0,1.0,PROBABLE
VDR-10674.corp.local,2.0,1.0,0.0,1.0,2.0,45387595.22,45196972.0,2.0,0.0,0.0,False,0.5,2.0,PROBABLE
WS-10266.corp.local,2.0,1.0,0.0,2.0,1.0,18536486.0,49052385.28,2.0,0.0,0.0,False,0.5,2.0,PROBABLE
LPT_10469,1.0,1.0,0.0,0.0,1.0,24819643.22,16159624.0,1.0,0.0,0.0,False,1.0,1.0,PROBABLE
lpt-10479,3.0,1.0,0.0,2.0,0.0,84842378.22,54904813.28,2.0,0.0,0.0,False,0.3333333333333333,3.0,PROBABLE
LPT-10318,8.0,2.0,0.0,4.0,2.0,218371126.74,196058579.76,8.0,4.0,0.0,True,0.25,12.0,EXACT
ws-11308,1.0,0.0,0.0,0.0,0.0,12368526.0,24526192.64,1.0,0.0,0.0,False,0.0,1.0,PROBABLE
LPT-11303.corp.local,2.0,0.0,1.0,1.0,2.0,46245758.32,37189722.64,2.0,0.0,0.0,False,0.0,2.0,PROBABLE
LPT-10098,6.0,2.0,0.0,4.0,3.0,112113084.72,173382284.4,5.0,3.0,0.0,True,0.3333333333333333,9.0,EXACT
VDR_10300,4.0,0.0,1.0,1.0,2.0,76920490.22,135826454.64,2.0,0.0,0.0,False,0.0,4.0,PROBABLE
WS-11006,8.0,1.0,1.0,4.0,3.0,167715048.82,226246773.16,8.0,6.0,0.0,True,0.125,14.0,EXACT
LPT-11349,6.0,1.0,1.0,1.0,2.0,111688424.88,139506361.88,6.0,1.0,1.0,False,0.16666666666666666,7.0,PROBABLE
vdr-12942,1.0,0.0,0.0,0.0,1.0,39278284.0,17027954.0,1.0,0.0,0.0,False,0.0,1.0,PROBABLE
lpt-10653,1.0,0.0,0.0,0.0,1.0,24819643.22,38211665.92,1.0,0.0,0.0,False,0.0,1.0,PROBABLE
VDR-10595,8.0,5.0,0.0,4.0,2.0,205070589.06,215437330.96,7.0,1.0,1.0,False,0.625,9.0,PROBABLE
lpt-11170,1.0,0.0,0.0,0.0,1.0,2437355.0,24526192.64,1.0,0.0,0.0,False,0.0,1.0,PROBABLE
WS-10287,5.0,0.0,2.0,2.0,1.0,97095273.68,175835295.12,4.0,4.0,0.0,True,0.0,9.0,EXACT
LPT_11780,1.0,0.0,0.0,0.0,1.0,44281364.48,10106162.0,1.0,0.0,0.0,False,0.0,1.0,PROBABLE
VDR-10099.,0.0,0.0,0.0,0.0,0.0,0.0,0.0,0.0,0.0,0.0,True,0.0,0.0,EXACT
VDR-12157,10.0,1.0,1.0,4.0,4.0,240420915.76,226411426.92000002,10.0,3.0,0.0,True,0.1,13.0,EXACT
WS-11110.,0.0,0.0,0.0,0.0,0.0,0.0,0.0,0.0,0.0,0.0,True,0.0,0.0,EXACT
LPT-11055,7.0,1.0,1.0,4.0,3.0,189641644.2,195240433.64,7.0,2.0,0.0,True,0.14285714285714285,9.0,EXACT
lpt-11239,3.0,1.0,0.0,3.0,1.0,80570899.22,58269323.0,3.0,0.0,0.0,False,0.3333333333333333,3.0,PROBABLE
VDR-12023,5.0,1.0,2.0,2.0,3.0,115473788.0,80915592.28,4.0,4.0,0.0,False,0.2,9.0,PROBABLE
VDR-12463.corp.local,1.0,0.0,0.0,0.0,1.0,14454124.0,42082247.0,1.0,0.0,0.0,False,0.0,1.0,PROBABLE
lpt-12329,3.0,0.0,2.0,1.0,2.0,76357582.44,79583211.72,3.0,0.0,0.0,False,0.0,3.0,PROBABLE
vdr-10029,1.0,0.0,0.0,1.0,0.0,28833116.16,24526192.64,1.0,0.0,0.0,False,0.0,1.0,PROBABLE
VDR-12797,9.0,2.0,1.0,6.0,6.0,246887456.62,151276963.56,7.0,3.0,0.0,True,0.2222222222222222,12.0,EXACT
VDR-11625.corp.local,1.0,0.0,0.0,1.0,1.0,24819643.22,43122963.0,1.0,0.0,0.0,False,0.0,1.0,PROBABLE
LPT-10821.corp.local,1.0,0.0,0.0,1.0,0.0,41536181.0,28985286.0,1.0,0.0,0.0,False,0.0,1.0,PROBABLE
LPT-10731,7.0,1.0,1.0,3.0,6.0,158273248.26,168228382.28,5.0,1.0,0.0,True,0.14285714285714285,8.0,EXACT
VDR-10234,4.0,0.0,0.0,1.0,4.0,93045655.4,103910742.4,2.0,5.0,1.0,True,0.0,9.0,EXACT
VDR-10012.corp.local,1.0,0.0,0.0,1.0,0.0,43170525.0,33260937.0,1.0,0.0,0.0,False,0.0,1.0,PROBABLE
LPT-10785,7.0,0.0,0.0,3.0,2.0,167142995.64,149616587.0,5.0,2.0,0.0,True,0.0,9.0,EXACT
LPT-12085,5.0,0.0,1.0,2.0,2.0,124809052.22,126663270.0,4.0,4.0,1.0,True,0.0,9.0,EXACT
ws-10461,1.0,0.0,0.0,0.0,1.0,28855806.0,40582809.0,1.0,0.0,0.0,False,0.0,1.0,PROBABLE
VDR_12552,2.0,1.0,0.0,1.0,1.0,58285837.22,38535168.0,2.0,0.0,0.0,False,0.5,2.0,PROBABLE
vdr-10614,1.0,0.0,0.0,0.0,0.0,44627394.56,24526192.64,1.0,0.0,0.0,False,0.0,1.0,PROBABLE
VDR-11338.corp.local,2.0,0.0,0.0,1.0,2.0,25780368.0,70010599.64,1.0,0.0,0.0,False,0.0,2.0,PROBABLE
LPT-12323,5.0,1.0,0.0,2.0,3.0,156818796.01999998,135648687.0,4.0,3.0,1.0,True,0.2,8.0,EXACT
LPT_12739,1.0,0.0,0.0,1.0,0.0,24819643.22,45737303.0,1.0,0.0,0.0,False,0.0,1.0,PROBABLE
WS-11688,5.0,1.0,0.0,1.0,1.0,88842137.34,119064905.28,4.0,2.0,1.0,True,0.2,7.0,EXACT
lpt-12303,1.0,1.0,0.0,0.0,1.0,24819643.22,37819658.24,1.0,0.0,0.0,False,1.0,1.0,PROBABLE
lpt-11109,1.0,0.0,0.0,1.0,1.0,13409590.0,24526192.64,1.0,0.0,0.0,False,0.0,1.0,PROBABLE
vdr-12613,2.0,0.0,0.0,1.0,1.0,40808043.760000005,67593023.64,2.0,0.0,0.0,False,0.0,2.0,PROBABLE
lpt-12586,1.0,0.0,0.0,1.0,0.0,13929845.0,40402798.0,1.0,0.0,0.0,False,0.0,1.0,PROBABLE
WS-12930.corp.local,2.0,1.0,0.0,1.0,0.0,49639286.44,20493522.0,2.0,0.0,0.0,False,0.5,2.0,PROBABLE
vdr-12602,3.0,1.0,0.0,1.0,1.0,68504482.6,62698697.28,3.0,0.0,0.0,False,0.3333333333333333,3.0,PROBABLE
VDR_12190,1.0,1.0,0.0,1.0,1.0,26494022.0,9913311.0,1.0,0.0,0.0,False,1.0,1.0,PROBABLE
ws-10806,1.0,1.0,0.0,0.0,1.0,24819643.22,24526192.64,1.0,0.0,0.0,False,1.0,1.0,PROBABLE
WS_10866,2.0,1.0,0.0,1.0,1.0,39837320.019999996,49052385.28,0.0,0.0,0.0,False,0.5,2.0,PROBABLE
WS-10148.corp.local,3.0,0.0,0.0,1.0,2.0,85243251.22,108806228.8,3.0,0.0,0.0,False,0.0,3.0,PROBABLE
lpt-11907,2.0,0.0,1.0,0.0,1.0,86726182.52000001,34371595.64,2.0,0.0,0.0,False,0.0,2.0,PROBABLE
ws-12548,1.0,1.0,0.0,1.0,1.0,12558576.0,7022041.0,1.0,0.0,0.0,False,1.0,1.0,PROBABLE
LPT-12607,3.0,1.0,0.0,3.0,1.0,98161772.19999999,100957236.64,3.0,3.0,0.0,False,0.3333333333333333,6.0,PROBABLE
LPT-10731.corp.local,1.0,0.0,0.0,0.0,0.0,37512263.68,23235449.0,1.0,0.0,0.0,False,0.0,1.0,PROBABLE
VDR_11419,1.0,0.0,1.0,1.0,1.0,24819643.22,40578401.0,1.0,0.0,0.0,False,0.0,1.0,PROBABLE
WS-10352,10.0,4.0,0.0,6.0,5.0,244038346.44,198759740.2,9.0,3.0,0.0,True,0.4,13.0,EXACT
vdr-10140,2.0,0.0,1.0,2.0,2.0,24432409.0,75584309.12,2.0,0.0,0.0,False,0.0,2.0,PROBABLE
WS_12592,1.0,0.0,0.0,0.0,1.0,15884553.0,47227612.0,1.0,0.0,0.0,False,0.0,1.0,PROBABLE
vdr-11093,3.0,0.0,0.0,2.0,2.0,66855961.22,56159895.12,3.0,0.0,0.0,False,0.0,3.0,PROBABLE
LPT-12683.corp.local,1.0,1.0,0.0,1.0,0.0,45854228.48,397626.0,1.0,0.0,0.0,False,1.0,1.0,PROBABLE
VDR-11387.corp.local,1.0,0.0,0.0,1.0,1.0,24819643.22,19967119.0,0.0,0.0,0.0,False,0.0,1.0,PROBABLE
LPT-12507,6.0,2.0,0.0,1.0,4.0,142485026.0,121444425.28,4.0,2.0,0.0,True,0.3333333333333333,8.0,EXACT
WS_12791,1.0,0.0,0.0,0.0,1.0,39878428.0,36424370.0,1.0,0.0,0.0,False,0.0,1.0,PROBABLE
WS-11847.corp.local,1.0,0.0,0.0,1.0,0.0,33544852.0,14224493.0,1.0,0.0,0.0,False,0.0,1.0,PROBABLE
LPT-11914,7.0,4.0,1.0,5.0,5.0,219432611.95999998,187013321.64,7.0,3.0,0.0,True,0.5714285714285714,10.0,EXACT
vdr-10571,1.0,1.0,0.0,0.0,0.0,9179699.2,46315641.0,1.0,0.0,0.0,False,1.0,1.0,PROBABLE
VDR_10498,1.0,1.0,0.0,0.0,0.0,24432760.0,35158824.0,1.0,0.0,0.0,False,1.0,1.0,PROBABLE
LPT-11977,3.0,1.0,1.0,1.0,2.0,68232143.22,63614582.0,2.0,2.0,1.0,True,0.3333333333333333,5.0,EXACT
WS_11845,1.0,0.0,0.0,0.0,1.0,24819643.22,24526192.64,0.0,0.0,0.0,False,0.0,1.0,PROBABLE
LPT_10705,1.0,0.0,0.0,0.0,1.0,22468292.0,41755866.0,1.0,0.0,0.0,False,0.0,1.0,PROBABLE
WS_12236,1.0,0.0,0.0,0.0,1.0,24819643.22,24526192.64,1.0,0.0,0.0,False,0.0,1.0,PROBABLE
lpt-12635,2.0,0.0,0.0,0.0,1.0,55152118.22,73257439.64,2.0,0.0,0.0,False,0.0,2.0,PROBABLE
WS_12717,2.0,0.0,1.0,1.0,2.0,33503665.22,59543623.68,2.0,0.0,0.0,False,0.0,2.0,PROBABLE
LPT_11705,2.0,1.0,0.0,1.0,2.0,31244770.22,49900531.68,2.0,0.0,0.0,False,0.5,2.0,PROBABLE
VDR-11979,11.0,4.0,1.0,6.0,7.0,317038466.7,288618332.56,8.0,1.0,0.0,True,0.36363636363636365,12.0,EXACT
VDR-10716,11.0,3.0,1.0,7.0,8.0,215287564.1,337861723.56,9.0,7.0,2.0,True,0.2727272727272727,18.0,EXACT
VDR_10244,1.0,1.0,0.0,1.0,0.0,35966156.8,24526192.64,0.0,0.0,0.0,False,1.0,1.0,PROBABLE
WS-11538,8.0,2.0,0.0,4.0,3.0,231344851.0,218271838.68,7.0,5.0,0.0,True,0.25,13.0,EXACT
WS-11988.corp.local,1.0,1.0,0.0,0.0,0.0,8693833.0,24526192.64,1.0,0.0,0.0,False,1.0,1.0,PROBABLE
WS-12523.corp.local,2.0,0.0,0.0,1.0,1.0,89515702.0,20147443.0,2.0,0.0,0.0,False,0.0,2.0,PROBABLE
LPT_11428,1.0,0.0,0.0,0.0,0.0,24819643.22,24526192.64,1.0,0.0,0.0,False,0.0,1.0,PROBABLE
WS-11533.corp.local,2.0,1.0,1.0,2.0,0.0,74385841.0,24013536.0,2.0,0.0,0.0,False,0.5,2.0,PROBABLE
lpt-12107,2.0,2.0,0.0,1.0,0.0,50111296.34,31668117.64,1.0,0.0,0.0,False,1.0,2.0,PROBABLE
LPT-12448,6.0,2.0,0.0,1.0,1.0,121931291.41999999,154250295.92000002,4.0,3.0,0.0,True,0.3333333333333333,9.0,EXACT
WS-11893.corp.local,1.0,0.0,0.0,1.0,0.0,47416197.12,32726056.96,1.0,0.0,0.0,False,0.0,1.0,PROBABLE
LPT-11511,7.0,0.0,1.0,3.0,3.0,119004159.58,157090194.52,7.0,4.0,0.0,True,0.0,11.0,EXACT
WS-12039,0.0,0.0,0.0,0.0,0.0,0.0,0.0,0.0,3.0,0.0,True,0.0,3.0,EXACT
LPT_12438,2.0,0.0,0.0,0.0,1.0,71167126.0,30227907.64,1.0,0.0,0.0,False,0.0,2.0,PROBABLE
VDR-10830.corp.local,1.0,0.0,0.0,1.0,1.0,17218858.0,33202135.04,1.0,0.0,0.0,False,0.0,1.0,PROBABLE
WS-12765,10.0,1.0,0.0,5.0,7.0,242580652.06,225576879.56,8.0,1.0,0.0,True,0.1,11.0,EXACT
LPT-12006.corp.local,2.0,0.0,1.0,1.0,0.0,45862757.0,49921106.76,2.0,0.0,0.0,False,0.0,2.0,PROBABLE
VDR-10291,12.0,2.0,0.0,5.0,6.0,336748508.32,410180395.2,10.0,3.0,0.0,True,0.16666666666666666,15.0,EXACT
ws-10397,1.0,0.0,0.0,0.0,0.0,48402268.16,23629537.28,0.0,0.0,0.0,False,0.0,1.0,PROBABLE
WS-11949,5.0,1.0,0.0,3.0,4.0,156568878.52,112326210.44,5.0,3.0,0.0,True,0.2,8.0,EXACT
ws-11355,2.0,1.0,0.0,1.0,1.0,60829501.22,58289016.64,1.0,0.0,0.0,False,0.5,2.0,PROBABLE
WS-12673,6.0,1.0,0.0,4.0,2.0,196088968.07999998,112504700.03999999,6.0,5.0,0.0,True,0.16666666666666666,11.0,EXACT
VDR-12777.corp.local,2.0,0.0,0.0,2.0,2.0,86945441.0,48597047.64,2.0,0.0,0.0,False,0.0,2.0,PROBABLE
LPT-11258.corp.local,3.0,0.0,0.0,2.0,2.0,80265307.0,78893067.03999999,2.0,0.0,0.0,False,0.0,3.0,PROBABLE
LPT-11226,6.0,0.0,0.0,1.0,2.0,202719772.54000002,168540851.24,5.0,1.0,0.0,True,0.0,7.0,EXACT
ws-12902,2.0,2.0,0.0,1.0,1.0,38107562.0,70151797.64,2.0,0.0,0.0,False,1.0,2.0,PROBABLE
lpt-10921,3.0,0.0,0.0,0.0,2.0,77348310.0,99038003.2,3.0,0.0,0.0,False,0.0,3.0,PROBABLE
VDR-12625,9.0,1.0,2.0,6.0,6.0,220242841.0,258771900.64,8.0,3.0,0.0,True,0.1111111111111111,12.0,EXACT
VDR-12437,13.0,4.0,0.0,5.0,12.0,307956233.28,281547609.2,11.0,3.0,0.0,False,0.3076923076923077,16.0,PROBABLE
lpt-10360,2.0,0.0,0.0,1.0,0.0,59929194.32,25417614.0,2.0,0.0,0.0,False,0.0,2.0,PROBABLE
WS_10817,1.0,0.0,0.0,0.0,1.0,10339491.84,48017039.36,1.0,0.0,0.0,False,0.0,1.0,PROBABLE
LPT-12634.corp.local,2.0,1.0,0.0,0.0,2.0,55691213.22,50542055.0,2.0,0.0,0.0,False,0.5,2.0,PROBABLE
WS-11871,4.0,1.0,1.0,2.0,0.0,96677565.0,117737683.0,2.0,2.0,0.0,True,0.25,6.0,EXACT
LPT-11569.corp.local,1.0,0.0,0.0,0.0,1.0,24819643.22,2883584.0,1.0,0.0,0.0,False,0.0,1.0,PROBABLE
VDR-12487,10.0,3.0,1.0,3.0,5.0,295436238.42,260939890.92000002,9.0,4.0,1.0,True,0.3,14.0,EXACT
WS_12108,1.0,0.0,1.0,0.0,0.0,24819643.22,13990085.0,0.0,0.0,0.0,False,0.0,1.0,PROBABLE
LPT_10114,1.0,0.0,1.0,1.0,1.0,4886014.0,27611610.0,1.0,0.0,0.0,False,0.0,1.0,PROBABLE
LPT_12299,1.0,0.0,0.0,1.0,1.0,9788294.0,1270530.0,1.0,0.0,0.0,False,0.0,1.0,PROBABLE
LPT-11736,5.0,1.0,2.0,3.0,4.0,108337862.44,112556227.0,5.0,3.0,0.0,True,0.2,8.0,EXACT
LPT-12068.corp.local,1.0,1.0,0.0,1.0,0.0,34995662.0,2651622.0,1.0,0.0,0.0,False,1.0,1.0,PROBABLE
ws-10305,2.0,1.0,1.0,2.0,2.0,55478044.22,71658574.64,2.0,0.0,0.0,False,0.5,2.0,PROBABLE
WS-10695.corp.local,3.0,1.0,0.0,2.0,1.0,69102734.22,36892990.56,2.0,0.0,0.0,False,0.3333333333333333,3.0,PROBABLE
ws-10189,1.0,0.0,1.0,0.0,1.0,30008452.0,38484680.0,1.0,0.0,0.0,False,0.0,1.0,PROBABLE
lpt-10575,2.0,1.0,0.0,1.0,0.0,49639286.44,52251249.0,2.0,0.0,0.0,False,0.5,2.0,PROBABLE
LPT-12672,9.0,4.0,0.0,4.0,5.0,189242665.66,227583862.36,8.0,3.0,1.0,True,0.4444444444444444,12.0,EXACT
VDR-10861.corp.local,1.0,0.0,0.0,0.0,0.0,29155378.0,48423239.68,0.0,0.0,0.0,False,0.0,1.0,PROBABLE
LPT-11311,2.0,1.0,0.0,1.0,2.0,57896737.0,63504385.0,2.0,2.0,0.0,False,0.5,4.0,PROBABLE
LPT-12783.corp.local,1.0,0.0,0.0,1.0,1.0,47260166.0,27824153.0,1.0,0.0,0.0,False,0.0,1.0,PROBABLE
WS-11677,9.0,3.0,1.0,4.0,5.0,234819906.44,181997993.36,5.0,3.0,0.0,True,0.3333333333333333,12.0,EXACT
ws-10784,3.0,1.0,0.0,1.0,2.0,78124639.44,81196938.28,2.0,0.0,0.0,False,0.3333333333333333,3.0,PROBABLE
WS-12206,10.0,3.0,2.0,4.0,3.0,294707081.1,231189460.92000002,8.0,4.0,0.0,True,0.3,14.0,EXACT
LPT-12249,5.0,0.0,0.0,3.0,2.0,105291269.22,138941141.0,2.0,2.0,0.0,True,0.0,7.0,EXACT
VDR-12021,8.0,0.0,0.0,5.0,4.0,183504250.16,244567088.6,5.0,2.0,0.0,True,0.0,10.0,EXACT
WS-10359,9.0,1.0,0.0,5.0,8.0,262769562.54,291424998.28,9.0,3.0,0.0,True,0.1111111111111111,12.0,EXACT
vdr-11394,2.0,0.0,0.0,0.0,1.0,57026191.22,91212165.0,2.0,0.0,0.0,False,0.0,2.0,PROBABLE
WS-11761,9.0,2.0,0.0,3.0,5.0,295347164.36,151701023.04,8.0,4.0,1.0,False,0.2222222222222222,13.0,PROBABLE
ws-11750,2.0,0.0,0.0,1.0,2.0,64234569.68,8976214.64,2.0,0.0,0.0,False,0.0,2.0,PROBABLE
LPT-11569,6.0,0.0,0.0,2.0,2.0,141217088.26,165497687.64,6.0,3.0,0.0,True,0.0,9.0,EXACT
WS-10839,9.0,0.0,0.0,6.0,5.0,251459622.14,156355181.28,9.0,1.0,0.0,True,0.0,10.0,EXACT
LPT-10551,8.0,0.0,1.0,4.0,6.0,275641018.24,221642372.36,7.0,3.0,0.0,True,0.0,11.0,EXACT
WS-11738,10.0,1.0,2.0,4.0,5.0,361230127.08,250824327.4,9.0,1.0,0.0,True,0.1,11.0,EXACT
WS_12371,1.0,1.0,0.0,1.0,1.0,46874448.0,24526192.64,1.0,0.0,0.0,False,1.0,1.0,PROBABLE
WS-12914,7.0,1.0,0.0,4.0,2.0,131917891.66,146906397.8,5.0,2.0,1.0,True,0.14285714285714285,9.0,EXACT
WS-10994.corp.local,2.0,0.0,1.0,1.0,2.0,68229521.22,27367997.44,2.0,0.0,0.0,False,0.0,2.0,PROBABLE
WS_11211,1.0,0.0,0.0,1.0,1.0,24819643.22,24526192.64,1.0,0.0,0.0,False,0.0,1.0,PROBABLE
VDR_12284,2.0,0.0,0.0,1.0,1.0,57496360.0,57302072.64,2.0,0.0,0.0,False,0.0,2.0,PROBABLE
LPT-11054,5.0,1.0,0.0,1.0,4.0,132644423.03999999,101891828.68,4.0,3.0,0.0,False,0.2,8.0,PROBABLE
LPT-12885.corp.local,3.0,1.0,0.0,1.0,2.0,111976143.22,92938354.08,3.0,0.0,0.0,False,0.3333333333333333,3.0,PROBABLE
lpt-12754,3.0,1.0,0.0,2.0,2.0,100230809.22,53727318.480000004,3.0,0.0,0.0,False,0.3333333333333333,3.0,PROBABLE
WS-12244,10.0,1.0,0.0,4.0,6.0,248979644.7,214548879.12,9.0,2.0,0.0,False,0.1,12.0,PROBABLE
WS-12345.corp.local,1.0,0.0,0.0,1.0,0.0,24819643.22,9564078.08,1.0,0.0,0.0,False,0.0,1.0,PROBABLE
vdr-10642,1.0,1.0,0.0,0.0,0.0,42694025.0,24526192.64,0.0,0.0,0.0,False,1.0,1.0,PROBABLE
lpt-11432,1.0,0.0,0.0,1.0,1.0,24819643.22,4876113.0,1.0,0.0,0.0,False,0.0,1.0,PROBABLE
WS-10415,9.0,2.0,0.0,4.0,5.0,179340823.22,257760346.68,8.0,1.0,0.0,True,0.2222222222222222,10.0,EXACT
VDR_11684,1.0,0.0,0.0,1.0,1.0,24819643.22,38530786.0,1.0,0.0,0.0,False,0.0,1.0,PROBABLE
lpt-10055,2.0,0.0,0.0,0.0,2.0,49639286.44,54399982.64,2.0,0.0,0.0,False,0.0,2.0,PROBABLE
WS-12478.corp.local,3.0,0.0,1.0,1.0,1.0,91592720.22,120375132.72,3.0,0.0,0.0,False,0.0,3.0,PROBABLE
LPT-12407,6.0,2.0,0.0,3.0,3.0,85858954.44,160243338.84,5.0,2.0,0.0,False,0.3333333333333333,8.0,PROBABLE
LPT-11552,1.0,0.0,0.0,1.0,1.0,43275817.0,31231651.0,1.0,0.0,0.0,True,0.0,1.0,EXACT
VDR-10780,7.0,2.0,1.0,3.0,3.0,221159282.88,172618438.28,5.0,1.0,0.0,True,0.2857142857142857,8.0,EXACT
ws-10552,2.0,1.0,0.0,1.0,0.0,49639286.44,71782753.64,2.0,0.0,0.0,False,0.5,2.0,PROBABLE
LPT_11109,1.0,0.0,1.0,0.0,0.0,24819643.22,46448397.0,0.0,0.0,0.0,False,0.0,1.0,PROBABLE
VDR_12464,1.0,0.0,0.0,0.0,1.0,24819643.22,30865910.0,1.0,0.0,0.0,False,0.0,1.0,PROBABLE
LPT-10646,10.0,0.0,0.0,7.0,6.0,268709823.44,274057937.2,9.0,1.0,0.0,True,0.0,11.0,EXACT
LPT-10125.corp.local,1.0,1.0,0.0,1.0,0.0,48314349.0,24526192.64,1.0,0.0,0.0,False,1.0,1.0,PROBABLE
LPT-11204,7.0,3.0,1.0,3.0,4.0,188662221.66,192966443.96,7.0,4.0,0.0,False,0.42857142857142855,11.0,PROBABLE
WS-12392,13.0,5.0,1.0,7.0,6.0,261223967.29999998,274855928.68,12.0,3.0,0.0,True,0.38461538461538464,16.0,EXACT
LPT-12960.corp.local,2.0,1.0,0.0,1.0,2.0,56560038.739999995,36868821.64,1.0,0.0,0.0,False,0.5,2.0,PROBABLE
ws-10911,1.0,0.0,1.0,1.0,1.0,10590617.6,12470480.0,1.0,0.0,0.0,False,0.0,1.0,PROBABLE
ws-12753,2.0,0.0,0.0,2.0,2.0,49900372.0,49052385.28,2.0,0.0,0.0,False,0.0,2.0,PROBABLE
lpt-10198,4.0,0.0,0.0,1.0,1.0,103131838.66,107553881.64,4.0,0.0,0.0,False,0.0,4.0,PROBABLE
LPT_10537,1.0,0.0,1.0,1.0,1.0,24819643.22,8747816.96,1.0,0.0,0.0,False,0.0,1.0,PROBABLE
LPT-11054.corp.local,1.0,0.0,0.0,1.0,1.0,24819643.22,8797296.64,1.0,0.0,0.0,False,0.0,1.0,PROBABLE
WS-11233,6.0,1.0,1.0,2.0,6.0,197287803.44,230939111.6,6.0,4.0,1.0,True,0.16666666666666666,10.0,EXACT
vdr-12497,1.0,0.0,0.0,1.0,0.0,25802173.0,341527.0,1.0,0.0,0.0,False,0.0,1.0,PROBABLE
VDR-10123.corp.local,1.0,0.0,0.0,0.0,1.0,27656682.0,24526192.64,1.0,0.0,0.0,False,0.0,1.0,PROBABLE
LPT-10755.corp.local,1.0,0.0,0.0,0.0,0.0,19345022.0,12868008.0,1.0,0.0,0.0,False,0.0,1.0,PROBABLE
WS_10442,1.0,1.0,0.0,0.0,0.0,30231784.0,47456716.8,0.0,0.0,0.0,False,1.0,1.0,PROBABLE
LPT-11346,3.0,1.0,0.0,1.0,1.0,66230415.0,63788830.64,3.0,6.0,0.0,True,0.3333333333333333,9.0,EXACT
WS_11782,3.0,1.0,0.0,2.0,1.0,57342051.22,34603337.760000005,3.0,0.0,0.0,False,0.3333333333333333,3.0,PROBABLE
vdr-11177,2.0,0.0,0.0,2.0,2.0,38206700.22,57219818.64,2.0,0.0,0.0,False,0.0,2.0,PROBABLE
WS-10070,3.0,1.0,1.0,2.0,0.0,29431614.0,40687348.96,2.0,1.0,0.0,True,0.3333333333333333,4.0,EXACT
WS_12288,1.0,0.0,0.0,0.0,0.0,24819643.22,25789358.0,1.0,0.0,0.0,False,0.0,1.0,PROBABLE
LPT-10752.corp.local,2.0,1.0,0.0,2.0,2.0,65651217.72,52612390.64,2.0,0.0,0.0,False,0.5,2.0,PROBABLE
VDR-12986,7.0,2.0,0.0,6.0,4.0,119151030.46,176998760.28,7.0,2.0,0.0,False,0.2857142857142857,9.0,PROBABLE
LPT-10141.corp.local,1.0,0.0,0.0,0.0,0.0,32560793.0,33442173.0,1.0,0.0,0.0,False,0.0,1.0,PROBABLE
vdr-11525,2.0,1.0,0.0,0.0,2.0,28611729.0,61687726.08,2.0,0.0,0.0,False,0.5,2.0,PROBABLE
WS-10530,5.0,2.0,0.0,2.0,1.0,166813578.22,167339265.4,4.0,1.0,0.0,False,0.4,6.0,PROBABLE
lpt-11290,1.0,0.0,0.0,0.0,0.0,45656676.0,24526192.64,1.0,0.0,0.0,False,0.0,1.0,PROBABLE
WS-12957,5.0,2.0,1.0,2.0,3.0,162916354.44,117263964.28,4.0,1.0,0.0,True,0.4,6.0,EXACT
VDR-12436,11.0,1.0,1.0,7.0,6.0,323961120.34,242535562.28,11.0,2.0,0.0,True,0.09090909090909091,13.0,EXACT
LPT-11235.corp.local,2.0,0.0,0.0,0.0,0.0,40339568.120000005,72819950.0,2.0,0.0,0.0,False,0.0,2.0,PROBABLE
LPT_12877,1.0,0.0,0.0,0.0,0.0,30462647.0,34092614.0,1.0,0.0,0.0,False,0.0,1.0,PROBABLE
vdr-10404,1.0,0.0,0.0,0.0,0.0,9191993.0,24526192.64,1.0,0.0,0.0,False,0.0,1.0,PROBABLE
LPT-12470.corp.local,1.0,0.0,0.0,0.0,1.0,24819643.22,24526192.64,1.0,0.0,0.0,False,0.0,1.0,PROBABLE
ws-11923,1.0,1.0,0.0,1.0,1.0,24819643.22,24466716.0,1.0,0.0,0.0,False,1.0,1.0,PROBABLE
vdr-12358,2.0,1.0,0.0,2.0,1.0,39905158.22,15550361.0,2.0,0.0,0.0,False,0.5,2.0,PROBABLE
WS-11723.,0.0,0.0,0.0,0.0,0.0,0.0,0.0,0.0,0.0,0.0,True,0.0,0.0,EXACT
WS_12605,2.0,0.0,0.0,0.0,2.0,66678797.14,21662672.0,1.0,0.0,0.0,False,0.0,2.0,PROBABLE
WS-10827,4.0,0.0,2.0,4.0,1.0,149631029.22,70272025.96000001,4.0,3.0,1.0,False,0.0,7.0,PROBABLE
VDR_12588,1.0,1.0,0.0,0.0,0.0,33365359.0,7874805.76,1.0,0.0,0.0,False,1.0,1.0,PROBABLE
WS-11301.corp.local,1.0,0.0,0.0,1.0,1.0,13647171.0,24526192.64,1.0,0.0,0.0,False,0.0,1.0,PROBABLE
LPT-11824.corp.local,1.0,0.0,0.0,1.0,1.0,42197836.0,26680206.0,1.0,0.0,0.0,False,0.0,1.0,PROBABLE
WS-10137,5.0,0.0,0.0,0.0,4.0,144830786.22,79564185.32,5.0,4.0,1.0,True,0.0,9.0,EXACT
ws-12720,1.0,0.0,0.0,1.0,1.0,31196395.52,24526192.64,1.0,0.0,0.0,False,0.0,1.0,PROBABLE
lpt-11016,1.0,0.0,0.0,0.0,1.0,19604212.0,24526192.64,1.0,0.0,0.0,False,0.0,1.0,PROBABLE
LPT-11662.corp.local,1.0,0.0,0.0,0.0,1.0,48371611.0,4994535.0,1.0,0.0,0.0,False,0.0,1.0,PROBABLE
WS-12717.corp.local,1.0,0.0,0.0,1.0,0.0,37434163.2,39562679.0,1.0,0.0,0.0,False,0.0,1.0,PROBABLE
LPT-12547.corp.local,1.0,0.0,0.0,0.0,0.0,24819643.22,8593818.0,1.0,0.0,0.0,False,0.0,1.0,PROBABLE
WS-10582.corp.local,3.0,0.0,0.0,2.0,1.0,96309016.44,73578577.92,3.0,0.0,0.0,False,0.0,3.0,PROBABLE
VDR-10877.corp.local,1.0,0.0,1.0,0.0,1.0,24819643.22,24526192.64,1.0,0.0,0.0,False,0.0,1.0,PROBABLE
WS-10926,7.0,1.0,1.0,5.0,4.0,184535876.66,208535379.48000002,5.0,2.0,1.0,True,0.14285714285714285,9.0,EXACT
WS-10149,5.0,0.0,1.0,3.0,2.0,169111605.18,103049684.04,3.0,0.0,0.0,True,0.0,5.0,EXACT
lpt-10545,2.0,1.0,0.0,1.0,1.0,52553720.66,39261348.64,2.0,0.0,0.0,False,0.5,2.0,PROBABLE
VDR-11339,5.0,0.0,1.0,4.0,2.0,128586928.22,180099139.28,3.0,3.0,0.0,True,0.0,8.0,EXACT
VDR-11188.corp.local,1.0,0.0,0.0,0.0,0.0,24819643.22,24526192.64,1.0,0.0,0.0,False,0.0,1.0,PROBABLE
VDR-10601.corp.local,2.0,1.0,0.0,1.0,1.0,72254201.0,85089100.0,2.0,0.0,0.0,False,0.5,2.0,PROBABLE
VDR_12034,1.0,0.0,1.0,1.0,1.0,39657144.32,32988200.96,1.0,0.0,0.0,False,0.0,1.0,PROBABLE
VDR-10937,8.0,3.0,0.0,4.0,3.0,139272723.22,226978893.52,7.0,2.0,0.0,True,0.375,10.0,EXACT
LPT-10103,9.0,5.0,1.0,6.0,3.0,256273652.76,226944185.6,8.0,0.0,0.0,True,0.5555555555555556,9.0,EXACT
ws-10163,1.0,0.0,0.0,1.0,0.0,25778928.0,24526192.64,1.0,0.0,0.0,False,0.0,1.0,PROBABLE
LPT_12607,1.0,0.0,0.0,1.0,0.0,36702234.0,4096069.0,0.0,0.0,0.0,False,0.0,1.0,PROBABLE
WS_11296,2.0,0.0,0.0,0.0,2.0,38810971.22,49862909.84,2.0,0.0,0.0,False,0.0,2.0,PROBABLE
VDR-12847.corp.local,1.0,1.0,0.0,0.0,0.0,24819643.22,32186594.0,1.0,0.0,0.0,False,1.0,1.0,PROBABLE
VDR-11083.corp.local,1.0,0.0,0.0,0.0,1.0,11963017.0,38426603.0,1.0,0.0,0.0,False,0.0,1.0,PROBABLE
WS-10553,7.0,3.0,0.0,6.0,2.0,139825575.35999998,177533875.6,7.0,4.0,1.0,True,0.42857142857142855,11.0,EXACT
VDR-11413,7.0,1.0,0.0,2.0,2.0,181546439.88,180614315.28,6.0,3.0,0.0,True,0.14285714285714285,10.0,EXACT
WS_12041,1.0,0.0,0.0,1.0,0.0,20650531.0,24526192.64,1.0,0.0,0.0,False,0.0,1.0,PROBABLE
WS-10494,4.0,0.0,0.0,2.0,2.0,126218453.08,74868210.24000001,3.0,3.0,0.0,True,0.0,7.0,EXACT
LPT-10041,5.0,1.0,2.0,3.0,2.0,175954821.22,154427135.64,5.0,7.0,0.0,True,0.2,12.0,EXACT
LPT_10290,1.0,0.0,0.0,0.0,0.0,4631036.0,24603924.0,1.0,0.0,0.0,False,0.0,1.0,PROBABLE
VDR-10952.,0.0,0.0,0.0,0.0,0.0,0.0,0.0,0.0,0.0,0.0,True,0.0,0.0,EXACT
LPT-11674,13.0,2.0,1.0,7.0,6.0,333959419.86,265727286.52,8.0,3.0,0.0,True,0.15384615384615385,16.0,EXACT
LPT_11202,2.0,0.0,1.0,1.0,2.0,49639286.44,64698769.64,2.0,0.0,0.0,False,0.0,2.0,PROBABLE
VDR-11247,9.0,2.0,1.0,4.0,4.0,224623109.82,241922330.48000002,8.0,3.0,0.0,True,0.2222222222222222,12.0,EXACT
vdr-11066,4.0,1.0,0.0,2.0,2.0,109941866.44,107000580.44,4.0,0.0,0.0,False,0.25,4.0,PROBABLE
ws-12984,3.0,0.0,0.0,3.0,1.0,57733233.980000004,85544490.64,3.0,0.0,0.0,False,0.0,3.0,PROBABLE
LPT_12795,1.0,0.0,0.0,0.0,1.0,28109685.0,24526192.64,1.0,0.0,0.0,False,0.0,1.0,PROBABLE
lpt-12860,1.0,0.0,0.0,1.0,0.0,24819643.22,19666938.0,1.0,0.0,0.0,False,0.0,1.0,PROBABLE
ws-10453,1.0,0.0,0.0,1.0,1.0,47966722.0,24526192.64,1.0,0.0,0.0,False,0.0,1.0,PROBABLE
WS_12726,1.0,0.0,0.0,0.0,1.0,24819643.22,43183137.0,0.0,0.0,0.0,False,0.0,1.0,PROBABLE
VDR-12825.corp.local,1.0,0.0,0.0,1.0,0.0,5956554.0,32363938.0,1.0,0.0,0.0,False,0.0,1.0,PROBABLE
VDR-12598.corp.local,1.0,0.0,0.0,1.0,1.0,1097060.0,30300661.76,1.0,0.0,0.0,False,0.0,1.0,PROBABLE
ws-10722,1.0,0.0,0.0,1.0,1.0,24819643.22,24526192.64,1.0,0.0,0.0,False,0.0,1.0,PROBABLE
WS_10413,1.0,1.0,0.0,1.0,0.0,47843606.0,24526192.64,1.0,0.0,0.0,False,1.0,1.0,PROBABLE
vdr-10715,2.0,0.0,0.0,1.0,0.0,55993807.7,91617196.0,2.0,0.0,0.0,False,0.0,2.0,PROBABLE
lpt-10522,3.0,2.0,0.0,2.0,0.0,77984551.18,67111668.28,3.0,0.0,0.0,False,0.6666666666666666,3.0,PROBABLE
lpt-12708,2.0,0.0,0.0,1.0,1.0,78281814.0,30652877.64,2.0,0.0,0.0,False,0.0,2.0,PROBABLE
lpt-12470,2.0,1.0,0.0,1.0,1.0,49639286.44,47323795.0,2.0,0.0,0.0,False,0.5,2.0,PROBABLE
WS_12887,1.0,0.0,0.0,0.0,0.0,46937251.0,34870551.0,0.0,0.0,0.0,False,0.0,1.0,PROBABLE
VDR-11797,6.0,2.0,0.0,4.0,3.0,175399772.16,134767779.44,6.0,3.0,1.0,True,0.3333333333333333,9.0,EXACT
lpt-10194,1.0,1.0,0.0,0.0,0.0,24819643.22,6882047.0,1.0,0.0,0.0,False,1.0,1.0,PROBABLE
VDR-10480,7.0,2.0,1.0,4.0,3.0,214353131.07999998,221844865.92000002,6.0,3.0,0.0,True,0.2857142857142857,10.0,EXACT
LPT-10327,6.0,0.0,0.0,3.0,2.0,153938304.22,165331222.0,4.0,3.0,0.0,True,0.0,9.0,EXACT
VDR-12558.corp.local,2.0,0.0,0.0,2.0,1.0,49639286.44,58866437.0,2.0,0.0,0.0,False,0.0,2.0,PROBABLE
vdr-10299,1.0,0.0,0.0,1.0,1.0,47552566.0,20593290.0,1.0,0.0,0.0,False,0.0,1.0,PROBABLE
vdr-11482,3.0,1.0,0.0,1.0,2.0,65752885.22,91168028.88,2.0,0.0,0.0,False,0.3333333333333333,3.0,PROBABLE
vdr-12218,4.0,0.0,0.0,1.0,3.0,81351769.34,70035447.64,4.0,0.0,0.0,False,0.0,4.0,PROBABLE
ws-10137,4.0,1.0,1.0,3.0,2.0,124017213.44,104279845.0,3.0,0.0,0.0,False,0.25,4.0,PROBABLE
LPT_10731,1.0,1.0,0.0,0.0,0.0,28623465.0,217341.0,1.0,0.0,0.0,False,1.0,1.0,PROBABLE
LPT_12132,1.0,1.0,0.0,0.0,0.0,12897031.0,24526192.64,1.0,0.0,0.0,False,1.0,1.0,PROBABLE
WS-11878,16.0,4.0,2.0,4.0,8.0,361766850.34,329378678.04,12.0,1.0,0.0,True,0.25,17.0,EXACT
VDR-12797.corp.local,2.0,0.0,0.0,1.0,1.0,51872904.019999996,66621460.480000004,2.0,0.0,0.0,False,0.0,2.0,PROBABLE
LPT-10538,5.0,0.0,0.0,3.0,1.0,160501685.84,119296038.64,5.0,4.0,0.0,True,0.0,9.0,EXACT
LPT-12354.corp.local,2.0,0.0,0.0,2.0,0.0,46234819.22,49052385.28,2.0,0.0,0.0,False,0.0,2.0,PROBABLE
VDR-11479.corp.local,1.0,0.0,0.0,0.0,1.0,24819643.22,796429.0,0.0,0.0,0.0,False,0.0,1.0,PROBABLE
LPT-10745.corp.local,1.0,0.0,0.0,1.0,0.0,48598036.0,45116919.0,1.0,0.0,0.0,False,0.0,1.0,PROBABLE
LPT-10133,6.0,1.0,0.0,2.0,4.0,119686558.72,140490112.68,6.0,3.0,1.0,True,0.16666666666666666,9.0,EXACT
VDR-12928,8.0,4.0,1.0,3.0,3.0,224866948.72,206253408.32,7.0,1.0,0.0,True,0.5,9.0,EXACT
LPT-10378.corp.local,1.0,0.0,0.0,1.0,1.0,48646936.0,18093527.04,1.0,0.0,0.0,False,0.0,1.0,PROBABLE
VDR-12148,9.0,4.0,0.0,4.0,6.0,175463542.66,295020070.36,7.0,3.0,0.0,True,0.4444444444444444,12.0,EXACT
WS-10505,6.0,1.0,2.0,6.0,2.0,198078878.22,134269556.4,5.0,3.0,1.0,True,0.16666666666666666,9.0,EXACT
VDR-10555.corp.local,2.0,1.0,0.0,2.0,1.0,47470433.0,44737364.64,2.0,0.0,0.0,False,0.5,2.0,PROBABLE
VDR-12811,11.0,3.0,2.0,5.0,7.0,344328847.3,305161779.32,10.0,0.0,0.0,True,0.2727272727272727,11.0,EXACT
vdr-10427,2.0,0.0,2.0,1.0,1.0,32647778.0,48691364.64,2.0,0.0,0.0,False,0.0,2.0,PROBABLE
WS-11814,11.0,2.0,2.0,6.0,4.0,178336262.88,242428345.04,8.0,2.0,0.0,True,0.18181818181818182,13.0,EXACT
VDR_12983,1.0,0.0,0.0,1.0,1.0,3257065.0,13200597.0,1.0,0.0,0.0,False,0.0,1.0,PROBABLE
WS-11514,11.0,2.0,1.0,3.0,7.0,291726758.03999996,278159946.16,9.0,3.0,1.0,True,0.18181818181818182,14.0,EXACT
VDR-10684.corp.local,2.0,0.0,0.0,0.0,1.0,46776975.36,59133663.64,2.0,0.0,0.0,False,0.0,2.0,PROBABLE
VDR_10535,2.0,0.0,0.0,0.0,1.0,81253949.0,13186999.0,2.0,0.0,0.0,False,0.0,2.0,PROBABLE
VDR-11316.corp.local,3.0,0.0,0.0,2.0,2.0,82239037.0,73578577.92,2.0,0.0,0.0,False,0.0,3.0,PROBABLE
LPT_11259,2.0,0.0,0.0,1.0,1.0,56500431.0,47562615.64,2.0,0.0,0.0,False,0.0,2.0,PROBABLE
VDR-12052,7.0,2.0,0.0,2.0,2.0,170009204.56,186859810.04,6.0,1.0,0.0,True,0.2857142857142857,8.0,EXACT
WS-10578,8.0,0.0,1.0,4.0,5.0,257381867.12,192509743.2,8.0,4.0,0.0,True,0.0,12.0,EXACT
WS-12515.,0.0,0.0,0.0,0.0,0.0,0.0,0.0,0.0,0.0,0.0,True,0.0,0.0,EXACT
WS-11469.corp.local,2.0,0.0,0.0,1.0,1.0,72231269.22,55363933.0,2.0,0.0,0.0,False,0.0,2.0,PROBABLE
WS-12125,6.0,4.0,2.0,3.0,2.0,170271822.86,139702604.92000002,4.0,1.0,0.0,True,0.6666666666666666,7.0,EXACT
LPT-11452.corp.local,1.0,0.0,1.0,0.0,1.0,25524203.0,16388774.0,1.0,0.0,0.0,False,0.0,1.0,PROBABLE
VDR-11943,6.0,1.0,1.0,2.0,0.0,66011477.22,141204821.56,5.0,5.0,0.0,True,0.16666666666666666,11.0,EXACT
WS-11323.corp.local,1.0,0.0,0.0,1.0,0.0,24819643.22,24526192.64,1.0,0.0,0.0,False,0.0,1.0,PROBABLE
lpt-11238,1.0,0.0,0.0,1.0,1.0,1593915.0,24526192.64,1.0,0.0,0.0,False,0.0,1.0,PROBABLE
ws-12666,1.0,0.0,0.0,1.0,0.0,71464.96,13707653.12,0.0,0.0,0.0,False,0.0,1.0,PROBABLE
lpt-10001,1.0,0.0,1.0,1.0,1.0,45638586.0,24526192.64,1.0,0.0,0.0,False,0.0,1.0,PROBABLE
WS-11110,14.0,7.0,3.0,7.0,7.0,368469164.88,349769187.56,13.0,1.0,0.0,False,0.5,15.0,PROBABLE
ws-10829,4.0,0.0,0.0,1.0,3.0,86357737.24,105934905.64,3.0,0.0,0.0,False,0.0,4.0,PROBABLE
vdr-10947,1.0,0.0,0.0,1.0,1.0,7854570.0,4950554.0,1.0,0.0,0.0,False,0.0,1.0,PROBABLE
VDR-12335.corp.local,2.0,1.0,0.0,2.0,1.0,76510399.0,46005508.0,1.0,0.0,0.0,False,0.5,2.0,PROBABLE
WS_11905,1.0,0.0,0.0,1.0,1.0,21474836.48,10097772.0,1.0,0.0,0.0,False,0.0,1.0,PROBABLE
ws-10432,1.0,1.0,0.0,0.0,1.0,24819643.22,24473718.0,1.0,0.0,0.0,False,1.0,1.0,PROBABLE
WS-10115,9.0,1.0,2.0,8.0,3.0,260291572.26,178144154.2,6.0,2.0,0.0,True,0.1111111111111111,11.0,EXACT
WS-12194,4.0,1.0,0.0,3.0,1.0,109555698.44,147462237.64,2.0,2.0,0.0,True,0.25,6.0,EXACT
WS-11347.,0.0,0.0,0.0,0.0,0.0,0.0,0.0,0.0,0.0,0.0,True,0.0,0.0,EXACT
ws-10803,1.0,0.0,0.0,1.0,0.0,24354758.0,3411867.0,1.0,0.0,0.0,False,0.0,1.0,PROBABLE
LPT-12291,6.0,2.0,0.0,1.0,4.0,136244370.98,131560844.12,6.0,4.0,0.0,True,0.3333333333333333,10.0,EXACT
ws-10706,2.0,0.0,0.0,2.0,2.0,28121496.0,39594229.76,2.0,0.0,0.0,False,0.0,2.0,PROBABLE
WS-11496.corp.local,1.0,0.0,0.0,0.0,1.0,38544988.16,14785259.52,1.0,0.0,0.0,False,0.0,1.0,PROBABLE
lpt-10779,1.0,0.0,0.0,1.0,0.0,30631320.0,42590828.0,1.0,0.0,0.0,False,0.0,1.0,PROBABLE
WS-11075,7.0,0.0,0.0,1.0,4.0,177043248.34,183003663.96,6.0,3.0,0.0,True,0.0,10.0,EXACT
ws-12136,1.0,0.0,0.0,0.0,1.0,11290688.0,36316548.0,1.0,0.0,0.0,False,0.0,1.0,PROBABLE
vdr-12152,1.0,0.0,0.0,1.0,1.0,26098198.0,14707934.0,1.0,0.0,0.0,False,0.0,1.0,PROBABLE
WS-12726,10.0,1.0,3.0,4.0,4.0,332222493.14,262473437.84,9.0,2.0,1.0,True,0.1,12.0,EXACT
WS-10408.corp.local,2.0,1.0,0.0,0.0,1.0,27335349.0,29433612.64,1.0,0.0,0.0,False,0.5,2.0,PROBABLE
vdr-11215,1.0,0.0,0.0,1.0,0.0,39809606.0,24526192.64,1.0,0.0,0.0,False,0.0,1.0,PROBABLE
VDR-12151,5.0,0.0,1.0,2.0,3.0,147272650.66,110748792.28,5.0,0.0,0.0,True,0.0,5.0,EXACT
LPT-11558,7.0,1.0,0.0,1.0,1.0,149800227.84,166892064.92000002,6.0,7.0,1.0,True,0.14285714285714285,14.0,EXACT
WS-11422,3.0,2.0,0.0,1.0,1.0,111384568.22,91826958.36,3.0,3.0,1.0,True,0.6666666666666666,6.0,EXACT
VDR-10502.corp.local,1.0,0.0,1.0,1.0,0.0,11586204.0,32895852.0,0.0,0.0,0.0,False,0.0,1.0,PROBABLE
LPT-11368,5.0,2.0,1.0,1.0,3.0,163898498.1,65508082.64,3.0,2.0,1.0,True,0.4,7.0,EXACT
VDR-11592,9.0,3.0,2.0,3.0,5.0,266139362.66,270218310.96,8.0,4.0,0.0,False,0.3333333333333333,13.0,PROBABLE
LPT_12257,1.0,0.0,0.0,0.0,0.0,24819643.22,24526192.64,1.0,0.0,0.0,False,0.0,1.0,PROBABLE
ws-12230,2.0,0.0,0.0,1.0,2.0,58369064.96,64506239.44,1.0,0.0,0.0,False,0.0,2.0,PROBABLE
vdr-11858,2.0,0.0,0.0,1.0,2.0,49639286.44,62628117.68,2.0,0.0,0.0,False,0.0,2.0,PROBABLE
LPT-11528,9.0,1.0,0.0,6.0,3.0,231323097.72,178842651.4,8.0,3.0,0.0,True,0.1111111111111111,12.0,EXACT
WS-12495.corp.local,1.0,0.0,0.0,0.0,1.0,21263365.0,30629293.0,0.0,0.0,0.0,False,0.0,1.0,PROBABLE
lpt-11862,1.0,0.0,0.0,1.0,0.0,24819643.22,30563703.0,1.0,0.0,0.0,False,0.0,1.0,PROBABLE
VDR-10346.corp.local,1.0,0.0,0.0,0.0,0.0,24819643.22,44351828.0,1.0,0.0,0.0,False,0.0,1.0,PROBABLE
WS-10352.corp.local,2.0,0.0,0.0,0.0,2.0,49639286.44,39395264.0,2.0,0.0,0.0,False,0.0,2.0,PROBABLE
LPT-11114.corp.local,3.0,1.0,0.0,2.0,2.0,71849350.0,89873625.03999999,0.0,0.0,0.0,False,0.3333333333333333,3.0,PROBABLE
LPT-11357,3.0,0.0,1.0,2.0,3.0,118681790.0,112953875.64,1.0,3.0,0.0,True,0.0,6.0,EXACT
vdr-11757,2.0,0.0,0.0,1.0,1.0,30169249.12,63649459.64,1.0,0.0,0.0,False,0.0,2.0,PROBABLE
vdr-11264,1.0,0.0,0.0,1.0,0.0,19359736.0,5055232.0,1.0,0.0,0.0,False,0.0,1.0,PROBABLE
VDR_11600,1.0,1.0,0.0,0.0,0.0,44115225.0,24526192.64,1.0,0.0,0.0,False,1.0,1.0,PROBABLE
VDR-12073,6.0,5.0,0.0,5.0,5.0,214743216.82,137411830.56,6.0,7.0,2.0,True,0.8333333333333334,13.0,EXACT
ws-12084,1.0,0.0,0.0,0.0,0.0,44689541.12,21144520.0,1.0,0.0,0.0,False,0.0,1.0,PROBABLE
WS_12062,1.0,1.0,0.0,1.0,1.0,14247808.0,24526192.64,1.0,0.0,0.0,False,1.0,1.0,PROBABLE
WS-11203,6.0,1.0,1.0,4.0,4.0,146433863.88,181875119.64,4.0,0.0,0.0,True,0.16666666666666666,6.0,EXACT
lpt-11197,1.0,0.0,0.0,1.0,1.0,45812285.44,45065527.0,1.0,0.0,0.0,False,0.0,1.0,PROBABLE
ws-10265,1.0,0.0,0.0,1.0,0.0,22927182.0,29722361.0,1.0,0.0,0.0,False,0.0,1.0,PROBABLE
LPT-11029,5.0,0.0,1.0,1.0,3.0,148006272.68,96098417.28,5.0,1.0,0.0,True,0.0,6.0,EXACT
LPT-12824,4.0,2.0,0.0,2.0,0.0,84763963.44,63952511.96,2.0,1.0,0.0,True,0.5,5.0,EXACT
WS-11397,12.0,2.0,0.0,8.0,11.0,248900631.54,269774086.68,11.0,6.0,0.0,False,0.16666666666666666,18.0,PROBABLE
ws-11503,1.0,1.0,0.0,1.0,0.0,24819643.22,24526192.64,1.0,0.0,0.0,False,1.0,1.0,PROBABLE
ws-11390,2.0,1.0,1.0,0.0,2.0,54264890.0,68426104.0,2.0,0.0,0.0,False,0.5,2.0,PROBABLE
VDR-12222,6.0,1.0,0.0,3.0,4.0,146499273.88,146905966.0,5.0,5.0,0.0,True,0.16666666666666666,11.0,EXACT
VDR_10230,2.0,1.0,0.0,1.0,0.0,40395307.44,37109104.64,2.0,0.0,0.0,False,0.5,2.0,PROBABLE
LPT-11185,7.0,2.0,1.0,2.0,1.0,177478538.44,167893823.36,7.0,1.0,0.0,True,0.2857142857142857,8.0,EXACT
VDR_10249,1.0,1.0,0.0,1.0,0.0,21485322.24,14944245.76,1.0,0.0,0.0,False,1.0,1.0,PROBABLE
WS-12072.corp.local,2.0,1.0,0.0,0.0,1.0,59611926.0,42603642.879999995,2.0,0.0,0.0,False,0.5,2.0,PROBABLE
LPT-11476,6.0,2.0,0.0,2.0,4.0,128551271.76,192497744.76,4.0,2.0,1.0,True,0.3333333333333333,8.0,EXACT
LPT-12965,9.0,3.0,3.0,4.0,5.0,239753286.3,171408481.32,8.0,4.0,0.0,True,0.3333333333333333,13.0,EXACT
WS-11895.corp.local,2.0,0.0,0.0,1.0,2.0,15706940.32,78746473.0,1.0,0.0,0.0,False,0.0,2.0,PROBABLE
VDR-11152,6.0,2.0,1.0,5.0,2.0,124585780.9,133328367.92,6.0,4.0,0.0,True,0.3333333333333333,10.0,EXACT
LPT-12652.corp.local,1.0,0.0,0.0,1.0,0.0,34693087.0,24526192.64,1.0,0.0,0.0,False,0.0,1.0,PROBABLE
WS-10866.corp.local,1.0,0.0,0.0,0.0,0.0,14978353.0,22867252.0,0.0,0.0,0.0,False,0.0,1.0,PROBABLE
VDR_11249,2.0,0.0,1.0,1.0,1.0,60229806.08,35925203.120000005,1.0,0.0,0.0,False,0.0,2.0,PROBABLE
VDR-11586.corp.local,2.0,1.0,1.0,1.0,1.0,46640509.78,33743182.0,2.0,0.0,0.0,False,0.5,2.0,PROBABLE
VDR_11991,1.0,0.0,0.0,1.0,1.0,11679608.0,24526192.64,1.0,0.0,0.0,False,0.0,1.0,PROBABLE
LPT-11028.,0.0,0.0,0.0,0.0,0.0,0.0,0.0,0.0,0.0,0.0,True,0.0,0.0,EXACT
VDR-11236.corp.local,1.0,0.0,0.0,0.0,1.0,24819643.22,34535259.0,1.0,0.0,0.0,False,0.0,1.0,PROBABLE
ws-11397,1.0,0.0,0.0,1.0,0.0,4844221.0,24526192.64,0.0,0.0,0.0,False,0.0,1.0,PROBABLE
VDR-10060,3.0,0.0,0.0,0.0,2.0,90521276.03999999,87776463.4,3.0,5.0,0.0,True,0.0,8.0,EXACT
LPT-11484,4.0,0.0,0.0,3.0,2.0,82192135.66,74075822.28,3.0,3.0,0.0,True,0.0,7.0,EXACT
LPT-10423.corp.local,1.0,0.0,0.0,0.0,0.0,22003497.0,24526192.64,1.0,0.0,0.0,False,0.0,1.0,PROBABLE
ws-11623,1.0,0.0,0.0,1.0,0.0,3272195.0,41533837.0,1.0,0.0,0.0,False,0.0,1.0,PROBABLE
LPT_12024,1.0,1.0,0.0,0.0,0.0,24819643.22,20609722.0,1.0,0.0,0.0,False,1.0,1.0,PROBABLE
lpt-12786,3.0,0.0,0.0,0.0,2.0,46821445.0,106785409.64,2.0,0.0,0.0,False,0.0,3.0,PROBABLE
WS-10938.corp.local,1.0,0.0,0.0,1.0,1.0,24819643.22,38426331.0,1.0,0.0,0.0,False,0.0,1.0,PROBABLE
ws-10307,3.0,0.0,0.0,2.0,2.0,67946034.25999999,74778121.0,3.0,0.0,0.0,False,0.0,3.0,PROBABLE
WS-10958,3.0,1.0,0.0,2.0,1.0,79865537.94,91265755.12,3.0,2.0,0.0,True,0.3333333333333333,5.0,EXACT
ws-12793,1.0,0.0,0.0,1.0,1.0,24819643.22,3256629.0,1.0,0.0,0.0,False,0.0,1.0,PROBABLE
vdr-12126,1.0,0.0,0.0,0.0,1.0,35934699.52,35816545.0,1.0,0.0,0.0,False,0.0,1.0,PROBABLE
LPT_10751,1.0,0.0,0.0,1.0,0.0,49057924.0,48684989.0,1.0,0.0,0.0,False,0.0,1.0,PROBABLE
WS-10737,7.0,0.0,1.0,3.0,3.0,165074976.26,194096135.92000002,5.0,2.0,0.0,True,0.0,9.0,EXACT
VDR-11099,8.0,0.0,0.0,4.0,3.0,228538153.0,224259961.88,4.0,3.0,1.0,True,0.0,11.0,EXACT
ws-10999,2.0,0.0,0.0,2.0,1.0,39641116.0,41462937.0,2.0,0.0,0.0,False,0.0,2.0,PROBABLE
WS_12359,1.0,0.0,0.0,0.0,0.0,25328483.0,24526192.64,1.0,0.0,0.0,False,0.0,1.0,PROBABLE
vdr-10208,2.0,0.0,0.0,2.0,2.0,46535998.22,38588085.0,2.0,0.0,0.0,False,0.0,2.0,PROBABLE
LPT-11909,6.0,2.0,0.0,2.0,3.0,130042219.22,113510594.36,5.0,2.0,0.0,True,0.3333333333333333,8.0,EXACT
LPT-11891,3.0,1.0,0.0,1.0,2.0,79405747.36,45007654.72,3.0,1.0,0.0,True,0.3333333333333333,4.0,EXACT
LPT_11631,1.0,0.0,0.0,1.0,1.0,43112263.68,37127360.0,0.0,0.0,0.0,False,0.0,1.0,PROBABLE
WS_10566,1.0,0.0,0.0,0.0,0.0,11353526.0,16654905.0,1.0,0.0,0.0,False,0.0,1.0,PROBABLE
VDR-10207.corp.local,1.0,0.0,0.0,0.0,1.0,31644061.0,32748542.0,1.0,0.0,0.0,False,0.0,1.0,PROBABLE
VDR-11883,2.0,0.0,0.0,1.0,2.0,41883862.0,29560486.64,2.0,2.0,0.0,True,0.0,4.0,EXACT
LPT-12609.corp.local,2.0,0.0,0.0,1.0,0.0,37509246.22,76628387.84,2.0,0.0,0.0,False,0.0,2.0,PROBABLE
lpt-10006,4.0,1.0,0.0,2.0,1.0,142256763.76,125180162.64,4.0,0.0,0.0,False,0.25,4.0,PROBABLE
VDR-12156,7.0,4.0,1.0,5.0,5.0,143039735.04,149630988.36,7.0,2.0,0.0,True,0.5714285714285714,9.0,EXACT
LPT-11920,12.0,2.0,0.0,5.0,4.0,373656957.4,205456534.4,8.0,2.0,0.0,True,0.16666666666666666,14.0,EXACT
VDR-11592.corp.local,1.0,0.0,0.0,1.0,1.0,17434816.0,37518049.28,1.0,0.0,0.0,False,0.0,1.0,PROBABLE
LPT_11655,1.0,0.0,1.0,1.0,1.0,24819643.22,24526192.64,1.0,0.0,0.0,False,0.0,1.0,PROBABLE
VDR_10231,1.0,0.0,0.0,0.0,1.0,13327400.96,32158893.0,1.0,0.0,0.0,False,0.0,1.0,PROBABLE
VDR-12336,6.0,2.0,0.0,3.0,4.0,227572988.01999998,157963715.28,6.0,4.0,1.0,True,0.3333333333333333,10.0,EXACT
lpt-12672,1.0,0.0,0.0,1.0,1.0,24819643.22,24526192.64,1.0,0.0,0.0,False,0.0,1.0,PROBABLE
LPT-10104.corp.local,1.0,1.0,0.0,1.0,0.0,24819643.22,27966325.0,0.0,0.0,0.0,False,1.0,1.0,PROBABLE
WS_11078,2.0,1.0,0.0,0.0,1.0,58967754.0,49052385.28,1.0,0.0,0.0,False,0.5,2.0,PROBABLE
LPT_11409,1.0,0.0,0.0,0.0,0.0,44453529.6,24526192.64,0.0,0.0,0.0,False,0.0,1.0,PROBABLE
vdr-11650,2.0,0.0,0.0,0.0,1.0,37896097.22,61217166.64,2.0,0.0,0.0,False,0.0,2.0,PROBABLE
lpt-12615,1.0,0.0,0.0,0.0,1.0,24819643.22,22684435.0,1.0,0.0,0.0,False,0.0,1.0,PROBABLE
VDR-10914,7.0,3.0,0.0,6.0,6.0,153121886.62,200812930.28,5.0,6.0,0.0,False,0.42857142857142855,13.0,PROBABLE
VDR-11767,5.0,1.0,0.0,2.0,2.0,145770914.51999998,101640665.64,4.0,2.0,1.0,True,0.2,7.0,EXACT
VDR-10510.corp.local,3.0,2.0,0.0,1.0,2.0,87651446.14,58570760.64,3.0,0.0,0.0,False,0.6666666666666666,3.0,PROBABLE
ws-12363,1.0,1.0,0.0,0.0,0.0,13684156.0,24526192.64,1.0,0.0,0.0,False,1.0,1.0,PROBABLE
WS-10288.corp.local,2.0,1.0,0.0,0.0,0.0,94489467.84,40350340.0,2.0,0.0,0.0,False,0.5,2.0,PROBABLE
WS-12902,11.0,3.0,2.0,5.0,8.0,216317916.82,326779522.08,11.0,2.0,0.0,True,0.2727272727272727,13.0,EXACT
WS-12390,9.0,2.0,1.0,6.0,5.0,234831502.04,213235897.0,7.0,2.0,1.0,True,0.2222222222222222,11.0,EXACT
VDR-11703,7.0,1.0,1.0,4.0,5.0,159964804.32,177074340.28,5.0,2.0,1.0,True,0.14285714285714285,9.0,EXACT
LPT-12600,5.0,1.0,0.0,3.0,4.0,91064648.44,164499542.24,5.0,3.0,1.0,False,0.2,8.0,PROBABLE
WS_10932,1.0,0.0,0.0,0.0,0.0,30408871.0,24277502.0,1.0,0.0,0.0,False,0.0,1.0,PROBABLE
LPT-10403,8.0,0.0,0.0,5.0,4.0,182750159.22,178626050.96,8.0,6.0,0.0,True,0.0,14.0,EXACT
lpt-11376,1.0,0.0,0.0,1.0,1.0,38959152.0,24526192.64,1.0,0.0,0.0,False,0.0,1.0,PROBABLE
vdr-11231,2.0,1.0,0.0,1.0,2.0,40539130.0,62789565.64,1.0,0.0,0.0,False,0.5,2.0,PROBABLE
ws-11443,1.0,0.0,0.0,0.0,1.0,7321427.0,29590814.72,1.0,0.0,0.0,False,0.0,1.0,PROBABLE
VDR-12333,14.0,3.0,0.0,7.0,9.0,343152534.1,384674313.44,11.0,2.0,1.0,True,0.21428571428571427,16.0,EXACT
VDR-11822,10.0,1.0,1.0,5.0,4.0,212543108.66,298082609.24,8.0,3.0,0.0,True,0.1,13.0,EXACT
VDR_10519,1.0,0.0,0.0,0.0,1.0,6204701.0,37825036.0,1.0,0.0,0.0,False,0.0,1.0,PROBABLE
LPT-11857.corp.local,1.0,0.0,0.0,0.0,1.0,28678553.6,41743810.56,1.0,0.0,0.0,False,0.0,1.0,PROBABLE
lpt-10440,2.0,0.0,0.0,1.0,2.0,29130702.0,45068137.52,1.0,0.0,0.0,False,0.0,2.0,PROBABLE
LPT-10728.corp.local,1.0,1.0,0.0,1.0,0.0,29689394.0,24526192.64,1.0,0.0,0.0,False,1.0,1.0,PROBABLE
WS-12072,8.0,0.0,1.0,3.0,3.0,184738089.54,160480096.92000002,5.0,2.0,0.0,True,0.0,10.0,EXACT
LPT-11175,4.0,0.0,0.0,4.0,2.0,77219663.18,119328296.96000001,3.0,6.0,1.0,True,0.0,10.0,EXACT
WS-10997.corp.local,1.0,0.0,1.0,0.0,0.0,38388762.0,19377684.48,1.0,0.0,0.0,False,0.0,1.0,PROBABLE
WS-11545,5.0,1.0,1.0,4.0,3.0,148174762.66,117810371.92,2.0,4.0,0.0,True,0.2,9.0,EXACT
vdr-12972,1.0,0.0,0.0,1.0,0.0,35804137.0,24526192.64,1.0,0.0,0.0,False,0.0,1.0,PROBABLE
VDR-10947,8.0,1.0,2.0,6.0,4.0,262418654.0,160102569.64,6.0,1.0,1.0,True,0.125,9.0,EXACT
VDR-10322.corp.local,1.0,0.0,0.0,1.0,1.0,21914898.0,40892726.0,0.0,0.0,0.0,False,0.0,1.0,PROBABLE
vdr-12333,2.0,0.0,1.0,1.0,0.0,40303187.0,44649239.64,2.0,0.0,0.0,False,0.0,2.0,PROBABLE
LPT-11156,8.0,2.0,1.0,2.0,7.0,172232156.44,254078517.36,8.0,1.0,1.0,True,0.25,9.0,EXACT
lpt-11488,2.0,0.0,0.0,1.0,2.0,25526524.24,35701349.64,2.0,0.0,0.0,False,0.0,2.0,PROBABLE
VDR-11231,6.0,2.0,0.0,2.0,4.0,168342684.48,180711187.92000002,6.0,0.0,0.0,True,0.3333333333333333,6.0,EXACT
VDR-12302.corp.local,1.0,0.0,0.0,0.0,1.0,24819643.22,24526192.64,1.0,0.0,0.0,False,0.0,1.0,PROBABLE
WS-10185,7.0,2.0,1.0,5.0,3.0,124680715.53999999,184304868.64,6.0,2.0,0.0,True,0.2857142857142857,9.0,EXACT
LPT_10405,1.0,1.0,0.0,1.0,1.0,24819643.22,47328664.0,1.0,0.0,0.0,False,1.0,1.0,PROBABLE
LPT-10188,7.0,3.0,1.0,5.0,4.0,153077799.96,168545995.12,7.0,2.0,0.0,True,0.42857142857142855,9.0,EXACT
ws-11049,1.0,1.0,0.0,0.0,0.0,2529056.0,36069454.0,1.0,0.0,0.0,False,1.0,1.0,PROBABLE
vdr-12076,1.0,0.0,1.0,0.0,0.0,45306473.0,24526192.64,1.0,0.0,0.0,False,0.0,1.0,PROBABLE
LPT-11741.corp.local,2.0,1.0,1.0,1.0,2.0,70467780.22,71492300.8,2.0,0.0,0.0,False,0.5,2.0,PROBABLE
ws-10338,1.0,1.0,0.0,1.0,1.0,25648751.0,24526192.64,1.0,0.0,0.0,False,1.0,1.0,PROBABLE
vdr-11507,1.0,0.0,0.0,0.0,0.0,24819643.22,24526192.64,1.0,0.0,0.0,False,0.0,1.0,PROBABLE
VDR-12949,5.0,1.0,0.0,4.0,2.0,96565459.1,160368861.4,4.0,5.0,0.0,True,0.2,10.0,EXACT
VDR-11581,9.0,6.0,1.0,5.0,3.0,198838462.46,185268808.96,9.0,3.0,0.0,True,0.6666666666666666,12.0,EXACT
LPT-12737,4.0,1.0,0.0,3.0,1.0,75991170.44,76763890.64,3.0,3.0,0.0,True,0.25,7.0,EXACT
lpt-11501,1.0,0.0,0.0,1.0,0.0,9935749.12,24526192.64,1.0,0.0,0.0,False,0.0,1.0,PROBABLE
VDR_10768,1.0,0.0,0.0,0.0,0.0,20857462.0,45034361.0,0.0,0.0,0.0,False,0.0,1.0,PROBABLE
LPT_12767,1.0,0.0,0.0,0.0,0.0,43857834.0,48993228.8,1.0,0.0,0.0,False,0.0,1.0,PROBABLE
VDR-10285,7.0,1.0,0.0,3.0,2.0,176914995.66,145472376.68,6.0,3.0,1.0,True,0.14285714285714285,10.0,EXACT
VDR_12880,1.0,0.0,0.0,0.0,1.0,40442671.0,36579902.0,1.0,0.0,0.0,False,0.0,1.0,PROBABLE
VDR-12665.corp.local,2.0,1.0,0.0,1.0,2.0,38216529.0,64741391.64,2.0,0.0,0.0,False,0.5,2.0,PROBABLE
lpt-12347,2.0,0.0,0.0,1.0,1.0,72382187.0,61479921.64,2.0,0.0,0.0,False,0.0,2.0,PROBABLE
VDR-11142.corp.local,1.0,0.0,0.0,0.0,1.0,24819643.22,31311892.0,1.0,0.0,0.0,False,0.0,1.0,PROBABLE
WS_12496,1.0,0.0,0.0,0.0,0.0,42979556.0,24526192.64,1.0,0.0,0.0,False,0.0,1.0,PROBABLE
VDR_12490,1.0,1.0,0.0,0.0,1.0,2721218.0,24526192.64,1.0,0.0,0.0,False,1.0,1.0,PROBABLE
ws-11864,3.0,2.0,0.0,2.0,1.0,94720753.0,88549381.64,2.0,0.0,0.0,False,0.6666666666666666,3.0,PROBABLE
LPT-10405,5.0,2.0,0.0,3.0,4.0,123502843.22,96834203.72,4.0,2.0,0.0,True,0.4,7.0,EXACT
LPT-11993.corp.local,2.0,0.0,0.0,1.0,0.0,49639286.44,39562772.480000004,1.0,0.0,0.0,False,0.0,2.0,PROBABLE
LPT-10360.corp.local,1.0,1.0,0.0,0.0,0.0,24819643.22,35702934.0,1.0,0.0,0.0,False,1.0,1.0,PROBABLE
vdr-12770,1.0,0.0,0.0,0.0,0.0,21422407.68,19943915.52,1.0,0.0,0.0,False,0.0,1.0,PROBABLE
LPT-12149,5.0,2.0,1.0,3.0,2.0,128438264.6,111146334.12,5.0,2.0,0.0,True,0.4,7.0,EXACT
WS-10432,4.0,0.0,0.0,2.0,2.0,83827610.22,123079826.96000001,3.0,2.0,0.0,True,0.0,6.0,EXACT
VDR-12956,9.0,2.0,0.0,6.0,7.0,235409970.98,263867391.0,8.0,1.0,0.0,False,0.2222222222222222,10.0,PROBABLE
LPT-12158,3.0,1.0,0.0,1.0,1.0,78876916.44,70155047.56,2.0,2.0,0.0,True,0.3333333333333333,5.0,EXACT
LPT-10815.corp.local,2.0,1.0,0.0,1.0,1.0,25958563.22,26034581.64,2.0,0.0,0.0,False,0.5,2.0,PROBABLE
VDR-12896.,0.0,0.0,0.0,0.0,0.0,0.0,0.0,0.0,0.0,0.0,True,0.0,0.0,EXACT
VDR-12709,6.0,2.0,1.0,3.0,2.0,145313242.86,158714083.44,4.0,1.0,0.0,True,0.3333333333333333,7.0,EXACT
vdr-11298,1.0,0.0,0.0,0.0,1.0,28456633.0,34302260.0,0.0,0.0,0.0,False,0.0,1.0,PROBABLE
WS_12390,1.0,0.0,0.0,0.0,1.0,2627771.0,1714977.0,1.0,0.0,0.0,False,0.0,1.0,PROBABLE
LPT_11204,1.0,1.0,0.0,1.0,1.0,24819643.22,9529122.0,1.0,0.0,0.0,False,1.0,1.0,PROBABLE
LPT_12099,2.0,1.0,0.0,0.0,1.0,61164126.22,67968079.64,2.0,0.0,0.0,False,0.5,2.0,PROBABLE
vdr-10942,3.0,1.0,0.0,2.0,3.0,71885188.44,89377601.56,2.0,0.0,0.0,False,0.3333333333333333,3.0,PROBABLE
lpt-12271,2.0,0.0,0.0,1.0,1.0,70336268.22,45921354.6,2.0,0.0,0.0,False,0.0,2.0,PROBABLE
lpt-11271,1.0,0.0,0.0,0.0,0.0,30399261.0,24526192.64,1.0,0.0,0.0,False,0.0,1.0,PROBABLE
LPT-11751,8.0,3.0,0.0,4.0,3.0,164834042.68,129034423.96000001,7.0,5.0,1.0,True,0.375,13.0,EXACT
vdr-10910,1.0,0.0,0.0,1.0,0.0,4173849.0,24526192.64,1.0,0.0,0.0,False,0.0,1.0,PROBABLE
VDR-10558.corp.local,1.0,0.0,0.0,1.0,1.0,1639284.0,21846497.0,0.0,0.0,0.0,False,0.0,1.0,PROBABLE
WS_12401,1.0,0.0,0.0,1.0,0.0,39786807.0,24526192.64,1.0,0.0,0.0,False,0.0,1.0,PROBABLE
WS_12485,1.0,0.0,0.0,1.0,1.0,37387899.0,18730402.0,0.0,0.0,0.0,False,0.0,1.0,PROBABLE
LPT_10920,2.0,0.0,0.0,1.0,1.0,35690352.0,67350437.0,1.0,0.0,0.0,False,0.0,2.0,PROBABLE
VDR_10879,1.0,0.0,0.0,1.0,1.0,24819643.22,32355939.0,1.0,0.0,0.0,False,0.0,1.0,PROBABLE
WS-12891,6.0,3.0,1.0,1.0,3.0,144336405.95999998,202793368.8,6.0,3.0,0.0,True,0.5,9.0,EXACT
VDR-12493.corp.local,2.0,0.0,0.0,1.0,1.0,70458485.22,55483414.0,2.0,0.0,0.0,False,0.0,2.0,PROBABLE
LPT_11710,2.0,0.0,0.0,1.0,2.0,62186899.44,64096973.0,2.0,0.0,0.0,False,0.0,2.0,PROBABLE
LPT_11960,1.0,0.0,0.0,0.0,0.0,35810737.0,1751121.92,1.0,0.0,0.0,False,0.0,1.0,PROBABLE
WS_10760,1.0,0.0,0.0,1.0,1.0,24819643.22,24526192.64,1.0,0.0,0.0,False,0.0,1.0,PROBABLE
LPT-10682.corp.local,3.0,1.0,1.0,1.0,3.0,67076475.44,57482936.32,2.0,0.0,0.0,False,0.3333333333333333,3.0,PROBABLE
ws-10836,1.0,0.0,0.0,1.0,1.0,24824064.0,16568117.0,1.0,0.0,0.0,False,0.0,1.0,PROBABLE
LPT-11181.corp.local,2.0,0.0,1.0,1.0,0.0,70693785.22,41645783.04,2.0,0.0,0.0,False,0.0,2.0,PROBABLE
WS-12214.corp.local,1.0,1.0,0.0,1.0,0.0,19110472.0,18442006.0,1.0,0.0,0.0,False,1.0,1.0,PROBABLE
LPT-11941.corp.local,1.0,0.0,0.0,1.0,0.0,41616353.28,24526192.64,0.0,0.0,0.0,False,0.0,1.0,PROBABLE
LPT-12600.corp.local,1.0,0.0,0.0,1.0,0.0,48690695.0,45383150.0,1.0,0.0,0.0,False,0.0,1.0,PROBABLE
VDR_11279,2.0,1.0,0.0,1.0,1.0,61566770.22,49052385.28,2.0,0.0,0.0,False,0.5,2.0,PROBABLE
ws-11567,1.0,0.0,0.0,0.0,1.0,24819643.22,25057007.0,1.0,0.0,0.0,False,0.0,1.0,PROBABLE
LPT-11656.corp.local,1.0,0.0,1.0,0.0,0.0,24819643.22,41910148.0,0.0,0.0,0.0,False,0.0,1.0,PROBABLE
VDR-10206.corp.local,1.0,0.0,0.0,1.0,0.0,39352616.96,24526192.64,1.0,0.0,0.0,False,0.0,1.0,PROBABLE
LPT-12639.,0.0,0.0,0.0,0.0,0.0,0.0,0.0,0.0,0.0,0.0,True,0.0,0.0,EXACT
VDR-10340,5.0,1.0,0.0,0.0,1.0,121335128.44,130518685.16,4.0,1.0,0.0,True,0.2,6.0,EXACT
LPT-12762,11.0,5.0,0.0,5.0,6.0,320017952.03999996,273563175.04,10.0,6.0,0.0,True,0.45454545454545453,17.0,EXACT
WS-12559.corp.local,1.0,1.0,0.0,0.0,1.0,15053535.0,13938594.0,1.0,0.0,0.0,False,1.0,1.0,PROBABLE
LPT_11857,2.0,2.0,0.0,0.0,1.0,71174649.22,68845257.64,2.0,0.0,0.0,False,1.0,2.0,PROBABLE
WS-10962,7.0,1.0,1.0,3.0,4.0,164533149.66,162062783.56,7.0,2.0,0.0,True,0.14285714285714285,9.0,EXACT
WS_10849,1.0,1.0,0.0,1.0,1.0,36688281.0,12467568.64,0.0,0.0,0.0,False,1.0,1.0,PROBABLE
LPT-10349,5.0,1.0,1.0,2.0,3.0,142477744.74,86843840.28,5.0,1.0,0.0,True,0.2,6.0,EXACT
vdr-12560,1.0,1.0,1.0,0.0,1.0,17117978.0,8331537.0,1.0,0.0,0.0,False,1.0,1.0,PROBABLE
LPT_11792,3.0,0.0,0.0,1.0,1.0,57625698.8,112480389.8,3.0,0.0,0.0,False,0.0,3.0,PROBABLE
VDR_10796,2.0,0.0,0.0,0.0,0.0,87687966.72,65001126.64,2.0,0.0,0.0,False,0.0,2.0,PROBABLE
VDR-10740,6.0,1.0,0.0,3.0,5.0,184334088.64,135619035.48000002,5.0,4.0,0.0,True,0.16666666666666666,10.0,EXACT
lpt-10345,3.0,0.0,0.0,1.0,2.0,66427843.44,62375037.120000005,3.0,0.0,0.0,False,0.0,3.0,PROBABLE
WS-10334.corp.local,3.0,1.0,0.0,1.0,2.0,88925997.22,78098510.0,2.0,0.0,0.0,False,0.3333333333333333,3.0,PROBABLE
vdr-11165,1.0,0.0,0.0,1.0,0.0,1936417.0,24526192.64,1.0,0.0,0.0,False,0.0,1.0,PROBABLE
WS-10308,6.0,3.0,1.0,3.0,1.0,106851591.44,121588750.64,5.0,4.0,0.0,True,0.5,10.0,EXACT
LPT-12566.corp.local,3.0,1.0,0.0,2.0,1.0,60909994.2,54937164.0,1.0,0.0,0.0,False,0.3333333333333333,3.0,PROBABLE
LPT-10771.,0.0,0.0,0.0,0.0,0.0,0.0,0.0,0.0,0.0,0.0,True,0.0,0.0,EXACT
lpt-10373,1.0,1.0,0.0,0.0,1.0,16010811.0,35163782.0,1.0,0.0,0.0,False,1.0,1.0,PROBABLE
vdr-12749,2.0,1.0,0.0,1.0,1.0,32811732.0,68947681.64,2.0,0.0,0.0,False,0.5,2.0,PROBABLE
lpt-10331,2.0,0.0,0.0,0.0,2.0,82890850.0,18693247.16,2.0,0.0,0.0,False,0.0,2.0,PROBABLE
LPT_12349,1.0,0.0,0.0,0.0,1.0,6127831.04,18576433.0,1.0,0.0,0.0,False,0.0,1.0,PROBABLE
VDR-11787,13.0,5.0,1.0,5.0,9.0,306676292.02,360405375.92,13.0,3.0,0.0,True,0.38461538461538464,16.0,EXACT
LPT-12565,7.0,2.0,0.0,2.0,3.0,155632262.74,166792684.28,6.0,3.0,0.0,False,0.2857142857142857,10.0,PROBABLE
vdr-12869,2.0,1.0,0.0,0.0,2.0,49639286.44,65099420.0,1.0,0.0,0.0,False,0.5,2.0,PROBABLE
VDR-12019,2.0,0.0,0.0,0.0,0.0,54822775.0,46149171.64,1.0,5.0,1.0,False,0.0,7.0,PROBABLE
WS-11924,11.0,2.0,0.0,9.0,4.0,348334085.32,249846242.92000002,9.0,2.0,0.0,True,0.18181818181818182,13.0,EXACT
WS-12751,2.0,0.0,0.0,1.0,2.0,75436376.0,54687355.64,1.0,3.0,0.0,False,0.0,5.0,PROBABLE
WS_11827,1.0,0.0,0.0,0.0,1.0,18936091.0,24526192.64,1.0,0.0,0.0,False,0.0,1.0,PROBABLE
LPT-11504.corp.local,1.0,1.0,1.0,1.0,1.0,28017950.72,24526192.64,0.0,0.0,0.0,False,1.0,1.0,PROBABLE
VDR-12956.,0.0,0.0,0.0,0.0,0.0,0.0,0.0,0.0,0.0,0.0,True,0.0,0.0,EXACT
WS-12422.corp.local,1.0,0.0,0.0,0.0,1.0,24819643.22,35550627.84,1.0,0.0,0.0,False,0.0,1.0,PROBABLE
LPT-11349.corp.local,1.0,0.0,0.0,0.0,1.0,27887523.84,16718396.0,1.0,0.0,0.0,False,0.0,1.0,PROBABLE
LPT-10717.corp.local,1.0,1.0,0.0,1.0,0.0,6448726.0,37721235.0,1.0,0.0,0.0,False,1.0,1.0,PROBABLE
LPT_10459,1.0,0.0,0.0,1.0,0.0,26075203.0,6437963.0,0.0,0.0,0.0,False,0.0,1.0,PROBABLE
LPT-10920,7.0,0.0,0.0,2.0,3.0,215435000.72,170700129.28,6.0,3.0,1.0,False,0.0,10.0,PROBABLE
LPT-12366,4.0,1.0,0.0,1.0,2.0,117773819.75999999,111196236.28,3.0,1.0,0.0,False,0.25,5.0,PROBABLE
VDR_12590,1.0,0.0,0.0,1.0,0.0,36664381.44,24526192.64,1.0,0.0,0.0,False,0.0,1.0,PROBABLE
VDR-10069,9.0,2.0,0.0,5.0,3.0,264551523.44,194700588.56,8.0,2.0,0.0,True,0.2222222222222222,11.0,EXACT
lpt-12007,1.0,0.0,0.0,1.0,1.0,47866456.0,24526192.64,1.0,0.0,0.0,False,0.0,1.0,PROBABLE
ws-11759,1.0,0.0,0.0,0.0,0.0,24819643.22,5358223.36,1.0,0.0,0.0,False,0.0,1.0,PROBABLE
WS-10973.corp.local,1.0,1.0,0.0,1.0,0.0,17835681.0,48741285.0,1.0,0.0,0.0,False,1.0,1.0,PROBABLE
VDR-10640,1.0,0.0,0.0,0.0,0.0,24819643.22,7035944.96,1.0,0.0,0.0,True,0.0,1.0,EXACT
LPT-11016.corp.local,1.0,0.0,0.0,0.0,1.0,2182131.0,25315834.0,1.0,0.0,0.0,False,0.0,1.0,PROBABLE
vdr-11466,1.0,1.0,0.0,0.0,1.0,34254733.0,24526192.64,1.0,0.0,0.0,False,1.0,1.0,PROBABLE
vdr-12678,1.0,0.0,0.0,1.0,1.0,24819643.22,8483293.0,1.0,0.0,0.0,False,0.0,1.0,PROBABLE
VDR-12905,3.0,2.0,0.0,1.0,1.0,57970004.22,68632659.28,2.0,2.0,0.0,True,0.6666666666666666,5.0,EXACT
vdr-10922,1.0,1.0,1.0,1.0,0.0,27170862.0,24526192.64,1.0,0.0,0.0,False,1.0,1.0,PROBABLE
LPT-10753.corp.local,2.0,1.0,1.0,1.0,2.0,40582952.96,25557892.64,2.0,0.0,0.0,False,0.5,2.0,PROBABLE
VDR-12785.corp.local,2.0,1.0,1.0,0.0,2.0,28759822.22,69014520.0,2.0,0.0,0.0,False,0.5,2.0,PROBABLE
lpt-12955,1.0,0.0,0.0,0.0,1.0,24819643.22,24526192.64,1.0,0.0,0.0,False,0.0,1.0,PROBABLE
ws-12439,1.0,1.0,0.0,0.0,0.0,49763625.0,24526192.64,1.0,0.0,0.0,False,1.0,1.0,PROBABLE
LPT-12316.corp.local,1.0,0.0,0.0,0.0,0.0,42561699.84,24526192.64,1.0,0.0,0.0,False,0.0,1.0,PROBABLE
LPT-11438,6.0,2.0,0.0,4.0,2.0,202756181.32,140654185.2,5.0,4.0,1.0,True,0.3333333333333333,10.0,EXACT
vdr-10801,2.0,0.0,0.0,1.0,2.0,43349367.22,46944747.519999996,1.0,0.0,0.0,False,0.0,2.0,PROBABLE
VDR_12593,1.0,1.0,0.0,0.0,1.0,24150426.0,15441259.0,1.0,0.0,0.0,False,1.0,1.0,PROBABLE
VDR-11093,5.0,0.0,0.0,3.0,4.0,133867497.44,129104814.28,4.0,0.0,0.0,True,0.0,5.0,EXACT
LPT-12903.corp.local,3.0,1.0,0.0,2.0,1.0,49547829.22,62386709.64,2.0,0.0,0.0,False,0.3333333333333333,3.0,PROBABLE
WS-12346,9.0,3.0,0.0,5.0,3.0,189557992.42,266538192.36,7.0,1.0,0.0,True,0.3333333333333333,10.0,EXACT
vdr-11946,1.0,0.0,0.0,1.0,0.0,43120275.0,24526192.64,1.0,0.0,0.0,False,0.0,1.0,PROBABLE
ws-12868,2.0,0.0,0.0,2.0,2.0,49639286.44,69161150.0,2.0,0.0,0.0,False,0.0,2.0,PROBABLE
ws-10175,2.0,0.0,0.0,1.0,1.0,68435469.0,54547798.0,2.0,0.0,0.0,False,0.0,2.0,PROBABLE
ws-10958,2.0,0.0,0.0,1.0,2.0,36781232.22,49316286.64,1.0,0.0,0.0,False,0.0,2.0,PROBABLE
WS_10172,1.0,1.0,0.0,1.0,0.0,24819643.22,16137584.64,1.0,0.0,0.0,False,1.0,1.0,PROBABLE
lpt-11040,1.0,0.0,0.0,1.0,1.0,3813035.0,24526192.64,1.0,0.0,0.0,False,0.0,1.0,PROBABLE
ws-12234,1.0,0.0,0.0,1.0,1.0,24819643.22,31964037.0,1.0,0.0,0.0,False,0.0,1.0,PROBABLE
WS-11186.,0.0,0.0,0.0,0.0,0.0,0.0,0.0,0.0,0.0,0.0,True,0.0,0.0,EXACT
lpt-12651,2.0,1.0,2.0,2.0,1.0,72917961.22,45644381.0,2.0,0.0,0.0,False,0.5,2.0,PROBABLE
WS-12760.corp.local,1.0,0.0,0.0,0.0,1.0,24819643.22,19911774.0,0.0,0.0,0.0,False,0.0,1.0,PROBABLE
LPT-12407.corp.local,1.0,0.0,0.0,0.0,0.0,41531076.0,24107602.0,1.0,0.0,0.0,False,0.0,1.0,PROBABLE
WS-12879,9.0,2.0,1.0,6.0,6.0,231412965.14,216992670.88,8.0,2.0,0.0,True,0.2222222222222222,11.0,EXACT
WS-11835,8.0,2.0,1.0,5.0,4.0,243692490.24,209618492.92000002,6.0,0.0,0.0,False,0.25,8.0,PROBABLE
vdr-12243,2.0,0.0,0.0,1.0,0.0,56652560.22,48163631.6,2.0,0.0,0.0,False,0.0,2.0,PROBABLE
VDR-11996,9.0,2.0,0.0,3.0,5.0,252287022.1,259465190.4,7.0,2.0,1.0,False,0.2222222222222222,11.0,PROBABLE
vdr-12190,1.0,0.0,0.0,1.0,0.0,4865392.64,24526192.64,1.0,0.0,0.0,False,0.0,1.0,PROBABLE
LPT-10522,6.0,0.0,0.0,2.0,4.0,167211962.07999998,106805394.64,6.0,5.0,0.0,True,0.0,11.0,EXACT
VDR-12487.corp.local,2.0,0.0,0.0,1.0,1.0,70578130.22,48654631.0,2.0,0.0,0.0,False,0.0,2.0,PROBABLE
lpt-11086,1.0,0.0,0.0,1.0,0.0,24819643.22,39144906.0,1.0,0.0,0.0,False,0.0,1.0,PROBABLE
VDR_11927,1.0,1.0,0.0,1.0,1.0,46239803.0,41756985.0,1.0,0.0,0.0,False,1.0,1.0,PROBABLE
LPT-11679,2.0,0.0,0.0,1.0,0.0,27920681.22,62743041.56,2.0,6.0,1.0,True,0.0,8.0,EXACT
WS-10187,2.0,1.0,0.0,0.0,2.0,58260942.0,33811787.0,2.0,2.0,0.0,True,0.5,4.0,EXACT
ws-12401,1.0,0.0,0.0,0.0,1.0,853227.0,6737233.92,1.0,0.0,0.0,False,0.0,1.0,PROBABLE
VDR-10740.corp.local,1.0,0.0,0.0,1.0,1.0,11085190.0,21190342.0,1.0,0.0,0.0,False,0.0,1.0,PROBABLE
VDR_11797,1.0,1.0,0.0,0.0,0.0,24819643.22,21615537.0,1.0,0.0,0.0,False,1.0,1.0,PROBABLE
WS-12941,1.0,0.0,0.0,1.0,0.0,40026180.0,8786742.0,0.0,0.0,0.0,True,0.0,1.0,EXACT
WS-11360,5.0,1.0,1.0,3.0,4.0,79844095.44,181007009.6,5.0,2.0,0.0,True,0.2,7.0,EXACT
vdr-11767,1.0,0.0,0.0,0.0,1.0,48014295.04,11836920.0,0.0,0.0,0.0,False,0.0,1.0,PROBABLE
LPT-10294.corp.local,1.0,0.0,1.0,0.0,0.0,9607074.0,39529562.0,1.0,0.0,0.0,False,0.0,1.0,PROBABLE
lpt-11689,2.0,0.0,0.0,1.0,0.0,42241664.22,66833455.48,2.0,0.0,0.0,False,0.0,2.0,PROBABLE
VDR-11118,5.0,0.0,0.0,2.0,4.0,90631437.69999999,117715607.28,4.0,1.0,0.0,True,0.0,6.0,EXACT
vdr-11045,3.0,1.0,1.0,2.0,1.0,55536063.22,84318205.64,3.0,0.0,0.0,False,0.3333333333333333,3.0,PROBABLE
LPT-10210.,0.0,0.0,0.0,0.0,0.0,0.0,0.0,0.0,0.0,0.0,True,0.0,0.0,EXACT
LPT-11826,8.0,1.0,0.0,5.0,6.0,225796631.12,211018090.92000002,7.0,3.0,0.0,True,0.125,11.0,EXACT
WS-11245.,0.0,0.0,0.0,0.0,0.0,0.0,0.0,0.0,0.0,0.0,True,0.0,0.0,EXACT
WS-10149.corp.local,1.0,0.0,0.0,0.0,1.0,20053864.0,27200061.44,1.0,0.0,0.0,False,0.0,1.0,PROBABLE
WS-12482,8.0,2.0,1.0,6.0,4.0,207298032.06,247119116.2,6.0,3.0,0.0,True,0.25,11.0,EXACT
vdr-11877,3.0,1.0,0.0,1.0,2.0,101278708.58,73578577.92,3.0,0.0,0.0,False,0.3333333333333333,3.0,PROBABLE
WS_11760,1.0,0.0,0.0,0.0,0.0,24819643.22,35492045.0,1.0,0.0,0.0,False,0.0,1.0,PROBABLE
vdr-12940,1.0,0.0,0.0,0.0,0.0,43682773.0,26200031.0,1.0,0.0,0.0,False,0.0,1.0,PROBABLE
VDR_10975,1.0,0.0,0.0,1.0,0.0,22716215.0,38169149.44,1.0,0.0,0.0,False,0.0,1.0,PROBABLE
ws-11467,1.0,0.0,0.0,0.0,1.0,24819643.22,3049574.4,1.0,0.0,0.0,False,0.0,1.0,PROBABLE
WS_11415,1.0,0.0,0.0,0.0,1.0,42541619.0,24526192.64,1.0,0.0,0.0,False,0.0,1.0,PROBABLE
ws-12356,3.0,1.0,1.0,2.0,3.0,77674547.0,54788106.0,3.0,0.0,0.0,False,0.3333333333333333,3.0,PROBABLE
LPT-11399.corp.local,1.0,0.0,0.0,0.0,0.0,46083061.76,6054533.12,1.0,0.0,0.0,False,0.0,1.0,PROBABLE
VDR-10162,6.0,0.0,0.0,4.0,2.0,166983680.44,118249687.68,5.0,3.0,1.0,True,0.0,9.0,EXACT
LPT-10567,9.0,0.0,0.0,2.0,6.0,228002973.1,256122888.56,9.0,1.0,0.0,True,0.0,10.0,EXACT
lpt-10957,1.0,0.0,0.0,0.0,1.0,10690107.0,11983045.0,0.0,0.0,0.0,False,0.0,1.0,PROBABLE
LPT-12044,10.0,3.0,1.0,3.0,6.0,280783605.1,206628581.28,8.0,3.0,0.0,True,0.3,13.0,EXACT
LPT-12517,5.0,2.0,0.0,3.0,1.0,157968909.24,97129811.88,3.0,3.0,1.0,False,0.4,8.0,PROBABLE
WS-12523,4.0,2.0,0.0,2.0,3.0,125809664.22,95916378.03999999,2.0,3.0,0.0,True,0.5,7.0,EXACT
WS-12115,6.0,0.0,0.0,3.0,5.0,191791134.44,145424361.76,6.0,0.0,0.0,True,0.0,6.0,EXACT
VDR_11653,1.0,0.0,0.0,0.0,0.0,39323435.0,24526192.64,1.0,0.0,0.0,False,0.0,1.0,PROBABLE
LPT-10125,6.0,1.0,1.0,1.0,3.0,151615633.06,127397303.24000001,5.0,3.0,0.0,True,0.16666666666666666,9.0,EXACT
vdr-11855,1.0,1.0,0.0,1.0,0.0,36076324.0,33469768.0,0.0,0.0,0.0,False,1.0,1.0,PROBABLE
VDR-11752,7.0,1.0,1.0,4.0,5.0,137464857.94,245235949.64,6.0,2.0,0.0,True,0.14285714285714285,9.0,EXACT
lpt-12026,2.0,0.0,0.0,1.0,1.0,41479037.12,49052385.28,2.0,0.0,0.0,False,0.0,2.0,PROBABLE
LPT_10821,1.0,1.0,0.0,1.0,1.0,33773393.0,24526192.64,1.0,0.0,0.0,False,1.0,1.0,PROBABLE
LPT_10985,1.0,0.0,0.0,1.0,0.0,31174452.0,49485753.0,1.0,0.0,0.0,False,0.0,1.0,PROBABLE
lpt-12203,2.0,0.0,1.0,1.0,1.0,49639286.44,36322625.64,2.0,0.0,0.0,False,0.0,2.0,PROBABLE
lpt-11884,3.0,0.0,0.0,3.0,1.0,97514601.3,72393405.64,3.0,0.0,0.0,False,0.0,3.0,PROBABLE
VDR-11933.corp.local,1.0,0.0,0.0,0.0,1.0,24819643.22,24526192.64,0.0,0.0,0.0,False,0.0,1.0,PROBABLE
LPT_12011,2.0,0.0,0.0,0.0,0.0,68524216.22,36737695.64,2.0,0.0,0.0,False,0.0,2.0,PROBABLE
WS_12996,1.0,0.0,0.0,0.0,0.0,24819643.22,49514937.0,1.0,0.0,0.0,False,0.0,1.0,PROBABLE
LPT-12199.corp.local,2.0,1.0,0.0,1.0,1.0,49639286.44,47953314.64,0.0,0.0,0.0,False,0.5,2.0,PROBABLE
vdr-11217,4.0,1.0,0.0,2.0,2.0,84501606.22,121665155.28,3.0,0.0,0.0,False,0.25,4.0,PROBABLE
LPT-10258,9.0,2.0,1.0,5.0,7.0,226346358.1,235440493.24,5.0,3.0,0.0,True,0.2222222222222222,12.0,EXACT
ws-10049,2.0,1.0,0.0,0.0,1.0,37345612.0,31155001.64,2.0,0.0,0.0,False,0.5,2.0,PROBABLE
lpt-10356,1.0,0.0,0.0,0.0,0.0,37027547.0,24526192.64,0.0,0.0,0.0,False,0.0,1.0,PROBABLE
LPT_10030,1.0,1.0,1.0,1.0,1.0,20929576.96,34911711.0,1.0,0.0,0.0,False,1.0,1.0,PROBABLE
vdr-10917,1.0,0.0,0.0,0.0,1.0,18296665.0,10961376.0,1.0,0.0,0.0,False,0.0,1.0,PROBABLE
WS-12064,4.0,0.0,1.0,2.0,2.0,76548841.22,66195930.480000004,4.0,5.0,1.0,True,0.0,9.0,EXACT
LPT-12973.corp.local,2.0,0.0,0.0,2.0,1.0,39594079.06,46592512.64,2.0,0.0,0.0,False,0.0,2.0,PROBABLE
LPT-10015,8.0,3.0,0.0,1.0,5.0,169757726.4,123542474.92,6.0,2.0,0.0,True,0.375,10.0,EXACT
WS-11442,5.0,3.0,0.0,2.0,3.0,167677721.34,151418911.16,4.0,1.0,0.0,True,0.6,6.0,EXACT
WS-12717,10.0,2.0,3.0,5.0,7.0,238978986.2,225619859.64,8.0,4.0,0.0,True,0.2,14.0,EXACT
WS_10681,2.0,0.0,0.0,1.0,1.0,64694928.22,34274260.64,2.0,0.0,0.0,False,0.0,2.0,PROBABLE
ws-12447,2.0,0.0,0.0,1.0,2.0,72823688.02,62087701.64,2.0,0.0,0.0,False,0.0,2.0,PROBABLE
VDR-10588,14.0,2.0,0.0,5.0,8.0,309544085.86,396992898.96,12.0,4.0,0.0,True,0.14285714285714285,18.0,EXACT
WS-10814.corp.local,1.0,1.0,0.0,0.0,0.0,42593157.12,19310606.0,1.0,0.0,0.0,False,1.0,1.0,PROBABLE
VDR_12625,1.0,0.0,0.0,0.0,0.0,24819643.22,24526192.64,1.0,0.0,0.0,False,0.0,1.0,PROBABLE
ws-11471,1.0,0.0,0.0,1.0,1.0,39033333.0,49767676.0,1.0,0.0,0.0,False,0.0,1.0,PROBABLE
vdr-11747,3.0,2.0,0.0,2.0,1.0,71214715.44,82619996.16,2.0,0.0,0.0,False,0.6666666666666666,3.0,PROBABLE
WS_11463,1.0,0.0,0.0,1.0,0.0,36051336.0,24197982.0,1.0,0.0,0.0,False,0.0,1.0,PROBABLE
LPT_10212,1.0,0.0,0.0,1.0,1.0,19561024.0,24526192.64,1.0,0.0,0.0,False,0.0,1.0,PROBABLE
LPT-12970,6.0,0.0,2.0,4.0,2.0,192845671.0,137700609.96,5.0,0.0,0.0,True,0.0,6.0,EXACT
WS-12018.corp.local,1.0,0.0,0.0,1.0,1.0,8944166.0,24526192.64,0.0,0.0,0.0,False,0.0,1.0,PROBABLE
WS_10699,1.0,0.0,0.0,0.0,1.0,44973424.64,24526192.64,1.0,0.0,0.0,False,0.0,1.0,PROBABLE
WS-12760,8.0,2.0,1.0,3.0,3.0,172244247.51999998,222850184.44,6.0,4.0,0.0,True,0.25,12.0,EXACT
LPT-12457,5.0,2.0,0.0,4.0,4.0,100638801.34,120267095.04,5.0,5.0,1.0,True,0.4,10.0,EXACT
vdr-12693,3.0,1.0,0.0,1.0,1.0,107202088.24,36736228.0,1.0,0.0,0.0,False,0.3333333333333333,3.0,PROBABLE
VDR-11644,10.0,5.0,1.0,6.0,7.0,178072115.66,187009306.04,8.0,3.0,1.0,True,0.5,13.0,EXACT
WS-12614,4.0,0.0,0.0,2.0,3.0,91529766.94,128603018.64,4.0,3.0,1.0,False,0.0,7.0,PROBABLE
VDR_10421,1.0,0.0,0.0,1.0,1.0,24819643.22,18916138.0,1.0,0.0,0.0,False,0.0,1.0,PROBABLE
LPT_11662,1.0,0.0,0.0,1.0,1.0,28716006.0,40432472.0,1.0,0.0,0.0,False,0.0,1.0,PROBABLE
lpt-10976,1.0,0.0,1.0,1.0,1.0,34149206.0,24526192.64,0.0,0.0,0.0,False,0.0,1.0,PROBABLE
VDR_12806,1.0,1.0,0.0,0.0,0.0,24819643.22,21543644.0,1.0,0.0,0.0,False,1.0,1.0,PROBABLE
LPT-10025,12.0,4.0,1.0,6.0,3.0,333335011.65999997,318517436.08,9.0,1.0,0.0,True,0.3333333333333333,13.0,EXACT
vdr-12820,2.0,0.0,0.0,0.0,2.0,40858073.22,49052385.28,2.0,0.0,0.0,False,0.0,2.0,PROBABLE
VDR-11602.corp.local,1.0,0.0,0.0,0.0,0.0,16534113.0,2881226.0,1.0,0.0,0.0,False,0.0,1.0,PROBABLE
VDR-11647,2.0,0.0,0.0,1.0,1.0,49891397.22,31718359.04,2.0,0.0,0.0,True,0.0,2.0,EXACT
VDR-11964,8.0,0.0,1.0,3.0,5.0,169103094.96,199590469.32,7.0,3.0,0.0,True,0.0,11.0,EXACT
LPT-12611.,0.0,0.0,0.0,0.0,0.0,0.0,0.0,0.0,0.0,0.0,True,0.0,0.0,EXACT
VDR-10060.corp.local,2.0,0.0,1.0,1.0,1.0,93677619.24000001,61474334.72,2.0,0.0,0.0,False,0.0,2.0,PROBABLE
LPT-12375.corp.local,2.0,0.0,0.0,1.0,1.0,49639286.44,28720885.64,2.0,0.0,0.0,False,0.0,2.0,PROBABLE
ws-11186,1.0,0.0,0.0,1.0,0.0,3686748.16,24526192.64,1.0,0.0,0.0,False,0.0,1.0,PROBABLE
LPT-10245,6.0,1.0,0.0,6.0,3.0,198875102.66,134605355.2,4.0,2.0,0.0,False,0.16666666666666666,8.0,PROBABLE
vdr-10597,1.0,1.0,0.0,0.0,1.0,43476584.0,5671846.0,1.0,0.0,0.0,False,1.0,1.0,PROBABLE
VDR-11632.,0.0,0.0,0.0,0.0,0.0,0.0,0.0,0.0,0.0,0.0,True,0.0,0.0,EXACT
LPT-11561.corp.local,2.0,0.0,0.0,1.0,1.0,55301747.54,49052385.28,1.0,0.0,0.0,False,0.0,2.0,PROBABLE
VDR-12896.corp.local,1.0,0.0,0.0,0.0,0.0,5057679.36,24683684.0,1.0,0.0,0.0,False,0.0,1.0,PROBABLE
VDR-10576,7.0,0.0,0.0,4.0,5.0,108608407.66,196592630.92000002,6.0,3.0,0.0,True,0.0,10.0,EXACT
LPT-11414,11.0,0.0,3.0,6.0,7.0,211347533.35999998,276462239.16,10.0,1.0,0.0,True,0.0,12.0,EXACT
ws-11851,1.0,0.0,0.0,1.0,0.0,48454696.96,38312935.0,1.0,0.0,0.0,False,0.0,1.0,PROBABLE
ws-10578,2.0,0.0,0.0,1.0,1.0,29004173.22,54003400.64,2.0,0.0,0.0,False,0.0,2.0,PROBABLE
WS-10305.corp.local,2.0,1.0,0.0,0.0,2.0,25290272.0,64232916.4,2.0,0.0,0.0,False,0.5,2.0,PROBABLE
lpt-12607,1.0,0.0,0.0,0.0,0.0,4526807.04,24526192.64,1.0,0.0,0.0,False,0.0,1.0,PROBABLE
LPT_10859,1.0,0.0,0.0,1.0,0.0,2220136.0,24526192.64,0.0,0.0,0.0,False,0.0,1.0,PROBABLE
LPT-12300,8.0,0.0,1.0,3.0,7.0,206912922.24,161010443.52,7.0,2.0,0.0,True,0.0,10.0,EXACT
LPT_10630,1.0,0.0,0.0,1.0,1.0,36831965.0,24526192.64,1.0,0.0,0.0,False,0.0,1.0,PROBABLE
VDR-11405,6.0,1.0,0.0,2.0,4.0,165838763.4,139897875.44,4.0,1.0,0.0,True,0.16666666666666666,7.0,EXACT
VDR_12665,2.0,2.0,0.0,2.0,0.0,47753229.0,49052385.28,2.0,0.0,0.0,False,1.0,2.0,PROBABLE
LPT_10401,1.0,0.0,0.0,0.0,0.0,24819643.22,5077610.0,1.0,0.0,0.0,False,0.0,1.0,PROBABLE
LPT-11614,7.0,1.0,2.0,1.0,2.0,128069557.0,132806499.92,7.0,2.0,0.0,True,0.14285714285714285,9.0,EXACT
WS-11126,9.0,3.0,1.0,4.0,4.0,221841881.18,255039247.72,8.0,2.0,0.0,True,0.3333333333333333,11.0,EXACT
WS-11182,9.0,3.0,1.0,5.0,5.0,279822068.36,218580137.56,8.0,3.0,1.0,True,0.3333333333333333,12.0,EXACT
lpt-11619,1.0,0.0,0.0,1.0,0.0,43273858.0,24526192.64,1.0,0.0,0.0,False,0.0,1.0,PROBABLE
VDR-10240.corp.local,1.0,0.0,0.0,0.0,0.0,25554874.0,38164985.0,1.0,0.0,0.0,False,0.0,1.0,PROBABLE
lpt-11027,1.0,0.0,0.0,1.0,1.0,19327670.0,24526192.64,1.0,0.0,0.0,False,0.0,1.0,PROBABLE
vdr-10562,2.0,1.0,0.0,1.0,2.0,82808616.56,58805013.0,2.0,0.0,0.0,False,0.5,2.0,PROBABLE
ws-12128,4.0,1.0,0.0,0.0,1.0,82100986.56,115164094.32,4.0,0.0,0.0,False,0.25,4.0,PROBABLE
LPT-11300,7.0,0.0,3.0,3.0,3.0,178893407.98,150750932.0,6.0,6.0,1.0,True,0.0,13.0,EXACT
ws-11416,1.0,0.0,0.0,1.0,0.0,24819643.22,49870423.0,0.0,0.0,0.0,False,0.0,1.0,PROBABLE
LPT-10169.,0.0,0.0,0.0,0.0,0.0,0.0,0.0,0.0,0.0,0.0,True,0.0,0.0,EXACT
WS-12413.,0.0,0.0,0.0,0.0,0.0,0.0,0.0,0.0,0.0,0.0,True,0.0,0.0,EXACT
LPT-12528,4.0,1.0,0.0,3.0,1.0,124083710.0,94081480.2,3.0,1.0,0.0,False,0.25,5.0,PROBABLE
WS-11366,12.0,3.0,2.0,3.0,8.0,243292044.92000002,290839857.84000003,9.0,3.0,0.0,False,0.25,15.0,PROBABLE
ws-12345,1.0,1.0,0.0,0.0,1.0,24819643.22,24526192.64,1.0,0.0,0.0,False,1.0,1.0,PROBABLE
WS-11711,3.0,1.0,1.0,2.0,3.0,77864399.22,93304144.28,3.0,5.0,0.0,True,0.3333333333333333,8.0,EXACT
lpt-11138,5.0,2.0,1.0,2.0,2.0,153769983.04,152476388.44,5.0,0.0,0.0,False,0.4,5.0,PROBABLE
VDR-10700,8.0,1.0,2.0,2.0,4.0,120115273.38,153961994.92000002,5.0,3.0,0.0,True,0.125,11.0,EXACT
LPT-12572.corp.local,1.0,0.0,0.0,0.0,1.0,24819643.22,24526192.64,1.0,0.0,0.0,False,0.0,1.0,PROBABLE
VDR-10561,6.0,0.0,2.0,2.0,3.0,160496159.45999998,156097777.48,3.0,0.0,0.0,True,0.0,6.0,EXACT
vdr-12890,2.0,1.0,1.0,1.0,1.0,66458081.0,29922071.68,2.0,0.0,0.0,False,0.5,2.0,PROBABLE
vdr-10435,2.0,1.0,0.0,0.0,2.0,44917064.96,49052385.28,2.0,0.0,0.0,False,0.5,2.0,PROBABLE
LPT-10858,6.0,0.0,1.0,2.0,5.0,135669936.88,164220382.4,6.0,4.0,0.0,True,0.0,10.0,EXACT
VDR-11499,5.0,2.0,0.0,2.0,5.0,98504621.0,170621540.28,4.0,4.0,1.0,True,0.4,9.0,EXACT
WS-12290,2.0,0.0,0.0,0.0,1.0,49639286.44,49825991.64,1.0,1.0,0.0,True,0.0,3.0,EXACT
WS-11799,4.0,1.0,0.0,1.0,2.0,101530172.32000001,63310591.4,4.0,4.0,1.0,True,0.25,8.0,EXACT
LPT-11635,9.0,5.0,2.0,3.0,7.0,229959368.04,214537841.16,7.0,0.0,0.0,True,0.5555555555555556,9.0,EXACT
ws-11769,1.0,0.0,1.0,1.0,1.0,33591457.0,33315887.0,1.0,0.0,0.0,False,0.0,1.0,PROBABLE
VDR-12324.corp.local,1.0,0.0,0.0,1.0,1.0,44794893.0,24526192.64,1.0,0.0,0.0,False,0.0,1.0,PROBABLE
LPT-12098.corp.local,1.0,1.0,0.0,0.0,1.0,48849117.0,3586129.92,1.0,0.0,0.0,False,1.0,1.0,PROBABLE
lpt-10616,1.0,0.0,0.0,0.0,1.0,46498628.0,146130.0,1.0,0.0,0.0,False,0.0,1.0,PROBABLE
lpt-12947,1.0,0.0,0.0,1.0,1.0,18190115.0,1438084.0,1.0,0.0,0.0,False,0.0,1.0,PROBABLE
LPT-10414,5.0,0.0,0.0,2.0,1.0,137413421.44,115987236.28,4.0,5.0,0.0,True,0.0,10.0,EXACT
WS-10082,9.0,2.0,1.0,4.0,4.0,199916334.07999998,181469595.6,9.0,3.0,0.0,True,0.2222222222222222,12.0,EXACT
LPT-11668.corp.local,1.0,0.0,0.0,1.0,0.0,11338490.0,129715.0,1.0,0.0,0.0,False,0.0,1.0,PROBABLE
LPT-11541,7.0,1.0,0.0,3.0,2.0,178278353.2,207480776.48000002,6.0,4.0,0.0,True,0.14285714285714285,11.0,EXACT
VDR-10504.corp.local,2.0,2.0,0.0,2.0,1.0,49639286.44,27114980.88,1.0,0.0,0.0,False,1.0,2.0,PROBABLE
LPT-10676,7.0,1.0,1.0,4.0,5.0,167745350.22,182181321.0,7.0,3.0,0.0,True,0.14285714285714285,10.0,EXACT
vdr-10680,4.0,0.0,0.0,2.0,4.0,132739250.42,112297329.0,3.0,0.0,0.0,False,0.0,4.0,PROBABLE
WS-11203.corp.local,1.0,0.0,0.0,1.0,1.0,42825748.0,24526192.64,1.0,0.0,0.0,False,0.0,1.0,PROBABLE
vdr-10035,1.0,0.0,0.0,0.0,1.0,24819643.22,26572596.0,1.0,0.0,0.0,False,0.0,1.0,PROBABLE
LPT-10989.,0.0,0.0,0.0,0.0,0.0,0.0,0.0,0.0,0.0,0.0,True,0.0,0.0,EXACT
WS_12553,1.0,1.0,0.0,1.0,0.0,14803642.0,46982761.0,1.0,0.0,0.0,False,1.0,1.0,PROBABLE
WS-10211.corp.local,1.0,0.0,0.0,1.0,0.0,17011343.36,20206181.0,1.0,0.0,0.0,False,0.0,1.0,PROBABLE
lpt-12924,1.0,0.0,0.0,1.0,0.0,24819643.22,24526192.64,1.0,0.0,0.0,False,0.0,1.0,PROBABLE
VDR-11666,8.0,2.0,0.0,0.0,3.0,194054409.44,242338008.24,7.0,3.0,0.0,True,0.25,11.0,EXACT
vdr-11605,1.0,0.0,0.0,1.0,1.0,24819643.22,46545667.0,1.0,0.0,0.0,False,0.0,1.0,PROBABLE
vdr-12598,3.0,0.0,0.0,3.0,1.0,80213601.22,116041880.2,3.0,0.0,0.0,False,0.0,3.0,PROBABLE
WS-12226,7.0,2.0,0.0,3.0,3.0,140966912.74,189309382.64,6.0,4.0,0.0,True,0.2857142857142857,11.0,EXACT
LPT-10200.corp.local,1.0,0.0,1.0,1.0,1.0,24819643.22,24526192.64,1.0,0.0,0.0,False,0.0,1.0,PROBABLE
LPT-10294,5.0,2.0,1.0,3.0,2.0,169101239.8,101332208.64,5.0,0.0,0.0,True,0.4,5.0,EXACT
WS-11517.corp.local,1.0,0.0,0.0,0.0,1.0,45779150.0,25899827.2,1.0,0.0,0.0,False,0.0,1.0,PROBABLE
VDR-11544,6.0,0.0,2.0,4.0,5.0,90301485.24000001,148410334.84,6.0,2.0,0.0,False,0.0,8.0,PROBABLE
LPT-11191,4.0,1.0,0.0,0.0,3.0,30873631.0,78453215.44,4.0,2.0,1.0,True,0.25,6.0,EXACT
LPT-10630,4.0,2.0,1.0,1.0,2.0,137608475.46,62689794.44,3.0,3.0,0.0,True,0.5,7.0,EXACT
VDR-11709,8.0,2.0,0.0,3.0,4.0,265159188.07999998,164568688.04000002,8.0,4.0,0.0,True,0.25,12.0,EXACT
VDR-11343,10.0,1.0,1.0,6.0,3.0,200481665.44,211853598.88,9.0,0.0,0.0,True,0.1,10.0,EXACT
LPT-10372,7.0,1.0,1.0,5.0,2.0,148724711.42,174946689.4,7.0,1.0,0.0,True,0.14285714285714285,8.0,EXACT
WS-10073.corp.local,2.0,0.0,0.0,2.0,2.0,36669431.22,51765594.64,2.0,0.0,0.0,False,0.0,2.0,PROBABLE
WS-10915.corp.local,1.0,1.0,0.0,1.0,1.0,5687890.0,22785556.48,1.0,0.0,0.0,False,1.0,1.0,PROBABLE
VDR_11966,2.0,2.0,0.0,1.0,0.0,69322158.75999999,52061798.400000006,2.0,0.0,0.0,False,1.0,2.0,PROBABLE
lpt-10956,2.0,1.0,0.0,1.0,2.0,36289999.4,12591253.0,2.0,0.0,0.0,False,0.5,2.0,PROBABLE
LPT_12149,2.0,1.0,0.0,1.0,1.0,34101248.0,52226105.0,2.0,0.0,0.0,False,0.5,2.0,PROBABLE
lpt-11721,3.0,2.0,1.0,2.0,1.0,101778616.75999999,93233181.24000001,3.0,0.0,0.0,False,0.6666666666666666,3.0,PROBABLE
VDR-10767.corp.local,1.0,0.0,0.0,0.0,1.0,23500828.0,30091226.0,1.0,0.0,0.0,False,0.0,1.0,PROBABLE
LPT-10277.corp.local,1.0,0.0,0.0,0.0,0.0,44653679.0,44861519.0,1.0,0.0,0.0,False,0.0,1.0,PROBABLE
VDR-10161,6.0,4.0,0.0,4.0,3.0,162860623.88,174404512.92000002,6.0,1.0,0.0,True,0.6666666666666666,7.0,EXACT
LPT-10616.corp.local,1.0,0.0,0.0,0.0,1.0,32098944.0,24526192.64,1.0,0.0,0.0,False,0.0,1.0,PROBABLE
VDR_10166,1.0,1.0,0.0,0.0,0.0,35758262.0,9240609.0,1.0,0.0,0.0,False,1.0,1.0,PROBABLE
LPT_12197,1.0,0.0,0.0,1.0,0.0,17899192.32,9581076.48,1.0,0.0,0.0,False,0.0,1.0,PROBABLE
lpt-12903,2.0,0.0,1.0,2.0,1.0,52505200.22,24944519.64,2.0,0.0,0.0,False,0.0,2.0,PROBABLE
WS_11041,2.0,1.0,0.0,1.0,1.0,50070285.22,32633976.64,2.0,0.0,0.0,False,0.5,2.0,PROBABLE
WS-10074.corp.local,1.0,1.0,0.0,0.0,0.0,24819643.22,38786826.24,1.0,0.0,0.0,False,1.0,1.0,PROBABLE
ws-10800,1.0,0.0,0.0,1.0,1.0,39447490.0,47729438.0,1.0,0.0,0.0,False,0.0,1.0,PROBABLE
vdr-10267,2.0,2.0,0.0,1.0,0.0,93215063.72,49944581.0,2.0,0.0,0.0,False,1.0,2.0,PROBABLE
VDR-10550,9.0,0.0,1.0,4.0,5.0,191947759.44,145735093.56,5.0,2.0,0.0,True,0.0,11.0,EXACT
LPT-12617.corp.local,1.0,0.0,0.0,1.0,0.0,44265655.0,23928984.0,1.0,0.0,0.0,False,0.0,1.0,PROBABLE
WS-10236,8.0,1.0,1.0,5.0,2.0,239587783.98,104767605.6,4.0,2.0,0.0,True,0.125,10.0,EXACT
WS_12242,1.0,0.0,0.0,1.0,1.0,21327839.0,24526192.64,0.0,0.0,0.0,False,0.0,1.0,PROBABLE
lpt-12796,2.0,0.0,0.0,1.0,2.0,37313598.08,37100496.64,2.0,0.0,0.0,False,0.0,2.0,PROBABLE
WS-12751.corp.local,1.0,0.0,0.0,1.0,1.0,24819643.22,24526192.64,1.0,0.0,0.0,False,0.0,1.0,PROBABLE
VDR_10736,1.0,0.0,0.0,1.0,1.0,24819643.22,24526192.64,0.0,0.0,0.0,False,0.0,1.0,PROBABLE
VDR-11921.,0.0,0.0,0.0,0.0,0.0,0.0,0.0,0.0,0.0,0.0,True,0.0,0.0,EXACT
WS-11415,2.0,0.0,0.0,0.0,2.0,61868921.22,73209338.64,2.0,5.0,0.0,True,0.0,7.0,EXACT
LPT-10520.corp.local,1.0,0.0,0.0,0.0,0.0,4294855.0,2146651.0,1.0,0.0,0.0,False,0.0,1.0,PROBABLE
vdr-10907,2.0,1.0,0.0,1.0,0.0,61122413.22,52904645.64,2.0,0.0,0.0,False,0.5,2.0,PROBABLE
WS-10594.corp.local,1.0,0.0,0.0,1.0,1.0,28483646.0,2289708.0,1.0,0.0,0.0,False,0.0,1.0,PROBABLE
lpt-12015,3.0,1.0,1.0,1.0,1.0,89270008.74000001,107129143.16,2.0,0.0,0.0,False,0.3333333333333333,3.0,PROBABLE
WS_10399,1.0,0.0,0.0,0.0,0.0,35607961.0,27786504.0,1.0,0.0,0.0,False,0.0,1.0,PROBABLE
VDR-12324,11.0,2.0,0.0,4.0,7.0,225586212.36,301617630.92,11.0,3.0,1.0,False,0.18181818181818182,14.0,PROBABLE
LPT-12056,5.0,1.0,1.0,0.0,4.0,112588982.2,151044566.96,4.0,1.0,0.0,True,0.2,6.0,EXACT
VDR-10421.corp.local,2.0,0.0,0.0,1.0,2.0,46671579.04,81195134.0,2.0,0.0,0.0,False,0.0,2.0,PROBABLE
vdr-11913,2.0,0.0,1.0,1.0,0.0,38787966.0,65407205.64,2.0,0.0,0.0,False,0.0,2.0,PROBABLE
LPT-11813.corp.local,2.0,2.0,1.0,0.0,1.0,63317892.22,56098816.0,2.0,0.0,0.0,False,1.0,2.0,PROBABLE
VDR-10022,7.0,2.0,1.0,2.0,3.0,168886180.66,273197098.72,6.0,5.0,0.0,True,0.2857142857142857,12.0,EXACT
WS_12495,1.0,0.0,0.0,1.0,1.0,36230062.08,15179869.0,1.0,0.0,0.0,False,0.0,1.0,PROBABLE
vdr-12012,1.0,1.0,0.0,1.0,0.0,17061447.68,24526192.64,1.0,0.0,0.0,False,1.0,1.0,PROBABLE
vdr-12233,3.0,1.0,0.0,2.0,3.0,64836518.22,43945400.0,2.0,0.0,0.0,False,0.3333333333333333,3.0,PROBABLE
WS-11434,7.0,0.0,0.0,5.0,2.0,225536446.92,202957617.32,6.0,3.0,1.0,True,0.0,10.0,EXACT
WS_10549,1.0,0.0,0.0,0.0,1.0,19276584.96,31836273.0,1.0,0.0,0.0,False,0.0,1.0,PROBABLE
vdr-10626,1.0,0.0,0.0,1.0,0.0,6461587.0,24526192.64,1.0,0.0,0.0,False,0.0,1.0,PROBABLE
WS_10371,1.0,0.0,1.0,1.0,0.0,41784347.0,24526192.64,1.0,0.0,0.0,False,0.0,1.0,PROBABLE
VDR-11961.corp.local,1.0,1.0,0.0,0.0,1.0,10900707.0,1422137.0,1.0,0.0,0.0,False,1.0,1.0,PROBABLE
ws-10156,1.0,1.0,0.0,0.0,0.0,27944550.4,32130591.0,0.0,0.0,0.0,False,1.0,1.0,PROBABLE
WS_11896,2.0,0.0,0.0,2.0,2.0,73357027.0,22037552.04,2.0,0.0,0.0,False,0.0,2.0,PROBABLE
LPT-12648.corp.local,1.0,1.0,0.0,0.0,1.0,24819643.22,48882145.28,1.0,0.0,0.0,False,1.0,1.0,PROBABLE
lpt-11050,1.0,0.0,0.0,1.0,1.0,16771505.0,9358690.0,1.0,0.0,0.0,False,0.0,1.0,PROBABLE
WS-10994,6.0,2.0,0.0,4.0,4.0,150787229.82,159792695.56,4.0,4.0,0.0,True,0.3333333333333333,10.0,EXACT
WS-11471,8.0,3.0,0.0,2.0,5.0,189373812.66,173473194.56,5.0,2.0,1.0,True,0.375,10.0,EXACT
ws-12217,1.0,0.0,0.0,1.0,0.0,24819643.22,14406070.0,1.0,0.0,0.0,False,0.0,1.0,PROBABLE
lpt-12967,2.0,0.0,0.0,2.0,2.0,70738804.22,36417494.0,1.0,0.0,0.0,False,0.0,2.0,PROBABLE
lpt-12690,3.0,0.0,0.0,0.0,1.0,76405358.0,31714108.0,2.0,0.0,0.0,False,0.0,3.0,PROBABLE
WS_10432,1.0,0.0,0.0,1.0,0.0,24819643.22,20460018.0,1.0,0.0,0.0,False,0.0,1.0,PROBABLE
LPT-11512,3.0,2.0,0.0,0.0,2.0,50413460.0,70604591.64,3.0,2.0,0.0,True,0.6666666666666666,5.0,EXACT
ws-12619,2.0,0.0,0.0,2.0,0.0,44164951.22,39145147.64,2.0,0.0,0.0,False,0.0,2.0,PROBABLE
lpt-12259,2.0,0.0,1.0,1.0,1.0,49723323.22,51774289.64,2.0,0.0,0.0,False,0.0,2.0,PROBABLE
lpt-12521,1.0,1.0,0.0,1.0,1.0,24819643.22,11802119.0,1.0,0.0,0.0,False,1.0,1.0,PROBABLE
ws-11654,1.0,0.0,0.0,1.0,0.0,30028369.0,35521948.0,1.0,0.0,0.0,False,0.0,1.0,PROBABLE
WS-11053,6.0,1.0,0.0,4.0,2.0,197116618.72,180479862.28,5.0,2.0,1.0,False,0.16666666666666666,8.0,PROBABLE
WS-12828.corp.local,1.0,0.0,0.0,1.0,0.0,6891589.0,24526192.64,1.0,0.0,0.0,False,0.0,1.0,PROBABLE
VDR-12740,7.0,1.0,0.0,3.0,4.0,190628529.51999998,189239005.56,6.0,2.0,0.0,True,0.14285714285714285,9.0,EXACT
ws-12422,1.0,0.0,0.0,1.0,1.0,24819643.22,32660817.92,1.0,0.0,0.0,False,0.0,1.0,PROBABLE
WS-12668,2.0,0.0,0.0,0.0,0.0,41104853.22,74013002.64,1.0,2.0,1.0,True,0.0,4.0,EXACT
LPT-11164,6.0,0.0,0.0,2.0,4.0,140517949.34,162709134.16,5.0,3.0,1.0,False,0.0,9.0,PROBABLE
WS-12035.corp.local,1.0,0.0,0.0,1.0,0.0,37958451.2,12111052.8,1.0,0.0,0.0,False,0.0,1.0,PROBABLE
ws-12485,1.0,0.0,0.0,0.0,0.0,20649614.0,40465994.0,1.0,0.0,0.0,False,0.0,1.0,PROBABLE
VDR-10143.corp.local,1.0,0.0,0.0,1.0,1.0,12429021.0,4790190.0,1.0,0.0,0.0,False,0.0,1.0,PROBABLE
ws-11434,2.0,0.0,0.0,1.0,1.0,31057256.0,24864156.64,2.0,0.0,0.0,False,0.0,2.0,PROBABLE
LPT-10360,7.0,2.0,1.0,4.0,5.0,155867945.66,136288007.2,7.0,3.0,0.0,True,0.2857142857142857,10.0,EXACT
VDR-11989,3.0,0.0,0.0,2.0,1.0,67950049.44,93246320.08,3.0,4.0,0.0,True,0.0,7.0,EXACT
ws-11867,2.0,0.0,0.0,2.0,0.0,22453981.72,27320449.0,1.0,0.0,0.0,False,0.0,2.0,PROBABLE
LPT-12815,3.0,0.0,0.0,1.0,2.0,40963494.22,73171131.64,3.0,0.0,0.0,False,0.0,3.0,PROBABLE
VDR_11774,4.0,1.0,0.0,0.0,2.0,83783012.22,113630427.28,3.0,0.0,0.0,False,0.25,4.0,PROBABLE
lpt-11914,2.0,0.0,0.0,2.0,0.0,70620781.22,37576724.76,1.0,0.0,0.0,False,0.0,2.0,PROBABLE
lpt-11700,1.0,0.0,0.0,0.0,0.0,12146893.0,47389836.0,1.0,0.0,0.0,False,0.0,1.0,PROBABLE
vdr-10744,5.0,1.0,0.0,2.0,3.0,126246036.44,172125677.28,4.0,0.0,0.0,False,0.2,5.0,PROBABLE
WS-10121.corp.local,3.0,1.0,0.0,0.0,2.0,94175053.0,90915549.64,2.0,0.0,0.0,False,0.3333333333333333,3.0,PROBABLE
VDR-11305,4.0,1.0,0.0,1.0,4.0,120409455.92,89008209.92,4.0,2.0,0.0,True,0.25,6.0,EXACT
VDR-10830,8.0,0.0,2.0,3.0,4.0,168216764.14,178221827.64,8.0,1.0,0.0,False,0.0,9.0,PROBABLE
WS-11450,4.0,1.0,0.0,0.0,3.0,77725542.25999999,130953150.64,4.0,1.0,0.0,True,0.25,5.0,EXACT
VDR-10992,10.0,1.0,1.0,3.0,6.0,238478267.88,194651220.32,10.0,4.0,0.0,True,0.1,14.0,EXACT
LPT-12083,6.0,0.0,1.0,1.0,3.0,112952499.0,140121578.72,6.0,2.0,0.0,True,0.0,8.0,EXACT
VDR_12705,2.0,0.0,0.0,0.0,1.0,59645248.339999996,84635760.64,2.0,0.0,0.0,False,0.0,2.0,PROBABLE
LPT-11784.corp.local,1.0,1.0,0.0,1.0,1.0,30231921.0,49290453.0,1.0,0.0,0.0,False,1.0,1.0,PROBABLE
VDR-12926.corp.local,1.0,1.0,0.0,0.0,0.0,24819643.22,44501247.0,1.0,0.0,0.0,False,1.0,1.0,PROBABLE
vdr-10914,2.0,0.0,0.0,1.0,2.0,72227621.22,54926374.64,1.0,0.0,0.0,False,0.0,2.0,PROBABLE
VDR-10693.corp.local,2.0,1.0,0.0,2.0,0.0,40031950.0,81643305.0,1.0,0.0,0.0,False,0.5,2.0,PROBABLE
WS-11690,3.0,0.0,0.0,1.0,1.0,76358859.52,72078030.64,2.0,6.0,0.0,True,0.0,9.0,EXACT
LPT-11324,4.0,2.0,0.0,2.0,0.0,61867226.3,102219701.0,4.0,1.0,1.0,True,0.5,5.0,EXACT
lpt-12285,3.0,0.0,0.0,0.0,1.0,91448004.44,40588324.64,3.0,0.0,0.0,False,0.0,3.0,PROBABLE
vdr-12573,1.0,0.0,0.0,1.0,1.0,20831299.0,29947470.0,0.0,0.0,0.0,False,0.0,1.0,PROBABLE
WS-11899.corp.local,1.0,0.0,0.0,1.0,1.0,24819643.22,6440397.0,1.0,0.0,0.0,False,0.0,1.0,PROBABLE
vdr-11549,2.0,1.0,0.0,1.0,0.0,33002939.0,52516447.64,0.0,0.0,0.0,False,0.5,2.0,PROBABLE
LPT-10106,2.0,1.0,0.0,1.0,2.0,92650640.47999999,73463234.56,2.0,5.0,0.0,True,0.5,7.0,EXACT
vdr-10808,2.0,0.0,1.0,0.0,2.0,60293243.0,60853428.64,1.0,0.0,0.0,False,0.0,2.0,PROBABLE
lpt-11744,1.0,1.0,1.0,1.0,1.0,16677324.8,37309690.0,1.0,0.0,0.0,False,1.0,1.0,PROBABLE
VDR-12959.corp.local,1.0,0.0,0.0,1.0,1.0,34892366.0,18236030.0,1.0,0.0,0.0,False,0.0,1.0,PROBABLE
ws-11334,1.0,0.0,1.0,1.0,0.0,46611916.8,24659696.0,1.0,0.0,0.0,False,0.0,1.0,PROBABLE
lpt-10441,1.0,0.0,0.0,1.0,0.0,24819643.22,24456206.0,1.0,0.0,0.0,False,0.0,1.0,PROBABLE
WS-11456.corp.local,1.0,0.0,0.0,0.0,1.0,24819643.22,45631745.0,1.0,0.0,0.0,False,0.0,1.0,PROBABLE
WS_12889,3.0,1.0,0.0,2.0,3.0,67432412.84,107739328.0,2.0,0.0,0.0,False,0.3333333333333333,3.0,PROBABLE
WS-12118.corp.local,2.0,0.0,0.0,1.0,0.0,61847530.4,49052385.28,2.0,0.0,0.0,False,0.0,2.0,PROBABLE
ws-12319,1.0,0.0,0.0,0.0,0.0,44927020.0,24526192.64,1.0,0.0,0.0,False,0.0,1.0,PROBABLE
LPT-11016,4.0,1.0,1.0,2.0,2.0,79859096.06,129725918.64,4.0,2.0,0.0,True,0.25,6.0,EXACT
lpt-11627,1.0,0.0,0.0,0.0,0.0,28739500.0,35358703.0,0.0,0.0,0.0,False,0.0,1.0,PROBABLE
lpt-10144,1.0,0.0,0.0,1.0,1.0,24819643.22,24526192.64,1.0,0.0,0.0,False,0.0,1.0,PROBABLE
vdr-11576,1.0,0.0,0.0,1.0,1.0,32221947.0,12090961.0,1.0,0.0,0.0,False,0.0,1.0,PROBABLE
ws-12870,1.0,0.0,1.0,1.0,0.0,34101614.0,48821899.0,1.0,0.0,0.0,False,0.0,1.0,PROBABLE
WS_11361,1.0,0.0,0.0,0.0,0.0,36041562.0,24526192.64,1.0,0.0,0.0,False,0.0,1.0,PROBABLE
WS-11851,9.0,4.0,1.0,3.0,4.0,274960961.22,206098408.92000002,8.0,3.0,0.0,True,0.4444444444444444,12.0,EXACT
WS-10241,0.0,0.0,0.0,0.0,0.0,0.0,0.0,0.0,1.0,0.0,True,0.0,1.0,EXACT
WS-11245,5.0,1.0,0.0,1.0,3.0,178930022.04,93824813.84,4.0,3.0,0.0,False,0.2,8.0,PROBABLE
LPT-12689,8.0,1.0,1.0,3.0,5.0,259953240.44,192668329.2,8.0,0.0,0.0,False,0.125,8.0,PROBABLE
LPT-12296,2.0,0.0,0.0,0.0,1.0,32603536.0,53797454.0,2.0,2.0,1.0,False,0.0,4.0,PROBABLE
LPT-11285.corp.local,1.0,0.0,0.0,0.0,1.0,49602127.0,24526192.64,1.0,0.0,0.0,False,0.0,1.0,PROBABLE
VDR-11155,9.0,3.0,1.0,6.0,5.0,252270312.44,147821435.36,8.0,5.0,0.0,True,0.3333333333333333,14.0,EXACT
LPT-12639,13.0,1.0,3.0,9.0,9.0,324923965.92,348138034.56,10.0,3.0,1.0,False,0.07692307692307693,16.0,PROBABLE
WS_12818,1.0,0.0,0.0,0.0,0.0,27336376.32,24526192.64,1.0,0.0,0.0,False,0.0,1.0,PROBABLE
LPT-10753,7.0,4.0,0.0,4.0,6.0,108006531.86,193150119.36,6.0,4.0,0.0,True,0.5714285714285714,11.0,EXACT
WS-11320.corp.local,1.0,0.0,0.0,0.0,1.0,10014911.0,23055892.0,1.0,0.0,0.0,False,0.0,1.0,PROBABLE
lpt-10547,3.0,1.0,0.0,1.0,1.0,52575768.54,73578577.92,3.0,0.0,0.0,False,0.3333333333333333,3.0,PROBABLE
LPT-11103.,0.0,0.0,0.0,0.0,0.0,0.0,0.0,0.0,0.0,0.0,True,0.0,0.0,EXACT
lpt-11294,2.0,0.0,0.0,1.0,2.0,73471678.0,49052385.28,2.0,0.0,0.0,False,0.0,2.0,PROBABLE
VDR-10847,3.0,2.0,0.0,3.0,1.0,110774858.58,78152587.72,3.0,4.0,0.0,True,0.6666666666666666,7.0,EXACT
VDR-11412.corp.local,2.0,0.0,0.0,0.0,0.0,28371023.0,37480519.68,2.0,0.0,0.0,False,0.0,2.0,PROBABLE
VDR-10900,8.0,1.0,0.0,5.0,5.0,229013007.22,143316629.68,7.0,2.0,0.0,True,0.125,10.0,EXACT
VDR-12247,11.0,1.0,0.0,5.0,8.0,259994937.34,308900061.36,9.0,3.0,2.0,False,0.09090909090909091,14.0,PROBABLE
WS-10586,5.0,1.0,1.0,1.0,3.0,106469617.47999999,138831244.92000002,3.0,2.0,0.0,True,0.2,7.0,EXACT
WS_12901,1.0,0.0,0.0,0.0,1.0,16243135.0,19419161.0,0.0,0.0,0.0,False,0.0,1.0,PROBABLE
LPT-11615,4.0,1.0,0.0,2.0,2.0,76354340.36,78479391.0,3.0,4.0,0.0,True,0.25,8.0,EXACT
VDR-12430.corp.local,2.0,0.0,1.0,2.0,2.0,24924500.82,30521015.64,2.0,0.0,0.0,False,0.0,2.0,PROBABLE
ws-10584,1.0,1.0,0.0,1.0,0.0,4176796.0,18030485.0,1.0,0.0,0.0,False,1.0,1.0,PROBABLE
VDR_12568,1.0,0.0,0.0,0.0,0.0,41686364.0,24526192.64,1.0,0.0,0.0,False,0.0,1.0,PROBABLE
vdr-10558,1.0,0.0,0.0,1.0,1.0,30838446.08,13537066.0,1.0,0.0,0.0,False,0.0,1.0,PROBABLE
vdr-10856,2.0,1.0,1.0,0.0,0.0,55700206.42,58687828.64,2.0,0.0,0.0,False,0.5,2.0,PROBABLE
WS-12028.corp.local,2.0,1.0,1.0,1.0,1.0,60944472.22,20235782.76,2.0,0.0,0.0,False,0.5,2.0,PROBABLE
VDR-12757.corp.local,1.0,0.0,0.0,0.0,1.0,48182866.0,11169804.0,1.0,0.0,0.0,False,0.0,1.0,PROBABLE
VDR-11439,9.0,3.0,0.0,4.0,2.0,258963399.95999998,241282634.28,8.0,2.0,1.0,True,0.3333333333333333,11.0,EXACT
LPT_11303,3.0,0.0,0.0,0.0,2.0,74458929.66,85015157.12,3.0,0.0,0.0,False,0.0,3.0,PROBABLE
LPT-12001,6.0,1.0,0.0,3.0,3.0,183290776.44,172592126.28,6.0,3.0,0.0,False,0.16666666666666666,9.0,PROBABLE
ws-10686,1.0,0.0,0.0,0.0,1.0,24819643.22,146800.64,1.0,0.0,0.0,False,0.0,1.0,PROBABLE
WS-12447.corp.local,1.0,0.0,0.0,0.0,1.0,24819643.22,32163903.0,1.0,0.0,0.0,False,0.0,1.0,PROBABLE
VDR_11232,1.0,0.0,0.0,1.0,1.0,9929474.0,24526192.64,0.0,0.0,0.0,False,0.0,1.0,PROBABLE
LPT-11107.corp.local,1.0,0.0,0.0,1.0,0.0,24819643.22,21585407.0,1.0,0.0,0.0,False,0.0,1.0,PROBABLE
LPT_12377,2.0,0.0,0.0,1.0,0.0,19472542.16,49052385.28,2.0,0.0,0.0,False,0.0,2.0,PROBABLE
ws-11819,3.0,1.0,0.0,1.0,2.0,62193995.44,71630499.28,2.0,0.0,0.0,False,0.3333333333333333,3.0,PROBABLE
VDR-12063.corp.local,1.0,0.0,0.0,0.0,1.0,44761096.0,35675176.96,1.0,0.0,0.0,False,0.0,1.0,PROBABLE
WS-10820,7.0,3.0,0.0,2.0,3.0,111078908.64,58960848.48,5.0,2.0,0.0,True,0.42857142857142855,9.0,EXACT
LPT_12539,1.0,1.0,0.0,1.0,1.0,35255017.0,1832403.0,1.0,0.0,0.0,False,1.0,1.0,PROBABLE
VDR-12598,8.0,2.0,1.0,3.0,3.0,193753111.22,179376203.84,8.0,4.0,0.0,True,0.25,12.0,EXACT
LPT-10669,5.0,0.0,0.0,3.0,4.0,134862366.66,133961513.2,5.0,1.0,0.0,True,0.0,6.0,EXACT
WS-11362,15.0,2.0,1.0,8.0,7.0,369433455.92,323414676.32,15.0,2.0,0.0,True,0.13333333333333333,17.0,EXACT
VDR-12656,4.0,1.0,0.0,2.0,1.0,83997851.22,110829783.03999999,4.0,2.0,0.0,True,0.25,6.0,EXACT
WS-10820.corp.local,2.0,0.0,0.0,2.0,0.0,29812598.22,59810441.0,2.0,0.0,0.0,False,0.0,2.0,PROBABLE
WS-10513.corp.local,3.0,0.0,0.0,1.0,1.0,49263277.22,70295369.2,2.0,0.0,0.0,False,0.0,3.0,PROBABLE
VDR-11436.corp.local,1.0,0.0,0.0,0.0,1.0,24819643.22,22036695.04,1.0,0.0,0.0,False,0.0,1.0,PROBABLE
WS-10433.corp.local,1.0,0.0,0.0,1.0,1.0,24819643.22,8375600.0,1.0,0.0,0.0,False,0.0,1.0,PROBABLE
LPT-11376.,0.0,0.0,0.0,0.0,0.0,0.0,0.0,0.0,0.0,0.0,True,0.0,0.0,EXACT
LPT-10013,5.0,1.0,0.0,0.0,1.0,128841194.02000001,123412932.64,4.0,2.0,1.0,True,0.2,7.0,EXACT
VDR-12464,9.0,3.0,0.0,5.0,6.0,259214613.07999998,273094488.84000003,7.0,4.0,1.0,False,0.3333333333333333,13.0,PROBABLE
VDR-12216,10.0,2.0,0.0,4.0,5.0,237257685.66,232017191.52,8.0,2.0,0.0,True,0.2,12.0,EXACT
lpt-12010,2.0,0.0,0.0,0.0,0.0,73253414.08,71687437.0,2.0,0.0,0.0,False,0.0,2.0,PROBABLE
WS-11864,2.0,0.0,0.0,1.0,1.0,57648926.6,34764967.0,2.0,2.0,0.0,False,0.0,4.0,PROBABLE
LPT_12240,1.0,1.0,0.0,0.0,0.0,22672061.0,31412914.0,0.0,0.0,0.0,False,1.0,1.0,PROBABLE
vdr-12127,3.0,0.0,0.0,2.0,1.0,110175078.84,54873684.0,2.0,0.0,0.0,False,0.0,3.0,PROBABLE
WS_12839,2.0,0.0,0.0,1.0,1.0,48757138.22,46098532.64,2.0,0.0,0.0,False,0.0,2.0,PROBABLE
LPT-11658.corp.local,1.0,0.0,0.0,1.0,0.0,20605548.0,4829305.0,1.0,0.0,0.0,False,0.0,1.0,PROBABLE
LPT-11190,7.0,2.0,0.0,3.0,3.0,174738169.88,147067064.56,6.0,0.0,0.0,True,0.2857142857142857,7.0,EXACT
ws-12442,3.0,1.0,0.0,0.0,3.0,74458929.66,74568674.0,3.0,0.0,0.0,False,0.3333333333333333,3.0,PROBABLE
LPT_11065,1.0,0.0,0.0,0.0,1.0,3995074.56,3313789.0,0.0,0.0,0.0,False,0.0,1.0,PROBABLE
WS-12039.corp.local,1.0,1.0,0.0,1.0,0.0,26688348.0,30977586.0,0.0,0.0,0.0,False,1.0,1.0,PROBABLE
LPT-12755.,0.0,0.0,0.0,0.0,0.0,0.0,0.0,0.0,0.0,0.0,True,0.0,0.0,EXACT
VDR_11227,2.0,0.0,0.0,1.0,1.0,54683087.7,57406510.64,2.0,0.0,0.0,False,0.0,2.0,PROBABLE
VDR-12450.corp.local,1.0,0.0,0.0,0.0,0.0,40962267.0,39894183.0,1.0,0.0,0.0,False,0.0,1.0,PROBABLE
WS-11139,8.0,1.0,2.0,5.0,3.0,184768578.8,218075275.92000002,8.0,2.0,0.0,True,0.125,10.0,EXACT
LPT-12298,4.0,2.0,0.0,2.0,2.0,99278572.88,93640397.0,3.0,3.0,0.0,True,0.5,7.0,EXACT
VDR-10495,6.0,1.0,0.0,4.0,5.0,175718901.44,146785644.52,5.0,5.0,0.0,True,0.16666666666666666,11.0,EXACT
WS-11401,4.0,0.0,0.0,1.0,4.0,103427713.94,92683484.0,4.0,0.0,0.0,True,0.0,4.0,EXACT
VDR_12836,3.0,0.0,1.0,0.0,1.0,78827398.22,75030892.64,3.0,0.0,0.0,False,0.0,3.0,PROBABLE
WS_11601,2.0,0.0,0.0,1.0,1.0,70853533.22,28330687.0,2.0,0.0,0.0,False,0.0,2.0,PROBABLE
WS-12533,7.0,1.0,0.0,4.0,4.0,201126221.82,146705540.36,6.0,2.0,0.0,True,0.14285714285714285,9.0,EXACT
WS-12368,8.0,2.0,0.0,7.0,6.0,201993536.22,100182628.28,8.0,4.0,0.0,True,0.25,12.0,EXACT
LPT-11234.corp.local,1.0,1.0,0.0,0.0,1.0,14964298.0,8808038.4,1.0,0.0,0.0,False,1.0,1.0,PROBABLE
VDR-11378,2.0,0.0,0.0,1.0,1.0,72020134.22,50825472.0,1.0,3.0,0.0,True,0.0,5.0,EXACT
LPT-11679.corp.local,1.0,0.0,0.0,0.0,1.0,24819643.22,24526192.64,1.0,0.0,0.0,False,0.0,1.0,PROBABLE
lpt-11506,2.0,0.0,0.0,1.0,1.0,65750333.0,30138139.64,1.0,0.0,0.0,False,0.0,2.0,PROBABLE
WS-12445,10.0,1.0,0.0,7.0,3.0,227881408.66,231415577.4,10.0,3.0,0.0,True,0.1,13.0,EXACT
LPT-11887,4.0,1.0,1.0,2.0,2.0,146257042.22,75952262.24000001,3.0,1.0,0.0,False,0.25,5.0,PROBABLE
vdr-12431,1.0,1.0,0.0,0.0,1.0,24819643.22,7342504.0,1.0,0.0,0.0,False,1.0,1.0,PROBABLE
WS_11352,1.0,0.0,0.0,1.0,1.0,21252852.0,14620988.0,1.0,0.0,0.0,False,0.0,1.0,PROBABLE
lpt-11691,3.0,2.0,0.0,2.0,2.0,104474272.0,85027123.0,2.0,0.0,0.0,False,0.6666666666666666,3.0,PROBABLE
lpt-12951,1.0,0.0,0.0,1.0,0.0,18077694.0,33347930.0,1.0,0.0,0.0,False,0.0,1.0,PROBABLE
WS-12827,10.0,2.0,0.0,5.0,4.0,288418037.68,223581042.36,7.0,4.0,1.0,True,0.2,14.0,EXACT
VDR-12593.corp.local,1.0,0.0,0.0,0.0,1.0,24819643.22,1692519.0,0.0,0.0,0.0,False,0.0,1.0,PROBABLE
WS_11022,1.0,0.0,0.0,0.0,0.0,34152673.28,36929410.0,1.0,0.0,0.0,False,0.0,1.0,PROBABLE
LPT-12203.corp.local,1.0,0.0,0.0,1.0,0.0,24819643.22,19199426.56,1.0,0.0,0.0,False,0.0,1.0,PROBABLE
VDR-11482,9.0,2.0,1.0,6.0,7.0,250154248.44,286487538.0,7.0,4.0,0.0,True,0.2222222222222222,13.0,EXACT
VDR_10689,2.0,1.0,1.0,1.0,1.0,73721256.4,50482784.0,2.0,0.0,0.0,False,0.5,2.0,PROBABLE
WS-11049,3.0,0.0,0.0,3.0,2.0,59175995.0,50008276.64,3.0,4.0,0.0,True,0.0,7.0,EXACT
lpt-10862,2.0,0.0,0.0,1.0,2.0,81052815.0,34767081.64,2.0,0.0,0.0,False,0.0,2.0,PROBABLE
ws-11454,2.0,0.0,0.0,1.0,2.0,39743790.0,60119120.96,2.0,0.0,0.0,False,0.0,2.0,PROBABLE
VDR_12865,1.0,0.0,0.0,0.0,0.0,37686282.24,1132294.0,1.0,0.0,0.0,False,0.0,1.0,PROBABLE
WS-10806,7.0,1.0,0.0,1.0,5.0,158766912.84,186612731.07999998,7.0,5.0,1.0,True,0.14285714285714285,12.0,EXACT
lpt-12377,2.0,0.0,0.0,0.0,0.0,73371821.0,68074683.0,2.0,0.0,0.0,False,0.0,2.0,PROBABLE
WS_11395,2.0,0.0,0.0,2.0,2.0,73978034.22,57118501.0,2.0,0.0,0.0,False,0.0,2.0,PROBABLE
VDR-11275,9.0,2.0,0.0,6.0,5.0,250558259.18,182512661.72,7.0,3.0,0.0,True,0.2222222222222222,12.0,EXACT
lpt-11004,1.0,0.0,0.0,1.0,0.0,30651017.0,31657953.0,1.0,0.0,0.0,False,0.0,1.0,PROBABLE
LPT-12475.corp.local,3.0,1.0,0.0,2.0,2.0,67090421.0,71511203.64,3.0,0.0,0.0,False,0.3333333333333333,3.0,PROBABLE
LPT-10854.corp.local,2.0,1.0,0.0,0.0,1.0,61134140.22,52195842.08,2.0,0.0,0.0,False,0.5,2.0,PROBABLE
WS-12426,2.0,0.0,1.0,2.0,0.0,78866935.4,59443939.64,2.0,4.0,2.0,True,0.0,6.0,EXACT
LPT-10901,7.0,1.0,0.0,2.0,6.0,160466704.34,194969049.64,6.0,3.0,1.0,True,0.14285714285714285,10.0,EXACT
LPT_10066,3.0,2.0,0.0,1.0,1.0,74458929.66,95773960.2,3.0,0.0,0.0,False,0.6666666666666666,3.0,PROBABLE
lpt-10372,2.0,0.0,0.0,0.0,1.0,54388672.22,49142661.8,2.0,0.0,0.0,False,0.0,2.0,PROBABLE
WS-12047.corp.local,4.0,3.0,0.0,2.0,2.0,110317406.22,93858060.64,3.0,0.0,0.0,False,0.75,4.0,PROBABLE
VDR-12430,4.0,1.0,0.0,3.0,3.0,64515270.379999995,80644477.4,4.0,3.0,0.0,True,0.25,7.0,EXACT
lpt-10920,2.0,0.0,0.0,2.0,1.0,71475127.96000001,71946790.64,1.0,0.0,0.0,False,0.0,2.0,PROBABLE
ws-12390,3.0,1.0,0.0,2.0,3.0,92600661.0,83152656.64,3.0,0.0,0.0,False,0.3333333333333333,3.0,PROBABLE
LPT_12800,2.0,1.0,0.0,1.0,0.0,71013921.22,40284457.0,2.0,0.0,0.0,False,0.5,2.0,PROBABLE
WS-11196,5.0,0.0,0.0,2.0,2.0,77667530.96000001,122630963.2,2.0,3.0,0.0,True,0.0,8.0,EXACT
vdr-10666,2.0,1.0,0.0,0.0,1.0,39071149.22,53602974.36,1.0,0.0,0.0,False,0.5,2.0,PROBABLE
VDR-10489,6.0,2.0,0.0,4.0,3.0,128571000.22,170238529.68,5.0,2.0,0.0,False,0.3333333333333333,8.0,PROBABLE
VDR-11669.corp.local,1.0,0.0,0.0,1.0,0.0,49161058.0,45203640.32,1.0,0.0,0.0,False,0.0,1.0,PROBABLE
VDR-10514.corp.local,1.0,1.0,0.0,0.0,1.0,25561519.0,7570212.0,1.0,0.0,0.0,False,1.0,1.0,PROBABLE
VDR_12732,1.0,0.0,0.0,1.0,1.0,10342955.0,24526192.64,1.0,0.0,0.0,False,0.0,1.0,PROBABLE
LPT-12304.corp.local,1.0,0.0,0.0,1.0,1.0,30083645.44,2235583.0,1.0,0.0,0.0,False,0.0,1.0,PROBABLE
LPT-11125,5.0,0.0,1.0,3.0,4.0,114695128.28,123687559.0,5.0,4.0,0.0,True,0.0,9.0,EXACT
VDR-12604,4.0,0.0,0.0,2.0,2.0,109725950.1,84708679.28,3.0,2.0,0.0,True,0.0,6.0,EXACT
lpt-10901,2.0,0.0,0.0,1.0,0.0,37565957.0,49052385.28,2.0,0.0,0.0,False,0.0,2.0,PROBABLE
VDR_11999,1.0,0.0,0.0,0.0,0.0,46783692.8,24526192.64,1.0,0.0,0.0,False,0.0,1.0,PROBABLE
LPT-11882.corp.local,1.0,1.0,0.0,1.0,1.0,20556922.88,16101907.0,0.0,0.0,0.0,False,1.0,1.0,PROBABLE
VDR-10330,6.0,2.0,0.0,4.0,4.0,148012857.22,128808196.80000001,6.0,5.0,1.0,True,0.3333333333333333,11.0,EXACT
VDR-12281,11.0,4.0,1.0,4.0,4.0,190260313.07999998,244313787.04,9.0,6.0,1.0,True,0.36363636363636365,17.0,EXACT
VDR_11267,2.0,1.0,0.0,2.0,0.0,31908279.22,53140530.64,1.0,0.0,0.0,False,0.5,2.0,PROBABLE
VDR-10017,11.0,5.0,1.0,9.0,6.0,289914599.94,229676056.92000002,9.0,4.0,0.0,True,0.45454545454545453,15.0,EXACT
ws-10202,1.0,0.0,0.0,1.0,0.0,45061626.0,24526192.64,1.0,0.0,0.0,False,0.0,1.0,PROBABLE
vdr-11102,1.0,0.0,0.0,0.0,0.0,6610860.0,1077435.0,1.0,0.0,0.0,False,0.0,1.0,PROBABLE
VDR_11201,1.0,0.0,0.0,1.0,0.0,24819643.22,24526192.64,1.0,0.0,0.0,False,0.0,1.0,PROBABLE
lpt-10927,1.0,0.0,1.0,1.0,1.0,24819643.22,24526192.64,1.0,0.0,0.0,False,0.0,1.0,PROBABLE
ws-11670,2.0,1.0,0.0,1.0,2.0,49639286.44,89468652.0,2.0,0.0,0.0,False,0.5,2.0,PROBABLE
WS-12447,11.0,3.0,2.0,4.0,5.0,206043089.66,248353968.2,8.0,3.0,0.0,False,0.2727272727272727,14.0,PROBABLE
WS-10652,5.0,0.0,0.0,2.0,5.0,149351170.64,82119372.48,5.0,2.0,1.0,True,0.0,7.0,EXACT
LPT-12049.corp.local,1.0,1.0,1.0,0.0,1.0,33312909.0,24526192.64,1.0,0.0,0.0,False,1.0,1.0,PROBABLE
WS_11864,2.0,1.0,0.0,1.0,2.0,46497388.22,30462057.0,0.0,0.0,0.0,False,0.5,2.0,PROBABLE
LPT-10993,5.0,0.0,0.0,1.0,3.0,115346032.44,167707694.0,5.0,2.0,1.0,True,0.0,7.0,EXACT
LPT_12888,1.0,0.0,0.0,1.0,1.0,23014113.28,24526192.64,1.0,0.0,0.0,False,0.0,1.0,PROBABLE
WS_11682,3.0,0.0,0.0,1.0,1.0,88000284.82,72366013.28,2.0,0.0,0.0,False,0.0,3.0,PROBABLE
LPT-12547,7.0,1.0,1.0,3.0,4.0,160834436.72,92904888.68,7.0,0.0,0.0,True,0.14285714285714285,7.0,EXACT
VDR_11817,1.0,0.0,0.0,0.0,0.0,21704407.0,2084565.0,1.0,0.0,0.0,False,0.0,1.0,PROBABLE
lpt-10987,2.0,1.0,0.0,1.0,2.0,69062987.0,59948220.0,1.0,0.0,0.0,False,0.5,2.0,PROBABLE
VDR-11636,11.0,0.0,1.0,6.0,5.0,201639507.44,257937928.0,9.0,5.0,0.0,True,0.0,16.0,EXACT
VDR-11642,6.0,1.0,0.0,2.0,2.0,130692836.22,120743430.76,5.0,4.0,1.0,True,0.16666666666666666,10.0,EXACT
VDR-11240,8.0,0.0,1.0,2.0,5.0,194892221.2,184763690.04000002,6.0,2.0,0.0,True,0.0,10.0,EXACT
WS-10730,10.0,4.0,3.0,6.0,6.0,238606906.64,262711403.56,8.0,1.0,0.0,True,0.4,11.0,EXACT
WS-10371,8.0,2.0,0.0,3.0,4.0,207996297.22,167280062.28,7.0,5.0,0.0,True,0.25,13.0,EXACT
WS-11859,2.0,0.0,0.0,1.0,0.0,57618386.64,24005214.16,2.0,2.0,0.0,False,0.0,4.0,PROBABLE
LPT-12990.corp.local,1.0,0.0,0.0,1.0,1.0,33285939.2,24526192.64,1.0,0.0,0.0,False,0.0,1.0,PROBABLE
VDR_11752,1.0,0.0,0.0,0.0,1.0,35331992.0,22323018.0,1.0,0.0,0.0,False,0.0,1.0,PROBABLE
lpt-12547,1.0,0.0,0.0,0.0,1.0,11753357.0,17902183.0,1.0,0.0,0.0,False,0.0,1.0,PROBABLE
lpt-10262,2.0,1.0,0.0,1.0,1.0,8497334.0,57484582.64,1.0,0.0,0.0,False,0.5,2.0,PROBABLE
LPT-10277,7.0,1.0,0.0,3.0,4.0,165554356.44,98958153.2,7.0,1.0,0.0,True,0.14285714285714285,8.0,EXACT
LPT-12314.,0.0,0.0,0.0,0.0,0.0,0.0,0.0,0.0,0.0,0.0,True,0.0,0.0,EXACT
WS-10629,11.0,1.0,1.0,5.0,8.0,303316023.5,317370282.92,10.0,2.0,0.0,True,0.09090909090909091,13.0,EXACT
LPT_10304,1.0,0.0,0.0,0.0,0.0,12539514.88,15529410.56,1.0,0.0,0.0,False,0.0,1.0,PROBABLE
VDR-10484,2.0,0.0,0.0,0.0,1.0,22500645.0,66468574.64,2.0,2.0,1.0,True,0.0,4.0,EXACT
VDR-12706.corp.local,1.0,1.0,0.0,0.0,1.0,16907530.24,35737914.0,1.0,0.0,0.0,False,1.0,1.0,PROBABLE
lpt-12383,1.0,1.0,0.0,1.0,0.0,34833694.72,45260780.0,1.0,0.0,0.0,False,1.0,1.0,PROBABLE
vdr-11419,1.0,0.0,0.0,0.0,0.0,24819643.22,24526192.64,1.0,0.0,0.0,False,0.0,1.0,PROBABLE
VDR-11008,8.0,5.0,1.0,3.0,4.0,221920058.84,143832350.88,8.0,3.0,0.0,True,0.625,11.0,EXACT
ws-11080,3.0,1.0,0.0,2.0,3.0,95561269.53999999,89982065.28,3.0,0.0,0.0,False,0.3333333333333333,3.0,PROBABLE
VDR-10053,6.0,0.0,0.0,3.0,4.0,217609872.44,135446697.28,5.0,4.0,0.0,True,0.0,10.0,EXACT
ws-11844,4.0,2.0,0.0,2.0,2.0,98099002.6,105522123.64,4.0,0.0,0.0,False,0.5,4.0,PROBABLE
vdr-10057,1.0,0.0,0.0,0.0,0.0,24819643.22,48758784.0,1.0,0.0,0.0,False,0.0,1.0,PROBABLE
LPT-12086,4.0,0.0,0.0,1.0,2.0,111477995.16,92097916.24000001,4.0,4.0,0.0,True,0.0,8.0,EXACT
vdr-12557,4.0,1.0,1.0,4.0,3.0,104797798.32,80230371.92,2.0,0.0,0.0,False,0.25,4.0,PROBABLE
WS-10635,7.0,1.0,0.0,5.0,4.0,149212356.24,173230401.95999998,7.0,2.0,0.0,True,0.14285714285714285,9.0,EXACT
WS-12128,6.0,1.0,0.0,3.0,2.0,193293735.48,172770653.4,5.0,2.0,0.0,True,0.16666666666666666,8.0,EXACT
WS-10544,8.0,4.0,1.0,5.0,5.0,218628243.12,171969439.28,6.0,2.0,0.0,True,0.5,10.0,EXACT
WS-12756,5.0,0.0,1.0,3.0,2.0,109153326.22,126890839.64,4.0,2.0,0.0,True,0.0,7.0,EXACT
vdr-12423,2.0,1.0,1.0,1.0,0.0,57899443.22,28730121.64,2.0,0.0,0.0,False,0.5,2.0,PROBABLE
LPT-10490,6.0,2.0,0.0,3.0,2.0,156362396.24,139498282.36,6.0,4.0,0.0,True,0.3333333333333333,10.0,EXACT
WS-10865,4.0,1.0,0.0,3.0,3.0,114329197.82,112438959.64,3.0,1.0,0.0,True,0.25,5.0,EXACT
ws-11706,2.0,0.0,0.0,0.0,0.0,53666106.22,16209959.0,2.0,0.0,0.0,False,0.0,2.0,PROBABLE
VDR-11976.,0.0,0.0,0.0,0.0,0.0,0.0,0.0,0.0,0.0,0.0,True,0.0,0.0,EXACT
LPT-11762,10.0,1.0,1.0,2.0,5.0,278067749.28,235323306.04,10.0,2.0,0.0,True,0.1,12.0,EXACT
WS_11898,1.0,0.0,0.0,0.0,1.0,24819643.22,17102274.56,1.0,0.0,0.0,False,0.0,1.0,PROBABLE
WS-12518,11.0,1.0,1.0,6.0,7.0,199456569.92,247086137.12,11.0,2.0,0.0,True,0.09090909090909091,13.0,EXACT
lpt-11663,1.0,1.0,0.0,1.0,1.0,39284692.0,954100.0,1.0,0.0,0.0,False,1.0,1.0,PROBABLE
lpt-12916,1.0,0.0,0.0,1.0,0.0,44069869.0,24526192.64,1.0,0.0,0.0,False,0.0,1.0,PROBABLE
WS-11069,13.0,1.0,1.0,9.0,6.0,351545704.8,285346307.28,9.0,6.0,1.0,True,0.07692307692307693,19.0,EXACT
ws-11448,3.0,0.0,1.0,1.0,0.0,88300963.48,95198594.0,3.0,0.0,0.0,False,0.0,3.0,PROBABLE
WS-12601,7.0,2.0,2.0,5.0,3.0,190411515.66,217636961.16,6.0,3.0,0.0,True,0.2857142857142857,10.0,EXACT
VDR-12076,5.0,2.0,0.0,1.0,1.0,136450868.66,121355267.92,5.0,1.0,0.0,True,0.4,6.0,EXACT
lpt-12298,2.0,1.0,0.0,1.0,1.0,36827046.739999995,85035794.0,2.0,0.0,0.0,False,0.5,2.0,PROBABLE
VDR-12527,7.0,0.0,0.0,5.0,3.0,219860273.92,219313568.84,7.0,2.0,0.0,True,0.0,9.0,EXACT
WS-12256,1.0,0.0,0.0,0.0,0.0,4659640.32,33218131.0,1.0,2.0,0.0,True,0.0,3.0,EXACT
lpt-12643,2.0,1.0,0.0,1.0,1.0,40497785.22,51529878.64,1.0,0.0,0.0,False,0.5,2.0,PROBABLE
WS-11553.,0.0,0.0,0.0,0.0,0.0,0.0,0.0,0.0,0.0,0.0,True,0.0,0.0,EXACT
VDR-11014,6.0,3.0,0.0,5.0,3.0,128691137.44,151735394.92000002,6.0,0.0,0.0,True,0.5,6.0,EXACT
ws-12938,1.0,0.0,0.0,0.0,0.0,49814667.0,24526192.64,1.0,0.0,0.0,False,0.0,1.0,PROBABLE
VDR_11253,1.0,1.0,0.0,0.0,1.0,20335633.0,22075213.0,1.0,0.0,0.0,False,1.0,1.0,PROBABLE
LPT-11054.,0.0,0.0,0.0,0.0,0.0,0.0,0.0,0.0,0.0,0.0,True,0.0,0.0,EXACT
WS-12596,6.0,3.0,1.0,3.0,2.0,128318937.62,159828830.88,4.0,3.0,0.0,True,0.5,9.0,EXACT
VDR-12934,8.0,4.0,1.0,7.0,3.0,194203469.51999998,142959630.52,8.0,1.0,0.0,True,0.5,9.0,EXACT
VDR-10990,4.0,0.0,0.0,3.0,2.0,100229977.0,113452752.84,3.0,1.0,0.0,True,0.0,5.0,EXACT
lpt-12000,6.0,1.0,0.0,5.0,4.0,160277930.9,187425654.12,6.0,0.0,0.0,False,0.16666666666666666,6.0,PROBABLE
WS-12164.corp.local,2.0,1.0,0.0,1.0,1.0,68498709.16,36688050.64,2.0,0.0,0.0,False,0.5,2.0,PROBABLE
WS-10893,10.0,4.0,1.0,2.0,5.0,259153175.14,201206243.2,8.0,3.0,1.0,True,0.4,13.0,EXACT
WS-11430.corp.local,1.0,0.0,0.0,1.0,0.0,33662676.0,24526192.64,1.0,0.0,0.0,False,0.0,1.0,PROBABLE
WS-12048,7.0,1.0,0.0,1.0,2.0,171879501.36,160581233.44,6.0,1.0,0.0,True,0.14285714285714285,8.0,EXACT
LPT-10420,9.0,1.0,1.0,2.0,4.0,228682172.68,309626732.64,9.0,7.0,0.0,True,0.1111111111111111,16.0,EXACT
vdr-12857,1.0,0.0,1.0,1.0,1.0,34890775.0,24526192.64,1.0,0.0,0.0,False,0.0,1.0,PROBABLE
ws-10412,1.0,0.0,0.0,0.0,0.0,2091928.0,1012018.0,1.0,0.0,0.0,False,0.0,1.0,PROBABLE
VDR-12032,4.0,3.0,1.0,4.0,1.0,86677961.25999999,105237077.28,3.0,0.0,0.0,True,0.75,4.0,EXACT
VDR-10504,8.0,2.0,0.0,1.0,2.0,154030008.44,208391714.44,6.0,5.0,0.0,True,0.25,13.0,EXACT
LPT_12086,1.0,0.0,0.0,1.0,1.0,458313.0,13061718.0,1.0,0.0,0.0,False,0.0,1.0,PROBABLE
lpt-12572,2.0,0.0,0.0,2.0,1.0,49639286.44,49052385.28,0.0,0.0,0.0,False,0.0,2.0,PROBABLE
vdr-12278,2.0,1.0,0.0,2.0,0.0,33643496.4,19601196.28,2.0,0.0,0.0,False,0.5,2.0,PROBABLE
VDR-12638,9.0,4.0,0.0,5.0,4.0,192904431.8,283077783.04,5.0,2.0,0.0,True,0.4444444444444444,11.0,EXACT
WS-10369,6.0,0.0,2.0,2.0,3.0,146459223.66,158724829.52,5.0,1.0,0.0,True,0.0,7.0,EXACT
LPT-10589,4.0,0.0,0.0,3.0,3.0,91743863.38,97413142.64,4.0,1.0,0.0,True,0.0,5.0,EXACT
VDR-10485.corp.local,1.0,0.0,0.0,0.0,0.0,29404963.0,8458745.0,1.0,0.0,0.0,False,0.0,1.0,PROBABLE
LPT-12645.corp.local,1.0,1.0,0.0,0.0,0.0,24819643.22,40668762.0,1.0,0.0,0.0,False,1.0,1.0,PROBABLE
VDR-11083,8.0,1.0,1.0,6.0,2.0,176368061.04,104659684.28,7.0,3.0,0.0,True,0.125,11.0,EXACT
lpt-11133,2.0,0.0,0.0,1.0,1.0,47534025.0,49052385.28,2.0,0.0,0.0,False,0.0,2.0,PROBABLE
WS-11456,6.0,0.0,1.0,4.0,6.0,173019582.74,95476337.12,5.0,2.0,0.0,True,0.0,8.0,EXACT
WS-10844.,0.0,0.0,0.0,0.0,0.0,0.0,0.0,0.0,0.0,0.0,True,0.0,0.0,EXACT
lpt-12508,2.0,0.0,0.0,2.0,1.0,52158620.88,47434162.64,2.0,0.0,0.0,False,0.0,2.0,PROBABLE
VDR-10135,5.0,2.0,0.0,2.0,4.0,173886895.44,112293459.64,5.0,3.0,0.0,True,0.4,8.0,EXACT
VDR-10703,9.0,3.0,1.0,5.0,5.0,215927135.56,212849216.72,7.0,2.0,0.0,True,0.3333333333333333,11.0,EXACT
VDR-12405,4.0,0.0,0.0,2.0,3.0,115409496.18,73288445.28,1.0,2.0,0.0,True,0.0,6.0,EXACT
VDR-11684,9.0,2.0,1.0,2.0,5.0,241305325.28,224428442.92000002,8.0,0.0,0.0,True,0.2222222222222222,9.0,EXACT
VDR-11121,4.0,0.0,0.0,1.0,3.0,90357295.4,101523912.92,2.0,1.0,1.0,True,0.0,5.0,EXACT
WS_10256,1.0,0.0,0.0,0.0,1.0,40807480.0,20211007.0,1.0,0.0,0.0,False,0.0,1.0,PROBABLE
WS-10307,10.0,2.0,2.0,4.0,5.0,245387232.54,276770338.96,6.0,6.0,0.0,True,0.2,16.0,EXACT
vdr-10192,1.0,0.0,0.0,1.0,0.0,35699181.0,19807246.0,1.0,0.0,0.0,False,0.0,1.0,PROBABLE
LPT-12086.corp.local,3.0,3.0,0.0,0.0,2.0,55008146.26,43177896.64,2.0,0.0,0.0,False,1.0,3.0,PROBABLE
WS-10242,10.0,2.0,0.0,7.0,4.0,252562687.88,247147237.92000002,8.0,1.0,0.0,True,0.2,11.0,EXACT
LPT_12298,1.0,0.0,0.0,0.0,1.0,24819643.22,34340864.0,1.0,0.0,0.0,False,0.0,1.0,PROBABLE
VDR_10237,1.0,0.0,0.0,0.0,0.0,24819643.22,24526192.64,1.0,0.0,0.0,False,0.0,1.0,PROBABLE
ws-10683,2.0,1.0,0.0,2.0,1.0,52483047.0,40152077.0,1.0,0.0,0.0,False,0.5,2.0,PROBABLE
LPT_10383,1.0,0.0,0.0,1.0,1.0,24819643.22,21076652.0,1.0,0.0,0.0,False,0.0,1.0,PROBABLE
vdr-10260,2.0,0.0,0.0,1.0,2.0,46677032.22,71273550.0,2.0,0.0,0.0,False,0.0,2.0,PROBABLE
VDR-11001,4.0,1.0,0.0,2.0,3.0,81271662.03999999,70307834.96,4.0,1.0,0.0,True,0.25,5.0,EXACT
LPT-12323.corp.local,1.0,0.0,0.0,1.0,1.0,47553144.0,11902574.0,1.0,0.0,0.0,False,0.0,1.0,PROBABLE
lpt-12099,1.0,0.0,1.0,0.0,0.0,34309304.0,44324656.0,1.0,0.0,0.0,False,0.0,1.0,PROBABLE
VDR-10108.corp.local,2.0,0.0,0.0,1.0,0.0,70623150.08,47968308.64,2.0,0.0,0.0,False,0.0,2.0,PROBABLE
VDR-12218,7.0,0.0,2.0,3.0,2.0,188666525.98,135984113.88,7.0,5.0,1.0,True,0.0,12.0,EXACT
WS-12698,10.0,2.0,0.0,6.0,4.0,254779575.8,275068068.08,9.0,4.0,1.0,True,0.2,14.0,EXACT
WS_12909,1.0,0.0,0.0,1.0,0.0,24819643.22,24526192.64,1.0,0.0,0.0,False,0.0,1.0,PROBABLE
WS_12515,1.0,0.0,0.0,1.0,0.0,15966922.0,29558589.0,1.0,0.0,0.0,False,0.0,1.0,PROBABLE
ws-12409,2.0,1.0,0.0,2.0,0.0,63457038.68,28611689.36,2.0,0.0,0.0,False,0.5,2.0,PROBABLE
ws-10214,4.0,2.0,0.0,3.0,2.0,101791001.44,93767659.28,4.0,0.0,0.0,False,0.5,4.0,PROBABLE
LPT_10987,1.0,0.0,0.0,1.0,0.0,24819643.22,19178455.04,0.0,0.0,0.0,False,0.0,1.0,PROBABLE
LPT-10439,7.0,0.0,2.0,3.0,5.0,141006720.42000002,172404252.84,6.0,5.0,0.0,False,0.0,12.0,PROBABLE
lpt-11593,2.0,0.0,0.0,1.0,1.0,35950352.22,93996434.0,2.0,0.0,0.0,False,0.0,2.0,PROBABLE
lpt-12183,1.0,0.0,0.0,1.0,0.0,8530954.24,40172083.2,1.0,0.0,0.0,False,0.0,1.0,PROBABLE
WS_11381,1.0,0.0,0.0,1.0,1.0,3798906.88,40261898.24,1.0,0.0,0.0,False,0.0,1.0,PROBABLE
ws-10263,2.0,1.0,0.0,0.0,2.0,50767806.22,28937226.24,2.0,0.0,0.0,False,0.5,2.0,PROBABLE
LPT-12425,6.0,3.0,0.0,2.0,0.0,139212664.44,142182244.2,5.0,2.0,1.0,True,0.5,8.0,EXACT
WS-12392.corp.local,2.0,0.0,0.0,0.0,1.0,49639286.44,65954543.64,2.0,0.0,0.0,False,0.0,2.0,PROBABLE
WS_11565,1.0,0.0,0.0,1.0,0.0,34313949.0,35816029.0,1.0,0.0,0.0,False,0.0,1.0,PROBABLE
LPT-11918.corp.local,1.0,0.0,0.0,0.0,0.0,24928092.0,24526192.64,1.0,0.0,0.0,False,0.0,1.0,PROBABLE
WS-12283.corp.local,1.0,0.0,0.0,0.0,1.0,32001227.0,41469786.0,1.0,0.0,0.0,False,0.0,1.0,PROBABLE
WS-12592,7.0,1.0,2.0,1.0,4.0,158374168.66,155390348.92000002,6.0,1.0,0.0,True,0.14285714285714285,8.0,EXACT
LPT_11226,1.0,0.0,0.0,0.0,0.0,20465066.0,1110937.0,1.0,0.0,0.0,False,0.0,1.0,PROBABLE
WS-10201,10.0,1.0,1.0,5.0,8.0,228521498.78,245057309.44,10.0,1.0,0.0,True,0.1,11.0,EXACT
LPT-10881.corp.local,2.0,0.0,0.0,1.0,2.0,52161199.22,38786635.64,1.0,0.0,0.0,False,0.0,2.0,PROBABLE
WS_11613,1.0,1.0,0.0,0.0,0.0,25663518.72,10864175.0,1.0,0.0,0.0,False,1.0,1.0,PROBABLE
VDR-11559,5.0,1.0,0.0,4.0,4.0,115717714.44,99730850.36,5.0,1.0,1.0,True,0.2,6.0,EXACT
VDR_10919,1.0,0.0,0.0,1.0,0.0,28488198.0,24526192.64,1.0,0.0,0.0,False,0.0,1.0,PROBABLE
VDR-11298,3.0,0.0,0.0,2.0,2.0,89591435.22,92091675.64,3.0,2.0,0.0,True,0.0,5.0,EXACT
LPT-10409.corp.local,1.0,0.0,0.0,0.0,0.0,39967155.0,19880171.52,1.0,0.0,0.0,False,0.0,1.0,PROBABLE
ws-12385,2.0,0.0,0.0,1.0,1.0,32893678.419999998,70147587.64,2.0,0.0,0.0,False,0.0,2.0,PROBABLE
LPT_11025,2.0,0.0,0.0,2.0,2.0,55322897.22,39681667.0,2.0,0.0,0.0,False,0.0,2.0,PROBABLE
LPT-11825.,0.0,0.0,0.0,0.0,0.0,0.0,0.0,0.0,0.0,0.0,True,0.0,0.0,EXACT
WS_12125,2.0,1.0,0.0,1.0,0.0,54839030.22,31182916.64,2.0,0.0,0.0,False,0.5,2.0,PROBABLE
LPT-10259.corp.local,1.0,0.0,0.0,1.0,1.0,9953228.0,24526192.64,1.0,0.0,0.0,False,0.0,1.0,PROBABLE
LPT-11183,6.0,2.0,2.0,3.0,3.0,145499195.4,180440006.64,6.0,0.0,0.0,False,0.3333333333333333,6.0,PROBABLE
VDR_12856,1.0,0.0,0.0,0.0,0.0,48914744.0,24526192.64,1.0,0.0,0.0,False,0.0,1.0,PROBABLE
WS-10699,5.0,1.0,2.0,1.0,3.0,111501549.53999999,103169168.64,3.0,3.0,0.0,True,0.2,8.0,EXACT
vdr-11991,1.0,0.0,0.0,0.0,0.0,24819643.22,24526192.64,1.0,0.0,0.0,False,0.0,1.0,PROBABLE
VDR_10457,2.0,0.0,0.0,0.0,0.0,62757690.0,47929359.64,2.0,0.0,0.0,False,0.0,2.0,PROBABLE
ws-12417,2.0,0.0,0.0,1.0,1.0,68115013.22,62378014.72,2.0,0.0,0.0,False,0.0,2.0,PROBABLE
LPT_10374,1.0,1.0,0.0,0.0,1.0,24819643.22,24526192.64,1.0,0.0,0.0,False,1.0,1.0,PROBABLE
WS_10265,1.0,0.0,0.0,1.0,0.0,24819643.22,39522478.08,1.0,0.0,0.0,False,0.0,1.0,PROBABLE
VDR-10597.corp.local,1.0,0.0,0.0,0.0,0.0,26756130.0,4926384.0,1.0,0.0,0.0,False,0.0,1.0,PROBABLE
vdr-12500,1.0,1.0,0.0,0.0,1.0,24819643.22,45765973.0,1.0,0.0,0.0,False,1.0,1.0,PROBABLE
WS-11648,7.0,1.0,0.0,5.0,4.0,181236656.82,131452529.44,7.0,3.0,0.0,True,0.14285714285714285,10.0,EXACT
WS-12774,8.0,1.0,1.0,3.0,3.0,234663489.84,232406688.0,7.0,8.0,0.0,False,0.125,16.0,PROBABLE
ws-12176,1.0,1.0,0.0,0.0,0.0,47904754.0,34993806.0,1.0,0.0,0.0,False,1.0,1.0,PROBABLE
ws-11997,1.0,0.0,0.0,0.0,1.0,24819643.22,11221370.88,1.0,0.0,0.0,False,0.0,1.0,PROBABLE
WS-10219,6.0,4.0,1.0,3.0,5.0,170193311.66,111549094.92,5.0,2.0,0.0,True,0.6666666666666666,8.0,EXACT
VDR-10222.corp.local,1.0,0.0,0.0,1.0,0.0,13841203.2,10370641.92,1.0,0.0,0.0,False,0.0,1.0,PROBABLE
VDR_11632,1.0,0.0,0.0,1.0,1.0,24819643.22,24526192.64,0.0,0.0,0.0,False,0.0,1.0,PROBABLE
VDR-12181,8.0,2.0,0.0,4.0,4.0,121273452.32,242493069.0,6.0,2.0,1.0,True,0.25,10.0,EXACT
lpt-12506,1.0,0.0,0.0,0.0,1.0,41509023.0,34206454.0,1.0,0.0,0.0,False,0.0,1.0,PROBABLE
WS-11761.corp.local,1.0,0.0,0.0,1.0,0.0,24819643.22,24526192.64,1.0,0.0,0.0,False,0.0,1.0,PROBABLE
LPT_12805,1.0,0.0,0.0,0.0,1.0,21919529.0,24526192.64,1.0,0.0,0.0,False,0.0,1.0,PROBABLE
VDR-11421.corp.local,1.0,1.0,0.0,0.0,0.0,26279834.0,30789815.0,1.0,0.0,0.0,False,1.0,1.0,PROBABLE
WS-10982.,0.0,0.0,0.0,0.0,0.0,0.0,0.0,0.0,0.0,0.0,True,0.0,0.0,EXACT
vdr-12976,1.0,1.0,0.0,1.0,1.0,24819643.22,24526192.64,1.0,0.0,0.0,False,1.0,1.0,PROBABLE
LPT-11637,4.0,2.0,0.0,3.0,2.0,65708622.62,120351444.36,4.0,3.0,1.0,True,0.5,7.0,EXACT
VDR-10585.corp.local,1.0,0.0,0.0,1.0,1.0,24819643.22,24526192.64,1.0,0.0,0.0,False,0.0,1.0,PROBABLE
VDR-10613,8.0,2.0,1.0,1.0,5.0,211303634.22,215071869.07999998,6.0,5.0,1.0,False,0.25,13.0,PROBABLE
LPT-11290,5.0,0.0,0.0,1.0,4.0,93072229.19999999,101543180.6,5.0,4.0,1.0,False,0.0,9.0,PROBABLE
VDR-11815,7.0,1.0,2.0,3.0,3.0,170012757.96,151554518.56,7.0,6.0,1.0,True,0.14285714285714285,13.0,EXACT
WS-10530.,0.0,0.0,0.0,0.0,0.0,0.0,0.0,0.0,0.0,0.0,True,0.0,0.0,EXACT
VDR-12588,8.0,2.0,0.0,4.0,4.0,266146133.94,210871956.32,7.0,4.0,0.0,True,0.25,12.0,EXACT
WS-11722,8.0,1.0,1.0,5.0,6.0,252590653.57999998,200456623.6,7.0,2.0,1.0,False,0.125,10.0,PROBABLE
LPT-10390.corp.local,1.0,0.0,0.0,1.0,1.0,24819643.22,24526192.64,1.0,0.0,0.0,False,0.0,1.0,PROBABLE
VDR_10758,1.0,0.0,0.0,1.0,1.0,1254518.0,16244062.0,1.0,0.0,0.0,False,0.0,1.0,PROBABLE
ws-10786,1.0,0.0,0.0,1.0,1.0,23922223.0,7243356.16,1.0,0.0,0.0,False,0.0,1.0,PROBABLE
VDR_10010,1.0,0.0,0.0,0.0,1.0,43567934.0,24526192.64,1.0,0.0,0.0,False,0.0,1.0,PROBABLE
WS-10518,7.0,2.0,0.0,5.0,4.0,173654596.57999998,155577524.52,7.0,1.0,0.0,True,0.2857142857142857,8.0,EXACT
LPT-11246,10.0,3.0,1.0,7.0,5.0,255772479.84,286250959.12,9.0,6.0,1.0,True,0.3,16.0,EXACT
lpt-11011,1.0,0.0,0.0,0.0,0.0,33029976.0,24526192.64,1.0,0.0,0.0,False,0.0,1.0,PROBABLE
LPT-11129,6.0,1.0,0.0,4.0,4.0,191191803.38,149773080.64,5.0,0.0,0.0,False,0.16666666666666666,6.0,PROBABLE
LPT-11825,8.0,4.0,1.0,7.0,1.0,203358001.51999998,282373503.08,8.0,4.0,0.0,False,0.5,12.0,PROBABLE
VDR_10723,1.0,0.0,1.0,0.0,0.0,13809883.0,22535385.0,1.0,0.0,0.0,False,0.0,1.0,PROBABLE
WS-10610,2.0,1.0,0.0,2.0,0.0,49639286.44,64985416.0,2.0,2.0,1.0,True,0.5,4.0,EXACT
WS_12929,2.0,2.0,0.0,2.0,2.0,56703913.22,23161463.0,2.0,0.0,0.0,False,1.0,2.0,PROBABLE
vdr-11622,2.0,0.0,0.0,2.0,0.0,74095572.0,13371815.0,1.0,0.0,0.0,False,0.0,2.0,PROBABLE
VDR_10218,1.0,0.0,0.0,1.0,1.0,27178488.0,5892096.0,1.0,0.0,0.0,False,0.0,1.0,PROBABLE
LPT_12735,2.0,0.0,0.0,2.0,1.0,24909336.22,33355336.0,1.0,0.0,0.0,False,0.0,2.0,PROBABLE
VDR-11916,5.0,0.0,0.0,3.0,2.0,162371956.36,121472810.75999999,5.0,5.0,0.0,True,0.0,10.0,EXACT
lpt-12685,1.0,0.0,0.0,1.0,1.0,33291510.0,32338299.0,1.0,0.0,0.0,False,0.0,1.0,PROBABLE
ws-12350,1.0,0.0,0.0,1.0,1.0,24819643.22,41148111.0,0.0,0.0,0.0,False,0.0,1.0,PROBABLE
WS_10998,1.0,0.0,0.0,1.0,1.0,25530108.0,26653095.0,1.0,0.0,0.0,False,0.0,1.0,PROBABLE
LPT-10030,5.0,2.0,0.0,1.0,2.0,133601819.82,133459507.03999999,4.0,1.0,1.0,True,0.4,6.0,EXACT
LPT-10985.corp.local,1.0,0.0,0.0,0.0,0.0,24102692.0,35199150.0,1.0,0.0,0.0,False,0.0,1.0,PROBABLE
VDR-12090,8.0,2.0,0.0,6.0,2.0,224167214.82,243141882.88,8.0,0.0,0.0,True,0.25,8.0,EXACT
LPT-12211,8.0,4.0,0.0,5.0,2.0,260264728.84,145485253.92000002,7.0,2.0,0.0,False,0.5,10.0,PROBABLE
LPT-11183.corp.local,1.0,0.0,0.0,1.0,1.0,37800842.0,9290082.0,1.0,0.0,0.0,False,0.0,1.0,PROBABLE
WS-10411,4.0,2.0,1.0,1.0,0.0,96681506.25999999,73706062.28,4.0,3.0,0.0,True,0.5,7.0,EXACT
WS-12667,12.0,2.0,0.0,5.0,9.0,299888043.06,286429165.24,12.0,2.0,0.0,True,0.16666666666666666,14.0,EXACT
WS-12136,2.0,1.0,0.0,2.0,1.0,16501651.72,49052385.28,2.0,0.0,0.0,True,0.5,2.0,EXACT
VDR-10291.corp.local,1.0,0.0,0.0,0.0,1.0,36476282.88,35763748.0,0.0,0.0,0.0,False,0.0,1.0,PROBABLE
VDR-12278,3.0,0.0,0.0,2.0,0.0,30584787.8,79852043.4,2.0,0.0,0.0,True,0.0,3.0,EXACT
ws-11850,3.0,1.0,0.0,3.0,1.0,99062550.44,95168695.64,1.0,0.0,0.0,False,0.3333333333333333,3.0,PROBABLE
VDR-11157.corp.local,3.0,0.0,0.0,0.0,2.0,55335273.24,74069085.64,1.0,0.0,0.0,False,0.0,3.0,PROBABLE
WS-11347.corp.local,1.0,0.0,0.0,1.0,0.0,9157724.0,24526192.64,1.0,0.0,0.0,False,0.0,1.0,PROBABLE
lpt-10258,2.0,0.0,0.0,2.0,1.0,49639286.44,73785651.64,2.0,0.0,0.0,False,0.0,2.0,PROBABLE
WS-10873.corp.local,1.0,0.0,0.0,1.0,1.0,17137885.0,15027444.0,0.0,0.0,0.0,False,0.0,1.0,PROBABLE
vdr-12400,1.0,0.0,0.0,0.0,0.0,24819643.22,36167216.0,1.0,0.0,0.0,False,0.0,1.0,PROBABLE
ws-10625,1.0,0.0,0.0,1.0,0.0,9136127.0,24526192.64,1.0,0.0,0.0,False,0.0,1.0,PROBABLE
WS_12406,1.0,0.0,0.0,1.0,0.0,29373517.0,15977171.0,1.0,0.0,0.0,False,0.0,1.0,PROBABLE
VDR-10350,6.0,0.0,0.0,4.0,2.0,130961346.66,165166211.56,6.0,5.0,0.0,True,0.0,11.0,EXACT
LPT-12132.corp.local,1.0,0.0,0.0,1.0,0.0,14503221.0,24526192.64,1.0,0.0,0.0,False,0.0,1.0,PROBABLE
LPT-11780,5.0,1.0,1.0,3.0,3.0,129254073.22,142470197.64,5.0,0.0,0.0,False,0.2,5.0,PROBABLE
vdr-10147,3.0,1.0,0.0,2.0,2.0,35168761.9,76883501.0,3.0,0.0,0.0,False,0.3333333333333333,3.0,PROBABLE
vdr-10796,1.0,0.0,0.0,0.0,1.0,47618600.96,20604383.0,1.0,0.0,0.0,False,0.0,1.0,PROBABLE
WS_12866,1.0,1.0,0.0,0.0,1.0,42074061.0,18442914.0,1.0,0.0,0.0,False,1.0,1.0,PROBABLE
lpt-12670,3.0,0.0,0.0,1.0,2.0,83605500.44,65433400.44,3.0,0.0,0.0,False,0.0,3.0,PROBABLE
LPT-12380,7.0,0.0,1.0,3.0,2.0,217748171.66,225728548.92000002,6.0,1.0,0.0,True,0.0,8.0,EXACT
ws-12533,2.0,1.0,0.0,1.0,0.0,73559801.22,50181946.64,2.0,0.0,0.0,False,0.5,2.0,PROBABLE
WS_10073,2.0,1.0,0.0,2.0,0.0,43851250.32,29669719.0,2.0,0.0,0.0,False,0.5,2.0,PROBABLE
lpt-12787,2.0,1.0,0.0,1.0,1.0,39211763.22,65553659.0,1.0,0.0,0.0,False,0.5,2.0,PROBABLE
ws-11595,1.0,0.0,0.0,1.0,1.0,24819643.22,40055693.0,0.0,0.0,0.0,False,0.0,1.0,PROBABLE
VDR_10983,1.0,0.0,0.0,1.0,0.0,27926150.0,24526192.64,1.0,0.0,0.0,False,0.0,1.0,PROBABLE
WS-11530,7.0,3.0,0.0,2.0,3.0,133811823.22,144327139.92000002,6.0,3.0,0.0,True,0.42857142857142855,10.0,EXACT
WS-10063.corp.local,2.0,1.0,0.0,1.0,1.0,32202310.22,15037346.8,2.0,0.0,0.0,False,0.5,2.0,PROBABLE
lpt-10428,1.0,0.0,0.0,1.0,1.0,24819643.22,21789002.0,1.0,0.0,0.0,False,0.0,1.0,PROBABLE
LPT-11956,6.0,0.0,0.0,4.0,3.0,143754834.44,145325856.92000002,6.0,1.0,1.0,True,0.0,7.0,EXACT
LPT-10333.corp.local,1.0,1.0,0.0,1.0,1.0,39653624.0,23505697.0,1.0,0.0,0.0,False,1.0,1.0,PROBABLE
VDR-10783,14.0,1.0,0.0,7.0,6.0,359228788.38,444835522.52,12.0,1.0,0.0,True,0.07142857142857142,15.0,EXACT
vdr-10012,2.0,0.0,0.0,1.0,2.0,57163709.22,28251238.4,2.0,0.0,0.0,False,0.0,2.0,PROBABLE
VDR-12180,9.0,2.0,0.0,3.0,7.0,176920523.56,179888954.96,8.0,2.0,0.0,True,0.2222222222222222,11.0,EXACT
ws-11876,5.0,1.0,0.0,1.0,3.0,67327286.1,128577371.64,3.0,0.0,0.0,False,0.2,5.0,PROBABLE
LPT_12517,1.0,0.0,0.0,1.0,0.0,25962169.0,41476063.0,1.0,0.0,0.0,False,0.0,1.0,PROBABLE
WS-10344,7.0,1.0,0.0,4.0,5.0,142039908.95999998,137450307.56,6.0,2.0,0.0,True,0.14285714285714285,9.0,EXACT
WS-12320.corp.local,1.0,1.0,0.0,1.0,1.0,27462651.0,5933636.0,1.0,0.0,0.0,False,1.0,1.0,PROBABLE
VDR-11811,10.0,4.0,1.0,2.0,3.0,260261229.66,223328038.92000002,9.0,3.0,1.0,False,0.4,13.0,PROBABLE
ws-10866,1.0,0.0,0.0,0.0,1.0,49144501.0,24526192.64,1.0,0.0,0.0,False,0.0,1.0,PROBABLE
ws-10243,2.0,1.0,0.0,1.0,1.0,30449819.52,32261494.64,2.0,0.0,0.0,False,0.5,2.0,PROBABLE
LPT-11285,4.0,1.0,0.0,4.0,1.0,136685037.84,103672751.64,3.0,3.0,0.0,False,0.25,7.0,PROBABLE
VDR-12335,8.0,2.0,0.0,6.0,3.0,237975412.32,164806089.32,6.0,4.0,0.0,False,0.25,12.0,PROBABLE
WS-12950,7.0,2.0,1.0,2.0,4.0,110119516.44,96072146.6,7.0,6.0,1.0,True,0.2857142857142857,13.0,EXACT
lpt-11568,1.0,0.0,0.0,1.0,1.0,10378315.0,24526192.64,1.0,0.0,0.0,False,0.0,1.0,PROBABLE
WS_10219,1.0,1.0,0.0,0.0,1.0,24819643.22,7759837.0,1.0,0.0,0.0,False,1.0,1.0,PROBABLE
vdr-12543,1.0,0.0,1.0,1.0,1.0,43714502.0,40586278.0,1.0,0.0,0.0,False,0.0,1.0,PROBABLE
WS-12460,1.0,0.0,0.0,0.0,1.0,2694539.0,24526192.64,1.0,1.0,0.0,True,0.0,2.0,EXACT
VDR_10142,2.0,0.0,0.0,1.0,2.0,37130077.0,49052385.28,2.0,0.0,0.0,False,0.0,2.0,PROBABLE
LPT-10738.corp.local,1.0,1.0,0.0,1.0,0.0,24819643.22,17364253.0,1.0,0.0,0.0,False,1.0,1.0,PROBABLE
LPT_11978,1.0,1.0,0.0,0.0,0.0,19022422.0,24526192.64,1.0,0.0,0.0,False,1.0,1.0,PROBABLE
LPT-12228,8.0,2.0,1.0,3.0,5.0,180738528.14,127636143.88,8.0,2.0,0.0,True,0.25,10.0,EXACT
lpt-11470,2.0,0.0,0.0,0.0,0.0,69929382.74000001,35999989.0,2.0,0.0,0.0,False,0.0,2.0,PROBABLE
VDR-12526,12.0,2.0,1.0,6.0,6.0,236708781.48,339338877.4,12.0,4.0,0.0,False,0.16666666666666666,16.0,PROBABLE
VDR-12177,5.0,1.0,0.0,3.0,2.0,125789158.18,130679930.88,4.0,0.0,0.0,True,0.2,5.0,EXACT
LPT-10409,3.0,0.0,1.0,2.0,1.0,54782675.44,65324074.64,2.0,0.0,0.0,False,0.0,3.0,PROBABLE
WS_11505,2.0,0.0,1.0,0.0,1.0,61396121.52,38580752.0,1.0,0.0,0.0,False,0.0,2.0,PROBABLE
WS_11612,2.0,1.0,1.0,1.0,2.0,57459807.06,9713394.6,2.0,0.0,0.0,False,0.5,2.0,PROBABLE
VDR-11056.corp.local,1.0,0.0,0.0,0.0,1.0,24819643.22,24526192.64,1.0,0.0,0.0,False,0.0,1.0,PROBABLE
vdr-10658,2.0,1.0,0.0,1.0,0.0,77514507.0,49052385.28,2.0,0.0,0.0,False,0.5,2.0,PROBABLE
WS-11461.corp.local,1.0,0.0,0.0,1.0,1.0,12698255.36,31022714.0,1.0,0.0,0.0,False,0.0,1.0,PROBABLE
WS-11063,4.0,1.0,2.0,1.0,3.0,111097498.0,134783939.44,4.0,4.0,1.0,True,0.25,8.0,EXACT
WS_11139,1.0,0.0,0.0,1.0,0.0,16897210.0,15857453.0,1.0,0.0,0.0,False,0.0,1.0,PROBABLE
vdr-12148,4.0,1.0,1.0,3.0,2.0,62964233.22,115080805.0,3.0,0.0,0.0,False,0.25,4.0,PROBABLE
lpt-11792,1.0,0.0,1.0,1.0,1.0,38485944.32,43316203.0,1.0,0.0,0.0,False,0.0,1.0,PROBABLE
WS-11725.,0.0,0.0,0.0,0.0,0.0,0.0,0.0,0.0,0.0,0.0,True,0.0,0.0,EXACT
WS-10324.corp.local,1.0,1.0,0.0,0.0,0.0,49789805.0,24526192.64,1.0,0.0,0.0,False,1.0,1.0,PROBABLE
LPT_11376,3.0,2.0,0.0,2.0,0.0,92550899.96000001,79965668.72,3.0,0.0,0.0,False,0.6666666666666666,3.0,PROBABLE
ws-10687,1.0,0.0,0.0,0.0,0.0,33699942.0,24526192.64,0.0,0.0,0.0,False,0.0,1.0,PROBABLE
WS_11799,1.0,0.0,0.0,0.0,1.0,34914464.0,29169955.0,1.0,0.0,0.0,False,0.0,1.0,PROBABLE
WS_12472,1.0,1.0,0.0,1.0,0.0,16444200.96,24526192.64,1.0,0.0,0.0,False,1.0,1.0,PROBABLE
ws-10995,5.0,1.0,1.0,3.0,4.0,133638264.03999999,142680227.96,4.0,0.0,0.0,False,0.2,5.0,PROBABLE
LPT_11573,1.0,0.0,0.0,0.0,1.0,26187194.0,24526192.64,1.0,0.0,0.0,False,0.0,1.0,PROBABLE
ws-11139,1.0,1.0,0.0,1.0,1.0,24932689.92,45796973.0,1.0,0.0,0.0,False,1.0,1.0,PROBABLE
LPT-11619,8.0,0.0,0.0,4.0,4.0,170616345.2,219052795.36,7.0,4.0,0.0,True,0.0,12.0,EXACT
LPT-11134.corp.local,2.0,1.0,0.0,1.0,0.0,18373589.76,56130273.28,2.0,0.0,0.0,False,0.5,2.0,PROBABLE
LPT-10401,8.0,3.0,0.0,3.0,1.0,202590494.5,215953461.6,7.0,1.0,1.0,True,0.375,9.0,EXACT
WS-11809,12.0,1.0,3.0,8.0,6.0,360642068.15999997,266806194.07999998,10.0,0.0,0.0,True,0.08333333333333333,12.0,EXACT
WS-12910,8.0,1.0,1.0,4.0,5.0,200788752.28,179846007.64,7.0,0.0,0.0,True,0.125,8.0,EXACT
WS-10515,8.0,1.0,1.0,3.0,3.0,177085858.42,139481210.64,8.0,3.0,0.0,True,0.125,11.0,EXACT
LPT-11034,10.0,1.0,0.0,3.0,5.0,260919119.46,235966195.16,10.0,3.0,0.0,True,0.1,13.0,EXACT
WS-11372.,0.0,0.0,0.0,0.0,0.0,0.0,0.0,0.0,0.0,0.0,True,0.0,0.0,EXACT
ws-10272,1.0,0.0,0.0,1.0,1.0,18475660.0,4028221.44,1.0,0.0,0.0,False,0.0,1.0,PROBABLE
ws-11562,4.0,0.0,0.0,2.0,2.0,75267366.76,109662052.67999999,2.0,0.0,0.0,False,0.0,4.0,PROBABLE
vdr-11765,1.0,0.0,0.0,0.0,1.0,11252259.0,24526192.64,1.0,0.0,0.0,False,0.0,1.0,PROBABLE
ws-12244,2.0,0.0,0.0,0.0,1.0,49237388.28,53337175.64,1.0,0.0,0.0,False,0.0,2.0,PROBABLE
VDR-12034.corp.local,2.0,1.0,0.0,1.0,1.0,69247808.34,60793103.08,2.0,0.0,0.0,False,0.5,2.0,PROBABLE
LPT-10779,5.0,2.0,0.0,3.0,1.0,157276201.5,86791099.92,4.0,3.0,1.0,True,0.4,8.0,EXACT
VDR-12441.corp.local,2.0,0.0,1.0,1.0,1.0,16175373.48,65693286.4,2.0,0.0,0.0,False,0.0,2.0,PROBABLE
ws-12790,2.0,1.0,0.0,1.0,1.0,37124645.22,25967708.0,2.0,0.0,0.0,False,0.5,2.0,PROBABLE
vdr-10539,1.0,0.0,1.0,1.0,1.0,30207581.0,9107047.0,1.0,0.0,0.0,False,0.0,1.0,PROBABLE
vdr-11817,1.0,0.0,0.0,1.0,1.0,24819643.22,45023298.0,1.0,0.0,0.0,False,0.0,1.0,PROBABLE
LPT-12438,6.0,2.0,0.0,3.0,5.0,169612411.44,124874679.64,6.0,1.0,0.0,True,0.3333333333333333,7.0,EXACT
WS_11006,2.0,1.0,0.0,1.0,2.0,60605300.22,75287756.8,2.0,0.0,0.0,False,0.5,2.0,PROBABLE
ws-11590,4.0,1.0,1.0,1.0,1.0,110039038.44,82226786.84,3.0,0.0,0.0,False,0.25,4.0,PROBABLE
vdr-10605,3.0,1.0,0.0,2.0,3.0,53216108.0,61305995.64,3.0,0.0,0.0,False,0.3333333333333333,3.0,PROBABLE
ws-10573,1.0,1.0,0.0,0.0,1.0,39780413.44,14518458.0,1.0,0.0,0.0,False,1.0,1.0,PROBABLE
WS-12914.corp.local,2.0,1.0,0.0,2.0,1.0,33058659.0,27084658.64,2.0,0.0,0.0,False,0.5,2.0,PROBABLE
lpt-12085,3.0,1.0,0.0,1.0,1.0,71640608.22,79026149.4,3.0,0.0,0.0,False,0.3333333333333333,3.0,PROBABLE
VDR-12330,6.0,4.0,0.0,2.0,3.0,148060751.04,112967813.92,6.0,1.0,0.0,True,0.6666666666666666,7.0,EXACT
LPT-10424,11.0,5.0,1.0,6.0,4.0,309982086.5,169400901.76,9.0,2.0,1.0,True,0.45454545454545453,13.0,EXACT
VDR-12525.corp.local,1.0,1.0,0.0,1.0,0.0,12408990.0,43986619.0,1.0,0.0,0.0,False,1.0,1.0,PROBABLE
LPT-12659,9.0,2.0,0.0,5.0,4.0,234394957.0,278812221.56,7.0,3.0,0.0,True,0.2222222222222222,12.0,EXACT
lpt-10390,2.0,2.0,0.0,2.0,1.0,35192449.22,67258501.12,2.0,0.0,0.0,False,1.0,2.0,PROBABLE
LPT_11369,1.0,0.0,0.0,0.0,0.0,923678.0,20681104.0,1.0,0.0,0.0,False,0.0,1.0,PROBABLE
LPT-11180.corp.local,3.0,1.0,1.0,1.0,2.0,136514137.0,98071644.16,3.0,0.0,0.0,False,0.3333333333333333,3.0,PROBABLE
LPT-12805.,0.0,0.0,0.0,0.0,0.0,0.0,0.0,0.0,0.0,0.0,True,0.0,0.0,EXACT
lpt-12524,1.0,0.0,0.0,1.0,1.0,495492.0,8727006.0,0.0,0.0,0.0,False,0.0,1.0,PROBABLE
LPT-10818,6.0,2.0,1.0,2.0,5.0,159178470.72,147706160.72,6.0,1.0,0.0,True,0.3333333333333333,7.0,EXACT
vdr-12123,1.0,0.0,0.0,0.0,0.0,9865401.0,23672358.0,1.0,0.0,0.0,False,0.0,1.0,PROBABLE
LPT-11813,6.0,2.0,0.0,2.0,4.0,139524271.44,160013311.12,5.0,4.0,0.0,True,0.3333333333333333,10.0,EXACT
VDR-11343.corp.local,2.0,1.0,0.0,1.0,1.0,23212496.0,38960183.0,2.0,0.0,0.0,False,0.5,2.0,PROBABLE
LPT-12055.corp.local,2.0,0.0,0.0,0.0,0.0,52200264.0,43244994.56,2.0,0.0,0.0,False,0.0,2.0,PROBABLE
ws-10341,2.0,0.0,0.0,1.0,2.0,66554299.22,33718137.0,2.0,0.0,0.0,False,0.0,2.0,PROBABLE
WS_11836,2.0,2.0,1.0,0.0,0.0,49639286.44,57386673.64,2.0,0.0,0.0,False,1.0,2.0,PROBABLE
lpt-11274,1.0,0.0,0.0,0.0,0.0,15520196.0,15933434.0,1.0,0.0,0.0,False,0.0,1.0,PROBABLE
VDR-12238,10.0,1.0,1.0,3.0,4.0,285696117.88,213341374.28,8.0,3.0,0.0,True,0.1,13.0,EXACT
lpt-12687,2.0,0.0,0.0,1.0,2.0,49639286.44,26309856.64,2.0,0.0,0.0,False,0.0,2.0,PROBABLE
WS-12848,4.0,2.0,1.0,1.0,1.0,68962415.22,96903607.08,3.0,1.0,0.0,True,0.5,5.0,EXACT
VDR-10343,3.0,1.0,1.0,3.0,2.0,72901243.0,91706744.28,3.0,5.0,0.0,False,0.3333333333333333,8.0,PROBABLE
VDR-11272.corp.local,1.0,0.0,0.0,1.0,1.0,24819643.22,37392220.16,1.0,0.0,0.0,False,0.0,1.0,PROBABLE
VDR-10484.corp.local,1.0,1.0,1.0,1.0,0.0,4282787.84,2739106.0,1.0,0.0,0.0,False,1.0,1.0,PROBABLE
vdr-10692,2.0,0.0,0.0,1.0,1.0,49639286.44,60889207.6,2.0,0.0,0.0,False,0.0,2.0,PROBABLE
WS-11827,3.0,1.0,0.0,2.0,2.0,65804337.14,56918262.28,2.0,2.0,1.0,True,0.3333333333333333,5.0,EXACT
lpt-11398,1.0,0.0,0.0,1.0,0.0,24819643.22,43393043.0,0.0,0.0,0.0,False,0.0,1.0,PROBABLE
LPT-12011,5.0,2.0,1.0,2.0,2.0,90672756.86,101793538.64,4.0,1.0,0.0,True,0.4,6.0,EXACT
lpt-10872,3.0,0.0,0.0,3.0,2.0,84403253.44,64467200.0,2.0,0.0,0.0,False,0.0,3.0,PROBABLE
vdr-12386,2.0,0.0,0.0,0.0,0.0,69943571.22,30407416.64,2.0,0.0,0.0,False,0.0,2.0,PROBABLE
vdr-12042,2.0,0.0,0.0,1.0,2.0,53454330.519999996,45831897.0,1.0,0.0,0.0,False,0.0,2.0,PROBABLE
WS-12599,9.0,1.0,0.0,3.0,7.0,157274514.76,215257134.48000002,7.0,0.0,0.0,True,0.1111111111111111,9.0,EXACT
WS_11924,1.0,1.0,0.0,1.0,0.0,36610396.16,24526192.64,1.0,0.0,0.0,False,1.0,1.0,PROBABLE
WS_10370,1.0,0.0,1.0,0.0,0.0,2492882.0,6844385.0,1.0,0.0,0.0,False,0.0,1.0,PROBABLE
ws-11543,1.0,1.0,0.0,1.0,0.0,24819643.22,24520130.56,1.0,0.0,0.0,False,1.0,1.0,PROBABLE
VDR-10497,11.0,3.0,1.0,6.0,7.0,261565636.22,302936056.44,9.0,1.0,0.0,True,0.2727272727272727,12.0,EXACT
LPT-11238,8.0,2.0,0.0,5.0,4.0,172952213.8,210954313.92000002,8.0,4.0,0.0,False,0.25,12.0,PROBABLE
WS-10313,9.0,2.0,2.0,2.0,6.0,257151108.28,223219668.4,7.0,2.0,0.0,True,0.2222222222222222,11.0,EXACT
lpt-12626,2.0,1.0,0.0,1.0,1.0,50616243.36,52400953.0,2.0,0.0,0.0,False,0.5,2.0,PROBABLE
LPT-11382,12.0,1.0,2.0,6.0,4.0,247180048.32,327336091.28,9.0,3.0,0.0,True,0.08333333333333333,15.0,EXACT
VDR_11455,1.0,0.0,1.0,1.0,1.0,37483779.0,26126162.0,0.0,0.0,0.0,False,0.0,1.0,PROBABLE
lpt-11440,2.0,0.0,0.0,1.0,2.0,39415821.14,76166659.12,2.0,0.0,0.0,False,0.0,2.0,PROBABLE
LPT-12741,5.0,2.0,0.0,2.0,3.0,112556570.6,121162901.84,4.0,1.0,0.0,True,0.4,6.0,EXACT
LPT-10935,8.0,3.0,1.0,6.0,6.0,191827570.56,248443446.16,6.0,2.0,0.0,False,0.375,10.0,PROBABLE
VDR-10906,6.0,2.0,0.0,3.0,3.0,145645783.96,151505978.92000002,5.0,6.0,1.0,False,0.3333333333333333,12.0,PROBABLE
VDR-11628,9.0,2.0,0.0,5.0,5.0,263270603.88,227408443.44,8.0,0.0,0.0,True,0.2222222222222222,9.0,EXACT
LPT-12231,9.0,1.0,1.0,3.0,2.0,260878234.64,272941633.56,8.0,4.0,0.0,False,0.1111111111111111,13.0,PROBABLE
vdr-12137,2.0,0.0,0.0,1.0,2.0,33920306.22,58442135.0,2.0,0.0,0.0,False,0.0,2.0,PROBABLE
VDR-11249,9.0,1.0,1.0,5.0,5.0,222942571.9,242955167.96,8.0,1.0,0.0,True,0.1111111111111111,10.0,EXACT
ws-11113,3.0,0.0,1.0,0.0,1.0,82561336.22,73578577.92,2.0,0.0,0.0,False,0.0,3.0,PROBABLE
WS_12047,2.0,0.0,0.0,0.0,1.0,60114862.0,70574664.36,1.0,0.0,0.0,False,0.0,2.0,PROBABLE
WS_11777,2.0,2.0,0.0,2.0,0.0,48328717.14,55032789.64,2.0,0.0,0.0,False,1.0,2.0,PROBABLE
vdr-11592,1.0,1.0,0.0,1.0,1.0,24819643.22,39676713.0,1.0,0.0,0.0,False,1.0,1.0,PROBABLE
VDR-10086.corp.local,3.0,2.0,0.0,1.0,2.0,121602006.0,64233152.56,3.0,0.0,0.0,False,0.6666666666666666,3.0,PROBABLE
vdr-12013,3.0,0.0,1.0,0.0,1.0,59800598.22,40137826.0,2.0,0.0,0.0,False,0.0,3.0,PROBABLE
LPT_12010,2.0,0.0,0.0,1.0,0.0,64256969.22,49052385.28,1.0,0.0,0.0,False,0.0,2.0,PROBABLE
lpt-11414,1.0,0.0,0.0,1.0,0.0,20263516.16,4286199.0,0.0,0.0,0.0,False,0.0,1.0,PROBABLE
WS-11895,6.0,0.0,0.0,4.0,3.0,124958964.92,114981155.28,6.0,3.0,1.0,True,0.0,9.0,EXACT
LPT-10904,3.0,0.0,0.0,2.0,2.0,44123927.379999995,86263202.48,3.0,5.0,1.0,True,0.0,8.0,EXACT
VDR-12861.corp.local,2.0,0.0,0.0,1.0,0.0,77536949.0,73707689.0,1.0,0.0,0.0,False,0.0,2.0,PROBABLE
WS-10202,6.0,0.0,0.0,1.0,4.0,151630621.86,190685827.0,6.0,3.0,1.0,True,0.0,9.0,EXACT
WS-11699.corp.local,2.0,1.0,0.0,0.0,1.0,80044653.0,14204892.52,2.0,0.0,0.0,False,0.5,2.0,PROBABLE
LPT-11788.corp.local,1.0,0.0,0.0,1.0,0.0,24819643.22,8761521.0,1.0,0.0,0.0,False,0.0,1.0,PROBABLE
VDR-12131,7.0,1.0,1.0,3.0,4.0,130247307.53999999,159591803.64,7.0,2.0,0.0,True,0.14285714285714285,9.0,EXACT
ws-10512,2.0,0.0,0.0,1.0,2.0,53272240.980000004,42012841.0,2.0,0.0,0.0,False,0.0,2.0,PROBABLE
VDR-12513.corp.local,1.0,0.0,1.0,0.0,1.0,27965521.92,24526192.64,0.0,0.0,0.0,False,0.0,1.0,PROBABLE
WS_10400,1.0,1.0,1.0,0.0,1.0,46339604.48,4655677.44,0.0,0.0,0.0,False,1.0,1.0,PROBABLE
LPT-11212,7.0,1.0,0.0,2.0,3.0,252721607.62,174114582.96,7.0,3.0,1.0,True,0.14285714285714285,10.0,EXACT
WS-10292,5.0,0.0,1.0,3.0,3.0,135119715.44,166073933.24,3.0,5.0,0.0,True,0.0,10.0,EXACT
WS-10844.corp.local,2.0,1.0,0.0,1.0,2.0,48318046.36,63091403.0,0.0,0.0,0.0,False,0.5,2.0,PROBABLE
ws-10746,1.0,0.0,0.0,1.0,1.0,16059330.0,13704888.32,0.0,0.0,0.0,False,0.0,1.0,PROBABLE
LPT_10863,2.0,0.0,0.0,2.0,1.0,49843796.82,64124057.6,1.0,0.0,0.0,False,0.0,2.0,PROBABLE
ws-12461,1.0,0.0,0.0,1.0,0.0,24819643.22,2658796.0,1.0,0.0,0.0,False,0.0,1.0,PROBABLE
LPT_12532,1.0,1.0,0.0,0.0,0.0,24819643.22,24526192.64,1.0,0.0,0.0,False,1.0,1.0,PROBABLE
LPT-11691,6.0,0.0,1.0,4.0,5.0,138986208.1,164877309.92000002,5.0,1.0,0.0,False,0.0,7.0,PROBABLE
ws-11063,1.0,0.0,0.0,1.0,0.0,24819643.22,36384844.0,1.0,0.0,0.0,False,0.0,1.0,PROBABLE
WS-10111,5.0,3.0,1.0,2.0,3.0,101528383.38,115049892.88,4.0,2.0,0.0,True,0.6,7.0,EXACT
lpt-10551,1.0,0.0,0.0,1.0,1.0,20908953.0,24526192.64,1.0,0.0,0.0,False,0.0,1.0,PROBABLE
VDR-10207,4.0,1.0,0.0,3.0,2.0,107884183.32,106160011.0,4.0,2.0,0.0,True,0.25,6.0,EXACT
VDR-11389.corp.local,1.0,0.0,0.0,1.0,0.0,25135280.0,27967304.0,1.0,0.0,0.0,False,0.0,1.0,PROBABLE
VDR-10502,11.0,1.0,2.0,6.0,3.0,331808141.98,228615392.2,11.0,0.0,0.0,True,0.09090909090909091,11.0,EXACT
WS-11365.corp.local,1.0,0.0,0.0,1.0,1.0,46543171.0,15748240.0,1.0,0.0,0.0,False,0.0,1.0,PROBABLE
VDR_12650,1.0,0.0,0.0,0.0,0.0,28407965.0,24526192.64,0.0,0.0,0.0,False,0.0,1.0,PROBABLE
WS-12723,5.0,2.0,2.0,4.0,2.0,144025044.14,136631804.56,3.0,2.0,0.0,True,0.4,7.0,EXACT
WS-10102,7.0,0.0,1.0,1.0,4.0,259515336.46,129331878.36,6.0,0.0,0.0,True,0.0,7.0,EXACT
WS-10916.corp.local,1.0,0.0,0.0,0.0,0.0,8760381.0,12068004.0,1.0,0.0,0.0,False,0.0,1.0,PROBABLE
WS-11948.corp.local,1.0,0.0,0.0,1.0,1.0,44479157.0,18075536.0,1.0,0.0,0.0,False,0.0,1.0,PROBABLE
WS-12449,4.0,1.0,1.0,1.0,3.0,101417255.24000001,93233297.0,3.0,2.0,0.0,False,0.25,6.0,PROBABLE
WS-10997,8.0,2.0,0.0,4.0,6.0,160807295.3,228643812.24,8.0,1.0,0.0,True,0.25,9.0,EXACT
LPT-12060,4.0,1.0,0.0,3.0,3.0,74357701.1,105827248.32,4.0,3.0,0.0,True,0.25,7.0,EXACT
LPT-10159.corp.local,1.0,0.0,0.0,0.0,1.0,7042615.0,24526192.64,0.0,0.0,0.0,False,0.0,1.0,PROBABLE
LPT_12066,1.0,0.0,0.0,1.0,0.0,6354031.0,331540.0,1.0,0.0,0.0,False,0.0,1.0,PROBABLE
vdr-12248,1.0,1.0,0.0,0.0,1.0,27996036.0,24526192.64,1.0,0.0,0.0,False,1.0,1.0,PROBABLE
WS-10368,7.0,2.0,0.0,1.0,5.0,129694136.74000001,206862915.28,4.0,4.0,0.0,True,0.2857142857142857,11.0,EXACT
WS-12529.,0.0,0.0,0.0,0.0,0.0,0.0,0.0,0.0,0.0,0.0,True,0.0,0.0,EXACT
lpt-10221,2.0,0.0,0.0,1.0,1.0,78680566.0,58977238.64,1.0,0.0,0.0,False,0.0,2.0,PROBABLE
VDR-12415,11.0,1.0,0.0,5.0,8.0,226132399.7,254705184.84,8.0,2.0,1.0,True,0.09090909090909091,13.0,EXACT
lpt-10657,1.0,0.0,0.0,1.0,0.0,3502243.84,35833444.0,1.0,0.0,0.0,False,0.0,1.0,PROBABLE
LPT-12954.corp.local,2.0,0.0,0.0,2.0,1.0,47544341.22,66759393.72,2.0,0.0,0.0,False,0.0,2.0,PROBABLE
VDR-12971,11.0,1.0,2.0,5.0,6.0,325983344.02,324991809.12,10.0,1.0,0.0,True,0.09090909090909091,12.0,EXACT
ws-12631,2.0,0.0,0.0,2.0,1.0,73990083.12,60034718.0,1.0,0.0,0.0,False,0.0,2.0,PROBABLE
LPT-12399,3.0,1.0,1.0,3.0,2.0,76122107.22,63353098.239999995,3.0,3.0,0.0,True,0.3333333333333333,6.0,EXACT
VDR-12835,4.0,0.0,0.0,2.0,3.0,110032138.22,89978041.64,3.0,5.0,0.0,False,0.0,9.0,PROBABLE
vdr-11421,1.0,0.0,0.0,0.0,1.0,28279031.0,4016046.08,0.0,0.0,0.0,False,0.0,1.0,PROBABLE
VDR-12330.corp.local,1.0,0.0,0.0,1.0,1.0,19901580.0,24526192.64,1.0,0.0,0.0,False,0.0,1.0,PROBABLE
WS_10445,1.0,0.0,1.0,1.0,0.0,15801311.0,45402479.0,0.0,0.0,0.0,False,0.0,1.0,PROBABLE
VDR-12519.corp.local,1.0,1.0,0.0,0.0,0.0,18220317.0,40790768.0,0.0,0.0,0.0,False,1.0,1.0,PROBABLE
LPT-10437,8.0,0.0,0.0,3.0,5.0,194538199.18,211116782.0,8.0,3.0,0.0,True,0.0,11.0,EXACT
LPT-10058,4.0,0.0,0.0,3.0,4.0,99007631.12,86518085.2,3.0,4.0,0.0,True,0.0,8.0,EXACT
lpt-10965,2.0,0.0,0.0,1.0,2.0,52265715.22,30049980.64,2.0,0.0,0.0,False,0.0,2.0,PROBABLE
VDR-11838.corp.local,2.0,1.0,0.0,1.0,1.0,30182136.66,28681596.0,2.0,0.0,0.0,False,0.5,2.0,PROBABLE
LPT_12510,1.0,1.0,0.0,0.0,1.0,24819643.22,23467034.0,0.0,0.0,0.0,False,1.0,1.0,PROBABLE
WS-10814,7.0,1.0,1.0,3.0,2.0,190631688.14,181607978.4,7.0,0.0,0.0,True,0.14285714285714285,7.0,EXACT
VDR-12926,5.0,3.0,1.0,1.0,3.0,154824032.22,116916514.0,5.0,2.0,1.0,True,0.6,7.0,EXACT
WS-10305,9.0,2.0,0.0,6.0,7.0,180964390.04,177969958.28,8.0,2.0,1.0,True,0.2222222222222222,11.0,EXACT
WS_12230,1.0,0.0,0.0,1.0,1.0,4775249.92,3906393.0,1.0,0.0,0.0,False,0.0,1.0,PROBABLE
LPT-10521,1.0,0.0,0.0,0.0,0.0,42221117.0,24526192.64,1.0,3.0,0.0,True,0.0,4.0,EXACT
LPT-12628,6.0,2.0,0.0,3.0,4.0,170699595.57999998,137409470.72,5.0,1.0,0.0,False,0.3333333333333333,7.0,PROBABLE
VDR-12463,8.0,1.0,0.0,4.0,3.0,192387803.07999998,166451450.2,7.0,1.0,0.0,True,0.125,9.0,EXACT
VDR-10864.corp.local,2.0,0.0,1.0,0.0,0.0,69216823.22,67108864.0,2.0,0.0,0.0,False,0.0,2.0,PROBABLE
LPT-12730,6.0,2.0,0.0,2.0,3.0,165818563.88,156921134.28,6.0,1.0,0.0,True,0.3333333333333333,7.0,EXACT
VDR-10961,8.0,2.0,0.0,4.0,5.0,279785854.54,142165995.24,8.0,3.0,0.0,True,0.25,11.0,EXACT
lpt-12743,1.0,1.0,0.0,0.0,0.0,24819643.22,24526192.64,1.0,0.0,0.0,False,1.0,1.0,PROBABLE
LPT-11246.corp.local,1.0,0.0,1.0,1.0,0.0,45292785.0,12184247.0,1.0,0.0,0.0,False,0.0,1.0,PROBABLE
WS-11315,7.0,1.0,2.0,1.0,3.0,232379124.88,154954497.4,7.0,2.0,1.0,False,0.14285714285714285,9.0,PROBABLE
LPT-12061,6.0,0.0,1.0,3.0,2.0,113026422.72,146167643.36,5.0,3.0,2.0,True,0.0,9.0,EXACT
VDR_12519,1.0,1.0,0.0,1.0,1.0,19896795.0,17733403.0,1.0,0.0,0.0,False,1.0,1.0,PROBABLE
LPT-10176,9.0,2.0,0.0,3.0,5.0,239414403.1,249570988.64,9.0,2.0,0.0,True,0.2222222222222222,11.0,EXACT
vdr-10992,2.0,0.0,0.0,0.0,1.0,43725747.22,44595271.0,2.0,0.0,0.0,False,0.0,2.0,PROBABLE
LPT_10094,2.0,0.0,0.0,1.0,0.0,26750847.22,79706149.68,1.0,0.0,0.0,False,0.0,2.0,PROBABLE
VDR-11971,8.0,4.0,0.0,6.0,5.0,229396789.76,164752728.44,7.0,1.0,0.0,True,0.5,9.0,EXACT
VDR_11947,1.0,0.0,0.0,0.0,0.0,12642654.0,12072486.0,1.0,0.0,0.0,False,0.0,1.0,PROBABLE
vdr-11589,2.0,0.0,1.0,2.0,1.0,20612755.64,75168683.0,2.0,0.0,0.0,False,0.0,2.0,PROBABLE
ws-11860,1.0,0.0,0.0,1.0,1.0,21939419.0,15168347.0,1.0,0.0,0.0,False,0.0,1.0,PROBABLE
LPT-10451,7.0,3.0,0.0,5.0,6.0,210894440.02,257528392.6,6.0,1.0,0.0,True,0.42857142857142855,8.0,EXACT
VDR-11583.corp.local,2.0,0.0,0.0,2.0,0.0,64409758.22,24552286.64,1.0,0.0,0.0,False,0.0,2.0,PROBABLE
VDR-11731,10.0,1.0,1.0,3.0,3.0,303623596.68,243212700.96,8.0,2.0,1.0,True,0.1,12.0,EXACT
VDR_12463,1.0,1.0,0.0,1.0,1.0,24819643.22,21492974.0,1.0,0.0,0.0,False,1.0,1.0,PROBABLE
VDR-10673,10.0,3.0,2.0,7.0,6.0,367974227.86,242417819.88,9.0,2.0,1.0,True,0.3,12.0,EXACT
WS-12872,6.0,4.0,1.0,3.0,2.0,111395431.25999999,138396583.64,4.0,3.0,1.0,True,0.6666666666666666,9.0,EXACT
WS-10180,10.0,1.0,2.0,2.0,6.0,246082850.18,262445209.04,7.0,0.0,0.0,True,0.1,10.0,EXACT
lpt-11887,1.0,0.0,1.0,1.0,1.0,12246148.0,24526192.64,1.0,0.0,0.0,False,0.0,1.0,PROBABLE
VDR-11958,11.0,3.0,0.0,6.0,7.0,272848540.32,224648715.04,10.0,2.0,1.0,True,0.2727272727272727,13.0,EXACT
LPT_12207,1.0,1.0,0.0,0.0,0.0,7035944.96,26774902.0,1.0,0.0,0.0,False,1.0,1.0,PROBABLE
WS-11513,9.0,3.0,2.0,6.0,5.0,237522755.95999998,227187603.64,7.0,2.0,0.0,True,0.3333333333333333,11.0,EXACT
vdr-10154,1.0,0.0,1.0,1.0,0.0,46425257.0,15571928.0,1.0,0.0,0.0,False,0.0,1.0,PROBABLE
VDR-10592,8.0,1.0,0.0,2.0,4.0,229258493.34,184954774.04,6.0,4.0,0.0,True,0.125,12.0,EXACT
WS-10252.corp.local,1.0,0.0,0.0,1.0,0.0,22825715.0,37882391.0,1.0,0.0,0.0,False,0.0,1.0,PROBABLE
lpt-12110,1.0,1.0,0.0,0.0,1.0,28436456.0,28692049.92,1.0,0.0,0.0,False,1.0,1.0,PROBABLE
VDR-10879.corp.local,1.0,1.0,0.0,1.0,1.0,5750876.16,41405697.0,1.0,0.0,0.0,False,1.0,1.0,PROBABLE
lpt-12289,1.0,0.0,0.0,1.0,1.0,24819643.22,40064809.0,1.0,0.0,0.0,False,0.0,1.0,PROBABLE
WS-10934,4.0,1.0,0.0,2.0,2.0,100686334.22,103056354.92,4.0,4.0,1.0,True,0.25,8.0,EXACT
VDR-12972.corp.local,2.0,0.0,0.0,0.0,1.0,71820389.22,48944099.64,1.0,0.0,0.0,False,0.0,2.0,PROBABLE
ws-12036,1.0,0.0,0.0,1.0,0.0,2402916.0,24526192.64,1.0,0.0,0.0,False,0.0,1.0,PROBABLE
VDR-11387,14.0,1.0,1.0,7.0,7.0,416186144.02,396413360.12,9.0,5.0,0.0,True,0.07142857142857142,19.0,EXACT
WS-12633,8.0,3.0,0.0,5.0,5.0,205550064.98,180060670.92000002,6.0,2.0,0.0,True,0.375,10.0,EXACT
VDR-11412,8.0,2.0,1.0,5.0,5.0,215728622.22,257634217.28,7.0,2.0,1.0,True,0.25,10.0,EXACT
VDR_11145,1.0,1.0,1.0,0.0,0.0,24819643.22,40108267.52,1.0,0.0,0.0,False,1.0,1.0,PROBABLE
lpt-12569,1.0,0.0,0.0,0.0,1.0,24819643.22,24526192.64,1.0,0.0,0.0,False,0.0,1.0,PROBABLE
LPT_11745,1.0,0.0,0.0,0.0,1.0,24819643.22,24526192.64,1.0,0.0,0.0,False,0.0,1.0,PROBABLE
LPT-12539,5.0,1.0,0.0,2.0,3.0,115613752.66,165819386.44,3.0,1.0,0.0,True,0.2,6.0,EXACT
VDR-12811.corp.local,2.0,0.0,0.0,2.0,0.0,30485498.4,24934068.64,2.0,0.0,0.0,False,0.0,2.0,PROBABLE
lpt-10525,1.0,0.0,0.0,0.0,1.0,19899248.64,49936491.0,1.0,0.0,0.0,False,0.0,1.0,PROBABLE
LPT_11764,2.0,0.0,0.0,1.0,1.0,53889724.0,49415567.0,1.0,0.0,0.0,False,0.0,2.0,PROBABLE
LPT-11614.corp.local,2.0,0.0,0.0,1.0,1.0,43535708.16,49052385.28,2.0,0.0,0.0,False,0.0,2.0,PROBABLE
LPT-10968,7.0,1.0,2.0,4.0,1.0,107350726.42,191570482.08,5.0,1.0,0.0,True,0.14285714285714285,8.0,EXACT
LPT-12563,12.0,2.0,0.0,5.0,7.0,260277869.5,226433182.44,11.0,1.0,0.0,True,0.16666666666666666,13.0,EXACT
VDR-10528,10.0,1.0,0.0,5.0,2.0,210109610.1,223318052.28,6.0,5.0,0.0,False,0.1,15.0,PROBABLE
WS-10836,10.0,4.0,0.0,6.0,7.0,262830903.24,245234998.07999998,8.0,1.0,0.0,False,0.4,11.0,PROBABLE
LPT-10441.corp.local,1.0,0.0,0.0,0.0,1.0,31640294.0,3001128.96,1.0,0.0,0.0,False,0.0,1.0,PROBABLE
VDR-11096,4.0,0.0,1.0,2.0,3.0,90816644.66,73079382.0,3.0,1.0,0.0,True,0.0,5.0,EXACT
VDR-12750,4.0,2.0,0.0,2.0,2.0,127934167.0,54696375.8,4.0,2.0,0.0,True,0.5,6.0,EXACT
VDR_12333,1.0,0.0,0.0,0.0,0.0,29892945.0,24526192.64,0.0,0.0,0.0,False,0.0,1.0,PROBABLE
ws-11868,1.0,0.0,0.0,0.0,0.0,27024218.0,24526192.64,0.0,0.0,0.0,False,0.0,1.0,PROBABLE
VDR-10680,10.0,2.0,2.0,4.0,5.0,219824336.07999998,217663512.28,8.0,3.0,0.0,True,0.2,13.0,EXACT
WS-12788.corp.local,1.0,1.0,0.0,0.0,0.0,24819643.22,46675156.0,1.0,0.0,0.0,False,1.0,1.0,PROBABLE
LPT_11116,1.0,0.0,0.0,1.0,0.0,24253603.84,24526192.64,1.0,0.0,0.0,False,0.0,1.0,PROBABLE
WS-10606,2.0,1.0,0.0,1.0,2.0,47373954.22,71986506.64,2.0,5.0,1.0,False,0.5,7.0,PROBABLE
WS-11390.corp.local,2.0,0.0,0.0,2.0,1.0,38528717.0,60590690.64,1.0,0.0,0.0,False,0.0,2.0,PROBABLE
LPT-12143,4.0,0.0,0.0,3.0,3.0,87793902.25999999,93966198.64,4.0,2.0,0.0,True,0.0,6.0,EXACT
LPT-12946,4.0,1.0,0.0,2.0,2.0,121454717.58,83556635.0,4.0,2.0,0.0,True,0.25,6.0,EXACT
LPT-12629,6.0,2.0,0.0,2.0,4.0,184610876.94,206819788.48000002,4.0,0.0,0.0,True,0.3333333333333333,6.0,EXACT
VDR-11773.corp.local,1.0,0.0,0.0,0.0,1.0,18929808.0,36113912.0,0.0,0.0,0.0,False,0.0,1.0,PROBABLE
WS-10832.corp.local,2.0,1.0,0.0,0.0,1.0,50466524.0,38371991.64,2.0,0.0,0.0,False,0.5,2.0,PROBABLE
VDR-12859,4.0,2.0,0.0,1.0,2.0,112891551.44,78998142.28,3.0,1.0,0.0,True,0.5,5.0,EXACT
VDR-11419.corp.local,1.0,0.0,0.0,1.0,1.0,47625253.0,3199923.0,1.0,0.0,0.0,False,0.0,1.0,PROBABLE
VDR-11388.,0.0,0.0,0.0,0.0,0.0,0.0,0.0,0.0,0.0,0.0,True,0.0,0.0,EXACT
VDR-10435,6.0,3.0,0.0,2.0,3.0,120895536.8,169705989.28,5.0,4.0,0.0,True,0.5,10.0,EXACT
LPT-11781,3.0,0.0,0.0,1.0,2.0,95922417.44,57934721.64,3.0,3.0,0.0,True,0.0,6.0,EXACT
WS-11415.corp.local,1.0,1.0,0.0,1.0,1.0,40949748.0,26032118.0,0.0,0.0,0.0,False,1.0,1.0,PROBABLE
LPT-11649.corp.local,1.0,0.0,0.0,1.0,1.0,4232196.0,36463738.88,1.0,0.0,0.0,False,0.0,1.0,PROBABLE
WS_11331,2.0,0.0,0.0,1.0,2.0,20368426.08,29102583.0,2.0,0.0,0.0,False,0.0,2.0,PROBABLE
LPT-10650.corp.local,1.0,0.0,0.0,1.0,1.0,48363955.0,1113651.2,1.0,0.0,0.0,False,0.0,1.0,PROBABLE
VDR-11588,8.0,2.0,0.0,5.0,3.0,204043807.98,153968136.24,6.0,2.0,1.0,True,0.25,10.0,EXACT
WS-10359.corp.local,1.0,0.0,0.0,1.0,0.0,24819643.22,36988191.0,1.0,0.0,0.0,False,0.0,1.0,PROBABLE
lpt-12689,2.0,1.0,0.0,1.0,1.0,56168161.22,31289507.84,2.0,0.0,0.0,False,0.5,2.0,PROBABLE
vdr-10086,1.0,1.0,0.0,1.0,0.0,18575026.0,30178017.28,1.0,0.0,0.0,False,1.0,1.0,PROBABLE
ws-12999,2.0,0.0,0.0,2.0,0.0,40723247.22,61447041.52,2.0,0.0,0.0,False,0.0,2.0,PROBABLE
WS-11374.,0.0,0.0,0.0,0.0,0.0,0.0,0.0,0.0,0.0,0.0,True,0.0,0.0,EXACT
WS-11620,6.0,2.0,2.0,3.0,4.0,178422424.57999998,191294216.88,5.0,0.0,0.0,True,0.3333333333333333,6.0,EXACT
VDR-10270,0.0,0.0,0.0,0.0,0.0,0.0,0.0,0.0,5.0,0.0,True,0.0,5.0,EXACT
WS-11018.corp.local,1.0,0.0,0.0,0.0,1.0,47258448.0,9470490.0,1.0,0.0,0.0,False,0.0,1.0,PROBABLE
VDR-11720.corp.local,2.0,0.0,0.0,2.0,2.0,30234523.22,61302984.0,2.0,0.0,0.0,False,0.0,2.0,PROBABLE
VDR-11121.corp.local,1.0,0.0,0.0,0.0,1.0,31854910.0,11519816.0,1.0,0.0,0.0,False,0.0,1.0,PROBABLE
LPT-11995.corp.local,2.0,0.0,0.0,0.0,0.0,69486876.0,65879327.8,2.0,0.0,0.0,False,0.0,2.0,PROBABLE
LPT-10437.corp.local,1.0,1.0,0.0,1.0,1.0,24819643.22,599407.0,1.0,0.0,0.0,False,1.0,1.0,PROBABLE
LPT-12094,10.0,3.0,1.0,5.0,4.0,292600899.52,244137986.92000002,8.0,1.0,0.0,True,0.3,11.0,EXACT
LPT_11919,1.0,0.0,0.0,0.0,0.0,18005911.0,24526192.64,1.0,0.0,0.0,False,0.0,1.0,PROBABLE
VDR-10339,7.0,1.0,0.0,3.0,3.0,191581041.76,238876553.72,5.0,4.0,0.0,True,0.14285714285714285,11.0,EXACT
LPT_10337,2.0,0.0,0.0,0.0,1.0,71193718.22,46940573.64,2.0,0.0,0.0,False,0.0,2.0,PROBABLE
WS-11077,9.0,2.0,2.0,5.0,4.0,179546077.76,187695268.64,7.0,1.0,0.0,True,0.2222222222222222,10.0,EXACT
WS_10800,3.0,2.0,1.0,1.0,1.0,86075780.22,44552877.64,3.0,0.0,0.0,False,0.6666666666666666,3.0,PROBABLE
VDR-12145.corp.local,1.0,0.0,0.0,0.0,1.0,889358.0,41691381.76,0.0,0.0,0.0,False,0.0,1.0,PROBABLE
VDR-11650,7.0,0.0,0.0,5.0,5.0,207707291.0,144207665.44,7.0,1.0,0.0,True,0.0,8.0,EXACT
WS_10430,1.0,0.0,0.0,0.0,1.0,24819643.22,16120284.0,1.0,0.0,0.0,False,0.0,1.0,PROBABLE
WS_10048,1.0,0.0,0.0,1.0,1.0,24819643.22,44191228.0,1.0,0.0,0.0,False,0.0,1.0,PROBABLE
lpt-11174,1.0,0.0,0.0,1.0,0.0,9350095.0,24526192.64,1.0,0.0,0.0,False,0.0,1.0,PROBABLE
VDR-10710,13.0,5.0,1.0,3.0,6.0,406395349.22,374092960.92,13.0,6.0,0.0,True,0.38461538461538464,19.0,EXACT
LPT-11770.corp.local,2.0,1.0,0.0,2.0,1.0,49639286.44,36779660.0,2.0,0.0,0.0,False,0.5,2.0,PROBABLE
LPT_11024,1.0,0.0,0.0,0.0,0.0,24819643.22,20692312.0,1.0,0.0,0.0,False,0.0,1.0,PROBABLE
VDR-10796.corp.local,1.0,1.0,1.0,0.0,1.0,30199413.0,24526192.64,1.0,0.0,0.0,False,1.0,1.0,PROBABLE
VDR-10449.corp.local,1.0,1.0,0.0,1.0,1.0,24819643.22,1697167.0,1.0,0.0,0.0,False,1.0,1.0,PROBABLE
WS-12274.corp.local,2.0,1.0,0.0,1.0,2.0,27525945.0,74212253.0,2.0,0.0,0.0,False,0.5,2.0,PROBABLE
WS-10082.corp.local,1.0,0.0,0.0,0.0,1.0,24819643.22,16691525.0,0.0,0.0,0.0,False,0.0,1.0,PROBABLE
vdr-10240,3.0,0.0,0.0,1.0,1.0,79456210.22,72116575.64,2.0,0.0,0.0,False,0.0,3.0,PROBABLE
WS_10429,1.0,0.0,0.0,0.0,0.0,30709817.0,24526192.64,1.0,0.0,0.0,False,0.0,1.0,PROBABLE
WS-12165.corp.local,1.0,0.0,0.0,0.0,0.0,2771172.0,24526192.64,1.0,0.0,0.0,False,0.0,1.0,PROBABLE
WS_12760,1.0,1.0,0.0,0.0,0.0,44512051.2,27756439.0,1.0,0.0,0.0,False,1.0,1.0,PROBABLE
WS-11104,7.0,3.0,0.0,1.0,6.0,185718154.22,238966789.76,6.0,3.0,0.0,True,0.42857142857142855,10.0,EXACT
WS-11860,7.0,1.0,1.0,2.0,2.0,179417519.62,139465998.0,5.0,3.0,0.0,True,0.14285714285714285,10.0,EXACT
lpt-11129,2.0,0.0,0.0,0.0,0.0,66711310.0,56690480.64,2.0,0.0,0.0,False,0.0,2.0,PROBABLE
WS-10845,5.0,1.0,1.0,3.0,2.0,120207493.8,91989567.28,4.0,3.0,2.0,True,0.2,8.0,EXACT
WS-12851.corp.local,1.0,1.0,1.0,1.0,1.0,44123412.48,4224947.0,1.0,0.0,0.0,False,1.0,1.0,PROBABLE
ws-10594,2.0,0.0,0.0,0.0,1.0,47784556.2,49451376.64,2.0,0.0,0.0,False,0.0,2.0,PROBABLE
LPT_12620,1.0,0.0,0.0,1.0,1.0,4278045.0,11030514.0,1.0,0.0,0.0,False,0.0,1.0,PROBABLE
WS_11743,1.0,0.0,0.0,0.0,1.0,24819643.22,40349204.48,1.0,0.0,0.0,False,0.0,1.0,PROBABLE
LPT-10425.corp.local,1.0,1.0,0.0,1.0,1.0,45501206.0,24526192.64,1.0,0.0,0.0,False,1.0,1.0,PROBABLE
WS-10272.corp.local,1.0,0.0,0.0,1.0,0.0,4851120.0,33356123.0,1.0,0.0,0.0,False,0.0,1.0,PROBABLE
VDR-10647,6.0,0.0,0.0,1.0,3.0,113317069.22,181559328.28,4.0,1.0,0.0,True,0.0,7.0,EXACT
WS_12809,2.0,1.0,0.0,1.0,0.0,34956104.22,89241376.36,2.0,0.0,0.0,False,0.5,2.0,PROBABLE
vdr-12177,1.0,0.0,1.0,0.0,1.0,47188130.0,24526192.64,1.0,0.0,0.0,False,0.0,1.0,PROBABLE
WS-10737.corp.local,3.0,1.0,0.0,1.0,2.0,49779685.8,41132838.76,2.0,0.0,0.0,False,0.3333333333333333,3.0,PROBABLE
WS_12442,1.0,1.0,0.0,1.0,1.0,24819643.22,24526192.64,1.0,0.0,0.0,False,1.0,1.0,PROBABLE
WS-12819,6.0,3.0,0.0,4.0,3.0,102480041.44,171453725.84,5.0,4.0,0.0,True,0.5,10.0,EXACT
LPT-10981,12.0,5.0,1.0,5.0,7.0,302592556.64,261454931.16,10.0,5.0,0.0,True,0.4166666666666667,17.0,EXACT
LPT-12197,6.0,2.0,1.0,2.0,4.0,125497763.9,102895179.28,2.0,5.0,0.0,True,0.3333333333333333,11.0,EXACT
vdr-11883,1.0,0.0,0.0,1.0,0.0,42738636.8,24526192.64,1.0,0.0,0.0,False,0.0,1.0,PROBABLE
LPT-10811.corp.local,1.0,0.0,0.0,0.0,1.0,2494527.0,31537246.0,1.0,0.0,0.0,False,0.0,1.0,PROBABLE
ws-10652,2.0,1.0,0.0,1.0,2.0,79147790.0,43500256.0,1.0,0.0,0.0,False,0.5,2.0,PROBABLE
WS-11084.corp.local,2.0,1.0,0.0,1.0,2.0,31376152.22,65161948.0,1.0,0.0,0.0,False,0.5,2.0,PROBABLE
VDR-10357,7.0,1.0,1.0,4.0,4.0,178022222.48,161452802.6,6.0,2.0,0.0,True,0.14285714285714285,9.0,EXACT
vdr-11275,4.0,0.0,0.0,4.0,1.0,104459823.44,128623112.64,4.0,0.0,0.0,False,0.0,4.0,PROBABLE
LPT_11902,1.0,0.0,0.0,1.0,0.0,24819643.22,24526192.64,1.0,0.0,0.0,False,0.0,1.0,PROBABLE
LPT-12714,7.0,2.0,0.0,6.0,2.0,168503106.32,148069128.44,7.0,0.0,0.0,True,0.2857142857142857,7.0,EXACT
lpt-10318,1.0,1.0,0.0,0.0,1.0,16354679.0,5892997.12,1.0,0.0,0.0,False,1.0,1.0,PROBABLE
vdr-12646,1.0,0.0,0.0,1.0,1.0,24819643.22,45207521.28,1.0,0.0,0.0,False,0.0,1.0,PROBABLE
VDR_11599,1.0,0.0,0.0,1.0,1.0,24819643.22,24526192.64,1.0,0.0,0.0,False,0.0,1.0,PROBABLE
LPT-12739,8.0,4.0,0.0,4.0,3.0,158334126.76,210437060.12,7.0,2.0,0.0,True,0.5,10.0,EXACT
LPT-10634,10.0,2.0,0.0,6.0,6.0,165797070.57999998,300084694.64,9.0,2.0,0.0,True,0.2,12.0,EXACT
VDR-12942,9.0,2.0,0.0,6.0,3.0,240949555.98,303890824.92,7.0,1.0,0.0,True,0.2222222222222222,10.0,EXACT
lpt-10089,1.0,0.0,0.0,0.0,0.0,48799589.0,48742345.0,1.0,0.0,0.0,False,0.0,1.0,PROBABLE
lpt-10619,1.0,0.0,0.0,1.0,1.0,9068519.0,46405201.92,1.0,0.0,0.0,False,0.0,1.0,PROBABLE
VDR_10158,1.0,1.0,0.0,0.0,0.0,19164864.0,2372766.0,1.0,0.0,0.0,False,1.0,1.0,PROBABLE
LPT-11805,5.0,0.0,1.0,3.0,2.0,124319672.22,138625661.28,4.0,3.0,1.0,True,0.0,8.0,EXACT
WS-11447.corp.local,1.0,0.0,0.0,0.0,0.0,8149048.0,21805701.12,1.0,0.0,0.0,False,0.0,1.0,PROBABLE
LPT-10046.corp.local,1.0,0.0,1.0,1.0,1.0,32817645.0,9326814.0,1.0,0.0,0.0,False,0.0,1.0,PROBABLE
LPT-11907,3.0,1.0,0.0,1.0,1.0,74458929.66,94610466.0,3.0,1.0,0.0,True,0.3333333333333333,4.0,EXACT
LPT-12536,4.0,1.0,0.0,1.0,2.0,83650802.44,96149732.24,3.0,3.0,0.0,True,0.25,7.0,EXACT
VDR-12282.corp.local,1.0,0.0,0.0,0.0,1.0,18747124.0,24526192.64,1.0,0.0,0.0,False,0.0,1.0,PROBABLE
vdr-11709,1.0,1.0,0.0,0.0,1.0,37196774.0,24526192.64,1.0,0.0,0.0,False,1.0,1.0,PROBABLE
WS-12809,10.0,3.0,0.0,5.0,4.0,245988756.6,232790824.84,6.0,1.0,0.0,True,0.3,11.0,EXACT
LPT-10320,7.0,0.0,0.0,1.0,5.0,159401404.68,210734379.36,7.0,2.0,0.0,True,0.0,9.0,EXACT
WS-11698,7.0,0.0,0.0,3.0,3.0,198989976.26,209695995.2,5.0,2.0,0.0,True,0.0,9.0,EXACT
VDR-12282,10.0,3.0,0.0,3.0,7.0,226815814.24,271577591.6,7.0,2.0,0.0,True,0.3,12.0,EXACT
ws-11391,1.0,1.0,0.0,0.0,0.0,44314732.0,24526192.64,1.0,0.0,0.0,False,1.0,1.0,PROBABLE
WS-10826.corp.local,1.0,1.0,0.0,0.0,0.0,46778820.0,29370613.76,1.0,0.0,0.0,False,1.0,1.0,PROBABLE
LPT_11184,1.0,0.0,0.0,0.0,1.0,24376667.0,26126835.0,1.0,0.0,0.0,False,0.0,1.0,PROBABLE
LPT_12761,1.0,0.0,0.0,0.0,1.0,19857960.0,24526192.64,1.0,0.0,0.0,False,0.0,1.0,PROBABLE
WS_12501,1.0,0.0,0.0,0.0,1.0,20829395.0,24526192.64,1.0,0.0,0.0,False,0.0,1.0,PROBABLE
vdr-10698,3.0,1.0,0.0,2.0,1.0,61955587.22,89067748.28,3.0,0.0,0.0,False,0.3333333333333333,3.0,PROBABLE
WS-12387,10.0,3.0,1.0,4.0,8.0,171490526.42000002,238025133.48000002,10.0,3.0,0.0,True,0.3,13.0,EXACT
LPT-11704,6.0,0.0,1.0,3.0,3.0,214427588.0,130857261.8,4.0,3.0,0.0,False,0.0,9.0,PROBABLE
VDR_11556,1.0,0.0,0.0,1.0,0.0,1499463.68,24526192.64,1.0,0.0,0.0,False,0.0,1.0,PROBABLE
vdr-10640,2.0,0.0,0.0,1.0,2.0,57365699.0,68426857.64,2.0,0.0,0.0,False,0.0,2.0,PROBABLE
ws-12274,1.0,0.0,0.0,0.0,0.0,16823201.0,20013584.0,1.0,0.0,0.0,False,0.0,1.0,PROBABLE
WS_11037,1.0,1.0,0.0,1.0,1.0,25632167.0,36008809.0,1.0,0.0,0.0,False,1.0,1.0,PROBABLE
VDR-10930,14.0,3.0,4.0,5.0,7.0,447237168.86,332099527.16,13.0,1.0,0.0,True,0.21428571428571427,15.0,EXACT
LPT_12899,1.0,0.0,0.0,1.0,0.0,24819643.22,31734657.0,1.0,0.0,0.0,False,0.0,1.0,PROBABLE
lpt-11200,1.0,0.0,0.0,0.0,0.0,25291816.96,24526192.64,1.0,0.0,0.0,False,0.0,1.0,PROBABLE
WS-12232.corp.local,1.0,1.0,0.0,0.0,1.0,44427630.0,33543061.0,1.0,0.0,0.0,False,1.0,1.0,PROBABLE
VDR-10455.corp.local,1.0,0.0,0.0,1.0,0.0,30559152.0,31973543.0,1.0,0.0,0.0,False,0.0,1.0,PROBABLE
lpt-11635,1.0,0.0,1.0,1.0,1.0,47400682.0,1156051.0,1.0,0.0,0.0,False,0.0,1.0,PROBABLE
WS_12559,1.0,0.0,0.0,1.0,0.0,10401850.0,11593226.0,1.0,0.0,0.0,False,0.0,1.0,PROBABLE
WS_10997,1.0,0.0,0.0,1.0,1.0,24819643.22,25256980.0,1.0,0.0,0.0,False,0.0,1.0,PROBABLE
WS_11329,1.0,0.0,0.0,1.0,1.0,45642321.0,24240066.56,0.0,0.0,0.0,False,0.0,1.0,PROBABLE
vdr-12212,2.0,1.0,0.0,1.0,1.0,32883427.48,63478781.480000004,2.0,0.0,0.0,False,0.5,2.0,PROBABLE
LPT-12960,16.0,5.0,2.0,4.0,6.0,346425651.94,360319862.64,11.0,2.0,0.0,True,0.3125,18.0,EXACT
WS_10476,2.0,0.0,0.0,1.0,2.0,89507751.0,31167695.64,2.0,0.0,0.0,False,0.0,2.0,PROBABLE
LPT-12259,6.0,2.0,1.0,4.0,4.0,152867098.6,142004240.84,6.0,2.0,0.0,True,0.3333333333333333,8.0,EXACT
LPT-11539.corp.local,5.0,0.0,1.0,3.0,2.0,189190061.86,164314708.92000002,4.0,0.0,0.0,False,0.0,5.0,PROBABLE
WS_11295,2.0,0.0,0.0,2.0,2.0,68617987.0,69275171.64,2.0,0.0,0.0,False,0.0,2.0,PROBABLE
WS_10888,1.0,0.0,0.0,0.0,0.0,17625111.0,420125.0,0.0,0.0,0.0,False,0.0,1.0,PROBABLE
VDR-11292,6.0,0.0,1.0,4.0,3.0,163166490.22,178985600.28,5.0,2.0,0.0,True,0.0,8.0,EXACT
VDR-10010.corp.local,2.0,2.0,0.0,1.0,2.0,34584164.480000004,51784919.64,2.0,0.0,0.0,False,1.0,2.0,PROBABLE
VDR-12184.corp.local,2.0,0.0,0.0,0.0,1.0,42093472.22,59441156.64,2.0,0.0,0.0,False,0.0,2.0,PROBABLE
WS_11974,2.0,0.0,1.0,1.0,2.0,42319270.22,24001933.0,2.0,0.0,0.0,False,0.0,2.0,PROBABLE
ws-12491,1.0,0.0,0.0,0.0,0.0,27635576.0,32178272.0,1.0,0.0,0.0,False,0.0,1.0,PROBABLE
WS-11098.corp.local,1.0,0.0,0.0,0.0,0.0,20829924.0,26864517.12,1.0,0.0,0.0,False,0.0,1.0,PROBABLE
VDR-11266,7.0,3.0,0.0,1.0,6.0,171783079.26,187413866.0,7.0,3.0,0.0,True,0.42857142857142855,10.0,EXACT
VDR-11982,4.0,1.0,0.0,0.0,2.0,139704641.22,77807176.0,4.0,3.0,0.0,True,0.25,7.0,EXACT
VDR_11389,1.0,0.0,0.0,1.0,0.0,24819643.22,8949729.0,1.0,0.0,0.0,False,0.0,1.0,PROBABLE
ws-11481,1.0,0.0,0.0,0.0,0.0,36979008.0,24526192.64,1.0,0.0,0.0,False,0.0,1.0,PROBABLE
LPT-11551,7.0,0.0,2.0,4.0,3.0,217748424.68,87068827.52000001,7.0,1.0,0.0,True,0.0,8.0,EXACT
VDR-10444.corp.local,1.0,0.0,0.0,1.0,1.0,24819643.22,35966767.0,1.0,0.0,0.0,False,0.0,1.0,PROBABLE
lpt-11285,4.0,1.0,0.0,1.0,2.0,137994819.1,110264476.0,3.0,0.0,0.0,False,0.25,4.0,PROBABLE
WS_12124,2.0,1.0,0.0,1.0,1.0,51795952.22,49052385.28,1.0,0.0,0.0,False,0.5,2.0,PROBABLE
LPT-11491,7.0,0.0,0.0,4.0,1.0,208407386.54,202464678.12,7.0,3.0,0.0,True,0.0,10.0,EXACT
VDR-10701,6.0,1.0,1.0,3.0,4.0,134082941.66,153961885.07999998,5.0,1.0,0.0,True,0.16666666666666666,7.0,EXACT
ws-12931,2.0,0.0,0.0,2.0,1.0,30804058.22,68056227.16,2.0,0.0,0.0,False,0.0,2.0,PROBABLE
vdr-12129,5.0,0.0,1.0,3.0,4.0,96874081.22,105294869.28,5.0,0.0,0.0,False,0.0,5.0,PROBABLE
vdr-12073,1.0,1.0,0.0,1.0,1.0,15150728.0,19937707.0,1.0,0.0,0.0,False,1.0,1.0,PROBABLE
LPT-11353,8.0,1.0,1.0,2.0,6.0,210595592.07999998,207830073.72,7.0,6.0,1.0,True,0.125,14.0,EXACT
LPT-12467.corp.local,1.0,1.0,0.0,1.0,0.0,24819643.22,19415057.0,1.0,0.0,0.0,False,1.0,1.0,PROBABLE
WS-10746,3.0,0.0,0.0,1.0,2.0,98512123.9,106969836.64,3.0,4.0,1.0,True,0.0,7.0,EXACT
LPT-11359.corp.local,2.0,0.0,0.0,0.0,1.0,47419308.22,30897279.64,1.0,0.0,0.0,False,0.0,2.0,PROBABLE
vdr-12032,2.0,1.0,0.0,1.0,1.0,65048013.12,71016174.64,2.0,0.0,0.0,False,0.5,2.0,PROBABLE
WS-10849,7.0,0.0,2.0,5.0,4.0,226974400.1,196428319.16,6.0,1.0,0.0,True,0.0,8.0,EXACT
VDR-12513,6.0,1.0,0.0,2.0,2.0,130714110.02,173666236.68,5.0,3.0,0.0,False,0.16666666666666666,9.0,PROBABLE
WS_10884,1.0,0.0,0.0,0.0,0.0,23384951.0,26071601.0,1.0,0.0,0.0,False,0.0,1.0,PROBABLE
WS-12595,13.0,2.0,2.0,11.0,7.0,338332453.32,340685891.44,11.0,3.0,0.0,True,0.15384615384615385,16.0,EXACT
VDR-12676,4.0,2.0,0.0,3.0,2.0,123384928.53999999,86302986.24000001,3.0,3.0,0.0,True,0.5,7.0,EXACT
lpt-11890,1.0,0.0,0.0,1.0,0.0,20182831.0,6676631.0,0.0,0.0,0.0,False,0.0,1.0,PROBABLE
WS-11621,11.0,3.0,0.0,4.0,8.0,249407649.6,288436988.8,11.0,2.0,0.0,True,0.2727272727272727,13.0,EXACT
ws-11406,1.0,0.0,0.0,0.0,0.0,24819643.22,46839889.92,1.0,0.0,0.0,False,0.0,1.0,PROBABLE
VDR-11812,10.0,4.0,1.0,6.0,7.0,203083465.34,296276458.68,10.0,1.0,0.0,True,0.4,11.0,EXACT
lpt-10106,1.0,0.0,0.0,0.0,0.0,24819643.22,28445885.0,1.0,0.0,0.0,False,0.0,1.0,PROBABLE
LPT-11735,3.0,1.0,0.0,1.0,2.0,106854290.0,40893974.64,3.0,3.0,1.0,True,0.3333333333333333,6.0,EXACT
WS-11243,7.0,1.0,1.0,4.0,3.0,180380223.44,174952727.92000002,7.0,0.0,0.0,True,0.14285714285714285,7.0,EXACT
LPT-11085.corp.local,1.0,0.0,0.0,0.0,0.0,15490396.16,24526192.64,1.0,0.0,0.0,False,0.0,1.0,PROBABLE
LPT_11869,1.0,0.0,0.0,0.0,1.0,24819643.22,24526192.64,1.0,0.0,0.0,False,0.0,1.0,PROBABLE
VDR-10329.corp.local,1.0,0.0,0.0,1.0,1.0,9848009.0,24526192.64,1.0,0.0,0.0,False,0.0,1.0,PROBABLE
lpt-11431,1.0,1.0,0.0,1.0,0.0,6654998.0,49444486.0,1.0,0.0,0.0,False,1.0,1.0,PROBABLE
vdr-10772,2.0,1.0,1.0,1.0,1.0,37738099.54,25621384.64,1.0,0.0,0.0,False,0.5,2.0,PROBABLE
LPT-12871.corp.local,1.0,0.0,0.0,1.0,0.0,31634152.0,8162408.0,1.0,0.0,0.0,False,0.0,1.0,PROBABLE
ws-10874,2.0,0.0,0.0,0.0,0.0,48640892.22,66318390.480000004,1.0,0.0,0.0,False,0.0,2.0,PROBABLE
ws-12472,1.0,1.0,0.0,0.0,1.0,32768997.0,33260830.72,1.0,0.0,0.0,False,1.0,1.0,PROBABLE
WS-11242,7.0,3.0,0.0,1.0,5.0,172859773.07999998,153213265.64,6.0,0.0,0.0,True,0.42857142857142855,7.0,EXACT
VDR-10571,3.0,1.0,0.0,1.0,1.0,76565637.22,92939118.72,3.0,3.0,0.0,False,0.3333333333333333,6.0,PROBABLE
WS-10448.corp.local,3.0,0.0,0.0,1.0,0.0,99251027.25999999,39152025.0,2.0,0.0,0.0,False,0.0,3.0,PROBABLE
WS-12808,8.0,1.0,0.0,4.0,6.0,192051128.57999998,117437211.36,8.0,2.0,0.0,True,0.125,10.0,EXACT
LPT-11984,5.0,1.0,0.0,2.0,4.0,135713016.78,87837537.2,5.0,1.0,0.0,True,0.2,6.0,EXACT
VDR-11375.corp.local,1.0,0.0,0.0,0.0,1.0,6849647.0,24526192.64,1.0,0.0,0.0,False,0.0,1.0,PROBABLE
ws-12418,1.0,0.0,0.0,0.0,1.0,33540515.0,24526192.64,1.0,0.0,0.0,False,0.0,1.0,PROBABLE
WS-11198,11.0,3.0,1.0,7.0,5.0,219481676.72,246936519.92000002,9.0,0.0,0.0,False,0.2727272727272727,11.0,PROBABLE
ws-12117,1.0,0.0,0.0,0.0,0.0,5432296.0,24526192.64,1.0,0.0,0.0,False,0.0,1.0,PROBABLE
LPT_11732,1.0,0.0,0.0,1.0,0.0,45559715.0,24526192.64,1.0,0.0,0.0,False,0.0,1.0,PROBABLE
VDR-12369,6.0,0.0,1.0,3.0,4.0,86394938.06,127545130.04,5.0,2.0,0.0,True,0.0,8.0,EXACT
vdr-12688,3.0,0.0,0.0,0.0,1.0,85211601.22,94335109.28,1.0,0.0,0.0,False,0.0,3.0,PROBABLE
WS_11401,1.0,0.0,0.0,0.0,0.0,1484560.0,1046802.0,1.0,0.0,0.0,False,0.0,1.0,PROBABLE
LPT-11184,8.0,2.0,2.0,3.0,5.0,217987873.02,241951000.56,7.0,4.0,0.0,True,0.25,12.0,EXACT
LPT_11541,2.0,0.0,0.0,1.0,1.0,58727570.26,44367050.64,2.0,0.0,0.0,False,0.0,2.0,PROBABLE
LPT_11831,1.0,0.0,1.0,0.0,1.0,43200477.0,24580988.0,1.0,0.0,0.0,False,0.0,1.0,PROBABLE
vdr-12604,1.0,0.0,0.0,1.0,0.0,5331231.0,30576476.16,0.0,0.0,0.0,False,0.0,1.0,PROBABLE
LPT-10804.corp.local,3.0,1.0,0.0,1.0,1.0,63309504.22,70276915.64,2.0,0.0,0.0,False,0.3333333333333333,3.0,PROBABLE
vdr-10761,1.0,0.0,0.0,0.0,1.0,16130574.0,42206653.0,1.0,0.0,0.0,False,0.0,1.0,PROBABLE
WS_12695,2.0,1.0,0.0,0.0,2.0,27038998.22,49052385.28,2.0,0.0,0.0,False,0.5,2.0,PROBABLE
lpt-10798,1.0,0.0,0.0,1.0,0.0,29351779.0,24526192.64,0.0,0.0,0.0,False,0.0,1.0,PROBABLE
ws-10764,1.0,0.0,0.0,0.0,0.0,9258926.08,9222045.0,1.0,0.0,0.0,False,0.0,1.0,PROBABLE
vdr-11996,1.0,0.0,0.0,0.0,1.0,8410150.0,25635758.0,0.0,0.0,0.0,False,0.0,1.0,PROBABLE
VDR_12869,1.0,0.0,0.0,1.0,1.0,42121985.0,19181984.0,1.0,0.0,0.0,False,0.0,1.0,PROBABLE
VDR-11527,8.0,0.0,0.0,4.0,1.0,214603288.14,229062585.96,6.0,1.0,0.0,True,0.0,9.0,EXACT
WS-12887,8.0,2.0,1.0,4.0,6.0,217606971.6,246265050.76,8.0,4.0,1.0,True,0.25,12.0,EXACT
WS-11595,4.0,2.0,1.0,3.0,3.0,134560320.6,97390028.2,2.0,1.0,0.0,True,0.5,5.0,EXACT
VDR-10357.corp.local,2.0,0.0,0.0,0.0,2.0,39100715.86,77432180.0,2.0,0.0,0.0,False,0.0,2.0,PROBABLE
WS_11069,1.0,0.0,0.0,0.0,0.0,29191690.0,24526192.64,1.0,0.0,0.0,False,0.0,1.0,PROBABLE
vdr-12949,1.0,1.0,0.0,1.0,1.0,3581505.0,37526864.0,1.0,0.0,0.0,False,1.0,1.0,PROBABLE
WS_10436,1.0,0.0,1.0,0.0,0.0,1514685.0,42503392.0,1.0,0.0,0.0,False,0.0,1.0,PROBABLE
WS-12093,7.0,2.0,0.0,2.0,3.0,174737365.2,167695689.16,6.0,4.0,1.0,True,0.2857142857142857,11.0,EXACT
lpt-11784,1.0,0.0,0.0,0.0,1.0,48795566.08,17812530.0,1.0,0.0,0.0,False,0.0,1.0,PROBABLE
LPT-11488,7.0,3.0,0.0,3.0,3.0,200245194.94,144521254.4,7.0,3.0,1.0,True,0.42857142857142855,10.0,EXACT
ws-12576,1.0,0.0,1.0,1.0,0.0,35421430.0,27493662.72,1.0,0.0,0.0,False,0.0,1.0,PROBABLE
VDR-10561.corp.local,1.0,1.0,0.0,0.0,1.0,48291612.0,24526192.64,1.0,0.0,0.0,False,1.0,1.0,PROBABLE
LPT-12729,4.0,1.0,0.0,1.0,2.0,131986694.0,97549694.28,3.0,2.0,0.0,True,0.25,6.0,EXACT
WS-10868,4.0,1.0,0.0,1.0,1.0,68557924.2,72207381.28,3.0,4.0,0.0,False,0.25,8.0,PROBABLE
vdr-12785,2.0,0.0,0.0,1.0,2.0,66095603.22,65189969.92,2.0,0.0,0.0,False,0.0,2.0,PROBABLE
lpt-11571,1.0,0.0,0.0,1.0,1.0,8531187.0,24526192.64,1.0,0.0,0.0,False,0.0,1.0,PROBABLE
vdr-10474,3.0,0.0,1.0,2.0,2.0,67142935.94,63210699.64,3.0,0.0,0.0,False,0.0,3.0,PROBABLE
VDR-11622,4.0,3.0,0.0,3.0,2.0,154066969.12,88423504.92,3.0,2.0,0.0,True,0.75,6.0,EXACT
WS-12334,7.0,1.0,1.0,6.0,3.0,183558630.0,203834269.92000002,7.0,2.0,0.0,True,0.14285714285714285,9.0,EXACT
WS-11985.corp.local,1.0,0.0,0.0,0.0,1.0,31603793.0,13766585.0,1.0,0.0,0.0,False,0.0,1.0,PROBABLE
lpt-11478,3.0,1.0,0.0,1.0,1.0,67774609.36,71991947.64,2.0,0.0,0.0,False,0.3333333333333333,3.0,PROBABLE
lpt-12778,1.0,0.0,0.0,0.0,0.0,49133102.0,24526192.64,1.0,0.0,0.0,False,0.0,1.0,PROBABLE
LPT-10691.corp.local,2.0,1.0,0.0,2.0,1.0,54349537.22,38834257.0,1.0,0.0,0.0,False,0.5,2.0,PROBABLE
LPT-12258,11.0,3.0,1.0,7.0,4.0,266910472.32,330884256.96,7.0,1.0,0.0,True,0.2727272727272727,12.0,EXACT
LPT-10771,6.0,3.0,0.0,4.0,3.0,166238579.44,164821372.6,5.0,2.0,0.0,False,0.5,8.0,PROBABLE
ws-12794,1.0,1.0,1.0,0.0,0.0,20037180.0,31808851.0,1.0,0.0,0.0,False,1.0,1.0,PROBABLE
lpt-11755,1.0,0.0,0.0,0.0,0.0,23655051.0,32338083.84,1.0,0.0,0.0,False,0.0,1.0,PROBABLE
WS-12902.corp.local,1.0,1.0,1.0,0.0,0.0,19535970.0,41804900.0,1.0,0.0,0.0,False,1.0,1.0,PROBABLE
VDR-11439.corp.local,4.0,0.0,1.0,2.0,1.0,145405554.38,110033508.96000001,4.0,0.0,0.0,False,0.0,4.0,PROBABLE
WS-12398.corp.local,1.0,0.0,0.0,0.0,1.0,33968523.0,31123773.0,1.0,0.0,0.0,False,0.0,1.0,PROBABLE
WS-10070.corp.local,1.0,0.0,0.0,0.0,0.0,36825989.12,19318481.0,1.0,0.0,0.0,False,0.0,1.0,PROBABLE
VDR-10007.corp.local,2.0,1.0,1.0,1.0,1.0,25427496.22,36851025.68,1.0,0.0,0.0,False,0.5,2.0,PROBABLE
WS-12561.corp.local,1.0,1.0,0.0,0.0,0.0,24819643.22,54768.0,0.0,0.0,0.0,False,1.0,1.0,PROBABLE
WS-10389,6.0,1.0,0.0,2.0,3.0,132348133.5,188106031.52,6.0,4.0,0.0,True,0.16666666666666666,10.0,EXACT
LPT_10177,1.0,0.0,0.0,1.0,0.0,15735755.0,14157148.16,1.0,0.0,0.0,False,0.0,1.0,PROBABLE
LPT-12755,5.0,1.0,0.0,3.0,1.0,113325923.66,141897916.56,5.0,1.0,0.0,False,0.2,6.0,PROBABLE
LPT_11504,1.0,0.0,1.0,0.0,0.0,24819643.22,25164462.08,1.0,0.0,0.0,False,0.0,1.0,PROBABLE
VDR_10924,1.0,1.0,0.0,1.0,1.0,14504933.0,24526192.64,1.0,0.0,0.0,False,1.0,1.0,PROBABLE
WS-11041,6.0,1.0,0.0,4.0,3.0,119358223.52,169774932.28,5.0,2.0,0.0,True,0.16666666666666666,8.0,EXACT
lpt-12314,1.0,0.0,0.0,0.0,1.0,24819643.22,40680223.0,1.0,0.0,0.0,False,0.0,1.0,PROBABLE
vdr-10621,1.0,1.0,0.0,0.0,1.0,37819625.0,7594735.0,0.0,0.0,0.0,False,1.0,1.0,PROBABLE
LPT_12474,1.0,0.0,0.0,0.0,0.0,24819643.22,20017315.84,1.0,0.0,0.0,False,0.0,1.0,PROBABLE
VDR-10310.corp.local,1.0,0.0,0.0,0.0,0.0,13437005.0,3093299.2,1.0,0.0,0.0,False,0.0,1.0,PROBABLE
WS-10988,6.0,2.0,0.0,2.0,3.0,128612600.44,203267454.16,6.0,1.0,0.0,True,0.3333333333333333,7.0,EXACT
WS-12446,6.0,2.0,1.0,4.0,3.0,136942864.9,139839881.44,5.0,6.0,1.0,True,0.3333333333333333,12.0,EXACT
LPT-11197,4.0,0.0,1.0,3.0,4.0,67426608.58,78399128.16,3.0,5.0,0.0,True,0.0,9.0,EXACT
LPT-11239,8.0,3.0,1.0,3.0,3.0,198054817.88,218965185.64,6.0,3.0,0.0,False,0.375,11.0,PROBABLE
WS-11416,6.0,1.0,1.0,2.0,1.0,149173401.54,145195216.6,4.0,1.0,0.0,True,0.16666666666666666,7.0,EXACT
lpt-12662,1.0,0.0,0.0,1.0,0.0,4393533.44,36079105.0,1.0,0.0,0.0,False,0.0,1.0,PROBABLE
WS-10117,5.0,2.0,1.0,5.0,3.0,144652406.68,72567599.64,5.0,3.0,0.0,True,0.4,8.0,EXACT
LPT-10081.corp.local,1.0,0.0,0.0,1.0,0.0,24819643.22,20164116.48,1.0,0.0,0.0,False,0.0,1.0,PROBABLE
LPT_12366,2.0,1.0,0.0,2.0,1.0,49639286.44,26555918.64,1.0,0.0,0.0,False,0.5,2.0,PROBABLE
WS-10849.corp.local,1.0,0.0,0.0,0.0,0.0,1197897.0,37953100.0,1.0,0.0,0.0,False,0.0,1.0,PROBABLE
WS_10969,2.0,0.0,0.0,1.0,2.0,68287549.44,49052385.28,2.0,0.0,0.0,False,0.0,2.0,PROBABLE
LPT-11572,6.0,0.0,0.0,3.0,4.0,135566782.76,139102306.64,5.0,2.0,1.0,True,0.0,8.0,EXACT
VDR-10914.corp.local,1.0,0.0,0.0,1.0,1.0,24819643.22,12058716.16,1.0,0.0,0.0,False,0.0,1.0,PROBABLE
WS-11262,10.0,5.0,0.0,6.0,5.0,224287060.72,205977769.56,7.0,5.0,1.0,True,0.5,15.0,EXACT
LPT_11321,1.0,0.0,0.0,0.0,0.0,44457763.0,24145449.0,1.0,0.0,0.0,False,0.0,1.0,PROBABLE
lpt-11881,1.0,0.0,0.0,1.0,0.0,47911317.0,25696295.0,0.0,0.0,0.0,False,0.0,1.0,PROBABLE
VDR-12185,9.0,1.0,1.0,5.0,5.0,192785734.72,203852614.28,5.0,0.0,0.0,True,0.1111111111111111,9.0,EXACT
vdr-12404,1.0,0.0,0.0,1.0,0.0,10024451.0,20218478.0,1.0,0.0,0.0,False,0.0,1.0,PROBABLE
LPT-12007.corp.local,1.0,0.0,1.0,0.0,1.0,38509028.0,18276070.0,1.0,0.0,0.0,False,0.0,1.0,PROBABLE
LPT_12167,3.0,1.0,0.0,3.0,3.0,62026233.22,70323229.64,3.0,0.0,0.0,False,0.3333333333333333,3.0,PROBABLE
VDR-11560,5.0,1.0,0.0,2.0,2.0,107996282.44,108706553.56,4.0,5.0,0.0,True,0.2,10.0,EXACT
LPT_11998,1.0,0.0,0.0,0.0,1.0,24819643.22,24526192.64,1.0,0.0,0.0,False,0.0,1.0,PROBABLE
WS_11198,1.0,0.0,0.0,0.0,1.0,14576506.88,20132659.2,1.0,0.0,0.0,False,0.0,1.0,PROBABLE
ws-10839,1.0,0.0,0.0,0.0,1.0,12018662.0,24526192.64,1.0,0.0,0.0,False,0.0,1.0,PROBABLE
ws-10913,2.0,0.0,0.0,1.0,0.0,49639286.44,49571423.64,2.0,0.0,0.0,False,0.0,2.0,PROBABLE
WS-12931.,0.0,0.0,0.0,0.0,0.0,0.0,0.0,0.0,0.0,0.0,True,0.0,0.0,EXACT
LPT-11282.corp.local,1.0,0.0,0.0,0.0,1.0,30187627.0,42620730.0,1.0,0.0,0.0,False,0.0,1.0,PROBABLE
VDR-12191,10.0,2.0,2.0,6.0,5.0,214122910.4,143741308.72,9.0,4.0,0.0,True,0.2,14.0,EXACT
WS-12172,2.0,0.0,0.0,1.0,2.0,40462515.22,46568755.2,2.0,3.0,0.0,True,0.0,5.0,EXACT
VDR-11008.corp.local,2.0,0.0,0.0,1.0,1.0,53777024.72,72498324.64,0.0,0.0,0.0,False,0.0,2.0,PROBABLE
WS-11194,6.0,0.0,0.0,3.0,3.0,180495925.12,158115018.64,6.0,5.0,0.0,True,0.0,11.0,EXACT
ws-10530,1.0,0.0,0.0,1.0,1.0,24819643.22,17439767.0,1.0,0.0,0.0,False,0.0,1.0,PROBABLE
vdr-12958,1.0,1.0,0.0,0.0,0.0,15928735.0,722508.0,1.0,0.0,0.0,False,1.0,1.0,PROBABLE
WS-11221.corp.local,1.0,0.0,0.0,0.0,0.0,24819643.22,33112839.0,1.0,0.0,0.0,False,0.0,1.0,PROBABLE
WS-11262.corp.local,1.0,1.0,0.0,0.0,1.0,13193658.0,3951259.0,1.0,0.0,0.0,False,1.0,1.0,PROBABLE
VDR_10485,1.0,0.0,0.0,1.0,0.0,23561502.72,24526192.64,0.0,0.0,0.0,False,0.0,1.0,PROBABLE
LPT-11470,5.0,2.0,0.0,3.0,2.0,122474468.48,67264772.64,5.0,2.0,0.0,False,0.4,7.0,PROBABLE
VDR_11666,2.0,0.0,1.0,1.0,0.0,24978880.22,61650363.0,2.0,0.0,0.0,False,0.0,2.0,PROBABLE
LPT-11270,8.0,3.0,1.0,3.0,3.0,214789653.64,219686668.56,7.0,1.0,0.0,True,0.375,9.0,EXACT
lpt-11446,3.0,2.0,0.0,0.0,0.0,56945449.44,90831191.64,1.0,0.0,0.0,False,0.6666666666666666,3.0,PROBABLE
WS-12909,9.0,4.0,0.0,3.0,6.0,294349523.84,247582342.44,7.0,4.0,1.0,True,0.4444444444444444,13.0,EXACT
VDR-10246,4.0,1.0,0.0,3.0,2.0,116774943.66,96648541.72,4.0,2.0,0.0,True,0.25,6.0,EXACT
LPT-11181,8.0,3.0,0.0,6.0,4.0,171020552.66,261477601.92000002,6.0,2.0,0.0,True,0.375,10.0,EXACT
VDR-12040,4.0,1.0,0.0,2.0,1.0,86777246.22,122821316.24000001,4.0,3.0,0.0,False,0.25,7.0,PROBABLE
lpt-12053,1.0,1.0,1.0,0.0,0.0,24819643.22,7744291.0,1.0,0.0,0.0,False,1.0,1.0,PROBABLE
VDR_11787,2.0,0.0,0.0,1.0,1.0,40376506.0,39375583.64,2.0,0.0,0.0,False,0.0,2.0,PROBABLE
lpt-12654,1.0,1.0,0.0,0.0,1.0,37326018.56,17373152.0,1.0,0.0,0.0,False,1.0,1.0,PROBABLE
vdr-12975,1.0,0.0,0.0,1.0,0.0,172674.0,23575291.0,1.0,0.0,0.0,False,0.0,1.0,PROBABLE
ws-12866,2.0,0.0,0.0,2.0,2.0,45768740.239999995,30687450.0,2.0,0.0,0.0,False,0.0,2.0,PROBABLE
VDR-10808,4.0,1.0,1.0,2.0,3.0,116062155.14,80456188.64,4.0,5.0,0.0,True,0.25,9.0,EXACT
WS-12720.corp.local,2.0,2.0,0.0,1.0,1.0,94776078.0,81673004.12,1.0,0.0,0.0,False,1.0,2.0,PROBABLE
WS-12728.corp.local,2.0,1.0,0.0,2.0,1.0,50820249.0,51088401.84,2.0,0.0,0.0,False,0.5,2.0,PROBABLE
LPT-10122,11.0,2.0,2.0,8.0,4.0,245226537.07999998,270721760.96,10.0,2.0,0.0,True,0.18181818181818182,13.0,EXACT
LPT-10028.corp.local,1.0,0.0,0.0,1.0,1.0,24819643.22,49054283.0,1.0,0.0,0.0,False,0.0,1.0,PROBABLE
lpt-12069,2.0,0.0,0.0,0.0,2.0,39960146.22,74729322.03999999,2.0,0.0,0.0,False,0.0,2.0,PROBABLE
LPT-11294,4.0,2.0,0.0,3.0,1.0,100958371.0,121238922.24000001,4.0,3.0,0.0,True,0.5,7.0,EXACT
vdr-11639,2.0,0.0,0.0,0.0,1.0,57138197.22,46007919.64,2.0,0.0,0.0,False,0.0,2.0,PROBABLE
WS-11517,9.0,4.0,1.0,4.0,5.0,182420319.04,282695732.28,7.0,4.0,0.0,True,0.4444444444444444,13.0,EXACT
WS-11461,6.0,3.0,1.0,3.0,3.0,125709524.0,132867162.0,6.0,2.0,0.0,True,0.5,8.0,EXACT
WS_11749,1.0,0.0,0.0,0.0,1.0,46940070.0,24526192.64,1.0,0.0,0.0,False,0.0,1.0,PROBABLE
WS_12081,1.0,0.0,0.0,1.0,0.0,35590584.32,31049880.0,1.0,0.0,0.0,False,0.0,1.0,PROBABLE
WS_12544,1.0,0.0,0.0,0.0,1.0,43256801.0,45073542.0,0.0,0.0,0.0,False,0.0,1.0,PROBABLE
VDR-12012,4.0,0.0,2.0,3.0,1.0,85921826.44,138962159.56,3.0,2.0,0.0,False,0.0,6.0,PROBABLE
WS_12596,1.0,1.0,0.0,0.0,1.0,40824006.0,36270504.0,1.0,0.0,0.0,False,1.0,1.0,PROBABLE
WS_11464,1.0,1.0,0.0,1.0,1.0,40297498.0,16658042.88,1.0,0.0,0.0,False,1.0,1.0,PROBABLE
vdr-11112,3.0,0.0,0.0,3.0,3.0,82584955.44,61911725.480000004,3.0,0.0,0.0,False,0.0,3.0,PROBABLE
LPT-10663.corp.local,1.0,1.0,0.0,0.0,1.0,26042104.0,7664929.0,1.0,0.0,0.0,False,1.0,1.0,PROBABLE
WS_11073,1.0,0.0,0.0,1.0,0.0,8045884.0,24526192.64,1.0,0.0,0.0,False,0.0,1.0,PROBABLE
WS-11026.corp.local,1.0,0.0,0.0,0.0,1.0,27383797.76,10412359.68,1.0,0.0,0.0,False,0.0,1.0,PROBABLE
VDR-10846,5.0,3.0,1.0,2.0,2.0,60732073.16,150211942.64,4.0,1.0,0.0,True,0.6,6.0,EXACT
lpt-10733,1.0,0.0,1.0,0.0,1.0,9803772.0,24526192.64,1.0,0.0,0.0,False,0.0,1.0,PROBABLE
WS-11367.corp.local,2.0,1.0,0.0,0.0,2.0,53913373.22,24996218.0,2.0,0.0,0.0,False,0.5,2.0,PROBABLE
ws-12311,2.0,0.0,0.0,2.0,1.0,35166982.32,26518487.04,1.0,0.0,0.0,False,0.0,2.0,PROBABLE
LPT_12534,1.0,0.0,0.0,0.0,0.0,24819643.22,38155470.0,1.0,0.0,0.0,False,0.0,1.0,PROBABLE
LPT-11755,8.0,2.0,1.0,3.0,3.0,168448026.29999998,180521233.56,6.0,5.0,0.0,True,0.25,13.0,EXACT
WS-12343,2.0,1.0,0.0,0.0,1.0,17194378.72,50244407.64,2.0,2.0,0.0,True,0.5,4.0,EXACT
lpt-11085,1.0,0.0,1.0,1.0,1.0,38744883.2,24526192.64,1.0,0.0,0.0,False,0.0,1.0,PROBABLE
WS-10467.corp.local,1.0,0.0,0.0,1.0,0.0,30565990.4,4462346.0,1.0,0.0,0.0,False,0.0,1.0,PROBABLE
LPT-12578.corp.local,1.0,0.0,0.0,1.0,0.0,19912458.24,27301426.0,1.0,0.0,0.0,False,0.0,1.0,PROBABLE
WS-11944.corp.local,3.0,1.0,0.0,3.0,1.0,120922571.22,42728572.92,2.0,0.0,0.0,False,0.3333333333333333,3.0,PROBABLE
WS-10660,4.0,0.0,0.0,2.0,4.0,78043540.44,87207255.08,2.0,2.0,2.0,True,0.0,6.0,EXACT
VDR-10605.corp.local,2.0,0.0,0.0,1.0,2.0,14214669.0,73076957.64,1.0,0.0,0.0,False,0.0,2.0,PROBABLE
LPT_10289,1.0,0.0,0.0,1.0,1.0,25028561.0,34064158.72,1.0,0.0,0.0,False,0.0,1.0,PROBABLE
WS-10134.,0.0,0.0,0.0,0.0,0.0,0.0,0.0,0.0,0.0,0.0,True,0.0,0.0,EXACT
vdr-12513,2.0,1.0,0.0,1.0,0.0,26938717.0,91579389.0,1.0,0.0,0.0,False,0.5,2.0,PROBABLE
WS-11809.corp.local,1.0,0.0,0.0,0.0,0.0,24819643.22,92009.0,1.0,0.0,0.0,False,0.0,1.0,PROBABLE
VDR-10597,2.0,0.0,0.0,0.0,0.0,49639286.44,67222225.56,1.0,6.0,1.0,True,0.0,8.0,EXACT
lpt-12683,4.0,1.0,0.0,3.0,0.0,90531181.66,84949376.0,3.0,0.0,0.0,False,0.25,4.0,PROBABLE
VDR-12210,3.0,1.0,0.0,1.0,2.0,77491392.44,104320829.44,2.0,4.0,1.0,True,0.3333333333333333,7.0,EXACT
LPT-10083,2.0,1.0,0.0,1.0,2.0,38105101.14,60901927.64,2.0,4.0,0.0,False,0.5,6.0,PROBABLE
WS-12671,15.0,2.0,1.0,6.0,8.0,377970230.48,382400181.52,14.0,2.0,0.0,True,0.13333333333333333,17.0,EXACT
ws-10973,1.0,0.0,0.0,1.0,1.0,24819643.22,16476239.0,1.0,0.0,0.0,False,0.0,1.0,PROBABLE
lpt-12888,1.0,1.0,0.0,0.0,1.0,15722240.0,8178892.8,1.0,0.0,0.0,False,1.0,1.0,PROBABLE
ws-12952,1.0,0.0,0.0,0.0,0.0,24819643.22,32572128.0,1.0,0.0,0.0,False,0.0,1.0,PROBABLE
ws-11924,1.0,0.0,0.0,0.0,0.0,8830427.0,25522339.84,1.0,0.0,0.0,False,0.0,1.0,PROBABLE
lpt-11615,1.0,0.0,0.0,1.0,0.0,31509708.8,34464817.0,1.0,0.0,0.0,False,0.0,1.0,PROBABLE
WS-12537,7.0,1.0,0.0,2.0,2.0,206879416.44,163344515.0,7.0,5.0,1.0,True,0.14285714285714285,12.0,EXACT
LPT-11638.corp.local,1.0,0.0,0.0,1.0,1.0,19656573.0,48863641.6,1.0,0.0,0.0,False,0.0,1.0,PROBABLE
VDR-12141,10.0,2.0,1.0,6.0,6.0,263349567.56,264356800.56,8.0,2.0,0.0,False,0.2,12.0,PROBABLE
LPT-11978,6.0,0.0,0.0,4.0,3.0,170253161.54,185248477.96,5.0,2.0,0.0,True,0.0,8.0,EXACT
WS_12234,2.0,0.0,1.0,1.0,2.0,63753270.1,44675891.199999996,2.0,0.0,0.0,False,0.0,2.0,PROBABLE
LPT-10567.corp.local,1.0,0.0,0.0,1.0,1.0,24819643.22,35695724.0,1.0,0.0,0.0,False,0.0,1.0,PROBABLE
VDR-11892.corp.local,1.0,0.0,0.0,1.0,0.0,24819643.22,14159304.0,1.0,0.0,0.0,False,0.0,1.0,PROBABLE
VDR-11946.corp.local,2.0,1.0,1.0,0.0,1.0,73629185.22,65162397.92,2.0,0.0,0.0,False,0.5,2.0,PROBABLE
VDR-10758,5.0,0.0,0.0,1.0,3.0,135710037.98,132741384.92,4.0,1.0,0.0,True,0.0,6.0,EXACT
LPT-10021,7.0,2.0,3.0,3.0,1.0,149380269.62,153681599.92000002,5.0,4.0,0.0,True,0.2857142857142857,11.0,EXACT
LPT-12471,6.0,1.0,0.0,4.0,4.0,142352027.66,120289198.56,5.0,1.0,0.0,True,0.16666666666666666,7.0,EXACT
LPT_12006,2.0,1.0,0.0,2.0,1.0,70820356.22,40419516.36,1.0,0.0,0.0,False,0.5,2.0,PROBABLE
LPT-12105,10.0,4.0,1.0,4.0,4.0,264305051.78,218454219.64,8.0,3.0,0.0,True,0.4,13.0,EXACT
VDR-10914.,0.0,0.0,0.0,0.0,0.0,0.0,0.0,0.0,0.0,0.0,True,0.0,0.0,EXACT
ws-12642,2.0,1.0,0.0,1.0,1.0,67592072.02,49007880.88,1.0,0.0,0.0,False,0.5,2.0,PROBABLE
vdr-11302,1.0,0.0,0.0,0.0,1.0,18382664.0,24526192.64,1.0,0.0,0.0,False,0.0,1.0,PROBABLE
LPT-10789.corp.local,2.0,0.0,0.0,1.0,1.0,87115244.52000001,36128880.64,2.0,0.0,0.0,False,0.0,2.0,PROBABLE
ws-12204,1.0,0.0,0.0,0.0,0.0,7524075.52,41374539.0,1.0,0.0,0.0,False,0.0,1.0,PROBABLE
WS-10113.corp.local,2.0,0.0,0.0,1.0,0.0,68668857.22,55021764.0,1.0,0.0,0.0,False,0.0,2.0,PROBABLE
LPT-10426,3.0,0.0,0.0,2.0,2.0,91066665.22,71371823.48,2.0,3.0,0.0,True,0.0,6.0,EXACT
VDR-12777,7.0,2.0,0.0,3.0,3.0,117609123.44,175927554.44,5.0,4.0,0.0,True,0.2857142857142857,11.0,EXACT
lpt-11341,1.0,1.0,0.0,1.0,0.0,20666573.0,45424912.0,1.0,0.0,0.0,False,1.0,1.0,PROBABLE
VDR-11676.corp.local,1.0,0.0,0.0,0.0,1.0,18848544.0,16495267.0,1.0,0.0,0.0,False,0.0,1.0,PROBABLE
ws-11127,1.0,1.0,0.0,1.0,0.0,22105175.0,49987160.0,1.0,0.0,0.0,False,1.0,1.0,PROBABLE
VDR-12190,6.0,1.0,0.0,2.0,4.0,111261410.53999999,113854125.72,5.0,0.0,0.0,True,0.16666666666666666,6.0,EXACT
LPT_12659,1.0,1.0,0.0,0.0,0.0,24819643.22,28074598.4,1.0,0.0,0.0,False,1.0,1.0,PROBABLE
VDR-12278.corp.local,2.0,0.0,0.0,2.0,2.0,52993692.0,68807203.64,2.0,0.0,0.0,False,0.0,2.0,PROBABLE
WS-11192.corp.local,1.0,0.0,0.0,1.0,1.0,33511065.6,22858956.8,1.0,0.0,0.0,False,0.0,1.0,PROBABLE
VDR-10110.corp.local,1.0,0.0,0.0,0.0,0.0,24819643.22,42131138.56,1.0,0.0,0.0,False,0.0,1.0,PROBABLE
LPT-12331,8.0,2.0,0.0,5.0,6.0,193782221.66,205998455.64,7.0,3.0,1.0,True,0.25,11.0,EXACT
WS-12632,9.0,2.0,1.0,6.0,6.0,287521465.92,212020607.2,8.0,1.0,0.0,True,0.2222222222222222,10.0,EXACT
LPT-11978.corp.local,2.0,0.0,0.0,2.0,1.0,57553982.22,29299812.64,2.0,0.0,0.0,False,0.0,2.0,PROBABLE
VDR-12543.corp.local,2.0,0.0,0.0,2.0,1.0,67364549.46000001,32042452.0,2.0,0.0,0.0,False,0.0,2.0,PROBABLE
VDR-12233,8.0,3.0,0.0,3.0,3.0,257312875.48,229206317.07999998,8.0,2.0,0.0,True,0.375,10.0,EXACT
ws-12266,2.0,0.0,0.0,1.0,2.0,33409669.22,62171781.64,2.0,0.0,0.0,False,0.0,2.0,PROBABLE
WS_11301,2.0,0.0,0.0,2.0,0.0,49639286.44,90261043.44,1.0,0.0,0.0,False,0.0,2.0,PROBABLE
VDR-10805,7.0,1.0,1.0,5.0,2.0,205733795.54,155948884.28,5.0,4.0,1.0,True,0.14285714285714285,11.0,EXACT
LPT-12331.corp.local,1.0,0.0,0.0,0.0,0.0,33311359.0,38084280.32,1.0,0.0,0.0,False,0.0,1.0,PROBABLE
LPT-10141,6.0,2.0,2.0,2.0,3.0,168874339.88,165452180.28,6.0,5.0,1.0,True,0.3333333333333333,11.0,EXACT
WS-10714,3.0,0.0,1.0,1.0,2.0,61658569.0,57852066.0,3.0,6.0,1.0,True,0.0,9.0,EXACT
LPT-11258,5.0,1.0,1.0,4.0,4.0,103372816.44,57453661.96,4.0,6.0,0.0,True,0.2,11.0,EXACT
VDR_12163,1.0,0.0,0.0,1.0,1.0,21153980.0,24526192.64,1.0,0.0,0.0,False,0.0,1.0,PROBABLE
VDR-12122,3.0,1.0,0.0,0.0,0.0,84456648.22,58911153.28,3.0,4.0,0.0,True,0.3333333333333333,7.0,EXACT
LPT-12747,10.0,3.0,0.0,5.0,4.0,230436283.7,257430640.28,9.0,2.0,0.0,True,0.3,12.0,EXACT
vdr-10983,2.0,0.0,1.0,1.0,2.0,35961439.0,28964380.64,2.0,0.0,0.0,False,0.0,2.0,PROBABLE
vdr-10116,2.0,0.0,1.0,2.0,0.0,25904248.22,28796675.64,1.0,0.0,0.0,False,0.0,2.0,PROBABLE
LPT-10460.corp.local,1.0,1.0,0.0,1.0,0.0,49882061.0,49796874.24,0.0,0.0,0.0,False,1.0,1.0,PROBABLE
WS-12873,9.0,0.0,0.0,3.0,8.0,181005171.84,212409129.56,6.0,2.0,0.0,True,0.0,11.0,EXACT
LPT-11574.corp.local,1.0,0.0,0.0,0.0,0.0,20212451.0,17398454.0,1.0,0.0,0.0,False,0.0,1.0,PROBABLE
LPT-11726.corp.local,1.0,1.0,0.0,0.0,0.0,2542622.0,24526192.64,1.0,0.0,0.0,False,1.0,1.0,PROBABLE
VDR-12465,9.0,1.0,0.0,6.0,4.0,288121512.44,273455701.48,8.0,2.0,0.0,True,0.1111111111111111,11.0,EXACT
VDR-10799.corp.local,1.0,0.0,0.0,1.0,1.0,42634012.0,46816778.0,1.0,0.0,0.0,False,0.0,1.0,PROBABLE
lpt-10894,1.0,0.0,0.0,0.0,0.0,17367767.0,33153492.0,1.0,0.0,0.0,False,0.0,1.0,PROBABLE
WS_12798,2.0,0.0,0.0,0.0,0.0,21237882.88,43872137.64,1.0,0.0,0.0,False,0.0,2.0,PROBABLE
ws-10770,1.0,0.0,0.0,0.0,0.0,3396291.0,1013254.0,1.0,0.0,0.0,False,0.0,1.0,PROBABLE
WS-11020,9.0,4.0,0.0,7.0,5.0,203856391.54,187585669.44,8.0,2.0,0.0,True,0.4444444444444444,11.0,EXACT
WS_10967,1.0,0.0,0.0,0.0,0.0,4024660.0,15989903.0,1.0,0.0,0.0,False,0.0,1.0,PROBABLE
VDR-10042,4.0,2.0,0.0,1.0,2.0,100853958.66,94406852.92,4.0,6.0,2.0,True,0.5,10.0,EXACT
VDR_10038,2.0,1.0,0.0,1.0,0.0,63364780.22,55244379.0,2.0,0.0,0.0,False,0.5,2.0,PROBABLE
lpt-10905,2.0,0.0,0.0,0.0,1.0,37589688.0,32631106.0,1.0,0.0,0.0,False,0.0,2.0,PROBABLE
LPT-11088.corp.local,1.0,0.0,0.0,1.0,1.0,24819643.22,40084211.0,1.0,0.0,0.0,False,0.0,1.0,PROBABLE
LPT-11626,12.0,3.0,0.0,5.0,7.0,223842650.89999998,267836711.68,11.0,2.0,0.0,False,0.25,14.0,PROBABLE
VDR-11645.corp.local,2.0,0.0,0.0,2.0,0.0,36972639.06,11561257.08,2.0,0.0,0.0,False,0.0,2.0,PROBABLE
LPT-12252.corp.local,2.0,1.0,0.0,1.0,0.0,49777782.22,57149422.0,2.0,0.0,0.0,False,0.5,2.0,PROBABLE
ws-12694,2.0,0.0,0.0,0.0,1.0,35891603.6,81100446.0,2.0,0.0,0.0,False,0.0,2.0,PROBABLE
VDR-12395,6.0,1.0,0.0,4.0,5.0,175211528.8,133048340.12,5.0,4.0,1.0,True,0.16666666666666666,10.0,EXACT
VDR-11407.corp.local,1.0,0.0,0.0,1.0,0.0,5436381.0,24526192.64,1.0,0.0,0.0,False,0.0,1.0,PROBABLE
WS-12614.corp.local,1.0,0.0,0.0,1.0,1.0,24819643.22,14685671.0,1.0,0.0,0.0,False,0.0,1.0,PROBABLE
VDR_12678,1.0,1.0,0.0,1.0,1.0,24819643.22,24526192.64,1.0,0.0,0.0,False,1.0,1.0,PROBABLE
ws-10945,1.0,0.0,0.0,1.0,0.0,33803118.0,34040799.0,1.0,0.0,0.0,False,0.0,1.0,PROBABLE
lpt-12202,3.0,1.0,0.0,1.0,1.0,97633072.0,66974178.64,3.0,0.0,0.0,False,0.3333333333333333,3.0,PROBABLE
WS-12515.corp.local,1.0,0.0,0.0,1.0,1.0,37906022.4,48498202.0,1.0,0.0,0.0,False,0.0,1.0,PROBABLE
WS-10344.corp.local,2.0,0.0,0.0,0.0,2.0,27488779.2,77521669.68,2.0,0.0,0.0,False,0.0,2.0,PROBABLE
VDR-11709.corp.local,1.0,1.0,1.0,1.0,0.0,12448973.0,24526192.64,1.0,0.0,0.0,False,1.0,1.0,PROBABLE
ws-12549,2.0,1.0,0.0,0.0,2.0,77730484.0,23870944.0,2.0,0.0,0.0,False,0.5,2.0,PROBABLE
WS-12851,3.0,1.0,0.0,3.0,3.0,73818600.97999999,98609503.64,2.0,8.0,0.0,False,0.3333333333333333,11.0,PROBABLE
VDR-11591.corp.local,2.0,0.0,0.0,1.0,2.0,49639286.44,31171537.0,2.0,0.0,0.0,False,0.0,2.0,PROBABLE
VDR-11021,5.0,0.0,2.0,2.0,3.0,157237370.56,115569910.0,5.0,2.0,1.0,True,0.0,7.0,EXACT
ws-11450,2.0,1.0,0.0,0.0,2.0,38716193.2,49052385.28,2.0,0.0,0.0,False,0.5,2.0,PROBABLE
LPT-10080,6.0,0.0,1.0,2.0,2.0,113400927.66,135557544.24,6.0,4.0,0.0,True,0.0,10.0,EXACT
LPT-11173.corp.local,1.0,0.0,0.0,1.0,0.0,45632758.0,14095011.0,1.0,0.0,0.0,False,0.0,1.0,PROBABLE
LPT-11070.corp.local,2.0,1.0,0.0,0.0,2.0,71808702.0,49365618.96,2.0,0.0,0.0,False,0.5,2.0,PROBABLE
LPT-12466,2.0,0.0,0.0,0.0,2.0,37405130.72,56450256.0,0.0,2.0,0.0,True,0.0,4.0,EXACT
vdr-11426,2.0,0.0,0.0,1.0,0.0,54434496.0,55347937.88,1.0,0.0,0.0,False,0.0,2.0,PROBABLE
WS-10602.corp.local,1.0,0.0,0.0,1.0,0.0,24819643.22,15556515.0,0.0,0.0,0.0,False,0.0,1.0,PROBABLE
WS-10252,9.0,2.0,0.0,3.0,5.0,215507566.18,255256307.0,8.0,2.0,1.0,False,0.2222222222222222,11.0,PROBABLE
WS-12454,6.0,0.0,0.0,4.0,3.0,130407460.14,145491636.52,5.0,1.0,0.0,False,0.0,7.0,PROBABLE
WS-11080,5.0,0.0,1.0,2.0,4.0,136995758.66,121268197.92,5.0,1.0,0.0,True,0.0,6.0,EXACT
WS-12671.corp.local,1.0,0.0,0.0,0.0,0.0,39564175.0,24526192.64,1.0,0.0,0.0,False,0.0,1.0,PROBABLE
WS-10727.corp.local,2.0,0.0,0.0,0.0,1.0,52671429.0,47889481.2,2.0,0.0,0.0,False,0.0,2.0,PROBABLE
vdr-10673,2.0,0.0,0.0,1.0,1.0,80997437.8,55803335.0,1.0,0.0,0.0,False,0.0,2.0,PROBABLE
WS-11391,2.0,1.0,0.0,0.0,2.0,57208598.22,62498861.0,2.0,3.0,0.0,True,0.5,5.0,EXACT
vdr-10758,1.0,0.0,0.0,1.0,1.0,35281592.32,15060827.0,1.0,0.0,0.0,False,0.0,1.0,PROBABLE
WS-11948.,0.0,0.0,0.0,0.0,0.0,0.0,0.0,0.0,0.0,0.0,True,0.0,0.0,EXACT
LPT-12322,10.0,3.0,1.0,6.0,5.0,251015558.22,217748639.76,10.0,4.0,0.0,False,0.3,14.0,PROBABLE
VDR-11012.corp.local,1.0,1.0,0.0,0.0,1.0,8976576.0,24526192.64,1.0,0.0,0.0,False,1.0,1.0,PROBABLE
VDR-11096.corp.local,1.0,1.0,0.0,0.0,0.0,24819643.22,16924098.0,0.0,0.0,0.0,False,1.0,1.0,PROBABLE
VDR-11074,9.0,1.0,2.0,4.0,5.0,190471686.44,130046608.68,9.0,2.0,0.0,True,0.1111111111111111,11.0,EXACT
VDR-12948,6.0,3.0,0.0,3.0,4.0,111079807.88,143056744.28,5.0,0.0,0.0,False,0.5,6.0,PROBABLE
lpt-11246,2.0,0.0,0.0,2.0,1.0,50425098.28,79283449.16,0.0,0.0,0.0,False,0.0,2.0,PROBABLE
WS-12812.corp.local,1.0,0.0,0.0,0.0,0.0,37347076.0,44207191.0,1.0,0.0,0.0,False,0.0,1.0,PROBABLE
VDR-11665.corp.local,2.0,2.0,0.0,2.0,2.0,79366665.0,50593792.0,2.0,0.0,0.0,False,1.0,2.0,PROBABLE
VDR_10343,1.0,0.0,0.0,1.0,0.0,29988722.0,39523726.0,1.0,0.0,0.0,False,0.0,1.0,PROBABLE
vdr-10791,1.0,0.0,0.0,1.0,0.0,24819643.22,20667432.96,1.0,0.0,0.0,False,0.0,1.0,PROBABLE
VDR-11681,5.0,1.0,0.0,2.0,3.0,147097231.22,120988371.64,4.0,6.0,0.0,True,0.2,11.0,EXACT
LPT_11353,1.0,0.0,0.0,1.0,0.0,11443590.0,24526192.64,0.0,0.0,0.0,False,0.0,1.0,PROBABLE
ws-11613,1.0,0.0,0.0,0.0,1.0,26475739.0,32366536.0,1.0,0.0,0.0,False,0.0,1.0,PROBABLE
VDR-11628.corp.local,2.0,0.0,0.0,0.0,1.0,45569669.0,25534568.64,2.0,0.0,0.0,False,0.0,2.0,PROBABLE
vdr-10864,1.0,0.0,0.0,0.0,0.0,21560133.0,34583760.0,1.0,0.0,0.0,False,0.0,1.0,PROBABLE
LPT-10891,9.0,1.0,1.0,2.0,8.0,177698554.92,198581183.96,5.0,0.0,0.0,True,0.1111111111111111,9.0,EXACT
WS_11953,1.0,0.0,0.0,0.0,1.0,38220595.2,47737114.0,1.0,0.0,0.0,False,0.0,1.0,PROBABLE
WS_11514,1.0,0.0,0.0,1.0,0.0,24819643.22,40793026.56,1.0,0.0,0.0,False,0.0,1.0,PROBABLE
lpt-11978,1.0,1.0,0.0,1.0,0.0,27980557.0,13681883.0,1.0,0.0,0.0,False,1.0,1.0,PROBABLE
WS-11562.corp.local,1.0,0.0,0.0,1.0,1.0,31787734.0,24526192.64,1.0,0.0,0.0,False,0.0,1.0,PROBABLE
ws-11563,1.0,1.0,0.0,0.0,1.0,41397780.48,24526192.64,1.0,0.0,0.0,False,1.0,1.0,PROBABLE
WS-10429,5.0,2.0,0.0,3.0,0.0,107630982.22,98176472.8,4.0,2.0,0.0,True,0.4,7.0,EXACT
LPT-11710.corp.local,3.0,0.0,0.0,1.0,3.0,58492435.0,78473095.64,3.0,0.0,0.0,False,0.0,3.0,PROBABLE
vdr-10492,2.0,0.0,1.0,1.0,1.0,86807418.47999999,59880458.24,2.0,0.0,0.0,False,0.0,2.0,PROBABLE
LPT-12080,11.0,1.0,1.0,8.0,7.0,295907896.24,289958374.32,10.0,2.0,0.0,True,0.09090909090909091,13.0,EXACT
lpt-12029,2.0,0.0,0.0,0.0,1.0,74713841.22,65664440.32,2.0,0.0,0.0,False,0.0,2.0,PROBABLE
VDR-10339.corp.local,1.0,1.0,0.0,1.0,1.0,27891620.0,806133.0,1.0,0.0,0.0,False,1.0,1.0,PROBABLE
VDR_10644,1.0,0.0,0.0,1.0,1.0,13615775.0,304087.04,1.0,0.0,0.0,False,0.0,1.0,PROBABLE
VDR-12247.,0.0,0.0,0.0,0.0,0.0,0.0,0.0,0.0,0.0,0.0,True,0.0,0.0,EXACT
lpt-10852,4.0,1.0,0.0,2.0,3.0,143932330.07999998,108892374.28,2.0,0.0,0.0,False,0.25,4.0,PROBABLE
WS-10048.corp.local,1.0,0.0,0.0,1.0,0.0,17871472.64,24526192.64,1.0,0.0,0.0,False,0.0,1.0,PROBABLE
LPT-10144.corp.local,1.0,1.0,0.0,0.0,0.0,7674044.0,19630152.0,1.0,0.0,0.0,False,1.0,1.0,PROBABLE
LPT_11818,2.0,0.0,0.0,1.0,0.0,22963162.0,47981230.16,2.0,0.0,0.0,False,0.0,2.0,PROBABLE
vdr-11802,2.0,0.0,0.0,2.0,2.0,61303679.04,40184111.64,2.0,0.0,0.0,False,0.0,2.0,PROBABLE
LPT_11683,1.0,1.0,0.0,0.0,0.0,39383460.0,13255680.0,1.0,0.0,0.0,False,1.0,1.0,PROBABLE
vdr-11479,1.0,0.0,0.0,1.0,1.0,43294914.0,27670369.0,1.0,0.0,0.0,False,0.0,1.0,PROBABLE
lpt-12520,3.0,1.0,0.0,2.0,1.0,118543868.6,55805214.72,2.0,0.0,0.0,False,0.3333333333333333,3.0,PROBABLE
vdr-10421,1.0,0.0,0.0,1.0,0.0,24819643.22,17044790.0,1.0,0.0,0.0,False,0.0,1.0,PROBABLE
LPT-10609,9.0,2.0,1.0,4.0,4.0,172599965.7,218511081.64,7.0,1.0,0.0,True,0.2222222222222222,10.0,EXACT
vdr-11962,1.0,0.0,0.0,0.0,1.0,24819643.22,27628519.0,1.0,0.0,0.0,False,0.0,1.0,PROBABLE
LPT_11506,1.0,0.0,0.0,1.0,1.0,24819643.22,24526192.64,1.0,0.0,0.0,False,0.0,1.0,PROBABLE
VDR-11165,5.0,1.0,1.0,1.0,3.0,69102958.25999999,120001403.64,3.0,3.0,0.0,True,0.2,8.0,EXACT
WS_12445,1.0,0.0,0.0,0.0,1.0,12452612.0,24526192.64,1.0,0.0,0.0,False,0.0,1.0,PROBABLE
LPT-10651,9.0,2.0,0.0,4.0,7.0,270691782.46,217768508.84,9.0,3.0,0.0,False,0.2222222222222222,12.0,PROBABLE
WS_12828,1.0,1.0,0.0,1.0,0.0,25875036.16,24526192.64,1.0,0.0,0.0,False,1.0,1.0,PROBABLE
ws-10148,2.0,0.0,0.0,1.0,2.0,60786661.22,61278547.0,2.0,0.0,0.0,False,0.0,2.0,PROBABLE
WS_11456,3.0,1.0,1.0,2.0,0.0,59493341.480000004,52754585.6,3.0,0.0,0.0,False,0.3333333333333333,3.0,PROBABLE
LPT-10122.corp.local,2.0,0.0,0.0,1.0,0.0,65406341.120000005,72876032.0,2.0,0.0,0.0,False,0.0,2.0,PROBABLE
WS-11153.corp.local,2.0,1.0,1.0,1.0,1.0,34700522.08,67922277.36,2.0,0.0,0.0,False,0.5,2.0,PROBABLE
LPT-11801,8.0,3.0,1.0,6.0,4.0,213341114.42,198011546.32,6.0,0.0,0.0,True,0.375,8.0,EXACT
VDR-10757,8.0,3.0,1.0,4.0,5.0,187866866.22,214627508.64,7.0,1.0,0.0,False,0.375,9.0,PROBABLE
LPT-12843,10.0,1.0,1.0,5.0,6.0,298766804.1,266406926.07999998,10.0,2.0,0.0,True,0.1,12.0,EXACT
vdr-10577,1.0,0.0,0.0,1.0,1.0,12672824.0,36788613.12,1.0,0.0,0.0,False,0.0,1.0,PROBABLE
WS-10895,10.0,2.0,0.0,6.0,5.0,204246154.88,339022145.71999997,8.0,5.0,1.0,True,0.2,15.0,EXACT
VDR-10924,7.0,0.0,1.0,5.0,6.0,140352520.66,229837877.84,6.0,3.0,0.0,True,0.0,10.0,EXACT
WS_10999,1.0,1.0,0.0,0.0,1.0,17322008.0,24526192.64,1.0,0.0,0.0,False,1.0,1.0,PROBABLE
WS-10119,6.0,1.0,1.0,3.0,3.0,188089271.51999998,182006414.64,2.0,3.0,1.0,False,0.16666666666666666,9.0,PROBABLE
LPT-12240.corp.local,1.0,0.0,0.0,1.0,1.0,37296027.0,24526192.64,0.0,0.0,0.0,False,0.0,1.0,PROBABLE
lpt-10378,1.0,0.0,0.0,0.0,1.0,24819643.22,24526192.64,1.0,0.0,0.0,False,0.0,1.0,PROBABLE
ws-10871,1.0,0.0,0.0,0.0,0.0,2194016.0,4476416.0,1.0,0.0,0.0,False,0.0,1.0,PROBABLE
LPT-10424.corp.local,2.0,1.0,0.0,1.0,1.0,73755693.22,58683409.64,2.0,0.0,0.0,False,0.5,2.0,PROBABLE
LPT-12651,13.0,2.0,1.0,8.0,4.0,307143024.65999997,280043978.4,13.0,5.0,1.0,True,0.15384615384615385,18.0,EXACT
VDR-10536,5.0,1.0,0.0,2.0,4.0,81617404.02,147540017.68,4.0,4.0,0.0,True,0.2,9.0,EXACT
LPT-12687,8.0,0.0,1.0,3.0,1.0,235865439.44,227109387.32,6.0,2.0,0.0,True,0.0,10.0,EXACT
VDR-10038.corp.local,1.0,0.0,0.0,0.0,1.0,8772501.0,22987278.0,0.0,0.0,0.0,False,0.0,1.0,PROBABLE
WS-11289.corp.local,1.0,0.0,0.0,0.0,1.0,22072876.0,30943558.0,1.0,0.0,0.0,False,0.0,1.0,PROBABLE
VDR-10109,5.0,1.0,0.0,0.0,3.0,144329791.51999998,126835161.28,5.0,6.0,1.0,True,0.2,11.0,EXACT
LPT-12116,6.0,2.0,0.0,3.0,3.0,186690051.44,135804329.56,5.0,1.0,0.0,True,0.3333333333333333,7.0,EXACT
LPT-11539,5.0,1.0,0.0,2.0,3.0,106223321.88,98110245.92,5.0,2.0,0.0,False,0.2,7.0,PROBABLE
VDR-11007.corp.local,1.0,0.0,0.0,0.0,1.0,32212452.0,33481774.0,1.0,0.0,0.0,False,0.0,1.0,PROBABLE
WS_12344,2.0,0.0,0.0,0.0,0.0,7214708.56,21508656.0,1.0,0.0,0.0,False,0.0,2.0,PROBABLE
LPT-10939.corp.local,1.0,0.0,0.0,0.0,1.0,24819643.22,24526192.64,1.0,0.0,0.0,False,0.0,1.0,PROBABLE
WS-12798,7.0,3.0,0.0,5.0,6.0,191920013.86,215393881.64,7.0,5.0,0.0,True,0.42857142857142855,12.0,EXACT
WS-12809.corp.local,2.0,0.0,0.0,1.0,1.0,25218370.22,44064562.0,2.0,0.0,0.0,False,0.0,2.0,PROBABLE
LPT_12378,1.0,0.0,0.0,0.0,0.0,24819643.22,33162201.0,1.0,0.0,0.0,False,0.0,1.0,PROBABLE
lpt-10437,3.0,1.0,1.0,1.0,1.0,71846991.0,47923288.44,3.0,0.0,0.0,False,0.3333333333333333,3.0,PROBABLE
LPT-11028,11.0,3.0,1.0,7.0,8.0,262600729.42,265659632.6,11.0,5.0,0.0,False,0.2727272727272727,16.0,PROBABLE
ws-10819,1.0,0.0,0.0,1.0,0.0,23561987.0,41081042.0,1.0,0.0,0.0,False,0.0,1.0,PROBABLE
LPT-10734.corp.local,1.0,1.0,0.0,1.0,1.0,44123300.0,33119114.0,1.0,0.0,0.0,False,1.0,1.0,PROBABLE
WS-12724,10.0,2.0,1.0,7.0,7.0,203703908.1,269793195.8,8.0,5.0,0.0,True,0.2,15.0,EXACT
vdr-10519,2.0,1.0,0.0,0.0,1.0,31877337.939999998,53453332.480000004,2.0,0.0,0.0,False,0.5,2.0,PROBABLE
LPT_11528,1.0,0.0,0.0,0.0,1.0,37319396.0,38252557.0,1.0,0.0,0.0,False,0.0,1.0,PROBABLE
ws-11336,2.0,0.0,0.0,1.0,2.0,85916772.75999999,60320308.0,2.0,0.0,0.0,False,0.0,2.0,PROBABLE
VDR_11858,1.0,1.0,1.0,1.0,1.0,12039758.0,24526192.64,1.0,0.0,0.0,False,1.0,1.0,PROBABLE
VDR-11888,6.0,1.0,0.0,3.0,2.0,170030936.24,136076276.76,6.0,1.0,0.0,True,0.16666666666666666,7.0,EXACT
vdr-11966,1.0,0.0,1.0,1.0,0.0,24819643.22,24526192.64,1.0,0.0,0.0,False,0.0,1.0,PROBABLE
LPT-11184.corp.local,1.0,1.0,0.0,1.0,1.0,23518055.0,24526192.64,1.0,0.0,0.0,False,1.0,1.0,PROBABLE
VDR-10599,9.0,2.0,0.0,2.0,1.0,199830484.1,199536398.12,8.0,1.0,0.0,True,0.2222222222222222,10.0,EXACT
VDR-11002.corp.local,1.0,0.0,0.0,0.0,1.0,48003809.28,34730968.0,1.0,0.0,0.0,False,0.0,1.0,PROBABLE
LPT-11742,6.0,1.0,0.0,1.0,1.0,132254707.66,138213531.92000002,6.0,2.0,0.0,True,0.16666666666666666,8.0,EXACT
WS-12898.corp.local,1.0,0.0,0.0,0.0,0.0,30145561.0,24526192.64,1.0,0.0,0.0,False,0.0,1.0,PROBABLE
LPT-10410.corp.local,2.0,0.0,0.0,0.0,0.0,58994093.88,29866194.0,1.0,0.0,0.0,False,0.0,2.0,PROBABLE
VDR-10248.corp.local,2.0,0.0,0.0,1.0,1.0,28049042.22,49906665.0,2.0,0.0,0.0,False,0.0,2.0,PROBABLE
lpt-11219,1.0,0.0,1.0,0.0,1.0,43903248.0,32498540.0,1.0,0.0,0.0,False,0.0,1.0,PROBABLE
ws-10352,2.0,1.0,0.0,1.0,0.0,49639286.44,24218858.72,1.0,0.0,0.0,False,0.5,2.0,PROBABLE
vdr-10443,1.0,0.0,0.0,1.0,0.0,47734294.0,24526192.64,1.0,0.0,0.0,False,0.0,1.0,PROBABLE
WS-12385,8.0,1.0,1.0,3.0,5.0,172874960.44,183857010.68,7.0,1.0,0.0,True,0.125,9.0,EXACT
LPT-12294,14.0,3.0,2.0,6.0,8.0,276149387.28,404999165.2,11.0,3.0,0.0,True,0.21428571428571427,17.0,EXACT
VDR-10110,11.0,2.0,1.0,5.0,6.0,341192294.24,212423932.16,10.0,1.0,0.0,True,0.18181818181818182,12.0,EXACT
WS-10556,2.0,1.0,0.0,1.0,1.0,34402542.0,39416153.64,2.0,1.0,0.0,True,0.5,3.0,EXACT
WS-11379,2.0,0.0,1.0,1.0,1.0,42059594.58,56088330.24,2.0,2.0,1.0,True,0.0,4.0,EXACT
VDR-12057.corp.local,2.0,0.0,0.0,1.0,2.0,73898078.0,30204026.4,1.0,0.0,0.0,False,0.0,2.0,PROBABLE
LPT_10654,1.0,0.0,0.0,1.0,1.0,15573340.16,6620161.0,1.0,0.0,0.0,False,0.0,1.0,PROBABLE
LPT_12947,1.0,1.0,0.0,0.0,1.0,24819643.22,24526192.64,1.0,0.0,0.0,False,1.0,1.0,PROBABLE
ws-10868,2.0,0.0,0.0,1.0,1.0,49639286.44,52018604.64,2.0,0.0,0.0,False,0.0,2.0,PROBABLE
lpt-10612,2.0,0.0,0.0,1.0,2.0,58146836.2,49052385.28,2.0,0.0,0.0,False,0.0,2.0,PROBABLE
VDR-12374,4.0,3.0,0.0,1.0,1.0,149195936.8,48246705.76,3.0,3.0,0.0,False,0.75,7.0,PROBABLE
VDR_10666,2.0,0.0,1.0,1.0,0.0,49639286.44,44560679.4,2.0,0.0,0.0,False,0.0,2.0,PROBABLE
WS-10512,10.0,1.0,2.0,7.0,5.0,210098883.14,195333847.0,8.0,1.0,0.0,True,0.1,11.0,EXACT
lpt-12326,4.0,0.0,0.0,3.0,1.0,85270722.66,102838253.52,4.0,0.0,0.0,False,0.0,4.0,PROBABLE
ws-10617,1.0,0.0,0.0,0.0,0.0,35053895.68,10236578.0,1.0,0.0,0.0,False,0.0,1.0,PROBABLE
LPT-11057,7.0,0.0,0.0,4.0,5.0,180271493.22,166108140.84,6.0,3.0,0.0,True,0.0,10.0,EXACT
LPT-11830,8.0,1.0,0.0,3.0,4.0,193742164.1,187985648.56,6.0,4.0,0.0,True,0.125,12.0,EXACT
WS-10884.corp.local,2.0,0.0,0.0,0.0,1.0,89485592.84,30005453.12,1.0,0.0,0.0,False,0.0,2.0,PROBABLE
lpt-10037,1.0,0.0,0.0,1.0,1.0,23414702.08,19053942.0,1.0,0.0,0.0,False,0.0,1.0,PROBABLE
lpt-12782,4.0,3.0,0.0,3.0,1.0,79322479.1,59193320.64,4.0,0.0,0.0,False,0.75,4.0,PROBABLE
vdr-10153,1.0,0.0,0.0,1.0,0.0,39594636.0,24526192.64,1.0,0.0,0.0,False,0.0,1.0,PROBABLE
VDR-12803,8.0,2.0,0.0,2.0,4.0,172065015.06,147813731.36,7.0,3.0,1.0,True,0.25,11.0,EXACT
VDR-12647.corp.local,1.0,1.0,0.0,0.0,0.0,14186977.28,27299579.0,1.0,0.0,0.0,False,1.0,1.0,PROBABLE
LPT_12658,1.0,0.0,0.0,0.0,1.0,16116613.12,24526192.64,1.0,0.0,0.0,False,0.0,1.0,PROBABLE
VDR-12580,8.0,0.0,0.0,1.0,4.0,196647761.94,188371230.0,8.0,6.0,1.0,True,0.0,14.0,EXACT
VDR-11495,10.0,2.0,1.0,3.0,5.0,264676167.44,240296964.76,7.0,3.0,0.0,True,0.2,13.0,EXACT
VDR_12886,1.0,1.0,0.0,0.0,1.0,24819643.22,30957158.4,1.0,0.0,0.0,False,1.0,1.0,PROBABLE
VDR-11215.corp.local,1.0,0.0,0.0,0.0,0.0,24819643.22,36521902.08,1.0,0.0,0.0,False,0.0,1.0,PROBABLE
WS_10720,1.0,0.0,0.0,1.0,1.0,8634000.0,10528296.0,0.0,0.0,0.0,False,0.0,1.0,PROBABLE
LPT-12621,2.0,0.0,0.0,2.0,2.0,48008831.22,64484421.0,2.0,2.0,1.0,True,0.0,4.0,EXACT
WS_10915,1.0,1.0,0.0,0.0,1.0,25341662.0,4721244.16,1.0,0.0,0.0,False,1.0,1.0,PROBABLE
WS-10697,8.0,2.0,0.0,5.0,5.0,207084289.22,134974888.32,7.0,5.0,1.0,True,0.25,13.0,EXACT
ws-11098,2.0,1.0,0.0,1.0,0.0,35695068.0,10920906.0,2.0,0.0,0.0,False,0.5,2.0,PROBABLE
LPT-12904,9.0,2.0,1.0,5.0,6.0,249884345.9,164644888.2,8.0,1.0,0.0,True,0.2222222222222222,10.0,EXACT
lpt-12703,3.0,1.0,0.0,2.0,1.0,71931770.22,56199907.32,2.0,0.0,0.0,False,0.3333333333333333,3.0,PROBABLE
ws-10399,2.0,0.0,0.0,2.0,2.0,74437049.92,59779317.76,2.0,0.0,0.0,False,0.0,2.0,PROBABLE
WS-10686,3.0,0.0,0.0,3.0,0.0,53700420.44,53136921.28,2.0,1.0,0.0,False,0.0,4.0,PROBABLE
LPT_10463,1.0,0.0,0.0,0.0,1.0,24819643.22,24526192.64,1.0,0.0,0.0,False,0.0,1.0,PROBABLE
VDR-11778,7.0,2.0,0.0,1.0,4.0,197703400.48,157928861.36,7.0,3.0,0.0,True,0.2857142857142857,10.0,EXACT
ws-12915,1.0,0.0,0.0,0.0,0.0,37580963.84,11572121.6,0.0,0.0,0.0,False,0.0,1.0,PROBABLE
LPT_10931,1.0,1.0,0.0,1.0,0.0,28387455.0,16361420.0,1.0,0.0,0.0,False,1.0,1.0,PROBABLE
LPT-12015,5.0,1.0,0.0,3.0,4.0,127772677.1,130806604.75999999,5.0,4.0,0.0,True,0.2,9.0,EXACT
WS-10696.corp.local,2.0,0.0,0.0,0.0,1.0,36123292.5,59332497.64,2.0,0.0,0.0,False,0.0,2.0,PROBABLE
VDR_10599,1.0,1.0,1.0,1.0,1.0,11502371.0,47072784.0,1.0,0.0,0.0,False,1.0,1.0,PROBABLE
vdr-11676,3.0,1.0,0.0,1.0,2.0,68947916.16,91978200.0,3.0,0.0,0.0,False,0.3333333333333333,3.0,PROBABLE
WS-10392,4.0,1.0,1.0,1.0,3.0,93259380.44,83136601.12,4.0,0.0,0.0,True,0.25,4.0,EXACT
WS-11364,7.0,3.0,0.0,4.0,2.0,213245579.4,161354669.64,7.0,1.0,0.0,True,0.42857142857142855,8.0,EXACT
WS_10456,1.0,0.0,0.0,1.0,1.0,24819643.22,8716802.0,1.0,0.0,0.0,False,0.0,1.0,PROBABLE
VDR_12811,1.0,1.0,0.0,1.0,1.0,48150609.92,24526192.64,1.0,0.0,0.0,False,1.0,1.0,PROBABLE
LPT_11191,1.0,1.0,0.0,1.0,0.0,20588901.0,21425754.0,1.0,0.0,0.0,False,1.0,1.0,PROBABLE
WS-11410,13.0,2.0,0.0,4.0,3.0,308240533.38,372545832.84000003,11.0,5.0,1.0,True,0.15384615384615385,18.0,EXACT
LPT-11409,10.0,2.0,1.0,7.0,5.0,232321664.2,270415516.44,8.0,3.0,1.0,True,0.2,13.0,EXACT
LPT-12257,8.0,1.0,0.0,5.0,5.0,131520748.25999999,200035011.44,7.0,2.0,0.0,False,0.125,10.0,PROBABLE
VDR-10056.corp.local,2.0,0.0,0.0,1.0,1.0,14567192.0,75209951.0,2.0,0.0,0.0,False,0.0,2.0,PROBABLE
LPT-12510.corp.local,1.0,0.0,0.0,0.0,1.0,13264486.4,38452476.0,1.0,0.0,0.0,False,0.0,1.0,PROBABLE
LPT_11534,2.0,0.0,0.0,1.0,2.0,64315173.0,61390762.64,2.0,0.0,0.0,False,0.0,2.0,PROBABLE
WS_11416,1.0,0.0,0.0,1.0,1.0,24819643.22,24526192.64,1.0,0.0,0.0,False,0.0,1.0,PROBABLE
LPT-11254,10.0,1.0,0.0,3.0,6.0,243211708.78,283692009.56,8.0,2.0,0.0,True,0.1,12.0,EXACT
LPT-10511,10.0,2.0,1.0,4.0,6.0,284899379.44,197821635.92000002,9.0,5.0,1.0,True,0.2,15.0,EXACT
LPT-10171.corp.local,2.0,0.0,0.0,1.0,1.0,48493357.0,36344608.0,2.0,0.0,0.0,False,0.0,2.0,PROBABLE
LPT-10198,8.0,1.0,0.0,2.0,4.0,192681912.3,243000474.76,7.0,2.0,1.0,True,0.125,10.0,EXACT
LPT-12376,8.0,0.0,1.0,2.0,3.0,138276535.88,208388826.56,7.0,0.0,0.0,True,0.0,8.0,EXACT
WS-11542,6.0,1.0,0.0,3.0,3.0,134979774.62,171886890.64,4.0,1.0,0.0,True,0.16666666666666666,7.0,EXACT
WS-10941,7.0,1.0,0.0,2.0,0.0,135687564.0,194442817.92000002,7.0,1.0,0.0,True,0.14285714285714285,8.0,EXACT
ws-11352,2.0,1.0,0.0,2.0,2.0,49830539.22,13780648.52,1.0,0.0,0.0,False,0.5,2.0,PROBABLE
lpt-11321,2.0,0.0,0.0,1.0,1.0,36819309.22,49052385.28,2.0,0.0,0.0,False,0.0,2.0,PROBABLE
lpt-12106,2.0,0.0,0.0,1.0,0.0,74794775.38,57484394.64,1.0,0.0,0.0,False,0.0,2.0,PROBABLE
VDR-10454,7.0,0.0,1.0,3.0,3.0,160363009.85999998,164702131.72,4.0,4.0,0.0,True,0.0,11.0,EXACT
LPT-12102,6.0,2.0,0.0,4.0,3.0,163972658.35999998,138190518.56,5.0,5.0,0.0,True,0.3333333333333333,11.0,EXACT
WS_12879,1.0,0.0,0.0,0.0,1.0,45839780.0,24526192.64,1.0,0.0,0.0,False,0.0,1.0,PROBABLE
LPT-12900.corp.local,1.0,1.0,1.0,0.0,0.0,24819643.22,24526192.64,1.0,0.0,0.0,False,1.0,1.0,PROBABLE
LPT-11124,5.0,0.0,2.0,2.0,3.0,118617565.44,116660913.64,5.0,1.0,0.0,True,0.0,6.0,EXACT
VDR-10966.corp.local,1.0,0.0,0.0,0.0,0.0,30112256.0,12678593.0,1.0,0.0,0.0,False,0.0,1.0,PROBABLE
vdr-12215,2.0,1.0,0.0,1.0,1.0,35753801.22,56656460.64,1.0,0.0,0.0,False,0.5,2.0,PROBABLE
LPT_12203,1.0,1.0,0.0,1.0,0.0,24819643.22,6172021.0,1.0,0.0,0.0,False,1.0,1.0,PROBABLE
ws-12334,1.0,0.0,0.0,1.0,1.0,24819643.22,41800116.0,1.0,0.0,0.0,False,0.0,1.0,PROBABLE
VDR-12784,6.0,2.0,0.0,4.0,2.0,143306411.22,173486668.92000002,6.0,5.0,0.0,True,0.3333333333333333,11.0,EXACT
WS-12592.corp.local,1.0,0.0,0.0,1.0,0.0,25258519.0,20072988.0,1.0,0.0,0.0,False,0.0,1.0,PROBABLE
VDR-10983,6.0,2.0,0.0,4.0,4.0,168536635.54,229021459.36,5.0,1.0,0.0,True,0.3333333333333333,7.0,EXACT
lpt-12968,4.0,0.0,0.0,3.0,3.0,99278572.88,120031313.64,4.0,0.0,0.0,False,0.0,4.0,PROBABLE
VDR_12624,2.0,0.0,0.0,2.0,1.0,72424993.62,46813856.0,2.0,0.0,0.0,False,0.0,2.0,PROBABLE
LPT-12578,6.0,0.0,0.0,2.0,2.0,169708770.12,153453506.64,5.0,4.0,1.0,True,0.0,10.0,EXACT
VDR-11389,3.0,0.0,0.0,1.0,3.0,49166598.0,65986911.28,3.0,2.0,0.0,True,0.0,5.0,EXACT
vdr-11916,1.0,0.0,0.0,0.0,1.0,35020062.72,44023157.0,1.0,0.0,0.0,False,0.0,1.0,PROBABLE
VDR-11455,7.0,1.0,1.0,4.0,3.0,236915140.1,157332475.64,7.0,3.0,0.0,True,0.14285714285714285,10.0,EXACT
VDR-12738,7.0,0.0,1.0,4.0,4.0,143296996.58,172493505.28,6.0,4.0,1.0,True,0.0,11.0,EXACT
WS-11516,5.0,1.0,0.0,1.0,2.0,84776009.22,130785395.4,5.0,2.0,1.0,True,0.2,7.0,EXACT
WS_12716,1.0,0.0,1.0,1.0,1.0,41217715.0,21060171.0,1.0,0.0,0.0,False,0.0,1.0,PROBABLE
VDR-11846,7.0,3.0,1.0,4.0,4.0,198620655.44,191716766.92000002,5.0,4.0,1.0,True,0.42857142857142855,11.0,EXACT
vdr-11451,1.0,1.0,0.0,1.0,1.0,24819643.22,24526192.64,1.0,0.0,0.0,False,1.0,1.0,PROBABLE
WS-10866,8.0,0.0,0.0,5.0,4.0,190861870.01999998,174649754.44,7.0,3.0,0.0,True,0.0,11.0,EXACT
lpt-10804,1.0,1.0,0.0,1.0,1.0,37417569.0,24526192.64,1.0,0.0,0.0,False,1.0,1.0,PROBABLE
WS-12930,14.0,4.0,1.0,5.0,8.0,291697567.12,276730078.32,11.0,1.0,0.0,True,0.2857142857142857,15.0,EXACT
VDR-12579.corp.local,1.0,0.0,0.0,1.0,0.0,24819643.22,1616300.0,1.0,0.0,0.0,False,0.0,1.0,PROBABLE
LPT-11638.,0.0,0.0,0.0,0.0,0.0,0.0,0.0,0.0,0.0,0.0,True,0.0,0.0,EXACT
ws-12674,1.0,0.0,1.0,1.0,1.0,24819643.22,48454696.96,1.0,0.0,0.0,False,0.0,1.0,PROBABLE
lpt-12810,3.0,0.0,1.0,3.0,2.0,93971394.58,28116055.12,3.0,0.0,0.0,False,0.0,3.0,PROBABLE
LPT_10935,1.0,0.0,0.0,1.0,1.0,20975844.0,2369781.76,1.0,0.0,0.0,False,0.0,1.0,PROBABLE
LPT_10989,1.0,0.0,0.0,0.0,0.0,3090206.0,23528144.0,1.0,0.0,0.0,False,0.0,1.0,PROBABLE
LPT-10939,11.0,2.0,0.0,3.0,8.0,283411970.34,261081235.68,6.0,2.0,0.0,True,0.18181818181818182,13.0,EXACT
VDR-11145.corp.local,1.0,0.0,0.0,0.0,0.0,40080567.0,34461554.0,1.0,0.0,0.0,False,0.0,1.0,PROBABLE
lpt-11870,1.0,0.0,0.0,0.0,0.0,32662672.0,9952262.0,0.0,0.0,0.0,False,0.0,1.0,PROBABLE
WS-11475,3.0,2.0,0.0,3.0,3.0,75519314.42,60369697.28,2.0,2.0,0.0,True,0.6666666666666666,5.0,EXACT
VDR-12352,7.0,1.0,0.0,4.0,4.0,201862444.44,124318673.96000001,5.0,5.0,2.0,True,0.14285714285714285,12.0,EXACT
WS_10355,1.0,1.0,0.0,0.0,0.0,16484693.0,24526192.64,0.0,0.0,0.0,False,1.0,1.0,PROBABLE
LPT_12907,1.0,0.0,1.0,1.0,1.0,24819643.22,5191971.0,1.0,0.0,0.0,False,0.0,1.0,PROBABLE
vdr-11748,2.0,0.0,0.0,2.0,0.0,66741711.699999996,59023429.2,2.0,0.0,0.0,False,0.0,2.0,PROBABLE
WS_10962,1.0,0.0,0.0,0.0,0.0,24819643.22,24526192.64,1.0,0.0,0.0,False,0.0,1.0,PROBABLE
WS-10436.corp.local,2.0,1.0,1.0,0.0,0.0,26467905.22,63826355.0,2.0,0.0,0.0,False,0.5,2.0,PROBABLE
LPT_10098,1.0,1.0,0.0,1.0,0.0,30655928.0,24526192.64,1.0,0.0,0.0,False,1.0,1.0,PROBABLE
WS-10945,11.0,3.0,0.0,7.0,5.0,298517440.48,225662313.92000002,8.0,4.0,0.0,True,0.2727272727272727,15.0,EXACT
LPT-11825.corp.local,1.0,0.0,0.0,0.0,0.0,24819643.22,44248417.0,1.0,0.0,0.0,False,0.0,1.0,PROBABLE
VDR-10588.corp.local,1.0,0.0,0.0,1.0,1.0,6249512.96,39385308.0,1.0,0.0,0.0,False,0.0,1.0,PROBABLE
WS-12084.corp.local,1.0,0.0,0.0,0.0,1.0,24819643.22,24526192.64,1.0,0.0,0.0,False,0.0,1.0,PROBABLE
LPT_11023,1.0,0.0,0.0,0.0,0.0,24819643.22,24526192.64,0.0,0.0,0.0,False,0.0,1.0,PROBABLE
ws-12179,2.0,0.0,0.0,0.0,1.0,49639286.44,52572429.0,2.0,0.0,0.0,False,0.0,2.0,PROBABLE
VDR-12865,6.0,0.0,2.0,2.0,2.0,183179476.51999998,125161335.64,4.0,4.0,0.0,True,0.0,10.0,EXACT
VDR-12832,3.0,1.0,1.0,2.0,0.0,74281958.9,58242639.64,2.0,1.0,0.0,False,0.3333333333333333,4.0,PROBABLE
VDR-12033,3.0,0.0,0.0,2.0,2.0,59015964.22,137704078.0,1.0,1.0,0.0,True,0.0,4.0,EXACT
VDR-10689,11.0,4.0,0.0,2.0,7.0,270628397.24,254227887.72,10.0,1.0,0.0,True,0.36363636363636365,12.0,EXACT
VDR_10914,1.0,0.0,0.0,0.0,1.0,8020613.12,24526192.64,1.0,0.0,0.0,False,0.0,1.0,PROBABLE
LPT-11882,6.0,2.0,0.0,4.0,3.0,209765270.66,86352627.2,5.0,1.0,1.0,True,0.3333333333333333,7.0,EXACT
WS-11651,10.0,3.0,1.0,3.0,9.0,291221769.88,207015145.28,7.0,3.0,0.0,True,0.3,13.0,EXACT
vdr-11297,1.0,0.0,0.0,0.0,0.0,24819643.22,24526192.64,1.0,0.0,0.0,False,0.0,1.0,PROBABLE
VDR-10940.corp.local,2.0,0.0,1.0,1.0,1.0,49639286.44,13736345.600000001,2.0,0.0,0.0,False,0.0,2.0,PROBABLE
WS-10201.corp.local,1.0,0.0,0.0,1.0,0.0,24819643.22,11380520.96,1.0,0.0,0.0,False,0.0,1.0,PROBABLE
LPT-10750,10.0,2.0,0.0,7.0,3.0,210305711.39999998,247647349.28,9.0,6.0,0.0,True,0.2,16.0,EXACT
vdr-10335,1.0,0.0,0.0,1.0,0.0,9649184.0,29382675.0,1.0,0.0,0.0,False,0.0,1.0,PROBABLE
VDR-12972,11.0,2.0,2.0,1.0,7.0,216813786.74,359586198.64,7.0,6.0,0.0,True,0.18181818181818182,17.0,EXACT
WS-11860.corp.local,1.0,0.0,0.0,0.0,0.0,14219634.0,24526192.64,1.0,0.0,0.0,False,0.0,1.0,PROBABLE
vdr-10793,3.0,0.0,0.0,1.0,2.0,105153345.22,99470516.64,3.0,0.0,0.0,False,0.0,3.0,PROBABLE
vdr-12926,1.0,0.0,0.0,1.0,1.0,24819643.22,24526192.64,1.0,0.0,0.0,False,0.0,1.0,PROBABLE
ws-11430,3.0,1.0,0.0,2.0,1.0,21973893.0,97733598.28,3.0,0.0,0.0,False,0.3333333333333333,3.0,PROBABLE
WS-10085,6.0,2.0,2.0,4.0,4.0,72803965.88,196142174.64,5.0,3.0,0.0,True,0.3333333333333333,9.0,EXACT
VDR-10196,9.0,4.0,1.0,4.0,4.0,226146061.6,213669016.44,7.0,3.0,1.0,False,0.4444444444444444,12.0,PROBABLE
VDR_11394,1.0,0.0,0.0,0.0,1.0,42150574.0,24526192.64,0.0,0.0,0.0,False,0.0,1.0,PROBABLE
VDR_12562,1.0,1.0,0.0,0.0,1.0,24819643.22,24526192.64,1.0,0.0,0.0,False,1.0,1.0,PROBABLE
VDR-10363,9.0,1.0,0.0,2.0,2.0,179747456.88,209195041.88,9.0,1.0,0.0,True,0.1111111111111111,10.0,EXACT
LPT-11717,7.0,3.0,1.0,3.0,0.0,189297588.94,199500528.2,7.0,2.0,1.0,True,0.42857142857142855,9.0,EXACT
WS-11252,5.0,1.0,1.0,3.0,5.0,141724838.88,113873054.12,5.0,5.0,0.0,True,0.2,10.0,EXACT
WS-12923,8.0,2.0,1.0,2.0,4.0,239024518.66,182472821.72,6.0,2.0,0.0,True,0.25,10.0,EXACT
VDR-11394,15.0,5.0,0.0,6.0,7.0,412638837.14,399769625.32,15.0,1.0,0.0,True,0.3333333333333333,16.0,EXACT
ws-10882,1.0,0.0,0.0,1.0,0.0,24819643.22,25573547.0,1.0,0.0,0.0,False,0.0,1.0,PROBABLE
vdr-10754,1.0,0.0,0.0,1.0,0.0,596314.0,24526192.64,1.0,0.0,0.0,False,0.0,1.0,PROBABLE
LPT-10728,10.0,2.0,1.0,8.0,5.0,287617131.5,306042677.56,8.0,3.0,0.0,True,0.2,13.0,EXACT
VDR-12193,7.0,2.0,2.0,2.0,5.0,219208522.84,240967953.4,6.0,5.0,1.0,True,0.2857142857142857,12.0,EXACT
VDR-12163.corp.local,1.0,0.0,0.0,1.0,0.0,24819643.22,24526192.64,1.0,0.0,0.0,False,0.0,1.0,PROBABLE
lpt-11322,4.0,0.0,1.0,2.0,1.0,80230178.72,84702330.92,3.0,0.0,0.0,False,0.0,4.0,PROBABLE
VDR-10061.corp.local,1.0,0.0,0.0,0.0,1.0,24819643.22,24526192.64,1.0,0.0,0.0,False,0.0,1.0,PROBABLE
VDR_10792,1.0,0.0,0.0,0.0,0.0,35578961.92,18172599.0,1.0,0.0,0.0,False,0.0,1.0,PROBABLE
WS-11613,4.0,2.0,0.0,3.0,2.0,81025808.22,134048964.64,4.0,3.0,0.0,True,0.5,7.0,EXACT
ws-12716,3.0,0.0,1.0,2.0,1.0,70451114.0,116345846.64,3.0,0.0,0.0,False,0.0,3.0,PROBABLE
LPT-11950.corp.local,1.0,0.0,0.0,0.0,1.0,18833343.0,24526192.64,1.0,0.0,0.0,False,0.0,1.0,PROBABLE
vdr-12892,2.0,0.0,0.0,1.0,0.0,68155873.22,56387754.64,1.0,0.0,0.0,False,0.0,2.0,PROBABLE
VDR_10285,2.0,2.0,0.0,1.0,0.0,54879484.0,27026793.04,2.0,0.0,0.0,False,1.0,2.0,PROBABLE
ws-12929,1.0,1.0,0.0,1.0,1.0,24819643.22,24526192.64,1.0,0.0,0.0,False,1.0,1.0,PROBABLE
VDR_12526,2.0,0.0,0.0,0.0,2.0,49639286.44,40764177.64,2.0,0.0,0.0,False,0.0,2.0,PROBABLE
WS-12790,9.0,1.0,1.0,6.0,6.0,263672459.44,183308922.96,9.0,1.0,0.0,True,0.1111111111111111,10.0,EXACT
WS-11323.,0.0,0.0,0.0,0.0,0.0,0.0,0.0,0.0,0.0,0.0,True,0.0,0.0,EXACT
vdr-11007,1.0,1.0,0.0,1.0,1.0,24819643.22,46769385.0,1.0,0.0,0.0,False,1.0,1.0,PROBABLE
vdr-10339,2.0,0.0,0.0,1.0,1.0,39071663.22,26161999.0,2.0,0.0,0.0,False,0.0,2.0,PROBABLE
WS_11563,1.0,0.0,0.0,0.0,0.0,48594056.0,27178961.0,1.0,0.0,0.0,False,0.0,1.0,PROBABLE
WS_12802,2.0,0.0,0.0,2.0,2.0,86999307.36,9078004.64,2.0,0.0,0.0,False,0.0,2.0,PROBABLE
lpt-12659,3.0,1.0,0.0,1.0,2.0,69077763.42,37339835.08,3.0,0.0,0.0,False,0.3333333333333333,3.0,PROBABLE
VDR-10018.corp.local,2.0,1.0,0.0,1.0,1.0,58645120.72,70432849.92,1.0,0.0,0.0,False,0.5,2.0,PROBABLE
VDR-10843,6.0,1.0,0.0,1.0,3.0,167518133.68,187749440.12,6.0,3.0,1.0,True,0.16666666666666666,9.0,EXACT
WS-12798.corp.local,2.0,0.0,0.0,0.0,0.0,49639286.44,70104401.96000001,1.0,0.0,0.0,False,0.0,2.0,PROBABLE
WS_12287,1.0,1.0,0.0,1.0,1.0,1791811.0,25373285.0,1.0,0.0,0.0,False,1.0,1.0,PROBABLE
LPT-10612,4.0,2.0,0.0,2.0,2.0,107522022.44,84188754.0,4.0,0.0,0.0,True,0.5,4.0,EXACT
LPT_10133,2.0,0.0,0.0,1.0,1.0,48450942.22,39854585.72,2.0,0.0,0.0,False,0.0,2.0,PROBABLE
VDR-11639,7.0,0.0,0.0,6.0,5.0,225169514.22,198339646.84,6.0,3.0,0.0,True,0.0,10.0,EXACT
VDR-10718,9.0,0.0,0.0,7.0,4.0,240308488.7,134666089.88,7.0,3.0,0.0,True,0.0,12.0,EXACT
VDR-12357.corp.local,2.0,0.0,0.0,2.0,0.0,53220178.0,75951836.24000001,2.0,0.0,0.0,False,0.0,2.0,PROBABLE
VDR-10640.corp.local,2.0,0.0,0.0,1.0,0.0,63379005.22,63321509.64,2.0,0.0,0.0,False,0.0,2.0,PROBABLE
VDR_12978,1.0,1.0,0.0,1.0,0.0,24819643.22,4989260.0,1.0,0.0,0.0,False,1.0,1.0,PROBABLE
ws-12550,1.0,0.0,0.0,0.0,0.0,35532654.0,486489.0,1.0,0.0,0.0,False,0.0,1.0,PROBABLE
VDR-12712.corp.local,1.0,0.0,0.0,1.0,1.0,7248742.4,6779973.0,1.0,0.0,0.0,False,0.0,1.0,PROBABLE
WS-12667.corp.local,1.0,0.0,0.0,1.0,1.0,24819643.22,31110777.0,1.0,0.0,0.0,False,0.0,1.0,PROBABLE
WS-10242.corp.local,1.0,0.0,0.0,0.0,1.0,36423414.0,7221204.0,1.0,0.0,0.0,False,0.0,1.0,PROBABLE
LPT-12920,9.0,4.0,1.0,2.0,6.0,234084299.48,202569326.2,7.0,0.0,0.0,True,0.4444444444444444,9.0,EXACT
vdr-11872,1.0,0.0,0.0,0.0,1.0,11102151.0,181483.52,1.0,0.0,0.0,False,0.0,1.0,PROBABLE
LPT-12937,10.0,1.0,1.0,5.0,6.0,289704481.32,245742188.96,8.0,1.0,0.0,True,0.1,11.0,EXACT
ws-10579,1.0,0.0,0.0,0.0,1.0,1840344.0,19958681.0,1.0,0.0,0.0,False,0.0,1.0,PROBABLE
vdr-11632,2.0,1.0,0.0,1.0,2.0,82813843.0,49052385.28,1.0,0.0,0.0,False,0.5,2.0,PROBABLE
WS_10487,1.0,0.0,0.0,0.0,0.0,24819643.22,24526192.64,1.0,0.0,0.0,False,0.0,1.0,PROBABLE
VDR-10867,10.0,2.0,1.0,5.0,6.0,317737060.96,228655737.64,8.0,3.0,0.0,True,0.2,13.0,EXACT
LPT-10479.corp.local,2.0,1.0,0.0,1.0,1.0,31278811.22,16367953.92,2.0,0.0,0.0,False,0.5,2.0,PROBABLE
VDR_12241,1.0,1.0,1.0,1.0,1.0,48806466.0,27764391.0,1.0,0.0,0.0,False,1.0,1.0,PROBABLE
ws-10730,2.0,1.0,0.0,0.0,1.0,49639286.44,55159684.64,2.0,0.0,0.0,False,0.5,2.0,PROBABLE
VDR_12455,1.0,0.0,0.0,0.0,0.0,24819643.22,29318184.96,1.0,0.0,0.0,False,0.0,1.0,PROBABLE
LPT-12510,7.0,2.0,0.0,5.0,3.0,162981091.44,137528570.4,6.0,1.0,0.0,True,0.2857142857142857,8.0,EXACT
lpt-10304,1.0,0.0,0.0,0.0,1.0,27097059.0,24526192.64,1.0,0.0,0.0,False,0.0,1.0,PROBABLE
VDR-10656,8.0,0.0,0.0,3.0,4.0,240562329.66,207162091.0,7.0,1.0,0.0,True,0.0,9.0,EXACT
lpt-10200,1.0,0.0,0.0,0.0,1.0,24819643.22,28982651.0,0.0,0.0,0.0,False,0.0,1.0,PROBABLE
ws-12104,2.0,0.0,1.0,0.0,1.0,53337757.0,59265515.52,2.0,0.0,0.0,False,0.0,2.0,PROBABLE
WS_11651,1.0,0.0,0.0,1.0,0.0,24819643.22,24526192.64,1.0,0.0,0.0,False,0.0,1.0,PROBABLE
WS_10974,1.0,0.0,0.0,0.0,0.0,24819643.22,40328232.96,0.0,0.0,0.0,False,0.0,1.0,PROBABLE
VDR-11811.corp.local,2.0,1.0,1.0,0.0,1.0,48629056.34,49052385.28,2.0,0.0,0.0,False,0.5,2.0,PROBABLE
VDR-10402,4.0,0.0,2.0,1.0,2.0,102871270.68,88568617.64,1.0,3.0,0.0,True,0.0,7.0,EXACT
WS_10509,1.0,1.0,0.0,1.0,0.0,24819643.22,24526192.64,1.0,0.0,0.0,False,1.0,1.0,PROBABLE
ws-10582,3.0,0.0,1.0,1.0,1.0,28869335.0,86016385.0,3.0,0.0,0.0,False,0.0,3.0,PROBABLE
LPT_11917,1.0,1.0,0.0,0.0,1.0,47257949.0,24526192.64,1.0,0.0,0.0,False,1.0,1.0,PROBABLE
VDR-12976.,0.0,0.0,0.0,0.0,0.0,0.0,0.0,0.0,0.0,0.0,True,0.0,0.0,EXACT
LPT-12045,11.0,1.0,2.0,3.0,7.0,351195550.3,269001993.64,10.0,1.0,0.0,True,0.09090909090909091,12.0,EXACT
LPT-12675.corp.local,3.0,1.0,0.0,0.0,2.0,107644201.22,55660929.760000005,3.0,0.0,0.0,False,0.3333333333333333,3.0,PROBABLE
WS-12219.corp.local,3.0,0.0,1.0,2.0,2.0,42295382.14,114373293.64,3.0,0.0,0.0,False,0.0,3.0,PROBABLE
VDR-11634,10.0,3.0,2.0,6.0,6.0,304100443.32,217981988.64,8.0,5.0,0.0,True,0.3,15.0,EXACT
LPT-11983,5.0,1.0,0.0,3.0,2.0,57698040.22,147067461.92000002,4.0,0.0,0.0,True,0.2,5.0,EXACT
WS-12077.corp.local,1.0,0.0,0.0,0.0,1.0,39197435.0,24526192.64,0.0,0.0,0.0,False,0.0,1.0,PROBABLE
LPT_12354,1.0,0.0,0.0,1.0,1.0,15027537.92,28753724.0,1.0,0.0,0.0,False,0.0,1.0,PROBABLE
VDR-12235,3.0,1.0,0.0,2.0,1.0,39425429.88,72123273.64,1.0,0.0,0.0,True,0.3333333333333333,3.0,EXACT
LPT-11528.corp.local,2.0,1.0,0.0,1.0,2.0,74231791.0,33307660.64,1.0,0.0,0.0,False,0.5,2.0,PROBABLE
ws-11733,1.0,1.0,0.0,1.0,1.0,34340254.0,32747089.92,1.0,0.0,0.0,False,1.0,1.0,PROBABLE
LPT_12440,1.0,1.0,0.0,1.0,1.0,10666909.0,21815302.0,1.0,0.0,0.0,False,1.0,1.0,PROBABLE
WS_10134,1.0,1.0,0.0,0.0,0.0,24819643.22,36542873.6,1.0,0.0,0.0,False,1.0,1.0,PROBABLE
WS_12751,1.0,0.0,0.0,0.0,0.0,24819643.22,36221849.6,0.0,0.0,0.0,False,0.0,1.0,PROBABLE
LPT_12078,1.0,0.0,1.0,1.0,0.0,9363839.0,35407399.0,1.0,0.0,0.0,False,0.0,1.0,PROBABLE
VDR-11236,6.0,2.0,0.0,0.0,3.0,119093146.44,109934923.52000001,6.0,3.0,0.0,True,0.3333333333333333,9.0,EXACT
VDR_10698,1.0,0.0,0.0,1.0,1.0,24819643.22,24526192.64,1.0,0.0,0.0,False,0.0,1.0,PROBABLE
lpt-10717,1.0,0.0,0.0,1.0,1.0,24819643.22,2595489.0,1.0,0.0,0.0,False,0.0,1.0,PROBABLE
VDR-12857,10.0,2.0,0.0,6.0,4.0,264255044.92,243463499.72,9.0,3.0,1.0,True,0.2,13.0,EXACT
WS-11582,3.0,1.0,1.0,0.0,1.0,26381212.04,82801194.28,2.0,3.0,0.0,True,0.3333333333333333,6.0,EXACT
vdr-10613,1.0,0.0,0.0,1.0,1.0,14191495.0,7665090.56,1.0,0.0,0.0,False,0.0,1.0,PROBABLE
lpt-10451,1.0,0.0,0.0,0.0,0.0,2312130.56,27125585.92,1.0,0.0,0.0,False,0.0,1.0,PROBABLE
WS-12633.corp.local,1.0,0.0,0.0,0.0,1.0,4857294.0,37706792.96,1.0,0.0,0.0,False,0.0,1.0,PROBABLE
VDR_12430,1.0,0.0,0.0,0.0,1.0,24819643.22,24526192.64,1.0,0.0,0.0,False,0.0,1.0,PROBABLE
lpt-12657,1.0,0.0,1.0,1.0,0.0,24819643.22,17270275.0,1.0,0.0,0.0,False,0.0,1.0,PROBABLE
LPT_10084,1.0,0.0,0.0,0.0,0.0,24819643.22,24526192.64,1.0,0.0,0.0,False,0.0,1.0,PROBABLE
LPT-11998,5.0,2.0,2.0,2.0,3.0,161214308.22,124938529.64,4.0,4.0,0.0,True,0.4,9.0,EXACT
WS-11936,7.0,3.0,1.0,3.0,5.0,143785268.1,177890077.04000002,5.0,2.0,0.0,True,0.42857142857142855,9.0,EXACT
WS-11406.corp.local,1.0,0.0,0.0,0.0,1.0,24819643.22,19813694.0,1.0,0.0,0.0,False,0.0,1.0,PROBABLE
WS-11342.corp.local,1.0,1.0,0.0,1.0,1.0,24819643.22,24526192.64,1.0,0.0,0.0,False,1.0,1.0,PROBABLE
LPT-10777,4.0,0.0,1.0,1.0,3.0,66076802.26,70013646.2,4.0,3.0,1.0,True,0.0,7.0,EXACT
VDR-10724,5.0,3.0,0.0,3.0,2.0,156057693.16,122256245.0,5.0,3.0,0.0,True,0.6,8.0,EXACT
LPT-11906,7.0,2.0,0.0,3.0,0.0,156521650.44,134149313.68,6.0,1.0,0.0,True,0.2857142857142857,8.0,EXACT
VDR-12358,6.0,0.0,1.0,2.0,3.0,166175016.22,125440575.92,6.0,3.0,0.0,True,0.0,9.0,EXACT
VDR-11605,7.0,0.0,1.0,2.0,1.0,166465224.22,164999799.64,6.0,5.0,0.0,False,0.0,12.0,PROBABLE
WS-10334,12.0,3.0,1.0,8.0,6.0,326328553.32,262222938.07999998,11.0,1.0,0.0,True,0.25,13.0,EXACT
LPT_12481,1.0,0.0,0.0,1.0,1.0,4237193.0,14527110.0,0.0,0.0,0.0,False,0.0,1.0,PROBABLE
LPT-12049,6.0,1.0,2.0,2.0,3.0,158036100.38,117085318.96000001,6.0,0.0,0.0,True,0.16666666666666666,6.0,EXACT
VDR-11971.corp.local,1.0,0.0,0.0,0.0,0.0,44627394.56,22909334.0,1.0,0.0,0.0,False,0.0,1.0,PROBABLE
vdr-12157,1.0,0.0,0.0,0.0,0.0,42337657.0,26735775.0,1.0,0.0,0.0,False,0.0,1.0,PROBABLE
ws-11348,4.0,1.0,0.0,3.0,2.0,88399839.44,105080008.0,3.0,0.0,0.0,False,0.25,4.0,PROBABLE
VDR-12163,8.0,3.0,1.0,6.0,3.0,218686414.12,160611502.16,6.0,2.0,0.0,True,0.375,10.0,EXACT
LPT-10177.corp.local,1.0,0.0,0.0,1.0,1.0,16410214.4,21047152.64,0.0,0.0,0.0,False,0.0,1.0,PROBABLE
WS-10178.corp.local,1.0,1.0,0.0,0.0,0.0,1381055.0,5083726.0,1.0,0.0,0.0,False,1.0,1.0,PROBABLE
WS-12246,10.0,1.0,1.0,3.0,7.0,256566563.66,255604627.52,8.0,2.0,1.0,True,0.1,12.0,EXACT
LPT-12916,7.0,2.0,0.0,5.0,6.0,202427999.12,123013896.44,7.0,3.0,0.0,True,0.2857142857142857,10.0,EXACT
WS-10544.corp.local,1.0,0.0,0.0,0.0,1.0,24819643.22,17454089.0,1.0,0.0,0.0,False,0.0,1.0,PROBABLE
WS-11422.corp.local,1.0,0.0,0.0,0.0,1.0,26243843.0,29684122.0,1.0,0.0,0.0,False,0.0,1.0,PROBABLE
LPT_12275,2.0,0.0,0.0,0.0,2.0,43107806.0,39580481.0,2.0,0.0,0.0,False,0.0,2.0,PROBABLE
VDR_12696,1.0,1.0,0.0,1.0,1.0,23194369.0,40917953.0,1.0,0.0,0.0,False,1.0,1.0,PROBABLE
WS-10643,9.0,1.0,1.0,2.0,3.0,221384558.45999998,214208801.16,8.0,3.0,0.0,True,0.1111111111111111,12.0,EXACT
WS-12433.,0.0,0.0,0.0,0.0,0.0,0.0,0.0,0.0,0.0,0.0,True,0.0,0.0,EXACT
LPT-11689,10.0,1.0,1.0,5.0,6.0,276373223.44,277481669.4,10.0,2.0,1.0,True,0.1,12.0,EXACT
LPT-12027,8.0,1.0,1.0,8.0,4.0,134652133.12,194218973.32,7.0,1.0,0.0,False,0.125,9.0,PROBABLE
WS-10332.corp.local,2.0,1.0,1.0,2.0,2.0,26885094.22,49819090.0,1.0,0.0,0.0,False,0.5,2.0,PROBABLE
VDR-11032,7.0,2.0,1.0,2.0,5.0,146257933.82,145822104.92000002,4.0,1.0,0.0,True,0.2857142857142857,8.0,EXACT
VDR-11199.corp.local,2.0,0.0,1.0,0.0,0.0,72692597.22,55914695.0,2.0,0.0,0.0,False,0.0,2.0,PROBABLE
WS-11657.corp.local,1.0,0.0,0.0,1.0,0.0,39369372.0,24526192.64,1.0,0.0,0.0,False,0.0,1.0,PROBABLE
VDR-11796,6.0,1.0,0.0,3.0,4.0,144626482.88,136543700.48000002,3.0,3.0,0.0,True,0.16666666666666666,9.0,EXACT
WS-10800,8.0,2.0,0.0,4.0,0.0,207183319.76,283684662.92,8.0,6.0,1.0,True,0.25,14.0,EXACT
VDR-12412.corp.local,2.0,0.0,0.0,1.0,1.0,73839140.22,35145354.64,2.0,0.0,0.0,False,0.0,2.0,PROBABLE
LPT_11086,1.0,0.0,0.0,0.0,1.0,3524968.0,24526192.64,1.0,0.0,0.0,False,0.0,1.0,PROBABLE
VDR-10343.corp.local,1.0,0.0,0.0,1.0,0.0,43415007.0,29580292.0,1.0,0.0,0.0,False,0.0,1.0,PROBABLE
WS_12898,1.0,1.0,0.0,1.0,0.0,27051238.0,13819256.0,1.0,0.0,0.0,False,1.0,1.0,PROBABLE
ws-10407,2.0,1.0,0.0,2.0,2.0,43035199.0,26523496.2,1.0,0.0,0.0,False,0.5,2.0,PROBABLE
WS-10195.corp.local,1.0,0.0,0.0,1.0,1.0,18789041.0,24526192.64,1.0,0.0,0.0,False,0.0,1.0,PROBABLE
LPT-12968,11.0,2.0,1.0,6.0,8.0,263558566.9,336457268.84000003,9.0,3.0,0.0,True,0.18181818181818182,14.0,EXACT
ws-12337,1.0,0.0,0.0,0.0,1.0,365241.0,44385843.0,1.0,0.0,0.0,False,0.0,1.0,PROBABLE
LPT-11175.corp.local,2.0,2.0,0.0,2.0,1.0,54604047.22,22092368.0,2.0,0.0,0.0,False,1.0,2.0,PROBABLE
lpt-10708,2.0,0.0,0.0,0.0,1.0,60717554.22,49052385.28,2.0,0.0,0.0,False,0.0,2.0,PROBABLE
WS-11769.corp.local,1.0,1.0,0.0,0.0,0.0,29602734.0,971816.0,1.0,0.0,0.0,False,1.0,1.0,PROBABLE
ws-10531,3.0,1.0,0.0,1.0,2.0,113941668.82,62794520.64,3.0,0.0,0.0,False,0.3333333333333333,3.0,PROBABLE
WS-10711.corp.local,1.0,0.0,0.0,0.0,1.0,43639768.0,13640949.76,1.0,0.0,0.0,False,0.0,1.0,PROBABLE
vdr-12982,2.0,1.0,0.0,2.0,1.0,51078737.22,32509524.64,2.0,0.0,0.0,False,0.5,2.0,PROBABLE
VDR-12975,5.0,0.0,2.0,2.0,3.0,95160626.66,134107674.2,5.0,1.0,0.0,True,0.0,6.0,EXACT
VDR-10310,12.0,4.0,1.0,5.0,8.0,315167264.02,333827268.8,11.0,1.0,0.0,True,0.3333333333333333,13.0,EXACT
VDR-11167.corp.local,2.0,0.0,0.0,1.0,1.0,66874972.44,37947886.0,2.0,0.0,0.0,False,0.0,2.0,PROBABLE
WS-10982,4.0,0.0,0.0,1.0,4.0,128338987.44,104759739.2,3.0,5.0,1.0,False,0.0,9.0,PROBABLE
WS_10826,4.0,1.0,0.0,2.0,2.0,123557189.22,89699767.28,4.0,0.0,0.0,False,0.25,4.0,PROBABLE
ws-11233,2.0,2.0,0.0,2.0,0.0,62532638.72,41775356.0,1.0,0.0,0.0,False,1.0,2.0,PROBABLE
VDR-11765.,0.0,0.0,0.0,0.0,0.0,0.0,0.0,0.0,0.0,0.0,True,0.0,0.0,EXACT
VDR-11195,4.0,0.0,0.0,2.0,3.0,89661574.66,92931507.24000001,4.0,1.0,0.0,True,0.0,5.0,EXACT
VDR-12074,11.0,2.0,0.0,6.0,6.0,289529434.84,273325761.44,10.0,1.0,1.0,True,0.18181818181818182,12.0,EXACT
LPT-10441,5.0,4.0,1.0,3.0,4.0,141873421.0,163701800.12,4.0,2.0,0.0,True,0.8,7.0,EXACT
vdr-11963,1.0,0.0,0.0,0.0,0.0,24819643.22,24526192.64,1.0,0.0,0.0,False,0.0,1.0,PROBABLE
VDR-10754,6.0,0.0,0.0,2.0,4.0,144029781.88,156283821.08,4.0,3.0,0.0,True,0.0,9.0,EXACT
LPT-11140,10.0,2.0,1.0,3.0,5.0,242393029.22,222290449.07999998,8.0,2.0,0.0,True,0.2,12.0,EXACT
WS-10338.corp.local,1.0,1.0,0.0,1.0,1.0,43993313.28,6789439.0,1.0,0.0,0.0,False,1.0,1.0,PROBABLE
WS-12035.,0.0,0.0,0.0,0.0,0.0,0.0,0.0,0.0,0.0,0.0,True,0.0,0.0,EXACT
VDR_11746,1.0,0.0,0.0,1.0,0.0,24819643.22,24526192.64,1.0,0.0,0.0,False,0.0,1.0,PROBABLE
VDR_10033,1.0,1.0,0.0,0.0,0.0,11633106.0,8032074.0,1.0,0.0,0.0,False,1.0,1.0,PROBABLE
LPT-10144,4.0,1.0,0.0,2.0,3.0,43010817.22,111681637.28,4.0,4.0,0.0,True,0.25,8.0,EXACT
WS-10918.corp.local,3.0,2.0,0.0,3.0,0.0,65211954.44,52784592.64,3.0,0.0,0.0,False,0.6666666666666666,3.0,PROBABLE
WS-10564.corp.local,1.0,0.0,0.0,1.0,1.0,45090191.36,24526192.64,1.0,0.0,0.0,False,0.0,1.0,PROBABLE
VDR_11147,2.0,1.0,0.0,1.0,2.0,26793553.0,37815457.0,2.0,0.0,0.0,False,0.5,2.0,PROBABLE
vdr-11969,3.0,1.0,0.0,0.0,0.0,67834066.0,59534839.64,3.0,0.0,0.0,False,0.3333333333333333,3.0,PROBABLE
VDR_10703,1.0,0.0,0.0,1.0,0.0,19135723.52,1999754.0,1.0,0.0,0.0,False,0.0,1.0,PROBABLE
LPT_10262,1.0,0.0,1.0,1.0,1.0,24819643.22,18529389.0,1.0,0.0,0.0,False,0.0,1.0,PROBABLE
ws-12082,2.0,1.0,0.0,2.0,1.0,45820031.68,41362396.92,2.0,0.0,0.0,False,0.5,2.0,PROBABLE
VDR-11297.,0.0,0.0,0.0,0.0,0.0,0.0,0.0,0.0,0.0,0.0,True,0.0,0.0,EXACT
VDR-12073.corp.local,3.0,0.0,0.0,1.0,0.0,92537799.56,105027942.92,2.0,0.0,0.0,False,0.0,3.0,PROBABLE
VDR-12127,9.0,2.0,0.0,5.0,4.0,252263818.44,240887658.92000002,6.0,3.0,0.0,True,0.2222222222222222,12.0,EXACT
WS-11230,8.0,1.0,0.0,5.0,5.0,183753141.22,202330417.44,6.0,3.0,0.0,False,0.125,11.0,PROBABLE
vdr-10350,3.0,0.0,0.0,2.0,2.0,41363667.16,56694844.28,3.0,0.0,0.0,False,0.0,3.0,PROBABLE
LPT_11285,2.0,0.0,0.0,2.0,2.0,24882390.22,45052923.64,2.0,0.0,0.0,False,0.0,2.0,PROBABLE
ws-11695,3.0,2.0,0.0,1.0,2.0,73940557.66,43267107.64,3.0,0.0,0.0,False,0.6666666666666666,3.0,PROBABLE
VDR_10621,1.0,0.0,0.0,0.0,1.0,45839708.0,19935161.0,1.0,0.0,0.0,False,0.0,1.0,PROBABLE
VDR-12022,7.0,0.0,0.0,4.0,4.0,130142604.72,189558602.96,7.0,2.0,1.0,True,0.0,9.0,EXACT
LPT-12743,8.0,3.0,1.0,3.0,4.0,190448191.5,208756226.92000002,7.0,3.0,1.0,True,0.375,11.0,EXACT
ws-11620,1.0,0.0,0.0,1.0,1.0,1156120.0,31535705.0,1.0,0.0,0.0,False,0.0,1.0,PROBABLE
WS-12439,11.0,1.0,0.0,3.0,5.0,301185740.38,293123326.76,9.0,3.0,0.0,True,0.09090909090909091,14.0,EXACT
VDR-11122,13.0,3.0,1.0,5.0,9.0,312341924.94,251045944.84,13.0,1.0,0.0,True,0.23076923076923078,14.0,EXACT
vdr-12567,3.0,1.0,0.0,2.0,1.0,73859827.44,78339416.64,3.0,0.0,0.0,False,0.3333333333333333,3.0,PROBABLE
WS-12887.corp.local,1.0,1.0,0.0,1.0,1.0,14820064.0,13974721.0,1.0,0.0,0.0,False,1.0,1.0,PROBABLE
vdr-11940,1.0,0.0,0.0,1.0,0.0,24819643.22,24526192.64,1.0,0.0,0.0,False,0.0,1.0,PROBABLE
lpt-12260,3.0,0.0,1.0,1.0,0.0,82342147.22,97646059.64,3.0,0.0,0.0,False,0.0,3.0,PROBABLE
LPT-10755,9.0,2.0,1.0,5.0,5.0,222474844.5,184171726.64,6.0,2.0,1.0,True,0.2222222222222222,11.0,EXACT
VDR-10285.corp.local,1.0,1.0,0.0,0.0,0.0,24819643.22,45033912.0,1.0,0.0,0.0,False,1.0,1.0,PROBABLE
LPT-11072,4.0,0.0,1.0,1.0,1.0,102253065.08,102881987.0,4.0,2.0,0.0,True,0.0,6.0,EXACT
WS-12050.,0.0,0.0,0.0,0.0,0.0,0.0,0.0,0.0,0.0,0.0,True,0.0,0.0,EXACT
lpt-11837,1.0,0.0,0.0,0.0,0.0,3198156.8,47820257.28,0.0,0.0,0.0,False,0.0,1.0,PROBABLE
VDR-11634.corp.local,2.0,1.0,0.0,1.0,0.0,52325103.22,39919702.64,1.0,0.0,0.0,False,0.5,2.0,PROBABLE
WS-11361,4.0,0.0,0.0,3.0,4.0,48900096.0,67690019.52000001,3.0,3.0,1.0,True,0.0,7.0,EXACT
LPT-12783,13.0,1.0,1.0,7.0,5.0,369302874.5,356969963.84000003,12.0,3.0,1.0,False,0.07692307692307693,16.0,PROBABLE
LPT-12582.corp.local,3.0,1.0,0.0,2.0,2.0,116457257.53999999,58279201.64,1.0,0.0,0.0,False,0.3333333333333333,3.0,PROBABLE
VDR-12200,4.0,2.0,0.0,2.0,2.0,130786185.44,94198688.68,4.0,1.0,0.0,True,0.5,5.0,EXACT
VDR-11314.corp.local,1.0,0.0,0.0,1.0,0.0,24819643.22,31403521.0,1.0,0.0,0.0,False,0.0,1.0,PROBABLE
vdr-11652,1.0,1.0,0.0,0.0,0.0,49162847.0,24526192.64,1.0,0.0,0.0,False,1.0,1.0,PROBABLE
VDR_11996,1.0,1.0,0.0,1.0,1.0,31445839.0,3051356.16,1.0,0.0,0.0,False,1.0,1.0,PROBABLE
lpt-11984,3.0,0.0,0.0,3.0,1.0,49704964.0,42096712.0,2.0,0.0,0.0,False,0.0,3.0,PROBABLE
ws-10178,2.0,0.0,1.0,1.0,0.0,75515204.84,49052385.28,2.0,0.0,0.0,False,0.0,2.0,PROBABLE
lpt-12587,3.0,1.0,1.0,2.0,2.0,46740749.0,68420534.72,3.0,0.0,0.0,False,0.3333333333333333,3.0,PROBABLE
lpt-10176,3.0,0.0,1.0,2.0,1.0,53434487.120000005,77861403.28,3.0,0.0,0.0,False,0.0,3.0,PROBABLE
LPT_11862,1.0,0.0,0.0,0.0,0.0,24819643.22,3554966.0,1.0,0.0,0.0,False,0.0,1.0,PROBABLE
VDR_10528,2.0,1.0,0.0,1.0,1.0,52228540.0,31235944.08,1.0,0.0,0.0,False,0.5,2.0,PROBABLE
lpt-12138,1.0,0.0,0.0,0.0,1.0,4064411.0,24526192.64,1.0,0.0,0.0,False,0.0,1.0,PROBABLE
LPT-10081,4.0,1.0,0.0,1.0,2.0,115380937.22,127403083.03999999,3.0,2.0,0.0,True,0.25,6.0,EXACT
VDR-12369.corp.local,1.0,0.0,0.0,0.0,0.0,24819643.22,24526192.64,0.0,0.0,0.0,False,0.0,1.0,PROBABLE
LPT_12043,1.0,0.0,1.0,0.0,1.0,37209186.0,22830337.0,1.0,0.0,0.0,False,0.0,1.0,PROBABLE
VDR-11913.corp.local,2.0,1.0,0.0,0.0,2.0,66490603.22,64048309.64,2.0,0.0,0.0,False,0.5,2.0,PROBABLE
LPT_11181,1.0,0.0,0.0,1.0,1.0,1217814.0,24229303.0,1.0,0.0,0.0,False,0.0,1.0,PROBABLE
VDR-10138.corp.local,1.0,0.0,0.0,1.0,0.0,4205257.0,30953963.52,1.0,0.0,0.0,False,0.0,1.0,PROBABLE
lpt-12730,2.0,1.0,0.0,1.0,2.0,36036267.22,7987852.48,1.0,0.0,0.0,False,0.5,2.0,PROBABLE
WS-12062.corp.local,1.0,1.0,0.0,0.0,0.0,5749503.0,28154265.6,1.0,0.0,0.0,False,1.0,1.0,PROBABLE
LPT-10852.corp.local,2.0,1.0,0.0,1.0,1.0,46447430.36,44510718.64,2.0,0.0,0.0,False,0.5,2.0,PROBABLE
VDR-11479,9.0,4.0,0.0,5.0,6.0,193581869.84,250192525.51999998,7.0,3.0,2.0,False,0.4444444444444444,12.0,PROBABLE
LPT-11833,7.0,1.0,0.0,4.0,3.0,178119395.64,183525050.68,6.0,2.0,0.0,True,0.14285714285714285,9.0,EXACT
WS_10978,1.0,0.0,0.0,1.0,0.0,24819643.22,24526192.64,1.0,0.0,0.0,False,0.0,1.0,PROBABLE
VDR-12789.corp.local,1.0,1.0,0.0,0.0,0.0,24819643.22,21164725.0,1.0,0.0,0.0,False,1.0,1.0,PROBABLE
VDR_12357,2.0,0.0,0.0,1.0,0.0,18656539.0,74306632.0,2.0,0.0,0.0,False,0.0,2.0,PROBABLE
LPT-11668.,0.0,0.0,0.0,0.0,0.0,0.0,0.0,0.0,0.0,0.0,True,0.0,0.0,EXACT
lpt-11640,1.0,0.0,0.0,0.0,1.0,9520727.0,10460403.0,1.0,0.0,0.0,False,0.0,1.0,PROBABLE
WS-11221,4.0,1.0,0.0,3.0,1.0,74582156.24,89655596.28,4.0,3.0,0.0,True,0.25,7.0,EXACT
VDR-11363.,0.0,0.0,0.0,0.0,0.0,0.0,0.0,0.0,0.0,0.0,True,0.0,0.0,EXACT
WS-11043,6.0,5.0,0.0,2.0,5.0,166066734.12,182723602.8,6.0,1.0,0.0,False,0.8333333333333334,7.0,PROBABLE
LPT_12211,1.0,0.0,1.0,1.0,1.0,24819643.22,26209312.0,1.0,0.0,0.0,False,0.0,1.0,PROBABLE
ws-12246,1.0,0.0,0.0,1.0,0.0,24819643.22,30860650.0,1.0,0.0,0.0,False,0.0,1.0,PROBABLE
ws-11974,1.0,1.0,1.0,1.0,1.0,36008431.0,33912245.0,1.0,0.0,0.0,False,1.0,1.0,PROBABLE
VDR-10889,4.0,1.0,0.0,2.0,2.0,91480045.22,111324275.92,4.0,1.0,0.0,True,0.25,5.0,EXACT
vdr-12527,4.0,0.0,0.0,2.0,1.0,93376052.2,100850621.64,4.0,0.0,0.0,False,0.0,4.0,PROBABLE
LPT-10065.corp.local,1.0,0.0,0.0,0.0,1.0,24819643.22,33870560.0,1.0,0.0,0.0,False,0.0,1.0,PROBABLE
VDR-12982,3.0,0.0,0.0,2.0,1.0,59500146.14,88828264.0,2.0,1.0,0.0,True,0.0,4.0,EXACT
ws-11194,3.0,0.0,0.0,3.0,2.0,88628359.44,61772902.28,3.0,0.0,0.0,False,0.0,3.0,PROBABLE
LPT-10186.,0.0,0.0,0.0,0.0,0.0,0.0,0.0,0.0,0.0,0.0,True,0.0,0.0,EXACT
VDR-11091,5.0,1.0,0.0,2.0,3.0,130377804.88,126956667.76,5.0,4.0,0.0,True,0.2,9.0,EXACT
VDR-12075,8.0,1.0,1.0,0.0,4.0,174138274.88,206177838.52,6.0,0.0,0.0,True,0.125,8.0,EXACT
lpt-12268,2.0,2.0,0.0,1.0,1.0,26042458.22,59365821.64,2.0,0.0,0.0,False,1.0,2.0,PROBABLE
VDR-10293,4.0,1.0,0.0,2.0,2.0,154060033.94,110832883.2,4.0,2.0,0.0,True,0.25,6.0,EXACT
LPT-10963.,0.0,0.0,0.0,0.0,0.0,0.0,0.0,0.0,0.0,0.0,True,0.0,0.0,EXACT
VDR_12498,1.0,0.0,0.0,0.0,1.0,32419831.0,4959093.0,1.0,0.0,0.0,False,0.0,1.0,PROBABLE
vdr-12403,4.0,0.0,0.0,3.0,1.0,103832760.22,116612136.96,2.0,0.0,0.0,False,0.0,4.0,PROBABLE
LPT-10227,10.0,2.0,1.0,5.0,6.0,268455970.88,268922978.4,10.0,2.0,0.0,True,0.2,12.0,EXACT
LPT_12575,1.0,0.0,0.0,1.0,0.0,4727099.0,14862765.0,1.0,0.0,0.0,False,0.0,1.0,PROBABLE
WS_11502,2.0,0.0,0.0,1.0,1.0,65739087.0,43379589.120000005,2.0,0.0,0.0,False,0.0,2.0,PROBABLE
ws-10470,2.0,0.0,0.0,2.0,2.0,38071095.0,60697904.0,2.0,0.0,0.0,False,0.0,2.0,PROBABLE
LPT-12662.corp.local,1.0,1.0,0.0,1.0,0.0,13610162.0,24526192.64,0.0,0.0,0.0,False,1.0,1.0,PROBABLE
ws-11795,2.0,0.0,0.0,1.0,2.0,27105971.22,56560842.0,2.0,0.0,0.0,False,0.0,2.0,PROBABLE
VDR-12276,8.0,1.0,0.0,5.0,6.0,165293304.82,221530327.92000002,6.0,1.0,1.0,True,0.125,9.0,EXACT
VDR-10033,8.0,1.0,1.0,6.0,2.0,171591954.36,208930321.56,8.0,0.0,0.0,True,0.125,8.0,EXACT
vdr-12281,1.0,0.0,0.0,0.0,1.0,61001.0,46113595.0,0.0,0.0,0.0,False,0.0,1.0,PROBABLE
vdr-10684,2.0,0.0,1.0,1.0,2.0,29096008.22,54552422.64,1.0,0.0,0.0,False,0.0,2.0,PROBABLE
ws-11120,3.0,0.0,0.0,2.0,2.0,90968238.22,93247583.0,2.0,0.0,0.0,False,0.0,3.0,PROBABLE
LPT-10705.,0.0,0.0,0.0,0.0,0.0,0.0,0.0,0.0,0.0,0.0,True,0.0,0.0,EXACT
WS-12449.,0.0,0.0,0.0,0.0,0.0,0.0,0.0,0.0,0.0,0.0,True,0.0,0.0,EXACT
VDR-10465,3.0,2.0,1.0,1.0,3.0,109099989.0,61029194.08,3.0,1.0,0.0,True,0.6666666666666666,4.0,EXACT
WS-10809.corp.local,2.0,1.0,0.0,0.0,1.0,36768483.22,56013854.64,2.0,0.0,0.0,False,0.5,2.0,PROBABLE
WS-11856,10.0,0.0,0.0,6.0,7.0,264954483.72,201329174.56,7.0,1.0,1.0,True,0.0,11.0,EXACT
WS-11776,8.0,2.0,0.0,3.0,4.0,215009702.68,217194386.88,7.0,3.0,1.0,True,0.25,11.0,EXACT
LPT-10738,10.0,3.0,2.0,4.0,3.0,242572192.24,232306312.48000002,8.0,2.0,0.0,True,0.3,12.0,EXACT
LPT_12578,1.0,0.0,1.0,1.0,0.0,40612438.0,33600087.0,1.0,0.0,0.0,False,0.0,1.0,PROBABLE
LPT-11187,4.0,1.0,1.0,2.0,1.0,123828457.0,76402159.64,4.0,0.0,0.0,True,0.25,4.0,EXACT
lpt-12305,1.0,1.0,0.0,0.0,1.0,24819643.22,29177436.16,1.0,0.0,0.0,False,1.0,1.0,PROBABLE
VDR-10816,8.0,2.0,0.0,3.0,0.0,190514800.22,206361831.88,8.0,3.0,0.0,False,0.25,11.0,PROBABLE
VDR-11268.corp.local,1.0,0.0,0.0,0.0,1.0,24819643.22,22135439.36,1.0,0.0,0.0,False,0.0,1.0,PROBABLE
lpt-12503,2.0,0.0,0.0,0.0,0.0,49655912.0,54548467.64,1.0,0.0,0.0,False,0.0,2.0,PROBABLE
WS-11502.corp.local,1.0,0.0,1.0,1.0,1.0,24819643.22,41139395.0,1.0,0.0,0.0,False,0.0,1.0,PROBABLE
VDR-11344,7.0,2.0,0.0,4.0,3.0,184421085.5,222403155.64,6.0,2.0,0.0,True,0.2857142857142857,9.0,EXACT
ws-11724,1.0,0.0,0.0,1.0,1.0,635668.0,24526192.64,0.0,0.0,0.0,False,0.0,1.0,PROBABLE
WS-12669,10.0,4.0,0.0,6.0,4.0,256389937.72,286309505.64,10.0,3.0,1.0,True,0.4,13.0,EXACT
WS-12166.,0.0,0.0,0.0,0.0,0.0,0.0,0.0,0.0,0.0,0.0,True,0.0,0.0,EXACT
VDR-10388,9.0,2.0,2.0,5.0,5.0,275804874.36,198899665.68,6.0,1.0,0.0,True,0.2222222222222222,10.0,EXACT
vdr-10501,1.0,1.0,1.0,0.0,0.0,10863247.36,43796496.0,1.0,0.0,0.0,False,1.0,1.0,PROBABLE
WS-11915.corp.local,3.0,0.0,0.0,1.0,2.0,72249621.44,27318118.0,3.0,0.0,0.0,False,0.0,3.0,PROBABLE
VDR-11421,6.0,2.0,0.0,3.0,5.0,194368519.22,126700692.44,4.0,4.0,1.0,False,0.3333333333333333,10.0,PROBABLE
vdr-11318,3.0,1.0,0.0,3.0,1.0,74198060.86,57433613.28,3.0,0.0,0.0,False,0.3333333333333333,3.0,PROBABLE
VDR-12005.corp.local,2.0,1.0,0.0,1.0,1.0,73079315.44,49052385.28,1.0,0.0,0.0,False,0.5,2.0,PROBABLE
ws-12433,2.0,1.0,0.0,1.0,0.0,48356572.76,36834007.64,2.0,0.0,0.0,False,0.5,2.0,PROBABLE
WS-11563.corp.local,1.0,0.0,0.0,0.0,0.0,24819643.22,6720997.0,1.0,0.0,0.0,False,0.0,1.0,PROBABLE
WS-10151,13.0,1.0,3.0,8.0,9.0,218014045.86,322796066.04,11.0,2.0,0.0,True,0.07692307692307693,15.0,EXACT
VDR_12484,1.0,1.0,0.0,1.0,1.0,2527068.16,24526192.64,1.0,0.0,0.0,False,1.0,1.0,PROBABLE
LPT-10894.corp.local,2.0,1.0,0.0,1.0,1.0,15786818.0,72457184.64,2.0,0.0,0.0,False,0.5,2.0,PROBABLE
lpt-12864,2.0,0.0,0.0,1.0,0.0,49639286.44,82727174.0,2.0,0.0,0.0,False,0.0,2.0,PROBABLE
WS_10039,2.0,0.0,0.0,0.0,1.0,54951506.22,57677176.0,2.0,0.0,0.0,False,0.0,2.0,PROBABLE
WS-10534.corp.local,1.0,0.0,0.0,0.0,1.0,15482724.0,33527976.0,1.0,0.0,0.0,False,0.0,1.0,PROBABLE
ws-12901,2.0,1.0,0.0,2.0,2.0,22859740.0,35925750.0,2.0,0.0,0.0,False,0.5,2.0,PROBABLE
ws-11192,2.0,0.0,1.0,1.0,1.0,67338147.84,52502868.0,2.0,0.0,0.0,False,0.0,2.0,PROBABLE
lpt-12990,1.0,0.0,1.0,1.0,0.0,24728217.6,4192444.0,1.0,0.0,0.0,False,0.0,1.0,PROBABLE
lpt-10670,1.0,0.0,1.0,0.0,0.0,25690880.0,1385264.0,1.0,0.0,0.0,False,0.0,1.0,PROBABLE
VDR-11068,7.0,1.0,1.0,2.0,5.0,145630503.38,212756776.64,7.0,2.0,0.0,True,0.14285714285714285,9.0,EXACT
VDR-11328.corp.local,1.0,0.0,0.0,1.0,0.0,21716802.0,21982116.0,1.0,0.0,0.0,False,0.0,1.0,PROBABLE
WS-11923,4.0,0.0,1.0,3.0,4.0,81819108.44,80932511.64,4.0,6.0,1.0,False,0.0,10.0,PROBABLE
LPT-12575,7.0,0.0,2.0,3.0,6.0,107246154.24,173764607.07999998,6.0,1.0,0.0,False,0.0,8.0,PROBABLE
WS_11286,1.0,0.0,0.0,1.0,0.0,46181890.0,7169888.0,1.0,0.0,0.0,False,0.0,1.0,PROBABLE
VDR-11455.corp.local,1.0,0.0,0.0,0.0,0.0,24819643.22,33014801.0,1.0,0.0,0.0,False,0.0,1.0,PROBABLE
vdr-11618,2.0,1.0,0.0,0.0,0.0,45906506.58,34241342.64,2.0,0.0,0.0,False,0.5,2.0,PROBABLE
WS_12368,1.0,1.0,0.0,1.0,0.0,34246492.16,5354872.0,1.0,0.0,0.0,False,1.0,1.0,PROBABLE
LPT-12649,9.0,3.0,0.0,4.0,5.0,185415981.22,223597715.28,7.0,2.0,0.0,True,0.3333333333333333,11.0,EXACT
vdr-10481,2.0,1.0,1.0,2.0,0.0,40949562.22,26129742.32,2.0,0.0,0.0,False,0.5,2.0,PROBABLE
ws-10694,1.0,0.0,0.0,0.0,0.0,23079042.0,33287162.0,1.0,0.0,0.0,False,0.0,1.0,PROBABLE
VDR-12841,12.0,3.0,2.0,6.0,4.0,303311984.34,291945010.8,9.0,1.0,0.0,True,0.25,13.0,EXACT
WS-12340,5.0,0.0,0.0,4.0,2.0,85136548.38,112208203.64,3.0,2.0,0.0,True,0.0,7.0,EXACT
WS-10023.corp.local,2.0,2.0,0.0,1.0,1.0,37599343.0,65704285.64,0.0,0.0,0.0,False,1.0,2.0,PROBABLE
VDR-11213.corp.local,2.0,0.0,0.0,1.0,1.0,32832809.0,55325133.0,2.0,0.0,0.0,False,0.0,2.0,PROBABLE
LPT-12229.corp.local,3.0,1.0,0.0,1.0,1.0,80929237.22,79094087.68,3.0,0.0,0.0,False,0.3333333333333333,3.0,PROBABLE
lpt-12636,3.0,0.0,0.0,1.0,3.0,19523407.4,97047623.64,3.0,0.0,0.0,False,0.0,3.0,PROBABLE
WS-10844,5.0,0.0,1.0,5.0,3.0,148536949.74,154417107.04,5.0,2.0,0.0,False,0.0,7.0,PROBABLE
LPT_10418,1.0,0.0,0.0,1.0,1.0,6580152.0,32603156.0,1.0,0.0,0.0,False,0.0,1.0,PROBABLE
VDR-11217,8.0,2.0,1.0,7.0,4.0,203607428.12,135085387.04,8.0,2.0,0.0,True,0.25,10.0,EXACT
VDR_10164,1.0,0.0,0.0,1.0,1.0,24819643.22,13334886.4,1.0,0.0,0.0,False,0.0,1.0,PROBABLE
lpt-10646,1.0,1.0,0.0,1.0,0.0,40459857.92,31869812.0,1.0,0.0,0.0,False,1.0,1.0,PROBABLE
LPT-11031,6.0,4.0,1.0,2.0,6.0,132437677.58,142999569.32,5.0,1.0,0.0,False,0.6666666666666666,7.0,PROBABLE
VDR-10869.corp.local,1.0,0.0,0.0,0.0,1.0,48199589.0,12478054.4,1.0,0.0,0.0,False,0.0,1.0,PROBABLE
WS-10407,5.0,2.0,0.0,2.0,1.0,156328048.01999998,124946235.28,3.0,3.0,0.0,True,0.4,8.0,EXACT
VDR-11351.corp.local,2.0,0.0,1.0,2.0,1.0,65286605.22,61664233.0,2.0,0.0,0.0,False,0.0,2.0,PROBABLE
lpt-10347,3.0,0.0,0.0,2.0,0.0,77346685.22,98162409.44,2.0,0.0,0.0,False,0.0,3.0,PROBABLE
lpt-10858,1.0,0.0,0.0,1.0,0.0,30670952.0,24526192.64,1.0,0.0,0.0,False,0.0,1.0,PROBABLE
LPT-12508.corp.local,1.0,1.0,0.0,1.0,0.0,700933.0,45293941.0,1.0,0.0,0.0,False,1.0,1.0,PROBABLE
WS_12992,1.0,1.0,0.0,0.0,1.0,24819643.22,34226001.0,1.0,0.0,0.0,False,1.0,1.0,PROBABLE
WS-12219,11.0,3.0,2.0,7.0,4.0,214052809.86,227108295.56,10.0,5.0,1.0,True,0.2727272727272727,16.0,EXACT
LPT-10290.,0.0,0.0,0.0,0.0,0.0,0.0,0.0,0.0,0.0,0.0,True,0.0,0.0,EXACT
WS-12213,6.0,0.0,0.0,3.0,3.0,180717349.66,124688098.28,4.0,4.0,0.0,False,0.0,10.0,PROBABLE
VDR-11531,8.0,2.0,0.0,2.0,4.0,153573178.62,174716133.51999998,5.0,2.0,0.0,True,0.25,10.0,EXACT
VDR_12017,1.0,0.0,0.0,0.0,0.0,1579686.0,13181356.0,0.0,0.0,0.0,False,0.0,1.0,PROBABLE
ws-11141,2.0,0.0,0.0,0.0,0.0,91487908.0,94050691.0,2.0,0.0,0.0,False,0.0,2.0,PROBABLE
VDR-12212,10.0,4.0,1.0,6.0,6.0,233110118.34,280960499.64,8.0,1.0,1.0,True,0.4,11.0,EXACT
WS-12262,7.0,0.0,1.0,4.0,4.0,201339230.06,236581558.88,6.0,1.0,0.0,True,0.0,8.0,EXACT
LPT-12421.corp.local,2.0,0.0,1.0,0.0,1.0,57444007.16,30912266.64,1.0,0.0,0.0,False,0.0,2.0,PROBABLE
ws-10591,3.0,1.0,1.0,1.0,1.0,63678401.22,75624378.08,3.0,0.0,0.0,False,0.3333333333333333,3.0,PROBABLE
WS_12711,1.0,0.0,0.0,1.0,0.0,39315947.52,17824778.0,1.0,0.0,0.0,False,0.0,1.0,PROBABLE
WS-12996.corp.local,2.0,1.0,0.0,1.0,0.0,74668485.46000001,46256707.12,2.0,0.0,0.0,False,0.5,2.0,PROBABLE
WS-10641,6.0,2.0,0.0,2.0,4.0,136507291.44,169762779.51999998,5.0,4.0,0.0,False,0.3333333333333333,10.0,PROBABLE
vdr-11600,3.0,0.0,0.0,0.0,3.0,83982077.0,59223572.480000004,3.0,0.0,0.0,False,0.0,3.0,PROBABLE
LPT_12780,2.0,0.0,1.0,0.0,1.0,14102676.92,71800146.64,1.0,0.0,0.0,False,0.0,2.0,PROBABLE
VDR_10902,2.0,0.0,0.0,0.0,0.0,40382880.760000005,61767527.64,2.0,0.0,0.0,False,0.0,2.0,PROBABLE
ws-12232,3.0,0.0,1.0,2.0,2.0,63046448.9,90533822.64,2.0,0.0,0.0,False,0.0,3.0,PROBABLE
VDR-11720,5.0,3.0,0.0,3.0,3.0,146737423.72,108040665.56,4.0,2.0,1.0,True,0.6,7.0,EXACT
vdr-12696,1.0,0.0,0.0,0.0,1.0,26259734.0,30906307.0,1.0,0.0,0.0,False,0.0,1.0,PROBABLE
lpt-11031,2.0,0.0,0.0,2.0,1.0,52459015.4,66697927.64,2.0,0.0,0.0,False,0.0,2.0,PROBABLE
LPT-12867,2.0,1.0,1.0,2.0,1.0,37579208.0,45964338.0,2.0,0.0,0.0,True,0.5,2.0,EXACT
ws-12256,1.0,0.0,0.0,1.0,0.0,24819643.22,16060361.0,1.0,0.0,0.0,False,0.0,1.0,PROBABLE
LPT-11028.corp.local,1.0,0.0,0.0,0.0,0.0,30541658.0,27846583.0,1.0,0.0,0.0,False,0.0,1.0,PROBABLE
VDR-11136.corp.local,1.0,0.0,0.0,0.0,0.0,24819643.22,24526192.64,1.0,0.0,0.0,False,0.0,1.0,PROBABLE
LPT_12937,1.0,0.0,0.0,0.0,1.0,34730853.0,21642263.0,1.0,0.0,0.0,False,0.0,1.0,PROBABLE
VDR-10519,6.0,2.0,0.0,3.0,2.0,165058476.66,162299892.51999998,5.0,3.0,0.0,True,0.3333333333333333,9.0,EXACT
VDR-12090.corp.local,3.0,1.0,0.0,1.0,1.0,82758737.44,95058291.36,3.0,0.0,0.0,False,0.3333333333333333,3.0,PROBABLE
VDR-10495.corp.local,1.0,1.0,0.0,0.0,0.0,47802201.0,24526192.64,1.0,0.0,0.0,False,1.0,1.0,PROBABLE
VDR_11426,2.0,1.0,0.0,0.0,2.0,17308416.6,77754080.0,2.0,0.0,0.0,False,0.5,2.0,PROBABLE
WS-12454.corp.local,2.0,0.0,0.0,0.0,2.0,66772016.22,77223725.0,2.0,0.0,0.0,False,0.0,2.0,PROBABLE
vdr-10790,1.0,1.0,0.0,1.0,0.0,31716414.0,10542289.0,0.0,0.0,0.0,False,1.0,1.0,PROBABLE
LPT-10741,8.0,2.0,1.0,4.0,3.0,204233558.01999998,207603386.4,6.0,4.0,0.0,True,0.25,12.0,EXACT
lpt-10087,1.0,0.0,0.0,0.0,1.0,29484328.96,1121976.32,1.0,0.0,0.0,False,0.0,1.0,PROBABLE
VDR-10623.,0.0,0.0,0.0,0.0,0.0,0.0,0.0,0.0,0.0,0.0,True,0.0,0.0,EXACT
ws-10938,1.0,0.0,0.0,1.0,0.0,27438269.0,24526192.64,1.0,0.0,0.0,False,0.0,1.0,PROBABLE
WS-12164,7.0,0.0,1.0,3.0,3.0,220303396.44,150503108.16,6.0,7.0,2.0,True,0.0,14.0,EXACT
VDR-11599,3.0,0.0,0.0,1.0,1.0,69093766.44,96948330.28,3.0,6.0,1.0,True,0.0,9.0,EXACT
LPT-10655,8.0,2.0,0.0,4.0,4.0,216929129.74,221977045.72,8.0,4.0,3.0,True,0.25,12.0,EXACT
lpt-10054,1.0,0.0,0.0,0.0,0.0,13692347.0,8374614.0,1.0,0.0,0.0,False,0.0,1.0,PROBABLE
WS-11785,6.0,1.0,2.0,3.0,6.0,187454326.92000002,134994388.52,6.0,1.0,0.0,True,0.16666666666666666,7.0,EXACT
vdr-10644,1.0,0.0,0.0,1.0,1.0,24819643.22,24526192.64,1.0,0.0,0.0,False,0.0,1.0,PROBABLE
WS-10868.,0.0,0.0,0.0,0.0,0.0,0.0,0.0,0.0,0.0,0.0,True,0.0,0.0,EXACT
WS-12881,7.0,0.0,1.0,3.0,4.0,173499058.32,220572121.68,5.0,1.0,0.0,True,0.0,8.0,EXACT
LPT-12211.,0.0,0.0,0.0,0.0,0.0,0.0,0.0,0.0,0.0,0.0,True,0.0,0.0,EXACT
VDR-11600.corp.local,1.0,0.0,0.0,1.0,0.0,31588675.0,41127051.0,0.0,0.0,0.0,False,0.0,1.0,PROBABLE
WS_10874,1.0,0.0,0.0,1.0,1.0,14778125.0,24526192.64,1.0,0.0,0.0,False,0.0,1.0,PROBABLE
LPT_10122,2.0,0.0,1.0,1.0,1.0,60305973.22,71866773.64,2.0,0.0,0.0,False,0.0,2.0,PROBABLE
WS-12264,9.0,1.0,2.0,7.0,7.0,272276754.02,245371369.92000002,5.0,1.0,1.0,True,0.1111111111111111,10.0,EXACT
lpt-12416,1.0,1.0,0.0,1.0,0.0,24819643.22,24526192.64,1.0,0.0,0.0,False,1.0,1.0,PROBABLE
ws-10048,2.0,0.0,0.0,2.0,1.0,43652068.18,28482747.0,2.0,0.0,0.0,False,0.0,2.0,PROBABLE
LPT-11945,8.0,2.0,2.0,3.0,4.0,217443984.32,187639255.76,7.0,7.0,1.0,True,0.25,15.0,EXACT
VDR-12140,3.0,0.0,0.0,2.0,1.0,64647518.0,93222871.64,2.0,4.0,1.0,True,0.0,7.0,EXACT
LPT-10459.corp.local,1.0,0.0,0.0,1.0,1.0,12173967.36,21888888.0,1.0,0.0,0.0,False,0.0,1.0,PROBABLE
WS_12682,1.0,1.0,0.0,0.0,0.0,46361780.0,15571353.6,0.0,0.0,0.0,False,1.0,1.0,PROBABLE
VDR-10346,6.0,0.0,0.0,4.0,4.0,132719598.46,201910339.92000002,2.0,3.0,0.0,True,0.0,9.0,EXACT
VDR-11201.corp.local,1.0,1.0,0.0,0.0,1.0,13987450.88,24526192.64,1.0,0.0,0.0,False,1.0,1.0,PROBABLE
WS-12345,6.0,1.0,0.0,2.0,3.0,146541406.72,231822491.0,6.0,5.0,1.0,True,0.16666666666666666,11.0,EXACT
WS-10884,3.0,0.0,0.0,3.0,2.0,57413037.22,106614729.64,3.0,1.0,0.0,True,0.0,4.0,EXACT
ws-11245,1.0,0.0,0.0,1.0,1.0,24819643.22,45936998.0,1.0,0.0,0.0,False,0.0,1.0,PROBABLE
VDR_10501,1.0,0.0,0.0,1.0,1.0,8318346.0,33004519.0,1.0,0.0,0.0,False,0.0,1.0,PROBABLE
LPT-11040.,0.0,0.0,0.0,0.0,0.0,0.0,0.0,0.0,0.0,0.0,True,0.0,0.0,EXACT
vdr-10161,3.0,0.0,1.0,0.0,1.0,64781625.0,79098859.52,3.0,0.0,0.0,False,0.0,3.0,PROBABLE
VDR_10042,1.0,1.0,0.0,1.0,1.0,24819643.22,4005560.32,1.0,0.0,0.0,False,1.0,1.0,PROBABLE
VDR_11935,1.0,0.0,0.0,0.0,1.0,24819643.22,7154264.0,0.0,0.0,0.0,False,0.0,1.0,PROBABLE
WS-11064,5.0,1.0,1.0,3.0,2.0,93920256.44,135635304.28,5.0,1.0,0.0,True,0.2,6.0,EXACT
WS-10284.corp.local,1.0,0.0,0.0,0.0,0.0,24819643.22,24526192.64,1.0,0.0,0.0,False,0.0,1.0,PROBABLE
lpt-11880,2.0,0.0,0.0,0.0,1.0,38409289.22,73672949.75999999,2.0,0.0,0.0,False,0.0,2.0,PROBABLE
vdr-11389,1.0,0.0,0.0,0.0,0.0,21884365.0,7304581.0,1.0,0.0,0.0,False,0.0,1.0,PROBABLE
WS_12511,1.0,0.0,0.0,1.0,1.0,34959523.84,33369631.0,1.0,0.0,0.0,False,0.0,1.0,PROBABLE
WS-12514,7.0,2.0,0.0,4.0,2.0,148281831.22,147173959.96,7.0,3.0,0.0,False,0.2857142857142857,10.0,PROBABLE
LPT_12998,1.0,0.0,0.0,1.0,1.0,34012065.0,5903970.0,1.0,0.0,0.0,False,0.0,1.0,PROBABLE
lpt-11484,1.0,0.0,0.0,1.0,1.0,5734453.0,24526192.64,1.0,0.0,0.0,False,0.0,1.0,PROBABLE
vdr-10024,1.0,1.0,0.0,1.0,0.0,48779755.52,24526192.64,0.0,0.0,0.0,False,1.0,1.0,PROBABLE
lpt-11017,1.0,0.0,0.0,1.0,0.0,24819643.22,24526192.64,0.0,0.0,0.0,False,0.0,1.0,PROBABLE
WS-11089,13.0,2.0,1.0,6.0,8.0,354587882.44,251363296.56,10.0,1.0,0.0,True,0.15384615384615385,14.0,EXACT
VDR-12513.,0.0,0.0,0.0,0.0,0.0,0.0,0.0,0.0,0.0,0.0,True,0.0,0.0,EXACT
LPT_10741,1.0,0.0,0.0,1.0,1.0,40378890.0,6596221.0,1.0,0.0,0.0,False,0.0,1.0,PROBABLE
WS-11317.corp.local,1.0,0.0,0.0,1.0,0.0,3229614.08,19445902.0,1.0,0.0,0.0,False,0.0,1.0,PROBABLE
ws-12941,1.0,1.0,0.0,0.0,1.0,24819643.22,24526192.64,1.0,0.0,0.0,False,1.0,1.0,PROBABLE
vdr-11510,2.0,0.0,0.0,1.0,2.0,32211979.22,49052385.28,2.0,0.0,0.0,False,0.0,2.0,PROBABLE
vdr-10444,1.0,1.0,0.0,1.0,1.0,39710216.0,24526192.64,0.0,0.0,0.0,False,1.0,1.0,PROBABLE
VDR-12949.corp.local,1.0,0.0,0.0,0.0,0.0,6414392.0,45395950.0,1.0,0.0,0.0,False,0.0,1.0,PROBABLE
VDR-10260.corp.local,1.0,1.0,0.0,0.0,1.0,24819643.22,14296811.52,1.0,0.0,0.0,False,1.0,1.0,PROBABLE
lpt-12045,2.0,0.0,0.0,2.0,1.0,61259227.64,30363547.0,1.0,0.0,0.0,False,0.0,2.0,PROBABLE
WS-11898,8.0,3.0,2.0,4.0,3.0,187524455.38,183427574.72,7.0,1.0,0.0,True,0.375,9.0,EXACT
VDR-10666,7.0,3.0,0.0,3.0,4.0,220235057.22,135273157.92000002,7.0,3.0,0.0,True,0.42857142857142855,10.0,EXACT
ws-12496,2.0,1.0,1.0,1.0,0.0,42574291.22,49052385.28,2.0,0.0,0.0,False,0.5,2.0,PROBABLE
LPT_12783,1.0,0.0,0.0,1.0,0.0,15098978.0,28004414.0,1.0,0.0,0.0,False,0.0,1.0,PROBABLE
ws-10809,3.0,0.0,0.0,1.0,3.0,51571785.22,91601893.64,3.0,0.0,0.0,False,0.0,3.0,PROBABLE
LPT-12708.,0.0,0.0,0.0,0.0,0.0,0.0,0.0,0.0,0.0,0.0,True,0.0,0.0,EXACT
LPT-12648,7.0,2.0,0.0,5.0,5.0,127209755.66,190681107.28,7.0,3.0,0.0,True,0.2857142857142857,10.0,EXACT
LPT_12689,1.0,0.0,0.0,0.0,1.0,29547970.0,27961685.0,1.0,0.0,0.0,False,0.0,1.0,PROBABLE
WS-12469,4.0,0.0,0.0,2.0,3.0,38116961.8,81643727.16,4.0,1.0,0.0,True,0.0,5.0,EXACT
lpt-11693,1.0,0.0,0.0,1.0,1.0,32262993.92,6941618.0,1.0,0.0,0.0,False,0.0,1.0,PROBABLE
WS-11269,9.0,3.0,0.0,6.0,6.0,211352465.82,189484831.28,9.0,3.0,0.0,True,0.3333333333333333,12.0,EXACT
vdr-12091,1.0,0.0,0.0,1.0,1.0,8515850.24,28259123.2,1.0,0.0,0.0,False,0.0,1.0,PROBABLE
lpt-11716,3.0,1.0,0.0,2.0,1.0,72937588.44,85076846.0,3.0,0.0,0.0,False,0.3333333333333333,3.0,PROBABLE
VDR_12959,1.0,0.0,0.0,0.0,1.0,38487392.0,24526192.64,1.0,0.0,0.0,False,0.0,1.0,PROBABLE
lpt-11180,1.0,0.0,0.0,0.0,1.0,6159564.8,24526192.64,1.0,0.0,0.0,False,0.0,1.0,PROBABLE
lpt-12109,2.0,0.0,0.0,1.0,0.0,59642852.18,30019909.16,1.0,0.0,0.0,False,0.0,2.0,PROBABLE
VDR-12493,7.0,3.0,0.0,4.0,2.0,181555842.28,192302745.12,6.0,1.0,1.0,True,0.42857142857142855,8.0,EXACT
WS-11160,12.0,5.0,0.0,3.0,7.0,327898406.88,295191616.76,12.0,0.0,0.0,True,0.4166666666666667,12.0,EXACT
WS-12112,11.0,3.0,0.0,3.0,5.0,294303384.38,247714919.16,11.0,2.0,0.0,True,0.2727272727272727,13.0,EXACT
VDR_12513,2.0,0.0,0.0,2.0,1.0,56934223.22,61346769.0,2.0,0.0,0.0,False,0.0,2.0,PROBABLE
LPT_11904,3.0,0.0,2.0,3.0,0.0,61809136.44,47753194.68,2.0,0.0,0.0,False,0.0,3.0,PROBABLE
WS-12418,13.0,4.0,2.0,5.0,9.0,350907003.32,299382876.12,11.0,2.0,1.0,True,0.3076923076923077,15.0,EXACT
vdr-11838,2.0,1.0,0.0,2.0,2.0,63685731.0,31084218.0,2.0,0.0,0.0,False,0.5,2.0,PROBABLE
VDR-10386,3.0,0.0,1.0,2.0,0.0,88327773.44,97010533.64,3.0,2.0,0.0,True,0.0,5.0,EXACT
LPT-11668,10.0,4.0,2.0,5.0,7.0,215344739.1,220809328.2,6.0,3.0,1.0,False,0.4,13.0,PROBABLE
WS-11633.corp.local,1.0,0.0,0.0,0.0,0.0,34644951.04,24526192.64,1.0,0.0,0.0,False,0.0,1.0,PROBABLE
WS-11108,8.0,3.0,3.0,4.0,3.0,196347185.78,199809850.8,4.0,2.0,1.0,True,0.375,10.0,EXACT
LPT-12347.,0.0,0.0,0.0,0.0,0.0,0.0,0.0,0.0,0.0,0.0,True,0.0,0.0,EXACT
WS-10873,8.0,2.0,2.0,4.0,3.0,232867953.88,211076838.04000002,6.0,3.0,0.0,True,0.25,11.0,EXACT
lpt-10459,1.0,1.0,0.0,0.0,0.0,49399129.0,7937273.0,1.0,0.0,0.0,False,1.0,1.0,PROBABLE
LPT-10862,3.0,0.0,0.0,1.0,2.0,82992195.28,44823224.0,2.0,2.0,0.0,False,0.0,5.0,PROBABLE
VDR_11117,1.0,0.0,1.0,1.0,0.0,24819643.22,24526192.64,1.0,0.0,0.0,False,0.0,1.0,PROBABLE
VDR-11566,8.0,0.0,0.0,3.0,3.0,166448875.18,258807012.16,8.0,4.0,0.0,True,0.0,12.0,EXACT
LPT-10112,5.0,1.0,0.0,3.0,2.0,156981633.12,123084351.92,3.0,6.0,1.0,True,0.2,11.0,EXACT
VDR-12458,5.0,1.0,0.0,1.0,1.0,145317593.78,110190607.6,5.0,2.0,0.0,True,0.2,7.0,EXACT
LPT-11955,6.0,1.0,0.0,3.0,2.0,175114118.64,169238967.36,4.0,5.0,0.0,True,0.16666666666666666,11.0,EXACT
WS-10803,3.0,0.0,1.0,2.0,1.0,89770181.44,51449066.28,2.0,0.0,0.0,True,0.0,3.0,EXACT
LPT-12061.corp.local,1.0,0.0,0.0,0.0,0.0,9871386.0,24526192.64,1.0,0.0,0.0,False,0.0,1.0,PROBABLE
LPT_12807,1.0,0.0,0.0,0.0,1.0,41218789.0,24526192.64,1.0,0.0,0.0,False,0.0,1.0,PROBABLE
lpt-12852,1.0,0.0,0.0,0.0,0.0,3502225.0,24526192.64,0.0,0.0,0.0,False,0.0,1.0,PROBABLE
VDR-12198,8.0,2.0,3.0,6.0,4.0,206220371.57999998,179818339.92000002,5.0,1.0,0.0,True,0.25,9.0,EXACT
WS-12713.corp.local,2.0,0.0,0.0,0.0,1.0,47384811.22,96297768.0,2.0,0.0,0.0,False,0.0,2.0,PROBABLE
WS_10004,2.0,1.0,0.0,0.0,1.0,49639286.44,38628668.64,0.0,0.0,0.0,False,0.5,2.0,PROBABLE
VDR-10017.corp.local,2.0,1.0,0.0,1.0,1.0,49291030.22,59224467.48,2.0,0.0,0.0,False,0.5,2.0,PROBABLE
WS-10991,6.0,1.0,1.0,4.0,2.0,139745685.82,142421562.6,6.0,2.0,0.0,True,0.16666666666666666,8.0,EXACT
vdr-12353,1.0,1.0,0.0,1.0,1.0,24819643.22,28332962.0,0.0,0.0,0.0,False,1.0,1.0,PROBABLE
WS-11876,4.0,0.0,0.0,2.0,3.0,123899549.92,72337957.64,4.0,4.0,1.0,True,0.0,8.0,EXACT
WS_12093,2.0,1.0,0.0,1.0,1.0,49573944.22,40382135.0,1.0,0.0,0.0,False,0.5,2.0,PROBABLE
LPT-12921.corp.local,2.0,0.0,0.0,0.0,1.0,73065083.22,30861860.0,0.0,0.0,0.0,False,0.0,2.0,PROBABLE
VDR-12483.corp.local,1.0,0.0,1.0,1.0,0.0,43599694.0,24526192.64,1.0,0.0,0.0,False,0.0,1.0,PROBABLE
VDR-10462.corp.local,1.0,1.0,0.0,1.0,1.0,39568917.0,24526192.64,1.0,0.0,0.0,False,1.0,1.0,PROBABLE
WS-12555,9.0,2.0,0.0,6.0,6.0,200271181.6,248588139.92000002,7.0,3.0,0.0,True,0.2222222222222222,12.0,EXACT
WS_12660,1.0,0.0,0.0,1.0,0.0,28504120.0,2514749.0,1.0,0.0,0.0,False,0.0,1.0,PROBABLE
WS_12868,2.0,0.0,0.0,2.0,1.0,57782027.22,40758149.120000005,2.0,0.0,0.0,False,0.0,2.0,PROBABLE
ws-12295,4.0,1.0,1.0,1.0,3.0,136480009.6,110223457.0,4.0,0.0,0.0,False,0.25,4.0,PROBABLE
VDR-11660.,0.0,0.0,0.0,0.0,0.0,0.0,0.0,0.0,0.0,0.0,True,0.0,0.0,EXACT
LPT-10639,6.0,1.0,1.0,4.0,3.0,211451963.0,112041758.56,5.0,3.0,0.0,True,0.16666666666666666,9.0,EXACT
WS-10232,6.0,2.0,1.0,4.0,1.0,176412564.88,158333479.4,5.0,0.0,0.0,True,0.3333333333333333,6.0,EXACT
WS_12571,1.0,0.0,0.0,0.0,0.0,24819643.22,16434563.0,1.0,0.0,0.0,False,0.0,1.0,PROBABLE
vdr-11556,2.0,0.0,0.0,1.0,1.0,39119318.92,72975455.0,2.0,0.0,0.0,False,0.0,2.0,PROBABLE
WS-11529,7.0,0.0,0.0,4.0,4.0,128594065.72,202638615.0,6.0,1.0,0.0,True,0.0,8.0,EXACT
ws-10074,3.0,1.0,0.0,1.0,1.0,49056358.1,104206275.92,1.0,0.0,0.0,False,0.3333333333333333,3.0,PROBABLE
vdr-11121,2.0,0.0,0.0,2.0,0.0,54663065.22,31243608.0,1.0,0.0,0.0,False,0.0,2.0,PROBABLE
lpt-10030,2.0,1.0,0.0,2.0,1.0,67432058.24000001,43629863.64,2.0,0.0,0.0,False,0.5,2.0,PROBABLE
VDR-12557,9.0,2.0,1.0,3.0,7.0,221144671.1,224383782.44,5.0,2.0,0.0,True,0.2222222222222222,11.0,EXACT
vdr-10255,2.0,0.0,0.0,1.0,1.0,63783977.22,35340120.64,2.0,0.0,0.0,False,0.0,2.0,PROBABLE
VDR-12328,3.0,0.0,0.0,1.0,1.0,75303931.56,89087378.36,2.0,1.0,0.0,True,0.0,4.0,EXACT
VDR-11773,8.0,2.0,0.0,4.0,6.0,137934382.82,201791168.2,4.0,0.0,0.0,False,0.25,8.0,PROBABLE
LPT-11716,10.0,1.0,2.0,7.0,5.0,195776961.01999998,343318952.4,7.0,3.0,0.0,False,0.1,13.0,PROBABLE
LPT-11086.corp.local,1.0,1.0,1.0,0.0,1.0,24819643.22,23258077.0,0.0,0.0,0.0,False,1.0,1.0,PROBABLE
LPT-11125.corp.local,1.0,0.0,0.0,0.0,1.0,28180989.0,24526192.64,1.0,0.0,0.0,False,0.0,1.0,PROBABLE
LPT-10075,7.0,2.0,0.0,4.0,5.0,142875437.44,200327659.76,6.0,3.0,0.0,True,0.2857142857142857,10.0,EXACT
LPT_11574,2.0,0.0,0.0,1.0,1.0,49639286.44,38717820.84,2.0,0.0,0.0,False,0.0,2.0,PROBABLE
WS-10933.corp.local,2.0,0.0,0.0,2.0,1.0,60821904.22,45438190.68,2.0,0.0,0.0,False,0.0,2.0,PROBABLE
WS-11540,3.0,0.0,0.0,3.0,1.0,71040722.6,121852878.24000001,2.0,4.0,0.0,True,0.0,7.0,EXACT
VDR-10662,4.0,1.0,0.0,0.0,2.0,83282477.38,137511217.96,2.0,6.0,1.0,False,0.25,10.0,PROBABLE
vdr-10966,4.0,1.0,0.0,2.0,2.0,109564360.44,77356425.48,4.0,0.0,0.0,False,0.25,4.0,PROBABLE
VDR_11982,1.0,1.0,0.0,0.0,1.0,26803186.0,24526192.64,1.0,0.0,0.0,False,1.0,1.0,PROBABLE
lpt-11254,2.0,1.0,1.0,1.0,1.0,41861974.48,58650837.0,2.0,0.0,0.0,False,0.5,2.0,PROBABLE
VDR_11532,2.0,2.0,0.0,2.0,0.0,34295082.0,26311008.64,2.0,0.0,0.0,False,1.0,2.0,PROBABLE
LPT-10691,9.0,1.0,1.0,6.0,5.0,215885336.95999998,219637324.28,9.0,2.0,0.0,True,0.1111111111111111,11.0,EXACT
LPT-10223,9.0,1.0,1.0,4.0,3.0,256602305.44,229535672.28,9.0,4.0,0.0,True,0.1111111111111111,13.0,EXACT
VDR-10108,10.0,4.0,3.0,7.0,8.0,224734972.92,254451098.72,9.0,2.0,1.0,True,0.4,12.0,EXACT
VDR-11544.,0.0,0.0,0.0,0.0,0.0,0.0,0.0,0.0,0.0,0.0,True,0.0,0.0,EXACT
WS-12833.corp.local,1.0,0.0,0.0,1.0,1.0,49590743.04,24526192.64,1.0,0.0,0.0,False,0.0,1.0,PROBABLE
lpt-10909,1.0,0.0,0.0,0.0,0.0,19425960.0,24526192.64,1.0,0.0,0.0,False,0.0,1.0,PROBABLE
VDR-11189,7.0,1.0,1.0,4.0,6.0,200814985.9,194409099.4,7.0,0.0,0.0,True,0.14285714285714285,7.0,EXACT
WS-10915,3.0,0.0,0.0,1.0,1.0,60932003.099999994,68964739.44,2.0,1.0,0.0,True,0.0,4.0,EXACT
lpt-10289,2.0,0.0,0.0,1.0,0.0,58085126.04,72185086.0,2.0,0.0,0.0,False,0.0,2.0,PROBABLE
ws-10419,3.0,1.0,0.0,2.0,1.0,91378488.22,42485987.08,3.0,0.0,0.0,False,0.3333333333333333,3.0,PROBABLE
LPT-11900.corp.local,2.0,0.0,0.0,0.0,0.0,35263005.22,62204799.64,1.0,0.0,0.0,False,0.0,2.0,PROBABLE
LPT_12843,1.0,1.0,0.0,1.0,1.0,47871732.0,1245004.0,1.0,0.0,0.0,False,1.0,1.0,PROBABLE
LPT-10067,3.0,0.0,1.0,1.0,0.0,101311000.0,85567047.68,3.0,2.0,0.0,True,0.0,5.0,EXACT
VDR-12479.corp.local,2.0,0.0,0.0,0.0,2.0,34754774.22,49052385.28,1.0,0.0,0.0,False,0.0,2.0,PROBABLE
ws-11696,1.0,0.0,0.0,0.0,0.0,17584619.52,35623918.0,1.0,0.0,0.0,False,0.0,1.0,PROBABLE
WS-11447,4.0,0.0,1.0,3.0,2.0,130139980.22,118812998.08,4.0,3.0,1.0,True,0.0,7.0,EXACT
WS_10242,1.0,0.0,0.0,0.0,1.0,8816847.0,29679309.0,1.0,0.0,0.0,False,0.0,1.0,PROBABLE
vdr-10585,2.0,1.0,1.0,0.0,0.0,18155120.64,58150030.2,2.0,0.0,0.0,False,0.5,2.0,PROBABLE
WS-12545,9.0,1.0,0.0,6.0,2.0,226739204.42,193859595.48000002,5.0,1.0,0.0,True,0.1111111111111111,10.0,EXACT
LPT-10094,4.0,1.0,0.0,2.0,2.0,55905636.0,107330033.96000001,4.0,4.0,1.0,True,0.25,8.0,EXACT
VDR-11549,7.0,3.0,2.0,4.0,5.0,175758214.2,149142221.88,5.0,4.0,0.0,False,0.42857142857142855,11.0,PROBABLE
WS-11462,4.0,2.0,1.0,1.0,2.0,73219489.44,88210624.0,4.0,4.0,1.0,True,0.5,8.0,EXACT
VDR-12332,15.0,1.0,3.0,7.0,5.0,354365829.0,407662931.52,12.0,3.0,0.0,False,0.06666666666666667,18.0,PROBABLE
VDR-10361,5.0,2.0,0.0,2.0,3.0,94661190.14,145626465.12,5.0,1.0,0.0,True,0.4,6.0,EXACT
WS-10683.,0.0,0.0,0.0,0.0,0.0,0.0,0.0,0.0,0.0,0.0,True,0.0,0.0,EXACT
LPT-11607.corp.local,2.0,0.0,0.0,1.0,1.0,42166457.16,47243407.4,2.0,0.0,0.0,False,0.0,2.0,PROBABLE
VDR-10152,7.0,1.0,0.0,2.0,3.0,151489078.2,185450686.48,6.0,1.0,0.0,True,0.14285714285714285,8.0,EXACT
LPT_10541,1.0,0.0,0.0,1.0,0.0,38470616.0,30859591.68,1.0,0.0,0.0,False,0.0,1.0,PROBABLE
VDR-11588.corp.local,1.0,0.0,0.0,1.0,1.0,18824361.0,24526192.64,0.0,0.0,0.0,False,0.0,1.0,PROBABLE
LPT-12265,3.0,0.0,0.0,1.0,2.0,45920239.22,78976816.2,2.0,1.0,0.0,True,0.0,4.0,EXACT
WS-12686,5.0,1.0,0.0,1.0,3.0,108709151.0,148556798.72,4.0,5.0,0.0,False,0.2,10.0,PROBABLE
VDR_11066,1.0,0.0,0.0,0.0,0.0,48437707.0,22886453.0,1.0,0.0,0.0,False,0.0,1.0,PROBABLE
LPT-11488.corp.local,5.0,2.0,1.0,1.0,5.0,127089534.44,102641365.28,4.0,0.0,0.0,False,0.4,5.0,PROBABLE
LPT-11428,8.0,1.0,1.0,4.0,2.0,199069106.94,287041711.88,6.0,2.0,0.0,True,0.125,10.0,EXACT
ws-10228,3.0,0.0,0.0,3.0,0.0,74458929.66,114429802.44,3.0,0.0,0.0,False,0.0,3.0,PROBABLE
ws-10213,2.0,0.0,0.0,1.0,0.0,21413639.68,38830650.0,2.0,0.0,0.0,False,0.0,2.0,PROBABLE
VDR-11003.corp.local,1.0,0.0,0.0,0.0,0.0,24139750.0,47208010.0,1.0,0.0,0.0,False,0.0,1.0,PROBABLE
vdr-11210,1.0,0.0,0.0,0.0,1.0,31531203.0,4120031.0,1.0,0.0,0.0,False,0.0,1.0,PROBABLE
lpt-11554,2.0,0.0,0.0,2.0,2.0,47874871.32,64816764.0,2.0,0.0,0.0,False,0.0,2.0,PROBABLE
LPT-10106.corp.local,1.0,0.0,0.0,0.0,0.0,13080589.0,24526192.64,1.0,0.0,0.0,False,0.0,1.0,PROBABLE
VDR-10118.corp.local,1.0,0.0,0.0,0.0,0.0,32422799.36,39360202.0,1.0,0.0,0.0,False,0.0,1.0,PROBABLE
VDR-10077.corp.local,2.0,2.0,0.0,0.0,1.0,44656785.32,25752309.64,2.0,0.0,0.0,False,1.0,2.0,PROBABLE
WS_11750,2.0,1.0,0.0,1.0,1.0,57094812.5,89744867.0,1.0,0.0,0.0,False,0.5,2.0,PROBABLE
lpt-11173,1.0,0.0,0.0,0.0,0.0,44236556.0,6946989.0,1.0,0.0,0.0,False,0.0,1.0,PROBABLE
WS-10385.corp.local,1.0,0.0,0.0,0.0,0.0,24819643.22,39967522.0,0.0,0.0,0.0,False,0.0,1.0,PROBABLE
WS-10604,9.0,3.0,1.0,1.0,4.0,245684621.18,277960123.88,8.0,3.0,0.0,True,0.3333333333333333,12.0,EXACT
WS_11243,3.0,0.0,2.0,1.0,0.0,91990422.22,89161724.24000001,3.0,0.0,0.0,False,0.0,3.0,PROBABLE
VDR_10857,1.0,0.0,0.0,0.0,1.0,33913203.0,9398220.0,1.0,0.0,0.0,False,0.0,1.0,PROBABLE
ws-11540,1.0,0.0,0.0,0.0,1.0,46871347.2,27178615.0,0.0,0.0,0.0,False,0.0,1.0,PROBABLE
LPT_12100,1.0,0.0,0.0,1.0,1.0,5106565.12,22824127.0,0.0,0.0,0.0,False,0.0,1.0,PROBABLE
LPT-10037,4.0,0.0,0.0,2.0,4.0,100542874.02,74661010.64,3.0,1.0,0.0,True,0.0,5.0,EXACT
ws-12914,1.0,0.0,0.0,0.0,1.0,14621510.0,24765321.0,0.0,0.0,0.0,False,0.0,1.0,PROBABLE
lpt-11208,1.0,1.0,0.0,1.0,0.0,24819643.22,6973113.0,1.0,0.0,0.0,False,1.0,1.0,PROBABLE
VDR-12237,12.0,3.0,2.0,6.0,7.0,326644950.04,293994906.52,10.0,3.0,0.0,False,0.25,15.0,PROBABLE
lpt-11425,4.0,2.0,0.0,2.0,2.0,72315591.22,98104770.56,4.0,0.0,0.0,False,0.5,4.0,PROBABLE
VDR_12160,1.0,0.0,0.0,1.0,1.0,24819643.22,40254777.0,1.0,0.0,0.0,False,0.0,1.0,PROBABLE
LPT_10398,2.0,0.0,0.0,0.0,1.0,59741411.22,67241299.64,2.0,0.0,0.0,False,0.0,2.0,PROBABLE
LPT_11664,1.0,0.0,0.0,1.0,0.0,8083184.0,19010682.88,1.0,0.0,0.0,False,0.0,1.0,PROBABLE
VDR-11265,9.0,5.0,0.0,3.0,7.0,243710315.82,201161077.07999998,8.0,4.0,1.0,True,0.5555555555555556,13.0,EXACT
LPT-12815.,0.0,0.0,0.0,0.0,0.0,0.0,0.0,0.0,0.0,0.0,True,0.0,0.0,EXACT
VDR-12121,8.0,2.0,1.0,6.0,3.0,173212906.22,213332284.36,7.0,3.0,0.0,True,0.25,11.0,EXACT
LPT-10169,11.0,3.0,2.0,5.0,5.0,254746575.42,265542391.12,9.0,3.0,1.0,False,0.2727272727272727,14.0,PROBABLE
vdr-12057,1.0,0.0,0.0,1.0,1.0,24819643.22,24526192.64,1.0,0.0,0.0,False,0.0,1.0,PROBABLE
LPT-11478,8.0,4.0,1.0,3.0,3.0,216686557.92000002,207898267.51999998,7.0,1.0,0.0,True,0.5,9.0,EXACT
WS-10027,6.0,1.0,1.0,1.0,3.0,137025781.88,104721510.64,5.0,5.0,0.0,True,0.16666666666666666,11.0,EXACT
LPT-10377,12.0,3.0,0.0,6.0,6.0,325215567.88,296572042.72,9.0,0.0,0.0,True,0.25,12.0,EXACT
VDR-10843.corp.local,2.0,0.0,0.0,1.0,2.0,28852846.22,84366933.0,2.0,0.0,0.0,False,0.0,2.0,PROBABLE
LPT_10215,2.0,0.0,0.0,1.0,0.0,44357793.22,38179156.0,2.0,0.0,0.0,False,0.0,2.0,PROBABLE
vdr-10282,1.0,1.0,0.0,1.0,1.0,28786811.0,49706127.36,0.0,0.0,0.0,False,1.0,1.0,PROBABLE
VDR-10966,8.0,2.0,1.0,3.0,5.0,220161363.7,191075017.08,7.0,3.0,0.0,True,0.25,11.0,EXACT
LPT-11244.corp.local,1.0,0.0,0.0,0.0,1.0,21213260.0,24526192.64,1.0,0.0,0.0,False,0.0,1.0,PROBABLE
ws-10334,2.0,0.0,0.0,1.0,1.0,42112583.68,51640394.64,2.0,0.0,0.0,False,0.0,2.0,PROBABLE
LPT-11784,4.0,1.0,0.0,2.0,2.0,114912672.52,94564123.64,3.0,3.0,0.0,True,0.25,7.0,EXACT
VDR-11872.,0.0,0.0,0.0,0.0,0.0,0.0,0.0,0.0,0.0,0.0,True,0.0,0.0,EXACT
WS_10784,2.0,0.0,0.0,1.0,1.0,27734980.0,57913512.64,2.0,0.0,0.0,False,0.0,2.0,PROBABLE
VDR-11610.,0.0,0.0,0.0,0.0,0.0,0.0,0.0,0.0,0.0,0.0,True,0.0,0.0,EXACT
LPT-10742.,0.0,0.0,0.0,0.0,0.0,0.0,0.0,0.0,0.0,0.0,True,0.0,0.0,EXACT
VDR-10206,3.0,1.0,2.0,2.0,2.0,82566246.28,34209885.0,3.0,2.0,1.0,True,0.3333333333333333,5.0,EXACT
LPT-10782,5.0,1.0,3.0,4.0,4.0,161749315.96,137467764.64,3.0,1.0,0.0,True,0.2,6.0,EXACT
vdr-11147,3.0,1.0,0.0,1.0,1.0,96331216.44,80517327.64,3.0,0.0,0.0,False,0.3333333333333333,3.0,PROBABLE
ws-10367,1.0,0.0,0.0,1.0,0.0,24819643.22,8543221.76,1.0,0.0,0.0,False,0.0,1.0,PROBABLE
ws-10090,1.0,0.0,0.0,0.0,0.0,24819643.22,22328906.0,1.0,0.0,0.0,False,0.0,1.0,PROBABLE
VDR-11144.,0.0,0.0,0.0,0.0,0.0,0.0,0.0,0.0,0.0,0.0,True,0.0,0.0,EXACT
vdr-11130,1.0,0.0,1.0,1.0,0.0,24819643.22,33253889.0,1.0,0.0,0.0,False,0.0,1.0,PROBABLE
LPT-11191.corp.local,1.0,0.0,0.0,1.0,1.0,45091149.0,2874224.0,1.0,0.0,0.0,False,0.0,1.0,PROBABLE
vdr-12270,2.0,0.0,0.0,2.0,1.0,41237374.0,49916876.8,2.0,0.0,0.0,False,0.0,2.0,PROBABLE
WS_10695,1.0,0.0,0.0,0.0,1.0,14847305.0,17753024.0,1.0,0.0,0.0,False,0.0,1.0,PROBABLE
LPT-12109.corp.local,1.0,1.0,0.0,0.0,0.0,39190962.0,7644119.04,1.0,0.0,0.0,False,1.0,1.0,PROBABLE
WS-11856.corp.local,1.0,0.0,0.0,1.0,0.0,7379102.0,44245985.28,1.0,0.0,0.0,False,0.0,1.0,PROBABLE
WS-11336.corp.local,2.0,0.0,1.0,1.0,1.0,51678522.0,41845397.24,2.0,0.0,0.0,False,0.0,2.0,PROBABLE
VDR_11167,1.0,0.0,0.0,1.0,1.0,47736897.0,4918333.44,1.0,0.0,0.0,False,0.0,1.0,PROBABLE
LPT-10262.corp.local,1.0,1.0,0.0,1.0,0.0,20140177.0,17999386.0,1.0,0.0,0.0,False,1.0,1.0,PROBABLE
ws-11651,1.0,0.0,0.0,1.0,1.0,24819643.22,42012805.0,1.0,0.0,0.0,False,0.0,1.0,PROBABLE
VDR-11578,7.0,3.0,0.0,5.0,2.0,184993824.51999998,233028610.64,7.0,1.0,0.0,True,0.42857142857142855,8.0,EXACT
VDR_10035,1.0,0.0,0.0,1.0,1.0,24819643.22,31341490.0,1.0,0.0,0.0,False,0.0,1.0,PROBABLE
VDR-10283,7.0,2.0,0.0,2.0,1.0,172111341.92,181990471.0,6.0,1.0,0.0,True,0.2857142857142857,8.0,EXACT
LPT-10547.corp.local,1.0,0.0,0.0,0.0,1.0,24819643.22,29318686.72,1.0,0.0,0.0,False,0.0,1.0,PROBABLE
VDR-12820,4.0,0.0,0.0,3.0,0.0,101533349.0,97212745.28,4.0,3.0,0.0,True,0.0,7.0,EXACT
VDR-12150.corp.local,1.0,0.0,0.0,0.0,0.0,525743.0,25051760.64,1.0,0.0,0.0,False,0.0,1.0,PROBABLE
WS-10928,9.0,2.0,1.0,1.0,7.0,286347515.36,200946763.56,8.0,2.0,0.0,True,0.2222222222222222,11.0,EXACT
lpt-12645,2.0,0.0,1.0,0.0,1.0,48056144.72,62751302.2,1.0,0.0,0.0,False,0.0,2.0,PROBABLE
VDR_11312,1.0,0.0,0.0,1.0,0.0,44757538.0,4125493.0,1.0,0.0,0.0,False,0.0,1.0,PROBABLE
LPT-10006,5.0,1.0,0.0,2.0,2.0,97233754.44,75358241.72,2.0,6.0,1.0,True,0.2,11.0,EXACT
vdr-11189,1.0,0.0,0.0,1.0,0.0,18617161.0,16322415.0,1.0,0.0,0.0,False,0.0,1.0,PROBABLE
vdr-11794,1.0,0.0,0.0,1.0,0.0,49808552.0,7958710.0,1.0,0.0,0.0,False,0.0,1.0,PROBABLE
lpt-10094,2.0,0.0,0.0,0.0,0.0,39815703.379999995,36763570.0,2.0,0.0,0.0,False,0.0,2.0,PROBABLE
VDR-11684.corp.local,1.0,0.0,0.0,1.0,1.0,24819643.22,15557083.0,0.0,0.0,0.0,False,0.0,1.0,PROBABLE
VDR_12483,1.0,0.0,0.0,1.0,1.0,24819643.22,13943921.0,1.0,0.0,0.0,False,0.0,1.0,PROBABLE
LPT-10702.,0.0,0.0,0.0,0.0,0.0,0.0,0.0,0.0,0.0,0.0,True,0.0,0.0,EXACT
VDR-12129,7.0,4.0,1.0,2.0,4.0,112318160.46000001,195288546.64,7.0,2.0,0.0,True,0.5714285714285714,9.0,EXACT
WS-11295,6.0,0.0,0.0,4.0,2.0,178737774.42,181726216.12,6.0,4.0,1.0,True,0.0,10.0,EXACT
WS-11836,3.0,0.0,0.0,0.0,0.0,73245268.22,86794262.28,3.0,2.0,0.0,True,0.0,5.0,EXACT
VDR-12647,9.0,1.0,2.0,4.0,5.0,190879378.82,286026506.0,8.0,3.0,0.0,True,0.1111111111111111,12.0,EXACT
ws-12371,2.0,1.0,0.0,2.0,1.0,46097210.0,38389278.64,2.0,0.0,0.0,False,0.5,2.0,PROBABLE
WS-12401,5.0,1.0,0.0,1.0,3.0,173240211.44,114143188.48,4.0,1.0,0.0,False,0.2,6.0,PROBABLE
LPT-12737.corp.local,1.0,0.0,0.0,1.0,1.0,5106881.0,2237941.0,1.0,0.0,0.0,False,0.0,1.0,PROBABLE
VDR-11942,9.0,2.0,2.0,2.0,6.0,241949888.66,222533647.28,8.0,3.0,0.0,True,0.2222222222222222,12.0,EXACT
VDR-10068,4.0,2.0,0.0,2.0,2.0,94743434.22,121244207.64,4.0,6.0,0.0,True,0.5,10.0,EXACT
LPT-10395.corp.local,2.0,0.0,0.0,1.0,1.0,45849910.099999994,49052385.28,2.0,0.0,0.0,False,0.0,2.0,PROBABLE
lpt-12658,3.0,2.0,1.0,1.0,2.0,67604819.53999999,94062035.52000001,0.0,0.0,0.0,False,0.6666666666666666,3.0,PROBABLE
WS-11795,9.0,1.0,0.0,7.0,3.0,227142384.22,255656829.0,8.0,2.0,0.0,True,0.1111111111111111,11.0,EXACT
ws-12872,3.0,2.0,0.0,2.0,2.0,74458929.66,99580333.8,3.0,0.0,0.0,False,0.6666666666666666,3.0,PROBABLE
WS-12931,7.0,1.0,0.0,3.0,5.0,129724120.96,148924186.12,5.0,3.0,0.0,False,0.14285714285714285,10.0,PROBABLE
WS-11309,5.0,1.0,0.0,3.0,3.0,139785514.4,180240297.28,4.0,0.0,0.0,True,0.2,5.0,EXACT
VDR-12610,5.0,0.0,0.0,4.0,3.0,147973120.44,154502004.4,4.0,2.0,0.0,True,0.0,7.0,EXACT
WS-12556,7.0,2.0,0.0,4.0,3.0,185180309.44,193446132.84,7.0,3.0,0.0,False,0.2857142857142857,10.0,PROBABLE
VDR-10796,11.0,2.0,0.0,2.0,5.0,279578140.86,235497209.76,10.0,1.0,0.0,True,0.18181818181818182,12.0,EXACT
WS-10301,6.0,1.0,1.0,4.0,2.0,99978227.44,103713606.28,5.0,4.0,0.0,False,0.16666666666666666,10.0,PROBABLE
LPT-10452.corp.local,3.0,0.0,1.0,2.0,1.0,114248445.0,99109141.0,3.0,0.0,0.0,False,0.0,3.0,PROBABLE
WS-11820,11.0,4.0,0.0,7.0,6.0,344380760.44,253691550.4,10.0,1.0,0.0,True,0.36363636363636365,12.0,EXACT
WS-12715.corp.local,1.0,0.0,0.0,1.0,1.0,28252131.0,24526192.64,1.0,0.0,0.0,False,0.0,1.0,PROBABLE
VDR-10684,9.0,1.0,1.0,5.0,3.0,208630172.96,205631007.04,8.0,2.0,0.0,True,0.1111111111111111,11.0,EXACT
WS_12267,1.0,0.0,0.0,1.0,0.0,6385309.0,24526192.64,1.0,0.0,0.0,False,0.0,1.0,PROBABLE
vdr-12023,3.0,0.0,0.0,1.0,2.0,66061813.22,93571908.96000001,3.0,0.0,0.0,False,0.0,3.0,PROBABLE
LPT_12766,1.0,1.0,0.0,0.0,1.0,6413136.0,34510934.0,1.0,0.0,0.0,False,1.0,1.0,PROBABLE
VDR-11494.corp.local,1.0,0.0,0.0,0.0,1.0,24819643.22,24526192.64,1.0,0.0,0.0,False,0.0,1.0,PROBABLE
LPT-10107,5.0,3.0,0.0,2.0,2.0,149652314.62,125465607.08,5.0,0.0,0.0,True,0.6,5.0,EXACT
ws-12081,2.0,2.0,0.0,1.0,2.0,55423003.0,43879161.64,2.0,0.0,0.0,False,1.0,2.0,PROBABLE
WS-10932.corp.local,1.0,0.0,0.0,1.0,1.0,34998424.0,41035822.0,1.0,0.0,0.0,False,0.0,1.0,PROBABLE
WS-12849.corp.local,2.0,2.0,0.0,1.0,2.0,49639286.44,19633136.0,2.0,0.0,0.0,False,1.0,2.0,PROBABLE
WS-12793.corp.local,1.0,1.0,0.0,1.0,0.0,1724033.0,49315761.0,1.0,0.0,0.0,False,1.0,1.0,PROBABLE
WS-12473.corp.local,1.0,0.0,0.0,0.0,0.0,1520791.0,24526192.64,1.0,0.0,0.0,False,0.0,1.0,PROBABLE
WS_10794,1.0,0.0,0.0,0.0,0.0,24819643.22,225327.0,0.0,0.0,0.0,False,0.0,1.0,PROBABLE
VDR-10825,9.0,1.0,1.0,4.0,4.0,232381203.84,188342527.16,7.0,5.0,1.0,True,0.1111111111111111,14.0,EXACT
LPT-11109.,0.0,0.0,0.0,0.0,0.0,0.0,0.0,0.0,0.0,0.0,True,0.0,0.0,EXACT
lpt-12937,3.0,0.0,0.0,1.0,2.0,64531018.96,72661925.64,3.0,0.0,0.0,False,0.0,3.0,PROBABLE
LPT-10333,5.0,1.0,1.0,4.0,3.0,97491802.6,117955671.28,4.0,7.0,1.0,True,0.2,12.0,EXACT
ws-10553,2.0,0.0,1.0,1.0,2.0,27623158.22,49052385.28,2.0,0.0,0.0,False,0.0,2.0,PROBABLE
LPT_10183,1.0,1.0,0.0,0.0,0.0,3958918.0,21797487.0,1.0,0.0,0.0,False,1.0,1.0,PROBABLE
WS-11309.corp.local,2.0,0.0,0.0,1.0,1.0,55036413.22,49052385.28,2.0,0.0,0.0,False,0.0,2.0,PROBABLE
WS_12745,2.0,2.0,0.0,0.0,1.0,46554823.44,8522345.0,2.0,0.0,0.0,False,1.0,2.0,PROBABLE
WS-12535,5.0,0.0,1.0,2.0,3.0,117750876.56,141323370.16,5.0,2.0,1.0,True,0.0,7.0,EXACT
LPT-12838,5.0,2.0,0.0,3.0,3.0,170577910.54,78969052.72,5.0,2.0,0.0,True,0.4,7.0,EXACT
vdr-12452,1.0,1.0,0.0,0.0,0.0,24819643.22,41759844.0,1.0,0.0,0.0,False,1.0,1.0,PROBABLE
LPT-10002.corp.local,2.0,0.0,0.0,1.0,2.0,67685430.1,86798173.0,2.0,0.0,0.0,False,0.0,2.0,PROBABLE
VDR-12526.corp.local,1.0,1.0,0.0,1.0,0.0,663066.0,48282845.0,1.0,0.0,0.0,False,1.0,1.0,PROBABLE
VDR-10244.,0.0,0.0,0.0,0.0,0.0,0.0,0.0,0.0,0.0,0.0,True,0.0,0.0,EXACT
VDR-10209.corp.local,1.0,1.0,0.0,1.0,1.0,12656312.32,42909977.0,1.0,0.0,0.0,False,1.0,1.0,PROBABLE
VDR_11206,2.0,0.0,0.0,0.0,1.0,51902662.0,51976004.519999996,2.0,0.0,0.0,False,0.0,2.0,PROBABLE
LPT-12759,4.0,0.0,0.0,3.0,2.0,112733806.1,90605095.68,4.0,1.0,0.0,True,0.0,5.0,EXACT
LPT_12114,1.0,0.0,0.0,1.0,0.0,47689236.48,13442744.32,1.0,0.0,0.0,False,0.0,1.0,PROBABLE
WS-12682.corp.local,1.0,0.0,0.0,0.0,0.0,41239424.0,24526192.64,0.0,0.0,0.0,False,0.0,1.0,PROBABLE
VDR-10309,6.0,2.0,2.0,1.0,2.0,175631854.32,173560579.8,6.0,3.0,0.0,False,0.3333333333333333,9.0,PROBABLE
LPT-11483,5.0,2.0,0.0,2.0,2.0,74778685.22,110063486.32,4.0,5.0,1.0,False,0.4,10.0,PROBABLE
ws-10610,1.0,0.0,0.0,1.0,1.0,24819643.22,24526192.64,1.0,0.0,0.0,False,0.0,1.0,PROBABLE
VDR-12452.corp.local,1.0,0.0,0.0,1.0,0.0,18433966.08,10482682.0,1.0,0.0,0.0,False,0.0,1.0,PROBABLE
VDR-12897,2.0,0.0,0.0,0.0,0.0,28574389.22,42958725.120000005,1.0,3.0,1.0,True,0.0,5.0,EXACT
LPT-10271,8.0,2.0,0.0,0.0,2.0,232116955.57999998,182030270.72,7.0,4.0,0.0,True,0.25,12.0,EXACT
lpt-12407,3.0,1.0,0.0,3.0,2.0,62022968.22,49116006.28,3.0,0.0,0.0,False,0.3333333333333333,3.0,PROBABLE
VDR-12342,7.0,1.0,0.0,2.0,3.0,198389526.22,158776519.64,5.0,1.0,0.0,True,0.14285714285714285,8.0,EXACT
LPT_11593,1.0,0.0,1.0,0.0,1.0,24819643.22,2082649.0,0.0,0.0,0.0,False,0.0,1.0,PROBABLE
VDR_11033,1.0,0.0,0.0,1.0,1.0,39821200.0,34279168.0,1.0,0.0,0.0,False,0.0,1.0,PROBABLE
ws-10121,1.0,0.0,0.0,1.0,0.0,40862846.0,18191802.0,1.0,0.0,0.0,False,0.0,1.0,PROBABLE
VDR-12663,7.0,1.0,0.0,3.0,2.0,187357242.82,142395868.92000002,6.0,6.0,0.0,False,0.14285714285714285,13.0,PROBABLE
vdr-10903,1.0,1.0,0.0,1.0,0.0,40462017.0,43552841.0,1.0,0.0,0.0,False,1.0,1.0,PROBABLE
LPT-12202.corp.local,2.0,1.0,0.0,0.0,2.0,63891717.0,67444408.32,2.0,0.0,0.0,False,0.5,2.0,PROBABLE
LPT-10199,5.0,3.0,1.0,2.0,3.0,129969092.66,72315320.32,3.0,1.0,0.0,True,0.6,6.0,EXACT
VDR-11429,2.0,0.0,0.0,1.0,1.0,91246411.36,48727326.72,2.0,1.0,0.0,True,0.0,3.0,EXACT
LPT-12772,4.0,1.0,0.0,2.0,2.0,99278572.88,107000376.64,4.0,1.0,0.0,True,0.25,5.0,EXACT
VDR-10123,4.0,2.0,0.0,0.0,1.0,128843022.24,111307876.64,4.0,2.0,0.0,False,0.5,6.0,PROBABLE
LPT-12494.corp.local,1.0,0.0,0.0,0.0,0.0,24819643.22,24526192.64,1.0,0.0,0.0,False,0.0,1.0,PROBABLE
LPT-11674.corp.local,1.0,1.0,0.0,0.0,1.0,48819394.56,37048133.0,1.0,0.0,0.0,False,1.0,1.0,PROBABLE
VDR-12519,11.0,0.0,1.0,4.0,3.0,239852713.46,247585796.2,8.0,2.0,0.0,True,0.0,13.0,EXACT
LPT-12609,5.0,0.0,0.0,2.0,2.0,128552728.0,92011416.64,3.0,3.0,1.0,False,0.0,8.0,PROBABLE
LPT-11097.corp.local,1.0,0.0,0.0,1.0,0.0,24819643.22,22921871.36,1.0,0.0,0.0,False,0.0,1.0,PROBABLE
VDR-12825,9.0,3.0,1.0,5.0,5.0,264265874.44,171230895.24,7.0,2.0,0.0,True,0.3333333333333333,11.0,EXACT
lpt-10323,2.0,0.0,0.0,1.0,0.0,57105298.26,45265530.64,2.0,0.0,0.0,False,0.0,2.0,PROBABLE
vdr-12405,3.0,2.0,0.0,2.0,3.0,65035052.44,70013613.28,1.0,0.0,0.0,False,0.6666666666666666,3.0,PROBABLE
VDR-12554,6.0,2.0,2.0,3.0,3.0,124244486.8,185888965.56,4.0,3.0,1.0,True,0.3333333333333333,9.0,EXACT
LPT_12044,1.0,1.0,0.0,1.0,1.0,757173.0,24526192.64,1.0,0.0,0.0,False,1.0,1.0,PROBABLE
lpt-10728,1.0,0.0,0.0,0.0,0.0,41542858.0,44241098.0,1.0,0.0,0.0,False,0.0,1.0,PROBABLE
ws-11856,1.0,0.0,1.0,0.0,1.0,25276033.0,32925286.4,1.0,0.0,0.0,False,0.0,1.0,PROBABLE
LPT-12135,4.0,2.0,1.0,1.0,2.0,59901217.44,94282624.28,2.0,5.0,1.0,True,0.5,9.0,EXACT
vdr-12310,3.0,1.0,0.0,2.0,2.0,102756653.22,75323291.28,3.0,0.0,0.0,False,0.3333333333333333,3.0,PROBABLE
LPT-11561,4.0,0.0,1.0,3.0,3.0,137889112.22,80095114.2,4.0,1.0,0.0,False,0.0,5.0,PROBABLE
ws-10946,2.0,0.0,0.0,1.0,1.0,66224353.22,65655332.0,2.0,0.0,0.0,False,0.0,2.0,PROBABLE
LPT-10080.corp.local,1.0,0.0,0.0,1.0,1.0,33754004.0,24294220.0,1.0,0.0,0.0,False,0.0,1.0,PROBABLE
WS-10784.corp.local,1.0,0.0,0.0,0.0,1.0,24819643.22,18470250.0,1.0,0.0,0.0,False,0.0,1.0,PROBABLE
WS-12361,6.0,1.0,0.0,4.0,4.0,143918833.1,118027113.28,5.0,2.0,1.0,True,0.16666666666666666,8.0,EXACT
lpt-12532,1.0,1.0,0.0,1.0,1.0,27671670.0,48993720.32,1.0,0.0,0.0,False,1.0,1.0,PROBABLE
WS-11381,5.0,3.0,1.0,2.0,1.0,177434694.22,122910005.28,5.0,4.0,0.0,True,0.6,9.0,EXACT
lpt-12196,1.0,0.0,0.0,1.0,0.0,47458549.76,5198150.0,1.0,0.0,0.0,False,0.0,1.0,PROBABLE
vdr-11036,2.0,1.0,0.0,2.0,1.0,40097395.54,32214657.0,2.0,0.0,0.0,False,0.5,2.0,PROBABLE
VDR-11579,7.0,3.0,0.0,3.0,3.0,188285018.44,158941968.68,5.0,1.0,0.0,True,0.42857142857142855,8.0,EXACT
vdr-12479,1.0,0.0,0.0,1.0,1.0,28408412.16,34791272.0,0.0,0.0,0.0,False,0.0,1.0,PROBABLE
vdr-12709,2.0,0.0,0.0,2.0,0.0,71622148.22,60991088.64,2.0,0.0,0.0,False,0.0,2.0,PROBABLE
LPT-12010,5.0,1.0,0.0,3.0,3.0,143328710.74,105089301.64,3.0,0.0,0.0,True,0.2,5.0,EXACT
WS-11073,9.0,2.0,1.0,3.0,5.0,207604831.88,126631832.52,7.0,0.0,0.0,True,0.2222222222222222,9.0,EXACT
lpt-12840,2.0,0.0,0.0,1.0,2.0,59541703.22,69679982.64,1.0,0.0,0.0,False,0.0,2.0,PROBABLE
LPT-12239.corp.local,1.0,1.0,0.0,0.0,1.0,24819643.22,24526192.64,1.0,0.0,0.0,False,1.0,1.0,PROBABLE
VDR-11188,8.0,1.0,0.0,3.0,4.0,170800697.9,223413896.72,7.0,4.0,0.0,True,0.125,12.0,EXACT
LPT-12470,7.0,3.0,2.0,3.0,2.0,141622835.82,143260680.36,7.0,1.0,0.0,True,0.42857142857142855,8.0,EXACT
WS-10512.corp.local,1.0,1.0,0.0,0.0,1.0,23500173.0,24526192.64,1.0,0.0,0.0,False,1.0,1.0,PROBABLE
ws-11949,2.0,0.0,0.0,0.0,1.0,30705751.0,55843360.0,2.0,0.0,0.0,False,0.0,2.0,PROBABLE
lpt-12766,2.0,0.0,1.0,2.0,1.0,13385721.24,40743172.64,2.0,0.0,0.0,False,0.0,2.0,PROBABLE
ws-12799,3.0,1.0,0.0,1.0,2.0,91574555.0,73799971.64,1.0,0.0,0.0,False,0.3333333333333333,3.0,PROBABLE
LPT-11981,6.0,3.0,0.0,3.0,2.0,168904098.66,114575125.0,6.0,1.0,0.0,True,0.5,7.0,EXACT
WS-10773,6.0,1.0,1.0,0.0,3.0,202785382.58,160423976.48,6.0,4.0,2.0,True,0.16666666666666666,10.0,EXACT
LPT_11837,1.0,0.0,1.0,1.0,1.0,24819643.22,24526192.64,1.0,0.0,0.0,False,0.0,1.0,PROBABLE
VDR-10585,6.0,1.0,1.0,3.0,4.0,147910385.9,155901436.08,6.0,4.0,0.0,True,0.16666666666666666,10.0,EXACT
lpt-11840,2.0,1.0,1.0,2.0,1.0,41626108.0,44625798.64,2.0,0.0,0.0,False,0.5,2.0,PROBABLE
lpt-10199,2.0,1.0,0.0,1.0,2.0,20999193.2,25522565.12,2.0,0.0,0.0,False,0.5,2.0,PROBABLE
LPT-10909,6.0,0.0,0.0,4.0,3.0,86288950.66,108148705.8,6.0,5.0,1.0,True,0.0,11.0,EXACT
VDR-10167.corp.local,1.0,0.0,0.0,0.0,1.0,6986881.0,23236444.16,1.0,0.0,0.0,False,0.0,1.0,PROBABLE
LPT_10451,1.0,0.0,0.0,0.0,1.0,24819643.22,24526192.64,1.0,0.0,0.0,False,0.0,1.0,PROBABLE
LPT-12372,8.0,0.0,1.0,5.0,7.0,174980517.66,172912686.92000002,6.0,2.0,1.0,True,0.0,10.0,EXACT
LPT-11010,6.0,1.0,2.0,3.0,3.0,126227252.0,158845661.36,5.0,2.0,0.0,True,0.16666666666666666,8.0,EXACT
WS-11905.corp.local,1.0,0.0,0.0,0.0,0.0,24819643.22,38187392.0,1.0,0.0,0.0,False,0.0,1.0,PROBABLE
VDR-11169.corp.local,2.0,0.0,0.0,1.0,2.0,44433243.0,36578024.64,2.0,0.0,0.0,False,0.0,2.0,PROBABLE
LPT-12109,7.0,2.0,0.0,5.0,3.0,195237968.1,183043058.24,5.0,3.0,1.0,True,0.2857142857142857,10.0,EXACT
lpt-10259,4.0,2.0,0.0,0.0,3.0,78271976.03999999,119821093.92,3.0,0.0,0.0,False,0.5,4.0,PROBABLE
VDR-11752.corp.local,1.0,0.0,0.0,0.0,1.0,11542149.12,412609.0,1.0,0.0,0.0,False,0.0,1.0,PROBABLE
WS_10635,2.0,1.0,0.0,1.0,1.0,51122966.4,85719761.0,2.0,0.0,0.0,False,0.5,2.0,PROBABLE
LPT-12155,8.0,0.0,2.0,5.0,4.0,197534662.14,177684311.32,6.0,4.0,0.0,False,0.0,12.0,PROBABLE
vdr-10040,1.0,0.0,1.0,1.0,0.0,24819643.22,24526192.64,1.0,0.0,0.0,False,0.0,1.0,PROBABLE
VDR-11901.corp.local,1.0,0.0,0.0,0.0,1.0,30880223.0,5395446.0,1.0,0.0,0.0,False,0.0,1.0,PROBABLE
vdr-11386,3.0,0.0,0.0,2.0,2.0,94573557.0,70007358.64,3.0,0.0,0.0,False,0.0,3.0,PROBABLE
VDR-10427,6.0,3.0,0.0,2.0,3.0,99972349.75999999,152481355.92000002,6.0,1.0,0.0,True,0.5,7.0,EXACT
WS-10000,5.0,1.0,0.0,3.0,3.0,110107556.56,107753330.28,4.0,3.0,0.0,True,0.2,8.0,EXACT
WS-11448,11.0,3.0,1.0,4.0,9.0,228830709.24,274714214.72,8.0,3.0,0.0,True,0.2727272727272727,14.0,EXACT
vdr-12071,1.0,0.0,1.0,1.0,1.0,24819643.22,34811586.56,1.0,0.0,0.0,False,0.0,1.0,PROBABLE
WS_12680,1.0,0.0,0.0,1.0,0.0,8975288.32,34148461.0,1.0,0.0,0.0,False,0.0,1.0,PROBABLE
vdr-10502,1.0,1.0,0.0,0.0,1.0,17524200.0,38554856.0,0.0,0.0,0.0,False,1.0,1.0,PROBABLE
VDR-10449.,0.0,0.0,0.0,0.0,0.0,0.0,0.0,0.0,0.0,0.0,True,0.0,0.0,EXACT
WS-12862.corp.local,2.0,1.0,0.0,1.0,2.0,31725610.84,33736516.0,2.0,0.0,0.0,False,0.5,2.0,PROBABLE
VDR-11940,5.0,1.0,1.0,3.0,1.0,143160130.12,98099340.28,5.0,2.0,0.0,True,0.2,7.0,EXACT
LPT_11115,1.0,0.0,0.0,0.0,0.0,42663929.0,13694337.0,1.0,0.0,0.0,False,0.0,1.0,PROBABLE
lpt-12854,1.0,1.0,0.0,1.0,1.0,2130056.0,24526192.64,1.0,0.0,0.0,False,1.0,1.0,PROBABLE
LPT-10131.corp.local,2.0,0.0,1.0,1.0,1.0,17620765.0,26793185.64,1.0,0.0,0.0,False,0.0,2.0,PROBABLE
WS_11733,1.0,0.0,0.0,1.0,0.0,13442657.0,24526192.64,1.0,0.0,0.0,False,0.0,1.0,PROBABLE
WS_11020,1.0,0.0,0.0,0.0,1.0,49712752.0,24526192.64,1.0,0.0,0.0,False,0.0,1.0,PROBABLE
WS-12828,7.0,2.0,1.0,3.0,2.0,156275339.51999998,192774208.8,6.0,1.0,0.0,True,0.2857142857142857,8.0,EXACT
WS_11633,1.0,0.0,0.0,1.0,1.0,11361054.0,43259545.0,1.0,0.0,0.0,False,0.0,1.0,PROBABLE
lpt-10065,1.0,0.0,0.0,1.0,0.0,23951728.0,30356275.2,1.0,0.0,0.0,False,0.0,1.0,PROBABLE
VDR-10387.,0.0,0.0,0.0,0.0,0.0,0.0,0.0,0.0,0.0,0.0,True,0.0,0.0,EXACT
VDR-10299.corp.local,1.0,1.0,0.0,1.0,1.0,22893912.0,6364856.32,1.0,0.0,0.0,False,1.0,1.0,PROBABLE
LPT-12183.corp.local,1.0,0.0,0.0,0.0,0.0,36199459.0,17077227.52,1.0,0.0,0.0,False,0.0,1.0,PROBABLE
WS-11119,5.0,0.0,0.0,0.0,2.0,114246800.44,132476811.12,5.0,2.0,0.0,True,0.0,7.0,EXACT
LPT-10356,6.0,2.0,0.0,1.0,5.0,110863004.44,116171181.2,5.0,2.0,0.0,True,0.3333333333333333,8.0,EXACT
VDR-11165.corp.local,1.0,0.0,0.0,0.0,1.0,551053.0,26347097.0,0.0,0.0,0.0,False,0.0,1.0,PROBABLE
ws-10292,1.0,0.0,1.0,0.0,1.0,24819643.22,24526192.64,1.0,0.0,0.0,False,0.0,1.0,PROBABLE
LPT_10522,1.0,0.0,0.0,0.0,1.0,31108032.0,24526192.64,0.0,0.0,0.0,False,0.0,1.0,PROBABLE
vdr-11255,3.0,1.0,0.0,2.0,0.0,109175423.68,74692521.44,3.0,0.0,0.0,False,0.3333333333333333,3.0,PROBABLE
WS_11868,2.0,1.0,0.0,1.0,2.0,69011310.22,49052385.28,2.0,0.0,0.0,False,0.5,2.0,PROBABLE
LPT-11941,4.0,2.0,0.0,1.0,1.0,106557017.36,88722634.28,3.0,1.0,1.0,True,0.5,5.0,EXACT
WS-12981,7.0,2.0,0.0,4.0,3.0,195611445.0,124922858.64,7.0,5.0,2.0,True,0.2857142857142857,12.0,EXACT
WS-11761.,0.0,0.0,0.0,0.0,0.0,0.0,0.0,0.0,0.0,0.0,True,0.0,0.0,EXACT
LPT-10763,7.0,3.0,0.0,5.0,1.0,145445337.88,216871615.96,7.0,2.0,0.0,True,0.42857142857142855,9.0,EXACT
vdr-10833,4.0,2.0,0.0,1.0,2.0,72045687.0,153330553.72,4.0,0.0,0.0,False,0.5,4.0,PROBABLE
VDR_10952,1.0,0.0,0.0,0.0,1.0,24819643.22,19377684.48,1.0,0.0,0.0,False,0.0,1.0,PROBABLE
WS-11823,3.0,1.0,0.0,2.0,1.0,130940920.92,61991813.120000005,2.0,0.0,0.0,True,0.3333333333333333,3.0,EXACT
ws-11621,1.0,0.0,1.0,0.0,0.0,24819643.22,46997331.0,1.0,0.0,0.0,False,0.0,1.0,PROBABLE
lpt-11649,3.0,2.0,0.0,2.0,0.0,69674832.0,57434461.84,3.0,0.0,0.0,False,0.6666666666666666,3.0,PROBABLE
VDR-11817.corp.local,2.0,1.0,0.0,0.0,0.0,69169478.0,43716349.64,0.0,0.0,0.0,False,0.5,2.0,PROBABLE
VDR-12452,2.0,1.0,0.0,1.0,1.0,49639286.44,53108615.64,1.0,3.0,1.0,True,0.5,5.0,EXACT
WS_12514,1.0,0.0,0.0,0.0,0.0,35037756.0,5661428.0,1.0,0.0,0.0,False,0.0,1.0,PROBABLE
WS-12101,8.0,0.0,3.0,3.0,5.0,201969898.44,295067159.72,8.0,3.0,1.0,True,0.0,11.0,EXACT
LPT-12683,6.0,3.0,1.0,2.0,3.0,118103553.42,159608427.64,5.0,6.0,1.0,True,0.5,12.0,EXACT
VDR-11556.corp.local,2.0,0.0,0.0,2.0,1.0,32327315.0,44738493.0,2.0,0.0,0.0,False,0.0,2.0,PROBABLE
VDR_11608,1.0,0.0,0.0,0.0,1.0,18549385.0,23702096.0,1.0,0.0,0.0,False,0.0,1.0,PROBABLE
WS_10870,1.0,0.0,0.0,1.0,0.0,24819643.22,34560311.0,1.0,0.0,0.0,False,0.0,1.0,PROBABLE
VDR_10757,1.0,0.0,0.0,0.0,0.0,28674798.0,15891638.0,1.0,0.0,0.0,False,0.0,1.0,PROBABLE
LPT-12517.corp.local,1.0,0.0,0.0,1.0,0.0,31385787.0,24526192.64,0.0,0.0,0.0,False,0.0,1.0,PROBABLE
VDR-11128.corp.local,1.0,0.0,0.0,1.0,0.0,24819643.22,39828889.0,0.0,0.0,0.0,False,0.0,1.0,PROBABLE
VDR_12308,1.0,1.0,0.0,0.0,1.0,24819643.22,24526192.64,1.0,0.0,0.0,False,1.0,1.0,PROBABLE
LPT-11263,6.0,2.0,1.0,3.0,3.0,182319704.0,178591953.92000002,5.0,5.0,0.0,True,0.3333333333333333,11.0,EXACT
lpt-10375,3.0,0.0,0.0,2.0,1.0,73366094.26,66877096.28,3.0,0.0,0.0,False,0.0,3.0,PROBABLE
VDR-12579,5.0,2.0,0.0,4.0,3.0,121681511.02,174360264.84,4.0,4.0,0.0,True,0.4,9.0,EXACT
LPT-10921,3.0,0.0,0.0,1.0,2.0,81153410.52000001,61756451.0,3.0,2.0,0.0,True,0.0,5.0,EXACT
lpt-11015,2.0,1.0,0.0,0.0,1.0,49639286.44,45324727.0,2.0,0.0,0.0,False,0.5,2.0,PROBABLE
VDR_10642,1.0,0.0,0.0,0.0,1.0,26529637.0,20223704.0,1.0,0.0,0.0,False,0.0,1.0,PROBABLE
WS-10543,1.0,0.0,0.0,0.0,1.0,4317856.0,25312591.0,1.0,4.0,1.0,True,0.0,5.0,EXACT
LPT-10483,10.0,2.0,1.0,3.0,6.0,296185892.65999997,222569438.64000002,8.0,4.0,0.0,True,0.2,14.0,EXACT
vdr-12436,3.0,0.0,0.0,1.0,3.0,22035980.0,61336127.36,3.0,0.0,0.0,False,0.0,3.0,PROBABLE
ws-11885,1.0,1.0,0.0,1.0,1.0,47473049.0,33076691.0,0.0,0.0,0.0,False,1.0,1.0,PROBABLE
LPT-10651.corp.local,2.0,0.0,0.0,1.0,2.0,49679576.22,27640700.64,2.0,0.0,0.0,False,0.0,2.0,PROBABLE
VDR-10732,4.0,2.0,0.0,2.0,3.0,107520218.46000001,115641668.72,4.0,4.0,0.0,True,0.5,8.0,EXACT
vdr-12021,1.0,0.0,0.0,1.0,0.0,24819643.22,38113292.0,1.0,0.0,0.0,False,0.0,1.0,PROBABLE
VDR_11306,3.0,1.0,0.0,2.0,2.0,74683489.96,95172044.03999999,1.0,0.0,0.0,False,0.3333333333333333,3.0,PROBABLE
LPT_11781,2.0,0.0,0.0,1.0,1.0,43712275.22,42664121.64,2.0,0.0,0.0,False,0.0,2.0,PROBABLE
VDR_12655,1.0,0.0,0.0,0.0,0.0,33179003.0,24526192.64,1.0,0.0,0.0,False,0.0,1.0,PROBABLE
LPT_12196,2.0,0.0,0.0,0.0,1.0,32285194.16,48195516.0,2.0,0.0,0.0,False,0.0,2.0,PROBABLE
LPT-10863,11.0,1.0,1.0,9.0,8.0,323413248.24,205777057.0,9.0,0.0,0.0,True,0.09090909090909091,11.0,EXACT
WS-11550,7.0,2.0,1.0,1.0,6.0,150893217.84,114191750.28,6.0,8.0,1.0,True,0.2857142857142857,15.0,EXACT
VDR-10813.corp.local,1.0,1.0,0.0,0.0,0.0,29842131.0,18287165.44,0.0,0.0,0.0,False,1.0,1.0,PROBABLE
vdr-12238,2.0,0.0,0.0,0.0,1.0,36893458.22,89593856.52000001,2.0,0.0,0.0,False,0.0,2.0,PROBABLE
vdr-11019,4.0,1.0,0.0,3.0,2.0,116125946.82,112321436.28,3.0,0.0,0.0,False,0.25,4.0,PROBABLE
vdr-10600,1.0,1.0,0.0,0.0,1.0,16093805.0,45417308.0,1.0,0.0,0.0,False,1.0,1.0,PROBABLE
ws-12788,1.0,0.0,0.0,0.0,0.0,13146670.0,23338143.0,1.0,0.0,0.0,False,0.0,1.0,PROBABLE
vdr-11232,1.0,0.0,0.0,1.0,0.0,15397918.72,33484256.0,1.0,0.0,0.0,False,0.0,1.0,PROBABLE
LPT-10685,7.0,2.0,0.0,6.0,4.0,150739601.04,135190584.92000002,5.0,3.0,0.0,True,0.2857142857142857,10.0,EXACT
LPT-10013.corp.local,1.0,0.0,0.0,0.0,1.0,44914423.0,5517048.0,1.0,0.0,0.0,False,0.0,1.0,PROBABLE
WS_10632,1.0,0.0,0.0,0.0,0.0,24819643.22,36674400.0,1.0,0.0,0.0,False,0.0,1.0,PROBABLE
vdr-10595,1.0,0.0,0.0,0.0,0.0,24819643.22,28372235.0,1.0,0.0,0.0,False,0.0,1.0,PROBABLE
LPT-11928,7.0,2.0,1.0,3.0,3.0,185708422.76,148512613.4,7.0,1.0,0.0,True,0.2857142857142857,8.0,EXACT
WS-12550,8.0,0.0,0.0,5.0,6.0,263827562.44,134791506.76,6.0,0.0,0.0,True,0.0,8.0,EXACT
VDR-10633,9.0,2.0,1.0,1.0,4.0,209187365.44,259456683.92000002,9.0,3.0,1.0,False,0.2222222222222222,12.0,PROBABLE
vdr-11778,2.0,1.0,0.0,0.0,1.0,37278613.08,63467004.64,2.0,0.0,0.0,False,0.5,2.0,PROBABLE
LPT-10679.corp.local,1.0,0.0,0.0,1.0,0.0,30559659.0,24526192.64,0.0,0.0,0.0,False,0.0,1.0,PROBABLE
lpt-10160,1.0,0.0,1.0,1.0,1.0,22162607.0,30553498.0,1.0,0.0,0.0,False,0.0,1.0,PROBABLE
WS-10774.corp.local,1.0,1.0,0.0,0.0,0.0,48573361.0,26832407.0,1.0,0.0,0.0,False,1.0,1.0,PROBABLE
VDR-11167,7.0,2.0,0.0,3.0,3.0,143497737.35999998,165529811.56,7.0,3.0,0.0,True,0.2857142857142857,10.0,EXACT
LPT-10173,4.0,1.0,1.0,3.0,1.0,136188992.44,103928226.64,3.0,2.0,1.0,True,0.25,6.0,EXACT
WS-12031.corp.local,2.0,0.0,0.0,1.0,2.0,39905666.0,50606211.0,2.0,0.0,0.0,False,0.0,2.0,PROBABLE
lpt-10298,2.0,0.0,0.0,1.0,2.0,25209845.0,25428791.0,2.0,0.0,0.0,False,0.0,2.0,PROBABLE
WS-12876.corp.local,1.0,1.0,0.0,0.0,0.0,24819643.22,24526192.64,1.0,0.0,0.0,False,1.0,1.0,PROBABLE
LPT-10087,7.0,1.0,0.0,4.0,4.0,175416832.62,224975860.68,6.0,2.0,0.0,True,0.14285714285714285,9.0,EXACT
VDR_10019,1.0,0.0,1.0,1.0,0.0,5442109.44,19578254.0,1.0,0.0,0.0,False,0.0,1.0,PROBABLE
WS-11677.corp.local,1.0,1.0,0.0,1.0,1.0,38373950.0,29994989.0,1.0,0.0,0.0,False,1.0,1.0,PROBABLE
vdr-12797,2.0,0.0,0.0,1.0,1.0,59370106.879999995,49052385.28,1.0,0.0,0.0,False,0.0,2.0,PROBABLE
VDR-12627,9.0,0.0,1.0,3.0,6.0,253906221.66,288993146.76,7.0,2.0,0.0,False,0.0,11.0,PROBABLE
LPT-11408,5.0,1.0,0.0,2.0,2.0,174100990.22,109204845.92,4.0,2.0,0.0,True,0.2,7.0,EXACT
vdr-12564,1.0,0.0,0.0,1.0,1.0,4258456.0,33277752.0,1.0,0.0,0.0,False,0.0,1.0,PROBABLE
LPT_10294,1.0,0.0,1.0,1.0,1.0,13537360.0,24526192.64,1.0,0.0,0.0,False,0.0,1.0,PROBABLE
LPT-12094.corp.local,3.0,0.0,0.0,1.0,0.0,75328317.53999999,71801242.64,3.0,0.0,0.0,False,0.0,3.0,PROBABLE
VDR-11195.corp.local,3.0,1.0,0.0,2.0,2.0,60981119.0,51268573.64,2.0,0.0,0.0,False,0.3333333333333333,3.0,PROBABLE
VDR-10712,3.0,0.0,0.0,3.0,1.0,73626702.16,38142702.0,1.0,2.0,0.0,True,0.0,5.0,EXACT
WS-11111,6.0,2.0,0.0,4.0,4.0,155541513.22,109376046.68,5.0,3.0,1.0,True,0.3333333333333333,9.0,EXACT
lpt-10081,1.0,0.0,0.0,1.0,0.0,24819643.22,2160066.56,1.0,0.0,0.0,False,0.0,1.0,PROBABLE
ws-12288,1.0,0.0,1.0,1.0,1.0,49286901.76,16454144.0,1.0,0.0,0.0,False,0.0,1.0,PROBABLE
WS-10433,8.0,0.0,0.0,3.0,4.0,230579518.22,198965572.76,8.0,4.0,1.0,False,0.0,12.0,PROBABLE
VDR-12012.corp.local,1.0,0.0,0.0,1.0,1.0,47968884.0,10340104.0,1.0,0.0,0.0,False,0.0,1.0,PROBABLE
WS_10697,1.0,0.0,0.0,0.0,0.0,24819643.22,9136135.0,1.0,0.0,0.0,False,0.0,1.0,PROBABLE
LPT-10160,5.0,2.0,1.0,4.0,3.0,87473136.44,88868737.64,5.0,4.0,0.0,True,0.4,9.0,EXACT
VDR_10718,1.0,0.0,0.0,1.0,0.0,24819643.22,10344024.0,1.0,0.0,0.0,False,0.0,1.0,PROBABLE
lpt-11299,1.0,0.0,0.0,0.0,0.0,38911739.0,41161430.0,1.0,0.0,0.0,False,0.0,1.0,PROBABLE
LPT-11919.corp.local,1.0,1.0,0.0,0.0,0.0,23026756.0,24526192.64,1.0,0.0,0.0,False,1.0,1.0,PROBABLE
LPT-11981.corp.local,1.0,0.0,0.0,1.0,1.0,9912625.0,7523758.0,1.0,0.0,0.0,False,0.0,1.0,PROBABLE
WS_11475,1.0,0.0,0.0,0.0,1.0,28789942.0,45565102.0,1.0,0.0,0.0,False,0.0,1.0,PROBABLE
WS-11737.corp.local,2.0,0.0,0.0,2.0,1.0,43115889.0,38684207.64,2.0,0.0,0.0,False,0.0,2.0,PROBABLE
lpt-11955,1.0,0.0,0.0,0.0,0.0,24819643.22,34198613.0,1.0,0.0,0.0,False,0.0,1.0,PROBABLE
VDR_10291,1.0,1.0,0.0,1.0,0.0,30817648.64,32707491.84,1.0,0.0,0.0,False,1.0,1.0,PROBABLE
VDR-10165,12.0,3.0,0.0,5.0,8.0,259855213.51999998,228680945.88,10.0,4.0,0.0,True,0.25,16.0,EXACT
lpt-12904,1.0,0.0,0.0,0.0,1.0,1672700.0,8614643.0,1.0,0.0,0.0,False,0.0,1.0,PROBABLE
VDR_10278,1.0,1.0,0.0,1.0,0.0,10115971.0,24526192.64,1.0,0.0,0.0,False,1.0,1.0,PROBABLE
LPT-12854,3.0,1.0,0.0,2.0,2.0,67324811.0,52097181.0,3.0,1.0,0.0,True,0.3333333333333333,4.0,EXACT
VDR-12890.corp.local,1.0,0.0,0.0,0.0,1.0,24819643.22,46392925.0,1.0,0.0,0.0,False,0.0,1.0,PROBABLE
ws-12745,1.0,0.0,0.0,1.0,0.0,24819643.22,22393319.0,1.0,0.0,0.0,False,0.0,1.0,PROBABLE
LPT-12389,4.0,1.0,0.0,2.0,2.0,85141660.7,84716275.56,4.0,0.0,0.0,True,0.25,4.0,EXACT
lpt-12608,1.0,0.0,0.0,1.0,1.0,22958885.0,7476346.88,1.0,0.0,0.0,False,0.0,1.0,PROBABLE
lpt-11453,2.0,1.0,0.0,1.0,1.0,66175480.66,53960279.64,2.0,0.0,0.0,False,0.5,2.0,PROBABLE
ws-12661,1.0,0.0,0.0,0.0,1.0,6415237.0,25627197.44,0.0,0.0,0.0,False,0.0,1.0,PROBABLE
LPT-11884,6.0,1.0,0.0,3.0,2.0,182653771.06,99289763.28,6.0,3.0,0.0,True,0.16666666666666666,9.0,EXACT
LPT-12702,6.0,4.0,0.0,3.0,3.0,130567480.64,148409839.2,4.0,5.0,0.0,True,0.6666666666666666,11.0,EXACT
LPT-11834.,0.0,0.0,0.0,0.0,0.0,0.0,0.0,0.0,0.0,0.0,True,0.0,0.0,EXACT
WS-11077.corp.local,1.0,0.0,0.0,0.0,0.0,6676408.0,48372163.0,1.0,0.0,0.0,False,0.0,1.0,PROBABLE
WS-12018,6.0,0.0,0.0,3.0,3.0,96206138.3,118242231.92,4.0,0.0,0.0,True,0.0,6.0,EXACT
LPT-12782,5.0,0.0,0.0,3.0,4.0,118562571.8,86508160.08,5.0,2.0,0.0,True,0.0,7.0,EXACT
ws-10969,2.0,0.0,0.0,2.0,1.0,44371906.56,99309411.0,2.0,0.0,0.0,False,0.0,2.0,PROBABLE
LPT-10547,6.0,3.0,1.0,4.0,4.0,164707437.32,180472376.56,5.0,3.0,0.0,False,0.5,9.0,PROBABLE
ws-12633,1.0,0.0,0.0,0.0,1.0,36091919.0,24526192.64,1.0,0.0,0.0,False,0.0,1.0,PROBABLE
LPT-12639.corp.local,1.0,0.0,0.0,1.0,1.0,32172217.0,24526192.64,1.0,0.0,0.0,False,0.0,1.0,PROBABLE
LPT-12703,6.0,0.0,1.0,2.0,5.0,147175505.3,159281003.2,6.0,3.0,0.0,True,0.0,9.0,EXACT
LPT-11105,6.0,0.0,1.0,3.0,2.0,175005628.22,198867529.2,6.0,1.0,0.0,True,0.0,7.0,EXACT
WS-12266,7.0,0.0,2.0,3.0,3.0,143934760.44,178197372.92000002,6.0,2.0,0.0,True,0.0,9.0,EXACT
LPT_12743,1.0,0.0,0.0,0.0,0.0,24819643.22,49866033.0,1.0,0.0,0.0,False,0.0,1.0,PROBABLE
WS-11864.,0.0,0.0,0.0,0.0,0.0,0.0,0.0,0.0,0.0,0.0,True,0.0,0.0,EXACT
VDR-10342,9.0,2.0,1.0,6.0,5.0,220102912.51999998,253600604.32,8.0,2.0,0.0,True,0.2222222222222222,11.0,EXACT
WS-11135,4.0,1.0,0.0,2.0,3.0,78988630.44,94448388.64,3.0,1.0,0.0,True,0.25,5.0,EXACT
VDR-10626.corp.local,1.0,0.0,0.0,1.0,0.0,15657001.0,41231372.0,1.0,0.0,0.0,False,0.0,1.0,PROBABLE
LPT-12107,11.0,2.0,2.0,8.0,8.0,251192026.32,236010604.04,9.0,2.0,0.0,False,0.18181818181818182,13.0,PROBABLE
lpt-12421,1.0,0.0,0.0,1.0,1.0,3649044.48,36011556.0,0.0,0.0,0.0,False,0.0,1.0,PROBABLE
LPT-12528.,0.0,0.0,0.0,0.0,0.0,0.0,0.0,0.0,0.0,0.0,True,0.0,0.0,EXACT
WS-10472,6.0,3.0,0.0,2.0,4.0,115327617.44,148366149.16,6.0,2.0,0.0,True,0.5,8.0,EXACT
ws-10549,3.0,1.0,0.0,3.0,1.0,55587402.44,72312780.8,1.0,0.0,0.0,False,0.3333333333333333,3.0,PROBABLE
vdr-10848,2.0,0.0,0.0,1.0,1.0,45756898.0,70238581.44,1.0,0.0,0.0,False,0.0,2.0,PROBABLE
LPT_10858,1.0,0.0,0.0,0.0,1.0,49877329.92,33162616.0,1.0,0.0,0.0,False,0.0,1.0,PROBABLE
LPT-11356,2.0,2.0,0.0,1.0,0.0,50251645.78,38260246.64,2.0,0.0,0.0,True,1.0,2.0,EXACT
vdr-12237,2.0,1.0,0.0,1.0,2.0,54012149.760000005,26328024.56,2.0,0.0,0.0,False,0.5,2.0,PROBABLE
lpt-10075,1.0,0.0,0.0,0.0,1.0,35353822.0,22706633.0,1.0,0.0,0.0,False,0.0,1.0,PROBABLE
lpt-10815,4.0,0.0,1.0,2.0,2.0,76765947.56,126497635.08,4.0,0.0,0.0,False,0.0,4.0,PROBABLE
LPT-12995,5.0,1.0,1.0,3.0,2.0,125015644.03999999,73579972.76,4.0,2.0,0.0,True,0.2,7.0,EXACT
LPT-10965.corp.local,1.0,0.0,0.0,1.0,1.0,24819643.22,40522424.32,1.0,0.0,0.0,False,0.0,1.0,PROBABLE
vdr-12863,1.0,0.0,0.0,0.0,1.0,11690866.0,24321167.36,1.0,0.0,0.0,False,0.0,1.0,PROBABLE
VDR-10805.corp.local,1.0,0.0,1.0,1.0,0.0,24819643.22,31500361.0,1.0,0.0,0.0,False,0.0,1.0,PROBABLE
ws-12760,2.0,1.0,0.0,1.0,1.0,68744491.86,40975510.0,2.0,0.0,0.0,False,0.5,2.0,PROBABLE
vdr-12841,3.0,1.0,0.0,1.0,2.0,108806752.44,62261938.64,3.0,0.0,0.0,False,0.3333333333333333,3.0,PROBABLE
lpt-12960,1.0,0.0,0.0,1.0,1.0,24819643.22,42279959.0,1.0,0.0,0.0,False,0.0,1.0,PROBABLE
VDR-10278.,0.0,0.0,0.0,0.0,0.0,0.0,0.0,0.0,0.0,0.0,True,0.0,0.0,EXACT
WS_12756,1.0,0.0,0.0,1.0,0.0,4908013.0,24526192.64,1.0,0.0,0.0,False,0.0,1.0,PROBABLE
WS-10048,7.0,0.0,0.0,2.0,6.0,182148610.8,176971608.76,6.0,2.0,0.0,True,0.0,9.0,EXACT
WS_12206,1.0,1.0,0.0,1.0,1.0,46731735.04,42971368.0,1.0,0.0,0.0,False,1.0,1.0,PROBABLE
VDR-10279,5.0,1.0,0.0,1.0,4.0,126355249.44,162130688.68,4.0,4.0,0.0,True,0.2,9.0,EXACT
lpt-11882,1.0,0.0,0.0,1.0,0.0,25564388.0,12831626.0,1.0,0.0,0.0,False,0.0,1.0,PROBABLE
WS-11975.corp.local,2.0,0.0,1.0,2.0,0.0,42907136.0,44086434.96,1.0,0.0,0.0,False,0.0,2.0,PROBABLE
LPT-10653.corp.local,2.0,0.0,0.0,0.0,1.0,71835628.22,49052385.28,2.0,0.0,0.0,False,0.0,2.0,PROBABLE
WS-12394,7.0,0.0,0.0,5.0,2.0,88436741.14,208049793.32,6.0,3.0,0.0,True,0.0,10.0,EXACT
LPT-10373,10.0,1.0,0.0,4.0,3.0,248093547.42000002,240092270.4,8.0,0.0,0.0,True,0.1,10.0,EXACT
LPT-12182.,0.0,0.0,0.0,0.0,0.0,0.0,0.0,0.0,0.0,0.0,True,0.0,0.0,EXACT
WS-12117,5.0,1.0,1.0,3.0,3.0,118737780.5,149266781.0,4.0,3.0,0.0,True,0.2,8.0,EXACT
LPT_11744,2.0,1.0,0.0,1.0,0.0,49992656.22,30293360.64,1.0,0.0,0.0,False,0.5,2.0,PROBABLE
WS-12396.corp.local,2.0,1.0,0.0,1.0,1.0,49639286.44,49052385.28,2.0,0.0,0.0,False,0.5,2.0,PROBABLE
LPT-12516,4.0,2.0,1.0,2.0,3.0,100093768.6,129456350.75999999,3.0,1.0,0.0,True,0.5,5.0,EXACT
WS-12082,10.0,0.0,1.0,6.0,5.0,259442840.34,215302668.64,8.0,2.0,0.0,True,0.0,12.0,EXACT
LPT-11950,5.0,1.0,1.0,3.0,5.0,103639718.84,122315441.08,5.0,0.0,0.0,True,0.2,5.0,EXACT
VDR_12119,3.0,1.0,0.0,1.0,1.0,41027958.0,118119239.32,3.0,0.0,0.0,False,0.3333333333333333,3.0,PROBABLE
WS_11548,1.0,0.0,0.0,1.0,0.0,20542564.0,1623388.0,1.0,0.0,0.0,False,0.0,1.0,PROBABLE
LPT_10891,1.0,0.0,0.0,1.0,0.0,49712988.16,8513080.0,0.0,0.0,0.0,False,0.0,1.0,PROBABLE
LPT-12253,6.0,1.0,0.0,3.0,4.0,136470413.22,134762642.64,6.0,4.0,1.0,True,0.16666666666666666,10.0,EXACT
vdr-12665,1.0,0.0,1.0,0.0,0.0,10859562.0,24112575.0,1.0,0.0,0.0,False,0.0,1.0,PROBABLE
WS-11719,7.0,0.0,0.0,2.0,5.0,156774996.44,149194945.52,5.0,1.0,0.0,True,0.0,8.0,EXACT
lpt-10639,1.0,1.0,0.0,0.0,1.0,44024208.0,21432531.0,1.0,0.0,0.0,False,1.0,1.0,PROBABLE
LPT_10097,1.0,0.0,0.0,0.0,1.0,9602017.0,4055345.0,1.0,0.0,0.0,False,0.0,1.0,PROBABLE
WS-11192,8.0,3.0,1.0,5.0,5.0,169234103.76,221330612.2,4.0,2.0,0.0,True,0.375,10.0,EXACT
VDR-11748,6.0,1.0,1.0,3.0,5.0,170296368.02,156385333.52,5.0,3.0,1.0,True,0.16666666666666666,9.0,EXACT
WS-10513,7.0,1.0,1.0,3.0,4.0,170175011.22,131685192.64,5.0,1.0,0.0,True,0.14285714285714285,8.0,EXACT
VDR-12178.corp.local,2.0,0.0,0.0,1.0,1.0,36621277.0,49052385.28,2.0,0.0,0.0,False,0.0,2.0,PROBABLE
ws-10827,2.0,1.0,0.0,2.0,1.0,26633114.22,49244406.0,2.0,0.0,0.0,False,0.5,2.0,PROBABLE
LPT_12600,1.0,0.0,0.0,0.0,0.0,17479761.92,45220214.0,1.0,0.0,0.0,False,0.0,1.0,PROBABLE
WS_11196,1.0,0.0,0.0,1.0,1.0,24515056.0,2935040.0,1.0,0.0,0.0,False,0.0,1.0,PROBABLE
WS-10091,6.0,2.0,1.0,3.0,4.0,125046665.34,120298055.88,6.0,2.0,0.0,True,0.3333333333333333,8.0,EXACT
LPT-12481,4.0,0.0,0.0,2.0,1.0,91016878.32,121505788.6,3.0,4.0,1.0,True,0.0,8.0,EXACT
VDR-12890,5.0,1.0,1.0,2.0,4.0,182004602.0,138077037.68,4.0,5.0,0.0,True,0.2,10.0,EXACT
WS-12256.corp.local,2.0,1.0,0.0,1.0,2.0,86521675.0,65642298.64,2.0,0.0,0.0,False,0.5,2.0,PROBABLE
lpt-10802,1.0,0.0,0.0,0.0,1.0,7644119.04,6754694.0,1.0,0.0,0.0,False,0.0,1.0,PROBABLE
VDR-12959,8.0,3.0,2.0,3.0,3.0,232364063.06,213737365.08,5.0,3.0,0.0,True,0.375,11.0,EXACT
WS_11713,2.0,0.0,0.0,1.0,0.0,49639286.44,51052858.64,2.0,0.0,0.0,False,0.0,2.0,PROBABLE
ws-10971,1.0,0.0,0.0,1.0,1.0,34121453.0,46187132.0,0.0,0.0,0.0,False,0.0,1.0,PROBABLE
VDR-11224,5.0,2.0,2.0,3.0,3.0,171159617.0,145385328.16,5.0,7.0,0.0,False,0.4,12.0,PROBABLE
VDR_10523,1.0,0.0,0.0,1.0,1.0,40522905.6,714440.0,1.0,0.0,0.0,False,0.0,1.0,PROBABLE
WS-11492.corp.local,1.0,1.0,0.0,1.0,1.0,24819643.22,7506451.0,1.0,0.0,0.0,False,1.0,1.0,PROBABLE
WS-12773,10.0,2.0,0.0,7.0,4.0,170012974.88,270698242.96,9.0,1.0,0.0,True,0.2,11.0,EXACT
ws-12713,3.0,1.0,0.0,3.0,1.0,61921533.22,86531650.92,3.0,0.0,0.0,False,0.3333333333333333,3.0,PROBABLE
LPT-11282,7.0,2.0,2.0,3.0,5.0,192895752.46,173872237.64,6.0,3.0,0.0,True,0.2857142857142857,10.0,EXACT
LPT-12000.corp.local,2.0,0.0,0.0,0.0,0.0,28322974.0,49052385.28,2.0,0.0,0.0,False,0.0,2.0,PROBABLE
LPT-11568,4.0,2.0,0.0,3.0,2.0,115403144.02,102501514.28,2.0,5.0,0.0,True,0.5,9.0,EXACT
VDR-11297,11.0,3.0,0.0,7.0,6.0,273872196.84,234257358.72,8.0,2.0,0.0,False,0.2727272727272727,13.0,PROBABLE
LPT-12045.corp.local,1.0,0.0,0.0,1.0,1.0,38973055.0,8737520.0,1.0,0.0,0.0,False,0.0,1.0,PROBABLE
LPT-12761.corp.local,3.0,1.0,1.0,0.0,1.0,46590054.0,77026767.64,3.0,0.0,0.0,False,0.3333333333333333,3.0,PROBABLE
WS-12317,6.0,2.0,1.0,1.0,4.0,176455266.46,137655941.84,6.0,2.0,0.0,True,0.3333333333333333,8.0,EXACT
VDR-12940.corp.local,1.0,0.0,0.0,1.0,1.0,45552858.0,47700693.0,1.0,0.0,0.0,False,0.0,1.0,PROBABLE
LPT-10217,6.0,1.0,1.0,2.0,3.0,131236225.8,137168281.92000002,4.0,3.0,0.0,True,0.16666666666666666,9.0,EXACT
LPT-11321,7.0,1.0,0.0,4.0,2.0,186898511.42,148062186.72,6.0,2.0,0.0,True,0.14285714285714285,9.0,EXACT
LPT-12829.corp.local,1.0,0.0,0.0,0.0,0.0,26131578.88,42727456.0,1.0,0.0,0.0,False,0.0,1.0,PROBABLE
vdr-12883,2.0,0.0,0.0,2.0,2.0,63817641.0,72813648.64,2.0,0.0,0.0,False,0.0,2.0,PROBABLE
ws-12935,1.0,0.0,0.0,1.0,0.0,18958254.08,27543941.12,1.0,0.0,0.0,False,0.0,1.0,PROBABLE
LPT-10377.corp.local,1.0,0.0,0.0,1.0,1.0,19797114.88,2656542.72,0.0,0.0,0.0,False,0.0,1.0,PROBABLE
WS_12394,2.0,0.0,1.0,2.0,1.0,16491177.0,65015147.84,1.0,0.0,0.0,False,0.0,2.0,PROBABLE
LPT_12662,1.0,0.0,0.0,1.0,1.0,33570984.0,9934859.0,1.0,0.0,0.0,False,0.0,1.0,PROBABLE
VDR-10454.corp.local,3.0,0.0,0.0,2.0,1.0,50598871.22,48544999.64,3.0,0.0,0.0,False,0.0,3.0,PROBABLE
LPT-10375.corp.local,1.0,0.0,0.0,1.0,0.0,47846233.0,4790974.0,1.0,0.0,0.0,False,0.0,1.0,PROBABLE
LPT-10927,8.0,2.0,1.0,6.0,4.0,221868273.72,148238479.6,7.0,2.0,0.0,True,0.25,10.0,EXACT
VDR-11681.corp.local,2.0,0.0,1.0,1.0,1.0,70676650.22,49052385.28,2.0,0.0,0.0,False,0.0,2.0,PROBABLE
WS-11293,4.0,1.0,0.0,1.0,3.0,114748664.22,107530772.48,4.0,2.0,0.0,True,0.25,6.0,EXACT
lpt-12494,1.0,1.0,1.0,0.0,0.0,20073563.0,24526192.64,1.0,0.0,0.0,False,1.0,1.0,PROBABLE
ws-11564,2.0,0.0,0.0,1.0,0.0,45747417.22,49052385.28,1.0,0.0,0.0,False,0.0,2.0,PROBABLE
VDR-11524,5.0,1.0,1.0,2.0,2.0,104296192.18,111819019.92,4.0,2.0,0.0,True,0.2,7.0,EXACT
VDR_10688,1.0,0.0,0.0,1.0,0.0,4712568.0,38288320.0,1.0,0.0,0.0,False,0.0,1.0,PROBABLE
ws-12746,1.0,0.0,0.0,0.0,1.0,35008226.0,36805017.6,1.0,0.0,0.0,False,0.0,1.0,PROBABLE
LPT-12459,10.0,4.0,0.0,5.0,5.0,285307224.02,242130197.6,7.0,2.0,0.0,True,0.4,12.0,EXACT
LPT-11432,4.0,1.0,1.0,0.0,2.0,110237851.44,122876856.28,3.0,4.0,0.0,True,0.25,8.0,EXACT
VDR-11508,8.0,2.0,1.0,5.0,4.0,242510876.04,199563205.56,7.0,3.0,1.0,True,0.25,11.0,EXACT
LPT-12250.,0.0,0.0,0.0,0.0,0.0,0.0,0.0,0.0,0.0,0.0,True,0.0,0.0,EXACT
ws-11896,1.0,0.0,0.0,0.0,0.0,37169016.0,24043847.68,1.0,0.0,0.0,False,0.0,1.0,PROBABLE
WS-10156.corp.local,1.0,0.0,0.0,1.0,1.0,24819643.22,21352129.0,1.0,0.0,0.0,False,0.0,1.0,PROBABLE
LPT-11546,11.0,4.0,2.0,8.0,7.0,231794400.14,270652604.12,9.0,2.0,0.0,True,0.36363636363636365,13.0,EXACT
lpt-10084,1.0,0.0,0.0,1.0,1.0,14086522.88,12193779.0,1.0,0.0,0.0,False,0.0,1.0,PROBABLE
lpt-11204,2.0,1.0,0.0,1.0,1.0,42048423.22,12966538.0,2.0,0.0,0.0,False,0.5,2.0,PROBABLE
WS-12862,8.0,2.0,0.0,3.0,4.0,179375104.74,202498570.76,6.0,5.0,0.0,True,0.25,13.0,EXACT
VDR-12816,9.0,2.0,1.0,5.0,4.0,228547694.26,173161143.28,8.0,0.0,0.0,True,0.2222222222222222,9.0,EXACT
lpt-11190,1.0,0.0,0.0,0.0,0.0,24819643.22,44036002.0,1.0,0.0,0.0,False,0.0,1.0,PROBABLE
VDR-11047,6.0,0.0,0.0,4.0,3.0,148420718.62,150806949.44,4.0,2.0,0.0,False,0.0,8.0,PROBABLE
lpt-12566,2.0,0.0,0.0,0.0,1.0,61519803.22,48038251.64,2.0,0.0,0.0,False,0.0,2.0,PROBABLE
WS-10964,5.0,1.0,1.0,2.0,3.0,110069768.25999999,138342999.28,3.0,1.0,0.0,True,0.2,6.0,EXACT
LPT-12100.corp.local,1.0,0.0,0.0,0.0,1.0,24819643.22,24526192.64,1.0,0.0,0.0,False,0.0,1.0,PROBABLE
WS-10073,6.0,1.0,2.0,3.0,1.0,149905262.51999998,150833465.56,6.0,2.0,0.0,True,0.16666666666666666,8.0,EXACT
WS_12341,1.0,1.0,0.0,1.0,1.0,47009218.56,17872271.0,1.0,0.0,0.0,False,1.0,1.0,PROBABLE
vdr-10532,3.0,2.0,1.0,1.0,1.0,34087908.22,51091403.8,3.0,0.0,0.0,False,0.6666666666666666,3.0,PROBABLE
ws-10014,4.0,1.0,2.0,2.0,2.0,102832225.64,70786232.28,4.0,0.0,0.0,False,0.25,4.0,PROBABLE
VDR-11100,7.0,1.0,0.0,4.0,5.0,171483535.72,193616031.48000002,5.0,3.0,0.0,True,0.14285714285714285,10.0,EXACT
WS-12695,10.0,3.0,2.0,3.0,5.0,202394702.85999998,237135710.56,9.0,2.0,0.0,True,0.3,12.0,EXACT
LPT-10541.corp.local,1.0,1.0,0.0,1.0,0.0,48209703.0,24526192.64,1.0,0.0,0.0,False,1.0,1.0,PROBABLE
VDR-12324.,0.0,0.0,0.0,0.0,0.0,0.0,0.0,0.0,0.0,0.0,True,0.0,0.0,EXACT
WS-12512,8.0,3.0,0.0,5.0,6.0,180498101.95999998,181611439.56,7.0,0.0,0.0,True,0.375,8.0,EXACT
VDR-12705.corp.local,1.0,0.0,0.0,0.0,0.0,39294882.0,24526192.64,1.0,0.0,0.0,False,0.0,1.0,PROBABLE
lpt-10811,2.0,1.0,1.0,0.0,2.0,40149807.0,63200753.84,1.0,0.0,0.0,False,0.5,2.0,PROBABLE
LPT_12961,2.0,0.0,1.0,0.0,0.0,49003891.22,35763436.64,2.0,0.0,0.0,False,0.0,2.0,PROBABLE
WS_12037,3.0,1.0,0.0,1.0,3.0,59908055.44,80033456.16,2.0,0.0,0.0,False,0.3333333333333333,3.0,PROBABLE
VDR-10061,7.0,3.0,0.0,5.0,4.0,121641302.44,210208398.76,7.0,6.0,0.0,True,0.42857142857142855,13.0,EXACT
lpt-11762,2.0,0.0,0.0,1.0,2.0,27474641.76,28079525.64,0.0,0.0,0.0,False,0.0,2.0,PROBABLE
LPT-10289.,0.0,0.0,0.0,0.0,0.0,0.0,0.0,0.0,0.0,0.0,True,0.0,0.0,EXACT
VDR-11951,4.0,2.0,0.0,1.0,1.0,117936283.44,126435305.28,2.0,4.0,1.0,True,0.5,8.0,EXACT
WS-10220,6.0,2.0,1.0,6.0,2.0,144423084.44,185522623.64,5.0,0.0,0.0,True,0.3333333333333333,6.0,EXACT
LPT-12134.corp.local,1.0,0.0,0.0,0.0,0.0,5101137.0,25995400.0,1.0,0.0,0.0,False,0.0,1.0,PROBABLE
vdr-10846,1.0,0.0,0.0,0.0,0.0,40220683.0,24526192.64,1.0,0.0,0.0,False,0.0,1.0,PROBABLE
WS-10009.corp.local,1.0,0.0,0.0,0.0,1.0,28995161.0,46155017.0,1.0,0.0,0.0,False,0.0,1.0,PROBABLE
LPT-10581,10.0,2.0,4.0,8.0,7.0,236995413.66,257445723.12,7.0,1.0,0.0,True,0.2,11.0,EXACT
LPT-12507.corp.local,1.0,0.0,0.0,1.0,0.0,7387453.0,15616049.0,1.0,0.0,0.0,False,0.0,1.0,PROBABLE
WS-10121,7.0,1.0,1.0,4.0,2.0,148808314.1,176546651.04,3.0,4.0,0.0,True,0.14285714285714285,11.0,EXACT
vdr-10523,2.0,0.0,0.0,0.0,0.0,49139909.22,60937233.64,2.0,0.0,0.0,False,0.0,2.0,PROBABLE
VDR-12310.corp.local,1.0,0.0,0.0,0.0,0.0,4423901.0,48280985.6,1.0,0.0,0.0,False,0.0,1.0,PROBABLE
LPT-12871,11.0,1.0,1.0,7.0,8.0,237097441.1,338801974.04,10.0,1.0,0.0,True,0.09090909090909091,12.0,EXACT
LPT-11960,9.0,2.0,0.0,5.0,2.0,198655525.32,229641674.64,5.0,2.0,0.0,False,0.2222222222222222,11.0,PROBABLE
VDR_10342,1.0,1.0,0.0,0.0,1.0,16765265.0,20096000.0,1.0,0.0,0.0,False,1.0,1.0,PROBABLE
LPT-10557,4.0,1.0,0.0,1.0,0.0,59284305.22,115698489.92,3.0,1.0,0.0,True,0.25,5.0,EXACT
lpt-10382,1.0,0.0,0.0,0.0,0.0,26188519.0,24526192.64,1.0,0.0,0.0,False,0.0,1.0,PROBABLE
LPT_11800,2.0,0.0,0.0,2.0,1.0,39472474.0,29862706.72,2.0,0.0,0.0,False,0.0,2.0,PROBABLE
ws-11601,1.0,0.0,0.0,1.0,0.0,964689.92,46551265.0,1.0,0.0,0.0,False,0.0,1.0,PROBABLE
VDR-10237,11.0,5.0,0.0,7.0,7.0,249560483.1,330875827.16,9.0,1.0,0.0,True,0.45454545454545453,12.0,EXACT
WS_11968,1.0,0.0,0.0,1.0,1.0,26069207.04,12829549.0,1.0,0.0,0.0,False,0.0,1.0,PROBABLE
VDR-12450,10.0,1.0,0.0,4.0,7.0,199805912.92000002,318909492.56,8.0,5.0,0.0,False,0.1,15.0,PROBABLE
VDR-11081,8.0,1.0,0.0,2.0,6.0,223377995.88,174119589.8,7.0,1.0,0.0,True,0.125,9.0,EXACT
ws-12262,2.0,0.0,0.0,2.0,2.0,79495638.4,60221012.64,2.0,0.0,0.0,False,0.0,2.0,PROBABLE
ws-12360,2.0,0.0,1.0,1.0,2.0,10660035.0,34581042.64,2.0,0.0,0.0,False,0.0,2.0,PROBABLE
LPT-12199,12.0,1.0,2.0,5.0,6.0,238156019.16,317034587.36,10.0,3.0,1.0,True,0.08333333333333333,15.0,EXACT
WS_11711,1.0,0.0,0.0,0.0,1.0,22609332.0,49982644.0,0.0,0.0,0.0,False,0.0,1.0,PROBABLE
VDR-10123.,0.0,0.0,0.0,0.0,0.0,0.0,0.0,0.0,0.0,0.0,True,0.0,0.0,EXACT
LPT-11310,6.0,2.0,1.0,3.0,1.0,163983712.44,172001734.28,6.0,2.0,0.0,True,0.3333333333333333,8.0,EXACT
VDR_12151,2.0,1.0,0.0,1.0,2.0,73351843.0,33928280.480000004,2.0,0.0,0.0,False,0.5,2.0,PROBABLE
ws-11777,1.0,0.0,1.0,1.0,1.0,47287382.0,9209791.0,1.0,0.0,0.0,False,0.0,1.0,PROBABLE
LPT-11992,10.0,3.0,1.0,6.0,7.0,246663922.16,209627324.24,8.0,0.0,0.0,True,0.3,10.0,EXACT
ws-12850,1.0,0.0,0.0,1.0,0.0,18336248.0,24526192.64,0.0,0.0,0.0,False,0.0,1.0,PROBABLE
WS_10844,1.0,1.0,0.0,0.0,0.0,24819643.22,25191389.0,1.0,0.0,0.0,False,1.0,1.0,PROBABLE
LPT_11981,1.0,0.0,0.0,1.0,1.0,24819643.22,18835701.76,1.0,0.0,0.0,False,0.0,1.0,PROBABLE
vdr-10740,2.0,0.0,0.0,2.0,1.0,27202570.240000002,53785476.0,2.0,0.0,0.0,False,0.0,2.0,PROBABLE
WS-11808,5.0,4.0,0.0,3.0,2.0,100289446.72,118642750.0,3.0,0.0,0.0,True,0.8,5.0,EXACT
LPT-11597,8.0,4.0,0.0,3.0,4.0,164621687.26,195275639.2,7.0,1.0,0.0,True,0.5,9.0,EXACT
vdr-11901,3.0,2.0,1.0,2.0,3.0,67939185.22,70761022.28,3.0,0.0,0.0,False,0.6666666666666666,3.0,PROBABLE
LPT_12536,2.0,0.0,0.0,2.0,1.0,29123425.22,26088624.64,2.0,0.0,0.0,False,0.0,2.0,PROBABLE
lpt-12114,2.0,0.0,0.0,2.0,1.0,2821163.08,15650553.0,2.0,0.0,0.0,False,0.0,2.0,PROBABLE
lpt-10880,1.0,0.0,0.0,0.0,0.0,48538222.0,44523479.0,1.0,0.0,0.0,False,0.0,1.0,PROBABLE
lpt-10789,1.0,1.0,0.0,0.0,1.0,36655887.0,24526192.64,1.0,0.0,0.0,False,1.0,1.0,PROBABLE
LPT-12622.corp.local,2.0,0.0,0.0,1.0,1.0,45318071.0,27257508.64,2.0,0.0,0.0,False,0.0,2.0,PROBABLE
LPT_10081,2.0,0.0,0.0,0.0,2.0,60243407.0,31977431.04,2.0,0.0,0.0,False,0.0,2.0,PROBABLE
LPT-12377,9.0,3.0,1.0,5.0,3.0,217482048.57999998,180269174.56,8.0,2.0,0.0,True,0.3333333333333333,11.0,EXACT
WS-10265,5.0,1.0,1.0,4.0,4.0,92057302.7,112417862.92,4.0,3.0,0.0,True,0.2,8.0,EXACT
VDR_10885,2.0,0.0,0.0,0.0,1.0,65043018.58,27067226.0,2.0,0.0,0.0,False,0.0,2.0,PROBABLE
LPT-12103.corp.local,3.0,1.0,0.0,1.0,0.0,61253924.0,130241357.48,3.0,0.0,0.0,False,0.3333333333333333,3.0,PROBABLE
ws-12977,1.0,1.0,0.0,1.0,0.0,24819643.22,24526192.64,1.0,0.0,0.0,False,1.0,1.0,PROBABLE
WS-10243.corp.local,1.0,1.0,0.0,1.0,0.0,24819643.22,24526192.64,1.0,0.0,0.0,False,1.0,1.0,PROBABLE
LPT_11568,1.0,1.0,0.0,1.0,1.0,24819643.22,24526192.64,0.0,0.0,0.0,False,1.0,1.0,PROBABLE
VDR-10071,4.0,1.0,1.0,4.0,1.0,72998471.08,131112579.36,3.0,1.0,0.0,True,0.25,5.0,EXACT
vdr-12526,1.0,0.0,0.0,1.0,1.0,24819643.22,24526192.64,1.0,0.0,0.0,False,0.0,1.0,PROBABLE
LPT_11658,1.0,0.0,0.0,1.0,1.0,24819643.22,31634459.0,1.0,0.0,0.0,False,0.0,1.0,PROBABLE
lpt-12826,2.0,0.0,0.0,1.0,2.0,39785379.22,43605479.64,2.0,0.0,0.0,False,0.0,2.0,PROBABLE
vdr-10656,3.0,0.0,1.0,1.0,2.0,71409872.22,34459730.44,3.0,0.0,0.0,False,0.0,3.0,PROBABLE
LPT_12408,2.0,0.0,0.0,2.0,2.0,23867555.0,13444637.76,2.0,0.0,0.0,False,0.0,2.0,PROBABLE
LPT_12265,1.0,0.0,0.0,0.0,1.0,24819643.22,24526192.64,1.0,0.0,0.0,False,0.0,1.0,PROBABLE
WS-11051,9.0,3.0,2.0,6.0,5.0,252461859.1,272133709.6,8.0,2.0,0.0,True,0.3333333333333333,11.0,EXACT
ws-10908,1.0,1.0,0.0,0.0,0.0,40810577.92,24526192.64,1.0,0.0,0.0,False,1.0,1.0,PROBABLE
VDR_10060,2.0,1.0,0.0,2.0,2.0,67761736.0,55919421.44,1.0,0.0,0.0,False,0.5,2.0,PROBABLE
ws-12101,1.0,0.0,1.0,1.0,1.0,26384670.0,24526192.64,1.0,0.0,0.0,False,0.0,1.0,PROBABLE
VDR-10238,11.0,2.0,0.0,5.0,6.0,256683558.76,276825849.8,9.0,6.0,1.0,True,0.18181818181818182,17.0,EXACT
VDR-12140.corp.local,2.0,1.0,0.0,1.0,1.0,72295180.0,57836758.64,2.0,0.0,0.0,False,0.5,2.0,PROBABLE
vdr-11610,1.0,0.0,1.0,1.0,0.0,15858197.0,10212444.16,0.0,0.0,0.0,False,0.0,1.0,PROBABLE
LPT-10205.corp.local,1.0,1.0,0.0,0.0,1.0,20844683.0,38453246.0,1.0,0.0,0.0,False,1.0,1.0,PROBABLE
VDR-11251,7.0,0.0,2.0,2.0,4.0,130757690.22,141657101.64,6.0,1.0,0.0,False,0.0,8.0,PROBABLE
vdr-11213,1.0,1.0,0.0,0.0,0.0,13074716.0,34614806.0,1.0,0.0,0.0,False,1.0,1.0,PROBABLE
VDR-11306,5.0,2.0,0.0,2.0,3.0,94624561.18,125676173.0,5.0,3.0,0.0,True,0.4,8.0,EXACT
VDR-12775.corp.local,2.0,1.0,0.0,2.0,0.0,65146444.22,43456768.64,1.0,0.0,0.0,False,0.5,2.0,PROBABLE
VDR-10942,4.0,0.0,0.0,2.0,3.0,121147762.0,99291893.12,2.0,0.0,0.0,True,0.0,4.0,EXACT
VDR-11804,10.0,2.0,2.0,6.0,5.0,206731670.36,277052803.08,8.0,3.0,0.0,True,0.2,13.0,EXACT
VDR-11629,6.0,0.0,1.0,3.0,3.0,112624215.44,172703341.84,4.0,4.0,0.0,True,0.0,10.0,EXACT
VDR-10354,3.0,0.0,0.0,1.0,2.0,82113789.94,68481016.64,3.0,1.0,0.0,True,0.0,4.0,EXACT
lpt-11790,1.0,0.0,0.0,1.0,1.0,24819643.22,2148301.0,1.0,0.0,0.0,False,0.0,1.0,PROBABLE
LPT-10810,9.0,1.0,1.0,6.0,3.0,211784751.44,262564013.16,8.0,0.0,0.0,True,0.1111111111111111,9.0,EXACT
VDR-11592.,0.0,0.0,0.0,0.0,0.0,0.0,0.0,0.0,0.0,0.0,True,0.0,0.0,EXACT
WS-10095,9.0,1.0,2.0,4.0,6.0,220771131.95999998,151335321.36,8.0,2.0,0.0,True,0.1111111111111111,11.0,EXACT
VDR-10801.,0.0,0.0,0.0,0.0,0.0,0.0,0.0,0.0,0.0,0.0,True,0.0,0.0,EXACT
ws-12214,1.0,0.0,0.0,0.0,1.0,24819643.22,24526192.64,1.0,0.0,0.0,False,0.0,1.0,PROBABLE
LPT-10537,5.0,0.0,0.0,4.0,2.0,154798051.0,99245460.28,4.0,0.0,0.0,True,0.0,5.0,EXACT
ws-10476,5.0,1.0,1.0,4.0,3.0,116643131.22,122258854.56,2.0,0.0,0.0,False,0.2,5.0,PROBABLE
VDR-12997.corp.local,1.0,0.0,0.0,1.0,1.0,37077647.36,24526192.64,1.0,0.0,0.0,False,0.0,1.0,PROBABLE
WS_11686,2.0,0.0,0.0,0.0,0.0,25397411.22,46436990.0,2.0,0.0,0.0,False,0.0,2.0,PROBABLE
ws-10660,1.0,0.0,0.0,0.0,1.0,37223106.56,24526192.64,1.0,0.0,0.0,False,0.0,1.0,PROBABLE
LPT-11919,3.0,0.0,0.0,1.0,3.0,54115900.22,105036171.24000001,2.0,1.0,0.0,True,0.0,4.0,EXACT
LPT-12275,9.0,1.0,0.0,5.0,3.0,221998567.28,229343540.8,8.0,5.0,1.0,False,0.1111111111111111,14.0,PROBABLE
ws-12226,2.0,1.0,0.0,1.0,2.0,49639286.44,81473787.0,2.0,0.0,0.0,False,0.5,2.0,PROBABLE
WS_12409,1.0,0.0,0.0,1.0,0.0,4720221.0,24526192.64,1.0,0.0,0.0,False,0.0,1.0,PROBABLE
WS-10996.corp.local,1.0,0.0,0.0,1.0,0.0,12154818.0,24526192.64,1.0,0.0,0.0,False,0.0,1.0,PROBABLE
VDR-12357,12.0,1.0,0.0,6.0,4.0,238697367.06,271767942.12,10.0,1.0,0.0,True,0.08333333333333333,13.0,EXACT
VDR-12732,8.0,0.0,0.0,5.0,5.0,218129828.24,181214034.28,6.0,3.0,1.0,False,0.0,11.0,PROBABLE
VDR_12975,2.0,1.0,1.0,0.0,1.0,39101096.0,13159049.0,2.0,0.0,0.0,False,0.5,2.0,PROBABLE
VDR-12986.,0.0,0.0,0.0,0.0,0.0,0.0,0.0,0.0,0.0,0.0,True,0.0,0.0,EXACT
LPT-12114,8.0,2.0,1.0,4.0,6.0,193040817.95999998,194519733.44,6.0,2.0,1.0,True,0.25,10.0,EXACT
ws-10760,1.0,0.0,0.0,0.0,0.0,9206706.0,24526192.64,1.0,0.0,0.0,False,0.0,1.0,PROBABLE
LPT-10575,9.0,3.0,0.0,6.0,4.0,200767334.1,262147003.96,7.0,4.0,2.0,False,0.3333333333333333,13.0,PROBABLE
lpt-11052,1.0,0.0,0.0,0.0,1.0,24819643.22,43400560.64,1.0,0.0,0.0,False,0.0,1.0,PROBABLE
LPT_11793,1.0,0.0,0.0,0.0,0.0,41104715.0,13267412.0,1.0,0.0,0.0,False,0.0,1.0,PROBABLE
LPT-10490.corp.local,1.0,0.0,0.0,1.0,1.0,14226524.0,40377978.88,1.0,0.0,0.0,False,0.0,1.0,PROBABLE
VDR-10142,6.0,3.0,0.0,4.0,5.0,105258515.72,186259316.64,6.0,3.0,0.0,True,0.5,9.0,EXACT
vdr-11003,1.0,0.0,0.0,0.0,0.0,47520375.0,7012282.0,1.0,0.0,0.0,False,0.0,1.0,PROBABLE
WS-10946.corp.local,1.0,0.0,0.0,0.0,1.0,23463853.0,15146003.0,1.0,0.0,0.0,False,0.0,1.0,PROBABLE
LPT-10275.corp.local,1.0,0.0,0.0,0.0,0.0,14470348.8,24526192.64,0.0,0.0,0.0,False,0.0,1.0,PROBABLE
WS-11739,9.0,3.0,1.0,7.0,5.0,264866976.44,273049640.96,9.0,5.0,0.0,True,0.3333333333333333,14.0,EXACT
LPT-11229,9.0,4.0,0.0,6.0,1.0,201089351.54,248245867.4,7.0,1.0,0.0,True,0.4444444444444444,10.0,EXACT
VDR-12057,7.0,1.0,1.0,6.0,4.0,149247403.18,188408085.56,6.0,1.0,0.0,True,0.14285714285714285,8.0,EXACT
WS_12327,1.0,0.0,0.0,0.0,0.0,26371645.0,1059061.76,1.0,0.0,0.0,False,0.0,1.0,PROBABLE
WS-11296,5.0,0.0,0.0,1.0,2.0,137736820.0,138007066.48,5.0,2.0,0.0,False,0.0,7.0,PROBABLE
LPT_12939,1.0,0.0,0.0,1.0,1.0,6891902.0,36584816.64,1.0,0.0,0.0,False,0.0,1.0,PROBABLE
ws-11367,1.0,0.0,0.0,1.0,1.0,24819643.22,38919522.0,1.0,0.0,0.0,False,0.0,1.0,PROBABLE
WS_12317,1.0,0.0,0.0,1.0,0.0,5787786.0,24526192.64,1.0,0.0,0.0,False,0.0,1.0,PROBABLE
LPT_12111,1.0,0.0,0.0,0.0,1.0,49745943.0,3860775.0,1.0,0.0,0.0,False,0.0,1.0,PROBABLE
VDR-11312,10.0,2.0,0.0,8.0,4.0,241127546.48,221574993.36,8.0,3.0,0.0,True,0.2,13.0,EXACT
WS-12674,7.0,0.0,2.0,4.0,3.0,212328977.4,172571494.92,6.0,2.0,0.0,True,0.0,9.0,EXACT
VDR-11815.corp.local,2.0,0.0,0.0,1.0,0.0,43532419.08,33818199.64,2.0,0.0,0.0,False,0.0,2.0,PROBABLE
VDR-12358.corp.local,1.0,0.0,0.0,0.0,1.0,13033158.0,25796958.0,1.0,0.0,0.0,False,0.0,1.0,PROBABLE
VDR-11557,4.0,2.0,1.0,4.0,2.0,110306892.58,94946450.64,4.0,2.0,1.0,True,0.5,6.0,EXACT
VDR-12630,7.0,1.0,1.0,1.0,4.0,191951079.24,159063929.72,7.0,3.0,1.0,True,0.14285714285714285,10.0,EXACT
WS-11695,10.0,2.0,0.0,6.0,7.0,295098273.88,230278127.28,8.0,2.0,0.0,True,0.2,12.0,EXACT
WS-11372,6.0,2.0,0.0,3.0,3.0,139390504.82,119323835.8,6.0,2.0,1.0,False,0.3333333333333333,8.0,PROBABLE
lpt-10745,2.0,0.0,1.0,2.0,0.0,47694086.22,18987521.96,2.0,0.0,0.0,False,0.0,2.0,PROBABLE
LPT-11310.corp.local,1.0,0.0,0.0,0.0,0.0,24819643.22,24526192.64,1.0,0.0,0.0,False,0.0,1.0,PROBABLE
VDR-10051,5.0,1.0,2.0,2.0,3.0,96734811.02,91001682.48,5.0,2.0,0.0,True,0.2,7.0,EXACT
VDR-11746,8.0,4.0,1.0,5.0,6.0,56485445.0,206190251.04000002,7.0,2.0,1.0,True,0.5,10.0,EXACT
VDR-12160,6.0,2.0,0.0,1.0,3.0,165777743.46,159232105.32,3.0,3.0,1.0,True,0.3333333333333333,9.0,EXACT
LPT-10446,3.0,0.0,0.0,2.0,1.0,85077505.22,71560702.0,2.0,1.0,0.0,True,0.0,4.0,EXACT
WS_12953,1.0,1.0,1.0,1.0,0.0,24819643.22,7873443.84,1.0,0.0,0.0,False,1.0,1.0,PROBABLE
LPT-11742.corp.local,1.0,1.0,0.0,1.0,1.0,14526264.0,24526192.64,1.0,0.0,0.0,False,1.0,1.0,PROBABLE
LPT_10372,1.0,0.0,0.0,1.0,0.0,39467265.0,22559350.0,1.0,0.0,0.0,False,0.0,1.0,PROBABLE
VDR-11019.corp.local,1.0,1.0,0.0,1.0,0.0,24819643.22,35934699.52,1.0,0.0,0.0,False,1.0,1.0,PROBABLE
VDR-11669,10.0,2.0,1.0,5.0,4.0,230391894.56,300537131.92,7.0,2.0,2.0,True,0.2,12.0,EXACT
LPT_10488,1.0,0.0,0.0,1.0,1.0,24819643.22,16227293.0,0.0,0.0,0.0,False,0.0,1.0,PROBABLE
VDR-12248,7.0,0.0,1.0,3.0,5.0,224136557.7,232717724.0,4.0,5.0,1.0,True,0.0,12.0,EXACT
VDR-12054,7.0,2.0,1.0,7.0,2.0,198667782.66,144557795.64,5.0,3.0,0.0,True,0.2857142857142857,10.0,EXACT
VDR-10838.corp.local,2.0,1.0,0.0,2.0,1.0,46930830.22,75211857.0,2.0,0.0,0.0,False,0.5,2.0,PROBABLE
VDR-10952,6.0,2.0,1.0,3.0,6.0,194986633.34,102334544.16,5.0,0.0,0.0,False,0.3333333333333333,6.0,PROBABLE
LPT_10840,2.0,1.0,0.0,2.0,2.0,44538492.22,66553118.72,2.0,0.0,0.0,False,0.5,2.0,PROBABLE
ws-10932,3.0,2.0,0.0,2.0,1.0,73643975.22,66335119.36,2.0,0.0,0.0,False,0.6666666666666666,3.0,PROBABLE
LPT-11070,3.0,0.0,0.0,3.0,2.0,63931431.58,58982922.64,3.0,2.0,0.0,True,0.0,5.0,EXACT
LPT-10104,8.0,2.0,1.0,3.0,4.0,209416929.32,170752360.8,8.0,6.0,1.0,True,0.25,14.0,EXACT
VDR_12820,1.0,0.0,0.0,0.0,0.0,24819643.22,49392588.0,1.0,0.0,0.0,False,0.0,1.0,PROBABLE
VDR-12804.corp.local,1.0,0.0,0.0,1.0,0.0,8852854.0,1469857.0,1.0,0.0,0.0,False,0.0,1.0,PROBABLE
VDR_10656,1.0,0.0,0.0,1.0,1.0,6885656.0,12907420.0,1.0,0.0,0.0,False,0.0,1.0,PROBABLE
ws-11905,2.0,1.0,0.0,2.0,1.0,53506347.0,66624987.64,1.0,0.0,0.0,False,0.5,2.0,PROBABLE
ws-11216,2.0,0.0,0.0,1.0,1.0,37875136.22,40307937.28,2.0,0.0,0.0,False,0.0,2.0,PROBABLE
ws-10832,1.0,0.0,0.0,0.0,0.0,37045584.0,24526192.64,1.0,0.0,0.0,False,0.0,1.0,PROBABLE
LPT-12303,6.0,2.0,0.0,3.0,4.0,129820209.98,106466726.16,6.0,2.0,0.0,True,0.3333333333333333,8.0,EXACT
vdr-11404,1.0,0.0,0.0,0.0,1.0,9646899.2,4529848.32,1.0,0.0,0.0,False,0.0,1.0,PROBABLE
WS_10996,1.0,0.0,0.0,0.0,0.0,25268014.0,24526192.64,1.0,0.0,0.0,False,0.0,1.0,PROBABLE
VDR_12033,1.0,1.0,0.0,0.0,0.0,24819643.22,24526192.64,1.0,0.0,0.0,False,1.0,1.0,PROBABLE
WS-10429.corp.local,1.0,1.0,1.0,1.0,1.0,24819643.22,24526192.64,0.0,0.0,0.0,False,1.0,1.0,PROBABLE
VDR-10861,2.0,1.0,0.0,1.0,0.0,43995041.0,26764394.64,2.0,0.0,0.0,True,0.5,2.0,EXACT
WS-12267,6.0,2.0,0.0,5.0,5.0,127191041.22,108831591.24000001,5.0,5.0,1.0,True,0.3333333333333333,11.0,EXACT
VDR_12489,1.0,0.0,0.0,1.0,1.0,24819643.22,8855124.0,1.0,0.0,0.0,False,0.0,1.0,PROBABLE
VDR-10031.corp.local,1.0,0.0,0.0,0.0,0.0,24819643.22,10108272.64,1.0,0.0,0.0,False,0.0,1.0,PROBABLE
WS-11317,5.0,2.0,0.0,3.0,3.0,133575777.22,112449498.4,5.0,1.0,0.0,True,0.4,6.0,EXACT
VDR-10529.corp.local,2.0,1.0,0.0,1.0,2.0,27296455.0,21724350.0,2.0,0.0,0.0,False,0.5,2.0,PROBABLE
WS-11193.corp.local,2.0,2.0,1.0,0.0,1.0,59214009.22,56649223.64,1.0,0.0,0.0,False,1.0,2.0,PROBABLE
ws-10794,1.0,0.0,0.0,0.0,0.0,30576476.16,16186296.0,0.0,0.0,0.0,False,0.0,1.0,PROBABLE
WS-10049,5.0,1.0,0.0,3.0,2.0,116089434.68,88190472.12,4.0,4.0,0.0,True,0.2,9.0,EXACT
VDR-12002,8.0,1.0,2.0,2.0,3.0,184420655.9,252667318.72,7.0,3.0,0.0,True,0.125,11.0,EXACT
WS-11503,7.0,0.0,0.0,4.0,3.0,193407103.3,226975851.92000002,7.0,5.0,0.0,True,0.0,12.0,EXACT
vdr-12210,2.0,0.0,0.0,1.0,0.0,54593124.0,70070110.0,2.0,0.0,0.0,False,0.0,2.0,PROBABLE
ws-10493,1.0,0.0,0.0,0.0,0.0,2990891.0,14888295.0,1.0,0.0,0.0,False,0.0,1.0,PROBABLE
LPT-10894,4.0,2.0,0.0,0.0,2.0,79275700.8,66008585.96,4.0,2.0,0.0,True,0.5,6.0,EXACT
WS-12224.corp.local,2.0,0.0,0.0,0.0,2.0,55538645.22,36081223.64,2.0,0.0,0.0,False,0.0,2.0,PROBABLE
VDR-11253,3.0,1.0,2.0,2.0,3.0,83964746.0,46660011.0,3.0,3.0,1.0,True,0.3333333333333333,6.0,EXACT
lpt-10751,1.0,0.0,0.0,1.0,0.0,1090519.04,5800287.0,1.0,0.0,0.0,False,0.0,1.0,PROBABLE
LPT-10229,6.0,3.0,1.0,2.0,0.0,166021881.57999998,109875184.44,6.0,2.0,0.0,False,0.5,8.0,PROBABLE
WS-11424,9.0,3.0,1.0,3.0,6.0,173284207.38,281063091.24,7.0,0.0,0.0,True,0.3333333333333333,9.0,EXACT
LPT-11744,10.0,0.0,1.0,5.0,7.0,282170048.24,202848059.24,8.0,3.0,1.0,True,0.0,13.0,EXACT
WS-12631,9.0,3.0,1.0,2.0,4.0,243393216.2,239543845.68,7.0,2.0,1.0,True,0.3333333333333333,11.0,EXACT
ws-10181,1.0,0.0,0.0,0.0,0.0,20609136.64,24526192.64,0.0,0.0,0.0,False,0.0,1.0,PROBABLE
LPT-10434,5.0,1.0,0.0,4.0,2.0,95946205.86,101792878.0,5.0,2.0,0.0,True,0.2,7.0,EXACT
VDR-10830.,0.0,0.0,0.0,0.0,0.0,0.0,0.0,0.0,0.0,0.0,True,0.0,0.0,EXACT
LPT-10052,3.0,0.0,1.0,2.0,2.0,63186888.36,70923622.52000001,3.0,4.0,0.0,True,0.0,7.0,EXACT
LPT-12203,6.0,0.0,0.0,4.0,2.0,77166596.22,179199146.64,6.0,1.0,0.0,False,0.0,7.0,PROBABLE
VDR-11922,5.0,0.0,0.0,1.0,4.0,76525299.22,129844094.12,4.0,4.0,0.0,True,0.0,9.0,EXACT
VDR-10677.corp.local,1.0,0.0,0.0,0.0,1.0,13838079.0,39292143.0,1.0,0.0,0.0,False,0.0,1.0,PROBABLE
VDR-10196.corp.local,1.0,0.0,0.0,0.0,0.0,48804588.0,39127949.0,1.0,0.0,0.0,False,0.0,1.0,PROBABLE
vdr-10312,2.0,1.0,0.0,0.0,0.0,32339521.0,49052385.28,1.0,0.0,0.0,False,0.5,2.0,PROBABLE
ws-11154,1.0,0.0,0.0,0.0,1.0,24819643.22,24526192.64,1.0,0.0,0.0,False,0.0,1.0,PROBABLE
WS_12136,2.0,0.0,0.0,0.0,1.0,70374722.22,62708244.0,1.0,0.0,0.0,False,0.0,2.0,PROBABLE
ws-12881,3.0,0.0,0.0,1.0,2.0,65335313.72,80998875.76,3.0,0.0,0.0,False,0.0,3.0,PROBABLE
WS-11987.corp.local,1.0,0.0,0.0,1.0,0.0,47175434.24,35796172.0,1.0,0.0,0.0,False,0.0,1.0,PROBABLE
VDR_12302,3.0,0.0,1.0,0.0,2.0,102739368.36,58852717.36,2.0,0.0,0.0,False,0.0,3.0,PROBABLE
LPT-12107.,0.0,0.0,0.0,0.0,0.0,0.0,0.0,0.0,0.0,0.0,True,0.0,0.0,EXACT
WS-12309,8.0,3.0,1.0,3.0,4.0,211457268.94,182678154.92000002,4.0,4.0,0.0,True,0.375,12.0,EXACT
ws-12397,1.0,0.0,0.0,1.0,0.0,42059530.0,28156214.0,1.0,0.0,0.0,False,0.0,1.0,PROBABLE
ws-10111,1.0,0.0,0.0,0.0,0.0,1946826.0,11977310.0,1.0,0.0,0.0,False,0.0,1.0,PROBABLE
WS_10195,1.0,1.0,0.0,1.0,1.0,12773996.0,24526192.64,1.0,0.0,0.0,False,1.0,1.0,PROBABLE
LPT_11349,1.0,0.0,0.0,1.0,0.0,12311894.0,39474707.0,0.0,0.0,0.0,False,0.0,1.0,PROBABLE
LPT-10337,7.0,1.0,1.0,3.0,3.0,161479844.64,205638346.04,6.0,4.0,1.0,True,0.14285714285714285,11.0,EXACT
LPT-12840,12.0,3.0,1.0,6.0,4.0,311189999.78,264062194.56,9.0,4.0,1.0,True,0.25,16.0,EXACT
LPT-12755.corp.local,4.0,3.0,1.0,2.0,2.0,82409718.08,83112844.52,3.0,0.0,0.0,False,0.75,4.0,PROBABLE
VDR-12983,6.0,2.0,0.0,4.0,3.0,189038222.16,174985860.28,4.0,2.0,0.0,True,0.3333333333333333,8.0,EXACT
LPT-10854,10.0,3.0,1.0,6.0,4.0,225890948.07999998,234005437.44,8.0,3.0,1.0,True,0.3,13.0,EXACT
VDR-11307,7.0,1.0,0.0,5.0,3.0,163836242.92,187096284.24,6.0,1.0,0.0,False,0.14285714285714285,8.0,PROBABLE
vdr-10343,2.0,1.0,0.0,0.0,1.0,63029554.0,43164660.64,2.0,0.0,0.0,False,0.5,2.0,PROBABLE
LPT-11680,10.0,1.0,2.0,4.0,5.0,269927983.42,283230496.92,9.0,6.0,0.0,True,0.1,16.0,EXACT
WS-10043,8.0,3.0,0.0,2.0,4.0,165298091.92000002,173005400.84,8.0,6.0,1.0,True,0.375,14.0,EXACT
ws-11538,2.0,1.0,0.0,1.0,2.0,81412825.0,19324759.0,1.0,0.0,0.0,False,0.5,2.0,PROBABLE
ws-11486,1.0,0.0,0.0,0.0,1.0,19358843.0,39956331.0,1.0,0.0,0.0,False,0.0,1.0,PROBABLE
VDR-11916.corp.local,1.0,0.0,0.0,1.0,1.0,48355253.0,4091709.0,1.0,0.0,0.0,False,0.0,1.0,PROBABLE
LPT-11840,8.0,1.0,1.0,7.0,5.0,153910179.96,213566324.2,6.0,4.0,1.0,True,0.125,12.0,EXACT
LPT-11035,4.0,0.0,0.0,1.0,2.0,95003178.22,145108353.52,2.0,2.0,0.0,True,0.0,6.0,EXACT
LPT_10921,1.0,1.0,0.0,0.0,1.0,3062187.0,47271518.0,1.0,0.0,0.0,False,1.0,1.0,PROBABLE
VDR-12338.corp.local,2.0,1.0,0.0,1.0,0.0,30022903.12,52208348.0,2.0,0.0,0.0,False,0.5,2.0,PROBABLE
VDR-12712,7.0,1.0,0.0,3.0,6.0,176217126.32,221251746.2,7.0,3.0,0.0,True,0.14285714285714285,10.0,EXACT
LPT-11789.corp.local,1.0,0.0,0.0,1.0,1.0,44288260.0,47519413.0,1.0,0.0,0.0,False,0.0,1.0,PROBABLE
vdr-12882,1.0,0.0,0.0,1.0,1.0,29157170.0,21071920.0,1.0,0.0,0.0,False,0.0,1.0,PROBABLE
VDR-10007,7.0,1.0,3.0,2.0,4.0,214049095.07999998,179892361.4,6.0,3.0,0.0,True,0.14285714285714285,10.0,EXACT
WS-12393,9.0,3.0,0.0,3.0,6.0,254851704.48,159467957.36,9.0,5.0,1.0,True,0.3333333333333333,14.0,EXACT
LPT-12065,6.0,1.0,1.0,2.0,1.0,200492565.76,159510091.6,6.0,3.0,0.0,True,0.16666666666666666,9.0,EXACT
vdr-10362,1.0,0.0,0.0,1.0,1.0,13773889.0,24526192.64,1.0,0.0,0.0,False,0.0,1.0,PROBABLE
LPT-11325,8.0,0.0,1.0,4.0,3.0,176535972.35999998,158258778.35999998,5.0,3.0,0.0,True,0.0,11.0,EXACT
lpt-12900,4.0,1.0,1.0,3.0,2.0,113561915.36,102351728.28,3.0,0.0,0.0,False,0.25,4.0,PROBABLE
VDR_11812,2.0,0.0,1.0,1.0,1.0,49639286.44,40141553.4,2.0,0.0,0.0,False,0.0,2.0,PROBABLE
LPT-11659,6.0,2.0,0.0,2.0,4.0,116400886.88,157545328.64,4.0,2.0,0.0,True,0.3333333333333333,8.0,EXACT
VDR-11466,10.0,4.0,0.0,4.0,6.0,311395669.71999997,243096174.4,9.0,4.0,0.0,False,0.4,14.0,PROBABLE
LPT_12654,2.0,0.0,1.0,2.0,2.0,24926704.22,64273014.0,2.0,0.0,0.0,False,0.0,2.0,PROBABLE
vdr-12692,1.0,1.0,1.0,0.0,0.0,24819643.22,24526192.64,1.0,0.0,0.0,False,1.0,1.0,PROBABLE
LPT-12990,10.0,2.0,1.0,6.0,5.0,235952559.46,230853612.6,10.0,6.0,2.0,True,0.2,16.0,EXACT
vdr-11199,2.0,0.0,0.0,1.0,1.0,49639286.44,66345612.64,2.0,0.0,0.0,False,0.0,2.0,PROBABLE
VDR-12431.corp.local,1.0,0.0,0.0,0.0,0.0,22486642.0,9445902.0,0.0,0.0,0.0,False,0.0,1.0,PROBABLE
WS-12468,9.0,1.0,1.0,7.0,5.0,245175494.32,186806656.8,8.0,4.0,0.0,True,0.1111111111111111,13.0,EXACT
WS-10263,7.0,2.0,2.0,4.0,6.0,166796206.22,133154829.88,5.0,2.0,0.0,False,0.2857142857142857,9.0,PROBABLE
lpt-11869,1.0,0.0,0.0,1.0,1.0,24819643.22,24526192.64,1.0,0.0,0.0,False,0.0,1.0,PROBABLE
WS-11515,2.0,0.0,0.0,2.0,1.0,10295313.120000001,62317828.64,2.0,3.0,0.0,False,0.0,5.0,PROBABLE
VDR_11560,2.0,0.0,0.0,1.0,2.0,75450284.2,25875943.64,1.0,0.0,0.0,False,0.0,2.0,PROBABLE
LPT_10002,3.0,1.0,0.0,3.0,3.0,63363095.0,97411114.64,2.0,0.0,0.0,False,0.3333333333333333,3.0,PROBABLE
vdr-12997,1.0,0.0,0.0,1.0,0.0,23350643.0,11905328.0,1.0,0.0,0.0,False,0.0,1.0,PROBABLE
VDR_12152,1.0,0.0,0.0,1.0,0.0,24819643.22,49516129.0,1.0,0.0,0.0,False,0.0,1.0,PROBABLE
LPT-10590,8.0,2.0,1.0,5.0,4.0,169969958.1,154265237.68,7.0,0.0,0.0,True,0.25,8.0,EXACT
VDR_10835,1.0,1.0,0.0,0.0,0.0,34867916.8,24526192.64,1.0,0.0,0.0,False,1.0,1.0,PROBABLE
WS_12773,1.0,1.0,0.0,1.0,1.0,26710087.0,24526192.64,0.0,0.0,0.0,False,1.0,1.0,PROBABLE
LPT-10320.corp.local,1.0,0.0,0.0,0.0,0.0,16650106.0,23388465.0,1.0,0.0,0.0,False,0.0,1.0,PROBABLE
lpt-11359,1.0,0.0,0.0,0.0,1.0,46168801.28,28725963.0,0.0,0.0,0.0,False,0.0,1.0,PROBABLE
VDR-10362.corp.local,2.0,1.0,1.0,0.0,1.0,52731418.22,29361611.64,2.0,0.0,0.0,False,0.5,2.0,PROBABLE
VDR-12706,9.0,3.0,1.0,4.0,3.0,258308598.1,198875579.92,9.0,4.0,0.0,True,0.3333333333333333,13.0,EXACT
lpt-11534,1.0,1.0,0.0,0.0,1.0,31419805.0,41586387.0,0.0,0.0,0.0,False,1.0,1.0,PROBABLE
vdr-11385,2.0,1.0,0.0,0.0,1.0,76397134.0,67108864.0,1.0,0.0,0.0,False,0.5,2.0,PROBABLE
lpt-12807,2.0,0.0,0.0,0.0,1.0,41799620.22,27289527.64,2.0,0.0,0.0,False,0.0,2.0,PROBABLE
WS-11320,7.0,1.0,1.0,2.0,5.0,174996687.3,107920512.68,6.0,1.0,0.0,True,0.14285714285714285,8.0,EXACT
LPT-12383,6.0,1.0,1.0,5.0,2.0,119019523.44,137502873.8,4.0,2.0,0.0,True,0.16666666666666666,8.0,EXACT
VDR-10099,7.0,1.0,1.0,5.0,5.0,179410621.57999998,142651377.88,6.0,4.0,2.0,False,0.14285714285714285,11.0,PROBABLE
ws-10236,3.0,1.0,0.0,1.0,2.0,88570833.14,55050211.28,2.0,0.0,0.0,False,0.3333333333333333,3.0,PROBABLE
VDR-11227,7.0,0.0,0.0,5.0,4.0,169674817.44,120102936.44,6.0,1.0,0.0,True,0.0,8.0,EXACT
vdr-10940,1.0,1.0,0.0,1.0,0.0,21629293.0,24526192.64,0.0,0.0,0.0,False,1.0,1.0,PROBABLE
WS-10239,8.0,0.0,1.0,2.0,3.0,236479644.6,208574471.64,7.0,1.0,0.0,True,0.0,9.0,EXACT
VDR-12238.corp.local,1.0,0.0,0.0,1.0,0.0,33100595.0,45529945.0,1.0,0.0,0.0,False,0.0,1.0,PROBABLE
VDR-12696,8.0,4.0,0.0,4.0,6.0,121169999.4,256522715.88,6.0,2.0,1.0,True,0.5,10.0,EXACT
VDR-11527.corp.local,1.0,0.0,0.0,1.0,0.0,11377049.6,11939927.0,1.0,0.0,0.0,False,0.0,1.0,PROBABLE
vdr-12861,1.0,0.0,0.0,1.0,0.0,46434755.0,44763617.28,1.0,0.0,0.0,False,0.0,1.0,PROBABLE
WS_10564,3.0,0.0,0.0,2.0,1.0,91700871.22,79582959.0,3.0,0.0,0.0,False,0.0,3.0,PROBABLE
ws-11799,1.0,0.0,0.0,0.0,1.0,6186598.4,31477759.0,0.0,0.0,0.0,False,0.0,1.0,PROBABLE
vdr-12415,2.0,1.0,0.0,1.0,2.0,56809615.22,57639138.64,2.0,0.0,0.0,False,0.5,2.0,PROBABLE
VDR_10099,1.0,0.0,0.0,0.0,1.0,38881198.08,22498273.28,1.0,0.0,0.0,False,0.0,1.0,PROBABLE
WS_11380,1.0,1.0,0.0,1.0,1.0,28906444.8,43834645.0,1.0,0.0,0.0,False,1.0,1.0,PROBABLE
LPT-12778.corp.local,4.0,1.0,0.0,3.0,1.0,106947938.66,38422619.0,4.0,0.0,0.0,False,0.25,4.0,PROBABLE
LPT-11369.corp.local,1.0,0.0,0.0,0.0,0.0,24819643.22,6397863.0,1.0,0.0,0.0,False,0.0,1.0,PROBABLE
LPT-12370,8.0,1.0,0.0,2.0,4.0,230950917.82,219466154.36,5.0,2.0,0.0,True,0.125,10.0,EXACT
WS_10415,1.0,0.0,0.0,0.0,1.0,22338583.0,35844921.0,1.0,0.0,0.0,False,0.0,1.0,PROBABLE
WS-10882,7.0,3.0,1.0,2.0,6.0,143923726.22,229084754.68,6.0,5.0,2.0,True,0.42857142857142855,12.0,EXACT
LPT-11658,9.0,2.0,0.0,4.0,4.0,235847568.66,220515380.52,6.0,1.0,0.0,True,0.2222222222222222,10.0,EXACT
WS_11141,2.0,0.0,0.0,1.0,1.0,44695298.44,32067098.0,2.0,0.0,0.0,False,0.0,2.0,PROBABLE
vdr-12153,2.0,1.0,0.0,0.0,2.0,49205196.0,44347964.64,1.0,0.0,0.0,False,0.5,2.0,PROBABLE
LPT_12094,2.0,1.0,0.0,1.0,2.0,38547246.22,16365376.0,2.0,0.0,0.0,False,0.5,2.0,PROBABLE
VDR-12980,13.0,4.0,2.0,5.0,9.0,315876700.84,273585413.6,13.0,2.0,0.0,True,0.3076923076923077,15.0,EXACT
WS-11218,5.0,1.0,0.0,3.0,0.0,72963731.44,141983571.2,4.0,4.0,2.0,True,0.2,9.0,EXACT
lpt-11788,2.0,1.0,0.0,2.0,0.0,58678633.3,21599168.0,2.0,0.0,0.0,False,0.5,2.0,PROBABLE
WS-12868,6.0,1.0,2.0,4.0,5.0,124253107.44,146218428.92000002,3.0,2.0,0.0,True,0.16666666666666666,8.0,EXACT
lpt-10702,1.0,0.0,0.0,0.0,0.0,19195156.48,24526192.64,1.0,0.0,0.0,False,0.0,1.0,PROBABLE
lpt-10593,1.0,1.0,0.0,0.0,1.0,24819643.22,26962815.0,1.0,0.0,0.0,False,1.0,1.0,PROBABLE
LPT-12864,9.0,2.0,2.0,7.0,5.0,244007237.92000002,214297127.16,7.0,3.0,0.0,True,0.2222222222222222,12.0,EXACT
LPT-12304,7.0,2.0,2.0,5.0,3.0,207088490.4,165534774.44,3.0,3.0,0.0,True,0.2857142857142857,10.0,EXACT
WS-10172,5.0,0.0,0.0,3.0,3.0,112363751.5,121161799.76,5.0,1.0,0.0,True,0.0,6.0,EXACT
LPT-10008.corp.local,1.0,0.0,0.0,0.0,0.0,22108667.0,36880130.0,1.0,0.0,0.0,False,0.0,1.0,PROBABLE
LPT-10092.corp.local,2.0,0.0,0.0,0.0,1.0,65977551.699999996,49052385.28,1.0,0.0,0.0,False,0.0,2.0,PROBABLE
LPT-11890,11.0,4.0,1.0,7.0,7.0,230959956.9,293836187.16,11.0,2.0,0.0,True,0.36363636363636365,13.0,EXACT
LPT-10590.corp.local,2.0,0.0,0.0,1.0,2.0,73270273.24000001,70394013.0,2.0,0.0,0.0,False,0.0,2.0,PROBABLE
WS-10043.corp.local,1.0,0.0,0.0,1.0,0.0,24819643.22,24526192.64,1.0,0.0,0.0,False,0.0,1.0,PROBABLE
VDR_11576,1.0,1.0,0.0,0.0,0.0,5294594.0,32624485.0,1.0,0.0,0.0,False,1.0,1.0,PROBABLE
LPT-12824.corp.local,1.0,0.0,0.0,0.0,1.0,22509035.0,46297977.0,1.0,0.0,0.0,False,0.0,1.0,PROBABLE
VDR-10380,2.0,1.0,0.0,0.0,0.0,35108357.0,49052385.28,1.0,3.0,0.0,True,0.5,5.0,EXACT
LPT_10194,1.0,0.0,0.0,1.0,1.0,2820669.44,714506.0,1.0,0.0,0.0,False,0.0,1.0,PROBABLE
vdr-10296,1.0,0.0,0.0,1.0,1.0,38499146.0,35315387.0,1.0,0.0,0.0,False,0.0,1.0,PROBABLE
vdr-10303,1.0,0.0,1.0,1.0,1.0,18426595.0,20126248.96,1.0,0.0,0.0,False,0.0,1.0,PROBABLE
WS-12319,4.0,2.0,2.0,4.0,1.0,116103897.22,106518322.64,4.0,6.0,1.0,True,0.5,10.0,EXACT
VDR-10864,9.0,3.0,0.0,7.0,3.0,246150542.88,216890113.28,8.0,1.0,0.0,True,0.3333333333333333,10.0,EXACT
VDR_11038,1.0,0.0,0.0,0.0,1.0,21571937.0,2264399.0,1.0,0.0,0.0,False,0.0,1.0,PROBABLE
VDR-11136,3.0,0.0,0.0,1.0,2.0,80635248.52,72620309.2,3.0,0.0,0.0,True,0.0,3.0,EXACT
LPT-11483.,0.0,0.0,0.0,0.0,0.0,0.0,0.0,0.0,0.0,0.0,True,0.0,0.0,EXACT
LPT-12603.corp.local,1.0,1.0,0.0,0.0,1.0,24819643.22,5622652.0,1.0,0.0,0.0,False,1.0,1.0,PROBABLE
lpt-12843,2.0,1.0,1.0,1.0,1.0,3669533.76,49052385.28,2.0,0.0,0.0,False,0.5,2.0,PROBABLE
ws-12454,2.0,2.0,0.0,2.0,1.0,77807479.0,51071117.28,1.0,0.0,0.0,False,1.0,2.0,PROBABLE
vdr-10688,1.0,0.0,0.0,1.0,1.0,14246223.0,44677230.0,1.0,0.0,0.0,False,0.0,1.0,PROBABLE
vdr-10152,1.0,0.0,0.0,0.0,0.0,45851790.0,24526192.64,0.0,0.0,0.0,False,0.0,1.0,PROBABLE
VDR-10016,10.0,3.0,1.0,5.0,7.0,269170556.14,182608662.68,6.0,1.0,0.0,True,0.3,11.0,EXACT
WS-11454,4.0,0.0,0.0,1.0,1.0,110477193.22,130606868.92,3.0,2.0,0.0,True,0.0,6.0,EXACT
LPT-11058,3.0,1.0,0.0,3.0,2.0,85873802.0,34450287.239999995,3.0,0.0,0.0,True,0.3333333333333333,3.0,EXACT
lpt-11280,1.0,1.0,0.0,1.0,1.0,21812892.0,45184696.32,1.0,0.0,0.0,False,1.0,1.0,PROBABLE
LPT_11114,1.0,0.0,0.0,1.0,1.0,24819643.22,1176209.0,1.0,0.0,0.0,False,0.0,1.0,PROBABLE
VDR-11665.,0.0,0.0,0.0,0.0,0.0,0.0,0.0,0.0,0.0,0.0,True,0.0,0.0,EXACT
VDR_11718,1.0,0.0,0.0,1.0,1.0,24819643.22,46825048.0,1.0,0.0,0.0,False,0.0,1.0,PROBABLE
ws-11878,1.0,0.0,0.0,1.0,1.0,10805755.0,31027741.0,1.0,0.0,0.0,False,0.0,1.0,PROBABLE
ws-11248,2.0,1.0,0.0,1.0,0.0,68699020.24000001,27812786.32,2.0,0.0,0.0,False,0.5,2.0,PROBABLE
lpt-12223,1.0,0.0,0.0,0.0,1.0,19833855.0,12868456.0,1.0,0.0,0.0,False,0.0,1.0,PROBABLE
WS-10336,5.0,1.0,0.0,2.0,4.0,113678933.53999999,134648013.84,3.0,4.0,0.0,True,0.2,9.0,EXACT
LPT-10212,9.0,1.0,0.0,3.0,4.0,196116600.74,285202815.16,7.0,3.0,0.0,True,0.1111111111111111,12.0,EXACT
WS-12097,5.0,2.0,1.0,5.0,3.0,97087982.08,108482257.64,3.0,4.0,0.0,True,0.4,9.0,EXACT
LPT-12315,11.0,4.0,1.0,3.0,9.0,288723055.98,206577623.76,9.0,2.0,0.0,True,0.36363636363636365,13.0,EXACT
VDR-11328,4.0,3.0,0.0,1.0,2.0,101558659.8,113507436.64,4.0,4.0,0.0,True,0.75,8.0,EXACT
vdr-10146,1.0,0.0,0.0,0.0,1.0,24819643.22,23930.88,1.0,0.0,0.0,False,0.0,1.0,PROBABLE
WS-12727,11.0,1.0,0.0,3.0,4.0,269754870.88,346333252.96,8.0,3.0,1.0,True,0.09090909090909091,14.0,EXACT
VDR_10690,1.0,0.0,0.0,0.0,1.0,37047741.0,15729342.0,1.0,0.0,0.0,False,0.0,1.0,PROBABLE
LPT_11753,1.0,1.0,1.0,0.0,0.0,11145547.0,43503292.0,1.0,0.0,0.0,False,1.0,1.0,PROBABLE
WS-11098,9.0,1.0,2.0,3.0,6.0,245434037.06,201426719.0,8.0,2.0,0.0,False,0.1111111111111111,11.0,PROBABLE
ws-12039,2.0,0.0,0.0,1.0,1.0,36644205.22,16140118.0,2.0,0.0,0.0,False,0.0,2.0,PROBABLE
VDR_11327,1.0,0.0,0.0,1.0,0.0,19241385.0,39502871.0,1.0,0.0,0.0,False,0.0,1.0,PROBABLE
ws-12224,2.0,1.0,0.0,1.0,1.0,22837588.72,31703698.4,1.0,0.0,0.0,False,0.5,2.0,PROBABLE
WS-12753,7.0,0.0,2.0,6.0,6.0,135611315.66,163974577.12,5.0,0.0,0.0,False,0.0,7.0,PROBABLE
WS-11477.corp.local,1.0,1.0,0.0,1.0,1.0,13872660.48,35955671.04,1.0,0.0,0.0,False,1.0,1.0,PROBABLE
LPT-10366.corp.local,1.0,0.0,0.0,1.0,1.0,20866662.4,24526192.64,1.0,0.0,0.0,False,0.0,1.0,PROBABLE
WS-12317.corp.local,1.0,0.0,0.0,1.0,0.0,1557524.0,18838435.84,1.0,0.0,0.0,False,0.0,1.0,PROBABLE
WS-11390,6.0,1.0,0.0,4.0,3.0,156294652.88,166577771.04000002,5.0,3.0,1.0,True,0.16666666666666666,9.0,EXACT
LPT-11052,8.0,3.0,0.0,3.0,5.0,263423132.84,234168507.92000002,5.0,3.0,0.0,False,0.375,11.0,PROBABLE
lpt-11937,1.0,0.0,0.0,0.0,1.0,32801806.0,7355108.0,1.0,0.0,0.0,False,0.0,1.0,PROBABLE
WS-10412,6.0,1.0,0.0,1.0,5.0,157049507.9,112589603.12,6.0,1.0,0.0,True,0.16666666666666666,7.0,EXACT
WS-12118,7.0,2.0,1.0,4.0,3.0,169784667.84,198368481.52,7.0,5.0,0.0,True,0.2857142857142857,12.0,EXACT
WS-12234,7.0,0.0,2.0,2.0,4.0,173303683.66,130173432.4,6.0,4.0,2.0,True,0.0,11.0,EXACT
vdr-12707,2.0,0.0,0.0,0.0,1.0,49639286.44,39241842.64,2.0,0.0,0.0,False,0.0,2.0,PROBABLE
LPT-11956.corp.local,1.0,0.0,0.0,0.0,0.0,24819643.22,41001585.0,1.0,0.0,0.0,False,0.0,1.0,PROBABLE
VDR_10162,1.0,1.0,0.0,0.0,1.0,24819643.22,36175872.0,1.0,0.0,0.0,False,1.0,1.0,PROBABLE
VDR-10326.corp.local,1.0,0.0,0.0,0.0,0.0,45205761.0,14876533.0,1.0,0.0,0.0,False,0.0,1.0,PROBABLE
LPT-11763.corp.local,1.0,0.0,0.0,1.0,1.0,33795604.48,13220719.0,1.0,0.0,0.0,False,0.0,1.0,PROBABLE
WS-11137,8.0,3.0,0.0,5.0,3.0,159595016.98,199845704.68,6.0,1.0,1.0,True,0.375,9.0,EXACT
VDR-12145,9.0,4.0,0.0,4.0,4.0,133269462.52,232953566.88,9.0,0.0,0.0,True,0.4444444444444444,9.0,EXACT
LPT-11440.corp.local,1.0,0.0,0.0,0.0,0.0,24819643.22,4568930.0,1.0,0.0,0.0,False,0.0,1.0,PROBABLE
LPT-11123,5.0,0.0,0.0,2.0,1.0,136348442.22,136409820.07999998,4.0,3.0,0.0,True,0.0,8.0,EXACT
LPT-12640,6.0,2.0,0.0,2.0,5.0,198938721.22,126646466.92,5.0,3.0,0.0,True,0.3333333333333333,9.0,EXACT
LPT-11655.corp.local,2.0,0.0,0.0,1.0,0.0,69553669.0,62964445.44,1.0,0.0,0.0,False,0.0,2.0,PROBABLE
LPT-11638,8.0,2.0,1.0,4.0,5.0,184462638.88,234084392.48000002,7.0,5.0,0.0,False,0.25,13.0,PROBABLE
VDR-12184,4.0,1.0,0.0,2.0,2.0,142154800.5,119342749.92,3.0,2.0,0.0,False,0.25,6.0,PROBABLE
WS-11332,9.0,3.0,1.0,5.0,7.0,223932071.94,239120583.56,8.0,3.0,1.0,True,0.3333333333333333,12.0,EXACT
WS-10739.corp.local,1.0,0.0,0.0,0.0,0.0,42326611.0,21328659.0,1.0,0.0,0.0,False,0.0,1.0,PROBABLE
VDR-10532.corp.local,2.0,0.0,0.0,2.0,1.0,67351103.22,39234826.64,2.0,0.0,0.0,False,0.0,2.0,PROBABLE
ws-12742,2.0,0.0,0.0,1.0,1.0,63661655.22,33931264.0,2.0,0.0,0.0,False,0.0,2.0,PROBABLE
vdr-11387,3.0,2.0,0.0,0.0,3.0,50296915.36,73578577.92,2.0,0.0,0.0,False,0.6666666666666666,3.0,PROBABLE
LPT-10580,6.0,1.0,0.0,5.0,4.0,175708183.2,161404597.4,6.0,3.0,0.0,True,0.16666666666666666,9.0,EXACT
VDR-12451.corp.local,1.0,0.0,1.0,0.0,0.0,35759373.0,43631247.36,1.0,0.0,0.0,False,0.0,1.0,PROBABLE
WS_10696,1.0,0.0,0.0,0.0,1.0,40317475.0,24526192.64,1.0,0.0,0.0,False,0.0,1.0,PROBABLE
LPT-12628.,0.0,0.0,0.0,0.0,0.0,0.0,0.0,0.0,0.0,0.0,True,0.0,0.0,EXACT
vdr-12740,2.0,1.0,0.0,1.0,1.0,15883677.32,50246271.96,2.0,0.0,0.0,False,0.5,2.0,PROBABLE
ws-11041,1.0,0.0,0.0,0.0,0.0,44344279.04,33352949.0,1.0,0.0,0.0,False,0.0,1.0,PROBABLE
lpt-12970,1.0,1.0,0.0,0.0,0.0,23125239.0,42189288.0,1.0,0.0,0.0,False,1.0,1.0,PROBABLE
VDR-12932,3.0,1.0,1.0,2.0,1.0,79158087.22,82663092.0,3.0,1.0,1.0,True,0.3333333333333333,4.0,EXACT
VDR_12325,2.0,0.0,0.0,0.0,0.0,31206171.22,14637244.0,2.0,0.0,0.0,False,0.0,2.0,PROBABLE
WS-11435,7.0,1.0,1.0,1.0,4.0,206984389.57999998,162343225.56,6.0,2.0,0.0,False,0.14285714285714285,9.0,PROBABLE
LPT-12710,10.0,1.0,0.0,4.0,6.0,242234201.28,211725922.88,10.0,1.0,0.0,True,0.1,11.0,EXACT
VDR-10449,6.0,4.0,0.0,2.0,2.0,179570479.82,119305853.36,5.0,4.0,0.0,False,0.6666666666666666,10.0,PROBABLE
LPT_10912,1.0,1.0,0.0,1.0,1.0,41645834.24,29737000.96,1.0,0.0,0.0,False,1.0,1.0,PROBABLE
ws-11313,1.0,0.0,0.0,0.0,1.0,22528972.0,14814150.0,1.0,0.0,0.0,False,0.0,1.0,PROBABLE
lpt-11356,1.0,0.0,0.0,0.0,1.0,36096593.92,19702402.0,1.0,0.0,0.0,False,0.0,1.0,PROBABLE
WS-12853,4.0,0.0,1.0,1.0,2.0,102742893.69999999,103825489.28,4.0,2.0,1.0,True,0.0,6.0,EXACT
LPT-11501.corp.local,1.0,1.0,1.0,0.0,1.0,24819643.22,42796347.0,1.0,0.0,0.0,False,1.0,1.0,PROBABLE
LPT-12641.corp.local,2.0,0.0,0.0,2.0,2.0,62216158.0,61400666.0,2.0,0.0,0.0,False,0.0,2.0,PROBABLE
VDR-12404.corp.local,1.0,0.0,0.0,1.0,0.0,24819643.22,2173143.04,1.0,0.0,0.0,False,0.0,1.0,PROBABLE
LPT_11907,1.0,1.0,0.0,0.0,0.0,7465861.12,24526192.64,1.0,0.0,0.0,False,1.0,1.0,PROBABLE
VDR-10270.corp.local,1.0,0.0,0.0,1.0,1.0,24819643.22,7366707.0,1.0,0.0,0.0,False,0.0,1.0,PROBABLE
LPT-12831,4.0,2.0,1.0,3.0,1.0,99278572.88,92302790.84,4.0,2.0,0.0,True,0.5,6.0,EXACT
VDR-12497.,0.0,0.0,0.0,0.0,0.0,0.0,0.0,0.0,0.0,0.0,True,0.0,0.0,EXACT
VDR-10031,12.0,1.0,1.0,7.0,4.0,305675487.18,257366205.72,11.0,4.0,0.0,True,0.08333333333333333,16.0,EXACT
LPT-10989,10.0,4.0,1.0,7.0,5.0,260657337.22,235218002.64000002,6.0,1.0,0.0,False,0.4,11.0,PROBABLE
lpt-12428,1.0,0.0,0.0,1.0,1.0,20970166.0,20037863.0,1.0,0.0,0.0,False,0.0,1.0,PROBABLE
WS-12125.corp.local,1.0,0.0,0.0,1.0,1.0,24819643.22,24005674.0,1.0,0.0,0.0,False,0.0,1.0,PROBABLE
WS-12987,3.0,1.0,0.0,0.0,1.0,72109952.44,93651053.64,1.0,2.0,0.0,True,0.3333333333333333,5.0,EXACT
VDR-11772,7.0,3.0,0.0,3.0,5.0,198214024.94,143758417.0,4.0,2.0,2.0,True,0.42857142857142855,9.0,EXACT
LPT-12943,6.0,0.0,0.0,3.0,6.0,146175941.22,114695240.03999999,5.0,1.0,0.0,True,0.0,7.0,EXACT
VDR-12705,7.0,3.0,0.0,2.0,5.0,181526182.44,160599105.56,6.0,0.0,0.0,True,0.42857142857142855,7.0,EXACT
WS-12204.corp.local,1.0,0.0,1.0,0.0,1.0,17746601.0,24526192.64,1.0,0.0,0.0,False,0.0,1.0,PROBABLE
LPT-11373,3.0,1.0,1.0,2.0,3.0,100365292.22,99961694.75999999,3.0,2.0,0.0,True,0.3333333333333333,5.0,EXACT
VDR-11490,8.0,1.0,1.0,4.0,3.0,160683221.2,171018069.88,7.0,2.0,0.0,True,0.125,10.0,EXACT
LPT-12351.corp.local,3.0,1.0,0.0,0.0,1.0,96144607.22,80498335.64,3.0,0.0,0.0,False,0.3333333333333333,3.0,PROBABLE
vdr-10234,1.0,1.0,0.0,1.0,0.0,34209212.0,24526192.64,1.0,0.0,0.0,False,1.0,1.0,PROBABLE
VDR-11500,8.0,1.0,1.0,6.0,4.0,198339050.22,243261918.0,6.0,1.0,0.0,True,0.125,9.0,EXACT
VDR-10388.corp.local,1.0,0.0,0.0,0.0,1.0,5622920.0,32632791.0,1.0,0.0,0.0,False,0.0,1.0,PROBABLE
vdr-12052,3.0,1.0,0.0,0.0,1.0,105481358.0,102536556.64,2.0,0.0,0.0,False,0.3333333333333333,3.0,PROBABLE
LPT-12425.corp.local,2.0,0.0,0.0,1.0,2.0,47373826.0,55723805.0,1.0,0.0,0.0,False,0.0,2.0,PROBABLE
LPT-12006,7.0,2.0,0.0,4.0,5.0,159767697.32,155212973.8,6.0,1.0,0.0,True,0.2857142857142857,8.0,EXACT
WS-11287.corp.local,1.0,0.0,0.0,1.0,0.0,32465509.0,2950413.0,1.0,0.0,0.0,False,0.0,1.0,PROBABLE
VDR-10482,10.0,1.0,1.0,3.0,6.0,232240430.1,252895772.84,9.0,4.0,0.0,True,0.1,14.0,EXACT
LPT-12767,6.0,2.0,0.0,2.0,3.0,132622244.06,88495605.92,6.0,1.0,0.0,True,0.3333333333333333,7.0,EXACT
ws-11006,1.0,0.0,0.0,0.0,1.0,24819643.22,24526192.64,1.0,0.0,0.0,False,0.0,1.0,PROBABLE
LPT-11453.corp.local,2.0,1.0,0.0,0.0,0.0,76552669.0,30552396.12,2.0,0.0,0.0,False,0.5,2.0,PROBABLE
ws-11354,3.0,1.0,0.0,1.0,1.0,37023531.86,53644380.519999996,3.0,0.0,0.0,False,0.3333333333333333,3.0,PROBABLE
VDR-11576.corp.local,2.0,1.0,0.0,1.0,0.0,25657013.22,46356620.16,2.0,0.0,0.0,False,0.5,2.0,PROBABLE
WS-12845.,0.0,0.0,0.0,0.0,0.0,0.0,0.0,0.0,0.0,0.0,True,0.0,0.0,EXACT
WS_11059,1.0,0.0,0.0,0.0,1.0,25491040.0,42855301.12,1.0,0.0,0.0,False,0.0,1.0,PROBABLE
VDR-11082,7.0,2.0,0.0,2.0,5.0,211432115.14,150298204.56,6.0,3.0,0.0,True,0.2857142857142857,10.0,EXACT
WS_11461,1.0,0.0,0.0,0.0,1.0,24819643.22,17121629.0,0.0,0.0,0.0,False,0.0,1.0,PROBABLE
WS-11308,4.0,2.0,1.0,1.0,1.0,133417943.46,108635573.28,2.0,1.0,0.0,True,0.5,5.0,EXACT
lpt-11990,2.0,1.0,0.0,2.0,2.0,66229100.22,49052385.28,2.0,0.0,0.0,False,0.5,2.0,PROBABLE
VDR_11439,1.0,1.0,0.0,1.0,0.0,24819643.22,40011757.0,1.0,0.0,0.0,False,1.0,1.0,PROBABLE
WS-11972,4.0,1.0,0.0,3.0,2.0,163832285.24,133424200.64,4.0,6.0,0.0,True,0.25,10.0,EXACT
WS-10615,4.0,1.0,0.0,3.0,3.0,123710695.08,53351478.68,3.0,3.0,0.0,True,0.25,7.0,EXACT
LPT-12205.corp.local,2.0,0.0,0.0,1.0,1.0,59050949.46,26588377.64,1.0,0.0,0.0,False,0.0,2.0,PROBABLE
VDR_12948,1.0,0.0,0.0,1.0,0.0,42397821.0,1763291.0,0.0,0.0,0.0,False,0.0,1.0,PROBABLE
WS-10979,8.0,2.0,1.0,2.0,3.0,162229342.6,226452365.84,7.0,1.0,0.0,True,0.25,9.0,EXACT
LPT_12223,1.0,1.0,0.0,0.0,0.0,33739681.0,4611859.0,1.0,0.0,0.0,False,1.0,1.0,PROBABLE
VDR-10118,3.0,0.0,0.0,2.0,2.0,58399692.8,72546255.0,3.0,5.0,0.0,True,0.0,8.0,EXACT
VDR-11586,9.0,1.0,0.0,5.0,6.0,238555970.0,245245777.72,8.0,4.0,0.0,True,0.1111111111111111,13.0,EXACT
WS-10319,6.0,2.0,1.0,3.0,3.0,152063748.66,175774441.92000002,6.0,1.0,0.0,True,0.3333333333333333,7.0,EXACT
WS-11458,10.0,2.0,0.0,6.0,7.0,216847644.88,245625075.44,7.0,2.0,0.0,True,0.2,12.0,EXACT
WS-10419.corp.local,3.0,2.0,0.0,2.0,2.0,123402700.0,50239780.64,2.0,0.0,0.0,False,0.6666666666666666,3.0,PROBABLE
WS-12031,10.0,1.0,3.0,6.0,5.0,233249346.44,307966433.48,9.0,2.0,0.0,True,0.1,12.0,EXACT
lpt-10853,4.0,0.0,1.0,2.0,3.0,119023409.66,99388458.03999999,4.0,0.0,0.0,False,0.0,4.0,PROBABLE
VDR-10627,11.0,4.0,2.0,4.0,8.0,317234722.46,276434920.08,9.0,3.0,1.0,False,0.36363636363636365,14.0,PROBABLE
LPT_11489,1.0,0.0,0.0,1.0,1.0,24819643.22,30442782.72,1.0,0.0,0.0,False,0.0,1.0,PROBABLE
LPT-10469,11.0,2.0,1.0,4.0,4.0,232505471.5,310007250.56,11.0,4.0,0.0,False,0.18181818181818182,15.0,PROBABLE
WS-10729,9.0,4.0,0.0,5.0,3.0,238733339.44,262244805.56,8.0,3.0,0.0,False,0.4444444444444444,12.0,PROBABLE
LPT-11649.,0.0,0.0,0.0,0.0,0.0,0.0,0.0,0.0,0.0,0.0,True,0.0,0.0,EXACT
WS-10470,8.0,1.0,0.0,3.0,5.0,158741120.94,158408144.24,6.0,3.0,0.0,True,0.125,11.0,EXACT
lpt-12315,2.0,0.0,0.0,0.0,0.0,57613444.72,52504494.64,2.0,0.0,0.0,False,0.0,2.0,PROBABLE
LPT-10257,6.0,0.0,0.0,3.0,4.0,155723290.1,200211604.36,6.0,1.0,0.0,True,0.0,7.0,EXACT
WS-10722,10.0,0.0,2.0,4.0,6.0,250261770.34,278498700.24,10.0,3.0,0.0,True,0.0,13.0,EXACT
VDR-12095,5.0,1.0,1.0,3.0,5.0,98731089.22,102150555.08,3.0,7.0,1.0,True,0.2,12.0,EXACT
VDR-12568.corp.local,1.0,1.0,0.0,1.0,1.0,27997671.0,3631204.0,1.0,0.0,0.0,False,1.0,1.0,PROBABLE
ws-10707,2.0,0.0,0.0,0.0,0.0,61425431.379999995,55246785.64,1.0,0.0,0.0,False,0.0,2.0,PROBABLE
lpt-10855,1.0,0.0,0.0,0.0,1.0,21791373.0,15711723.52,1.0,0.0,0.0,False,0.0,1.0,PROBABLE
VDR-12480,10.0,2.0,2.0,1.0,6.0,263547892.92,242272115.24,10.0,2.0,0.0,False,0.2,12.0,PROBABLE
VDR-11629.corp.local,3.0,2.0,0.0,1.0,1.0,80341610.72,39984522.96,3.0,0.0,0.0,False,0.6666666666666666,3.0,PROBABLE
LPT-10390,8.0,1.0,0.0,4.0,2.0,211948921.1,203198098.68,6.0,1.0,0.0,True,0.125,9.0,EXACT
WS_11424,2.0,1.0,0.0,2.0,1.0,82548815.08,49052385.28,2.0,0.0,0.0,False,0.5,2.0,PROBABLE
ws-10023,1.0,0.0,0.0,1.0,1.0,45619500.0,24526192.64,1.0,0.0,0.0,False,0.0,1.0,PROBABLE
vdr-10056,1.0,1.0,0.0,1.0,1.0,36695019.52,7687293.0,0.0,0.0,0.0,False,1.0,1.0,PROBABLE
VDR_11413,1.0,1.0,0.0,0.0,1.0,40618757.0,18729287.0,1.0,0.0,0.0,False,1.0,1.0,PROBABLE
WS-10649.corp.local,2.0,0.0,0.0,0.0,2.0,35264178.56,72578094.0,1.0,0.0,0.0,False,0.0,2.0,PROBABLE
LPT-12899.corp.local,3.0,0.0,0.0,2.0,1.0,113332634.66,88891090.64,2.0,0.0,0.0,False,0.0,3.0,PROBABLE
WS_10419,1.0,0.0,0.0,0.0,1.0,24819643.22,24526192.64,0.0,0.0,0.0,False,0.0,1.0,PROBABLE
VDR-10404,8.0,2.0,1.0,0.0,4.0,249061328.34,173758272.72,6.0,2.0,0.0,True,0.25,10.0,EXACT
LPT-10302,3.0,0.0,0.0,0.0,1.0,46888894.22,76611812.64,3.0,4.0,1.0,True,0.0,7.0,EXACT
VDR_10499,3.0,0.0,0.0,2.0,1.0,42804879.0,55393637.56,3.0,0.0,0.0,False,0.0,3.0,PROBABLE
VDR-11350,5.0,1.0,1.0,2.0,1.0,156008106.68,151542742.24,5.0,1.0,0.0,True,0.2,6.0,EXACT
VDR_12237,1.0,0.0,1.0,0.0,1.0,22782882.0,24526192.64,0.0,0.0,0.0,False,0.0,1.0,PROBABLE
lpt-12735,2.0,0.0,0.0,1.0,1.0,52649760.0,57429391.0,2.0,0.0,0.0,False,0.0,2.0,PROBABLE
vdr-11256,2.0,0.0,0.0,2.0,1.0,53633742.0,48797863.64,1.0,0.0,0.0,False,0.0,2.0,PROBABLE
WS-12793,6.0,1.0,0.0,6.0,5.0,133862735.66,196918399.51999998,6.0,2.0,0.0,True,0.16666666666666666,8.0,EXACT
VDR-12784.corp.local,3.0,2.0,0.0,2.0,3.0,98732481.22,68571676.64,3.0,0.0,0.0,False,0.6666666666666666,3.0,PROBABLE
WS-12686.corp.local,2.0,1.0,0.0,1.0,1.0,36211527.68,71284585.0,1.0,0.0,0.0,False,0.5,2.0,PROBABLE
WS-10014,7.0,0.0,0.0,2.0,2.0,121989726.66,224808234.6,7.0,4.0,0.0,True,0.0,11.0,EXACT
LPT-10860,4.0,1.0,1.0,2.0,3.0,101577106.78,95004241.28,4.0,1.0,0.0,True,0.25,5.0,EXACT
WS-12812,6.0,2.0,1.0,2.0,5.0,154392250.1,145282073.64,4.0,2.0,0.0,True,0.3333333333333333,8.0,EXACT
WS-10211,5.0,0.0,0.0,3.0,4.0,164001301.26,134617522.07999998,4.0,2.0,0.0,True,0.0,7.0,EXACT
VDR-11622.corp.local,1.0,1.0,0.0,1.0,0.0,1897922.56,27259847.0,1.0,0.0,0.0,False,1.0,1.0,PROBABLE
WS-10500,6.0,2.0,0.0,4.0,3.0,150928840.94,149319458.08,5.0,4.0,2.0,True,0.3333333333333333,10.0,EXACT
VDR-10238.corp.local,1.0,0.0,0.0,0.0,1.0,43736117.0,17343965.0,1.0,0.0,0.0,False,0.0,1.0,PROBABLE
vdr-11931,2.0,0.0,0.0,0.0,1.0,71084554.22,46530314.239999995,2.0,0.0,0.0,False,0.0,2.0,PROBABLE
LPT_12103,3.0,0.0,0.0,0.0,2.0,94885491.53999999,72554599.44,3.0,0.0,0.0,False,0.0,3.0,PROBABLE
WS-12511,4.0,1.0,0.0,1.0,3.0,104663670.66,58941567.8,4.0,1.0,0.0,True,0.25,5.0,EXACT
LPT-12766,7.0,3.0,0.0,3.0,4.0,125924999.08,145118607.2,5.0,3.0,0.0,True,0.42857142857142855,10.0,EXACT
VDR-12013,5.0,1.0,0.0,2.0,2.0,139199006.44,90060640.4,4.0,3.0,0.0,True,0.2,8.0,EXACT
VDR_11702,1.0,0.0,1.0,0.0,0.0,40772450.0,3039784.96,1.0,0.0,0.0,False,0.0,1.0,PROBABLE
WS-10219.corp.local,1.0,0.0,0.0,1.0,0.0,24819643.22,33019658.24,1.0,0.0,0.0,False,0.0,1.0,PROBABLE
LPT-11990.corp.local,1.0,0.0,0.0,0.0,1.0,43924848.64,17242423.0,1.0,0.0,0.0,False,0.0,1.0,PROBABLE
VDR-10977.corp.local,2.0,0.0,0.0,1.0,2.0,68289135.22,39433169.0,2.0,0.0,0.0,False,0.0,2.0,PROBABLE
vdr-12893,3.0,1.0,1.0,3.0,1.0,95616671.44,74241941.64,3.0,0.0,0.0,False,0.3333333333333333,3.0,PROBABLE
LPT-12520,10.0,1.0,0.0,3.0,7.0,191039657.42,231857013.84,9.0,2.0,1.0,True,0.1,12.0,EXACT
LPT_10612,1.0,1.0,0.0,0.0,1.0,25849289.0,32157579.0,1.0,0.0,0.0,False,1.0,1.0,PROBABLE
WS_11513,1.0,1.0,0.0,1.0,1.0,47352948.0,1171899.0,1.0,0.0,0.0,False,1.0,1.0,PROBABLE
LPT-12538,8.0,2.0,1.0,3.0,5.0,228967929.42,205394750.16,8.0,2.0,1.0,True,0.25,10.0,EXACT
lpt-12299,1.0,0.0,0.0,0.0,0.0,24819643.22,25050480.64,1.0,0.0,0.0,False,0.0,1.0,PROBABLE
WS-10876,5.0,0.0,1.0,3.0,4.0,97805122.66,96348279.04,4.0,5.0,0.0,True,0.0,10.0,EXACT
ws-10149,1.0,0.0,1.0,1.0,0.0,27946242.0,3531384.0,0.0,0.0,0.0,False,0.0,1.0,PROBABLE
WS-10739,4.0,1.0,0.0,2.0,3.0,110179982.0,136694753.12,4.0,3.0,0.0,True,0.25,7.0,EXACT
LPT-10345.corp.local,1.0,0.0,0.0,1.0,1.0,26218049.0,1364387.0,0.0,0.0,0.0,False,0.0,1.0,PROBABLE
VDR-11578.corp.local,2.0,0.0,0.0,1.0,1.0,44739261.56,40714956.0,2.0,0.0,0.0,False,0.0,2.0,PROBABLE
ws-11230,1.0,0.0,0.0,0.0,0.0,13045656.0,24526192.64,1.0,0.0,0.0,False,0.0,1.0,PROBABLE
VDR-12483,3.0,0.0,0.0,1.0,2.0,85921526.44,41553170.72,3.0,4.0,1.0,True,0.0,7.0,EXACT
LPT_12301,1.0,0.0,0.0,0.0,1.0,34971243.0,21705154.56,1.0,0.0,0.0,False,0.0,1.0,PROBABLE
LPT-11870.,0.0,0.0,0.0,0.0,0.0,0.0,0.0,0.0,0.0,0.0,True,0.0,0.0,EXACT
VDR-11272,6.0,1.0,0.0,2.0,4.0,151910910.66,57178052.84,6.0,4.0,1.0,True,0.16666666666666666,10.0,EXACT
LPT_10100,1.0,0.0,0.0,0.0,0.0,10436155.0,28105601.0,1.0,0.0,0.0,False,0.0,1.0,PROBABLE
VDR_11136,1.0,0.0,0.0,1.0,1.0,24819643.22,33673444.0,1.0,0.0,0.0,False,0.0,1.0,PROBABLE
LPT-11254.corp.local,1.0,0.0,0.0,1.0,0.0,20623011.0,24526192.64,1.0,0.0,0.0,False,0.0,1.0,PROBABLE
VDR-11602,9.0,3.0,0.0,5.0,7.0,180821607.44,227588450.92000002,7.0,3.0,0.0,True,0.3333333333333333,12.0,EXACT
lpt-11452,2.0,0.0,0.0,0.0,1.0,58173380.22,92995589.0,2.0,0.0,0.0,False,0.0,2.0,PROBABLE
LPT_11830,1.0,0.0,0.0,0.0,1.0,5427063.0,42701394.0,1.0,0.0,0.0,False,0.0,1.0,PROBABLE
ws-12756,1.0,0.0,0.0,1.0,1.0,14289743.0,11950559.0,1.0,0.0,0.0,False,0.0,1.0,PROBABLE
WS-11543,8.0,2.0,1.0,6.0,1.0,240008512.1,199768902.72,8.0,2.0,0.0,True,0.25,10.0,EXACT
LPT-11732.corp.local,2.0,2.0,0.0,2.0,1.0,74176535.22,25734432.64,2.0,0.0,0.0,False,1.0,2.0,PROBABLE
WS-11530.corp.local,1.0,0.0,0.0,0.0,1.0,11462724.0,10372327.0,1.0,0.0,0.0,False,0.0,1.0,PROBABLE
WS-10645,3.0,0.0,0.0,2.0,2.0,104785306.6,80521876.64,2.0,3.0,2.0,True,0.0,6.0,EXACT
WS-11536,9.0,3.0,0.0,6.0,5.0,160880049.36,188176087.32,7.0,4.0,0.0,True,0.3333333333333333,13.0,EXACT
VDR-10528.,0.0,0.0,0.0,0.0,0.0,0.0,0.0,0.0,0.0,0.0,True,0.0,0.0,EXACT
lpt-11346,1.0,0.0,0.0,1.0,1.0,35464038.4,13388055.0,1.0,0.0,0.0,False,0.0,1.0,PROBABLE
VDR_10260,2.0,1.0,0.0,0.0,2.0,36484941.0,93139302.0,2.0,0.0,0.0,False,0.5,2.0,PROBABLE
WS-11899.,0.0,0.0,0.0,0.0,0.0,0.0,0.0,0.0,0.0,0.0,True,0.0,0.0,EXACT
WS-12711,7.0,2.0,0.0,5.0,5.0,160084338.56,203963607.56,7.0,3.0,0.0,True,0.2857142857142857,10.0,EXACT
vdr-10170,2.0,0.0,0.0,1.0,2.0,34160293.6,50135018.64,2.0,0.0,0.0,False,0.0,2.0,PROBABLE
VDR-12423.corp.local,2.0,1.0,0.0,1.0,1.0,22731410.0,53149207.0,2.0,0.0,0.0,False,0.5,2.0,PROBABLE
VDR-11643,4.0,1.0,0.0,1.0,4.0,147553714.44,111040507.28,4.0,4.0,2.0,True,0.25,8.0,EXACT
VDR_11946,1.0,1.0,0.0,1.0,1.0,8160070.0,19081658.0,1.0,0.0,0.0,False,1.0,1.0,PROBABLE
lpt-10131,2.0,0.0,0.0,1.0,2.0,54079206.0,11263901.08,2.0,0.0,0.0,False,0.0,2.0,PROBABLE
vdr-11487,1.0,0.0,0.0,1.0,0.0,38380707.84,13224116.0,1.0,0.0,0.0,False,0.0,1.0,PROBABLE
lpt-10753,4.0,1.0,0.0,2.0,4.0,102957440.44,120392560.92,4.0,0.0,0.0,False,0.25,4.0,PROBABLE
lpt-10742,1.0,0.0,0.0,1.0,0.0,13229445.12,15948840.96,1.0,0.0,0.0,False,0.0,1.0,PROBABLE
LPT-10028,6.0,2.0,0.0,2.0,2.0,152009792.88,107585906.56,4.0,4.0,3.0,True,0.3333333333333333,10.0,EXACT
VDR-11150,8.0,4.0,0.0,4.0,2.0,135250475.24,237484960.8,8.0,3.0,1.0,True,0.5,11.0,EXACT
LPT_11770,1.0,0.0,0.0,0.0,0.0,24819643.22,650117.12,1.0,0.0,0.0,False,0.0,1.0,PROBABLE
LPT-10545,8.0,3.0,0.0,4.0,3.0,211587147.44,199991042.56,7.0,5.0,0.0,True,0.375,13.0,EXACT
VDR_10598,1.0,0.0,0.0,0.0,1.0,44065432.0,12727126.0,1.0,0.0,0.0,False,0.0,1.0,PROBABLE
lpt-11668,3.0,0.0,0.0,3.0,1.0,93078804.5,89273208.64,2.0,0.0,0.0,False,0.0,3.0,PROBABLE
lpt-12476,1.0,0.0,0.0,0.0,1.0,5191054.0,44357845.0,1.0,0.0,0.0,False,0.0,1.0,PROBABLE
LPT-12088,4.0,2.0,1.0,0.0,1.0,127992214.1,72746222.88,3.0,3.0,0.0,True,0.5,7.0,EXACT
LPT-10066,4.0,3.0,0.0,3.0,3.0,125076454.86,74911937.52000001,4.0,2.0,0.0,True,0.75,6.0,EXACT
WS-10088,9.0,3.0,2.0,8.0,4.0,243743416.88,257901364.2,8.0,2.0,0.0,True,0.3333333333333333,11.0,EXACT
lpt-10782,3.0,0.0,0.0,1.0,2.0,89186510.22,55773072.64,3.0,0.0,0.0,False,0.0,3.0,PROBABLE
WS-12176,5.0,0.0,0.0,0.0,2.0,178413856.22,98294995.16,5.0,2.0,1.0,False,0.0,7.0,PROBABLE
lpt-12609,2.0,0.0,0.0,0.0,1.0,51613156.18,44423792.64,2.0,0.0,0.0,False,0.0,2.0,PROBABLE
LPT_12016,2.0,2.0,1.0,0.0,1.0,50999022.120000005,60012960.0,2.0,0.0,0.0,False,1.0,2.0,PROBABLE
VDR-10478,9.0,2.0,1.0,3.0,6.0,203024017.29999998,287048897.8,7.0,4.0,0.0,True,0.2222222222222222,13.0,EXACT
LPT-12795,4.0,1.0,0.0,3.0,1.0,91988333.0,135400553.28,4.0,3.0,2.0,True,0.25,7.0,EXACT
vdr-12847,1.0,0.0,0.0,1.0,0.0,14548142.08,27430748.16,1.0,0.0,0.0,False,0.0,1.0,PROBABLE
vdr-12328,1.0,1.0,0.0,1.0,0.0,21369251.0,9929797.0,1.0,0.0,0.0,False,1.0,1.0,PROBABLE
ws-11760,1.0,0.0,0.0,0.0,0.0,24819643.22,48937041.92,1.0,0.0,0.0,False,0.0,1.0,PROBABLE
LPT-11035.corp.local,1.0,0.0,0.0,0.0,1.0,10690829.0,47110502.4,1.0,0.0,0.0,False,0.0,1.0,PROBABLE
vdr-11951,3.0,1.0,0.0,3.0,3.0,59704940.22,101070335.48,3.0,0.0,0.0,False,0.3333333333333333,3.0,PROBABLE
vdr-12896,2.0,0.0,0.0,2.0,2.0,46487415.519999996,37670390.0,1.0,0.0,0.0,False,0.0,2.0,PROBABLE
VDR_12684,1.0,0.0,0.0,0.0,0.0,24819643.22,5261391.0,0.0,0.0,0.0,False,0.0,1.0,PROBABLE
WS-11059,8.0,1.0,0.0,4.0,5.0,176464639.44,192993187.36,4.0,2.0,0.0,True,0.125,10.0,EXACT
WS_11067,2.0,0.0,0.0,1.0,0.0,64455816.019999996,49052385.28,1.0,0.0,0.0,False,0.0,2.0,PROBABLE
VDR-10514,7.0,0.0,0.0,6.0,4.0,174761122.96,181386025.92000002,6.0,2.0,0.0,True,0.0,9.0,EXACT
VDR-12564,11.0,3.0,3.0,7.0,4.0,257286414.06,270525719.04,11.0,3.0,0.0,True,0.2727272727272727,14.0,EXACT
WS-12485,7.0,1.0,0.0,5.0,6.0,182592131.57999998,136609443.0,6.0,5.0,0.0,False,0.14285714285714285,12.0,PROBABLE
LPT-11086,15.0,5.0,0.0,6.0,10.0,346292132.0,331911947.68,14.0,4.0,0.0,True,0.3333333333333333,19.0,EXACT
VDR-11071,8.0,1.0,0.0,5.0,3.0,202728895.38,202009179.64,4.0,1.0,0.0,True,0.125,9.0,EXACT
LPT-12722.corp.local,1.0,0.0,0.0,0.0,1.0,24819643.22,24526192.64,1.0,0.0,0.0,False,0.0,1.0,PROBABLE
lpt-10425,1.0,0.0,0.0,0.0,1.0,24704579.0,28203009.0,0.0,0.0,0.0,False,0.0,1.0,PROBABLE
VDR_11118,1.0,0.0,0.0,1.0,1.0,24819643.22,24526192.64,1.0,0.0,0.0,False,0.0,1.0,PROBABLE
ws-12887,2.0,1.0,1.0,2.0,1.0,65603322.22,50637672.64,2.0,0.0,0.0,False,0.5,2.0,PROBABLE
LPT-11103,7.0,2.0,0.0,4.0,6.0,170422003.8,141584016.0,7.0,3.0,1.0,False,0.2857142857142857,10.0,PROBABLE
WS-10722.corp.local,1.0,1.0,0.0,0.0,1.0,1584599.04,32045218.0,0.0,0.0,0.0,False,1.0,1.0,PROBABLE
WS-11049.corp.local,1.0,0.0,1.0,1.0,0.0,4498862.0,24526192.64,1.0,0.0,0.0,False,0.0,1.0,PROBABLE
WS-11957,5.0,1.0,0.0,4.0,4.0,134364837.22,82028127.75999999,5.0,2.0,0.0,False,0.2,7.0,PROBABLE
VDR-10947.corp.local,2.0,0.0,0.0,1.0,1.0,29195900.22,56608895.0,2.0,0.0,0.0,False,0.0,2.0,PROBABLE
WS-10978,4.0,2.0,0.0,0.0,3.0,52911432.22,99284694.0,3.0,1.0,0.0,True,0.5,5.0,EXACT
WS-11750,2.0,0.0,0.0,2.0,0.0,64743341.22,63599795.0,2.0,0.0,0.0,True,0.0,2.0,EXACT
LPT-12541,6.0,1.0,0.0,5.0,5.0,128688816.72,147498351.44,6.0,1.0,0.0,True,0.16666666666666666,7.0,EXACT
WS-10472.corp.local,1.0,0.0,0.0,0.0,1.0,28635903.0,39791783.0,1.0,0.0,0.0,False,0.0,1.0,PROBABLE
LPT-11161.corp.local,1.0,0.0,0.0,1.0,1.0,24819643.22,24086959.0,1.0,0.0,0.0,False,0.0,1.0,PROBABLE
WS_11309,1.0,0.0,0.0,1.0,1.0,24819643.22,45994319.0,1.0,0.0,0.0,False,0.0,1.0,PROBABLE
VDR_11400,3.0,0.0,0.0,2.0,1.0,66812977.0,73578577.92,3.0,0.0,0.0,False,0.0,3.0,PROBABLE
WS-12124,7.0,3.0,0.0,2.0,4.0,132021257.66,152986344.60000002,6.0,0.0,0.0,True,0.42857142857142855,7.0,EXACT
VDR-12075.corp.local,1.0,1.0,0.0,0.0,0.0,49629560.0,12530432.0,1.0,0.0,0.0,False,1.0,1.0,PROBABLE
vdr-12647,1.0,0.0,0.0,1.0,0.0,2490543.0,24526192.64,1.0,0.0,0.0,False,0.0,1.0,PROBABLE
WS-12050,6.0,1.0,0.0,3.0,3.0,140905468.42,109456139.28,6.0,3.0,0.0,False,0.16666666666666666,9.0,PROBABLE
WS-10506.corp.local,1.0,0.0,0.0,0.0,0.0,43656514.0,29472765.0,1.0,0.0,0.0,False,0.0,1.0,PROBABLE
WS_11671,1.0,1.0,0.0,0.0,0.0,4136100.0,33349129.0,1.0,0.0,0.0,False,1.0,1.0,PROBABLE
vdr-12019,2.0,1.0,0.0,2.0,2.0,23908632.0,88102366.0,1.0,0.0,0.0,False,0.5,2.0,PROBABLE
WS_11620,1.0,0.0,0.0,0.0,0.0,12750684.16,24526192.64,1.0,0.0,0.0,False,0.0,1.0,PROBABLE
WS-11329,4.0,0.0,0.0,2.0,3.0,80027145.22,114864430.16,3.0,2.0,0.0,True,0.0,6.0,EXACT
WS_11723,2.0,0.0,0.0,0.0,2.0,50284067.0,67278538.0,2.0,0.0,0.0,False,0.0,2.0,PROBABLE
WS-11126.corp.local,1.0,0.0,0.0,0.0,1.0,48531059.0,23312232.0,1.0,0.0,0.0,False,0.0,1.0,PROBABLE
VDR-11449,7.0,2.0,1.0,4.0,2.0,194010994.84,127575019.2,6.0,2.0,0.0,False,0.2857142857142857,9.0,PROBABLE
lpt-12280,2.0,0.0,0.0,1.0,1.0,39153313.0,57907140.64,2.0,0.0,0.0,False,0.0,2.0,PROBABLE
ws-10572,1.0,0.0,0.0,0.0,1.0,28043395.0,20434948.0,1.0,0.0,0.0,False,0.0,1.0,PROBABLE
WS-11098.,0.0,0.0,0.0,0.0,0.0,0.0,0.0,0.0,0.0,0.0,True,0.0,0.0,EXACT
WS-12035,8.0,4.0,0.0,4.0,4.0,190906511.68,183403894.72,7.0,1.0,0.0,False,0.5,9.0,PROBABLE
lpt-12016,1.0,1.0,0.0,1.0,0.0,13389071.0,14383050.0,1.0,0.0,0.0,False,1.0,1.0,PROBABLE
WS-11948,6.0,0.0,0.0,4.0,5.0,122293628.88,173618807.32,6.0,2.0,0.0,False,0.0,8.0,PROBABLE
LPT-11661.corp.local,1.0,0.0,0.0,0.0,0.0,3222964.0,24526192.64,1.0,0.0,0.0,False,0.0,1.0,PROBABLE
ws-11366,3.0,0.0,0.0,3.0,3.0,85766311.22,64570224.0,3.0,0.0,0.0,False,0.0,3.0,PROBABLE
ws-11715,3.0,1.0,0.0,1.0,1.0,76323908.4,117985253.0,3.0,0.0,0.0,False,0.3333333333333333,3.0,PROBABLE
VDR_11338,1.0,0.0,0.0,0.0,0.0,36614006.0,24526192.64,1.0,0.0,0.0,False,0.0,1.0,PROBABLE
vdr-12241,3.0,0.0,1.0,2.0,2.0,70391298.22,42680478.64,3.0,0.0,0.0,False,0.0,3.0,PROBABLE
LPT_10593,1.0,0.0,1.0,1.0,0.0,24819643.22,24526192.64,1.0,0.0,0.0,False,0.0,1.0,PROBABLE
LPT-12974,9.0,4.0,0.0,4.0,3.0,221666372.18,169620600.76,8.0,0.0,0.0,True,0.4444444444444444,9.0,EXACT
VDR_11056,2.0,0.0,0.0,1.0,2.0,34876179.0,72639817.64,2.0,0.0,0.0,False,0.0,2.0,PROBABLE
VDR_10713,1.0,0.0,0.0,1.0,1.0,24819643.22,4801187.84,1.0,0.0,0.0,False,0.0,1.0,PROBABLE
VDR-11718,8.0,1.0,0.0,3.0,3.0,180712343.18,203324911.92000002,6.0,2.0,0.0,True,0.125,10.0,EXACT
WS-11469,6.0,1.0,0.0,3.0,5.0,127779500.1,110744533.88,6.0,3.0,1.0,True,0.16666666666666666,9.0,EXACT
WS-10572,5.0,2.0,0.0,3.0,1.0,125456591.88,93009852.92,4.0,2.0,0.0,True,0.4,7.0,EXACT
LPT_12263,1.0,0.0,0.0,1.0,0.0,24819643.22,24526192.64,1.0,0.0,0.0,False,0.0,1.0,PROBABLE
WS-12311,10.0,2.0,1.0,5.0,4.0,258749159.26,250256775.12,8.0,4.0,1.0,True,0.2,14.0,EXACT
vdr-10007,3.0,1.0,0.0,2.0,3.0,87615201.22,55486445.8,3.0,0.0,0.0,False,0.3333333333333333,3.0,PROBABLE
ws-11456,1.0,1.0,0.0,1.0,1.0,1449697.28,29693915.0,1.0,0.0,0.0,False,1.0,1.0,PROBABLE
LPT-12762.corp.local,1.0,1.0,0.0,0.0,1.0,41710168.0,30325771.0,1.0,0.0,0.0,False,1.0,1.0,PROBABLE
VDR-12272,4.0,1.0,0.0,3.0,1.0,113284555.0,41533200.0,4.0,3.0,0.0,True,0.25,7.0,EXACT
VDR-12591.corp.local,2.0,1.0,0.0,1.0,1.0,75520829.16,34692935.68,1.0,0.0,0.0,False,0.5,2.0,PROBABLE
WS-10379.corp.local,1.0,0.0,0.0,1.0,1.0,32481376.0,1013055.0,1.0,0.0,0.0,False,0.0,1.0,PROBABLE
LPT_10381,2.0,1.0,0.0,0.0,0.0,58529955.72,55549600.64,2.0,0.0,0.0,False,0.5,2.0,PROBABLE
LPT-12305.corp.local,1.0,0.0,0.0,1.0,0.0,38104155.0,11400718.0,1.0,0.0,0.0,False,0.0,1.0,PROBABLE
WS_12822,1.0,1.0,0.0,0.0,0.0,24819643.22,4959362.0,1.0,0.0,0.0,False,1.0,1.0,PROBABLE
ws-11612,1.0,0.0,0.0,1.0,0.0,24819643.22,24526192.64,1.0,0.0,0.0,False,0.0,1.0,PROBABLE
lpt-11574,1.0,0.0,0.0,0.0,1.0,24819643.22,47175159.0,1.0,0.0,0.0,False,0.0,1.0,PROBABLE
LPT-11359,3.0,0.0,0.0,2.0,2.0,82488484.22,79383124.64,3.0,3.0,0.0,True,0.0,6.0,EXACT
VDR_11731,1.0,0.0,1.0,1.0,1.0,2786619.0,43325921.0,1.0,0.0,0.0,False,0.0,1.0,PROBABLE
LPT-10428,4.0,0.0,0.0,2.0,3.0,142678252.22,153955413.6,4.0,1.0,0.0,True,0.0,5.0,EXACT
VDR-12200.corp.local,1.0,0.0,0.0,0.0,1.0,11046062.08,37170715.0,1.0,0.0,0.0,False,0.0,1.0,PROBABLE
vdr-12676,1.0,0.0,0.0,1.0,1.0,464255.0,41595824.0,1.0,0.0,0.0,False,0.0,1.0,PROBABLE
lpt-10112,1.0,0.0,0.0,1.0,0.0,10229802.0,26784356.0,1.0,0.0,0.0,False,0.0,1.0,PROBABLE
WS_10918,1.0,0.0,0.0,0.0,1.0,8186448.0,11344471.0,0.0,0.0,0.0,False,0.0,1.0,PROBABLE
VDR-10793.corp.local,1.0,1.0,0.0,1.0,0.0,39896031.0,24526192.64,1.0,0.0,0.0,False,1.0,1.0,PROBABLE
WS-12242,4.0,1.0,0.0,3.0,3.0,74790665.66,98620740.28,3.0,1.0,0.0,True,0.25,5.0,EXACT
lpt-12171,3.0,1.0,0.0,1.0,2.0,61858832.66,93508812.8,2.0,0.0,0.0,False,0.3333333333333333,3.0,PROBABLE
LPT_10854,2.0,0.0,0.0,2.0,0.0,53515070.22,48791083.56,2.0,0.0,0.0,False,0.0,2.0,PROBABLE
vdr-11021,1.0,0.0,0.0,1.0,1.0,24819643.22,4994023.0,1.0,0.0,0.0,False,0.0,1.0,PROBABLE
VDR-10587,8.0,5.0,1.0,5.0,5.0,229134157.22,193229091.28,7.0,2.0,0.0,True,0.625,10.0,EXACT
WS_12589,1.0,0.0,1.0,0.0,0.0,14319626.24,31530680.32,1.0,0.0,0.0,False,0.0,1.0,PROBABLE
ws-10826,5.0,0.0,0.0,1.0,0.0,138351951.66,84648552.64,4.0,0.0,0.0,False,0.0,5.0,PROBABLE
ws-12898,4.0,0.0,0.0,0.0,2.0,88783990.22,83276734.92,2.0,0.0,0.0,False,0.0,4.0,PROBABLE
vdr-10285,3.0,1.0,0.0,0.0,2.0,105547181.66,57688668.160000004,1.0,0.0,0.0,False,0.3333333333333333,3.0,PROBABLE
vdr-12959,1.0,0.0,0.0,0.0,0.0,1299618.0,11119943.0,1.0,0.0,0.0,False,0.0,1.0,PROBABLE
VDR-11617,6.0,3.0,0.0,3.0,5.0,125755549.6,103686468.84,4.0,5.0,0.0,True,0.5,11.0,EXACT
VDR-10218,6.0,1.0,1.0,3.0,2.0,116853793.66,136704620.28,5.0,1.0,0.0,True,0.16666666666666666,7.0,EXACT
ws-10288,1.0,0.0,0.0,0.0,0.0,10129244.16,24129838.0,1.0,0.0,0.0,False,0.0,1.0,PROBABLE
VDR-10533.corp.local,3.0,1.0,0.0,1.0,2.0,63210959.7,76047872.0,3.0,0.0,0.0,False,0.3333333333333333,3.0,PROBABLE
ws-11106,1.0,0.0,1.0,1.0,1.0,24819643.22,47193641.0,0.0,0.0,0.0,False,0.0,1.0,PROBABLE
LPT-12364,4.0,1.0,1.0,0.0,3.0,102435120.66,101502538.28,3.0,2.0,0.0,True,0.25,6.0,EXACT
LPT_12741,1.0,0.0,0.0,1.0,0.0,24819643.22,24526192.64,0.0,0.0,0.0,False,0.0,1.0,PROBABLE
LPT_10205,1.0,0.0,0.0,1.0,0.0,34675575.0,40117792.0,0.0,0.0,0.0,False,0.0,1.0,PROBABLE
VDR-10595.,0.0,0.0,0.0,0.0,0.0,0.0,0.0,0.0,0.0,0.0,True,0.0,0.0,EXACT
vdr-11575,2.0,1.0,0.0,1.0,1.0,52761977.44,46823209.8,2.0,0.0,0.0,False,0.5,2.0,PROBABLE
VDR-11932.,0.0,0.0,0.0,0.0,0.0,0.0,0.0,0.0,0.0,0.0,True,0.0,0.0,EXACT
VDR-11112,9.0,1.0,1.0,6.0,5.0,192466071.34,213597425.4,8.0,3.0,1.0,True,0.1111111111111111,12.0,EXACT
WS-11106,9.0,2.0,0.0,2.0,5.0,162055682.8,263942652.44,8.0,1.0,1.0,True,0.2222222222222222,10.0,EXACT
vdr-10357,2.0,1.0,1.0,1.0,1.0,54198346.58,60944994.64,1.0,0.0,0.0,False,0.5,2.0,PROBABLE
LPT-11459,5.0,1.0,2.0,2.0,4.0,163928748.82,136126814.92000002,5.0,3.0,0.0,True,0.2,8.0,EXACT
WS-10341.corp.local,1.0,1.0,0.0,0.0,1.0,24819643.22,23278387.2,0.0,0.0,0.0,False,1.0,1.0,PROBABLE
LPT-12877.corp.local,1.0,0.0,0.0,1.0,0.0,24819643.22,24526192.64,0.0,0.0,0.0,False,0.0,1.0,PROBABLE
VDR_11889,1.0,0.0,0.0,1.0,0.0,34961649.0,32744243.0,0.0,0.0,0.0,False,0.0,1.0,PROBABLE
VDR-12764,5.0,0.0,1.0,3.0,2.0,180055093.44,134455208.64,4.0,3.0,0.0,True,0.0,8.0,EXACT
WS-10023,9.0,2.0,0.0,4.0,6.0,216823638.68,221257580.36,5.0,2.0,1.0,True,0.2222222222222222,11.0,EXACT
LPT-12299.corp.local,1.0,1.0,0.0,0.0,0.0,16715202.56,9583984.64,1.0,0.0,0.0,False,1.0,1.0,PROBABLE
LPT-11925,1.0,0.0,0.0,0.0,0.0,36218791.0,2348102.0,1.0,2.0,0.0,True,0.0,3.0,EXACT
VDR-11130,6.0,0.0,0.0,4.0,3.0,149019563.74,130563495.88,5.0,5.0,1.0,True,0.0,11.0,EXACT
lpt-10041,2.0,0.0,0.0,2.0,0.0,72965901.14,34276962.64,2.0,0.0,0.0,False,0.0,2.0,PROBABLE
VDR-12312,4.0,0.0,0.0,3.0,3.0,136521575.22,112377164.64,1.0,1.0,0.0,True,0.0,5.0,EXACT
WS-12631.corp.local,3.0,0.0,0.0,1.0,2.0,58570282.88,62683011.64,3.0,0.0,0.0,False,0.0,3.0,PROBABLE
VDR_11087,1.0,0.0,0.0,0.0,1.0,29357590.0,25312624.64,1.0,0.0,0.0,False,0.0,1.0,PROBABLE
WS-11159,6.0,0.0,0.0,2.0,2.0,139913895.22,173754918.64,5.0,1.0,1.0,True,0.0,7.0,EXACT
LPT_10956,1.0,0.0,0.0,1.0,1.0,27126661.12,45534955.0,1.0,0.0,0.0,False,0.0,1.0,PROBABLE
LPT-11146.corp.local,2.0,1.0,0.0,0.0,1.0,63156539.0,50091779.0,2.0,0.0,0.0,False,0.5,2.0,PROBABLE
VDR-12919.corp.local,1.0,0.0,0.0,0.0,0.0,21123400.0,24526192.64,1.0,0.0,0.0,False,0.0,1.0,PROBABLE
VDR-12152.corp.local,1.0,0.0,0.0,0.0,1.0,11980810.24,32447825.92,1.0,0.0,0.0,False,0.0,1.0,PROBABLE
WS-11044,11.0,2.0,1.0,6.0,9.0,354163701.14,250541344.6,11.0,1.0,0.0,True,0.18181818181818182,12.0,EXACT
vdr-10124,2.0,1.0,0.0,0.0,2.0,86394113.0,51811420.16,2.0,0.0,0.0,False,0.5,2.0,PROBABLE
vdr-12789,1.0,0.0,0.0,0.0,0.0,21602046.0,24526192.64,1.0,0.0,0.0,False,0.0,1.0,PROBABLE
lpt-10410,1.0,1.0,0.0,1.0,0.0,11350524.0,24526192.64,1.0,0.0,0.0,False,1.0,1.0,PROBABLE
lpt-11917,2.0,1.0,0.0,1.0,1.0,59502965.84,67259008.64,2.0,0.0,0.0,False,0.5,2.0,PROBABLE
LPT-11023.corp.local,1.0,0.0,0.0,1.0,1.0,24819643.22,17168814.08,1.0,0.0,0.0,False,0.0,1.0,PROBABLE
VDR-10792.corp.local,1.0,1.0,0.0,0.0,0.0,24819643.22,24526192.64,1.0,0.0,0.0,False,1.0,1.0,PROBABLE
ws-11898,1.0,0.0,0.0,1.0,1.0,20694753.28,28059893.76,1.0,0.0,0.0,False,0.0,1.0,PROBABLE
LPT-12608.corp.local,1.0,0.0,0.0,1.0,0.0,9246578.0,83095.0,0.0,0.0,0.0,False,0.0,1.0,PROBABLE
WS-10938,7.0,3.0,1.0,3.0,6.0,184620623.74,146719995.28,6.0,1.0,0.0,True,0.42857142857142855,8.0,EXACT
WS-12188.corp.local,2.0,0.0,0.0,1.0,2.0,35488489.22,36094323.64,2.0,0.0,0.0,False,0.0,2.0,PROBABLE
LPT-12652,5.0,1.0,0.0,1.0,0.0,155365727.68,124699676.48,5.0,2.0,1.0,True,0.2,7.0,EXACT
vdr-12638,2.0,1.0,0.0,2.0,1.0,35995955.22,49052385.28,2.0,0.0,0.0,False,0.5,2.0,PROBABLE
lpt-10583,4.0,0.0,0.0,3.0,3.0,116025634.53999999,112525329.0,4.0,0.0,0.0,False,0.0,4.0,PROBABLE
ws-12368,1.0,0.0,0.0,1.0,0.0,24819643.22,40475033.6,1.0,0.0,0.0,False,0.0,1.0,PROBABLE
lpt-10302,1.0,0.0,0.0,0.0,1.0,24819643.22,34912360.0,1.0,0.0,0.0,False,0.0,1.0,PROBABLE
LPT-11376,6.0,1.0,0.0,1.0,5.0,92928841.38,140786758.28,5.0,6.0,0.0,False,0.16666666666666666,12.0,PROBABLE
vdr-11508,2.0,0.0,0.0,0.0,2.0,60432232.22,48900270.0,2.0,0.0,0.0,False,0.0,2.0,PROBABLE
VDR-12005,9.0,2.0,1.0,5.0,6.0,231929483.95999998,257710208.76,6.0,4.0,0.0,True,0.2222222222222222,13.0,EXACT
WS-12531,7.0,0.0,0.0,3.0,3.0,153956429.88,109337226.52,6.0,2.0,0.0,True,0.0,9.0,EXACT
lpt-12962,1.0,0.0,0.0,1.0,1.0,24819643.22,10767653.0,1.0,0.0,0.0,False,0.0,1.0,PROBABLE
vdr-11224,2.0,0.0,0.0,1.0,0.0,62970190.0,49052385.28,2.0,0.0,0.0,False,0.0,2.0,PROBABLE
vdr-11754,2.0,1.0,0.0,0.0,0.0,49639286.44,65239326.72,2.0,0.0,0.0,False,0.5,2.0,PROBABLE
lpt-10738,2.0,0.0,0.0,1.0,0.0,39754724.18,16335234.36,2.0,0.0,0.0,False,0.0,2.0,PROBABLE
VDR_12318,2.0,0.0,0.0,1.0,1.0,68307005.22,71232156.0,1.0,0.0,0.0,False,0.0,2.0,PROBABLE
WS-12356.corp.local,1.0,0.0,0.0,1.0,0.0,40726691.84,30725086.0,1.0,0.0,0.0,False,0.0,1.0,PROBABLE
vdr-11768,1.0,1.0,0.0,0.0,1.0,8670441.0,9200476.16,1.0,0.0,0.0,False,1.0,1.0,PROBABLE
WS-12855,3.0,1.0,0.0,2.0,2.0,61270348.0,74708551.92,3.0,3.0,1.0,True,0.3333333333333333,6.0,EXACT
ws-11791,1.0,0.0,0.0,1.0,1.0,33070271.0,15431961.0,1.0,0.0,0.0,False,0.0,1.0,PROBABLE
WS_11987,1.0,0.0,0.0,1.0,0.0,24819643.22,14774435.84,1.0,0.0,0.0,False,0.0,1.0,PROBABLE
ws-11743,1.0,0.0,0.0,1.0,0.0,20086748.0,36805017.6,0.0,0.0,0.0,False,0.0,1.0,PROBABLE
VDR-10767,3.0,0.0,0.0,2.0,1.0,80473881.58,73578577.92,2.0,1.0,0.0,True,0.0,4.0,EXACT
LPT-11519,3.0,0.0,0.0,2.0,1.0,68739817.52,66640298.28,2.0,3.0,0.0,False,0.0,6.0,PROBABLE
VDR-12395.corp.local,1.0,1.0,0.0,1.0,1.0,24819643.22,24526192.64,1.0,0.0,0.0,False,1.0,1.0,PROBABLE
WS-11814.corp.local,2.0,0.0,0.0,1.0,2.0,49016502.22,33407619.64,2.0,0.0,0.0,False,0.0,2.0,PROBABLE
ws-11160,1.0,1.0,0.0,0.0,0.0,24819643.22,24526192.64,1.0,0.0,0.0,False,1.0,1.0,PROBABLE
vdr-10879,2.0,0.0,0.0,1.0,1.0,39369740.22,26558022.64,2.0,0.0,0.0,False,0.0,2.0,PROBABLE
WS-11827.corp.local,1.0,0.0,0.0,1.0,1.0,24819643.22,17452576.0,1.0,0.0,0.0,False,0.0,1.0,PROBABLE
WS-11505,7.0,2.0,0.0,3.0,3.0,154845207.22,186085419.64,6.0,3.0,0.0,True,0.2857142857142857,10.0,EXACT
lpt-11977,2.0,0.0,0.0,2.0,2.0,34238146.0,48706965.64,2.0,0.0,0.0,False,0.0,2.0,PROBABLE
WS_12350,1.0,1.0,0.0,1.0,0.0,24819643.22,9931940.0,1.0,0.0,0.0,False,1.0,1.0,PROBABLE
vdr-12577,1.0,1.0,0.0,1.0,1.0,41811916.8,22891624.0,1.0,0.0,0.0,False,1.0,1.0,PROBABLE
vdr-12989,1.0,0.0,0.0,1.0,1.0,33538355.0,15391846.4,1.0,0.0,0.0,False,0.0,1.0,PROBABLE
lpt-11775,1.0,0.0,0.0,0.0,1.0,25732524.0,24526192.64,1.0,0.0,0.0,False,0.0,1.0,PROBABLE
VDR-11046,5.0,2.0,0.0,4.0,3.0,181003791.04,111145503.64,4.0,3.0,0.0,True,0.4,8.0,EXACT
VDR-10249,5.0,0.0,0.0,3.0,3.0,97271191.34,151767008.64,3.0,3.0,0.0,True,0.0,8.0,EXACT
WS-10831,4.0,1.0,0.0,1.0,2.0,127789978.12,88967895.03999999,3.0,2.0,1.0,True,0.25,6.0,EXACT
VDR-11396,5.0,0.0,0.0,2.0,2.0,166248035.18,129913645.92,5.0,2.0,0.0,True,0.0,7.0,EXACT
lpt-11740,1.0,0.0,1.0,0.0,0.0,3978450.0,21914940.0,0.0,0.0,0.0,False,0.0,1.0,PROBABLE
lpt-11780,1.0,1.0,0.0,1.0,1.0,24819643.22,15955723.0,1.0,0.0,0.0,False,1.0,1.0,PROBABLE
LPT-10912,0.0,0.0,0.0,0.0,0.0,0.0,0.0,0.0,7.0,1.0,True,0.0,7.0,EXACT
VDR-11318,9.0,1.0,1.0,4.0,5.0,239666872.78,227299566.56,7.0,3.0,0.0,True,0.1111111111111111,12.0,EXACT
WS-10781,4.0,2.0,0.0,2.0,0.0,117605174.1,81446741.96,4.0,3.0,0.0,True,0.5,7.0,EXACT
LPT_11149,1.0,0.0,0.0,1.0,1.0,35498345.0,30610631.0,1.0,0.0,0.0,False,0.0,1.0,PROBABLE
ws-10926,1.0,0.0,0.0,0.0,0.0,32051323.0,31891166.0,1.0,0.0,0.0,False,0.0,1.0,PROBABLE
ws-10070,1.0,0.0,0.0,1.0,1.0,24819643.22,29122241.0,1.0,0.0,0.0,False,0.0,1.0,PROBABLE
vdr-12154,1.0,0.0,0.0,0.0,1.0,33612165.12,27147632.64,0.0,0.0,0.0,False,0.0,1.0,PROBABLE
ws-12139,1.0,0.0,0.0,0.0,0.0,34037739.0,24526192.64,1.0,0.0,0.0,False,0.0,1.0,PROBABLE
LPT-11485.corp.local,1.0,0.0,0.0,0.0,1.0,17580245.0,45819074.56,0.0,0.0,0.0,False,0.0,1.0,PROBABLE
LPT_10898,2.0,0.0,0.0,1.0,0.0,64825367.22,18311505.0,2.0,0.0,0.0,False,0.0,2.0,PROBABLE
lpt-12001,2.0,0.0,1.0,1.0,1.0,49639286.44,47611802.08,1.0,0.0,0.0,False,0.0,2.0,PROBABLE
LPT-12697,9.0,1.0,3.0,3.0,4.0,222372771.07999998,192896635.84,7.0,2.0,0.0,True,0.1111111111111111,11.0,EXACT
LPT-11058.corp.local,1.0,0.0,1.0,0.0,1.0,41531304.0,32106413.0,0.0,0.0,0.0,False,0.0,1.0,PROBABLE
WS-11630,7.0,1.0,0.0,2.0,3.0,182288184.44,140314457.64,6.0,4.0,0.0,True,0.14285714285714285,11.0,EXACT
VDR-10690,4.0,0.0,0.0,1.0,2.0,60108444.4,87478904.28,4.0,3.0,0.0,True,0.0,7.0,EXACT
ws-11516,3.0,0.0,0.0,0.0,2.0,92379948.0,64285498.0,3.0,0.0,0.0,False,0.0,3.0,PROBABLE
LPT-10954,7.0,1.0,0.0,3.0,3.0,210083737.07999998,141201000.12,6.0,3.0,2.0,True,0.14285714285714285,10.0,EXACT
VDR-12749,6.0,1.0,1.0,4.0,5.0,152187373.07999998,159080188.92000002,6.0,3.0,0.0,True,0.16666666666666666,9.0,EXACT
LPT_10702,3.0,0.0,2.0,1.0,1.0,91540110.22,48987394.64,2.0,0.0,0.0,False,0.0,3.0,PROBABLE
LPT-10364.corp.local,2.0,0.0,1.0,1.0,0.0,58166846.0,41131502.64,2.0,0.0,0.0,False,0.0,2.0,PROBABLE
LPT-10245.,0.0,0.0,0.0,0.0,0.0,0.0,0.0,0.0,0.0,0.0,True,0.0,0.0,EXACT
lpt-10821,1.0,1.0,0.0,1.0,1.0,37456265.0,19333816.32,0.0,0.0,0.0,False,1.0,1.0,PROBABLE
vdr-11797,1.0,0.0,0.0,0.0,1.0,31526098.0,24526192.64,1.0,0.0,0.0,False,0.0,1.0,PROBABLE
VDR-12019.,0.0,0.0,0.0,0.0,0.0,0.0,0.0,0.0,0.0,0.0,True,0.0,0.0,EXACT
WS-12874.corp.local,2.0,1.0,0.0,1.0,1.0,69676987.76,27535182.0,2.0,0.0,0.0,False,0.5,2.0,PROBABLE
VDR_11804,1.0,1.0,0.0,1.0,1.0,11389706.24,13203257.0,1.0,0.0,0.0,False,1.0,1.0,PROBABLE
LPT-12653,7.0,2.0,2.0,5.0,2.0,130790270.62,190891004.04,7.0,2.0,0.0,True,0.2857142857142857,9.0,EXACT
WS-12320,5.0,0.0,0.0,3.0,2.0,138652929.22,110217912.28,4.0,5.0,0.0,True,0.0,10.0,EXACT
lpt-10881,2.0,0.0,0.0,1.0,1.0,49639286.44,40222903.0,1.0,0.0,0.0,False,0.0,2.0,PROBABLE
WS_11458,1.0,0.0,0.0,1.0,0.0,24819643.22,24526192.64,0.0,0.0,0.0,False,0.0,1.0,PROBABLE
LPT-10488,6.0,1.0,1.0,2.0,2.0,154377506.44,149801137.64,6.0,5.0,0.0,False,0.16666666666666666,11.0,PROBABLE
WS-10365.corp.local,1.0,1.0,0.0,0.0,1.0,9301491.0,24526192.64,1.0,0.0,0.0,False,1.0,1.0,PROBABLE
VDR-12308.corp.local,2.0,1.0,0.0,2.0,2.0,46862137.22,55149762.0,2.0,0.0,0.0,False,0.5,2.0,PROBABLE
vdr-12163,1.0,0.0,0.0,1.0,1.0,21465703.0,16453706.0,1.0,0.0,0.0,False,0.0,1.0,PROBABLE
VDR-10146.corp.local,1.0,0.0,0.0,0.0,1.0,24034181.12,24526192.64,1.0,0.0,0.0,False,0.0,1.0,PROBABLE
vdr-11265,1.0,0.0,0.0,1.0,1.0,17563648.0,4215854.0,1.0,0.0,0.0,False,0.0,1.0,PROBABLE
vdr-11312,2.0,0.0,0.0,2.0,1.0,31668451.32,62751227.0,2.0,0.0,0.0,False,0.0,2.0,PROBABLE
ws-11915,1.0,0.0,0.0,1.0,1.0,37447949.0,34246257.0,1.0,0.0,0.0,False,0.0,1.0,PROBABLE
LPT-11716.corp.local,2.0,0.0,0.0,0.0,0.0,49293673.0,62712288.64,2.0,0.0,0.0,False,0.0,2.0,PROBABLE
vdr-10387,4.0,0.0,0.0,2.0,3.0,97135548.22,97280328.72,2.0,0.0,0.0,False,0.0,4.0,PROBABLE
WS-11515.,0.0,0.0,0.0,0.0,0.0,0.0,0.0,0.0,0.0,0.0,True,0.0,0.0,EXACT
lpt-11234,1.0,0.0,0.0,0.0,1.0,23344322.56,332852.0,1.0,0.0,0.0,False,0.0,1.0,PROBABLE
WS_12219,2.0,1.0,0.0,1.0,2.0,8323545.72,87258012.28,2.0,0.0,0.0,False,0.5,2.0,PROBABLE
VDR-10018,5.0,1.0,1.0,3.0,3.0,124873815.22,103742539.96000001,5.0,1.0,0.0,True,0.2,6.0,EXACT
VDR-10362,6.0,1.0,0.0,2.0,3.0,186958951.7,183739005.72,6.0,1.0,0.0,True,0.16666666666666666,7.0,EXACT
lpt-12467,1.0,1.0,1.0,0.0,0.0,12592901.0,45662219.0,0.0,0.0,0.0,False,1.0,1.0,PROBABLE
lpt-10750,1.0,1.0,0.0,0.0,0.0,25688003.0,2936569.0,1.0,0.0,0.0,False,1.0,1.0,PROBABLE
LPT-10186,5.0,1.0,1.0,3.0,4.0,114097221.12,112674380.64,4.0,1.0,0.0,False,0.2,6.0,PROBABLE
ws-10941,1.0,1.0,0.0,0.0,1.0,8359096.32,19210117.12,1.0,0.0,0.0,False,1.0,1.0,PROBABLE
ws-10172,1.0,0.0,0.0,0.0,1.0,24819643.22,31410921.0,0.0,0.0,0.0,False,0.0,1.0,PROBABLE
LPT-12414,8.0,2.0,0.0,6.0,7.0,191585228.16,204244604.28,4.0,2.0,1.0,False,0.25,10.0,PROBABLE
vdr-11642,2.0,1.0,0.0,1.0,2.0,55935402.22,76699789.0,2.0,0.0,0.0,False,0.5,2.0,PROBABLE
WS-11039,8.0,2.0,2.0,4.0,3.0,225453176.5,187014229.16,8.0,3.0,1.0,True,0.25,11.0,EXACT
vdr-11606,3.0,0.0,0.0,3.0,1.0,110440621.03999999,52187555.879999995,2.0,0.0,0.0,False,0.0,3.0,PROBABLE
lpt-12078,1.0,0.0,0.0,0.0,1.0,11650657.0,22106205.0,1.0,0.0,0.0,False,0.0,1.0,PROBABLE
VDR_10576,2.0,0.0,0.0,1.0,1.0,49639286.44,29247131.64,2.0,0.0,0.0,False,0.0,2.0,PROBABLE
LPT-11842,3.0,1.0,0.0,2.0,2.0,56748855.44,62600261.28,2.0,1.0,0.0,True,0.3333333333333333,4.0,EXACT
VDR-12707,5.0,0.0,0.0,2.0,2.0,114008109.36,98837103.92,3.0,1.0,0.0,True,0.0,6.0,EXACT
lpt-10685,1.0,0.0,0.0,0.0,1.0,33208401.92,8399427.0,0.0,0.0,0.0,False,0.0,1.0,PROBABLE
VDR-10380.corp.local,4.0,0.0,0.0,2.0,2.0,110752253.52,150889271.68,3.0,0.0,0.0,False,0.0,4.0,PROBABLE
LPT-12203.,0.0,0.0,0.0,0.0,0.0,0.0,0.0,0.0,0.0,0.0,True,0.0,0.0,EXACT
VDR-12593,6.0,1.0,0.0,2.0,2.0,166170530.34,153761135.28,4.0,1.0,0.0,True,0.16666666666666666,7.0,EXACT
VDR-10499,2.0,0.0,0.0,1.0,1.0,48786554.879999995,63157064.0,2.0,2.0,0.0,True,0.0,4.0,EXACT
LPT_11170,1.0,0.0,0.0,1.0,1.0,33431019.0,25459425.28,1.0,0.0,0.0,False,0.0,1.0,PROBABLE
ws-12393,2.0,0.0,1.0,0.0,2.0,13722215.0,52726787.84,1.0,0.0,0.0,False,0.0,2.0,PROBABLE
VDR_10925,2.0,0.0,0.0,1.0,2.0,47783851.0,51442387.0,2.0,0.0,0.0,False,0.0,2.0,PROBABLE
WS_12744,1.0,0.0,0.0,0.0,1.0,17658019.84,47924252.0,1.0,0.0,0.0,False,0.0,1.0,PROBABLE
lpt-10951,2.0,0.0,0.0,1.0,2.0,35219576.22,50373046.0,1.0,0.0,0.0,False,0.0,2.0,PROBABLE
VDR-11265.corp.local,1.0,0.0,0.0,1.0,1.0,1599569.92,22076764.16,1.0,0.0,0.0,False,0.0,1.0,PROBABLE
VDR-10273,6.0,1.0,1.0,4.0,3.0,160665029.54,142303724.64,6.0,3.0,0.0,True,0.16666666666666666,9.0,EXACT
WS-10045.corp.local,1.0,0.0,0.0,1.0,0.0,22685645.0,43002101.76,1.0,0.0,0.0,False,0.0,1.0,PROBABLE
lpt-12408,3.0,0.0,0.0,1.0,1.0,74458929.66,95252643.84,3.0,0.0,0.0,False,0.0,3.0,PROBABLE
ws-11196,1.0,0.0,0.0,1.0,1.0,10967123.0,42360309.0,1.0,0.0,0.0,False,0.0,1.0,PROBABLE
vdr-10329,1.0,1.0,0.0,0.0,1.0,24819643.22,47285793.0,1.0,0.0,0.0,False,1.0,1.0,PROBABLE
WS-11473,10.0,3.0,1.0,4.0,6.0,194898185.06,281354700.92,8.0,1.0,0.0,True,0.3,11.0,EXACT
ws-12456,2.0,1.0,0.0,2.0,1.0,29722143.22,69672724.48,2.0,0.0,0.0,False,0.5,2.0,PROBABLE
VDR-12976,8.0,3.0,0.0,5.0,5.0,242974659.34,180269222.56,8.0,2.0,0.0,False,0.375,10.0,PROBABLE
LPT-11040.corp.local,1.0,0.0,0.0,1.0,1.0,24819643.22,23162958.0,1.0,0.0,0.0,False,0.0,1.0,PROBABLE
WS_10534,1.0,0.0,0.0,1.0,1.0,41037025.0,24526192.64,1.0,0.0,0.0,False,0.0,1.0,PROBABLE
LPT-10459,5.0,0.0,1.0,1.0,4.0,106906167.66,118001897.64,5.0,1.0,0.0,True,0.0,6.0,EXACT
LPT-12659.corp.local,1.0,0.0,0.0,1.0,1.0,9291808.0,7900631.04,1.0,0.0,0.0,False,0.0,1.0,PROBABLE
WS_10470,1.0,0.0,0.0,1.0,0.0,64014.0,9510291.0,1.0,0.0,0.0,False,0.0,1.0,PROBABLE
LPT-10855.corp.local,1.0,1.0,0.0,1.0,0.0,31985026.0,24526192.64,1.0,0.0,0.0,False,1.0,1.0,PROBABLE
VDR_12403,1.0,1.0,0.0,0.0,0.0,29721190.4,24526192.64,1.0,0.0,0.0,False,1.0,1.0,PROBABLE
WS-11845,3.0,1.0,0.0,0.0,2.0,48809495.22,47134706.44,2.0,4.0,0.0,True,0.3333333333333333,7.0,EXACT
WS-12067.corp.local,1.0,0.0,0.0,1.0,1.0,24819643.22,39439460.0,1.0,0.0,0.0,False,0.0,1.0,PROBABLE
VDR-10608,0.0,0.0,0.0,0.0,0.0,0.0,0.0,0.0,2.0,0.0,False,0.0,2.0,PROBABLE
LPT_12920,1.0,0.0,0.0,1.0,1.0,24819643.22,24526192.64,0.0,0.0,0.0,False,0.0,1.0,PROBABLE
vdr-10218,2.0,1.0,0.0,1.0,0.0,46027359.06,67233908.64,2.0,0.0,0.0,False,0.5,2.0,PROBABLE
VDR-10166.corp.local,1.0,0.0,0.0,0.0,0.0,23365765.12,24526192.64,0.0,0.0,0.0,False,0.0,1.0,PROBABLE
VDR-12570,5.0,0.0,2.0,3.0,2.0,31087481.84,94810546.0,4.0,6.0,0.0,True,0.0,11.0,EXACT
LPT-12885,7.0,0.0,1.0,5.0,3.0,165494374.22,147065234.16,3.0,0.0,0.0,True,0.0,7.0,EXACT
LPT-10670,3.0,1.0,1.0,1.0,2.0,50664519.22,61484962.480000004,3.0,3.0,0.0,True,0.3333333333333333,6.0,EXACT
WS-11988,3.0,0.0,0.0,3.0,0.0,55013979.56,66572603.28,3.0,3.0,0.0,True,0.0,6.0,EXACT
ws-11859,1.0,0.0,0.0,1.0,0.0,8890866.0,30820122.0,1.0,0.0,0.0,False,0.0,1.0,PROBABLE
WS-11127,2.0,1.0,0.0,2.0,1.0,24690989.0,49082826.64,2.0,1.0,0.0,True,0.5,3.0,EXACT
lpt-11783,2.0,0.0,1.0,0.0,2.0,16805222.0,51884185.64,2.0,0.0,0.0,False,0.0,2.0,PROBABLE
LPT-12670,6.0,0.0,1.0,3.0,5.0,157995835.06,103724192.64,6.0,3.0,0.0,True,0.0,9.0,EXACT
WS-12908.corp.local,2.0,0.0,0.0,1.0,2.0,73641341.78,68693962.64,2.0,0.0,0.0,False,0.0,2.0,PROBABLE
WS-10932,6.0,1.0,0.0,3.0,4.0,143595973.0,151347791.92000002,5.0,1.0,0.0,True,0.16666666666666666,7.0,EXACT
VDR-11392,6.0,3.0,0.0,3.0,3.0,109703510.44,94442053.03999999,6.0,3.0,0.0,True,0.5,9.0,EXACT
lpt-12699,2.0,0.0,1.0,1.0,0.0,72194306.9,63844813.0,2.0,0.0,0.0,False,0.0,2.0,PROBABLE
ws-12396,2.0,0.0,0.0,0.0,2.0,49610636.0,54235307.04,1.0,0.0,0.0,False,0.0,2.0,PROBABLE
WS-11104.corp.local,1.0,1.0,0.0,1.0,0.0,24819643.22,3224252.0,1.0,0.0,0.0,False,1.0,1.0,PROBABLE
LPT-12414.corp.local,2.0,1.0,0.0,1.0,2.0,78004082.12,73570659.03999999,1.0,0.0,0.0,False,0.5,2.0,PROBABLE
LPT-12664,8.0,3.0,1.0,3.0,3.0,163171358.82,171296920.92000002,8.0,2.0,0.0,True,0.375,10.0,EXACT
ws-11502,2.0,0.0,0.0,0.0,1.0,43674844.22,78099280.0,2.0,0.0,0.0,False,0.0,2.0,PROBABLE
WS-12988,10.0,1.0,1.0,6.0,4.0,221178209.68,235775470.0,6.0,3.0,0.0,True,0.1,13.0,EXACT
LPT-10101.corp.local,1.0,0.0,0.0,1.0,0.0,24819643.22,24526192.64,1.0,0.0,0.0,False,0.0,1.0,PROBABLE
LPT_11244,1.0,0.0,0.0,0.0,1.0,22572857.0,24526192.64,1.0,0.0,0.0,False,0.0,1.0,PROBABLE
WS-12736,9.0,2.0,2.0,5.0,3.0,270305348.94,255432848.0,8.0,5.0,1.0,True,0.2222222222222222,14.0,EXACT
LPT_11881,1.0,0.0,0.0,1.0,0.0,25323110.4,37650978.0,1.0,0.0,0.0,False,0.0,1.0,PROBABLE
vdr-10624,1.0,0.0,0.0,0.0,0.0,24819643.22,4469367.0,1.0,0.0,0.0,False,0.0,1.0,PROBABLE
WS-10606.corp.local,1.0,0.0,0.0,0.0,1.0,24819643.22,47579661.0,1.0,0.0,0.0,False,0.0,1.0,PROBABLE
LPT_11105,2.0,0.0,0.0,2.0,1.0,47987044.480000004,45226411.64,2.0,0.0,0.0,False,0.0,2.0,PROBABLE
LPT_12414,2.0,1.0,0.0,1.0,1.0,49639286.44,53571757.64,2.0,0.0,0.0,False,0.5,2.0,PROBABLE
WS-10764,5.0,2.0,1.0,3.0,4.0,114381671.0,146413329.28,5.0,3.0,0.0,True,0.4,8.0,EXACT
lpt-10651,1.0,0.0,0.0,0.0,0.0,24819643.22,31767202.0,1.0,0.0,0.0,False,0.0,1.0,PROBABLE
WS-10508,5.0,1.0,0.0,3.0,1.0,157616654.64,158319372.64,5.0,2.0,0.0,True,0.2,7.0,EXACT
LPT-12807.corp.local,2.0,0.0,0.0,1.0,1.0,29392968.0,48727377.64,2.0,0.0,0.0,False,0.0,2.0,PROBABLE
lpt-12829,4.0,0.0,0.0,2.0,3.0,70285881.18,77142355.88,2.0,0.0,0.0,False,0.0,4.0,PROBABLE
WS-10694,8.0,1.0,0.0,6.0,2.0,157037536.56,161972426.20000002,8.0,2.0,0.0,True,0.125,10.0,EXACT
LPT-12011.corp.local,1.0,0.0,0.0,1.0,0.0,23672937.0,24526192.64,1.0,0.0,0.0,False,0.0,1.0,PROBABLE
lpt-11324,2.0,1.0,0.0,0.0,0.0,63900221.44,13302616.0,1.0,0.0,0.0,False,0.5,2.0,PROBABLE
WS-11633,7.0,2.0,1.0,6.0,2.0,179841878.66,176359892.88,6.0,0.0,0.0,True,0.2857142857142857,7.0,EXACT
VDR-10161.corp.local,1.0,1.0,0.0,1.0,0.0,16919111.68,16802367.0,1.0,0.0,0.0,False,1.0,1.0,PROBABLE
ws-12344,1.0,0.0,0.0,1.0,0.0,49846047.0,313057.0,1.0,0.0,0.0,False,0.0,1.0,PROBABLE
ws-12511,4.0,0.0,0.0,1.0,4.0,93171394.44,102346627.68,4.0,0.0,0.0,False,0.0,4.0,PROBABLE
LPT-12146,7.0,1.0,1.0,3.0,6.0,190379949.18,232020025.92000002,5.0,1.0,0.0,False,0.14285714285714285,8.0,PROBABLE
VDR-11608,3.0,1.0,0.0,2.0,2.0,73378434.22,100437846.56,3.0,0.0,0.0,True,0.3333333333333333,3.0,EXACT
LPT_10423,1.0,1.0,0.0,0.0,1.0,6293453.0,8329745.0,0.0,0.0,0.0,False,1.0,1.0,PROBABLE
WS-11782.corp.local,1.0,0.0,0.0,0.0,0.0,24819643.22,48611983.36,1.0,0.0,0.0,False,0.0,1.0,PROBABLE
WS-10126,7.0,0.0,0.0,5.0,4.0,139249982.36,132232587.92,7.0,2.0,1.0,False,0.0,9.0,PROBABLE
WS-11844,8.0,2.0,0.0,4.0,5.0,185895760.22,217237543.92000002,8.0,1.0,0.0,True,0.25,9.0,EXACT
VDR-11385,5.0,1.0,0.0,3.0,2.0,88428222.66,145273840.92000002,4.0,5.0,1.0,True,0.2,10.0,EXACT
VDR-11963,5.0,2.0,0.0,3.0,2.0,153842987.22,66234466.96,5.0,2.0,0.0,True,0.4,7.0,EXACT
vdr-10689,2.0,0.0,0.0,1.0,1.0,46599454.68,43592598.0,2.0,0.0,0.0,False,0.0,2.0,PROBABLE
WS-10618,8.0,1.0,0.0,3.0,5.0,168194657.4,213106858.12,7.0,3.0,1.0,True,0.125,11.0,EXACT
lpt-11116,1.0,0.0,0.0,1.0,0.0,24819643.22,24526192.64,1.0,0.0,0.0,False,0.0,1.0,PROBABLE
WS-10699.corp.local,1.0,1.0,0.0,0.0,0.0,27880433.0,39279582.0,1.0,0.0,0.0,False,1.0,1.0,PROBABLE
LPT-11158.corp.local,2.0,0.0,0.0,1.0,0.0,66172996.22,69881008.64,1.0,0.0,0.0,False,0.0,2.0,PROBABLE
WS-10574.corp.local,1.0,0.0,0.0,0.0,1.0,4247732.0,9744618.0,1.0,0.0,0.0,False,0.0,1.0,PROBABLE
vdr-10322,1.0,1.0,0.0,1.0,0.0,24819643.22,24526192.64,1.0,0.0,0.0,False,1.0,1.0,PROBABLE
VDR-11493,11.0,0.0,1.0,6.0,7.0,321295438.56,284825100.04,9.0,4.0,2.0,False,0.0,15.0,PROBABLE
WS-12992,3.0,2.0,0.0,2.0,2.0,91768625.74,56090200.56,2.0,2.0,0.0,True,0.6666666666666666,5.0,EXACT
WS-10064,4.0,0.0,0.0,2.0,2.0,96736380.44,71715565.44,4.0,4.0,0.0,True,0.0,8.0,EXACT
VDR-10244,4.0,1.0,0.0,1.0,2.0,97571640.02,163951058.28,4.0,3.0,1.0,False,0.25,7.0,PROBABLE
ws-10895,1.0,0.0,1.0,1.0,1.0,3814365.0,27659097.0,0.0,0.0,0.0,False,0.0,1.0,PROBABLE
WS-12003,14.0,4.0,3.0,7.0,6.0,281267539.59999996,388034794.8,12.0,2.0,0.0,True,0.2857142857142857,16.0,EXACT
ws-10050,1.0,0.0,0.0,0.0,1.0,253613.0,44130260.0,1.0,0.0,0.0,False,0.0,1.0,PROBABLE
ws-11514,2.0,0.0,0.0,1.0,0.0,57339510.0,53962540.72,2.0,0.0,0.0,False,0.0,2.0,PROBABLE
VDR-12174,5.0,0.0,0.0,2.0,4.0,100933080.22,72908921.64,5.0,5.0,0.0,True,0.0,10.0,EXACT
VDR-10269,11.0,3.0,1.0,5.0,4.0,291398489.1,263394587.2,11.0,0.0,0.0,True,0.2727272727272727,11.0,EXACT
ws-11845,2.0,0.0,0.0,1.0,2.0,52320320.22,68961587.64,2.0,0.0,0.0,False,0.0,2.0,PROBABLE
ws-11820,2.0,0.0,0.0,1.0,1.0,53810106.64,32858109.0,0.0,0.0,0.0,False,0.0,2.0,PROBABLE
VDR-10659,9.0,2.0,0.0,3.0,7.0,239855559.66,228383921.04,7.0,2.0,0.0,True,0.2222222222222222,11.0,EXACT
WS-12442.corp.local,1.0,0.0,0.0,0.0,1.0,24819643.22,39600217.0,1.0,0.0,0.0,False,0.0,1.0,PROBABLE
WS-12839,8.0,2.0,0.0,2.0,4.0,222960045.5,176174977.04,6.0,5.0,0.0,True,0.25,13.0,EXACT
ws-10928,2.0,1.0,0.0,2.0,1.0,28955699.22,60983749.64,2.0,0.0,0.0,False,0.5,2.0,PROBABLE
VDR-12886.corp.local,1.0,0.0,0.0,0.0,0.0,6905638.0,33781409.0,0.0,0.0,0.0,False,0.0,1.0,PROBABLE
vdr-10623,1.0,0.0,0.0,0.0,1.0,2612151.0,24526192.64,1.0,0.0,0.0,False,0.0,1.0,PROBABLE
LPT-12378,8.0,1.0,0.0,6.0,6.0,181032733.22,190944136.07999998,5.0,1.0,0.0,True,0.125,9.0,EXACT
WS-12081,6.0,0.0,1.0,2.0,5.0,117018869.38,190629640.36,6.0,2.0,0.0,True,0.0,8.0,EXACT
LPT-11661,7.0,1.0,0.0,3.0,3.0,172247584.04,211269866.12,6.0,2.0,0.0,True,0.14285714285714285,9.0,EXACT
VDR_10208,1.0,0.0,0.0,0.0,0.0,35144711.0,15051298.0,1.0,0.0,0.0,False,0.0,1.0,PROBABLE
VDR-12302,14.0,3.0,3.0,8.0,6.0,437589310.0,356729170.52,12.0,5.0,1.0,True,0.21428571428571427,19.0,EXACT
LPT_12107,1.0,0.0,0.0,0.0,0.0,24354757.0,42318597.0,1.0,0.0,0.0,False,0.0,1.0,PROBABLE
VDR-10628,4.0,0.0,0.0,2.0,4.0,94835353.0,90461491.52000001,4.0,0.0,0.0,True,0.0,4.0,EXACT
VDR-11712,6.0,1.0,1.0,4.0,4.0,145367453.07999998,120158659.64,5.0,4.0,0.0,True,0.16666666666666666,10.0,EXACT
WS-10336.corp.local,1.0,0.0,0.0,0.0,0.0,48273598.0,43527836.0,1.0,0.0,0.0,False,0.0,1.0,PROBABLE
LPT_11984,1.0,1.0,0.0,1.0,0.0,30771807.0,37358553.0,1.0,0.0,0.0,False,1.0,1.0,PROBABLE
vdr-11531,2.0,1.0,0.0,1.0,1.0,46284035.22,26010635.64,2.0,0.0,0.0,False,0.5,2.0,PROBABLE
LPT_11484,1.0,0.0,0.0,0.0,0.0,48545341.44,6915131.0,1.0,0.0,0.0,False,0.0,1.0,PROBABLE
VDR-11652.corp.local,3.0,0.0,0.0,1.0,1.0,86936714.08,92141659.28,3.0,0.0,0.0,False,0.0,3.0,PROBABLE
WS_11104,1.0,0.0,0.0,0.0,0.0,16933183.0,24526192.64,1.0,0.0,0.0,False,0.0,1.0,PROBABLE
WS-12981.corp.local,2.0,2.0,0.0,1.0,1.0,49639286.44,36878417.92,2.0,0.0,0.0,False,1.0,2.0,PROBABLE
WS-11952,14.0,3.0,3.0,5.0,6.0,323824332.08,368747628.52,12.0,2.0,1.0,True,0.21428571428571427,16.0,EXACT
vdr-12122,1.0,0.0,0.0,1.0,0.0,5577103.0,24526192.64,1.0,0.0,0.0,False,0.0,1.0,PROBABLE
WS-11968,9.0,3.0,1.0,5.0,3.0,230205342.14,289429901.12,7.0,2.0,0.0,True,0.3333333333333333,11.0,EXACT
LPT-11793,4.0,0.0,0.0,2.0,1.0,120574255.12,75453460.76,2.0,3.0,0.0,True,0.0,7.0,EXACT
vdr-11412,2.0,2.0,0.0,0.0,2.0,70558709.0,68587599.64,1.0,0.0,0.0,False,1.0,2.0,PROBABLE
WS_10606,2.0,1.0,0.0,1.0,2.0,3375382.0,66118137.64,2.0,0.0,0.0,False,0.5,2.0,PROBABLE
LPT-11250,7.0,1.0,0.0,4.0,5.0,150687011.26,116934479.56,7.0,4.0,1.0,False,0.14285714285714285,11.0,PROBABLE
VDR_12725,1.0,0.0,1.0,0.0,1.0,24819643.22,24526192.64,0.0,0.0,0.0,False,0.0,1.0,PROBABLE
WS-11985,10.0,4.0,2.0,3.0,5.0,294272979.08,210745427.88,10.0,2.0,0.0,True,0.4,12.0,EXACT
WS-10281,8.0,0.0,1.0,4.0,4.0,163851417.44,213570220.56,7.0,4.0,2.0,True,0.0,12.0,EXACT
LPT-11841,5.0,1.0,1.0,2.0,4.0,189116445.16,118205283.52,4.0,4.0,0.0,True,0.2,9.0,EXACT
WS_10845,1.0,0.0,0.0,0.0,0.0,29000437.76,34844412.0,0.0,0.0,0.0,False,0.0,1.0,PROBABLE
WS_11835,1.0,0.0,0.0,0.0,1.0,15670869.0,28205779.0,1.0,0.0,0.0,False,0.0,1.0,PROBABLE
VDR-10143,7.0,3.0,1.0,2.0,5.0,178211933.52,164879309.2,7.0,2.0,0.0,True,0.42857142857142855,9.0,EXACT
lpt-11504,2.0,0.0,0.0,1.0,2.0,53498132.0,39443343.0,2.0,0.0,0.0,False,0.0,2.0,PROBABLE
vdr-11566,3.0,0.0,0.0,2.0,3.0,74894100.0,100809892.52,1.0,0.0,0.0,False,0.0,3.0,PROBABLE
VDR-11338,13.0,2.0,1.0,5.0,6.0,359442741.08,346562085.88,13.0,4.0,0.0,True,0.15384615384615385,17.0,EXACT
VDR_10005,1.0,0.0,0.0,1.0,1.0,24819643.22,4106014.72,1.0,0.0,0.0,False,0.0,1.0,PROBABLE
VDR-11232,10.0,3.0,2.0,7.0,5.0,284085772.44,242655430.48000002,9.0,0.0,0.0,True,0.3,10.0,EXACT
LPT-10709.corp.local,2.0,0.0,0.0,2.0,0.0,52433433.0,32735448.0,2.0,0.0,0.0,False,0.0,2.0,PROBABLE
LPT-10200,8.0,3.0,2.0,5.0,5.0,250934156.84,171976474.96,7.0,0.0,0.0,True,0.375,8.0,EXACT
VDR-11405.corp.local,2.0,0.0,0.0,2.0,2.0,67381641.0,67677421.64,1.0,0.0,0.0,False,0.0,2.0,PROBABLE
VDR_10443,1.0,0.0,0.0,0.0,0.0,28439209.0,8074739.0,1.0,0.0,0.0,False,0.0,1.0,PROBABLE
ws-12599,1.0,0.0,0.0,1.0,1.0,24819643.22,47243395.0,1.0,0.0,0.0,False,0.0,1.0,PROBABLE
VDR_12141,1.0,0.0,0.0,0.0,1.0,13123927.0,4032246.0,1.0,0.0,0.0,False,0.0,1.0,PROBABLE
WS_11761,1.0,0.0,0.0,0.0,0.0,24819643.22,15966251.0,1.0,0.0,0.0,False,0.0,1.0,PROBABLE
WS-11730,5.0,2.0,0.0,3.0,3.0,149499107.12,149409695.68,5.0,6.0,0.0,True,0.4,11.0,EXACT
ws-10618,1.0,1.0,0.0,0.0,1.0,29659759.0,38490404.0,1.0,0.0,0.0,False,1.0,1.0,PROBABLE
VDR-12153,8.0,3.0,1.0,3.0,5.0,191391047.36,218061946.36,6.0,3.0,0.0,True,0.375,11.0,EXACT
vdr-11082,1.0,0.0,0.0,1.0,1.0,49119228.0,9346457.6,1.0,0.0,0.0,False,0.0,1.0,PROBABLE
lpt-10025,3.0,0.0,0.0,2.0,3.0,100372316.22,45833732.64,2.0,0.0,0.0,False,0.0,3.0,PROBABLE
LPT-11626.,0.0,0.0,0.0,0.0,0.0,0.0,0.0,0.0,0.0,0.0,True,0.0,0.0,EXACT
WS-11695.corp.local,2.0,1.0,0.0,1.0,1.0,55111808.22,26677314.0,2.0,0.0,0.0,False,0.5,2.0,PROBABLE
VDR-11345,7.0,0.0,0.0,3.0,3.0,179658813.36,174944484.24,6.0,2.0,0.0,True,0.0,9.0,EXACT
LPT-10769,7.0,2.0,0.0,5.0,3.0,207334490.66,175443251.16,7.0,3.0,1.0,True,0.2857142857142857,10.0,EXACT
lpt-11941,1.0,0.0,0.0,0.0,1.0,9710193.0,3794598.0,1.0,0.0,0.0,False,0.0,1.0,PROBABLE
VDR-11019,4.0,0.0,1.0,3.0,1.0,123786249.66,89116025.28,4.0,1.0,0.0,True,0.0,5.0,EXACT
LPT-10321,9.0,2.0,1.0,7.0,3.0,255024564.54,251584666.08,8.0,2.0,0.0,True,0.2222222222222222,11.0,EXACT
ws-11624,2.0,0.0,0.0,1.0,0.0,49639286.44,54872484.64,1.0,0.0,0.0,False,0.0,2.0,PROBABLE
WS-10625,3.0,1.0,0.0,1.0,3.0,76419230.44,75861175.0,3.0,3.0,1.0,True,0.3333333333333333,6.0,EXACT
LPT-11133,7.0,1.0,1.0,3.0,4.0,144526402.88,152661518.96,5.0,0.0,0.0,False,0.14285714285714285,7.0,PROBABLE
vdr-12191,1.0,1.0,0.0,1.0,1.0,21222707.0,24526192.64,1.0,0.0,0.0,False,1.0,1.0,PROBABLE
WS_12633,1.0,0.0,0.0,0.0,1.0,24819643.22,2042341.0,1.0,0.0,0.0,False,0.0,1.0,PROBABLE
ws-10817,1.0,1.0,0.0,1.0,0.0,36294084.0,24526192.64,1.0,0.0,0.0,False,1.0,1.0,PROBABLE
lpt-11310,1.0,0.0,0.0,0.0,1.0,26299980.0,47626321.92,1.0,0.0,0.0,False,0.0,1.0,PROBABLE
vdr-11532,2.0,0.0,0.0,0.0,2.0,18561091.64,18492902.0,2.0,0.0,0.0,False,0.0,2.0,PROBABLE
VDR_12012,1.0,0.0,0.0,0.0,0.0,29874442.24,34300384.0,1.0,0.0,0.0,False,0.0,1.0,PROBABLE
LPT-10858.corp.local,1.0,1.0,0.0,0.0,1.0,7442401.0,5413756.0,0.0,0.0,0.0,False,1.0,1.0,PROBABLE
VDR-12012.,0.0,0.0,0.0,0.0,0.0,0.0,0.0,0.0,0.0,0.0,True,0.0,0.0,EXACT
VDR-12814.corp.local,5.0,0.0,0.0,0.0,3.0,127133515.66,105284284.88,4.0,0.0,0.0,False,0.0,5.0,PROBABLE
VDR-10778,6.0,1.0,3.0,1.0,3.0,190115332.66,216307323.51999998,6.0,5.0,0.0,True,0.16666666666666666,11.0,EXACT
VDR-11494,9.0,4.0,1.0,5.0,6.0,205386943.44,220936108.8,5.0,1.0,0.0,True,0.4444444444444444,10.0,EXACT
WS-11384,3.0,0.0,1.0,1.0,1.0,65351298.22,85138205.64,1.0,1.0,0.0,True,0.0,4.0,EXACT
ws-10893,1.0,1.0,0.0,0.0,1.0,43007290.0,24526192.64,1.0,0.0,0.0,False,1.0,1.0,PROBABLE
vdr-11599,1.0,0.0,0.0,0.0,1.0,2839131.0,20856798.0,1.0,0.0,0.0,False,0.0,1.0,PROBABLE
VDR-10527,9.0,2.0,1.0,3.0,6.0,218260979.96,195233119.6,8.0,6.0,1.0,False,0.2222222222222222,15.0,PROBABLE
LPT-10563,5.0,0.0,0.0,3.0,2.0,134038838.52,144064635.28,5.0,2.0,0.0,True,0.0,7.0,EXACT
LPT_10210,2.0,0.0,0.0,1.0,0.0,42717368.22,63375933.44,2.0,0.0,0.0,False,0.0,2.0,PROBABLE
LPT-11271.corp.local,1.0,0.0,0.0,1.0,0.0,8320542.0,43883113.0,0.0,0.0,0.0,False,0.0,1.0,PROBABLE
LPT-11472,9.0,1.0,0.0,5.0,8.0,214011917.6,194076430.12,5.0,2.0,0.0,True,0.1111111111111111,11.0,EXACT
ws-10996,1.0,0.0,0.0,1.0,1.0,42813358.08,29780526.0,1.0,0.0,0.0,False,0.0,1.0,PROBABLE
ws-12981,1.0,1.0,0.0,0.0,0.0,24819643.22,46762195.0,1.0,0.0,0.0,False,1.0,1.0,PROBABLE
LPT_11030,1.0,0.0,0.0,0.0,0.0,12944175.0,20596694.0,1.0,0.0,0.0,False,0.0,1.0,PROBABLE
lpt-11573,1.0,0.0,0.0,0.0,0.0,47038569.0,3554892.0,1.0,0.0,0.0,False,0.0,1.0,PROBABLE
VDR-10132.corp.local,1.0,0.0,1.0,1.0,1.0,45400387.0,46270163.0,1.0,0.0,0.0,False,0.0,1.0,PROBABLE
WS-12589,7.0,3.0,0.0,2.0,3.0,170262031.66,123702272.8,7.0,5.0,0.0,True,0.42857142857142855,12.0,EXACT
vdr-12777,1.0,0.0,1.0,1.0,0.0,24819643.22,22188036.0,1.0,0.0,0.0,False,0.0,1.0,PROBABLE
WS-12984,6.0,2.0,1.0,3.0,2.0,140443020.6,91806765.24,6.0,5.0,1.0,True,0.3333333333333333,11.0,EXACT
WS-11601,6.0,0.0,1.0,4.0,3.0,140110076.34,165175621.68,6.0,3.0,1.0,True,0.0,9.0,EXACT
LPT-12703.corp.local,1.0,0.0,0.0,1.0,0.0,691230.72,24526192.64,1.0,0.0,0.0,False,0.0,1.0,PROBABLE
ws-10091,1.0,1.0,0.0,0.0,1.0,10390149.12,15812526.08,0.0,0.0,0.0,False,1.0,1.0,PROBABLE
WS-11153,6.0,1.0,2.0,2.0,0.0,136822205.98000002,167728895.68,4.0,1.0,0.0,True,0.16666666666666666,7.0,EXACT
ws-10417,1.0,0.0,0.0,0.0,0.0,38825590.0,17888706.56,1.0,0.0,0.0,False,0.0,1.0,PROBABLE
lpt-12541,1.0,0.0,0.0,0.0,1.0,35782275.0,31126764.0,1.0,0.0,0.0,False,0.0,1.0,PROBABLE
VDR_12129,1.0,0.0,0.0,0.0,1.0,42914403.0,46222162.0,1.0,0.0,0.0,False,0.0,1.0,PROBABLE
LPT_12538,2.0,1.0,1.0,2.0,2.0,50257607.12,42557693.0,2.0,0.0,0.0,False,0.5,2.0,PROBABLE
VDR-12832.corp.local,2.0,0.0,0.0,1.0,1.0,31888318.22,14921918.4,2.0,0.0,0.0,False,0.0,2.0,PROBABLE
LPT-11291.corp.local,1.0,0.0,1.0,0.0,1.0,24819643.22,43707594.0,1.0,0.0,0.0,False,0.0,1.0,PROBABLE
VDR-11093.corp.local,1.0,0.0,0.0,1.0,1.0,7866049.0,24526192.64,1.0,0.0,0.0,False,0.0,1.0,PROBABLE
LPT-10682,4.0,1.0,0.0,1.0,2.0,92592780.22,109792889.0,3.0,1.0,0.0,True,0.25,5.0,EXACT
LPT-12329.corp.local,2.0,1.0,0.0,0.0,2.0,45103311.0,29479114.64,1.0,0.0,0.0,False,0.5,2.0,PROBABLE
WS-11997,8.0,0.0,0.0,3.0,3.0,160192343.51999998,228657287.44,7.0,3.0,1.0,True,0.0,11.0,EXACT
VDR-10353.corp.local,3.0,0.0,0.0,1.0,1.0,62039501.0,92292433.92,2.0,0.0,0.0,False,0.0,3.0,PROBABLE
WS_12913,1.0,1.0,1.0,1.0,1.0,11972592.0,9409177.6,1.0,0.0,0.0,False,1.0,1.0,PROBABLE
WS-10370,8.0,2.0,0.0,5.0,6.0,240029256.14,197103592.48000002,7.0,2.0,1.0,True,0.25,10.0,EXACT
LPT-12231.corp.local,1.0,1.0,0.0,0.0,1.0,23192042.0,24526192.64,1.0,0.0,0.0,False,1.0,1.0,PROBABLE
lpt-11522,2.0,0.0,0.0,1.0,1.0,22446098.759999998,60835058.0,2.0,0.0,0.0,False,0.0,2.0,PROBABLE
ws-11223,1.0,0.0,0.0,0.0,1.0,49566033.0,24526192.64,1.0,0.0,0.0,False,0.0,1.0,PROBABLE
VDR-10759.corp.local,1.0,1.0,0.0,1.0,1.0,18595311.0,24627850.0,1.0,0.0,0.0,False,1.0,1.0,PROBABLE
VDR-11256,9.0,2.0,1.0,4.0,4.0,226435107.44,247516120.2,9.0,3.0,0.0,True,0.2222222222222222,12.0,EXACT
WS_10643,1.0,0.0,0.0,1.0,0.0,39625928.0,471859.2,0.0,0.0,0.0,False,0.0,1.0,PROBABLE
WS-10341,5.0,2.0,0.0,1.0,2.0,89068530.58,103606769.03999999,4.0,3.0,0.0,True,0.4,8.0,EXACT
LPT-12597.,0.0,0.0,0.0,0.0,0.0,0.0,0.0,0.0,0.0,0.0,True,0.0,0.0,EXACT
VDR-11007,9.0,5.0,0.0,6.0,4.0,206788867.95999998,251351843.44,7.0,3.0,1.0,True,0.5555555555555556,12.0,EXACT
WS_10946,1.0,0.0,0.0,1.0,0.0,34514450.0,24526192.64,1.0,0.0,0.0,False,0.0,1.0,PROBABLE
WS_10181,1.0,1.0,0.0,1.0,1.0,2081090.0,7757313.0,1.0,0.0,0.0,False,1.0,1.0,PROBABLE
VDR-12373.corp.local,1.0,0.0,0.0,1.0,1.0,31046099.0,47683366.0,1.0,0.0,0.0,False,0.0,1.0,PROBABLE
VDR-10316,6.0,2.0,1.0,1.0,5.0,152868824.44,169679392.56,5.0,4.0,1.0,True,0.3333333333333333,10.0,EXACT
WS-10243,9.0,1.0,1.0,2.0,5.0,186141328.86,197710425.32,8.0,6.0,0.0,True,0.1111111111111111,15.0,EXACT
LPT_12004,1.0,0.0,0.0,0.0,1.0,37985189.0,38366464.0,1.0,0.0,0.0,False,0.0,1.0,PROBABLE
WS-10974,3.0,0.0,1.0,1.0,1.0,24727267.36,104889831.03999999,3.0,3.0,0.0,False,0.0,6.0,PROBABLE
VDR_10326,2.0,0.0,0.0,2.0,1.0,73701522.25999999,67577940.64,1.0,0.0,0.0,False,0.0,2.0,PROBABLE
vdr-11344,4.0,0.0,0.0,2.0,0.0,105930659.44,91536866.28,3.0,0.0,0.0,False,0.0,4.0,PROBABLE
ws-12206,2.0,1.0,0.0,1.0,2.0,74665970.0,85163699.0,2.0,0.0,0.0,False,0.5,2.0,PROBABLE
WS_12619,1.0,0.0,0.0,0.0,0.0,46179549.0,23940516.0,1.0,0.0,0.0,False,0.0,1.0,PROBABLE
VDR-10208,2.0,0.0,0.0,2.0,1.0,45885511.0,38749588.64,2.0,3.0,0.0,True,0.0,5.0,EXACT
LPT-10797,8.0,1.0,0.0,6.0,3.0,189709137.07999998,198617886.0,7.0,3.0,0.0,True,0.125,11.0,EXACT
vdr-12184,2.0,0.0,1.0,1.0,0.0,22311649.0,69747885.64,2.0,0.0,0.0,False,0.0,2.0,PROBABLE
LPT-10227.corp.local,1.0,0.0,0.0,1.0,1.0,3866318.0,24526192.64,0.0,0.0,0.0,False,0.0,1.0,PROBABLE
WS-11354,9.0,4.0,4.0,4.0,5.0,214921907.12,175540313.04,5.0,1.0,0.0,False,0.4444444444444444,10.0,PROBABLE
WS-11473.corp.local,3.0,1.0,0.0,1.0,2.0,74458929.66,115715596.64,3.0,0.0,0.0,False,0.3333333333333333,3.0,PROBABLE
VDR-11206.,0.0,0.0,0.0,0.0,0.0,0.0,0.0,0.0,0.0,0.0,True,0.0,0.0,EXACT
VDR-10835.,0.0,0.0,0.0,0.0,0.0,0.0,0.0,0.0,0.0,0.0,True,0.0,0.0,EXACT
lpt-12444,2.0,1.0,2.0,2.0,1.0,44504961.22,21311600.84,2.0,0.0,0.0,False,0.5,2.0,PROBABLE
LPT-12202,12.0,1.0,2.0,9.0,6.0,346981010.38,220488735.56,11.0,5.0,1.0,True,0.08333333333333333,17.0,EXACT
VDR_12610,1.0,0.0,0.0,1.0,1.0,24819643.22,12100972.0,1.0,0.0,0.0,False,0.0,1.0,PROBABLE
LPT-12223,5.0,3.0,1.0,3.0,0.0,59577919.44,107220683.28,3.0,1.0,0.0,True,0.6,6.0,EXACT
LPT-12029,12.0,4.0,0.0,3.0,6.0,260911501.92,309888527.56,11.0,0.0,0.0,True,0.3333333333333333,12.0,EXACT
LPT-12973,9.0,0.0,0.0,2.0,2.0,233831291.89999998,246958595.4,8.0,4.0,0.0,True,0.0,13.0,EXACT
LPT-11512.corp.local,2.0,0.0,0.0,0.0,1.0,98488587.0,49052385.28,1.0,0.0,0.0,False,0.0,2.0,PROBABLE
VDR-12254.corp.local,2.0,1.0,0.0,2.0,1.0,65868627.0,14841380.0,2.0,0.0,0.0,False,0.5,2.0,PROBABLE
WS-10397,8.0,1.0,1.0,6.0,2.0,192307452.44,222854124.12,8.0,3.0,0.0,False,0.125,11.0,PROBABLE
WS_12319,1.0,1.0,0.0,0.0,0.0,24819643.22,24526192.64,1.0,0.0,0.0,False,1.0,1.0,PROBABLE
WS-12999,11.0,3.0,2.0,7.0,6.0,329811694.32,252444927.84,8.0,4.0,0.0,True,0.2727272727272727,15.0,EXACT
VDR_11237,1.0,0.0,0.0,1.0,1.0,24819643.22,33921327.0,1.0,0.0,0.0,False,0.0,1.0,PROBABLE
LPT-10423,8.0,3.0,0.0,6.0,3.0,214504091.8,185310866.72,8.0,1.0,0.0,True,0.375,9.0,EXACT
LPT_11294,1.0,0.0,0.0,1.0,0.0,38207959.0,18576811.0,1.0,0.0,0.0,False,0.0,1.0,PROBABLE
VDR-12820.corp.local,1.0,0.0,0.0,0.0,0.0,36852942.0,9522049.0,1.0,0.0,0.0,False,0.0,1.0,PROBABLE
lpt-10850,1.0,0.0,0.0,0.0,1.0,44753223.68,38391757.0,1.0,0.0,0.0,False,0.0,1.0,PROBABLE
WS_11957,1.0,0.0,0.0,1.0,0.0,28133877.76,30883246.0,1.0,0.0,0.0,False,0.0,1.0,PROBABLE
WS-11878.corp.local,3.0,0.0,0.0,1.0,2.0,82323410.6,73578577.92,2.0,0.0,0.0,False,0.0,3.0,PROBABLE
VDR_10462,1.0,1.0,0.0,1.0,0.0,17773363.2,32847992.0,1.0,0.0,0.0,False,1.0,1.0,PROBABLE
ws-10749,1.0,0.0,0.0,0.0,1.0,45708204.0,24526192.64,1.0,0.0,0.0,False,0.0,1.0,PROBABLE
WS-12047,9.0,2.0,1.0,6.0,5.0,230761702.64,314167793.0,8.0,1.0,0.0,True,0.2222222222222222,10.0,EXACT
WS-10397.,0.0,0.0,0.0,0.0,0.0,0.0,0.0,0.0,0.0,0.0,True,0.0,0.0,EXACT
LPT-11116.corp.local,2.0,0.0,0.0,1.0,2.0,33373370.0,50589695.0,1.0,0.0,0.0,False,0.0,2.0,PROBABLE
lpt-12372,1.0,0.0,0.0,1.0,0.0,37242449.92,13937439.0,0.0,0.0,0.0,False,0.0,1.0,PROBABLE
lpt-12813,1.0,0.0,0.0,1.0,0.0,24819643.22,38385624.0,1.0,0.0,0.0,False,0.0,1.0,PROBABLE
WS-10554,6.0,0.0,0.0,2.0,4.0,182906857.0,116476806.08,6.0,2.0,0.0,True,0.0,8.0,EXACT
ws-11261,3.0,1.0,0.0,1.0,2.0,58820573.44,75420536.64,3.0,0.0,0.0,False,0.3333333333333333,3.0,PROBABLE
VDR_12148,1.0,1.0,1.0,1.0,0.0,46508333.0,24526192.64,1.0,0.0,0.0,False,1.0,1.0,PROBABLE
lpt-10935,1.0,1.0,0.0,0.0,0.0,48948554.0,24526192.64,0.0,0.0,0.0,False,1.0,1.0,PROBABLE
WS-10365,5.0,1.0,0.0,2.0,1.0,95321126.44,101420073.2,5.0,5.0,0.0,True,0.2,10.0,EXACT
vdr-10231,6.0,4.0,1.0,3.0,3.0,137863629.06,124749749.64,5.0,0.0,0.0,False,0.6666666666666666,6.0,PROBABLE
LPT-12829,13.0,2.0,2.0,8.0,7.0,344784110.08,346674033.96,11.0,0.0,0.0,True,0.15384615384615385,13.0,EXACT
LPT_12993,1.0,0.0,0.0,0.0,1.0,17846763.52,26167258.0,0.0,0.0,0.0,False,0.0,1.0,PROBABLE
ws-12037,3.0,0.0,1.0,2.0,1.0,78498115.44,94411965.84,3.0,0.0,0.0,False,0.0,3.0,PROBABLE
LPT_11511,1.0,0.0,0.0,0.0,1.0,42450035.0,17322577.0,0.0,0.0,0.0,False,0.0,1.0,PROBABLE
VDR-10724.corp.local,1.0,0.0,0.0,1.0,0.0,39048970.24,16703076.0,0.0,0.0,0.0,False,0.0,1.0,PROBABLE
VDR-12403,11.0,4.0,2.0,2.0,4.0,326678795.71999997,320880878.92,10.0,4.0,0.0,False,0.36363636363636365,15.0,PROBABLE
ws-10979,3.0,0.0,0.0,0.0,0.0,71851955.88,78769460.28,3.0,0.0,0.0,False,0.0,3.0,PROBABLE
LPT-11060,5.0,0.0,0.0,4.0,4.0,90064487.16,99767085.6,4.0,0.0,0.0,True,0.0,5.0,EXACT
lpt-12323,1.0,0.0,0.0,0.0,0.0,766914.0,24526192.64,0.0,0.0,0.0,False,0.0,1.0,PROBABLE
WS-12855.corp.local,3.0,1.0,0.0,0.0,2.0,90910906.92,96577263.0,3.0,0.0,0.0,False,0.3333333333333333,3.0,PROBABLE
vdr-12017,4.0,2.0,1.0,3.0,1.0,110202051.1,105360916.48,4.0,0.0,0.0,False,0.5,4.0,PROBABLE
vdr-11718,1.0,1.0,0.0,1.0,0.0,24819643.22,25340955.0,0.0,0.0,0.0,False,1.0,1.0,PROBABLE
ws-12853,1.0,0.0,0.0,0.0,0.0,24819643.22,13702238.0,1.0,0.0,0.0,False,0.0,1.0,PROBABLE
WS-12509.corp.local,1.0,0.0,0.0,0.0,0.0,29753942.0,24526192.64,1.0,0.0,0.0,False,0.0,1.0,PROBABLE
vdr-11378,2.0,0.0,1.0,1.0,0.0,25731346.22,35402864.64,1.0,0.0,0.0,False,0.0,2.0,PROBABLE
VDR_11375,1.0,0.0,0.0,0.0,1.0,24818196.0,24526192.64,1.0,0.0,0.0,False,0.0,1.0,PROBABLE
WS-11986,14.0,0.0,1.0,8.0,6.0,349655315.32,333924434.76,12.0,1.0,0.0,True,0.0,15.0,EXACT
WS-11154.corp.local,1.0,0.0,0.0,1.0,0.0,15593646.0,39120305.0,1.0,0.0,0.0,False,0.0,1.0,PROBABLE
WS-11443,11.0,2.0,2.0,6.0,4.0,301237940.18,262255557.2,11.0,5.0,1.0,True,0.18181818181818182,16.0,EXACT
VDR-11935,6.0,1.0,1.0,4.0,6.0,183579617.22,189060533.4,5.0,4.0,0.0,True,0.16666666666666666,10.0,EXACT
WS_10610,1.0,0.0,0.0,1.0,1.0,24819643.22,15309035.0,1.0,0.0,0.0,False,0.0,1.0,PROBABLE
ws-11079,2.0,1.0,0.0,1.0,0.0,35319728.98,63369950.0,2.0,0.0,0.0,False,0.5,2.0,PROBABLE
WS_12790,3.0,0.0,0.0,1.0,1.0,86617789.0,44236498.64,3.0,0.0,0.0,False,0.0,3.0,PROBABLE
WS_11516,2.0,0.0,1.0,1.0,0.0,55093403.22,52226349.0,2.0,0.0,0.0,False,0.0,2.0,PROBABLE
lpt-10104,1.0,1.0,0.0,0.0,1.0,24819643.22,24526192.64,1.0,0.0,0.0,False,1.0,1.0,PROBABLE
ws-10845,1.0,1.0,0.0,0.0,1.0,4047503.36,32976078.0,1.0,0.0,0.0,False,1.0,1.0,PROBABLE
WS-10355,5.0,1.0,0.0,3.0,3.0,137890931.22,106981607.28,4.0,4.0,0.0,True,0.2,9.0,EXACT
lpt-11679,1.0,0.0,0.0,0.0,0.0,28565313.0,13888203.0,1.0,0.0,0.0,False,0.0,1.0,PROBABLE
WS-12715,10.0,1.0,1.0,5.0,6.0,251241960.3,190981551.56,8.0,0.0,0.0,False,0.1,10.0,PROBABLE
ws-11437,1.0,1.0,0.0,0.0,1.0,39348678.0,46295419.0,0.0,0.0,0.0,False,1.0,1.0,PROBABLE
WS-11041.corp.local,1.0,1.0,0.0,0.0,0.0,24819643.22,25630333.0,1.0,0.0,0.0,False,1.0,1.0,PROBABLE
vdr-11266,1.0,0.0,0.0,0.0,0.0,46142601.0,25501538.0,1.0,0.0,0.0,False,0.0,1.0,PROBABLE
WS-12162.corp.local,1.0,0.0,0.0,1.0,1.0,35316039.68,17356032.0,1.0,0.0,0.0,False,0.0,1.0,PROBABLE
VDR-11273.corp.local,1.0,0.0,0.0,0.0,1.0,11135853.0,24526192.64,1.0,0.0,0.0,False,0.0,1.0,PROBABLE
VDR-10312,9.0,1.0,1.0,5.0,6.0,218684330.78,252339046.4,9.0,1.0,0.0,True,0.1111111111111111,10.0,EXACT
vdr-10838,2.0,0.0,0.0,1.0,2.0,22037894.0,73725460.0,2.0,0.0,0.0,False,0.0,2.0,PROBABLE
LPT-11792,9.0,5.0,0.0,2.0,7.0,180735281.04,194402265.39999998,9.0,0.0,0.0,True,0.5555555555555556,9.0,EXACT
vdr-11095,2.0,0.0,0.0,1.0,1.0,49639286.44,54607315.0,2.0,0.0,0.0,False,0.0,2.0,PROBABLE
vdr-11345,1.0,0.0,0.0,0.0,0.0,46440155.0,6179712.0,0.0,0.0,0.0,False,0.0,1.0,PROBABLE
ws-10184,1.0,1.0,0.0,0.0,0.0,10413950.0,4808250.0,0.0,0.0,0.0,False,1.0,1.0,PROBABLE
WS-10091.corp.local,1.0,0.0,0.0,1.0,1.0,23411389.0,24526192.64,0.0,0.0,0.0,False,0.0,1.0,PROBABLE
LPT-10842.corp.local,1.0,1.0,0.0,0.0,0.0,7454999.0,24526192.64,1.0,0.0,0.0,False,1.0,1.0,PROBABLE
lpt-10752,2.0,0.0,0.0,0.0,0.0,55008146.26,39636509.16,2.0,0.0,0.0,False,0.0,2.0,PROBABLE
LPT_10719,1.0,0.0,0.0,1.0,0.0,4697620.48,32578753.0,1.0,0.0,0.0,False,0.0,1.0,PROBABLE
VDR_12896,2.0,0.0,0.0,1.0,1.0,18358588.0,82503867.68,2.0,0.0,0.0,False,0.0,2.0,PROBABLE
VDR-12279.corp.local,1.0,0.0,0.0,0.0,0.0,22571356.16,39425330.0,1.0,0.0,0.0,False,0.0,1.0,PROBABLE
WS-12097.corp.local,3.0,1.0,0.0,1.0,1.0,63884234.98,78585487.03999999,3.0,0.0,0.0,False,0.3333333333333333,3.0,PROBABLE
ws-12988,2.0,1.0,0.0,1.0,1.0,50542320.72,55176761.64,2.0,0.0,0.0,False,0.5,2.0,PROBABLE
WS-10610.corp.local,1.0,0.0,0.0,1.0,1.0,24819643.22,24526192.64,1.0,0.0,0.0,False,0.0,1.0,PROBABLE
vdr-11128,1.0,0.0,0.0,0.0,1.0,268691.0,24526192.64,0.0,0.0,0.0,False,0.0,1.0,PROBABLE
WS_10213,2.0,1.0,0.0,1.0,0.0,50044347.22,50962381.0,2.0,0.0,0.0,False,0.5,2.0,PROBABLE
LPT-11015.corp.local,1.0,1.0,0.0,1.0,1.0,1468006.4,47575605.0,0.0,0.0,0.0,False,1.0,1.0,PROBABLE
ws-12518,2.0,1.0,0.0,1.0,1.0,27079455.0,24693964.8,2.0,0.0,0.0,False,0.5,2.0,PROBABLE
LPT-10560,6.0,1.0,0.0,4.0,6.0,107338810.74,172776030.0,6.0,4.0,0.0,True,0.16666666666666666,10.0,EXACT
LPT-12616.corp.local,1.0,0.0,0.0,0.0,0.0,14569861.12,17229377.0,1.0,0.0,0.0,False,0.0,1.0,PROBABLE
LPT-10290,4.0,0.0,3.0,2.0,2.0,116827383.91999999,102970446.68,4.0,5.0,0.0,False,0.0,9.0,PROBABLE
LPT-10956,7.0,1.0,0.0,3.0,5.0,218627191.66,125452342.64,6.0,0.0,0.0,True,0.14285714285714285,7.0,EXACT
LPT_11373,1.0,0.0,0.0,1.0,0.0,10262077.44,49452975.0,1.0,0.0,0.0,False,0.0,1.0,PROBABLE
LPT-11870.corp.local,2.0,1.0,0.0,1.0,0.0,24091742.0,49052385.28,2.0,0.0,0.0,False,0.5,2.0,PROBABLE
LPT-11476.corp.local,1.0,0.0,0.0,0.0,0.0,28292454.0,4724049.0,1.0,0.0,0.0,False,0.0,1.0,PROBABLE
WS-10686.corp.local,1.0,0.0,0.0,1.0,1.0,40783881.0,24526192.64,0.0,0.0,0.0,False,0.0,1.0,PROBABLE
LPT-10944,8.0,3.0,1.0,3.0,3.0,174139846.44,211289703.32,7.0,5.0,0.0,True,0.375,13.0,EXACT
WS-10184,5.0,2.0,2.0,3.0,3.0,88544004.66,156470554.36,4.0,2.0,0.0,True,0.4,7.0,EXACT
ws-10865,1.0,0.0,0.0,0.0,1.0,46214482.0,2048142.0,1.0,0.0,0.0,False,0.0,1.0,PROBABLE
LPT_10909,1.0,0.0,0.0,1.0,1.0,20806809.6,25649315.84,1.0,0.0,0.0,False,0.0,1.0,PROBABLE
lpt-11800,1.0,0.0,1.0,0.0,1.0,18514246.0,5542585.0,0.0,0.0,0.0,False,0.0,1.0,PROBABLE
WS-12051,12.0,2.0,6.0,7.0,8.0,204312470.84,300620328.72,12.0,5.0,1.0,True,0.16666666666666666,17.0,EXACT
VDR-12781,8.0,1.0,0.0,3.0,5.0,198851138.6,170542563.92000002,8.0,3.0,0.0,True,0.125,11.0,EXACT
VDR_11225,2.0,0.0,0.0,0.0,0.0,70446232.22,47429205.4,2.0,0.0,0.0,False,0.0,2.0,PROBABLE
WS-12092,5.0,3.0,0.0,4.0,4.0,142989467.44,126584194.36,3.0,1.0,0.0,True,0.6,6.0,EXACT
VDR_10917,1.0,0.0,0.0,0.0,1.0,38490552.0,24815604.0,1.0,0.0,0.0,False,0.0,1.0,PROBABLE
VDR-11694,6.0,2.0,0.0,4.0,3.0,130221687.82,132823252.08,4.0,4.0,0.0,True,0.3333333333333333,10.0,EXACT
VDR_10673,1.0,0.0,0.0,0.0,0.0,24819643.22,36449458.0,1.0,0.0,0.0,False,0.0,1.0,PROBABLE
WS-12009,7.0,1.0,1.0,2.0,3.0,179124436.44,165266499.84,7.0,2.0,0.0,True,0.14285714285714285,9.0,EXACT
WS-10436,5.0,1.0,0.0,4.0,2.0,182872327.0,77188768.48,3.0,3.0,0.0,True,0.2,8.0,EXACT
LPT-10985,13.0,1.0,1.0,6.0,6.0,292816468.2,299797501.52,12.0,3.0,0.0,True,0.07692307692307693,16.0,EXACT
WS-10574,6.0,2.0,0.0,2.0,2.0,179062370.98,203983423.76,5.0,4.0,0.0,True,0.3333333333333333,10.0,EXACT
vdr-10869,1.0,0.0,0.0,0.0,1.0,8509654.0,49204920.32,1.0,0.0,0.0,False,0.0,1.0,PROBABLE
ws-10982,3.0,0.0,0.0,2.0,2.0,71543204.22,95914619.03999999,3.0,0.0,0.0,False,0.0,3.0,PROBABLE
WS-10155,13.0,2.0,2.0,5.0,9.0,292695030.56,328414443.44,12.0,0.0,0.0,True,0.15384615384615385,13.0,EXACT
WS-10202.corp.local,3.0,0.0,0.0,1.0,2.0,24387152.0,36896930.92,1.0,0.0,0.0,False,0.0,3.0,PROBABLE
LPT-10565,11.0,2.0,0.0,5.0,5.0,244997640.76,330621066.56,10.0,4.0,1.0,True,0.18181818181818182,15.0,EXACT
ws-11317,2.0,0.0,0.0,2.0,0.0,31453772.0,44726790.64,1.0,0.0,0.0,False,0.0,2.0,PROBABLE
WS-10301.corp.local,4.0,1.0,0.0,2.0,2.0,50943651.92,77932448.6,4.0,0.0,0.0,False,0.25,4.0,PROBABLE
LPT_11423,1.0,0.0,0.0,0.0,1.0,24819643.22,27593662.0,1.0,0.0,0.0,False,0.0,1.0,PROBABLE
LPT-10183,7.0,2.0,2.0,4.0,3.0,140944522.22,140074326.0,5.0,0.0,0.0,True,0.2857142857142857,7.0,EXACT
VDR-12038,10.0,1.0,0.0,7.0,6.0,218953091.18,296728528.56,8.0,0.0,0.0,True,0.1,10.0,EXACT
LPT_11704,1.0,0.0,1.0,1.0,1.0,24819643.22,24526192.64,1.0,0.0,0.0,False,0.0,1.0,PROBABLE
LPT_11250,1.0,0.0,0.0,1.0,1.0,17617269.0,44399648.0,1.0,0.0,0.0,False,0.0,1.0,PROBABLE
lpt-12538,2.0,0.0,0.0,1.0,0.0,94121956.92,18352424.0,1.0,0.0,0.0,False,0.0,2.0,PROBABLE
LPT-10822,8.0,2.0,0.0,2.0,4.0,262956696.46,135941941.04,8.0,2.0,0.0,True,0.25,10.0,EXACT
VDR_12875,1.0,0.0,0.0,0.0,1.0,8561160.0,8110313.0,1.0,0.0,0.0,False,0.0,1.0,PROBABLE
LPT_12467,1.0,1.0,0.0,1.0,1.0,33385343.0,24526192.64,1.0,0.0,0.0,False,1.0,1.0,PROBABLE
vdr-10340,1.0,0.0,0.0,1.0,0.0,24819643.22,26277314.56,1.0,0.0,0.0,False,0.0,1.0,PROBABLE
WS-12468.corp.local,1.0,0.0,1.0,1.0,0.0,11775857.0,47794166.0,1.0,0.0,0.0,False,0.0,1.0,PROBABLE
WS-10812,14.0,1.0,1.0,9.0,7.0,276387865.65999997,425448462.96000004,9.0,1.0,0.0,True,0.07142857142857142,15.0,EXACT
VDR-12025.corp.local,2.0,0.0,1.0,1.0,2.0,70881188.0,71272909.32,1.0,0.0,0.0,False,0.0,2.0,PROBABLE
VDR_10346,2.0,0.0,0.0,1.0,2.0,63186180.22,49052385.28,2.0,0.0,0.0,False,0.0,2.0,PROBABLE
lpt-11902,1.0,0.0,0.0,1.0,1.0,12735308.0,24526192.64,1.0,0.0,0.0,False,0.0,1.0,PROBABLE
lpt-11178,2.0,1.0,0.0,2.0,1.0,80427735.0,63712482.08,2.0,0.0,0.0,False,0.5,2.0,PROBABLE
VDR-10672,9.0,2.0,0.0,7.0,2.0,225993080.5,225375732.28,8.0,3.0,1.0,True,0.2222222222222222,12.0,EXACT
ws-11738,1.0,0.0,0.0,0.0,0.0,36474784.0,48378418.0,1.0,0.0,0.0,False,0.0,1.0,PROBABLE
ws-10737,1.0,0.0,0.0,1.0,0.0,5692214.0,24526192.64,1.0,0.0,0.0,False,0.0,1.0,PROBABLE
LPT-12635,9.0,3.0,1.0,8.0,5.0,235798692.94,213680067.0,6.0,5.0,1.0,True,0.3333333333333333,14.0,EXACT
ws-11064,3.0,0.0,0.0,1.0,1.0,62571842.22,83398639.0,3.0,0.0,0.0,False,0.0,3.0,PROBABLE
WS_10683,1.0,0.0,0.0,1.0,1.0,9273989.12,21805232.0,1.0,0.0,0.0,False,0.0,1.0,PROBABLE
VDR_11083,1.0,0.0,0.0,0.0,1.0,24819643.22,3939564.0,1.0,0.0,0.0,False,0.0,1.0,PROBABLE
vdr-12991,2.0,1.0,0.0,0.0,2.0,48215191.0,64762707.64,2.0,0.0,0.0,False,0.5,2.0,PROBABLE
LPT-12066,6.0,2.0,1.0,4.0,0.0,158219275.44,171590051.56,4.0,4.0,0.0,True,0.3333333333333333,10.0,EXACT
LPT-12427,8.0,3.0,1.0,5.0,4.0,223335818.94,189849213.8,6.0,2.0,0.0,True,0.375,10.0,EXACT
lpt-12993,1.0,0.0,0.0,0.0,0.0,22551957.0,24526192.64,1.0,0.0,0.0,False,0.0,1.0,PROBABLE
ws-10517,2.0,1.0,0.0,1.0,2.0,67291474.0,49968076.96,2.0,0.0,0.0,False,0.5,2.0,PROBABLE
LPT-10782.corp.local,1.0,1.0,0.0,0.0,1.0,7890964.48,3122592.0,1.0,0.0,0.0,False,1.0,1.0,PROBABLE
LPT-11163,11.0,1.0,1.0,5.0,3.0,179479697.01999998,300508736.52,8.0,4.0,0.0,True,0.09090909090909091,15.0,EXACT
ws-12878,1.0,1.0,0.0,0.0,0.0,3134543.0,40591140.0,1.0,0.0,0.0,False,1.0,1.0,PROBABLE
LPT_10021,1.0,0.0,0.0,1.0,0.0,5942621.0,40378936.0,1.0,0.0,0.0,False,0.0,1.0,PROBABLE
VDR-10919.corp.local,1.0,0.0,0.0,0.0,1.0,42846279.68,24526192.64,0.0,0.0,0.0,False,0.0,1.0,PROBABLE
WS-11186,9.0,2.0,2.0,3.0,4.0,156919618.66,204400762.44,7.0,5.0,0.0,False,0.2222222222222222,14.0,PROBABLE
WS-11108.corp.local,3.0,1.0,0.0,2.0,3.0,71732931.1,45014686.56,1.0,0.0,0.0,False,0.3333333333333333,3.0,PROBABLE
LPT-12432,12.0,1.0,0.0,9.0,5.0,285590375.64,321279876.04,7.0,5.0,0.0,True,0.08333333333333333,17.0,EXACT
lpt-11789,1.0,0.0,0.0,0.0,1.0,34912254.0,24526192.64,1.0,0.0,0.0,False,0.0,1.0,PROBABLE
LPT_10842,2.0,0.0,0.0,1.0,1.0,11796991.92,72897575.64,2.0,0.0,0.0,False,0.0,2.0,PROBABLE
WS-10509,8.0,1.0,1.0,1.0,3.0,253155073.66,101741452.44,8.0,2.0,1.0,True,0.125,10.0,EXACT
WS-12396,3.0,0.0,1.0,1.0,3.0,54770641.0,66071542.28,3.0,1.0,0.0,True,0.0,4.0,EXACT
LPT-12305,7.0,1.0,2.0,2.0,3.0,224925243.66,200769860.12,7.0,1.0,1.0,True,0.14285714285714285,8.0,EXACT
ws-10933,1.0,0.0,0.0,0.0,0.0,26448834.0,24526192.64,1.0,0.0,0.0,False,0.0,1.0,PROBABLE
VDR-10248,10.0,2.0,2.0,6.0,6.0,294270354.62,251170752.68,9.0,3.0,0.0,True,0.2,13.0,EXACT
WS-10264,8.0,3.0,0.0,6.0,4.0,183842460.66,206961209.64,8.0,4.0,0.0,True,0.375,12.0,EXACT
lpt-12182,2.0,0.0,0.0,1.0,1.0,15646017.0,81804614.0,2.0,0.0,0.0,False,0.0,2.0,PROBABLE
LPT_11178,1.0,0.0,0.0,1.0,0.0,36313238.0,13019841.0,1.0,0.0,0.0,False,0.0,1.0,PROBABLE
LPT-11721,5.0,0.0,0.0,4.0,2.0,153981111.74,153029481.0,4.0,4.0,0.0,True,0.0,9.0,EXACT
WS-12050.corp.local,1.0,0.0,0.0,0.0,0.0,24819643.22,24526192.64,1.0,0.0,0.0,False,0.0,1.0,PROBABLE
lpt-11281,1.0,0.0,0.0,0.0,1.0,18234736.64,29634494.0,1.0,0.0,0.0,False,0.0,1.0,PROBABLE
ws-10155,1.0,0.0,0.0,0.0,1.0,24819643.22,32686489.0,1.0,0.0,0.0,False,0.0,1.0,PROBABLE
WS-11406,5.0,2.0,1.0,2.0,4.0,105300196.46000001,145786048.52,5.0,2.0,0.0,True,0.4,7.0,EXACT
VDR-12284,8.0,1.0,0.0,4.0,4.0,231780816.1,175779662.92000002,7.0,2.0,0.0,True,0.125,10.0,EXACT
WS_11865,2.0,0.0,0.0,2.0,1.0,67525665.8,26282392.64,1.0,0.0,0.0,False,0.0,2.0,PROBABLE
WS_11809,2.0,0.0,1.0,1.0,0.0,52099313.22,55561999.0,0.0,0.0,0.0,False,0.0,2.0,PROBABLE
LPT-10366,10.0,2.0,2.0,3.0,6.0,167642034.6,150008782.56,9.0,2.0,0.0,True,0.2,12.0,EXACT
LPT_11903,1.0,0.0,0.0,0.0,1.0,20639347.0,47857019.0,1.0,0.0,0.0,False,0.0,1.0,PROBABLE
lpt-12322,1.0,0.0,1.0,1.0,0.0,3605280.0,14351836.0,1.0,0.0,0.0,False,0.0,1.0,PROBABLE
LPT-12110,7.0,1.0,1.0,2.0,4.0,181417984.44,150486301.64,6.0,6.0,1.0,False,0.14285714285714285,13.0,PROBABLE
WS-12266.corp.local,1.0,0.0,0.0,0.0,0.0,36021421.0,16310057.0,1.0,0.0,0.0,False,0.0,1.0,PROBABLE
LPT-11101,6.0,1.0,2.0,4.0,4.0,167722908.22,120142258.0,6.0,2.0,0.0,True,0.16666666666666666,8.0,EXACT
LPT-12459.corp.local,2.0,0.0,0.0,0.0,0.0,82810658.0,51543606.64,2.0,0.0,0.0,False,0.0,2.0,PROBABLE
LPT-11438.corp.local,1.0,1.0,0.0,1.0,0.0,24819643.22,24526192.64,1.0,0.0,0.0,False,1.0,1.0,PROBABLE
ws-12361,3.0,2.0,0.0,1.0,1.0,54888806.0,88672215.03999999,3.0,0.0,0.0,False,0.6666666666666666,3.0,PROBABLE
vdr-12732,2.0,1.0,1.0,2.0,1.0,30529813.0,31382970.0,2.0,0.0,0.0,False,0.5,2.0,PROBABLE
VDR_10743,1.0,0.0,0.0,1.0,1.0,16431185.92,28695808.0,1.0,0.0,0.0,False,0.0,1.0,PROBABLE
lpt-10182,1.0,1.0,0.0,1.0,1.0,37134873.0,13101365.0,1.0,0.0,0.0,False,1.0,1.0,PROBABLE
ws-11329,2.0,0.0,0.0,0.0,1.0,27077817.22,71310724.88,1.0,0.0,0.0,False,0.0,2.0,PROBABLE
VDR_12131,2.0,1.0,1.0,1.0,0.0,50299162.22,75469559.64,1.0,0.0,0.0,False,0.5,2.0,PROBABLE
WS-10632,7.0,1.0,0.0,3.0,3.0,168656044.66,169243910.76,7.0,1.0,0.0,True,0.14285714285714285,8.0,EXACT
LPT-10976.corp.local,1.0,0.0,0.0,1.0,0.0,24819643.22,46607228.0,0.0,0.0,0.0,False,0.0,1.0,PROBABLE
LPT-11693,7.0,2.0,0.0,3.0,7.0,211731305.66,179819450.24,6.0,3.0,0.0,False,0.2857142857142857,10.0,PROBABLE
VDR_11729,1.0,0.0,0.0,0.0,1.0,8493547.52,46581319.68,1.0,0.0,0.0,False,0.0,1.0,PROBABLE
LPT-12768.corp.local,1.0,0.0,1.0,0.0,0.0,17577237.0,37769707.52,0.0,0.0,0.0,False,0.0,1.0,PROBABLE
vdr-10885,1.0,0.0,0.0,1.0,0.0,35620126.72,13916316.0,1.0,0.0,0.0,False,0.0,1.0,PROBABLE
vdr-12040,1.0,0.0,0.0,1.0,1.0,24819643.22,24526192.64,1.0,0.0,0.0,False,0.0,1.0,PROBABLE
lpt-12741,4.0,1.0,0.0,2.0,2.0,101133025.03999999,117474376.64,4.0,0.0,0.0,False,0.25,4.0,PROBABLE
VDR-11157,9.0,0.0,1.0,5.0,5.0,268455520.46,197801091.84,6.0,2.0,0.0,True,0.0,11.0,EXACT
LPT_12652,1.0,0.0,0.0,1.0,0.0,25157120.0,35085352.96,1.0,0.0,0.0,False,0.0,1.0,PROBABLE
VDR_10329,1.0,0.0,0.0,0.0,0.0,42697755.0,35282296.0,0.0,0.0,0.0,False,0.0,1.0,PROBABLE
ws-11985,1.0,0.0,0.0,1.0,1.0,24819643.22,9902510.08,1.0,0.0,0.0,False,0.0,1.0,PROBABLE
LPT-12685,7.0,1.0,1.0,1.0,1.0,202900152.82,172179524.56,7.0,1.0,0.0,True,0.14285714285714285,8.0,EXACT
lpt-12612,1.0,0.0,0.0,0.0,0.0,24819643.22,41052641.0,1.0,0.0,0.0,False,0.0,1.0,PROBABLE
lpt-10008,1.0,0.0,0.0,1.0,1.0,32635671.0,9733487.0,1.0,0.0,0.0,False,0.0,1.0,PROBABLE
VDR_12972,1.0,0.0,0.0,0.0,0.0,24819643.22,38608568.32,1.0,0.0,0.0,False,0.0,1.0,PROBABLE
LPT-11333,10.0,2.0,0.0,4.0,5.0,257674446.0,244166961.04,9.0,2.0,0.0,False,0.2,12.0,PROBABLE
LPT-12321,5.0,1.0,0.0,1.0,3.0,147649581.01999998,91973635.4,4.0,1.0,0.0,True,0.2,6.0,EXACT
WS-12261,9.0,3.0,1.0,5.0,5.0,175046318.76,282429014.24,8.0,2.0,0.0,True,0.3333333333333333,11.0,EXACT
LPT-12528.corp.local,2.0,2.0,1.0,1.0,0.0,79679578.0,30328120.96,0.0,0.0,0.0,False,1.0,2.0,PROBABLE
VDR-11090.corp.local,3.0,2.0,1.0,2.0,2.0,59533746.5,83936399.28,3.0,0.0,0.0,False,0.6666666666666666,3.0,PROBABLE
LPT-10199.corp.local,1.0,0.0,0.0,1.0,1.0,16893682.0,24526192.64,1.0,0.0,0.0,False,0.0,1.0,PROBABLE
VDR-11445.corp.local,1.0,0.0,1.0,0.0,1.0,24819643.22,11691047.0,1.0,0.0,0.0,False,0.0,1.0,PROBABLE
VDR-10562.corp.local,2.0,1.0,0.0,0.0,1.0,56787367.0,54051463.64,2.0,0.0,0.0,False,0.5,2.0,PROBABLE
VDR-12602,6.0,1.0,0.0,1.0,3.0,168232993.56,192347024.24,6.0,5.0,0.0,True,0.16666666666666666,11.0,EXACT
WS-12742,9.0,2.0,1.0,6.0,5.0,242591119.16,215236691.72,7.0,1.0,1.0,True,0.2222222222222222,10.0,EXACT
LPT_11476,2.0,1.0,0.0,2.0,1.0,35800819.68,87762888.88,0.0,0.0,0.0,False,0.5,2.0,PROBABLE
ws-10918,2.0,0.0,0.0,0.0,2.0,48801659.22,22190112.52,2.0,0.0,0.0,False,0.0,2.0,PROBABLE
WS-11481,2.0,1.0,0.0,1.0,1.0,48799299.0,35651584.0,2.0,1.0,0.0,True,0.5,3.0,EXACT
VDR-11404,7.0,2.0,0.0,5.0,3.0,178886181.07999998,171977570.28,5.0,3.0,0.0,True,0.2857142857142857,10.0,EXACT
LPT-12424,6.0,2.0,0.0,2.0,3.0,178049797.28,83522902.56,5.0,8.0,1.0,True,0.3333333333333333,14.0,EXACT
WS-10890,7.0,2.0,1.0,4.0,3.0,161226711.66,210267032.72,5.0,2.0,0.0,True,0.2857142857142857,9.0,EXACT
WS-12456,4.0,1.0,0.0,2.0,3.0,122563931.75999999,120772538.0,4.0,3.0,0.0,True,0.25,7.0,EXACT
ws-10505,2.0,1.0,0.0,1.0,2.0,47877829.45999999,30687604.64,0.0,0.0,0.0,False,0.5,2.0,PROBABLE
WS-11424.corp.local,1.0,0.0,0.0,0.0,1.0,25069811.0,42388778.0,1.0,0.0,0.0,False,0.0,1.0,PROBABLE
VDR-11580.corp.local,1.0,0.0,0.0,0.0,1.0,34836490.24,24526192.64,0.0,0.0,0.0,False,0.0,1.0,PROBABLE
LPT-12687.corp.local,2.0,0.0,1.0,2.0,2.0,51703380.82,18771578.88,1.0,0.0,0.0,False,0.0,2.0,PROBABLE
ws-11073,2.0,1.0,0.0,2.0,1.0,37617917.22,49052385.28,1.0,0.0,0.0,False,0.5,2.0,PROBABLE
WS_11430,3.0,0.0,0.0,2.0,2.0,75302454.44,57968862.08,3.0,0.0,0.0,False,0.0,3.0,PROBABLE
VDR-10879,7.0,0.0,1.0,3.0,2.0,231931398.76,191416014.92000002,6.0,1.0,0.0,True,0.0,8.0,EXACT
ws-10151,3.0,0.0,0.0,2.0,1.0,56570989.45999999,54405534.64,3.0,0.0,0.0,False,0.0,3.0,PROBABLE
WS_12226,1.0,0.0,0.0,1.0,1.0,36724299.0,32271765.0,1.0,0.0,0.0,False,0.0,1.0,PROBABLE
vdr-10861,3.0,0.0,0.0,1.0,1.0,81217130.22,97887787.64,2.0,0.0,0.0,False,0.0,3.0,PROBABLE
LPT-10596,9.0,4.0,3.0,5.0,5.0,225936862.57999998,219618342.2,9.0,3.0,0.0,False,0.4444444444444444,12.0,PROBABLE
LPT-11678.corp.local,1.0,0.0,0.0,1.0,1.0,1445175.0,27887417.0,1.0,0.0,0.0,False,0.0,1.0,PROBABLE
WS-10115.corp.local,2.0,0.0,0.0,1.0,1.0,69979659.22,57944225.64,1.0,0.0,0.0,False,0.0,2.0,PROBABLE
WS-10419,5.0,0.0,0.0,2.0,4.0,117483509.28,108347551.28,5.0,1.0,0.0,True,0.0,6.0,EXACT
vdr-10230,3.0,0.0,0.0,2.0,1.0,55146487.22,94766449.64,3.0,0.0,0.0,False,0.0,3.0,PROBABLE
ws-12682,2.0,1.0,0.0,1.0,1.0,68831138.22,5802894.0,2.0,0.0,0.0,False,0.5,2.0,PROBABLE
LPT-12800,4.0,3.0,1.0,0.0,3.0,87453141.5,82809145.03999999,2.0,2.0,0.0,True,0.75,6.0,EXACT
VDR-10132,4.0,0.0,0.0,1.0,1.0,146023333.22,24999915.0,2.0,1.0,1.0,True,0.0,5.0,EXACT
ws-10442,1.0,0.0,0.0,0.0,1.0,43552164.0,17696844.0,1.0,0.0,0.0,False,0.0,1.0,PROBABLE
VDR-12142.corp.local,1.0,0.0,0.0,0.0,0.0,24819643.22,26667671.0,0.0,0.0,0.0,False,0.0,1.0,PROBABLE
VDR_12436,2.0,0.0,0.0,1.0,1.0,27358006.22,21515710.0,1.0,0.0,0.0,False,0.0,2.0,PROBABLE
LPT-10897,12.0,3.0,0.0,6.0,4.0,237765008.3,222770195.92000002,11.0,3.0,0.0,False,0.25,15.0,PROBABLE
WS-10417.corp.local,1.0,0.0,0.0,1.0,0.0,42150746.0,23638859.0,1.0,0.0,0.0,False,0.0,1.0,PROBABLE
WS-10178,7.0,1.0,0.0,4.0,6.0,209692740.06,195658545.28,7.0,4.0,0.0,True,0.14285714285714285,11.0,EXACT
WS-10393,7.0,4.0,0.0,5.0,3.0,200487074.64,145507597.88,6.0,2.0,0.0,True,0.5714285714285714,9.0,EXACT
WS-12446.corp.local,1.0,0.0,0.0,0.0,1.0,44986259.0,38568407.0,1.0,0.0,0.0,False,0.0,1.0,PROBABLE
LPT-11534,8.0,1.0,1.0,2.0,5.0,225370531.88,193992732.24,6.0,2.0,0.0,True,0.125,10.0,EXACT
LPT-11685.corp.local,1.0,0.0,0.0,1.0,1.0,45917143.04,25866172.0,1.0,0.0,0.0,False,0.0,1.0,PROBABLE
VDR-11201,8.0,3.0,1.0,5.0,2.0,233172969.04,228836795.76,7.0,3.0,0.0,False,0.375,11.0,PROBABLE
lpt-12399,1.0,0.0,0.0,1.0,1.0,19975372.8,24526192.64,1.0,0.0,0.0,False,0.0,1.0,PROBABLE
VDR-11747,8.0,2.0,0.0,3.0,4.0,171398639.8,203880751.56,7.0,0.0,0.0,True,0.25,8.0,EXACT
vdr-11980,2.0,1.0,0.0,2.0,2.0,13864762.12,70484392.0,2.0,0.0,0.0,False,0.5,2.0,PROBABLE
LPT-12351,3.0,1.0,0.0,1.0,0.0,77919662.22,45955330.64,1.0,1.0,1.0,True,0.3333333333333333,4.0,EXACT
LPT-12700.,0.0,0.0,0.0,0.0,0.0,0.0,0.0,0.0,0.0,0.0,True,0.0,0.0,EXACT
LPT-11558.corp.local,1.0,0.0,0.0,0.0,0.0,24819643.22,24526192.64,0.0,0.0,0.0,False,0.0,1.0,PROBABLE
WS-11444,10.0,3.0,0.0,2.0,5.0,236348017.92,263713818.0,7.0,3.0,0.0,True,0.3,13.0,EXACT
WS-11923.corp.local,2.0,0.0,1.0,2.0,2.0,29340460.0,78391059.0,2.0,0.0,0.0,False,0.0,2.0,PROBABLE
VDR-12071,8.0,1.0,1.0,5.0,1.0,241149915.66,186494428.92000002,5.0,4.0,1.0,True,0.125,12.0,EXACT
VDR-10421,4.0,0.0,0.0,0.0,3.0,117566715.08,80418111.64,2.0,4.0,1.0,False,0.0,8.0,PROBABLE
VDR_11091,2.0,0.0,0.0,1.0,1.0,48568718.92,40504965.12,2.0,0.0,0.0,False,0.0,2.0,PROBABLE
WS-10579.,0.0,0.0,0.0,0.0,0.0,0.0,0.0,0.0,0.0,0.0,True,0.0,0.0,EXACT
WS_10252,2.0,0.0,0.0,1.0,2.0,61103322.22,72980889.6,2.0,0.0,0.0,False,0.0,2.0,PROBABLE
LPT-10160.corp.local,1.0,1.0,0.0,1.0,0.0,20689459.2,9035412.0,1.0,0.0,0.0,False,1.0,1.0,PROBABLE
vdr-10503,2.0,0.0,0.0,1.0,1.0,49639286.44,26984806.4,2.0,0.0,0.0,False,0.0,2.0,PROBABLE
LPT-12907,7.0,1.0,1.0,3.0,4.0,203953349.44,169433028.28,6.0,3.0,1.0,True,0.14285714285714285,10.0,EXACT
LPT_11238,1.0,0.0,0.0,1.0,1.0,15517234.0,24526192.64,1.0,0.0,0.0,False,0.0,1.0,PROBABLE
vdr-10458,3.0,0.0,0.0,2.0,0.0,29901257.0,51548222.64,2.0,0.0,0.0,False,0.0,3.0,PROBABLE
VDR-12400,6.0,2.0,0.0,2.0,2.0,111262542.82,116091481.24,5.0,0.0,0.0,True,0.3333333333333333,6.0,EXACT
lpt-11115,2.0,1.0,0.0,1.0,2.0,26309153.22,38984420.0,2.0,0.0,0.0,False,0.5,2.0,PROBABLE
LPT-11881,5.0,0.0,0.0,3.0,2.0,141298927.88,113509434.28,4.0,0.0,0.0,True,0.0,5.0,EXACT
vdr-11338,1.0,1.0,1.0,0.0,0.0,45801799.68,6562363.0,1.0,0.0,0.0,False,1.0,1.0,PROBABLE
WS_12449,1.0,0.0,0.0,0.0,0.0,35399925.76,20179411.0,1.0,0.0,0.0,False,0.0,1.0,PROBABLE
LPT-12231.,0.0,0.0,0.0,0.0,0.0,0.0,0.0,0.0,0.0,0.0,True,0.0,0.0,EXACT
LPT-10114,8.0,1.0,1.0,5.0,2.0,270752038.84,255114579.6,6.0,3.0,0.0,True,0.125,11.0,EXACT
lpt-12985,2.0,0.0,1.0,0.0,0.0,35676727.0,31790306.64,2.0,0.0,0.0,False,0.0,2.0,PROBABLE
LPT-10802,3.0,2.0,0.0,2.0,2.0,101055197.97999999,57628590.64,3.0,3.0,1.0,True,0.6666666666666666,6.0,EXACT
VDR-11094,6.0,1.0,0.0,1.0,4.0,88157116.34,139181416.56,5.0,3.0,1.0,True,0.16666666666666666,9.0,EXACT
WS-12953,5.0,2.0,1.0,3.0,2.0,149639603.44,151504149.92000002,5.0,4.0,1.0,True,0.4,9.0,EXACT
LPT-11453,4.0,0.0,0.0,2.0,0.0,125387154.16,80249865.64,4.0,1.0,0.0,True,0.0,5.0,EXACT
WS-11849,3.0,0.0,0.0,0.0,1.0,54010092.22,97253835.64,3.0,2.0,0.0,True,0.0,5.0,EXACT
VDR-11378.corp.local,1.0,0.0,0.0,1.0,0.0,24819643.22,17388392.0,1.0,0.0,0.0,False,0.0,1.0,PROBABLE
vdr-10778,2.0,0.0,1.0,1.0,1.0,12942770.72,29318453.0,1.0,0.0,0.0,False,0.0,2.0,PROBABLE
WS-12822.corp.local,1.0,0.0,0.0,1.0,1.0,31601396.0,26770145.28,1.0,0.0,0.0,False,0.0,1.0,PROBABLE
ws-11347,3.0,0.0,0.0,1.0,1.0,87282973.44,55929947.64,3.0,0.0,0.0,False,0.0,3.0,PROBABLE
ws-10837,1.0,1.0,0.0,0.0,1.0,27295313.92,24337448.96,1.0,0.0,0.0,False,1.0,1.0,PROBABLE
VDR-11283,3.0,2.0,0.0,1.0,1.0,79665221.22,53802434.56,3.0,2.0,1.0,True,0.6666666666666666,5.0,EXACT
VDR_12770,1.0,0.0,1.0,0.0,1.0,24819643.22,28340633.0,1.0,0.0,0.0,False,0.0,1.0,PROBABLE
lpt-11908,1.0,0.0,0.0,1.0,0.0,23663257.6,44446183.0,1.0,0.0,0.0,False,0.0,1.0,PROBABLE
VDR-11932,4.0,1.0,1.0,3.0,1.0,110106987.22,53441269.64,4.0,5.0,0.0,False,0.25,9.0,PROBABLE
VDR-11892,5.0,2.0,0.0,3.0,2.0,166482135.68,101577499.84,4.0,2.0,0.0,True,0.4,7.0,EXACT
LPT_11060,1.0,0.0,0.0,1.0,0.0,16594919.0,28619897.0,1.0,0.0,0.0,False,0.0,1.0,PROBABLE
ws-10113,4.0,0.0,1.0,3.0,1.0,140033581.0,41318285.68,4.0,0.0,0.0,False,0.0,4.0,PROBABLE
lpt-12597,1.0,0.0,0.0,0.0,0.0,35344637.0,47636807.68,1.0,0.0,0.0,False,0.0,1.0,PROBABLE
VDR-10170,5.0,1.0,0.0,2.0,4.0,121434897.96,147766448.92000002,5.0,1.0,1.0,True,0.2,6.0,EXACT
WS-11370.corp.local,1.0,0.0,0.0,0.0,1.0,26221281.28,11186135.0,1.0,0.0,0.0,False,0.0,1.0,PROBABLE
WS_11670,2.0,0.0,0.0,1.0,0.0,49639286.44,50856293.0,1.0,0.0,0.0,False,0.0,2.0,PROBABLE
LPT_11004,1.0,1.0,0.0,0.0,1.0,24819643.22,24526192.64,1.0,0.0,0.0,False,1.0,1.0,PROBABLE
LPT_11282,3.0,0.0,0.0,1.0,0.0,59837975.22,93769646.28,3.0,0.0,0.0,False,0.0,3.0,PROBABLE
WS-11944,7.0,1.0,1.0,4.0,4.0,166700161.07999998,207389677.76,5.0,2.0,1.0,True,0.14285714285714285,9.0,EXACT
WS-11672.corp.local,2.0,2.0,0.0,2.0,1.0,83021522.36,34492338.0,2.0,0.0,0.0,False,1.0,2.0,PROBABLE
LPT-11322.corp.local,1.0,0.0,0.0,0.0,0.0,27627439.0,16047565.0,1.0,0.0,0.0,False,0.0,1.0,PROBABLE
LPT_10217,1.0,0.0,0.0,0.0,1.0,17694040.0,24526192.64,1.0,0.0,0.0,False,0.0,1.0,PROBABLE
LPT-12138,4.0,0.0,0.0,2.0,2.0,72511385.1,77900219.32,4.0,1.0,0.0,True,0.0,5.0,EXACT
VDR_10533,1.0,0.0,0.0,0.0,0.0,24819643.22,6580428.8,1.0,0.0,0.0,False,0.0,1.0,PROBABLE
VDR-10179,4.0,2.0,0.0,3.0,2.0,80768171.22,57178887.64,3.0,2.0,0.0,True,0.5,6.0,EXACT
ws-11084,2.0,0.0,0.0,2.0,1.0,40951835.879999995,18072981.0,1.0,0.0,0.0,False,0.0,2.0,PROBABLE
WS-11863,5.0,0.0,0.0,1.0,3.0,164386335.85999998,122572706.92,4.0,3.0,0.0,True,0.0,8.0,EXACT
WS-10486.corp.local,2.0,1.0,0.0,1.0,1.0,49639286.44,62060472.0,2.0,0.0,0.0,False,0.5,2.0,PROBABLE
VDR-10237.corp.local,1.0,0.0,0.0,1.0,0.0,24819643.22,48081145.0,1.0,0.0,0.0,False,0.0,1.0,PROBABLE
VDR-10251,5.0,2.0,0.0,3.0,3.0,83777486.75999999,166514627.28,4.0,4.0,1.0,True,0.4,9.0,EXACT
LPT-11908,5.0,2.0,1.0,1.0,2.0,82469143.62,119487789.64,4.0,5.0,0.0,True,0.4,10.0,EXACT
WS-12799.corp.local,2.0,0.0,0.0,2.0,1.0,47884844.28,44871752.0,2.0,0.0,0.0,False,0.0,2.0,PROBABLE
LPT_11057,1.0,0.0,0.0,1.0,0.0,24819643.22,29336815.0,1.0,0.0,0.0,False,0.0,1.0,PROBABLE
lpt-12389,2.0,0.0,0.0,2.0,0.0,67192599.38,37206877.64,2.0,0.0,0.0,False,0.0,2.0,PROBABLE
WS-11624,4.0,0.0,0.0,1.0,2.0,55903654.86,117183235.68,3.0,3.0,0.0,False,0.0,7.0,PROBABLE
WS_12827,1.0,0.0,0.0,0.0,0.0,24819643.22,24526192.64,1.0,0.0,0.0,False,0.0,1.0,PROBABLE
lpt-12201,3.0,1.0,0.0,2.0,1.0,95853326.44,53415666.28,3.0,0.0,0.0,False,0.3333333333333333,3.0,PROBABLE
LPT-12364.corp.local,1.0,0.0,0.0,0.0,1.0,24819643.22,5553560.0,1.0,0.0,0.0,False,0.0,1.0,PROBABLE
ws-10078,2.0,2.0,0.0,2.0,1.0,58558434.84,46073859.0,2.0,0.0,0.0,False,1.0,2.0,PROBABLE
WS_12576,1.0,0.0,0.0,1.0,0.0,16059862.0,35127265.28,1.0,0.0,0.0,False,0.0,1.0,PROBABLE
WS_12931,1.0,0.0,0.0,0.0,1.0,43288567.0,14823315.0,0.0,0.0,0.0,False,0.0,1.0,PROBABLE
VDR-11560.corp.local,1.0,0.0,0.0,1.0,0.0,24380404.0,10197273.0,1.0,0.0,0.0,False,0.0,1.0,PROBABLE
lpt-11423,1.0,0.0,0.0,1.0,0.0,24819643.22,24526192.64,1.0,0.0,0.0,False,0.0,1.0,PROBABLE
VDR_10314,1.0,1.0,0.0,1.0,0.0,13359767.0,4999994.0,1.0,0.0,0.0,False,1.0,1.0,PROBABLE
LPT-10194,10.0,4.0,0.0,4.0,7.0,294602179.78,224470144.04000002,8.0,3.0,1.0,True,0.4,13.0,EXACT
VDR_11549,1.0,0.0,0.0,0.0,0.0,24788336.64,3836547.0,0.0,0.0,0.0,False,0.0,1.0,PROBABLE
LPT-12783.,0.0,0.0,0.0,0.0,0.0,0.0,0.0,0.0,0.0,0.0,True,0.0,0.0,EXACT
LPT-12583,11.0,4.0,0.0,4.0,4.0,331734722.03999996,217385847.36,7.0,4.0,0.0,True,0.36363636363636365,15.0,EXACT
ws-11228,1.0,1.0,0.0,1.0,1.0,11492392.96,24526192.64,0.0,0.0,0.0,False,1.0,1.0,PROBABLE
VDR_10170,1.0,0.0,0.0,0.0,1.0,24819643.22,23821571.0,1.0,0.0,0.0,False,0.0,1.0,PROBABLE
WS-12915.corp.local,2.0,1.0,0.0,1.0,1.0,35932799.0,32761022.32,2.0,0.0,0.0,False,0.5,2.0,PROBABLE
LPT-12029.corp.local,1.0,1.0,0.0,0.0,1.0,24819643.22,43915404.0,1.0,0.0,0.0,False,1.0,1.0,PROBABLE
LPT_11552,1.0,1.0,0.0,0.0,0.0,27385702.4,48460159.0,1.0,0.0,0.0,False,1.0,1.0,PROBABLE
WS-11725,8.0,1.0,0.0,3.0,2.0,218698444.88,236192032.84,7.0,2.0,0.0,False,0.125,10.0,PROBABLE
LPT-12597.corp.local,2.0,2.0,0.0,1.0,0.0,31832088.22,59448520.64,2.0,0.0,0.0,False,1.0,2.0,PROBABLE
LPT-11649,3.0,0.0,0.0,3.0,1.0,53057196.0,57737511.0,3.0,5.0,1.0,False,0.0,8.0,PROBABLE
VDR_11822,1.0,1.0,0.0,1.0,1.0,24819643.22,24526192.64,1.0,0.0,0.0,False,1.0,1.0,PROBABLE
vdr-10484,2.0,0.0,0.0,2.0,1.0,26719144.22,57314862.64,2.0,0.0,0.0,False,0.0,2.0,PROBABLE
VDR-11585.corp.local,1.0,0.0,0.0,1.0,1.0,24819643.22,15528232.0,1.0,0.0,0.0,False,0.0,1.0,PROBABLE
WS-10620,5.0,1.0,0.0,3.0,3.0,139286444.66,117746179.92,3.0,2.0,0.0,True,0.2,7.0,EXACT
LPT_12640,1.0,1.0,0.0,1.0,1.0,24819643.22,33623328.0,1.0,0.0,0.0,False,1.0,1.0,PROBABLE
LPT_12425,2.0,0.0,1.0,2.0,2.0,54405564.22,63157150.0,1.0,0.0,0.0,False,0.0,2.0,PROBABLE
VDR-11556,4.0,2.0,0.0,2.0,1.0,105585965.66,114013655.28,3.0,3.0,0.0,True,0.5,7.0,EXACT
lpt-12134,1.0,0.0,0.0,0.0,1.0,31803310.08,23018823.68,1.0,0.0,0.0,False,0.0,1.0,PROBABLE
WS-12139,5.0,1.0,1.0,3.0,4.0,143669339.22,137702752.6,4.0,0.0,0.0,True,0.2,5.0,EXACT
LPT-12608,2.0,0.0,0.0,1.0,1.0,34869867.0,23581538.0,2.0,3.0,0.0,True,0.0,5.0,EXACT
WS-11939,3.0,0.0,1.0,1.0,1.0,43746963.98,101992779.44,1.0,1.0,0.0,True,0.0,4.0,EXACT
VDR-11802,7.0,2.0,0.0,4.0,1.0,163874776.86,159059016.44,7.0,5.0,0.0,True,0.2857142857142857,12.0,EXACT
ws-11847,1.0,0.0,0.0,1.0,1.0,45985976.0,6169446.4,1.0,0.0,0.0,False,0.0,1.0,PROBABLE
ws-12889,1.0,0.0,0.0,1.0,0.0,24819643.22,48890531.84,1.0,0.0,0.0,False,0.0,1.0,PROBABLE
vdr-12499,2.0,0.0,1.0,2.0,1.0,49639286.44,47188226.64,2.0,0.0,0.0,False,0.0,2.0,PROBABLE
VDR-10533,10.0,1.0,1.0,1.0,6.0,266211243.88,242463159.28,6.0,3.0,1.0,True,0.1,13.0,EXACT
lpt-12211,2.0,0.0,0.0,1.0,2.0,39301182.22,29733934.64,1.0,0.0,0.0,False,0.0,2.0,PROBABLE
WS_12214,1.0,1.0,0.0,1.0,0.0,24819643.22,10916440.0,1.0,0.0,0.0,False,1.0,1.0,PROBABLE
lpt-12297,1.0,0.0,0.0,0.0,0.0,3533701.12,27691337.0,0.0,0.0,0.0,False,0.0,1.0,PROBABLE
VDR_11445,1.0,0.0,0.0,1.0,1.0,26130513.92,30723276.8,1.0,0.0,0.0,False,0.0,1.0,PROBABLE
VDR-11420.corp.local,1.0,0.0,0.0,0.0,0.0,3778531.0,8401155.0,1.0,0.0,0.0,False,0.0,1.0,PROBABLE
LPT-10258.corp.local,1.0,0.0,1.0,1.0,1.0,24819643.22,3457940.0,0.0,0.0,0.0,False,0.0,1.0,PROBABLE
VDR-10485,10.0,3.0,1.0,9.0,5.0,184014319.6,170889866.32,7.0,8.0,0.0,True,0.3,18.0,EXACT
WS-12092.corp.local,1.0,0.0,0.0,0.0,0.0,24819643.22,24526192.64,1.0,0.0,0.0,False,0.0,1.0,PROBABLE
WS-12661,5.0,0.0,0.0,3.0,2.0,135611620.32,108882861.36,5.0,0.0,0.0,True,0.0,5.0,EXACT
LPT_12169,1.0,0.0,1.0,1.0,1.0,11355427.0,46426835.0,0.0,0.0,0.0,False,0.0,1.0,PROBABLE
ws-11545,1.0,0.0,1.0,0.0,0.0,12591321.0,22975559.0,1.0,0.0,0.0,False,0.0,1.0,PROBABLE
WS_11362,1.0,0.0,0.0,1.0,1.0,3904607.0,14952693.76,1.0,0.0,0.0,False,0.0,1.0,PROBABLE
VDR_10923,1.0,1.0,0.0,1.0,0.0,22174904.32,46400744.0,0.0,0.0,0.0,False,1.0,1.0,PROBABLE
lpt-12965,1.0,0.0,0.0,1.0,1.0,24819643.22,31606600.0,1.0,0.0,0.0,False,0.0,1.0,PROBABLE
LPT-12805,10.0,1.0,0.0,6.0,6.0,254327938.36,325182919.36,8.0,1.0,0.0,False,0.1,11.0,PROBABLE
VDR-10795,6.0,3.0,1.0,5.0,3.0,167566275.66,162969785.04,6.0,2.0,0.0,True,0.5,8.0,EXACT
VDR_11494,2.0,0.0,0.0,2.0,1.0,79928168.0,26052809.72,2.0,0.0,0.0,False,0.0,2.0,PROBABLE
LPT-11818,7.0,2.0,0.0,3.0,4.0,165600155.51999998,191385737.4,6.0,4.0,0.0,True,0.2857142857142857,11.0,EXACT
ws-12912,3.0,0.0,0.0,1.0,1.0,102962321.96000001,42782377.44,3.0,0.0,0.0,False,0.0,3.0,PROBABLE
WS-10371.corp.local,3.0,1.0,0.0,2.0,2.0,78926014.12,63925684.64,3.0,0.0,0.0,False,0.3333333333333333,3.0,PROBABLE
WS-11621.corp.local,2.0,2.0,0.0,1.0,0.0,58951550.64,36123443.2,2.0,0.0,0.0,False,1.0,2.0,PROBABLE
LPT-12008.corp.local,2.0,1.0,1.0,0.0,2.0,4729987.0,49052385.28,2.0,0.0,0.0,False,0.5,2.0,PROBABLE
LPT-12636,10.0,1.0,0.0,6.0,3.0,322200535.18,277351127.76,10.0,5.0,0.0,True,0.1,15.0,EXACT
WS-12791,10.0,1.0,3.0,4.0,5.0,275044623.28,186876299.64,8.0,1.0,1.0,True,0.1,11.0,EXACT
WS_12938,1.0,0.0,0.0,0.0,0.0,7081805.0,3982356.0,0.0,0.0,0.0,False,0.0,1.0,PROBABLE
WS-11733,7.0,1.0,2.0,2.0,5.0,169701692.94,148229919.44,5.0,3.0,1.0,False,0.14285714285714285,10.0,PROBABLE
vdr-12357,3.0,1.0,0.0,2.0,1.0,62309464.76,56212794.28,1.0,0.0,0.0,False,0.3333333333333333,3.0,PROBABLE
VDR-12464.corp.local,2.0,0.0,0.0,2.0,1.0,76136214.0,43295710.64,2.0,0.0,0.0,False,0.0,2.0,PROBABLE
VDR-12159,8.0,2.0,0.0,4.0,4.0,151723208.26,247952428.92000002,8.0,0.0,0.0,True,0.25,8.0,EXACT
VDR-11843,6.0,3.0,0.0,4.0,4.0,165640729.74,96429543.84,6.0,4.0,0.0,True,0.5,10.0,EXACT
ws-12529,1.0,0.0,0.0,1.0,1.0,7211418.0,24526192.64,0.0,0.0,0.0,False,0.0,1.0,PROBABLE
WS-11078,6.0,2.0,0.0,2.0,5.0,177645175.66,154565546.92000002,5.0,3.0,0.0,True,0.3333333333333333,9.0,EXACT
WS_12172,1.0,0.0,0.0,0.0,1.0,6655455.0,2674946.0,1.0,0.0,0.0,False,0.0,1.0,PROBABLE
ws-12446,1.0,0.0,0.0,1.0,0.0,5918126.08,24526192.64,1.0,0.0,0.0,False,0.0,1.0,PROBABLE
lpt-12301,2.0,0.0,0.0,0.0,2.0,52424831.22,41955263.64,2.0,0.0,0.0,False,0.0,2.0,PROBABLE
WS-10591.corp.local,2.0,1.0,0.0,1.0,0.0,29572843.520000003,52580490.52,2.0,0.0,0.0,False,0.5,2.0,PROBABLE
VDR-10154,3.0,1.0,0.0,2.0,2.0,71903134.22,88517584.0,3.0,2.0,0.0,False,0.3333333333333333,5.0,PROBABLE
LPT-11960.,0.0,0.0,0.0,0.0,0.0,0.0,0.0,0.0,0.0,0.0,True,0.0,0.0,EXACT
lpt-12779,2.0,1.0,0.0,1.0,2.0,50170860.84,45202285.0,2.0,0.0,0.0,False,0.5,2.0,PROBABLE
WS_11347,1.0,0.0,0.0,0.0,1.0,24819643.22,24984147.0,1.0,0.0,0.0,False,0.0,1.0,PROBABLE
LPT-10381,9.0,3.0,2.0,3.0,3.0,260802518.74,270513737.08,8.0,2.0,0.0,True,0.3333333333333333,11.0,EXACT
VDR-12656.corp.local,2.0,1.0,0.0,0.0,0.0,65115686.22,37752552.64,2.0,0.0,0.0,False,0.5,2.0,PROBABLE
VDR-12835.,0.0,0.0,0.0,0.0,0.0,0.0,0.0,0.0,0.0,0.0,True,0.0,0.0,EXACT
VDR-12020,9.0,1.0,0.0,5.0,3.0,202009568.4,260078506.76,9.0,3.0,1.0,True,0.1111111111111111,12.0,EXACT
WS-10163.corp.local,1.0,0.0,0.0,1.0,1.0,36217475.0,32213954.56,1.0,0.0,0.0,False,0.0,1.0,PROBABLE
WS-10540,6.0,1.0,0.0,3.0,3.0,162411340.56,189144125.72,5.0,3.0,0.0,True,0.16666666666666666,9.0,EXACT
lpt-11572,1.0,0.0,0.0,1.0,0.0,24819643.22,12921657.0,1.0,0.0,0.0,False,0.0,1.0,PROBABLE
LPT-11998.corp.local,2.0,1.0,0.0,1.0,1.0,49639286.44,72659148.64,0.0,0.0,0.0,False,0.5,2.0,PROBABLE
LPT-12026,7.0,1.0,0.0,6.0,3.0,185647972.6,187789375.0,5.0,1.0,1.0,True,0.14285714285714285,8.0,EXACT
LPT-12467,3.0,0.0,0.0,2.0,1.0,46688601.06,68581137.64,1.0,0.0,0.0,True,0.0,3.0,EXACT
vdr-12121,1.0,0.0,0.0,1.0,1.0,20485404.0,36509990.0,0.0,0.0,0.0,False,0.0,1.0,PROBABLE
VDR-11969,4.0,1.0,1.0,4.0,1.0,61199428.0,67690819.64,3.0,0.0,0.0,True,0.25,4.0,EXACT
VDR_11479,1.0,1.0,0.0,0.0,0.0,24819643.22,48407989.0,1.0,0.0,0.0,False,1.0,1.0,PROBABLE
VDR_11378,1.0,1.0,0.0,1.0,0.0,45948600.32,816311.0,0.0,0.0,0.0,False,1.0,1.0,PROBABLE
ws-10884,1.0,0.0,0.0,1.0,1.0,24819643.22,45104249.0,1.0,0.0,0.0,False,0.0,1.0,PROBABLE
ws-10824,4.0,0.0,0.0,3.0,2.0,120119025.36,90114296.0,4.0,0.0,0.0,False,0.0,4.0,PROBABLE
ws-12925,1.0,0.0,0.0,1.0,1.0,40208604.0,45830509.0,1.0,0.0,0.0,False,0.0,1.0,PROBABLE
LPT-12314.corp.local,1.0,0.0,0.0,0.0,1.0,24819643.22,24526192.64,0.0,0.0,0.0,False,0.0,1.0,PROBABLE
VDR-11832,9.0,0.0,1.0,5.0,7.0,260561595.84,182256776.24,9.0,2.0,0.0,True,0.0,11.0,EXACT
VDR-12823,5.0,2.0,1.0,4.0,2.0,165207096.51999998,137083352.92000002,3.0,0.0,0.0,True,0.4,5.0,EXACT
LPT-10047,7.0,0.0,0.0,5.0,3.0,148765440.44,161248545.32,7.0,2.0,1.0,True,0.0,9.0,EXACT
ws-10045,1.0,0.0,0.0,0.0,1.0,12866027.52,11298581.0,1.0,0.0,0.0,False,0.0,1.0,PROBABLE
vdr-12554,1.0,0.0,0.0,1.0,0.0,24819643.22,48330768.0,1.0,0.0,0.0,False,0.0,1.0,PROBABLE
LPT-12586,6.0,4.0,1.0,2.0,3.0,167280635.36,162188030.8,4.0,2.0,0.0,True,0.6666666666666666,8.0,EXACT
LPT-12476.corp.local,1.0,0.0,0.0,0.0,1.0,24819643.22,30297037.0,1.0,0.0,0.0,False,0.0,1.0,PROBABLE
WS_11820,2.0,1.0,1.0,1.0,0.0,71448392.22,49052385.28,2.0,0.0,0.0,False,0.5,2.0,PROBABLE
lpt-10939,2.0,0.0,0.0,1.0,0.0,33564676.0,49052385.28,1.0,0.0,0.0,False,0.0,2.0,PROBABLE
LPT-11741,5.0,1.0,1.0,2.0,3.0,107307660.44,97177384.0,5.0,2.0,0.0,True,0.2,7.0,EXACT
WS-10953,4.0,1.0,0.0,2.0,3.0,87294446.22,115630852.28,3.0,7.0,0.0,True,0.25,11.0,EXACT
VDR_10296,2.0,0.0,0.0,2.0,1.0,68389311.22,49052385.28,2.0,0.0,0.0,False,0.0,2.0,PROBABLE
vdr-10805,2.0,0.0,0.0,2.0,0.0,49639286.44,44433983.64,1.0,0.0,0.0,False,0.0,2.0,PROBABLE
VDR-11610,7.0,2.0,0.0,3.0,0.0,209807531.44,207667561.76,5.0,4.0,0.0,False,0.2857142857142857,11.0,PROBABLE
VDR-12498,7.0,4.0,0.0,5.0,4.0,204781463.96,167078423.2,7.0,4.0,0.0,True,0.5714285714285714,11.0,EXACT
WS_10280,2.0,0.0,0.0,2.0,1.0,49639286.44,68847668.64,2.0,0.0,0.0,False,0.0,2.0,PROBABLE
VDR_12479,2.0,1.0,1.0,1.0,1.0,71787712.22,82161479.0,2.0,0.0,0.0,False,0.5,2.0,PROBABLE
VDR_10029,2.0,1.0,0.0,2.0,1.0,26188777.36,74050437.12,2.0,0.0,0.0,False,0.5,2.0,PROBABLE
LPT-12106.corp.local,2.0,1.0,0.0,2.0,1.0,49639286.44,60263701.72,2.0,0.0,0.0,False,0.5,2.0,PROBABLE
WS-10916,2.0,2.0,1.0,1.0,2.0,13168862.0,84295443.03999999,2.0,4.0,1.0,True,1.0,6.0,EXACT
WS-12544.,0.0,0.0,0.0,0.0,0.0,0.0,0.0,0.0,0.0,0.0,True,0.0,0.0,EXACT
VDR-12734.corp.local,1.0,1.0,0.0,1.0,0.0,26839225.0,28087468.0,1.0,0.0,0.0,False,1.0,1.0,PROBABLE
LPT_10775,1.0,0.0,0.0,0.0,1.0,43094700.0,30702305.28,1.0,0.0,0.0,False,0.0,1.0,PROBABLE
WS-10665.corp.local,2.0,1.0,0.0,1.0,0.0,61435917.14,57494118.0,2.0,0.0,0.0,False,0.5,2.0,PROBABLE
WS-12878.corp.local,1.0,0.0,0.0,0.0,0.0,29493534.72,42378936.32,1.0,0.0,0.0,False,0.0,1.0,PROBABLE
WS_11839,1.0,0.0,0.0,0.0,1.0,19567779.0,24526192.64,1.0,0.0,0.0,False,0.0,1.0,PROBABLE
LPT-12260.corp.local,3.0,1.0,0.0,1.0,2.0,103407816.22,70064717.28,3.0,0.0,0.0,False,0.3333333333333333,3.0,PROBABLE
lpt-11609,2.0,1.0,0.0,1.0,1.0,34552918.22,49052385.28,2.0,0.0,0.0,False,0.5,2.0,PROBABLE
VDR-12455,11.0,3.0,1.0,6.0,6.0,350851597.34,211868265.32,9.0,1.0,0.0,True,0.2727272727272727,12.0,EXACT
LPT-11485,8.0,2.0,0.0,4.0,5.0,195127309.44,185031586.0,7.0,2.0,0.0,True,0.25,10.0,EXACT
LPT-11333.corp.local,2.0,0.0,0.0,1.0,1.0,54043456.34,74272804.0,2.0,0.0,0.0,False,0.0,2.0,PROBABLE
lpt-12339,3.0,0.0,0.0,0.0,1.0,91001616.44,70870935.64,3.0,0.0,0.0,False,0.0,3.0,PROBABLE
LPT-12355,8.0,1.0,1.0,7.0,2.0,208575443.98,194335774.84,7.0,4.0,0.0,True,0.125,12.0,EXACT
VDR-10813,3.0,0.0,0.0,1.0,2.0,76540704.8,49868094.28,3.0,0.0,0.0,True,0.0,3.0,EXACT
WS-10137.corp.local,1.0,0.0,0.0,0.0,0.0,35737251.84,24526192.64,1.0,0.0,0.0,False,0.0,1.0,PROBABLE
lpt-12366,1.0,1.0,0.0,0.0,0.0,27064172.0,39588080.0,1.0,0.0,0.0,False,1.0,1.0,PROBABLE
WS-10487,10.0,1.0,1.0,6.0,9.0,311638402.58,283962595.44,10.0,2.0,0.0,True,0.1,12.0,EXACT
LPT-11710,6.0,1.0,0.0,2.0,3.0,178661859.1,114659025.28,4.0,1.0,0.0,True,0.16666666666666666,7.0,EXACT
ws-12194,3.0,0.0,0.0,1.0,2.0,57789337.44,80811278.52,3.0,0.0,0.0,False,0.0,3.0,PROBABLE
LPT-11573.corp.local,2.0,1.0,0.0,0.0,1.0,34604136.0,52005073.0,1.0,0.0,0.0,False,0.5,2.0,PROBABLE
WS-11671,7.0,1.0,0.0,5.0,2.0,171096938.66,129343913.64,5.0,3.0,0.0,True,0.14285714285714285,10.0,EXACT
vdr-11087,2.0,1.0,0.0,1.0,1.0,48352621.0,59220407.0,2.0,0.0,0.0,False,0.5,2.0,PROBABLE
LPT-10235,3.0,1.0,1.0,3.0,2.0,74458929.66,86933909.96000001,2.0,2.0,0.0,True,0.3333333333333333,5.0,EXACT
LPT-12186,6.0,2.0,0.0,3.0,1.0,180999272.44,189716049.24,5.0,4.0,0.0,False,0.3333333333333333,10.0,PROBABLE
VDR-10209,8.0,1.0,1.0,5.0,3.0,151737063.22,171834482.32,7.0,4.0,1.0,True,0.125,12.0,EXACT
ws-12531,1.0,0.0,0.0,1.0,1.0,17000779.0,15214901.0,1.0,0.0,0.0,False,0.0,1.0,PROBABLE
WS-10760,6.0,2.0,0.0,4.0,2.0,199116288.0,137129631.28,6.0,1.0,0.0,True,0.3333333333333333,7.0,EXACT
ws-10313,2.0,1.0,0.0,1.0,0.0,55122676.22,64751093.76,1.0,0.0,0.0,False,0.5,2.0,PROBABLE
ws-10574,1.0,0.0,0.0,1.0,1.0,21862809.6,29844568.0,1.0,0.0,0.0,False,0.0,1.0,PROBABLE
LPT-12476,4.0,0.0,0.0,2.0,2.0,104468057.44,112576464.8,4.0,6.0,1.0,True,0.0,10.0,EXACT
WS_10803,1.0,0.0,0.0,1.0,1.0,41856370.0,10839224.32,0.0,0.0,0.0,False,0.0,1.0,PROBABLE
VDR_10489,3.0,0.0,0.0,2.0,1.0,74458929.66,78067649.44,3.0,0.0,0.0,False,0.0,3.0,PROBABLE
WS-12236,7.0,1.0,0.0,4.0,4.0,176162812.44,194293079.0,6.0,2.0,0.0,True,0.14285714285714285,9.0,EXACT
vdr-10718,1.0,0.0,0.0,1.0,0.0,42314920.0,24526192.64,1.0,0.0,0.0,False,0.0,1.0,PROBABLE
LPT_12444,1.0,1.0,0.0,0.0,0.0,24819643.22,24526192.64,0.0,0.0,0.0,False,1.0,1.0,PROBABLE
ws-11315,1.0,0.0,0.0,1.0,1.0,24819643.22,36039215.0,1.0,0.0,0.0,False,0.0,1.0,PROBABLE
vdr-10588,1.0,1.0,0.0,0.0,1.0,4682826.0,28539860.0,1.0,0.0,0.0,False,1.0,1.0,PROBABLE
VDR-12859.corp.local,1.0,0.0,0.0,1.0,0.0,45267560.0,32483326.0,1.0,0.0,0.0,False,0.0,1.0,PROBABLE
lpt-12639,1.0,0.0,0.0,1.0,1.0,2206225.0,24526192.64,1.0,0.0,0.0,False,0.0,1.0,PROBABLE
VDR_12979,1.0,0.0,0.0,1.0,1.0,33954305.0,2394793.0,1.0,0.0,0.0,False,0.0,1.0,PROBABLE
LPT-12615,8.0,1.0,2.0,2.0,4.0,173176422.5,245907814.96,4.0,1.0,0.0,True,0.125,9.0,EXACT
LPT-12654,2.0,2.0,0.0,2.0,1.0,42503472.22,25541459.64,1.0,2.0,0.0,True,1.0,4.0,EXACT
LPT-11048,7.0,0.0,0.0,5.0,4.0,282764431.44,160832059.16,7.0,5.0,3.0,True,0.0,12.0,EXACT
WS-10534,7.0,4.0,1.0,3.0,4.0,153614024.74,196755419.07999998,5.0,4.0,0.0,True,0.5714285714285714,11.0,EXACT
WS_12482,2.0,0.0,0.0,1.0,1.0,33606587.22,73476085.75999999,1.0,0.0,0.0,False,0.0,2.0,PROBABLE
vdr-12185,1.0,0.0,0.0,0.0,0.0,49081906.0,48949559.0,1.0,0.0,0.0,False,0.0,1.0,PROBABLE
WS-12232,6.0,1.0,0.0,5.0,3.0,124867532.46000001,141761653.0,6.0,2.0,0.0,True,0.16666666666666666,8.0,EXACT
LPT-10197,8.0,0.0,0.0,5.0,5.0,138647372.78,179868424.2,7.0,3.0,0.0,True,0.0,11.0,EXACT
LPT-12620,10.0,0.0,1.0,6.0,7.0,181368860.79999998,242334168.56,7.0,4.0,0.0,True,0.0,14.0,EXACT
VDR-10716.corp.local,1.0,0.0,0.0,1.0,0.0,49325015.04,30231244.8,1.0,0.0,0.0,False,0.0,1.0,PROBABLE
lpt-12697,2.0,0.0,0.0,2.0,1.0,58197100.0,69316048.64,2.0,0.0,0.0,False,0.0,2.0,PROBABLE
VDR_10357,1.0,0.0,0.0,0.0,0.0,24819643.22,914428.0,1.0,0.0,0.0,False,0.0,1.0,PROBABLE
ws-11737,1.0,0.0,0.0,1.0,1.0,30534195.2,27888531.0,1.0,0.0,0.0,False,0.0,1.0,PROBABLE
WS_12637,1.0,0.0,0.0,1.0,0.0,24819643.22,16582730.0,1.0,0.0,0.0,False,0.0,1.0,PROBABLE
LPT-11452,8.0,3.0,1.0,3.0,2.0,283024259.26,164533512.32,5.0,0.0,0.0,False,0.375,8.0,PROBABLE
lpt-11886,1.0,0.0,0.0,0.0,0.0,24819643.22,18317271.04,1.0,0.0,0.0,False,0.0,1.0,PROBABLE
VDR-12750.corp.local,1.0,0.0,0.0,0.0,0.0,20289108.0,42615907.0,0.0,0.0,0.0,False,0.0,1.0,PROBABLE
LPT-11700,8.0,5.0,2.0,6.0,6.0,192096326.86,192454175.92,6.0,1.0,0.0,True,0.625,9.0,EXACT
lpt-11705,1.0,0.0,1.0,0.0,0.0,7333660.0,32279265.0,1.0,0.0,0.0,False,0.0,1.0,PROBABLE
WS_12632,1.0,0.0,0.0,1.0,0.0,45109739.52,27352200.0,1.0,0.0,0.0,False,0.0,1.0,PROBABLE
LPT-12070,9.0,4.0,1.0,3.0,4.0,248138996.44,256206791.88,5.0,2.0,0.0,True,0.4444444444444444,11.0,EXACT
WS_12853,3.0,0.0,0.0,2.0,2.0,82598674.44,68733296.64,3.0,0.0,0.0,False,0.0,3.0,PROBABLE
ws-12849,1.0,0.0,0.0,0.0,0.0,24819643.22,20929631.0,1.0,0.0,0.0,False,0.0,1.0,PROBABLE
LPT-12530,12.0,1.0,0.0,10.0,5.0,328442451.21999997,294273434.68,11.0,4.0,1.0,True,0.08333333333333333,16.0,EXACT
LPT-11788,3.0,2.0,0.0,2.0,0.0,68124986.25999999,48209836.64,2.0,4.0,0.0,True,0.6666666666666666,7.0,EXACT
WS-11026,3.0,0.0,0.0,2.0,3.0,34726367.22,61142513.28,3.0,2.0,0.0,True,0.0,5.0,EXACT
VDR-10571.corp.local,1.0,0.0,0.0,0.0,1.0,38409338.88,15589063.0,1.0,0.0,0.0,False,0.0,1.0,PROBABLE
WS-11430,9.0,3.0,2.0,4.0,1.0,166495863.44,203983166.32,8.0,2.0,0.0,True,0.3333333333333333,11.0,EXACT
LPT-10046,6.0,1.0,0.0,3.0,4.0,124696060.44,160636794.88,5.0,3.0,1.0,True,0.16666666666666666,9.0,EXACT
WS-11159.corp.local,1.0,0.0,0.0,1.0,0.0,24819643.22,29750558.72,1.0,0.0,0.0,False,0.0,1.0,PROBABLE
VDR-10019.,0.0,0.0,0.0,0.0,0.0,0.0,0.0,0.0,0.0,0.0,True,0.0,0.0,EXACT
LPT-12951,7.0,0.0,0.0,5.0,1.0,196962510.34,211015408.56,6.0,2.0,0.0,True,0.0,9.0,EXACT
ws-10720,1.0,1.0,0.0,1.0,0.0,35350465.0,9375935.0,1.0,0.0,0.0,False,1.0,1.0,PROBABLE
VDR-11251.,0.0,0.0,0.0,0.0,0.0,0.0,0.0,0.0,0.0,0.0,True,0.0,0.0,EXACT
WS_11474,1.0,1.0,0.0,1.0,0.0,34297600.0,12812527.0,1.0,0.0,0.0,False,1.0,1.0,PROBABLE
vdr-11832,2.0,0.0,0.0,1.0,1.0,47001296.22,40444852.64,2.0,0.0,0.0,False,0.0,2.0,PROBABLE
LPT-11866,3.0,0.0,0.0,2.0,1.0,57807965.8,68052582.4,3.0,2.0,0.0,True,0.0,5.0,EXACT
WS-10332,4.0,0.0,0.0,1.0,3.0,77939980.44,83547945.8,4.0,2.0,1.0,True,0.0,6.0,EXACT
lpt-12486,1.0,0.0,0.0,0.0,0.0,24819643.22,10753014.0,1.0,0.0,0.0,False,0.0,1.0,PROBABLE
VDR_11099,1.0,0.0,0.0,1.0,1.0,1841712.0,44654364.0,1.0,0.0,0.0,False,0.0,1.0,PROBABLE
vdr-10196,2.0,0.0,0.0,0.0,1.0,77770678.0,64788876.0,2.0,0.0,0.0,False,0.0,2.0,PROBABLE
LPT-10637,3.0,1.0,0.0,3.0,1.0,91265835.86,62856951.72,3.0,7.0,1.0,False,0.3333333333333333,10.0,PROBABLE
WS-11868,3.0,2.0,0.0,0.0,2.0,56685622.36,77038448.6,3.0,0.0,0.0,True,0.6666666666666666,3.0,EXACT
WS_11849,1.0,0.0,0.0,1.0,1.0,24819643.22,29116630.0,1.0,0.0,0.0,False,0.0,1.0,PROBABLE
VDR-12590.corp.local,1.0,0.0,0.0,0.0,1.0,24819643.22,31133347.0,1.0,0.0,0.0,False,0.0,1.0,PROBABLE
LPT_10176,1.0,1.0,0.0,1.0,0.0,24819643.22,48118878.0,1.0,0.0,0.0,False,1.0,1.0,PROBABLE
LPT-10275,5.0,0.0,0.0,3.0,4.0,110774357.62,115561132.28,5.0,1.0,0.0,False,0.0,6.0,PROBABLE
WS-11143,6.0,2.0,0.0,3.0,3.0,140046116.92000002,122787425.64,4.0,3.0,0.0,True,0.3333333333333333,9.0,EXACT
lpt-10668,1.0,1.0,0.0,1.0,1.0,20291924.0,20238838.0,1.0,0.0,0.0,False,1.0,1.0,PROBABLE
LPT-12786,5.0,2.0,1.0,2.0,4.0,135285551.66,142339567.36,5.0,3.0,1.0,True,0.4,8.0,EXACT
LPT-12004,9.0,0.0,0.0,5.0,5.0,205474166.36,239800831.92000002,9.0,0.0,0.0,True,0.0,9.0,EXACT
LPT-10901.corp.local,1.0,1.0,0.0,0.0,1.0,46991615.0,24526192.64,1.0,0.0,0.0,False,1.0,1.0,PROBABLE
VDR-11433.corp.local,2.0,0.0,0.0,1.0,0.0,36582466.22,67043532.8,1.0,0.0,0.0,False,0.0,2.0,PROBABLE
vdr-10756,2.0,0.0,0.0,1.0,1.0,25017861.22,21683388.16,2.0,0.0,0.0,False,0.0,2.0,PROBABLE
VDR-10703.corp.local,1.0,0.0,0.0,1.0,1.0,12863600.0,43295281.0,1.0,0.0,0.0,False,0.0,1.0,PROBABLE
LPT-12301.corp.local,3.0,0.0,0.0,2.0,3.0,52094006.099999994,77653820.64,2.0,0.0,0.0,False,0.0,3.0,PROBABLE
VDR-11002.,0.0,0.0,0.0,0.0,0.0,0.0,0.0,0.0,0.0,0.0,True,0.0,0.0,EXACT
LPT-10254.corp.local,1.0,1.0,0.0,1.0,1.0,24819643.22,24526192.64,0.0,0.0,0.0,False,1.0,1.0,PROBABLE
WS-11994.corp.local,1.0,1.0,0.0,1.0,0.0,48461651.0,24526192.64,0.0,0.0,0.0,False,1.0,1.0,PROBABLE
LPT-11050,6.0,2.0,0.0,3.0,1.0,139712728.44,206941853.48,5.0,4.0,0.0,False,0.3333333333333333,10.0,PROBABLE
LPT-10880,8.0,4.0,0.0,2.0,5.0,242115810.57999998,143762095.64,8.0,1.0,0.0,True,0.5,9.0,EXACT
WS-11067,3.0,0.0,1.0,2.0,1.0,66153333.44,72905763.36,3.0,9.0,0.0,True,0.0,12.0,EXACT
WS-10367,12.0,1.0,0.0,8.0,9.0,307243798.32,310712504.0,10.0,1.0,0.0,True,0.08333333333333333,13.0,EXACT
vdr-11056,1.0,1.0,0.0,1.0,1.0,9384755.2,24526192.64,1.0,0.0,0.0,False,1.0,1.0,PROBABLE
VDR-11963.corp.local,2.0,0.0,0.0,2.0,2.0,57115784.019999996,48787736.64,2.0,0.0,0.0,False,0.0,2.0,PROBABLE
LPT_11561,1.0,1.0,0.0,0.0,0.0,44050677.76,2324778.0,1.0,0.0,0.0,False,1.0,1.0,PROBABLE
VDR-11402.corp.local,1.0,0.0,0.0,1.0,1.0,47297393.0,2461233.0,1.0,0.0,0.0,False,0.0,1.0,PROBABLE
WS-10774,7.0,1.0,1.0,4.0,3.0,150713195.18,244024703.64,7.0,2.0,0.0,True,0.14285714285714285,9.0,EXACT
LPT-10734,4.0,0.0,0.0,2.0,3.0,100395543.44,79534489.6,4.0,3.0,0.0,True,0.0,7.0,EXACT
LPT-12289,2.0,0.0,0.0,1.0,1.0,68419750.74000001,66467283.92,2.0,1.0,0.0,True,0.0,3.0,EXACT
lpt-11824,1.0,1.0,0.0,1.0,0.0,5116147.0,39814430.72,1.0,0.0,0.0,False,1.0,1.0,PROBABLE
LPT-10311.corp.local,1.0,1.0,0.0,0.0,1.0,24819643.22,37630351.36,1.0,0.0,0.0,False,1.0,1.0,PROBABLE
LPT-12503,5.0,0.0,0.0,3.0,1.0,117946094.0,142384110.24,4.0,3.0,0.0,True,0.0,8.0,EXACT
VDR-12178,7.0,4.0,0.0,3.0,4.0,163210840.66,191665671.92000002,7.0,5.0,0.0,False,0.5714285714285714,12.0,PROBABLE
LPT-12211.corp.local,2.0,0.0,0.0,2.0,0.0,66935253.22,65486242.64,2.0,0.0,0.0,False,0.0,2.0,PROBABLE
ws-12876,2.0,1.0,0.0,0.0,2.0,62368350.0,71863644.16,2.0,0.0,0.0,False,0.5,2.0,PROBABLE
LPT-12053,5.0,2.0,0.0,3.0,0.0,146249405.46,82982076.48,3.0,2.0,1.0,False,0.4,7.0,PROBABLE
LPT-10860.corp.local,1.0,0.0,0.0,0.0,1.0,21512111.0,15225323.52,1.0,0.0,0.0,False,0.0,1.0,PROBABLE
LPT-10157,6.0,1.0,0.0,5.0,4.0,135595923.44,108500866.24,4.0,2.0,0.0,True,0.16666666666666666,8.0,EXACT
LPT_12840,1.0,1.0,0.0,1.0,0.0,48518096.0,24526192.64,1.0,0.0,0.0,False,1.0,1.0,PROBABLE
VDR-10222,7.0,3.0,0.0,5.0,3.0,223549270.2,168486655.64,6.0,5.0,0.0,True,0.42857142857142855,12.0,EXACT
VDR-12552,7.0,0.0,0.0,4.0,4.0,173179268.04,177904245.24,6.0,3.0,0.0,True,0.0,10.0,EXACT
WS-10996,5.0,0.0,1.0,2.0,3.0,137932216.72,82153317.56,4.0,2.0,0.0,False,0.0,7.0,PROBABLE
WS-11987,12.0,2.0,1.0,8.0,5.0,265822175.1,242376869.4,11.0,1.0,0.0,True,0.16666666666666666,13.0,EXACT
VDR-12758.corp.local,1.0,0.0,0.0,0.0,1.0,48037415.0,15327453.0,1.0,0.0,0.0,False,0.0,1.0,PROBABLE
WS_10578,1.0,0.0,0.0,1.0,1.0,24819643.22,24526192.64,1.0,0.0,0.0,False,0.0,1.0,PROBABLE
WS-10445,4.0,0.0,2.0,3.0,4.0,37763825.22,146364433.0,3.0,4.0,1.0,True,0.0,8.0,EXACT
LPT-11382.corp.local,2.0,1.0,0.0,1.0,2.0,51324346.0,59277756.0,2.0,0.0,0.0,False,0.5,2.0,PROBABLE
WS-11719.corp.local,2.0,0.0,0.0,0.0,1.0,59404428.22,51333180.0,2.0,0.0,0.0,False,0.0,2.0,PROBABLE
LPT-12053.corp.local,3.0,1.0,0.0,1.0,2.0,83579784.0,91243762.0,2.0,0.0,0.0,False,0.3333333333333333,3.0,PROBABLE
VDR_12882,1.0,0.0,0.0,1.0,1.0,24819643.22,24526192.64,1.0,0.0,0.0,False,0.0,1.0,PROBABLE
ws-11497,1.0,0.0,1.0,0.0,0.0,4489054.0,20258488.32,1.0,0.0,0.0,False,0.0,1.0,PROBABLE
WS-12895.corp.local,1.0,0.0,0.0,1.0,0.0,23776712.0,31510820.0,0.0,0.0,0.0,False,0.0,1.0,PROBABLE
WS-12175,6.0,1.0,0.0,2.0,3.0,121605165.12,170004104.72,5.0,2.0,0.0,True,0.16666666666666666,8.0,EXACT
VDR_10110,3.0,0.0,1.0,0.0,1.0,130811753.6,88887208.64,2.0,0.0,0.0,False,0.0,3.0,PROBABLE
vdr-12964,2.0,0.0,0.0,1.0,1.0,69414868.0,54600944.64,2.0,0.0,0.0,False,0.0,2.0,PROBABLE
vdr-11493,3.0,0.0,1.0,2.0,3.0,64083323.0,43651415.0,1.0,0.0,0.0,False,0.0,3.0,PROBABLE
WS_11523,1.0,0.0,0.0,0.0,0.0,24819643.22,11236076.0,1.0,0.0,0.0,False,0.0,1.0,PROBABLE
WS_12028,1.0,0.0,0.0,1.0,1.0,31049748.0,19487037.0,1.0,0.0,0.0,False,0.0,1.0,PROBABLE
WS-11301,12.0,2.0,0.0,7.0,5.0,354979830.52,282375662.4,10.0,2.0,0.0,True,0.16666666666666666,14.0,EXACT
LPT_11156,2.0,0.0,0.0,1.0,0.0,70171106.22,52811826.36,1.0,0.0,0.0,False,0.0,2.0,PROBABLE
VDR-12130.corp.local,1.0,0.0,0.0,1.0,1.0,33286277.0,15935223.0,1.0,0.0,0.0,False,0.0,1.0,PROBABLE
ws-10064,1.0,0.0,0.0,0.0,0.0,24819643.22,49933189.12,1.0,0.0,0.0,False,0.0,1.0,PROBABLE
VDR-12627.corp.local,2.0,1.0,0.0,1.0,0.0,49639286.44,65828106.24,2.0,0.0,0.0,False,0.5,2.0,PROBABLE
vdr-10233,3.0,2.0,0.0,1.0,2.0,74458929.66,91664200.0,3.0,0.0,0.0,False,0.6666666666666666,3.0,PROBABLE
ws-12449,2.0,0.0,0.0,0.0,0.0,24611459.0,44243315.0,1.0,0.0,0.0,False,0.0,2.0,PROBABLE
LPT-11790.,0.0,0.0,0.0,0.0,0.0,0.0,0.0,0.0,0.0,0.0,True,0.0,0.0,EXACT
LPT-10403.corp.local,2.0,0.0,0.0,1.0,2.0,36458394.22,44650377.12,2.0,0.0,0.0,False,0.0,2.0,PROBABLE
ws-11854,1.0,0.0,0.0,1.0,1.0,28488257.0,43945820.16,1.0,0.0,0.0,False,0.0,1.0,PROBABLE
LPT-10779.corp.local,1.0,0.0,0.0,1.0,1.0,12759342.0,22889714.0,0.0,0.0,0.0,False,0.0,1.0,PROBABLE
ws-11713,2.0,2.0,0.0,1.0,0.0,74071257.94,30613649.64,2.0,0.0,0.0,False,1.0,2.0,PROBABLE
WS-11370,8.0,0.0,1.0,3.0,3.0,212391760.22,236403199.48000002,8.0,1.0,0.0,True,0.0,9.0,EXACT
WS-12632.corp.local,1.0,1.0,0.0,1.0,0.0,6047248.0,41326771.0,1.0,0.0,0.0,False,1.0,1.0,PROBABLE
lpt-10003,1.0,0.0,0.0,0.0,1.0,49534730.24,24526192.64,0.0,0.0,0.0,False,0.0,1.0,PROBABLE
WS-11547,6.0,2.0,0.0,4.0,2.0,154474590.0,154091874.32,5.0,2.0,0.0,True,0.3333333333333333,8.0,EXACT
WS-12728,11.0,4.0,0.0,6.0,8.0,251586931.32,331608304.52,10.0,2.0,0.0,True,0.36363636363636365,13.0,EXACT
VDR_10315,1.0,0.0,0.0,0.0,1.0,24819643.22,34582036.48,1.0,0.0,0.0,False,0.0,1.0,PROBABLE
vdr-10165,1.0,1.0,0.0,0.0,0.0,47950260.0,37661224.96,1.0,0.0,0.0,False,1.0,1.0,PROBABLE
ws-11547,1.0,0.0,0.0,0.0,1.0,40260539.0,30141451.0,1.0,0.0,0.0,False,0.0,1.0,PROBABLE
WS_11854,1.0,0.0,0.0,1.0,0.0,24819643.22,16437130.0,1.0,0.0,0.0,False,0.0,1.0,PROBABLE
LPT_11786,1.0,0.0,0.0,0.0,1.0,15911895.0,24526192.64,1.0,0.0,0.0,False,0.0,1.0,PROBABLE
ws-11461,2.0,0.0,0.0,1.0,2.0,73644358.22,37124833.28,1.0,0.0,0.0,False,0.0,2.0,PROBABLE
VDR_12040,1.0,1.0,0.0,1.0,1.0,24726794.24,9563013.12,1.0,0.0,0.0,False,1.0,1.0,PROBABLE
VDR-10922,5.0,0.0,1.0,3.0,5.0,126894736.44,115901939.88,5.0,1.0,0.0,True,0.0,6.0,EXACT
LPT-10936,6.0,2.0,0.0,3.0,6.0,181227040.16,162873416.0,5.0,1.0,0.0,True,0.3333333333333333,7.0,EXACT
VDR-12209.corp.local,1.0,0.0,0.0,0.0,0.0,24819643.22,24526192.64,1.0,0.0,0.0,False,0.0,1.0,PROBABLE
VDR-11177,5.0,0.0,0.0,3.0,2.0,101540370.66,120745909.03999999,5.0,3.0,0.0,True,0.0,8.0,EXACT
vdr-10477,2.0,0.0,0.0,0.0,2.0,27963836.22,23505439.0,1.0,0.0,0.0,False,0.0,2.0,PROBABLE
VDR-12243,4.0,1.0,0.0,3.0,3.0,76358413.58,72091057.28,4.0,3.0,0.0,False,0.25,7.0,PROBABLE
vdr-12038,1.0,0.0,0.0,1.0,0.0,37249202.0,36532387.84,1.0,0.0,0.0,False,0.0,1.0,PROBABLE
LPT-12582,6.0,2.0,0.0,3.0,2.0,176293100.2,115043073.4,6.0,2.0,0.0,True,0.3333333333333333,8.0,EXACT
lpt-11965,1.0,0.0,0.0,1.0,1.0,39940259.84,6447872.0,1.0,0.0,0.0,False,0.0,1.0,PROBABLE
VDR_11629,1.0,1.0,0.0,0.0,1.0,4247736.0,20541000.0,1.0,0.0,0.0,False,1.0,1.0,PROBABLE
LPT-10410,4.0,1.0,0.0,1.0,3.0,137534360.44,91886747.32,2.0,4.0,0.0,True,0.25,8.0,EXACT
LPT-12807,3.0,0.0,0.0,1.0,1.0,78496430.22,62896789.64,2.0,2.0,0.0,True,0.0,5.0,EXACT
vdr-11099,1.0,0.0,0.0,0.0,0.0,44175593.0,34817728.0,1.0,0.0,0.0,False,0.0,1.0,PROBABLE
lpt-12768,2.0,0.0,1.0,2.0,1.0,62884442.16,54447994.879999995,2.0,0.0,0.0,False,0.0,2.0,PROBABLE
VDR-10481,4.0,0.0,0.0,1.0,3.0,99278572.88,124036531.32,3.0,3.0,1.0,True,0.0,7.0,EXACT
WS-10448,5.0,2.0,0.0,2.0,4.0,99529300.44,112077987.4,5.0,1.0,0.0,True,0.4,6.0,EXACT
WS_11699,1.0,0.0,0.0,0.0,0.0,29436404.0,24526192.64,1.0,0.0,0.0,False,0.0,1.0,PROBABLE
WS-12848.corp.local,1.0,0.0,0.0,1.0,0.0,24819643.22,8470399.0,1.0,0.0,0.0,False,0.0,1.0,PROBABLE
LPT-12838.corp.local,3.0,0.0,0.0,2.0,1.0,76486629.84,11690251.44,2.0,0.0,0.0,False,0.0,3.0,PROBABLE
WS-10468,8.0,2.0,0.0,3.0,5.0,223364505.46,169092842.84,8.0,4.0,1.0,False,0.25,12.0,PROBABLE
WS_12164,1.0,0.0,0.0,0.0,1.0,43016878.08,6210636.0,1.0,0.0,0.0,False,0.0,1.0,PROBABLE
WS-10385,8.0,2.0,0.0,3.0,5.0,232769346.98,159708301.08,4.0,4.0,0.0,True,0.25,12.0,EXACT
VDR-12785,2.0,0.0,1.0,1.0,1.0,49639286.44,50206614.0,2.0,3.0,1.0,True,0.0,5.0,EXACT
WS_12128,1.0,0.0,0.0,1.0,0.0,42975610.0,18513235.0,1.0,0.0,0.0,False,0.0,1.0,PROBABLE
VDR-10314,4.0,1.0,0.0,1.0,2.0,105344026.78,46487791.88,4.0,4.0,1.0,True,0.25,8.0,EXACT
WS-11542.corp.local,2.0,0.0,0.0,1.0,0.0,49639286.44,42492117.64,2.0,0.0,0.0,False,0.0,2.0,PROBABLE
LPT-11244,12.0,1.0,1.0,6.0,7.0,299625670.56,272254593.24,10.0,1.0,1.0,True,0.08333333333333333,13.0,EXACT
LPT-10055.corp.local,1.0,0.0,0.0,0.0,1.0,252904.0,30425958.4,1.0,0.0,0.0,False,0.0,1.0,PROBABLE
VDR_11758,1.0,0.0,0.0,1.0,0.0,25866876.0,24526192.64,1.0,0.0,0.0,False,0.0,1.0,PROBABLE
vdr-10659,2.0,1.0,0.0,1.0,1.0,49639286.44,44718924.64,1.0,0.0,0.0,False,0.5,2.0,PROBABLE
vdr-10504,1.0,1.0,0.0,0.0,0.0,12246487.04,38731606.0,1.0,0.0,0.0,False,1.0,1.0,PROBABLE
lpt-12375,1.0,0.0,0.0,1.0,0.0,4501540.0,24526192.64,0.0,0.0,0.0,False,0.0,1.0,PROBABLE
WS-11828,7.0,1.0,0.0,4.0,3.0,211054878.5,130483928.44,7.0,2.0,0.0,True,0.14285714285714285,9.0,EXACT
LPT-10636,5.0,0.0,2.0,4.0,3.0,149573600.44,82626080.36,3.0,3.0,0.0,True,0.0,8.0,EXACT
VDR-11676,7.0,0.0,0.0,2.0,5.0,153529664.24,176510068.4,7.0,1.0,0.0,False,0.0,8.0,PROBABLE
LPT-11004,5.0,1.0,0.0,4.0,0.0,160528989.56,159804856.64,4.0,3.0,0.0,True,0.2,8.0,EXACT
ws-10174,3.0,0.0,0.0,1.0,2.0,38401412.22,48603794.04,3.0,0.0,0.0,False,0.0,3.0,PROBABLE
LPT-12182.corp.local,1.0,0.0,0.0,0.0,0.0,24819643.22,41041166.0,1.0,0.0,0.0,False,0.0,1.0,PROBABLE
lpt-11183,1.0,0.0,0.0,0.0,0.0,16103868.0,30126790.0,1.0,0.0,0.0,False,0.0,1.0,PROBABLE
WS-11974,6.0,1.0,1.0,3.0,1.0,154994488.44,122192568.92,6.0,5.0,0.0,True,0.16666666666666666,11.0,EXACT
ws-10241,1.0,0.0,0.0,1.0,0.0,39409345.0,41495736.32,1.0,0.0,0.0,False,0.0,1.0,PROBABLE
LPT-10008,8.0,1.0,0.0,1.0,7.0,178851952.66,255173101.88,6.0,2.0,0.0,True,0.125,10.0,EXACT
LPT-12644,4.0,2.0,0.0,2.0,3.0,93455623.9,135318958.32,3.0,3.0,1.0,True,0.5,7.0,EXACT
WS_12217,1.0,1.0,0.0,1.0,1.0,15664437.0,34954625.0,0.0,0.0,0.0,False,1.0,1.0,PROBABLE
LPT-11571,10.0,2.0,1.0,5.0,6.0,280005560.12,266562029.8,8.0,3.0,1.0,True,0.2,13.0,EXACT
WS-11168,11.0,2.0,1.0,7.0,8.0,312645274.88,228930643.76,8.0,2.0,0.0,True,0.18181818181818182,13.0,EXACT
VDR-11224.,0.0,0.0,0.0,0.0,0.0,0.0,0.0,0.0,0.0,0.0,True,0.0,0.0,EXACT
VDR-10903.corp.local,1.0,1.0,0.0,0.0,0.0,36261481.0,24526192.64,1.0,0.0,0.0,False,1.0,1.0,PROBABLE
LPT-12985,4.0,1.0,1.0,1.0,2.0,46246220.22,95510353.64,3.0,3.0,1.0,True,0.25,7.0,EXACT
vdr-11846,1.0,0.0,1.0,0.0,0.0,15620992.0,410663.0,1.0,0.0,0.0,False,0.0,1.0,PROBABLE
ws-12320,1.0,1.0,0.0,0.0,0.0,24819643.22,19617372.16,1.0,0.0,0.0,False,1.0,1.0,PROBABLE
WS-10313.corp.local,3.0,0.0,0.0,2.0,2.0,51381590.24,116137933.0,3.0,0.0,0.0,False,0.0,3.0,PROBABLE
vdr-10480,2.0,0.0,0.0,2.0,1.0,50620907.12,93259753.0,2.0,0.0,0.0,False,0.0,2.0,PROBABLE
WS-10770,5.0,0.0,1.0,1.0,3.0,79065385.44,139173027.36,4.0,3.0,0.0,True,0.0,8.0,EXACT
ws-10997,2.0,0.0,1.0,1.0,1.0,62845619.22,43883240.64,1.0,0.0,0.0,False,0.0,2.0,PROBABLE
WS-12559,4.0,0.0,0.0,0.0,1.0,85537086.48,65085211.0,3.0,2.0,0.0,True,0.0,6.0,EXACT
VDR-11277,5.0,0.0,0.0,2.0,2.0,106511534.22,113577177.24000001,5.0,0.0,0.0,True,0.0,5.0,EXACT
VDR-12500.corp.local,1.0,1.0,0.0,1.0,1.0,24819643.22,41784023.04,1.0,0.0,0.0,False,1.0,1.0,PROBABLE
WS_11553,1.0,0.0,0.0,1.0,0.0,21805745.0,24526192.64,1.0,0.0,0.0,False,0.0,1.0,PROBABLE
WS-11171,6.0,1.0,0.0,3.0,3.0,122489336.22,112871411.12,6.0,4.0,3.0,True,0.16666666666666666,10.0,EXACT
lpt-12551,5.0,3.0,0.0,4.0,3.0,94347023.0,124247780.28,4.0,0.0,0.0,False,0.6,5.0,PROBABLE
LPT-12239,7.0,5.0,0.0,5.0,4.0,157076590.0,171915043.28,6.0,2.0,1.0,False,0.7142857142857143,9.0,PROBABLE
vdr-11396,1.0,0.0,0.0,0.0,1.0,24819643.22,24526192.64,1.0,0.0,0.0,False,0.0,1.0,PROBABLE
LPT-11616,8.0,2.0,0.0,3.0,5.0,153169825.04,205006154.64,7.0,2.0,0.0,False,0.25,10.0,PROBABLE
WS_12742,2.0,0.0,0.0,1.0,0.0,25013814.099999998,74302214.0,2.0,0.0,0.0,False,0.0,2.0,PROBABLE
VDR_11387,1.0,0.0,0.0,1.0,1.0,4557799.0,4992795.0,0.0,0.0,0.0,False,0.0,1.0,PROBABLE
LPT-12280.corp.local,1.0,0.0,0.0,0.0,1.0,24819643.22,19240120.0,1.0,0.0,0.0,False,0.0,1.0,PROBABLE
vdr-11150,1.0,1.0,0.0,0.0,0.0,24819643.22,30282874.88,1.0,0.0,0.0,False,1.0,1.0,PROBABLE
VDR-11386,4.0,0.0,0.0,0.0,3.0,106908430.8,79610721.0,4.0,1.0,0.0,True,0.0,5.0,EXACT
LPT-10636.corp.local,1.0,0.0,0.0,0.0,1.0,21180109.0,24526192.64,1.0,0.0,0.0,False,0.0,1.0,PROBABLE
VDR-12308,2.0,0.0,0.0,0.0,1.0,54488435.22,39321617.64,2.0,2.0,0.0,True,0.0,4.0,EXACT
VDR-12411,4.0,0.0,0.0,3.0,3.0,117203875.4,106381343.28,2.0,0.0,0.0,True,0.0,4.0,EXACT
VDR-11002,5.0,2.0,1.0,4.0,3.0,100772429.68,155538271.4,5.0,0.0,0.0,False,0.4,5.0,PROBABLE
WS_12295,2.0,0.0,0.0,1.0,1.0,46468845.22,65488537.64,2.0,0.0,0.0,False,0.0,2.0,PROBABLE
lpt-10409,1.0,1.0,0.0,0.0,0.0,24819643.22,23939398.0,1.0,0.0,0.0,False,1.0,1.0,PROBABLE
lpt-10777,2.0,0.0,0.0,0.0,2.0,67965928.22,49052385.28,2.0,0.0,0.0,False,0.0,2.0,PROBABLE
LPT_10927,1.0,0.0,0.0,1.0,0.0,28377688.0,28540917.0,1.0,0.0,0.0,False,0.0,1.0,PROBABLE
WS-10467,10.0,2.0,0.0,6.0,7.0,193232032.88,234633000.07999998,7.0,4.0,0.0,True,0.2,14.0,EXACT
WS-12166,14.0,4.0,0.0,6.0,5.0,371175290.32,248834684.92000002,12.0,3.0,0.0,False,0.2857142857142857,17.0,PROBABLE
ws-12172,4.0,0.0,0.0,3.0,3.0,73718360.1,40655307.0,4.0,0.0,0.0,False,0.0,4.0,PROBABLE
LPT-12257.,0.0,0.0,0.0,0.0,0.0,0.0,0.0,0.0,0.0,0.0,True,0.0,0.0,EXACT
LPT-11278,4.0,1.0,0.0,0.0,2.0,86936708.22,102103536.48,3.0,4.0,1.0,True,0.25,8.0,EXACT
VDR-11377,8.0,2.0,0.0,4.0,6.0,193246780.22,152945675.51999998,7.0,2.0,0.0,True,0.25,10.0,EXACT
VDR-10833.corp.local,2.0,2.0,1.0,1.0,0.0,49639286.44,37148798.48,1.0,0.0,0.0,False,1.0,2.0,PROBABLE
VDR-12025,7.0,3.0,0.0,3.0,2.0,112425287.36,178510192.76,7.0,5.0,0.0,True,0.42857142857142855,12.0,EXACT
WS-12794.corp.local,1.0,0.0,0.0,0.0,1.0,19253208.0,11523850.24,1.0,0.0,0.0,False,0.0,1.0,PROBABLE
ws-10964,1.0,0.0,0.0,1.0,1.0,48440795.0,24526192.64,1.0,0.0,0.0,False,0.0,1.0,PROBABLE
LPT_12321,1.0,1.0,0.0,0.0,1.0,27631756.0,35644631.04,0.0,0.0,0.0,False,1.0,1.0,PROBABLE
WS-11756.corp.local,4.0,0.0,0.0,0.0,3.0,111576151.72,129908235.03999999,4.0,0.0,0.0,False,0.0,4.0,PROBABLE
WS_10574,1.0,0.0,0.0,0.0,1.0,24819643.22,24526192.64,1.0,0.0,0.0,False,0.0,1.0,PROBABLE
VDR-10203.corp.local,1.0,0.0,0.0,1.0,1.0,31610912.0,29228093.0,0.0,0.0,0.0,False,0.0,1.0,PROBABLE
LPT-11753,5.0,1.0,0.0,1.0,1.0,127057483.9,59875475.92,5.0,3.0,0.0,True,0.2,8.0,EXACT
LPT-11180,6.0,3.0,0.0,2.0,4.0,123691176.34,160521096.52,3.0,0.0,0.0,True,0.5,6.0,EXACT
VDR_11527,1.0,1.0,0.0,1.0,1.0,24819643.22,28888929.0,1.0,0.0,0.0,False,1.0,1.0,PROBABLE
VDR-11618.corp.local,1.0,1.0,0.0,0.0,0.0,11591634.0,24526192.64,1.0,0.0,0.0,False,1.0,1.0,PROBABLE
lpt-11164,4.0,0.0,2.0,2.0,3.0,131847153.25999999,100489060.64,4.0,0.0,0.0,False,0.0,4.0,PROBABLE
vdr-11999,3.0,0.0,0.0,0.0,1.0,77625584.84,49211750.64,2.0,0.0,0.0,False,0.0,3.0,PROBABLE
WS_11988,1.0,0.0,0.0,1.0,0.0,8058752.0,24526192.64,1.0,0.0,0.0,False,0.0,1.0,PROBABLE
WS-11905,5.0,1.0,1.0,2.0,5.0,140227604.44,138251481.28,5.0,2.0,0.0,False,0.2,7.0,PROBABLE
VDR-11610.corp.local,1.0,0.0,0.0,1.0,0.0,24819643.22,35928606.72,1.0,0.0,0.0,False,0.0,1.0,PROBABLE
vdr-10386,2.0,0.0,0.0,1.0,0.0,41650380.8,36415915.64,2.0,0.0,0.0,False,0.0,2.0,PROBABLE
VDR-10293.corp.local,2.0,0.0,0.0,0.0,2.0,41103115.0,72531692.0,2.0,0.0,0.0,False,0.0,2.0,PROBABLE
LPT-11881.corp.local,2.0,1.0,0.0,0.0,0.0,50638280.22,55494818.0,2.0,0.0,0.0,False,0.5,2.0,PROBABLE
VDR-12964,13.0,3.0,3.0,4.0,6.0,286305198.21999997,330066317.76,11.0,1.0,0.0,True,0.23076923076923078,14.0,EXACT
LPT_10129,1.0,0.0,0.0,0.0,0.0,24819643.22,24526192.64,1.0,0.0,0.0,False,0.0,1.0,PROBABLE
LPT_11311,1.0,0.0,0.0,0.0,0.0,27858727.0,28213607.0,1.0,0.0,0.0,False,0.0,1.0,PROBABLE
vdr-11933,1.0,0.0,0.0,1.0,1.0,44186798.08,2923121.0,1.0,0.0,0.0,False,0.0,1.0,PROBABLE
WS-12217.corp.local,1.0,0.0,0.0,1.0,0.0,10461524.0,42336375.0,0.0,0.0,0.0,False,0.0,1.0,PROBABLE
LPT_11701,1.0,0.0,0.0,1.0,0.0,21621637.12,9069759.0,1.0,0.0,0.0,False,0.0,1.0,PROBABLE
WS-12433,8.0,1.0,1.0,6.0,5.0,172776312.74,208647992.92000002,6.0,2.0,0.0,False,0.125,10.0,PROBABLE
ws-10934,4.0,0.0,0.0,3.0,1.0,78216872.28,152241783.64,2.0,0.0,0.0,False,0.0,4.0,PROBABLE
VDR-11665,6.0,1.0,0.0,3.0,2.0,169801006.54,176871687.08,3.0,4.0,1.0,False,0.16666666666666666,10.0,PROBABLE
WS-10078,8.0,1.0,1.0,6.0,4.0,244143375.66,202446838.08,7.0,1.0,0.0,True,0.125,9.0,EXACT
VDR-11095,2.0,0.0,0.0,1.0,0.0,49639286.44,49052385.28,2.0,5.0,1.0,True,0.0,7.0,EXACT
WS-10288,11.0,2.0,2.0,5.0,4.0,316298357.86,266603114.56,8.0,3.0,0.0,True,0.18181818181818182,14.0,EXACT
WS-10517,5.0,2.0,0.0,3.0,2.0,113894884.02,156942272.64,2.0,3.0,0.0,True,0.4,8.0,EXACT
lpt-11149,1.0,0.0,0.0,0.0,1.0,24819643.22,28061113.0,1.0,0.0,0.0,False,0.0,1.0,PROBABLE
VDR-11021.corp.local,3.0,1.0,0.0,0.0,2.0,62131493.44,83474264.96000001,2.0,0.0,0.0,False,0.3333333333333333,3.0,PROBABLE
LPT-10298,9.0,2.0,1.0,5.0,2.0,218121104.44,170034694.68,9.0,1.0,0.0,True,0.2222222222222222,10.0,EXACT
VDR_12254,1.0,0.0,0.0,1.0,0.0,47654987.0,24526192.64,1.0,0.0,0.0,False,0.0,1.0,PROBABLE
WS-12189,3.0,1.0,0.0,2.0,0.0,99002733.22,88048260.64,3.0,1.0,0.0,True,0.3333333333333333,4.0,EXACT
LPT-10107.corp.local,2.0,0.0,0.0,1.0,2.0,48431692.519999996,74648245.76,1.0,0.0,0.0,False,0.0,2.0,PROBABLE
VDR-10044,11.0,4.0,0.0,7.0,7.0,253682348.3,291713809.92,8.0,4.0,0.0,True,0.36363636363636365,15.0,EXACT
VDR-10558,9.0,1.0,1.0,3.0,3.0,227048438.32,246635315.68,6.0,2.0,0.0,True,0.1111111111111111,11.0,EXACT
lpt-12640,1.0,1.0,0.0,0.0,0.0,24819643.22,19441681.0,1.0,0.0,0.0,False,1.0,1.0,PROBABLE
ws-11243,1.0,0.0,0.0,0.0,0.0,24819643.22,25611509.76,1.0,0.0,0.0,False,0.0,1.0,PROBABLE
VDR-11966,4.0,1.0,0.0,2.0,3.0,84579534.94,65322313.64,4.0,1.0,0.0,True,0.25,5.0,EXACT
LPT-11398,8.0,4.0,1.0,5.0,5.0,199837612.82,202802968.6,5.0,0.0,0.0,True,0.5,8.0,EXACT
LPT_11005,1.0,0.0,0.0,1.0,0.0,40098107.0,36575840.0,1.0,0.0,0.0,False,0.0,1.0,PROBABLE
LPT-12505,6.0,2.0,1.0,5.0,2.0,132305206.53999999,121626096.08,5.0,2.0,0.0,True,0.3333333333333333,8.0,EXACT
LPT-12718,7.0,2.0,0.0,4.0,6.0,177865557.82,151634687.76,6.0,4.0,0.0,True,0.2857142857142857,11.0,EXACT
WS-10999,9.0,2.0,0.0,4.0,5.0,215367017.58,247595795.96,8.0,2.0,0.0,False,0.2222222222222222,11.0,PROBABLE
VDR-10608.corp.local,1.0,0.0,0.0,0.0,0.0,13385929.0,24526192.64,1.0,0.0,0.0,False,0.0,1.0,PROBABLE
ws-10586,2.0,1.0,0.0,2.0,2.0,49639286.44,33463848.64,1.0,0.0,0.0,False,0.5,2.0,PROBABLE
LPT-10177,10.0,4.0,1.0,4.0,6.0,269035558.6,179315437.24,8.0,3.0,1.0,True,0.4,13.0,EXACT
VDR-12198.corp.local,1.0,0.0,0.0,1.0,1.0,24819643.22,23712084.0,1.0,0.0,0.0,False,0.0,1.0,PROBABLE
WS-10564.,0.0,0.0,0.0,0.0,0.0,0.0,0.0,0.0,0.0,0.0,True,0.0,0.0,EXACT
VDR-11297.corp.local,3.0,1.0,2.0,2.0,3.0,87262807.0,81738311.56,3.0,0.0,0.0,False,0.3333333333333333,3.0,PROBABLE
WS-11521.corp.local,1.0,0.0,0.0,0.0,1.0,48888657.0,29286149.0,1.0,0.0,0.0,False,0.0,1.0,PROBABLE
LPT-12158.corp.local,2.0,0.0,0.0,1.0,2.0,45600807.56,42580475.68,2.0,0.0,0.0,False,0.0,2.0,PROBABLE
LPT-11993,10.0,3.0,0.0,4.0,3.0,233558788.96,309180818.08,7.0,3.0,0.0,True,0.3,13.0,EXACT
VDR-12017,8.0,2.0,0.0,3.0,6.0,232743298.98,175304703.84,6.0,4.0,1.0,True,0.25,12.0,EXACT
VDR-10925.corp.local,1.0,0.0,1.0,0.0,1.0,8381857.0,35014859.0,1.0,0.0,0.0,False,0.0,1.0,PROBABLE
LPT-11097,7.0,0.0,0.0,3.0,4.0,145179292.76,127894946.28,5.0,1.0,0.0,True,0.0,8.0,EXACT
LPT-11431,3.0,1.0,0.0,1.0,0.0,103866242.0,51745469.92,3.0,5.0,0.0,True,0.3333333333333333,8.0,EXACT
LPT-11234,6.0,1.0,0.0,4.0,1.0,213511668.32,140617464.12,5.0,6.0,1.0,True,0.16666666666666666,12.0,EXACT
VDR-12254,6.0,1.0,0.0,2.0,3.0,143973856.72,157594468.64,4.0,2.0,0.0,True,0.16666666666666666,8.0,EXACT
WS-11315.corp.local,1.0,0.0,0.0,1.0,1.0,15332256.0,42164473.0,1.0,0.0,0.0,False,0.0,1.0,PROBABLE
VDR_10406,3.0,0.0,0.0,3.0,1.0,76499950.28,39944100.52,3.0,0.0,0.0,False,0.0,3.0,PROBABLE
WS-10213,7.0,4.0,0.0,2.0,3.0,132561762.24,137702616.92000002,6.0,1.0,0.0,True,0.5714285714285714,8.0,EXACT
vdr-10018,1.0,0.0,0.0,1.0,1.0,11114397.0,37379266.0,1.0,0.0,0.0,False,0.0,1.0,PROBABLE
VDR-12453,4.0,0.0,1.0,1.0,1.0,102875922.66,119348216.92,3.0,0.0,0.0,True,0.0,4.0,EXACT
WS-11336,6.0,2.0,1.0,4.0,4.0,203601410.22,140263628.92000002,4.0,6.0,0.0,True,0.3333333333333333,12.0,EXACT
VDR-10688.corp.local,1.0,0.0,0.0,1.0,1.0,9678513.0,48637147.0,1.0,0.0,0.0,False,0.0,1.0,PROBABLE
lpt-10607,3.0,2.0,0.0,1.0,0.0,78309204.32,55947881.8,3.0,0.0,0.0,False,0.6666666666666666,3.0,PROBABLE
VDR-12781.corp.local,2.0,2.0,0.0,2.0,0.0,87329075.0,49052385.28,1.0,0.0,0.0,False,1.0,2.0,PROBABLE
lpt-12364,3.0,1.0,1.0,1.0,0.0,97299451.4,67048552.96,3.0,0.0,0.0,False,0.3333333333333333,3.0,PROBABLE
ws-10665,1.0,0.0,0.0,0.0,1.0,5084389.0,7356967.0,1.0,0.0,0.0,False,0.0,1.0,PROBABLE
WS-10569,4.0,0.0,0.0,3.0,2.0,106047963.46,100152333.0,3.0,4.0,0.0,True,0.0,8.0,EXACT
VDR-12932.corp.local,1.0,0.0,0.0,1.0,0.0,24819643.22,42221352.0,1.0,0.0,0.0,False,0.0,1.0,PROBABLE
VDR-12757,7.0,0.0,1.0,2.0,2.0,191607106.89999998,139530907.92000002,7.0,3.0,0.0,True,0.0,10.0,EXACT
vdr-10736,2.0,1.0,0.0,0.0,0.0,51261466.22,32840890.64,1.0,0.0,0.0,False,0.5,2.0,PROBABLE
LPT-10084,6.0,1.0,0.0,2.0,3.0,152503179.22,161164452.64,6.0,1.0,1.0,True,0.16666666666666666,7.0,EXACT
ws-11207,1.0,0.0,0.0,1.0,0.0,24819643.22,46894795.0,1.0,0.0,0.0,False,0.0,1.0,PROBABLE
LPT-11689.corp.local,1.0,1.0,0.0,1.0,1.0,43243274.24,41062236.16,1.0,0.0,0.0,False,1.0,1.0,PROBABLE
WS-12496.corp.local,3.0,1.0,0.0,2.0,0.0,80233197.22,34724343.56,2.0,0.0,0.0,False,0.3333333333333333,3.0,PROBABLE
LPT-10834.corp.local,2.0,0.0,0.0,0.0,0.0,45793245.24,38907387.0,2.0,0.0,0.0,False,0.0,2.0,PROBABLE
WS-10476.corp.local,1.0,0.0,0.0,0.0,1.0,17238980.0,39772946.0,1.0,0.0,0.0,False,0.0,1.0,PROBABLE
ws-12830,2.0,1.0,0.0,1.0,0.0,72309650.25999999,55887038.0,2.0,0.0,0.0,False,0.5,2.0,PROBABLE
WS-10828,9.0,2.0,0.0,6.0,3.0,222130626.2,190796031.92000002,9.0,2.0,1.0,True,0.2222222222222222,11.0,EXACT
ws-10063,1.0,0.0,0.0,1.0,1.0,49158286.0,24526192.64,1.0,0.0,0.0,False,0.0,1.0,PROBABLE
WS-10832,11.0,2.0,1.0,4.0,5.0,306432822.48,239262680.76,9.0,4.0,0.0,True,0.18181818181818182,15.0,EXACT
VDR-11307.,0.0,0.0,0.0,0.0,0.0,0.0,0.0,0.0,0.0,0.0,True,0.0,0.0,EXACT
WS-11516.corp.local,1.0,0.0,0.0,1.0,1.0,24819643.22,37440966.0,0.0,0.0,0.0,False,0.0,1.0,PROBABLE
LPT-12649.corp.local,2.0,2.0,0.0,1.0,1.0,67729512.22,43036430.64,1.0,0.0,0.0,False,1.0,2.0,PROBABLE
LPT-10464,12.0,4.0,1.0,6.0,8.0,270714610.14,310802138.44,11.0,2.0,0.0,True,0.3333333333333333,14.0,EXACT
ws-10324,1.0,0.0,0.0,1.0,1.0,24930755.0,24526192.64,0.0,0.0,0.0,False,0.0,1.0,PROBABLE
ws-10117,1.0,0.0,0.0,1.0,1.0,2951893.0,18867156.0,1.0,0.0,0.0,False,0.0,1.0,PROBABLE
WS-10150,5.0,0.0,0.0,2.0,3.0,115760563.03999999,109021906.32000001,5.0,3.0,0.0,True,0.0,8.0,EXACT
vdr-12618,2.0,1.0,0.0,1.0,2.0,13918236.0,48568322.6,2.0,0.0,0.0,False,0.5,2.0,PROBABLE
LPT-12962,9.0,0.0,2.0,6.0,6.0,276852201.86,318275271.88,9.0,0.0,0.0,True,0.0,9.0,EXACT
VDR-10342.corp.local,1.0,0.0,0.0,1.0,0.0,969662.0,31504690.0,1.0,0.0,0.0,False,0.0,1.0,PROBABLE
VDR-10715.,0.0,0.0,0.0,0.0,0.0,0.0,0.0,0.0,0.0,0.0,True,0.0,0.0,EXACT
WS-12701.corp.local,1.0,1.0,0.0,0.0,0.0,517575.0,47172498.0,1.0,0.0,0.0,False,1.0,1.0,PROBABLE
WS-10139,7.0,2.0,0.0,3.0,1.0,250510438.6,233682422.64,7.0,2.0,0.0,False,0.2857142857142857,9.0,PROBABLE
LPT_10390,2.0,0.0,0.0,1.0,1.0,63331625.92,30427832.32,2.0,0.0,0.0,False,0.0,2.0,PROBABLE
WS-12833,10.0,2.0,1.0,2.0,5.0,272772765.5,165555815.52,8.0,7.0,0.0,True,0.2,17.0,EXACT
LPT-12197.corp.local,1.0,0.0,0.0,1.0,0.0,44500262.0,32250238.0,1.0,0.0,0.0,False,0.0,1.0,PROBABLE
WS_10393,1.0,1.0,0.0,0.0,0.0,24819643.22,34014672.0,1.0,0.0,0.0,False,1.0,1.0,PROBABLE
WS-10394,9.0,3.0,0.0,2.0,7.0,219968820.44,208888571.48,9.0,9.0,2.0,True,0.3333333333333333,18.0,EXACT
VDR-11090,7.0,2.0,2.0,3.0,3.0,166344362.66,177911687.28,7.0,3.0,0.0,True,0.2857142857142857,10.0,EXACT
LPT-11732,10.0,1.0,0.0,4.0,3.0,242287562.1,268044852.2,9.0,0.0,0.0,False,0.1,10.0,PROBABLE
lpt-10423,1.0,0.0,0.0,1.0,1.0,24819643.22,4881016.0,1.0,0.0,0.0,False,0.0,1.0,PROBABLE
LPT-10651.,0.0,0.0,0.0,0.0,0.0,0.0,0.0,0.0,0.0,0.0,True,0.0,0.0,EXACT
LPT-12858,6.0,1.0,0.0,4.0,2.0,114445014.75999999,130422417.68,4.0,3.0,1.0,True,0.16666666666666666,9.0,EXACT
WS-10721,10.0,3.0,1.0,5.0,6.0,215793099.51999998,218386831.56,7.0,3.0,0.0,True,0.3,13.0,EXACT
VDR-10701.corp.local,1.0,0.0,0.0,0.0,1.0,39334082.0,24526192.64,1.0,0.0,0.0,False,0.0,1.0,PROBABLE
WS-10000.corp.local,1.0,1.0,1.0,0.0,0.0,27253562.0,24526192.64,1.0,0.0,0.0,False,1.0,1.0,PROBABLE
WS-10181,6.0,3.0,0.0,4.0,3.0,203268791.16,184831185.04,5.0,3.0,0.0,True,0.5,9.0,EXACT
WS-12912.corp.local,2.0,2.0,0.0,0.0,2.0,24074564.92,71020052.48,2.0,0.0,0.0,False,1.0,2.0,PROBABLE
VDR_10631,2.0,0.0,0.0,1.0,1.0,32173438.22,34428105.0,2.0,0.0,0.0,False,0.0,2.0,PROBABLE
WS-10632.corp.local,1.0,0.0,0.0,1.0,0.0,42246847.0,24526192.64,1.0,0.0,0.0,False,0.0,1.0,PROBABLE
ws-12077,2.0,1.0,0.0,1.0,2.0,49679503.96,55554041.64,2.0,0.0,0.0,False,0.5,2.0,PROBABLE
LPT-10259,5.0,1.0,0.0,4.0,0.0,177236733.76,100026404.6,4.0,2.0,0.0,True,0.2,7.0,EXACT
LPT-12532,9.0,4.0,0.0,4.0,5.0,236154817.07999998,179715552.8,8.0,1.0,0.0,True,0.4444444444444444,10.0,EXACT
WS_10916,1.0,0.0,0.0,1.0,1.0,10431261.0,24526192.64,1.0,0.0,0.0,False,0.0,1.0,PROBABLE
WS-11207,10.0,4.0,1.0,5.0,1.0,263334564.76,246646013.28,9.0,2.0,0.0,True,0.4,12.0,EXACT
VDR_11932,2.0,1.0,0.0,1.0,2.0,31557179.22,26042073.0,2.0,0.0,0.0,False,0.5,2.0,PROBABLE
LPT-12271,7.0,1.0,2.0,4.0,4.0,159226154.44,153523054.96,7.0,2.0,0.0,True,0.14285714285714285,9.0,EXACT
LPT-12147,13.0,5.0,1.0,6.0,6.0,414748290.06,304637917.4,12.0,1.0,0.0,True,0.38461538461538464,14.0,EXACT
lpt-11357,4.0,1.0,1.0,2.0,1.0,74345498.0,69557391.0,3.0,0.0,0.0,False,0.25,4.0,PROBABLE
vdr-11439,1.0,0.0,1.0,1.0,1.0,43767562.24,4584325.0,1.0,0.0,0.0,False,0.0,1.0,PROBABLE
WS_10105,1.0,1.0,0.0,0.0,0.0,28926703.0,19515238.0,0.0,0.0,0.0,False,1.0,1.0,PROBABLE
lpt-10755,2.0,0.0,0.0,2.0,2.0,34383062.0,42110596.64,2.0,0.0,0.0,False,0.0,2.0,PROBABLE
ws-12359,1.0,0.0,0.0,0.0,1.0,24819643.22,37203081.0,1.0,0.0,0.0,False,0.0,1.0,PROBABLE
VDR_12090,1.0,0.0,0.0,0.0,1.0,33910759.0,26780631.04,1.0,0.0,0.0,False,0.0,1.0,PROBABLE
WS-10704,11.0,5.0,0.0,5.0,6.0,321616584.34,280108203.24,10.0,1.0,0.0,True,0.45454545454545453,12.0,EXACT
LPT-10094.corp.local,1.0,0.0,0.0,0.0,0.0,24819643.22,24526192.64,1.0,0.0,0.0,False,0.0,1.0,PROBABLE
LPT_12927,1.0,0.0,0.0,0.0,0.0,27382863.0,24526192.64,1.0,0.0,0.0,False,0.0,1.0,PROBABLE
lpt-11209,6.0,0.0,1.0,4.0,0.0,95834938.56,138390538.72,6.0,0.0,0.0,False,0.0,6.0,PROBABLE
LPT-10026,5.0,0.0,1.0,3.0,4.0,117325801.36,163288775.84,5.0,3.0,0.0,True,0.0,8.0,EXACT
LPT-10058.corp.local,1.0,0.0,0.0,0.0,1.0,24819643.22,39253753.0,1.0,0.0,0.0,False,0.0,1.0,PROBABLE
VDR-10192.corp.local,1.0,0.0,0.0,0.0,0.0,24819643.22,26403540.0,1.0,0.0,0.0,False,0.0,1.0,PROBABLE
LPT_10286,1.0,0.0,0.0,0.0,1.0,24819643.22,15218913.0,1.0,0.0,0.0,False,0.0,1.0,PROBABLE
ws-11424,1.0,0.0,0.0,0.0,0.0,36960811.0,42205184.0,0.0,0.0,0.0,False,0.0,1.0,PROBABLE
LPT-10302.corp.local,1.0,0.0,0.0,0.0,1.0,47122330.0,25030299.0,1.0,0.0,0.0,False,0.0,1.0,PROBABLE
ws-11159,3.0,1.0,0.0,2.0,2.0,79084977.0,104708490.92,2.0,0.0,0.0,False,0.3333333333333333,3.0,PROBABLE
WS-11467.corp.local,1.0,0.0,1.0,0.0,1.0,2260532.0,35683041.28,1.0,0.0,0.0,False,0.0,1.0,PROBABLE
VDR-11855,10.0,1.0,1.0,5.0,6.0,198504180.42,246369937.96,10.0,2.0,0.0,True,0.1,12.0,EXACT
VDR-12497,5.0,1.0,0.0,3.0,3.0,111970798.88,171177302.2,4.0,4.0,0.0,False,0.2,9.0,PROBABLE
VDR-11302,1.0,0.0,0.0,1.0,1.0,10646413.0,24526192.64,1.0,4.0,1.0,True,0.0,5.0,EXACT
WS-11000,6.0,3.0,0.0,2.0,4.0,169893004.9,116771301.28,6.0,2.0,0.0,True,0.5,8.0,EXACT
LPT_10001,1.0,0.0,1.0,0.0,1.0,34617917.44,24526192.64,1.0,0.0,0.0,False,0.0,1.0,PROBABLE
VDR_10693,1.0,0.0,0.0,0.0,0.0,43188403.0,4459552.0,1.0,0.0,0.0,False,0.0,1.0,PROBABLE
WS-10004,7.0,2.0,1.0,3.0,5.0,227248541.1,163804557.0,6.0,4.0,1.0,True,0.2857142857142857,11.0,EXACT
WS-11854,9.0,0.0,0.0,2.0,4.0,240046988.88,248403940.56,7.0,3.0,0.0,True,0.0,12.0,EXACT
vdr-11989,1.0,1.0,0.0,1.0,0.0,24079869.0,24526192.64,1.0,0.0,0.0,False,1.0,1.0,PROBABLE
lpt-10377,1.0,1.0,1.0,1.0,1.0,8402391.04,15941427.2,1.0,0.0,0.0,False,1.0,1.0,PROBABLE
WS-10941.corp.local,2.0,0.0,0.0,1.0,2.0,37874414.42,48685738.64,0.0,0.0,0.0,False,0.0,2.0,PROBABLE
lpt-12186,3.0,0.0,0.0,2.0,2.0,68089986.56,73578577.92,3.0,0.0,0.0,False,0.0,3.0,PROBABLE
LPT-12795.corp.local,2.0,1.0,0.0,2.0,1.0,59488123.0,20767549.0,2.0,0.0,0.0,False,0.5,2.0,PROBABLE
WS-12677.corp.local,1.0,0.0,0.0,0.0,1.0,24233344.0,32521780.0,1.0,0.0,0.0,False,0.0,1.0,PROBABLE
LPT_10080,1.0,0.0,0.0,1.0,0.0,24819643.22,24526192.64,1.0,0.0,0.0,False,0.0,1.0,PROBABLE
LPT-11173,7.0,0.0,1.0,1.0,2.0,169192233.92,161525775.28,7.0,3.0,0.0,True,0.0,10.0,EXACT
VDR-12740.corp.local,1.0,0.0,0.0,0.0,1.0,44291850.24,30723973.12,0.0,0.0,0.0,False,0.0,1.0,PROBABLE
VDR-10833,9.0,5.0,0.0,6.0,4.0,237442541.18,260430058.28,6.0,2.0,0.0,False,0.5555555555555556,11.0,PROBABLE
LPT-11222,3.0,0.0,1.0,1.0,2.0,72263873.62,74389625.64,3.0,2.0,1.0,True,0.0,5.0,EXACT
VDR-11142,9.0,3.0,0.0,5.0,5.0,247486501.04,257849710.92000002,6.0,2.0,1.0,True,0.3333333333333333,11.0,EXACT
LPT-11457,5.0,0.0,0.0,1.0,2.0,97294056.52,88361611.92,4.0,0.0,0.0,True,0.0,5.0,EXACT
WS-11079,4.0,1.0,0.0,3.0,2.0,56628446.22,74315478.64,3.0,4.0,1.0,True,0.25,8.0,EXACT
WS-10617.corp.local,2.0,0.0,0.0,2.0,0.0,49639286.44,51469738.64,2.0,0.0,0.0,False,0.0,2.0,PROBABLE
ws-12679,2.0,0.0,0.0,2.0,1.0,71229616.97999999,46624315.44,2.0,0.0,0.0,False,0.0,2.0,PROBABLE
WS-11018,5.0,3.0,0.0,2.0,2.0,100509700.66,150417790.28,5.0,3.0,0.0,True,0.6,8.0,EXACT
LPT-10215,11.0,2.0,1.0,4.0,7.0,238075345.07999998,185692354.28,9.0,2.0,0.0,True,0.18181818181818182,13.0,EXACT
ws-12594,1.0,0.0,0.0,0.0,0.0,24819643.22,24526192.64,1.0,0.0,0.0,False,0.0,1.0,PROBABLE
LPT_10777,1.0,0.0,0.0,0.0,1.0,16915362.0,23276132.0,1.0,0.0,0.0,False,0.0,1.0,PROBABLE
VDR_10072,1.0,1.0,0.0,1.0,1.0,2453811.2,41855195.0,1.0,0.0,0.0,False,1.0,1.0,PROBABLE
VDR-11537,2.0,0.0,0.0,1.0,0.0,32010575.2,31123416.64,1.0,4.0,1.0,True,0.0,6.0,EXACT
VDR_10559,1.0,0.0,0.0,1.0,0.0,32039912.0,24070691.0,1.0,0.0,0.0,False,0.0,1.0,PROBABLE
ws-12255,2.0,1.0,0.0,0.0,1.0,61818612.22,49251827.64,2.0,0.0,0.0,False,0.5,2.0,PROBABLE
LPT-12884,8.0,3.0,0.0,3.0,3.0,204457498.24,145666467.64,6.0,1.0,0.0,True,0.375,9.0,EXACT
WS-11383,2.0,0.0,0.0,0.0,1.0,37784739.22,36008099.84,2.0,2.0,1.0,True,0.0,4.0,EXACT
ws-10000,1.0,0.0,0.0,1.0,0.0,35103795.0,24526192.64,0.0,0.0,0.0,False,0.0,1.0,PROBABLE
VDR_11318,1.0,0.0,0.0,0.0,0.0,9308549.0,39473358.0,1.0,0.0,0.0,False,0.0,1.0,PROBABLE
WS-10174,7.0,1.0,0.0,2.0,5.0,124281408.88,153258445.28,7.0,3.0,0.0,True,0.14285714285714285,10.0,EXACT
VDR-12063,6.0,1.0,0.0,5.0,3.0,159649717.44,134582297.24,4.0,0.0,0.0,True,0.16666666666666666,6.0,EXACT
WS_12397,2.0,1.0,0.0,1.0,1.0,64349934.12,29870091.64,2.0,0.0,0.0,False,0.5,2.0,PROBABLE
VDR-12270.corp.local,1.0,0.0,0.0,0.0,0.0,19146693.0,40057806.0,0.0,0.0,0.0,False,0.0,1.0,PROBABLE
VDR_12776,1.0,1.0,0.0,1.0,0.0,24819643.22,40754562.0,1.0,0.0,0.0,False,1.0,1.0,PROBABLE
vdr-11375,1.0,0.0,0.0,0.0,0.0,13221361.0,24526192.64,1.0,0.0,0.0,False,0.0,1.0,PROBABLE
WS-12230,9.0,5.0,2.0,5.0,8.0,228822684.24,203601471.92000002,7.0,1.0,0.0,True,0.5555555555555556,10.0,EXACT
WS-12720,8.0,0.0,0.0,5.0,5.0,161680087.54,214506237.08,5.0,2.0,0.0,True,0.0,10.0,EXACT
VDR-10648.corp.local,1.0,0.0,0.0,0.0,0.0,2053065.0,46095400.96,1.0,0.0,0.0,False,0.0,1.0,PROBABLE
LPT-12722,5.0,1.0,1.0,3.0,4.0,129862480.42,89764290.2,5.0,6.0,1.0,True,0.2,11.0,EXACT
LPT-10654.corp.local,1.0,1.0,0.0,1.0,0.0,24819643.22,19765044.0,1.0,0.0,0.0,False,1.0,1.0,PROBABLE
VDR-10603,7.0,1.0,0.0,4.0,3.0,118080346.22,200950651.88,7.0,4.0,1.0,True,0.14285714285714285,11.0,EXACT
lpt-10676,1.0,1.0,0.0,1.0,0.0,6842993.0,8894387.0,1.0,0.0,0.0,False,1.0,1.0,PROBABLE
LPT_12721,2.0,0.0,0.0,1.0,1.0,57923882.480000004,53582861.64,1.0,0.0,0.0,False,0.0,2.0,PROBABLE
lpt-12004,2.0,1.0,0.0,1.0,2.0,37255362.56,50929607.0,2.0,0.0,0.0,False,0.5,2.0,PROBABLE
WS_10971,1.0,1.0,0.0,1.0,0.0,24819643.22,44379295.0,1.0,0.0,0.0,False,1.0,1.0,PROBABLE
vdr-11046,2.0,0.0,0.0,1.0,0.0,74278217.08,54606072.0,2.0,0.0,0.0,False,0.0,2.0,PROBABLE
WS-12925.corp.local,1.0,0.0,1.0,1.0,1.0,47757894.0,24526192.64,0.0,0.0,0.0,False,0.0,1.0,PROBABLE
VDR-12693,10.0,1.0,0.0,5.0,3.0,189666160.78,210234203.07999998,9.0,3.0,0.0,True,0.1,13.0,EXACT
WS-12548.corp.local,1.0,0.0,0.0,1.0,0.0,754023.0,13716993.0,1.0,0.0,0.0,False,0.0,1.0,PROBABLE
WS-10888,10.0,2.0,2.0,3.0,5.0,210322245.54,214543664.84,7.0,0.0,0.0,True,0.2,10.0,EXACT
VDR_10801,2.0,0.0,0.0,2.0,2.0,46350861.14,55473109.44,2.0,0.0,0.0,False,0.0,2.0,PROBABLE
WS-12344,2.0,0.0,0.0,1.0,1.0,91723801.0,33011498.12,2.0,1.0,0.0,True,0.0,3.0,EXACT
WS-11759,6.0,3.0,1.0,4.0,3.0,149784494.44,179882787.0,6.0,0.0,0.0,True,0.5,6.0,EXACT
ws-10695,1.0,0.0,0.0,1.0,1.0,42785257.0,24526192.64,1.0,0.0,0.0,False,0.0,1.0,PROBABLE
vdr-11012,1.0,1.0,0.0,1.0,0.0,4038644.0,24526192.64,1.0,0.0,0.0,False,1.0,1.0,PROBABLE
VDR-11056,7.0,0.0,0.0,5.0,5.0,167236235.24,116594514.92,7.0,5.0,0.0,True,0.0,12.0,EXACT
VDR-11697,7.0,1.0,1.0,2.0,3.0,197689036.88,153205218.6,5.0,2.0,0.0,True,0.14285714285714285,9.0,EXACT
ws-10408,2.0,1.0,0.0,0.0,0.0,32672453.22,51520830.64,2.0,0.0,0.0,False,0.5,2.0,PROBABLE
VDR-12936,4.0,2.0,0.0,3.0,4.0,97675982.66,64729918.760000005,3.0,2.0,0.0,True,0.5,6.0,EXACT
VDR-10124,8.0,1.0,0.0,6.0,6.0,225875291.7,229832870.28,7.0,2.0,0.0,True,0.125,10.0,EXACT
LPT-10989.corp.local,1.0,0.0,0.0,0.0,1.0,2782364.0,31095962.0,1.0,0.0,0.0,False,0.0,1.0,PROBABLE
VDR_10877,1.0,0.0,0.0,1.0,0.0,11499153.0,40365608.96,0.0,0.0,0.0,False,0.0,1.0,PROBABLE
WS_12848,1.0,0.0,0.0,0.0,0.0,48976851.0,24526192.64,1.0,0.0,0.0,False,0.0,1.0,PROBABLE
vdr-12591,2.0,1.0,0.0,1.0,1.0,74134172.5,37184721.64,2.0,0.0,0.0,False,0.5,2.0,PROBABLE
VDR_12168,1.0,0.0,0.0,1.0,1.0,14189912.0,9526193.0,1.0,0.0,0.0,False,0.0,1.0,PROBABLE
WS-10268,3.0,0.0,0.0,0.0,1.0,76229433.0,95855006.64,2.0,3.0,1.0,True,0.0,6.0,EXACT
vdr-11930,1.0,0.0,0.0,0.0,0.0,37173150.0,45797784.0,1.0,0.0,0.0,False,0.0,1.0,PROBABLE
lpt-12995,1.0,0.0,0.0,1.0,0.0,24819643.22,24526192.64,1.0,0.0,0.0,False,0.0,1.0,PROBABLE
vdr-12130,1.0,0.0,0.0,1.0,1.0,24819643.22,44863713.0,0.0,0.0,0.0,False,0.0,1.0,PROBABLE
VDR-12748.corp.local,1.0,0.0,0.0,1.0,0.0,7690280.0,24526192.64,1.0,0.0,0.0,False,0.0,1.0,PROBABLE
LPT-10420.corp.local,2.0,1.0,1.0,1.0,1.0,47502086.22,38117318.44,2.0,0.0,0.0,False,0.5,2.0,PROBABLE
vdr-10118,3.0,0.0,1.0,1.0,1.0,79963795.22,59660145.28,2.0,0.0,0.0,False,0.0,3.0,PROBABLE
WS-10582,7.0,2.0,1.0,2.0,2.0,180954509.8,232974958.92000002,5.0,2.0,0.0,True,0.2857142857142857,9.0,EXACT
VDR-10877,9.0,3.0,0.0,4.0,4.0,173550840.28,234553107.8,8.0,1.0,0.0,True,0.3333333333333333,10.0,EXACT
ws-11320,2.0,1.0,0.0,1.0,1.0,26092966.52,28161717.64,1.0,0.0,0.0,False,0.5,2.0,PROBABLE
LPT-10452,5.0,0.0,0.0,2.0,3.0,91437277.0,160477353.44,4.0,1.0,1.0,True,0.0,6.0,EXACT
ws-12064,1.0,0.0,0.0,0.0,0.0,24819643.22,24526192.64,1.0,0.0,0.0,False,0.0,1.0,PROBABLE
WS-12742.corp.local,2.0,0.0,1.0,0.0,1.0,45746787.0,35102871.64,2.0,0.0,0.0,False,0.0,2.0,PROBABLE
WS-11864.corp.local,1.0,1.0,0.0,0.0,1.0,37316179.0,2621423.0,0.0,0.0,0.0,False,1.0,1.0,PROBABLE
LPT-10785.corp.local,3.0,0.0,2.0,2.0,1.0,107686210.22,68432382.75999999,1.0,0.0,0.0,False,0.0,3.0,PROBABLE
WS-11867,5.0,1.0,0.0,1.0,3.0,92408539.0,108685321.16,5.0,4.0,0.0,True,0.2,9.0,EXACT
LPT-11616.,0.0,0.0,0.0,0.0,0.0,0.0,0.0,0.0,0.0,0.0,True,0.0,0.0,EXACT
LPT_11626,1.0,0.0,0.0,1.0,0.0,24819643.22,37918783.0,0.0,0.0,0.0,False,0.0,1.0,PROBABLE
VDR-11117,8.0,3.0,2.0,3.0,5.0,173783688.98,226391462.28,7.0,4.0,0.0,True,0.375,12.0,EXACT
ws-12283,2.0,0.0,1.0,0.0,0.0,49639286.44,41927631.0,2.0,0.0,0.0,False,0.0,2.0,PROBABLE
lpt-12871,2.0,0.0,0.0,1.0,1.0,68888397.0,49052385.28,2.0,0.0,0.0,False,0.0,2.0,PROBABLE
ws-11893,1.0,1.0,0.0,1.0,1.0,24819643.22,2720846.0,1.0,0.0,0.0,False,1.0,1.0,PROBABLE
WS_12556,1.0,0.0,0.0,0.0,0.0,24819643.22,24526192.64,1.0,0.0,0.0,False,0.0,1.0,PROBABLE
VDR-11210.corp.local,1.0,0.0,0.0,0.0,1.0,42279289.0,8533662.0,1.0,0.0,0.0,False,0.0,1.0,PROBABLE
LPT-11504,8.0,3.0,0.0,7.0,4.0,138327368.9,198002456.64000002,7.0,3.0,0.0,True,0.375,11.0,EXACT
LPT_11721,1.0,0.0,0.0,1.0,0.0,17165360.0,24526192.64,1.0,0.0,0.0,False,0.0,1.0,PROBABLE
WS-11782,4.0,0.0,0.0,3.0,0.0,27282400.8,102107437.64,4.0,1.0,0.0,True,0.0,5.0,EXACT
vdr-10499,3.0,1.0,0.0,1.0,2.0,81523676.0,59872628.64,2.0,0.0,0.0,False,0.3333333333333333,3.0,PROBABLE
WS-11687,9.0,0.0,1.0,6.0,2.0,210125894.79999998,203833515.76,9.0,5.0,0.0,True,0.0,14.0,EXACT
WS_11897,1.0,0.0,0.0,0.0,0.0,44116526.0,24526192.64,1.0,0.0,0.0,False,0.0,1.0,PROBABLE
LPT-11303,9.0,0.0,1.0,6.0,8.0,195462200.24,233548550.0,7.0,2.0,0.0,True,0.0,11.0,EXACT
lpt-10227,1.0,0.0,0.0,1.0,1.0,13347024.0,24526192.64,0.0,0.0,0.0,False,0.0,1.0,PROBABLE
LPT-12772.corp.local,1.0,0.0,0.0,0.0,1.0,5657602.0,24526192.64,1.0,0.0,0.0,False,0.0,1.0,PROBABLE
LPT_12014,1.0,0.0,0.0,0.0,0.0,23194501.12,35951220.0,1.0,0.0,0.0,False,0.0,1.0,PROBABLE
LPT-10318.corp.local,3.0,0.0,0.0,0.0,3.0,68949020.96000001,70243282.64,3.0,0.0,0.0,False,0.0,3.0,PROBABLE
VDR-12404,8.0,1.0,1.0,3.0,6.0,202476213.38,238493103.92000002,6.0,2.0,1.0,True,0.125,10.0,EXACT
LPT_11906,1.0,0.0,0.0,1.0,1.0,10297495.0,9212546.0,1.0,0.0,0.0,False,0.0,1.0,PROBABLE
ws-10284,2.0,2.0,0.0,0.0,1.0,66559980.0,69567647.64,2.0,0.0,0.0,False,1.0,2.0,PROBABLE
VDR-12352.corp.local,1.0,0.0,0.0,0.0,1.0,46462208.0,24526192.64,1.0,0.0,0.0,False,0.0,1.0,PROBABLE
LPT-12947,8.0,1.0,1.0,4.0,4.0,195959073.34,241016532.84,7.0,2.0,1.0,True,0.125,10.0,EXACT
LPT-12565.,0.0,0.0,0.0,0.0,0.0,0.0,0.0,0.0,0.0,0.0,True,0.0,0.0,EXACT
vdr-11587,2.0,0.0,0.0,0.0,1.0,49639286.44,55453440.0,1.0,0.0,0.0,False,0.0,2.0,PROBABLE
WS_10508,2.0,0.0,0.0,1.0,1.0,52832315.22,61094941.0,2.0,0.0,0.0,False,0.0,2.0,PROBABLE
LPT-11200,7.0,3.0,0.0,2.0,4.0,181126072.66,183075377.44,6.0,2.0,0.0,True,0.42857142857142855,9.0,EXACT
ws-12537,1.0,0.0,0.0,0.0,1.0,24823450.0,24526192.64,1.0,0.0,0.0,False,0.0,1.0,PROBABLE
lpt-11546,2.0,0.0,0.0,0.0,1.0,27327220.2,29057794.64,2.0,0.0,0.0,False,0.0,2.0,PROBABLE
VDR-12388,5.0,0.0,2.0,4.0,5.0,110882343.5,139348397.64,3.0,6.0,1.0,True,0.0,11.0,EXACT
VDR-10614.corp.local,1.0,0.0,0.0,1.0,0.0,5045949.0,24526192.64,1.0,0.0,0.0,False,0.0,1.0,PROBABLE
WS-10351,8.0,2.0,1.0,5.0,4.0,158130478.74,170137358.92000002,8.0,2.0,1.0,True,0.25,10.0,EXACT
VDR_11032,1.0,0.0,0.0,1.0,1.0,12582912.0,24526192.64,1.0,0.0,0.0,False,0.0,1.0,PROBABLE
lpt-10447,2.0,0.0,0.0,2.0,1.0,49639286.44,55480672.64,2.0,0.0,0.0,False,0.0,2.0,PROBABLE
WS-12341.corp.local,1.0,0.0,0.0,1.0,1.0,27910351.0,45898926.08,1.0,0.0,0.0,False,0.0,1.0,PROBABLE
WS_10747,2.0,0.0,0.0,2.0,1.0,37679459.0,15812958.28,1.0,0.0,0.0,False,0.0,2.0,PROBABLE
LPT_10679,1.0,0.0,0.0,1.0,0.0,611130.0,24526192.64,1.0,0.0,0.0,False,0.0,1.0,PROBABLE
WS-10726,6.0,0.0,1.0,6.0,2.0,175597866.56,159781259.88,6.0,3.0,1.0,True,0.0,9.0,EXACT
LPT-11862,7.0,0.0,0.0,2.0,3.0,206436352.68,150658462.44,6.0,7.0,0.0,True,0.0,14.0,EXACT
WS-12172.corp.local,1.0,0.0,1.0,0.0,1.0,24819643.22,18894237.0,1.0,0.0,0.0,False,0.0,1.0,PROBABLE
WS-10579,10.0,2.0,1.0,5.0,5.0,291691639.6,234292674.4,6.0,3.0,0.0,False,0.2,13.0,PROBABLE
WS_11410,1.0,0.0,0.0,0.0,0.0,14826864.64,24526192.64,1.0,0.0,0.0,False,0.0,1.0,PROBABLE
VDR_10514,1.0,1.0,0.0,1.0,1.0,35296629.0,32646458.0,0.0,0.0,0.0,False,1.0,1.0,PROBABLE
LPT-12961.corp.local,2.0,2.0,1.0,1.0,1.0,23775872.0,44534120.28,2.0,0.0,0.0,False,1.0,2.0,PROBABLE
VDR-12437.corp.local,1.0,0.0,0.0,0.0,0.0,45245842.0,33109434.0,1.0,0.0,0.0,False,0.0,1.0,PROBABLE
WS-11248,7.0,0.0,1.0,3.0,3.0,215714774.04,189108107.56,6.0,1.0,1.0,True,0.0,8.0,EXACT
LPT-12616,10.0,2.0,0.0,6.0,3.0,259995818.56,220010227.07999998,9.0,3.0,0.0,False,0.2,13.0,PROBABLE
vdr-12058,2.0,0.0,1.0,1.0,2.0,16867774.48,48707046.0,2.0,0.0,0.0,False,0.0,2.0,PROBABLE
WS-11759.corp.local,4.0,1.0,1.0,1.0,4.0,67254120.32,82304653.64,3.0,0.0,0.0,False,0.25,4.0,PROBABLE
VDR-10300,6.0,1.0,0.0,6.0,3.0,164475368.66,112671089.28,6.0,6.0,0.0,True,0.16666666666666666,12.0,EXACT
lpt-12710,1.0,0.0,0.0,1.0,1.0,24819643.22,20949451.0,1.0,0.0,0.0,False,0.0,1.0,PROBABLE
LPT_12730,1.0,0.0,0.0,0.0,1.0,14826864.64,24526192.64,0.0,0.0,0.0,False,0.0,1.0,PROBABLE
ws-11835,2.0,1.0,0.0,1.0,1.0,53238438.739999995,56729896.64,1.0,0.0,0.0,False,0.5,2.0,PROBABLE
LPT_10944,1.0,0.0,0.0,1.0,0.0,45982407.0,34794465.28,1.0,0.0,0.0,False,0.0,1.0,PROBABLE
vdr-11653,1.0,0.0,0.0,0.0,0.0,38981077.0,46853806.0,1.0,0.0,0.0,False,0.0,1.0,PROBABLE
VDR-12525,2.0,1.0,0.0,1.0,1.0,71833395.2,26435972.0,2.0,3.0,0.0,True,0.5,5.0,EXACT
lpt-10122,2.0,0.0,0.0,1.0,2.0,49639286.44,65137541.12,2.0,0.0,0.0,False,0.0,2.0,PROBABLE
ws-11686,1.0,1.0,0.0,0.0,1.0,24819643.22,45393740.0,1.0,0.0,0.0,False,1.0,1.0,PROBABLE
WS-10675.corp.local,1.0,0.0,0.0,0.0,0.0,41061627.0,32906660.0,0.0,0.0,0.0,False,0.0,1.0,PROBABLE
lpt-11753,2.0,0.0,0.0,0.0,0.0,49639286.44,65741616.0,2.0,0.0,0.0,False,0.0,2.0,PROBABLE
WS_10625,2.0,0.0,0.0,0.0,0.0,42202181.480000004,49200970.64,0.0,0.0,0.0,False,0.0,2.0,PROBABLE
LPT-11319.corp.local,1.0,0.0,0.0,0.0,0.0,24819643.22,42591741.0,1.0,0.0,0.0,False,0.0,1.0,PROBABLE
WS-12443,8.0,1.0,1.0,4.0,5.0,135360227.22,182265204.84,6.0,3.0,1.0,True,0.125,11.0,EXACT
vdr-12384,2.0,0.0,0.0,1.0,1.0,44948772.22,59757602.28,2.0,0.0,0.0,False,0.0,2.0,PROBABLE
WS-10301.,0.0,0.0,0.0,0.0,0.0,0.0,0.0,0.0,0.0,0.0,True,0.0,0.0,EXACT
VDR_10793,1.0,0.0,0.0,0.0,0.0,24819643.22,31953643.52,0.0,0.0,0.0,False,0.0,1.0,PROBABLE
WS_11481,2.0,0.0,0.0,1.0,1.0,45203436.22,30606649.0,2.0,0.0,0.0,False,0.0,2.0,PROBABLE
LPT-12611,7.0,1.0,0.0,4.0,4.0,210327577.66,182370342.92000002,6.0,1.0,0.0,False,0.14285714285714285,8.0,PROBABLE
LPT-12149.corp.local,2.0,2.0,0.0,0.0,1.0,64449329.0,53150384.0,2.0,0.0,0.0,False,1.0,2.0,PROBABLE
VDR-10303,6.0,0.0,1.0,3.0,1.0,105994950.4,146087165.52,4.0,0.0,0.0,True,0.0,6.0,EXACT
WS-12161,7.0,2.0,1.0,4.0,2.0,154029776.4,140431851.16,7.0,2.0,0.0,True,0.2857142857142857,9.0,EXACT
VDR-11961,2.0,0.0,1.0,1.0,1.0,53598603.22,22386892.8,1.0,2.0,0.0,True,0.0,4.0,EXACT
LPT-12486,9.0,4.0,2.0,4.0,6.0,224883506.88,236699467.28,9.0,1.0,0.0,True,0.4444444444444444,10.0,EXACT
VDR-10057.corp.local,1.0,0.0,0.0,0.0,1.0,24819643.22,39326475.0,1.0,0.0,0.0,False,0.0,1.0,PROBABLE
VDR-10260,11.0,5.0,1.0,7.0,3.0,321245841.58,356850750.44,11.0,3.0,0.0,True,0.45454545454545453,14.0,EXACT
LPT-11662,12.0,2.0,0.0,7.0,5.0,242792074.48,322138803.52,12.0,6.0,1.0,False,0.16666666666666666,18.0,PROBABLE
VDR_12480,1.0,1.0,0.0,1.0,1.0,29951357.0,18098013.0,1.0,0.0,0.0,False,1.0,1.0,PROBABLE
VDR-11205,10.0,2.0,0.0,7.0,6.0,243534445.38,256753045.84,9.0,2.0,0.0,True,0.2,12.0,EXACT
LPT-12961,7.0,1.0,0.0,4.0,5.0,140842977.76,192916835.56,7.0,3.0,1.0,True,0.14285714285714285,10.0,EXACT
WS_10467,1.0,0.0,0.0,0.0,1.0,35537663.0,4897887.0,1.0,0.0,0.0,False,0.0,1.0,PROBABLE
WS-11410.corp.local,3.0,0.0,1.0,2.0,3.0,52808260.44,81346261.28,3.0,0.0,0.0,False,0.0,3.0,PROBABLE
WS_11332,1.0,0.0,1.0,1.0,0.0,41953119.0,24526192.64,1.0,0.0,0.0,False,0.0,1.0,PROBABLE
LPT-10054,7.0,1.0,0.0,2.0,4.0,178995125.44,214020444.32,5.0,3.0,0.0,True,0.14285714285714285,10.0,EXACT
VDR_10203,2.0,0.0,0.0,2.0,1.0,56279560.0,66587424.64,1.0,0.0,0.0,False,0.0,2.0,PROBABLE
VDR-10532,8.0,1.0,1.0,1.0,3.0,167266476.88,198563145.92000002,7.0,3.0,1.0,True,0.125,11.0,EXACT
WS-10422,7.0,4.0,2.0,3.0,2.0,210757011.44,156785612.64,5.0,3.0,0.0,True,0.5714285714285714,10.0,EXACT
WS-12213.,0.0,0.0,0.0,0.0,0.0,0.0,0.0,0.0,0.0,0.0,True,0.0,0.0,EXACT
VDR-12411.corp.local,1.0,0.0,0.0,0.0,0.0,24819643.22,49050940.0,1.0,0.0,0.0,False,0.0,1.0,PROBABLE
ws-10180,1.0,1.0,1.0,1.0,0.0,15543414.0,12705987.0,1.0,0.0,0.0,False,1.0,1.0,PROBABLE
WS-10836.,0.0,0.0,0.0,0.0,0.0,0.0,0.0,0.0,0.0,0.0,True,0.0,0.0,EXACT
LPT_10547,2.0,0.0,0.0,2.0,1.0,63839760.22,49052385.28,2.0,0.0,0.0,False,0.0,2.0,PROBABLE
LPT-12268,8.0,2.0,0.0,3.0,2.0,224005234.54,198717578.04,6.0,5.0,1.0,True,0.25,13.0,EXACT
vdr-10132,1.0,0.0,0.0,1.0,0.0,938003.0,24526192.64,1.0,0.0,0.0,False,0.0,1.0,PROBABLE
LPT-12201.,0.0,0.0,0.0,0.0,0.0,0.0,0.0,0.0,0.0,0.0,True,0.0,0.0,EXACT
WS_12194,1.0,1.0,0.0,0.0,1.0,24819643.22,33829118.0,0.0,0.0,0.0,False,1.0,1.0,PROBABLE
ws-10747,1.0,0.0,0.0,1.0,0.0,6195901.0,24526192.64,1.0,0.0,0.0,False,0.0,1.0,PROBABLE
LPT_10186,1.0,0.0,0.0,1.0,0.0,23317770.24,45027787.0,1.0,0.0,0.0,False,0.0,1.0,PROBABLE
VDR_11328,1.0,0.0,0.0,0.0,0.0,46001697.0,24526192.64,1.0,0.0,0.0,False,0.0,1.0,PROBABLE
lpt-10197,4.0,1.0,0.0,2.0,1.0,85625382.0,106310858.64,3.0,0.0,0.0,False,0.25,4.0,PROBABLE
LPT-11149,5.0,1.0,2.0,2.0,4.0,84512073.86,144128678.44,5.0,1.0,0.0,True,0.2,6.0,EXACT
VDR-12091,6.0,2.0,0.0,1.0,3.0,130541251.38,178149900.64,4.0,2.0,0.0,False,0.3333333333333333,8.0,PROBABLE
vdr-12490,3.0,0.0,0.0,1.0,1.0,99471040.62,93675857.64,3.0,0.0,0.0,False,0.0,3.0,PROBABLE
ws-10059,1.0,0.0,0.0,0.0,0.0,14323548.16,20665349.0,1.0,0.0,0.0,False,0.0,1.0,PROBABLE
WS_11223,1.0,0.0,0.0,0.0,0.0,5946154.0,24526192.64,1.0,0.0,0.0,False,0.0,1.0,PROBABLE
lpt-11158,2.0,2.0,0.0,1.0,0.0,30732709.32,35185889.64,1.0,0.0,0.0,False,1.0,2.0,PROBABLE
WS-10284,5.0,2.0,1.0,3.0,1.0,93487327.74,115685952.52000001,4.0,2.0,0.0,False,0.4,7.0,PROBABLE
LPT-10668,9.0,6.0,1.0,3.0,5.0,207189100.07999998,191357164.96,9.0,3.0,0.0,True,0.6666666666666666,12.0,EXACT
LPT-11029.corp.local,2.0,1.0,0.0,1.0,0.0,34849886.96,29684487.8,2.0,0.0,0.0,False,0.5,2.0,PROBABLE
LPT-12998.,0.0,0.0,0.0,0.0,0.0,0.0,0.0,0.0,0.0,0.0,True,0.0,0.0,EXACT
LPT-11178,11.0,3.0,0.0,4.0,8.0,284419358.65999997,235950737.16,11.0,4.0,0.0,True,0.2727272727272727,15.0,EXACT
LPT_11784,1.0,1.0,0.0,0.0,1.0,43607592.96,25246196.0,1.0,0.0,0.0,False,1.0,1.0,PROBABLE
WS-10430.corp.local,2.0,0.0,0.0,0.0,1.0,68755146.22,27113174.32,1.0,0.0,0.0,False,0.0,2.0,PROBABLE
VDR-10756.corp.local,2.0,0.0,1.0,2.0,0.0,46849513.22,25690112.0,1.0,0.0,0.0,False,0.0,2.0,PROBABLE
WS-11682,5.0,1.0,0.0,2.0,2.0,183378335.44,116682320.84,4.0,5.0,1.0,True,0.2,10.0,EXACT
WS-10317,5.0,0.0,1.0,1.0,4.0,99315450.66,100808404.52,4.0,5.0,0.0,True,0.0,10.0,EXACT
ws-12822,1.0,0.0,0.0,1.0,1.0,35348951.04,24526192.64,1.0,0.0,0.0,False,0.0,1.0,PROBABLE
ws-10766,1.0,0.0,0.0,1.0,0.0,42148804.0,40290048.0,1.0,0.0,0.0,False,0.0,1.0,PROBABLE
ws-12686,1.0,0.0,0.0,0.0,0.0,24819643.22,7137372.16,1.0,0.0,0.0,False,0.0,1.0,PROBABLE
WS-11867.corp.local,1.0,0.0,0.0,1.0,1.0,24819643.22,5478250.0,1.0,0.0,0.0,False,0.0,1.0,PROBABLE
lpt-11057,2.0,0.0,0.0,0.0,2.0,7129636.0,72624373.75999999,2.0,0.0,0.0,False,0.0,2.0,PROBABLE
lpt-12381,1.0,1.0,0.0,1.0,0.0,24819643.22,47865661.44,1.0,0.0,0.0,False,1.0,1.0,PROBABLE
LPT-12428.corp.local,1.0,1.0,1.0,0.0,1.0,41530035.0,21370890.0,1.0,0.0,0.0,False,1.0,1.0,PROBABLE
LPT-12205,6.0,1.0,0.0,2.0,4.0,187339655.35999998,193407064.6,4.0,1.0,0.0,True,0.16666666666666666,7.0,EXACT
LPT-12056.corp.local,1.0,0.0,0.0,0.0,1.0,24819643.22,33107470.0,1.0,0.0,0.0,False,0.0,1.0,PROBABLE
VDR-11999,9.0,3.0,2.0,5.0,4.0,217905494.64,156333985.96,8.0,4.0,0.0,True,0.3333333333333333,13.0,EXACT
VDR-12030,6.0,3.0,0.0,3.0,4.0,166886320.88,132813218.64,5.0,4.0,2.0,True,0.5,10.0,EXACT
VDR-12573,4.0,1.0,1.0,3.0,1.0,142856810.7,102503782.64,3.0,1.0,1.0,True,0.25,5.0,EXACT
LPT_10320,2.0,0.0,1.0,2.0,2.0,27412308.82,71177338.88,2.0,0.0,0.0,False,0.0,2.0,PROBABLE
LPT-12714.corp.local,1.0,0.0,1.0,1.0,0.0,24819643.22,17219091.0,1.0,0.0,0.0,False,0.0,1.0,PROBABLE
VDR-10024,1.0,0.0,0.0,0.0,0.0,38884038.0,24526192.64,0.0,1.0,0.0,True,0.0,2.0,EXACT
VDR-11587,7.0,1.0,1.0,6.0,3.0,169757905.66,230363201.68,6.0,2.0,0.0,True,0.14285714285714285,9.0,EXACT
VDR-10458,6.0,3.0,0.0,4.0,6.0,118135633.22,141236599.28,4.0,0.0,0.0,True,0.5,6.0,EXACT
ws-12124,1.0,0.0,0.0,1.0,0.0,46139709.0,45154231.0,1.0,0.0,0.0,False,0.0,1.0,PROBABLE
VDR-11555,2.0,0.0,0.0,1.0,0.0,49639286.44,8196946.0,2.0,1.0,0.0,True,0.0,3.0,EXACT
LPT-12566,7.0,0.0,0.0,5.0,5.0,134048807.42,166228615.28,6.0,2.0,0.0,True,0.0,9.0,EXACT
LPT-12962.corp.local,2.0,0.0,0.0,0.0,1.0,57861274.0,49553593.16,2.0,0.0,0.0,False,0.0,2.0,PROBABLE
WS_12120,1.0,0.0,0.0,0.0,1.0,22521016.32,48156516.0,1.0,0.0,0.0,False,0.0,1.0,PROBABLE
WS_10831,1.0,1.0,0.0,1.0,0.0,7067402.24,42811826.0,1.0,0.0,0.0,False,1.0,1.0,PROBABLE
LPT-12681.corp.local,2.0,1.0,0.0,0.0,1.0,27074081.619999997,80443484.0,2.0,0.0,0.0,False,0.5,2.0,PROBABLE
WS-10568.corp.local,3.0,1.0,1.0,0.0,0.0,119623143.0,56260276.0,3.0,0.0,0.0,False,0.3333333333333333,3.0,PROBABLE
lpt-10596,1.0,0.0,0.0,0.0,1.0,3809454.0,24526192.64,1.0,0.0,0.0,False,0.0,1.0,PROBABLE
VDR_12423,1.0,0.0,0.0,0.0,1.0,24819643.22,41628467.2,0.0,0.0,0.0,False,0.0,1.0,PROBABLE
VDR-10791,5.0,4.0,0.0,1.0,1.0,74595691.44,142241723.64,4.0,3.0,0.0,True,0.8,8.0,EXACT
WS-12952,5.0,0.0,1.0,2.0,3.0,132274694.88,131283409.92,5.0,0.0,0.0,True,0.0,5.0,EXACT
VDR-10247,7.0,0.0,1.0,4.0,3.0,153821530.66,132907822.64,6.0,3.0,0.0,False,0.0,10.0,PROBABLE
WS_12873,1.0,0.0,0.0,1.0,0.0,24819643.22,35426426.0,1.0,0.0,0.0,False,0.0,1.0,PROBABLE
ws-11723,1.0,0.0,0.0,0.0,1.0,31538479.0,24526192.64,1.0,0.0,0.0,False,0.0,1.0,PROBABLE
LPT-11024,3.0,1.0,0.0,2.0,1.0,79275723.44,116954155.56,2.0,7.0,0.0,True,0.3333333333333333,10.0,EXACT
VDR-10491,4.0,1.0,0.0,2.0,2.0,133544339.44,131866096.72,3.0,0.0,0.0,False,0.25,4.0,PROBABLE
WS_10694,1.0,1.0,0.0,0.0,0.0,24819643.22,24526192.64,1.0,0.0,0.0,False,1.0,1.0,PROBABLE
lpt-10609,2.0,0.0,0.0,0.0,2.0,47972959.06,26297423.0,1.0,0.0,0.0,False,0.0,2.0,PROBABLE
lpt-11124,2.0,1.0,1.0,1.0,2.0,56106233.12,37213807.64,2.0,0.0,0.0,False,0.5,2.0,PROBABLE
VDR-11930,4.0,0.0,0.0,1.0,2.0,88638335.25999999,92814049.28,3.0,3.0,0.0,True,0.0,7.0,EXACT
ws-11365,1.0,0.0,0.0,0.0,0.0,39719885.0,24526192.64,1.0,0.0,0.0,False,0.0,1.0,PROBABLE
VDR_11283,1.0,0.0,0.0,0.0,1.0,39709216.0,12988194.0,1.0,0.0,0.0,False,0.0,1.0,PROBABLE
lpt-10590,1.0,0.0,0.0,0.0,1.0,26140999.68,9022948.0,1.0,0.0,0.0,False,0.0,1.0,PROBABLE
ws-12862,1.0,0.0,1.0,0.0,0.0,30799116.0,26120028.16,0.0,0.0,0.0,False,0.0,1.0,PROBABLE
WS-11865,9.0,1.0,1.0,3.0,9.0,245131917.88,254233829.88,8.0,5.0,1.0,True,0.1111111111111111,14.0,EXACT
LPT_10650,1.0,0.0,0.0,0.0,1.0,17941135.36,33615585.28,1.0,0.0,0.0,False,0.0,1.0,PROBABLE
VDR-12526.,0.0,0.0,0.0,0.0,0.0,0.0,0.0,0.0,0.0,0.0,True,0.0,0.0,EXACT
vdr-11942,3.0,1.0,0.0,0.0,3.0,77735270.22,72456601.6,3.0,0.0,0.0,False,0.3333333333333333,3.0,PROBABLE
WS_11108,1.0,0.0,0.0,1.0,0.0,40248866.0,18791290.88,1.0,0.0,0.0,False,0.0,1.0,PROBABLE
WS-10707,6.0,4.0,1.0,3.0,3.0,162865971.44,197897436.32,6.0,3.0,1.0,True,0.6666666666666666,9.0,EXACT
LPT-10254,10.0,2.0,1.0,3.0,4.0,224797798.82,309984486.56,9.0,3.0,0.0,True,0.2,13.0,EXACT
LPT-11926,4.0,1.0,0.0,3.0,2.0,102405105.0,80275745.92,4.0,2.0,0.0,False,0.25,6.0,PROBABLE
VDR_11495,2.0,1.0,0.0,0.0,2.0,53862727.0,43550156.0,2.0,0.0,0.0,False,0.5,2.0,PROBABLE
WS-12716,7.0,1.0,0.0,4.0,3.0,166432081.66,184900213.28,7.0,4.0,1.0,True,0.14285714285714285,11.0,EXACT
LPT-10159,5.0,0.0,0.0,2.0,5.0,123378346.22,103316684.28,5.0,2.0,1.0,True,0.0,7.0,EXACT
LPT-10003,4.0,2.0,0.0,1.0,2.0,91568369.2,124119475.4,4.0,5.0,0.0,True,0.5,9.0,EXACT
LPT-12444,6.0,1.0,2.0,3.0,2.0,151556097.84,138522355.52,6.0,3.0,0.0,True,0.16666666666666666,9.0,EXACT
VDR_11510,1.0,0.0,0.0,0.0,0.0,29738122.0,24526192.64,1.0,0.0,0.0,False,0.0,1.0,PROBABLE
LPT-10678,4.0,1.0,1.0,1.0,2.0,87379115.24,128761520.28,4.0,2.0,0.0,True,0.25,6.0,EXACT
LPT-11789,5.0,1.0,0.0,3.0,2.0,139787522.92,149556736.28,4.0,2.0,0.0,True,0.2,7.0,EXACT
VDR-10762,11.0,6.0,0.0,5.0,5.0,266245216.0,259864168.6,8.0,3.0,1.0,True,0.5454545454545454,14.0,EXACT
vdr-10535,2.0,1.0,0.0,1.0,2.0,54774317.64,40914960.68,2.0,0.0,0.0,False,0.5,2.0,PROBABLE
VDR_11074,1.0,0.0,0.0,0.0,1.0,24819643.22,49873425.0,1.0,0.0,0.0,False,0.0,1.0,PROBABLE
LPT-12924,6.0,2.0,1.0,4.0,3.0,147461186.32,159420414.2,5.0,2.0,0.0,True,0.3333333333333333,8.0,EXACT
lpt-10891,1.0,0.0,0.0,1.0,0.0,24819643.22,24526192.64,1.0,0.0,0.0,False,0.0,1.0,PROBABLE
LPT_10976,1.0,0.0,0.0,1.0,0.0,24819643.22,19642757.12,0.0,0.0,0.0,False,0.0,1.0,PROBABLE
WS-12642.corp.local,1.0,0.0,0.0,0.0,0.0,24819643.22,26873883.0,1.0,0.0,0.0,False,0.0,1.0,PROBABLE
LPT-12662,8.0,1.0,0.0,7.0,2.0,242506554.14,171595369.44,7.0,2.0,0.0,True,0.125,10.0,EXACT
LPT-11085,6.0,1.0,0.0,2.0,5.0,189880588.5,126749554.92,5.0,2.0,1.0,True,0.16666666666666666,8.0,EXACT
LPT-11751.corp.local,1.0,0.0,0.0,0.0,0.0,19100111.0,18776313.0,1.0,0.0,0.0,False,0.0,1.0,PROBABLE
lpt-11956,1.0,0.0,0.0,0.0,1.0,31457.28,22482212.0,1.0,0.0,0.0,False,0.0,1.0,PROBABLE
vdr-12160,1.0,0.0,0.0,0.0,0.0,24819643.22,20039284.0,1.0,0.0,0.0,False,0.0,1.0,PROBABLE
lpt-12475,1.0,0.0,0.0,1.0,0.0,24819643.22,24526192.64,1.0,0.0,0.0,False,0.0,1.0,PROBABLE
LPT-11995,5.0,1.0,0.0,3.0,1.0,127488033.56,164385168.28,5.0,6.0,0.0,True,0.2,11.0,EXACT
WS-10695,3.0,0.0,0.0,1.0,2.0,74458929.66,59682478.16,3.0,3.0,0.0,True,0.0,6.0,EXACT
vdr-10716,1.0,0.0,0.0,0.0,1.0,17618513.92,48070492.0,1.0,0.0,0.0,False,0.0,1.0,PROBABLE
ws-11447,2.0,0.0,0.0,0.0,2.0,52347094.0,40476403.0,2.0,0.0,0.0,False,0.0,2.0,PROBABLE
