hostname,temporal_sequence_count,strongest_sequence_strength,temporal_evidence_count,temporal_confidence,temporal_signal_present
vdr-11375,0,0.0,0,0.0,False
ws-12406,0,0.0,0,0.0,False
WS_12242,0,0.0,0,0.0,False
WS-10649,0,0.0,0,0.0,False
WS-12736,0,0.0,0,0.0,False
lpt-12211,0,0.0,0,0.0,False
WS-10184.corp.local,0,0.0,0,0.0,False
LPT_10752,0,0.0,0,0.0,False
WS-12760.corp.local,0,0.0,0,0.0,False
WS_10400,0,0.0,0,0.0,False
WS-10487.corp.local,0,0.0,0,0.0,False
LPT_10612,0,0.0,0,0.0,False
LPT-12852,0,0.0,0,0.0,False
LPT-10327,0,0.0,0,0.0,False
WS-10572.corp.local,0,0.0,0,0.0,False
LPT_12985,0,0.0,0,0.0,False
VDR_12865,0,0.0,0,0.0,False
WS-11851,0,0.0,0,0.0,False
lpt-11133,0,0.0,0,0.0,False
LPT-12643,0,0.0,0,0.0,False
VDR-10816.,0,0.0,0,0.0,False
WS_11006,0,0.0,0,0.0,False
vdr-11600,0,0.0,0,0.0,False
lpt-12517,0,0.0,0,0.0,False
VDR-11774.corp.local,0,0.0,0,0.0,False
lpt-10822,0,0.0,0,0.0,False
ws-12914,0,0.0,0,0.0,False
WS_11885,0,0.0,0,0.0,False
LPT_10084,0,0.0,0,0.0,False
vdr-12749,0,0.0,0,0.0,False
ws-12496,0,0.0,0,0.0,False
VDR_12624,0,0.0,0,0.0,False
VDR-10314,0,0.0,0,0.0,False
LPT-11662.corp.local,0,0.0,0,0.0,False
WS_10430,0,0.0,0,0.0,False
vdr-10029,0,0.0,0,0.0,False
LPT-11661,0,0.0,0,0.0,False
WS-11135,0,0.0,0,0.0,False
lpt-12838,0,0.0,0,0.0,False
lpt-12937,0,0.0,0,0.0,False
VDR-10270.corp.local,0,0.0,0,0.0,False
VDR-12893,0,0.0,0,0.0,False
lpt-10734,0,0.0,0,0.0,False
WS_12390,0,0.0,0,0.0,False
LPT_10262,0,0.0,0,0.0,False
vdr-10656,0,0.0,0,0.0,False
WS-10332.corp.local,0,0.0,0,0.0,False
lpt-12428,0,0.0,0,0.0,False
ws-11135,0,0.0,0,0.0,False
VDR-10466.corp.local,0,0.0,0,0.0,False
LPT-11519,0,0.0,0,0.0,False
vdr-12922,0,0.0,0,0.0,False
VDR-12198.corp.local,0,0.0,0,0.0,False
LPT_11574,0,0.0,0,0.0,False
WS_10962,0,0.0,0,0.0,False
WS-12165.corp.local,0,0.0,0,0.0,False
LPT_12852,0,0.0,0,0.0,False
VDR-10077,1,75.0,2,0.73,True
LPT-12186.corp.local,0,0.0,0,0.0,False
ws-12822,0,0.0,0,0.0,False
WS-11570,1,75.0,2,0.73,True
LPT_12961,0,0.0,0,0.0,False
LPT-12644,0,0.0,0,0.0,False
LPT_12110,0,0.0,0,0.0,False
WS-10448.corp.local,0,0.0,0,0.0,False
LPT_12920,0,0.0,0,0.0,False
LPT-11640,0,0.0,0,0.0,False
VDR_12325,0,0.0,0,0.0,False
LPT_10981,0,0.0,0,0.0,False
ws-10307,0,0.0,0,0.0,False
VDR_11858,0,0.0,0,0.0,False
VDR-10056,0,0.0,0,0.0,False
VDR_12869,0,0.0,0,0.0,False
lpt-12259,0,0.0,0,0.0,False
VDR_11283,0,0.0,0,0.0,False
LPT-12298.corp.local,0,0.0,0,0.0,False
VDR-12191,0,0.0,0,0.0,False
VDR_11556,0,0.0,0,0.0,False
LPT-12685.corp.local,0,0.0,0,0.0,False
WS_12589,0,0.0,0,0.0,False
VDR-12841,0,0.0,0,0.0,False
vdr-12087,0,0.0,0,0.0,False
VDR-12436,0,0.0,0,0.0,False
VDR-12074,0,0.0,0,0.0,False
WS_11953,0,0.0,0,0.0,False
VDR-10247.,0,0.0,0,0.0,False
LPT-12143,0,0.0,0,0.0,False
WS-10351,0,0.0,0,0.0,False
LPT-12197.corp.local,0,0.0,0,0.0,False
vdr-11042,0,0.0,0,0.0,False
VDR-12959,0,0.0,0,0.0,False
LPT-11015.corp.local,0,0.0,0,0.0,False
VDR-11797,0,0.0,0,0.0,False
lpt-11631,0,0.0,0,0.0,False
LPT-10954,0,0.0,0,0.0,False
WS-11497,0,0.0,0,0.0,False
LPT_11593,0,0.0,0,0.0,False
WS-10175.corp.local,0,0.0,0,0.0,False
lpt-12967,0,0.0,0,0.0,False
LPT-12326.corp.local,0,0.0,0,0.0,False
VDR-11815,0,0.0,0,0.0,False
LPT_11311,0,0.0,0,0.0,False
LPT-11015,0,0.0,0,0.0,False
WS-10543,0,0.0,0,0.0,False
WS-11391,0,0.0,0,0.0,False
WS-11080,0,0.0,0,0.0,False
LPT-10904,0,0.0,0,0.0,False
VDR-12222,0,0.0,0,0.0,False
vdr-10585,0,0.0,0,0.0,False
WS-12192,0,0.0,0,0.0,False
VDR-10767,0,0.0,0,0.0,False
WS-12851.corp.local,0,0.0,0,0.0,False
WS-12164.corp.local,0,0.0,0,0.0,False
LPT-12578,0,0.0,0,0.0,False
WS-10265,1,100.0,2,0.88,True
LPT-12466,0,0.0,0,0.0,False
VDR-10838,0,0.0,0,0.0,False
LPT-10750,0,0.0,0,0.0,False
WS-12746,0,0.0,0,0.0,False
VDR-12423,0,0.0,0,0.0,False
LPT-11710.corp.local,0,0.0,0,0.0,False
VDR_10016,0,0.0,0,0.0,False
WS-10082.corp.local,0,0.0,0,0.0,False
VDR-12430.corp.local,0,0.0,0,0.0,False
lpt-11023,0,0.0,0,0.0,False
WS-12788.corp.local,0,0.0,0,0.0,False
LPT-11028.,0,0.0,0,0.0,False
WS_10134,0,0.0,0,0.0,False
WS-12283.corp.local,0,0.0,0,0.0,False
VDR-10677,0,0.0,0,0.0,False
lpt-12060,0,0.0,0,0.0,False
lpt-11506,0,0.0,0,0.0,False
LPT-12083,1,100.0,2,0.88,True
WS-11496.corp.local,0,0.0,0,0.0,False
vdr-11298,0,0.0,0,0.0,False
VDR-12856,0,0.0,0,0.0,False
WS-12256.corp.local,0,0.0,0,0.0,False
VDR-12963,0,0.0,0,0.0,False
vdr-10504,0,0.0,0,0.0,False
ws-11863,0,0.0,0,0.0,False
LPT-10141,0,0.0,0,0.0,False
VDR-11128.corp.local,0,0.0,0,0.0,False
ws-12244,0,0.0,0,0.0,False
VDR_11389,0,0.0,0,0.0,False
VDR_11930,0,0.0,0,0.0,False
WS_12496,0,0.0,0,0.0,False
VDR-11419,0,0.0,0,0.0,False
lpt-11310,0,0.0,0,0.0,False
LPT-11285,0,0.0,0,0.0,False
LPT-11866,0,0.0,0,0.0,False
lpt-12783,0,0.0,0,0.0,False
lpt-11257,0,0.0,0,0.0,False
LPT-10763,0,0.0,0,0.0,False
WS-12454.corp.local,0,0.0,0,0.0,False
VDR_12168,0,0.0,0,0.0,False
WS-11845,0,0.0,0,0.0,False
LPT-11884,0,0.0,0,0.0,False
VDR-10123.corp.local,0,0.0,0,0.0,False
LPT-10852.corp.local,0,0.0,0,0.0,False
LPT_10416,0,0.0,0,0.0,False
LPT-11917,0,0.0,0,0.0,False
vdr-12580,0,0.0,0,0.0,False
LPT-12737.corp.local,0,0.0,0,0.0,False
WS_12632,0,0.0,0,0.0,False
VDR-11412,0,0.0,0,0.0,False
VDR_10648,0,0.0,0,0.0,False
lpt-10745,0,0.0,0,0.0,False
WS-11865,0,0.0,0,0.0,False
WS-11939,0,0.0,0,0.0,False
VDR_10218,0,0.0,0,0.0,False
VDR_12991,0,0.0,0,0.0,False
ws-10517,0,0.0,0,0.0,False
VDR-12450,1,100.0,2,0.88,True
VDR_12090,0,0.0,0,0.0,False
WS-10721,0,0.0,0,0.0,False
ws-12221,0,0.0,0,0.0,False
LPT_10654,0,0.0,0,0.0,False
WS-11381,1,100.0,2,0.88,True
LPT-10863.corp.local,0,0.0,0,0.0,False
lpt-12049,0,0.0,0,0.0,False
LPT_11732,0,0.0,0,0.0,False
WS-11540,0,0.0,0,0.0,False
WS-10870,0,0.0,0,0.0,False
WS-12136,0,0.0,0,0.0,False
VDR-12543.corp.local,0,0.0,0,0.0,False
WS-12396,0,0.0,0,0.0,False
VDR-11094,0,0.0,0,0.0,False
lpt-12094,0,0.0,0,0.0,False
WS-10292,1,100.0,2,0.88,True
VDR_10357,0,0.0,0,0.0,False
LPT_10965,0,0.0,0,0.0,False
WS-12977,0,0.0,0,0.0,False
ws-12553,0,0.0,0,0.0,False
LPT-10403.corp.local,0,0.0,0,0.0,False
WS_12439,0,0.0,0,0.0,False
VDR-12353,0,0.0,0,0.0,False
VDR-11929,1,75.0,2,0.73,True
VDR-11697,1,100.0,2,0.88,True
VDR_10793,0,0.0,0,0.0,False
WS-12637,0,0.0,0,0.0,False
ws-11361,0,0.0,0,0.0,False
vdr-10234,0,0.0,0,0.0,False
vdr-10466,0,0.0,0,0.0,False
VDR-10196,0,0.0,0,0.0,False
ws-11416,0,0.0,0,0.0,False
VDR-12823,0,0.0,0,0.0,False
VDR-10462,0,0.0,0,0.0,False
VDR-10358,1,90.0,3,0.77,True
LPT-10439,0,0.0,0,0.0,False
LPT_11631,0,0.0,0,0.0,False
ws-12072,0,0.0,0,0.0,False
WS_12255,0,0.0,0,0.0,False
LPT-10596,0,0.0,0,0.0,False
LPT-11614.corp.local,0,0.0,0,0.0,False
WS-11193,0,0.0,0,0.0,False
LPT-12762.corp.local,0,0.0,0,0.0,False
lpt-11573,0,0.0,0,0.0,False
VDR-12395.corp.local,0,0.0,0,0.0,False
vdr-11493,0,0.0,0,0.0,False
LPT-11615.corp.local,0,0.0,0,0.0,False
WS-10737,0,0.0,0,0.0,False
lpt-12810,0,0.0,0,0.0,False
LPT-11369.corp.local,0,0.0,0,0.0,False
vdr-11817,0,0.0,0,0.0,False
VDR_10664,0,0.0,0,0.0,False
LPT_10488,0,0.0,0,0.0,False
VDR-11853,1,100.0,2,0.88,True
WS-11715.corp.local,0,0.0,0,0.0,False
VDR-10300.corp.local,0,0.0,0,0.0,False
WS-11154,0,0.0,0,0.0,False
VDR-12945,0,0.0,0,0.0,False
lpt-10563,0,0.0,0,0.0,False
vdr-11396,0,0.0,0,0.0,False
LPT-10463,0,0.0,0,0.0,False
LPT_10098,0,0.0,0,0.0,False
VDR_11081,0,0.0,0,0.0,False
LPT_12907,0,0.0,0,0.0,False
lpt-12662,0,0.0,0,0.0,False
vdr-11345,0,0.0,0,0.0,False
LPT-11751.corp.local,0,0.0,0,0.0,False
LPT_12772,0,0.0,0,0.0,False
LPT-12068,0,0.0,0,0.0,False
vdr-12022,0,0.0,0,0.0,False
LPT_12207,0,0.0,0,0.0,False
VDR-11913,0,0.0,0,0.0,False
VDR_11083,0,0.0,0,0.0,False
VDR-11794,0,0.0,0,0.0,False
VDR-12270.corp.local,0,0.0,0,0.0,False
lpt-12885,0,0.0,0,0.0,False
ws-11672,0,0.0,0,0.0,False
lpt-10852,0,0.0,0,0.0,False
ws-12255,0,0.0,0,0.0,False
VDR-12624,0,0.0,0,0.0,False
VDR-10124,0,0.0,0,0.0,False
VDR-12142,0,0.0,0,0.0,False
LPT-12202,0,0.0,0,0.0,False
LPT_12566,0,0.0,0,0.0,False
WS_12175,0,0.0,0,0.0,False
LPT-10311,0,0.0,0,0.0,False
WS-11245.corp.local,0,0.0,0,0.0,False
LPT_12167,0,0.0,0,0.0,False
VDR-11400,0,0.0,0,0.0,False
LPT-10637,2,100.0,4,0.88,True
LPT-12675,0,0.0,0,0.0,False
LPT-12252.corp.local,0,0.0,0,0.0,False
lpt-12768,0,0.0,0,0.0,False
WS-11041,0,0.0,0,0.0,False
VDR-10571,0,0.0,0,0.0,False
LPT-10130.corp.local,0,0.0,0,0.0,False
VDR-12816,0,0.0,0,0.0,False
VDR-11811.corp.local,0,0.0,0,0.0,False
VDR-12330,0,0.0,0,0.0,False
VDR-11883,0,0.0,0,0.0,False
WS-11723.,0,0.0,0,0.0,False
LPT-11123,1,100.0,2,0.88,True
VDR-11838,0,0.0,0,0.0,False
WS-11111.corp.local,0,0.0,0,0.0,False
LPT-11825.corp.local,0,0.0,0,0.0,False
LPT-11862,0,0.0,0,0.0,False
VDR-12019.corp.local,0,0.0,0,0.0,False
ws-11331,0,0.0,0,0.0,False
VDR-12059.,0,0.0,0,0.0,False
VDR-12185.corp.local,0,0.0,0,0.0,False
vdr-11838,0,0.0,0,0.0,False
LPT-12786,0,0.0,0,0.0,False
LPT-10678,0,0.0,0,0.0,False
LPT-12772,0,0.0,0,0.0,False
lpt-11546,0,0.0,0,0.0,False
LPT_12584,0,0.0,0,0.0,False
LPT-11258,0,0.0,0,0.0,False
ws-10090,0,0.0,0,0.0,False
LPT-10254,0,0.0,0,0.0,False
VDR-11996.corp.local,0,0.0,0,0.0,False
LPT-12303,0,0.0,0,0.0,False
LPT-10894.corp.local,0,0.0,0,0.0,False
VDR-12200.corp.local,0,0.0,0,0.0,False
VDR-12896.,0,0.0,0,0.0,False
VDR-12543,0,0.0,0,0.0,False
vdr-10238,0,0.0,0,0.0,False
VDR-12119,0,0.0,0,0.0,False
lpt-10114,0,0.0,0,0.0,False
vdr-12342,0,0.0,0,0.0,False
WS_10800,0,0.0,0,0.0,False
ws-12866,0,0.0,0,0.0,False
LPT-12566.corp.local,0,0.0,0,0.0,False
WS-11366,0,0.0,0,0.0,False
WS_12987,0,0.0,0,0.0,False
VDR-10244.corp.local,0,0.0,0,0.0,False
VDR-12040,0,0.0,0,0.0,False
VDR-10761.corp.local,0,0.0,0,0.0,False
lpt-10345,0,0.0,0,0.0,False
WS-11342,0,0.0,0,0.0,False
VDR-12033.corp.local,0,0.0,0,0.0,False
LPT-11346,0,0.0,0,0.0,False
WS-10408.corp.local,0,0.0,0,0.0,False
WS-10307.corp.local,0,0.0,0,0.0,False
WS-11360.corp.local,0,0.0,0,0.0,False
VDR-11752,0,0.0,0,0.0,False
ws-12614,0,0.0,0,0.0,False
lpt-10321,0,0.0,0,0.0,False
ws-10564,0,0.0,0,0.0,False
LPT-12960.corp.local,0,0.0,0,0.0,False
VDR_11666,0,0.0,0,0.0,False
lpt-10522,0,0.0,0,0.0,False
WS-11711,0,0.0,0,0.0,False
LPT-11438,0,0.0,0,0.0,False
VDR-11606.corp.local,0,0.0,0,0.0,False
WS-12930,0,0.0,0,0.0,False
LPT-10131,0,0.0,0,0.0,False
VDR-12896.corp.local,0,0.0,0,0.0,False
LPT-11691.corp.local,0,0.0,0,0.0,False
LPT_12044,0,0.0,0,0.0,False
vdr-10502,0,0.0,0,0.0,False
LPT-11488.corp.local,0,0.0,0,0.0,False
LPT_12116,0,0.0,0,0.0,False
lpt-11941,0,0.0,0,0.0,False
VDR-11273.corp.local,0,0.0,0,0.0,False
vdr-10342,0,0.0,0,0.0,False
LPT-10811.corp.local,0,0.0,0,0.0,False
LPT-12462,0,0.0,0,0.0,False
VDR-10449.corp.local,0,0.0,0,0.0,False
WS_10105,0,0.0,0,0.0,False
LPT-11569,0,0.0,0,0.0,False
LPT-12920,0,0.0,0,0.0,False
VDR-10502.corp.local,0,0.0,0,0.0,False
WS-12236,0,0.0,0,0.0,False
WS-11456,0,0.0,0,0.0,False
vdr-10732,0,0.0,0,0.0,False
lpt-12708,0,0.0,0,0.0,False
WS-12125,0,0.0,0,0.0,False
VDR-10724,0,0.0,0,0.0,False
WS-10730,0,0.0,0,0.0,False
WS-10602,0,0.0,0,0.0,False
WS-11000,0,0.0,0,0.0,False
lpt-12506,0,0.0,0,0.0,False
ws-12172,0,0.0,0,0.0,False
WS-11044,0,0.0,0,0.0,False
LPT-12182.,0,0.0,0,0.0,False
WS-11967,0,0.0,0,0.0,False
LPT-11184.corp.local,0,0.0,0,0.0,False
VDR-10830.corp.local,0,0.0,0,0.0,False
vdr-11703,0,0.0,0,0.0,False
lpt-10581,0,0.0,0,0.0,False
vdr-12646,0,0.0,0,0.0,False
LPT-11561,0,0.0,0,0.0,False
vdr-12152,0,0.0,0,0.0,False
VDR-10846,0,0.0,0,0.0,False
VDR-11910,0,0.0,0,0.0,False
VDR-12488.corp.local,0,0.0,0,0.0,False
lpt-12689,0,0.0,0,0.0,False
VDR-11748,0,0.0,0,0.0,False
VDR-12568.corp.local,0,0.0,0,0.0,False
WS_10564,0,0.0,0,0.0,False
vdr-11090,0,0.0,0,0.0,False
LPT-10364,0,0.0,0,0.0,False
LPT-12322.,0,0.0,0,0.0,False
VDR_10698,0,0.0,0,0.0,False
VDR_12663,0,0.0,0,0.0,False
LPT-11673,0,0.0,0,0.0,False
vdr-10680,0,0.0,0,0.0,False
ws-12344,0,0.0,0,0.0,False
LPT_12670,0,0.0,0,0.0,False
VDR-10536,0,0.0,0,0.0,False
VDR-10801,0,0.0,0,0.0,False
ws-11760,0,0.0,0,0.0,False
ws-12833,0,0.0,0,0.0,False
VDR-12137.corp.local,0,0.0,0,0.0,False
VDR-10499,0,0.0,0,0.0,False
LPT-11438.corp.local,0,0.0,0,0.0,False
LPT-11926.corp.local,0,0.0,0,0.0,False
LPT_11321,0,0.0,0,0.0,False
WS-12931,0,0.0,0,0.0,False
WS-10812,1,100.0,2,0.88,True
vdr-11327,0,0.0,0,0.0,False
lpt-11751,0,0.0,0,0.0,False
LPT-11685.corp.local,0,0.0,0,0.0,False
WS_11613,0,0.0,0,0.0,False
VDR-11811.,0,0.0,0,0.0,False
LPT_11528,0,0.0,0,0.0,False
WS-12031.corp.local,0,0.0,0,0.0,False
VDR-12579,5,75.0,10,0.73,True
LPT_11478,0,0.0,0,0.0,False
VDR_11155,0,0.0,0,0.0,False
LPT-10107.corp.local,0,0.0,0,0.0,False
LPT-12301.corp.local,0,0.0,0,0.0,False
VDR-12005,0,0.0,0,0.0,False
VDR_10689,0,0.0,0,0.0,False
VDR-11731.corp.local,0,0.0,0,0.0,False
LPT-11235.corp.local,0,0.0,0,0.0,False
LPT_11561,0,0.0,0,0.0,False
LPT-10775,0,0.0,0,0.0,False
WS-12047.corp.local,0,0.0,0,0.0,False
lpt-10976,0,0.0,0,0.0,False
VDR-11596,0,0.0,0,0.0,False
lpt-10076,0,0.0,0,0.0,False
WS-10506,0,0.0,0,0.0,False
LPT_11178,0,0.0,0,0.0,False
WS-10505,0,0.0,0,0.0,False
LPT-12133,0,0.0,0,0.0,False
LPT-11614,0,0.0,0,0.0,False
WS-10726,0,0.0,0,0.0,False
VDR-12692,0,0.0,0,0.0,False
WS-10399,0,0.0,0,0.0,False
ws-12846,0,0.0,0,0.0,False
WS-10749,0,0.0,0,0.0,False
WS-10832,0,0.0,0,0.0,False
WS-11422.corp.local,0,0.0,0,0.0,False
VDR-12646.corp.local,0,0.0,0,0.0,False
VDR-12740,0,0.0,0,0.0,False
WS-12559.corp.local,0,0.0,0,0.0,False
WS-11026,1,75.0,2,0.73,True
LPT-11052.corp.local,0,0.0,0,0.0,False
WS-11020,0,0.0,0,0.0,False
LPT-10375.corp.local,0,0.0,0,0.0,False
LPT-10989,0,0.0,0,0.0,False
vdr-12825,0,0.0,0,0.0,False
ws-12745,0,0.0,0,0.0,False
WS-11186.,0,0.0,0,0.0,False
LPT-12575.,0,0.0,0,0.0,False
WS_11535,0,0.0,0,0.0,False
WS-11915,0,0.0,0,0.0,False
ws-11621,0,0.0,0,0.0,False
LPT-10447.corp.local,0,0.0,0,0.0,False
ws-12283,0,0.0,0,0.0,False
LPT-10424,0,0.0,0,0.0,False
VDR-10907,0,0.0,0,0.0,False
WS-11043,0,0.0,0,0.0,False
VDR_10923,0,0.0,0,0.0,False
VDR-10795,0,0.0,0,0.0,False
VDR-10611.corp.local,0,0.0,0,0.0,False
WS_11905,0,0.0,0,0.0,False
VDR-10597,0,0.0,0,0.0,False
VDR-12781.corp.local,0,0.0,0,0.0,False
VDR-12212,1,75.0,2,0.73,True
WS-11944,0,0.0,0,0.0,False
VDR_11082,0,0.0,0,0.0,False
WS-12035,0,0.0,0,0.0,False
ws-12794,0,0.0,0,0.0,False
lpt-10055,0,0.0,0,0.0,False
LPT-11824,0,0.0,0,0.0,False
LPT_12524,0,0.0,0,0.0,False
LPT-11050,0,0.0,0,0.0,False
VDR_11413,0,0.0,0,0.0,False
lpt-11869,0,0.0,0,0.0,False
VDR-11306.corp.local,0,0.0,0,0.0,False
VDR-10244,1,100.0,2,0.88,True
VDR_11653,0,0.0,0,0.0,False
ws-12981,0,0.0,0,0.0,False
LPT-12315,1,100.0,2,0.88,True
ws-11879,0,0.0,0,0.0,False
LPT_12743,0,0.0,0,0.0,False
WS-12828.corp.local,0,0.0,0,0.0,False
WS-11347.corp.local,0,0.0,0,0.0,False
vdr-10110,0,0.0,0,0.0,False
WS-11553.,0,0.0,0,0.0,False
lpt-11903,0,0.0,0,0.0,False
WS-12219.corp.local,0,0.0,0,0.0,False
VDR-11412.corp.local,0,0.0,0,0.0,False
vdr-12568,0,0.0,0,0.0,False
LPT_12069,0,0.0,0,0.0,False
WS-11137,0,0.0,0,0.0,False
lpt-11635,0,0.0,0,0.0,False
ws-11355,0,0.0,0,0.0,False
VDR-11433,0,0.0,0,0.0,False
LPT-11212,0,0.0,0,0.0,False
LPT-11741,1,75.0,2,0.73,True
ws-11864,0,0.0,0,0.0,False
vdr-11087,0,0.0,0,0.0,False
LPT-11162.corp.local,0,0.0,0,0.0,False
LPT-10420.corp.local,0,0.0,0,0.0,False
WS_11849,0,0.0,0,0.0,False
WS-11915.corp.local,0,0.0,0,0.0,False
WS-11218,0,0.0,0,0.0,False
WS-10023.corp.local,0,0.0,0,0.0,False
LPT-12029,2,75.0,4,0.73,True
VDR-10326,0,0.0,0,0.0,False
ws-10213,0,0.0,0,0.0,False
WS-10803.corp.local,0,0.0,0,0.0,False
lpt-11457,0,0.0,0,0.0,False
lpt-10441,0,0.0,0,0.0,False
VDR-11251,0,0.0,0,0.0,False
WS-11756.corp.local,0,0.0,0,0.0,False
LPT-12004,0,0.0,0,0.0,False
ws-12935,0,0.0,0,0.0,False
WS-10794,0,0.0,0,0.0,False
ws-11049,0,0.0,0,0.0,False
VDR-11779.corp.local,0,0.0,0,0.0,False
LPT_12294,0,0.0,0,0.0,False
WS-11520,1,75.0,2,0.73,True
LPT-11716,0,0.0,0,0.0,False
VDR-11596.corp.local,0,0.0,0,0.0,False
lpt-12787,0,0.0,0,0.0,False
WS_10039,0,0.0,0,0.0,False
vdr-10947,0,0.0,0,0.0,False
LPT-10894,0,0.0,0,0.0,False
LPT-11116.corp.local,0,0.0,0,0.0,False
vdr-10622,0,0.0,0,0.0,False
WS-10242,0,0.0,0,0.0,False
LPT-12831.corp.local,0,0.0,0,0.0,False
WS-12726,0,0.0,0,0.0,False
WS-12952,0,0.0,0,0.0,False
LPT-12708.,0,0.0,0,0.0,False
vdr-12875,0,0.0,0,0.0,False
WS-10915,0,0.0,0,0.0,False
lpt-11149,0,0.0,0,0.0,False
VDR-10193,0,0.0,0,0.0,False
vdr-12156,0,0.0,0,0.0,False
WS_11851,0,0.0,0,0.0,False
LPT_11701,0,0.0,0,0.0,False
VDR-12173.,0,0.0,0,0.0,False
lpt-12203,0,0.0,0,0.0,False
ws-11384,0,0.0,0,0.0,False
lpt-12528,0,0.0,0,0.0,False
LPT-12205,0,0.0,0,0.0,False
vdr-10869,0,0.0,0,0.0,False
LPT-10094,0,0.0,0,0.0,False
WS-11203.corp.local,0,0.0,0,0.0,False
VDR-11509,0,0.0,0,0.0,False
LPT-11616,0,0.0,0,0.0,False
ws-11699,0,0.0,0,0.0,False
VDR-11012.corp.local,0,0.0,0,0.0,False
vdr-12243,0,0.0,0,0.0,False
VDR-12894,0,0.0,0,0.0,False
vdr-11495,0,0.0,0,0.0,False
VDR-12222.corp.local,0,0.0,0,0.0,False
LPT-12990.corp.local,0,0.0,0,0.0,False
LPT-10854,0,0.0,0,0.0,False
VDR-10017.corp.local,0,0.0,0,0.0,False
WS-11538,0,0.0,0,0.0,False
WS-10195.corp.local,0,0.0,0,0.0,False
LPT-12354,0,0.0,0,0.0,False
LPT_11181,0,0.0,0,0.0,False
vdr-12883,0,0.0,0,0.0,False
WS-10574.corp.local,0,0.0,0,0.0,False
LPT_11920,0,0.0,0,0.0,False
WS-11738,0,0.0,0,0.0,False
VDR_11404,0,0.0,0,0.0,False
ws-12195,0,0.0,0,0.0,False
VDR-12656.corp.local,0,0.0,0,0.0,False
WS-12793.corp.local,0,0.0,0,0.0,False
VDR-11277,0,0.0,0,0.0,False
WS_10803,0,0.0,0,0.0,False
lpt-11027,0,0.0,0,0.0,False
VDR-11007,2,100.0,4,0.88,True
lpt-10120,0,0.0,0,0.0,False
WS_10301,0,0.0,0,0.0,False
lpt-12196,0,0.0,0,0.0,False
WS-10964,0,0.0,0,0.0,False
WS-12390,0,0.0,0,0.0,False
LPT-12927.corp.local,0,0.0,0,0.0,False
lpt-11862,0,0.0,0,0.0,False
VDR_11600,0,0.0,0,0.0,False
VDR_10343,0,0.0,0,0.0,False
lpt-11238,0,0.0,0,0.0,False
WS-11323,0,0.0,0,0.0,False
VDR_10693,0,0.0,0,0.0,False
vdr-12647,0,0.0,0,0.0,False
LPT_12301,0,0.0,0,0.0,False
VDR-11964,0,0.0,0,0.0,False
lpt-12408,0,0.0,0,0.0,False
WS_12912,0,0.0,0,0.0,False
LPT-11875,0,0.0,0,0.0,False
vdr-10588,0,0.0,0,0.0,False
WS-11648,0,0.0,0,0.0,False
VDR-10960,0,0.0,0,0.0,False
VDR-12971.corp.local,0,0.0,0,0.0,False
LPT_11744,0,0.0,0,0.0,False
WS_12472,0,0.0,0,0.0,False
VDR-12023,0,0.0,0,0.0,False
vdr-10638,0,0.0,0,0.0,False
LPT_10094,0,0.0,0,0.0,False
LPT-11288,0,0.0,0,0.0,False
lpt-10728,0,0.0,0,0.0,False
ws-11141,0,0.0,0,0.0,False
lpt-12144,0,0.0,0,0.0,False
lpt-10197,0,0.0,0,0.0,False
WS-12050,0,0.0,0,0.0,False
lpt-12743,0,0.0,0,0.0,False
VDR-12577.,0,0.0,0,0.0,False
WS-12794,0,0.0,0,0.0,False
WS-10228,0,0.0,0,0.0,False
WS_12037,0,0.0,0,0.0,False
WS-10739,0,0.0,0,0.0,False
lpt-12796,0,0.0,0,0.0,False
LPT-12530.corp.local,0,0.0,0,0.0,False
vdr-12577,0,0.0,0,0.0,False
lpt-12582,0,0.0,0,0.0,False
ws-10809,0,0.0,0,0.0,False
lpt-11183,0,0.0,0,0.0,False
WS-10074,0,0.0,0,0.0,False
lpt-10815,0,0.0,0,0.0,False
LPT_11740,0,0.0,0,0.0,False
ws-10908,0,0.0,0,0.0,False
WS-12062.corp.local,0,0.0,0,0.0,False
LPT-12524,0,0.0,0,0.0,False
VDR-10240,0,0.0,0,0.0,False
LPT_11831,0,0.0,0,0.0,False
VDR-10024.corp.local,0,0.0,0,0.0,False
WS-12887.corp.local,0,0.0,0,0.0,False
lpt-11744,0,0.0,0,0.0,False
WS-10288.corp.local,0,0.0,0,0.0,False
LPT-12158.corp.local,0,0.0,0,0.0,False
ws-10442,0,0.0,0,0.0,False
VDR-12310,0,0.0,0,0.0,False
vdr-10035,0,0.0,0,0.0,False
WS-11372.corp.local,0,0.0,0,0.0,False
VDR-10510.corp.local,0,0.0,0,0.0,False
vdr-10658,0,0.0,0,0.0,False
VDR-12313,0,0.0,0,0.0,False
WS_12605,0,0.0,0,0.0,False
WS-12067.corp.local,0,0.0,0,0.0,False
LPT-10651.corp.local,0,0.0,0,0.0,False
ws-11172,0,0.0,0,0.0,False
WS-12097.corp.local,0,0.0,0,0.0,False
WS_12365,0,0.0,0,0.0,False
WS-10579,0,0.0,0,0.0,False
VDR-11279,0,0.0,0,0.0,False
ws-12117,0,0.0,0,0.0,False
LPT-12049.corp.local,0,0.0,0,0.0,False
LPT-11131,0,0.0,0,0.0,False
LPT-10639,0,0.0,0,0.0,False
vdr-11510,0,0.0,0,0.0,False
VDR-11210,0,0.0,0,0.0,False
WS_12409,0,0.0,0,0.0,False
WS_12454,0,0.0,0,0.0,False
WS-10826,0,0.0,0,0.0,False
LPT-12088.corp.local,0,0.0,0,0.0,False
LPT-11741.corp.local,0,0.0,0,0.0,False
WS-12359,0,0.0,0,0.0,False
vdr-10966,0,0.0,0,0.0,False
WS-12912.corp.local,0,0.0,0,0.0,False
WS-12213,0,0.0,0,0.0,False
lpt-12621,0,0.0,0,0.0,False
LPT_10972,0,0.0,0,0.0,False
WS-11120.corp.local,0,0.0,0,0.0,False
WS-12680,0,0.0,0,0.0,False
WS-10760,0,0.0,0,0.0,False
VDR_11096,0,0.0,0,0.0,False
WS_12327,0,0.0,0,0.0,False
vdr-12127,0,0.0,0,0.0,False
vdr-12880,0,0.0,0,0.0,False
VDR-10592,0,0.0,0,0.0,False
WS-11719,1,75.0,2,0.73,True
VDR-10019,0,0.0,0,0.0,False
LPT-11340.corp.local,0,0.0,0,0.0,False
VDR-12590,0,0.0,0,0.0,False
vdr-10499,0,0.0,0,0.0,False
VDR-12420,0,0.0,0,0.0,False
ws-10461,0,0.0,0,0.0,False
WS_12744,0,0.0,0,0.0,False
lpt-11300,0,0.0,0,0.0,False
ws-10933,0,0.0,0,0.0,False
VDR-10519,0,0.0,0,0.0,False
ws-12686,0,0.0,0,0.0,False
WS-11331,0,0.0,0,0.0,False
WS-11893,1,100.0,2,0.88,True
lpt-11984,0,0.0,0,0.0,False
WS_11865,0,0.0,0,0.0,False
VDR-12302.corp.local,0,0.0,0,0.0,False
vdr-12019,0,0.0,0,0.0,False
LPT-11678.corp.local,0,0.0,0,0.0,False
WS-12018.corp.local,0,0.0,0,0.0,False
LPT-12505,4,75.0,8,0.73,True
WS_10232,0,0.0,0,0.0,False
WS-12244.,0,0.0,0,0.0,False
vdr-12353,0,0.0,0,0.0,False
LPT-11274,0,0.0,0,0.0,False
WS_12556,0,0.0,0,0.0,False
LPT-10963.,0,0.0,0,0.0,False
vdr-10249,0,0.0,0,0.0,False
lpt-12260,0,0.0,0,0.0,False
vdr-10386,0,0.0,0,0.0,False
VDR-12150.corp.local,0,0.0,0,0.0,False
VDR_10158,0,0.0,0,0.0,False
VDR-10293,0,0.0,0,0.0,False
LPT_10390,0,0.0,0,0.0,False
VDR-10340,0,0.0,0,0.0,False
vdr-12237,0,0.0,0,0.0,False
lpt-11180,0,0.0,0,0.0,False
LPT-10107,0,0.0,0,0.0,False
VDR-11136.corp.local,0,0.0,0,0.0,False
lpt-10719,0,0.0,0,0.0,False
LPT-12271,0,0.0,0,0.0,False
LPT-11919.corp.local,0,0.0,0,0.0,False
WS-11988.corp.local,0,0.0,0,0.0,False
WS-11743,0,0.0,0,0.0,False
WS-10392.corp.local,0,0.0,0,0.0,False
LPT-10520,0,0.0,0,0.0,False
lpt-10862,0,0.0,0,0.0,False
vdr-12191,0,0.0,0,0.0,False
WS-12923,0,0.0,0,0.0,False
WS-11469.corp.local,0,0.0,0,0.0,False
ws-11540,0,0.0,0,0.0,False
VDR-11754,0,0.0,0,0.0,False
WS-12827,1,75.0,2,0.73,True
lpt-11615,0,0.0,0,0.0,False
VDR-11817,3,75.0,6,0.73,True
VDR-12811,0,0.0,0,0.0,False
lpt-12053,0,0.0,0,0.0,False
VDR_12577,0,0.0,0,0.0,False
WS-11612,0,0.0,0,0.0,False
VDR_12934,0,0.0,0,0.0,False
VDR-11144.,0,0.0,0,0.0,False
VDR-11592.corp.local,0,0.0,0,0.0,False
LPT-11140.corp.local,0,0.0,0,0.0,False
lpt-11755,0,0.0,0,0.0,False
VDR-10251,4,75.0,8,0.73,True
WS-11293,1,100.0,2,0.88,True
LPT-12186,0,0.0,0,0.0,False
vdr-10792,0,0.0,0,0.0,False
LPT-11572,0,0.0,0,0.0,False
WS_11380,0,0.0,0,0.0,False
VDR-12013,0,0.0,0,0.0,False
WS-12589,0,0.0,0,0.0,False
LPT-11457,0,0.0,0,0.0,False
LPT-11376.,0,0.0,0,0.0,False
LPT-11956.corp.local,0,0.0,0,0.0,False
LPT-12010,0,0.0,0,0.0,False
VDR_12896,0,0.0,0,0.0,False
LPT_10021,0,0.0,0,0.0,False
VDR-12021,0,0.0,0,0.0,False
ws-10868,0,0.0,0,0.0,False
vdr-10474,0,0.0,0,0.0,False
lpt-12046,0,0.0,0,0.0,False
VDR-12198,0,0.0,0,0.0,False
lpt-12494,0,0.0,0,0.0,False
LPT-11880.corp.local,0,0.0,0,0.0,False
VDR-10917,0,0.0,0,0.0,False
VDR-12949,0,0.0,0,0.0,False
WS_12230,0,0.0,0,0.0,False
VDR-12844,0,0.0,0,0.0,False
VDR-12130,0,0.0,0,0.0,False
lpt-10921,0,0.0,0,0.0,False
LPT-10441,0,0.0,0,0.0,False
lpt-10616,0,0.0,0,0.0,False
WS_10264,0,0.0,0,0.0,False
WS-10379.corp.local,0,0.0,0,0.0,False
LPT_10001,0,0.0,0,0.0,False
WS-10518.corp.local,0,0.0,0,0.0,False
WS-10134,1,75.0,2,0.73,True
lpt-10439,0,0.0,0,0.0,False
LPT_12766,0,0.0,0,0.0,False
LPT-10198,0,0.0,0,0.0,False
lpt-10003,0,0.0,0,0.0,False
VDR-10608.corp.local,0,0.0,0,0.0,False
ws-12179,0,0.0,0,0.0,False
LPT-11638.corp.local,0,0.0,0,0.0,False
ws-12176,0,0.0,0,0.0,False
VDR-11338,0,0.0,0,0.0,False
VDR_11731,0,0.0,0,0.0,False
WS-11844,1,100.0,2,0.88,True
ws-11598,0,0.0,0,0.0,False
lpt-12871,0,0.0,0,0.0,False
WS-12327,0,0.0,0,0.0,False
LPT-12249,0,0.0,0,0.0,False
vdr-12638,0,0.0,0,0.0,False
WS_10445,0,0.0,0,0.0,False
LPT-10013,0,0.0,0,0.0,False
WS-10707,0,0.0,0,0.0,False
WS-11723,0,0.0,0,0.0,False
LPT-11156.corp.local,0,0.0,0,0.0,False
LPT-10092,1,75.0,2,0.73,True
VDR-11549.,0,0.0,0,0.0,False
lpt-12995,0,0.0,0,0.0,False
VDR-12437,0,0.0,0,0.0,False
VDR-11189,0,0.0,0,0.0,False
WS-10512,1,75.0,2,0.73,True
LPT-11813,0,0.0,0,0.0,False
VDR-12602,0,0.0,0,0.0,False
LPT-12144,1,75.0,2,0.73,True
VDR_10765,0,0.0,0,0.0,False
LPT-11246,1,100.0,2,0.88,True
lpt-10525,0,0.0,0,0.0,False
lpt-11701,0,0.0,0,0.0,False
LPT-12921,0,0.0,0,0.0,False
WS_11361,0,0.0,0,0.0,False
LPT-12587.,0,0.0,0,0.0,False
WS_10695,0,0.0,0,0.0,False
vdr-10454,0,0.0,0,0.0,False
WS-10926,0,0.0,0,0.0,False
LPT-12826.corp.local,0,0.0,0,0.0,False
WS-10819,1,100.0,2,0.88,True
LPT-12955.corp.local,0,0.0,0,0.0,False
vdr-12676,0,0.0,0,0.0,False
lpt-10872,0,0.0,0,0.0,False
WS-11039,1,75.0,2,0.73,True
WS-12232.corp.local,0,0.0,0,0.0,False
lpt-12300,0,0.0,0,0.0,False
vdr-10158,0,0.0,0,0.0,False
vdr-10562,0,0.0,0,0.0,False
WS-10433,0,0.0,0,0.0,False
VDR-12369,0,0.0,0,0.0,False
vdr-12869,0,0.0,0,0.0,False
VDR-10248,0,0.0,0,0.0,False
VDR_12367,0,0.0,0,0.0,False
WS_10606,0,0.0,0,0.0,False
VDR-10018,0,0.0,0,0.0,False
WS-10878,0,0.0,0,0.0,False
LPT-12617.corp.local,0,0.0,0,0.0,False
WS-12559,1,75.0,2,0.73,True
WS-11895,0,0.0,0,0.0,False
LPT-10516,0,0.0,0,0.0,False
VDR-10421,0,0.0,0,0.0,False
WS-11481,0,0.0,0,0.0,False
WS-10175,0,0.0,0,0.0,False
VDR-12770,0,0.0,0,0.0,False
LPT-12366.,0,0.0,0,0.0,False
LPT_11281,0,0.0,0,0.0,False
VDR-10735,0,0.0,0,0.0,False
LPT-12831,0,0.0,0,0.0,False
ws-10518,0,0.0,0,0.0,False
WS-10508,0,0.0,0,0.0,False
WS_11464,0,0.0,0,0.0,False
WS-10105,0,0.0,0,0.0,False
LPT-11478,0,0.0,0,0.0,False
lpt-11161,0,0.0,0,0.0,False
WS-12938,1,100.0,2,0.88,True
ws-12454,0,0.0,0,0.0,False
LPT_10920,0,0.0,0,0.0,False
WS_10888,0,0.0,0,0.0,False
VDR_12405,0,0.0,0,0.0,False
lpt-11775,0,0.0,0,0.0,False
WS-11867,0,0.0,0,0.0,False
WS_11711,0,0.0,0,0.0,False
VDR-11532,0,0.0,0,0.0,False
VDR-10542,0,0.0,0,0.0,False
LPT-10748,0,0.0,0,0.0,False
LPT-12651.corp.local,0,0.0,0,0.0,False
VDR-12997.corp.local,0,0.0,0,0.0,False
LPT-11259,0,0.0,0,0.0,False
LPT-12683.corp.local,0,0.0,0,0.0,False
lpt-12377,0,0.0,0,0.0,False
WS-11435,0,0.0,0,0.0,False
VDR-12706.corp.local,0,0.0,0,0.0,False
WS-11463,0,0.0,0,0.0,False
VDR-12917,0,0.0,0,0.0,False
VDR-10701.corp.local,0,0.0,0,0.0,False
LPT-11023,0,0.0,0,0.0,False
lpt-11097,0,0.0,0,0.0,False
WS_12870,0,0.0,0,0.0,False
VDR-10910,0,0.0,0,0.0,False
lpt-10894,0,0.0,0,0.0,False
ws-10707,0,0.0,0,0.0,False
WS-12047,0,0.0,0,0.0,False
LPT_11884,0,0.0,0,0.0,False
vdr-10929,0,0.0,0,0.0,False
WS_10252,0,0.0,0,0.0,False
vdr-11618,0,0.0,0,0.0,False
WS_11799,0,0.0,0,0.0,False
WS-11545,0,0.0,0,0.0,False
LPT_11887,0,0.0,0,0.0,False
WS_11766,0,0.0,0,0.0,False
WS-11868,0,0.0,0,0.0,False
ws-10252,0,0.0,0,0.0,False
vdr-12325,0,0.0,0,0.0,False
LPT_12399,0,0.0,0,0.0,False
VDR_12770,0,0.0,0,0.0,False
VDR-11007.corp.local,0,0.0,0,0.0,False
ws-12418,0,0.0,0,0.0,False
vdr-10550,0,0.0,0,0.0,False
VDR_12982,0,0.0,0,0.0,False
vdr-11102,0,0.0,0,0.0,False
VDR_11853,0,0.0,0,0.0,False
WS-11456.corp.local,0,0.0,0,0.0,False
vdr-12859,0,0.0,0,0.0,False
LPT-11685,0,0.0,0,0.0,False
ws-12878,0,0.0,0,0.0,False
VDR-11943,0,0.0,0,0.0,False
LPT-10619.corp.local,0,0.0,0,0.0,False
VDR-11587,0,0.0,0,0.0,False
LPT-12227,0,0.0,0,0.0,False
ws-10128,0,0.0,0,0.0,False
WS-12082.corp.local,0,0.0,0,0.0,False
VDR-11378,1,75.0,2,0.73,True
lpt-10685,0,0.0,0,0.0,False
LPT-10989.,0,0.0,0,0.0,False
vdr-10086,0,0.0,0,0.0,False
VDR-12333,0,0.0,0,0.0,False
WS-11441.corp.local,0,0.0,0,0.0,False
WS-10844,0,0.0,0,0.0,False
WS-10091,0,0.0,0,0.0,False
LPT-10446,0,0.0,0,0.0,False
LPT-12056,0,0.0,0,0.0,False
LPT-10451,0,0.0,0,0.0,False
LPT-10373,0,0.0,0,0.0,False
VDR_10296,0,0.0,0,0.0,False
LPT-11234,0,0.0,0,0.0,False
vdr-12777,0,0.0,0,0.0,False
LPT_11917,0,0.0,0,0.0,False
LPT-12432,1,100.0,2,0.88,True
WS-11104.corp.local,0,0.0,0,0.0,False
lpt-10771,0,0.0,0,0.0,False
WS-10253,0,0.0,0,0.0,False
WS-12555,0,0.0,0,0.0,False
WS-12387,0,0.0,0,0.0,False
LPT-12024,0,0.0,0,0.0,False
LPT-11714,1,100.0,2,0.88,True
LPT-11333,0,0.0,0,0.0,False
LPT-11616.,0,0.0,0,0.0,False
VDR-10249,0,0.0,0,0.0,False
VDR-11388,0,0.0,0,0.0,False
lpt-11998,0,0.0,0,0.0,False
WS_12802,0,0.0,0,0.0,False
WS-11959,0,0.0,0,0.0,False
WS-11064,0,0.0,0,0.0,False
LPT-10441.corp.local,0,0.0,0,0.0,False
WS_12018,0,0.0,0,0.0,False
LPT-12268,0,0.0,0,0.0,False
VDR_12455,0,0.0,0,0.0,False
VDR-11273,0,0.0,0,0.0,False
VDR-10135,0,0.0,0,0.0,False
ws-12988,0,0.0,0,0.0,False
LPT-10475.,0,0.0,0,0.0,False
WS-12987,0,0.0,0,0.0,False
VDR_11596,0,0.0,0,0.0,False
VDR-12159,0,0.0,0,0.0,False
lpt-11246,0,0.0,0,0.0,False
LPT-11668.,0,0.0,0,0.0,False
ws-12851,0,0.0,0,0.0,False
ws-10832,0,0.0,0,0.0,False
VDR-12185,0,0.0,0,0.0,False
WS-11233,0,0.0,0,0.0,False
LPT-12636,1,100.0,2,0.88,True
lpt-11990,0,0.0,0,0.0,False
LPT-11755,0,0.0,0,0.0,False
WS-12306,0,0.0,0,0.0,False
VDR-10072,0,0.0,0,0.0,False
WS-12118.corp.local,0,0.0,0,0.0,False
lpt-12289,0,0.0,0,0.0,False
vdr-11339,0,0.0,0,0.0,False
VDR-11213,0,0.0,0,0.0,False
VDR-10167,0,0.0,0,0.0,False
ws-11860,0,0.0,0,0.0,False
ws-11850,0,0.0,0,0.0,False
WS-12449.corp.local,0,0.0,0,0.0,False
ws-12274,0,0.0,0,0.0,False
LPT-12578.corp.local,0,0.0,0,0.0,False
lpt-10821,0,0.0,0,0.0,False
ws-10629,0,0.0,0,0.0,False
WS_11218,0,0.0,0,0.0,False
WS-12930.corp.local,0,0.0,0,0.0,False
WS-11018.corp.local,0,0.0,0,0.0,False
LPT_12004,0,0.0,0,0.0,False
vdr-11413,0,0.0,0,0.0,False
WS-10836,0,0.0,0,0.0,False
vdr-11130,0,0.0,0,0.0,False
VDR-12012.,0,0.0,0,0.0,False
VDR-11933.corp.local,0,0.0,0,0.0,False
WS-11530,0,0.0,0,0.0,False
WS-10201,0,0.0,0,0.0,False
WS_10399,0,0.0,0,0.0,False
vdr-12844,0,0.0,0,0.0,False
VDR-11921.corp.local,0,0.0,0,0.0,False
VDR-11586.corp.local,0,0.0,0,0.0,False
WS-12035.corp.local,0,0.0,0,0.0,False
VDR-12237,0,0.0,0,0.0,False
LPT_10418,0,0.0,0,0.0,False
lpt-11040,0,0.0,0,0.0,False
WS-10544.corp.local,0,0.0,0,0.0,False
LPT-12584,0,0.0,0,0.0,False
ws-12661,0,0.0,0,0.0,False
LPT-11830,0,0.0,0,0.0,False
WS_11051,0,0.0,0,0.0,False
LPT-12871,0,0.0,0,0.0,False
lpt-10013,0,0.0,0,0.0,False
WS_11868,0,0.0,0,0.0,False
LPT-12572,0,0.0,0,0.0,False
LPT_11504,0,0.0,0,0.0,False
VDR_12806,0,0.0,0,0.0,False
VDR-12400,0,0.0,0,0.0,False
ws-12996,0,0.0,0,0.0,False
LPT-10333,0,0.0,0,0.0,False
WS_12385,0,0.0,0,0.0,False
LPT-11398,0,0.0,0,0.0,False
lpt-11614,0,0.0,0,0.0,False
ws-10997,0,0.0,0,0.0,False
VDR-10780,0,0.0,0,0.0,False
WS-12214.corp.local,0,0.0,0,0.0,False
WS-12529.,0,0.0,0,0.0,False
LPT-10522,1,75.0,2,0.73,True
VDR-12233,0,0.0,0,0.0,False
vdr-10628,0,0.0,0,0.0,False
VDR-10209.corp.local,0,0.0,0,0.0,False
lpt-11399,0,0.0,0,0.0,False
VDR-12497.,0,0.0,0,0.0,False
VDR-12404.corp.local,0,0.0,0,0.0,False
lpt-12904,0,0.0,0,0.0,False
WS-11540.corp.local,0,0.0,0,0.0,False
WS_10078,0,0.0,0,0.0,False
VDR-12241,1,100.0,2,0.88,True
ws-11230,0,0.0,0,0.0,False
VDR-12411.corp.local,0,0.0,0,0.0,False
VDR-10162,0,0.0,0,0.0,False
LPT_10125,0,0.0,0,0.0,False
WS-10632.corp.local,0,0.0,0,0.0,False
ws-12219,0,0.0,0,0.0,False
lpt-12807,0,0.0,0,0.0,False
LPT-12370,1,75.0,2,0.73,True
LPT_11755,0,0.0,0,0.0,False
VDR-12994,0,0.0,0,0.0,False
WS_12680,0,0.0,0,0.0,False
LPT-12375,0,0.0,0,0.0,False
vdr-12707,0,0.0,0,0.0,False
lpt-10802,0,0.0,0,0.0,False
WS-12809.corp.local,0,0.0,0,0.0,False
VDR-10601,0,0.0,0,0.0,False
ws-11365,0,0.0,0,0.0,False
lpt-12271,0,0.0,0,0.0,False
ws-10694,0,0.0,0,0.0,False
VDR-12785.corp.local,0,0.0,0,0.0,False
VDR-10672,0,0.0,0,0.0,False
LPT-10298,6,100.0,13,0.92,True
WS-10617,0,0.0,0,0.0,False
VDR-10576,0,0.0,0,0.0,False
VDR-12806,0,0.0,0,0.0,False
WS_10073,0,0.0,0,0.0,False
lpt-12597,0,0.0,0,0.0,False
WS-12468.corp.local,0,0.0,0,0.0,False
WS-12999,0,0.0,0,0.0,False
LPT-10639.corp.local,0,0.0,0,0.0,False
LPT_11337,0,0.0,0,0.0,False
LPT_12532,0,0.0,0,0.0,False
WS-11536,0,0.0,0,0.0,False
VDR-12525,0,0.0,0,0.0,False
WS_10242,0,0.0,0,0.0,False
LPT-10821.corp.local,0,0.0,0,0.0,False
ws-10121,0,0.0,0,0.0,False
WS-12221,0,0.0,0,0.0,False
LPT_10804,0,0.0,0,0.0,False
ws-10967,0,0.0,0,0.0,False
WS-12214,2,100.0,4,0.88,True
WS-11905,0,0.0,0,0.0,False
WS-10941.corp.local,0,0.0,0,0.0,False
LPT-11124,0,0.0,0,0.0,False
LPT-12795.corp.local,0,0.0,0,0.0,False
WS-11708,0,0.0,0,0.0,False
ws-10422,0,0.0,0,0.0,False
VDR-11152.corp.local,0,0.0,0,0.0,False
VDR-10110,0,0.0,0,0.0,False
WS-10429,0,0.0,0,0.0,False
LPT-12782,0,0.0,0,0.0,False
vdr-10532,0,0.0,0,0.0,False
lpt-12481,0,0.0,0,0.0,False
lpt-10084,0,0.0,0,0.0,False
WS_10189,0,0.0,0,0.0,False
WS-11513,0,0.0,0,0.0,False
ws-12363,0,0.0,0,0.0,False
LPT_12467,0,0.0,0,0.0,False
WS-11517.corp.local,0,0.0,0,0.0,False
lpt-10257,0,0.0,0,0.0,False
ws-10287,0,0.0,0,0.0,False
WS-10665.corp.local,0,0.0,0,0.0,False
WS-11505,1,75.0,2,0.73,True
VDR-10012.corp.local,0,0.0,0,0.0,False
LPT-12510.corp.local,0,0.0,0,0.0,False
LPT-12621,0,0.0,0,0.0,False
VDR_12237,0,0.0,0,0.0,False
LPT-10302,0,0.0,0,0.0,False
WS-10675,0,0.0,0,0.0,False
ws-10105,0,0.0,0,0.0,False
LPT-12203,0,0.0,0,0.0,False
LPT-10028,0,0.0,0,0.0,False
vdr-12079,0,0.0,0,0.0,False
LPT-12954.corp.local,0,0.0,0,0.0,False
WS-11141.corp.local,0,0.0,0,0.0,False
vdr-10879,0,0.0,0,0.0,False
VDR_12513,0,0.0,0,0.0,False
LPT-11721.corp.local,0,0.0,0,0.0,False
WS-10868.,0,0.0,0,0.0,False
LPT-11717,0,0.0,0,0.0,False
vdr-10142,0,0.0,0,0.0,False
lpt-11034,0,0.0,0,0.0,False
ws-11878,0,0.0,0,0.0,False
lpt-12007,0,0.0,0,0.0,False
vdr-11509,0,0.0,0,0.0,False
LPT-12138,0,0.0,0,0.0,False
VDR-10889,0,0.0,0,0.0,False
WS-11051,0,0.0,0,0.0,False
WS-12546,0,0.0,0,0.0,False
VDR-10454.corp.local,0,0.0,0,0.0,False
ws-10407,0,0.0,0,0.0,False
ws-12447,0,0.0,0,0.0,False
WS-10554,0,0.0,0,0.0,False
LPT-10405,0,0.0,0,0.0,False
LPT-10046.corp.local,0,0.0,0,0.0,False
ws-11464,0,0.0,0,0.0,False
LPT-12205.corp.local,0,0.0,0,0.0,False
VDR_12832,0,0.0,0,0.0,False
VDR_12404,0,0.0,0,0.0,False
WS-12446.corp.local,0,0.0,0,0.0,False
WS_11854,0,0.0,0,0.0,False
LPT-11052,1,75.0,2,0.73,True
ws-11424,0,0.0,0,0.0,False
WS_12204,0,0.0,0,0.0,False
VDR-11622.corp.local,0,0.0,0,0.0,False
WS-10319.corp.local,0,0.0,0,0.0,False
LPT-10080,0,0.0,0,0.0,False
vdr-10443,0,0.0,0,0.0,False
WS-11948.,0,0.0,0,0.0,False
LPT-10333.corp.local,0,0.0,0,0.0,False
VDR-10529.corp.local,0,0.0,0,0.0,False
LPT-11841,0,0.0,0,0.0,False
lpt-12628,0,0.0,0,0.0,False
VDR-12284,1,100.0,2,0.88,True
ws-11296,0,0.0,0,0.0,False
WS-10111,0,0.0,0,0.0,False
lpt-12268,0,0.0,0,0.0,False
VDR_10018,0,0.0,0,0.0,False
LPT_11138,0,0.0,0,0.0,False
VDR_11718,0,0.0,0,0.0,False
WS-10276,1,100.0,2,0.88,True
VDR_10642,0,0.0,0,0.0,False
LPT-12100.corp.local,0,0.0,0,0.0,False
VDR-10142,0,0.0,0,0.0,False
WS-10336,0,0.0,0,0.0,False
VDR_11292,0,0.0,0,0.0,False
lpt-11977,0,0.0,0,0.0,False
WS_10696,0,0.0,0,0.0,False
LPT-12719,0,0.0,0,0.0,False
LPT-12305.corp.local,0,0.0,0,0.0,False
VDR-12388.corp.local,0,0.0,0,0.0,False
WS-12175,1,100.0,2,0.88,True
LPT-11907,0,0.0,0,0.0,False
VDR-10611,0,0.0,0,0.0,False
VDR_10758,0,0.0,0,0.0,False
vdr-11585,0,0.0,0,0.0,False
WS-11022.corp.local,0,0.0,0,0.0,False
vdr-11712,0,0.0,0,0.0,False
LPT-11423,1,100.0,2,0.88,True
LPT-12427,1,75.0,2,0.73,True
LPT-12900.corp.local,0,0.0,0,0.0,False
VDR-10099,2,100.0,4,0.88,True
WS-10211,0,0.0,0,0.0,False
ws-10450,0,0.0,0,0.0,False
ws-12495,0,0.0,0,0.0,False
WS-10219,0,0.0,0,0.0,False
LPT-12475.,0,0.0,0,0.0,False
WS-12918,0,0.0,0,0.0,False
VDR-12464.corp.local,0,0.0,0,0.0,False
WS-12529.corp.local,0,0.0,0,0.0,False
WS-11651,0,0.0,0,0.0,False
LPT_11244,0,0.0,0,0.0,False
LPT-12998.,0,0.0,0,0.0,False
LPT-10160.corp.local,0,0.0,0,0.0,False
ws-12037,0,0.0,0,0.0,False
lpt-12951,0,0.0,0,0.0,False
VDR-11922,0,0.0,0,0.0,False
lpt-10985,0,0.0,0,0.0,False
ws-11192,0,0.0,0,0.0,False
WS-10305.corp.local,0,0.0,0,0.0,False
LPT-11299.corp.local,0,0.0,0,0.0,False
LPT-11956,0,0.0,0,0.0,False
VDR-12013.corp.local,0,0.0,0,0.0,False
VDR-10044,7,100.0,15,0.92,True
LPT-10067,0,0.0,0,0.0,False
vdr-12835,0,0.0,0,0.0,False
LPT-12056.corp.local,0,0.0,0,0.0,False
VDR-10361,1,75.0,2,0.73,True
WS_10004,0,0.0,0,0.0,False
ws-10874,0,0.0,0,0.0,False
WS-10594,0,0.0,0,0.0,False
LPT_11781,0,0.0,0,0.0,False
VDR_11267,0,0.0,0,0.0,False
WS-12910.corp.local,0,0.0,0,0.0,False
VDR_11644,0,0.0,0,0.0,False
vdr-10633,0,0.0,0,0.0,False
LPT-10950.corp.local,0,0.0,0,0.0,False
VDR_11599,0,0.0,0,0.0,False
VDR-12480,0,0.0,0,0.0,False
VDR-12431.corp.local,0,0.0,0,0.0,False
vdr-10790,0,0.0,0,0.0,False
LPT-11649.,0,0.0,0,0.0,False
LPT-12937,0,0.0,0,0.0,False
LPT_11793,0,0.0,0,0.0,False
VDR-12665,0,0.0,0,0.0,False
lpt-12634,0,0.0,0,0.0,False
LPT-10469,0,0.0,0,0.0,False
VDR-11307,0,0.0,0,0.0,False
ws-11216,0,0.0,0,0.0,False
LPT-11291,0,0.0,0,0.0,False
vdr-11527,0,0.0,0,0.0,False
VDR-12247.corp.local,0,0.0,0,0.0,False
WS_12828,0,0.0,0,0.0,False
ws-12753,0,0.0,0,0.0,False
VDR-12777,0,0.0,0,0.0,False
lpt-10883,0,0.0,0,0.0,False
WS_10365,0,0.0,0,0.0,False
LPT-10169.,0,0.0,0,0.0,False
WS_11475,0,0.0,0,0.0,False
VDR-10864,0,0.0,0,0.0,False
VDR_11586,0,0.0,0,0.0,False
WS-12391,0,0.0,0,0.0,False
WS-12482,0,0.0,0,0.0,False
VDR-11045,0,0.0,0,0.0,False
WS-12631,0,0.0,0,0.0,False
WS_10739,0,0.0,0,0.0,False
WS_12371,0,0.0,0,0.0,False
WS_11347,0,0.0,0,0.0,False
LPT-12044,0,0.0,0,0.0,False
LPT-12089,1,100.0,2,0.88,True
vdr-11377,0,0.0,0,0.0,False
vdr-11045,0,0.0,0,0.0,False
lpt-12540,0,0.0,0,0.0,False
lpt-10382,0,0.0,0,0.0,False
WS-12720.corp.local,0,0.0,0,0.0,False
LPT-10905,0,0.0,0,0.0,False
ws-12790,0,0.0,0,0.0,False
LPT_12263,0,0.0,0,0.0,False
VDR_12284,0,0.0,0,0.0,False
VDR-12964,0,0.0,0,0.0,False
vdr-10380,0,0.0,0,0.0,False
WS_10049,0,0.0,0,0.0,False
LPT_11981,0,0.0,0,0.0,False
WS-12515.,0,0.0,0,0.0,False
WS-10844.,0,0.0,0,0.0,False
LPT-12743,0,0.0,0,0.0,False
WS-10442.corp.local,0,0.0,0,0.0,False
lpt-12965,0,0.0,0,0.0,False
LPT-10818,0,0.0,0,0.0,False
VDR_11932,0,0.0,0,0.0,False
VDR-12749.corp.local,0,0.0,0,0.0,False
LPT-12263.corp.local,0,0.0,0,0.0,False
LPT_10205,0,0.0,0,0.0,False
ws-10568,0,0.0,0,0.0,False
VDR-11929.corp.local,0,0.0,0,0.0,False
VDR-10900.corp.local,0,0.0,0,0.0,False
lpt-12587,0,0.0,0,0.0,False
VDR-10628,0,0.0,0,0.0,False
WS-12515,0,0.0,0,0.0,False
WS-12632.corp.local,0,0.0,0,0.0,False
vdr-10523,0,0.0,0,0.0,False
WS-11233.corp.local,0,0.0,0,0.0,False
vdr-12975,0,0.0,0,0.0,False
WS-12713,0,0.0,0,0.0,False
ws-12346,0,0.0,0,0.0,False
LPT-10229,0,0.0,0,0.0,False
WS-12343.corp.local,0,0.0,0,0.0,False
ws-10573,0,0.0,0,0.0,False
LPT-12973,0,0.0,0,0.0,False
WS-12535,0,0.0,0,0.0,False
VDR-11013,0,0.0,0,0.0,False
VDR-12137,0,0.0,0,0.0,False
WS-12036.corp.local,0,0.0,0,0.0,False
WS-10467.corp.local,0,0.0,0,0.0,False
WS-11905.corp.local,0,0.0,0,0.0,False
WS_12422,0,0.0,0,0.0,False
VDR-11702.corp.local,0,0.0,0,0.0,False
WS-11289.corp.local,0,0.0,0,0.0,False
LPT-11029.corp.local,0,0.0,0,0.0,False
LPT_11511,0,0.0,0,0.0,False
LPT-11399,0,0.0,0,0.0,False
VDR-12570,0,0.0,0,0.0,False
VDR-10489,0,0.0,0,0.0,False
WS-10045.corp.local,0,0.0,0,0.0,False
WS-10224,0,0.0,0,0.0,False
LPT-10066,0,0.0,0,0.0,False
LPT-12626,0,0.0,0,0.0,False
vdr-10005,0,0.0,0,0.0,False
VDR-11339.corp.local,0,0.0,0,0.0,False
WS-12139,0,0.0,0,0.0,False
VDR-12282,0,0.0,0,0.0,False
VDR-12797,1,100.0,2,0.88,True
VDR_11910,0,0.0,0,0.0,False
VDR-11314.,0,0.0,0,0.0,False
LPT-11574.corp.local,0,0.0,0,0.0,False
WS_12868,0,0.0,0,0.0,False
vdr-11227,0,0.0,0,0.0,False
VDR-10387.,0,0.0,0,0.0,False
LPT-10753.corp.local,0,0.0,0,0.0,False
VDR_12493,0,0.0,0,0.0,False
LPT_12628,0,0.0,0,0.0,False
LPT-11222,0,0.0,0,0.0,False
LPT-10834,0,0.0,0,0.0,False
LPT_11890,0,0.0,0,0.0,False
LPT_10976,0,0.0,0,0.0,False
ws-11708,0,0.0,0,0.0,False
LPT_12741,0,0.0,0,0.0,False
WS_10219,0,0.0,0,0.0,False
VDR-12193,0,0.0,0,0.0,False
LPT-12620,0,0.0,0,0.0,False
lpt-12114,0,0.0,0,0.0,False
LPT_11770,0,0.0,0,0.0,False
WS-12394,0,0.0,0,0.0,False
WS-12344.corp.local,0,0.0,0,0.0,False
lpt-10981,0,0.0,0,0.0,False
VDR-10168,1,75.0,2,0.73,True
WS-12072.corp.local,0,0.0,0,0.0,False
LPT-10842,1,100.0,2,0.88,True
LPT_12199,0,0.0,0,0.0,False
WS-12242,0,0.0,0,0.0,False
VDR-11855,0,0.0,0,0.0,False
ws-10432,0,0.0,0,0.0,False
LPT-10545,0,0.0,0,0.0,False
WS_11839,0,0.0,0,0.0,False
LPT-10822,0,0.0,0,0.0,False
WS-11454,0,0.0,0,0.0,False
VDR-12278,0,0.0,0,0.0,False
WS-12093.corp.local,0,0.0,0,0.0,False
ws-10174,0,0.0,0,0.0,False
VDR_12033,0,0.0,0,0.0,False
ws-10070,0,0.0,0,0.0,False
VDR_10314,0,0.0,0,0.0,False
VDR-11822,0,0.0,0,0.0,False
lpt-11504,0,0.0,0,0.0,False
LPT-10320,0,0.0,0,0.0,False
vdr-10673,0,0.0,0,0.0,False
WS-10720.corp.local,0,0.0,0,0.0,False
ws-11301,0,0.0,0,0.0,False
vdr-11980,0,0.0,0,0.0,False
vdr-10611,0,0.0,0,0.0,False
ws-11695,0,0.0,0,0.0,False
VDR-10099.,0,0.0,0,0.0,False
VDR-10071,0,0.0,0,0.0,False
LPT-10853.,0,0.0,0,0.0,False
WS-12393,1,100.0,2,0.88,True
LPT_10702,0,0.0,0,0.0,False
LPT-10663.corp.local,0,0.0,0,0.0,False
ws-11159,0,0.0,0,0.0,False
vdr-12688,0,0.0,0,0.0,False
LPT_10551,0,0.0,0,0.0,False
WS_12839,0,0.0,0,0.0,False
VDR-10339,0,0.0,0,0.0,False
LPT-10738,0,0.0,0,0.0,False
LPT-12752.corp.local,0,0.0,0,0.0,False
VDR-10791,0,0.0,0,0.0,False
WS-10844.corp.local,0,0.0,0,0.0,False
lpt-11926,0,0.0,0,0.0,False
WS-11469,1,100.0,2,0.88,True
LPT-11052.,0,0.0,0,0.0,False
WS-12870,0,0.0,0,0.0,False
WS_10433,0,0.0,0,0.0,False
WS_10292,0,0.0,0,0.0,False
LPT-12171.corp.local,0,0.0,0,0.0,False
WS-12104,0,0.0,0,0.0,False
VDR-12122,0,0.0,0,0.0,False
WS-11323.,0,0.0,0,0.0,False
WS_11284,0,0.0,0,0.0,False
VDR-10427,0,0.0,0,0.0,False
ws-11437,0,0.0,0,0.0,False
VDR-10877.corp.local,0,0.0,0,0.0,False
VDR-11889,0,0.0,0,0.0,False
LPT_12378,0,0.0,0,0.0,False
LPT_12257,0,0.0,0,0.0,False
WS-10978,0,0.0,0,0.0,False
WS-10711.corp.local,0,0.0,0,0.0,False
WS-12112,0,0.0,0,0.0,False
WS-10602.corp.local,0,0.0,0,0.0,False
lpt-11511,0,0.0,0,0.0,False
VDR_11247,0,0.0,0,0.0,False
VDR-10627,0,0.0,0,0.0,False
LPT-11303.corp.local,0,0.0,0,0.0,False
ws-12003,0,0.0,0,0.0,False
WS-12426,0,0.0,0,0.0,False
WS-12283,0,0.0,0,0.0,False
WS-11228,0,0.0,0,0.0,False
VDR-11499.corp.local,0,0.0,0,0.0,False
WS-11262,1,100.0,2,0.88,True
WS-11110.,0,0.0,0,0.0,False
vdr-10595,0,0.0,0,0.0,False
ws-12548,0,0.0,0,0.0,False
WS-10181.corp.local,0,0.0,0,0.0,False
WS-12035.,0,0.0,0,0.0,False
VDR-11758,0,0.0,0,0.0,False
lpt-12298,0,0.0,0,0.0,False
WS_12549,0,0.0,0,0.0,False
WS-11348,0,0.0,0,0.0,False
LPT-12008.corp.local,0,0.0,0,0.0,False
lpt-12840,0,0.0,0,0.0,False
WS_12716,0,0.0,0,0.0,False
LPT_12258,0,0.0,0,0.0,False
ws-11020,0,0.0,0,0.0,False
VDR_10647,0,0.0,0,0.0,False
LPT-11995,0,0.0,0,0.0,False
lpt-11571,0,0.0,0,0.0,False
WS-11450.corp.local,0,0.0,0,0.0,False
WS_12477,0,0.0,0,0.0,False
VDR-12054,1,100.0,2,0.88,True
WS-10453,0,0.0,0,0.0,False
ws-11613,0,0.0,0,0.0,False
VDR-10230,0,0.0,0,0.0,False
VDR-10843,0,0.0,0,0.0,False
LPT_10763,0,0.0,0,0.0,False
vdr-12222,0,0.0,0,0.0,False
ws-11761,0,0.0,0,0.0,False
WS-11686.corp.local,0,0.0,0,0.0,False
WS-11315.corp.local,0,0.0,0,0.0,False
WS-11355,0,0.0,0,0.0,False
LPT_10682,0,0.0,0,0.0,False
VDR_11378,0,0.0,0,0.0,False
VDR-10917.corp.local,0,0.0,0,0.0,False
WS-10284,0,0.0,0,0.0,False
ws-12360,0,0.0,0,0.0,False
ws-10181,0,0.0,0,0.0,False
lpt-11627,0,0.0,0,0.0,False
LPT_12144,0,0.0,0,0.0,False
WS-12226,1,75.0,2,0.73,True
LPT_10751,0,0.0,0,0.0,False
vdr-11594,0,0.0,0,0.0,False
WS_10568,0,0.0,0,0.0,False
WS-11769,0,0.0,0,0.0,False
VDR-10330,0,0.0,0,0.0,False
lpt-10987,0,0.0,0,0.0,False
WS-12760,0,0.0,0,0.0,False
LPT-12597.corp.local,0,0.0,0,0.0,False
WS_12485,0,0.0,0,0.0,False
vdr-12519,0,0.0,0,0.0,False
VDR-11669.corp.local,0,0.0,0,0.0,False
LPT-10821,0,0.0,0,0.0,False
WS-10189,0,0.0,0,0.0,False
LPT-11789.corp.local,0,0.0,0,0.0,False
lpt-11649,0,0.0,0,0.0,False
VDR-10666.corp.local,0,0.0,0,0.0,False
vdr-11179,0,0.0,0,0.0,False
VDR-11343.corp.local,0,0.0,0,0.0,False
LPT-12547.corp.local,0,0.0,0,0.0,False
lpt-11740,0,0.0,0,0.0,False
lpt-12107,0,0.0,0,0.0,False
vdr-11748,0,0.0,0,0.0,False
VDR_12373,0,0.0,0,0.0,False
VDR-12557,0,0.0,0,0.0,False
ws-10998,0,0.0,0,0.0,False
ws-11308,0,0.0,0,0.0,False
WS-12846,0,0.0,0,0.0,False
LPT_11825,0,0.0,0,0.0,False
LPT-11148,0,0.0,0,0.0,False
WS-11974.corp.local,0,0.0,0,0.0,False
LPT_11662,0,0.0,0,0.0,False
LPT-12016,0,0.0,0,0.0,False
LPT-10705,0,0.0,0,0.0,False
VDR-10005,0,0.0,0,0.0,False
WS-10036,0,0.0,0,0.0,False
VDR-10427.corp.local,0,0.0,0,0.0,False
LPT-10589,1,100.0,2,0.88,True
LPT-10901.corp.local,0,0.0,0,0.0,False
WS-10280,0,0.0,0,0.0,False
LPT-11793,0,0.0,0,0.0,False
vdr-11169,0,0.0,0,0.0,False
WS-11486,0,0.0,0,0.0,False
VDR-12225,1,100.0,2,0.88,True
LPT-10892,0,0.0,0,0.0,False
LPT-11209,0,0.0,0,0.0,False
VDR_11982,0,0.0,0,0.0,False
WS-11738.corp.local,0,0.0,0,0.0,False
LPT_10097,0,0.0,0,0.0,False
LPT_10030,0,0.0,0,0.0,False
LPT-12538,0,0.0,0,0.0,False
LPT-12372,0,0.0,0,0.0,False
WS-11317,0,0.0,0,0.0,False
LPT-10777,0,0.0,0,0.0,False
LPT-12528.,0,0.0,0,0.0,False
LPT-12257.,0,0.0,0,0.0,False
LPT-12203.,0,0.0,0,0.0,False
lpt-11054,0,0.0,0,0.0,False
ws-11261,0,0.0,0,0.0,False
LPT-12000.corp.local,0,0.0,0,0.0,False
lpt-12000,0,0.0,0,0.0,False
VDR-11112,0,0.0,0,0.0,False
lpt-11826,0,0.0,0,0.0,False
WS_12501,0,0.0,0,0.0,False
WS-11713.corp.local,0,0.0,0,0.0,False
vdr-10767,0,0.0,0,0.0,False
lpt-12842,0,0.0,0,0.0,False
VDR-10684.corp.local,0,0.0,0,0.0,False
WS_11829,0,0.0,0,0.0,False
lpt-11357,0,0.0,0,0.0,False
WS-11309,0,0.0,0,0.0,False
ws-10367,0,0.0,0,0.0,False
vdr-11112,0,0.0,0,0.0,False
VDR_12034,0,0.0,0,0.0,False
LPT-12155,0,0.0,0,0.0,False
VDR-10196.corp.local,0,0.0,0,0.0,False
VDR-10504.corp.local,0,0.0,0,0.0,False
WS-10999,1,100.0,2,0.88,True
VDR-12281,0,0.0,0,0.0,False
LPT-10751,0,0.0,0,0.0,False
LPT-12026,0,0.0,0,0.0,False
WS-12478,0,0.0,0,0.0,False
vdr-12678,0,0.0,0,0.0,False
WS-10408,4,100.0,8,0.88,True
ws-11641,0,0.0,0,0.0,False
ws-12035,0,0.0,0,0.0,False
ws-10749,0,0.0,0,0.0,False
WS-12368.corp.local,0,0.0,0,0.0,False
vdr-10990,0,0.0,0,0.0,False
VDR-12676.corp.local,0,0.0,0,0.0,False
VDR-12352,1,100.0,2,0.88,True
WS-11077.corp.local,0,0.0,0,0.0,False
WS-10928,1,100.0,2,0.88,True
LPT-10985.corp.local,0,0.0,0,0.0,False
WS_12938,0,0.0,0,0.0,False
ws-12320,0,0.0,0,0.0,False
vdr-11874,0,0.0,0,0.0,False
LPT-10274,0,0.0,0,0.0,False
WS-11828,1,100.0,2,0.88,True
ws-12902,0,0.0,0,0.0,False
WS-12093,1,100.0,2,0.88,True
LPT-12547,0,0.0,0,0.0,False
vdr-11642,0,0.0,0,0.0,False
VDR_10843,0,0.0,0,0.0,False
VDR-10237,0,0.0,0,0.0,False
LPT-12617,0,0.0,0,0.0,False
LPT-11569.corp.local,0,0.0,0,0.0,False
VDR-11392,1,75.0,2,0.73,True
VDR-11169,0,0.0,0,0.0,False
WS-10272,0,0.0,0,0.0,False
LPT-11202,0,0.0,0,0.0,False
LPT-11357,3,75.0,6,0.73,True
vdr-10340,0,0.0,0,0.0,False
ws-10263,0,0.0,0,0.0,False
WS-10826.corp.local,0,0.0,0,0.0,False
VDR-11628.corp.local,0,0.0,0,0.0,False
ws-12104,0,0.0,0,0.0,False
ws-12850,0,0.0,0,0.0,False
LPT-11744,0,0.0,0,0.0,False
WS-12793,0,0.0,0,0.0,False
lpt-12014,0,0.0,0,0.0,False
WS_11563,0,0.0,0,0.0,False
VDR_11608,0,0.0,0,0.0,False
VDR-12598.corp.local,0,0.0,0,0.0,False
LPT-11491,0,0.0,0,0.0,False
VDR_10907,0,0.0,0,0.0,False
WS-10643,0,0.0,0,0.0,False
WS-12422.corp.local,0,0.0,0,0.0,False
WS-12846.corp.local,0,0.0,0,0.0,False
WS-10150,0,0.0,0,0.0,False
ws-10151,0,0.0,0,0.0,False
LPT_12010,0,0.0,0,0.0,False
LPT-11244.corp.local,0,0.0,0,0.0,False
VDR-11001,8,100.0,16,0.88,True
WS-12996,0,0.0,0,0.0,False
lpt-11470,0,0.0,0,0.0,False
WS-11672.corp.local,0,0.0,0,0.0,False
ws-11198,0,0.0,0,0.0,False
VDR_10162,0,0.0,0,0.0,False
LPT-11678,0,0.0,0,0.0,False
ws-11835,0,0.0,0,0.0,False
WS_11301,0,0.0,0,0.0,False
LPT-10653,0,0.0,0,0.0,False
LPT-10186.,0,0.0,0,0.0,False
VDR_11318,0,0.0,0,0.0,False
WS-10220,0,0.0,0,0.0,False
vdr-10778,0,0.0,0,0.0,False
VDR-10992,2,100.0,4,0.88,True
VDR-11858,0,0.0,0,0.0,False
vdr-10825,0,0.0,0,0.0,False
lpt-12703,0,0.0,0,0.0,False
VDR-10718,0,0.0,0,0.0,False
VDR-12655,0,0.0,0,0.0,False
VDR-11042,0,0.0,0,0.0,False
WS-10219.corp.local,0,0.0,0,0.0,False
WS-12878.corp.local,0,0.0,0,0.0,False
WS-11352,0,0.0,0,0.0,False
LPT-10575,0,0.0,0,0.0,False
VDR-11394,0,0.0,0,0.0,False
LPT-11322,2,100.0,4,0.88,True
VDR-11375,0,0.0,0,0.0,False
lpt-12730,0,0.0,0,0.0,False
VDR-12129.corp.local,0,0.0,0,0.0,False
vdr-10031,0,0.0,0,0.0,False
WS_12515,0,0.0,0,0.0,False
LPT-11920,0,0.0,0,0.0,False
LPT_11710,0,0.0,0,0.0,False
LPT-11546,0,0.0,0,0.0,False
LPT-11341,0,0.0,0,0.0,False
LPT-11072,0,0.0,0,0.0,False
LPT_10797,0,0.0,0,0.0,False
LPT-11668,0,0.0,0,0.0,False
WS_10470,0,0.0,0,0.0,False
VDR_12241,0,0.0,0,0.0,False
ws-12680,0,0.0,0,0.0,False
lpt-12004,0,0.0,0,0.0,False
lpt-10750,0,0.0,0,0.0,False
LPT-12629,0,0.0,0,0.0,False
lpt-12364,0,0.0,0,0.0,False
VDR_11575,0,0.0,0,0.0,False
WS-12701.corp.local,0,0.0,0,0.0,False
LPT_11346,0,0.0,0,0.0,False
VDR-12181,0,0.0,0,0.0,False
LPT-10403,0,0.0,0,0.0,False
vdr-10539,0,0.0,0,0.0,False
WS-11296,0,0.0,0,0.0,False
LPT-12011,0,0.0,0,0.0,False
LPT-10939,1,100.0,2,0.88,True
VDR-12071,0,0.0,0,0.0,False
VDR-12928,0,0.0,0,0.0,False
LPT-10771.,0,0.0,0,0.0,False
VDR-12131,0,0.0,0,0.0,False
VDR_12983,0,0.0,0,0.0,False
VDR-11639,0,0.0,0,0.0,False
VDR_11622,0,0.0,0,0.0,False
VDR-11996,0,0.0,0,0.0,False
WS_10870,0,0.0,0,0.0,False
WS_11313,0,0.0,0,0.0,False
VDR-10710,1,100.0,2,0.88,True
VDR_11746,0,0.0,0,0.0,False
LPT-12260.corp.local,0,0.0,0,0.0,False
lpt-10479,0,0.0,0,0.0,False
LPT_12690,0,0.0,0,0.0,False
LPT-11212.corp.local,0,0.0,0,0.0,False
lpt-11197,0,0.0,0,0.0,False
VDR-10161.corp.local,0,0.0,0,0.0,False
WS-12791,0,0.0,0,0.0,False
LPT-10733,0,0.0,0,0.0,False
LPT-12860,0,0.0,0,0.0,False
LPT-12542,0,0.0,0,0.0,False
lpt-11164,0,0.0,0,0.0,False
LPT-12331,0,0.0,0,0.0,False
ws-10720,0,0.0,0,0.0,False
vdr-11996,0,0.0,0,0.0,False
WS_10994,0,0.0,0,0.0,False
lpt-11134,0,0.0,0,0.0,False
VDR-10861.corp.local,0,0.0,0,0.0,False
VDR-11128,0,0.0,0,0.0,False
lpt-11271,0,0.0,0,0.0,False
WS-10284.,0,0.0,0,0.0,False
lpt-11184,0,0.0,0,0.0,False
vdr-11843,0,0.0,0,0.0,False
WS-12561.corp.local,0,0.0,0,0.0,False
VDR-11302,0,0.0,0,0.0,False
vdr-12557,0,0.0,0,0.0,False
LPT-10199,0,0.0,0,0.0,False
VDR-10497,0,0.0,0,0.0,False
WS-10809.corp.local,0,0.0,0,0.0,False
WS_12992,0,0.0,0,0.0,False
WS-12862,0,0.0,0,0.0,False
VDR-10756.corp.local,0,0.0,0,0.0,False
lpt-11790,0,0.0,0,0.0,False
VDR-12369.corp.local,0,0.0,0,0.0,False
ws-11064,0,0.0,0,0.0,False
VDR-10588.corp.local,0,0.0,0,0.0,False
LPT-10130,0,0.0,0,0.0,False
vdr-11537,0,0.0,0,0.0,False
LPT_11780,0,0.0,0,0.0,False
vdr-11508,0,0.0,0,0.0,False
lpt-12100,0,0.0,0,0.0,False
VDR-10983,0,0.0,0,0.0,False
LPT-11928.corp.local,0,0.0,0,0.0,False
WS-10711,0,0.0,0,0.0,False
LPT-10081,0,0.0,0,0.0,False
WS-10918,0,0.0,0,0.0,False
VDR-11712.corp.local,0,0.0,0,0.0,False
WS-12115,1,100.0,2,0.88,True
WS-10336.corp.local,0,0.0,0,0.0,False
ws-12097,0,0.0,0,0.0,False
ws-10958,0,0.0,0,0.0,False
vdr-10179,0,0.0,0,0.0,False
VDR-11645.corp.local,0,0.0,0,0.0,False
WS-10773,0,0.0,0,0.0,False
VDR_10743,0,0.0,0,0.0,False
lpt-12699,0,0.0,0,0.0,False
ws-10760,0,0.0,0,0.0,False
ws-12895,0,0.0,0,0.0,False
LPT-11023.corp.local,0,0.0,0,0.0,False
VDR-10132,0,0.0,0,0.0,False
WS-12957,0,0.0,0,0.0,False
LPT-12838,0,0.0,0,0.0,False
WS-11682.corp.local,0,0.0,0,0.0,False
vdr-12665,0,0.0,0,0.0,False
WS-10517,0,0.0,0,0.0,False
WS-12799.corp.local,0,0.0,0,0.0,False
WS-12220.corp.local,0,0.0,0,0.0,False
VDR_11189,0,0.0,0,0.0,False
VDR_11206,0,0.0,0,0.0,False
vdr-12989,0,0.0,0,0.0,False
LPT-11040,0,0.0,0,0.0,False
VDR-10910.corp.local,0,0.0,0,0.0,False
WS-10225,0,0.0,0,0.0,False
VDR-12861,0,0.0,0,0.0,False
LPT-12293,0,0.0,0,0.0,False
vdr-11297,0,0.0,0,0.0,False
WS-12264,1,100.0,2,0.88,True
LPT-10084,0,0.0,0,0.0,False
WS-12619,0,0.0,0,0.0,False
LPT-12904.corp.local,0,0.0,0,0.0,False
LPT_10944,0,0.0,0,0.0,False
VDR-10838.corp.local,0,0.0,0,0.0,False
LPT-11701,0,0.0,0,0.0,False
VDR-12480.corp.local,0,0.0,0,0.0,False
ws-10878,0,0.0,0,0.0,False
VDR-10674,0,0.0,0,0.0,False
WS-11186,0,0.0,0,0.0,False
WS-11171,0,0.0,0,0.0,False
WS-11395.corp.local,0,0.0,0,0.0,False
LPT-12968.corp.local,0,0.0,0,0.0,False
ws-10048,0,0.0,0,0.0,False
VDR-10914.corp.local,0,0.0,0,0.0,False
LPT-12459,0,0.0,0,0.0,False
WS-11342.corp.local,0,0.0,0,0.0,False
VDR-11268,0,0.0,0,0.0,False
vdr-10481,0,0.0,0,0.0,False
ws-10911,0,0.0,0,0.0,False
lpt-11970,0,0.0,0,0.0,False
vdr-12500,0,0.0,0,0.0,False
LPT-12658,0,0.0,0,0.0,False
LPT-12507,0,0.0,0,0.0,False
vdr-11096,0,0.0,0,0.0,False
ws-10687,0,0.0,0,0.0,False
LPT-10880,0,0.0,0,0.0,False
LPT_12481,0,0.0,0,0.0,False
ws-12701,0,0.0,0,0.0,False
VDR_12464,0,0.0,0,0.0,False
VDR-12997,0,0.0,0,0.0,False
WS-11089.corp.local,0,0.0,0,0.0,False
VDR_10835,0,0.0,0,0.0,False
LPT-12815,0,0.0,0,0.0,False
LPT-12183,0,0.0,0,0.0,False
LPT-11693,0,0.0,0,0.0,False
WS_12773,0,0.0,0,0.0,False
LPT-10103,0,0.0,0,0.0,False
WS-11269,0,0.0,0,0.0,False
ws-11243,0,0.0,0,0.0,False
LPT-10646,0,0.0,0,0.0,False
LPT-12265,0,0.0,0,0.0,False
VDR_11495,0,0.0,0,0.0,False
vdr-12023,0,0.0,0,0.0,False
vdr-12215,0,0.0,0,0.0,False
WS-12072,0,0.0,0,0.0,False
WS-10506.corp.local,0,0.0,0,0.0,False
lpt-12654,0,0.0,0,0.0,False
WS-11562,0,0.0,0,0.0,False
WS-12845.,0,0.0,0,0.0,False
vdr-11846,0,0.0,0,0.0,False
VDR_11439,0,0.0,0,0.0,False
lpt-11764,0,0.0,0,0.0,False
VDR_10244,0,0.0,0,0.0,False
WS-11876,1,100.0,2,0.88,True
LPT-11683.corp.local,0,0.0,0,0.0,False
VDR-11224.,0,0.0,0,0.0,False
WS-12809,1,75.0,2,0.73,True
WS_11612,0,0.0,0,0.0,False
VDR-10316,0,0.0,0,0.0,False
VDR_12562,0,0.0,0,0.0,False
WS-11670.corp.local,0,0.0,0,0.0,False
lpt-12947,0,0.0,0,0.0,False
VDR_12151,0,0.0,0,0.0,False
WS-11776.corp.local,0,0.0,0,0.0,False
LPT-10560.corp.local,0,0.0,0,0.0,False
VDR_12017,0,0.0,0,0.0,False
WS-11734,0,0.0,0,0.0,False
VDR_11236,0,0.0,0,0.0,False
WS_10429,0,0.0,0,0.0,False
VDR-10255,0,0.0,0,0.0,False
LPT-11561.corp.local,0,0.0,0,0.0,False
WS-12449,0,0.0,0,0.0,False
ws-12594,0,0.0,0,0.0,False
WS-11924.corp.local,0,0.0,0,0.0,False
LPT-10927,0,0.0,0,0.0,False
ws-10959,0,0.0,0,0.0,False
WS-10070,0,0.0,0,0.0,False
lpt-11476,0,0.0,0,0.0,False
WS-10544,1,100.0,2,0.88,True
VDR_11316,0,0.0,0,0.0,False
ws-11859,0,0.0,0,0.0,False
VDR-11302.corp.local,0,0.0,0,0.0,False
WS-12822,0,0.0,0,0.0,False
VDR-11142,0,0.0,0,0.0,False
WS-12669,0,0.0,0,0.0,False
lpt-11792,0,0.0,0,0.0,False
WS_11836,0,0.0,0,0.0,False
ws-11723,0,0.0,0,0.0,False
VDR_11412,0,0.0,0,0.0,False
LPT_11322,0,0.0,0,0.0,False
VDR-11066,0,0.0,0,0.0,False
LPT-12824,0,0.0,0,0.0,False
VDR-10231,0,0.0,0,0.0,False
WS_10370,0,0.0,0,0.0,False
VDR_10300,0,0.0,0,0.0,False
WS_11682,0,0.0,0,0.0,False
LPT_11070,0,0.0,0,0.0,False
LPT-10311.corp.local,0,0.0,0,0.0,False
WS-12495,0,0.0,0,0.0,False
WS-10540,0,0.0,0,0.0,False
VDR-11946.,0,0.0,0,0.0,False
vdr-12841,0,0.0,0,0.0,False
WS-10849.corp.local,0,0.0,0,0.0,False
lpt-12027,0,0.0,0,0.0,False
LPT-11333.corp.local,0,0.0,0,0.0,False
lpt-12921,0,0.0,0,0.0,False
VDR-12335.corp.local,0,0.0,0,0.0,False
WS-10341.corp.local,0,0.0,0,0.0,False
LPT-12280.corp.local,0,0.0,0,0.0,False
LPT-12471,1,100.0,2,0.88,True
WS-10697.corp.local,0,0.0,0,0.0,False
vdr-10465,0,0.0,0,0.0,False
ws-11514,0,0.0,0,0.0,False
LPT-10741,0,0.0,0,0.0,False
ws-12491,0,0.0,0,0.0,False
VDR_11549,0,0.0,0,0.0,False
WS_10070,0,0.0,0,0.0,False
WS-11502,1,100.0,2,0.88,True
VDR-10478,2,100.0,4,0.88,True
VDR_10690,0,0.0,0,0.0,False
vdr-11436,0,0.0,0,0.0,False
LPT_10176,0,0.0,0,0.0,False
LPT_12474,0,0.0,0,0.0,False
ws-12125,0,0.0,0,0.0,False
VDR-11267,1,75.0,2,0.73,True
WS-10721.corp.local,0,0.0,0,0.0,False
LPT-11409,0,0.0,0,0.0,False
WS_10213,0,0.0,0,0.0,False
VDR-11892.corp.local,0,0.0,0,0.0,False
LPT-11572.corp.local,0,0.0,0,0.0,False
VDR-12627,1,100.0,2,0.88,True
LPT_10779,0,0.0,0,0.0,False
VDR-12978,0,0.0,0,0.0,False
lpt-10557,0,0.0,0,0.0,False
VDR-10703,0,0.0,0,0.0,False
WS-12873,0,0.0,0,0.0,False
LPT-11584,0,0.0,0,0.0,False
LPT_12888,0,0.0,0,0.0,False
lpt-11920,0,0.0,0,0.0,False
lpt-12252,0,0.0,0,0.0,False
LPT-12843,0,0.0,0,0.0,False
LPT_11452,0,0.0,0,0.0,False
WS-12592.corp.local,0,0.0,0,0.0,False
VDR-11586,1,100.0,2,0.88,True
WS-12433.,0,0.0,0,0.0,False
VDR-10906.corp.local,0,0.0,0,0.0,False
LPT-10377,0,0.0,0,0.0,False
WS-11533.corp.local,0,0.0,0,0.0,False
WS-12262,0,0.0,0,0.0,False
WS-12677,0,0.0,0,0.0,False
WS-10091.corp.local,0,0.0,0,0.0,False
LPT_10383,0,0.0,0,0.0,False
LPT-11065,0,0.0,0,0.0,False
LPT_10547,0,0.0,0,0.0,False
WS-11670,0,0.0,0,0.0,False
WS_10486,0,0.0,0,0.0,False
WS-12545,0,0.0,0,0.0,False
LPT_12444,0,0.0,0,0.0,False
lpt-10651,0,0.0,0,0.0,False
vdr-12150,0,0.0,0,0.0,False
VDR-12071.corp.local,0,0.0,0,0.0,False
VDR_12618,0,0.0,0,0.0,False
ws-12266,0,0.0,0,0.0,False
ws-10486,0,0.0,0,0.0,False
LPT-11470,0,0.0,0,0.0,False
LPT-10702,0,0.0,0,0.0,False
VDR_12989,0,0.0,0,0.0,False
LPT-12780,0,0.0,0,0.0,False
VDR-10716,0,0.0,0,0.0,False
vdr-11669,0,0.0,0,0.0,False
LPT-11353,0,0.0,0,0.0,False
LPT-11156,1,100.0,2,0.88,True
VDR_10099,0,0.0,0,0.0,False
LPT-12644.corp.local,0,0.0,0,0.0,False
WS-10568,0,0.0,0,0.0,False
VDR_10692,0,0.0,0,0.0,False
vdr-10503,0,0.0,0,0.0,False
vdr-12058,0,0.0,0,0.0,False
WS-12753,0,0.0,0,0.0,False
LPT-10650,0,0.0,0,0.0,False
VDR-10270,0,0.0,0,0.0,False
WS_10845,0,0.0,0,0.0,False
LPT-10634,0,0.0,0,0.0,False
vdr-10248,0,0.0,0,0.0,False
LPT-11792,0,0.0,0,0.0,False
LPT_10366,0,0.0,0,0.0,False
WS-11987.corp.local,0,0.0,0,0.0,False
LPT-11763,2,75.0,4,0.73,True
vdr-11206,0,0.0,0,0.0,False
VDR-10528.,0,0.0,0,0.0,False
LPT-11659,0,0.0,0,0.0,False
WS_10412,0,0.0,0,0.0,False
VDR-10813,0,0.0,0,0.0,False
vdr-10362,0,0.0,0,0.0,False
vdr-11589,0,0.0,0,0.0,False
ws-10711,0,0.0,0,0.0,False
ws-11893,0,0.0,0,0.0,False
lpt-11918,0,0.0,0,0.0,False
LPT-12085,0,0.0,0,0.0,False
VDR-10533.corp.local,0,0.0,0,0.0,False
VDR-10168.corp.local,0,0.0,0,0.0,False
VDR-11940,0,0.0,0,0.0,False
WS_11458,0,0.0,0,0.0,False
WS-10486.corp.local,0,0.0,0,0.0,False
WS-12340,0,0.0,0,0.0,False
LPT_10859,0,0.0,0,0.0,False
LPT-12962,0,0.0,0,0.0,False
ws-10865,0,0.0,0,0.0,False
ws-10470,0,0.0,0,0.0,False
LPT_12149,0,0.0,0,0.0,False
VDR-11591.,0,0.0,0,0.0,False
VDR-12705.corp.local,0,0.0,0,0.0,False
WS-11699.corp.local,0,0.0,0,0.0,False
WS-10988,1,100.0,3,0.92,True
WS_10566,0,0.0,0,0.0,False
LPT_12943,0,0.0,0,0.0,False
vdr-12758,0,0.0,0,0.0,False
WS-12733.corp.local,0,0.0,0,0.0,False
LPT-10080.corp.local,0,0.0,0,0.0,False
LPT_10537,0,0.0,0,0.0,False
LPT-11281.corp.local,0,0.0,0,0.0,False
lpt-10575,0,0.0,0,0.0,False
VDR-12775.corp.local,0,0.0,0,0.0,False
VDR-12384,0,0.0,0,0.0,False
LPT-11158,0,0.0,0,0.0,False
LPT-11114,1,100.0,2,0.88,True
lpt-12132,0,0.0,0,0.0,False
LPT-10428,0,0.0,0,0.0,False
vdr-12054,0,0.0,0,0.0,False
WS-12833.corp.local,0,0.0,0,0.0,False
VDR-12638.corp.local,0,0.0,0,0.0,False
LPT_12111,0,0.0,0,0.0,False
VDR-11272,1,100.0,2,0.88,True
VDR_10481,0,0.0,0,0.0,False
VDR_11118,0,0.0,0,0.0,False
VDR-12308.corp.local,0,0.0,0,0.0,False
WS_11108,0,0.0,0,0.0,False
ws-10150,0,0.0,0,0.0,False
WS-11623.corp.local,0,0.0,0,0.0,False
VDR-11618.corp.local,0,0.0,0,0.0,False
WS_12456,0,0.0,0,0.0,False
VDR-11872.,0,0.0,0,0.0,False
ws-10747,0,0.0,0,0.0,False
WS-10994,0,0.0,0,0.0,False
VDR-11916.corp.local,0,0.0,0,0.0,False
VDR_10723,0,0.0,0,0.0,False
LPT-10965,0,0.0,0,0.0,False
WS-10866,0,0.0,0,0.0,False
LPT-11704,0,0.0,0,0.0,False
lpt-10302,0,0.0,0,0.0,False
LPT_11212,0,0.0,0,0.0,False
WS-12544,0,0.0,0,0.0,False
vdr-12706,0,0.0,0,0.0,False
WS-10281.corp.local,0,0.0,0,0.0,False
VDR-11344.corp.local,0,0.0,0,0.0,False
LPT-10822.corp.local,0,0.0,0,0.0,False
LPT-11133,0,0.0,0,0.0,False
LPT-10290.,0,0.0,0,0.0,False
WS_10849,0,0.0,0,0.0,False
LPT-12690,1,100.0,2,0.88,True
WS-10113.,0,0.0,0,0.0,False
VDR-12579.corp.local,0,0.0,0,0.0,False
VDR-11712,1,75.0,2,0.73,True
vdr-12865,0,0.0,0,0.0,False
WS_11513,0,0.0,0,0.0,False
LPT-11763.corp.local,0,0.0,0,0.0,False
vdr-11718,0,0.0,0,0.0,False
VDR_11822,0,0.0,0,0.0,False
lpt-12366,0,0.0,0,0.0,False
VDR-10886,0,0.0,0,0.0,False
VDR-12500,0,0.0,0,0.0,False
VDR-12248,1,100.0,2,0.88,True
WS-12794.corp.local,0,0.0,0,0.0,False
VDR-11232,0,0.0,0,0.0,False
LPT_11065,0,0.0,0,0.0,False
LPT_10935,0,0.0,0,0.0,False
LPT-10460,0,0.0,0,0.0,False
VDR-10346,0,0.0,0,0.0,False
WS-12398.corp.local,0,0.0,0,0.0,False
VDR-11930,0,0.0,0,0.0,False
VDR-11047.corp.local,0,0.0,0,0.0,False
LPT-11655,0,0.0,0,0.0,False
ws-11367,0,0.0,0,0.0,False
VDR-12656,0,0.0,0,0.0,False
WS-10014,4,100.0,8,0.88,True
VDR-12785,0,0.0,0,0.0,False
vdr-10339,0,0.0,0,0.0,False
LPT-10985,2,75.0,4,0.73,True
ws-12319,0,0.0,0,0.0,False
LPT_12754,0,0.0,0,0.0,False
VDR-12750,1,100.0,2,0.88,True
VDR-10559.corp.local,0,0.0,0,0.0,False
WS-11127,0,0.0,0,0.0,False
VDR-12156,0,0.0,0,0.0,False
VDR-10940,0,0.0,0,0.0,False
WS-12443,0,0.0,0,0.0,False
LPT-11311.,0,0.0,0,0.0,False
lpt-12955,0,0.0,0,0.0,False
VDR-11082,0,0.0,0,0.0,False
ws-12549,0,0.0,0,0.0,False
LPT_11830,0,0.0,0,0.0,False
LPT-10475,0,0.0,0,0.0,False
VDR-10147.,0,0.0,0,0.0,False
WS-10760.corp.local,0,0.0,0,0.0,False
VDR-11451,1,75.0,2,0.73,True
VDR-10108,0,0.0,0,0.0,False
VDR-11227,0,0.0,0,0.0,False
WS-12996.corp.local,0,0.0,0,0.0,False
WS-12232,1,100.0,2,0.88,True
lpt-10972,0,0.0,0,0.0,False
LPT-11597,0,0.0,0,0.0,False
WS-10430,0,0.0,0,0.0,False
WS_11434,0,0.0,0,0.0,False
vdr-12178,0,0.0,0,0.0,False
VDR-12804,0,0.0,0,0.0,False
WS_11957,0,0.0,0,0.0,False
lpt-12961,0,0.0,0,0.0,False
WS-12460,0,0.0,0,0.0,False
VDR-11636,0,0.0,0,0.0,False
WS_10694,0,0.0,0,0.0,False
WS-11968,0,0.0,0,0.0,False
LPT_10855,0,0.0,0,0.0,False
WS-12623,0,0.0,0,0.0,False
LPT-12538.corp.local,0,0.0,0,0.0,False
WS-10584,0,0.0,0,0.0,False
WS-10747,0,0.0,0,0.0,False
vdr-10942,0,0.0,0,0.0,False
LPT-10682,0,0.0,0,0.0,False
LPT-12258.corp.local,0,0.0,0,0.0,False
LPT-10742,0,0.0,0,0.0,False
LPT-11125.corp.local,0,0.0,0,0.0,False
VDR-11047,0,0.0,0,0.0,False
ws-12915,0,0.0,0,0.0,False
VDR-10196.,0,0.0,0,0.0,False
WS-11111,0,0.0,0,0.0,False
VDR-10638.corp.local,0,0.0,0,0.0,False
VDR-12087,1,100.0,2,0.88,True
WS-12041,1,100.0,2,0.88,True
WS-11009,0,0.0,0,0.0,False
WS-11395,0,0.0,0,0.0,False
lpt-10223,0,0.0,0,0.0,False
ws-11516,0,0.0,0,0.0,False
LPT-12199.corp.local,0,0.0,0,0.0,False
VDR-11518,0,0.0,0,0.0,False
VDR-12038,0,0.0,0,0.0,False
ws-10352,0,0.0,0,0.0,False
LPT-12080.corp.local,0,0.0,0,0.0,False
WS-10746,6,100.0,12,0.88,True
WS_12553,0,0.0,0,0.0,False
LPT_11857,0,0.0,0,0.0,False
ws-10849,0,0.0,0,0.0,False
VDR-10587,0,0.0,0,0.0,False
WS-12533,0,0.0,0,0.0,False
WS-12050.corp.local,0,0.0,0,0.0,False
WS-12523,0,0.0,0,0.0,False
lpt-11574,0,0.0,0,0.0,False
VDR-11102,0,0.0,0,0.0,False
ws-10180,0,0.0,0,0.0,False
WS_11186,0,0.0,0,0.0,False
VDR-12905,0,0.0,0,0.0,False
LPT-12927,0,0.0,0,0.0,False
WS-10500,1,100.0,2,0.88,True
lpt-11917,0,0.0,0,0.0,False
lpt-12924,0,0.0,0,0.0,False
lpt-11333,0,0.0,0,0.0,False
lpt-12607,0,0.0,0,0.0,False
VDR-10662.corp.local,0,0.0,0,0.0,False
WS-12397,0,0.0,0,0.0,False
VDR-12890.corp.local,0,0.0,0,0.0,False
VDR-12948.,0,0.0,0,0.0,False
LPT-11440,1,100.0,2,0.88,True
vdr-12154,0,0.0,0,0.0,False
lpt-11288,0,0.0,0,0.0,False
vdr-11389,0,0.0,0,0.0,False
lpt-10176,0,0.0,0,0.0,False
ws-10827,0,0.0,0,0.0,False
WS-10697,0,0.0,0,0.0,False
VDR_10038,0,0.0,0,0.0,False
LPT-12321,0,0.0,0,0.0,False
ws-11393,0,0.0,0,0.0,False
VDR-11090.corp.local,0,0.0,0,0.0,False
VDR-12604,0,0.0,0,0.0,False
lpt-12249,0,0.0,0,0.0,False
VDR-12479,0,0.0,0,0.0,False
WS_11760,0,0.0,0,0.0,False
vdr-12618,0,0.0,0,0.0,False
VDR-12948,0,0.0,0,0.0,False
ws-10513,0,0.0,0,0.0,False
VDR_12527,0,0.0,0,0.0,False
ws-10665,0,0.0,0,0.0,False
WS-11708.corp.local,0,0.0,0,0.0,False
VDR-10022,0,0.0,0,0.0,False
ws-10009,0,0.0,0,0.0,False
VDR-10031.corp.local,0,0.0,0,0.0,False
lpt-12532,0,0.0,0,0.0,False
VDR_12811,0,0.0,0,0.0,False
WS_10578,0,0.0,0,0.0,False
ws-12442,0,0.0,0,0.0,False
VDR_10457,0,0.0,0,0.0,False
LPT-10258.corp.local,0,0.0,0,0.0,False
LPT-12652.corp.local,0,0.0,0,0.0,False
WS-10450,1,100.0,2,0.88,True
ws-12359,0,0.0,0,0.0,False
vdr-12972,0,0.0,0,0.0,False
VDR-12173.corp.local,0,0.0,0,0.0,False
VDR-11645,0,0.0,0,0.0,False
lpt-12524,0,0.0,0,0.0,False
WS-10932,0,0.0,0,0.0,False
LPT-11349.,0,0.0,0,0.0,False
LPT-10968,0,0.0,0,0.0,False
LPT-12766.corp.local,0,0.0,0,0.0,False
VDR-12499.corp.local,0,0.0,0,0.0,False
lpt-12026,0,0.0,0,0.0,False
LPT-11107.corp.local,0,0.0,0,0.0,False
VDR_11227,0,0.0,0,0.0,False
ws-10305,0,0.0,0,0.0,False
LPT-11649.corp.local,0,0.0,0,0.0,False
WS_12125,0,0.0,0,0.0,False
LPT-10122.corp.local,0,0.0,0,0.0,False
VDR-12328,0,0.0,0,0.0,False
LPT-12045.corp.local,0,0.0,0,0.0,False
LPT_11903,0,0.0,0,0.0,False
ws-11562,0,0.0,0,0.0,False
VDR-10010,0,0.0,0,0.0,False
VDR-12352.corp.local,0,0.0,0,0.0,False
ws-11844,0,0.0,0,0.0,False
lpt-12970,0,0.0,0,0.0,False
VDR-12079,0,0.0,0,0.0,False
VDR-11709.corp.local,0,0.0,0,0.0,False
VDR-11479,0,0.0,0,0.0,False
VDR-11318,0,0.0,0,0.0,False
ws-12039,0,0.0,0,0.0,False
VDR_10060,0,0.0,0,0.0,False
WS-11159.corp.local,0,0.0,0,0.0,False
LPT-12314.corp.local,0,0.0,0,0.0,False
VDR-12684.corp.local,0,0.0,0,0.0,False
ws-10683,0,0.0,0,0.0,False
lpt-12657,0,0.0,0,0.0,False
LPT-11276.corp.local,0,0.0,0,0.0,False
ws-11043,0,0.0,0,0.0,False
VDR-11093,0,0.0,0,0.0,False
LPT-11161,0,0.0,0,0.0,False
VDR-10295,0,0.0,0,0.0,False
LPT-10182.corp.local,0,0.0,0,0.0,False
ws-10256,0,0.0,0,0.0,False
ws-12051,0,0.0,0,0.0,False
LPT-11140,0,0.0,0,0.0,False
VDR-12218,0,0.0,0,0.0,False
WS-10974.corp.local,0,0.0,0,0.0,False
VDR_10535,0,0.0,0,0.0,False
vdr-12863,0,0.0,0,0.0,False
LPT_12658,0,0.0,0,0.0,False
ws-11997,0,0.0,0,0.0,False
LPT-10541,0,0.0,0,0.0,False
WS-10368,0,0.0,0,0.0,False
LPT-12329,0,0.0,0,0.0,False
VDR-10353.corp.local,0,0.0,0,0.0,False
VDR-10762,0,0.0,0,0.0,False
LPT-10654,1,100.0,2,0.88,True
LPT_12854,0,0.0,0,0.0,False
ws-10675,0,0.0,0,0.0,False
LPT-12990,0,0.0,0,0.0,False
LPT-10987,1,75.0,2,0.73,True
ws-11985,0,0.0,0,0.0,False
LPT-10853,0,0.0,0,0.0,False
vdr-10833,0,0.0,0,0.0,False
LPT-12800,0,0.0,0,0.0,False
WS-12855.corp.local,0,0.0,0,0.0,False
VDR-10736.corp.local,0,0.0,0,0.0,False
lpt-11055,0,0.0,0,0.0,False
WS-11852,0,0.0,0,0.0,False
WS-12413.,0,0.0,0,0.0,False
LPT-11834,0,0.0,0,0.0,False
WS-12822.corp.local,0,0.0,0,0.0,False
WS-10365,0,0.0,0,0.0,False
LPT-12268.corp.local,0,0.0,0,0.0,False
vdr-11588,0,0.0,0,0.0,False
LPT-12202.corp.local,0,0.0,0,0.0,False
LPT-10257,0,0.0,0,0.0,False
LPT_12502,0,0.0,0,0.0,False
WS_12064,0,0.0,0,0.0,False
lpt-10127,0,0.0,0,0.0,False
VDR-11874.,0,0.0,0,0.0,False
VDR-10300,1,100.0,2,0.88,True
LPT-11325,0,0.0,0,0.0,False
VDR-12696,0,0.0,0,0.0,False
LPT_11784,0,0.0,0,0.0,False
WS_12879,0,0.0,0,0.0,False
VDR_10010,0,0.0,0,0.0,False
vdr-10166,0,0.0,0,0.0,False
WS-10569,0,0.0,0,0.0,False
WS-10606.corp.local,0,0.0,0,0.0,False
vdr-12776,0,0.0,0,0.0,False
VDR-11653,0,0.0,0,0.0,False
lpt-10259,0,0.0,0,0.0,False
lpt-10931,0,0.0,0,0.0,False
LPT-10075,0,0.0,0,0.0,False
LPT-11900,0,0.0,0,0.0,False
ws-10806,0,0.0,0,0.0,False
vdr-10577,0,0.0,0,0.0,False
LPT_11919,0,0.0,0,0.0,False
VDR-10093.corp.local,0,0.0,0,0.0,False
LPT-10804.corp.local,0,0.0,0,0.0,False
VDR-12150,0,0.0,0,0.0,False
VDR_10715,0,0.0,0,0.0,False
lpt-11425,0,0.0,0,0.0,False
LPT-11035,0,0.0,0,0.0,False
LPT-10395.corp.local,0,0.0,0,0.0,False
WS-12418,10,75.0,20,0.73,True
VDR-11872,0,0.0,0,0.0,False
vdr-12157,0,0.0,0,0.0,False
LPT-12407,1,100.0,2,0.88,True
lpt-12280,0,0.0,0,0.0,False
ws-11079,0,0.0,0,0.0,False
vdr-10282,0,0.0,0,0.0,False
LPT-12211.,0,0.0,0,0.0,False
VDR_11056,0,0.0,0,0.0,False
lpt-10360,0,0.0,0,0.0,False
LPT-10058,0,0.0,0,0.0,False
LPT-10002.corp.local,0,0.0,0,0.0,False
WS-10566,0,0.0,0,0.0,False
ws-11252,0,0.0,0,0.0,False
VDR_11797,0,0.0,0,0.0,False
LPT-11928,0,0.0,0,0.0,False
vdr-10642,0,0.0,0,0.0,False
VDR-11494.corp.local,0,0.0,0,0.0,False
lpt-10650,0,0.0,0,0.0,False
vdr-11199,0,0.0,0,0.0,False
ws-12908,0,0.0,0,0.0,False
LPT-12203.corp.local,0,0.0,0,0.0,False
vdr-10744,0,0.0,0,0.0,False
lpt-12182,0,0.0,0,0.0,False
VDR-10902,0,0.0,0,0.0,False
WS-11690,0,0.0,0,0.0,False
vdr-10718,0,0.0,0,0.0,False
VDR-11811,0,0.0,0,0.0,False
VDR-12269,0,0.0,0,0.0,False
lpt-10169,0,0.0,0,0.0,False
VDR_12568,0,0.0,0,0.0,False
lpt-10173,0,0.0,0,0.0,False
VDR-10222.corp.local,0,0.0,0,0.0,False
WS-12631.corp.local,0,0.0,0,0.0,False
LPT-11522,0,0.0,0,0.0,False
WS-12496,0,0.0,0,0.0,False
ws-11515,0,0.0,0,0.0,False
VDR-11510,0,0.0,0,0.0,False
VDR_11338,0,0.0,0,0.0,False
WS_12394,0,0.0,0,0.0,False
LPT_11300,0,0.0,0,0.0,False
WS-12117,0,0.0,0,0.0,False
vdr-11466,0,0.0,0,0.0,False
LPT-12300,0,0.0,0,0.0,False
ws-12559,0,0.0,0,0.0,False
LPT-10177,0,0.0,0,0.0,False
LPT-10289.,0,0.0,0,0.0,False
VDR-12121,0,0.0,0,0.0,False
vdr-11910,0,0.0,0,0.0,False
LPT-10779.corp.local,0,0.0,0,0.0,False
VDR-11445.corp.local,0,0.0,0,0.0,False
LPT-12149,0,0.0,0,0.0,False
lpt-10262,0,0.0,0,0.0,False
WS-12910,0,0.0,0,0.0,False
vdr-12613,0,0.0,0,0.0,False
VDR-12215,0,0.0,0,0.0,False
VDR-12906.corp.local,0,0.0,0,0.0,False
WS-11406.corp.local,0,0.0,0,0.0,False
lpt-12146,0,0.0,0,0.0,False
WS-11207,0,0.0,0,0.0,False
VDR-11643,1,100.0,2,0.88,True
LPT-10490.corp.local,0,0.0,0,0.0,False
ws-12733,0,0.0,0,0.0,False
WS_10895,0,0.0,0,0.0,False
VDR-12073,0,0.0,0,0.0,False
LPT_10204,0,0.0,0,0.0,False
vdr-10830,0,0.0,0,0.0,False
LPT-11163,0,0.0,0,0.0,False
VDR_12705,0,0.0,0,0.0,False
WS-12908.corp.local,0,0.0,0,0.0,False
LPT-10098,0,0.0,0,0.0,False
vdr-10992,0,0.0,0,0.0,False
VDR_12994,0,0.0,0,0.0,False
VDR_11214,0,0.0,0,0.0,False
LPT-11276,0,0.0,0,0.0,False
vdr-10597,0,0.0,0,0.0,False
VDR-11963.corp.local,0,0.0,0,0.0,False
lpt-10619,0,0.0,0,0.0,False
LPT_11661,0,0.0,0,0.0,False
LPT-12299,0,0.0,0,0.0,False
VDR_10208,0,0.0,0,0.0,False
WS_10549,0,0.0,0,0.0,False
VDR-11549,1,75.0,2,0.73,True
WS-10873.corp.local,0,0.0,0,0.0,False
LPT-10414.corp.local,0,0.0,0,0.0,False
vdr-10218,0,0.0,0,0.0,False
ws-11719,0,0.0,0,0.0,False
vdr-10592,0,0.0,0,0.0,False
VDR-11255.,0,0.0,0,0.0,False
LPT-11425.corp.local,0,0.0,0,0.0,False
LPT-11558,0,0.0,0,0.0,False
vdr-10093,0,0.0,0,0.0,False
LPT-10377.corp.local,0,0.0,0,0.0,False
VDR-12804.corp.local,0,0.0,0,0.0,False
ws-10184,0,0.0,0,0.0,False
ws-12082,0,0.0,0,0.0,False
WS_11743,0,0.0,0,0.0,False
WS-11393,1,75.0,2,0.73,True
LPT_12783,0,0.0,0,0.0,False
vdr-10079,0,0.0,0,0.0,False
vdr-10357,0,0.0,0,0.0,False
ws-12337,0,0.0,0,0.0,False
VDR-11253,0,0.0,0,0.0,False
LPT-12903,0,0.0,0,0.0,False
VDR_11232,0,0.0,0,0.0,False
LPT_11030,0,0.0,0,0.0,False
ws-10512,0,0.0,0,0.0,False
WS-10190,1,100.0,2,0.88,True
LPT-11058.corp.local,0,0.0,0,0.0,False
VDR_11812,0,0.0,0,0.0,False
VDR-11327,1,75.0,2,0.73,True
VDR-10096,0,0.0,0,0.0,False
WS_11749,0,0.0,0,0.0,False
VDR-10903,0,0.0,0,0.0,False
vdr-10877,0,0.0,0,0.0,False
VDR-11402.corp.local,0,0.0,0,0.0,False
LPT_12086,0,0.0,0,0.0,False
LPT-12494,0,0.0,0,0.0,False
lpt-12098,0,0.0,0,0.0,False
VDR-10234,0,0.0,0,0.0,False
WS-12509,0,0.0,0,0.0,False
VDR-10712,0,0.0,0,0.0,False
LPT-12196,0,0.0,0,0.0,False
VDR_11445,0,0.0,0,0.0,False
VDR_11312,0,0.0,0,0.0,False
WS_12637,0,0.0,0,0.0,False
WS-11871,0,0.0,0,0.0,False
LPT_12349,0,0.0,0,0.0,False
LPT-10479.corp.local,0,0.0,0,0.0,False
VDR_12552,0,0.0,0,0.0,False
LPT-12263,0,0.0,0,0.0,False
WS-12501,0,0.0,0,0.0,False
WS-11044.corp.local,0,0.0,0,0.0,False
LPT-11539,0,0.0,0,0.0,False
VDR-12863.corp.local,0,0.0,0,0.0,False
lpt-10901,0,0.0,0,0.0,False
LPT-10663,0,0.0,0,0.0,False
VDR_12678,0,0.0,0,0.0,False
WS-12682.,0,0.0,0,0.0,False
WS-12478.corp.local,0,0.0,0,0.0,False
LPT_11834,0,0.0,0,0.0,False
VDR_10902,0,0.0,0,0.0,False
LPT-10537,0,0.0,0,0.0,False
lpt-12138,0,0.0,0,0.0,False
WS-11301.corp.local,0,0.0,0,0.0,False
VDR_11455,0,0.0,0,0.0,False
WS-11301,0,0.0,0,0.0,False
LPT_10133,0,0.0,0,0.0,False
ws-12529,0,0.0,0,0.0,False
VDR-10042,0,0.0,0,0.0,False
LPT-11446,0,0.0,0,0.0,False
VDR-11014,0,0.0,0,0.0,False
ws-10579,0,0.0,0,0.0,False
VDR-10633,0,0.0,0,0.0,False
VDR-10164,0,0.0,0,0.0,False
LPT_11568,0,0.0,0,0.0,False
LPT-12611.corp.local,0,0.0,0,0.0,False
vdr-10698,0,0.0,0,0.0,False
vdr-12403,0,0.0,0,0.0,False
LPT-10360.corp.local,0,0.0,0,0.0,False
WS-11952,0,0.0,0,0.0,False
LPT-12421,0,0.0,0,0.0,False
vdr-10906,0,0.0,0,0.0,False
VDR-10504,0,0.0,0,0.0,False
VDR-11665,2,75.0,4,0.73,True
WS_12953,0,0.0,0,0.0,False
lpt-11478,0,0.0,0,0.0,False
WS-10155,0,0.0,0,0.0,False
VDR-11042.corp.local,0,0.0,0,0.0,False
lpt-12299,0,0.0,0,0.0,False
WS-10994.corp.local,0,0.0,0,0.0,False
VDR-12400.corp.local,0,0.0,0,0.0,False
VDR-10057.corp.local,0,0.0,0,0.0,False
VDR-12123,0,0.0,0,0.0,False
LPT_10593,0,0.0,0,0.0,False
VDR_12141,0,0.0,0,0.0,False
VDR-11038,0,0.0,0,0.0,False
vdr-12400,0,0.0,0,0.0,False
VDR-11003.corp.local,0,0.0,0,0.0,False
LPT_12651,0,0.0,0,0.0,False
LPT-10881,1,100.0,2,0.88,True
WS-10365.corp.local,0,0.0,0,0.0,False
ws-10313,0,0.0,0,0.0,False
vdr-10715,0,0.0,0,0.0,False
LPT-10067.corp.local,0,0.0,0,0.0,False
ws-10932,0,0.0,0,0.0,False
ws-12632,0,0.0,0,0.0,False
VDR_11087,0,0.0,0,0.0,False
vdr-12113,0,0.0,0,0.0,False
WS-10352,1,100.0,2,0.88,True
VDR-11231.corp.local,0,0.0,0,0.0,False
lpt-11432,0,0.0,0,0.0,False
LPT-12551.corp.local,0,0.0,0,0.0,False
WS-11248,0,0.0,0,0.0,False
WS-10064,0,0.0,0,0.0,False
VDR_10672,0,0.0,0,0.0,False
vdr-11979,0,0.0,0,0.0,False
VDR-11592,1,75.0,2,0.73,True
VDR-11592.,0,0.0,0,0.0,False
LPT-11886,0,0.0,0,0.0,False
VDR-10715,0,0.0,0,0.0,False
LPT-12766,0,0.0,0,0.0,False
WS-10686.corp.local,0,0.0,0,0.0,False
LPT_12066,0,0.0,0,0.0,False
LPT-11818,0,0.0,0,0.0,False
VDR-12075,0,0.0,0,0.0,False
WS-10149,0,0.0,0,0.0,False
ws-12952,0,0.0,0,0.0,False
VDR_10361,0,0.0,0,0.0,False
WS-10591.corp.local,0,0.0,0,0.0,False
WS-10121.corp.local,0,0.0,0,0.0,False
LPT-11679,0,0.0,0,0.0,False
VDR-10914,1,100.0,2,0.88,True
WS-11894,0,0.0,0,0.0,False
LPT-11326.,0,0.0,0,0.0,False
WS-11860,0,0.0,0,0.0,False
LPT-12427.corp.local,0,0.0,0,0.0,False
lpt-10459,0,0.0,0,0.0,False
VDR_10983,0,0.0,0,0.0,False
WS-12855,0,0.0,0,0.0,False
WS-12872,1,100.0,2,0.88,True
WS-10456,0,0.0,0,0.0,False
VDR-11225,0,0.0,0,0.0,False
LPT_12203,0,0.0,0,0.0,False
lpt-10669,0,0.0,0,0.0,False
ws-10526,0,0.0,0,0.0,False
WS-10467,1,100.0,2,0.88,True
LPT-10956,0,0.0,0,0.0,False
LPT-11105,0,0.0,0,0.0,False
lpt-10229,0,0.0,0,0.0,False
WS-11975.corp.local,0,0.0,0,0.0,False
LPT_11376,0,0.0,0,0.0,False
VDR-11314.corp.local,0,0.0,0,0.0,False
VDR_10166,0,0.0,0,0.0,False
WS_12124,0,0.0,0,0.0,False
VDR-11610,0,0.0,0,0.0,False
vdr-11083,0,0.0,0,0.0,False
LPT-12259,1,100.0,2,0.88,True
ws-11098,0,0.0,0,0.0,False
lpt-11640,0,0.0,0,0.0,False
vdr-12770,0,0.0,0,0.0,False
WS-11777,1,100.0,2,0.88,True
WS-11132,0,0.0,0,0.0,False
WS_10181,0,0.0,0,0.0,False
vdr-11117,0,0.0,0,0.0,False
VDR-11150.corp.local,0,0.0,0,0.0,False
vdr-11421,0,0.0,0,0.0,False
lpt-10373,0,0.0,0,0.0,False
lpt-10398,0,0.0,0,0.0,False
LPT-12086,1,100.0,2,0.88,True
LPT-11304,0,0.0,0,0.0,False
lpt-10986,0,0.0,0,0.0,False
LPT-11728,0,0.0,0,0.0,False
vdr-11921,0,0.0,0,0.0,False
VDR_12602,0,0.0,0,0.0,False
WS-11923.corp.local,0,0.0,0,0.0,False
vdr-10867,0,0.0,0,0.0,False
WS-11885.corp.local,0,0.0,0,0.0,False
WS-10355.corp.local,0,0.0,0,0.0,False
lpt-12202,0,0.0,0,0.0,False
ws-12469,0,0.0,0,0.0,False
LPT-12304,0,0.0,0,0.0,False
LPT-11485.corp.local,0,0.0,0,0.0,False
WS_11601,0,0.0,0,0.0,False
ws-12234,0,0.0,0,0.0,False
WS-10307,1,100.0,2,0.88,True
WS-12468,1,75.0,2,0.73,True
WS_11630,0,0.0,0,0.0,False
LPT-10616.corp.local,0,0.0,0,0.0,False
WS_11252,0,0.0,0,0.0,False
VDR-11130,1,100.0,2,0.88,True
LPT-11526,0,0.0,0,0.0,False
LPT_11085,0,0.0,0,0.0,False
lpt-11568,0,0.0,0,0.0,False
vdr-10296,0,0.0,0,0.0,False
lpt-10275,0,0.0,0,0.0,False
VDR-12405,0,0.0,0,0.0,False
WS-10121,0,0.0,0,0.0,False
WS-11053.corp.local,0,0.0,0,0.0,False
VDR_10147,0,0.0,0,0.0,False
LPT-12651,0,0.0,0,0.0,False
LPT-10609,0,0.0,0,0.0,False
LPT-10516.corp.local,0,0.0,0,0.0,False
VDR_11697,0,0.0,0,0.0,False
WS-11948.corp.local,0,0.0,0,0.0,False
WS-11221,0,0.0,0,0.0,False
VDR-12906,0,0.0,0,0.0,False
LPT-11826.corp.local,0,0.0,0,0.0,False
VDR_10599,0,0.0,0,0.0,False
lpt-12766,0,0.0,0,0.0,False
ws-11354,0,0.0,0,0.0,False
WS-11241,4,100.0,8,0.88,True
WS_11248,0,0.0,0,0.0,False
VDR-11848,0,0.0,0,0.0,False
lpt-10951,0,0.0,0,0.0,False
WS-10151,0,0.0,0,0.0,False
WS-11820,0,0.0,0,0.0,False
ws-10241,0,0.0,0,0.0,False
WS_10635,0,0.0,0,0.0,False
VDR-11999.corp.local,0,0.0,0,0.0,False
VDR-11935,0,0.0,0,0.0,False
ws-12077,0,0.0,0,0.0,False
WS_10828,0,0.0,0,0.0,False
WS-11791,0,0.0,0,0.0,False
LPT-12761,1,100.0,2,0.88,True
vdr-12163,0,0.0,0,0.0,False
VDR-10791.corp.local,0,0.0,0,0.0,False
VDR-12463.corp.local,0,0.0,0,0.0,False
WS_10394,0,0.0,0,0.0,False
LPT-12044.corp.local,0,0.0,0,0.0,False
VDR-12152.,0,0.0,0,0.0,False
LPT_12377,0,0.0,0,0.0,False
LPT-10410.corp.local,0,0.0,0,0.0,False
lpt-10657,0,0.0,0,0.0,False
LPT_12539,0,0.0,0,0.0,False
VDR-12122.corp.local,0,0.0,0,0.0,False
WS-11295,0,0.0,0,0.0,False
ws-12631,0,0.0,0,0.0,False
LPT_12132,0,0.0,0,0.0,False
WS-12633,1,100.0,2,0.88,True
VDR-11449.corp.local,0,0.0,0,0.0,False
WS-11847,0,0.0,0,0.0,False
WS-10916,0,0.0,0,0.0,False
vdr-12487,0,0.0,0,0.0,False
VDR-11778,0,0.0,0,0.0,False
WS-11168,1,75.0,2,0.73,True
LPT-10216,0,0.0,0,0.0,False
LPT-10046,0,0.0,0,0.0,False
VDR-10492,1,100.0,2,0.88,True
vdr-10735,0,0.0,0,0.0,False
lpt-10670,0,0.0,0,0.0,False
VDR-10856,1,100.0,2,0.88,True
LPT-11280,0,0.0,0,0.0,False
LPT-12355.corp.local,0,0.0,0,0.0,False
VDR-10680,2,100.0,4,0.88,True
WS-11987,1,100.0,2,0.88,True
LPT-10037,0,0.0,0,0.0,False
WS-10564.,0,0.0,0,0.0,False
lpt-12541,0,0.0,0,0.0,False
WS_11803,0,0.0,0,0.0,False
VDR-11589,0,0.0,0,0.0,False
VDR-11703,0,0.0,0,0.0,False
vdr-11419,0,0.0,0,0.0,False
LPT_10927,0,0.0,0,0.0,False
VDR-11588.corp.local,0,0.0,0,0.0,False
WS-12319,2,75.0,4,0.73,True
WS_11820,0,0.0,0,0.0,False
lpt-12683,0,0.0,0,0.0,False
LPT-10972,0,0.0,0,0.0,False
ws-10973,0,0.0,0,0.0,False
WS_12514,0,0.0,0,0.0,False
VDR_12777,0,0.0,0,0.0,False
LPT-10630,0,0.0,0,0.0,False
LPT-12616,0,0.0,0,0.0,False
LPT-10547,0,0.0,0,0.0,False
WS-10232,0,0.0,0,0.0,False
WS_10526,0,0.0,0,0.0,False
WS-10476.corp.local,0,0.0,0,0.0,False
WS-10397,0,0.0,0,0.0,False
vdr-12160,0,0.0,0,0.0,False
WS-12601.corp.local,0,0.0,0,0.0,False
LPT-11554,0,0.0,0,0.0,False
WS-12290,0,0.0,0,0.0,False
VDR-11214,0,0.0,0,0.0,False
lpt-10372,0,0.0,0,0.0,False
LPT-11453.corp.local,0,0.0,0,0.0,False
ws-11418,0,0.0,0,0.0,False
WS-10136,0,0.0,0,0.0,False
VDR-10608.,0,0.0,0,0.0,False
LPT-12739,0,0.0,0,0.0,False
LPT_12607,0,0.0,0,0.0,False
WS-10649.corp.local,0,0.0,0,0.0,False
VDR-12130.corp.local,0,0.0,0,0.0,False
VDR-11455,1,100.0,2,0.88,True
VDR-10140.corp.local,0,0.0,0,0.0,False
LPT-11977,0,0.0,0,0.0,False
VDR-10282.corp.local,0,0.0,0,0.0,False
LPT-11103,0,0.0,0,0.0,False
LPT-11780.corp.local,0,0.0,0,0.0,False
LPT-10055.corp.local,0,0.0,0,0.0,False
VDR-10768,0,0.0,0,0.0,False
vdr-12435,0,0.0,0,0.0,False
WS-10996.corp.local,0,0.0,0,0.0,False
ws-12713,0,0.0,0,0.0,False
WS-10823,0,0.0,0,0.0,False
ws-12501,0,0.0,0,0.0,False
WS-11896,0,0.0,0,0.0,False
WS-11352.corp.local,0,0.0,0,0.0,False
LPT-10804,1,100.0,2,0.88,True
WS_10726,0,0.0,0,0.0,False
LPT-12402,0,0.0,0,0.0,False
VDR-10226,0,0.0,0,0.0,False
VDR-12336,0,0.0,0,0.0,False
VDR-11445,0,0.0,0,0.0,False
VDR-12020,0,0.0,0,0.0,False
VDR-12178.corp.local,0,0.0,0,0.0,False
VDR-10778,0,0.0,0,0.0,False
lpt-11124,0,0.0,0,0.0,False
WS-11533,0,0.0,0,0.0,False
LPT-12014,0,0.0,0,0.0,False
lpt-12263,0,0.0,0,0.0,False
LPT-12475.corp.local,0,0.0,0,0.0,False
WS_12041,0,0.0,0,0.0,False
vdr-10768,0,0.0,0,0.0,False
LPT-10653.corp.local,0,0.0,0,0.0,False
WS-11308,0,0.0,0,0.0,False
VDR_11787,0,0.0,0,0.0,False
LPT-10395,0,0.0,0,0.0,False
WS_10683,0,0.0,0,0.0,False
VDR-10279.corp.local,0,0.0,0,0.0,False
WS-11313,0,0.0,0,0.0,False
lpt-10782,0,0.0,0,0.0,False
lpt-12522,0,0.0,0,0.0,False
LPT-11788,0,0.0,0,0.0,False
WS-12234,1,100.0,2,0.88,True
lpt-12729,0,0.0,0,0.0,False
LPT-11219,0,0.0,0,0.0,False
VDR-10605.corp.local,0,0.0,0,0.0,False
VDR-11095,0,0.0,0,0.0,False
WS-10319,0,0.0,0,0.0,False
ws-12307,0,0.0,0,0.0,False
VDR_11507,0,0.0,0,0.0,False
VDR_10498,0,0.0,0,0.0,False
VDR-10233.corp.local,0,0.0,0,0.0,False
LPT-12569,0,0.0,0,0.0,False
WS_10156,0,0.0,0,0.0,False
WS-10344,0,0.0,0,0.0,False
vdr-10016,0,0.0,0,0.0,False
vdr-11402,0,0.0,0,0.0,False
VDR-12388,0,0.0,0,0.0,False
ws-11651,0,0.0,0,0.0,False
LPT-10842.,0,0.0,0,0.0,False
WS_12878,0,0.0,0,0.0,False
LPT_10130,0,0.0,0,0.0,False
vdr-12692,0,0.0,0,0.0,False
ws-11390,0,0.0,0,0.0,False
vdr-10528,0,0.0,0,0.0,False
WS_11243,0,0.0,0,0.0,False
VDR-11165,0,0.0,0,0.0,False
WS-11894.,0,0.0,0,0.0,False
LPT-12316,1,100.0,2,0.88,True
LPT-12903.corp.local,0,0.0,0,0.0,False
LPT-12645,0,0.0,0,0.0,False
ws-12751,0,0.0,0,0.0,False
WS-12062,0,0.0,0,0.0,False
VDR-12513.corp.local,0,0.0,0,0.0,False
WS_10998,0,0.0,0,0.0,False
lpt-11736,0,0.0,0,0.0,False
VDR-11001.corp.local,0,0.0,0,0.0,False
LPT-12714,0,0.0,0,0.0,False
WS-12728,0,0.0,0,0.0,False
VDR-12771,0,0.0,0,0.0,False
WS-10530.corp.local,0,0.0,0,0.0,False
LPT-12670,1,100.0,2,0.88,True
LPT-12522,1,90.0,3,0.77,True
LPT_11023,0,0.0,0,0.0,False
WS-11828.corp.local,0,0.0,0,0.0,False
ws-12084,0,0.0,0,0.0,False
VDR-10767.corp.local,0,0.0,0,0.0,False
lpt-12968,0,0.0,0,0.0,False
VDR-11439,0,0.0,0,0.0,False
WS-10699.corp.local,0,0.0,0,0.0,False
VDR-11021,0,0.0,0,0.0,False
WS-12999.corp.local,0,0.0,0,0.0,False
WS-10063,4,100.0,9,0.92,True
lpt-11914,0,0.0,0,0.0,False
ws-10870,0,0.0,0,0.0,False
WS-11924,0,0.0,0,0.0,False
WS-12422,1,75.0,2,0.73,True
LPT-10785,1,100.0,2,0.88,True
LPT_12730,0,0.0,0,0.0,False
VDR-11227.corp.local,0,0.0,0,0.0,False
WS-11198,0,0.0,0,0.0,False
lpt-11440,0,0.0,0,0.0,False
LPT-11472.corp.local,0,0.0,0,0.0,False
ws-10916,0,0.0,0,0.0,False
VDR_10768,0,0.0,0,0.0,False
lpt-12354,0,0.0,0,0.0,False
WS-11719.corp.local,0,0.0,0,0.0,False
VDR-10285,0,0.0,0,0.0,False
WS_12232,0,0.0,0,0.0,False
LPT-12960,2,75.0,4,0.73,True
VDR-10110.corp.local,0,0.0,0,0.0,False
VDR-10805.corp.local,0,0.0,0,0.0,False
LPT-12475,0,0.0,0,0.0,False
WS-12929,0,0.0,0,0.0,False
LPT_11869,0,0.0,0,0.0,False
ws-11867,0,0.0,0,0.0,False
VDR-10626,0,0.0,0,0.0,False
LPT-12767.corp.local,0,0.0,0,0.0,False
WS-10078,0,0.0,0,0.0,False
LPT-10881.corp.local,0,0.0,0,0.0,False
LPT_10777,0,0.0,0,0.0,False
ws-11553,0,0.0,0,0.0,False
LPT_12708,0,0.0,0,0.0,False
WS-11899,0,0.0,0,0.0,False
LPT-11282.corp.local,0,0.0,0,0.0,False
VDR-11167.corp.local,0,0.0,0,0.0,False
WS-10526,0,0.0,0,0.0,False
VDR_11832,0,0.0,0,0.0,False
WS-10706,0,0.0,0,0.0,False
LPT-12924,0,0.0,0,0.0,False
vdr-10533,0,0.0,0,0.0,False
ws-10505,0,0.0,0,0.0,False
VDR-10925,0,0.0,0,0.0,False
LPT-11202.,0,0.0,0,0.0,False
lpt-12864,0,0.0,0,0.0,False
lpt-10217,0,0.0,0,0.0,False
VDR-10093.,0,0.0,0,0.0,False
ws-12834,0,0.0,0,0.0,False
LPT-10431,0,0.0,0,0.0,False
ws-12938,0,0.0,0,0.0,False
lpt-11762,0,0.0,0,0.0,False
vdr-10689,0,0.0,0,0.0,False
WS_12695,0,0.0,0,0.0,False
ws-11223,0,0.0,0,0.0,False
lpt-12197,0,0.0,0,0.0,False
lpt-10545,0,0.0,0,0.0,False
LPT_12094,0,0.0,0,0.0,False
WS-11424,0,0.0,0,0.0,False
WS-10814,0,0.0,0,0.0,False
VDR_10857,0,0.0,0,0.0,False
VDR_12251,0,0.0,0,0.0,False
LPT-10054,0,0.0,0,0.0,False
LPT-10679,0,0.0,0,0.0,False
WS_10172,0,0.0,0,0.0,False
LPT-12829,0,0.0,0,0.0,False
WS-11320.corp.local,0,0.0,0,0.0,False
VDR-10278.corp.local,0,0.0,0,0.0,False
vdr-10109,0,0.0,0,0.0,False
LPT-11070.corp.local,0,0.0,0,0.0,False
WS_10442,0,0.0,0,0.0,False
WS-12189,0,0.0,0,0.0,False
WS-10913,0,0.0,0,0.0,False
LPT-11786.corp.local,0,0.0,0,0.0,False
ws-11690,0,0.0,0,0.0,False
LPT-11187,0,0.0,0,0.0,False
VDR-11404,0,0.0,0,0.0,False
vdr-11566,0,0.0,0,0.0,False
VDR-10474,0,0.0,0,0.0,False
ws-12984,0,0.0,0,0.0,False
WS-10190.corp.local,0,0.0,0,0.0,False
LPT_10987,0,0.0,0,0.0,False
WS-10918.corp.local,0,0.0,0,0.0,False
lpt-11129,0,0.0,0,0.0,False
WS_11517,0,0.0,0,0.0,False
vdr-11877,0,0.0,0,0.0,False
VDR-11479.corp.local,0,0.0,0,0.0,False
VDR-11650,0,0.0,0,0.0,False
LPT-12208,0,0.0,0,0.0,False
WS_10916,0,0.0,0,0.0,False
WS-12571,0,0.0,0,0.0,False
ws-11814,0,0.0,0,0.0,False
WS-10284.corp.local,0,0.0,0,0.0,False
lpt-10194,0,0.0,0,0.0,False
VDR-11778.corp.local,0,0.0,0,0.0,False
WS-10417.corp.local,0,0.0,0,0.0,False
ws-10764,0,0.0,0,0.0,False
LPT-11271.corp.local,0,0.0,0,0.0,False
VDR-11817.corp.local,0,0.0,0,0.0,False
WS-11923,0,0.0,0,0.0,False
vdr-10648,0,0.0,0,0.0,False
lpt-10122,0,0.0,0,0.0,False
LPT-12670.corp.local,0,0.0,0,0.0,False
LPT-11161.corp.local,0,0.0,0,0.0,False
LPT-12691,0,0.0,0,0.0,False
LPT-11311,0,0.0,0,0.0,False
LPT-11604,0,0.0,0,0.0,False
LPT-10651,1,100.0,2,0.88,True
LPT-10719,1,100.0,2,0.88,True
LPT-10909.corp.local,0,0.0,0,0.0,False
WS-10568.corp.local,0,0.0,0,0.0,False
VDR_10346,0,0.0,0,0.0,False
LPT-11705,0,0.0,0,0.0,False
VDR-12919,0,0.0,0,0.0,False
VDR-12483.corp.local,0,0.0,0,0.0,False
VDR-12453,1,100.0,2,0.88,True
VDR-12145.corp.local,0,0.0,0,0.0,False
lpt-10957,0,0.0,0,0.0,False
WS-10578,0,0.0,0,0.0,False
WS_12791,0,0.0,0,0.0,False
VDR-11557.corp.local,0,0.0,0,0.0,False
VDR-11647,0,0.0,0,0.0,False
VDR-10016,0,0.0,0,0.0,False
WS-10908.corp.local,0,0.0,0,0.0,False
VDR-10825,1,100.0,2,0.88,True
vdr-10914,0,0.0,0,0.0,False
VDR-10237.corp.local,0,0.0,0,0.0,False
VDR-11861,0,0.0,0,0.0,False
WS-12589.corp.local,0,0.0,0,0.0,False
LPT-12947.corp.local,0,0.0,0,0.0,False
VDR-11556,0,0.0,0,0.0,False
LPT_11902,0,0.0,0,0.0,False
LPT-11831,0,0.0,0,0.0,False
LPT-12229.corp.local,0,0.0,0,0.0,False
vdr-11962,0,0.0,0,0.0,False
VDR-10977,0,0.0,0,0.0,False
ws-10185,0,0.0,0,0.0,False
VDR-12154,0,0.0,0,0.0,False
vdr-12200,0,0.0,0,0.0,False
LPT-10418.corp.local,0,0.0,0,0.0,False
lpt-10804,0,0.0,0,0.0,False
VDR_10776,0,0.0,0,0.0,False
vdr-12177,0,0.0,0,0.0,False
LPT-12043,0,0.0,0,0.0,False
vdr-12137,0,0.0,0,0.0,False
ws-11657,0,0.0,0,0.0,False
LPT-10636,0,0.0,0,0.0,False
vdr-11576,0,0.0,0,0.0,False
LPT-12329.corp.local,0,0.0,0,0.0,False
LPT-12603.corp.local,0,0.0,0,0.0,False
WS_11896,0,0.0,0,0.0,False
ws-11545,0,0.0,0,0.0,False
lpt-10075,0,0.0,0,0.0,False
LPT_10289,0,0.0,0,0.0,False
VDR-12177,0,0.0,0,0.0,False
WS-11473,0,0.0,0,0.0,False
VDR-11377.corp.local,0,0.0,0,0.0,False
WS-12790,0,0.0,0,0.0,False
vdr-11709,0,0.0,0,0.0,False
LPT_10669,0,0.0,0,0.0,False
LPT-12429.corp.local,0,0.0,0,0.0,False
LPT_12635,0,0.0,0,0.0,False
LPT-12634,0,0.0,0,0.0,False
WS-12902,0,0.0,0,0.0,False
WS-11153.corp.local,0,0.0,0,0.0,False
WS_10149,0,0.0,0,0.0,False
VDR-10688.corp.local,0,0.0,0,0.0,False
WS-12343,0,0.0,0,0.0,False
WS-10824,1,75.0,2,0.73,True
VDR-12919.corp.local,0,0.0,0,0.0,False
LPT_10563,0,0.0,0,0.0,False
WS-12671,0,0.0,0,0.0,False
WS_11295,0,0.0,0,0.0,False
WS_12830,0,0.0,0,0.0,False
lpt-10221,0,0.0,0,0.0,False
ws-10586,0,0.0,0,0.0,False
LPT-11710,0,0.0,0,0.0,False
lpt-11107,0,0.0,0,0.0,False
WS-12037,1,100.0,2,0.88,True
WS-10809,0,0.0,0,0.0,False
ws-12898,0,0.0,0,0.0,False
VDR-11490,0,0.0,0,0.0,False
LPT-12640,0,0.0,0,0.0,False
ws-10369,0,0.0,0,0.0,False
VDR-12758.corp.local,0,0.0,0,0.0,False
LPT-12149.corp.local,0,0.0,0,0.0,False
VDR-10527,0,0.0,0,0.0,False
WS-11864,0,0.0,0,0.0,False
lpt-12056,0,0.0,0,0.0,False
LPT-12351,0,0.0,0,0.0,False
VDR-11634.corp.local,0,0.0,0,0.0,False
WS-10582,0,0.0,0,0.0,False
VDR-10631,0,0.0,0,0.0,False
LPT-12429,0,0.0,0,0.0,False
vdr-10761,0,0.0,0,0.0,False
ws-11777,0,0.0,0,0.0,False
vdr-10154,0,0.0,0,0.0,False
VDR-12519,1,100.0,2,0.88,True
WS-10150.corp.local,0,0.0,0,0.0,False
LPT-10289,3,75.0,6,0.73,True
LPT_11414,0,0.0,0,0.0,False
vdr-11378,0,0.0,0,0.0,False
WS_12081,0,0.0,0,0.0,False
WS_12449,0,0.0,0,0.0,False
vdr-10310,0,0.0,0,0.0,False
VDR-12184.corp.local,0,0.0,0,0.0,False
lpt-10751,0,0.0,0,0.0,False
WS_10045,0,0.0,0,0.0,False
LPT-12239.corp.local,0,0.0,0,0.0,False
WS-11218.corp.local,0,0.0,0,0.0,False
WS-11009.,0,0.0,0,0.0,False
ws-11543,0,0.0,0,0.0,False
WS-10774,0,0.0,0,0.0,False
LPT-10612,0,0.0,0,0.0,False
lpt-11886,0,0.0,0,0.0,False
lpt-10630,0,0.0,0,0.0,False
WS-11750.corp.local,0,0.0,0,0.0,False
LPT-12681,0,0.0,0,0.0,False
WS-11462,0,0.0,0,0.0,False
LPT-11176,0,0.0,0,0.0,False
lpt-10104,0,0.0,0,0.0,False
LPT-11134.corp.local,0,0.0,0,0.0,False
LPT-10141.corp.local,0,0.0,0,0.0,False
vdr-11632,0,0.0,0,0.0,False
WS_11260,0,0.0,0,0.0,False
WS-12599,1,100.0,2,0.88,True
WS-12368,1,100.0,3,0.92,True
ws-12872,0,0.0,0,0.0,False
LPT-10483,1,100.0,2,0.88,True
ws-11462,0,0.0,0,0.0,False
ws-11059,0,0.0,0,0.0,False
WS_10280,0,0.0,0,0.0,False
ws-11503,0,0.0,0,0.0,False
WS-12112.corp.local,0,0.0,0,0.0,False
lpt-12539,0,0.0,0,0.0,False
LPT-12721,0,0.0,0,0.0,False
LPT_12252,0,0.0,0,0.0,False
vdr-10899,0,0.0,0,0.0,False
vdr-12241,0,0.0,0,0.0,False
WS-12751,0,0.0,0,0.0,False
WS-12711,1,100.0,2,0.88,True
vdr-12129,0,0.0,0,0.0,False
VDR-11901.corp.local,0,0.0,0,0.0,False
WS-12711.corp.local,0,0.0,0,0.0,False
vdr-10020,0,0.0,0,0.0,False
lpt-12946,0,0.0,0,0.0,False
ws-11623,0,0.0,0,0.0,False
VDR-11420.corp.local,0,0.0,0,0.0,False
VDR-10024,1,100.0,2,0.88,True
VDR-11971,0,0.0,0,0.0,False
VDR-12090,0,0.0,0,0.0,False
lpt-12080,0,0.0,0,0.0,False
LPT-12240.corp.local,0,0.0,0,0.0,False
WS-11630,0,0.0,0,0.0,False
LPT_10671,0,0.0,0,0.0,False
LPT-11408,0,0.0,0,0.0,False
LPT-12583,0,0.0,0,0.0,False
WS-11168.corp.local,0,0.0,0,0.0,False
VDR-10869,0,0.0,0,0.0,False
WS-10085,1,75.0,2,0.73,True
LPT-10426.corp.local,0,0.0,0,0.0,False
VDR-11877,0,0.0,0,0.0,False
WS-11211,3,100.0,6,0.88,True
WS-11347,0,0.0,0,0.0,False
WS-11379,0,0.0,0,0.0,False
VDR-12178,1,100.0,2,0.88,True
LPT-11887.,0,0.0,0,0.0,False
ws-10351,0,0.0,0,0.0,False
LPT-12088,1,100.0,2,0.88,True
VDR-12647.corp.local,0,0.0,0,0.0,False
LPT_12800,0,0.0,0,0.0,False
LPT-12424.corp.local,0,0.0,0,0.0,False
vdr-11758,0,0.0,0,0.0,False
LPT-10852,0,0.0,0,0.0,False
lpt-11801,0,0.0,0,0.0,False
WS-12172.corp.local,0,0.0,0,0.0,False
VDR-10830.,0,0.0,0,0.0,False
LPT-12211,0,0.0,0,0.0,False
VDR-10033,0,0.0,0,0.0,False
VDR-12173,0,0.0,0,0.0,False
LPT_11114,0,0.0,0,0.0,False
LPT_12428,0,0.0,0,0.0,False
VDR-11779,0,0.0,0,0.0,False
VDR-11421,0,0.0,0,0.0,False
VDR_12479,0,0.0,0,0.0,False
WS-12101,0,0.0,0,0.0,False
LPT-11631.corp.local,0,0.0,0,0.0,False
lpt-10733,0,0.0,0,0.0,False
ws-10493,0,0.0,0,0.0,False
LPT-12768,0,0.0,0,0.0,False
WS-11430,0,0.0,0,0.0,False
WS-10984.corp.local,0,0.0,0,0.0,False
WS_11456,0,0.0,0,0.0,False
WS-10997,0,0.0,0,0.0,False
lpt-11721,0,0.0,0,0.0,False
VDR-11165.corp.local,0,0.0,0,0.0,False
VDR_12525,0,0.0,0,0.0,False
VDR-10269,0,0.0,0,0.0,False
WS_10355,0,0.0,0,0.0,False
LPT-12755.,0,0.0,0,0.0,False
WS-10794.corp.local,0,0.0,0,0.0,False
WS_12751,0,0.0,0,0.0,False
VDR-10907.,0,0.0,0,0.0,False
VDR_10885,0,0.0,0,0.0,False
VDR_10796,0,0.0,0,0.0,False
WS-11766,1,100.0,2,0.88,True
VDR-12152.corp.local,0,0.0,0,0.0,False
LPT-12761.corp.local,0,0.0,0,0.0,False
VDR-10588,0,0.0,0,0.0,False
LPT-12470,0,0.0,0,0.0,False
VDR-11405.corp.local,0,0.0,0,0.0,False
VDR_11328,0,0.0,0,0.0,False
VDR-10640.corp.local,0,0.0,0,0.0,False
LPT-10939.corp.local,0,0.0,0,0.0,False
LPT-12965,1,100.0,2,0.88,True
WS-11895.corp.local,0,0.0,0,0.0,False
LPT-10567.corp.local,0,0.0,0,0.0,False
VDR-12458.corp.local,0,0.0,0,0.0,False
vdr-10644,0,0.0,0,0.0,False
vdr-11071,0,0.0,0,0.0,False
vdr-10427,0,0.0,0,0.0,False
LPT-11209.,0,0.0,0,0.0,False
VDR-10455,0,0.0,0,0.0,False
WS-11153,0,0.0,0,0.0,False
VDR_10285,0,0.0,0,0.0,False
WS-10266.corp.local,0,0.0,0,0.0,False
WS-12548,0,0.0,0,0.0,False
WS-10252,0,0.0,0,0.0,False
WS_11193,0,0.0,0,0.0,False
VDR-10282,0,0.0,0,0.0,False
LPT-12000,1,100.0,2,0.88,True
lpt-10414,0,0.0,0,0.0,False
LPT-12652,1,100.0,2,0.88,True
ws-10945,0,0.0,0,0.0,False
LPT-11735,0,0.0,0,0.0,False
WS_12092,0,0.0,0,0.0,False
VDR-11560,0,0.0,0,0.0,False
LPT_10066,0,0.0,0,0.0,False
lpt-11105,0,0.0,0,0.0,False
LPT-10490,0,0.0,0,0.0,False
lpt-11840,0,0.0,0,0.0,False
vdr-10033,0,0.0,0,0.0,False
ws-12356,0,0.0,0,0.0,False
WS-11621,0,0.0,0,0.0,False
vdr-11449,1,75.0,2,0.73,True
vdr-12861,0,0.0,0,0.0,False
lpt-11281,0,0.0,0,0.0,False
LPT_12078,0,0.0,0,0.0,False
VDR-11628,0,0.0,0,0.0,False
WS-10214.corp.local,0,0.0,0,0.0,False
vdr-10330,0,0.0,0,0.0,False
ws-10704,0,0.0,0,0.0,False
WS-10043.corp.local,0,0.0,0,0.0,False
LPT_11998,0,0.0,0,0.0,False
WS-10225.corp.local,0,0.0,0,0.0,False
LPT-12539.corp.local,0,0.0,0,0.0,False
vdr-10167,0,0.0,0,0.0,False
VDR-12707,0,0.0,0,0.0,False
VDR-10558,0,0.0,0,0.0,False
lpt-12813,0,0.0,0,0.0,False
VDR-12430,0,0.0,0,0.0,False
ws-11739,0,0.0,0,0.0,False
LPT-12382.corp.local,0,0.0,0,0.0,False
ws-12576,0,0.0,0,0.0,False
WS_11699,0,0.0,0,0.0,False
ws-10928,0,0.0,0,0.0,False
vdr-12153,0,0.0,0,0.0,False
VDR-10012,1,100.0,2,0.88,True
VDR-12882,0,0.0,0,0.0,False
LPT-10378,0,0.0,0,0.0,False
LPT-10227,0,0.0,0,0.0,False
VDR_12665,0,0.0,0,0.0,False
WS-11856,0,0.0,0,0.0,False
lpt-12616,0,0.0,0,0.0,False
WS-10896,0,0.0,0,0.0,False
WS-12895,5,100.0,10,0.88,True
LPT-12783.,0,0.0,0,0.0,False
VDR-10354.corp.local,0,0.0,0,0.0,False
VDR-11603,0,0.0,0,0.0,False
WS-10419,0,0.0,0,0.0,False
ws-11000,0,0.0,0,0.0,False
WS-10916.corp.local,0,0.0,0,0.0,False
LPT-11783,0,0.0,0,0.0,False
lpt-11904,0,0.0,0,0.0,False
vdr-11386,0,0.0,0,0.0,False
vdr-11794,0,0.0,0,0.0,False
VDR-11388.,0,0.0,0,0.0,False
LPT-12718,0,0.0,0,0.0,False
vdr-10153,0,0.0,0,0.0,False
ws-10117,0,0.0,0,0.0,False
LPT_12182,0,0.0,0,0.0,False
LPT-12603,7,100.0,14,0.88,True
VDR-10278,1,75.0,2,0.73,True
VDR-12738,3,75.0,6,0.73,True
LPT-11040.,0,0.0,0,0.0,False
VDR-10830,1,75.0,2,0.73,True
ws-12511,0,0.0,0,0.0,False
LPT_10580,0,0.0,0,0.0,False
WS-10998,0,0.0,0,0.0,False
WS-11444,1,75.0,2,0.73,True
LPT_11837,0,0.0,0,0.0,False
VDR-12357,0,0.0,0,0.0,False
ws-12393,0,0.0,0,0.0,False
LPT_12315,0,0.0,0,0.0,False
VDR_12610,0,0.0,0,0.0,False
WS_12596,0,0.0,0,0.0,False
LPT-10262,0,0.0,0,0.0,False
WS-11365.corp.local,0,0.0,0,0.0,False
ws-10445,0,0.0,0,0.0,False
lpt-12530,0,0.0,0,0.0,False
LPT-12508,0,0.0,0,0.0,False
LPT_12008,0,0.0,0,0.0,False
VDR-12814.corp.local,0,0.0,0,0.0,False
lpt-12169,0,0.0,0,0.0,False
LPT-11993,0,0.0,0,0.0,False
WS_10476,0,0.0,0,0.0,False
WS_11422,0,0.0,0,0.0,False
vdr-10071,0,0.0,0,0.0,False
WS-12442.corp.local,0,0.0,0,0.0,False
LPT_10286,0,0.0,0,0.0,False
WS-11879.corp.local,0,0.0,0,0.0,False
LPT-12943,1,100.0,2,0.88,True
WS-10971,1,100.0,2,0.88,True
lpt-11158,0,0.0,0,0.0,False
LPT-12314.,0,0.0,0,0.0,False
VDR-10701,0,0.0,0,0.0,False
LPT_12169,0,0.0,0,0.0,False
lpt-10186,0,0.0,0,0.0,False
LPT-10755.corp.local,0,0.0,0,0.0,False
LPT-11960.,0,0.0,0,0.0,False
WS_12288,0,0.0,0,0.0,False
VDR-12019,0,0.0,0,0.0,False
vdr-11922,0,0.0,0,0.0,False
vdr-10558,0,0.0,0,0.0,False
WS-10681,0,0.0,0,0.0,False
lpt-11017,0,0.0,0,0.0,False
LPT-12597,0,0.0,0,0.0,False
VDR-11848.corp.local,0,0.0,0,0.0,False
WS-11795,0,0.0,0,0.0,False
ws-10964,0,0.0,0,0.0,False
LPT-10567,0,0.0,0,0.0,False
WS-10305,1,75.0,2,0.73,True
VDR-10790,0,0.0,0,0.0,False
VDR-12455,0,0.0,0,0.0,False
VDR_10523,0,0.0,0,0.0,False
vdr-11099,0,0.0,0,0.0,False
VDR-10648.corp.local,0,0.0,0,0.0,False
lpt-11294,0,0.0,0,0.0,False
WS-12923.corp.local,0,0.0,0,0.0,False
VDR-11579,0,0.0,0,0.0,False
LPT-12223.corp.local,0,0.0,0,0.0,False
VDR-11083,1,75.0,2,0.73,True
WS-11424.corp.local,0,0.0,0,0.0,False
ws-11497,0,0.0,0,0.0,False
VDR-10559,0,0.0,0,0.0,False
LPT-11692,0,0.0,0,0.0,False
VDR-10061,0,0.0,0,0.0,False
WS-11223.corp.local,0,0.0,0,0.0,False
WS-12695,0,0.0,0,0.0,False
LPT-11880,0,0.0,0,0.0,False
LPT-11740,0,0.0,0,0.0,False
VDR-11166,1,100.0,2,0.88,True
WS-10281,1,100.0,2,0.88,True
WS-10412.corp.local,0,0.0,0,0.0,False
WS-12449.,0,0.0,0,0.0,False
VDR_11419,0,0.0,0,0.0,False
ws-12401,0,0.0,0,0.0,False
LPT_10851,0,0.0,0,0.0,False
VDR-12897,0,0.0,0,0.0,False
WS_12112,0,0.0,0,0.0,False
VDR-10555.corp.local,0,0.0,0,0.0,False
lpt-12372,0,0.0,0,0.0,False
VDR_11302,0,0.0,0,0.0,False
VDR-12096,0,0.0,0,0.0,False
VDR-10924,0,0.0,0,0.0,False
LPT-11745.corp.local,0,0.0,0,0.0,False
LPT_11862,0,0.0,0,0.0,False
WS-12385.corp.local,0,0.0,0,0.0,False
VDR-10353,1,75.0,2,0.73,True
WS_11651,0,0.0,0,0.0,False
VDR_11758,0,0.0,0,0.0,False
LPT-11175,0,0.0,0,0.0,False
VDR-11251.corp.local,0,0.0,0,0.0,False
lpt-11204,0,0.0,0,0.0,False
LPT-12612.corp.local,0,0.0,0,0.0,False
LPT_10909,0,0.0,0,0.0,False
LPT-10728,0,0.0,0,0.0,False
LPT-11129.,0,0.0,0,0.0,False
VDR-12412.corp.local,0,0.0,0,0.0,False
VDR_11136,0,0.0,0,0.0,False
LPT-10931.corp.local,0,0.0,0,0.0,False
VDR-10473,0,0.0,0,0.0,False
VDR_12784,0,0.0,0,0.0,False
LPT-12584.corp.local,0,0.0,0,0.0,False
WS_11286,0,0.0,0,0.0,False
VDR-11206.,0,0.0,0,0.0,False
LPT-12659,0,0.0,0,0.0,False
VDR-12163.corp.local,0,0.0,0,0.0,False
LPT_12016,0,0.0,0,0.0,False
LPT-12476,0,0.0,0,0.0,False
WS_10681,0,0.0,0,0.0,False
VDR-12734.corp.local,0,0.0,0,0.0,False
vdr-10847,0,0.0,0,0.0,False
WS_11461,0,0.0,0,0.0,False
WS-11098.,0,0.0,0,0.0,False
ws-10729,0,0.0,0,0.0,False
vdr-12091,0,0.0,0,0.0,False
LPT-12681.corp.local,0,0.0,0,0.0,False
VDR-12557.corp.local,0,0.0,0,0.0,False
ws-12862,0,0.0,0,0.0,False
VDR-12151,0,0.0,0,0.0,False
VDR_12593,0,0.0,0,0.0,False
lpt-10420,0,0.0,0,0.0,False
VDR-10462.corp.local,0,0.0,0,0.0,False
WS_10978,0,0.0,0,0.0,False
WS-11336.corp.local,0,0.0,0,0.0,False
LPT-11646,0,0.0,0,0.0,False
WS_11733,0,0.0,0,0.0,False
LPT_12107,0,0.0,0,0.0,False
LPT-12060.corp.local,0,0.0,0,0.0,False
LPT_10401,0,0.0,0,0.0,False
LPT_10080,0,0.0,0,0.0,False
LPT-12300.corp.local,0,0.0,0,0.0,False
VDR-12527,0,0.0,0,0.0,False
LPT-10177.corp.local,0,0.0,0,0.0,False
vdr-11883,0,0.0,0,0.0,False
VDR-11363.,0,0.0,0,0.0,False
LPT_12534,0,0.0,0,0.0,False
VDR-10656,0,0.0,0,0.0,False
LPT-11840.corp.local,0,0.0,0,0.0,False
LPT-11498,0,0.0,0,0.0,False
VDR-10458,0,0.0,0,0.0,False
lpt-12854,0,0.0,0,0.0,False
ws-10265,0,0.0,0,0.0,False
LPT-10676,0,0.0,0,0.0,False
VDR-10757.,0,0.0,0,0.0,False
LPT-11440.corp.local,0,0.0,0,0.0,False
lpt-10065,0,0.0,0,0.0,False
LPT-12769.corp.local,0,0.0,0,0.0,False
ws-10926,0,0.0,0,0.0,False
lpt-10447,0,0.0,0,0.0,False
WS-10696,1,100.0,2,0.88,True
lpt-10001,0,0.0,0,0.0,False
VDR-11588,0,0.0,0,0.0,False
WS-11496.,0,0.0,0,0.0,False
LPT_11626,0,0.0,0,0.0,False
VDR_11629,0,0.0,0,0.0,False
LPT_11789,0,0.0,0,0.0,False
VDR_10071,0,0.0,0,0.0,False
LPT_10496,0,0.0,0,0.0,False
WS-10828.corp.local,0,0.0,0,0.0,False
VDR-10885,0,0.0,0,0.0,False
VDR-10222,0,0.0,0,0.0,False
LPT-11825.,0,0.0,0,0.0,False
vdr-10759,0,0.0,0,0.0,False
VDR-10879.corp.local,0,0.0,0,0.0,False
lpt-10410,0,0.0,0,0.0,False
lpt-12475,0,0.0,0,0.0,False
LPT-12639.,0,0.0,0,0.0,False
VDR-11099,0,0.0,0,0.0,False
WS_11020,0,0.0,0,0.0,False
LPT-11173,0,0.0,0,0.0,False
WS_10513,0,0.0,0,0.0,False
LPT-12597.,0,0.0,0,0.0,False
WS-11563,1,100.0,2,0.88,True
WS-11936,0,0.0,0,0.0,False
LPT-12566,0,0.0,0,0.0,False
vdr-11991,0,0.0,0,0.0,False
LPT-11097,1,100.0,2,0.88,True
VDR-11264.corp.local,0,0.0,0,0.0,False
LPT_11250,0,0.0,0,0.0,False
WS_11106,0,0.0,0,0.0,False
WS_12264,0,0.0,0,0.0,False
lpt-12792,0,0.0,0,0.0,False
vdr-10118,0,0.0,0,0.0,False
WS_12711,0,0.0,0,0.0,False
vdr-10808,0,0.0,0,0.0,False
LPT-12339,0,0.0,0,0.0,False
LPT-10183,0,0.0,0,0.0,False
ws-12849,0,0.0,0,0.0,False
LPT-11303,0,0.0,0,0.0,False
VDR-12820.corp.local,0,0.0,0,0.0,False
WS_10874,0,0.0,0,0.0,False
ws-11791,0,0.0,0,0.0,False
vdr-11599,0,0.0,0,0.0,False
vdr-10723,0,0.0,0,0.0,False
LPT_12289,0,0.0,0,0.0,False
VDR-12210,0,0.0,0,0.0,False
LPT-12702,1,100.0,2,0.88,True
WS-10574,0,0.0,0,0.0,False
ws-12165,0,0.0,0,0.0,False
WS-11073,7,100.0,15,0.92,True
WS-11633,0,0.0,0,0.0,False
VDR-11599.corp.local,0,0.0,0,0.0,False
WS-12898.corp.local,0,0.0,0,0.0,False
vdr-11639,0,0.0,0,0.0,False
WS-10934,0,0.0,0,0.0,False
VDR-12057.corp.local,0,0.0,0,0.0,False
ws-12808,0,0.0,0,0.0,False
WS-11985.corp.local,0,0.0,0,0.0,False
VDR-10754,1,100.0,2,0.88,True
WS-10324.corp.local,0,0.0,0,0.0,False
VDR_11757,0,0.0,0,0.0,False
VDR-12076,0,0.0,0,0.0,False
ws-10635,0,0.0,0,0.0,False
vdr-11292,0,0.0,0,0.0,False
LPT-11115,0,0.0,0,0.0,False
vdr-11003,0,0.0,0,0.0,False
VDR-10118.corp.local,0,0.0,0,0.0,False
LPT_11554,0,0.0,0,0.0,False
VDR_10222,0,0.0,0,0.0,False
WS-12845,0,0.0,0,0.0,False
WS_10643,0,0.0,0,0.0,False
LPT_10858,0,0.0,0,0.0,False
ws-10202,0,0.0,0,0.0,False
LPT-11904,0,0.0,0,0.0,False
VDR-11729,0,0.0,0,0.0,False
ws-10284,0,0.0,0,0.0,False
VDR-12625,0,0.0,0,0.0,False
vdr-11007,0,0.0,0,0.0,False
lpt-12292,0,0.0,0,0.0,False
lpt-11011,0,0.0,0,0.0,False
WS-10088.corp.local,0,0.0,0,0.0,False
VDR-10495.corp.local,0,0.0,0,0.0,False
ws-10770,0,0.0,0,0.0,False
lpt-11668,0,0.0,0,0.0,False
WS-10156.corp.local,0,0.0,0,0.0,False
VDR-11306,0,0.0,0,0.0,False
VDR_12020,0,0.0,0,0.0,False
vdr-10421,0,0.0,0,0.0,False
lpt-11050,0,0.0,0,0.0,False
LPT-10782.corp.local,0,0.0,0,0.0,False
VDR-12423.corp.local,0,0.0,0,0.0,False
WS-12614.corp.local,0,0.0,0,0.0,False
VDR-10438,1,75.0,2,0.73,True
vdr-10626,0,0.0,0,0.0,False
ws-11347,0,0.0,0,0.0,False
LPT-12508.corp.local,0,0.0,0,0.0,False
VDR-10396,0,0.0,0,0.0,False
VDR-10561.corp.local,0,0.0,0,0.0,False
VDR-11727,0,0.0,0,0.0,False
WS_11987,0,0.0,0,0.0,False
vdr-10193,0,0.0,0,0.0,False
WS-12537,1,100.0,2,0.88,True
lpt-10909,0,0.0,0,0.0,False
LPT-10565,0,0.0,0,0.0,False
VDR-10350,0,0.0,0,0.0,False
WS_12592,0,0.0,0,0.0,False
ws-12350,0,0.0,0,0.0,False
ws-12941,0,0.0,0,0.0,False
LPT-11170,0,0.0,0,0.0,False
WS_12827,0,0.0,0,0.0,False
WS-12472,0,0.0,0,0.0,False
LPT-12907,1,100.0,2,0.88,True
LPT-11138,1,75.0,2,0.73,True
WS-12716,1,75.0,2,0.73,True
VDR-10833.corp.local,0,0.0,0,0.0,False
LPT_10028,0,0.0,0,0.0,False
WS-12988,1,100.0,2,0.88,True
WS_11059,0,0.0,0,0.0,False
VDR_12489,0,0.0,0,0.0,False
VDR-12113,6,100.0,12,0.88,True
LPT-10789.corp.local,0,0.0,0,0.0,False
vdr-11610,0,0.0,0,0.0,False
vdr-11966,0,0.0,0,0.0,False
vdr-12696,0,0.0,0,0.0,False
LPT-10275,0,0.0,0,0.0,False
WS-12915,0,0.0,0,0.0,False
WS-10408.,0,0.0,0,0.0,False
LPT-12068.corp.local,0,0.0,0,0.0,False
VDR_11560,0,0.0,0,0.0,False
WS-11623,0,0.0,0,0.0,False
ws-10376,0,0.0,0,0.0,False
LPT_11226,0,0.0,0,0.0,False
VDR-11377,0,0.0,0,0.0,False
VDR_11947,0,0.0,0,0.0,False
ws-11711,0,0.0,0,0.0,False
LPT_12735,0,0.0,0,0.0,False
WS-11397.corp.local,0,0.0,0,0.0,False
LPT-10217,0,0.0,0,0.0,False
VDR-10599,0,0.0,0,0.0,False
LPT-10006,0,0.0,0,0.0,False
LPT_12380,0,0.0,0,0.0,False
ws-10695,0,0.0,0,0.0,False
LPT_12202,0,0.0,0,0.0,False
LPT-12569.corp.local,0,0.0,0,0.0,False
LPT-12015,0,0.0,0,0.0,False
VDR-12373,0,0.0,0,0.0,False
WS-11624.corp.local,0,0.0,0,0.0,False
LPT_12114,0,0.0,0,0.0,False
LPT-10001,0,0.0,0,0.0,False
VDR-12279,0,0.0,0,0.0,False
VDR-11375.corp.local,0,0.0,0,0.0,False
WS-11879,0,0.0,0,0.0,False
lpt-11597,0,0.0,0,0.0,False
ws-10831,0,0.0,0,0.0,False
vdr-11622,0,0.0,0,0.0,False
vdr-10402,0,0.0,0,0.0,False
ws-12679,0,0.0,0,0.0,False
vdr-12090,0,0.0,0,0.0,False
LPT-12147,0,0.0,0,0.0,False
VDR-10167.corp.local,0,0.0,0,0.0,False
vdr-10801,0,0.0,0,0.0,False
WS-12162,0,0.0,0,0.0,False
WS-11899.corp.local,0,0.0,0,0.0,False
LPT-11950,0,0.0,0,0.0,False
WS_10896,0,0.0,0,0.0,False
LPT-11109,0,0.0,0,0.0,False
lpt-10106,0,0.0,0,0.0,False
LPT-12285,0,0.0,0,0.0,False
WS_12908,0,0.0,0,0.0,False
lpt-12467,0,0.0,0,0.0,False
vdr-11255,0,0.0,0,0.0,False
WS-11075,0,0.0,0,0.0,False
LPT-12708.corp.local,0,0.0,0,0.0,False
VDR-12034,0,0.0,0,0.0,False
vdr-10684,0,0.0,0,0.0,False
WS-11284,0,0.0,0,0.0,False
VDR-10260,0,0.0,0,0.0,False
LPT-12628.,0,0.0,0,0.0,False
VDR-11205,1,75.0,2,0.73,True
WS-10509,0,0.0,0,0.0,False
WS-11761.corp.local,0,0.0,0,0.0,False
LPT-11324,0,0.0,0,0.0,False
WS_11835,0,0.0,0,0.0,False
LPT_11683,0,0.0,0,0.0,False
ws-10430,0,0.0,0,0.0,False
WS-10471.corp.local,0,0.0,0,0.0,False
lpt-10130,0,0.0,0,0.0,False
VDR_11660,0,0.0,0,0.0,False
VDR-11874,0,0.0,0,0.0,False
LPT_12026,0,0.0,0,0.0,False
WS-12434,0,0.0,0,0.0,False
VDR_11889,0,0.0,0,0.0,False
LPT-12502,0,0.0,0,0.0,False
WS-10113,0,0.0,0,0.0,False
VDR-12567,6,100.0,12,0.88,True
WS-11641,0,0.0,0,0.0,False
WS-12456,0,0.0,0,0.0,False
VDR-11966.corp.local,0,0.0,0,0.0,False
LPT-12380,0,0.0,0,0.0,False
VDR-12073.corp.local,0,0.0,0,0.0,False
WS_12745,0,0.0,0,0.0,False
LPT-12414.corp.local,0,0.0,0,0.0,False
WS-10911,2,100.0,5,0.92,True
VDR-11815.corp.local,0,0.0,0,0.0,False
VDR_12019,0,0.0,0,0.0,False
vdr-12238,0,0.0,0,0.0,False
WS_12120,0,0.0,0,0.0,False
VDR_11375,0,0.0,0,0.0,False
VDR-10977.corp.local,0,0.0,0,0.0,False
lpt-11174,0,0.0,0,0.0,False
WS-11415,0,0.0,0,0.0,False
LPT-12888,0,0.0,0,0.0,False
vdr-11592,0,0.0,0,0.0,False
LPT-10709,0,0.0,0,0.0,False
LPT_11101,0,0.0,0,0.0,False
lpt-12505,0,0.0,0,0.0,False
LPT_12574,0,0.0,0,0.0,False
WS-11410.corp.local,0,0.0,0,0.0,False
ws-10074,0,0.0,0,0.0,False
LPT-11784,0,0.0,0,0.0,False
WS-12188,0,0.0,0,0.0,False
VDR-11652,0,0.0,0,0.0,False
WS_11111,0,0.0,0,0.0,False
WS_12217,0,0.0,0,0.0,False
VDR-12526.,0,0.0,0,0.0,False
vdr-10757,0,0.0,0,0.0,False
VDR-11297.,0,0.0,0,0.0,False
vdr-11240,0,0.0,0,0.0,False
WS-10367,1,75.0,2,0.73,True
LPT-10204.corp.local,0,0.0,0,0.0,False
lpt-11937,0,0.0,0,0.0,False
LPT_12099,0,0.0,0,0.0,False
VDR_11525,0,0.0,0,0.0,False
WS-10063.corp.local,0,0.0,0,0.0,False
LPT-11204,0,0.0,0,0.0,False
VDR-10843.corp.local,0,0.0,0,0.0,False
ws-10971,0,0.0,0,0.0,False
LPT_11572,0,0.0,0,0.0,False
vdr-12123,0,0.0,0,0.0,False
ws-10000,0,0.0,0,0.0,False
vdr-11916,0,0.0,0,0.0,False
LPT-10144.corp.local,0,0.0,0,0.0,False
LPT_11983,0,0.0,0,0.0,False
ws-10078,0,0.0,0,0.0,False
WS-10324,0,0.0,0,0.0,False
WS_11067,0,0.0,0,0.0,False
lpt-10583,0,0.0,0,0.0,False
VDR-10158,0,0.0,0,0.0,False
VDR-12758,0,0.0,0,0.0,False
WS-12511,0,0.0,0,0.0,False
ws-11733,0,0.0,0,0.0,False
vdr-10917,0,0.0,0,0.0,False
vdr-11652,0,0.0,0,0.0,False
LPT-12201,0,0.0,0,0.0,False
VDR-12272,0,0.0,0,0.0,False
vdr-12187,0,0.0,0,0.0,False
ws-12290,0,0.0,0,0.0,False
WS-10727.corp.local,0,0.0,0,0.0,False
VDR-10246,0,0.0,0,0.0,False
lpt-11678,0,0.0,0,0.0,False
LPT_12043,0,0.0,0,0.0,False
LPT-11054.corp.local,0,0.0,0,0.0,False
lpt-11140,0,0.0,0,0.0,False
LPT-11870.corp.local,0,0.0,0,0.0,False
VDR_12919,0,0.0,0,0.0,False
LPT-10854.corp.local,0,0.0,0,0.0,False
LPT-11869,1,100.0,2,0.88,True
WS-10261,0,0.0,0,0.0,False
VDR_11394,0,0.0,0,0.0,False
lpt-12265,0,0.0,0,0.0,False
WS-10933,0,0.0,0,0.0,False
vdr-12168,0,0.0,0,0.0,False
VDR-11008,0,0.0,0,0.0,False
LPT-12457,0,0.0,0,0.0,False
LPT_10306,0,0.0,0,0.0,False
LPT-10374,1,100.0,2,0.88,True
WS_12889,0,0.0,0,0.0,False
LPT-11483.,0,0.0,0,0.0,False
vdr-12269,0,0.0,0,0.0,False
VDR-10879,0,0.0,0,0.0,False
LPT-12675.corp.local,0,0.0,0,0.0,False
LPT-11258.corp.local,0,0.0,0,0.0,False
VDR_11958,0,0.0,0,0.0,False
lpt-10212,0,0.0,0,0.0,False
VDR-11237.corp.local,0,0.0,0,0.0,False
LPT-11732,0,0.0,0,0.0,False
WS_12717,0,0.0,0,0.0,False
LPT-12060,0,0.0,0,0.0,False
LPT-11680,0,0.0,0,0.0,False
VDR-11411,3,100.0,8,0.92,True
LPT_12645,0,0.0,0,0.0,False
ws-12396,0,0.0,0,0.0,False
lpt-10011,0,0.0,0,0.0,False
ws-10172,0,0.0,0,0.0,False
VDR-10648,1,100.0,2,0.88,True
vdr-10322,0,0.0,0,0.0,False
VDR-11982,0,0.0,0,0.0,False
WS-12984,0,0.0,0,0.0,False
VDR-12836.corp.local,0,0.0,0,0.0,False
LPT-11661.corp.local,0,0.0,0,0.0,False
vdr-11951,0,0.0,0,0.0,False
ws-11612,0,0.0,0,0.0,False
lpt-10705,0,0.0,0,0.0,False
WS_10945,0,0.0,0,0.0,False
WS_12848,0,0.0,0,0.0,False
WS-12125.corp.local,0,0.0,0,0.0,False
LPT-11626.,0,0.0,0,0.0,False
LPT-10955,0,0.0,0,0.0,False
VDR-10793,0,0.0,0,0.0,False
ws-11851,0,0.0,0,0.0,False
WS_10325,0,0.0,0,0.0,False
LPT-12759,0,0.0,0,0.0,False
vdr-10230,0,0.0,0,0.0,False
VDR-12493,0,0.0,0,0.0,False
WS-12698,2,100.0,4,0.88,True
VDR-10147.corp.local,0,0.0,0,0.0,False
VDR-11046,0,0.0,0,0.0,False
LPT-10205.corp.local,0,0.0,0,0.0,False
WS-10338.corp.local,0,0.0,0,0.0,False
VDR-10808,0,0.0,0,0.0,False
VDR-11605,1,75.0,2,0.73,True
LPT_10398,0,0.0,0,0.0,False
VDR-10033.corp.local,0,0.0,0,0.0,False
WS-11098.corp.local,0,0.0,0,0.0,False
WS-11829,0,0.0,0,0.0,False
ws-10368,0,0.0,0,0.0,False
LPT-12481.corp.local,0,0.0,0,0.0,False
lpt-11226,0,0.0,0,0.0,False
ws-11053,0,0.0,0,0.0,False
WS_11296,0,0.0,0,0.0,False
WS-11364,0,0.0,0,0.0,False
LPT_11691,0,0.0,0,0.0,False
LPT-10030,1,75.0,2,0.73,True
VDR-10624,0,0.0,0,0.0,False
VDR-10778.corp.local,0,0.0,0,0.0,False
WS-11985,0,0.0,0,0.0,False
ws-10918,0,0.0,0,0.0,False
VDR-10218,0,0.0,0,0.0,False
LPT_11906,0,0.0,0,0.0,False
LPT_12522,0,0.0,0,0.0,False
ws-12977,0,0.0,0,0.0,False
ws-11836,0,0.0,0,0.0,False
WS-12642.corp.local,0,0.0,0,0.0,False
LPT-10133,0,0.0,0,0.0,False
WS_10893,0,0.0,0,0.0,False
vdr-12591,0,0.0,0,0.0,False
ws-11630,0,0.0,0,0.0,False
WS-10938,0,0.0,0,0.0,False
WS-11730,0,0.0,0,0.0,False
VDR-10550,0,0.0,0,0.0,False
WS-11154.corp.local,0,0.0,0,0.0,False
vdr-12198,0,0.0,0,0.0,False
vdr-12958,0,0.0,0,0.0,False
lpt-11423,0,0.0,0,0.0,False
LPT-10125.corp.local,0,0.0,0,0.0,False
WS-12385,0,0.0,0,0.0,False
VDR-12025,1,100.0,2,0.88,True
WS_11415,0,0.0,0,0.0,False
WS-10082,0,0.0,0,0.0,False
LPT-11890,0,0.0,0,0.0,False
WS-10579.corp.local,0,0.0,0,0.0,False
WS-12756,0,0.0,0,0.0,False
WS-10102,0,0.0,0,0.0,False
LPT-11480,0,0.0,0,0.0,False
VDR_12740,0,0.0,0,0.0,False
WS_11196,0,0.0,0,0.0,False
VDR-11003,0,0.0,0,0.0,False
lpt-12416,0,0.0,0,0.0,False
VDR-12777.corp.local,0,0.0,0,0.0,False
VDR-10498,0,0.0,0,0.0,False
WS-12812,0,0.0,0,0.0,False
WS-10393,2,75.0,4,0.73,True
vdr-11066,0,0.0,0,0.0,False
lpt-11025,0,0.0,0,0.0,False
VDR-10796.corp.local,0,0.0,0,0.0,False
LPT-11908,0,0.0,0,0.0,False
ws-10324,0,0.0,0,0.0,False
vdr-12310,0,0.0,0,0.0,False
LPT_11060,0,0.0,0,0.0,False
lpt-10200,0,0.0,0,0.0,False
LPT-10976.corp.local,0,0.0,0,0.0,False
VDR-12141.,0,0.0,0,0.0,False
ws-10292,0,0.0,0,0.0,False
VDR_10879,0,0.0,0,0.0,False
VDR-10444,0,0.0,0,0.0,False
ws-12623,0,0.0,0,0.0,False
WS-12742,0,0.0,0,0.0,False
WS-11677.corp.local,0,0.0,0,0.0,False
LPT-11319.corp.local,0,0.0,0,0.0,False
WS-12344,0,0.0,0,0.0,False
LPT_10337,0,0.0,0,0.0,False
LPT-12609.corp.local,0,0.0,0,0.0,False
WS-10958,0,0.0,0,0.0,False
LPT-10709.corp.local,0,0.0,0,0.0,False
vdr-10161,0,0.0,0,0.0,False
ws-12830,0,0.0,0,0.0,False
WS-12371,0,0.0,0,0.0,False
WS-11782.corp.local,0,0.0,0,0.0,False
VDR-12441,0,0.0,0,0.0,False
VDR-10233,0,0.0,0,0.0,False
vdr-11963,0,0.0,0,0.0,False
VDR-11421.corp.local,0,0.0,0,0.0,False
VDR-11166.corp.local,0,0.0,0,0.0,False
WS-12447,0,0.0,0,0.0,False
LPT-10636.corp.local,0,0.0,0,0.0,False
lpt-12672,0,0.0,0,0.0,False
ws-11769,0,0.0,0,0.0,False
WS-12553,0,0.0,0,0.0,False
VDR_10735,0,0.0,0,0.0,False
VDR-10857,0,0.0,0,0.0,False
ws-11724,0,0.0,0,0.0,False
LPT_11259,0,0.0,0,0.0,False
VDR-10595,0,0.0,0,0.0,False
ws-11698,0,0.0,0,0.0,False
VDR_11225,0,0.0,0,0.0,False
WS-11759,0,0.0,0,0.0,False
lpt-11324,0,0.0,0,0.0,False
VDR-10484,0,0.0,0,0.0,False
ws-11847,0,0.0,0,0.0,False
WS-11076,0,0.0,0,0.0,False
lpt-12257,0,0.0,0,0.0,False
LPT-11683,0,0.0,0,0.0,False
WS_12941,0,0.0,0,0.0,False
vdr-10231,0,0.0,0,0.0,False
LPT-10862,0,0.0,0,0.0,False
WS_11381,0,0.0,0,0.0,False
VDR-11802,0,0.0,0,0.0,False
vdr-11798,0,0.0,0,0.0,False
lpt-11428,0,0.0,0,0.0,False
LPT-12699.corp.local,0,0.0,0,0.0,False
VDR_11279,0,0.0,0,0.0,False
lpt-12474,0,0.0,0,0.0,False
LPT-12885,0,0.0,0,0.0,False
WS_12188,0,0.0,0,0.0,False
vdr-10701,0,0.0,0,0.0,False
WS-11468,0,0.0,0,0.0,False
WS-12320.corp.local,0,0.0,0,0.0,False
vdr-11560,0,0.0,0,0.0,False
WS-10413,1,75.0,2,0.73,True
VDR_10142,0,0.0,0,0.0,False
vdr-12956,0,0.0,0,0.0,False
LPT_12662,0,0.0,0,0.0,False
vdr-12604,0,0.0,0,0.0,False
VDR_10656,0,0.0,0,0.0,False
VDR-10975.corp.local,0,0.0,0,0.0,False
VDR_11277,0,0.0,0,0.0,False
VDR-10667,0,0.0,0,0.0,False
ws-11397,0,0.0,0,0.0,False
WS-11688,0,0.0,0,0.0,False
lpt-12322,0,0.0,0,0.0,False
vdr-11650,0,0.0,0,0.0,False
VDR_11237,0,0.0,0,0.0,False
LPT-10575.,0,0.0,0,0.0,False
lpt-11498,0,0.0,0,0.0,False
VDR-10923.corp.local,0,0.0,0,0.0,False
VDR_10465,0,0.0,0,0.0,False
WS-11471,1,100.0,2,0.88,True
WS-11416,0,0.0,0,0.0,False
lpt-11619,0,0.0,0,0.0,False
ws-10334,0,0.0,0,0.0,False
WS-12802,0,0.0,0,0.0,False
LPT_12536,0,0.0,0,0.0,False
LPT-11501.corp.local,0,0.0,0,0.0,False
LPT-10931,1,100.0,2,0.88,True
WS-10243.corp.local,0,0.0,0,0.0,False
WS-10486,1,75.0,2,0.73,True
LPT-10520.corp.local,0,0.0,0,0.0,False
WS-11442,0,0.0,0,0.0,False
ws-10786,0,0.0,0,0.0,False
lpt-10390,0,0.0,0,0.0,False
WS-12901,6,100.0,13,0.88,True
lpt-12486,0,0.0,0,0.0,False
lpt-10881,0,0.0,0,0.0,False
LPT-10098.corp.local,0,0.0,0,0.0,False
VDR-12678,2,100.0,4,0.88,True
WS-12433.corp.local,0,0.0,0,0.0,False
lpt-10702,0,0.0,0,0.0,False
WS-12544.,0,0.0,0,0.0,False
ws-12682,0,0.0,0,0.0,False
LPT-12223,0,0.0,0,0.0,False
VDR-10260.corp.local,0,0.0,0,0.0,False
WS-10213,0,0.0,0,0.0,False
VDR_10666,0,0.0,0,0.0,False
VDR-11566,0,0.0,0,0.0,False
WS_11502,0,0.0,0,0.0,False
WS-12895.,0,0.0,0,0.0,False
LPT-12687,0,0.0,0,0.0,False
vdr-12073,0,0.0,0,0.0,False
lpt-12347,0,0.0,0,0.0,False
VDR_12820,0,0.0,0,0.0,False
VDR-11675,0,0.0,0,0.0,False
WS_11505,0,0.0,0,0.0,False
WS-11461.corp.local,0,0.0,0,0.0,False
VDR-12033,0,0.0,0,0.0,False
WS-10178,0,0.0,0,0.0,False
WS-10888,1,75.0,2,0.73,True
ws-10392,0,0.0,0,0.0,False
vdr-12411,0,0.0,0,0.0,False
LPT-10859,0,0.0,0,0.0,False
ws-12660,0,0.0,0,0.0,False
LPT-12133.corp.local,0,0.0,0,0.0,False
ws-11923,0,0.0,0,0.0,False
VDR-12770.corp.local,0,0.0,0,0.0,False
LPT-12053.,0,0.0,0,0.0,False
vdr-10260,0,0.0,0,0.0,False
LPT_12805,0,0.0,0,0.0,False
ws-11391,0,0.0,0,0.0,False
ws-12028,0,0.0,0,0.0,False
vdr-11524,0,0.0,0,0.0,False
ws-12224,0,0.0,0,0.0,False
VDR-10406,0,0.0,0,0.0,False
ws-10023,0,0.0,0,0.0,False
vdr-12936,0,0.0,0,0.0,False
VDR_10029,0,0.0,0,0.0,False
WS-10884,0,0.0,0,0.0,False
WS-11372,0,0.0,0,0.0,False
VDR_10713,0,0.0,0,0.0,False
WS-10784.corp.local,0,0.0,0,0.0,False
WS_12226,0,0.0,0,0.0,False
LPT-10797,0,0.0,0,0.0,False
vdr-11549,0,0.0,0,0.0,False
lpt-12383,0,0.0,0,0.0,False
VDR-10455.corp.local,0,0.0,0,0.0,False
vdr-10861,0,0.0,0,0.0,False
ws-11441,0,0.0,0,0.0,False
ws-12262,0,0.0,0,0.0,False
VDR-11095.corp.local,0,0.0,0,0.0,False
WS-12773.corp.local,0,0.0,0,0.0,False
WS-10610,0,0.0,0,0.0,False
VDR_11632,0,0.0,0,0.0,False
LPT-11891,1,75.0,2,0.73,True
LPT-11368,0,0.0,0,0.0,False
VDR-10203,4,100.0,8,0.88,True
vdr-12789,0,0.0,0,0.0,False
VDR_11167,0,0.0,0,0.0,False
VDR-12127.corp.local,0,0.0,0,0.0,False
ws-10824,0,0.0,0,0.0,False
VDR-12706,0,0.0,0,0.0,False
VDR-12431,0,0.0,0,0.0,False
WS-10461,0,0.0,0,0.0,False
ws-11974,0,0.0,0,0.0,False
WS-11994,0,0.0,0,0.0,False
LPT-10250.corp.local,0,0.0,0,0.0,False
LPT-11058,0,0.0,0,0.0,False
WS-11657.corp.local,0,0.0,0,0.0,False
WS_12760,0,0.0,0,0.0,False
WS-12889,0,0.0,0,0.0,False
WS-11496,1,100.0,2,0.88,True
WS_11401,0,0.0,0,0.0,False
VDR-12458,0,0.0,0,0.0,False
VDR-11056.corp.local,0,0.0,0,0.0,False
lpt-12569,0,0.0,0,0.0,False
VDR-12789,0,0.0,0,0.0,False
WS-12337,1,75.0,2,0.73,True
vdr-12348,0,0.0,0,0.0,False
VDR-11087,0,0.0,0,0.0,False
VDR-12958,1,100.0,2,0.88,True
WS-11223,1,75.0,2,0.73,True
lpt-12658,0,0.0,0,0.0,False
ws-10419,0,0.0,0,0.0,False
LPT-11887,0,0.0,0,0.0,False
VDR-12712.corp.local,0,0.0,0,0.0,False
VDR_11964,0,0.0,0,0.0,False
LPT-11134,0,0.0,0,0.0,False
VDR-10533,0,0.0,0,0.0,False
WS_10436,0,0.0,0,0.0,False
LPT_12884,0,0.0,0,0.0,False
VDR-11091,0,0.0,0,0.0,False
LPT-11998.corp.local,0,0.0,0,0.0,False
VDR-11297,0,0.0,0,0.0,False
ws-11444,0,0.0,0,0.0,False
vdr-12122,0,0.0,0,0.0,False
VDR-12479.corp.local,0,0.0,0,0.0,False
vdr-11625,0,0.0,0,0.0,False
vdr-10666,0,0.0,0,0.0,False
WS-11458,0,0.0,0,0.0,False
WS-12287,0,0.0,0,0.0,False
WS-11287,0,0.0,0,0.0,False
WS-11243,0,0.0,0,0.0,False
lpt-10912,0,0.0,0,0.0,False
WS_12876,0,0.0,0,0.0,False
WS-10422,0,0.0,0,0.0,False
LPT-11914,1,75.0,2,0.73,True
vdr-11388,0,0.0,0,0.0,False
LPT-12714.corp.local,0,0.0,0,0.0,False
WS-10727,5,100.0,10,0.88,True
LPT-12521,0,0.0,0,0.0,False
WS-10180,0,0.0,0,0.0,False
ws-11041,0,0.0,0,0.0,False
LPT-11635,0,0.0,0,0.0,False
vdr-12057,0,0.0,0,0.0,False
vdr-12709,0,0.0,0,0.0,False
ws-12531,0,0.0,0,0.0,False
VDR-12847.corp.local,0,0.0,0,0.0,False
LPT-10944.corp.local,0,0.0,0,0.0,False
WS-12623.corp.local,0,0.0,0,0.0,False
LPT-12183.corp.local,0,0.0,0,0.0,False
VDR_12972,0,0.0,0,0.0,False
WS-12851.,0,0.0,0,0.0,False
ws-11911,0,0.0,0,0.0,False
VDR-11629,0,0.0,0,0.0,False
LPT-12007.corp.local,0,0.0,0,0.0,False
vdr-10571,0,0.0,0,0.0,False
VDR-11267.corp.local,0,0.0,0,0.0,False
ws-11538,0,0.0,0,0.0,False
VDR-12200,0,0.0,0,0.0,False
LPT-10901,0,0.0,0,0.0,False
VDR-11155,0,0.0,0,0.0,False
lpt-10258,0,0.0,0,0.0,False
VDR-11650.corp.local,0,0.0,0,0.0,False
LPT-10058.corp.local,0,0.0,0,0.0,False
WS-12686.,0,0.0,0,0.0,False
lpt-10311,0,0.0,0,0.0,False
WS-12819,0,0.0,0,0.0,False
WS-11492,0,0.0,0,0.0,False
VDR-12863,0,0.0,0,0.0,False
VDR-12975,0,0.0,0,0.0,False
vdr-11933,0,0.0,0,0.0,False
WS-11203,0,0.0,0,0.0,False
LPT_11534,0,0.0,0,0.0,False
WS-11119.corp.local,0,0.0,0,0.0,False
vdr-12415,0,0.0,0,0.0,False
lpt-12702,0,0.0,0,0.0,False
LPT-11810,0,0.0,0,0.0,False
lpt-11065,0,0.0,0,0.0,False
VDR_11846,0,0.0,0,0.0,False
LPT-11574,2,100.0,4,0.88,True
VDR-10035.corp.local,0,0.0,0,0.0,False
vdr-12976,0,0.0,0,0.0,False
WS-11194.corp.local,0,0.0,0,0.0,False
WS-12599.corp.local,0,0.0,0,0.0,False
LPT-11246.corp.local,0,0.0,0,0.0,False
VDR-10677.corp.local,0,0.0,0,0.0,False
LPT-12787,0,0.0,0,0.0,False
vdr-11392,0,0.0,0,0.0,False
LPT-11937,1,100.0,2,0.88,True
VDR-12526.corp.local,0,0.0,0,0.0,False
vdr-11832,0,0.0,0,0.0,False
ws-10546,0,0.0,0,0.0,False
vdr-10885,0,0.0,0,0.0,False
lpt-12779,0,0.0,0,0.0,False
ws-12515,0,0.0,0,0.0,False
vdr-12235,0,0.0,0,0.0,False
ws-10871,0,0.0,0,0.0,False
LPT_11501,0,0.0,0,0.0,False
vdr-11445,0,0.0,0,0.0,False
WS-10915.corp.local,0,0.0,0,0.0,False
LPT_10709,0,0.0,0,0.0,False
WS_12320,0,0.0,0,0.0,False
VDR_12159,0,0.0,0,0.0,False
LPT-11788.corp.local,0,0.0,0,0.0,False
LPT-12380.corp.local,0,0.0,0,0.0,False
vdr-10329,0,0.0,0,0.0,False
vdr-11217,0,0.0,0,0.0,False
ws-11949,0,0.0,0,0.0,False
lpt-11259,0,0.0,0,0.0,False
lpt-10054,0,0.0,0,0.0,False
LPT_11786,0,0.0,0,0.0,False
VDR-11947,0,0.0,0,0.0,False
VDR-11544.,0,0.0,0,0.0,False
VDR-12976,0,0.0,0,0.0,False
WS_10117,0,0.0,0,0.0,False
LPT-11484,0,0.0,0,0.0,False
LPT_11984,0,0.0,0,0.0,False
LPT_11970,0,0.0,0,0.0,False
LPT-12643.corp.local,0,0.0,0,0.0,False
VDR-12646,0,0.0,0,0.0,False
WS-10824.corp.local,0,0.0,0,0.0,False
VDR_12882,0,0.0,0,0.0,False
LPT-11577.,0,0.0,0,0.0,False
LPT-11011,0,0.0,0,0.0,False
lpt-12321,0,0.0,0,0.0,False
lpt-12617,0,0.0,0,0.0,False
WS_11620,0,0.0,0,0.0,False
LPT-12107.,0,0.0,0,0.0,False
VDR-11217,0,0.0,0,0.0,False
LPT-12871.corp.local,0,0.0,0,0.0,False
WS_11898,0,0.0,0,0.0,False
LPT-11607.corp.local,0,0.0,0,0.0,False
WS-10549,0,0.0,0,0.0,False
VDR-12277.,0,0.0,0,0.0,False
WS-11722,0,0.0,0,0.0,False
WS-10301,1,100.0,2,0.88,True
LPT-12729,1,75.0,2,0.73,True
VDR-12764.corp.local,0,0.0,0,0.0,False
VDR-11455.corp.local,0,0.0,0,0.0,False
VDR_11669,0,0.0,0,0.0,False
VDR-12776,4,100.0,8,0.88,True
lpt-11359,0,0.0,0,0.0,False
WS-12715.corp.local,0,0.0,0,0.0,False
WS-11358,1,100.0,2,0.88,True
WS-11390.corp.local,0,0.0,0,0.0,False
LPT_11658,0,0.0,0,0.0,False
ws-12204,0,0.0,0,0.0,False
lpt-12687,0,0.0,0,0.0,False
LPT-10026.corp.local,0,0.0,0,0.0,False
WS_10432,0,0.0,0,0.0,False
WS-11503,0,0.0,0,0.0,False
ws-11245,0,0.0,0,0.0,False
VDR-11765,0,0.0,0,0.0,False
VDR-10867.corp.local,0,0.0,0,0.0,False
VDR-12487,0,0.0,0,0.0,False
lpt-12070,0,0.0,0,0.0,False
ws-10266,0,0.0,0,0.0,False
WS-12935,0,0.0,0,0.0,False
LPT_11891,0,0.0,0,0.0,False
VDR-10799,0,0.0,0,0.0,False
WS-12694,0,0.0,0,0.0,False
VDR_10914,0,0.0,0,0.0,False
WS_11477,0,0.0,0,0.0,False
ws-11567,0,0.0,0,0.0,False
WS-10530,0,0.0,0,0.0,False
lpt-11202,0,0.0,0,0.0,False
LPT_10469,0,0.0,0,0.0,False
LPT-10204,0,0.0,0,0.0,False
WS_12511,0,0.0,0,0.0,False
WS_12398,0,0.0,0,0.0,False
WS-12317,0,0.0,0,0.0,False
WS-12746.corp.local,0,0.0,0,0.0,False
lpt-12315,0,0.0,0,0.0,False
vdr-12882,0,0.0,0,0.0,False
WS-12682,0,0.0,0,0.0,False
LPT_10741,0,0.0,0,0.0,False
LPT-11745,0,0.0,0,0.0,False
VDR-12177.corp.local,0,0.0,0,0.0,False
lpt-12888,0,0.0,0,0.0,False
LPT-10935,0,0.0,0,0.0,False
WS-10978.corp.local,0,0.0,0,0.0,False
WS-10617.corp.local,0,0.0,0,0.0,False
VDR-10761,0,0.0,0,0.0,False
LPT-12289,0,0.0,0,0.0,False
VDR-11188,0,0.0,0,0.0,False
VDR-12005.corp.local,0,0.0,0,0.0,False
WS-11814.corp.local,0,0.0,0,0.0,False
WS-12165,0,0.0,0,0.0,False
VDR-10132.corp.local,0,0.0,0,0.0,False
VDR-10664,0,0.0,0,0.0,False
VDR-11697.corp.local,0,0.0,0,0.0,False
WS-11380,0,0.0,0,0.0,False
WS_10034,0,0.0,0,0.0,False
LPT-12939,0,0.0,0,0.0,False
lpt-11156,0,0.0,0,0.0,False
vdr-10903,0,0.0,0,0.0,False
LPT_11904,0,0.0,0,0.0,False
VDR-12403,0,0.0,0,0.0,False
LPT_11423,0,0.0,0,0.0,False
VDR-11495,0,0.0,0,0.0,False
WS-10308,0,0.0,0,0.0,False
VDR-11901,0,0.0,0,0.0,False
VDR-11093.corp.local,0,0.0,0,0.0,False
VDR-11560.corp.local,0,0.0,0,0.0,False
VDR-11188.corp.local,0,0.0,0,0.0,False
ws-10836,0,0.0,0,0.0,False
WS_11814,0,0.0,0,0.0,False
VDR_10514,0,0.0,0,0.0,False
LPT-11593,0,0.0,0,0.0,False
WS-10470,0,0.0,0,0.0,False
WS-10573,0,0.0,0,0.0,False
WS-11769.corp.local,0,0.0,0,0.0,False
VDR-12991,0,0.0,0,0.0,False
VDR_12235,0,0.0,0,0.0,False
VDR-11215.corp.local,0,0.0,0,0.0,False
ws-12256,0,0.0,0,0.0,False
vdr-12513,0,0.0,0,0.0,False
lpt-12763,0,0.0,0,0.0,False
VDR_12437,0,0.0,0,0.0,False
VDR_10492,0,0.0,0,0.0,False
VDR-10937.corp.local,0,0.0,0,0.0,False
ws-11063,0,0.0,0,0.0,False
VDR-10757,0,0.0,0,0.0,False
LPT-11250,0,0.0,0,0.0,False
ws-10136,0,0.0,0,0.0,False
VDR-11684,0,0.0,0,0.0,False
LPT-10235,0,0.0,0,0.0,False
VDR-11169.corp.local,0,0.0,0,0.0,False
WS-11077,0,0.0,0,0.0,False
LPT_11057,0,0.0,0,0.0,False
ws-11106,0,0.0,0,0.0,False
WS-10266,0,0.0,0,0.0,False
vdr-10170,0,0.0,0,0.0,False
vdr-10688,0,0.0,0,0.0,False
VDR-10093,0,0.0,0,0.0,False
LPT-12399,0,0.0,0,0.0,False
VDR_12560,0,0.0,0,0.0,False
VDR-12272.corp.local,0,0.0,0,0.0,False
WS-12992,0,0.0,0,0.0,False
LPT-11340,0,0.0,0,0.0,False
WS-10419.corp.local,0,0.0,0,0.0,False
VDR-12580,2,100.0,4,0.88,True
lpt-10920,0,0.0,0,0.0,False
LPT_12795,0,0.0,0,0.0,False
WS-11098,0,0.0,0,0.0,False
WS-11384,0,0.0,0,0.0,False
LPT-10752,0,0.0,0,0.0,False
VDR-11796,0,0.0,0,0.0,False
VDR_10164,0,0.0,0,0.0,False
WS-12667.corp.local,0,0.0,0,0.0,False
WS-11854,0,0.0,0,0.0,False
LPT_12006,0,0.0,0,0.0,False
WS-12833,0,0.0,0,0.0,False
ws-10113,0,0.0,0,0.0,False
VDR-12452,1,100.0,2,0.88,True
ws-12599,0,0.0,0,0.0,False
ws-10530,0,0.0,0,0.0,False
VDR-12184.,0,0.0,0,0.0,False
WS-12220,0,0.0,0,0.0,False
vdr-12964,0,0.0,0,0.0,False
LPT-11909,0,0.0,0,0.0,False
WS-10211.corp.local,0,0.0,0,0.0,False
VDR-11962,0,0.0,0,0.0,False
LPT-10114,0,0.0,0,0.0,False
LPT-11476,0,0.0,0,0.0,False
VDR-12174,1,100.0,2,0.88,True
LPT-12600,0,0.0,0,0.0,False
VDR-12588,0,0.0,0,0.0,False
WS-10000.corp.local,0,0.0,0,0.0,False
WS-12751.corp.local,0,0.0,0,0.0,False
vdr-11100,0,0.0,0,0.0,False
VDR-11021.corp.local,0,0.0,0,0.0,False
VDR-12835.,0,0.0,0,0.0,False
ws-10494,0,0.0,0,0.0,False
LPT-12998,0,0.0,0,0.0,False
VDR-10703.corp.local,0,0.0,0,0.0,False
ws-10553,0,0.0,0,0.0,False
WS-10334.corp.local,0,0.0,0,0.0,False
WS-11521.corp.local,0,0.0,0,0.0,False
ws-10045,0,0.0,0,0.0,False
vdr-10165,0,0.0,0,0.0,False
WS_11104,0,0.0,0,0.0,False
WS_11362,0,0.0,0,0.0,False
lpt-11692,0,0.0,0,0.0,False
WS-10085.corp.local,0,0.0,0,0.0,False
LPT-10815,0,0.0,0,0.0,False
VDR-12441.corp.local,0,0.0,0,0.0,False
LPT-12257,0,0.0,0,0.0,False
WS_12442,0,0.0,0,0.0,False
lpt-11452,0,0.0,0,0.0,False
LPT-12492,0,0.0,0,0.0,False
LPT_11955,0,0.0,0,0.0,False
LPT-11025,0,0.0,0,0.0,False
LPT_10630,0,0.0,0,0.0,False
vdr-10940,0,0.0,0,0.0,False
WS-12170,2,100.0,4,0.88,True
WS-11633.corp.local,0,0.0,0,0.0,False
WS-10195,1,75.0,2,0.73,True
ws-10308,0,0.0,0,0.0,False
VDR-10688,0,0.0,0,0.0,False
WS-10803,1,100.0,2,0.88,True
ws-10408,0,0.0,0,0.0,False
vdr-12734,0,0.0,0,0.0,False
lpt-11900,0,0.0,0,0.0,False
ws-12716,0,0.0,0,0.0,False
VDR_10571,0,0.0,0,0.0,False
WS_12742,0,0.0,0,0.0,False
VDR-12279.corp.local,0,0.0,0,0.0,False
LPT-10028.corp.local,0,0.0,0,0.0,False
VDR-11083.corp.local,0,0.0,0,0.0,False
LPT-12551,0,0.0,0,0.0,False
WS_12727,0,0.0,0,0.0,False
WS-12925.corp.local,0,0.0,0,0.0,False
LPT_12714,0,0.0,0,0.0,False
WS_12164,0,0.0,0,0.0,False
VDR-11068,0,0.0,0,0.0,False
WS-11018,0,0.0,0,0.0,False
WS-11460,0,0.0,0,0.0,False
VDR-10485.corp.local,0,0.0,0,0.0,False
LPT-12354.corp.local,0,0.0,0,0.0,False
VDR-12017,1,100.0,2,0.88,True
lpt-12516,0,0.0,0,0.0,False
LPT-10782,0,0.0,0,0.0,False
LPT-11775.corp.local,0,0.0,0,0.0,False
WS_10932,0,0.0,0,0.0,False
ws-11126,0,0.0,0,0.0,False
LPT-10752.corp.local,0,0.0,0,0.0,False
VDR_12075,0,0.0,0,0.0,False
vdr-12059,0,0.0,0,0.0,False
LPT-12854,0,0.0,0,0.0,False
lpt-10199,0,0.0,0,0.0,False
LPT-12815.,0,0.0,0,0.0,False
LPT-11028,0,0.0,0,0.0,False
VDR-10326.corp.local,0,0.0,0,0.0,False
WS_11198,0,0.0,0,0.0,False
vdr-11232,0,0.0,0,0.0,False
LPT-10439.corp.local,0,0.0,0,0.0,False
LPT-10021,0,0.0,0,0.0,False
WS_12887,0,0.0,0,0.0,False
ws-12031,0,0.0,0,0.0,False
WS-10586,0,0.0,0,0.0,False
VDR-10631.corp.local,0,0.0,0,0.0,False
VDR-12335,0,0.0,0,0.0,False
LPT-11190,2,75.0,4,0.73,True
LPT-11010,1,100.0,2,0.88,True
vdr-11494,0,0.0,0,0.0,False
vdr-12959,0,0.0,0,0.0,False
LPT-12583.corp.local,0,0.0,0,0.0,False
LPT-12419,0,0.0,0,0.0,False
LPT-10101,0,0.0,0,0.0,False
vdr-10053,0,0.0,0,0.0,False
WS-12661.corp.local,0,0.0,0,0.0,False
LPT_10304,0,0.0,0,0.0,False
LPT-11552,0,0.0,0,0.0,False
lpt-12407,0,0.0,0,0.0,False
LPT-12111,4,100.0,8,0.88,True
VDR-12750.corp.local,0,0.0,0,0.0,False
lpt-10948,0,0.0,0,0.0,False
VDR_11117,0,0.0,0,0.0,False
LPT-10414,0,0.0,0,0.0,False
LPT-10144,0,0.0,0,0.0,False
WS-11467,0,0.0,0,0.0,False
WS-12204.corp.local,0,0.0,0,0.0,False
WS-10433.corp.local,0,0.0,0,0.0,False
LPT-12783.corp.local,0,0.0,0,0.0,False
VDR-12764,0,0.0,0,0.0,False
VDR-11931.corp.local,0,0.0,0,0.0,False
lpt-10423,0,0.0,0,0.0,False
WS-11422,0,0.0,0,0.0,False
VDR-10154,0,0.0,0,0.0,False
WS-10606,0,0.0,0,0.0,False
LPT_12143,0,0.0,0,0.0,False
vdr-10024,0,0.0,0,0.0,False
VDR-12151.corp.local,0,0.0,0,0.0,False
VDR-11420,0,0.0,0,0.0,False
LPT_10676,0,0.0,0,0.0,False
LPT_12517,0,0.0,0,0.0,False
WS-12064,0,0.0,0,0.0,False
VDR-10600,0,0.0,0,0.0,False
LPT_12761,0,0.0,0,0.0,False
vdr-11773,0,0.0,0,0.0,False
LPT_11086,0,0.0,0,0.0,False
LPT_11818,0,0.0,0,0.0,False
VDR-12490,0,0.0,0,0.0,False
LPT_12300,0,0.0,0,0.0,False
LPT-11619,0,0.0,0,0.0,False
ws-11873,0,0.0,0,0.0,False
WS-11988,0,0.0,0,0.0,False
lpt-10131,0,0.0,0,0.0,False
ws-10803,0,0.0,0,0.0,False
lpt-12293,0,0.0,0,0.0,False
vdr-12966,0,0.0,0,0.0,False
LPT-10897,1,100.0,2,0.88,True
VDR-10924.corp.local,0,0.0,0,0.0,False
WS-11756,0,0.0,0,0.0,False
lpt-12389,0,0.0,0,0.0,False
WS-10945,1,100.0,3,0.92,True
ws-10643,0,0.0,0,0.0,False
VDR-10192.corp.local,0,0.0,0,0.0,False
LPT-10210,0,0.0,0,0.0,False
vdr-11032,0,0.0,0,0.0,False
WS_11529,0,0.0,0,0.0,False
lpt-12508,0,0.0,0,0.0,False
VDR-11237,0,0.0,0,0.0,False
LPT-10125,1,75.0,2,0.73,True
ws-10394,0,0.0,0,0.0,False
LPT-11753,0,0.0,0,0.0,False
LPT-11319,0,0.0,0,0.0,False
ws-12845,0,0.0,0,0.0,False
WS_10155,0,0.0,0,0.0,False
ws-10574,0,0.0,0,0.0,False
vdr-11872,0,0.0,0,0.0,False
LPT-12099,1,100.0,2,0.88,True
WS-11434,0,0.0,0,0.0,False
LPT-11926,0,0.0,0,0.0,False
vdr-10354,0,0.0,0,0.0,False
lpt-12228,0,0.0,0,0.0,False
LPT-12504,0,0.0,0,0.0,False
WS_11713,0,0.0,0,0.0,False
LPT-12083.corp.local,0,0.0,0,0.0,False
WS_12062,0,0.0,0,0.0,False
WS_12445,0,0.0,0,0.0,False
LPT-10304,1,75.0,2,0.73,True
LPT-10842.corp.local,0,0.0,0,0.0,False
LPT_10891,0,0.0,0,0.0,False
VDR-10790.,0,0.0,0,0.0,False
LPT_12024,0,0.0,0,0.0,False
WS_10508,0,0.0,0,0.0,False
vdr-12896,0,0.0,0,0.0,False
VDR-11772,0,0.0,0,0.0,False
vdr-11061,0,0.0,0,0.0,False
ws-11442,0,0.0,0,0.0,False
ws-10175,0,0.0,0,0.0,False
lpt-12648,0,0.0,0,0.0,False
VDR-10514.corp.local,0,0.0,0,0.0,False
VDR-12140,0,0.0,0,0.0,False
VDR-10919.corp.local,0,0.0,0,0.0,False
LPT-11164.corp.local,0,0.0,0,0.0,False
VDR-12247.,0,0.0,0,0.0,False
LPT_12014,0,0.0,0,0.0,False
VDR-10857.corp.local,0,0.0,0,0.0,False
LPT-10668.corp.local,0,0.0,0,0.0,False
lpt-12697,0,0.0,0,0.0,False
WS-12909,0,0.0,0,0.0,False
VDR-12142.corp.local,0,0.0,0,0.0,False
LPT-10129.corp.local,0,0.0,0,0.0,False
vdr-10387,0,0.0,0,0.0,False
vdr-10621,0,0.0,0,0.0,False
LPT-12280,0,0.0,0,0.0,False
LPT-10409.,0,0.0,0,0.0,False
LPT-10008,0,0.0,0,0.0,False
lpt-10636,0,0.0,0,0.0,False
vdr-10848,0,0.0,0,0.0,False
vdr-12247,0,0.0,0,0.0,False
VDR-11385,0,0.0,0,0.0,False
LPT_11992,0,0.0,0,0.0,False
LPT-10321.corp.local,0,0.0,0,0.0,False
LPT-11679.corp.local,0,0.0,0,0.0,False
VDR-10914.,0,0.0,0,0.0,False
WS_11395,0,0.0,0,0.0,False
VDR-12075.corp.local,0,0.0,0,0.0,False
vdr-12806,0,0.0,0,0.0,False
vdr-10598,0,0.0,0,0.0,False
lpt-12782,0,0.0,0,0.0,False
ws-11776,0,0.0,0,0.0,False
LPT-12842,0,0.0,0,0.0,False
WS_11078,0,0.0,0,0.0,False
lpt-10418,0,0.0,0,0.0,False
ws-11448,0,0.0,0,0.0,False
VDR-12358,0,0.0,0,0.0,False
ws-12925,0,0.0,0,0.0,False
vdr-10614,0,0.0,0,0.0,False
ws-10895,0,0.0,0,0.0,False
LPT-12778.corp.local,0,0.0,0,0.0,False
WS-11759.corp.local,0,0.0,0,0.0,False
WS_10686,0,0.0,0,0.0,False
VDR_11128,0,0.0,0,0.0,False
ws-12987,0,0.0,0,0.0,False
lpt-10612,0,0.0,0,0.0,False
WS-12849.corp.local,0,0.0,0,0.0,False
WS-10148.corp.local,0,0.0,0,0.0,False
WS-12548.corp.local,0,0.0,0,0.0,False
VDR-10491.,0,0.0,0,0.0,False
WS-10453.corp.local,0,0.0,0,0.0,False
LPT_12299,0,0.0,0,0.0,False
WS-11401,1,100.0,2,0.88,True
WS-10969.corp.local,0,0.0,0,0.0,False
WS-11698,0,0.0,0,0.0,False
WS-10344.corp.local,0,0.0,0,0.0,False
WS-12879,0,0.0,0,0.0,False
LPT-12114.corp.local,0,0.0,0,0.0,False
vdr-11720,0,0.0,0,0.0,False
VDR_12338,0,0.0,0,0.0,False
LPT-12116,0,0.0,0,0.0,False
LPT-11751,1,100.0,2,0.88,True
LPT-12111.corp.local,0,0.0,0,0.0,False
WS_12117,0,0.0,0,0.0,False
LPT-12600.,0,0.0,0,0.0,False
WS-11397,1,100.0,2,0.88,True
VDR-11676.corp.local,0,0.0,0,0.0,False
LPT-11062,0,0.0,0,0.0,False
WS-12359.corp.local,0,0.0,0,0.0,False
VDR-12209,0,0.0,0,0.0,False
WS-10184,0,0.0,0,0.0,False
ws-12918,0,0.0,0,0.0,False
VDR-11413,0,0.0,0,0.0,False
vdr-12017,0,0.0,0,0.0,False
WS-12682.corp.local,0,0.0,0,0.0,False
LPT-12649.corp.local,0,0.0,0,0.0,False
LPT-11369,0,0.0,0,0.0,False
lpt-12685,0,0.0,0,0.0,False
LPT_12697,0,0.0,0,0.0,False
WS-12595,1,100.0,2,0.88,True
LPT-11609,0,0.0,0,0.0,False
WS-12018,0,0.0,0,0.0,False
WS-11897,0,0.0,0,0.0,False
LPT-11978.corp.local,0,0.0,0,0.0,False
LPT-12171,0,0.0,0,0.0,False
LPT-10120,0,0.0,0,0.0,False
ws-11342,0,0.0,0,0.0,False
VDR-12012.corp.local,0,0.0,0,0.0,False
WS_11845,0,0.0,0,0.0,False
VDR-12358.corp.local,0,0.0,0,0.0,False
VDR-11580,0,0.0,0,0.0,False
WS-10325,0,0.0,0,0.0,False
LPT-11220,0,0.0,0,0.0,False
lpt-11114,0,0.0,0,0.0,False
VDR_10354,0,0.0,0,0.0,False
LPT-11229,0,0.0,0,0.0,False
WS-10287,0,0.0,0,0.0,False
LPT-11254.corp.local,0,0.0,0,0.0,False
WS_12093,0,0.0,0,0.0,False
WS-12898,0,0.0,0,0.0,False
WS-10645,0,0.0,0,0.0,False
VDR-10402,0,0.0,0,0.0,False
WS_11819,0,0.0,0,0.0,False
VDR-11888,0,0.0,0,0.0,False
LPT-12858.corp.local,0,0.0,0,0.0,False
WS-12581,0,0.0,0,0.0,False
vdr-11901,0,0.0,0,0.0,False
LPT-12301,0,0.0,0,0.0,False
VDR-11142.corp.local,0,0.0,0,0.0,False
WS-10817,1,100.0,2,0.88,True
VDR_12590,0,0.0,0,0.0,False
WS-10149.corp.local,0,0.0,0,0.0,False
WS-11648.corp.local,0,0.0,0,0.0,False
LPT-12448,0,0.0,0,0.0,False
VDR-11074,0,0.0,0,0.0,False
VDR-11433.corp.local,0,0.0,0,0.0,False
LPT-10920,0,0.0,0,0.0,False
VDR-11951,2,100.0,5,0.92,True
vdr-12748,0,0.0,0,0.0,False
WS-12213.,0,0.0,0,0.0,False
ws-10934,0,0.0,0,0.0,False
VDR-12936,0,0.0,0,0.0,False
LPT-11183.corp.local,0,0.0,0,0.0,False
WS-10827.,0,0.0,0,0.0,False
ws-12742,0,0.0,0,0.0,False
WS-10202.corp.local,0,0.0,0,0.0,False
VDR-12892,0,0.0,0,0.0,False
LPT-12323,0,0.0,0,0.0,False
LPT-12657,0,0.0,0,0.0,False
lpt-11609,0,0.0,0,0.0,False
vdr-11068,0,0.0,0,0.0,False
LPT-12134.corp.local,0,0.0,0,0.0,False
VDR-11499,0,0.0,0,0.0,False
VDR-10005.corp.local,0,0.0,0,0.0,False
VDR-12235.corp.local,0,0.0,0,0.0,False
LPT-10171,0,0.0,0,0.0,False
WS_11785,0,0.0,0,0.0,False
VDR-12940,0,0.0,0,0.0,False
ws-10913,0,0.0,0,0.0,False
vdr-10788,0,0.0,0,0.0,False
VDR-10724.corp.local,0,0.0,0,0.0,False
WS-10962.corp.local,0,0.0,0,0.0,False
WS-11672.,0,0.0,0,0.0,False
VDR-11145,0,0.0,0,0.0,False
LPT-11813.corp.local,0,0.0,0,0.0,False
VDR-12590.corp.local,0,0.0,0,0.0,False
LPT_12227,0,0.0,0,0.0,False
WS-12290.corp.local,0,0.0,0,0.0,False
lpt-12722,0,0.0,0,0.0,False
VDR_12625,0,0.0,0,0.0,False
VDR-12464,1,75.0,2,0.73,True
VDR-11507,1,100.0,2,0.88,True
VDR-11858.corp.local,0,0.0,0,0.0,False
WS-12244.corp.local,0,0.0,0,0.0,False
lpt-11881,0,0.0,0,0.0,False
VDR-10816,1,100.0,2,0.88,True
lpt-11453,0,0.0,0,0.0,False
lpt-10989,0,0.0,0,0.0,False
VDR-11660.,0,0.0,0,0.0,False
ws-11696,0,0.0,0,0.0,False
WS-11108,0,0.0,0,0.0,False
WS_11374,0,0.0,0,0.0,False
LPT-12877,0,0.0,0,0.0,False
ws-12589,0,0.0,0,0.0,False
LPT_11025,0,0.0,0,0.0,False
lpt-10384,0,0.0,0,0.0,False
LPT-10669,0,0.0,0,0.0,False
ws-10746,0,0.0,0,0.0,False
LPT_10245,0,0.0,0,0.0,False
ws-10727,0,0.0,0,0.0,False
vdr-12142,0,0.0,0,0.0,False
LPT-11762,0,0.0,0,0.0,False
LPT-10496,0,0.0,0,0.0,False
VDR-11147,0,0.0,0,0.0,False
WS-10893,1,100.0,2,0.88,True
WS-10995,0,0.0,0,0.0,False
WS_11416,0,0.0,0,0.0,False
LPT_11349,0,0.0,0,0.0,False
WS-11844.corp.local,0,0.0,0,0.0,False
ws-10549,0,0.0,0,0.0,False
LPT-11290,0,0.0,0,0.0,False
WS-10313,0,0.0,0,0.0,False
LPT-10858,0,0.0,0,0.0,False
WS-12660,0,0.0,0,0.0,False
ws-12387,0,0.0,0,0.0,False
WS-11332,0,0.0,0,0.0,False
LPT_12103,0,0.0,0,0.0,False
VDR-10310.corp.local,0,0.0,0,0.0,False
vdr-10285,0,0.0,0,0.0,False
VDR-12598,0,0.0,0,0.0,False
WS_12295,0,0.0,0,0.0,False
VDR-10906,1,75.0,2,0.73,True
VDR-11100,0,0.0,0,0.0,False
ws-12128,0,0.0,0,0.0,False
WS-12255,1,75.0,2,0.73,True
LPT_12768,0,0.0,0,0.0,False
LPT-10460.corp.local,0,0.0,0,0.0,False
WS-11443,0,0.0,0,0.0,False
LPT-11200,0,0.0,0,0.0,False
vdr-10140,0,0.0,0,0.0,False
vdr-11892,0,0.0,0,0.0,False
WS_11974,0,0.0,0,0.0,False
WS-11182,0,0.0,0,0.0,False
vdr-11165,0,0.0,0,0.0,False
VDR-10502,0,0.0,0,0.0,False
vdr-10640,0,0.0,0,0.0,False
WS-11677,0,0.0,0,0.0,False
WS-12176,1,100.0,2,0.88,True
ws-11481,0,0.0,0,0.0,False
VDR-12276,1,100.0,3,0.92,True
VDR-11436,1,100.0,2,0.88,True
WS-12179,0,0.0,0,0.0,False
vdr-10492,0,0.0,0,0.0,False
VDR-12235,0,0.0,0,0.0,False
lpt-11151,0,0.0,0,0.0,False
VDR-10329.corp.local,0,0.0,0,0.0,False
WS-10553,0,0.0,0,0.0,False
LPT-10858.corp.local,0,0.0,0,0.0,False
LPT-11998,1,100.0,2,0.88,True
lpt-12603,0,0.0,0,0.0,False
WS-11803,0,0.0,0,0.0,False
LPT-11085.corp.local,0,0.0,0,0.0,False
LPT-12517.corp.local,0,0.0,0,0.0,False
WS-12217,0,0.0,0,0.0,False
WS-12274,0,0.0,0,0.0,False
lpt-12752,0,0.0,0,0.0,False
ws-10706,0,0.0,0,0.0,False
VDR-11121,1,100.0,2,0.88,True
vdr-10716,0,0.0,0,0.0,False
lpt-12700,0,0.0,0,0.0,False
LPT-12408,1,100.0,2,0.88,True
VDR-10435,0,0.0,0,0.0,False
VDR_12775,0,0.0,0,0.0,False
WS-12037.corp.local,0,0.0,0,0.0,False
LPT-12687.corp.local,0,0.0,0,0.0,False
WS-10145,0,0.0,0,0.0,False
WS_11410,0,0.0,0,0.0,False
WS-11654.corp.local,0,0.0,0,0.0,False
VDR-10848,0,0.0,0,0.0,False
LPT-12967,0,0.0,0,0.0,False
WS-11530.corp.local,0,0.0,0,0.0,False
lpt-12171,0,0.0,0,0.0,False
WS-12944.corp.local,0,0.0,0,0.0,False
LPT-11981.corp.local,0,0.0,0,0.0,False
VDR_11066,0,0.0,0,0.0,False
WS-12082,1,75.0,2,0.73,True
LPT-11234.corp.local,0,0.0,0,0.0,False
WS-11582,0,0.0,0,0.0,False
WS-11743.corp.local,0,0.0,0,0.0,False
WS-12409.corp.local,0,0.0,0,0.0,False
LPT-12586.corp.local,0,0.0,0,0.0,False
ws-10839,0,0.0,0,0.0,False
WS-11733,1,100.0,2,0.88,True
VDR-11731,0,0.0,0,0.0,False
VDR_10757,0,0.0,0,0.0,False
LPT-12467.corp.local,0,0.0,0,0.0,False
ws-11447,0,0.0,0,0.0,False
VDR-10788,1,100.0,2,0.88,True
LPT-12506,0,0.0,0,0.0,False
WS_10263,0,0.0,0,0.0,False
VDR-11966,0,0.0,0,0.0,False
LPT_10479,0,0.0,0,0.0,False
WS-11695.corp.local,0,0.0,0,0.0,False
VDR-10623,0,0.0,0,0.0,False
VDR-11843,0,0.0,0,0.0,False
LPT-12001,0,0.0,0,0.0,False
WS_11241,0,0.0,0,0.0,False
WS-10325.corp.local,0,0.0,0,0.0,False
LPT-10731.corp.local,0,0.0,0,0.0,False
VDR-10363,0,0.0,0,0.0,False
VDR-10387,1,100.0,2,0.88,True
LPT-10176,0,0.0,0,0.0,False
ws-11845,0,0.0,0,0.0,False
WS-12334,0,0.0,0,0.0,False
VDR-12338.corp.local,0,0.0,0,0.0,False
vdr-10312,1,75.0,2,0.73,True
LPT-11427,1,100.0,3,0.92,True
ws-10884,0,0.0,0,0.0,False
WS-12320,0,0.0,0,0.0,False
VDR-12983,0,0.0,0,0.0,False
WS-12092,0,0.0,0,0.0,False
WS-10997.corp.local,0,0.0,0,0.0,False
LPT-11887.corp.local,0,0.0,0,0.0,False
LPT-10157,0,0.0,0,0.0,False
WS-12236.corp.local,0,0.0,0,0.0,False
WS_10393,0,0.0,0,0.0,False
WS-12556,0,0.0,0,0.0,False
LPT-12699,0,0.0,0,0.0,False
VDR-12982,0,0.0,0,0.0,False
VDR-12463,0,0.0,0,0.0,False
vdr-10613,0,0.0,0,0.0,False
LPT-11780,0,0.0,0,0.0,False
lpt-10331,0,0.0,0,0.0,False
LPT-12659.corp.local,0,0.0,0,0.0,False
LPT-12731.,0,0.0,0,0.0,False
VDR-10621,0,0.0,0,0.0,False
VDR-11330,0,0.0,0,0.0,False
WS-12673,0,0.0,0,0.0,False
lpt-11321,0,0.0,0,0.0,False
vdr-11350,0,0.0,0,0.0,False
VDR-10273,0,0.0,0,0.0,False
VDR-11251.,0,0.0,0,0.0,False
WS-10139,0,0.0,0,0.0,False
VDR-11167,0,0.0,0,0.0,False
VDR_11927,0,0.0,0,0.0,False
LPT_11238,0,0.0,0,0.0,False
WS-10729,0,0.0,0,0.0,False
VDR-11236,0,0.0,0,0.0,False
VDR_10799,0,0.0,0,0.0,False
VDR-11378.corp.local,0,0.0,0,0.0,False
lpt-10377,0,0.0,0,0.0,False
vdr-12388,0,0.0,0,0.0,False
WS-11695,0,0.0,0,0.0,False
VDR_10924,0,0.0,0,0.0,False
WS-11230.,0,0.0,0,0.0,False
ws-11968,0,0.0,0,0.0,False
ws-12828,0,0.0,0,0.0,False
WS-11374.,0,0.0,0,0.0,False
WS_12866,0,0.0,0,0.0,False
LPT_12011,0,0.0,0,0.0,False
WS-10471,0,0.0,0,0.0,False
WS-12727,0,0.0,0,0.0,False
VDR-11312,0,0.0,0,0.0,False
VDR_10801,0,0.0,0,0.0,False
WS_10918,0,0.0,0,0.0,False
LPT_11637,0,0.0,0,0.0,False
ws-12246,0,0.0,0,0.0,False
WS_10878,0,0.0,0,0.0,False
WS-11334,0,0.0,0,0.0,False
WS-11437,0,0.0,0,0.0,False
lpt-12714,0,0.0,0,0.0,False
LPT-11321.corp.local,0,0.0,0,0.0,False
VDR_10491,0,0.0,0,0.0,False
VDR-10060.corp.local,0,0.0,0,0.0,False
LPT_11673,0,0.0,0,0.0,False
VDR-10576.corp.local,0,0.0,0,0.0,False
vdr-12431,0,0.0,0,0.0,False
vdr-11021,0,0.0,0,0.0,False
LPT-12007,0,0.0,0,0.0,False
lpt-11890,0,0.0,0,0.0,False
LPT_12937,0,0.0,0,0.0,False
LPT-11504,0,0.0,0,0.0,False
lpt-11346,0,0.0,0,0.0,False
ws-11654,0,0.0,0,0.0,False
WS_10826,0,0.0,0,0.0,False
ws-10569,0,0.0,0,0.0,False
WS-11667,1,100.0,2,0.88,True
LPT-12962.corp.local,0,0.0,0,0.0,False
VDR-11720,0,0.0,0,0.0,False
WS-12715,0,0.0,0,0.0,False
vdr-12892,0,0.0,0,0.0,False
WS_12097,0,0.0,0,0.0,False
VDR-10529,0,0.0,0,0.0,False
WS-12311,0,0.0,0,0.0,False
LPT-11178,1,75.0,2,0.73,True
LPT_11484,0,0.0,0,0.0,False
ws-10102,0,0.0,0,0.0,False
VDR-12500.corp.local,0,0.0,0,0.0,False
VDR-12942,0,0.0,0,0.0,False
VDR-12483,0,0.0,0,0.0,False
WS-11514,1,100.0,2,0.88,True
LPT-12838.corp.local,0,0.0,0,0.0,False
WS-11477,0,0.0,0,0.0,False
LPT_11004,0,0.0,0,0.0,False
WS-11864.,0,0.0,0,0.0,False
VDR-11921,0,0.0,0,0.0,False
WS-12473,0,0.0,0,0.0,False
lpt-10030,0,0.0,0,0.0,False
VDR-11265.corp.local,0,0.0,0,0.0,False
ws-11885,0,0.0,0,0.0,False
lpt-12780,0,0.0,0,0.0,False
LPT_12466,0,0.0,0,0.0,False
ws-11334,0,0.0,0,0.0,False
LPT-10691.corp.local,0,0.0,0,0.0,False
WS-11760,0,0.0,0,0.0,False
LPT-11627,0,0.0,0,0.0,False
LPT-12316.corp.local,0,0.0,0,0.0,False
WS-11323.corp.local,0,0.0,0,0.0,False
VDR-12896,0,0.0,0,0.0,False
LPT_11659,0,0.0,0,0.0,False
VDR_10108,0,0.0,0,0.0,False
LPT_11541,0,0.0,0,0.0,False
vdr-10044,0,0.0,0,0.0,False
LPT-10708,0,0.0,0,0.0,False
LPT-10041,0,0.0,0,0.0,False
WS-11749,0,0.0,0,0.0,False
vdr-10069,0,0.0,0,0.0,False
lpt-11220,0,0.0,0,0.0,False
LPT-12616.corp.local,0,0.0,0,0.0,False
ws-11799,0,0.0,0,0.0,False
LPT_12993,0,0.0,0,0.0,False
VDR-10684,0,0.0,0,0.0,False
LPT-11941,0,0.0,0,0.0,False
vdr-11927,0,0.0,0,0.0,False
LPT-11235,0,0.0,0,0.0,False
ws-10991,0,0.0,0,0.0,False
vdr-11224,0,0.0,0,0.0,False
lpt-11534,0,0.0,0,0.0,False
VDR_11032,0,0.0,0,0.0,False
ws-12694,0,0.0,0,0.0,False
LPT-11278,0,0.0,0,0.0,False
WS_10256,0,0.0,0,0.0,False
VDR-10138,0,0.0,0,0.0,False
ws-10969,0,0.0,0,0.0,False
ws-12409,0,0.0,0,0.0,False
vdr-11210,0,0.0,0,0.0,False
VDR-10165.corp.local,0,0.0,0,0.0,False
VDR-10638,0,0.0,0,0.0,False
lpt-12429,0,0.0,0,0.0,False
VDR-12278.corp.local,0,0.0,0,0.0,False
vdr-12564,0,0.0,0,0.0,False
vdr-10207,0,0.0,0,0.0,False
LPT-11489.corp.local,0,0.0,0,0.0,False
LPT-12135,0,0.0,0,0.0,False
VDR_12152,0,0.0,0,0.0,False
vdr-11385,0,0.0,0,0.0,False
LPT-10616.,0,0.0,0,0.0,False
LPT-10479,0,0.0,0,0.0,False
VDR-10388.corp.local,0,0.0,0,0.0,False
LPT_12516,0,0.0,0,0.0,False
WS_10487,0,0.0,0,0.0,False
WS_11806,0,0.0,0,0.0,False
vdr-11019,0,0.0,0,0.0,False
WS-12401,0,0.0,0,0.0,False
WS-11370,0,0.0,0,0.0,False
VDR-11345,0,0.0,0,0.0,False
WS_11670,0,0.0,0,0.0,False
LPT-11349.corp.local,0,0.0,0,0.0,False
LPT-10851,0,0.0,0,0.0,False
WS-11529,0,0.0,0,0.0,False
vdr-10361,0,0.0,0,0.0,False
vdr-10736,0,0.0,0,0.0,False
LPT_11908,0,0.0,0,0.0,False
VDR_11306,0,0.0,0,0.0,False
WS_10969,0,0.0,0,0.0,False
LPT-10717.corp.local,0,0.0,0,0.0,False
lpt-10755,0,0.0,0,0.0,False
LPT-12467,0,0.0,0,0.0,False
VDR-10783.corp.local,0,0.0,0,0.0,False
WS-12553.corp.local,0,0.0,0,0.0,False
VDR-12983.corp.local,0,0.0,0,0.0,False
vdr-11314,0,0.0,0,0.0,False
LPT-12428,0,0.0,0,0.0,False
LPT-12349,0,0.0,0,0.0,False
lpt-10227,0,0.0,0,0.0,False
WS-11624,0,0.0,0,0.0,False
WS-11737.corp.local,0,0.0,0,0.0,False
VDR-10558.corp.local,0,0.0,0,0.0,False
WS_12996,0,0.0,0,0.0,False
LPT_11170,0,0.0,0,0.0,False
WS_10720,0,0.0,0,0.0,False
LPT-10323,0,0.0,0,0.0,False
lpt-12085,0,0.0,0,0.0,False
lpt-11349,0,0.0,0,0.0,False
VDR-11804,0,0.0,0,0.0,False
lpt-11010,0,0.0,0,0.0,False
ws-10766,0,0.0,0,0.0,False
LPT_12414,0,0.0,0,0.0,False
lpt-12826,0,0.0,0,0.0,False
VDR-10108.corp.local,0,0.0,0,0.0,False
WS-12944,0,0.0,0,0.0,False
ws-11471,0,0.0,0,0.0,False
vdr-11275,0,0.0,0,0.0,False
WS-12392.corp.local,0,0.0,0,0.0,False
WS-12108,0,0.0,0,0.0,False
WS-12909.corp.local,0,0.0,0,0.0,False
VDR-11932,0,0.0,0,0.0,False
WS-11108.corp.local,0,0.0,0,0.0,False
WS-11878,0,0.0,0,0.0,False
LPT_10013,0,0.0,0,0.0,False
vdr-10501,0,0.0,0,0.0,False
lpt-10668,0,0.0,0,0.0,False
vdr-11802,0,0.0,0,0.0,False
ws-10281,0,0.0,0,0.0,False
WS-10214,0,0.0,0,0.0,False
lpt-12314,0,0.0,0,0.0,False
ws-10784,0,0.0,0,0.0,False
ws-12417,0,0.0,0,0.0,False
lpt-10426,0,0.0,0,0.0,False
WS-12084.corp.local,0,0.0,0,0.0,False
lpt-11717,0,0.0,0,0.0,False
VDR-10847,0,0.0,0,0.0,False
VDR_12978,0,0.0,0,0.0,False
LPT-12296,0,0.0,0,0.0,False
ws-12422,0,0.0,0,0.0,False
vdr-10484,0,0.0,0,0.0,False
LPT-12755,0,0.0,0,0.0,False
ws-10400,0,0.0,0,0.0,False
WS_10195,0,0.0,0,0.0,False
LPT-12703,1,75.0,2,0.73,True
LPT-11321,0,0.0,0,0.0,False
VDR-12590.,0,0.0,0,0.0,False
VDR-11012,0,0.0,0,0.0,False
vdr-11855,0,0.0,0,0.0,False
VDR-10562,1,75.0,2,0.73,True
WS-11230,1,100.0,2,0.88,True
WS-10317,2,100.0,4,0.88,True
VDR-10485,2,100.0,4,0.88,True
WS-12788,0,0.0,0,0.0,False
VDR-11559,0,0.0,0,0.0,False
VDR-11874.corp.local,0,0.0,0,0.0,False
WS-12031,0,0.0,0,0.0,False
WS-12396.corp.local,0,0.0,0,0.0,False
vdr-12997,0,0.0,0,0.0,False
ws-12461,0,0.0,0,0.0,False
LPT_12947,0,0.0,0,0.0,False
VDR_10342,0,0.0,0,0.0,False
vdr-10624,0,0.0,0,0.0,False
WS_10946,0,0.0,0,0.0,False
LPT-12098.corp.local,0,0.0,0,0.0,False
lpt-10006,0,0.0,0,0.0,False
lpt-10965,0,0.0,0,0.0,False
vdr-11482,0,0.0,0,0.0,False
WS-12529,0,0.0,0,0.0,False
VDR-10057,0,0.0,0,0.0,False
VDR-11122,1,100.0,2,0.88,True
LPT-11146,0,0.0,0,0.0,False
VDR_10402,0,0.0,0,0.0,False
lpt-12651,0,0.0,0,0.0,False
LPT-11504.corp.local,0,0.0,0,0.0,False
WS-12509.corp.local,0,0.0,0,0.0,False
LPT_10141,0,0.0,0,0.0,False
LPT-10986,0,0.0,0,0.0,False
WS-10694,0,0.0,0,0.0,False
lpt-10067,0,0.0,0,0.0,False
vdr-11302,0,0.0,0,0.0,False
WS-12164,0,0.0,0,0.0,False
lpt-12903,0,0.0,0,0.0,False
WS-10119,1,75.0,2,0.73,True
LPT-10171.corp.local,0,0.0,0,0.0,False
lpt-10496,0,0.0,0,0.0,False
VDR-12971,0,0.0,0,0.0,False
lpt-10798,0,0.0,0,0.0,False
vdr-11559,0,0.0,0,0.0,False
ws-12064,0,0.0,0,0.0,False
LPT-12563,0,0.0,0,0.0,False
LPT-10081.corp.local,0,0.0,0,0.0,False
LPT-11103.,0,0.0,0,0.0,False
WS_12660,0,0.0,0,0.0,False
VDR-11002.,0,0.0,0,0.0,False
WS_10999,0,0.0,0,0.0,False
WS-10787,0,0.0,0,0.0,False
lpt-11031,0,0.0,0,0.0,False
lpt-11414,0,0.0,0,0.0,False
VDR-12554,0,0.0,0,0.0,False
LPT-12322,0,0.0,0,0.0,False
LPT-11257,0,0.0,0,0.0,False
VDR-12032,1,75.0,2,0.73,True
VDR-12353.corp.local,0,0.0,0,0.0,False
LPT_11649,0,0.0,0,0.0,False
WS-10895,1,75.0,2,0.73,True
WS-10635,0,0.0,0,0.0,False
WS-12876,0,0.0,0,0.0,False
LPT-11483.corp.local,0,0.0,0,0.0,False
VDR-12558,0,0.0,0,0.0,False
ws-10239,0,0.0,0,0.0,False
LPT-12779,0,0.0,0,0.0,False
WS-12895.corp.local,0,0.0,0,0.0,False
VDR-12650,0,0.0,0,0.0,False
vdr-11145,0,0.0,0,0.0,False
lpt-12016,0,0.0,0,0.0,False
LPT-12109,0,0.0,0,0.0,False
LPT-12299.corp.local,0,0.0,0,0.0,False
LPT-11631,0,0.0,0,0.0,False
VDR-10532.corp.local,0,0.0,0,0.0,False
ws-10211,0,0.0,0,0.0,False
lpt-11170,0,0.0,0,0.0,False
lpt-10567,0,0.0,0,0.0,False
VDR-11264,0,0.0,0,0.0,False
vdr-12148,0,0.0,0,0.0,False
LPT-10089,0,0.0,0,0.0,False
VDR_11494,0,0.0,0,0.0,False
LPT-11459,0,0.0,0,0.0,False
WS-11543,1,75.0,2,0.73,True
vdr-11081,0,0.0,0,0.0,False
LPT-12858,1,100.0,2,0.88,True
WS_12581,0,0.0,0,0.0,False
LPT-12921.corp.local,0,0.0,0,0.0,False
VDR_10033,0,0.0,0,0.0,False
LPT-10989.corp.local,0,0.0,0,0.0,False
VDR-12386,0,0.0,0,0.0,False
VDR-10357.corp.local,0,0.0,0,0.0,False
LPT_10320,0,0.0,0,0.0,False
WS_11037,0,0.0,0,0.0,False
VDR-10209,0,0.0,0,0.0,False
VDR_10576,0,0.0,0,0.0,False
VDR-11773.corp.local,0,0.0,0,0.0,False
vdr-12560,0,0.0,0,0.0,False
LPT-10227.corp.local,0,0.0,0,0.0,False
VDR_11122,0,0.0,0,0.0,False
WS-11410,0,0.0,0,0.0,False
VDR_10485,0,0.0,0,0.0,False
LPT-12530,0,0.0,0,0.0,False
ws-12913,0,0.0,0,0.0,False
vdr-12076,0,0.0,0,0.0,False
ws-10800,0,0.0,0,0.0,False
VDR_10443,0,0.0,0,0.0,False
LPT_10122,0,0.0,0,0.0,False
WS_10553,0,0.0,0,0.0,False
WS_10344,0,0.0,0,0.0,False
WS-10764,0,0.0,0,0.0,False
LPT-11554.corp.local,0,0.0,0,0.0,False
LPT_11655,0,0.0,0,0.0,False
WS-11106,0,0.0,0,0.0,False
VDR-12022,0,0.0,0,0.0,False
vdr-11608,0,0.0,0,0.0,False
WS-10632,2,100.0,4,0.88,True
vdr-10793,0,0.0,0,0.0,False
VDR-10718.corp.local,0,0.0,0,0.0,False
lpt-11285,0,0.0,0,0.0,False
VDR-12797.corp.local,0,0.0,0,0.0,False
VDR_10406,0,0.0,0,0.0,False
ws-12398,0,0.0,0,0.0,False
lpt-12620,0,0.0,0,0.0,False
vdr-12554,0,0.0,0,0.0,False
VDR-10153,0,0.0,0,0.0,False
LPT-10075.corp.local,0,0.0,0,0.0,False
VDR_11527,0,0.0,0,0.0,False
LPT-11965,1,100.0,2,0.88,True
lpt-10274,0,0.0,0,0.0,False
LPT_10083,0,0.0,0,0.0,False
lpt-11784,0,0.0,0,0.0,False
LPT-10289.corp.local,0,0.0,0,0.0,False
vdr-12216,0,0.0,0,0.0,False
WS-11550,1,100.0,2,0.88,True
LPT-11882.corp.local,0,0.0,0,0.0,False
LPT-12438,0,0.0,0,0.0,False
LPT-10437,0,0.0,0,0.0,False
VDR_11400,0,0.0,0,0.0,False
LPT-12503,0,0.0,0,0.0,False
vdr-10756,0,0.0,0,0.0,False
LPT-12239.,0,0.0,0,0.0,False
WS-11819.corp.local,0,0.0,0,0.0,False
WS-12668.corp.local,0,0.0,0,0.0,False
LPT-10318,0,0.0,0,0.0,False
WS-12206,1,75.0,2,0.73,True
LPT_12759,0,0.0,0,0.0,False
WS-11722.,0,0.0,0,0.0,False
VDR-11718,0,0.0,0,0.0,False
VDR-11580.corp.local,0,0.0,0,0.0,False
VDR-11525,0,0.0,0,0.0,False
WS-10604,2,100.0,4,0.88,True
VDR-10801.,0,0.0,0,0.0,False
LPT_12001,0,0.0,0,0.0,False
lpt-12754,0,0.0,0,0.0,False
LPT-10182,1,75.0,2,0.73,True
WS-11079.corp.local,0,0.0,0,0.0,False
LPT-12685,0,0.0,0,0.0,False
VDR_10291,0,0.0,0,0.0,False
lpt-10678,0,0.0,0,0.0,False
LPT-10891,0,0.0,0,0.0,False
VDR-12926.corp.local,0,0.0,0,0.0,False
VDR-10248.corp.local,0,0.0,0,0.0,False
ws-11456,0,0.0,0,0.0,False
LPT-11937.corp.local,0,0.0,0,0.0,False
LPT-11770.corp.local,1,75.0,2,0.73,True
vdr-12897,0,0.0,0,0.0,False
LPT-11322.corp.local,0,0.0,0,0.0,False
VDR-12577,1,75.0,2,0.73,True
ws-11915,0,0.0,0,0.0,False
LPT_10956,0,0.0,0,0.0,False
VDR-12059,0,0.0,0,0.0,False
LPT-10026,0,0.0,0,0.0,False
vdr-10791,0,0.0,0,0.0,False
vdr-10056,0,0.0,0,0.0,False
VDR-10813.corp.local,0,0.0,0,0.0,False
vdr-10692,0,0.0,0,0.0,False
VDR-12404,0,0.0,0,0.0,False
LPT-12608,0,0.0,0,0.0,False
WS-12596.corp.local,0,0.0,0,0.0,False
LPT_10490,0,0.0,0,0.0,False
VDR_11392,0,0.0,0,0.0,False
VDR-12880,0,0.0,0,0.0,False
LPT_12575,0,0.0,0,0.0,False
VDR-12732,0,0.0,0,0.0,False
VDR-11524,0,0.0,0,0.0,False
lpt-11691,0,0.0,0,0.0,False
WS-10126,0,0.0,0,0.0,False
LPT-12722.corp.local,0,0.0,0,0.0,False
VDR-11676.,0,0.0,0,0.0,False
WS_11988,0,0.0,0,0.0,False
LPT-11866.corp.local,0,0.0,0,0.0,False
lpt-12402,0,0.0,0,0.0,False
LPT-12239,0,0.0,0,0.0,False
VDR-10885.corp.local,0,0.0,0,0.0,False
WS-12642,0,0.0,0,0.0,False
WS-10385,0,0.0,0,0.0,False
WS_11823,0,0.0,0,0.0,False
WS-11974,1,100.0,2,0.88,True
WS-12244,0,0.0,0,0.0,False
lpt-12547,0,0.0,0,0.0,False
WS-11595,0,0.0,0,0.0,False
ws-10938,0,0.0,0,0.0,False
vdr-12602,0,0.0,0,0.0,False
ws-10826,0,0.0,0,0.0,False
WS-11690.corp.local,0,0.0,0,0.0,False
ws-10812,0,0.0,0,0.0,False
LPT-12292.corp.local,0,0.0,0,0.0,False
WS-12713.corp.local,0,0.0,0,0.0,False
LPT-12600.corp.local,0,0.0,0,0.0,False
WS_11153,0,0.0,0,0.0,False
VDR_12498,0,0.0,0,0.0,False
WS-10128,0,0.0,0,0.0,False
LPT-12199,0,0.0,0,0.0,False
LPT-10159.corp.local,0,0.0,0,0.0,False
VDR-11575,0,0.0,0,0.0,False
ws-10095,0,0.0,0,0.0,False
LPT-10062,0,0.0,0,0.0,False
WS_12359,0,0.0,0,0.0,False
WS-10090,0,0.0,0,0.0,False
WS-11827.corp.local,0,0.0,0,0.0,False
ws-10722,0,0.0,0,0.0,False
lpt-12029,0,0.0,0,0.0,False
ws-10866,0,0.0,0,0.0,False
WS-12365,0,0.0,0,0.0,False
ws-12756,0,0.0,0,0.0,False
WS-10070.corp.local,0,0.0,0,0.0,False
vdr-11532,0,0.0,0,0.0,False
LPT-12542.corp.local,0,0.0,0,0.0,False
LPT-12298,0,0.0,0,0.0,False
VDR_10207,0,0.0,0,0.0,False
WS-10610.corp.local,0,0.0,0,0.0,False
VDR-12886.corp.local,0,0.0,0,0.0,False
LPT-12767,0,0.0,0,0.0,False
LPT_11257,0,0.0,0,0.0,False
LPT_10460,0,0.0,0,0.0,False
vdr-10273,0,0.0,0,0.0,False
ws-12213,0,0.0,0,0.0,False
lpt-10327,0,0.0,0,0.0,False
WS-12092.corp.local,0,0.0,0,0.0,False
LPT-10607,0,0.0,0,0.0,False
VDR-12286,1,100.0,2,0.88,True
VDR-11617,0,0.0,0,0.0,False
LPT-10425.corp.local,0,0.0,0,0.0,False
LPT-12643.,0,0.0,0,0.0,False
LPT-12754.corp.local,0,0.0,0,0.0,False
WS-10582.corp.local,0,0.0,0,0.0,False
WS-12398,0,0.0,0,0.0,False
WS-12048,0,0.0,0,0.0,False
vdr-12980,0,0.0,0,0.0,False
VDR-11118,0,0.0,0,0.0,False
vdr-10196,0,0.0,0,0.0,False
VDR-11934,0,0.0,0,0.0,False
VDR-11275,0,0.0,0,0.0,False
WS-11994.corp.local,0,0.0,0,0.0,False
LPT_12425,0,0.0,0,0.0,False
LPT-12250,0,0.0,0,0.0,False
ws-10412,0,0.0,0,0.0,False
LPT-11282,0,0.0,0,0.0,False
LPT-11060,0,0.0,0,0.0,False
LPT-11842,0,0.0,0,0.0,False
ws-12619,0,0.0,0,0.0,False
VDR-12373.corp.local,0,0.0,0,0.0,False
lpt-11371,0,0.0,0,0.0,False
VDR-10562.corp.local,0,0.0,0,0.0,False
WS-10737.corp.local,0,0.0,0,0.0,False
WS_11309,0,0.0,0,0.0,False
VDR_11068,0,0.0,0,0.0,False
WS-10397.,0,0.0,0,0.0,False
VDR-11821,0,0.0,0,0.0,False
WS-12913,0,0.0,0,0.0,False
lpt-12253,0,0.0,0,0.0,False
WS_12661,0,0.0,0,0.0,False
VDR-10238,0,0.0,0,0.0,False
VDR-10068,0,0.0,0,0.0,False
lpt-12786,0,0.0,0,0.0,False
WS-10032,1,100.0,2,0.88,True
VDR-10291,6,100.0,12,0.88,True
LPT-11040.corp.local,0,0.0,0,0.0,False
LPT-11055,0,0.0,0,0.0,False
LPT_11664,0,0.0,0,0.0,False
WS_12874,0,0.0,0,0.0,False
vdr-11821,0,0.0,0,0.0,False
LPT-10798,0,0.0,0,0.0,False
lpt-11048,0,0.0,0,0.0,False
WS-10820.corp.local,0,0.0,0,0.0,False
LPT-11891.corp.local,0,0.0,0,0.0,False
WS-12039.corp.local,0,0.0,0,0.0,False
WS-10394,0,0.0,0,0.0,False
lpt-10956,0,0.0,0,0.0,False
LPT-10789,0,0.0,0,0.0,False
LPT-11573.corp.local,0,0.0,0,0.0,False
WS_12809,0,0.0,0,0.0,False
LPT-11992,1,100.0,2,0.88,True
vdr-12784,0,0.0,0,0.0,False
vdr-12932,0,0.0,0,0.0,False
WS-10766.corp.local,0,0.0,0,0.0,False
VDR-10020,0,0.0,0,0.0,False
VDR-12308,0,0.0,0,0.0,False
LPT-11202.corp.local,0,0.0,0,0.0,False
VDR-10662,0,0.0,0,0.0,False
WS-11207.corp.local,0,0.0,0,0.0,False
LPT-10855,0,0.0,0,0.0,False
WS-10117.corp.local,0,0.0,0,0.0,False
VDR-12437.corp.local,0,0.0,0,0.0,False
VDR-11709,0,0.0,0,0.0,False
VDR-12560,1,100.0,2,0.88,True
LPT-12710,0,0.0,0,0.0,False
LPT-12314,1,100.0,2,0.88,True
WS-11849,0,0.0,0,0.0,False
WS-12118,0,0.0,0,0.0,False
vdr-12405,0,0.0,0,0.0,False
WS_12028,0,0.0,0,0.0,False
LPT_12649,0,0.0,0,0.0,False
VDR-12141.corp.local,0,0.0,0,0.0,False
lpt-10356,0,0.0,0,0.0,False
VDR_11996,0,0.0,0,0.0,False
LPT-10381,0,0.0,0,0.0,False
LPT_10275,0,0.0,0,0.0,False
WS-10515,0,0.0,0,0.0,False
WS_10774,0,0.0,0,0.0,False
WS-11562.corp.local,0,0.0,0,0.0,False
vdr-10303,0,0.0,0,0.0,False
LPT-12253,1,75.0,2,0.73,True
LPT-10104,0,0.0,0,0.0,False
LPT-11656.corp.local,0,0.0,0,0.0,False
VDR-11350,0,0.0,0,0.0,False
lpt-12375,0,0.0,0,0.0,False
lpt-10607,0,0.0,0,0.0,False
VDR-10322,11,100.0,22,0.88,True
LPT-12524.,0,0.0,0,0.0,False
WS-11548,1,100.0,2,0.88,True
LPT-11048,0,0.0,0,0.0,False
WS-10027.corp.local,0,0.0,0,0.0,False
VDR-10244.,0,0.0,0,0.0,False
ws-12390,0,0.0,0,0.0,False
vdr-10922,0,0.0,0,0.0,False
WS_12594,0,0.0,0,0.0,False
VDR_10042,0,0.0,0,0.0,False
ws-11120,0,0.0,0,0.0,False
WS_11782,0,0.0,0,0.0,False
WS-11706,0,0.0,0,0.0,False
LPT-12662.corp.local,0,0.0,0,0.0,False
LPT-12768.corp.local,0,0.0,0,0.0,False
VDR_11702,0,0.0,0,0.0,False
WS-11809.corp.local,0,0.0,0,0.0,False
lpt-11274,0,0.0,0,0.0,False
VDR_10621,0,0.0,0,0.0,False
WS_11245,0,0.0,0,0.0,False
lpt-12608,0,0.0,0,0.0,False
WS-11120,0,0.0,0,0.0,False
LPT-11238.,0,0.0,0,0.0,False
ws-10149,0,0.0,0,0.0,False
VDR-11350.corp.local,0,0.0,0,0.0,False
VDR-10514,0,0.0,0,0.0,False
ws-12124,0,0.0,0,0.0,False
LPT-12536,0,0.0,0,0.0,False
LPT-11488,0,0.0,0,0.0,False
VDR_12453,0,0.0,0,0.0,False
lpt-11484,0,0.0,0,0.0,False
VDR_12725,0,0.0,0,0.0,False
vdr-11575,0,0.0,0,0.0,False
WS-12866,0,0.0,0,0.0,False
WS-11651.corp.local,0,0.0,0,0.0,False
WS-10004.corp.local,0,0.0,0,0.0,False
LPT-12211.corp.local,0,0.0,0,0.0,False
ws-10591,0,0.0,0,0.0,False
LPT_12939,0,0.0,0,0.0,False
VDR-10077.corp.local,0,0.0,0,0.0,False
ws-11749,0,0.0,0,0.0,False
WS-10137.corp.local,0,0.0,0,0.0,False
WS_11827,0,0.0,0,0.0,False
LPT-10425,0,0.0,0,0.0,False
VDR-12163,0,0.0,0,0.0,False
VDR_10528,0,0.0,0,0.0,False
VDR-10622,0,0.0,0,0.0,False
LPT_12366,0,0.0,0,0.0,False
VDR-11388.corp.local,0,0.0,0,0.0,False
LPT-12817,0,0.0,0,0.0,False
LPT-11983,0,0.0,0,0.0,False
WS_11972,0,0.0,0,0.0,False
lpt-10590,0,0.0,0,0.0,False
LPT-11790.,0,0.0,0,0.0,False
LPT-10390.corp.local,0,0.0,0,0.0,False
WS-12097,0,0.0,0,0.0,False
VDR-12095.corp.local,0,0.0,0,0.0,False
WS_12790,0,0.0,0,0.0,False
LPT-11057,0,0.0,0,0.0,False
VDR-12324.corp.local,0,0.0,0,0.0,False
VDR-12956,0,0.0,0,0.0,False
VDR_12441,0,0.0,0,0.0,False
vdr-10923,0,0.0,0,0.0,False
LPT-10560,0,0.0,0,0.0,False
LPT_12408,0,0.0,0,0.0,False
WS_10837,0,0.0,0,0.0,False
WS-10252.corp.local,0,0.0,0,0.0,False
LPT_10719,0,0.0,0,0.0,False
vdr-12437,0,0.0,0,0.0,False
VDR-10595.,0,0.0,0,0.0,False
WS_11352,0,0.0,0,0.0,False
LPT-11178.corp.local,0,0.0,0,0.0,False
LPT-10159,0,0.0,0,0.0,False
LPT-10100,1,100.0,2,0.88,True
LPT-11551,0,0.0,0,0.0,False
VDR-11508,0,0.0,0,0.0,False
WS_10014,0,0.0,0,0.0,False
LPT_10423,0,0.0,0,0.0,False
ws-10509,0,0.0,0,0.0,False
vdr-11684,0,0.0,0,0.0,False
WS-10722.corp.local,0,0.0,0,0.0,False
ws-11372,0,0.0,0,0.0,False
WS-10876,0,0.0,0,0.0,False
WS-11865.corp.local,0,0.0,0,0.0,False
VDR-11787,0,0.0,0,0.0,False
WS-12914,0,0.0,0,0.0,False
LPT-12053.corp.local,0,0.0,0,0.0,False
vdr-11013,0,0.0,0,0.0,False
VDR-10952,0,0.0,0,0.0,False
LPT-11476.corp.local,0,0.0,0,0.0,False
LPT_11751,0,0.0,0,0.0,False
LPT_11552,0,0.0,0,0.0,False
VDR-11599,0,0.0,0,0.0,False
VDR-11796.corp.local,0,0.0,0,0.0,False
lpt-11200,0,0.0,0,0.0,False
VDR-11283,0,0.0,0,0.0,False
LPT-12805,0,0.0,0,0.0,False
lpt-11902,0,0.0,0,0.0,False
WS-10341,0,0.0,0,0.0,False
LPT-12574,0,0.0,0,0.0,False
vdr-10485,0,0.0,0,0.0,False
vdr-10480,0,0.0,0,0.0,False
WS-12686,1,100.0,2,0.88,True
VDR_11774,0,0.0,0,0.0,False
VDR-11752.corp.local,0,0.0,0,0.0,False
LPT-11085,0,0.0,0,0.0,False
VDR-10758,0,0.0,0,0.0,False
LPT-12722,0,0.0,0,0.0,False
WS-10134.,0,0.0,0,0.0,False
LPT_10451,0,0.0,0,0.0,False
LPT_11753,0,0.0,0,0.0,False
ws-11196,0,0.0,0,0.0,False
WS-10800.corp.local,0,0.0,0,0.0,False
ws-12537,0,0.0,0,0.0,False
vdr-10404,0,0.0,0,0.0,False
LPT-12322.corp.local,0,0.0,0,0.0,False
LPT-11955,0,0.0,0,0.0,False
LPT-12103,0,0.0,0,0.0,False
vdr-12212,0,0.0,0,0.0,False
LPT-12993,0,0.0,0,0.0,False
WS-12518,0,0.0,0,0.0,False
LPT_10100,0,0.0,0,0.0,False
WS-11262.corp.local,0,0.0,0,0.0,False
LPT-12826,2,100.0,4,0.88,True
ws-10686,0,0.0,0,0.0,False
VDR-10692,0,0.0,0,0.0,False
VDR-12832,0,0.0,0,0.0,False
LPT_11604,0,0.0,0,0.0,False
VDR-12591,0,0.0,0,0.0,False
vdr-12525,0,0.0,0,0.0,False
LPT-12055.corp.local,0,0.0,0,0.0,False
LPT_10897,0,0.0,0,0.0,False
VDR_12959,0,0.0,0,0.0,False
WS-11542,0,0.0,0,0.0,False
vdr-11557,0,0.0,0,0.0,False
VDR_10005,0,0.0,0,0.0,False
vdr-10335,0,0.0,0,0.0,False
LPT-10306,0,0.0,0,0.0,False
ws-12295,0,0.0,0,0.0,False
WS-10009.corp.local,0,0.0,0,0.0,False
WS-11799,0,0.0,0,0.0,False
vdr-11095,0,0.0,0,0.0,False
vdr-11033,0,0.0,0,0.0,False
WS-10174,0,0.0,0,0.0,False
VDR-11150,0,0.0,0,0.0,False
WS_10509,0,0.0,0,0.0,False
ws-11467,0,0.0,0,0.0,False
ws-10476,1,75.0,2,0.73,True
VDR-10457,0,0.0,0,0.0,False
LPT_11294,0,0.0,0,0.0,False
WS-10027,0,0.0,0,0.0,False
LPT-11382.corp.local,0,0.0,0,0.0,False
vdr-12573,0,0.0,0,0.0,False
LPT-11568.corp.local,0,0.0,0,0.0,False
VDR-11019.corp.local,0,0.0,0,0.0,False
WS_10266,0,0.0,0,0.0,False
WS-10359,0,0.0,0,0.0,False
VDR-12869,0,0.0,0,0.0,False
WS-11761.,0,0.0,0,0.0,False
ws-12760,0,0.0,0,0.0,False
WS_12682,0,0.0,0,0.0,False
vdr-10473,0,0.0,0,0.0,False
ws-10214,0,0.0,0,0.0,False
WS-12717.corp.local,0,0.0,0,0.0,False
WS-10236,0,0.0,0,0.0,False
vdr-12038,0,0.0,0,0.0,False
VDR_12318,0,0.0,0,0.0,False
LPT-11597.corp.local,0,0.0,0,0.0,False
WS-10681.corp.local,0,0.0,0,0.0,False
vdr-11989,0,0.0,0,0.0,False
ws-12394,0,0.0,0,0.0,False
WS_10512,0,0.0,0,0.0,False
WS-10334,0,0.0,0,0.0,False
VDR-11765.,0,0.0,0,0.0,False
WS_10407,0,0.0,0,0.0,False
VDR-11556.corp.local,0,0.0,0,0.0,False
VDR-11912,1,100.0,2,0.88,True
LPT-12947,0,0.0,0,0.0,False
LPT_12197,0,0.0,0,0.0,False
LPT_10364,0,0.0,0,0.0,False
LPT_12603,0,0.0,0,0.0,False
ws-11582,0,0.0,0,0.0,False
LPT-11070,0,0.0,0,0.0,False
lpt-12585,0,0.0,0,0.0,False
LPT-11990,0,0.0,0,0.0,False
WS-11447,1,75.0,2,0.73,True
LPT_12739,0,0.0,0,0.0,False
ws-10148,0,0.0,0,0.0,False
WS-12874.corp.local,0,0.0,0,0.0,False
WS-12671.corp.local,0,0.0,0,0.0,False
LPT-10382,0,0.0,0,0.0,False
VDR-11773,0,0.0,0,0.0,False
WS_11952,0,0.0,0,0.0,False
VDR-12922,0,0.0,0,0.0,False
LPT-11558.corp.local,0,0.0,0,0.0,False
VDR_10203,0,0.0,0,0.0,False
WS-11113,0,0.0,0,0.0,False
LPT_11353,0,0.0,0,0.0,False
LPT-11781.corp.local,0,0.0,0,0.0,False
VDR-10698.,0,0.0,0,0.0,False
VDR_11821,0,0.0,0,0.0,False
VDR-10179,1,100.0,2,0.88,True
LPT-12916,0,0.0,0,0.0,False
VDR-12238.corp.local,0,0.0,0,0.0,False
vdr-12598,0,0.0,0,0.0,False
WS-10187.corp.local,0,0.0,0,0.0,False
ws-12793,0,0.0,0,0.0,False
LPT-10418,0,0.0,0,0.0,False
LPT-10440,0,0.0,0,0.0,False
WS-10967,0,0.0,0,0.0,False
WS-11092,0,0.0,0,0.0,False
WS_11441,0,0.0,0,0.0,False
WS_11137,0,0.0,0,0.0,False
VDR-10124.corp.local,0,0.0,0,0.0,False
WS-12550,0,0.0,0,0.0,False
ws-12891,0,0.0,0,0.0,False
VDR_12148,0,0.0,0,0.0,False
WS-11516.corp.local,0,0.0,0,0.0,False
VDR-10614,1,100.0,2,0.88,True
WS-11037,0,0.0,0,0.0,False
VDR_10626,0,0.0,0,0.0,False
VDR_11386,0,0.0,0,0.0,False
WS-12633.corp.local,0,0.0,0,0.0,False
LPT-10347,0,0.0,0,0.0,False
LPT-10437.corp.local,0,0.0,0,0.0,False
ws-11828,0,0.0,0,0.0,False
LPT-11382,0,0.0,0,0.0,False
WS-12360,0,0.0,0,0.0,False
VDR-11407.corp.local,0,0.0,0,0.0,False
VDR-10079.corp.local,0,0.0,0,0.0,False
VDR-12330.corp.local,0,0.0,0,0.0,False
WS_11654,0,0.0,0,0.0,False
LPT-12609.,0,0.0,0,0.0,False
VDR-11660,1,100.0,2,0.88,True
WS-11261,0,0.0,0,0.0,False
LPT-12762,0,0.0,0,0.0,False
vdr-12750,0,0.0,0,0.0,False
LPT-10855.corp.local,0,0.0,0,0.0,False
LPT-12494.corp.local,0,0.0,0,0.0,False
LPT-10728.corp.local,0,0.0,0,0.0,False
WS-10243,1,100.0,3,0.92,True
lpt-12329,0,0.0,0,0.0,False
vdr-12764,0,0.0,0,0.0,False
VDR-10960.corp.local,0,0.0,0,0.0,False
WS-10163.corp.local,0,0.0,0,0.0,False
WS_11671,0,0.0,0,0.0,False
WS_10139,0,0.0,0,0.0,False
LPT-11016,0,0.0,0,0.0,False
WS-11160,0,0.0,0,0.0,False
lpt-12690,0,0.0,0,0.0,False
WS-11968.corp.local,0,0.0,0,0.0,False
lpt-10980,0,0.0,0,0.0,False
VDR-11963,0,0.0,0,0.0,False
LPT_10290,0,0.0,0,0.0,False
WS-10629,0,0.0,0,0.0,False
ws-12192,0,0.0,0,0.0,False
LPT-12795,0,0.0,0,0.0,False
LPT-12735,1,75.0,2,0.73,True
vdr-11768,0,0.0,0,0.0,False
vdr-12479,0,0.0,0,0.0,False
WS-10962,0,0.0,0,0.0,False
LPT-11294,0,0.0,0,0.0,False
VDR-11096,0,0.0,0,0.0,False
WS-11063,0,0.0,0,0.0,False
ws-10829,0,0.0,0,0.0,False
LPT-11180.corp.local,0,0.0,0,0.0,False
VDR-12251.corp.local,0,0.0,0,0.0,False
VDR-10597.corp.local,0,0.0,0,0.0,False
LPT_12354,0,0.0,0,0.0,False
LPT-12528,0,0.0,0,0.0,False
WS-10641,0,0.0,0,0.0,False
vdr-10925,0,0.0,0,0.0,False
LPT-10194,4,100.0,9,0.92,True
WS-10045,0,0.0,0,0.0,False
VDR-10118,0,0.0,0,0.0,False
VDR_10952,0,0.0,0,0.0,False
LPT-12258,0,0.0,0,0.0,False
LPT_12960,0,0.0,0,0.0,False
WS-10911.corp.local,0,0.0,0,0.0,False
VDR-10816.corp.local,0,0.0,0,0.0,False
lpt-12778,0,0.0,0,0.0,False
ws-10399,0,0.0,0,0.0,False
LPT-11483,0,0.0,0,0.0,False
VDR-11576,1,100.0,2,0.88,True
lpt-11005,0,0.0,0,0.0,False
WS-12733,0,0.0,0,0.0,False
WS-11654,0,0.0,0,0.0,False
WS-12224.corp.local,0,0.0,0,0.0,False
vdr-11264,0,0.0,0,0.0,False
lpt-10431,0,0.0,0,0.0,False
WS-10242.corp.local,0,0.0,0,0.0,False
WS-11893.corp.local,0,0.0,0,0.0,False
lpt-11655,0,0.0,0,0.0,False
WS-12128,0,0.0,0,0.0,False
LPT-10745.corp.local,0,0.0,0,0.0,False
VDR-12861.corp.local,0,0.0,0,0.0,False
LPT-12006,1,100.0,2,0.88,True
LPT-12995,0,0.0,0,0.0,False
WS-10355,0,0.0,0,0.0,False
LPT-11900.corp.local,0,0.0,0,0.0,False
VDR-12436.corp.local,0,0.0,0,0.0,False
WS-10683.,0,0.0,0,0.0,False
LPT-12582.corp.local,0,0.0,0,0.0,False
LPT-11057.corp.local,0,0.0,0,0.0,False
lpt-12998,0,0.0,0,0.0,False
VDR-11419.corp.local,0,0.0,0,0.0,False
lpt-11376,0,0.0,0,0.0,False
WS-12417,0,0.0,0,0.0,False
WS-11521,1,100.0,2,0.88,True
ws-10091,0,0.0,0,0.0,False
LPT-12331.corp.local,0,0.0,0,0.0,False
WS_10261,0,0.0,0,0.0,False
LPT_10637,0,0.0,0,0.0,False
WS_12873,0,0.0,0,0.0,False
lpt-11244,0,0.0,0,0.0,False
WS-10187,0,0.0,0,0.0,False
VDR-11767,0,0.0,0,0.0,False
WS_11648,0,0.0,0,0.0,False
LPT-12904,0,0.0,0,0.0,False
WS_10265,0,0.0,0,0.0,False
VDR-10207,0,0.0,0,0.0,False
VDR-10357,0,0.0,0,0.0,False
vdr-10007,0,0.0,0,0.0,False
WS-10625,0,0.0,0,0.0,False
VDR-12883,0,0.0,0,0.0,False
VDR-10877,0,0.0,0,0.0,False
VDR-11605.,0,0.0,0,0.0,False
LPT_11577,0,0.0,0,0.0,False
LPT_11204,0,0.0,0,0.0,False
WS_10974,0,0.0,0,0.0,False
VDR-10283,0,0.0,0,0.0,False
ws-11898,0,0.0,0,0.0,False
WS_12309,0,0.0,0,0.0,False
VDR-12890,0,0.0,0,0.0,False
WS-10185,0,0.0,0,0.0,False
LPT-11805,0,0.0,0,0.0,False
VDR-11121.corp.local,0,0.0,0,0.0,False
VDR_10673,0,0.0,0,0.0,False
LPT_12100,0,0.0,0,0.0,False
LPT-12622.corp.local,0,0.0,0,0.0,False
LPT-10318.corp.local,0,0.0,0,0.0,False
LPT_10428,0,0.0,0,0.0,False
LPT-10815.corp.local,0,0.0,0,0.0,False
VDR-10952.,0,0.0,0,0.0,False
VDR_11253,0,0.0,0,0.0,False
lpt-12609,0,0.0,0,0.0,False
LPT-11162,0,0.0,0,0.0,False
WS_10063,0,0.0,0,0.0,False
WS_11132,0,0.0,0,0.0,False
vdr-11971,0,0.0,0,0.0,False
VDR-12618,0,0.0,0,0.0,False
WS-11899.,0,0.0,0,0.0,False
VDR-11144,0,0.0,0,0.0,False
VDR-12451.corp.local,0,0.0,0,0.0,False
WS-11110,0,0.0,0,0.0,False
LPT-12381.,0,0.0,0,0.0,False
LPT-10200.corp.local,0,0.0,0,0.0,False
WS-12744,0,0.0,0,0.0,False
WS-10442,0,0.0,0,0.0,False
LPT-12349.corp.local,0,0.0,0,0.0,False
LPT-12672,0,0.0,0,0.0,False
LPT-10076,0,0.0,0,0.0,False
vdr-12181,0,0.0,0,0.0,False
WS-11706.corp.local,0,0.0,0,0.0,False
vdr-12273,0,0.0,0,0.0,False
LPT-11146.corp.local,0,0.0,0,0.0,False
VDR_12490,0,0.0,0,0.0,False
WS-10111.corp.local,0,0.0,0,0.0,False
WS-12124,0,0.0,0,0.0,False
VDR-10019.,0,0.0,0,0.0,False
LPT-12539,0,0.0,0,0.0,False
LPT-10409,0,0.0,0,0.0,False
vdr-12804,0,0.0,0,0.0,False
WS-10530.,0,0.0,0,0.0,False
WS-10704,0,0.0,0,0.0,False
ws-10594,0,0.0,0,0.0,False
LPT-10254.corp.local,0,0.0,0,0.0,False
LPT_10294,0,0.0,0,0.0,False
WS-11481.corp.local,0,0.0,0,0.0,False
lpt-12900,0,0.0,0,0.0,False
vdr-12145,0,0.0,0,0.0,False
ws-12812,0,0.0,0,0.0,False
lpt-12158,0,0.0,0,0.0,False
ws-11160,0,0.0,0,0.0,False
vdr-11812,0,0.0,0,0.0,False
vdr-11518,0,0.0,0,0.0,False
lpt-10037,0,0.0,0,0.0,False
LPT-12315.corp.local,0,0.0,0,0.0,False
LPT-12066,1,75.0,2,0.73,True
VDR_10791,0,0.0,0,0.0,False
VDR_12333,0,0.0,0,0.0,False
ws-10370,0,0.0,0,0.0,False
VDR_11510,0,0.0,0,0.0,False
LPT-10705.,0,0.0,0,0.0,False
lpt-12069,0,0.0,0,0.0,False
LPT_12291,0,0.0,0,0.0,False
WS-10722,0,0.0,0,0.0,False
VDR-11036,0,0.0,0,0.0,False
WS-10686,0,0.0,0,0.0,False
WS-12361,1,75.0,2,0.73,True
VDR-10061.corp.local,0,0.0,0,0.0,False
VDR_12483,0,0.0,0,0.0,False
WS-12267.corp.local,0,0.0,0,0.0,False
VDR_12187,0,0.0,0,0.0,False
ws-12881,0,0.0,0,0.0,False
WS_10379,0,0.0,0,0.0,False
vdr-10040,0,0.0,0,0.0,False
VDR-11757,0,0.0,0,0.0,False
WS_12179,0,0.0,0,0.0,False
LPT_10374,0,0.0,0,0.0,False
vdr-12185,0,0.0,0,0.0,False
lpt-10753,0,0.0,0,0.0,False
WS-10272.corp.local,0,0.0,0,0.0,False
LPT-10205,0,0.0,0,0.0,False
vdr-11002,0,0.0,0,0.0,False
VDR-12526,1,75.0,2,0.73,True
WS_10534,0,0.0,0,0.0,False
LPT-10423.corp.local,0,0.0,0,0.0,False
VDR-11224,0,0.0,0,0.0,False
LPT-11359,6,75.0,12,0.73,True
lpt-12106,0,0.0,0,0.0,False
LPT-10619,0,0.0,0,0.0,False
LPT_12843,0,0.0,0,0.0,False
lpt-11016,0,0.0,0,0.0,False
WS_11686,0,0.0,0,0.0,False
LPT-12110,0,0.0,0,0.0,False
VDR-10278.,0,0.0,0,0.0,False
WS-12311.corp.local,0,0.0,0,0.0,False
LPT-10104.corp.local,0,0.0,0,0.0,False
ws-10845,0,0.0,0,0.0,False
LPT-11918.corp.local,0,0.0,0,0.0,False
LPT-11689,0,0.0,0,0.0,False
vdr-10328,0,0.0,0,0.0,False
VDR-10899,0,0.0,0,0.0,False
VDR_10278,0,0.0,0,0.0,False
WS-12224,0,0.0,0,0.0,False
WS-10367.corp.local,0,0.0,0,0.0,False
LPT-10200,0,0.0,0,0.0,False
WS-11612.corp.local,0,0.0,0,0.0,False
WS_12172,0,0.0,0,0.0,False
LPT-12364,1,75.0,2,0.73,True
VDR-11989,0,0.0,0,0.0,False
VDR-10613,0,0.0,0,0.0,False
lpt-10551,0,0.0,0,0.0,False
lpt-10708,0,0.0,0,0.0,False
VDR_12403,0,0.0,0,0.0,False
VDR-10887,0,0.0,0,0.0,False
WS-11067,1,75.0,2,0.73,True
WS-12084,0,0.0,0,0.0,False
vdr-12693,0,0.0,0,0.0,False
LPT-11185.corp.local,0,0.0,0,0.0,False
WS-12036,0,0.0,0,0.0,False
LPT-10898,0,0.0,0,0.0,False
ws-11084,0,0.0,0,0.0,False
LPT_11881,0,0.0,0,0.0,False
WS-12485,0,0.0,0,0.0,False
lpt-11086,0,0.0,0,0.0,False
vdr-12593,0,0.0,0,0.0,False
VDR-11256,0,0.0,0,0.0,False
VDR-12748.corp.local,0,0.0,0,0.0,False
WS_11523,0,0.0,0,0.0,False
WS-12433,0,0.0,0,0.0,False
WS-12261,0,0.0,0,0.0,False
LPT-12615,0,0.0,0,0.0,False
WS-12632,0,0.0,0,0.0,False
VDR-12562,0,0.0,0,0.0,False
vdr-11256,0,0.0,0,0.0,False
vdr-12130,0,0.0,0,0.0,False
ws-11111,0,0.0,0,0.0,False
WS_10784,0,0.0,0,0.0,False
vdr-12797,0,0.0,0,0.0,False
WS-10048,0,0.0,0,0.0,False
WS-12219,0,0.0,0,0.0,False
WS-10078.corp.local,0,0.0,0,0.0,False
WS-10359.corp.local,0,0.0,0,0.0,False
VDR-10312,0,0.0,0,0.0,False
VDR-11387.corp.local,0,0.0,0,0.0,False
LPT_11764,0,0.0,0,0.0,False
VDR_12684,0,0.0,0,0.0,False
vdr-11531,0,0.0,0,0.0,False
LPT-12769,0,0.0,0,0.0,False
VDR-11249.corp.local,0,0.0,0,0.0,False
VDR-11798,0,0.0,0,0.0,False
WS_12931,0,0.0,0,0.0,False
LPT_12507,0,0.0,0,0.0,False
WS_11690,0,0.0,0,0.0,False
WS-11289,0,0.0,0,0.0,False
VDR-12498,0,0.0,0,0.0,False
VDR-10585.corp.local,0,0.0,0,0.0,False
lpt-12399,0,0.0,0,0.0,False
lpt-12659,0,0.0,0,0.0,False
VDR-11002,0,0.0,0,0.0,False
vdr-11439,0,0.0,0,0.0,False
LPT-10409.corp.local,0,0.0,0,0.0,False
ws-11186,0,0.0,0,0.0,False
LPT_10177,0,0.0,0,0.0,False
vdr-10952,0,0.0,0,0.0,False
vdr-11507,0,0.0,0,0.0,False
WS-11143,0,0.0,0,0.0,False
LPT-10052,7,75.0,14,0.73,True
WS-11049,0,0.0,0,0.0,False
LPT-11511,0,0.0,0,0.0,False
VDR-12949.corp.local,0,0.0,0,0.0,False
WS-10472,5,75.0,10,0.73,True
LPT-11244,0,0.0,0,0.0,False
LPT-11151,0,0.0,0,0.0,False
WS-12274.corp.local,0,0.0,0,0.0,False
vdr-10605,0,0.0,0,0.0,False
WS-12686.corp.local,0,0.0,0,0.0,False
ws-12439,0,0.0,0,0.0,False
LPT-12231,0,0.0,0,0.0,False
LPT-12167,0,0.0,0,0.0,False
VDR_11729,0,0.0,0,0.0,False
vdr-10796,0,0.0,0,0.0,False
WS-11750,0,0.0,0,0.0,False
WS-11672,0,0.0,0,0.0,False
LPT-12378,0,0.0,0,0.0,False
ws-12870,0,0.0,0,0.0,False
VDR-11916,0,0.0,0,0.0,False
ws-10584,0,0.0,0,0.0,False
VDR_11387,0,0.0,0,0.0,False
WS-11361,1,100.0,2,0.88,True
ws-12371,0,0.0,0,0.0,False
WS-11535.corp.local,0,0.0,0,0.0,False
VDR-10937,0,0.0,0,0.0,False
vdr-11195,0,0.0,0,0.0,False
VDR_12308,0,0.0,0,0.0,False
LPT-12528.corp.local,0,0.0,0,0.0,False
WS-10890,0,0.0,0,0.0,False
VDR-10116,0,0.0,0,0.0,False
VDR-11669,1,100.0,2,0.88,True
WS-11839,0,0.0,0,0.0,False
WS-12307,0,0.0,0,0.0,False
ws-11595,0,0.0,0,0.0,False
WS-10517.corp.local,0,0.0,0,0.0,False
LPT-12778,0,0.0,0,0.0,False
VDR-10146.corp.local,0,0.0,0,0.0,False
VDR-12488,0,0.0,0,0.0,False
WS_12901,0,0.0,0,0.0,False
VDR-10889.corp.local,0,0.0,0,0.0,False
VDR-12497,0,0.0,0,0.0,False
LPT-11097.corp.local,0,0.0,0,0.0,False
lpt-11714,0,0.0,0,0.0,False
LPT-10055,0,0.0,0,0.0,False
VDR_12880,0,0.0,0,0.0,False
VDR-10315,0,0.0,0,0.0,False
WS_11777,0,0.0,0,0.0,False
WS_10050,0,0.0,0,0.0,False
VDR-11600,2,75.0,4,0.73,True
LPT-11446.corp.local,0,0.0,0,0.0,False
LPT-10416,0,0.0,0,0.0,False
VDR-11002.corp.local,0,0.0,0,0.0,False
LPT-11016.corp.local,0,0.0,0,0.0,False
VDR_10237,0,0.0,0,0.0,False
VDR-11652.corp.local,0,0.0,0,0.0,False
WS_11223,0,0.0,0,0.0,False
ws-10556,0,0.0,0,0.0,False
ws-11473,0,0.0,0,0.0,False
LPT-12043.,0,0.0,0,0.0,False
VDR-12948.corp.local,0,0.0,0,0.0,False
VDR-12568,0,0.0,0,0.0,False
LPT-10511,0,0.0,0,0.0,False
WS-10774.corp.local,0,0.0,0,0.0,False
VDR-10940.corp.local,0,0.0,0,0.0,False
VDR-10644,2,75.0,4,0.73,True
VDR-10116.corp.local,0,0.0,0,0.0,False
VDR-12140.corp.local,0,0.0,0,0.0,False
lpt-12099,0,0.0,0,0.0,False
WS-11776,0,0.0,0,0.0,False
lpt-11679,0,0.0,0,0.0,False
WS-10407,0,0.0,0,0.0,False
vdr-11889,0,0.0,0,0.0,False
WS-10984,0,0.0,0,0.0,False
LPT-12231.,0,0.0,0,0.0,False
LPT-10298.corp.local,0,0.0,0,0.0,False
WS-12469,0,0.0,0,0.0,False
LPT-11349,0,0.0,0,0.0,False
lpt-10428,0,0.0,0,0.0,False
lpt-10008,0,0.0,0,0.0,False
VDR-12886,0,0.0,0,0.0,False
ws-10896,0,0.0,0,0.0,False
VDR-12180.corp.local,0,0.0,0,0.0,False
LPT-12294,1,100.0,2,0.88,True
ws-11233,0,0.0,0,0.0,False
WS-11860.corp.local,0,0.0,0,0.0,False
WS_10281,0,0.0,0,0.0,False
lpt-12205,0,0.0,0,0.0,False
vdr-10910,0,0.0,0,0.0,False
VDR-10207.corp.local,0,0.0,0,0.0,False
LPT-12006.corp.local,0,0.0,0,0.0,False
LPT-10668,0,0.0,0,0.0,False
VDR-10449,0,0.0,0,0.0,False
WS-12902.corp.local,0,0.0,0,0.0,False
vdr-10051,0,0.0,0,0.0,False
VDR-11583.corp.local,0,0.0,0,0.0,False
LPT-11834.,0,0.0,0,0.0,False
ws-11670,0,0.0,0,0.0,False
WS-10814.corp.local,0,0.0,0,0.0,False
lpt-10318,0,0.0,0,0.0,False
VDR-12395,0,0.0,0,0.0,False
WS-10739.corp.local,0,0.0,0,0.0,False
lpt-12239,0,0.0,0,0.0,False
lpt-11887,0,0.0,0,0.0,False
ws-12166,0,0.0,0,0.0,False
VDR_12463,0,0.0,0,0.0,False
vdr-10233,0,0.0,0,0.0,False
VDR-12348,0,0.0,0,0.0,False
WS-11473.corp.local,0,0.0,0,0.0,False
WS_10241,0,0.0,0,0.0,False
lpt-10401,0,0.0,0,0.0,False
vdr-11913,0,0.0,0,0.0,False
WS-11315.,0,0.0,0,0.0,False
WS_11562,0,0.0,0,0.0,False
WS_12206,0,0.0,0,0.0,False
LPT_12470,0,0.0,0,0.0,False
WS-11464,1,75.0,2,0.73,True
WS-10941,0,0.0,0,0.0,False
lpt-11052,0,0.0,0,0.0,False
VDR-12693,0,0.0,0,0.0,False
WS-11192.corp.local,0,0.0,0,0.0,False
VDR_10917,0,0.0,0,0.0,False
ws-12556,0,0.0,0,0.0,False
WS-12496.corp.local,0,0.0,0,0.0,False
WS-10770,0,0.0,0,0.0,False
lpt-10298,0,0.0,0,0.0,False
WS-12848.corp.local,0,0.0,0,0.0,False
VDR-10143.corp.local,0,0.0,0,0.0,False
LPT-11024,0,0.0,0,0.0,False
lpt-12143,0,0.0,0,0.0,False
VDR_11231,0,0.0,0,0.0,False
LPT_10459,0,0.0,0,0.0,False
vdr-10279,0,0.0,0,0.0,False
lpt-10047,0,0.0,0,0.0,False
WS-10073.corp.local,0,0.0,0,0.0,False
ws-11228,0,0.0,0,0.0,False
LPT-10258,0,0.0,0,0.0,False
vdr-10559,0,0.0,0,0.0,False
vdr-12781,0,0.0,0,0.0,False
lpt-10160,0,0.0,0,0.0,False
VDR-11500,1,75.0,2,0.73,True
LPT-12001.,0,0.0,0,0.0,False
WS-11252,0,0.0,0,0.0,False
LPT-12639.corp.local,0,0.0,0,0.0,False
WS-10943,0,0.0,0,0.0,False
LPT-11326,1,100.0,2,0.88,True
WS_11022,0,0.0,0,0.0,False
VDR-11694,0,0.0,0,0.0,False
VDR-11976,0,0.0,0,0.0,False
ws-12048,0,0.0,0,0.0,False
LPT-12829.corp.local,0,0.0,0,0.0,False
ws-11089,0,0.0,0,0.0,False
lpt-10742,0,0.0,0,0.0,False
lpt-10141,0,0.0,0,0.0,False
VDR-12030,0,0.0,0,0.0,False
WS_10082,0,0.0,0,0.0,False
LPT-12252,0,0.0,0,0.0,False
WS-12081,0,0.0,0,0.0,False
VDR-10491,0,0.0,0,0.0,False
VDR-10966,0,0.0,0,0.0,False
VDR-10303,0,0.0,0,0.0,False
ws-11139,0,0.0,0,0.0,False
VDR-10947.corp.local,0,0.0,0,0.0,False
ws-12889,0,0.0,0,0.0,False
lpt-12421,0,0.0,0,0.0,False
VDR-10867,0,0.0,0,0.0,False
ws-10137,0,0.0,0,0.0,False
LPT-10956.corp.local,0,0.0,0,0.0,False
WS-12477,0,0.0,0,0.0,False
lpt-11783,0,0.0,0,0.0,False
vdr-12386,0,0.0,0,0.0,False
LPT-12444,0,0.0,0,0.0,False
WS-11598.corp.local,0,0.0,0,0.0,False
vdr-10315,0,0.0,0,0.0,False
vdr-11942,0,0.0,0,0.0,False
VDR-10285.corp.local,0,0.0,0,0.0,False
LPT-11373,0,0.0,0,0.0,False
ws-12901,0,0.0,0,0.0,False
lpt-11322,0,0.0,0,0.0,False
ws-11044,0,0.0,0,0.0,False
vdr-12484,0,0.0,0,0.0,False
LPT-10188,0,0.0,0,0.0,False
ws-11820,0,0.0,0,0.0,False
ws-11952,0,0.0,0,0.0,False
LPT_12689,0,0.0,0,0.0,False
WS-11051.corp.local,0,0.0,0,0.0,False
LPT-12182,0,0.0,0,0.0,False
LPT-11035.corp.local,0,0.0,0,0.0,False
VDR-11305,0,0.0,0,0.0,False
VDR-12875,0,0.0,0,0.0,False
WS-10831,0,0.0,0,0.0,False
LPT-12271.corp.local,0,0.0,0,0.0,False
WS-11084,0,0.0,0,0.0,False
ws-10552,0,0.0,0,0.0,False
VDR-11136,0,0.0,0,0.0,False
ws-10506,0,0.0,0,0.0,False
ws-12720,0,0.0,0,0.0,False
WS-11362,0,0.0,0,0.0,False
vdr-12705,0,0.0,0,0.0,False
LPT-12664,0,0.0,0,0.0,False
VDR-12989,0,0.0,0,0.0,False
LPT_11409,0,0.0,0,0.0,False
LPT-12102,0,0.0,0,0.0,False
WS-10973.corp.local,0,0.0,0,0.0,False
WS_11069,0,0.0,0,0.0,False
vdr-12785,0,0.0,0,0.0,False
ws-12674,0,0.0,0,0.0,False
LPT_10129,0,0.0,0,0.0,False
WS_10341,0,0.0,0,0.0,False
LPT_10104,0,0.0,0,0.0,False
LPT-12974,0,0.0,0,0.0,False
LPT-12648,0,0.0,0,0.0,False
VDR_11147,0,0.0,0,0.0,False
vdr-12308,0,0.0,0,0.0,False
LPT_11005,0,0.0,0,0.0,False
WS-10594.corp.local,0,0.0,0,0.0,False
WS-10338,0,0.0,0,0.0,False
LPT-11668.corp.local,0,0.0,0,0.0,False
vdr-12012,0,0.0,0,0.0,False
vdr-11757,0,0.0,0,0.0,False
WS-10564.corp.local,0,0.0,0,0.0,False
VDR-12168,0,0.0,0,0.0,False
LPT-12805.,0,0.0,0,0.0,False
lpt-11907,0,0.0,0,0.0,False
WS-10163,0,0.0,0,0.0,False
vdr-11056,0,0.0,0,0.0,False
ws-10819,0,0.0,0,0.0,False
WS-11366.,0,0.0,0,0.0,False
WS_10908,0,0.0,0,0.0,False
WS-10675.corp.local,0,0.0,0,0.0,False
VDR-12836,0,0.0,0,0.0,False
ws-10371,0,0.0,0,0.0,False
vdr-12940,0,0.0,0,0.0,False
WS-10839,0,0.0,0,0.0,False
VDR-10309,0,0.0,0,0.0,False
LPT_12612,0,0.0,0,0.0,False
VDR-10044.corp.local,0,0.0,0,0.0,False
WS-11365,1,100.0,2,0.88,True
VDR_10919,0,0.0,0,0.0,False
VDR-10523.corp.local,0,0.0,0,0.0,False
LPT_12721,0,0.0,0,0.0,False
VDR-11033,0,0.0,0,0.0,False
WS_10971,0,0.0,0,0.0,False
LPT-10390,0,0.0,0,0.0,False
VDR_12526,0,0.0,0,0.0,False
vdr-11189,0,0.0,0,0.0,False
vdr-10977,0,0.0,0,0.0,False
VDR_10503,0,0.0,0,0.0,False
VDR-10658,0,0.0,0,0.0,False
WS-10332,0,0.0,0,0.0,False
WS_12319,0,0.0,0,0.0,False
ws-10187,0,0.0,0,0.0,False
vdr-11946,0,0.0,0,0.0,False
LPT_10852,0,0.0,0,0.0,False
VDR-12453.corp.local,0,0.0,0,0.0,False
WS-11475,0,0.0,0,0.0,False
VDR-10605,0,0.0,0,0.0,False
vdr-10864,0,0.0,0,0.0,False
LPT-12541,0,0.0,0,0.0,False
vdr-11118,0,0.0,0,0.0,False
VDR-12613,1,75.0,2,0.73,True
WS-12853,0,0.0,0,0.0,False
lpt-11522,0,0.0,0,0.0,False
WS_10781,0,0.0,0,0.0,False
VDR-12564,0,0.0,0,0.0,False
vdr-11676,0,0.0,0,0.0,False
lpt-11280,0,0.0,0,0.0,False
WS-11553,0,0.0,0,0.0,False
vdr-12218,0,0.0,0,0.0,False
VDR-10238.corp.local,0,0.0,0,0.0,False
VDR-11449,0,0.0,0,0.0,False
VDR_12897,0,0.0,0,0.0,False
ws-11430,0,0.0,0,0.0,False
WS-10641.corp.local,0,0.0,0,0.0,False
VDR-11421.,0,0.0,0,0.0,False
VDR-10603,1,100.0,2,0.88,True
LPT-12421.corp.local,0,0.0,0,0.0,False
LPT-10286,0,0.0,0,0.0,False
lpt-12565,0,0.0,0,0.0,False
LPT-12364.corp.local,0,0.0,0,0.0,False
ws-12802,0,0.0,0,0.0,False
lpt-12285,0,0.0,0,0.0,False
WS_12236,0,0.0,0,0.0,False
vdr-12033,0,0.0,0,0.0,False
vdr-11754,0,0.0,0,0.0,False
WS_11228,0,0.0,0,0.0,False
LPT_11105,0,0.0,0,0.0,False
lpt-10789,0,0.0,0,0.0,False
LPT_11978,0,0.0,0,0.0,False
WS-12454,0,0.0,0,0.0,False
LPT-11662,0,0.0,0,0.0,False
lpt-11572,0,0.0,0,0.0,False
VDR-10154.corp.local,0,0.0,0,0.0,False
VDR-10929,0,0.0,0,0.0,False
LPT-11176.corp.local,0,0.0,0,0.0,False
vdr-10740,0,0.0,0,0.0,False
WS-11448.corp.local,0,0.0,0,0.0,False
VDR-12042,0,0.0,0,0.0,False
LPT-12645.corp.local,0,0.0,0,0.0,False
WS-10172,0,0.0,0,0.0,False
WS_12952,0,0.0,0,0.0,False
WS-12192.corp.local,0,0.0,0,0.0,False
LPT_12927,0,0.0,0,0.0,False
LPT-11054.,0,0.0,0,0.0,False
WS-10436,0,0.0,0,0.0,False
WS-10371,0,0.0,0,0.0,False
WS_10794,0,0.0,0,0.0,False
LPT-11158.corp.local,0,0.0,0,0.0,False
WS-11686,1,100.0,2,0.88,True
LPT-10590.corp.local,0,0.0,0,0.0,False
VDR-10510,0,0.0,0,0.0,False
WS-12912,0,0.0,0,0.0,False
WS_10625,0,0.0,0,0.0,False
LPT-10398,0,0.0,0,0.0,False
LPT-12323.corp.local,0,0.0,0,0.0,False
WS-10371.corp.local,0,0.0,0,0.0,False
VDR_12450,0,0.0,0,0.0,False
WS-11078,0,0.0,0,0.0,False
VDR-11297.corp.local,0,0.0,0,0.0,False
WS-10982,0,0.0,0,0.0,False
ws-12397,0,0.0,0,0.0,False
VDR-10930,2,100.0,4,0.88,True
VDR_12248,0,0.0,0,0.0,False
lpt-11229,0,0.0,0,0.0,False
VDR_12129,0,0.0,0,0.0,False
vdr-12934,0,0.0,0,0.0,False
LPT-12807.corp.local,0,0.0,0,0.0,False
ws-11624,0,0.0,0,0.0,False
vdr-11144,0,0.0,0,0.0,False
VDR-12238,0,0.0,0,0.0,False
ws-10828,0,0.0,0,0.0,False
lpt-10405,0,0.0,0,0.0,False
WS-10004,0,0.0,0,0.0,False
VDR_12975,0,0.0,0,0.0,False
lpt-10541,0,0.0,0,0.0,False
vdr-11214,0,0.0,0,0.0,False
LPT-10173,0,0.0,0,0.0,False
LPT-10590,0,0.0,0,0.0,False
LPT-12297,0,0.0,0,0.0,False
LPT-11541,0,0.0,0,0.0,False
lpt-11880,0,0.0,0,0.0,False
VDR-11307.,0,0.0,0,0.0,False
WS-11876.corp.local,0,0.0,0,0.0,False
ws-11687,0,0.0,0,0.0,False
VDR-10138.corp.local,0,0.0,0,0.0,False
WS-11367.corp.local,0,0.0,0,0.0,False
VDR-12986,0,0.0,0,0.0,False
WS_11332,0,0.0,0,0.0,False
WS-11613,0,0.0,0,0.0,False
VDR-10833.,0,0.0,0,0.0,False
LPT-12621.corp.local,0,0.0,0,0.0,False
LPT-12689,0,0.0,0,0.0,False
LPT-10083,0,0.0,0,0.0,False
ws-12288,0,0.0,0,0.0,False
lpt-10157,0,0.0,0,0.0,False
VDR_11778,0,0.0,0,0.0,False
LPT-12877.corp.local,0,0.0,0,0.0,False
VDR-12284.corp.local,0,0.0,0,0.0,False
VDR-10532,1,75.0,2,0.73,True
LPT-12658.corp.local,0,0.0,0,0.0,False
LPT-12078,0,0.0,0,0.0,False
LPT-12055,0,0.0,0,0.0,False
vdr-12276,0,0.0,0,0.0,False
VDR_12499,0,0.0,0,0.0,False
LPT-10366,0,0.0,0,0.0,False
LPT_10854,0,0.0,0,0.0,False
LPT_12298,0,0.0,0,0.0,False
WS-10411,1,100.0,2,0.88,True
LPT-10349,0,0.0,0,0.0,False
VDR-11145.corp.local,0,0.0,0,0.0,False
WS-10432,1,100.0,2,0.88,True
VDR_10249,0,0.0,0,0.0,False
LPT_12840,0,0.0,0,0.0,False
WS-11948,1,100.0,2,0.88,True
VDR-10017,0,0.0,0,0.0,False
WS-11542.corp.local,0,0.0,0,0.0,False
LPT_10521,0,0.0,0,0.0,False
vdr-12126,0,0.0,0,0.0,False
LPT-10003,0,0.0,0,0.0,False
VDR-12525.corp.local,0,0.0,0,0.0,False
LPT-10593,0,0.0,0,0.0,False
VDR-10040,0,0.0,0,0.0,False
LPT-12807,0,0.0,0,0.0,False
LPT_12211,0,0.0,0,0.0,False
WS-12439,1,100.0,2,0.88,True
VDR-11961,0,0.0,0,0.0,False
vdr-10762,0,0.0,0,0.0,False
WS-12952.corp.local,0,0.0,0,0.0,False
VDR_10170,0,0.0,0,0.0,False
LPT-12008,1,100.0,2,0.88,True
VDR-12837,0,0.0,0,0.0,False
VDR_11249,0,0.0,0,0.0,False
ws-10332,0,0.0,0,0.0,False
WS_10699,0,0.0,0,0.0,False
WS_10632,0,0.0,0,0.0,False
VDR_11752,0,0.0,0,0.0,False
WS-11260,0,0.0,0,0.0,False
VDR-12489,1,100.0,2,0.88,True
lpt-11875,0,0.0,0,0.0,False
WS_12161,0,0.0,0,0.0,False
VDR-10161,0,0.0,0,0.0,False
VDR_11585,0,0.0,0,0.0,False
WS-11193.corp.local,0,0.0,0,0.0,False
ws-11975,0,0.0,0,0.0,False
LPT-11427.corp.local,0,0.0,0,0.0,False
VDR-10166,0,0.0,0,0.0,False
VDR_12276,0,0.0,0,0.0,False
VDR_10462,0,0.0,0,0.0,False
VDR-12141,1,75.0,2,0.73,True
lpt-10596,0,0.0,0,0.0,False
LPT-11925,0,0.0,0,0.0,False
LPT-11890.corp.local,0,0.0,0,0.0,False
VDR-10123,0,0.0,0,0.0,False
LPT-10372,0,0.0,0,0.0,False
VDR-11316.corp.local,0,0.0,0,0.0,False
WS-12341.corp.local,0,0.0,0,0.0,False
vdr-11387,0,0.0,0,0.0,False
lpt-11965,0,0.0,0,0.0,False
WS-12077.corp.local,0,0.0,0,0.0,False
LPT_12641,0,0.0,0,0.0,False
ws-12999,0,0.0,0,0.0,False
WS-12717,0,0.0,0,0.0,False
LPT-11742,0,0.0,0,0.0,False
vdr-12210,0,0.0,0,0.0,False
VDR-10152,6,100.0,12,0.88,True
VDR_10329,0,0.0,0,0.0,False
VDR-11157.corp.local,0,0.0,0,0.0,False
LPT-12840,0,0.0,0,0.0,False
LPT-10655,0,0.0,0,0.0,False
ws-12361,0,0.0,0,0.0,False
VDR-11099.corp.local,0,0.0,0,0.0,False
lpt-11716,0,0.0,0,0.0,False
WS-12317.corp.local,0,0.0,0,0.0,False
VDR-11644,0,0.0,0,0.0,False
LPT_12640,0,0.0,0,0.0,False
LPT-10948,0,0.0,0,0.0,False
LPT-12772.corp.local,0,0.0,0,0.0,False
WS-12745,1,75.0,2,0.73,True
LPT-10488,0,0.0,0,0.0,False
LPT_11790,0,0.0,0,0.0,False
VDR-11328.corp.local,0,0.0,0,0.0,False
vdr-11128,0,0.0,0,0.0,False
VDR_10600,0,0.0,0,0.0,False
LPT-12516,1,75.0,2,0.73,True
VDR-12859.corp.local,0,0.0,0,0.0,False
VDR_12181,0,0.0,0,0.0,False
WS_11064,0,0.0,0,0.0,False
LPT-10321,1,75.0,2,0.73,True
ws-12230,0,0.0,0,0.0,False
ws-11313,0,0.0,0,0.0,False
lpt-12572,0,0.0,0,0.0,False
LPT-12885.corp.local,0,0.0,0,0.0,False
vdr-11012,0,0.0,0,0.0,False
WS-10866.corp.local,0,0.0,0,0.0,False
lpt-11356,0,0.0,0,0.0,False
VDR-12129,0,0.0,0,0.0,False
vdr-10435,0,0.0,0,0.0,False
LPT-10008.corp.local,0,0.0,0,0.0,False
vdr-10703,0,0.0,0,0.0,False
lpt-10880,0,0.0,0,0.0,False
LPT-11721,0,0.0,0,0.0,False
LPT-12253.corp.local,0,0.0,0,0.0,False
VDR-10875,1,75.0,2,0.73,True
VDR-11979,0,0.0,0,0.0,False
LPT-12731,0,0.0,0,0.0,False
ws-12162,0,0.0,0,0.0,False
VDR-10335,0,0.0,0,0.0,False
VDR-11976.,0,0.0,0,0.0,False
lpt-12860,0,0.0,0,0.0,False
LPT-11707,1,100.0,2,0.88,True
LPT-12389.corp.local,0,0.0,0,0.0,False
WS-11845.corp.local,0,0.0,0,0.0,False
lpt-11908,0,0.0,0,0.0,False
VDR-11771,0,0.0,0,0.0,False
ws-11750,0,0.0,0,0.0,False
ws-11856,0,0.0,0,0.0,False
WS-12195,0,0.0,0,0.0,False
LPT-11465,0,0.0,0,0.0,False
WS-12715.,0,0.0,0,0.0,False
VDR-11980,0,0.0,0,0.0,False
VDR-10060,1,100.0,2,0.88,True
LPT-12608.corp.local,0,0.0,0,0.0,False
WS-11418,0,0.0,0,0.0,False
VDR-10386,0,0.0,0,0.0,False
WS_12559,0,0.0,0,0.0,False
VDR_10718,0,0.0,0,0.0,False
VDR-11838.corp.local,0,0.0,0,0.0,False
ws-11505,0,0.0,0,0.0,False
VDR_10756,0,0.0,0,0.0,False
lpt-12339,0,0.0,0,0.0,False
LPT-12700,0,0.0,0,0.0,False
VDR-10792,0,0.0,0,0.0,False
LPT_11024,0,0.0,0,0.0,False
vdr-10406,0,0.0,0,0.0,False
VDR_11091,0,0.0,0,0.0,False
LPT-12609,0,0.0,0,0.0,False
WS-11269.corp.local,0,0.0,0,0.0,False
lpt-12355,0,0.0,0,0.0,False
LPT_11285,0,0.0,0,0.0,False
LPT-11789,0,0.0,0,0.0,False
LPT_12265,0,0.0,0,0.0,False
VDR-10899.corp.local,0,0.0,0,0.0,False
WS-11939.corp.local,0,0.0,0,0.0,False
WS-11517,0,0.0,0,0.0,False
LPT-11726,2,100.0,4,0.88,True
LPT-12100,0,0.0,0,0.0,False
VDR-12127,0,0.0,0,0.0,False
LPT_12530,0,0.0,0,0.0,False
WS-11059,1,100.0,2,0.88,True
lpt-12737,0,0.0,0,0.0,False
WS-10352.corp.local,0,0.0,0,0.0,False
VDR-12593.corp.local,0,0.0,0,0.0,False
lpt-12331,0,0.0,0,0.0,False
VDR-11292,0,0.0,0,0.0,False
LPT-11371,0,0.0,0,0.0,False
LPT-12899.corp.local,0,0.0,0,0.0,False
WS-11347.,0,0.0,0,0.0,False
WS-12028,0,0.0,0,0.0,False
LPT_12505,0,0.0,0,0.0,False
VDR-11117,6,100.0,12,0.88,True
ws-10996,0,0.0,0,0.0,False
WS-10201.corp.local,0,0.0,0,0.0,False
vdr-10924,0,0.0,0,0.0,False
LPT_12196,0,0.0,0,0.0,False
VDR-11600.corp.local,0,0.0,0,0.0,False
LPT-11663,1,100.0,2,0.88,True
VDR-12057,2,100.0,4,0.88,True
vdr-11157,0,0.0,0,0.0,False
LPT-12102.corp.local,0,0.0,0,0.0,False
WS-10615,0,0.0,0,0.0,False
ws-11806,0,0.0,0,0.0,False
WS_10829,0,0.0,0,0.0,False
WS-12413,0,0.0,0,0.0,False
ws-12311,0,0.0,0,0.0,False
WS-10882,0,0.0,0,0.0,False
lpt-11208,0,0.0,0,0.0,False
LPT-10013.corp.local,0,0.0,0,0.0,False
VDR-12749,0,0.0,0,0.0,False
WS_11706,0,0.0,0,0.0,False
WS-12039,0,0.0,0,0.0,False
VDR_10667,0,0.0,0,0.0,False
LPT-11399.corp.local,0,0.0,0,0.0,False
VDR-12282.corp.local,0,0.0,0,0.0,False
VDR-12184,0,0.0,0,0.0,False
VDR-11921.,0,0.0,0,0.0,False
WS-12446,0,0.0,0,0.0,False
VDR-10079,0,0.0,0,0.0,False
lpt-10304,0,0.0,0,0.0,False
VDR-11081.corp.local,0,0.0,0,0.0,False
WS-12447.corp.local,0,0.0,0,0.0,False
ws-10844,0,0.0,0,0.0,False
LPT_12321,0,0.0,0,0.0,False
LPT_10215,0,0.0,0,0.0,False
LPT-10634.corp.local,0,0.0,0,0.0,False
VDR-12573,0,0.0,0,0.0,False
VDR-11531,0,0.0,0,0.0,False
LPT-11164.,0,0.0,0,0.0,False
VDR-12980,0,0.0,0,0.0,False
VDR_10977,0,0.0,0,0.0,False
LPT-11403.,0,0.0,0,0.0,False
LPT-12572.corp.local,0,0.0,0,0.0,False
lpt-10188,0,0.0,0,0.0,False
LPT-12132,0,0.0,0,0.0,False
VDR-12002,0,0.0,0,0.0,False
WS_12194,0,0.0,0,0.0,False
lpt-10144,0,0.0,0,0.0,False
lpt-12326,0,0.0,0,0.0,False
ws-10276,0,0.0,0,0.0,False
VDR-11591,1,100.0,2,0.88,True
WS-11878.corp.local,0,0.0,0,0.0,False
LPT-10401,1,100.0,2,0.88,True
WS-11477.corp.local,0,0.0,0,0.0,False
ws-11713,0,0.0,0,0.0,False
VDR_12157,0,0.0,0,0.0,False
LPT-12001.corp.local,0,0.0,0,0.0,False
LPT-11970,0,0.0,0,0.0,False
WS_11261,0,0.0,0,0.0,False
vdr-11266,0,0.0,0,0.0,False
WS-10039,0,0.0,0,0.0,False
VDR-10807,0,0.0,0,0.0,False
lpt-11178,0,0.0,0,0.0,False
lpt-11995,0,0.0,0,0.0,False
vdr-11767,0,0.0,0,0.0,False
WS-10720,0,0.0,0,0.0,False
VDR-10693,0,0.0,0,0.0,False
LPT-10245,0,0.0,0,0.0,False
WS_10760,0,0.0,0,0.0,False
LPT-10331,0,0.0,0,0.0,False
WS-10050,0,0.0,0,0.0,False
VDR-10497.corp.local,0,0.0,0,0.0,False
ws-12214,0,0.0,0,0.0,False
VDR-12979,0,0.0,0,0.0,False
WS-12561,1,75.0,2,0.73,True
lpt-12323,0,0.0,0,0.0,False
ws-12343,0,0.0,0,0.0,False
ws-10817,0,0.0,0,0.0,False
VDR-12435,0,0.0,0,0.0,False
VDR_11946,0,0.0,0,0.0,False
WS_11474,0,0.0,0,0.0,False
lpt-12316,0,0.0,0,0.0,False
LPT-12985,0,0.0,0,0.0,False
WS-11006,1,100.0,2,0.88,True
vdr-10458,0,0.0,0,0.0,False
LPT-10661,0,0.0,0,0.0,False
LPT-12065,0,0.0,0,0.0,False
ws-12923,0,0.0,0,0.0,False
VDR_12057,0,0.0,0,0.0,False
ws-11896,0,0.0,0,0.0,False
LPT-11501,0,0.0,0,0.0,False
ws-11127,0,0.0,0,0.0,False
WS_10817,0,0.0,0,0.0,False
lpt-12427,0,0.0,0,0.0,False
VDR-10234.corp.local,0,0.0,0,0.0,False
VDR-12725,0,0.0,0,0.0,False
vdr-10164,0,0.0,0,0.0,False
VDR-12821,0,0.0,0,0.0,False
lpt-11693,0,0.0,0,0.0,False
VDR-10561,1,75.0,2,0.73,True
WS-12941,0,0.0,0,0.0,False
WS_12234,0,0.0,0,0.0,False
LPT-12690.corp.local,0,0.0,0,0.0,False
vdr-11177,0,0.0,0,0.0,False
VDR-11861.corp.local,0,0.0,0,0.0,False
ws-12226,0,0.0,0,0.0,False
VDR_12163,0,0.0,0,0.0,False
LPT-12985.corp.local,0,0.0,0,0.0,False
LPT-10860,0,0.0,0,0.0,False
VDR-11195,0,0.0,0,0.0,False
WS-10115.corp.local,0,0.0,0,0.0,False
WS-10564,0,0.0,0,0.0,False
VDR_10788,0,0.0,0,0.0,False
lpt-12424,0,0.0,0,0.0,False
VDR-12748,0,0.0,0,0.0,False
LPT-12782.corp.local,0,0.0,0,0.0,False
ws-12385,0,0.0,0,0.0,False
VDR-10342.corp.local,0,0.0,0,0.0,False
VDR-11812,0,0.0,0,0.0,False
LPT_10731,0,0.0,0,0.0,False
VDR-11363.corp.local,0,0.0,0,0.0,False
lpt-11488,0,0.0,0,0.0,False
LPT-11824.corp.local,0,0.0,0,0.0,False
VDR_10700,0,0.0,0,0.0,False
VDR-12875.corp.local,0,0.0,0,0.0,False
LPT-10245.,0,0.0,0,0.0,False
VDR-11940.corp.local,0,0.0,0,0.0,False
VDR-12630,0,0.0,0,0.0,False
VDR-11396,0,0.0,0,0.0,False
VDR-10203.corp.local,0,0.0,0,0.0,False
VDR-12610,0,0.0,0,0.0,False
WS-12009,1,100.0,2,0.88,True
WS-12677.corp.local,0,0.0,0,0.0,False
VDR-12357.corp.local,0,0.0,0,0.0,False
ws-10578,0,0.0,0,0.0,False
VDR-12688,0,0.0,0,0.0,False
WS-10618,0,0.0,0,0.0,False
VDR-10740.corp.local,0,0.0,0,0.0,False
LPT-12899,0,0.0,0,0.0,False
vdr-12562,0,0.0,0,0.0,False
VDR-12374,1,75.0,2,0.73,True
LPT-11109.,0,0.0,0,0.0,False
VDR-11091.corp.local,0,0.0,0,0.0,False
WS_11548,0,0.0,0,0.0,False
LPT-11528,0,0.0,0,0.0,False
LPT-10522.corp.local,0,0.0,0,0.0,False
LPT-11190.corp.local,0,0.0,0,0.0,False
VDR-10465,0,0.0,0,0.0,False
VDR-11201.corp.local,0,0.0,0,0.0,False
ws-10163,0,0.0,0,0.0,False
VDR_12732,0,0.0,0,0.0,False
lpt-11700,0,0.0,0,0.0,False
WS-11957,0,0.0,0,0.0,False
lpt-12710,0,0.0,0,0.0,False
VDR_11804,0,0.0,0,0.0,False
VDR-10484.corp.local,0,0.0,0,0.0,False
ws-11759,0,0.0,0,0.0,False
LPT-12231.corp.local,0,0.0,0,0.0,False
WS-11713,0,0.0,0,0.0,False
VDR-11201.,0,0.0,0,0.0,False
WS-10236.corp.local,0,0.0,0,0.0,False
VDR-12757,0,0.0,0,0.0,False
lpt-12503,0,0.0,0,0.0,False
WS-11104,0,0.0,0,0.0,False
LPT-11882,0,0.0,0,0.0,False
VDR_11665,0,0.0,0,0.0,False
WS-11515.,0,0.0,0,0.0,False
VDR-12835,0,0.0,0,0.0,False
LPT-11875.corp.local,0,0.0,0,0.0,False
LPT-12611.,0,0.0,0,0.0,False
vdr-11344,0,0.0,0,0.0,False
ws-11876,0,0.0,0,0.0,False
LPT-11191,0,0.0,0,0.0,False
VDR-11681.corp.local,0,0.0,0,0.0,False
LPT-12389,0,0.0,0,0.0,False
WS-12891,0,0.0,0,0.0,False
ws-12555,0,0.0,0,0.0,False
vdr-11747,0,0.0,0,0.0,False
LPT-12134,0,0.0,0,0.0,False
lpt-12504,0,0.0,0,0.0,False
LPT-12425,5,100.0,10,0.88,True
LPT_10212,0,0.0,0,0.0,False
WS-12230,0,0.0,0,0.0,False
WS-10034,1,100.0,2,0.88,True
WS-10376,0,0.0,0,0.0,False
WS-10513.corp.local,0,0.0,0,0.0,False
VDR-12484,0,0.0,0,0.0,False
LPT-10538,0,0.0,0,0.0,False
lpt-12444,0,0.0,0,0.0,False
VDR_12119,0,0.0,0,0.0,False
WS-11221.corp.local,0,0.0,0,0.0,False
LPT_12565,0,0.0,0,0.0,False
WS-12720,0,0.0,0,0.0,False
lpt-12303,0,0.0,0,0.0,False
LPT-12382,0,0.0,0,0.0,False
VDR-10165,0,0.0,0,0.0,False
lpt-11290,0,0.0,0,0.0,False
LPT-11335,0,0.0,0,0.0,False
LPT-12146,0,0.0,0,0.0,False
LPT-11431,0,0.0,0,0.0,False
WS_11127,0,0.0,0,0.0,False
LPT-12752,0,0.0,0,0.0,False
WS_11073,0,0.0,0,0.0,False
VDR-12676,0,0.0,0,0.0,False
VDR-11602.corp.local,0,0.0,0,0.0,False
LPT-11133.corp.local,0,0.0,0,0.0,False
VDR-12781,0,0.0,0,0.0,False
WS-10969,0,0.0,0,0.0,False
VDR-11647.corp.local,0,0.0,0,0.0,False
WS-10884.corp.local,0,0.0,0,0.0,False
WS_11308,0,0.0,0,0.0,False
vdr-10846,0,0.0,0,0.0,False
LPT-12377.corp.local,0,0.0,0,0.0,False
VDR-10501,0,0.0,0,0.0,False
VDR-10601.corp.local,0,0.0,0,0.0,False
VDR-10667.corp.local,0,0.0,0,0.0,False
VDR-12277,0,0.0,0,0.0,False
WS-12614,0,0.0,0,0.0,False
VDR-11537,0,0.0,0,0.0,False
LPT-11197,0,0.0,0,0.0,False
LPT-11288.corp.local,0,0.0,0,0.0,False
LPT-11638.,0,0.0,0,0.0,False
VDR-10404,0,0.0,0,0.0,False
WS-10301.corp.local,0,0.0,0,0.0,False
ws-10032,0,0.0,0,0.0,False
ws-11460,0,0.0,0,0.0,False
VDR_10072,0,0.0,0,0.0,False
VDR-10477,2,75.0,4,0.73,True
ws-12605,0,0.0,0,0.0,False
WS-10115,0,0.0,0,0.0,False
ws-12368,0,0.0,0,0.0,False
LPT-11148.corp.local,0,0.0,0,0.0,False
VDR_10659,0,0.0,0,0.0,False
LPT-10127.corp.local,0,0.0,0,0.0,False
LPT-12911,1,75.0,2,0.73,True
LPT_12457,0,0.0,0,0.0,False
LPT-11175.corp.local,0,0.0,0,0.0,False
lpt-12305,0,0.0,0,0.0,False
lpt-10731,0,0.0,0,0.0,False
VDR_11405,0,0.0,0,0.0,False
VDR-11199.corp.local,0,0.0,0,0.0,False
WS-12514,0,0.0,0,0.0,False
lpt-11554,0,0.0,0,0.0,False
lpt-10198,0,0.0,0,0.0,False
LPT-12737,0,0.0,0,0.0,False
LPT-10734,0,0.0,0,0.0,False
WS-12828,0,0.0,0,0.0,False
VDR-11877.corp.local,0,0.0,0,0.0,False
vdr-11205,0,0.0,0,0.0,False
lpt-11786,0,0.0,0,0.0,False
WS-12515.corp.local,0,0.0,0,0.0,False
LPT-10904.corp.local,0,0.0,0,0.0,False
WS_12287,0,0.0,0,0.0,False
VDR-12342,0,0.0,0,0.0,False
vdr-10350,0,0.0,0,0.0,False
VDR_11576,0,0.0,0,0.0,False
LPT-10122,0,0.0,0,0.0,False
WS-10524,0,0.0,0,0.0,False
WS_11041,0,0.0,0,0.0,False
WS_11348,0,0.0,0,0.0,False
ws-12232,0,0.0,0,0.0,False
LPT_12653,0,0.0,0,0.0,False
WS-12830,0,0.0,0,0.0,False
LPT-11031.,0,0.0,0,0.0,False
VDR-10170,0,0.0,0,0.0,False
LPT-12275.corp.local,0,0.0,0,0.0,False
vdr-11046,0,0.0,0,0.0,False
vdr-12362,0,0.0,0,0.0,False
VDR-10640,0,0.0,0,0.0,False
WS-10946,0,0.0,0,0.0,False
vdr-12732,0,0.0,0,0.0,False
lpt-11978,0,0.0,0,0.0,False
LPT-11489,0,0.0,0,0.0,False
WS-11819,0,0.0,0,0.0,False
lpt-10653,0,0.0,0,0.0,False
VDR-12972.corp.local,0,0.0,0,0.0,False
lpt-12015,0,0.0,0,0.0,False
LPT-11299,0,0.0,0,0.0,False
LPT-10366.corp.local,0,0.0,0,0.0,False
WS_10997,0,0.0,0,0.0,False
lpt-12061,0,0.0,0,0.0,False
LPT-11902,1,100.0,2,0.88,True
LPT_12792,0,0.0,0,0.0,False
ws-10155,0,0.0,0,0.0,False
vdr-11479,0,0.0,0,0.0,False
VDR-11449.,0,0.0,0,0.0,False
VDR-10296,7,100.0,16,0.92,True
VDR_12836,0,0.0,0,0.0,False
vdr-11940,0,0.0,0,0.0,False
LPT-12408.corp.local,0,0.0,0,0.0,False
lpt-12636,0,0.0,0,0.0,False
lpt-12916,0,0.0,0,0.0,False
VDR-10109,0,0.0,0,0.0,False
lpt-11254,0,0.0,0,0.0,False
VDR-11231,0,0.0,0,0.0,False
ws-12931,0,0.0,0,0.0,False
WS_12136,0,0.0,0,0.0,False
lpt-11116,0,0.0,0,0.0,False
WS-11370.corp.local,0,0.0,0,0.0,False
VDR-12897.corp.local,0,0.0,0,0.0,False
LPT-10583,1,75.0,2,0.73,True
vdr-12278,0,0.0,0,0.0,False
VDR-11298,5,75.0,10,0.73,True
LPT-12634.corp.local,0,0.0,0,0.0,False
ws-11502,0,0.0,0,0.0,False
VDR-11338.corp.local,0,0.0,0,0.0,False
VDR-11061,1,100.0,2,0.88,True
LPT-12377,0,0.0,0,0.0,False
WS_11469,0,0.0,0,0.0,False
WS-12931.,0,0.0,0,0.0,False
LPT-11881,0,0.0,0,0.0,False
VDR-12324,0,0.0,0,0.0,False
WS-10181,0,0.0,0,0.0,False
ws-10652,0,0.0,0,0.0,False
LPT-10364.corp.local,0,0.0,0,0.0,False
lpt-11185,0,0.0,0,0.0,False
WS-10448,0,0.0,0,0.0,False
LPT_10054,0,0.0,0,0.0,False
ws-10228,0,0.0,0,0.0,False
LPT-10679.corp.local,0,0.0,0,0.0,False
WS-11621.corp.local,0,0.0,0,0.0,False
LPT-10682.corp.local,0,0.0,0,0.0,False
lpt-11109,0,0.0,0,0.0,False
vdr-12270,0,0.0,0,0.0,False
LPT_11960,0,0.0,0,0.0,False
LPT-11088,0,0.0,0,0.0,False
WS_12317,0,0.0,0,0.0,False
LPT-11825,0,0.0,0,0.0,False
VDR-10457.corp.local,0,0.0,0,0.0,False
VDR-12554.corp.local,0,0.0,0,0.0,False
WS-12851,1,75.0,2,0.73,True
LPT-11107,0,0.0,0,0.0,False
ws-11686,0,0.0,0,0.0,False
VDR-10146,0,0.0,0,0.0,False
VDR-12725.corp.local,0,0.0,0,0.0,False
VDR_12958,0,0.0,0,0.0,False
vdr-11400,0,0.0,0,0.0,False
VDR-11215,0,0.0,0,0.0,False
ws-10979,0,0.0,0,0.0,False
LPT-12414,0,0.0,0,0.0,False
VDR-12865,1,100.0,2,0.88,True
VDR-11932.,0,0.0,0,0.0,False
VDR-10310,0,0.0,0,0.0,False
ws-10272,0,0.0,0,0.0,False
WS-10660,0,0.0,0,0.0,False
VDR-11946,0,0.0,0,0.0,False
LPT_12510,0,0.0,0,0.0,False
VDR-10765,0,0.0,0,0.0,False
WS-12217.corp.local,0,0.0,0,0.0,False
LPT_10217,0,0.0,0,0.0,False
VDR_12113,0,0.0,0,0.0,False
lpt-10463,0,0.0,0,0.0,False
lpt-12583,0,0.0,0,0.0,False
lpt-10898,0,0.0,0,0.0,False
WS-10974,0,0.0,0,0.0,False
WS-11911,0,0.0,0,0.0,False
WS_11358,0,0.0,0,0.0,False
LPT-10290,0,0.0,0,0.0,False
LPT-11649,0,0.0,0,0.0,False
WS-12246,0,0.0,0,0.0,False
LPT-10810,0,0.0,0,0.0,False
VDR-11314,0,0.0,0,0.0,False
VDR-12958.corp.local,0,0.0,0,0.0,False
vdr-11746,0,0.0,0,0.0,False
LPT_11640,0,0.0,0,0.0,False
lpt-12470,0,0.0,0,0.0,False
vdr-12579,0,0.0,0,0.0,False
LPT_10439,0,0.0,0,0.0,False
WS-11620,0,0.0,0,0.0,False
vdr-12251,0,0.0,0,0.0,False
WS_11538,0,0.0,0,0.0,False
VDR-10466,0,0.0,0,0.0,False
VDR-11933,0,0.0,0,0.0,False
ws-11352,0,0.0,0,0.0,False
lpt-10286,0,0.0,0,0.0,False
LPT-10717,0,0.0,0,0.0,False
ws-10417,0,0.0,0,0.0,False
lpt-10081,0,0.0,0,0.0,False
WS_10048,0,0.0,0,0.0,False
LPT-12061,0,0.0,0,0.0,False
WS-11972,0,0.0,0,0.0,False
VDR-12638,0,0.0,0,0.0,False
LPT-11941.corp.local,0,0.0,0,0.0,False
VDR-10007,0,0.0,0,0.0,False
vdr-11628,0,0.0,0,0.0,False
VDR-10942,0,0.0,0,0.0,False
LPT-12402.corp.local,0,0.0,0,0.0,False
ws-11295,0,0.0,0,0.0,False
WS-11360,4,75.0,8,0.73,True
ws-10953,0,0.0,0,0.0,False
WS-11761,0,0.0,0,0.0,False
VDR-10715.,0,0.0,0,0.0,False
WS_10697,0,0.0,0,0.0,False
lpt-12852,0,0.0,0,0.0,False
LPT_12704,0,0.0,0,0.0,False
VDR-10086,0,0.0,0,0.0,False
LPT-10580,0,0.0,0,0.0,False
LPT-10738.corp.local,0,0.0,0,0.0,False
WS-11836,0,0.0,0,0.0,False
WS-10256,0,0.0,0,0.0,False
WS-12267,0,0.0,0,0.0,False
lpt-12296,0,0.0,0,0.0,False
WS_10500,0,0.0,0,0.0,False
vdr-10255,0,0.0,0,0.0,False
VDR_12458,0,0.0,0,0.0,False
VDR-11179,0,0.0,0,0.0,False
lpt-12297,0,0.0,0,0.0,False
WS-12356,0,0.0,0,0.0,False
WS_12115,0,0.0,0,0.0,False
lpt-12584,0,0.0,0,0.0,False
WS_10415,0,0.0,0,0.0,False
WS-11595.corp.local,0,0.0,0,0.0,False
LPT-10541.corp.local,0,0.0,0,0.0,False
LPT-11425,0,0.0,0,0.0,False
lpt-10103,0,0.0,0,0.0,False
WS-10970,0,0.0,0,0.0,False
ws-10946,0,0.0,0,0.0,False
LPT-10197,1,100.0,2,0.88,True
WS-12390.corp.local,0,0.0,0,0.0,False
LPT_10863,0,0.0,0,0.0,False
LPT-10047,0,0.0,0,0.0,False
LPT-10755,0,0.0,0,0.0,False
VDR-10503,0,0.0,0,0.0,False
VDR-10086.corp.local,0,0.0,0,0.0,False
VDR-11343,0,0.0,0,0.0,False
VDR-10208,0,0.0,0,0.0,False
LPT-11728.corp.local,0,0.0,0,0.0,False
VDR-10949,0,0.0,0,0.0,False
LPT-11004,0,0.0,0,0.0,False
ws-11854,0,0.0,0,0.0,False
VDR-11681,0,0.0,0,0.0,False
WS-10048.corp.local,0,0.0,0,0.0,False
VDR-12932.corp.local,0,0.0,0,0.0,False
ws-10774,0,0.0,0,0.0,False
VDR-12857,1,100.0,2,0.88,True
VDR-10608,1,75.0,2,0.73,True
VDR_11874,0,0.0,0,0.0,False
WS-12266.corp.local,0,0.0,0,0.0,False
WS_12512,0,0.0,0,0.0,False
VDR-11912.corp.local,0,0.0,0,0.0,False
LPT-12639,0,0.0,0,0.0,False
VDR-11493,0,0.0,0,0.0,False
LPT-10920.,0,0.0,0,0.0,False
VDR-10906.,0,0.0,0,0.0,False
WS-11391.corp.local,0,0.0,0,0.0,False
VDR-10166.corp.local,0,0.0,0,0.0,False
VDR-11439.corp.local,0,0.0,0,0.0,False
ws-11463,0,0.0,0,0.0,False
VDR-11527,0,0.0,0,0.0,False
lpt-11162,0,0.0,0,0.0,False
WS-11739,0,0.0,0,0.0,False
lpt-12691,0,0.0,0,0.0,False
LPT_12813,0,0.0,0,0.0,False
lpt-11219,0,0.0,0,0.0,False
WS-10191,0,0.0,0,0.0,False
LPT_11202,0,0.0,0,0.0,False
LPT_10985,0,0.0,0,0.0,False
vdr-12040,0,0.0,0,0.0,False
LPT-10106,0,0.0,0,0.0,False
ws-12194,0,0.0,0,0.0,False
VDR-11591.corp.local,0,0.0,0,0.0,False
ws-10610,0,0.0,0,0.0,False
ws-11743,0,0.0,0,0.0,False
WS_10145,0,0.0,0,0.0,False
ws-11563,0,0.0,0,0.0,False
LPT-12961,0,0.0,0,0.0,False
WS_11968,0,0.0,0,0.0,False
LPT-11870.,0,0.0,0,0.0,False
LPT-12086.corp.local,0,0.0,0,0.0,False
lpt-11029,0,0.0,0,0.0,False
WS_12523,0,0.0,0,0.0,False
WS-12774,0,0.0,0,0.0,False
VDR-10444.corp.local,0,0.0,0,0.0,False
LPT_11115,0,0.0,0,0.0,False
LPT-10294,0,0.0,0,0.0,False
LPT-12900,0,0.0,0,0.0,False
vdr-12184,0,0.0,0,0.0,False
ws-12036,0,0.0,0,0.0,False
ws-10984,0,0.0,0,0.0,False
ws-10737,0,0.0,0,0.0,False
vdr-11653,0,0.0,0,0.0,False
vdr-12336,0,0.0,0,0.0,False
WS-11565,0,0.0,0,0.0,False
WS-11381.corp.local,0,0.0,0,0.0,False
WS-11374,0,0.0,0,0.0,False
LPT_11398,0,0.0,0,0.0,False
VDR-11047.,0,0.0,0,0.0,False
WS-12161,0,0.0,0,0.0,False
VDR-10693.corp.local,0,0.0,0,0.0,False
WS_11737,0,0.0,0,0.0,False
WS-12723,0,0.0,0,0.0,False
vdr-11976,0,0.0,0,0.0,False
LPT-12730,0,0.0,0,0.0,False
WS-12818,0,0.0,0,0.0,False
VDR-12558.corp.local,0,0.0,0,0.0,False
WS_10844,0,0.0,0,0.0,False
VDR-10666,0,0.0,0,0.0,False
LPT-11833,0,0.0,0,0.0,False
WS-11782,0,0.0,0,0.0,False
vdr-12052,0,0.0,0,0.0,False
VDR_12875,0,0.0,0,0.0,False
WS-11997,0,0.0,0,0.0,False
LPT-12954,0,0.0,0,0.0,False
VDR-10740,0,0.0,0,0.0,False
VDR_11145,0,0.0,0,0.0,False
LPT-11674,0,0.0,0,0.0,False
VDR-12157,0,0.0,0,0.0,False
LPT-11983.corp.local,0,0.0,0,0.0,False
lpt-11837,0,0.0,0,0.0,False
VDR-12090.corp.local,0,0.0,0,0.0,False
WS-12950,0,0.0,0,0.0,False
VDR-12663,0,0.0,0,0.0,False
vdr-11091,0,0.0,0,0.0,False
WS_10121,0,0.0,0,0.0,False
LPT-12381,0,0.0,0,0.0,False
lpt-10041,0,0.0,0,0.0,False
LPT-10356.corp.local,0,0.0,0,0.0,False
LPT_11705,0,0.0,0,0.0,False
vdr-11811,0,0.0,0,0.0,False
lpt-12993,0,0.0,0,0.0,False
WS-11986,1,100.0,2,0.88,True
lpt-11884,0,0.0,0,0.0,False
ws-10189,0,0.0,0,0.0,False
VDR-11272.corp.local,0,0.0,0,0.0,False
vdr-12820,0,0.0,0,0.0,False
LPT-11960,0,0.0,0,0.0,False
lpt-11181,0,0.0,0,0.0,False
vdr-11861,0,0.0,0,0.0,False
lpt-12078,0,0.0,0,0.0,False
VDR-10380.corp.local,0,0.0,0,0.0,False
LPT_10410,0,0.0,0,0.0,False
ws-12345,0,0.0,0,0.0,False
VDR-10529.,0,0.0,0,0.0,False
vdr-10138,0,0.0,0,0.0,False
LPT-11834.corp.local,0,0.0,0,0.0,False
WS-11245.,0,0.0,0,0.0,False
VDR_10019,0,0.0,0,0.0,False
vdr-12832,0,0.0,0,0.0,False
WS-11523,0,0.0,0,0.0,False
WS_11384,0,0.0,0,0.0,False
LPT_12659,0,0.0,0,0.0,False
vdr-12856,0,0.0,0,0.0,False
VDR_11499,0,0.0,0,0.0,False
VDR_11038,0,0.0,0,0.0,False
vdr-12021,0,0.0,0,0.0,False
VDR-10577,1,75.0,2,0.73,True
LPT-10779,0,0.0,0,0.0,False
LPT-12229,0,0.0,0,0.0,False
LPT-10851.corp.local,0,0.0,0,0.0,False
LPT-11984,1,75.0,2,0.73,True
WS-10534,0,0.0,0,0.0,False
ws-11006,0,0.0,0,0.0,False
LPT-11180,0,0.0,0,0.0,False
WS-10591,0,0.0,0,0.0,False
LPT-12114,0,0.0,0,0.0,False
ws-10453,0,0.0,0,0.0,False
WS-10696.corp.local,0,0.0,0,0.0,False
WS_12406,0,0.0,0,0.0,False
WS_12344,0,0.0,0,0.0,False
LPT-11790,1,75.0,2,0.73,True
WS-10128.corp.local,0,0.0,0,0.0,False
WS-10369,0,0.0,0,0.0,False
LPT-10452,0,0.0,0,0.0,False
VDR-10495,0,0.0,0,0.0,False
vdr-12313,0,0.0,0,0.0,False
LPT-12347,0,0.0,0,0.0,False
VDR-10835.,0,0.0,0,0.0,False
ws-11443,0,0.0,0,0.0,False
VDR-12705,0,0.0,0,0.0,False
lpt-10560,0,0.0,0,0.0,False
LPT-12607,1,75.0,2,0.73,True
VDR_12254,0,0.0,0,0.0,False
WS_10884,0,0.0,0,0.0,False
WS-10695.corp.local,0,0.0,0,0.0,False
vdr-10608,0,0.0,0,0.0,False
WS-10832.corp.local,0,0.0,0,0.0,False
lpt-10609,0,0.0,0,0.0,False
VDR-11426,1,75.0,2,0.73,True
LPT-11512,1,75.0,2,0.73,True
LPT_11028,0,0.0,0,0.0,False
lpt-12183,0,0.0,0,0.0,False
WS-12067,1,75.0,2,0.73,True
VDR-10482,0,0.0,0,0.0,False
vdr-10247,0,0.0,0,0.0,False
LPT-12027,1,100.0,2,0.88,True
LPT_10898,0,0.0,0,0.0,False
ws-10433,0,0.0,0,0.0,False
ws-12485,0,0.0,0,0.0,False
LPT-11285.corp.local,0,0.0,0,0.0,False
LPT-11116,1,100.0,2,0.88,True
vdr-12978,0,0.0,0,0.0,False
VDR-12803,1,100.0,2,0.88,True
VDR-12976.,0,0.0,0,0.0,False
LPT_10381,0,0.0,0,0.0,False
WS-10695,1,75.0,2,0.73,True
ws-11461,0,0.0,0,0.0,False
WS-11211.corp.local,0,0.0,0,0.0,False
WS-12667,0,0.0,0,0.0,False
VDR-11316,1,75.0,2,0.73,True
WS-10301.,0,0.0,0,0.0,False
LPT-12587,0,0.0,0,0.0,False
VDR_11201,0,0.0,0,0.0,False
VDR-12063,1,100.0,2,0.88,True
LPT-11472,1,100.0,2,0.88,True
ws-10982,0,0.0,0,0.0,False
LPT-11183,0,0.0,0,0.0,False
LPT-10811,0,0.0,0,0.0,False
WS-10531,0,0.0,0,0.0,False
LPT-10563,0,0.0,0,0.0,False
WS_10737,0,0.0,0,0.0,False
lpt-11085,0,0.0,0,0.0,False
VDR-12190,0,0.0,0,0.0,False
LPT-11656,0,0.0,0,0.0,False
VDR-12148,0,0.0,0,0.0,False
LPT-10065,0,0.0,0,0.0,False
vdr-10019,0,0.0,0,0.0,False
lpt-11138,0,0.0,0,0.0,False
VDR-10396.corp.local,0,0.0,0,0.0,False
VDR-11008.corp.local,0,0.0,0,0.0,False
WS-10725,1,100.0,2,0.88,True
VDR_11327,0,0.0,0,0.0,False
VDR_12776,0,0.0,0,0.0,False
LPT-12697,0,0.0,0,0.0,False
LPT-10525,0,0.0,0,0.0,False
VDR-10147,0,0.0,0,0.0,False
vdr-12384,0,0.0,0,0.0,False
VDR-11846,0,0.0,0,0.0,False
VDR-10528,0,0.0,0,0.0,False
LPT-11181.corp.local,0,0.0,0,0.0,False
WS-10313.corp.local,0,0.0,0,0.0,False
LPT-10671.corp.local,0,0.0,0,0.0,False
WS_12368,0,0.0,0,0.0,False
vdr-10012,0,0.0,0,0.0,False
vdr-12543,0,0.0,0,0.0,False
VDR_12979,0,0.0,0,0.0,False
VDR-11610.,0,0.0,0,0.0,False
WS-10288,1,75.0,2,0.73,True
VDR-10795.corp.local,0,0.0,0,0.0,False
VDR-10299.corp.local,0,0.0,0,0.0,False
lpt-11950,0,0.0,0,0.0,False
LPT_11184,0,0.0,0,0.0,False
WS-11309.corp.local,0,0.0,0,0.0,False
WS-12728.corp.local,0,0.0,0,0.0,False
LPT-12383,0,0.0,0,0.0,False
VDR-10585,0,0.0,0,0.0,False
WS-10938.corp.local,0,0.0,0,0.0,False
WS-11839.corp.local,0,0.0,0,0.0,False
VDR-10342,0,0.0,0,0.0,False
LPT-12635,0,0.0,0,0.0,False
VDR-10031,0,0.0,0,0.0,False
VDR-10799.corp.local,0,0.0,0,0.0,False
lpt-11131,0,0.0,0,0.0,False
lpt-12507,0,0.0,0,0.0,False
ws-10178,0,0.0,0,0.0,False
WS-11975,0,0.0,0,0.0,False
VDR_11388,0,0.0,0,0.0,False
WS-10979,0,0.0,0,0.0,False
LPT-11736,0,0.0,0,0.0,False
VDR-12757.corp.local,0,0.0,0,0.0,False
WS-10241,0,0.0,0,0.0,False
WS_12913,0,0.0,0,0.0,False
ws-11994,0,0.0,0,0.0,False
lpt-12990,0,0.0,0,0.0,False
WS-10868,0,0.0,0,0.0,False
LPT_11745,0,0.0,0,0.0,False
LPT-11484.corp.local,0,0.0,0,0.0,False
vdr-11969,0,0.0,0,0.0,False
WS-12661,0,0.0,0,0.0,False
LPT-10106.corp.local,0,0.0,0,0.0,False
ws-10201,0,0.0,0,0.0,False
LPT-12951,0,0.0,0,0.0,False
WS-10412,0,0.0,0,0.0,False
VDR-12956.,0,0.0,0,0.0,False
LPT-11981,0,0.0,0,0.0,False
VDR-10038.corp.local,0,0.0,0,0.0,False
WS-10137,0,0.0,0,0.0,False
WS-11172,0,0.0,0,0.0,False
VDR_12480,0,0.0,0,0.0,False
VDR-10519.corp.local,0,0.0,0,0.0,False
WS_12401,0,0.0,0,0.0,False
WS-10806,1,75.0,2,0.73,True
LPT-10112,1,100.0,2,0.88,True
LPT-12741,0,0.0,0,0.0,False
LPT_10250,0,0.0,0,0.0,False
WS_12671,0,0.0,0,0.0,False
VDR_10688,0,0.0,0,0.0,False
LPT-11270,0,0.0,0,0.0,False
VDR-11771.corp.local,0,0.0,0,0.0,False
LPT_11489,0,0.0,0,0.0,False
ws-10043,0,0.0,0,0.0,False
VDR-10299,0,0.0,0,0.0,False
LPT-11452.corp.local,0,0.0,0,0.0,False
LPT-11432,0,0.0,0,0.0,False
LPT-12612,0,0.0,0,0.0,False
VDR-12384.corp.local,0,0.0,0,0.0,False
VDR_12332,0,0.0,0,0.0,False
vdr-10203,0,0.0,0,0.0,False
LPT-12641,1,100.0,2,0.88,True
VDR-11892,0,0.0,0,0.0,False
LPT-11726.corp.local,0,0.0,0,0.0,False
vdr-12490,0,0.0,0,0.0,False
vdr-12567,0,0.0,0,0.0,False
vdr-12857,0,0.0,0,0.0,False
WS_11141,0,0.0,0,0.0,False
LPT_10821,0,0.0,0,0.0,False
WS_12246,0,0.0,0,0.0,False
VDR-11729.corp.local,0,0.0,0,0.0,False
WS_11924,0,0.0,0,0.0,False
VDR-10362,0,0.0,0,0.0,False
vdr-10267,0,0.0,0,0.0,False
LPT-10229.corp.local,0,0.0,0,0.0,False
WS_12128,0,0.0,0,0.0,False
ws-11075,0,0.0,0,0.0,False
VDR-10922,0,0.0,0,0.0,False
ws-11450,0,0.0,0,0.0,False
LPT-11637.corp.local,0,0.0,0,0.0,False
VDR-10267,0,0.0,0,0.0,False
ws-11289,0,0.0,0,0.0,False
LPT_10650,0,0.0,0,0.0,False
WS_11211,0,0.0,0,0.0,False
LPT-11452.,0,0.0,0,0.0,False
WS-10786,1,100.0,2,0.88,True
LPT-11816,0,0.0,0,0.0,False
VDR-11090,2,100.0,4,0.88,True
LPT-12046,1,100.0,2,0.88,True
LPT-10963,0,0.0,0,0.0,False
VDR-11578.corp.local,0,0.0,0,0.0,False
lpt-12843,0,0.0,0,0.0,False
LPT-10101.corp.local,0,0.0,0,0.0,False
vdr-10240,0,0.0,0,0.0,False
WS_10970,0,0.0,0,0.0,False
WS-12442,0,0.0,0,0.0,False
lpt-10593,0,0.0,0,0.0,False
VDR-12058,0,0.0,0,0.0,False
LPT_10705,0,0.0,0,0.0,False
WS_11633,0,0.0,0,0.0,False
VDR-11969,0,0.0,0,0.0,False
VDR_10501,0,0.0,0,0.0,False
LPT-10198.corp.local,0,0.0,0,0.0,False
LPT-11428,0,0.0,0,0.0,False
WS-11657,0,0.0,0,0.0,False
LPT-12783,0,0.0,0,0.0,False
lpt-10364,0,0.0,0,0.0,False
LPT-10345,0,0.0,0,0.0,False
VDR-10833,0,0.0,0,0.0,False
vdr-11082,0,0.0,0,0.0,False
LPT-10410,0,0.0,0,0.0,False
WS-12028.corp.local,0,0.0,0,0.0,False
WS-12576,0,0.0,0,0.0,False
VDR-11676,0,0.0,0,0.0,False
LPT-10424.corp.local,0,0.0,0,0.0,False
lpt-10434,0,0.0,0,0.0,False
LPT-11781,0,0.0,0,0.0,False
WS-11863,0,0.0,0,0.0,False
VDR_12856,0,0.0,0,0.0,False
LPT-10912,4,100.0,8,0.88,True
vdr-10907,0,0.0,0,0.0,False
WS-12850,0,0.0,0,0.0,False
WS-11847.corp.local,0,0.0,0,0.0,False
WS_10287,0,0.0,0,0.0,False
LPT-10464,1,75.0,2,0.73,True
WS-11367,0,0.0,0,0.0,False
WS-10817.corp.local,0,0.0,0,0.0,False
VDR-11081,1,75.0,2,0.73,True
WS-10102.corp.local,0,0.0,0,0.0,False
WS-11850,0,0.0,0,0.0,False
LPT_10522,0,0.0,0,0.0,False
vdr-10805,0,0.0,0,0.0,False
VDR_10533,0,0.0,0,0.0,False
lpt-11685,0,0.0,0,0.0,False
LPT_10745,0,0.0,0,0.0,False
ws-10681,0,0.0,0,0.0,False
VDR-11747.corp.local,0,0.0,0,0.0,False
LPT-11627.corp.local,0,0.0,0,0.0,False
VDR_12153,0,0.0,0,0.0,False
WS_12736,0,0.0,0,0.0,False
lpt-12644,0,0.0,0,0.0,False
WS-12188.corp.local,0,0.0,0,0.0,False
WS-12868,0,0.0,0,0.0,False
LPT-10921,0,0.0,0,0.0,False
LPT-12260,1,100.0,2,0.88,True
VDR-11266,1,100.0,2,0.88,True
LPT-10384,0,0.0,0,0.0,False
VDR_10489,0,0.0,0,0.0,False
LPT-12440,0,0.0,0,0.0,False
WS-10933.corp.local,0,0.0,0,0.0,False
LPT_12877,0,0.0,0,0.0,False
ws-12189,0,0.0,0,0.0,False
LPT-11857,0,0.0,0,0.0,False
LPT-12582,0,0.0,0,0.0,False
LPT-12296.corp.local,0,0.0,0,0.0,False
LPT-10980,1,75.0,2,0.73,True
LPT-10065.corp.local,0,0.0,0,0.0,False
WS-10113.corp.local,0,0.0,0,0.0,False
VDR-11927,0,0.0,0,0.0,False
LPT-12946,1,75.0,2,0.73,True
LPT-12045,0,0.0,0,0.0,False
LPT-12250.,0,0.0,0,0.0,False
WS_10675,0,0.0,0,0.0,False
lpt-10752,0,0.0,0,0.0,False
VDR_11217,0,0.0,0,0.0,False
WS_12818,0,0.0,0,0.0,False
VDR_11074,0,0.0,0,0.0,False
LPT_11149,0,0.0,0,0.0,False
VDR_10299,0,0.0,0,0.0,False
LPT-11691.,0,0.0,0,0.0,False
LPT-11512.corp.local,0,0.0,0,0.0,False
ws-12081,0,0.0,0,0.0,False
VDR_11532,0,0.0,0,0.0,False
VDR-10793.corp.local,0,0.0,0,0.0,False
LPT-12565,0,0.0,0,0.0,False
VDR-12034.corp.local,0,0.0,0,0.0,False
LPT-10250,0,0.0,0,0.0,False
VDR-12216,0,0.0,0,0.0,False
VDR-10346.corp.local,0,0.0,0,0.0,False
VDR-11206,0,0.0,0,0.0,False
LPT-12540,0,0.0,0,0.0,False
WS-11172.corp.local,0,0.0,0,0.0,False
ws-11080,0,0.0,0,0.0,False
VDR-12153,0,0.0,0,0.0,False
WS-11317.corp.local,0,0.0,0,0.0,False
vdr-12527,0,0.0,0,0.0,False
vdr-12338,0,0.0,0,0.0,False
lpt-12643,0,0.0,0,0.0,False
VDR-10206.corp.local,0,0.0,0,0.0,False
LPT-10092.corp.local,0,0.0,0,0.0,False
VDR-12091,0,0.0,0,0.0,False
LPT-10221,0,0.0,0,0.0,False
vdr-11411,0,0.0,0,0.0,False
LPT-11607,0,0.0,0,0.0,False
LPT-10271,1,75.0,2,0.73,True
VDR_10877,0,0.0,0,0.0,False
lpt-11616,0,0.0,0,0.0,False
VDR-11610.corp.local,0,0.0,0,0.0,False
WS-11601,0,0.0,0,0.0,False
vdr-11394,0,0.0,0,0.0,False
vdr-11727,0,0.0,0,0.0,False
lpt-12110,0,0.0,0,0.0,False
WS_12495,0,0.0,0,0.0,False
WS-10385.corp.local,0,0.0,0,0.0,False
WS_11948,0,0.0,0,0.0,False
ws-10572,0,0.0,0,0.0,False
WS-10572,0,0.0,0,0.0,False
WS-10417,0,0.0,0,0.0,False
LPT-10951,0,0.0,0,0.0,False
LPT-11626,0,0.0,0,0.0,False
VDR-11622,0,0.0,0,0.0,False
VDR-10700,0,0.0,0,0.0,False
VDR-10535,0,0.0,0,0.0,False
ws-11475,0,0.0,0,0.0,False
LPT-10670,1,100.0,2,0.88,True
VDR-12665.corp.local,0,0.0,0,0.0,False
VDR-12338,0,0.0,0,0.0,False
ws-11737,0,0.0,0,0.0,False
LPT_12998,0,0.0,0,0.0,False
LPT-10551,0,0.0,0,0.0,False
WS_11565,0,0.0,0,0.0,False
LPT-10097,0,0.0,0,0.0,False
WS-10379,0,0.0,0,0.0,False
LPT-10912.corp.local,0,0.0,0,0.0,False
VDR-12040.corp.local,0,0.0,0,0.0,False
WS-11923.,0,0.0,0,0.0,False
ws-12666,0,0.0,0,0.0,False
ws-11564,0,0.0,0,0.0,False
WS-11454.corp.local,0,0.0,0,0.0,False
ws-11366,0,0.0,0,0.0,False
VDR-12784.corp.local,0,0.0,0,0.0,False
VDR-12160,0,0.0,0,0.0,False
lpt-10939,0,0.0,0,0.0,False
LPT-10936,0,0.0,0,0.0,False
LPT_11116,0,0.0,0,0.0,False
LPT_12807,0,0.0,0,0.0,False
VDR_11099,0,0.0,0,0.0,False
lpt-10424,0,0.0,0,0.0,False
vdr-12526,0,0.0,0,0.0,False
LPT_11373,0,0.0,0,0.0,False
VDR-10732,0,0.0,0,0.0,False
LPT-12507.corp.local,0,0.0,0,0.0,False
LPT-11577.corp.local,0,0.0,0,0.0,False
VDR-12663.,0,0.0,0,0.0,False
ws-11601,0,0.0,0,0.0,False
WS-11563.corp.local,0,0.0,0,0.0,False
vdr-12464,0,0.0,0,0.0,False
WS-10579.,0,0.0,0,0.0,False
ws-12445,0,0.0,0,0.0,False
WS_11939,0,0.0,0,0.0,False
WS-11564,0,0.0,0,0.0,False
WS-10819.corp.local,0,0.0,0,0.0,False
WS-11336,0,0.0,0,0.0,False
VDR_10527,0,0.0,0,0.0,False
LPT-12648.corp.local,0,0.0,0,0.0,False
VDR_10293,0,0.0,0,0.0,False
WS-10370,1,100.0,2,0.88,True
VDR-12893.corp.local,0,0.0,0,0.0,False
LPT-10011,0,0.0,0,0.0,False
LPT-10731,0,0.0,0,0.0,False
VDR-10736,0,0.0,0,0.0,False
VDR_10231,0,0.0,0,0.0,False
VDR-10143,0,0.0,0,0.0,False
LPT-11254,1,100.0,2,0.88,True
vdr-12423,0,0.0,0,0.0,False
VDR-10523,0,0.0,0,0.0,False
WS_10730,0,0.0,0,0.0,False
WS-11406,0,0.0,0,0.0,False
WS-10507,0,0.0,0,0.0,False
LPT_10463,0,0.0,0,0.0,False
LPT-10691,0,0.0,0,0.0,False
LPT-10771,0,0.0,0,0.0,False
WS_12606,0,0.0,0,0.0,False
WS-10476,0,0.0,0,0.0,False
VDR-10756,0,0.0,0,0.0,False
LPT-12708,0,0.0,0,0.0,False
WS-11567,0,0.0,0,0.0,False
WS-10430.corp.local,0,0.0,0,0.0,False
VDR-10354,0,0.0,0,0.0,False
lpt-12645,0,0.0,0,0.0,False
WS-10683,0,0.0,0,0.0,False
lpt-11663,0,0.0,0,0.0,False
VDR-12095,0,0.0,0,0.0,False
LPT-12763,0,0.0,0,0.0,False
VDR-10443,0,0.0,0,0.0,False
lpt-11526,0,0.0,0,0.0,False
LPT-12662,1,100.0,2,0.88,True
lpt-11501,0,0.0,0,0.0,False
lpt-11561,0,0.0,0,0.0,False
WS-10073,0,0.0,0,0.0,False
LPT_10372,0,0.0,0,0.0,False
vdr-12357,0,0.0,0,0.0,False
LPT-12649,0,0.0,0,0.0,False
lpt-10927,0,0.0,0,0.0,False
LPT_12899,0,0.0,0,0.0,False
VDR_12650,0,0.0,0,0.0,False
VDR-11625.corp.local,0,0.0,0,0.0,False
LPT_11476,0,0.0,0,0.0,False
WS-12915.corp.local,0,0.0,0,0.0,False
WS-10059,1,100.0,2,0.88,True
LPT_10194,0,0.0,0,0.0,False
LPT-12228,1,75.0,2,0.73,True
VDR_10631,0,0.0,0,0.0,False
LPT-10657,0,0.0,0,0.0,False
VDR-10716.corp.local,0,0.0,0,0.0,False
LPT-10950,0,0.0,0,0.0,False
VDR-11872.corp.local,0,0.0,0,0.0,False
lpt-10676,0,0.0,0,0.0,False
VDR-10776,0,0.0,0,0.0,False
WS-12003,1,75.0,2,0.73,True
WS-10606.,0,0.0,0,0.0,False
WS-10991,0,0.0,0,0.0,False
LPT-12029.corp.local,0,0.0,0,0.0,False
WS_12713,0,0.0,0,0.0,False
WS-10873,0,0.0,0,0.0,False
vdr-11236,0,0.0,0,0.0,False
lpt-10511,0,0.0,0,0.0,False
VDR_12430,0,0.0,0,0.0,False
VDR-12324.,0,0.0,0,0.0,False
VDR-12025.corp.local,0,0.0,0,0.0,False
LPT_11704,0,0.0,0,0.0,False
VDR-11240,0,0.0,0,0.0,False
LPT_10921,0,0.0,0,0.0,False
VDR-11702,0,0.0,0,0.0,False
WS-12716.corp.local,0,0.0,0,0.0,False
ws-11374,0,0.0,0,0.0,False
LPT-10872,0,0.0,0,0.0,False
WS-11671,0,0.0,0,0.0,False
WS-10461.corp.local,0,0.0,0,0.0,False
LPT-11011.corp.local,0,0.0,0,0.0,False
WS_10574,0,0.0,0,0.0,False
VDR-11195.corp.local,0,0.0,0,0.0,False
lpt-11057,0,0.0,0,0.0,False
VDR_10246,0,0.0,0,0.0,False
lpt-12167,0,0.0,0,0.0,False
lpt-12641,0,0.0,0,0.0,False
VDR_10326,0,0.0,0,0.0,False
WS-11724,0,0.0,0,0.0,False
VDR-11255,0,0.0,0,0.0,False
vdr-11036,0,0.0,0,0.0,False
WS-12495.corp.local,0,0.0,0,0.0,False
lpt-12102,0,0.0,0,0.0,False
VDR-12513.,0,0.0,0,0.0,False
VDR-12091.corp.local,0,0.0,0,0.0,False
ws-10540,0,0.0,0,0.0,False
VDR-11632.,0,0.0,0,0.0,False
LPT-10447,0,0.0,0,0.0,False
WS-10959,0,0.0,0,0.0,False
VDR-10328.corp.local,0,0.0,0,0.0,False
WS_12862,0,0.0,0,0.0,False
VDR-12847,0,0.0,0,0.0,False
VDR_10598,0,0.0,0,0.0,False
WS-11725,1,100.0,2,0.88,True
VDR-11389,0,0.0,0,0.0,False
LPT-10452.corp.local,1,75.0,2,0.73,True
LPT-11149,0,0.0,0,0.0,False
LPT_10183,0,0.0,0,0.0,False
ws-11039,0,0.0,0,0.0,False
lpt-11788,0,0.0,0,0.0,False
WS-12172,0,0.0,0,0.0,False
LPT-12532,0,0.0,0,0.0,False
VDR-12490.corp.local,0,0.0,0,0.0,False
lpt-10779,0,0.0,0,0.0,False
WS-10973,0,0.0,0,0.0,False
VDR-10051,0,0.0,0,0.0,False
LPT-12201.,0,0.0,0,0.0,False
vdr-12281,0,0.0,0,0.0,False
VDR-11653.corp.local,0,0.0,0,0.0,False
WS-11194,1,100.0,2,0.88,True
VDR-12063.corp.local,0,0.0,0,0.0,False
WS-10665,0,0.0,0,0.0,False
WS-12392,1,75.0,2,0.73,True
ws-12642,0,0.0,0,0.0,False
VDR-10010.corp.local,0,0.0,0,0.0,False
WS-12194,0,0.0,0,0.0,False
VDR-11946.corp.local,0,0.0,0,0.0,False
LPT-11918,0,0.0,0,0.0,False
LPT-10657.,0,0.0,0,0.0,False
LPT-11239,0,0.0,0,0.0,False
VDR-12972,0,0.0,0,0.0,False
VDR-12152,0,0.0,0,0.0,False
WS-12666,0,0.0,0,0.0,False
lpt-12800,0,0.0,0,0.0,False
VDR-12593,0,0.0,0,0.0,False
WS-11859,0,0.0,0,0.0,False
LPT-10834.corp.local,0,0.0,0,0.0,False
VDR_10519,0,0.0,0,0.0,False
WS-12798.corp.local,0,0.0,0,0.0,False
ws-11078,0,0.0,0,0.0,False
WS_12571,0,0.0,0,0.0,False
lpt-11015,0,0.0,0,0.0,False
lpt-11115,0,0.0,0,0.0,False
WS-12204,0,0.0,0,0.0,False
VDR-10328,0,0.0,0,0.0,False
WS-12848,0,0.0,0,0.0,False
WS-12256,0,0.0,0,0.0,False
vdr-12453,0,0.0,0,0.0,False
VDR_11188,0,0.0,0,0.0,False
lpt-12538,0,0.0,0,0.0,False
WS-12531,1,100.0,2,0.88,True
vdr-12893,0,0.0,0,0.0,False
WS-11390,1,75.0,2,0.73,True
LPT-11978,0,0.0,0,0.0,False
vdr-12991,0,0.0,0,0.0,False
VDR-12684,0,0.0,0,0.0,False
WS-11535,0,0.0,0,0.0,False
ws-10507,0,0.0,0,0.0,False
WS-11261.corp.local,0,0.0,0,0.0,False
lpt-11234,0,0.0,0,0.0,False
VDR-10388,1,75.0,2,0.73,True
lpt-12939,0,0.0,0,0.0,False
VDR-10343.corp.local,0,0.0,0,0.0,False
LPT_11506,0,0.0,0,0.0,False
ws-10697,0,0.0,0,0.0,False
VDR-11351.corp.local,0,0.0,0,0.0,False
VDR-11958,1,100.0,2,0.88,True
WS-11441,0,0.0,0,0.0,False
WS-12668,0,0.0,0,0.0,False
WS_12576,0,0.0,0,0.0,False
LPT_12620,0,0.0,0,0.0,False
ws-12546,0,0.0,0,0.0,False
vdr-10555,0,0.0,0,0.0,False
LPT-12585,0,0.0,0,0.0,False
vdr-11150,0,0.0,0,0.0,False
VDR-12905.corp.local,0,0.0,0,0.0,False
WS-12724,0,0.0,0,0.0,False
WS-11856.corp.local,0,0.0,0,0.0,False
LPT-12517,0,0.0,0,0.0,False
VDR-12332,0,0.0,0,0.0,False
VDR-12435.corp.local,0,0.0,0,0.0,False
LPT-12884,0,0.0,0,0.0,False
lpt-10375,0,0.0,0,0.0,False
LPT-11528.corp.local,0,0.0,0,0.0,False
LPT-11800,0,0.0,0,0.0,False
LPT_10670,0,0.0,0,0.0,False
VDR-10744.,0,0.0,0,0.0,False
LPT-12969,0,0.0,0,0.0,False
WS-11827,0,0.0,0,0.0,False
WS-12350,0,0.0,0,0.0,False
LPT_11140,0,0.0,0,0.0,False
LPT-10734.corp.local,0,0.0,0,0.0,False
VDR-12465,0,0.0,0,0.0,False
WS-10239,0,0.0,0,0.0,False
VDR_10778,0,0.0,0,0.0,False
ws-10145,0,0.0,0,0.0,False
lpt-12083,0,0.0,0,0.0,False
LPT-12107,0,0.0,0,0.0,False
WS-11898,0,0.0,0,0.0,False
WS-11119,0,0.0,0,0.0,False
WS-10800,0,0.0,0,0.0,False
vdr-11999,0,0.0,0,0.0,False
lpt-11800,0,0.0,0,0.0,False
LPT-11742.corp.local,0,0.0,0,0.0,False
lpt-10547,0,0.0,0,0.0,False
LPT-11770,0,0.0,0,0.0,False
vdr-12282,0,0.0,0,0.0,False
LPT_12767,0,0.0,0,0.0,False
LPT-11903,1,100.0,2,0.88,True
LPT-11534,0,0.0,0,0.0,False
lpt-10850,0,0.0,0,0.0,False
LPT-11027,0,0.0,0,0.0,False
LPT-11658.corp.local,0,0.0,0,0.0,False
VDR-11328,0,0.0,0,0.0,False
LPT-10651.,0,0.0,0,0.0,False
lpt-12962,0,0.0,0,0.0,False
VDR-12820,1,75.0,2,0.73,True
WS-10652,0,0.0,0,0.0,False
WS_11468,0,0.0,0,0.0,False
VDR-11210.corp.local,0,0.0,0,0.0,False
WS-10784,1,100.0,2,0.88,True
LPT-12641.corp.local,0,0.0,0,0.0,False
VDR-11625,0,0.0,0,0.0,False
VDR-10772.corp.local,0,0.0,0,0.0,False
vdr-11328,0,0.0,0,0.0,False
lpt-10840,0,0.0,0,0.0,False
VDR-11268.corp.local,0,0.0,0,0.0,False
LPT-12486,0,0.0,0,0.0,False
VDR_10792,0,0.0,0,0.0,False
lpt-12664,0,0.0,0,0.0,False
VDR-11611,1,100.0,2,0.88,True
ws-12334,0,0.0,0,0.0,False
LPT-11506,0,0.0,0,0.0,False
vdr-11404,0,0.0,0,0.0,False
LPT-10702.,0,0.0,0,0.0,False
ws-11547,0,0.0,0,0.0,False
vdr-10132,0,0.0,0,0.0,False
LPT-12520,0,0.0,0,0.0,False
lpt-12440,0,0.0,0,0.0,False
WS-10264,0,0.0,0,0.0,False
vdr-10057,0,0.0,0,0.0,False
LPT-12654,0,0.0,0,0.0,False
lpt-11446,0,0.0,0,0.0,False
WS_11289,0,0.0,0,0.0,False
WS-12742.corp.local,0,0.0,0,0.0,False
VDR-10659,0,0.0,0,0.0,False
LPT-10797.corp.local,0,0.0,0,0.0,False
LPT-10420,0,0.0,0,0.0,False
vdr-12630,0,0.0,0,0.0,False
lpt-11780,0,0.0,0,0.0,False
lpt-12414,0,0.0,0,0.0,False
WS-10836.,0,0.0,0,0.0,False
LPT-10426,1,75.0,2,0.73,True
LPT-10976,0,0.0,0,0.0,False
LPT-10002,0,0.0,0,0.0,False
LPT-10446.corp.local,0,0.0,0,0.0,False
LPT-10094.corp.local,0,0.0,0,0.0,False
vdr-10838,0,0.0,0,0.0,False
WS-11953,0,0.0,0,0.0,False
ws-11009,0,0.0,0,0.0,False
WS-12914.corp.local,0,0.0,0,0.0,False
VDR-10362.corp.local,0,0.0,0,0.0,False
LPT-11181,0,0.0,0,0.0,False
ws-12929,0,0.0,0,0.0,False
WS-12925,0,0.0,0,0.0,False
lpt-12240,0,0.0,0,0.0,False
WS-12406,0,0.0,0,0.0,False
WS-10518,0,0.0,0,0.0,False
LPT-12167.corp.local,0,0.0,0,0.0,False
VDR-12832.corp.local,0,0.0,0,0.0,False
ws-10064,0,0.0,0,0.0,False
VDR-11585,1,100.0,2,0.88,True
LPT_12600,0,0.0,0,0.0,False
LPT_12240,0,0.0,0,0.0,False
WS-11393.corp.local,0,0.0,0,0.0,False
lpt-11539,0,0.0,0,0.0,False
LPT-11700,0,0.0,0,0.0,False
vdr-12740,0,0.0,0,0.0,False
lpt-10440,0,0.0,0,0.0,False
lpt-10451,0,0.0,0,0.0,False
WS-12309,1,75.0,2,0.73,True
VDR-10335.corp.local,0,0.0,0,0.0,False
LPT-10169,0,0.0,0,0.0,False
vdr-12333,0,0.0,0,0.0,False
lpt-12735,0,0.0,0,0.0,False
WS-10953,0,0.0,0,0.0,False
lpt-11689,0,0.0,0,0.0,False
VDR-12247,0,0.0,0,0.0,False
LPT-12534,0,0.0,0,0.0,False
LPT-10850,0,0.0,0,0.0,False
vdr-10206,0,0.0,0,0.0,False
WS-12887,0,0.0,0,0.0,False
ws-11953,0,0.0,0,0.0,False
LPT-12735.corp.local,0,0.0,0,0.0,False
vdr-10077,0,0.0,0,0.0,False
WS-12346,1,100.0,2,0.88,True
VDR_10315,0,0.0,0,0.0,False
lpt-11789,0,0.0,0,0.0,False
vdr-10343,0,0.0,0,0.0,False
WS_10027,0,0.0,0,0.0,False
vdr-10072,0,0.0,0,0.0,False
VDR-11999,0,0.0,0,0.0,False
VDR_12948,0,0.0,0,0.0,False
LPT-11857.corp.local,0,0.0,0,0.0,False
VDR-12513,0,0.0,0,0.0,False
WS-10156,0,0.0,0,0.0,False
vdr-10758,0,0.0,0,0.0,False
WS-10389,0,0.0,0,0.0,False
WS_10979,0,0.0,0,0.0,False
WS_12417,0,0.0,0,0.0,False
VDR-10732.corp.local,0,0.0,0,0.0,False
WS_12267,0,0.0,0,0.0,False
WS_11688,0,0.0,0,0.0,False
LPT-10548,0,0.0,0,0.0,False
VDR-10642,0,0.0,0,0.0,False
VDR-10805,0,0.0,0,0.0,False
vdr-10662,0,0.0,0,0.0,False
WS-10836.corp.local,0,0.0,0,0.0,False
VDR-11594,0,0.0,0,0.0,False
WS_11533,0,0.0,0,0.0,False
WS-11474,0,0.0,0,0.0,False
WS-11823,0,0.0,0,0.0,False
lpt-12134,0,0.0,0,0.0,False
LPT-12428.corp.local,0,0.0,0,0.0,False
WS-12341,1,100.0,2,0.88,True
WS-11477.,0,0.0,0,0.0,False
LPT-10863,0,0.0,0,0.0,False
VDR-10570,1,100.0,2,0.88,True
WS-11682,0,0.0,0,0.0,False
WS-10512.corp.local,0,0.0,0,0.0,False
WS_11750,0,0.0,0,0.0,False
lpt-12010,0,0.0,0,0.0,False
vdr-11487,0,0.0,0,0.0,False
vdr-11666,0,0.0,0,0.0,False
LPT-10001.,0,0.0,0,0.0,False
LPT-10025,0,0.0,0,0.0,False
VDR-10387.corp.local,0,0.0,0,0.0,False
VDR-11056,0,0.0,0,0.0,False
lpt-10129,0,0.0,0,0.0,False
LPT-11129,0,0.0,0,0.0,False
WS_12108,0,0.0,0,0.0,False
LPT-12347.,0,0.0,0,0.0,False
VDR-10864.corp.local,0,0.0,0,0.0,False
VDR-12859,0,0.0,0,0.0,False
WS-10982.,0,0.0,0,0.0,False
WS-11467.corp.local,0,0.0,0,0.0,False
LPT-10129,0,0.0,0,0.0,False
WS_11329,0,0.0,0,0.0,False
lpt-11060,0,0.0,0,0.0,False
VDR-12940.corp.local,0,0.0,0,0.0,False
VDR-11954,0,0.0,0,0.0,False
VDR_10110,0,0.0,0,0.0,False
VDR_12131,0,0.0,0,0.0,False
WS-11590,0,0.0,0,0.0,False
VDR-11494,0,0.0,0,0.0,False
LPT-12011.corp.local,0,0.0,0,0.0,False
LPT-12474,0,0.0,0,0.0,False
vdr-10124,0,0.0,0,0.0,False
VDR-10279,1,100.0,2,0.88,True
WS-11026.corp.local,0,0.0,0,0.0,False
LPT-10785.corp.local,0,0.0,0,0.0,False
WS_11514,0,0.0,0,0.0,False
LPT_11792,0,0.0,0,0.0,False
WS-10400,0,0.0,0,0.0,False
ws-10660,0,0.0,0,0.0,False
LPT-11356,0,0.0,0,0.0,False
WS-10932.corp.local,0,0.0,0,0.0,False
lpt-11209,0,0.0,0,0.0,False
VDR-10598,0,0.0,0,0.0,False
LPT-12969.,0,0.0,0,0.0,False
ws-10049,0,0.0,0,0.0,False
ws-12518,0,0.0,0,0.0,False
VDR-12825.corp.local,0,0.0,0,0.0,False
WS-10620,0,0.0,0,0.0,False
vdr-12328,0,0.0,0,0.0,False
WS_10371,0,0.0,0,0.0,False
WS_12798,1,75.0,2,0.73,True
lpt-12476,0,0.0,0,0.0,False
VDR-12254,1,75.0,2,0.73,True
VDR-11482,0,0.0,0,0.0,False
LPT-12792,0,0.0,0,0.0,False
WS_10419,0,0.0,0,0.0,False
VDR_10677,0,0.0,0,0.0,False
ws-10730,0,0.0,0,0.0,False
lpt-10483,0,0.0,0,0.0,False
lpt-10066,0,0.0,0,0.0,False
WS-10429.corp.local,0,0.0,0,0.0,False
LPT-10345.corp.local,0,0.0,0,0.0,False
LPT_12424,1,75.0,2,0.73,True
vdr-10060,0,0.0,0,0.0,False
LPT-11837,0,0.0,0,0.0,False
VDR-12734,0,0.0,0,0.0,False
WS-12812.corp.local,0,0.0,0,0.0,False
WS-12473.corp.local,0,0.0,0,0.0,False
lpt-10323,0,0.0,0,0.0,False
LPT-12197,0,0.0,0,0.0,False
LPT_12229,0,0.0,0,0.0,False
LPT-12094.corp.local,0,0.0,0,0.0,False
lpt-10378,0,0.0,0,0.0,False
LPT-11238,0,0.0,0,0.0,False
lpt-10021,0,0.0,0,0.0,False
lpt-12829,0,0.0,0,0.0,False
WS-12511.corp.local,0,0.0,0,0.0,False
LPT-11271,0,0.0,0,0.0,False
WS-12166.,0,0.0,0,0.0,False
WS-12765,0,0.0,0,0.0,False
ws-12788,0,0.0,0,0.0,False
LPT-10131.corp.local,0,0.0,0,0.0,False
ws-10882,0,0.0,0,0.0,False
LPT-12747,1,75.0,2,0.73,True
vdr-10147,0,0.0,0,0.0,False
VDR-12707.corp.local,0,0.0,0,0.0,False
LPT-10769,0,0.0,0,0.0,False
VDR-11991,0,0.0,0,0.0,False
lpt-11683,0,0.0,0,0.0,False
lpt-11190,0,0.0,0,0.0,False
LPT_12921,0,0.0,0,0.0,False
WS-12605,0,0.0,0,0.0,False
WS-12491,1,75.0,2,0.73,True
LPT-12575,0,0.0,0,0.0,False
VDR_11843,0,0.0,0,0.0,False
WS_12397,0,0.0,0,0.0,False
LPT_10931,0,0.0,0,0.0,False
LPT-12425.corp.local,0,0.0,0,0.0,False
VDR-11634,0,0.0,0,0.0,False
WS_12047,0,0.0,0,0.0,False
VDR-12825,1,100.0,2,0.88,True
WS-10874,0,0.0,0,0.0,False
lpt-11175,0,0.0,0,0.0,False
lpt-10935,0,0.0,0,0.0,False
lpt-12612,0,0.0,0,0.0,False
WS-11687,0,0.0,0,0.0,False
LPT-12069.corp.local,0,0.0,0,0.0,False
vdr-12847,0,0.0,0,0.0,False
WS-10513,1,100.0,2,0.88,True
LPT_10378,0,0.0,0,0.0,False
LPT-11568,0,0.0,0,0.0,False
LPT-12510,0,0.0,0,0.0,False
VDR-10438.corp.local,0,0.0,0,0.0,False
WS-12839,0,0.0,0,0.0,False
VDR-11429,0,0.0,0,0.0,False
WS_12929,0,0.0,0,0.0,False
VDR_10328,0,0.0,0,0.0,False
vdr-11014,0,0.0,0,0.0,False
VDR-12180,1,100.0,2,0.88,True
WS-11372.,0,0.0,0,0.0,False
lpt-12223,0,0.0,0,0.0,False
LPT-12098,1,100.0,2,0.88,True
VDR-12784,0,0.0,0,0.0,False
VDR-10293.corp.local,0,0.0,0,0.0,False
LPT-11219.corp.local,0,0.0,0,0.0,False
WS-11809,0,0.0,0,0.0,False
VDR-12187,0,0.0,0,0.0,False
vdr-11586,0,0.0,0,0.0,False
LPT-11990.corp.local,0,0.0,0,0.0,False
VDR-10713,0,0.0,0,0.0,False
vdr-11647,0,0.0,0,0.0,False
WS_12726,0,0.0,0,0.0,False
vdr-12926,0,0.0,0,0.0,False
LPT_11721,0,0.0,0,0.0,False
LPT-12683,0,0.0,0,0.0,False
VDR-12709,0,0.0,0,0.0,False
VDR_10925,0,0.0,0,0.0,False
VDR-10744.corp.local,0,0.0,0,0.0,False
lpt-11870,0,0.0,0,0.0,False
VDR-11236.corp.local,0,0.0,0,0.0,False
ws-11868,0,0.0,0,0.0,False
WS-10865,0,0.0,0,0.0,False
WS-12674,0,0.0,0,0.0,False
LPT-12070,1,100.0,2,0.88,True
VDR-12362.corp.local,0,0.0,0,0.0,False
LPT-10521,0,0.0,0,0.0,False
vdr-10983,0,0.0,0,0.0,False
lpt-11431,0,0.0,0,0.0,False
VDR_12519,0,0.0,0,0.0,False
LPT-12813,0,0.0,0,0.0,False
WS-11053,0,0.0,0,0.0,False
WS-10781.corp.local,0,0.0,0,0.0,False
vdr-11265,0,0.0,0,0.0,False
LPT-10160,0,0.0,0,0.0,False
WS-10699,1,100.0,2,0.88,True
lpt-10858,0,0.0,0,0.0,False
WS-12266,0,0.0,0,0.0,False
VDR_11650,0,0.0,0,0.0,False
LPT-11655.corp.local,0,0.0,0,0.0,False
WS-12166,0,0.0,0,0.0,False
LPT-12970,0,0.0,0,0.0,False
WS-12549,0,0.0,0,0.0,False
ws-12456,0,0.0,0,0.0,False
ws-12434,0,0.0,0,0.0,False
ws-11819,0,0.0,0,0.0,False
VDR_10454,0,0.0,0,0.0,False
LPT-12622,0,0.0,0,0.0,False
LPT-11716.corp.local,0,0.0,0,0.0,False
VDR-10759,2,75.0,4,0.73,True
VDR-10835.corp.local,0,0.0,0,0.0,False
vdr-11606,0,0.0,0,0.0,False
VDR-10723,0,0.0,0,0.0,False
LPT-10383,0,0.0,0,0.0,False
ws-11329,0,0.0,0,0.0,False
VDR-11757.corp.local,0,0.0,0,0.0,False
vdr-12002,0,0.0,0,0.0,False
vdr-11797,0,0.0,0,0.0,False
WS-11022,0,0.0,0,0.0,False
VDR_10611,0,0.0,0,0.0,False
WS-11715,1,100.0,2,0.88,True
lpt-12551,0,0.0,0,0.0,False
vdr-11405,0,0.0,0,0.0,False
LPT-10840,0,0.0,0,0.0,False
WS_10831,0,0.0,0,0.0,False
LPT-11125,0,0.0,0,0.0,False
ws-12047,0,0.0,0,0.0,False
VDR-12740.corp.local,0,0.0,0,0.0,False
WS-10472.corp.local,0,0.0,0,0.0,False
VDR_10899,0,0.0,0,0.0,False
VDR_12655,0,0.0,0,0.0,False
LPT-11571,0,0.0,0,0.0,False
LPT-10378.corp.local,0,0.0,0,0.0,False
LPT-11616.corp.local,0,0.0,0,0.0,False
LPT-11881.corp.local,0,0.0,0,0.0,False
LPT_11304,0,0.0,0,0.0,False
vdr-11215,0,0.0,0,0.0,False
VDR-11436.corp.local,0,0.0,0,0.0,False
VDR-12844.corp.local,0,0.0,0,0.0,False
LPT-12704,1,100.0,2,0.88,True
WS_11809,0,0.0,0,0.0,False
VDR-12591.corp.local,0,0.0,0,0.0,False
lpt-11955,0,0.0,0,0.0,False
WS-10534.corp.local,0,0.0,0,0.0,False
WS-11547,8,100.0,16,0.88,True
WS-11699,0,0.0,0,0.0,False
LPT_11282,0,0.0,0,0.0,False
ws-12041,0,0.0,0,0.0,False
VDR-11555,1,100.0,2,0.88,True
WS-11415.corp.local,0,0.0,0,0.0,False
LPT-11005,3,75.0,6,0.73,True
WS-11523.corp.local,0,0.0,0,0.0,False
VDR-12269.corp.local,0,0.0,0,0.0,False
WS-10878.corp.local,0,0.0,0,0.0,False
LPT-10197.corp.local,0,0.0,0,0.0,False
VDR-11339,0,0.0,0,0.0,False
lpt-10015,0,0.0,0,0.0,False
VDR-10990,0,0.0,0,0.0,False
VDR-10380,0,0.0,0,0.0,False
ws-10050,0,0.0,0,0.0,False
WS-11448,0,0.0,0,0.0,False
WS_12898,0,0.0,0,0.0,False
WS-11198.corp.local,0,0.0,0,0.0,False
LPT-12864,0,0.0,0,0.0,False
LPT-11573,0,0.0,0,0.0,False
LPT_10210,0,0.0,0,0.0,False
WS-12933,0,0.0,0,0.0,False
ws-11348,0,0.0,0,0.0,False
vdr-11147,0,0.0,0,0.0,False
WS-12953,0,0.0,0,0.0,False
LPT_12672,0,0.0,0,0.0,False
VDR-11389.corp.local,0,0.0,0,0.0,False
WS-12679,0,0.0,0,0.0,False
LPT-11691,0,0.0,0,0.0,False
VDR_12140,0,0.0,0,0.0,False
VDR-11608,0,0.0,0,0.0,False
vdr-11283,0,0.0,0,0.0,False
LPT_12440,0,0.0,0,0.0,False
lpt-12520,0,0.0,0,0.0,False
lpt-10968,0,0.0,0,0.0,False
LPT-11359.corp.local,0,0.0,0,0.0,False
VDR-12411,0,0.0,0,0.0,False
ws-11315,0,0.0,0,0.0,False
WS-11430.corp.local,0,0.0,0,0.0,False
vdr-11605,0,0.0,0,0.0,False
LPT-11191.corp.local,0,0.0,0,0.0,False
LPT-10802,0,0.0,0,0.0,False
lpt-11337,0,0.0,0,0.0,False
VDR_12558,0,0.0,0,0.0,False
VDR-12451,0,0.0,0,0.0,False
LPT-12351.corp.local,0,0.0,0,0.0,False
VDR-10035,0,0.0,0,0.0,False
VDR_10622,0,0.0,0,0.0,False
ws-11620,0,0.0,0,0.0,False
ws-11182,0,0.0,0,0.0,False
vdr-11778,0,0.0,0,0.0,False
LPT-10199.corp.local,0,0.0,0,0.0,False
WS-11949,0,0.0,0,0.0,False
LPT_12275,0,0.0,0,0.0,False
VDR-12362,0,0.0,0,0.0,False
VDR-10796,1,100.0,2,0.88,True
vdr-11167,0,0.0,0,0.0,False
LPT-11072.corp.local,0,0.0,0,0.0,False
lpt-11270,0,0.0,0,0.0,False
WS-11041.corp.local,0,0.0,0,0.0,False
lpt-10738,0,0.0,0,0.0,False
VDR_11684,0,0.0,0,0.0,False
VDR-11910.,0,0.0,0,0.0,False
WS-12077,0,0.0,0,0.0,False
vdr-12942,0,0.0,0,0.0,False
vdr-10519,0,0.0,0,0.0,False
LPT_10989,0,0.0,0,0.0,False
LPT-11376,0,0.0,0,0.0,False
VDR-10792.corp.local,0,0.0,0,0.0,False
ws-10338,0,0.0,0,0.0,False
WS_11331,0,0.0,0,0.0,False
LPT-10671,0,0.0,0,0.0,False
LPT-12481,0,0.0,0,0.0,False
VDR-10961,0,0.0,0,0.0,False
WS-10727.,0,0.0,0,0.0,False
lpt-12301,0,0.0,0,0.0,False
vdr-11752,0,0.0,0,0.0,False
LPT-11281,0,0.0,0,0.0,False
lpt-10963,0,0.0,0,0.0,False
VDR_12801,0,0.0,0,0.0,False
LPT-10580.corp.local,0,0.0,0,0.0,False
ws-11207,0,0.0,0,0.0,False
lpt-10087,0,0.0,0,0.0,False
ws-11987,0,0.0,0,0.0,False
ws-11336,0,0.0,0,0.0,False
VDR_10644,0,0.0,0,0.0,False
WS-11461,0,0.0,0,0.0,False
WS-12461,0,0.0,0,0.0,False
VDR_10922,0,0.0,0,0.0,False
VDR-10623.,0,0.0,0,0.0,False
VDR-12775.,0,0.0,0,0.0,False
WS_11481,0,0.0,0,0.0,False
LPT-11403,0,0.0,0,0.0,False
vdr-11587,0,0.0,0,0.0,False
LPT_11369,0,0.0,0,0.0,False
WS_12619,0,0.0,0,0.0,False
LPT-10965.corp.local,0,0.0,0,0.0,False
WS-12879.corp.local,0,0.0,0,0.0,False
ws-12164,0,0.0,0,0.0,False
vdr-12725,0,0.0,0,0.0,False
WS-10436.corp.local,0,0.0,0,0.0,False
vdr-11525,0,0.0,0,0.0,False
WS-12596,0,0.0,0,0.0,False
ws-12944,0,0.0,0,0.0,False
WS-12120,1,100.0,2,0.88,True
LPT-12810,2,75.0,4,0.73,True
LPT_12271,0,0.0,0,0.0,False
LPT_10405,0,0.0,0,0.0,False
vdr-12032,0,0.0,0,0.0,False
LPT_11109,0,0.0,0,0.0,False
VDR-12126,0,0.0,0,0.0,False
ws-10618,0,0.0,0,0.0,False
LPT-11164,0,0.0,0,0.0,False
WS-11089,0,0.0,0,0.0,False
vdr-10438,0,0.0,0,0.0,False
LPT-11807,0,0.0,0,0.0,False
VDR-10923,0,0.0,0,0.0,False
VDR-10069,0,0.0,0,0.0,False
WS-10268,0,0.0,0,0.0,False
WS-12050.,0,0.0,0,0.0,False
LPT_11800,0,0.0,0,0.0,False
WS-10117,0,0.0,0,0.0,False
WS-12874,1,100.0,2,0.88,True
WS-12537.corp.local,0,0.0,0,0.0,False
LPT-10360,0,0.0,0,0.0,False
VDR-10674.corp.local,0,0.0,0,0.0,False
VDR-12811.corp.local,0,0.0,0,0.0,False
LPT-11174,0,0.0,0,0.0,False
LPT-12366,0,0.0,0,0.0,False
VDR-10673.corp.local,0,0.0,0,0.0,False
LPT-10993,0,0.0,0,0.0,False
VDR-11544,1,100.0,2,0.88,True
lpt-10089,0,0.0,0,0.0,False
WS-11315,0,0.0,0,0.0,False
WS-11447.corp.local,0,0.0,0,0.0,False
VDR-11405,0,0.0,0,0.0,False
ws-10582,0,0.0,0,0.0,False
VDR-11396.corp.local,0,0.0,0,0.0,False
VDR_10230,0,0.0,0,0.0,False
LPT-10581,0,0.0,0,0.0,False
LPT-10883,0,0.0,0,0.0,False
lpt-11638,0,0.0,0,0.0,False
LPT-12106,0,0.0,0,0.0,False
VDR-11746,0,0.0,0,0.0,False
lpt-10679,0,0.0,0,0.0,False
LPT-12158,0,0.0,0,0.0,False
vdr-11644,0,0.0,0,0.0,False
WS-12908,1,100.0,2,0.88,True
WS_11430,0,0.0,0,0.0,False
WS-11516,0,0.0,0,0.0,False
VDR_11508,0,0.0,0,0.0,False
VDR_12823,0,0.0,0,0.0,False
vdr-10776,0,0.0,0,0.0,False
ws-10059,0,0.0,0,0.0,False
LPT-10434,0,0.0,0,0.0,False
VDR-11527.corp.local,0,0.0,0,0.0,False
ws-12550,0,0.0,0,0.0,False
ws-10014,0,0.0,0,0.0,False
VDR-10861,0,0.0,0,0.0,False
VDR-12325,0,0.0,0,0.0,False
vdr-10226,0,0.0,0,0.0,False
LPT-10087,0,0.0,0,0.0,False
VDR-11019,0,0.0,0,0.0,False
WS_10915,0,0.0,0,0.0,False
VDR-11684.corp.local,0,0.0,0,0.0,False
LPT-10186,0,0.0,0,0.0,False
VDR-10096.corp.local,0,0.0,0,0.0,False
LPT-10223,1,75.0,2,0.73,True
VDR-10206,0,0.0,0,0.0,False
LPT-10302.corp.local,0,0.0,0,0.0,False
LPT_10081,0,0.0,0,0.0,False
LPT-12132.corp.local,0,0.0,0,0.0,False
VDR-10140,0,0.0,0,0.0,False
WS-11141,0,0.0,0,0.0,False
LPT-12824.corp.local,0,0.0,0,0.0,False
VDR-10903.corp.local,0,0.0,0,0.0,False
vdr-12890,0,0.0,0,0.0,False
WS_12341,0,0.0,0,0.0,False
LPT-11577,0,0.0,0,0.0,False
WS-10000,0,0.0,0,0.0,False
LPT_12654,0,0.0,0,0.0,False
WS-12773,0,0.0,0,0.0,False
ws-10341,0,0.0,0,0.0,False
WS-12798,0,0.0,0,0.0,False
VDR-11913.corp.local,0,0.0,0,0.0,False
lpt-10094,0,0.0,0,0.0,False
VDR-11557,0,0.0,0,0.0,False
WS_12756,0,0.0,0,0.0,False
ws-11682,0,0.0,0,0.0,False
WS-10392,0,0.0,0,0.0,False
vdr-11318,0,0.0,0,0.0,False
vdr-12436,0,0.0,0,0.0,False
VDR-10255.corp.local,0,0.0,0,0.0,False
LPT-10277.corp.local,0,0.0,0,0.0,False
WS_12544,0,0.0,0,0.0,False
LPT-12245,0,0.0,0,0.0,False
WS_12219,0,0.0,0,0.0,False
ws-10531,0,0.0,0,0.0,False
LPT_10541,0,0.0,0,0.0,False
LPT-10294.corp.local,0,0.0,0,0.0,False
LPT-10423,0,0.0,0,0.0,False
WS_11864,0,0.0,0,0.0,False
VDR-10869.corp.local,0,0.0,0,0.0,False
VDR_11935,0,0.0,0,0.0,False
VDR-10689,0,0.0,0,0.0,False
lpt-12135,0,0.0,0,0.0,False
lpt-12201,0,0.0,0,0.0,False
LPT_10842,0,0.0,0,0.0,False
WS-11320,0,0.0,0,0.0,False
LPT-10860.corp.local,0,0.0,0,0.0,False
VDR-10759.corp.local,0,0.0,0,0.0,False
VDR-11629.corp.local,0,0.0,0,0.0,False
WS-12512,0,0.0,0,0.0,False
LPT-12053,0,0.0,0,0.0,False
lpt-10403,0,0.0,0,0.0,False
ws-10941,0,0.0,0,0.0,False
WS-10820,1,100.0,2,0.88,True
LPT-12796,0,0.0,0,0.0,False
VDR_10035,0,0.0,0,0.0,False
VDR-11832,0,0.0,0,0.0,False
VDR_11019,0,0.0,0,0.0,False
VDR-11265,0,0.0,0,0.0,False
LPT-11664.corp.local,0,0.0,0,0.0,False
VDR_11991,0,0.0,0,0.0,False
VDR_12588,0,0.0,0,0.0,False
VDR-11602,0,0.0,0,0.0,False
VDR-11942,1,100.0,2,0.88,True
WS-10494,0,0.0,0,0.0,False
VDR-12017.corp.local,0,0.0,0,0.0,False
VDR-11351,0,0.0,0,0.0,False
VDR-10007.corp.local,0,0.0,0,0.0,False
VDR-12801,0,0.0,0,0.0,False
lpt-12670,0,0.0,0,0.0,False
lpt-11882,0,0.0,0,0.0,False
WS-12549.,0,0.0,0,0.0,False
WS-11196,0,0.0,0,0.0,False
VDR-11387,0,0.0,0,0.0,False
LPT-12305,0,0.0,0,0.0,False
ws-10085,0,0.0,0,0.0,False
LPT-12565.,0,0.0,0,0.0,False
LPT-10753,0,0.0,0,0.0,False
WS-10265.corp.local,0,0.0,0,0.0,False
lpt-11303,0,0.0,0,0.0,False
VDR-11583,4,100.0,8,0.88,True
WS-12606,2,100.0,4,0.88,True
ws-12136,0,0.0,0,0.0,False
VDR-11152,0,0.0,0,0.0,False
LPT-11187.corp.local,0,0.0,0,0.0,False
WS_10467,0,0.0,0,0.0,False
VDR-10038,0,0.0,0,0.0,False
WS_11139,0,0.0,0,0.0,False
VDR-11934.,0,0.0,0,0.0,False
lpt-12086,0,0.0,0,0.0,False
WS-12445,0,0.0,0,0.0,False
VDR_12190,0,0.0,0,0.0,False
LPT-11114.corp.local,0,0.0,0,0.0,False
vdr-12986,0,0.0,0,0.0,False
WS-11329,0,0.0,0,0.0,False
WS_11761,0,0.0,0,0.0,False
vdr-11338,0,0.0,0,0.0,False
lpt-12586,0,0.0,0,0.0,False
LPT_12973,0,0.0,0,0.0,False
WS-12288,0,0.0,0,0.0,False
VDR-10480,0,0.0,0,0.0,False
LPT-11701.corp.local,0,0.0,0,0.0,False
VDR-10925.corp.local,0,0.0,0,0.0,False
LPT_12652,0,0.0,0,0.0,False
VDR-10743,0,0.0,0,0.0,False
VDR_10260,0,0.0,0,0.0,False
LPT-12697.corp.local,0,0.0,0,0.0,False
ws-10243,0,0.0,0,0.0,False
ws-10999,0,0.0,0,0.0,False
LPT-11919,0,0.0,0,0.0,False
lpt-10425,0,0.0,0,0.0,False
VDR-11632,0,0.0,0,0.0,False
WS_10996,0,0.0,0,0.0,False
WS_11759,0,0.0,0,0.0,False
LPT-10259.corp.local,0,0.0,0,0.0,False
VDR-12801.corp.local,0,0.0,0,0.0,False
vdr-11771,0,0.0,0,0.0,False
vdr-12441,0,0.0,0,0.0,False
ws-11248,0,0.0,0,0.0,False
WS-12410,0,0.0,0,0.0,False
LPT-12182.corp.local,0,0.0,0,0.0,False
vdr-11451,0,0.0,0,0.0,False
ws-10893,0,0.0,0,0.0,False
lpt-12448,0,0.0,0,0.0,False
LPT-11291.corp.local,0,0.0,0,0.0,False
lpt-12741,0,0.0,0,0.0,False
WS-12409,0,0.0,0,0.0,False
VDR-12379,0,0.0,0,0.0,False
vdr-10146,0,0.0,0,0.0,False
lpt-11960,0,0.0,0,0.0,False
VDR-10900,6,100.0,13,0.92,True
WS-10871,0,0.0,0,0.0,False
VDR-11973,0,0.0,0,0.0,False
vdr-12499,0,0.0,0,0.0,False
ws-12433,0,0.0,0,0.0,False
WS-12226.corp.local,0,0.0,0,0.0,False
VDR_10168,0,0.0,0,0.0,False
VDR-10919,0,0.0,0,0.0,False
LPT-12106.corp.local,0,0.0,0,0.0,False
LPT-11539.corp.local,0,0.0,0,0.0,False
VDR-10164.corp.local,0,0.0,0,0.0,False
VDR-12627.corp.local,0,0.0,0,0.0,False
VDR-10539,1,100.0,2,0.88,True
VDR-10056.corp.local,0,0.0,0,0.0,False
vdr-10710,0,0.0,0,0.0,False
LPT-11208,0,0.0,0,0.0,False
LPT-10944,0,0.0,0,0.0,False
VDR-12415,0,0.0,0,0.0,False
LPT_12223,0,0.0,0,0.0,False
LPT_10822,0,0.0,0,0.0,False
ws-11795,0,0.0,0,0.0,False
WS_10579,0,0.0,0,0.0,False
WS_10866,0,0.0,0,0.0,False
VDR-12243,0,0.0,0,0.0,False
VDR-12318,0,0.0,0,0.0,False
VDR-11385.corp.local,0,0.0,0,0.0,False
LPT_10026,0,0.0,0,0.0,False
LPT-12080,1,100.0,2,0.88,True
lpt-10853,0,0.0,0,0.0,False
LPT-11775,0,0.0,0,0.0,False
lpt-11781,0,0.0,0,0.0,False
WS-11126.corp.local,0,0.0,0,0.0,False
LPT_12916,0,0.0,0,0.0,False
WS-12264.corp.local,0,0.0,0,0.0,False
vdr-10587,0,0.0,0,0.0,False
VDR-11747,0,0.0,0,0.0,False
WS-10009,1,100.0,2,0.88,True
vdr-10237,0,0.0,0,0.0,False
VDR-10673,0,0.0,0,0.0,False
LPT-12355,0,0.0,0,0.0,False
WS-11897.corp.local,0,0.0,0,0.0,False
WS_12214,0,0.0,0,0.0,False
ws-10604,0,0.0,0,0.0,False
LPT-11173.corp.local,0,0.0,0,0.0,False
lpt-10905,0,0.0,0,0.0,False
LPT-10708.corp.local,0,0.0,0,0.0,False
VDR-11402,1,100.0,2,0.88,True
VDR-12966,0,0.0,0,0.0,False
ws-12853,0,0.0,0,0.0,False
LPT_12955,0,0.0,0,0.0,False
LPT-12653,0,0.0,0,0.0,False
VDR-10322.corp.local,0,0.0,0,0.0,False
VDR-12499,0,0.0,0,0.0,False
VDR-10613.corp.local,0,0.0,0,0.0,False
WS_12434,0,0.0,0,0.0,False
WS-10552,0,0.0,0,0.0,False
LPT_11788,0,0.0,0,0.0,False
WS-12523.corp.local,0,0.0,0,0.0,False
WS-10841,0,0.0,0,0.0,False
WS_10352,0,0.0,0,0.0,False
VDR-10123.,0,0.0,0,0.0,False
VDR-10783,0,0.0,0,0.0,False
ws-12633,0,0.0,0,0.0,False
ws-11706,0,0.0,0,0.0,False
lpt-10112,0,0.0,0,0.0,False
vdr-12324,0,0.0,0,0.0,False
VDR-10835,0,0.0,0,0.0,False
VDR-11157,0,0.0,0,0.0,False
WS-12873.corp.local,0,0.0,0,0.0,False
WS-10148,0,0.0,0,0.0,False
LPT-11054,0,0.0,0,0.0,False
LPT-11993.corp.local,0,0.0,0,0.0,False
WS_10531,0,0.0,0,0.0,False
VDR_11307,0,0.0,0,0.0,False
WS_11641,0,0.0,0,0.0,False
LPT-12292,0,0.0,0,0.0,False
WS-12870.corp.local,0,0.0,0,0.0,False
LPT-10650.corp.local,0,0.0,0,0.0,False
WS_10367,0,0.0,0,0.0,False
WS-12799,1,100.0,3,0.92,True
vdr-12404,0,0.0,0,0.0,False
VDR-11971.corp.local,0,0.0,0,0.0,False
VDR_10559,0,0.0,0,0.0,False
LPT-10277,0,0.0,0,0.0,False
ws-11730,0,0.0,0,0.0,False
ws-11154,0,0.0,0,0.0,False
WS_11897,0,0.0,0,0.0,False
lpt-12626,0,0.0,0,0.0,False
WS_12902,0,0.0,0,0.0,False
vdr-10603,0,0.0,0,0.0,False
ws-11486,0,0.0,0,0.0,False
LPT_10775,0,0.0,0,0.0,False
ws-10236,0,0.0,0,0.0,False
LPT_10905,0,0.0,0,0.0,False
WS-12849,0,0.0,0,0.0,False
LPT-11480.corp.local,0,0.0,0,0.0,False
LPT-10157.corp.local,0,0.0,0,0.0,False
WS-12881,0,0.0,0,0.0,False
WS_10413,0,0.0,0,0.0,False
vdr-11556,0,0.0,0,0.0,False
VDR-12342.corp.local,0,0.0,0,0.0,False
VDR_12436,0,0.0,0,0.0,False
vdr-10018,0,0.0,0,0.0,False
LPT-10210.,0,0.0,0,0.0,False
LPT-11028.corp.local,0,0.0,0,0.0,False
lpt-10025,0,0.0,0,0.0,False
vdr-12982,0,0.0,0,0.0,False
LPT-12476.corp.local,0,0.0,0,0.0,False
VDR-11666,0,0.0,0,0.0,False
ws-12206,0,0.0,0,0.0,False
vdr-11931,0,0.0,0,0.0,False
lpt-10904,0,0.0,0,0.0,False
vdr-11152,0,0.0,0,0.0,False
ws-12746,0,0.0,0,0.0,False
LPT-12657.corp.local,0,0.0,0,0.0,False
VDR_10703,0,0.0,0,0.0,False
VDR-10421.corp.local,0,0.0,0,0.0,False
lpt-10437,0,0.0,0,0.0,False
lpt-10125,0,0.0,0,0.0,False
LPT-12611,0,0.0,0,0.0,False
VDR-11576.corp.local,0,0.0,0,0.0,False
WS-11159,0,0.0,0,0.0,False
WS-10687,0,0.0,0,0.0,False
VDR-12452.corp.local,0,0.0,0,0.0,False
WS_10747,0,0.0,0,0.0,False
VDR-12789.corp.local,0,0.0,0,0.0,False
WS_12350,0,0.0,0,0.0,False
LPT-12207,0,0.0,0,0.0,False
ws-12062,0,0.0,0,0.0,False
VDR_12886,0,0.0,0,0.0,False
LPT-11029,0,0.0,0,0.0,False
LPT-11714.corp.local,0,0.0,0,0.0,False
ws-11434,0,0.0,0,0.0,False
VDR-12552,0,0.0,0,0.0,False
LPT-10750.corp.local,0,0.0,0,0.0,False
VDR-11177.corp.local,0,0.0,0,0.0,False
LPT-11626.corp.local,0,0.0,0,0.0,False
LPT_12780,0,0.0,0,0.0,False
vdr-10192,0,0.0,0,0.0,False
lpt-10639,0,0.0,0,0.0,False
LPT-11184,0,0.0,0,0.0,False
LPT-12105,0,0.0,0,0.0,False
VDR-11466,0,0.0,0,0.0,False
ws-10962,1,75.0,2,0.73,True
LPT-11786,1,75.0,2,0.73,True
VDR-11703.corp.local,0,0.0,0,0.0,False
LPT-12375.corp.local,0,0.0,0,0.0,False
vdr-11231,0,0.0,0,0.0,False
LPT-11689.corp.local,0,0.0,0,0.0,False
WS_12447,0,0.0,0,0.0,False
lpt-11593,0,0.0,0,0.0,False
LPT-11485,0,0.0,0,0.0,False
LPT-12275,0,0.0,0,0.0,False
VDR_11999,0,0.0,0,0.0,False
VDR-10772,4,75.0,8,0.73,True
VDR-10053,0,0.0,0,0.0,False
lpt-12960,0,0.0,0,0.0,False
LPT-12094,0,0.0,0,0.0,False
VDR_10736,0,0.0,0,0.0,False
LPT-11263,0,0.0,0,0.0,False
WS_11242,0,0.0,0,0.0,False
vdr-12190,0,0.0,0,0.0,False
WS-10849,1,100.0,2,0.88,True
VDR-10481,0,0.0,0,0.0,False
VDR-12712,0,0.0,0,0.0,False
vdr-10535,0,0.0,0,0.0,False
LPT-10742.,0,0.0,0,0.0,False
WS-12337.corp.local,0,0.0,0,0.0,False
ws-11406,0,0.0,0,0.0,False
WS-12345,0,0.0,0,0.0,False
LPT-11310,0,0.0,0,0.0,False
lpt-10993,0,0.0,0,0.0,False
vdr-12771,0,0.0,0,0.0,False
LPT_12644,0,0.0,0,0.0,False
LPT-12867,0,0.0,0,0.0,False
VDR-10348,1,75.0,2,0.73,True
WS-11079,0,0.0,0,0.0,False
WS-11785,0,0.0,0,0.0,False
WS-12876.corp.local,0,0.0,0,0.0,False
LPT-11705.corp.local,0,0.0,0,0.0,False
vdr-10754,0,0.0,0,0.0,False
vdr-12332,0,0.0,0,0.0,False
WS-11348.corp.local,0,0.0,0,0.0,False
ws-11435,0,0.0,0,0.0,False
lpt-10416,0,0.0,0,0.0,False
lpt-11299,0,0.0,0,0.0,False
LPT-11124.corp.local,0,0.0,0,0.0,False
VDR-11071,0,0.0,0,0.0,False
vdr-12949,0,0.0,0,0.0,False
vdr-12497,0,0.0,0,0.0,False
WS-10074.corp.local,0,0.0,0,0.0,False
ws-12478,0,0.0,0,0.0,False
lpt-12378,0,0.0,0,0.0,False
LPT-12376,0,0.0,0,0.0,False
vdr-12836,0,0.0,0,0.0,False
WS-10714,0,0.0,0,0.0,False
LPT-11088.corp.local,0,0.0,0,0.0,False
LPT_10840,0,0.0,0,0.0,False
LPT_11303,0,0.0,0,0.0,False
LPT-10581.corp.local,0,0.0,0,0.0,False
LPT-11310.corp.local,0,0.0,0,0.0,False
VDR-12814,0,0.0,0,0.0,False
VDR-11386,0,0.0,0,0.0,False
WS-10417.,0,0.0,0,0.0,False
ws-10397,0,0.0,0,0.0,False
ws-11715,0,0.0,0,0.0,False
LPT_10186,0,0.0,0,0.0,False
lpt-12419,0,0.0,0,0.0,False
LPT-11183.,0,0.0,0,0.0,False
LPT-12103.corp.local,0,0.0,0,0.0,False
LPT-12459.corp.local,0,0.0,0,0.0,False
LPT-10215,0,0.0,0,0.0,False
WS-12295,0,0.0,0,0.0,False
LPT-11030,0,0.0,0,0.0,False
lpt-12109,0,0.0,0,0.0,False
VDR-11559.corp.local,0,0.0,0,0.0,False
LPT_12578,0,0.0,0,0.0,False
WS-10996,0,0.0,0,0.0,False
VDR_10903,0,0.0,0,0.0,False
ws-11924,0,0.0,0,0.0,False
WS-10556,0,0.0,0,0.0,False
lpt-11816,0,0.0,0,0.0,False
VDR-10343,0,0.0,0,0.0,False
VDR-11618,0,0.0,0,0.0,False
lpt-12985,0,0.0,0,0.0,False
vdr-10116,0,0.0,0,0.0,False
LPT-10909,0,0.0,0,0.0,False
lpt-12425,0,0.0,0,0.0,False
WS_11463,0,0.0,0,0.0,False
LPT_11573,0,0.0,0,0.0,False
LPT-12973.corp.local,0,0.0,0,0.0,False
VDR-12251,0,0.0,0,0.0,False
WS_11080,0,0.0,0,0.0,False
vdr-12627,0,0.0,0,0.0,False
vdr-12358,0,0.0,0,0.0,False
VDR-10527.corp.local,0,0.0,0,0.0,False
lpt-11173,0,0.0,0,0.0,False
VDR-10192,0,0.0,0,0.0,False
WS-10088,0,0.0,0,0.0,False
LPT-11017,0,0.0,0,0.0,False
LPT_11335,0,0.0,0,0.0,False
WS-11867.corp.local,0,0.0,0,0.0,False
ws-12449,0,0.0,0,0.0,False
VDR_12857,0,0.0,0,0.0,False
VDR_11973,0,0.0,0,0.0,False
WS-12862.corp.local,0,0.0,0,0.0,False
WS-11192,1,75.0,2,0.73,True
vdr-12286,0,0.0,0,0.0,False
VDR-12254.corp.local,0,0.0,0,0.0,False
WS_12274,0,0.0,0,0.0,False
lpt-12718,0,0.0,0,0.0,False
WS-11864.corp.local,0,0.0,0,0.0,False
WS-10023,0,0.0,0,0.0,False
LPT-11732.corp.local,0,0.0,0,0.0,False
WS-12834,0,0.0,0,0.0,False
vdr-10600,0,0.0,0,0.0,False
lpt-12088,0,0.0,0,0.0,False
lpt-12640,0,0.0,0,0.0,False
VDR-11606,0,0.0,0,0.0,False
LPT-11226,4,100.0,8,0.88,True
lpt-12858,0,0.0,0,0.0,False
vdr-10123,0,0.0,0,0.0,False
LPT-11637,0,0.0,0,0.0,False
lpt-11278,0,0.0,0,0.0,False
VDR-11642,0,0.0,0,0.0,False
LPT-12700.,0,0.0,0,0.0,False
LPT-11638,0,0.0,0,0.0,False
LPT_10679,0,0.0,0,0.0,False
LPT-11945,0,0.0,0,0.0,False
LPT-12109.corp.local,0,0.0,0,0.0,False
vdr-10457,0,0.0,0,0.0,False
LPT-11764,0,0.0,0,0.0,False
lpt-10182,0,0.0,0,0.0,False
LPT-12471.corp.local,0,0.0,0,0.0,False
LPT-12169,1,100.0,2,0.88,True
WS-10652.corp.local,0,0.0,0,0.0,False
vdr-11121,0,0.0,0,0.0,False
WS-10781,2,100.0,4,0.88,True
lpt-12381,0,0.0,0,0.0,False
WS-10970.corp.local,0,0.0,0,0.0,False
ws-12673,0,0.0,0,0.0,False
VDR-10825.corp.local,0,0.0,0,0.0,False
VDR-11973.,0,0.0,0,0.0,False
ws-12533,0,0.0,0,0.0,False
vdr-12119,0,0.0,0,0.0,False
LPT-10685,1,100.0,2,0.88,True
VDR-11363,0,0.0,0,0.0,False
VDR-12052,0,0.0,0,0.0,False
VDR-11720.corp.local,0,0.0,0,0.0,False
vdr-11213,0,0.0,0,0.0,False
WS-12601,0,0.0,0,0.0,False
VDR-12145,0,0.0,0,0.0,False
lpt-12186,0,0.0,0,0.0,False
WS-11885,0,0.0,0,0.0,False
WS-12726.corp.local,0,0.0,0,0.0,False
VDR-10966.corp.local,0,0.0,0,0.0,False
LPT-10320.corp.local,0,0.0,0,0.0,False
ws-10837,0,0.0,0,0.0,False
LPT-11615,0,0.0,0,0.0,False
LPT-11784.corp.local,0,0.0,0,0.0,False
VDR-10491.corp.local,0,0.0,0,0.0,False
ws-10995,0,0.0,0,0.0,False
WS_12623,0,0.0,0,0.0,False
WS-11737,0,0.0,0,0.0,False
WS-12594,0,0.0,0,0.0,False
ws-10063,0,0.0,0,0.0,False
VDR-12312,0,0.0,0,0.0,False
VDR-11961.corp.local,0,0.0,0,0.0,False
VDR-10240.corp.local,0,0.0,0,0.0,False
VDR-12493.corp.local,0,0.0,0,0.0,False
WS_10456,0,0.0,0,0.0,False
WS_11723,0,0.0,0,0.0,False
vdr-10291,0,0.0,0,0.0,False
LPT-10375,0,0.0,0,0.0,False
WS_12909,0,0.0,0,0.0,False
vdr-12452,0,0.0,0,0.0,False
lpt-11341,0,0.0,0,0.0,False
LPT-12326,0,0.0,0,0.0,False
VDR-12367,0,0.0,0,0.0,False
LPT_10377,0,0.0,0,0.0,False
lpt-12045,0,0.0,0,0.0,False
ws-12472,0,0.0,0,0.0,False
LPT-12416,0,0.0,0,0.0,False
lpt-11753,0,0.0,0,0.0,False
vdr-10772,0,0.0,0,0.0,False
VDR-12270,0,0.0,0,0.0,False
LPT-11870,2,100.0,4,0.88,True
VDR-10571.corp.local,0,0.0,0,0.0,False
VDR-10621.corp.local,0,0.0,0,0.0,False
VDR-12209.corp.local,0,0.0,0,0.0,False
LPT-12407.corp.local,0,0.0,0,0.0,False
vdr-10527,0,0.0,0,0.0,False
LPT-11065.corp.local,0,0.0,0,0.0,False
VDR-11214.corp.local,0,0.0,0,0.0,False
VDR_12484,0,0.0,0,0.0,False
LPT-11674.corp.local,0,0.0,0,0.0,False
VDR-10291.corp.local,0,0.0,0,0.0,False
WS-11806,0,0.0,0,0.0,False
LPT_11191,0,0.0,0,0.0,False
lpt-10289,0,0.0,0,0.0,False
ws-12101,0,0.0,0,0.0,False
VDR-10555,0,0.0,0,0.0,False
VDR-11768,0,0.0,0,0.0,False
LPT-11917.corp.local,0,0.0,0,0.0,False
WS-11515,0,0.0,0,0.0,False
vdr-10444,0,0.0,0,0.0,False
ws-12287,0,0.0,0,0.0,False
LPT-11826,0,0.0,0,0.0,False
vdr-12042,0,0.0,0,0.0,False
WS-10946.corp.local,0,0.0,0,0.0,False
lpt-11707,0,0.0,0,0.0,False
LPT-10459,1,75.0,2,0.73,True
WS-11126,0,0.0,0,0.0,False
ws-10794,0,0.0,0,0.0,False
vdr-12248,0,0.0,0,0.0,False
VDR-11665.,0,0.0,0,0.0,False
lpt-10277,0,0.0,0,0.0,False
lpt-10717,0,0.0,0,0.0,False
WS-11725.,0,0.0,0,0.0,False
vdr-12193,0,0.0,0,0.0,False
ws-12953,0,0.0,0,0.0,False
WS-11354,0,0.0,0,0.0,False
VDR_10780,0,0.0,0,0.0,False
ws-11738,0,0.0,0,0.0,False
LPT-12754,0,0.0,0,0.0,False
VDR-10329,0,0.0,0,0.0,False
WS_10958,0,0.0,0,0.0,False
lpt-12635,0,0.0,0,0.0,False
lpt-10409,0,0.0,0,0.0,False
LPT-12628,0,0.0,0,0.0,False
vdr-10346,0,0.0,0,0.0,False
LPT-10337,0,0.0,0,0.0,False
WS-10391,0,0.0,0,0.0,False
lpt-11239,0,0.0,0,0.0,False
WS-12981,0,0.0,0,0.0,False
WS-12345.corp.local,0,0.0,0,0.0,False
VDR-10647,0,0.0,0,0.0,False
vdr-11312,0,0.0,0,0.0,False
LPT_10002,0,0.0,0,0.0,False
vdr-12917,0,0.0,0,0.0,False
WS_10610,0,0.0,0,0.0,False
WS-10908,0,0.0,0,0.0,False
VDR-11032,0,0.0,0,0.0,False
LPT-11906,0,0.0,0,0.0,False
WS-10468,0,0.0,0,0.0,False
WS_11516,0,0.0,0,0.0,False
LPT-11034,1,100.0,2,0.88,True
VDR_12357,0,0.0,0,0.0,False
VDR-10626.corp.local,0,0.0,0,0.0,False
WS-12356.corp.local,0,0.0,0,0.0,False
WS-12701,1,75.0,2,0.73,True
VDR-12959.corp.local,0,0.0,0,0.0,False
WS-11598,0,0.0,0,0.0,False
WS-11814,1,100.0,2,0.88,True
ws-10524,0,0.0,0,0.0,False
lpt-11004,0,0.0,0,0.0,False
LPT-11950.corp.local,0,0.0,0,0.0,False
lpt-11398,0,0.0,0,0.0,False
WS-12051,0,0.0,0,0.0,False
vdr-10690,0,0.0,0,0.0,False
LPT_12231,0,0.0,0,0.0,False
WS-10982.corp.local,0,0.0,0,0.0,False
WS-10493,0,0.0,0,0.0,False
ws-12868,0,0.0,0,0.0,False
WS-12592,0,0.0,0,0.0,False
lpt-10891,0,0.0,0,0.0,False
lpt-12639,0,0.0,0,0.0,False
VDR_10929,0,0.0,0,0.0,False
ws-11194,0,0.0,0,0.0,False
ws-12139,0,0.0,0,0.0,False
WS-11835,0,0.0,0,0.0,False
LPT_11539,0,0.0,0,0.0,False
VDR_11033,0,0.0,0,0.0,False
VDR_12369,0,0.0,0,0.0,False
WS-11873.corp.local,0,0.0,0,0.0,False
VDR_10499,0,0.0,0,0.0,False
lpt-12349,0,0.0,0,0.0,False
VDR-11774,0,0.0,0,0.0,False
LPT-10212,0,0.0,0,0.0,False
WS-11286,0,0.0,0,0.0,False
LPT-10557,0,0.0,0,0.0,False
vdr-12013,0,0.0,0,0.0,False
LPT_10114,0,0.0,0,0.0,False
VDR-12412,0,0.0,0,0.0,False
LPT-10275.corp.local,0,0.0,0,0.0,False
VDR_12423,0,0.0,0,0.0,False
VDR-11585.corp.local,0,0.0,0,0.0,False
lpt-12001,0,0.0,0,0.0,False
ws-10508,0,0.0,0,0.0,False
VDR-11931,0,0.0,0,0.0,False
VDR_10975,0,0.0,0,0.0,False
lpt-11824,0,0.0,0,0.0,False
WS-11873,0,0.0,0,0.0,False
WS-10263,0,0.0,0,0.0,False
LPT-12961.corp.local,0,0.0,0,0.0,False
ws-10111,0,0.0,0,0.0,False
LPT-12586,0,0.0,0,0.0,False
vdr-10299,0,0.0,0,0.0,False
ws-10625,0,0.0,0,0.0,False
LPT-12786.corp.local,0,0.0,0,0.0,False
ws-11320,0,0.0,0,0.0,False
LPT-11840,0,0.0,0,0.0,False
vdr-11858,0,0.0,0,0.0,False
lpt-10777,0,0.0,0,0.0,False
WS-12808,0,0.0,0,0.0,False
WS-10415,0,0.0,0,0.0,False
WS-10827,0,0.0,0,0.0,False
ws-11073,0,0.0,0,0.0,False
WS-10202,1,75.0,2,0.73,True
WS-10828,0,0.0,0,0.0,False
ws-12879,0,0.0,0,0.0,False
VDR_10421,0,0.0,0,0.0,False
VDR_10847,0,0.0,0,0.0,False
ws-10472,0,0.0,0,0.0,False
LPT-12424,0,0.0,0,0.0,False
WS-12981.corp.local,0,0.0,0,0.0,False
VDR-11213.corp.local,0,0.0,0,0.0,False
WS_12104,0,0.0,0,0.0,False
LPT-12291,0,0.0,0,0.0,False
lpt-12521,0,0.0,0,0.0,False
VDR-12487.corp.local,0,0.0,0,0.0,False
VDR-10018.corp.local,0,0.0,0,0.0,False
WS-11492.corp.local,0,0.0,0,0.0,False
VDR-12325.corp.local,0,0.0,0,0.0,False
WS-10368.corp.local,0,0.0,0,0.0,False
ws-11317,0,0.0,0,0.0,False
WS_11621,0,0.0,0,0.0,False
VDR-10454,1,75.0,2,0.73,True
WS-11084.corp.local,0,0.0,0,0.0,False
LPT_10860,0,0.0,0,0.0,False
vdr-10807,0,0.0,0,0.0,False
WS-10317.corp.local,0,0.0,0,0.0,False
WS-11944.corp.local,0,0.0,0,0.0,False
ws-11536,0,0.0,0,0.0,False
LPT-11086,0,0.0,0,0.0,False
WS-11380.corp.local,0,0.0,0,0.0,False
ws-11119,0,0.0,0,0.0,False
VDR-12926,0,0.0,0,0.0,False
VDR_12966,0,0.0,0,0.0,False
lpt-12747,0,0.0,0,0.0,False
VDR_12302,0,0.0,0,0.0,False
LPT-11341.corp.local,0,0.0,0,0.0,False
lpt-12105,0,0.0,0,0.0,False
ws-12799,0,0.0,0,0.0,False
WS-10445,0,0.0,0,0.0,False
vdr-11499,0,0.0,0,0.0,False
VDR_12040,0,0.0,0,0.0,False
LPT_11156,0,0.0,0,0.0,False
VDR-10690,0,0.0,0,0.0,False
WS-11242,0,0.0,0,0.0,False
LPT-10981,1,100.0,2,0.88,True
vdr-10631,0,0.0,0,0.0,False
LPT-10616,0,0.0,0,0.0,False
WS_10468,0,0.0,0,0.0,False
WS-11049.corp.local,0,0.0,0,0.0,False
WS-11450,0,0.0,0,0.0,False
LPT-10015,0,0.0,0,0.0,False
ws-12876,0,0.0,0,0.0,False
WS-12363,0,0.0,0,0.0,False
vdr-10856,0,0.0,0,0.0,False
WS-10487,0,0.0,0,0.0,False
WS-10049,0,0.0,0,0.0,False
LPT-10127,0,0.0,0,0.0,False
ws-11671,0,0.0,0,0.0,False
ws-11113,0,0.0,0,0.0,False
VDR-12019.,0,0.0,0,0.0,False
VDR-12437.,0,0.0,0,0.0,False
VDR_11479,0,0.0,0,0.0,False
VDR-10947,0,0.0,0,0.0,False
vdr-11765,0,0.0,0,0.0,False
WS-12162.corp.local,0,0.0,0,0.0,False
lpt-10811,0,0.0,0,0.0,False
vdr-12656,0,0.0,0,0.0,False
ws-11262,0,0.0,0,0.0,False
ws-11454,0,0.0,0,0.0,False
WS-11287.corp.local,0,0.0,0,0.0,False
lpt-10107,0,0.0,0,0.0,False
lpt-12615,0,0.0,0,0.0,False
lpt-12566,0,0.0,0,0.0,False
VDR-10983.corp.local,0,0.0,0,0.0,False
VDR_11966,0,0.0,0,0.0,False
LPT-12968,0,0.0,0,0.0,False
VDR-12450.corp.local,0,0.0,0,0.0,False
LPT-10745,0,0.0,0,0.0,False
WS_12633,0,0.0,0,0.0,False
LPT-12240,0,0.0,0,0.0,False
VDR-10975,0,0.0,0,0.0,False
WS-12262.corp.local,0,0.0,0,0.0,False
VDR-11487,0,0.0,0,0.0,False
LPT-11337,0,0.0,0,0.0,False
LPT-11300,0,0.0,0,0.0,False
VDR_12185,0,0.0,0,0.0,False
LPT-10262.corp.local,0,0.0,0,0.0,False
vdr-11930,0,0.0,0,0.0,False
LPT_11428,0,0.0,0,0.0,False
LPT_12438,0,0.0,0,0.0,False
VDR-12302,0,0.0,0,0.0,False
WS_12923,0,0.0,0,0.0,False
LPT-11005.corp.local,0,0.0,0,0.0,False
LPT-12069,0,0.0,0,0.0,False
LPT-10654.corp.local,0,0.0,0,0.0,False
WS-10180.corp.local,0,0.0,0,0.0,False
WS-11216,0,0.0,0,0.0,False
VDR-12273,0,0.0,0,0.0,False
LPT-12955,0,0.0,0,0.0,False
WS-10829,0,0.0,0,0.0,False
WS_10359,0,0.0,0,0.0,False
LPT-10356,0,0.0,0,0.0,False
LPT-12470.corp.local,0,0.0,0,0.0,False
VDR_10961,0,0.0,0,0.0,False
VDR-10698,0,0.0,0,0.0,False
LPT-11086.corp.local,0,0.0,0,0.0,False
VDR-11247,0,0.0,0,0.0,False
VDR-11249,2,100.0,4,0.88,True
VDR_12160,0,0.0,0,0.0,False
VDR-12126.corp.local,0,0.0,0,0.0,False
LPT_11907,0,0.0,0,0.0,False
LPT-10483.corp.local,0,0.0,0,0.0,False
WS_11424,0,0.0,0,0.0,False
VDR_10886,0,0.0,0,0.0,False
LPT-11101,0,0.0,0,0.0,False
lpt-12772,0,0.0,0,0.0,False
VDR-11407,0,0.0,0,0.0,False
VDR-10339.corp.local,0,0.0,0,0.0,False
ws-10190,0,0.0,0,0.0,False
VDR-10698.corp.local,0,0.0,0,0.0,False
WS-10766,0,0.0,0,0.0,False
VDR-11177,0,0.0,0,0.0,False
WS-10546,1,100.0,2,0.88,True
LPT-11185,0,0.0,0,0.0,False
LPT-12061.corp.local,0,0.0,0,0.0,False
VDR-12123.corp.local,0,0.0,0,0.0,False
VDR_12012,0,0.0,0,0.0,False
VDR-12647,0,0.0,0,0.0,False
LPT-12739.corp.local,0,0.0,0,0.0,False
WS-11245,0,0.0,0,0.0,False
LPT-12703.corp.local,0,0.0,0,0.0,False
LPT-12049,1,75.0,2,0.73,True
VDR_12696,0,0.0,0,0.0,False
VDR-12012,0,0.0,0,0.0,False
ws-12887,0,0.0,0,0.0,False
lpt-10646,0,0.0,0,0.0,False
VDR-11344,0,0.0,0,0.0,False
LPT_10912,0,0.0,0,0.0,False
VDR_11817,0,0.0,0,0.0,False
LPT_12538,0,0.0,0,0.0,False
VDR-11962.corp.local,0,0.0,0,0.0,False
VDR-12934,0,0.0,0,0.0,False
LPT-10459.corp.local,0,0.0,0,0.0,False
WS-10043,0,0.0,0,0.0,False
vdr-12121,0,0.0,0,0.0,False
VDR-12074.corp.local,0,0.0,0,0.0,False
LPT-11960.corp.local,0,0.0,0,0.0,False
ws-12217,0,0.0,0,0.0,False
WS_12482,0,0.0,0,0.0,False
LPT_11977,0,0.0,0,0.0,False
VDR_10510,0,0.0,0,0.0,False
lpt-10855,0,0.0,0,0.0,False
LPT-11658,0,0.0,0,0.0,False
vdr-11426,0,0.0,0,0.0,False
VDR-12932,0,0.0,0,0.0,False
LPT-10259,0,0.0,0,0.0,False
VDR_11426,0,0.0,0,0.0,False
VDR-10208.corp.local,0,0.0,0,0.0,False
lpt-11705,0,0.0,0,0.0,False
VDR-10247,1,100.0,2,0.88,True
WS-11502.corp.local,0,0.0,0,0.0,False
WS-11139,0,0.0,0,0.0,False
WS-10837,0,0.0,0,0.0,False
WS-12878,0,0.0,0,0.0,False
VDR-11493.,0,0.0,0,0.0,False
LPT-11732.,0,0.0,0,0.0,False
lpt-12147,0,0.0,0,0.0,False
LPT-10547.corp.local,0,0.0,0,0.0,False
LPT-11664,0,0.0,0,0.0,False
VDR-10029,0,0.0,0,0.0,False
lpt-10954,0,0.0,0,0.0,False
vdr-11316,0,0.0,0,0.0,False
vdr-10623,0,0.0,0,0.0,False
LPT-11452,0,0.0,0,0.0,False
ws-10156,0,0.0,0,0.0,False
vdr-11412,0,0.0,0,0.0,False
vdr-12233,0,0.0,0,0.0,False
vdr-11490,0,0.0,0,0.0,False
VDR-10614.corp.local,0,0.0,0,0.0,False
LPT-11995.corp.local,0,0.0,0,0.0,False
ws-11905,0,0.0,0,0.0,False
lpt-10347,0,0.0,0,0.0,False
WS-10178.corp.local,0,0.0,0,0.0,False
WS-11938,2,100.0,4,0.88,True
VDR-12775,0,0.0,0,0.0,False
vdr-12071,0,0.0,0,0.0,False
VDR-12519.corp.local,0,0.0,0,0.0,False
VDR-11665.corp.local,0,0.0,0,0.0,False
lpt-11956,0,0.0,0,0.0,False
ws-10974,0,0.0,0,0.0,False
ws-12912,0,0.0,0,0.0,False
VDR-10744,0,0.0,0,0.0,False
vdr-12463,0,0.0,0,0.0,False
LPT-12304.corp.local,0,0.0,0,0.0,False
VDR-10449.,0,0.0,0,0.0,False
VDR-11578,0,0.0,0,0.0,False
WS_12853,0,0.0,0,0.0,False
LPT-11031,0,0.0,0,0.0,False
vdr-11093,0,0.0,0,0.0,False
VDR_10022,0,0.0,0,0.0,False
WS-10095,0,0.0,0,0.0,False
ws-11590,0,0.0,0,0.0,False
LPT-10957,1,100.0,2,0.88,True
VDR-11199,0,0.0,0,0.0,False
ws-12446,0,0.0,0,0.0,False
ws-12773,0,0.0,0,0.0,False
vdr-10477,0,0.0,0,0.0,False
VDR-11417,0,0.0,0,0.0,False
ws-10379,0,0.0,0,0.0,False
LPT-10972.corp.local,0,0.0,0,0.0,False
VDR-11201,0,0.0,0,0.0,False
WS-10297,0,0.0,0,0.0,False
LPT-10678.corp.local,0,0.0,0,0.0,False
ws-10617,0,0.0,0,0.0,False
vdr-10208,0,0.0,0,0.0,False
lpt-10860,0,0.0,0,0.0,False
LPT-11801,4,100.0,8,0.88,True
LPT-11453,0,0.0,0,0.0,False
VDR_12936,0,0.0,0,0.0,False
WS_11553,0,0.0,0,0.0,False
LPT-12347.corp.local,0,0.0,0,0.0,False
VDR-11581,0,0.0,0,0.0,False
vdr-10659,0,0.0,0,0.0,False
WS-11383,0,0.0,0,0.0,False
LPT-12755.corp.local,0,0.0,0,0.0,False
ws-10288,0,0.0,0,0.0,False
LPT_11208,0,0.0,0,0.0,False
vdr-10152,0,0.0,0,0.0,False
WS_10967,0,0.0,0,0.0,False
LPT-11414,0,0.0,0,0.0,False
VDR-12310.corp.local,0,0.0,0,0.0,False
WS-11696,0,0.0,0,0.0,False
VDR-12986.,0,0.0,0,0.0,False
VDR-11096.corp.local,0,0.0,0,0.0,False
WS_12822,0,0.0,0,0.0,False
lpt-11741,0,0.0,0,0.0,False
WS-10845,0,0.0,0,0.0,False
WS-11069,1,75.0,2,0.73,True
lpt-10159,0,0.0,0,0.0,False
WS-11808,0,0.0,0,0.0,False
