entity_id,entity_type,outlier_dimension_count,active_dimensions,auth_zscore,network_zscore,endpoint_zscore,off_hours_zscore,multi_dimension_outlier_score,outlier_confidence,is_multi_dimensional_outlier
EMP12741,USER,0,NONE,-0.67,-2.02,-0.67,-1.35,-1.14,0.5,False
EMP11307,USER,0,NONE,1.35,0.0,-0.67,0.67,0.37,0.5,False
EMP11601,USER,0,NONE,-0.67,-2.02,1.35,-2.02,-0.77,0.5,False
EMP12621,USER,0,NONE,-1.35,0.0,0.0,-0.67,-0.54,0.5,False
EMP12029,USER,0,NONE,-0.67,0.0,-1.35,-1.35,-0.81,0.5,False
EMP11950,USER,0,NONE,0.67,-0.67,-2.02,0.0,-0.47,0.5,False
EMP12718,USER,0,NONE,0.0,-2.02,0.67,-0.67,-0.47,0.5,False
EMP10184,USER,0,NONE,-0.67,-0.67,0.0,1.35,-0.1,0.5,False
EMP12400,USER,0,NONE,1.35,1.35,-1.35,1.35,0.68,0.5,False
EMP10194,USER,3,AUTHENTICATION|NETWORK_IP|OFF_HOURS,12.82,16.86,1.35,17.54,11.91,0.95,True
EMP12798,USER,0,NONE,0.0,-1.35,1.35,0.67,0.13,0.5,False
EMP11195,USER,0,NONE,-0.67,-0.67,-1.35,0.0,-0.71,0.5,False
EMP11406,USER,0,NONE,0.0,-0.67,-0.67,0.0,-0.34,0.5,False
EMP10314,USER,0,NONE,-1.35,-2.02,1.35,-1.35,-0.84,0.5,False
EMP10102,USER,0,NONE,-0.67,-0.67,-1.35,0.0,-0.71,0.5,False
EMP11437,USER,0,NONE,0.67,-1.35,0.0,0.0,-0.14,0.5,False
EMP12959,USER,0,NONE,0.67,-1.35,0.0,0.0,-0.14,0.5,False
EMP11221,USER,0,NONE,0.67,0.0,0.0,0.0,0.2,0.5,False
EMP12935,USER,0,NONE,-0.67,-2.02,0.67,-1.35,-0.81,0.5,False
EMP10705,USER,0,NONE,0.0,1.35,0.67,1.35,0.78,0.5,False
EMP12234,USER,0,NONE,-0.67,-1.35,0.67,-1.35,-0.64,0.5,False
EMP11973,USER,1,ENDPOINT,-0.67,-1.35,2.7,0.0,0.14,0.65,False
EMP11517,USER,0,NONE,0.0,0.0,1.35,0.0,0.34,0.5,False
EMP12976,USER,0,NONE,1.35,1.35,-0.67,1.35,0.85,0.5,False
EMP12232,USER,0,NONE,-0.67,-0.67,-0.67,-1.35,-0.81,0.5,False
EMP10178,USER,0,NONE,0.0,-2.02,0.67,0.0,-0.34,0.5,False
EMP12030,USER,2,AUTHENTICATION|OFF_HOURS,3.37,1.35,1.12,3.37,2.3,0.8,True
EMP12926,USER,0,NONE,-1.35,-2.02,-0.67,-1.35,-1.35,0.5,False
EMP10611,USER,0,NONE,0.67,0.67,-1.35,-0.67,-0.1,0.5,False
EMP10679,USER,0,NONE,0.0,0.0,0.0,-1.35,-0.27,0.5,False
EMP10152,USER,3,AUTHENTICATION|NETWORK_IP|OFF_HOURS,13.49,20.0,-0.67,20.0,12.88,0.95,True
EMP12484,USER,0,NONE,0.67,-1.35,-0.67,0.67,-0.17,0.5,False
EMP11025,USER,1,ENDPOINT,-0.67,-0.67,5.4,-0.67,0.85,0.65,False
EMP10907,USER,1,ENDPOINT,0.0,-0.67,2.02,0.0,0.34,0.65,False
EMP10254,USER,0,NONE,-0.67,0.67,0.67,0.67,0.27,0.5,False
EMP12416,USER,0,NONE,-0.67,-0.67,0.0,0.0,-0.37,0.5,False
EMP12332,USER,0,NONE,-0.67,-0.67,0.67,-1.35,-0.47,0.5,False
EMP10346,USER,0,NONE,-0.67,-0.67,0.0,0.0,-0.37,0.5,False
EMP10299,USER,0,NONE,0.67,0.67,0.0,0.67,0.5,0.5,False
EMP12045,USER,0,NONE,-0.67,-1.35,0.0,-2.02,-0.94,0.5,False
EMP11295,USER,0,NONE,-0.67,-1.35,0.67,-0.67,-0.51,0.5,False
EMP11357,USER,3,AUTHENTICATION|NETWORK_IP|OFF_HOURS,2.02,2.02,0.0,5.4,2.19,0.95,True
EMP11422,USER,0,NONE,0.0,0.0,0.22,0.0,0.06,0.5,False
EMP12482,USER,0,NONE,0.0,0.0,1.35,-0.67,0.2,0.5,False
EMP10139,USER,0,NONE,-0.67,0.0,-0.67,-0.67,-0.5,0.5,False
EMP12603,USER,3,AUTHENTICATION|NETWORK_IP|OFF_HOURS,10.79,13.49,1.35,20.0,10.95,0.95,True
EMP10246,USER,0,NONE,0.67,-0.67,-0.67,-0.67,-0.27,0.5,False
EMP10900,USER,3,AUTHENTICATION|NETWORK_IP|OFF_HOURS,14.16,20.0,0.0,19.56,13.16,0.95,True
EMP12130,USER,0,NONE,0.0,-2.02,-1.12,-2.02,-1.19,0.5,False
EMP11681,USER,1,ENDPOINT,0.0,-0.67,2.02,-1.35,0.07,0.65,False
EMP12334,USER,0,NONE,-1.35,-0.67,-0.67,-2.02,-1.14,0.5,False
EMP10889,USER,0,NONE,-0.67,-0.67,0.0,-1.35,-0.64,0.5,False
EMP11268,USER,0,NONE,0.67,-2.02,-0.67,-1.35,-0.74,0.5,False
EMP11926,USER,0,NONE,0.0,-1.35,0.0,1.35,-0.07,0.5,False
EMP11620,USER,0,NONE,-0.67,0.0,-1.35,-0.67,-0.67,0.5,False
EMP10700,USER,0,NONE,0.67,-0.67,0.0,-0.67,-0.1,0.5,False
EMP11061,USER,1,ENDPOINT,0.0,-0.67,2.7,-0.67,0.37,0.65,False
EMP10485,USER,1,ENDPOINT,1.35,0.0,2.47,0.67,1.16,0.65,False
EMP11356,USER,0,NONE,0.0,0.0,-2.02,-0.67,-0.64,0.5,False
EMP12310,USER,0,NONE,-1.35,-2.02,0.67,-2.02,-1.15,0.5,False
EMP12181,USER,0,NONE,-0.67,-0.67,0.0,-1.35,-0.64,0.5,False
EMP10761,USER,1,ENDPOINT,-0.67,-0.67,2.02,-0.67,0.0,0.65,False
EMP10746,USER,3,AUTHENTICATION|NETWORK_IP|OFF_HOURS,16.19,20.0,1.35,20.0,14.19,0.95,True
EMP10321,USER,0,NONE,-0.67,0.67,0.0,0.67,0.1,0.5,False
EMP12707,USER,0,NONE,1.35,1.35,-0.67,0.0,0.58,0.5,False
EMP10188,USER,0,NONE,0.0,0.0,-0.67,-0.67,-0.3,0.5,False
EMP10772,USER,3,AUTHENTICATION|NETWORK_IP|OFF_HOURS,16.86,20.0,-0.67,20.0,13.89,0.95,True
EMP12496,USER,0,NONE,0.0,0.67,-1.35,1.35,0.1,0.5,False
EMP11451,USER,0,NONE,-0.67,-1.35,-2.02,-0.67,-1.18,0.5,False
EMP12354,USER,0,NONE,0.67,0.67,0.67,0.67,0.67,0.5,False
EMP10410,USER,0,NONE,-1.35,-0.67,1.35,-1.35,-0.51,0.5,False
EMP11727,USER,2,AUTHENTICATION|OFF_HOURS,2.7,0.0,1.35,2.02,1.55,0.8,True
EMP12852,USER,0,NONE,0.67,0.67,1.35,-0.67,0.57,0.5,False
EMP12216,USER,0,NONE,0.0,-0.67,-0.22,-1.35,-0.49,0.5,False
EMP11398,USER,0,NONE,0.0,1.35,-1.35,-1.35,-0.27,0.5,False
EMP11361,USER,0,NONE,-0.67,-2.02,0.67,0.67,-0.4,0.5,False
EMP11657,USER,0,NONE,0.0,-0.67,0.0,0.0,-0.17,0.5,False
EMP10051,USER,1,AUTHENTICATION,2.02,0.0,0.0,0.0,0.61,0.65,False
EMP11624,USER,0,NONE,-0.67,-0.67,0.0,-0.67,-0.5,0.5,False
EMP10063,USER,3,AUTHENTICATION|NETWORK_IP|OFF_HOURS,14.84,19.56,0.67,19.56,13.42,0.95,True
EMP12789,USER,0,NONE,-1.35,-2.02,-0.67,-2.02,-1.48,0.5,False
EMP12553,USER,0,NONE,0.0,-0.67,0.67,0.0,0.0,0.5,False
EMP12530,USER,0,NONE,0.0,-0.67,1.35,0.0,0.17,0.5,False
EMP11090,USER,3,AUTHENTICATION|NETWORK_IP|OFF_HOURS,11.47,20.0,0.0,20.0,12.44,0.95,True
EMP11465,USER,0,NONE,-0.67,-2.02,-0.67,-2.02,-1.28,0.5,False
EMP11896,USER,0,NONE,0.0,-1.35,-0.67,-0.67,-0.64,0.5,False
EMP10052,USER,3,AUTHENTICATION|NETWORK_IP|OFF_HOURS,12.14,20.0,1.35,20.0,12.98,0.95,True
EMP12807,USER,1,AUTHENTICATION,2.02,0.0,-0.67,0.0,0.44,0.65,False
EMP12763,USER,0,NONE,1.35,-0.67,0.0,0.0,0.24,0.5,False
EMP12551,USER,0,NONE,-0.67,-1.35,0.67,-0.67,-0.51,0.5,False
EMP12864,USER,0,NONE,0.67,-0.67,0.67,0.0,0.2,0.5,False
EMP10544,USER,1,OFF_HOURS,0.67,0.0,0.0,2.7,0.74,0.65,False
EMP12948,USER,0,NONE,0.0,-0.67,-2.02,-0.67,-0.81,0.5,False
EMP10450,USER,0,NONE,0.67,-1.35,0.0,0.0,-0.14,0.5,False
EMP12515,USER,1,ENDPOINT,-1.35,-1.35,2.02,-0.67,-0.37,0.65,False
EMP10044,USER,3,AUTHENTICATION|NETWORK_IP|OFF_HOURS,10.12,20.0,1.35,18.89,12.15,0.95,True
EMP11001,USER,3,AUTHENTICATION|NETWORK_IP|OFF_HOURS,12.14,20.0,0.0,20.0,12.64,0.95,True
EMP11831,USER,0,NONE,-0.67,-0.67,0.0,-0.67,-0.5,0.5,False
EMP10829,USER,0,NONE,-0.67,-0.67,0.0,0.67,-0.23,0.5,False
EMP10598,USER,2,NETWORK_IP|OFF_HOURS,0.0,2.7,0.67,2.02,1.25,0.8,True
EMP10408,USER,3,AUTHENTICATION|NETWORK_IP|OFF_HOURS,8.77,20.0,0.0,20.0,11.63,0.95,True
EMP12917,USER,0,NONE,-1.35,-2.02,0.0,-1.35,-1.18,0.5,False
EMP10256,USER,0,NONE,-1.35,0.0,1.35,-0.67,-0.2,0.5,False
EMP12028,USER,1,OFF_HOURS,-0.67,1.35,0.0,2.02,0.54,0.65,False
EMP12303,USER,0,NONE,0.67,-0.67,0.0,-0.67,-0.1,0.5,False
EMP11837,USER,0,NONE,-0.67,-0.67,-1.35,0.67,-0.57,0.5,False
EMP11702,USER,0,NONE,0.67,0.67,-0.67,0.0,0.2,0.5,False
EMP12490,USER,0,NONE,-0.67,0.0,0.0,-0.67,-0.34,0.5,False
EMP11662,USER,1,ENDPOINT,-1.35,1.35,2.02,0.0,0.44,0.65,False
EMP10144,USER,0,NONE,-0.67,-1.35,1.35,0.0,-0.2,0.5,False
EMP12090,USER,0,NONE,-1.35,-2.02,-1.35,-2.02,-1.65,0.5,False
EMP11292,USER,0,NONE,0.0,-1.35,-0.67,-0.67,-0.64,0.5,False
EMP12155,USER,2,NETWORK_IP|OFF_HOURS,1.35,2.02,1.35,2.02,1.65,0.8,True
EMP10416,USER,0,NONE,0.0,-1.35,0.0,-0.67,-0.47,0.5,False
EMP10929,USER,0,NONE,0.67,-0.67,0.67,-0.67,0.07,0.5,False
EMP12022,USER,1,OFF_HOURS,0.0,1.35,-0.67,2.02,0.57,0.65,False
EMP10170,USER,1,AUTHENTICATION,2.02,0.0,-0.67,0.0,0.44,0.65,False
EMP11125,USER,1,ENDPOINT,-0.67,-1.35,2.02,-0.67,-0.17,0.65,False
EMP10567,USER,0,NONE,0.67,0.0,-1.35,0.0,-0.14,0.5,False
EMP11590,USER,0,NONE,-1.35,-2.02,-0.67,0.0,-1.08,0.5,False
EMP12673,USER,1,ENDPOINT,0.0,0.0,2.7,0.67,0.81,0.65,False
EMP10134,USER,0,NONE,-1.35,0.0,0.67,0.67,-0.1,0.5,False
EMP11717,USER,0,NONE,0.67,-2.02,0.0,-0.67,-0.44,0.5,False
EMP10642,USER,1,OFF_HOURS,0.0,1.35,-0.67,2.02,0.57,0.65,False
EMP11689,USER,0,NONE,0.67,0.67,0.0,0.0,0.37,0.5,False
EMP12745,USER,1,AUTHENTICATION,2.7,0.0,1.57,0.67,1.34,0.65,False
EMP10554,USER,0,NONE,0.67,0.0,-0.67,-1.35,-0.24,0.5,False
EMP12174,USER,0,NONE,-0.67,0.0,1.35,-0.67,0.0,0.5,False
EMP11538,USER,0,NONE,1.35,-0.67,1.35,-0.67,0.44,0.5,False
EMP10999,USER,1,OFF_HOURS,-0.67,-0.67,-0.22,2.02,-0.02,0.65,False
EMP10291,USER,3,AUTHENTICATION|NETWORK_IP|OFF_HOURS,10.79,20.0,0.67,18.89,12.18,0.95,True
EMP11338,USER,0,NONE,-0.67,-2.02,1.35,-2.02,-0.77,0.5,False
EMP12247,USER,0,NONE,0.0,0.0,0.0,1.35,0.27,0.5,False
EMP10781,USER,3,AUTHENTICATION|NETWORK_IP|OFF_HOURS,20.0,13.49,0.67,15.51,12.64,0.95,True
EMP10443,USER,0,NONE,0.67,0.0,0.67,0.0,0.37,0.5,False
EMP12601,USER,0,NONE,0.0,-0.67,0.0,0.0,-0.17,0.5,False
EMP12149,USER,0,NONE,1.35,0.67,0.67,0.0,0.74,0.5,False
EMP10449,USER,0,NONE,-0.67,0.0,0.67,-0.67,-0.17,0.5,False
EMP11029,USER,0,NONE,-1.35,-1.35,-0.67,-0.67,-1.04,0.5,False
EMP11992,USER,3,AUTHENTICATION|NETWORK_IP|OFF_HOURS,2.7,2.7,-1.35,2.02,1.55,0.95,True
EMP12403,USER,0,NONE,0.67,0.0,0.67,0.67,0.5,0.5,False
EMP12750,USER,0,NONE,0.67,1.35,0.0,0.0,0.54,0.5,False
EMP10000,USER,0,NONE,-1.35,-2.02,0.67,1.35,-0.47,0.5,False
EMP11048,USER,1,ENDPOINT,0.67,-0.67,2.02,0.0,0.54,0.65,False
EMP10270,USER,0,NONE,-0.67,-0.67,1.35,-0.67,-0.17,0.5,False
EMP10736,USER,0,NONE,0.0,-0.67,0.67,-0.67,-0.13,0.5,False
EMP10298,USER,3,AUTHENTICATION|NETWORK_IP|OFF_HOURS,16.86,20.0,-0.67,20.0,13.89,0.95,True
EMP10032,USER,0,NONE,-0.67,0.67,-1.35,-0.67,-0.51,0.5,False
EMP12498,USER,1,ENDPOINT,-0.67,-1.35,2.02,-1.35,-0.3,0.65,False
EMP10014,USER,3,AUTHENTICATION|NETWORK_IP|OFF_HOURS,14.16,18.89,1.35,20.0,13.31,0.95,True
EMP10093,USER,0,NONE,1.35,0.0,0.0,0.0,0.41,0.5,False
EMP10411,USER,0,NONE,-0.67,1.35,0.0,-1.35,-0.13,0.5,False
EMP11159,USER,3,AUTHENTICATION|NETWORK_IP|OFF_HOURS,2.7,2.7,-0.67,2.7,1.86,0.95,True
EMP12362,USER,0,NONE,0.0,-2.02,-1.35,-0.67,-0.98,0.5,False
EMP12819,USER,0,NONE,0.67,0.67,1.35,0.67,0.84,0.5,False
EMP10149,USER,0,NONE,0.67,-0.67,-1.12,-0.67,-0.38,0.5,False
EMP11600,USER,3,AUTHENTICATION|NETWORK_IP|OFF_HOURS,11.47,20.0,0.0,20.0,12.44,0.95,True
EMP11044,USER,1,NETWORK_IP,-0.67,2.7,-1.35,0.67,0.27,0.65,False
EMP12153,USER,0,NONE,1.35,1.35,0.67,0.0,0.91,0.5,False
EMP10495,USER,1,ENDPOINT,-1.35,-1.35,2.02,-2.02,-0.64,0.65,False
EMP10332,USER,0,NONE,-0.67,-0.67,0.0,-0.67,-0.5,0.5,False
EMP12788,USER,0,NONE,0.67,0.0,1.35,-0.67,0.4,0.5,False
EMP12066,USER,0,NONE,0.0,0.67,0.67,1.35,0.6,0.5,False
EMP11874,USER,0,NONE,-1.35,-0.67,0.0,0.67,-0.44,0.5,False
EMP10756,USER,0,NONE,0.0,-1.35,1.35,-2.02,-0.4,0.5,False
EMP10798,USER,0,NONE,0.67,-2.02,-0.67,-0.67,-0.61,0.5,False
EMP12274,USER,0,NONE,-1.35,-1.35,-0.67,0.0,-0.91,0.5,False
EMP10203,USER,3,AUTHENTICATION|NETWORK_IP|OFF_HOURS,12.82,17.54,-0.67,16.86,11.44,0.95,True
EMP10463,USER,1,ENDPOINT,-0.67,0.0,2.02,-0.67,0.17,0.65,False
EMP12851,USER,4,AUTHENTICATION|NETWORK_IP|ENDPOINT|OFF_HOURS,8.77,16.19,4.72,16.19,11.1,1.0,True
EMP12749,USER,1,OFF_HOURS,-1.35,0.67,0.67,2.7,0.47,0.65,False
EMP11583,USER,3,AUTHENTICATION|NETWORK_IP|OFF_HOURS,16.19,16.19,0.67,16.86,12.44,0.95,True
EMP10555,USER,0,NONE,0.0,1.35,0.0,0.0,0.34,0.5,False
EMP10174,USER,0,NONE,-0.67,0.67,0.0,0.67,0.1,0.5,False
EMP10289,USER,3,AUTHENTICATION|NETWORK_IP|OFF_HOURS,12.14,19.56,-0.67,18.89,12.14,0.95,True
EMP10120,USER,1,OFF_HOURS,-0.67,1.35,0.0,2.02,0.54,0.65,False
EMP12839,USER,1,ENDPOINT,-0.67,-1.35,2.02,-1.35,-0.3,0.65,False
EMP10847,USER,1,NETWORK_IP,0.0,2.02,0.67,0.67,0.81,0.65,False
EMP12699,USER,1,ENDPOINT,0.0,1.35,2.02,0.0,0.84,0.65,False
EMP10432,USER,0,NONE,1.35,0.0,0.0,-1.35,0.14,0.5,False
EMP12969,USER,0,NONE,0.67,-2.02,0.0,0.67,-0.17,0.5,False
EMP11317,USER,0,NONE,1.35,-0.67,-0.67,0.0,0.07,0.5,False
EMP11200,USER,0,NONE,0.0,0.67,-0.67,0.67,0.13,0.5,False
EMP10393,USER,3,AUTHENTICATION|NETWORK_IP|OFF_HOURS,13.49,19.56,-0.67,18.89,12.55,0.95,True
EMP12031,USER,0,NONE,1.35,-0.67,-0.67,0.67,0.2,0.5,False
EMP11800,USER,0,NONE,0.0,0.67,-1.35,-0.67,-0.3,0.5,False
EMP11721,USER,0,NONE,0.0,-2.02,1.35,-1.35,-0.44,0.5,False
EMP10192,USER,1,NETWORK_IP,1.35,2.7,-1.35,0.0,0.74,0.65,False
EMP10266,USER,0,NONE,-0.67,-0.67,0.0,-0.67,-0.5,0.5,False
EMP12692,USER,0,NONE,0.67,0.67,-0.67,0.67,0.34,0.5,False
EMP10805,USER,0,NONE,-1.35,-1.35,1.35,-2.02,-0.81,0.5,False
EMP10331,USER,0,NONE,-0.67,0.67,-0.67,1.35,0.07,0.5,False
EMP10528,USER,1,ENDPOINT,0.0,0.0,2.02,-1.35,0.23,0.65,False
EMP11225,USER,0,NONE,0.0,0.0,0.67,0.0,0.17,0.5,False
EMP10801,USER,0,NONE,0.0,-1.35,0.22,0.0,-0.28,0.5,False
EMP11089,USER,0,NONE,-0.67,-2.02,-0.22,-2.02,-1.17,0.5,False
EMP10764,USER,0,NONE,1.35,-0.67,1.35,0.0,0.58,0.5,False
EMP10218,USER,1,AUTHENTICATION,2.7,0.0,-0.67,1.35,0.91,0.65,False
EMP10479,USER,0,NONE,0.0,-2.02,0.0,-1.35,-0.78,0.5,False
EMP10790,USER,0,NONE,-0.67,-2.02,0.67,-1.35,-0.81,0.5,False
EMP10478,USER,0,NONE,-0.67,-1.35,0.67,-0.67,-0.51,0.5,False
EMP12645,USER,0,NONE,-0.67,-1.35,-0.67,-0.67,-0.84,0.5,False
EMP10727,USER,3,AUTHENTICATION|NETWORK_IP|OFF_HOURS,16.19,14.16,-0.22,20.0,12.34,0.95,True
EMP10581,USER,2,NETWORK_IP|OFF_HOURS,1.35,2.7,-0.67,2.02,1.32,0.8,True
EMP11157,USER,0,NONE,-1.35,-1.35,0.0,0.0,-0.74,0.5,False
EMP12547,USER,0,NONE,0.0,0.0,-1.35,0.0,-0.34,0.5,False
EMP11688,USER,0,NONE,0.67,-1.35,0.0,-1.35,-0.41,0.5,False
EMP12633,USER,0,NONE,-0.67,-1.35,-0.67,-0.67,-0.84,0.5,False
EMP10045,USER,0,NONE,0.0,0.0,0.67,0.0,0.17,0.5,False
EMP12849,USER,1,AUTHENTICATION,3.37,0.0,0.67,0.67,1.31,0.65,False
EMP10240,USER,0,NONE,0.67,-1.35,-0.67,1.35,-0.03,0.5,False
EMP10251,USER,3,AUTHENTICATION|NETWORK_IP|OFF_HOURS,14.84,18.21,1.35,20.0,13.34,0.95,True
EMP10990,USER,0,NONE,1.35,1.35,-1.35,0.0,0.41,0.5,False
EMP10457,USER,0,NONE,0.0,1.35,-0.67,-1.35,-0.1,0.5,False
EMP11272,USER,0,NONE,-0.67,0.0,0.67,-1.35,-0.3,0.5,False
EMP10676,USER,0,NONE,0.0,0.0,0.67,0.0,0.17,0.5,False
EMP11814,USER,0,NONE,0.67,0.0,0.0,-1.35,-0.07,0.5,False
EMP11533,USER,0,NONE,-0.67,0.0,-0.67,-2.02,-0.77,0.5,False
EMP12356,USER,1,ENDPOINT,-0.67,-0.67,2.02,-2.02,-0.27,0.65,False
EMP11084,USER,0,NONE,-2.02,-1.35,0.0,-1.35,-1.21,0.5,False
EMP11511,USER,0,NONE,0.67,0.67,1.35,0.67,0.84,0.5,False
EMP12404,USER,0,NONE,-0.67,-1.35,0.0,-1.35,-0.81,0.5,False
EMP10257,USER,0,NONE,-1.35,0.0,-0.67,0.67,-0.44,0.5,False
EMP12272,USER,0,NONE,-1.35,-2.02,0.67,-2.02,-1.15,0.5,False
EMP10368,USER,0,NONE,0.0,-0.67,1.35,0.0,0.17,0.5,False
EMP12050,USER,0,NONE,0.0,0.0,0.67,0.0,0.17,0.5,False
EMP12973,USER,2,NETWORK_IP|OFF_HOURS,0.0,2.02,0.67,2.7,1.21,0.8,True
EMP12844,USER,1,OFF_HOURS,1.35,0.67,-0.67,2.02,0.81,0.65,False
EMP10354,USER,0,NONE,0.0,-0.67,-0.67,-0.67,-0.47,0.5,False
EMP11299,USER,0,NONE,0.67,0.67,0.0,0.67,0.5,0.5,False
EMP11864,USER,0,NONE,0.67,0.0,0.0,1.35,0.47,0.5,False
EMP12219,USER,1,AUTHENTICATION,2.02,0.0,1.35,0.67,1.08,0.65,False
EMP11196,USER,0,NONE,-0.67,-1.35,0.0,-0.67,-0.67,0.5,False
EMP11830,USER,0,NONE,0.0,0.0,0.67,-1.35,-0.1,0.5,False
EMP12202,USER,1,ENDPOINT,0.0,0.0,2.02,-0.67,0.37,0.65,False
EMP11302,USER,0,NONE,0.0,-0.67,1.35,-1.35,-0.1,0.5,False
EMP10682,USER,0,NONE,0.0,0.67,0.0,1.35,0.44,0.5,False
EMP11381,USER,0,NONE,0.67,-0.67,1.35,0.67,0.51,0.5,False
EMP10507,USER,0,NONE,0.67,0.0,-0.67,-1.35,-0.24,0.5,False
EMP10211,USER,0,NONE,0.67,-0.67,-0.67,0.67,0.0,0.5,False
EMP11454,USER,0,NONE,0.67,0.67,0.0,1.35,0.64,0.5,False
EMP10819,USER,0,NONE,0.0,0.0,0.67,0.0,0.17,0.5,False
EMP11650,USER,0,NONE,1.35,-0.67,-0.67,-1.35,-0.2,0.5,False
EMP12909,USER,0,NONE,1.35,1.35,0.67,0.0,0.91,0.5,False
EMP10582,USER,0,NONE,0.67,-0.67,-0.67,-0.67,-0.27,0.5,False
EMP10175,USER,0,NONE,-1.35,-2.02,1.35,-2.02,-0.98,0.5,False
EMP11712,USER,0,NONE,0.0,-1.35,1.35,-0.67,-0.13,0.5,False
EMP10430,USER,0,NONE,-0.67,-2.02,0.0,-0.67,-0.84,0.5,False
EMP11507,USER,1,ENDPOINT,0.67,1.35,2.02,1.35,1.31,0.65,False
EMP10744,USER,0,NONE,0.0,-1.35,0.67,-0.67,-0.3,0.5,False
EMP11362,USER,0,NONE,0.0,0.0,0.0,0.67,0.13,0.5,False
EMP11097,USER,1,AUTHENTICATION,2.02,0.67,-0.67,1.35,0.88,0.65,False
EMP10506,USER,1,AUTHENTICATION,2.02,-1.35,0.67,0.0,0.44,0.65,False
EMP10945,USER,0,NONE,0.0,-0.67,1.35,-0.67,0.04,0.5,False
EMP11135,USER,0,NONE,0.0,-0.67,-1.35,-0.67,-0.64,0.5,False
EMP11023,USER,0,NONE,-0.67,0.67,0.0,-0.67,-0.17,0.5,False
EMP10196,USER,0,NONE,0.67,0.67,0.0,-0.67,0.23,0.5,False
EMP12512,USER,0,NONE,1.35,0.67,-0.67,-0.67,0.27,0.5,False
EMP10088,USER,0,NONE,0.0,0.67,-0.67,-1.35,-0.27,0.5,False
EMP11047,USER,1,OFF_HOURS,1.35,-0.67,0.0,2.02,0.64,0.65,False
EMP12878,USER,0,NONE,0.0,-0.67,0.67,-0.67,-0.13,0.5,False
EMP12025,USER,1,ENDPOINT,0.67,0.0,2.02,-0.67,0.57,0.65,False
EMP12943,USER,0,NONE,0.67,0.67,-0.67,1.35,0.47,0.5,False
EMP10678,USER,0,NONE,-1.35,-1.35,0.0,-1.35,-1.01,0.5,False
EMP11034,USER,3,AUTHENTICATION|NETWORK_IP|OFF_HOURS,2.7,3.37,0.0,2.02,2.06,0.95,True
EMP10564,USER,0,NONE,0.0,0.0,0.0,-0.67,-0.13,0.5,False
EMP10343,USER,0,NONE,0.0,-1.35,1.35,-1.35,-0.27,0.5,False
EMP12346,USER,0,NONE,-0.67,-1.35,0.0,-0.67,-0.67,0.5,False
EMP10025,USER,0,NONE,0.0,-2.02,-0.67,-1.35,-0.94,0.5,False
EMP10940,USER,0,NONE,-0.67,-1.35,0.0,-1.35,-0.81,0.5,False
EMP11859,USER,0,NONE,1.35,1.35,-0.67,0.67,0.71,0.5,False
EMP12892,USER,0,NONE,0.67,-0.67,1.35,-0.67,0.24,0.5,False
EMP12795,USER,1,OFF_HOURS,-0.67,1.35,1.35,2.02,0.88,0.65,False
EMP11488,USER,0,NONE,0.0,0.0,0.67,0.0,0.17,0.5,False
EMP11525,USER,0,NONE,-0.67,0.0,1.35,-0.67,0.0,0.5,False
EMP12422,USER,0,NONE,-0.67,1.35,0.0,0.67,0.27,0.5,False
EMP12574,USER,0,NONE,0.67,-0.67,-1.35,0.0,-0.3,0.5,False
EMP10650,USER,1,AUTHENTICATION,2.02,0.0,0.67,0.67,0.91,0.65,False
EMP10867,USER,0,NONE,-0.67,1.35,0.67,0.0,0.3,0.5,False
EMP11350,USER,0,NONE,-0.67,-0.67,-0.67,-0.67,-0.67,0.5,False
EMP10067,USER,0,NONE,0.0,0.0,0.67,0.0,0.17,0.5,False
EMP12249,USER,0,NONE,0.67,0.0,-0.67,0.0,0.03,0.5,False
EMP10621,USER,0,NONE,-1.35,0.67,-1.35,0.0,-0.58,0.5,False
EMP10651,USER,0,NONE,-0.67,-0.67,0.67,-1.35,-0.47,0.5,False
EMP12195,USER,0,NONE,0.0,-1.35,1.35,0.0,0.0,0.5,False
EMP10602,USER,1,NETWORK_IP,-0.67,2.02,0.0,-0.67,0.17,0.65,False
EMP12911,USER,0,NONE,-0.67,-0.67,1.35,-2.02,-0.44,0.5,False
EMP10423,USER,0,NONE,0.67,0.0,-1.35,0.0,-0.14,0.5,False
EMP12171,USER,0,NONE,0.0,-0.67,1.35,0.67,0.3,0.5,False
EMP12805,USER,1,AUTHENTICATION,2.02,-2.02,-0.67,0.67,0.07,0.65,False
EMP11910,USER,0,NONE,0.0,-0.67,-0.67,-0.67,-0.47,0.5,False
EMP12861,USER,0,NONE,0.0,0.0,0.67,0.0,0.17,0.5,False
EMP11113,USER,0,NONE,-0.67,-0.67,1.35,-1.35,-0.3,0.5,False
EMP11477,USER,0,NONE,-0.67,-1.35,-1.35,-0.67,-1.01,0.5,False
EMP11553,USER,0,NONE,-0.67,-2.02,-0.67,-2.02,-1.28,0.5,False
EMP10124,USER,0,NONE,-0.67,-1.35,0.0,0.0,-0.54,0.5,False
EMP12541,USER,0,NONE,-0.67,0.67,-0.67,-0.67,-0.34,0.5,False
EMP12903,USER,0,NONE,-0.67,-0.67,-0.67,-0.67,-0.67,0.5,False
EMP11866,USER,0,NONE,1.35,1.35,0.0,1.35,1.01,0.5,False
EMP11872,USER,1,ENDPOINT,0.67,-2.02,2.7,1.35,0.64,0.65,False
EMP10532,USER,0,NONE,0.0,0.0,1.35,1.35,0.61,0.5,False
EMP12009,USER,1,OFF_HOURS,1.35,0.0,0.67,2.02,0.98,0.65,False
EMP11057,USER,0,NONE,0.0,-0.67,0.67,-0.67,-0.13,0.5,False
EMP12907,USER,1,OFF_HOURS,0.67,0.67,0.67,3.37,1.21,0.65,False
EMP11690,USER,1,ENDPOINT,-0.67,1.35,3.37,0.67,1.11,0.65,False
EMP11487,USER,0,NONE,-0.67,-0.67,0.67,0.0,-0.2,0.5,False
EMP10557,USER,0,NONE,1.35,1.35,-0.67,0.67,0.71,0.5,False
EMP12561,USER,0,NONE,-1.35,-0.67,1.35,-0.67,-0.37,0.5,False
EMP11173,USER,0,NONE,-0.67,0.67,0.67,0.67,0.27,0.5,False
EMP10176,USER,0,NONE,0.0,0.0,-0.22,-0.67,-0.19,0.5,False
EMP10322,USER,3,AUTHENTICATION|NETWORK_IP|OFF_HOURS,9.44,20.0,-0.67,20.0,11.66,0.95,True
EMP11188,USER,0,NONE,1.35,0.67,1.35,-0.67,0.78,0.5,False
EMP11461,USER,0,NONE,-1.35,-2.02,-0.67,1.35,-0.81,0.5,False
EMP12478,USER,0,NONE,0.0,1.35,0.67,1.35,0.78,0.5,False
EMP11545,USER,0,NONE,-0.67,-2.02,1.35,-2.02,-0.77,0.5,False
EMP10695,USER,2,AUTHENTICATION|NETWORK_IP,2.02,3.37,0.0,0.67,1.58,0.8,True
EMP11628,USER,0,NONE,0.0,-0.67,-1.35,1.35,-0.23,0.5,False
EMP10080,USER,2,NETWORK_IP|ENDPOINT,0.67,2.02,2.02,1.35,1.48,0.8,True
EMP12525,USER,2,NETWORK_IP|OFF_HOURS,0.67,2.02,0.67,2.02,1.28,0.8,True
EMP11149,USER,0,NONE,0.0,-1.35,-0.67,-0.67,-0.64,0.5,False
EMP11151,USER,0,NONE,-0.67,-1.35,-1.35,-1.35,-1.15,0.5,False
EMP10862,USER,1,NETWORK_IP,0.67,2.02,0.67,-1.35,0.6,0.65,False
EMP11260,USER,0,NONE,1.35,0.0,1.12,-1.35,0.42,0.5,False
EMP10439,USER,0,NONE,-0.67,-2.02,1.35,-2.02,-0.77,0.5,False
EMP10471,USER,0,NONE,0.0,-0.67,-0.67,-0.67,-0.47,0.5,False
EMP12230,USER,0,NONE,-1.35,0.67,-0.67,1.35,-0.14,0.5,False
EMP12011,USER,0,NONE,0.67,-1.35,-0.67,1.35,-0.03,0.5,False
EMP11706,USER,0,NONE,0.0,-0.67,-1.35,0.0,-0.51,0.5,False
EMP10812,USER,1,NETWORK_IP,0.0,2.02,-1.35,1.35,0.44,0.65,False
EMP11234,USER,1,ENDPOINT,1.35,1.35,2.02,0.67,1.38,0.65,False
EMP12246,USER,2,AUTHENTICATION|NETWORK_IP,3.37,2.02,0.0,0.0,1.52,0.8,True
EMP10568,USER,0,NONE,0.0,-1.35,-0.67,0.67,-0.37,0.5,False
EMP12425,USER,3,AUTHENTICATION|NETWORK_IP|OFF_HOURS,16.19,18.89,0.0,14.84,12.55,0.95,True
EMP11653,USER,0,NONE,-1.35,-0.67,0.0,-1.35,-0.84,0.5,False
EMP10141,USER,1,ENDPOINT,-1.35,0.67,2.02,0.67,0.4,0.65,False
EMP10511,USER,1,ENDPOINT,0.0,-2.02,2.02,-0.67,-0.13,0.65,False
EMP11612,USER,0,NONE,0.67,-1.35,1.35,0.0,0.2,0.5,False
EMP12605,USER,0,NONE,0.0,-0.67,-0.67,-2.02,-0.74,0.5,False
EMP11809,USER,0,NONE,0.0,1.35,-1.35,0.0,0.0,0.5,False
EMP12866,USER,0,NONE,0.0,-2.02,-0.22,-0.67,-0.69,0.5,False
EMP11684,USER,0,NONE,-1.35,-2.02,-1.35,-1.35,-1.52,0.5,False
EMP10610,USER,0,NONE,-0.67,-1.35,0.0,0.0,-0.54,0.5,False
EMP12810,USER,1,OFF_HOURS,0.67,0.0,0.67,2.02,0.77,0.65,False
EMP11966,USER,0,NONE,-0.67,0.0,-0.67,0.0,-0.37,0.5,False
EMP10831,USER,0,NONE,0.0,-0.67,-0.67,-0.67,-0.47,0.5,False
EMP10177,USER,0,NONE,0.0,-0.67,0.0,-0.67,-0.3,0.5,False
EMP10857,USER,0,NONE,-0.67,-2.02,-1.35,-2.02,-1.45,0.5,False
EMP10693,USER,1,NETWORK_IP,0.67,2.02,1.35,0.0,1.04,0.65,False
EMP11736,USER,0,NONE,-0.67,-0.67,0.0,-0.67,-0.5,0.5,False
EMP11072,USER,0,NONE,-0.67,-1.35,0.0,0.0,-0.54,0.5,False
EMP11278,USER,0,NONE,-0.67,-1.35,1.35,-0.67,-0.33,0.5,False
EMP11503,USER,1,ENDPOINT,0.0,-0.67,2.02,1.35,0.61,0.65,False
EMP10183,USER,0,NONE,-0.67,-0.67,-1.35,0.67,-0.57,0.5,False
EMP11468,USER,0,NONE,0.0,-1.35,-0.67,0.67,-0.37,0.5,False
EMP12227,USER,1,NETWORK_IP,0.67,2.02,-0.67,0.67,0.67,0.65,False
EMP12727,USER,0,NONE,-1.35,-1.35,0.0,-1.35,-1.01,0.5,False
EMP10565,USER,0,NONE,0.0,0.67,1.35,-0.67,0.37,0.5,False
EMP12901,USER,3,AUTHENTICATION|NETWORK_IP|OFF_HOURS,9.44,20.0,-1.35,20.0,11.49,0.95,True
EMP12340,USER,0,NONE,1.35,0.0,-0.67,0.67,0.37,0.5,False
EMP11985,USER,0,NONE,0.0,-1.35,-0.67,0.0,-0.51,0.5,False
EMP11829,USER,2,NETWORK_IP|OFF_HOURS,0.67,2.02,0.0,2.02,1.11,0.8,True
EMP12850,USER,2,NETWORK_IP|OFF_HOURS,0.0,2.02,0.67,2.7,1.21,0.8,True
EMP10486,USER,1,ENDPOINT,0.67,0.67,2.7,0.0,1.04,0.65,False
EMP12940,USER,0,NONE,0.0,0.0,-0.67,0.0,-0.17,0.5,False
EMP11204,USER,0,NONE,0.0,-0.67,0.67,-0.67,-0.13,0.5,False
EMP10370,USER,0,NONE,0.0,-1.35,-0.22,-0.67,-0.53,0.5,False
EMP10162,USER,2,AUTHENTICATION|NETWORK_IP,2.02,2.02,1.35,0.67,1.58,0.8,True
EMP12646,USER,2,ENDPOINT|OFF_HOURS,1.35,1.35,2.02,2.02,1.65,0.8,True
EMP12650,USER,0,NONE,0.67,1.35,0.0,0.0,0.54,0.5,False
EMP12931,USER,0,NONE,-0.67,-1.35,0.67,-0.67,-0.51,0.5,False
EMP11911,USER,0,NONE,0.0,-1.35,-0.67,-1.35,-0.78,0.5,False
EMP10729,USER,0,NONE,0.0,-0.67,0.67,0.0,0.0,0.5,False
EMP10969,USER,0,NONE,0.67,0.0,0.0,0.67,0.34,0.5,False
EMP10670,USER,0,NONE,0.0,0.67,0.67,0.0,0.34,0.5,False
EMP10887,USER,0,NONE,0.67,1.35,0.0,0.67,0.67,0.5,False
EMP10030,USER,0,NONE,-1.35,-0.67,-0.67,0.0,-0.74,0.5,False
EMP11055,USER,0,NONE,0.0,0.0,0.0,-0.67,-0.13,0.5,False
EMP12079,USER,0,NONE,0.67,-2.02,0.0,0.0,-0.3,0.5,False
EMP11591,USER,2,NETWORK_IP|OFF_HOURS,-0.67,2.02,-2.02,3.37,0.47,0.8,True
EMP10173,USER,0,NONE,-0.67,0.67,0.0,-0.67,-0.17,0.5,False
EMP11962,USER,0,NONE,-0.67,-1.35,1.35,-1.35,-0.47,0.5,False
EMP10296,USER,3,AUTHENTICATION|NETWORK_IP|OFF_HOURS,20.0,20.0,1.35,20.0,15.34,0.95,True
EMP10325,USER,0,NONE,-1.35,-0.67,-1.35,0.0,-0.91,0.5,False
EMP11236,USER,0,NONE,0.67,-1.35,1.35,-0.67,0.07,0.5,False
EMP11988,USER,0,NONE,0.0,-0.67,0.67,0.0,0.0,0.5,False
EMP11738,USER,0,NONE,-0.67,-1.35,-1.35,-1.35,-1.15,0.5,False
EMP12759,USER,0,NONE,-1.35,-0.67,-1.35,0.0,-0.91,0.5,False
EMP11472,USER,1,OFF_HOURS,0.0,0.0,-0.67,2.02,0.24,0.65,False
EMP11925,USER,0,NONE,-0.67,-0.67,0.0,-1.35,-0.64,0.5,False
EMP12714,USER,0,NONE,0.0,-1.35,-1.35,-1.35,-0.95,0.5,False
EMP10605,USER,2,ENDPOINT|OFF_HOURS,-0.67,1.35,2.02,2.02,1.05,0.8,True
EMP11283,USER,0,NONE,-0.67,0.67,-0.67,1.35,0.07,0.5,False
EMP12671,USER,1,OFF_HOURS,0.67,0.67,-0.67,2.02,0.61,0.65,False
EMP12626,USER,0,NONE,1.35,0.67,1.35,-0.67,0.78,0.5,False
EMP12881,USER,0,NONE,-0.67,-1.35,-0.67,-2.02,-1.11,0.5,False
EMP12669,USER,0,NONE,1.35,0.67,0.0,-1.35,0.3,0.5,False
EMP10073,USER,0,NONE,0.0,1.35,0.0,-0.67,0.2,0.5,False
EMP10048,USER,0,NONE,0.67,-0.67,-0.67,-1.35,-0.4,0.5,False
EMP12258,USER,3,AUTHENTICATION|NETWORK_IP|OFF_HOURS,2.02,2.02,-0.67,2.7,1.48,0.95,True
EMP11916,USER,1,ENDPOINT,-0.67,0.67,2.02,-0.67,0.34,0.65,False
EMP11815,USER,3,NETWORK_IP|ENDPOINT|OFF_HOURS,-0.67,2.02,3.37,2.02,1.55,0.95,True
EMP10535,USER,2,AUTHENTICATION|OFF_HOURS,2.02,1.35,-0.67,2.02,1.18,0.8,True
EMP11270,USER,0,NONE,0.0,-1.35,-0.67,-1.35,-0.78,0.5,False
EMP12132,USER,0,NONE,1.35,0.67,-0.67,-0.67,0.27,0.5,False
EMP11665,USER,3,AUTHENTICATION|NETWORK_IP|OFF_HOURS,4.05,11.47,1.35,14.84,7.39,0.95,True
EMP11071,USER,0,NONE,-0.67,-2.02,-0.67,0.0,-0.87,0.5,False
EMP11566,USER,0,NONE,-0.67,0.67,1.35,1.35,0.57,0.5,False
EMP12748,USER,1,ENDPOINT,0.0,0.0,2.02,-0.67,0.37,0.65,False
EMP12206,USER,1,OFF_HOURS,0.0,1.35,0.67,2.02,0.91,0.65,False
EMP12780,USER,0,NONE,0.67,0.0,0.67,0.0,0.37,0.5,False
EMP10838,USER,1,ENDPOINT,-0.67,0.0,2.02,0.0,0.3,0.65,False
EMP11094,USER,0,NONE,-0.67,-0.67,0.0,-1.35,-0.64,0.5,False
EMP11345,USER,0,NONE,0.67,-0.67,-0.67,-2.02,-0.54,0.5,False
EMP12304,USER,0,NONE,0.67,-1.35,0.67,-0.67,-0.1,0.5,False
EMP11233,USER,1,NETWORK_IP,0.0,2.02,1.35,0.0,0.84,0.65,False
EMP12597,USER,1,AUTHENTICATION,2.02,-0.67,-0.67,-1.35,0.0,0.65,False
EMP11846,USER,1,ENDPOINT,1.35,0.0,2.02,-1.35,0.64,0.65,False
EMP12829,USER,0,NONE,-0.67,-2.02,-1.35,-2.02,-1.45,0.5,False
EMP10324,USER,0,NONE,0.67,-0.67,0.0,-0.67,-0.1,0.5,False
EMP10759,USER,0,NONE,-0.67,0.0,-1.35,-1.35,-0.81,0.5,False
EMP11509,USER,0,NONE,0.0,-0.67,-1.35,0.0,-0.51,0.5,False
EMP11731,USER,1,OFF_HOURS,0.67,1.35,-0.67,2.02,0.78,0.65,False
EMP12349,USER,0,NONE,-0.67,-1.35,-0.67,0.0,-0.71,0.5,False
EMP11883,USER,0,NONE,0.0,-1.35,0.22,-2.02,-0.69,0.5,False
EMP10599,USER,0,NONE,-1.35,-2.02,-0.67,-2.02,-1.48,0.5,False
EMP12163,USER,1,NETWORK_IP,1.35,2.7,0.67,-1.35,0.98,0.65,False
EMP10433,USER,0,NONE,0.67,0.0,1.35,0.67,0.67,0.5,False
EMP12379,USER,0,NONE,0.67,0.0,-2.02,0.0,-0.3,0.5,False
EMP11547,USER,3,AUTHENTICATION|NETWORK_IP|OFF_HOURS,12.14,20.0,0.0,20.0,12.64,0.95,True
EMP11744,USER,0,NONE,1.35,0.67,0.67,0.67,0.87,0.5,False
EMP10239,USER,0,NONE,-0.67,-1.35,-0.67,-0.67,-0.84,0.5,False
EMP10817,USER,0,NONE,0.0,0.67,1.35,0.67,0.64,0.5,False
EMP12661,USER,0,NONE,-0.67,0.0,-1.35,-0.67,-0.67,0.5,False
EMP11177,USER,0,NONE,0.0,0.67,0.0,0.0,0.17,0.5,False
EMP12963,USER,0,NONE,-0.67,0.0,0.0,0.0,-0.2,0.5,False
EMP11730,USER,1,ENDPOINT,0.67,-0.67,2.7,0.0,0.71,0.65,False
EMP12533,USER,0,NONE,0.67,1.35,0.0,1.35,0.81,0.5,False
EMP12225,USER,1,ENDPOINT,0.67,-0.67,3.37,-1.35,0.61,0.65,False
EMP12523,USER,2,AUTHENTICATION|NETWORK_IP,2.7,2.02,0.67,1.35,1.75,0.8,True
EMP11483,USER,1,ENDPOINT,0.0,0.67,2.02,-0.67,0.54,0.65,False
EMP10912,USER,4,AUTHENTICATION|NETWORK_IP|ENDPOINT|OFF_HOURS,15.51,20.0,2.7,20.0,14.33,1.0,True
EMP12096,USER,2,NETWORK_IP|OFF_HOURS,1.35,3.37,1.35,2.02,1.99,0.8,True
EMP11965,USER,0,NONE,0.67,0.0,0.0,-0.67,0.07,0.5,False
EMP10926,USER,0,NONE,0.67,-1.35,0.0,0.0,-0.14,0.5,False
EMP12212,USER,0,NONE,0.67,0.0,-0.67,0.67,0.17,0.5,False
EMP11421,USER,0,NONE,-0.67,-0.67,0.67,-0.67,-0.34,0.5,False
EMP12579,USER,4,AUTHENTICATION|NETWORK_IP|ENDPOINT|OFF_HOURS,15.51,18.89,2.02,20.0,13.88,1.0,True
EMP10594,USER,0,NONE,0.0,1.35,-0.67,-0.67,0.04,0.5,False
EMP10601,USER,0,NONE,0.67,-1.35,-0.22,-0.67,-0.33,0.5,False
EMP10637,USER,1,ENDPOINT,0.67,0.67,3.37,0.0,1.21,0.65,False
EMP12899,USER,0,NONE,-1.35,-0.67,-0.67,-1.35,-1.01,0.5,False
EMP11795,USER,1,OFF_HOURS,1.35,0.67,-0.67,2.02,0.81,0.65,False
EMP11010,USER,0,NONE,0.0,-2.02,0.0,0.0,-0.51,0.5,False
EMP10680,USER,0,NONE,0.67,-0.67,0.67,0.67,0.34,0.5,False
EMP12431,USER,0,NONE,-0.67,0.0,0.67,0.0,-0.03,0.5,False
EMP11778,USER,0,NONE,0.67,-0.67,0.67,-1.35,-0.07,0.5,False
EMP10414,USER,1,ENDPOINT,0.67,-0.67,2.02,1.35,0.81,0.65,False
EMP10874,USER,0,NONE,-0.67,-1.35,0.67,-1.35,-0.64,0.5,False
EMP10527,USER,1,ENDPOINT,0.67,-0.67,2.02,-0.67,0.4,0.65,False
EMP11512,USER,0,NONE,0.67,1.35,0.0,1.35,0.81,0.5,False
EMP12548,USER,1,AUTHENTICATION,2.02,-0.67,-1.35,0.67,0.23,0.65,False
EMP10108,USER,1,AUTHENTICATION,2.02,-0.67,0.0,-0.67,0.3,0.65,False
EMP11206,USER,0,NONE,0.67,1.35,-0.67,0.67,0.51,0.5,False
EMP12414,USER,0,NONE,-0.67,-1.35,0.0,0.0,-0.54,0.5,False
EMP12439,USER,1,NETWORK_IP,0.0,2.02,0.67,0.0,0.67,0.65,False
EMP11116,USER,0,NONE,0.67,1.35,1.35,0.0,0.88,0.5,False
EMP10318,USER,0,NONE,1.35,0.0,1.35,0.0,0.74,0.5,False
EMP11951,USER,0,NONE,0.0,0.0,1.35,0.67,0.47,0.5,False
EMP11161,USER,0,NONE,0.0,0.67,-0.67,0.67,0.13,0.5,False
EMP12700,USER,0,NONE,1.35,-0.67,0.0,1.35,0.51,0.5,False
EMP11558,USER,1,ENDPOINT,0.67,1.35,3.37,0.67,1.52,0.65,False
EMP12920,USER,1,NETWORK_IP,1.35,2.02,-2.02,0.67,0.54,0.65,False
EMP10402,USER,0,NONE,-1.35,-0.67,0.67,0.67,-0.27,0.5,False
EMP11502,USER,0,NONE,0.0,1.35,0.0,0.0,0.34,0.5,False
EMP10937,USER,0,NONE,-0.67,1.35,0.0,0.0,0.14,0.5,False
EMP12004,USER,0,NONE,-1.35,-1.35,-1.35,-1.35,-1.35,0.5,False
EMP11261,USER,0,NONE,0.67,0.67,0.22,1.35,0.69,0.5,False
EMP12722,USER,1,ENDPOINT,0.67,0.0,2.7,0.67,1.01,0.65,False
EMP12806,USER,0,NONE,0.0,0.67,0.67,-0.67,0.2,0.5,False
EMP10387,USER,0,NONE,0.0,0.0,1.35,-2.02,-0.07,0.5,False
EMP11960,USER,0,NONE,0.0,-1.35,0.0,-1.35,-0.61,0.5,False
EMP11850,USER,0,NONE,0.67,1.35,0.67,-0.67,0.57,0.5,False
EMP10810,USER,0,NONE,-0.67,-1.35,-1.35,0.67,-0.74,0.5,False
EMP10755,USER,0,NONE,-2.02,0.0,0.0,-0.67,-0.74,0.5,False
EMP11174,USER,0,NONE,0.0,-1.35,0.67,-2.02,-0.57,0.5,False
EMP11587,USER,0,NONE,-0.67,0.0,0.0,0.67,-0.07,0.5,False
EMP12713,USER,0,NONE,0.0,0.0,-1.35,1.35,-0.07,0.5,False
EMP11235,USER,0,NONE,-0.67,-1.35,0.67,-1.35,-0.64,0.5,False
EMP11891,USER,0,NONE,0.0,-0.67,-0.67,0.67,-0.2,0.5,False
EMP10070,USER,0,NONE,-0.67,-1.35,-1.35,-2.02,-1.28,0.5,False
EMP12760,USER,0,NONE,0.67,0.67,1.35,-0.67,0.57,0.5,False
EMP12342,USER,0,NONE,0.0,-1.35,-0.67,-0.67,-0.64,0.5,False
EMP12263,USER,0,NONE,-0.67,-1.35,1.35,-0.67,-0.33,0.5,False
EMP10839,USER,0,NONE,0.0,0.0,-1.35,0.0,-0.34,0.5,False
EMP10056,USER,0,NONE,0.0,-0.67,0.0,0.67,-0.03,0.5,False
EMP12468,USER,0,NONE,-0.67,-0.67,0.67,-2.02,-0.61,0.5,False
EMP11817,USER,3,AUTHENTICATION|NETWORK_IP|OFF_HOURS,10.79,17.54,1.35,20.0,11.96,0.95,True
EMP11395,USER,0,NONE,-1.35,-2.02,-0.67,-1.35,-1.35,0.5,False
EMP11556,USER,0,NONE,-1.35,1.35,0.67,0.67,0.23,0.5,False
EMP12086,USER,0,NONE,0.0,-0.67,1.35,-0.67,0.04,0.5,False
EMP11904,USER,0,NONE,0.67,-2.02,1.35,1.35,0.3,0.5,False
EMP12501,USER,0,NONE,-0.67,-0.67,1.35,-0.67,-0.17,0.5,False
EMP12161,USER,0,NONE,0.0,-0.67,-0.67,0.67,-0.2,0.5,False
EMP10309,USER,0,NONE,0.0,-0.67,0.0,-0.67,-0.3,0.5,False
EMP11961,USER,0,NONE,0.67,1.35,0.22,1.35,0.86,0.5,False
EMP11253,USER,0,NONE,1.35,1.35,0.67,1.35,1.18,0.5,False
EMP11228,USER,0,NONE,-0.67,0.67,-0.67,-0.67,-0.34,0.5,False
EMP12769,USER,0,NONE,-1.35,-1.35,0.67,-0.67,-0.71,0.5,False
EMP11537,USER,0,NONE,-0.67,0.0,1.35,-0.67,0.0,0.5,False
EMP11741,USER,0,NONE,0.0,0.0,0.22,0.0,0.06,0.5,False
EMP11351,USER,0,NONE,-1.35,-1.35,0.67,-2.02,-0.98,0.5,False
EMP11376,USER,1,ENDPOINT,0.67,-0.67,3.37,1.35,1.15,0.65,False
EMP12162,USER,1,ENDPOINT,-1.35,-2.02,2.02,-0.67,-0.54,0.65,False
EMP12813,USER,0,NONE,-0.67,-1.35,-1.35,-1.35,-1.15,0.5,False
EMP11861,USER,0,NONE,0.0,-0.67,-0.67,0.67,-0.2,0.5,False
EMP12716,USER,0,NONE,0.67,-2.02,0.67,-1.35,-0.41,0.5,False
EMP12709,USER,0,NONE,-0.67,-1.35,-1.35,-2.02,-1.28,0.5,False
EMP11659,USER,0,NONE,1.35,-0.67,-0.67,0.67,0.2,0.5,False
EMP10436,USER,1,NETWORK_IP,0.0,2.02,0.67,0.0,0.67,0.65,False
EMP12078,USER,0,NONE,0.67,-0.67,1.35,0.67,0.51,0.5,False
EMP11222,USER,0,NONE,0.0,-0.67,0.0,-0.67,-0.3,0.5,False
EMP11491,USER,0,NONE,-1.35,-0.67,0.0,-1.35,-0.84,0.5,False
EMP11912,USER,1,ENDPOINT,0.0,1.35,2.02,-0.67,0.71,0.65,False
EMP10313,USER,0,NONE,-0.67,0.0,0.0,0.0,-0.2,0.5,False
EMP10233,USER,0,NONE,-1.35,-0.67,0.67,-0.67,-0.54,0.5,False
EMP11436,USER,0,NONE,-0.67,-0.67,0.67,0.0,-0.2,0.5,False
EMP10685,USER,0,NONE,0.67,0.0,0.67,1.35,0.64,0.5,False
EMP12918,USER,0,NONE,-0.67,-0.67,-1.35,0.0,-0.71,0.5,False
EMP10111,USER,0,NONE,-1.35,-1.35,-0.67,-1.35,-1.18,0.5,False
EMP11213,USER,0,NONE,-0.67,-2.02,-0.67,-0.67,-1.01,0.5,False
EMP11413,USER,0,NONE,-0.67,-0.67,0.0,-2.02,-0.77,0.5,False
EMP11127,USER,0,NONE,1.35,1.35,-1.35,0.67,0.54,0.5,False
EMP12916,USER,0,NONE,-0.67,0.0,1.35,0.0,0.14,0.5,False
EMP11971,USER,0,NONE,1.35,0.0,-1.35,-0.67,-0.07,0.5,False
EMP10472,USER,3,AUTHENTICATION|NETWORK_IP|OFF_HOURS,15.51,20.0,0.0,20.0,13.65,0.95,True
EMP12835,USER,1,OFF_HOURS,0.0,-0.67,1.35,2.7,0.71,0.65,False
EMP12251,USER,0,NONE,0.0,0.67,0.0,0.67,0.3,0.5,False
EMP10903,USER,0,NONE,-1.35,0.67,0.67,-0.67,-0.2,0.5,False
EMP10897,USER,0,NONE,0.0,-0.67,0.67,0.67,0.13,0.5,False
EMP12448,USER,0,NONE,-1.35,-2.02,1.35,-1.35,-0.84,0.5,False
EMP11939,USER,0,NONE,-0.67,-1.35,-1.35,-0.67,-1.01,0.5,False
EMP12293,USER,0,NONE,-2.02,-2.02,1.35,-1.35,-1.04,0.5,False
EMP12896,USER,1,OFF_HOURS,-0.67,-0.67,-0.67,2.02,-0.13,0.65,False
EMP12684,USER,0,NONE,0.67,-0.67,-0.67,1.35,0.14,0.5,False
EMP10361,USER,2,NETWORK_IP|OFF_HOURS,0.0,2.02,-1.35,2.02,0.57,0.8,True
EMP10135,USER,0,NONE,0.0,0.0,0.22,-0.67,-0.08,0.5,False
EMP11309,USER,0,NONE,0.0,0.0,-1.12,-1.35,-0.55,0.5,False
EMP12995,USER,0,NONE,0.0,0.67,0.0,0.67,0.3,0.5,False
EMP12328,USER,0,NONE,-0.67,-0.67,-0.67,-1.35,-0.81,0.5,False
EMP10366,USER,0,NONE,-1.35,1.35,0.0,0.67,0.07,0.5,False
EMP11017,USER,0,NONE,1.35,-2.02,0.67,0.0,0.07,0.5,False
EMP10029,USER,1,ENDPOINT,0.67,1.35,3.37,0.67,1.52,0.65,False
EMP12578,USER,0,NONE,1.35,-0.67,0.67,0.0,0.41,0.5,False
EMP10022,USER,0,NONE,-0.67,0.0,1.35,-0.67,0.0,0.5,False
EMP11924,USER,0,NONE,0.0,-1.35,0.0,-0.67,-0.47,0.5,False
EMP11100,USER,0,NONE,-1.35,-0.67,0.0,-0.67,-0.71,0.5,False
EMP10420,USER,1,ENDPOINT,0.0,-0.67,2.7,-1.35,0.24,0.65,False
EMP12390,USER,2,NETWORK_IP|OFF_HOURS,1.35,3.37,0.0,2.02,1.65,0.8,True
EMP10460,USER,0,NONE,0.0,-0.67,0.0,-0.67,-0.3,0.5,False
EMP10043,USER,1,ENDPOINT,-0.67,-1.35,2.7,-0.67,0.0,0.65,False
EMP10087,USER,0,NONE,0.0,1.35,0.67,1.35,0.78,0.5,False
EMP10859,USER,0,NONE,0.0,0.0,-1.35,0.67,-0.2,0.5,False
EMP10572,USER,0,NONE,0.67,-0.67,0.0,-1.35,-0.24,0.5,False
EMP10944,USER,1,ENDPOINT,0.67,-1.35,2.02,0.0,0.37,0.65,False
EMP10282,USER,1,AUTHENTICATION,2.02,-0.67,-0.67,0.67,0.41,0.65,False
EMP12658,USER,0,NONE,-1.35,-1.35,0.67,-1.35,-0.85,0.5,False
EMP12466,USER,0,NONE,-0.67,-1.35,0.0,-0.67,-0.67,0.5,False
EMP12932,USER,0,NONE,0.0,-0.67,-0.67,0.0,-0.34,0.5,False
EMP12476,USER,1,ENDPOINT,1.35,0.67,2.7,-0.67,1.11,0.65,False
EMP10533,USER,0,NONE,-0.67,0.0,0.67,-0.67,-0.17,0.5,False
EMP10776,USER,0,NONE,-0.67,-0.67,1.35,0.0,-0.03,0.5,False
EMP12527,USER,0,NONE,-0.67,-1.35,-0.67,0.0,-0.71,0.5,False
EMP12430,USER,0,NONE,-1.35,-2.02,0.67,-2.02,-1.15,0.5,False
EMP12464,USER,0,NONE,-1.35,0.67,0.67,0.0,-0.07,0.5,False
EMP12179,USER,0,NONE,-1.35,0.0,0.0,0.0,-0.41,0.5,False
EMP10809,USER,0,NONE,0.0,0.67,1.35,0.67,0.64,0.5,False
EMP10964,USER,0,NONE,-0.67,0.67,-1.35,-1.35,-0.64,0.5,False
EMP10978,USER,0,NONE,0.0,-0.67,-0.67,0.67,-0.2,0.5,False
EMP10691,USER,0,NONE,0.67,-1.35,0.0,-0.67,-0.27,0.5,False
EMP10932,USER,0,NONE,0.0,0.0,-0.67,0.67,-0.03,0.5,False
EMP11241,USER,3,AUTHENTICATION|NETWORK_IP|OFF_HOURS,10.12,18.21,0.67,17.54,11.26,0.95,True
EMP12259,USER,2,NETWORK_IP|OFF_HOURS,1.35,2.02,0.0,2.02,1.31,0.8,True
EMP11672,USER,0,NONE,0.67,-0.67,1.35,-1.35,0.1,0.5,False
EMP11426,USER,0,NONE,0.0,1.35,-0.67,1.35,0.44,0.5,False
EMP10221,USER,0,NONE,-1.35,-0.67,0.0,-0.67,-0.71,0.5,False
EMP10543,USER,0,NONE,-1.35,-0.67,1.35,-1.35,-0.51,0.5,False
EMP11286,USER,1,ENDPOINT,0.0,-0.67,3.37,0.0,0.68,0.65,False
EMP12209,USER,0,NONE,-0.67,0.0,0.67,0.67,0.1,0.5,False
EMP10789,USER,0,NONE,0.67,-0.67,0.67,0.0,0.2,0.5,False
EMP10794,USER,0,NONE,-0.67,-0.67,0.67,-1.35,-0.47,0.5,False
EMP11720,USER,0,NONE,-0.67,-1.35,0.0,-1.35,-0.81,0.5,False
EMP12005,USER,1,OFF_HOURS,1.35,-0.67,0.67,2.02,0.81,0.65,False
EMP11563,USER,0,NONE,-1.35,0.67,0.0,0.67,-0.1,0.5,False
EMP10612,USER,0,NONE,-0.67,0.67,-1.35,0.0,-0.37,0.5,False
EMP11456,USER,0,NONE,0.67,1.35,-0.67,0.67,0.51,0.5,False
EMP11718,USER,0,NONE,1.35,-1.35,0.0,0.67,0.2,0.5,False
EMP10272,USER,0,NONE,1.35,0.67,0.67,0.0,0.74,0.5,False
EMP10521,USER,0,NONE,-0.67,-1.35,0.67,0.0,-0.37,0.5,False
EMP11003,USER,0,NONE,-0.67,-0.67,0.67,0.0,-0.2,0.5,False
EMP11373,USER,0,NONE,-0.67,-0.67,-0.67,0.0,-0.54,0.5,False
EMP12522,USER,0,NONE,0.0,-0.67,0.0,-0.67,-0.3,0.5,False
EMP11938,USER,0,NONE,0.0,-1.35,0.67,1.35,0.1,0.5,False
EMP10350,USER,1,ENDPOINT,0.0,0.0,2.02,0.0,0.51,0.65,False
EMP10949,USER,2,AUTHENTICATION|NETWORK_IP,2.7,2.02,0.67,-0.67,1.35,0.8,True
EMP12126,USER,0,NONE,1.35,0.67,-0.67,0.67,0.54,0.5,False
EMP12387,USER,0,NONE,0.67,-1.35,0.0,0.67,-0.0,0.5,False
EMP12862,USER,1,ENDPOINT,-1.35,-2.02,2.02,0.0,-0.41,0.65,False
EMP12672,USER,0,NONE,0.0,0.67,0.0,-0.67,0.03,0.5,False
EMP11179,USER,0,NONE,0.0,-0.67,0.22,-1.35,-0.38,0.5,False
EMP11036,USER,0,NONE,1.35,0.67,-0.67,0.0,0.41,0.5,False
EMP12580,USER,2,ENDPOINT|OFF_HOURS,0.0,0.67,2.02,2.7,1.21,0.8,True
EMP10168,USER,0,NONE,0.67,0.0,0.22,-0.67,0.12,0.5,False
EMP12582,USER,0,NONE,-1.35,-0.67,-0.67,1.35,-0.47,0.5,False
EMP12266,USER,0,NONE,0.0,0.0,0.0,-1.35,-0.27,0.5,False
EMP11954,USER,0,NONE,-1.35,-0.67,0.0,0.0,-0.57,0.5,False
EMP12073,USER,1,ENDPOINT,0.67,1.35,3.37,1.35,1.65,0.65,False
EMP12377,USER,0,NONE,0.0,-0.67,-0.22,0.0,-0.22,0.5,False
EMP10765,USER,0,NONE,0.0,-1.35,0.67,-0.67,-0.3,0.5,False
EMP12190,USER,0,NONE,-0.67,0.0,-1.35,0.0,-0.54,0.5,False
EMP12166,USER,0,NONE,0.0,-1.35,0.0,-1.35,-0.61,0.5,False
EMP12302,USER,1,ENDPOINT,0.67,0.0,2.02,0.67,0.84,0.65,False
EMP10219,USER,0,NONE,0.0,0.67,-0.67,0.0,0.0,0.5,False
EMP10367,USER,0,NONE,-0.67,-0.67,-1.35,-2.02,-1.11,0.5,False
EMP12545,USER,0,NONE,0.0,-0.67,-0.67,0.67,-0.2,0.5,False
EMP10879,USER,0,NONE,1.35,0.0,-0.67,0.67,0.37,0.5,False
EMP12347,USER,0,NONE,-0.67,-0.67,-0.67,-1.35,-0.81,0.5,False
EMP11323,USER,2,AUTHENTICATION|OFF_HOURS,2.02,0.0,0.0,2.7,1.15,0.8,True
EMP11392,USER,0,NONE,-0.67,-0.67,0.0,-0.67,-0.5,0.5,False
EMP10351,USER,0,NONE,-0.67,-0.67,0.0,-1.35,-0.64,0.5,False
EMP11053,USER,0,NONE,0.67,-0.67,0.67,-0.67,0.07,0.5,False
EMP11211,USER,0,NONE,0.0,0.67,1.35,1.35,0.78,0.5,False
EMP11967,USER,0,NONE,0.67,0.67,0.0,0.67,0.5,0.5,False
EMP12771,USER,0,NONE,-1.35,-0.67,-0.67,-1.35,-1.01,0.5,False
EMP12442,USER,0,NONE,0.0,-0.67,0.0,-0.67,-0.3,0.5,False
EMP10498,USER,1,ENDPOINT,-0.67,-0.67,2.7,-0.67,0.17,0.65,False
EMP11735,USER,0,NONE,-0.67,-2.02,1.35,-1.35,-0.64,0.5,False
EMP10210,USER,0,NONE,0.0,1.35,-0.67,-1.35,-0.1,0.5,False
EMP12487,USER,0,NONE,1.35,0.0,0.67,1.35,0.84,0.5,False
EMP12838,USER,0,NONE,0.0,-0.67,0.0,-1.35,-0.44,0.5,False
EMP10227,USER,0,NONE,0.0,-0.67,0.0,-0.67,-0.3,0.5,False
EMP10365,USER,0,NONE,-0.67,-2.02,1.35,0.67,-0.23,0.5,False
EMP10965,USER,0,NONE,0.0,-1.35,0.0,0.0,-0.34,0.5,False
EMP10276,USER,0,NONE,-1.35,-0.67,0.67,-0.67,-0.54,0.5,False
EMP12299,USER,0,NONE,-1.35,-0.67,-1.35,0.67,-0.78,0.5,False
EMP11877,USER,0,NONE,-1.35,-2.02,0.0,0.0,-0.91,0.5,False
EMP12670,USER,1,OFF_HOURS,1.35,1.35,0.67,3.37,1.58,0.65,False
EMP11103,USER,1,AUTHENTICATION,2.02,0.0,0.67,1.35,1.04,0.65,False
EMP10407,USER,0,NONE,0.0,-0.67,0.67,0.0,0.0,0.5,False
EMP12044,USER,0,NONE,0.0,0.0,0.0,-1.35,-0.27,0.5,False
EMP11124,USER,0,NONE,1.35,0.67,-1.35,0.0,0.23,0.5,False
EMP12406,USER,0,NONE,0.0,0.67,1.35,-1.35,0.23,0.5,False
EMP10785,USER,2,NETWORK_IP|OFF_HOURS,1.35,2.02,0.0,2.7,1.45,0.8,True
EMP12564,USER,0,NONE,-0.67,-0.67,0.0,-1.35,-0.64,0.5,False
EMP12627,USER,3,AUTHENTICATION|NETWORK_IP|OFF_HOURS,2.02,4.05,0.0,2.7,2.16,0.95,True
EMP12380,USER,0,NONE,0.67,0.0,-0.67,-0.67,-0.1,0.5,False
EMP10007,USER,0,NONE,-1.35,-0.67,0.0,-0.67,-0.71,0.5,False
EMP11244,USER,0,NONE,-0.67,0.0,-0.67,-0.67,-0.5,0.5,False
EMP11289,USER,1,OFF_HOURS,1.35,0.0,1.35,2.02,1.15,0.65,False
EMP10864,USER,0,NONE,-0.67,-0.67,-1.35,-0.67,-0.84,0.5,False
EMP10415,USER,0,NONE,0.0,-2.02,-0.67,-0.67,-0.81,0.5,False
EMP11742,USER,0,NONE,0.67,0.0,-0.67,1.35,0.3,0.5,False
EMP11713,USER,0,NONE,0.67,0.0,1.35,0.0,0.54,0.5,False
EMP11691,USER,0,NONE,0.67,-0.67,-0.67,-0.67,-0.27,0.5,False
EMP10199,USER,0,NONE,-0.67,0.0,-1.35,-0.67,-0.67,0.5,False
EMP10283,USER,0,NONE,-1.35,-1.35,-1.35,-1.35,-1.35,0.5,False
EMP10231,USER,0,NONE,0.67,-0.67,0.67,0.67,0.34,0.5,False
EMP10718,USER,0,NONE,-1.35,-2.02,0.67,-2.02,-1.15,0.5,False
EMP12947,USER,0,NONE,0.0,1.35,0.67,0.0,0.51,0.5,False
EMP10096,USER,1,ENDPOINT,1.35,-1.35,3.37,-0.67,0.78,0.65,False
EMP12826,USER,1,ENDPOINT,-1.35,-2.02,2.7,-1.35,-0.51,0.65,False
EMP12648,USER,0,NONE,0.67,0.0,0.22,-1.35,-0.01,0.5,False
EMP11474,USER,0,NONE,-1.35,-2.02,-1.35,-1.35,-1.52,0.5,False
EMP10881,USER,0,NONE,-0.67,0.67,0.67,1.35,0.4,0.5,False
EMP11419,USER,0,NONE,0.0,1.35,-0.67,0.0,0.17,0.5,False
EMP12542,USER,2,NETWORK_IP|OFF_HOURS,1.35,3.37,0.0,2.02,1.65,0.8,True
EMP12949,USER,1,ENDPOINT,-0.67,0.0,2.02,0.0,0.3,0.65,False
EMP12666,USER,0,NONE,0.0,-1.35,0.67,0.0,-0.17,0.5,False
EMP12254,USER,3,AUTHENTICATION|NETWORK_IP|OFF_HOURS,8.09,17.54,0.0,13.49,9.51,0.95,True
EMP11462,USER,1,ENDPOINT,0.0,0.0,2.02,1.35,0.78,0.65,False
EMP10104,USER,1,ENDPOINT,-1.35,-1.35,2.02,-0.67,-0.37,0.65,False
EMP12298,USER,0,NONE,0.67,-1.35,0.0,0.67,-0.0,0.5,False
EMP12872,USER,0,NONE,-1.35,-1.35,0.67,-0.67,-0.71,0.5,False
EMP11725,USER,0,NONE,1.35,0.0,0.67,0.67,0.71,0.5,False
EMP12609,USER,2,NETWORK_IP|OFF_HOURS,1.35,2.7,0.0,2.7,1.62,0.8,True
EMP11102,USER,0,NONE,-0.67,-0.67,-1.35,0.0,-0.71,0.5,False
EMP12820,USER,0,NONE,0.67,-0.67,0.0,0.67,0.17,0.5,False
EMP10807,USER,0,NONE,0.67,0.67,1.35,-1.35,0.44,0.5,False
EMP10226,USER,0,NONE,-1.35,-1.35,-0.67,-0.67,-1.04,0.5,False
EMP10840,USER,0,NONE,0.67,-1.35,-0.67,-0.67,-0.44,0.5,False
EMP12369,USER,1,AUTHENTICATION,2.02,0.67,0.0,0.0,0.77,0.65,False
EMP11621,USER,0,NONE,0.67,1.35,0.0,1.35,0.81,0.5,False
EMP12639,USER,2,NETWORK_IP|OFF_HOURS,1.35,2.7,0.67,2.7,1.79,0.8,True
EMP12528,USER,0,NONE,-0.67,-0.67,-0.67,0.0,-0.54,0.5,False
EMP11093,USER,0,NONE,0.0,-2.02,-1.35,0.0,-0.84,0.5,False
EMP12897,USER,0,NONE,0.67,0.0,0.0,-1.35,-0.07,0.5,False
EMP12783,USER,0,NONE,0.0,-2.02,0.67,0.0,-0.34,0.5,False
EMP11763,USER,3,AUTHENTICATION|NETWORK_IP|OFF_HOURS,10.79,20.0,-0.67,20.0,12.07,0.95,True
EMP12510,USER,0,NONE,-0.67,-1.35,-1.35,0.67,-0.74,0.5,False
EMP10979,USER,0,NONE,0.67,1.35,-0.67,0.67,0.51,0.5,False
EMP11953,USER,0,NONE,0.67,-0.67,0.67,0.67,0.34,0.5,False
EMP10464,USER,0,NONE,1.35,-0.67,-0.67,1.35,0.34,0.5,False
EMP11940,USER,0,NONE,-0.67,-1.35,-0.67,-0.67,-0.84,0.5,False
EMP12595,USER,0,NONE,0.0,0.67,0.67,0.0,0.34,0.5,False
EMP10927,USER,0,NONE,-0.67,-1.35,0.0,-1.35,-0.81,0.5,False
EMP11359,USER,3,AUTHENTICATION|NETWORK_IP|OFF_HOURS,10.79,19.56,0.67,20.0,12.29,0.95,True
EMP11216,USER,0,NONE,-0.67,0.67,-2.02,0.0,-0.54,0.5,False
EMP11032,USER,0,NONE,-0.67,-1.35,-0.67,-1.35,-0.98,0.5,False
EMP12567,USER,3,AUTHENTICATION|NETWORK_IP|OFF_HOURS,16.19,19.56,0.67,20.0,13.91,0.95,True
EMP11936,USER,0,NONE,-0.67,-0.67,0.0,-1.35,-0.64,0.5,False
EMP10212,USER,1,NETWORK_IP,0.67,2.02,1.35,0.0,1.04,0.65,False
EMP10012,USER,0,NONE,-0.67,0.0,0.67,0.0,-0.03,0.5,False
EMP12990,USER,1,ENDPOINT,-0.67,-0.67,2.7,-2.02,-0.1,0.65,False
EMP10422,USER,0,NONE,-0.67,-1.35,0.0,-1.35,-0.81,0.5,False
EMP12436,USER,0,NONE,-0.67,-0.67,0.0,-2.02,-0.77,0.5,False
EMP12366,USER,2,NETWORK_IP|OFF_HOURS,0.0,2.02,-0.67,2.02,0.74,0.8,True
EMP11749,USER,1,ENDPOINT,0.0,1.35,2.02,0.0,0.84,0.65,False
EMP11391,USER,0,NONE,-0.67,-0.67,0.67,-0.67,-0.34,0.5,False
EMP12721,USER,0,NONE,-0.67,0.0,0.0,-0.67,-0.34,0.5,False
EMP11745,USER,0,NONE,0.67,1.35,-1.35,0.67,0.33,0.5,False
EMP10741,USER,1,ENDPOINT,0.0,-1.35,2.02,-1.35,-0.1,0.65,False
EMP11626,USER,2,AUTHENTICATION|NETWORK_IP,3.37,4.05,-0.67,1.35,2.13,0.8,True
EMP12358,USER,0,NONE,-1.35,1.35,1.35,1.35,0.54,0.5,False
EMP10509,USER,0,NONE,0.67,1.35,0.0,-0.67,0.4,0.5,False
EMP10644,USER,3,AUTHENTICATION|NETWORK_IP|OFF_HOURS,14.84,16.86,0.0,10.79,10.82,0.95,True
EMP10597,USER,1,ENDPOINT,-0.67,0.0,3.37,0.0,0.64,0.65,False
EMP11005,USER,3,AUTHENTICATION|NETWORK_IP|OFF_HOURS,14.16,16.19,0.67,15.51,11.57,0.95,True
EMP12015,USER,0,NONE,0.0,0.0,1.35,-1.35,0.07,0.5,False
EMP11237,USER,0,NONE,0.67,0.0,-1.35,0.0,-0.14,0.5,False
EMP12725,USER,0,NONE,0.67,0.0,0.0,0.67,0.34,0.5,False
EMP10518,USER,0,NONE,-0.67,0.0,-0.67,0.67,-0.23,0.5,False
EMP12240,USER,0,NONE,-0.67,-0.67,-1.35,0.67,-0.57,0.5,False
EMP10573,USER,0,NONE,-0.67,-0.67,0.0,-0.67,-0.5,0.5,False
EMP11073,USER,3,AUTHENTICATION|NETWORK_IP|OFF_HOURS,10.79,20.0,-1.35,20.0,11.9,0.95,True
EMP12808,USER,0,NONE,0.67,-0.67,0.0,-0.67,-0.1,0.5,False
EMP12063,USER,0,NONE,0.0,-0.67,-1.35,-0.67,-0.64,0.5,False
EMP11316,USER,0,NONE,-0.67,0.0,0.67,1.35,0.24,0.5,False
EMP11220,USER,0,NONE,0.0,-0.67,1.35,0.67,0.3,0.5,False
EMP11613,USER,0,NONE,0.0,-2.02,0.67,-1.35,-0.61,0.5,False
EMP10123,USER,2,AUTHENTICATION|OFF_HOURS,2.7,0.67,0.0,2.7,1.52,0.8,True
EMP11251,USER,0,NONE,0.0,-0.67,-0.67,0.0,-0.34,0.5,False
EMP10220,USER,0,NONE,0.0,-2.02,-1.35,0.0,-0.84,0.5,False
EMP12994,USER,0,NONE,1.35,-0.67,0.0,-0.67,0.1,0.5,False
EMP10358,USER,0,NONE,0.67,-1.35,-0.67,-0.67,-0.44,0.5,False
EMP12218,USER,1,ENDPOINT,0.0,0.0,2.02,-1.35,0.23,0.65,False
EMP12123,USER,0,NONE,0.67,0.0,1.35,-1.35,0.27,0.5,False
EMP12295,USER,0,NONE,-0.67,0.67,0.0,0.67,0.1,0.5,False
EMP10259,USER,0,NONE,0.67,-0.67,0.0,-1.35,-0.24,0.5,False
EMP12855,USER,0,NONE,-0.67,-0.67,0.0,0.67,-0.23,0.5,False
EMP12830,USER,0,NONE,0.67,-0.67,-0.67,-0.67,-0.27,0.5,False
EMP12465,USER,1,AUTHENTICATION,2.7,0.67,0.0,0.67,1.11,0.65,False
EMP12906,USER,0,NONE,-1.35,-0.67,-0.67,-1.35,-1.01,0.5,False
EMP11675,USER,0,NONE,-0.67,0.0,0.0,-1.35,-0.47,0.5,False
EMP12480,USER,0,NONE,0.0,-0.67,-0.67,-0.67,-0.47,0.5,False
EMP11845,USER,0,NONE,-0.67,-0.67,0.67,-0.67,-0.34,0.5,False
EMP11536,USER,0,NONE,-0.67,-2.02,1.35,-2.02,-0.77,0.5,False
EMP12857,USER,0,NONE,-1.35,-0.67,0.67,-1.35,-0.68,0.5,False
EMP12397,USER,0,NONE,0.67,0.0,-0.67,0.0,0.03,0.5,False
EMP10456,USER,0,NONE,-0.67,-1.35,-0.67,-0.67,-0.84,0.5,False
EMP10462,USER,2,AUTHENTICATION|ENDPOINT,2.7,0.0,2.02,0.0,1.31,0.8,True
EMP12292,USER,0,NONE,-1.35,-0.67,0.67,-2.02,-0.81,0.5,False
EMP11788,USER,0,NONE,0.67,-1.35,1.35,-0.67,0.07,0.5,False
EMP11767,USER,0,NONE,-1.35,-1.35,0.0,-0.67,-0.88,0.5,False
EMP10381,USER,0,NONE,-0.67,-2.02,-0.67,-1.35,-1.14,0.5,False
EMP11444,USER,0,NONE,-0.67,0.0,1.35,0.0,0.14,0.5,False
EMP11187,USER,0,NONE,0.0,1.35,-2.02,-0.67,-0.3,0.5,False
EMP12607,USER,0,NONE,0.67,0.67,0.67,0.0,0.54,0.5,False
EMP12357,USER,0,NONE,-0.67,-1.35,-0.67,-1.35,-0.98,0.5,False
EMP11842,USER,0,NONE,-1.35,-1.35,-0.67,-2.02,-1.31,0.5,False
EMP11554,USER,0,NONE,0.0,-1.35,0.0,-1.35,-0.61,0.5,False
EMP10059,USER,0,NONE,-0.67,-0.67,0.0,-1.35,-0.64,0.5,False
EMP11608,USER,1,OFF_HOURS,0.0,0.0,-2.02,2.02,-0.1,0.65,False
EMP12638,USER,0,NONE,-0.67,0.0,0.0,-2.02,-0.6,0.5,False
EMP11364,USER,1,NETWORK_IP,0.0,2.02,0.0,0.0,0.51,0.65,False
EMP11505,USER,0,NONE,0.67,0.67,0.67,1.35,0.81,0.5,False
EMP12876,USER,0,NONE,-0.67,-2.02,-0.67,-0.67,-1.01,0.5,False
EMP12359,USER,0,NONE,0.67,-0.67,-1.35,-0.67,-0.44,0.5,False
EMP12928,USER,2,NETWORK_IP|OFF_HOURS,0.0,2.02,-0.67,2.7,0.88,0.8,True
EMP11480,USER,0,NONE,0.67,-0.67,-1.35,-0.67,-0.44,0.5,False
EMP10542,USER,0,NONE,0.0,0.0,1.35,0.0,0.34,0.5,False
EMP11133,USER,0,NONE,0.0,0.0,-1.35,-0.67,-0.47,0.5,False
EMP11764,USER,0,NONE,-1.35,-2.02,0.0,-2.02,-1.31,0.5,False
EMP12610,USER,2,AUTHENTICATION|OFF_HOURS,2.7,1.35,-0.22,2.02,1.5,0.8,True
EMP11880,USER,1,AUTHENTICATION,2.02,0.0,0.67,1.35,1.04,0.65,False
EMP10845,USER,0,NONE,-0.67,-0.67,0.0,-1.35,-0.64,0.5,False
EMP12494,USER,0,NONE,-1.35,-1.35,-2.02,-1.35,-1.52,0.5,False
EMP12655,USER,0,NONE,0.67,-1.35,-0.67,0.0,-0.3,0.5,False
EMP11475,USER,0,NONE,0.0,0.67,0.0,-0.67,0.03,0.5,False
EMP11839,USER,0,NONE,0.0,-0.67,-1.35,-0.67,-0.64,0.5,False
EMP12980,USER,0,NONE,0.67,0.67,0.0,-2.02,-0.04,0.5,False
EMP11801,USER,3,AUTHENTICATION|NETWORK_IP|OFF_HOURS,12.14,20.0,-2.02,20.0,12.14,0.95,True
EMP11766,USER,0,NONE,-0.67,0.0,-1.35,0.0,-0.54,0.5,False
EMP12493,USER,0,NONE,0.67,0.67,-0.67,0.0,0.2,0.5,False
EMP11786,USER,0,NONE,1.35,0.67,0.0,1.35,0.84,0.5,False
EMP11018,USER,0,NONE,-0.67,-1.35,0.67,-0.67,-0.51,0.5,False
EMP10435,USER,1,NETWORK_IP,1.35,2.02,1.35,1.35,1.52,0.65,False
EMP11114,USER,1,OFF_HOURS,0.0,0.0,0.67,3.37,0.84,0.65,False
EMP10237,USER,0,NONE,-1.35,0.0,-0.67,0.0,-0.57,0.5,False
EMP11075,USER,0,NONE,-1.35,-1.35,0.67,-1.35,-0.85,0.5,False
EMP10109,USER,1,ENDPOINT,-0.67,-0.67,2.02,0.0,0.14,0.65,False
EMP12119,USER,0,NONE,0.67,-0.67,0.0,-0.67,-0.1,0.5,False
EMP10163,USER,0,NONE,-0.67,-0.67,-1.35,0.0,-0.71,0.5,False
EMP10288,USER,0,NONE,1.35,-0.67,0.67,-0.67,0.27,0.5,False
EMP10252,USER,0,NONE,-1.35,-1.35,0.0,-0.67,-0.88,0.5,False
EMP12588,USER,0,NONE,0.0,0.67,0.67,-0.67,0.2,0.5,False
EMP12350,USER,0,NONE,0.0,1.35,0.0,0.67,0.47,0.5,False
EMP10767,USER,0,NONE,0.67,0.67,-0.67,0.67,0.34,0.5,False
EMP10787,USER,0,NONE,0.0,0.0,-1.35,-1.35,-0.61,0.5,False
EMP11378,USER,1,OFF_HOURS,-0.67,-0.67,0.0,2.7,0.17,0.65,False
EMP11027,USER,0,NONE,-0.67,-1.35,0.0,-1.35,-0.81,0.5,False
EMP11037,USER,0,NONE,0.0,-0.67,0.0,-1.35,-0.44,0.5,False
EMP10869,USER,0,NONE,0.0,0.0,-0.67,0.0,-0.17,0.5,False
EMP12957,USER,0,NONE,0.67,-1.35,-0.67,-1.35,-0.57,0.5,False
EMP12405,USER,0,NONE,0.0,-1.35,0.67,0.0,-0.17,0.5,False
EMP11980,USER,0,NONE,-0.67,-1.35,0.0,-1.35,-0.81,0.5,False
EMP12159,USER,0,NONE,-1.35,-1.35,0.0,-0.67,-0.88,0.5,False
EMP12801,USER,0,NONE,1.35,0.67,1.35,0.0,0.91,0.5,False
EMP12908,USER,0,NONE,1.35,1.35,0.67,0.67,1.04,0.5,False
EMP12053,USER,0,NONE,-1.35,-2.02,0.0,-1.35,-1.18,0.5,False
EMP12472,USER,0,NONE,-0.67,0.67,-0.22,0.0,-0.09,0.5,False
EMP10461,USER,0,NONE,0.0,-0.67,1.35,-0.67,0.04,0.5,False
EMP10911,USER,0,NONE,0.0,-0.67,-0.67,0.0,-0.34,0.5,False
EMP12772,USER,0,NONE,0.67,-1.35,-0.67,-0.67,-0.44,0.5,False
EMP10157,USER,0,NONE,-0.67,-1.35,0.67,-0.67,-0.51,0.5,False
EMP10930,USER,2,AUTHENTICATION|NETWORK_IP,2.7,2.02,-1.35,1.35,1.25,0.8,True
EMP12138,USER,0,NONE,0.67,1.35,-1.35,1.35,0.47,0.5,False
EMP12164,USER,1,ENDPOINT,0.67,0.0,4.05,-0.67,1.08,0.65,False
EMP10677,USER,0,NONE,-0.67,-0.67,-0.67,-0.67,-0.67,0.5,False
EMP12827,USER,0,NONE,-0.67,-0.67,0.67,0.0,-0.2,0.5,False
EMP11255,USER,0,NONE,0.0,0.67,-0.67,0.0,0.0,0.5,False
EMP10238,USER,1,ENDPOINT,0.67,-0.67,2.02,0.0,0.54,0.65,False
EMP11052,USER,0,NONE,0.0,-2.02,0.0,-1.35,-0.78,0.5,False
EMP11532,USER,0,NONE,0.67,-0.67,-0.67,0.0,-0.13,0.5,False
EMP10243,USER,1,ENDPOINT,0.0,-0.67,2.7,0.67,0.64,0.65,False
EMP10100,USER,1,ENDPOINT,-0.67,-1.35,2.7,0.0,0.14,0.65,False
EMP10315,USER,0,NONE,-1.35,-1.35,1.35,0.0,-0.41,0.5,False
EMP12409,USER,1,ENDPOINT,-0.67,0.67,2.7,0.67,0.78,0.65,False
EMP12513,USER,0,NONE,0.0,0.0,0.0,-1.35,-0.27,0.5,False
EMP11041,USER,0,NONE,0.0,-2.02,0.0,-1.35,-0.78,0.5,False
EMP11064,USER,0,NONE,0.0,-0.67,-1.35,0.67,-0.37,0.5,False
EMP10261,USER,1,OFF_HOURS,0.0,0.67,0.67,2.02,0.74,0.65,False
EMP11655,USER,0,NONE,-1.35,-0.67,0.0,0.0,-0.57,0.5,False
EMP12966,USER,0,NONE,0.67,-1.35,1.35,0.0,0.2,0.5,False
EMP10195,USER,0,NONE,0.67,1.35,0.0,1.35,0.81,0.5,False
EMP11941,USER,0,NONE,0.67,1.35,-0.67,1.35,0.64,0.5,False
EMP11078,USER,0,NONE,0.67,-0.67,0.67,0.67,0.34,0.5,False
EMP11847,USER,0,NONE,-0.67,0.0,1.35,-0.67,0.0,0.5,False
EMP10179,USER,0,NONE,0.67,0.67,0.0,-1.35,0.1,0.5,False
EMP11412,USER,0,NONE,0.0,-1.35,0.67,0.67,-0.04,0.5,False
EMP10842,USER,2,NETWORK_IP|OFF_HOURS,0.0,2.7,-0.67,2.02,0.91,0.8,True
EMP12389,USER,1,AUTHENTICATION,2.7,1.35,-2.02,1.35,0.91,0.65,False
EMP11510,USER,0,NONE,-0.67,0.0,0.0,-1.35,-0.47,0.5,False
EMP11995,USER,1,ENDPOINT,-0.67,-2.02,2.7,-1.35,-0.3,0.65,False
EMP10340,USER,0,NONE,-0.67,0.67,-0.67,0.0,-0.2,0.5,False
EMP11134,USER,0,NONE,0.0,0.0,0.0,0.0,0.0,0.5,False
EMP12364,USER,0,NONE,0.0,0.0,0.0,0.0,0.0,0.5,False
EMP10748,USER,1,AUTHENTICATION,3.37,1.35,-1.35,1.35,1.28,0.65,False
EMP12936,USER,0,NONE,1.35,0.0,-0.67,0.67,0.37,0.5,False
EMP10662,USER,2,ENDPOINT|OFF_HOURS,1.35,0.67,2.7,2.02,1.65,0.8,True
EMP10480,USER,0,NONE,0.67,1.35,0.0,0.67,0.67,0.5,False
EMP10803,USER,0,NONE,0.0,0.67,-1.35,0.0,-0.17,0.5,False
EMP12204,USER,0,NONE,1.35,-1.35,0.0,0.0,0.07,0.5,False
EMP10998,USER,1,ENDPOINT,0.67,0.0,2.02,-1.35,0.44,0.65,False
EMP11431,USER,1,ENDPOINT,-0.67,0.0,2.02,-1.35,0.03,0.65,False
EMP12509,USER,0,NONE,-0.67,-1.35,0.0,-0.67,-0.67,0.5,False
EMP10549,USER,1,ENDPOINT,-1.35,-2.02,2.7,-1.35,-0.51,0.65,False
EMP11210,USER,1,ENDPOINT,1.35,0.67,2.7,0.0,1.25,0.65,False
EMP10783,USER,0,NONE,0.67,0.67,-1.35,-0.67,-0.1,0.5,False
EMP12791,USER,0,NONE,0.0,1.35,-0.67,-1.35,-0.1,0.5,False
EMP12007,USER,0,NONE,-0.67,0.67,1.35,0.67,0.44,0.5,False
EMP10742,USER,0,NONE,0.67,0.67,-0.67,-0.67,0.07,0.5,False
EMP12488,USER,0,NONE,0.0,-0.67,0.0,0.0,-0.17,0.5,False
EMP12733,USER,0,NONE,0.0,-0.67,0.0,-0.67,-0.3,0.5,False
EMP12910,USER,0,NONE,-1.35,-0.67,-0.67,-0.67,-0.87,0.5,False
EMP11642,USER,0,NONE,0.67,0.67,1.35,0.67,0.84,0.5,False
EMP12033,USER,0,NONE,0.0,0.0,-0.67,-0.67,-0.3,0.5,False
EMP11239,USER,0,NONE,0.0,-1.35,0.0,-0.67,-0.47,0.5,False
EMP12208,USER,0,NONE,-1.35,-1.35,0.67,-1.35,-0.85,0.5,False
EMP12967,USER,1,NETWORK_IP,0.67,2.02,-1.12,1.35,0.7,0.65,False
EMP10247,USER,0,NONE,-0.67,-1.35,0.67,-0.67,-0.51,0.5,False
EMP10871,USER,0,NONE,-0.67,0.0,-1.35,0.0,-0.54,0.5,False
EMP10952,USER,0,NONE,0.0,1.35,-2.02,0.67,-0.03,0.5,False
EMP12262,USER,0,NONE,-0.67,-0.67,-0.67,-0.67,-0.67,0.5,False
EMP12803,USER,0,NONE,0.0,-0.67,0.0,-0.67,-0.3,0.5,False
EMP10626,USER,1,ENDPOINT,1.35,1.35,2.02,-2.02,0.84,0.65,False
EMP10347,USER,0,NONE,-0.67,-0.67,-0.67,0.0,-0.54,0.5,False
EMP10278,USER,3,AUTHENTICATION|NETWORK_IP|OFF_HOURS,2.7,4.72,-0.67,2.7,2.36,0.95,True
EMP12689,USER,0,NONE,-1.35,-1.35,-1.35,0.0,-1.08,0.5,False
EMP10655,USER,0,NONE,0.0,-1.35,1.35,-2.02,-0.4,0.5,False
EMP11298,USER,3,AUTHENTICATION|NETWORK_IP|OFF_HOURS,10.12,19.56,0.67,20.0,12.09,0.95,True
EMP10962,USER,0,NONE,-1.35,-0.67,0.0,-1.35,-0.84,0.5,False
EMP12706,USER,1,NETWORK_IP,-0.67,2.02,0.67,1.35,0.74,0.65,False
EMP12667,USER,3,AUTHENTICATION|NETWORK_IP|OFF_HOURS,2.02,2.7,0.0,2.02,1.69,0.95,True
EMP11091,USER,0,NONE,-1.35,0.67,1.35,0.67,0.23,0.5,False
EMP11820,USER,0,NONE,-1.35,-0.67,-1.35,0.67,-0.78,0.5,False
EMP10632,USER,0,NONE,0.0,-1.35,-0.67,-0.67,-0.64,0.5,False
EMP11178,USER,0,NONE,1.35,0.0,1.35,-1.35,0.47,0.5,False
EMP10445,USER,0,NONE,-1.35,0.0,0.67,1.35,0.03,0.5,False
EMP10617,USER,0,NONE,1.35,0.67,0.22,1.35,0.9,0.5,False
EMP11915,USER,1,AUTHENTICATION,2.02,1.35,0.0,0.0,0.94,0.65,False
EMP12922,USER,2,NETWORK_IP|OFF_HOURS,0.0,2.02,-0.67,2.02,0.74,0.8,True
EMP12792,USER,0,NONE,-0.67,-2.02,0.67,-0.67,-0.67,0.5,False
EMP11207,USER,0,NONE,-1.35,-1.35,-0.67,-1.35,-1.18,0.5,False
EMP12014,USER,0,NONE,-1.35,-0.67,0.67,-1.35,-0.68,0.5,False
EMP10844,USER,0,NONE,0.67,0.67,0.0,-1.35,0.1,0.5,False
EMP12631,USER,0,NONE,-0.67,-1.35,0.0,-1.35,-0.81,0.5,False
EMP10547,USER,0,NONE,-0.67,-0.67,0.0,-0.67,-0.5,0.5,False
EMP11889,USER,0,NONE,-0.67,0.0,-0.67,-1.35,-0.64,0.5,False
EMP10942,USER,0,NONE,-0.67,-0.67,-0.67,-0.67,-0.67,0.5,False
EMP11011,USER,0,NONE,0.67,-0.67,0.67,0.67,0.34,0.5,False
EMP10263,USER,0,NONE,0.0,-0.67,-0.67,1.35,-0.07,0.5,False
EMP11393,USER,0,NONE,-0.67,-0.67,0.67,-1.35,-0.47,0.5,False
EMP11933,USER,0,NONE,-0.67,0.67,-1.35,-1.35,-0.64,0.5,False
EMP10353,USER,0,NONE,0.0,0.0,0.0,0.0,0.0,0.5,False
EMP12923,USER,0,NONE,0.67,-0.67,-0.67,0.0,-0.13,0.5,False
EMP10208,USER,0,NONE,0.0,0.67,0.0,0.0,0.17,0.5,False
EMP10613,USER,1,ENDPOINT,0.0,0.0,2.02,0.0,0.51,0.65,False
EMP11710,USER,1,OFF_HOURS,0.67,1.35,-0.67,2.02,0.78,0.65,False
EMP11780,USER,0,NONE,0.0,-1.35,-1.35,-2.02,-1.08,0.5,False
EMP11844,USER,3,AUTHENTICATION|NETWORK_IP|OFF_HOURS,2.02,2.02,-0.67,2.02,1.35,0.95,True
EMP11572,USER,0,NONE,-0.67,-0.67,-0.67,1.35,-0.27,0.5,False
EMP12702,USER,1,ENDPOINT,0.0,-0.67,2.02,0.67,0.47,0.65,False
EMP12113,USER,3,AUTHENTICATION|NETWORK_IP|OFF_HOURS,13.49,20.0,-1.35,20.0,12.71,0.95,True
EMP12307,USER,0,NONE,-0.67,0.67,0.0,-0.67,-0.17,0.5,False
EMP10057,USER,1,OFF_HOURS,1.35,0.67,1.35,2.02,1.31,0.65,False
EMP12312,USER,0,NONE,0.67,-1.35,-0.67,-1.35,-0.57,0.5,False
EMP10811,USER,0,NONE,-1.35,0.67,1.35,0.0,0.1,0.5,False
EMP12260,USER,1,AUTHENTICATION,2.02,1.35,0.0,0.67,1.08,0.65,False
EMP10561,USER,1,OFF_HOURS,1.35,1.35,-1.35,2.02,0.81,0.65,False
EMP12112,USER,0,NONE,-0.67,-0.67,0.0,0.0,-0.37,0.5,False
EMP10229,USER,0,NONE,1.35,-1.35,-0.67,0.0,-0.1,0.5,False
EMP12586,USER,1,AUTHENTICATION,2.02,0.67,0.0,1.35,1.04,0.65,False
EMP11833,USER,0,NONE,-1.35,-0.67,-0.67,0.67,-0.61,0.5,False
EMP11080,USER,2,AUTHENTICATION|NETWORK_IP,2.02,2.7,-0.67,1.35,1.38,0.8,True
EMP10538,USER,1,AUTHENTICATION,2.02,0.0,0.67,0.67,0.91,0.65,False
EMP11320,USER,1,NETWORK_IP,1.35,2.02,-0.67,0.0,0.74,0.65,False
EMP11674,USER,0,NONE,0.67,-0.67,0.0,-1.35,-0.24,0.5,False
EMP11110,USER,0,NONE,0.0,-1.35,-0.67,-2.02,-0.91,0.5,False
EMP11128,USER,0,NONE,-0.67,0.0,0.67,-0.67,-0.17,0.5,False
EMP10707,USER,0,NONE,0.67,1.35,0.67,1.35,0.98,0.5,False
EMP10424,USER,0,NONE,0.0,-1.35,-0.67,0.67,-0.37,0.5,False
EMP10069,USER,0,NONE,0.0,-2.02,0.67,-1.35,-0.61,0.5,False
EMP12817,USER,0,NONE,-0.67,-2.02,0.67,0.0,-0.54,0.5,False
EMP12059,USER,0,NONE,0.0,-0.67,0.0,0.0,-0.17,0.5,False
EMP10647,USER,0,NONE,0.67,0.0,-0.67,0.67,0.17,0.5,False
EMP12975,USER,0,NONE,0.0,-2.02,-1.35,-0.67,-0.98,0.5,False
EMP12051,USER,1,ENDPOINT,-0.67,0.0,2.02,-0.67,0.17,0.65,False
EMP12382,USER,0,NONE,0.0,-1.35,-0.67,-0.67,-0.64,0.5,False
EMP11743,USER,0,NONE,0.67,0.0,-2.02,0.67,-0.17,0.5,False
EMP12683,USER,1,ENDPOINT,0.67,-2.02,2.7,1.35,0.64,0.65,False
EMP11453,USER,0,NONE,-1.35,0.0,-1.35,0.67,-0.61,0.5,False
EMP12519,USER,0,NONE,0.67,-0.67,0.0,0.67,0.17,0.5,False
EMP10620,USER,0,NONE,0.0,0.67,-0.67,0.0,0.0,0.5,False
EMP12682,USER,0,NONE,-0.67,-0.67,0.0,0.0,-0.37,0.5,False
EMP11407,USER,0,NONE,1.35,-0.67,-1.35,0.0,-0.1,0.5,False
EMP11977,USER,0,NONE,-0.67,-1.35,0.0,-1.35,-0.81,0.5,False
EMP11105,USER,0,NONE,-1.35,-1.35,-1.35,-2.02,-1.48,0.5,False
EMP11618,USER,0,NONE,0.67,-0.67,0.0,0.0,0.03,0.5,False
EMP11580,USER,1,ENDPOINT,-0.67,-0.67,2.02,-0.67,0.0,0.65,False
EMP12321,USER,0,NONE,0.0,-2.02,0.0,0.0,-0.51,0.5,False
EMP12746,USER,1,AUTHENTICATION,2.02,0.67,0.67,1.35,1.21,0.65,False
EMP12320,USER,0,NONE,0.0,-1.35,1.35,-0.67,-0.13,0.5,False
EMP10279,USER,0,NONE,-0.67,-1.35,1.35,-2.02,-0.6,0.5,False
EMP12250,USER,0,NONE,-0.67,-0.67,-0.67,-0.67,-0.67,0.5,False
EMP12242,USER,0,NONE,-0.67,-2.02,-0.67,-2.02,-1.28,0.5,False
EMP11606,USER,0,NONE,0.0,-0.67,-0.67,0.0,-0.34,0.5,False
EMP10166,USER,0,NONE,0.0,-0.67,0.0,1.35,0.1,0.5,False
EMP11242,USER,0,NONE,-0.67,-0.67,-2.02,0.0,-0.87,0.5,False
EMP11756,USER,0,NONE,0.67,0.0,-1.35,-1.35,-0.41,0.5,False
EMP10553,USER,1,NETWORK_IP,0.0,2.02,0.67,0.0,0.67,0.65,False
EMP10834,USER,2,NETWORK_IP|OFF_HOURS,0.67,2.02,-0.67,2.7,1.08,0.8,True
EMP10657,USER,0,NONE,-0.67,0.67,-1.35,1.35,-0.1,0.5,False
EMP10596,USER,0,NONE,-0.67,0.67,1.35,0.0,0.3,0.5,False
EMP12828,USER,0,NONE,0.0,-0.67,-0.67,0.0,-0.34,0.5,False
EMP10802,USER,0,NONE,0.67,1.35,1.35,0.0,0.88,0.5,False
EMP12203,USER,0,NONE,-0.67,-1.35,-0.67,-1.35,-0.98,0.5,False
EMP11811,USER,0,NONE,-0.67,-2.02,0.0,-1.35,-0.98,0.5,False
EMP12802,USER,1,NETWORK_IP,0.0,2.02,0.67,0.0,0.67,0.65,False
EMP10440,USER,0,NONE,0.0,-0.67,0.67,0.67,0.13,0.5,False
EMP10508,USER,1,AUTHENTICATION,2.7,1.35,0.67,-0.67,1.18,0.65,False
EMP10076,USER,0,NONE,-0.67,1.35,0.67,0.67,0.44,0.5,False
EMP12986,USER,0,NONE,0.67,-0.67,0.0,0.67,0.17,0.5,False
EMP11948,USER,0,NONE,-0.67,1.35,-0.67,1.35,0.24,0.5,False
EMP10649,USER,0,NONE,0.0,0.0,-0.67,0.67,-0.03,0.5,False
EMP10522,USER,1,NETWORK_IP,1.35,2.02,1.35,0.67,1.38,0.65,False
EMP11586,USER,0,NONE,0.0,0.0,1.35,-0.67,0.2,0.5,False
EMP11117,USER,3,AUTHENTICATION|NETWORK_IP|OFF_HOURS,16.19,19.56,0.67,20.0,13.91,0.95,True
EMP12383,USER,0,NONE,-0.67,-0.67,-0.67,-1.35,-0.81,0.5,False
EMP11593,USER,0,NONE,-0.67,0.67,-1.35,0.67,-0.24,0.5,False
EMP10654,USER,0,NONE,-0.67,-0.67,0.0,-2.02,-0.77,0.5,False
EMP11375,USER,2,AUTHENTICATION|ENDPOINT,2.7,0.67,2.02,-0.67,1.35,0.8,True
EMP11644,USER,0,NONE,0.0,-0.67,0.67,-1.35,-0.27,0.5,False
EMP12131,USER,0,NONE,-0.67,-1.35,-0.22,-1.35,-0.86,0.5,False
EMP10976,USER,0,NONE,0.0,-0.67,0.0,-0.67,-0.3,0.5,False
EMP11760,USER,0,NONE,-0.67,-0.67,-1.35,0.0,-0.71,0.5,False
EMP10630,USER,1,AUTHENTICATION,2.02,1.35,0.67,0.0,1.11,0.65,False
EMP11340,USER,0,NONE,-0.67,0.67,-1.35,-0.67,-0.51,0.5,False
EMP11609,USER,0,NONE,0.0,0.0,-2.02,0.0,-0.51,0.5,False
EMP12728,USER,0,NONE,-0.67,-0.67,-0.67,-0.67,-0.67,0.5,False
EMP10482,USER,0,NONE,0.67,0.67,1.35,0.0,0.71,0.5,False
EMP10560,USER,0,NONE,0.0,-0.67,0.67,-0.67,-0.13,0.5,False
EMP11192,USER,1,AUTHENTICATION,2.02,-0.67,0.67,0.0,0.61,0.65,False
EMP12642,USER,1,NETWORK_IP,-0.67,2.02,1.12,0.0,0.58,0.65,False
EMP12032,USER,0,NONE,-0.67,-0.67,0.0,-0.67,-0.5,0.5,False
EMP10438,USER,0,NONE,0.67,0.0,0.67,0.67,0.5,0.5,False
EMP12151,USER,0,NONE,0.0,-0.67,-1.35,1.35,-0.23,0.5,False
EMP11947,USER,0,NONE,0.0,-1.35,-0.67,-0.67,-0.64,0.5,False
EMP12634,USER,0,NONE,-0.67,0.67,-1.35,1.35,-0.1,0.5,False
EMP10856,USER,0,NONE,0.0,0.67,-0.67,0.0,0.0,0.5,False
EMP10530,USER,0,NONE,-1.35,-0.67,-1.35,0.0,-0.91,0.5,False
EMP11818,USER,0,NONE,-0.67,0.0,0.67,-0.67,-0.17,0.5,False
EMP10049,USER,0,NONE,0.67,0.0,1.35,-1.35,0.27,0.5,False
EMP10858,USER,0,NONE,0.0,-0.67,1.35,0.0,0.17,0.5,False
EMP10719,USER,0,NONE,-0.67,-2.02,-0.67,-2.02,-1.28,0.5,False
EMP12256,USER,0,NONE,0.0,0.67,0.0,-0.67,0.03,0.5,False
EMP11366,USER,0,NONE,1.35,0.67,0.67,0.67,0.87,0.5,False
EMP12318,USER,0,NONE,0.67,0.0,0.67,1.35,0.64,0.5,False
EMP12770,USER,0,NONE,-0.67,-1.35,0.67,-1.35,-0.64,0.5,False
EMP11559,USER,0,NONE,-0.67,-0.67,-0.67,-0.67,-0.67,0.5,False
EMP12194,USER,0,NONE,-0.67,0.0,0.0,-0.67,-0.34,0.5,False
EMP11374,USER,1,ENDPOINT,1.35,0.0,4.05,-0.67,1.28,0.65,False
EMP12593,USER,0,NONE,0.0,-1.35,-0.67,0.0,-0.51,0.5,False
EMP11321,USER,0,NONE,-1.35,0.0,-0.67,0.67,-0.44,0.5,False
EMP11068,USER,0,NONE,0.67,0.0,0.0,0.0,0.2,0.5,False
EMP11711,USER,1,ENDPOINT,0.0,0.0,2.02,-0.67,0.37,0.65,False
EMP12606,USER,1,ENDPOINT,-0.67,1.35,2.7,0.0,0.81,0.65,False
EMP12711,USER,0,NONE,-0.67,0.67,0.67,0.67,0.27,0.5,False
EMP11577,USER,0,NONE,1.35,-0.67,1.12,0.0,0.52,0.5,False
EMP10297,USER,0,NONE,0.0,-2.02,0.0,0.0,-0.51,0.5,False
EMP11269,USER,0,NONE,0.0,-1.35,0.67,-1.35,-0.44,0.5,False
EMP12111,USER,3,AUTHENTICATION|NETWORK_IP|OFF_HOURS,16.86,19.56,-1.35,20.0,13.61,0.95,True
EMP10958,USER,0,NONE,0.67,0.0,0.0,1.35,0.47,0.5,False
EMP11263,USER,1,ENDPOINT,0.0,0.0,2.02,-1.35,0.23,0.65,False
EMP11288,USER,0,NONE,-0.67,-0.67,-0.67,0.0,-0.54,0.5,False
EMP10349,USER,0,NONE,0.0,-1.35,-1.35,0.67,-0.54,0.5,False
EMP11326,USER,0,NONE,-0.67,-1.35,-0.67,0.67,-0.57,0.5,False
EMP10643,USER,0,NONE,0.0,0.67,0.22,1.35,0.49,0.5,False
EMP11330,USER,0,NONE,1.35,1.35,0.0,1.35,1.01,0.5,False
EMP12972,USER,1,ENDPOINT,-1.35,0.0,2.02,-0.67,-0.03,0.65,False
EMP11322,USER,1,ENDPOINT,0.0,-0.67,2.02,-1.35,0.07,0.65,False
EMP11106,USER,0,NONE,-0.67,-2.02,-0.67,-1.35,-1.14,0.5,False
EMP12213,USER,0,NONE,-0.67,1.35,1.35,0.0,0.47,0.5,False
EMP11123,USER,0,NONE,0.0,-0.67,0.67,0.0,0.0,0.5,False
EMP12447,USER,1,OFF_HOURS,1.35,-0.67,0.67,2.7,0.95,0.65,False
EMP12410,USER,0,NONE,-0.67,1.35,-0.67,0.0,-0.03,0.5,False
EMP11637,USER,0,NONE,-1.35,-1.35,0.67,-2.02,-0.98,0.5,False
EMP10786,USER,0,NONE,1.35,-0.67,0.0,-0.67,0.1,0.5,False
EMP12776,USER,3,AUTHENTICATION|NETWORK_IP|OFF_HOURS,12.14,18.21,0.0,20.0,12.19,0.95,True
EMP10140,USER,0,NONE,0.0,0.0,-1.35,-1.35,-0.61,0.5,False
EMP10788,USER,0,NONE,0.67,0.67,0.67,1.35,0.81,0.5,False
EMP11949,USER,1,OFF_HOURS,0.67,-0.67,0.67,2.02,0.6,0.65,False
EMP12097,USER,0,NONE,-0.67,0.67,1.35,-1.35,0.03,0.5,False
EMP10714,USER,0,NONE,0.0,0.0,1.57,-1.35,0.12,0.5,False
EMP11869,USER,0,NONE,-0.67,0.0,-0.67,0.0,-0.37,0.5,False
EMP11640,USER,0,NONE,0.67,0.0,-0.67,-0.67,-0.1,0.5,False
EMP11918,USER,1,OFF_HOURS,0.0,0.0,0.67,3.37,0.84,0.65,False
EMP12987,USER,0,NONE,0.0,-1.35,0.0,-1.35,-0.61,0.5,False
EMP10618,USER,1,OFF_HOURS,0.0,0.0,0.0,2.7,0.54,0.65,False
EMP10406,USER,0,NONE,-0.67,-0.67,-2.02,0.0,-0.87,0.5,False
EMP11791,USER,0,NONE,-1.35,-2.02,-1.35,-0.67,-1.38,0.5,False
EMP11226,USER,3,AUTHENTICATION|NETWORK_IP|OFF_HOURS,11.47,20.0,-1.35,20.0,12.1,0.95,True
EMP11146,USER,0,NONE,-0.67,0.67,-1.35,0.0,-0.37,0.5,False
EMP12275,USER,1,ENDPOINT,0.67,1.35,2.7,1.35,1.48,0.65,False
EMP12462,USER,0,NONE,0.67,0.0,0.67,1.35,0.64,0.5,False
EMP10497,USER,0,NONE,0.0,0.0,-0.67,0.0,-0.17,0.5,False
EMP10342,USER,0,NONE,-0.67,-2.02,0.0,-1.35,-0.98,0.5,False
EMP11957,USER,1,OFF_HOURS,0.67,0.67,0.0,2.02,0.77,0.65,False
EMP12338,USER,0,NONE,1.35,0.0,0.67,0.0,0.57,0.5,False
EMP10782,USER,0,NONE,1.35,-1.35,-0.67,0.67,0.03,0.5,False
EMP11557,USER,0,NONE,-1.35,-1.35,-0.67,-0.67,-1.04,0.5,False
EMP10303,USER,0,NONE,0.67,-1.35,-2.02,0.0,-0.64,0.5,False
EMP11765,USER,0,NONE,1.35,0.0,-0.67,1.35,0.51,0.5,False
EMP10664,USER,0,NONE,0.67,0.0,-0.67,1.35,0.3,0.5,False
EMP12243,USER,0,NONE,0.0,0.67,0.0,0.0,0.17,0.5,False
EMP11551,USER,0,NONE,-0.67,-0.67,-0.67,-1.35,-0.81,0.5,False
EMP11797,USER,0,NONE,-1.35,-1.35,0.0,-0.67,-0.88,0.5,False
EMP12858,USER,0,NONE,-0.67,-0.67,0.67,0.67,-0.07,0.5,False
EMP10084,USER,0,NONE,-0.67,-1.35,-0.67,-1.35,-0.98,0.5,False
EMP12281,USER,1,ENDPOINT,0.0,-1.35,2.7,-0.67,0.2,0.65,False
EMP10941,USER,0,NONE,0.67,0.67,-0.67,-0.67,0.07,0.5,False
EMP10961,USER,0,NONE,-0.67,1.35,0.67,-0.67,0.17,0.5,False
EMP10841,USER,1,AUTHENTICATION,2.02,-1.35,1.35,1.35,0.88,0.65,False
EMP11562,USER,1,ENDPOINT,0.0,1.35,2.02,1.35,1.11,0.65,False
EMP12847,USER,0,NONE,-1.35,-0.67,0.67,-0.67,-0.54,0.5,False
EMP12529,USER,0,NONE,0.0,-1.35,0.0,-1.35,-0.61,0.5,False
EMP11352,USER,0,NONE,1.35,0.67,0.67,0.0,0.74,0.5,False
EMP10290,USER,0,NONE,-0.67,0.0,1.35,0.0,0.14,0.5,False
EMP11907,USER,0,NONE,-1.35,-1.35,-1.35,-2.02,-1.48,0.5,False
EMP11190,USER,3,AUTHENTICATION|NETWORK_IP|OFF_HOURS,12.14,20.0,-1.35,17.54,11.81,0.95,True
EMP10604,USER,0,NONE,-0.67,-0.67,1.12,-1.35,-0.36,0.5,False
EMP12471,USER,0,NONE,1.35,0.0,0.0,-0.67,0.27,0.5,False
EMP10916,USER,0,NONE,-0.67,0.67,1.35,0.0,0.3,0.5,False
EMP11569,USER,0,NONE,-0.67,-0.67,0.67,0.0,-0.2,0.5,False
EMP11740,USER,1,AUTHENTICATION,2.02,0.0,0.0,-0.67,0.47,0.65,False
EMP11099,USER,0,NONE,0.0,0.0,0.0,-0.67,-0.13,0.5,False
EMP11088,USER,0,NONE,0.0,-0.67,-1.35,-0.67,-0.64,0.5,False
EMP12378,USER,1,OFF_HOURS,0.67,1.35,-0.67,2.02,0.78,0.65,False
EMP11377,USER,0,NONE,-0.67,0.0,0.0,0.0,-0.2,0.5,False
EMP10821,USER,0,NONE,0.0,-1.35,1.57,0.0,0.05,0.5,False
EMP12543,USER,0,NONE,0.0,-0.67,1.35,-1.35,-0.1,0.5,False
EMP11000,USER,1,OFF_HOURS,0.67,1.35,-0.67,4.05,1.18,0.65,False
EMP11427,USER,2,ENDPOINT|OFF_HOURS,1.35,-0.67,2.02,3.37,1.42,0.8,True
EMP10018,USER,0,NONE,-0.67,-1.35,-1.35,-1.35,-1.15,0.5,False
EMP12575,USER,0,NONE,0.0,-1.35,-0.67,1.35,-0.23,0.5,False
EMP11450,USER,0,NONE,-0.67,-1.35,-0.67,-0.67,-0.84,0.5,False
EMP11746,USER,0,NONE,-0.67,-1.35,0.0,-0.67,-0.67,0.5,False
EMP11360,USER,3,AUTHENTICATION|NETWORK_IP|OFF_HOURS,7.42,19.56,-0.67,14.16,9.78,0.95,True
EMP11641,USER,0,NONE,-0.67,-2.02,0.67,-1.35,-0.81,0.5,False
EMP12785,USER,1,NETWORK_IP,0.67,2.02,0.67,-0.67,0.74,0.65,False
EMP11729,USER,0,NONE,0.67,0.0,-1.35,0.67,-0.0,0.5,False
EMP11582,USER,0,NONE,0.0,-1.35,1.35,-1.35,-0.27,0.5,False
EMP12083,USER,3,AUTHENTICATION|NETWORK_IP|OFF_HOURS,16.19,20.0,0.0,20.0,13.86,0.95,True
EMP12726,USER,3,AUTHENTICATION|NETWORK_IP|OFF_HOURS,2.7,2.7,0.67,2.7,2.19,0.95,True
EMP12024,USER,0,NONE,0.0,0.0,-0.67,0.0,-0.17,0.5,False
EMP10360,USER,0,NONE,-0.67,-1.35,0.67,-0.67,-0.51,0.5,False
EMP12636,USER,3,AUTHENTICATION|ENDPOINT|OFF_HOURS,2.02,-0.67,2.02,2.02,1.35,0.95,True
EMP11922,USER,0,NONE,0.0,0.0,0.67,-1.35,-0.1,0.5,False
EMP12992,USER,0,NONE,1.35,-1.35,-0.67,0.0,-0.1,0.5,False
EMP11334,USER,0,NONE,-0.67,-2.02,0.0,-2.02,-1.11,0.5,False
EMP11670,USER,0,NONE,1.35,0.0,0.67,0.0,0.57,0.5,False
EMP10344,USER,0,NONE,0.0,0.0,0.0,-0.67,-0.13,0.5,False
EMP10986,USER,1,AUTHENTICATION,2.7,1.35,-0.67,0.67,1.11,0.65,False
EMP12221,USER,0,NONE,0.0,-1.35,-0.67,0.0,-0.51,0.5,False
EMP12421,USER,0,NONE,0.0,0.0,0.0,-1.35,-0.27,0.5,False
EMP11410,USER,1,ENDPOINT,-0.67,-0.67,2.02,-1.35,-0.13,0.65,False
EMP12019,USER,0,NONE,-0.67,0.0,1.12,-0.67,-0.05,0.5,False
EMP12983,USER,0,NONE,-1.35,-0.67,0.0,0.0,-0.57,0.5,False
EMP12287,USER,0,NONE,-0.67,0.67,0.0,-1.35,-0.3,0.5,False
EMP12460,USER,0,NONE,0.0,-2.02,-0.67,-1.35,-0.94,0.5,False
EMP10085,USER,0,NONE,-0.67,-0.67,0.67,0.67,-0.07,0.5,False
EMP12129,USER,0,NONE,-0.67,-2.02,0.0,-2.02,-1.11,0.5,False
EMP10668,USER,0,NONE,-1.35,-1.35,0.0,0.67,-0.61,0.5,False
EMP11014,USER,0,NONE,-0.67,0.67,-2.02,0.0,-0.54,0.5,False
EMP10128,USER,0,NONE,0.0,-1.35,-0.67,0.0,-0.51,0.5,False
EMP11993,USER,0,NONE,-0.67,0.67,0.67,1.35,0.4,0.5,False
EMP11229,USER,1,OFF_HOURS,0.0,-0.67,-0.67,2.02,0.07,0.65,False
EMP10891,USER,0,NONE,-0.67,0.0,-1.35,0.0,-0.54,0.5,False
EMP11937,USER,1,ENDPOINT,-0.67,0.67,2.02,0.67,0.61,0.65,False
EMP10307,USER,1,ENDPOINT,0.67,0.67,2.02,0.67,1.01,0.65,False
EMP10383,USER,1,NETWORK_IP,0.0,3.37,0.0,1.35,1.11,0.65,False
EMP11952,USER,0,NONE,0.67,-1.35,-0.22,0.0,-0.19,0.5,False
EMP11208,USER,0,NONE,-0.67,-1.35,-0.67,0.0,-0.71,0.5,False
EMP10426,USER,0,NONE,0.67,-1.35,0.0,0.0,-0.14,0.5,False
EMP10494,USER,0,NONE,-0.67,0.0,0.67,-0.67,-0.17,0.5,False
EMP11671,USER,0,NONE,0.67,0.67,1.35,1.35,0.98,0.5,False
EMP12506,USER,0,NONE,0.0,-0.67,-2.02,-0.67,-0.81,0.5,False
EMP12629,USER,0,NONE,0.0,0.0,-1.35,-0.67,-0.47,0.5,False
EMP11337,USER,1,OFF_HOURS,1.35,0.67,1.35,2.02,1.31,0.65,False
EMP11385,USER,1,ENDPOINT,-1.35,0.0,2.02,-0.67,-0.03,0.65,False
EMP10275,USER,1,OFF_HOURS,0.0,0.0,-1.35,2.02,0.07,0.65,False
EMP10489,USER,0,NONE,0.0,1.35,-0.67,1.35,0.44,0.5,False
EMP11578,USER,0,NONE,-0.67,-0.67,-1.35,0.0,-0.71,0.5,False
EMP10690,USER,0,NONE,0.0,-0.67,0.0,0.0,-0.17,0.5,False
EMP11402,USER,0,NONE,-0.67,-0.67,1.12,-2.02,-0.49,0.5,False
EMP12630,USER,0,NONE,-0.67,0.67,0.67,-0.67,0.0,0.5,False
EMP11273,USER,1,OFF_HOURS,0.67,1.35,-1.35,2.02,0.6,0.65,False
EMP12273,USER,0,NONE,0.0,-1.35,1.35,-0.67,-0.13,0.5,False
EMP12691,USER,0,NONE,-1.35,-1.35,0.0,-2.02,-1.15,0.5,False
EMP11058,USER,0,NONE,1.35,-0.67,-1.35,-1.35,-0.37,0.5,False
EMP10118,USER,2,AUTHENTICATION|NETWORK_IP,2.02,2.02,1.35,1.35,1.72,0.8,True
EMP11024,USER,2,AUTHENTICATION|ENDPOINT,2.02,0.0,3.37,0.67,1.58,0.8,True
EMP11423,USER,0,NONE,0.67,0.0,0.67,-2.02,-0.04,0.5,False
EMP10281,USER,0,NONE,-0.67,0.0,1.35,0.67,0.27,0.5,False
EMP12681,USER,0,NONE,-0.67,-0.67,1.35,-1.35,-0.3,0.5,False
EMP12407,USER,0,NONE,0.0,0.67,-0.67,-0.67,-0.13,0.5,False
EMP10968,USER,0,NONE,-0.67,-0.67,-0.67,0.0,-0.54,0.5,False
EMP11231,USER,0,NONE,-0.67,-1.35,-2.02,-2.02,-1.45,0.5,False
EMP11660,USER,1,ENDPOINT,-0.67,-1.35,2.02,0.0,-0.03,0.65,False
EMP11709,USER,2,AUTHENTICATION|NETWORK_IP,2.02,2.02,1.35,1.35,1.72,0.8,True
EMP10155,USER,0,NONE,0.67,-1.35,-1.12,0.67,-0.28,0.5,False
EMP10304,USER,0,NONE,0.0,1.35,-1.35,0.67,0.13,0.5,False
EMP11963,USER,0,NONE,1.35,-1.35,-0.67,0.67,0.03,0.5,False
EMP11448,USER,0,NONE,-0.67,-2.02,0.67,-2.02,-0.94,0.5,False
EMP11610,USER,0,NONE,0.0,-2.02,1.35,-0.67,-0.3,0.5,False
EMP12308,USER,0,NONE,1.35,-1.35,-0.67,-0.67,-0.23,0.5,False
EMP11457,USER,0,NONE,0.0,-2.02,-1.35,-2.02,-1.25,0.5,False
EMP10575,USER,0,NONE,1.35,-1.35,0.67,0.0,0.24,0.5,False
EMP11991,USER,1,AUTHENTICATION,2.02,1.35,-0.67,1.35,1.05,0.65,False
EMP12651,USER,1,ENDPOINT,0.67,0.67,2.02,-0.67,0.74,0.65,False
EMP12704,USER,0,NONE,1.35,0.67,0.0,1.35,0.84,0.5,False
EMP12188,USER,0,NONE,-0.67,0.67,0.0,-1.35,-0.3,0.5,False
EMP11264,USER,3,AUTHENTICATION|NETWORK_IP|OFF_HOURS,2.02,2.7,-1.35,2.02,1.35,0.95,True
EMP10843,USER,2,NETWORK_IP|OFF_HOURS,0.67,3.37,0.0,2.02,1.45,0.8,True
EMP11344,USER,0,NONE,1.35,1.35,-0.67,0.0,0.58,0.5,False
EMP10269,USER,0,NONE,-0.67,-0.67,-1.35,0.0,-0.71,0.5,False
EMP10629,USER,0,NONE,-0.67,-0.67,-0.67,-0.67,-0.67,0.5,False
EMP11033,USER,0,NONE,1.35,0.0,0.67,0.0,0.57,0.5,False
EMP10286,USER,0,NONE,0.67,0.0,0.0,0.0,0.2,0.5,False
EMP12279,USER,0,NONE,-0.67,-1.35,-1.35,-0.67,-1.01,0.5,False
EMP10300,USER,1,ENDPOINT,0.0,0.0,3.37,-2.02,0.44,0.65,False
EMP12248,USER,1,ENDPOINT,0.67,1.35,2.02,1.35,1.31,0.65,False
EMP11929,USER,1,NETWORK_IP,1.35,2.02,1.35,1.35,1.52,0.65,False
EMP11979,USER,0,NONE,-1.35,-0.67,-0.67,0.0,-0.74,0.5,False
EMP10065,USER,0,NONE,-0.67,-0.67,1.35,-1.35,-0.3,0.5,False
EMP12288,USER,0,NONE,0.0,1.35,0.0,-1.35,0.07,0.5,False
EMP10890,USER,0,NONE,0.0,0.67,-0.67,0.67,0.13,0.5,False
EMP11882,USER,0,NONE,-1.35,-1.35,-0.67,-1.35,-1.18,0.5,False
EMP12841,USER,0,NONE,0.67,0.0,-0.67,1.35,0.3,0.5,False
EMP11898,USER,0,NONE,-0.67,-1.35,-1.35,-0.67,-1.01,0.5,False
EMP10230,USER,0,NONE,-0.67,-0.67,-0.67,0.0,-0.54,0.5,False
EMP10503,USER,0,NONE,-0.67,0.0,-0.67,-1.35,-0.64,0.5,False
EMP11399,USER,0,NONE,-0.67,-0.67,1.12,-2.02,-0.49,0.5,False
EMP11442,USER,0,NONE,0.67,0.0,0.0,0.0,0.2,0.5,False
EMP11602,USER,0,NONE,1.35,-1.35,0.0,1.35,0.34,0.5,False
EMP11313,USER,0,NONE,0.0,0.67,0.67,-0.67,0.2,0.5,False
EMP11004,USER,0,NONE,1.35,-0.67,1.35,0.0,0.58,0.5,False
EMP10836,USER,0,NONE,-0.67,-0.67,-0.67,-0.67,-0.67,0.5,False
EMP12093,USER,1,OFF_HOURS,0.67,1.35,1.35,2.02,1.28,0.65,False
EMP10374,USER,0,NONE,0.67,0.67,0.67,0.67,0.67,0.5,False
EMP11336,USER,1,ENDPOINT,0.0,-0.67,2.7,-0.67,0.37,0.65,False
EMP12177,USER,0,NONE,0.67,-0.67,-0.67,0.0,-0.13,0.5,False
EMP11902,USER,0,NONE,1.35,-1.35,-0.22,-1.35,-0.26,0.5,False
EMP11921,USER,3,NETWORK_IP|ENDPOINT|OFF_HOURS,1.35,2.7,2.02,2.02,1.99,0.95,True
EMP12755,USER,0,NONE,-0.67,0.0,-1.35,0.0,-0.54,0.5,False
EMP10751,USER,0,NONE,-1.35,-2.02,0.0,-2.02,-1.31,0.5,False
EMP10099,USER,1,ENDPOINT,0.0,0.0,2.7,0.0,0.68,0.65,False
EMP11835,USER,1,OFF_HOURS,0.0,0.0,-1.35,2.02,0.07,0.65,False
EMP10866,USER,0,NONE,0.67,0.0,0.67,0.0,0.37,0.5,False
EMP10910,USER,0,NONE,-0.67,-1.35,-0.67,-0.67,-0.84,0.5,False
EMP11411,USER,3,AUTHENTICATION|NETWORK_IP|OFF_HOURS,14.84,20.0,1.35,20.0,13.79,0.95,True
EMP10529,USER,0,NONE,-1.35,0.0,-0.67,-0.67,-0.71,0.5,False
EMP10636,USER,0,NONE,0.67,-0.67,0.67,-1.35,-0.07,0.5,False
EMP10185,USER,0,NONE,-0.67,0.0,0.0,-2.02,-0.6,0.5,False
EMP11271,USER,0,NONE,0.0,0.0,0.67,0.0,0.17,0.5,False
EMP11498,USER,0,NONE,-0.67,0.0,1.35,-2.02,-0.27,0.5,False
EMP10931,USER,0,NONE,1.35,0.0,-0.67,0.67,0.37,0.5,False
EMP12115,USER,0,NONE,0.0,1.35,-1.35,-0.67,-0.13,0.5,False
EMP12367,USER,0,NONE,-1.35,0.0,1.35,0.0,-0.07,0.5,False
EMP11808,USER,0,NONE,0.0,-0.67,-1.35,-0.67,-0.64,0.5,False
EMP12473,USER,0,NONE,-0.67,-1.35,0.67,-1.35,-0.64,0.5,False
EMP12134,USER,0,NONE,0.0,0.67,0.0,-0.67,0.03,0.5,False
EMP10607,USER,0,NONE,0.0,-1.35,-0.67,-0.67,-0.64,0.5,False
EMP12900,USER,0,NONE,1.35,0.0,0.0,-0.67,0.27,0.5,False
EMP10151,USER,0,NONE,0.67,1.35,0.0,0.67,0.67,0.5,False
EMP11694,USER,1,AUTHENTICATION,2.7,0.67,1.35,-0.67,1.18,0.65,False
EMP12210,USER,0,NONE,-0.67,0.0,0.67,-1.35,-0.3,0.5,False
EMP10731,USER,0,NONE,0.67,1.35,-1.35,0.67,0.33,0.5,False
EMP11429,USER,0,NONE,0.67,0.0,0.0,0.67,0.34,0.5,False
EMP12719,USER,0,NONE,0.67,0.0,0.0,0.67,0.34,0.5,False
EMP12812,USER,0,NONE,-1.35,0.0,-0.67,0.67,-0.44,0.5,False
EMP10023,USER,0,NONE,0.0,1.35,0.0,0.0,0.34,0.5,False
EMP11770,USER,0,NONE,0.67,0.67,-0.67,0.67,0.34,0.5,False
EMP10158,USER,0,NONE,0.67,-0.67,0.67,-2.02,-0.2,0.5,False
EMP10861,USER,1,AUTHENTICATION,2.02,1.35,-1.35,-0.67,0.47,0.65,False
EMP10902,USER,0,NONE,0.67,0.0,0.67,0.67,0.5,0.5,False
EMP12241,USER,1,OFF_HOURS,0.67,0.67,0.67,2.7,1.08,0.65,False
EMP11230,USER,0,NONE,-1.35,-1.35,0.67,-1.35,-0.85,0.5,False
EMP12325,USER,0,NONE,0.0,0.67,0.67,0.0,0.34,0.5,False
EMP10444,USER,0,NONE,0.0,-0.67,0.0,-2.02,-0.57,0.5,False
EMP10754,USER,0,NONE,1.35,1.35,1.35,0.67,1.21,0.5,False
EMP10923,USER,0,NONE,0.0,-1.35,-0.67,0.67,-0.37,0.5,False
EMP12001,USER,0,NONE,-0.67,0.67,0.67,1.35,0.4,0.5,False
EMP10311,USER,0,NONE,-1.35,-0.67,0.67,-0.67,-0.54,0.5,False
EMP10548,USER,0,NONE,-0.67,0.0,1.35,0.67,0.27,0.5,False
EMP11552,USER,0,NONE,-0.67,-0.67,-1.35,-0.67,-0.84,0.5,False
EMP10306,USER,0,NONE,0.0,-1.35,-0.67,-1.35,-0.78,0.5,False
EMP10287,USER,0,NONE,0.0,0.0,0.67,-0.67,0.03,0.5,False
EMP10694,USER,0,NONE,0.0,-1.35,-0.22,-2.02,-0.8,0.5,False
EMP10308,USER,0,NONE,0.67,0.0,1.35,-1.35,0.27,0.5,False
EMP12392,USER,0,NONE,-0.67,-1.35,0.0,-0.67,-0.67,0.5,False
EMP10749,USER,0,NONE,0.67,0.0,0.67,-1.35,0.1,0.5,False
EMP11803,USER,0,NONE,0.67,0.67,1.35,0.67,0.84,0.5,False
EMP11978,USER,0,NONE,0.67,-1.35,0.0,-0.67,-0.27,0.5,False
EMP11614,USER,0,NONE,0.0,0.67,0.0,-1.35,-0.1,0.5,False
EMP10908,USER,0,NONE,-0.67,-1.35,1.35,-2.02,-0.6,0.5,False
EMP12402,USER,0,NONE,0.67,0.0,0.0,0.0,0.2,0.5,False
EMP12452,USER,0,NONE,0.0,-0.67,0.67,-0.67,-0.13,0.5,False
EMP11370,USER,0,NONE,0.67,-1.35,-1.35,0.0,-0.47,0.5,False
EMP12570,USER,1,ENDPOINT,0.0,-2.02,2.7,-1.35,-0.1,0.65,False
EMP10970,USER,0,NONE,-1.35,-1.35,0.67,0.0,-0.58,0.5,False
EMP10013,USER,0,NONE,0.0,-2.02,0.0,-1.35,-0.78,0.5,False
EMP10873,USER,0,NONE,-1.35,-0.67,0.67,-1.35,-0.68,0.5,False
EMP10808,USER,1,ENDPOINT,1.35,-0.67,2.02,1.35,1.01,0.65,False
EMP12657,USER,0,NONE,0.0,0.0,0.0,0.0,0.0,0.5,False
EMP10514,USER,0,NONE,1.35,-1.35,0.0,-0.67,-0.07,0.5,False
EMP12486,USER,0,NONE,-0.67,0.67,-0.67,1.35,0.07,0.5,False
EMP10409,USER,0,NONE,1.35,0.0,-1.35,0.0,0.07,0.5,False
EMP11455,USER,0,NONE,0.67,-0.67,0.67,1.35,0.47,0.5,False
EMP12765,USER,0,NONE,0.0,0.0,-1.35,-1.35,-0.61,0.5,False
EMP11397,USER,1,ENDPOINT,-0.67,0.0,2.02,-0.67,0.17,0.65,False
EMP11862,USER,1,ENDPOINT,0.0,0.67,2.02,0.0,0.67,0.65,False
EMP12215,USER,0,NONE,0.67,0.67,-1.35,1.35,0.3,0.5,False
EMP11805,USER,0,NONE,-1.35,-2.02,0.0,-2.02,-1.31,0.5,False
EMP10382,USER,0,NONE,0.0,0.0,-0.67,-0.67,-0.3,0.5,False
EMP11677,USER,0,NONE,0.0,-0.67,0.67,-0.67,-0.13,0.5,False
EMP12953,USER,0,NONE,0.67,0.0,0.67,-0.67,0.23,0.5,False
EMP11506,USER,0,NONE,-0.67,-1.35,-0.22,-2.02,-1.0,0.5,False
EMP12269,USER,0,NONE,0.0,-0.67,-1.35,-0.67,-0.64,0.5,False
EMP11446,USER,0,NONE,-1.35,0.67,0.0,1.35,0.03,0.5,False
EMP10552,USER,0,NONE,1.35,0.67,0.0,-1.35,0.3,0.5,False
EMP10222,USER,1,ENDPOINT,0.67,0.67,2.7,0.0,1.04,0.65,False
EMP11096,USER,0,NONE,-0.67,0.0,-0.67,0.67,-0.23,0.5,False
EMP12677,USER,1,ENDPOINT,0.67,0.0,4.05,0.67,1.35,0.65,False
EMP10008,USER,0,NONE,1.35,-1.35,0.0,1.35,0.34,0.5,False
EMP11575,USER,0,NONE,-1.35,0.0,-0.67,0.67,-0.44,0.5,False
EMP10316,USER,0,NONE,0.67,0.67,0.67,0.67,0.67,0.5,False
EMP10427,USER,0,NONE,0.0,-1.35,-1.35,-1.35,-0.95,0.5,False
EMP12167,USER,0,NONE,0.67,-0.67,0.0,-0.67,-0.1,0.5,False
EMP10105,USER,0,NONE,0.0,-2.02,0.0,-0.67,-0.64,0.5,False
EMP11476,USER,0,NONE,0.0,0.0,0.0,0.67,0.13,0.5,False
EMP10142,USER,0,NONE,0.67,1.35,0.0,-0.67,0.4,0.5,False
EMP10121,USER,1,ENDPOINT,0.67,0.0,2.02,0.67,0.84,0.65,False
EMP12443,USER,0,NONE,-1.35,-2.02,0.0,-1.35,-1.18,0.5,False
EMP12951,USER,0,NONE,0.67,-2.02,0.0,-1.35,-0.57,0.5,False
EMP11189,USER,0,NONE,-1.35,-2.02,-2.02,-1.35,-1.69,0.5,False
EMP12023,USER,1,OFF_HOURS,0.67,-1.35,0.67,2.7,0.57,0.65,False
EMP12679,USER,0,NONE,0.0,0.0,0.0,0.0,0.0,0.5,False
EMP11459,USER,1,AUTHENTICATION,2.02,-0.67,0.0,0.67,0.57,0.65,False
EMP10115,USER,0,NONE,-0.67,-0.67,-0.67,-1.35,-0.81,0.5,False
EMP12102,USER,0,NONE,0.0,0.67,1.35,0.67,0.64,0.5,False
EMP11611,USER,1,ENDPOINT,-0.67,-0.67,3.37,0.67,0.61,0.65,False
EMP12211,USER,0,NONE,0.0,-0.67,0.0,-1.35,-0.44,0.5,False
EMP12882,USER,0,NONE,0.0,-1.35,0.0,-1.35,-0.61,0.5,False
EMP12144,USER,3,AUTHENTICATION|NETWORK_IP|OFF_HOURS,12.82,15.51,-0.67,18.89,11.33,0.95,True
EMP11703,USER,0,NONE,0.0,-2.02,0.0,-2.02,-0.91,0.5,False
EMP11913,USER,0,NONE,-0.67,-0.67,-1.35,-0.67,-0.84,0.5,False
EMP10672,USER,0,NONE,-0.67,0.67,0.67,-0.67,0.0,0.5,False
EMP12786,USER,0,NONE,-0.67,-1.35,0.67,-1.35,-0.64,0.5,False
EMP11737,USER,0,NONE,0.0,-1.35,-0.67,0.0,-0.51,0.5,False
EMP11616,USER,0,NONE,0.0,0.67,-0.67,0.67,0.13,0.5,False
EMP10591,USER,0,NONE,-0.67,-0.67,-0.67,-0.67,-0.67,0.5,False
EMP12800,USER,1,NETWORK_IP,0.0,2.02,0.0,0.67,0.64,0.65,False
EMP10888,USER,1,NETWORK_IP,1.35,2.02,-1.35,1.35,0.84,0.65,False
EMP11868,USER,0,NONE,-0.67,-1.35,-1.35,-1.35,-1.15,0.5,False
EMP11779,USER,1,AUTHENTICATION,2.02,-1.35,1.35,-0.67,0.47,0.65,False
EMP11972,USER,1,ENDPOINT,-1.35,-2.02,2.02,-2.02,-0.81,0.65,False
EMP10213,USER,0,NONE,-0.67,-0.67,-1.35,-1.35,-0.98,0.5,False
EMP10778,USER,0,NONE,-1.35,0.0,1.35,-0.67,-0.2,0.5,False
EMP11777,USER,0,NONE,-0.67,-0.67,-0.67,1.35,-0.27,0.5,False
EMP10800,USER,3,AUTHENTICATION|ENDPOINT|OFF_HOURS,3.37,0.0,2.7,2.02,2.09,0.95,True
EMP11732,USER,0,NONE,1.35,0.67,-1.35,1.35,0.51,0.5,False
EMP12355,USER,1,ENDPOINT,-0.67,-1.35,2.7,-2.02,-0.27,0.65,False
EMP12744,USER,0,NONE,-0.67,-2.02,1.35,-0.67,-0.5,0.5,False
EMP12794,USER,1,OFF_HOURS,0.0,-0.67,0.67,2.02,0.4,0.65,False
EMP11343,USER,0,NONE,1.35,0.67,-1.35,0.67,0.37,0.5,False
EMP10273,USER,0,NONE,0.67,-0.67,0.67,0.0,0.2,0.5,False
EMP10071,USER,0,NONE,-0.67,-0.67,-0.67,-1.35,-0.81,0.5,False
EMP12276,USER,0,NONE,-0.67,-0.67,-0.67,0.67,-0.4,0.5,False
EMP11087,USER,0,NONE,-0.67,-1.35,-1.35,-1.35,-1.15,0.5,False
EMP10394,USER,1,ENDPOINT,0.0,-1.35,4.72,0.0,0.84,0.65,False
EMP10583,USER,0,NONE,-1.35,0.0,0.67,-0.67,-0.37,0.5,False
EMP12080,USER,0,NONE,0.0,-1.35,-0.67,0.67,-0.37,0.5,False
EMP12961,USER,0,NONE,1.35,-0.67,0.0,1.35,0.51,0.5,False
EMP10500,USER,0,NONE,-1.35,0.0,0.67,0.0,-0.24,0.5,False
EMP12098,USER,0,NONE,0.67,0.0,0.0,0.0,0.2,0.5,False
EMP12291,USER,0,NONE,-0.67,0.0,0.67,-0.67,-0.17,0.5,False
EMP12823,USER,0,NONE,1.35,0.0,-1.35,0.67,0.2,0.5,False
EMP11567,USER,0,NONE,0.0,-0.67,-0.67,0.67,-0.2,0.5,False
EMP11259,USER,0,NONE,1.35,0.0,0.0,0.67,0.54,0.5,False
EMP11714,USER,1,ENDPOINT,-1.35,-1.35,2.02,-0.67,-0.37,0.65,False
EMP12091,USER,0,NONE,0.0,-0.67,-0.67,-1.35,-0.6,0.5,False
EMP10205,USER,0,NONE,-1.35,-0.67,-2.02,0.67,-0.94,0.5,False
EMP10733,USER,0,NONE,0.0,0.0,0.0,0.0,0.0,0.5,False
EMP11867,USER,0,NONE,0.0,-0.67,1.35,-0.67,0.04,0.5,False
EMP10526,USER,0,NONE,0.67,-0.67,0.0,-1.35,-0.24,0.5,False
EMP11467,USER,0,NONE,0.0,0.0,0.67,-0.67,0.03,0.5,False
EMP10898,USER,1,ENDPOINT,0.67,-2.02,2.02,-0.67,0.07,0.65,False
EMP10377,USER,0,NONE,-0.67,0.0,-1.35,0.0,-0.54,0.5,False
EMP12428,USER,0,NONE,-0.67,-1.35,0.0,-1.35,-0.81,0.5,False
EMP12764,USER,0,NONE,0.67,0.0,0.22,-1.35,-0.01,0.5,False
EMP12870,USER,0,NONE,0.0,-1.35,-0.67,1.35,-0.23,0.5,False
EMP10386,USER,0,NONE,1.35,0.0,0.0,-0.67,0.27,0.5,False
EMP10198,USER,0,NONE,-0.67,0.0,0.0,0.0,-0.2,0.5,False
EMP11050,USER,0,NONE,0.0,1.35,1.35,0.0,0.68,0.5,False
EMP10590,USER,0,NONE,0.0,1.35,-2.02,-0.67,-0.3,0.5,False
EMP10519,USER,2,NETWORK_IP|OFF_HOURS,0.0,2.7,0.0,2.7,1.22,0.8,True
EMP12087,USER,0,NONE,-0.67,-1.35,-2.02,0.0,-1.04,0.5,False
EMP12107,USER,0,NONE,-0.67,0.0,0.0,-0.67,-0.34,0.5,False
EMP10429,USER,0,NONE,0.0,-1.35,0.22,-1.35,-0.55,0.5,False
EMP11083,USER,0,NONE,-0.67,-0.67,0.67,-0.67,-0.34,0.5,False
EMP10207,USER,0,NONE,-1.35,-1.35,0.0,0.0,-0.74,0.5,False
EMP10491,USER,0,NONE,0.0,0.0,-1.35,0.67,-0.2,0.5,False
EMP11425,USER,0,NONE,0.67,-1.35,-0.67,-1.35,-0.57,0.5,False
EMP12998,USER,1,ENDPOINT,-1.35,-1.35,2.7,-1.35,-0.34,0.65,False
EMP10792,USER,0,NONE,-0.67,-2.02,-0.67,0.0,-0.87,0.5,False
EMP12618,USER,0,NONE,0.67,0.0,0.67,1.35,0.64,0.5,False
EMP11186,USER,2,NETWORK_IP|ENDPOINT,-0.67,2.02,2.02,0.0,0.81,0.8,True
EMP11185,USER,0,NONE,-0.67,-1.35,0.0,0.0,-0.54,0.5,False
EMP12344,USER,1,OFF_HOURS,-1.35,0.67,-0.67,2.02,-0.0,0.65,False
EMP11432,USER,0,NONE,0.0,1.35,0.67,0.0,0.51,0.5,False
EMP12739,USER,0,NONE,-0.67,0.0,0.0,1.35,0.07,0.5,False
EMP10083,USER,0,NONE,0.67,0.67,1.35,-1.35,0.44,0.5,False
EMP12441,USER,0,NONE,-0.67,-0.67,-0.67,0.0,-0.54,0.5,False
EMP12641,USER,0,NONE,-0.67,-0.67,0.0,1.35,-0.1,0.5,False
EMP10020,USER,0,NONE,0.0,0.67,0.0,0.67,0.3,0.5,False
EMP12643,USER,0,NONE,-1.35,-2.02,-2.02,-1.35,-1.69,0.5,False
EMP12821,USER,1,NETWORK_IP,0.0,2.02,1.35,1.35,1.11,0.65,False
EMP11405,USER,0,NONE,1.35,-0.67,-1.35,1.35,0.17,0.5,False
EMP12058,USER,0,NONE,-0.67,-0.67,-0.67,-0.67,-0.67,0.5,False
EMP12775,USER,1,NETWORK_IP,1.35,2.02,0.67,0.67,1.21,0.65,False
EMP12057,USER,1,AUTHENTICATION,2.02,-0.67,-0.67,0.67,0.41,0.65,False
EMP10973,USER,0,NONE,0.67,-0.67,-0.67,0.67,0.0,0.5,False
EMP12874,USER,0,NONE,1.35,-0.67,1.35,0.0,0.58,0.5,False
EMP10883,USER,0,NONE,0.0,0.0,1.35,-0.67,0.2,0.5,False
EMP11098,USER,0,NONE,0.67,0.67,0.0,0.0,0.37,0.5,False
EMP10156,USER,1,ENDPOINT,0.0,-0.67,2.7,1.35,0.78,0.65,False
EMP12348,USER,1,AUTHENTICATION,2.02,-0.67,0.0,0.0,0.44,0.65,False
EMP10886,USER,0,NONE,-0.67,1.35,0.0,0.0,0.14,0.5,False
EMP12477,USER,1,NETWORK_IP,-0.67,2.02,1.35,-0.67,0.51,0.65,False
EMP12979,USER,0,NONE,-1.35,-0.67,1.35,-0.67,-0.37,0.5,False
EMP12554,USER,0,NONE,-0.67,-0.67,1.35,-0.67,-0.17,0.5,False
EMP11596,USER,0,NONE,1.35,1.35,-0.67,1.35,0.85,0.5,False
EMP11945,USER,1,ENDPOINT,0.67,-0.67,3.37,-0.67,0.74,0.65,False
EMP12339,USER,0,NONE,-0.67,-0.67,-0.67,-0.67,-0.67,0.5,False
EMP12730,USER,0,NONE,-0.67,-0.67,-0.67,-1.35,-0.81,0.5,False
EMP10458,USER,0,NONE,-1.35,-0.67,-1.35,0.0,-0.91,0.5,False
EMP12016,USER,0,NONE,1.35,0.0,-0.67,1.35,0.51,0.5,False
EMP10078,USER,0,NONE,0.0,-2.02,-0.67,-1.35,-0.94,0.5,False
EMP11056,USER,0,NONE,-1.35,0.0,1.35,0.0,-0.07,0.5,False
EMP10906,USER,1,ENDPOINT,0.0,-1.35,2.7,-0.67,0.2,0.65,False
EMP12282,USER,0,NONE,0.0,0.0,0.67,0.67,0.3,0.5,False
EMP12778,USER,0,NONE,-0.67,-1.35,-1.35,-1.35,-1.15,0.5,False
EMP10380,USER,0,NONE,-0.67,0.67,0.67,-1.35,-0.14,0.5,False
EMP10947,USER,1,AUTHENTICATION,2.02,1.35,-1.35,0.0,0.61,0.65,False
EMP12148,USER,0,NONE,0.0,-2.02,0.0,-0.67,-0.64,0.5,False
EMP12768,USER,1,OFF_HOURS,0.67,0.0,0.67,2.7,0.91,0.65,False
EMP10715,USER,0,NONE,-0.67,1.35,-0.67,0.67,0.1,0.5,False
EMP12037,USER,0,NONE,-1.35,-0.67,0.0,0.0,-0.57,0.5,False
EMP10686,USER,0,NONE,0.67,0.0,-1.35,0.0,-0.14,0.5,False
EMP12644,USER,0,NONE,-0.67,0.67,0.67,0.0,0.13,0.5,False
EMP11293,USER,0,NONE,0.67,-0.67,0.0,-2.02,-0.37,0.5,False
EMP10305,USER,0,NONE,0.0,0.0,0.0,0.0,0.0,0.5,False
EMP10209,USER,0,NONE,-0.67,0.0,1.35,0.0,0.14,0.5,False
EMP11584,USER,0,NONE,0.67,-0.67,-0.67,0.67,0.0,0.5,False
EMP12289,USER,0,NONE,-1.35,-1.35,-0.67,0.0,-0.91,0.5,False
EMP10885,USER,0,NONE,0.67,-0.67,0.0,-0.67,-0.1,0.5,False
EMP11739,USER,0,NONE,0.0,0.0,1.12,0.67,0.41,0.5,False
EMP10917,USER,1,ENDPOINT,-0.67,-2.02,2.02,-1.35,-0.47,0.65,False
EMP11775,USER,0,NONE,-0.67,-0.67,-0.67,-0.67,-0.67,0.5,False
EMP11769,USER,0,NONE,0.67,0.67,1.35,0.67,0.84,0.5,False
EMP10191,USER,0,NONE,0.0,0.0,-0.67,0.67,-0.03,0.5,False
EMP11860,USER,0,NONE,-1.35,0.0,0.0,-1.35,-0.68,0.5,False
EMP12103,USER,0,NONE,0.67,-0.67,0.0,-0.67,-0.1,0.5,False
EMP11265,USER,0,NONE,-0.67,1.35,0.67,0.0,0.3,0.5,False
EMP10483,USER,1,OFF_HOURS,0.0,0.67,0.67,2.02,0.74,0.65,False
EMP10915,USER,0,NONE,0.0,0.0,-0.67,0.0,-0.17,0.5,False
EMP12678,USER,3,AUTHENTICATION|NETWORK_IP|OFF_HOURS,12.14,20.0,0.0,18.89,12.42,0.95,True
EMP10277,USER,0,NONE,0.67,0.0,-0.67,0.0,0.03,0.5,False
EMP10988,USER,1,AUTHENTICATION,2.7,0.67,-1.35,1.35,0.91,0.65,False
EMP11697,USER,0,NONE,1.35,-0.67,-0.67,1.35,0.34,0.5,False
EMP12018,USER,0,NONE,0.0,-0.67,-1.35,0.67,-0.37,0.5,False
EMP12950,USER,1,ENDPOINT,-0.67,-0.67,2.02,0.67,0.27,0.65,False
EMP10571,USER,0,NONE,0.0,0.0,0.0,-1.35,-0.27,0.5,False
EMP11435,USER,1,AUTHENTICATION,6.07,1.35,0.0,0.67,2.29,0.65,False
EMP10993,USER,0,NONE,0.0,0.67,0.0,1.35,0.44,0.5,False
EMP11497,USER,0,NONE,-0.67,0.67,0.0,1.35,0.24,0.5,False
EMP11494,USER,0,NONE,0.0,0.0,-0.67,0.67,-0.03,0.5,False
EMP10585,USER,1,NETWORK_IP,0.67,2.02,1.35,0.0,1.04,0.65,False
EMP11748,USER,0,NONE,-0.67,-0.67,0.67,-0.67,-0.34,0.5,False
EMP11349,USER,0,NONE,0.0,1.35,-0.67,-0.67,0.04,0.5,False
EMP11007,USER,0,NONE,1.35,1.35,0.22,0.67,0.93,0.5,False
EMP10674,USER,0,NONE,0.67,0.67,1.35,-0.67,0.57,0.5,False
EMP11832,USER,0,NONE,-0.67,-2.02,0.0,-1.35,-0.98,0.5,False
EMP10855,USER,0,NONE,0.0,0.67,-1.35,0.67,-0.04,0.5,False
EMP10447,USER,0,NONE,-0.67,-1.35,-1.35,-0.67,-1.01,0.5,False
EMP11776,USER,0,NONE,0.0,0.67,0.0,0.67,0.3,0.5,False
EMP11723,USER,1,OFF_HOURS,1.35,0.0,-0.67,2.02,0.64,0.65,False
EMP12330,USER,0,NONE,-0.67,-1.35,-1.35,0.0,-0.88,0.5,False
EMP12757,USER,0,NONE,-0.67,-1.35,0.67,-2.02,-0.78,0.5,False
EMP12457,USER,0,NONE,0.0,-0.67,1.35,-0.67,0.04,0.5,False
EMP12503,USER,0,NONE,-1.35,-1.35,0.67,-1.35,-0.85,0.5,False
EMP12753,USER,0,NONE,0.0,-0.67,-1.35,-1.35,-0.78,0.5,False
EMP11247,USER,0,NONE,0.67,0.67,0.67,0.0,0.54,0.5,False
EMP10294,USER,0,NONE,-0.67,-1.35,-1.35,-1.35,-1.15,0.5,False
EMP10588,USER,1,ENDPOINT,0.67,1.35,2.02,1.35,1.31,0.65,False
EMP11281,USER,0,NONE,0.0,0.67,0.0,0.67,0.3,0.5,False
EMP11518,USER,0,NONE,0.0,-2.02,0.67,-1.35,-0.61,0.5,False
EMP12183,USER,0,NONE,-1.35,-0.67,-0.67,1.35,-0.47,0.5,False
EMP12244,USER,0,NONE,-0.67,-2.02,-0.67,-1.35,-1.14,0.5,False
EMP12982,USER,0,NONE,0.67,1.35,-0.67,0.0,0.37,0.5,False
EMP11417,USER,0,NONE,0.0,-0.67,0.67,0.0,0.0,0.5,False
EMP10425,USER,1,AUTHENTICATION,2.02,0.0,-1.35,0.67,0.4,0.65,False
EMP10534,USER,0,NONE,0.67,0.67,1.35,0.0,0.71,0.5,False
EMP11054,USER,0,NONE,-0.67,-1.35,0.0,-2.02,-0.94,0.5,False
EMP12375,USER,0,NONE,-1.35,-0.67,0.0,-1.35,-0.84,0.5,False
EMP12581,USER,0,NONE,0.0,-0.67,0.67,0.0,0.0,0.5,False
EMP11840,USER,0,NONE,-0.67,0.0,1.35,0.67,0.27,0.5,False
EMP10132,USER,1,AUTHENTICATION,2.02,1.35,-0.67,0.67,0.91,0.65,False
EMP11956,USER,0,NONE,-0.67,0.0,-0.67,-0.67,-0.5,0.5,False
EMP12602,USER,1,ENDPOINT,-1.35,0.67,2.02,0.67,0.4,0.65,False
EMP10421,USER,0,NONE,0.0,0.0,1.35,-0.67,0.2,0.5,False
EMP12740,USER,0,NONE,1.35,1.35,0.0,0.0,0.74,0.5,False
EMP12104,USER,0,NONE,-1.35,-1.35,0.67,-1.35,-0.85,0.5,False
EMP12508,USER,0,NONE,0.0,-0.67,-0.67,-1.35,-0.6,0.5,False
EMP11368,USER,0,NONE,-1.35,-0.67,0.0,-0.67,-0.71,0.5,False
EMP10556,USER,0,NONE,0.67,-0.67,-0.67,0.0,-0.13,0.5,False
EMP12108,USER,0,NONE,-1.35,-2.02,0.67,-2.02,-1.15,0.5,False
EMP12761,USER,0,NONE,0.67,-1.35,1.35,-0.67,0.07,0.5,False
EMP10570,USER,1,OFF_HOURS,0.67,0.0,0.67,2.02,0.77,0.65,False
EMP10352,USER,2,AUTHENTICATION|OFF_HOURS,2.02,-0.67,0.67,2.02,1.01,0.8,True
EMP10091,USER,0,NONE,1.35,1.35,0.0,0.0,0.74,0.5,False
EMP12189,USER,0,NONE,-0.67,-0.67,-1.35,-2.02,-1.11,0.5,False
EMP12611,USER,0,NONE,0.0,0.67,-0.67,-0.67,-0.13,0.5,False
EMP11170,USER,0,NONE,0.67,1.35,0.0,0.67,0.67,0.5,False
EMP11588,USER,0,NONE,-0.67,-0.67,0.0,-1.35,-0.64,0.5,False
EMP11285,USER,0,NONE,0.0,-1.35,0.67,0.67,-0.04,0.5,False
EMP11813,USER,0,NONE,-0.67,-2.02,0.67,0.0,-0.54,0.5,False
EMP11565,USER,1,AUTHENTICATION,2.7,0.67,-0.67,0.0,0.81,0.65,False
EMP11543,USER,0,NONE,0.0,-0.67,0.0,0.0,-0.17,0.5,False
EMP11576,USER,0,NONE,0.0,1.35,0.0,1.35,0.61,0.5,False
EMP10697,USER,0,NONE,0.67,-0.67,1.35,0.0,0.37,0.5,False
EMP12583,USER,0,NONE,0.0,-2.02,1.35,0.0,-0.17,0.5,False
EMP10348,USER,0,NONE,1.35,0.67,0.22,0.0,0.63,0.5,False
EMP12008,USER,1,AUTHENTICATION,2.02,0.0,0.22,-0.67,0.53,0.65,False
EMP12418,USER,3,AUTHENTICATION|NETWORK_IP|OFF_HOURS,17.54,14.84,0.0,20.0,12.97,0.95,True
EMP12505,USER,3,AUTHENTICATION|NETWORK_IP|OFF_HOURS,13.49,17.54,0.0,20.0,12.43,0.95,True
EMP12236,USER,0,NONE,-0.67,-1.35,-0.67,-0.67,-0.84,0.5,False
EMP11137,USER,1,AUTHENTICATION,2.02,0.67,-1.35,-0.67,0.3,0.65,False
EMP12043,USER,1,ENDPOINT,0.0,-1.35,2.02,-2.02,-0.24,0.65,False
EMP12752,USER,0,NONE,-0.67,-1.35,-2.02,0.0,-1.04,0.5,False
EMP12921,USER,0,NONE,0.0,0.0,1.35,0.67,0.47,0.5,False
EMP12905,USER,0,NONE,0.0,0.0,0.0,0.0,0.0,0.5,False
EMP11339,USER,0,NONE,-0.67,0.0,0.67,-0.67,-0.17,0.5,False
EMP12566,USER,0,NONE,0.67,0.0,0.0,1.35,0.47,0.5,False
EMP10453,USER,0,NONE,0.0,0.67,-0.67,0.0,0.0,0.5,False
EMP10913,USER,0,NONE,0.0,-0.67,-1.35,-0.67,-0.64,0.5,False
EMP11199,USER,0,NONE,-0.67,-0.67,0.67,-1.35,-0.47,0.5,False
EMP11274,USER,0,NONE,-0.67,-1.35,-0.67,-2.02,-1.11,0.5,False
EMP12845,USER,0,NONE,-1.35,-1.35,0.0,0.0,-0.74,0.5,False
EMP10037,USER,0,NONE,0.0,0.67,-0.67,1.35,0.27,0.5,False
EMP10974,USER,0,NONE,0.0,0.0,0.67,-0.67,0.03,0.5,False
EMP12854,USER,0,NONE,0.0,0.67,-0.67,-1.35,-0.27,0.5,False
EMP10983,USER,0,NONE,0.0,-1.35,-0.67,0.67,-0.37,0.5,False
EMP12938,USER,0,NONE,0.0,-0.67,0.67,0.67,0.13,0.5,False
EMP12516,USER,0,NONE,-0.67,1.35,-0.67,0.67,0.1,0.5,False
EMP11418,USER,0,NONE,-0.67,-0.67,0.67,-1.35,-0.47,0.5,False
EMP11284,USER,0,NONE,0.0,-1.35,-0.67,-0.67,-0.64,0.5,False
EMP11752,USER,0,NONE,0.67,-1.35,-0.67,0.67,-0.17,0.5,False
EMP10039,USER,1,ENDPOINT,-0.67,-2.02,2.7,-2.02,-0.43,0.65,False
EMP11486,USER,1,NETWORK_IP,-0.67,2.02,0.0,0.0,0.3,0.65,False
EMP12003,USER,0,NONE,0.0,0.67,0.0,0.67,0.3,0.5,False
EMP10169,USER,0,NONE,-0.67,-1.35,0.0,0.0,-0.54,0.5,False
EMP11355,USER,0,NONE,-1.35,-1.35,0.67,-0.67,-0.71,0.5,False
EMP10737,USER,0,NONE,-0.67,-0.67,0.0,-0.67,-0.5,0.5,False
EMP11656,USER,0,NONE,0.0,-0.67,0.0,-1.35,-0.44,0.5,False
EMP12782,USER,0,NONE,0.67,-0.67,0.0,0.67,0.17,0.5,False
EMP11564,USER,0,NONE,-0.67,-1.35,1.35,-0.67,-0.33,0.5,False
EMP12223,USER,0,NONE,-0.67,0.67,-0.67,0.0,-0.2,0.5,False
EMP10634,USER,0,NONE,-0.67,-0.67,0.0,-1.35,-0.64,0.5,False
EMP12925,USER,0,NONE,-1.35,0.67,-0.67,-0.67,-0.54,0.5,False
EMP12042,USER,0,NONE,-1.35,-1.35,0.0,-0.67,-0.88,0.5,False
EMP11290,USER,1,AUTHENTICATION,3.37,0.0,1.35,-1.35,1.08,0.65,False
EMP11380,USER,1,ENDPOINT,0.0,0.0,2.02,0.0,0.51,0.65,False
EMP10579,USER,0,NONE,-0.67,-0.67,0.67,0.0,-0.2,0.5,False
EMP10328,USER,0,NONE,1.35,0.67,-0.67,0.0,0.41,0.5,False
EMP12732,USER,0,NONE,0.0,0.67,0.0,0.0,0.17,0.5,False
EMP10892,USER,1,ENDPOINT,0.67,-2.02,2.02,-1.35,-0.07,0.65,False
EMP12178,USER,1,ENDPOINT,-0.67,-1.35,2.02,-0.67,-0.17,0.65,False
EMP10780,USER,0,NONE,-0.67,-2.02,-0.67,0.67,-0.74,0.5,False
EMP10159,USER,0,NONE,0.0,0.0,-0.67,-0.67,-0.3,0.5,False
EMP11651,USER,0,NONE,-1.35,-0.67,0.0,-0.67,-0.71,0.5,False
EMP11807,USER,0,NONE,0.67,-0.67,1.35,-0.67,0.24,0.5,False
EMP12396,USER,1,OFF_HOURS,0.67,1.35,-0.67,2.7,0.91,0.65,False
EMP10061,USER,0,NONE,0.0,-2.02,1.57,-0.67,-0.25,0.5,False
EMP10849,USER,1,OFF_HOURS,0.67,0.67,-1.35,3.37,0.71,0.65,False
EMP12196,USER,0,NONE,-0.67,-1.35,-2.02,0.0,-1.04,0.5,False
EMP12978,USER,0,NONE,0.67,0.67,-1.35,0.0,0.03,0.5,False
EMP11716,USER,2,AUTHENTICATION|NETWORK_IP,2.02,2.7,1.35,0.0,1.62,0.8,True
EMP11043,USER,0,NONE,0.67,-0.67,-0.67,-0.67,-0.27,0.5,False
EMP12930,USER,1,NETWORK_IP,1.35,2.7,0.0,0.67,1.21,0.65,False
EMP11544,USER,1,OFF_HOURS,0.67,0.67,0.0,2.02,0.77,0.65,False
EMP12816,USER,0,NONE,0.0,1.35,-1.35,1.35,0.27,0.5,False
EMP11726,USER,0,NONE,1.35,-0.67,0.0,-0.67,0.1,0.5,False
EMP11070,USER,0,NONE,-1.35,-1.35,-0.67,-1.35,-1.18,0.5,False
EMP10053,USER,0,NONE,0.0,0.0,1.35,-0.67,0.2,0.5,False
EMP12517,USER,0,NONE,-0.67,-0.67,0.0,-1.35,-0.64,0.5,False
EMP10258,USER,0,NONE,0.0,-1.35,0.67,-1.35,-0.44,0.5,False
EMP10505,USER,0,NONE,-0.67,-0.67,0.0,0.0,-0.37,0.5,False
EMP10752,USER,0,NONE,-0.67,-1.35,-1.35,0.0,-0.88,0.5,False
EMP12084,USER,0,NONE,0.0,-0.67,-2.02,-2.02,-1.08,0.5,False
EMP10217,USER,1,AUTHENTICATION,2.02,-0.67,0.67,-0.67,0.47,0.65,False
EMP10824,USER,0,NONE,-0.67,0.0,1.35,-1.35,-0.13,0.5,False
EMP11623,USER,0,NONE,-0.67,-0.67,-0.67,-1.35,-0.81,0.5,False
EMP12345,USER,0,NONE,-0.67,-1.35,1.35,0.67,-0.07,0.5,False
EMP11389,USER,0,NONE,-0.67,1.35,0.0,0.67,0.27,0.5,False
EMP11266,USER,0,NONE,0.0,1.35,0.0,-0.67,0.2,0.5,False
EMP12540,USER,0,NONE,0.0,0.0,-0.67,0.0,-0.17,0.5,False
EMP11822,USER,2,AUTHENTICATION|NETWORK_IP,2.7,3.37,0.67,0.67,1.95,0.8,True
EMP11598,USER,0,NONE,0.0,0.0,0.67,-0.67,0.03,0.5,False
EMP11607,USER,0,NONE,-0.67,-1.35,-1.35,-1.35,-1.15,0.5,False
EMP11747,USER,0,NONE,-0.67,-1.35,-2.02,-1.35,-1.31,0.5,False
EMP10771,USER,0,NONE,1.35,0.67,0.67,0.0,0.74,0.5,False
EMP12887,USER,1,ENDPOINT,-0.67,-1.35,2.02,-0.67,-0.17,0.65,False
EMP11871,USER,0,NONE,0.0,1.35,-0.67,0.67,0.3,0.5,False
EMP11085,USER,1,NETWORK_IP,1.35,2.02,0.0,1.35,1.18,0.65,False
EMP11325,USER,0,NONE,-0.67,-1.35,0.67,-2.02,-0.78,0.5,False
EMP12186,USER,0,NONE,-0.67,-1.35,0.67,1.35,-0.1,0.5,False
EMP12875,USER,0,NONE,0.67,-1.35,-0.67,-2.02,-0.71,0.5,False
EMP11825,USER,0,NONE,0.67,0.0,0.67,0.67,0.5,0.5,False
EMP11754,USER,0,NONE,0.67,-0.67,0.67,-0.67,0.07,0.5,False
EMP11789,USER,0,NONE,0.0,1.35,-0.67,0.67,0.3,0.5,False
EMP11987,USER,0,NONE,0.67,0.0,-0.67,0.67,0.17,0.5,False
EMP12662,USER,0,NONE,0.0,-1.35,0.67,-1.35,-0.44,0.5,False
EMP11163,USER,0,NONE,0.67,-2.02,0.67,0.0,-0.14,0.5,False
EMP10963,USER,1,OFF_HOURS,-0.67,0.67,0.0,2.02,0.37,0.65,False
EMP12988,USER,0,NONE,0.0,0.0,0.0,-1.35,-0.27,0.5,False
EMP11771,USER,0,NONE,0.67,-1.35,1.35,-1.35,-0.07,0.5,False
EMP10398,USER,0,NONE,0.67,-1.35,1.35,0.67,0.34,0.5,False
EMP10584,USER,0,NONE,-2.02,-1.35,0.67,-1.35,-1.05,0.5,False
EMP10948,USER,0,NONE,0.67,0.67,0.0,-0.67,0.23,0.5,False
EMP10704,USER,0,NONE,-0.67,-0.67,-1.35,-0.67,-0.84,0.5,False
EMP10431,USER,0,NONE,-0.67,0.0,1.35,0.67,0.27,0.5,False
EMP10292,USER,1,ENDPOINT,-0.67,-0.67,2.02,-0.67,0.0,0.65,False
EMP10145,USER,0,NONE,0.0,-0.67,-0.67,-0.67,-0.47,0.5,False
EMP10323,USER,0,NONE,1.35,0.0,0.67,0.0,0.57,0.5,False
EMP12175,USER,0,NONE,-0.67,-0.67,0.0,0.67,-0.23,0.5,False
EMP11165,USER,0,NONE,0.0,0.67,0.0,0.0,0.17,0.5,False
EMP11452,USER,0,NONE,-0.67,-0.67,-2.02,-0.67,-1.01,0.5,False
EMP10002,USER,0,NONE,0.0,0.67,-0.67,-0.67,-0.13,0.5,False
EMP10576,USER,0,NONE,0.67,-0.67,0.67,-0.67,0.07,0.5,False
EMP12372,USER,0,NONE,-1.35,0.0,0.67,-1.35,-0.51,0.5,False
EMP10339,USER,0,NONE,1.35,-0.67,1.35,-1.35,0.31,0.5,False
EMP11897,USER,0,NONE,0.0,-0.67,0.0,-0.67,-0.3,0.5,False
EMP12140,USER,2,NETWORK_IP|OFF_HOURS,0.0,2.7,1.35,2.02,1.42,0.8,True
EMP10925,USER,0,NONE,0.0,0.0,1.35,-0.67,0.2,0.5,False
EMP10265,USER,0,NONE,1.35,-0.67,0.22,-0.67,0.16,0.5,False
EMP10376,USER,0,NONE,0.67,-1.35,-1.35,1.35,-0.2,0.5,False
EMP11983,USER,0,NONE,-1.35,-2.02,-1.35,-0.67,-1.38,0.5,False
EMP11463,USER,0,NONE,0.0,0.67,-0.67,-0.67,-0.13,0.5,False
EMP10271,USER,0,NONE,-0.67,-0.67,0.67,1.35,0.07,0.5,False
EMP10696,USER,1,ENDPOINT,0.0,1.35,2.02,0.67,0.98,0.65,False
EMP10244,USER,0,NONE,0.0,0.0,0.67,0.0,0.17,0.5,False
EMP12898,USER,0,NONE,0.0,-2.02,0.67,-1.35,-0.61,0.5,False
EMP10476,USER,0,NONE,1.35,-2.02,-1.35,0.0,-0.44,0.5,False
EMP11804,USER,0,NONE,-0.67,-1.35,0.67,-2.02,-0.78,0.5,False
EMP12116,USER,0,NONE,0.67,-0.67,-0.67,0.0,-0.13,0.5,False
EMP12314,USER,0,NONE,0.0,0.67,0.0,0.0,0.17,0.5,False
EMP11812,USER,0,NONE,0.67,0.0,-0.67,0.67,0.17,0.5,False
EMP12615,USER,2,AUTHENTICATION|NETWORK_IP,2.02,2.02,-1.35,0.67,0.91,0.8,True
EMP12868,USER,0,NONE,0.0,-0.67,1.35,-2.02,-0.23,0.5,False
EMP12069,USER,0,NONE,-1.35,-0.67,0.67,-1.35,-0.68,0.5,False
EMP10250,USER,1,ENDPOINT,-1.35,-0.67,2.02,-0.67,-0.2,0.65,False
EMP10413,USER,0,NONE,-1.35,0.0,-0.67,-0.67,-0.71,0.5,False
EMP10545,USER,0,NONE,0.0,-1.35,1.35,-0.67,-0.13,0.5,False
EMP11193,USER,0,NONE,0.67,0.0,-0.67,0.0,0.03,0.5,False
EMP10738,USER,1,NETWORK_IP,1.35,2.02,-0.67,0.67,0.88,0.65,False
EMP10310,USER,0,NONE,-0.67,0.67,0.0,0.67,0.1,0.5,False
EMP11798,USER,0,NONE,-0.67,1.35,1.35,0.67,0.61,0.5,False
EMP10893,USER,0,NONE,-0.67,-2.02,0.0,0.0,-0.71,0.5,False
EMP11131,USER,0,NONE,-0.67,0.0,-2.02,-1.35,-0.98,0.5,False
EMP11449,USER,0,NONE,0.67,0.0,0.67,1.35,0.64,0.5,False
EMP12993,USER,0,NONE,0.67,0.0,0.67,0.67,0.5,0.5,False
EMP10015,USER,0,NONE,0.67,1.35,0.0,0.0,0.54,0.5,False
EMP10721,USER,0,NONE,0.0,0.0,0.67,0.67,0.3,0.5,False
EMP11420,USER,0,NONE,0.0,-1.35,0.67,-1.35,-0.44,0.5,False
EMP12715,USER,0,NONE,0.0,-0.67,-1.12,-2.02,-0.85,0.5,False
EMP10981,USER,1,ENDPOINT,-1.35,-2.02,2.02,-1.35,-0.68,0.65,False
EMP12184,USER,0,NONE,-0.67,-0.67,-0.67,0.0,-0.54,0.5,False
EMP11539,USER,0,NONE,0.0,-0.67,-0.67,0.67,-0.2,0.5,False
EMP12608,USER,0,NONE,0.67,0.67,0.0,0.0,0.37,0.5,False
EMP11550,USER,3,NETWORK_IP|ENDPOINT|OFF_HOURS,0.67,2.02,4.05,2.7,2.26,0.95,True
EMP12495,USER,0,NONE,0.0,0.67,0.67,0.0,0.34,0.5,False
EMP10363,USER,0,NONE,-1.35,-0.67,-1.35,-1.35,-1.18,0.5,False
EMP10982,USER,0,NONE,-0.67,-1.35,1.35,-1.35,-0.47,0.5,False
EMP10182,USER,0,NONE,0.67,-0.67,-0.67,-0.67,-0.27,0.5,False
EMP10985,USER,2,NETWORK_IP|OFF_HOURS,0.67,4.05,0.67,2.7,1.92,0.8,True
EMP12089,USER,0,NONE,0.67,-0.67,0.0,-0.67,-0.1,0.5,False
EMP11194,USER,3,NETWORK_IP|ENDPOINT|OFF_HOURS,0.0,3.37,2.7,2.02,1.92,0.95,True
EMP12797,USER,0,NONE,0.0,0.0,0.0,0.0,0.0,0.5,False
EMP11784,USER,0,NONE,0.0,-2.02,0.67,-1.35,-0.61,0.5,False
EMP11121,USER,0,NONE,0.0,-0.67,-1.35,0.0,-0.51,0.5,False
EMP10187,USER,1,NETWORK_IP,0.0,2.7,-0.67,0.67,0.64,0.65,False
EMP10619,USER,0,NONE,-0.67,-0.67,0.0,-2.02,-0.77,0.5,False
EMP12329,USER,1,NETWORK_IP,0.67,2.02,0.0,1.35,0.98,0.65,False
EMP11175,USER,1,ENDPOINT,0.67,0.67,2.7,1.35,1.31,0.65,False
EMP11182,USER,0,NONE,-0.67,0.0,0.67,-0.67,-0.17,0.5,False
EMP12456,USER,0,NONE,0.0,1.35,0.67,1.35,0.78,0.5,False
EMP12268,USER,0,NONE,-1.35,0.0,1.35,-0.67,-0.2,0.5,False
EMP10614,USER,0,NONE,0.0,-0.67,0.67,0.67,0.13,0.5,False
EMP11513,USER,0,NONE,-0.67,0.0,0.0,-0.67,-0.34,0.5,False
EMP11466,USER,0,NONE,0.67,0.0,1.35,0.67,0.67,0.5,False
EMP10401,USER,2,NETWORK_IP|OFF_HOURS,0.0,2.02,-1.35,2.7,0.71,0.8,True
EMP10994,USER,1,OFF_HOURS,-0.67,1.35,1.35,2.02,0.88,0.65,False
EMP10934,USER,0,NONE,0.0,-2.02,1.35,-0.67,-0.3,0.5,False
EMP10371,USER,2,AUTHENTICATION|ENDPOINT,2.02,0.67,2.02,0.67,1.41,0.8,True
EMP12046,USER,2,AUTHENTICATION|ENDPOINT,2.02,0.67,2.02,0.67,1.41,0.8,True
EMP12233,USER,0,NONE,1.35,-0.67,-0.67,-1.35,-0.2,0.5,False
EMP10593,USER,2,AUTHENTICATION|NETWORK_IP,2.02,2.02,0.67,0.67,1.41,0.8,True
EMP12034,USER,0,NONE,0.0,-0.67,-0.67,0.67,-0.2,0.5,False
EMP10726,USER,2,AUTHENTICATION|NETWORK_IP,2.02,2.02,0.67,-0.67,1.14,0.8,True
EMP10826,USER,0,NONE,0.0,0.67,0.67,0.0,0.34,0.5,False
EMP11783,USER,0,NONE,-0.67,-0.67,-1.35,-0.67,-0.84,0.5,False
EMP10687,USER,0,NONE,-0.67,-2.02,-0.67,-2.02,-1.28,0.5,False
EMP12283,USER,0,NONE,-1.35,-0.67,1.35,-1.35,-0.51,0.5,False
EMP10136,USER,1,ENDPOINT,1.35,1.35,2.7,0.0,1.42,0.65,False
EMP12754,USER,0,NONE,-1.35,-2.02,0.0,-1.35,-1.18,0.5,False
EMP10628,USER,0,NONE,0.0,0.0,-1.35,-0.67,-0.47,0.5,False
EMP10334,USER,0,NONE,-0.67,-2.02,-0.67,-2.02,-1.28,0.5,False
EMP10390,USER,1,NETWORK_IP,1.35,2.7,-0.67,0.67,1.05,0.65,False
EMP12381,USER,0,NONE,-0.67,-0.67,-0.67,-2.02,-0.94,0.5,False
EMP11109,USER,0,NONE,0.0,0.67,0.0,1.35,0.44,0.5,False
EMP11849,USER,0,NONE,0.0,-2.02,0.0,-0.67,-0.64,0.5,False
EMP12781,USER,3,AUTHENTICATION|NETWORK_IP|OFF_HOURS,2.7,2.7,1.35,2.7,2.36,0.95,True
EMP10710,USER,2,AUTHENTICATION|ENDPOINT,2.02,0.67,2.7,0.67,1.58,0.8,True
EMP11039,USER,1,AUTHENTICATION,2.7,1.35,0.67,0.67,1.45,0.65,False
EMP12737,USER,0,NONE,0.0,-0.67,0.67,-2.02,-0.4,0.5,False
EMP12751,USER,0,NONE,0.0,-0.67,0.22,0.0,-0.11,0.5,False
EMP12674,USER,0,NONE,-1.35,-2.02,-0.67,-2.02,-1.48,0.5,False
EMP11561,USER,0,NONE,-0.67,-0.67,-1.35,-1.35,-0.98,0.5,False
EMP12840,USER,0,NONE,-0.67,-1.35,0.67,-0.67,-0.51,0.5,False
EMP11594,USER,0,NONE,-0.67,-2.02,-0.22,-1.35,-1.03,0.5,False
EMP12933,USER,0,NONE,-0.67,0.67,-2.02,-0.67,-0.67,0.5,False
EMP12837,USER,1,AUTHENTICATION,2.02,0.0,-0.67,-1.35,0.17,0.65,False
EMP11112,USER,0,NONE,0.67,0.0,0.0,1.35,0.47,0.5,False
EMP10465,USER,0,NONE,0.0,0.0,-0.67,-1.35,-0.44,0.5,False
EMP11560,USER,0,NONE,0.0,0.0,1.35,0.67,0.47,0.5,False
EMP11223,USER,0,NONE,0.0,-2.02,1.35,-2.02,-0.57,0.5,False
EMP12067,USER,2,ENDPOINT|OFF_HOURS,1.35,-0.67,2.7,2.02,1.32,0.8,True
EMP12420,USER,0,NONE,0.0,1.35,0.67,0.0,0.51,0.5,False
EMP11508,USER,0,NONE,0.67,-0.67,0.67,-0.67,0.07,0.5,False
EMP11885,USER,0,NONE,-0.67,0.0,0.0,-0.67,-0.34,0.5,False
EMP11104,USER,0,NONE,0.0,0.0,0.67,0.0,0.17,0.5,False
EMP10660,USER,0,NONE,0.0,-1.35,-0.22,-0.67,-0.53,0.5,False
EMP10338,USER,0,NONE,-1.35,-2.02,-0.67,-1.35,-1.35,0.5,False
EMP10215,USER,0,NONE,-1.35,-0.67,0.0,-2.02,-0.98,0.5,False
EMP11615,USER,0,NONE,0.67,0.67,1.35,0.67,0.84,0.5,False
EMP12040,USER,0,NONE,0.0,-0.67,0.22,-1.35,-0.38,0.5,False
EMP12592,USER,0,NONE,0.0,-0.67,-1.35,1.35,-0.23,0.5,False
EMP12889,USER,0,NONE,1.35,0.0,1.35,0.67,0.88,0.5,False
EMP11592,USER,0,NONE,-0.67,-1.35,0.67,0.0,-0.37,0.5,False
EMP12118,USER,1,ENDPOINT,0.0,0.67,2.02,-1.35,0.4,0.65,False
EMP11793,USER,0,NONE,-0.67,-2.02,0.67,-0.67,-0.67,0.5,False
EMP12600,USER,0,NONE,0.67,-0.67,0.0,1.35,0.3,0.5,False
EMP10816,USER,1,NETWORK_IP,0.0,2.02,0.67,0.67,0.81,0.65,False
EMP11067,USER,1,ENDPOINT,0.0,0.0,4.05,0.0,1.01,0.65,False
EMP12121,USER,1,AUTHENTICATION,2.02,-0.67,0.67,-2.02,0.2,0.65,False
EMP10274,USER,2,NETWORK_IP|OFF_HOURS,1.35,2.7,-0.22,2.02,1.43,0.8,True
EMP12315,USER,0,NONE,-0.67,0.0,-0.67,0.67,-0.23,0.5,False
EMP10865,USER,0,NONE,-1.35,-2.02,-1.35,0.0,-1.25,0.5,False
EMP10101,USER,0,NONE,0.67,0.67,-1.35,0.67,0.17,0.5,False
EMP11501,USER,0,NONE,0.0,0.0,0.67,-0.67,0.03,0.5,False
EMP12833,USER,1,ENDPOINT,0.0,0.67,3.37,0.0,1.01,0.65,False
EMP10171,USER,0,NONE,0.0,-1.35,-0.67,-1.35,-0.78,0.5,False
EMP10107,USER,0,NONE,-1.35,-0.67,-1.35,-0.67,-1.04,0.5,False
EMP12697,USER,0,NONE,-0.67,0.0,0.67,0.0,-0.03,0.5,False
EMP11521,USER,1,OFF_HOURS,1.35,0.0,-1.35,3.37,0.74,0.65,False
EMP12724,USER,0,NONE,-1.35,-1.35,1.35,0.0,-0.41,0.5,False
EMP12270,USER,0,NONE,0.67,-1.35,-0.67,-2.02,-0.71,0.5,False
EMP11878,USER,1,AUTHENTICATION,2.02,-0.67,-0.67,0.0,0.27,0.65,False
EMP12106,USER,0,NONE,-0.67,-1.35,0.0,-1.35,-0.81,0.5,False
EMP12077,USER,0,NONE,0.0,0.0,0.0,0.0,0.0,0.5,False
EMP12322,USER,0,NONE,0.0,-0.67,1.35,-1.35,-0.1,0.5,False
EMP12412,USER,0,NONE,-0.67,-0.67,-0.67,-1.35,-0.81,0.5,False
EMP12654,USER,1,AUTHENTICATION,2.7,0.67,0.0,-0.67,0.84,0.65,False
EMP11873,USER,0,NONE,0.0,-0.67,0.0,0.0,-0.17,0.5,False
EMP10295,USER,0,NONE,0.0,-0.67,0.67,0.67,0.13,0.5,False
EMP10712,USER,0,NONE,0.67,-2.02,0.0,1.35,-0.03,0.5,False
EMP10072,USER,0,NONE,0.67,0.67,0.0,0.67,0.5,0.5,False
EMP11524,USER,0,NONE,-0.67,0.0,-0.67,-0.67,-0.5,0.5,False
EMP12341,USER,0,NONE,0.67,-0.67,1.35,1.35,0.64,0.5,False
EMP12981,USER,1,ENDPOINT,0.0,-1.35,2.02,0.0,0.17,0.65,False
EMP12971,USER,0,NONE,0.0,-0.67,0.0,0.0,-0.17,0.5,False
EMP10481,USER,0,NONE,1.35,-0.67,0.67,-0.67,0.27,0.5,False
EMP12306,USER,0,NONE,0.67,1.35,-1.35,-0.67,0.07,0.5,False
EMP11530,USER,0,NONE,0.67,1.35,0.0,1.35,0.81,0.5,False
EMP12632,USER,0,NONE,0.0,0.67,-0.67,-0.67,-0.13,0.5,False
EMP11514,USER,0,NONE,-0.67,-0.67,0.67,-1.35,-0.47,0.5,False
EMP11762,USER,0,NONE,0.67,0.0,0.0,1.35,0.47,0.5,False
EMP11490,USER,0,NONE,-1.35,-0.67,-0.67,0.0,-0.74,0.5,False
EMP11171,USER,0,NONE,0.67,0.0,0.67,-0.67,0.23,0.5,False
EMP12526,USER,1,ENDPOINT,-0.67,0.67,2.02,0.0,0.47,0.65,False
EMP12438,USER,0,NONE,-0.67,-0.67,-0.67,0.0,-0.54,0.5,False
EMP12619,USER,0,NONE,-1.35,0.0,-0.67,1.35,-0.3,0.5,False
EMP12284,USER,0,NONE,0.67,-0.67,0.0,0.0,0.03,0.5,False
EMP10405,USER,0,NONE,1.35,0.0,0.0,-0.67,0.27,0.5,False
EMP10757,USER,1,NETWORK_IP,0.67,2.7,-0.67,0.67,0.84,0.65,False
EMP12071,USER,0,NONE,-0.67,-1.35,0.67,-2.02,-0.78,0.5,False
EMP12252,USER,0,NONE,0.0,-0.67,-0.67,0.0,-0.34,0.5,False
EMP11999,USER,1,ENDPOINT,-2.02,0.0,2.02,-0.67,-0.23,0.65,False
EMP10097,USER,0,NONE,0.0,0.0,0.67,-0.67,0.03,0.5,False
EMP11333,USER,0,NONE,0.67,0.67,-0.67,0.67,0.34,0.5,False
EMP12461,USER,0,NONE,-0.67,-0.67,0.0,0.67,-0.23,0.5,False
EMP10743,USER,0,NONE,-0.67,-2.02,0.0,-2.02,-1.11,0.5,False
EMP10806,USER,1,ENDPOINT,0.0,-0.67,2.02,0.0,0.34,0.65,False
EMP12020,USER,0,NONE,-1.35,0.67,0.67,1.35,0.2,0.5,False
EMP12576,USER,2,NETWORK_IP|OFF_HOURS,0.0,2.02,-2.02,2.02,0.4,0.8,True
EMP11535,USER,0,NONE,0.0,0.0,-0.67,-0.67,-0.3,0.5,False
EMP12114,USER,0,NONE,-0.67,-1.35,0.0,0.0,-0.54,0.5,False
EMP12172,USER,0,NONE,0.0,-0.67,0.67,-2.02,-0.4,0.5,False
EMP12415,USER,0,NONE,0.0,-1.35,0.0,-1.35,-0.61,0.5,False
EMP10148,USER,0,NONE,0.0,0.67,0.67,0.0,0.34,0.5,False
EMP12154,USER,0,NONE,0.67,0.0,0.0,-2.02,-0.2,0.5,False
EMP12117,USER,0,NONE,1.35,0.67,0.0,1.35,0.84,0.5,False
EMP12831,USER,1,NETWORK_IP,1.35,4.05,0.0,0.67,1.55,0.65,False
EMP11315,USER,0,NONE,0.67,0.0,-0.67,0.0,0.03,0.5,False
EMP10692,USER,1,ENDPOINT,-1.35,-0.67,2.02,-1.35,-0.34,0.65,False
EMP10818,USER,0,NONE,-0.67,0.0,-0.67,0.67,-0.23,0.5,False
EMP11728,USER,0,NONE,0.0,-1.35,0.0,-1.35,-0.61,0.5,False
EMP11386,USER,0,NONE,0.67,-1.35,-1.35,1.35,-0.2,0.5,False
EMP12353,USER,0,NONE,0.0,-1.35,-1.35,1.35,-0.41,0.5,False
EMP12120,USER,0,NONE,-0.67,-1.35,0.0,-1.35,-0.81,0.5,False
EMP11599,USER,1,ENDPOINT,-0.67,-0.67,2.7,-0.67,0.17,0.65,False
EMP12663,USER,1,ENDPOINT,-1.35,-0.67,2.7,-0.67,-0.03,0.65,False
EMP12531,USER,0,NONE,0.0,0.67,0.0,-0.67,0.03,0.5,False
EMP10701,USER,0,NONE,-0.67,0.0,-0.67,-0.67,-0.5,0.5,False
EMP12894,USER,1,AUTHENTICATION,2.02,1.35,-0.67,-0.67,0.64,0.65,False
EMP12738,USER,3,AUTHENTICATION|NETWORK_IP|OFF_HOURS,13.49,20.0,1.35,17.54,12.89,0.95,True
EMP10921,USER,0,NONE,-0.67,-0.67,0.67,-1.35,-0.47,0.5,False
EMP11424,USER,0,NONE,0.67,-1.35,-1.35,-0.67,-0.61,0.5,False
EMP11708,USER,0,NONE,0.0,0.0,1.57,-0.67,0.26,0.5,False
EMP10905,USER,1,AUTHENTICATION,2.02,0.0,0.67,0.0,0.77,0.65,False
EMP10454,USER,1,OFF_HOURS,0.0,-0.67,1.35,2.02,0.57,0.65,False
EMP12147,USER,0,NONE,-0.67,0.0,-0.67,0.67,-0.23,0.5,False
EMP12883,USER,0,NONE,0.0,-1.35,0.0,-2.02,-0.74,0.5,False
EMP12376,USER,0,NONE,1.35,0.0,-1.35,0.0,0.07,0.5,False
EMP11886,USER,0,NONE,0.67,-1.35,0.0,-0.67,-0.27,0.5,False
EMP10167,USER,0,NONE,-0.67,-0.67,-0.67,-1.35,-0.81,0.5,False
EMP10730,USER,0,NONE,-1.35,0.0,-1.35,0.0,-0.74,0.5,False
EMP12226,USER,0,NONE,-0.67,-2.02,1.35,-1.35,-0.64,0.5,False
EMP11310,USER,0,NONE,-0.67,1.35,-0.67,0.67,0.1,0.5,False
EMP12370,USER,0,NONE,0.0,0.0,0.0,1.35,0.27,0.5,False
EMP10026,USER,0,NONE,0.67,0.0,0.67,0.0,0.37,0.5,False
EMP12054,USER,0,NONE,-0.67,-0.67,0.0,0.0,-0.37,0.5,False
EMP11652,USER,0,NONE,-0.67,-0.67,1.35,-2.02,-0.44,0.5,False
EMP11622,USER,0,NONE,0.0,-2.02,0.0,-1.35,-0.78,0.5,False
EMP10587,USER,1,NETWORK_IP,0.0,2.02,0.0,0.0,0.51,0.65,False
EMP11401,USER,0,NONE,0.0,-0.67,-2.02,0.0,-0.67,0.5,False
EMP10997,USER,0,NONE,-0.67,-1.35,-1.35,0.0,-0.88,0.5,False
EMP11176,USER,0,NONE,-1.35,-1.35,0.0,-0.67,-0.88,0.5,False
EMP11700,USER,0,NONE,0.0,-0.67,-1.35,-0.67,-0.64,0.5,False
EMP11040,USER,0,NONE,0.0,-2.02,0.22,-1.35,-0.72,0.5,False
EMP10033,USER,0,NONE,1.35,0.67,-1.35,1.35,0.51,0.5,False
EMP11927,USER,0,NONE,-0.67,-0.67,-0.67,1.35,-0.27,0.5,False
EMP12440,USER,1,ENDPOINT,0.67,0.0,2.02,-1.35,0.44,0.65,False
EMP11379,USER,0,NONE,-1.35,-0.67,-0.67,-0.67,-0.87,0.5,False
EMP10041,USER,1,ENDPOINT,-0.67,1.35,3.37,-0.67,0.85,0.65,False
EMP11876,USER,0,NONE,0.0,0.0,1.35,0.67,0.47,0.5,False
EMP12176,USER,0,NONE,0.67,-1.35,-0.67,-1.35,-0.57,0.5,False
EMP12257,USER,0,NONE,0.0,-0.67,-0.67,-0.67,-0.47,0.5,False
EMP12686,USER,0,NONE,0.0,0.67,1.35,1.35,0.78,0.5,False
EMP12229,USER,0,NONE,-0.67,-1.35,1.35,-1.35,-0.47,0.5,False
EMP12099,USER,1,OFF_HOURS,-0.67,1.35,1.35,2.02,0.88,0.65,False
EMP11909,USER,0,NONE,0.0,0.0,0.0,0.0,0.0,0.5,False
EMP10609,USER,0,NONE,-0.67,0.0,-0.67,-0.67,-0.5,0.5,False
EMP11132,USER,0,NONE,0.0,1.35,0.0,-0.67,0.2,0.5,False
EMP10028,USER,0,NONE,-1.35,-2.02,0.67,-1.35,-1.01,0.5,False
EMP10441,USER,2,AUTHENTICATION|NETWORK_IP,2.02,2.02,0.0,0.0,1.11,0.8,True
EMP10665,USER,1,AUTHENTICATION,2.02,1.35,-1.35,0.0,0.61,0.65,False
EMP12228,USER,0,NONE,-1.35,-1.35,-0.67,-2.02,-1.31,0.5,False
EMP10493,USER,0,NONE,-0.67,-2.02,-0.67,-2.02,-1.28,0.5,False
EMP11258,USER,1,ENDPOINT,-1.35,-1.35,2.02,-0.67,-0.37,0.65,False
EMP11301,USER,0,NONE,0.67,0.0,0.0,0.0,0.2,0.5,False
EMP12956,USER,0,NONE,-0.67,0.0,-0.67,0.67,-0.23,0.5,False
EMP12437,USER,0,NONE,-1.35,-0.67,0.0,-0.67,-0.71,0.5,False
EMP11382,USER,0,NONE,0.0,0.67,1.35,1.35,0.78,0.5,False
EMP11304,USER,0,NONE,0.67,0.0,0.0,0.0,0.2,0.5,False
EMP10236,USER,1,OFF_HOURS,0.67,-0.67,0.67,2.02,0.6,0.65,False
EMP10551,USER,2,NETWORK_IP|OFF_HOURS,1.35,2.02,0.0,3.37,1.58,0.8,True
EMP10520,USER,0,NONE,0.0,-0.67,0.0,-0.67,-0.3,0.5,False
EMP12285,USER,1,NETWORK_IP,1.35,2.02,0.0,1.35,1.18,0.65,False
EMP11232,USER,2,NETWORK_IP|OFF_HOURS,1.35,2.02,-2.02,3.37,1.08,0.8,True
EMP11138,USER,1,AUTHENTICATION,2.02,1.35,0.0,1.35,1.21,0.65,False
EMP11905,USER,0,NONE,0.0,-1.35,0.0,0.0,-0.34,0.5,False
EMP10720,USER,0,NONE,-1.35,-0.67,0.0,0.0,-0.57,0.5,False
EMP10735,USER,0,NONE,0.0,-1.35,0.67,-0.67,-0.3,0.5,False
EMP12779,USER,1,OFF_HOURS,1.35,-0.67,-0.67,2.02,0.47,0.65,False
EMP11750,USER,0,NONE,-0.67,-1.35,-1.35,-2.02,-1.28,0.5,False
EMP10058,USER,0,NONE,0.67,1.35,0.67,1.35,0.98,0.5,False
EMP10631,USER,0,NONE,-0.67,-1.35,0.0,-1.35,-0.81,0.5,False
EMP11181,USER,2,AUTHENTICATION|NETWORK_IP,2.7,2.7,0.0,0.0,1.49,0.8,True
EMP12271,USER,0,NONE,0.0,0.0,-0.67,1.35,0.1,0.5,False
EMP10592,USER,0,NONE,-1.35,-2.02,0.67,-2.02,-1.15,0.5,False
EMP11303,USER,0,NONE,-1.35,-2.02,-0.67,-2.02,-1.48,0.5,False
EMP11387,USER,2,ENDPOINT|OFF_HOURS,0.67,-0.67,2.02,2.02,0.94,0.8,True
EMP12696,USER,0,NONE,1.35,0.0,0.0,-1.35,0.14,0.5,False
EMP12712,USER,0,NONE,0.0,-0.67,0.0,0.0,-0.17,0.5,False
EMP11964,USER,0,NONE,0.67,1.35,0.67,1.35,0.98,0.5,False
EMP12297,USER,0,NONE,-0.67,0.67,0.0,1.35,0.24,0.5,False
EMP10939,USER,2,AUTHENTICATION|OFF_HOURS,2.02,1.35,0.0,2.02,1.35,0.8,True
EMP12873,USER,1,NETWORK_IP,0.67,2.02,-0.67,0.0,0.54,0.65,False
EMP11249,USER,0,NONE,0.0,0.0,-0.67,0.67,-0.03,0.5,False
EMP10904,USER,0,NONE,-1.35,-0.67,1.35,0.67,-0.1,0.5,False
EMP12622,USER,0,NONE,1.35,1.35,-0.67,0.0,0.58,0.5,False
EMP11279,USER,0,NONE,0.0,-1.35,1.12,-1.35,-0.33,0.5,False
EMP12474,USER,0,NONE,0.0,0.67,1.35,0.67,0.64,0.5,False
EMP12965,USER,1,ENDPOINT,0.0,0.0,2.02,0.0,0.51,0.65,False
EMP12419,USER,0,NONE,0.67,0.67,-0.67,0.0,0.2,0.5,False
EMP12459,USER,0,NONE,0.0,-0.67,-0.67,-0.67,-0.47,0.5,False
EMP12539,USER,0,NONE,0.0,0.0,-0.67,0.67,-0.03,0.5,False
EMP11142,USER,0,NONE,0.67,0.67,0.0,-0.67,0.23,0.5,False
EMP12453,USER,0,NONE,0.67,-0.67,-2.02,0.67,-0.34,0.5,False
EMP10706,USER,0,NONE,-0.67,0.0,0.0,0.0,-0.2,0.5,False
EMP12723,USER,0,NONE,-0.67,-0.67,0.0,-0.67,-0.5,0.5,False
EMP11022,USER,0,NONE,0.67,-1.35,0.0,1.35,0.13,0.5,False
EMP10745,USER,1,ENDPOINT,0.0,0.67,2.02,1.35,0.94,0.65,False
EMP11546,USER,1,NETWORK_IP,-0.67,2.02,0.0,-0.67,0.17,0.65,False
EMP12429,USER,1,ENDPOINT,0.0,0.0,3.37,-0.67,0.71,0.65,False
EMP12110,USER,1,ENDPOINT,0.0,-0.67,3.37,0.0,0.68,0.65,False
EMP12013,USER,0,NONE,-0.67,-0.67,0.0,-0.67,-0.5,0.5,False
EMP10513,USER,0,NONE,0.0,-0.67,-1.35,-2.02,-0.91,0.5,False
EMP10081,USER,0,NONE,0.0,0.0,0.0,0.0,0.0,0.5,False
EMP12743,USER,0,NONE,-1.35,-2.02,0.67,-1.35,-1.01,0.5,False
EMP11308,USER,0,NONE,0.0,-0.67,0.0,-1.35,-0.44,0.5,False
EMP12571,USER,0,NONE,-0.67,0.0,-0.22,0.0,-0.26,0.5,False
EMP10914,USER,1,ENDPOINT,-0.67,-1.35,2.02,-0.67,-0.17,0.65,False
EMP11404,USER,0,NONE,-1.35,-1.35,0.67,-1.35,-0.85,0.5,False
EMP11647,USER,0,NONE,-0.67,-1.35,-1.35,-1.35,-1.15,0.5,False
EMP12843,USER,0,NONE,0.0,-1.35,0.0,-1.35,-0.61,0.5,False
EMP11108,USER,0,NONE,0.0,-1.35,0.0,-1.35,-0.61,0.5,False
EMP10150,USER,1,AUTHENTICATION,2.02,0.67,0.67,0.67,1.07,0.65,False
EMP12809,USER,0,NONE,0.67,-0.67,-0.67,-1.35,-0.4,0.5,False
EMP10774,USER,0,NONE,-0.67,0.0,0.0,-2.02,-0.6,0.5,False
EMP10329,USER,0,NONE,0.0,-1.35,-1.35,-0.67,-0.81,0.5,False
EMP10006,USER,1,ENDPOINT,1.35,0.0,2.7,-0.67,0.95,0.65,False
EMP10943,USER,0,NONE,-1.35,-0.67,0.0,-2.02,-0.98,0.5,False
EMP10822,USER,0,NONE,-0.67,-0.67,0.0,0.0,-0.37,0.5,False
EMP10734,USER,0,NONE,1.35,0.0,0.67,0.0,0.57,0.5,False
EMP10909,USER,0,NONE,0.0,0.0,1.12,0.0,0.28,0.5,False
EMP10468,USER,0,NONE,0.0,-0.67,1.35,0.67,0.3,0.5,False
EMP10181,USER,0,NONE,0.0,-0.67,0.67,-0.67,-0.13,0.5,False
EMP10164,USER,0,NONE,-2.02,-0.67,0.0,-1.35,-1.04,0.5,False
EMP11523,USER,0,NONE,-0.67,0.0,0.0,-0.67,-0.34,0.5,False
EMP10451,USER,0,NONE,0.0,1.35,-1.35,-0.67,-0.13,0.5,False
EMP10490,USER,0,NONE,0.0,-1.35,0.67,-0.67,-0.3,0.5,False
EMP10813,USER,1,NETWORK_IP,1.35,2.02,-2.02,-0.67,0.27,0.65,False
EMP11143,USER,1,AUTHENTICATION,2.7,1.35,0.22,0.0,1.2,0.65,False
EMP11311,USER,0,NONE,-0.67,-0.67,-0.67,-0.67,-0.67,0.5,False
EMP12313,USER,0,NONE,0.0,-1.35,0.0,-1.35,-0.61,0.5,False
EMP11111,USER,1,AUTHENTICATION,2.02,0.0,0.67,0.0,0.77,0.65,False
EMP11826,USER,0,NONE,0.0,-1.35,0.67,0.67,-0.04,0.5,False
EMP11441,USER,0,NONE,0.0,0.0,0.0,-2.02,-0.4,0.5,False
EMP12012,USER,1,AUTHENTICATION,2.02,0.67,0.0,0.0,0.77,0.65,False
EMP11006,USER,1,ENDPOINT,-0.67,0.67,2.02,0.67,0.61,0.65,False
EMP11627,USER,0,NONE,0.0,0.0,0.67,-1.35,-0.1,0.5,False
EMP11632,USER,0,NONE,0.67,1.35,0.67,0.0,0.71,0.5,False
EMP11074,USER,0,NONE,-0.67,0.67,0.0,-1.35,-0.3,0.5,False
EMP10578,USER,0,NONE,-1.35,-0.67,1.35,-0.67,-0.37,0.5,False
EMP12168,USER,0,NONE,0.0,-1.35,1.35,0.0,0.0,0.5,False
EMP12417,USER,0,NONE,0.0,0.67,0.0,-0.67,0.03,0.5,False
EMP12335,USER,0,NONE,1.35,-1.35,1.35,0.0,0.41,0.5,False
EMP12374,USER,0,NONE,0.0,-0.67,0.0,-1.35,-0.44,0.5,False
EMP10327,USER,1,AUTHENTICATION,2.02,1.35,0.67,0.0,1.11,0.65,False
EMP11790,USER,0,NONE,-0.67,-0.67,-0.67,-0.67,-0.67,0.5,False
EMP10442,USER,0,NONE,-0.67,-2.02,-1.35,-2.02,-1.45,0.5,False
EMP11858,USER,0,NONE,0.67,0.67,1.35,1.35,0.98,0.5,False
EMP12238,USER,0,NONE,-0.67,-0.67,0.0,-0.67,-0.5,0.5,False
EMP10312,USER,0,NONE,-0.67,-1.35,0.0,-0.67,-0.67,0.5,False
EMP10832,USER,0,NONE,0.67,-1.35,0.67,1.35,0.3,0.5,False
EMP12446,USER,1,ENDPOINT,-0.67,-1.35,3.37,-0.67,0.17,0.65,False
EMP12170,USER,0,NONE,-0.67,0.0,1.35,-1.35,-0.13,0.5,False
EMP11414,USER,0,NONE,0.0,-1.35,-0.67,-1.35,-0.78,0.5,False
EMP11201,USER,0,NONE,-0.67,0.67,1.35,1.35,0.57,0.5,False
EMP12514,USER,1,OFF_HOURS,0.0,1.35,0.67,2.02,0.91,0.65,False
EMP11499,USER,0,NONE,-0.67,-0.67,1.35,-1.35,-0.3,0.5,False
EMP12010,USER,0,NONE,0.0,0.67,-1.35,0.67,-0.04,0.5,False
EMP10086,USER,0,NONE,-0.67,-0.67,1.35,-0.67,-0.17,0.5,False
EMP11403,USER,0,NONE,-0.67,-2.02,0.22,-2.02,-1.05,0.5,False
EMP12481,USER,0,NONE,0.0,0.0,0.67,-1.35,-0.1,0.5,False
EMP12002,USER,0,NONE,0.0,0.67,0.67,0.67,0.47,0.5,False
EMP11481,USER,0,NONE,-1.35,0.67,0.0,0.0,-0.24,0.5,False
EMP10777,USER,0,NONE,0.67,-1.35,0.67,-1.35,-0.24,0.5,False
EMP10799,USER,1,NETWORK_IP,0.0,2.02,0.67,0.67,0.81,0.65,False
EMP11666,USER,0,NONE,0.0,-0.67,0.67,0.0,0.0,0.5,False
EMP11894,USER,0,NONE,-0.67,-1.35,1.35,-1.35,-0.47,0.5,False
EMP10054,USER,0,NONE,0.67,-1.35,0.67,0.0,0.03,0.5,False
EMP12483,USER,0,NONE,0.0,1.35,0.67,0.0,0.51,0.5,False
EMP11287,USER,0,NONE,0.67,0.67,-0.67,-0.67,0.07,0.5,False
EMP11920,USER,0,NONE,0.0,-1.35,0.0,0.0,-0.34,0.5,False
EMP11667,USER,0,NONE,-0.67,-0.67,0.0,-1.35,-0.64,0.5,False
EMP12665,USER,0,NONE,-0.67,-0.67,-1.35,0.67,-0.57,0.5,False
EMP12222,USER,1,ENDPOINT,0.0,-0.67,2.02,0.0,0.34,0.65,False
EMP11701,USER,0,NONE,0.0,0.0,-0.67,-0.67,-0.3,0.5,False
EMP11245,USER,2,AUTHENTICATION|ENDPOINT,2.02,0.67,2.02,0.0,1.28,0.8,True
EMP10113,USER,0,NONE,-0.67,0.0,0.0,0.0,-0.2,0.5,False
EMP12891,USER,0,NONE,0.0,-1.35,0.67,-0.67,-0.3,0.5,False
EMP10987,USER,2,AUTHENTICATION|OFF_HOURS,2.02,1.35,0.0,2.02,1.35,0.8,True
EMP10501,USER,0,NONE,0.0,-0.67,0.0,-1.35,-0.44,0.5,False
EMP12469,USER,0,NONE,0.0,-1.35,-0.67,-1.35,-0.78,0.5,False
EMP11009,USER,1,AUTHENTICATION,2.02,0.0,-0.67,-1.35,0.17,0.65,False
EMP11198,USER,0,NONE,0.67,-0.67,-2.02,0.67,-0.34,0.5,False
EMP11394,USER,0,NONE,0.0,0.67,-0.67,0.0,0.0,0.5,False
EMP10589,USER,0,NONE,-0.67,-2.02,-0.67,1.35,-0.6,0.5,False
EMP10768,USER,1,OFF_HOURS,1.35,1.35,-0.67,4.72,1.52,0.65,False
EMP10017,USER,0,NONE,0.67,0.67,0.67,0.67,0.67,0.5,False
EMP11042,USER,0,NONE,0.0,-2.02,1.35,1.35,0.1,0.5,False
EMP11447,USER,0,NONE,0.0,0.67,0.0,0.67,0.3,0.5,False
EMP10285,USER,0,NONE,1.35,0.67,0.22,0.0,0.63,0.5,False
EMP12720,USER,0,NONE,0.0,0.0,-0.67,-1.35,-0.44,0.5,False
EMP10428,USER,0,NONE,-0.67,0.0,-1.35,-0.67,-0.67,0.5,False
EMP11328,USER,2,AUTHENTICATION|OFF_HOURS,2.02,0.67,1.35,2.7,1.65,0.8,True
EMP12064,USER,1,ENDPOINT,0.0,0.0,2.02,0.0,0.51,0.65,False
EMP10669,USER,1,OFF_HOURS,-0.67,0.67,-0.67,2.02,0.2,0.65,False
EMP10031,USER,0,NONE,-0.67,-0.67,1.35,-0.67,-0.17,0.5,False
EMP11341,USER,0,NONE,0.67,-1.35,-1.35,-0.67,-0.61,0.5,False
EMP10722,USER,0,NONE,0.0,-0.67,0.67,0.0,0.0,0.5,False
EMP10951,USER,2,NETWORK_IP|OFF_HOURS,0.0,2.7,-1.35,2.7,0.88,0.8,True
EMP11914,USER,2,AUTHENTICATION|NETWORK_IP,2.02,4.05,1.35,1.35,2.23,0.8,True
EMP12365,USER,0,NONE,1.35,1.35,-0.67,-0.67,0.44,0.5,False
EMP10214,USER,0,NONE,0.0,-0.67,-0.67,0.67,-0.2,0.5,False
EMP10989,USER,0,NONE,0.0,1.35,-1.35,0.0,0.0,0.5,False
EMP11164,USER,1,NETWORK_IP,1.35,2.02,0.67,-0.67,0.94,0.65,False
EMP12877,USER,0,NONE,0.67,-0.67,1.35,0.0,0.37,0.5,False
EMP12095,USER,1,ENDPOINT,0.67,-1.35,2.7,-1.35,0.27,0.65,False
EMP10326,USER,1,AUTHENTICATION,2.02,0.0,-0.67,-0.67,0.3,0.65,False
EMP11383,USER,0,NONE,0.0,-1.35,0.0,-1.35,-0.61,0.5,False
EMP11724,USER,0,NONE,0.0,0.0,1.35,-0.67,0.2,0.5,False
EMP11086,USER,0,NONE,0.0,-2.02,1.35,0.0,-0.17,0.5,False
EMP10341,USER,0,NONE,-0.67,0.0,0.0,-0.67,-0.34,0.5,False
EMP10147,USER,0,NONE,0.0,-1.35,-0.67,0.67,-0.37,0.5,False
EMP12411,USER,0,NONE,1.35,0.67,-1.12,-1.35,0.02,0.5,False
EMP11107,USER,1,OFF_HOURS,1.35,1.35,0.0,2.7,1.28,0.65,False
EMP10848,USER,0,NONE,0.0,0.67,0.67,0.0,0.34,0.5,False
EMP10966,USER,0,NONE,0.0,0.67,0.0,0.0,0.17,0.5,False
EMP12538,USER,0,NONE,1.35,-0.67,0.0,0.67,0.37,0.5,False
EMP10661,USER,1,ENDPOINT,0.67,-0.67,2.02,0.0,0.54,0.65,False
EMP11002,USER,2,AUTHENTICATION|NETWORK_IP,2.02,2.02,-2.02,-1.35,0.34,0.8,True
EMP12413,USER,1,NETWORK_IP,0.0,2.02,0.0,0.0,0.51,0.65,False
EMP12594,USER,1,ENDPOINT,-1.35,-0.67,2.02,-0.67,-0.2,0.65,False
EMP12736,USER,0,NONE,-0.67,0.0,1.35,0.67,0.27,0.5,False
EMP11879,USER,0,NONE,-0.67,-0.67,-0.67,-1.35,-0.81,0.5,False
EMP12902,USER,0,NONE,0.67,0.0,0.0,0.0,0.2,0.5,False
EMP11203,USER,0,NONE,-0.67,-1.35,-1.35,0.0,-0.88,0.5,False
EMP11990,USER,0,NONE,0.0,1.35,0.0,0.67,0.47,0.5,False
EMP10024,USER,0,NONE,-0.67,-0.67,-0.67,-1.35,-0.81,0.5,False
EMP12895,USER,3,AUTHENTICATION|NETWORK_IP|OFF_HOURS,13.49,19.56,0.0,20.0,12.94,0.95,True
EMP12092,USER,1,NETWORK_IP,0.67,2.02,-0.67,1.35,0.81,0.65,False
EMP12989,USER,0,NONE,-1.35,-0.67,0.0,-0.67,-0.71,0.5,False
EMP12371,USER,1,NETWORK_IP,1.35,2.02,-0.22,0.67,0.99,0.65,False
EMP10875,USER,0,NONE,0.0,-0.67,-0.67,-1.35,-0.6,0.5,False
EMP12871,USER,0,NONE,-0.67,-2.02,-0.67,-1.35,-1.14,0.5,False
EMP10938,USER,0,NONE,0.0,-1.35,-0.67,-0.67,-0.64,0.5,False
EMP12584,USER,1,ENDPOINT,-1.35,-0.67,2.02,-1.35,-0.34,0.65,False
EMP10385,USER,0,NONE,0.0,-0.67,0.67,0.67,0.13,0.5,False
EMP12585,USER,0,NONE,-0.67,-1.35,0.0,-1.35,-0.81,0.5,False
EMP12563,USER,0,NONE,-1.35,-0.67,-0.67,0.0,-0.74,0.5,False
EMP12408,USER,0,NONE,0.0,-2.02,0.0,0.0,-0.51,0.5,False
EMP10936,USER,0,NONE,0.67,0.0,-0.67,0.0,0.03,0.5,False
EMP12659,USER,0,NONE,0.0,0.0,0.0,0.0,0.0,0.5,False
EMP11332,USER,0,NONE,-0.67,-1.35,0.67,-2.02,-0.78,0.5,False
EMP11934,USER,1,NETWORK_IP,1.35,2.02,0.0,0.0,0.91,0.65,False
EMP10935,USER,0,NONE,-0.67,0.67,-0.67,-0.67,-0.34,0.5,False
EMP10566,USER,0,NONE,0.67,0.0,-0.67,0.0,0.03,0.5,False
EMP11854,USER,0,NONE,-0.67,-2.02,0.0,-1.35,-0.98,0.5,False
EMP12500,USER,1,OFF_HOURS,1.35,0.67,-0.67,2.02,0.81,0.65,False
EMP11645,USER,0,NONE,0.0,0.0,0.67,-0.67,0.03,0.5,False
EMP12185,USER,0,NONE,-0.67,-0.67,-2.02,-1.35,-1.14,0.5,False
EMP11792,USER,0,NONE,1.35,-1.35,-1.35,0.0,-0.27,0.5,False
EMP11430,USER,0,NONE,0.0,0.67,0.0,1.35,0.44,0.5,False
EMP12825,USER,0,NONE,1.35,-1.35,0.67,-0.67,0.1,0.5,False
EMP11013,USER,0,NONE,-0.67,0.67,-0.67,0.67,-0.07,0.5,False
EMP11928,USER,0,NONE,0.0,0.0,-0.67,1.35,0.1,0.5,False
EMP12319,USER,1,ENDPOINT,0.0,-1.35,2.7,-1.35,0.07,0.65,False
EMP10126,USER,0,NONE,0.67,-0.67,0.0,-1.35,-0.24,0.5,False
EMP12157,USER,0,NONE,0.0,-0.67,0.67,0.0,0.0,0.5,False
EMP11347,USER,0,NONE,-0.67,-0.67,0.0,0.0,-0.37,0.5,False
EMP10355,USER,0,NONE,0.67,0.67,0.67,0.0,0.54,0.5,False
EMP10827,USER,0,NONE,0.0,-1.35,0.0,-0.67,-0.47,0.5,False
EMP11639,USER,0,NONE,-0.67,1.35,0.67,0.0,0.3,0.5,False
EMP10984,USER,2,NETWORK_IP|OFF_HOURS,0.67,2.7,-1.35,3.37,1.21,0.8,True
EMP10362,USER,0,NONE,0.67,-1.35,0.0,-0.67,-0.27,0.5,False
EMP10345,USER,0,NONE,0.0,0.0,0.0,-1.35,-0.27,0.5,False
EMP12124,USER,0,NONE,-0.67,-0.67,-0.67,0.67,-0.4,0.5,False
EMP12620,USER,0,NONE,0.0,-0.67,1.35,-1.35,-0.1,0.5,False
EMP10711,USER,0,NONE,0.0,-2.02,0.0,-1.35,-0.78,0.5,False
EMP12127,USER,0,NONE,0.0,0.0,0.67,-0.67,0.03,0.5,False
EMP10010,USER,1,AUTHENTICATION,2.02,-0.67,-1.35,-2.02,-0.3,0.65,False
EMP12616,USER,0,NONE,0.0,0.0,0.22,-0.67,-0.08,0.5,False
EMP11834,USER,0,NONE,-1.35,-2.02,0.67,-2.02,-1.15,0.5,False
EMP10793,USER,0,NONE,0.67,0.0,0.67,-0.67,0.23,0.5,False
EMP12848,USER,1,AUTHENTICATION,2.02,1.35,-0.67,0.67,0.91,0.65,False
EMP10094,USER,0,NONE,0.67,-0.67,0.67,0.0,0.2,0.5,False
EMP10129,USER,0,NONE,0.67,0.67,-1.35,0.0,0.03,0.5,False
EMP12309,USER,0,NONE,-0.67,0.0,1.35,1.35,0.41,0.5,False
EMP12991,USER,0,NONE,0.0,-2.02,0.67,-1.35,-0.61,0.5,False
EMP11900,USER,0,NONE,0.0,-0.67,0.67,-0.67,-0.13,0.5,False
EMP12467,USER,0,NONE,-0.67,0.0,-1.35,0.0,-0.54,0.5,False
EMP11932,USER,1,ENDPOINT,0.67,-0.67,2.02,0.0,0.54,0.65,False
EMP12499,USER,3,NETWORK_IP|ENDPOINT|OFF_HOURS,0.67,2.02,2.02,2.7,1.75,0.95,True
EMP11865,USER,1,ENDPOINT,0.0,1.35,2.7,1.35,1.28,0.65,False
EMP11658,USER,0,NONE,0.0,-0.67,0.0,0.0,-0.17,0.5,False
EMP10516,USER,0,NONE,-0.67,-1.35,0.67,-0.67,-0.51,0.5,False
EMP11857,USER,1,ENDPOINT,-0.67,-2.02,2.02,0.0,-0.2,0.65,False
EMP11277,USER,0,NONE,-0.67,-1.35,-1.35,-2.02,-1.28,0.5,False
EMP10950,USER,0,NONE,-0.67,1.35,0.0,0.67,0.27,0.5,False
EMP11120,USER,0,NONE,1.35,-0.67,-0.67,0.0,0.07,0.5,False
EMP10419,USER,0,NONE,0.67,0.0,-0.67,-1.35,-0.24,0.5,False
EMP10922,USER,0,NONE,-0.67,-1.35,-0.67,0.0,-0.71,0.5,False
EMP12880,USER,0,NONE,0.0,0.0,-0.67,0.0,-0.17,0.5,False
EMP10477,USER,0,NONE,0.0,-1.35,-1.35,-0.67,-0.81,0.5,False
EMP12035,USER,1,AUTHENTICATION,2.02,-0.67,-0.67,-0.67,0.14,0.65,False
EMP12245,USER,0,NONE,-1.35,-1.35,0.0,-1.35,-1.01,0.5,False
EMP11692,USER,0,NONE,-0.67,0.67,-0.67,0.0,-0.2,0.5,False
EMP12316,USER,0,NONE,0.67,-0.67,1.35,0.0,0.37,0.5,False
EMP11471,USER,0,NONE,0.0,1.35,-0.67,0.67,0.3,0.5,False
EMP11202,USER,0,NONE,0.0,-0.67,-1.35,0.67,-0.37,0.5,False
EMP11669,USER,0,NONE,0.67,1.35,-0.67,0.67,0.51,0.5,False
EMP12859,USER,0,NONE,1.35,-0.67,-0.67,0.67,0.2,0.5,False
EMP11970,USER,0,NONE,-0.67,-0.67,0.67,-0.67,-0.34,0.5,False
EMP10820,USER,0,NONE,-0.67,-1.35,0.0,-0.67,-0.67,0.5,False
EMP11997,USER,0,NONE,-0.67,-1.35,0.67,-1.35,-0.64,0.5,False
EMP12954,USER,0,NONE,0.0,-1.35,-0.67,-0.67,-0.64,0.5,False
EMP11248,USER,0,NONE,-0.67,0.0,-0.67,1.35,-0.1,0.5,False
EMP12742,USER,0,NONE,-1.35,-0.67,-0.67,-1.35,-1.01,0.5,False
EMP12694,USER,1,AUTHENTICATION,2.7,0.0,0.67,0.0,0.98,0.65,False
EMP11046,USER,0,NONE,-0.67,-0.67,0.67,-0.67,-0.34,0.5,False
EMP11888,USER,0,NONE,0.0,-1.35,-1.35,-0.67,-0.81,0.5,False
EMP10615,USER,0,NONE,-0.67,0.0,0.0,-0.67,-0.34,0.5,False
EMP11318,USER,0,NONE,0.0,0.0,0.67,-0.67,0.03,0.5,False
EMP12970,USER,2,NETWORK_IP|OFF_HOURS,0.67,2.02,-1.35,2.7,0.91,0.8,True
EMP12136,USER,0,NONE,0.0,-0.67,-1.35,-0.67,-0.64,0.5,False
EMP12534,USER,0,NONE,-0.67,0.0,0.67,0.67,0.1,0.5,False
EMP11772,USER,0,NONE,-1.35,-0.67,0.67,-1.35,-0.68,0.5,False
EMP10131,USER,1,OFF_HOURS,1.35,1.35,-1.35,3.37,1.08,0.65,False
EMP10077,USER,2,NETWORK_IP|OFF_HOURS,0.67,3.37,0.0,2.02,1.45,0.8,True
EMP12052,USER,0,NONE,1.35,0.0,-1.35,0.0,0.07,0.5,False
EMP10724,USER,0,NONE,0.0,0.0,0.67,0.0,0.17,0.5,False
EMP11314,USER,0,NONE,-0.67,0.0,-0.67,-1.35,-0.64,0.5,False
EMP11851,USER,0,NONE,1.35,1.35,0.67,0.0,0.91,0.5,False
EMP12708,USER,0,NONE,-0.67,-0.67,-2.02,-1.35,-1.14,0.5,False
EMP12562,USER,0,NONE,0.0,1.35,0.0,0.0,0.34,0.5,False
EMP11372,USER,0,NONE,0.0,1.35,0.0,1.35,0.61,0.5,False
EMP11855,USER,0,NONE,1.35,0.67,-0.67,0.0,0.41,0.5,False
EMP11319,USER,0,NONE,0.0,-1.35,-0.67,1.35,-0.23,0.5,False
EMP12960,USER,0,NONE,0.67,0.67,0.0,0.67,0.5,0.5,False
EMP12573,USER,0,NONE,-0.67,-0.67,-0.67,0.67,-0.4,0.5,False
EMP10375,USER,0,NONE,-0.67,-0.67,-0.67,0.0,-0.54,0.5,False
EMP11908,USER,1,ENDPOINT,0.0,-0.67,2.02,0.67,0.47,0.65,False
EMP10333,USER,1,ENDPOINT,0.67,0.67,3.37,0.0,1.21,0.65,False
EMP12323,USER,0,NONE,1.35,0.67,0.0,0.67,0.71,0.5,False
EMP12373,USER,0,NONE,0.67,1.35,0.67,0.0,0.71,0.5,False
EMP11604,USER,0,NONE,0.0,-0.67,1.35,0.0,0.17,0.5,False
EMP11118,USER,1,OFF_HOURS,0.67,1.35,-0.67,2.02,0.78,0.65,False
EMP12913,USER,0,NONE,1.35,0.0,-1.35,-1.35,-0.2,0.5,False
EMP11943,USER,1,ENDPOINT,-0.67,-0.67,2.02,-1.35,-0.13,0.65,False
EMP12333,USER,0,NONE,-1.35,0.0,0.67,-0.67,-0.37,0.5,False
EMP12599,USER,0,NONE,0.0,0.0,-1.35,0.0,-0.34,0.5,False
EMP11342,USER,0,NONE,1.35,0.67,0.67,0.67,0.87,0.5,False
EMP10320,USER,0,NONE,0.0,-0.67,0.0,0.67,-0.03,0.5,False
EMP11619,USER,0,NONE,-0.67,-2.02,1.35,-2.02,-0.77,0.5,False
EMP12628,USER,0,NONE,0.0,0.0,-0.67,0.0,-0.17,0.5,False
EMP12060,USER,0,NONE,0.0,-1.35,0.67,-1.35,-0.44,0.5,False
EMP11673,USER,0,NONE,-0.67,-1.35,-1.35,0.0,-0.88,0.5,False
EMP11942,USER,1,NETWORK_IP,1.35,2.7,0.67,1.35,1.52,0.65,False
EMP10260,USER,0,NONE,-0.67,0.0,0.0,-1.35,-0.47,0.5,False
EMP12426,USER,0,NONE,0.0,-1.35,0.67,-0.67,-0.3,0.5,False
EMP12039,USER,0,NONE,0.0,0.67,0.67,0.0,0.34,0.5,False
EMP10689,USER,0,NONE,-0.67,-2.02,-0.67,-2.02,-1.28,0.5,False
EMP10901,USER,0,NONE,-0.67,-1.35,0.67,-0.67,-0.51,0.5,False
EMP12026,USER,0,NONE,0.0,0.0,-0.67,-0.67,-0.3,0.5,False
EMP10138,USER,0,NONE,0.0,0.0,-1.35,-0.67,-0.47,0.5,False
EMP11917,USER,0,NONE,-0.67,-2.02,-1.35,-2.02,-1.45,0.5,False
EMP11828,USER,0,NONE,0.0,1.35,0.67,0.67,0.64,0.5,False
EMP11573,USER,0,NONE,0.67,0.0,-1.35,0.0,-0.14,0.5,False
EMP10319,USER,0,NONE,0.0,1.35,-0.67,0.67,0.3,0.5,False
EMP10653,USER,0,NONE,0.67,0.0,0.0,-0.67,0.07,0.5,False
EMP12137,USER,1,AUTHENTICATION,3.37,0.67,0.0,0.0,1.18,0.65,False
EMP12394,USER,0,NONE,0.0,-1.35,0.67,-1.35,-0.44,0.5,False
EMP10558,USER,1,NETWORK_IP,1.35,2.7,0.67,-1.35,0.98,0.65,False
EMP12187,USER,1,ENDPOINT,-0.67,-0.67,2.7,-1.35,0.04,0.65,False
EMP10112,USER,1,ENDPOINT,-0.67,-1.35,2.7,0.0,0.14,0.65,False
EMP10531,USER,0,NONE,0.67,-1.35,0.67,-0.67,-0.1,0.5,False
EMP10224,USER,0,NONE,0.67,-0.67,-1.35,-0.67,-0.44,0.5,False
EMP10723,USER,0,NONE,-0.67,-0.67,0.67,-0.67,-0.34,0.5,False
EMP12590,USER,1,OFF_HOURS,0.67,0.0,-1.35,2.02,0.27,0.65,False
EMP12649,USER,0,NONE,-0.67,-1.35,0.0,0.67,-0.4,0.5,False
EMP11433,USER,1,ENDPOINT,1.35,1.35,2.7,1.35,1.69,0.65,False
EMP12401,USER,0,NONE,0.0,1.35,-0.67,1.35,0.44,0.5,False
EMP11458,USER,0,NONE,0.0,-1.35,-0.67,0.0,-0.51,0.5,False
EMP12784,USER,1,ENDPOINT,0.0,0.67,2.02,0.67,0.81,0.65,False
EMP10846,USER,0,NONE,-0.67,-0.67,-1.35,-0.67,-0.84,0.5,False
EMP10193,USER,0,NONE,-0.67,0.0,0.67,0.0,-0.03,0.5,False
EMP11464,USER,0,NONE,0.0,0.0,0.67,0.0,0.17,0.5,False
EMP10946,USER,0,NONE,0.0,-1.35,0.0,0.0,-0.34,0.5,False
EMP12021,USER,0,NONE,1.35,-1.35,0.0,-2.02,-0.34,0.5,False
EMP11629,USER,0,NONE,-0.67,-0.67,1.35,1.35,0.24,0.5,False
EMP10117,USER,0,NONE,-0.67,-1.35,0.67,-0.67,-0.51,0.5,False
EMP10645,USER,0,NONE,1.35,1.35,0.67,0.0,0.91,0.5,False
EMP11870,USER,0,NONE,0.0,-1.35,-0.67,-0.67,-0.64,0.5,False
EMP10003,USER,0,NONE,-0.67,-0.67,1.35,-1.35,-0.3,0.5,False
EMP10074,USER,0,NONE,1.35,0.67,-1.35,-0.67,0.1,0.5,False
EMP11755,USER,1,ENDPOINT,0.67,-2.02,2.7,-1.35,0.1,0.65,False
EMP10467,USER,0,NONE,-1.35,-1.35,0.67,0.67,-0.44,0.5,False
EMP10005,USER,1,NETWORK_IP,0.0,2.7,0.0,1.35,0.95,0.65,False
EMP11246,USER,1,ENDPOINT,0.0,-0.67,2.7,-0.67,0.37,0.65,False
EMP10919,USER,0,NONE,0.0,1.35,-0.67,0.0,0.17,0.5,False
EMP10228,USER,0,NONE,-0.67,-1.35,0.67,-0.67,-0.51,0.5,False
EMP11063,USER,0,NONE,-0.67,0.67,1.35,-1.35,0.03,0.5,False
EMP10242,USER,0,NONE,0.0,-1.35,-1.35,-2.02,-1.08,0.5,False
EMP12351,USER,0,NONE,-0.67,-0.67,-0.67,-0.67,-0.67,0.5,False
EMP11160,USER,0,NONE,0.67,-0.67,-1.35,0.67,-0.17,0.5,False
EMP12591,USER,0,NONE,-0.67,-2.02,0.67,-1.35,-0.81,0.5,False
EMP11526,USER,0,NONE,-1.35,-2.02,0.67,-1.35,-1.01,0.5,False
EMP11605,USER,1,ENDPOINT,0.67,-0.67,2.02,1.35,0.81,0.65,False
EMP12869,USER,1,ENDPOINT,0.0,0.0,2.02,0.0,0.51,0.65,False
EMP12399,USER,0,NONE,1.35,0.0,0.67,0.67,0.71,0.5,False
EMP12623,USER,0,NONE,0.67,0.0,0.0,0.67,0.34,0.5,False
EMP11989,USER,1,AUTHENTICATION,2.02,-0.67,0.67,1.35,0.88,0.65,False
EMP12424,USER,1,ENDPOINT,-0.67,-1.35,4.05,-2.02,0.07,0.65,False
EMP11975,USER,0,NONE,0.67,0.0,-0.67,0.0,0.03,0.5,False
EMP11761,USER,0,NONE,0.0,-2.02,1.35,-2.02,-0.57,0.5,False
EMP11305,USER,0,NONE,0.67,0.67,0.0,0.0,0.37,0.5,False
EMP11541,USER,0,NONE,0.0,0.0,0.67,1.35,0.44,0.5,False
EMP10622,USER,0,NONE,1.35,1.35,1.35,-1.35,0.81,0.5,False
EMP12836,USER,0,NONE,0.0,0.0,0.22,0.0,0.06,0.5,False
EMP11493,USER,0,NONE,0.0,0.0,1.35,0.0,0.34,0.5,False
EMP10110,USER,0,NONE,-1.35,-1.35,-0.67,-0.67,-1.04,0.5,False
EMP12977,USER,0,NONE,0.0,0.0,0.67,0.67,0.3,0.5,False
EMP11169,USER,0,NONE,0.67,0.67,0.67,0.67,0.67,0.5,False
EMP12535,USER,0,NONE,0.0,-1.35,0.0,0.0,-0.34,0.5,False
EMP10232,USER,0,NONE,0.0,0.0,-0.67,0.67,-0.03,0.5,False
EMP10066,USER,0,NONE,0.0,0.0,0.0,0.0,0.0,0.5,False
EMP12942,USER,0,NONE,-1.35,-1.35,-0.67,-0.67,-1.04,0.5,False
EMP12072,USER,1,AUTHENTICATION,3.37,0.0,0.0,0.0,1.01,0.65,False
EMP12192,USER,0,NONE,-0.67,-0.67,-0.67,-0.67,-0.67,0.5,False
EMP10536,USER,2,NETWORK_IP|OFF_HOURS,0.67,2.02,1.35,2.7,1.58,0.8,True
EMP10125,USER,0,NONE,-1.35,1.35,0.0,-0.67,-0.2,0.5,False
EMP12133,USER,1,AUTHENTICATION,2.02,1.35,0.22,0.0,1.0,0.65,False
EMP11254,USER,0,NONE,-0.67,-1.35,0.67,-1.35,-0.64,0.5,False
EMP12560,USER,0,NONE,1.35,0.67,-0.67,1.35,0.68,0.5,False
EMP11976,USER,0,NONE,-0.67,-1.35,0.0,-1.35,-0.81,0.5,False
EMP12536,USER,0,NONE,0.67,0.67,0.0,0.67,0.5,0.5,False
EMP12398,USER,0,NONE,1.35,0.0,0.67,-0.67,0.44,0.5,False
EMP12075,USER,0,NONE,0.0,-1.35,-1.35,0.0,-0.68,0.5,False
EMP10484,USER,0,NONE,0.0,0.0,0.0,-0.67,-0.13,0.5,False
EMP11654,USER,0,NONE,0.0,1.35,0.67,1.35,0.78,0.5,False
EMP12758,USER,0,NONE,1.35,0.67,-0.67,1.35,0.68,0.5,False
EMP12337,USER,1,AUTHENTICATION,2.7,0.67,1.35,0.67,1.45,0.65,False
EMP11774,USER,0,NONE,0.0,1.35,1.12,-0.67,0.48,0.5,False
EMP10918,USER,2,AUTHENTICATION|OFF_HOURS,2.02,0.67,0.67,2.02,1.34,0.8,True
EMP11646,USER,0,NONE,-0.67,-0.67,-0.67,-0.67,-0.67,0.5,False
EMP11026,USER,1,OFF_HOURS,1.35,1.35,0.0,3.37,1.42,0.65,False
EMP11030,USER,0,NONE,-0.67,-0.67,-0.22,-0.67,-0.56,0.5,False
EMP10882,USER,1,ENDPOINT,-0.67,-1.35,2.02,-2.02,-0.44,0.65,False
EMP11335,USER,1,ENDPOINT,0.67,-0.67,2.7,0.67,0.84,0.65,False
EMP12290,USER,0,NONE,0.0,0.0,-1.35,-1.35,-0.61,0.5,False
EMP10364,USER,0,NONE,1.35,1.35,-0.67,0.67,0.71,0.5,False
EMP12125,USER,0,NONE,0.0,0.67,-1.35,1.35,0.1,0.5,False
EMP10027,USER,1,ENDPOINT,0.0,0.0,2.02,1.35,0.78,0.65,False
EMP10473,USER,0,NONE,0.67,-0.67,-0.67,-0.67,-0.27,0.5,False
EMP10525,USER,0,NONE,-0.67,1.35,-0.67,0.67,0.1,0.5,False
EMP10725,USER,0,NONE,-0.67,-0.67,-0.67,-1.35,-0.81,0.5,False
EMP10055,USER,0,NONE,0.0,-1.35,0.0,-1.35,-0.61,0.5,False
EMP10638,USER,0,NONE,0.67,0.67,0.0,0.0,0.37,0.5,False
EMP10302,USER,0,NONE,0.67,0.67,0.67,0.0,0.54,0.5,False
EMP12688,USER,0,NONE,0.0,-2.02,0.0,-2.02,-0.91,0.5,False
EMP11276,USER,0,NONE,0.67,-0.67,0.67,0.0,0.2,0.5,False
EMP12717,USER,0,NONE,0.0,-1.35,1.35,-2.02,-0.4,0.5,False
EMP10624,USER,0,NONE,0.0,-0.67,0.0,-1.35,-0.44,0.5,False
EMP12055,USER,0,NONE,-1.35,-0.67,-2.02,-0.67,-1.21,0.5,False
EMP11280,USER,0,NONE,0.0,-2.02,0.67,-2.02,-0.74,0.5,False
EMP11049,USER,0,NONE,0.0,0.0,0.67,0.67,0.3,0.5,False
EMP10336,USER,0,NONE,-1.35,0.0,1.35,-1.35,-0.34,0.5,False
EMP10047,USER,0,NONE,-1.35,-2.02,-0.67,-1.35,-1.35,0.5,False
EMP10106,USER,1,ENDPOINT,0.0,-1.35,2.02,0.67,0.3,0.65,False
EMP11079,USER,0,NONE,0.67,0.67,0.67,-0.67,0.4,0.5,False
EMP12286,USER,0,NONE,0.67,0.0,0.0,-0.67,0.07,0.5,False
EMP12261,USER,0,NONE,-0.67,0.0,-0.67,0.0,-0.37,0.5,False
EMP11144,USER,0,NONE,0.67,0.67,-1.12,1.35,0.36,0.5,False
EMP12458,USER,0,NONE,0.0,0.0,-0.67,-1.35,-0.44,0.5,False
EMP12296,USER,0,NONE,-0.67,0.0,0.0,0.67,-0.07,0.5,False
EMP11836,USER,0,NONE,-0.67,-0.67,0.0,-0.67,-0.5,0.5,False
EMP11753,USER,0,NONE,0.0,0.0,0.0,-0.67,-0.13,0.5,False
EMP11101,USER,0,NONE,0.67,0.67,-0.67,0.0,0.2,0.5,False
EMP11968,USER,2,AUTHENTICATION|NETWORK_IP,2.7,2.02,0.0,-2.02,0.91,0.8,True
EMP10523,USER,0,NONE,-0.67,-0.67,-1.35,0.0,-0.71,0.5,False
EMP12280,USER,2,AUTHENTICATION|NETWORK_IP,2.7,2.02,-1.35,1.35,1.25,0.8,True
EMP11428,USER,1,AUTHENTICATION,2.02,0.0,-0.67,1.35,0.71,0.65,False
EMP12687,USER,0,NONE,0.0,0.0,0.67,0.67,0.3,0.5,False
EMP10603,USER,0,NONE,-1.35,-0.67,0.67,0.0,-0.41,0.5,False
EMP11489,USER,0,NONE,0.67,-0.67,1.35,1.35,0.64,0.5,False
EMP12423,USER,1,AUTHENTICATION,2.02,-0.67,-0.67,-1.35,0.0,0.65,False
EMP10060,USER,1,ENDPOINT,0.67,0.0,2.02,0.0,0.71,0.65,False
EMP12832,USER,0,NONE,0.0,-0.67,-1.35,-2.02,-0.91,0.5,False
EMP10671,USER,0,NONE,-0.67,-1.35,1.35,-0.67,-0.33,0.5,False
EMP10092,USER,1,OFF_HOURS,-1.35,0.67,0.0,2.02,0.17,0.65,False
EMP10666,USER,0,NONE,0.0,-0.67,0.67,-2.02,-0.4,0.5,False
EMP11887,USER,0,NONE,0.67,-0.67,-0.67,0.0,-0.13,0.5,False
EMP10280,USER,1,AUTHENTICATION,2.7,0.0,-1.35,1.35,0.74,0.65,False
EMP11719,USER,0,NONE,-1.35,0.0,-1.35,0.67,-0.61,0.5,False
EMP10359,USER,0,NONE,1.35,-0.67,0.67,0.0,0.41,0.5,False
EMP10899,USER,1,ENDPOINT,-0.67,0.0,2.02,-0.67,0.17,0.65,False
EMP11935,USER,0,NONE,0.67,0.67,1.35,0.0,0.71,0.5,False
EMP11994,USER,0,NONE,-1.35,0.0,-1.35,0.0,-0.74,0.5,False
EMP12384,USER,0,NONE,0.0,0.0,0.67,-0.67,0.03,0.5,False
EMP10760,USER,0,NONE,0.67,0.67,-0.67,1.35,0.47,0.5,False
EMP12158,USER,0,NONE,0.0,-1.35,-0.67,0.67,-0.37,0.5,False
EMP12703,USER,0,NONE,0.0,-0.67,0.0,0.67,-0.03,0.5,False
EMP10042,USER,1,ENDPOINT,-0.67,-1.35,2.02,0.67,0.1,0.65,False
EMP12173,USER,0,NONE,0.0,1.35,-0.67,1.35,0.44,0.5,False
EMP10204,USER,0,NONE,1.35,0.0,0.22,-0.67,0.33,0.5,False
EMP11473,USER,0,NONE,-1.35,-0.67,-0.67,-1.35,-1.01,0.5,False
EMP12100,USER,0,NONE,-1.35,0.67,0.0,0.0,-0.24,0.5,False
EMP10068,USER,1,ENDPOINT,-1.35,-0.67,2.7,-0.67,-0.03,0.65,False
EMP11875,USER,0,NONE,-0.67,0.0,0.67,-0.67,-0.17,0.5,False
EMP12451,USER,0,NONE,0.0,-0.67,1.35,0.0,0.17,0.5,False
EMP12231,USER,0,NONE,0.67,0.0,1.35,0.0,0.54,0.5,False
EMP10137,USER,0,NONE,0.0,-0.67,1.35,-0.67,0.04,0.5,False
EMP10796,USER,1,OFF_HOURS,-0.67,0.0,-0.67,2.02,0.04,0.65,False
EMP12180,USER,1,OFF_HOURS,0.0,0.67,0.0,2.02,0.57,0.65,False
EMP12128,USER,0,NONE,0.67,0.67,0.0,1.35,0.64,0.5,False
EMP10758,USER,0,NONE,0.0,-0.67,-0.67,0.0,-0.34,0.5,False
EMP10541,USER,0,NONE,0.67,0.0,0.67,0.0,0.37,0.5,False
EMP11019,USER,0,NONE,0.0,0.0,0.0,-0.67,-0.13,0.5,False
EMP12360,USER,1,ENDPOINT,-0.67,-1.35,2.7,-1.35,-0.13,0.65,False
EMP10165,USER,1,OFF_HOURS,-0.67,0.0,1.35,2.02,0.54,0.65,False
EMP10248,USER,0,NONE,0.67,0.0,0.22,-0.67,0.12,0.5,False
EMP11331,USER,0,NONE,-0.67,-2.02,0.67,-2.02,-0.94,0.5,False
EMP12017,USER,0,NONE,1.35,0.0,1.35,0.67,0.88,0.5,False
EMP10446,USER,0,NONE,0.67,0.67,-0.67,-1.35,-0.07,0.5,False
EMP11358,USER,3,AUTHENTICATION|NETWORK_IP|OFF_HOURS,2.7,2.7,0.0,4.05,2.29,0.95,True
EMP12145,USER,0,NONE,0.0,0.0,-2.02,0.0,-0.51,0.5,False
EMP11329,USER,0,NONE,-0.67,0.0,0.0,-0.67,-0.34,0.5,False
EMP12996,USER,0,NONE,-0.67,1.35,0.67,0.67,0.44,0.5,False
EMP12150,USER,0,NONE,-1.35,-2.02,-0.67,-0.67,-1.21,0.5,False
EMP10434,USER,0,NONE,0.0,-0.67,0.67,-0.67,-0.13,0.5,False
EMP12122,USER,0,NONE,-0.67,0.0,1.35,-0.67,0.0,0.5,False
EMP10577,USER,1,ENDPOINT,1.35,0.0,2.02,0.0,0.91,0.65,False
EMP12463,USER,0,NONE,-0.67,0.67,-0.67,0.0,-0.2,0.5,False
EMP11848,USER,0,NONE,0.0,-0.67,-0.67,-1.35,-0.6,0.5,False
EMP10762,USER,0,NONE,-1.35,0.0,0.0,-1.35,-0.68,0.5,False
EMP10388,USER,0,NONE,0.0,-0.67,-0.67,-0.67,-0.47,0.5,False
EMP10235,USER,0,NONE,0.67,0.0,0.67,-0.67,0.23,0.5,False
EMP12685,USER,0,NONE,-0.67,0.0,-1.35,0.0,-0.54,0.5,False
EMP11984,USER,0,NONE,-0.67,-0.67,-0.67,-0.67,-0.67,0.5,False
EMP10267,USER,1,ENDPOINT,0.0,0.0,2.02,-1.35,0.23,0.65,False
EMP10770,USER,2,NETWORK_IP|OFF_HOURS,0.0,2.7,0.67,2.02,1.25,0.8,True
EMP12165,USER,0,NONE,-0.67,0.0,0.0,0.0,-0.2,0.5,False
EMP10437,USER,0,NONE,0.0,0.0,0.67,1.35,0.44,0.5,False
EMP10673,USER,0,NONE,0.0,0.67,0.0,0.0,0.17,0.5,False
EMP10249,USER,1,ENDPOINT,0.67,0.0,2.02,-0.67,0.57,0.65,False
EMP12201,USER,0,NONE,-0.67,-0.67,0.67,-1.35,-0.47,0.5,False
EMP11574,USER,0,NONE,0.67,0.67,0.0,0.0,0.37,0.5,False
EMP12142,USER,0,NONE,0.0,0.67,0.0,0.0,0.17,0.5,False
EMP12081,USER,0,NONE,-0.67,-2.02,0.0,-1.35,-0.98,0.5,False
EMP12698,USER,0,NONE,0.0,-0.67,0.67,-0.67,-0.13,0.5,False
EMP12647,USER,0,NONE,0.0,1.35,0.0,0.67,0.47,0.5,False
EMP12822,USER,0,NONE,0.67,-0.67,0.0,0.67,0.17,0.5,False
EMP10448,USER,0,NONE,-1.35,-0.67,-1.35,-0.67,-1.04,0.5,False
EMP11469,USER,0,NONE,0.67,-1.35,0.67,-0.67,-0.1,0.5,False
EMP10716,USER,1,ENDPOINT,-0.67,-1.35,2.7,-2.02,-0.27,0.65,False
EMP12470,USER,0,NONE,1.35,-2.02,0.0,-1.35,-0.37,0.5,False
EMP12985,USER,0,NONE,0.0,0.0,0.67,1.35,0.44,0.5,False
EMP12048,USER,0,NONE,-0.67,1.35,-0.67,-1.35,-0.3,0.5,False
EMP11901,USER,1,NETWORK_IP,0.0,2.02,0.0,1.35,0.78,0.65,False
EMP11168,USER,0,NONE,1.35,-1.35,0.0,-1.35,-0.2,0.5,False
EMP10082,USER,0,NONE,1.35,-0.67,0.67,0.67,0.54,0.5,False
EMP12497,USER,0,NONE,0.67,1.35,0.67,1.35,0.98,0.5,False
EMP11460,USER,0,NONE,-0.67,0.67,0.0,0.67,0.1,0.5,False
EMP11893,USER,0,NONE,1.35,0.67,-2.02,-0.67,-0.07,0.5,False
EMP11668,USER,0,NONE,0.67,0.0,0.67,0.67,0.5,0.5,False
EMP12000,USER,0,NONE,0.0,0.0,-0.67,0.0,-0.17,0.5,False
EMP10475,USER,0,NONE,0.67,-0.67,0.0,1.35,0.3,0.5,False
EMP10517,USER,3,AUTHENTICATION|NETWORK_IP|OFF_HOURS,2.02,3.37,0.67,2.7,2.16,0.95,True
EMP10404,USER,0,NONE,0.0,-0.67,0.0,0.67,-0.03,0.5,False
EMP10384,USER,0,NONE,0.67,-0.67,0.0,-1.35,-0.24,0.5,False
EMP12507,USER,1,NETWORK_IP,0.67,2.02,0.67,0.67,1.01,0.65,False
EMP12152,USER,0,NONE,0.0,0.67,0.0,0.67,0.3,0.5,False
EMP11633,USER,0,NONE,-0.67,0.67,-1.35,-0.67,-0.51,0.5,False
EMP12944,USER,1,OFF_HOURS,-0.67,0.67,0.0,2.02,0.37,0.65,False
EMP10688,USER,0,NONE,0.0,-0.67,-0.67,-0.67,-0.47,0.5,False
EMP11240,USER,0,NONE,0.0,0.0,-0.67,-0.67,-0.3,0.5,False
EMP10062,USER,0,NONE,-1.35,-0.67,0.0,-1.35,-0.84,0.5,False
EMP10852,USER,0,NONE,0.0,0.0,0.0,0.67,0.13,0.5,False
EMP12834,USER,1,NETWORK_IP,0.0,2.7,-0.67,1.35,0.78,0.65,False
EMP12552,USER,0,NONE,-0.67,-0.67,0.0,0.0,-0.37,0.5,False
EMP11262,USER,0,NONE,1.35,1.35,1.35,0.0,1.08,0.5,False
EMP10223,USER,0,NONE,0.0,-1.35,0.67,-1.35,-0.44,0.5,False
EMP12193,USER,1,AUTHENTICATION,2.02,0.67,1.57,0.67,1.3,0.65,False
EMP10373,USER,0,NONE,0.0,-1.35,-0.67,0.0,-0.51,0.5,False
EMP11824,USER,0,NONE,-0.67,1.35,1.35,-0.67,0.34,0.5,False
EMP12614,USER,0,NONE,0.0,-0.67,0.22,-1.35,-0.38,0.5,False
EMP12955,USER,1,ENDPOINT,0.0,-1.35,2.02,0.0,0.17,0.65,False
EMP12676,USER,0,NONE,0.0,-2.02,0.0,-0.67,-0.64,0.5,False
EMP12766,USER,0,NONE,-0.67,0.67,0.0,-0.67,-0.17,0.5,False
EMP10009,USER,0,NONE,-0.67,-0.67,-0.22,-1.35,-0.69,0.5,False
EMP11944,USER,2,AUTHENTICATION|NETWORK_IP,2.7,3.37,0.0,0.0,1.65,0.8,True
EMP11838,USER,0,NONE,-0.67,-0.67,0.0,-1.35,-0.64,0.5,False
EMP10708,USER,0,NONE,-0.67,-2.02,0.67,-2.02,-0.94,0.5,False
EMP10255,USER,0,NONE,0.0,-0.67,0.0,0.67,-0.03,0.5,False
EMP11617,USER,1,ENDPOINT,-0.67,0.0,2.02,0.0,0.3,0.65,False
EMP10389,USER,0,NONE,0.67,-0.67,0.67,-1.35,-0.07,0.5,False
EMP11581,USER,0,NONE,0.0,0.0,1.35,0.0,0.34,0.5,False
EMP10924,USER,0,NONE,0.67,0.67,1.35,1.35,0.98,0.5,False
EMP12036,USER,0,NONE,-1.35,-0.67,-0.67,-2.02,-1.14,0.5,False
EMP12475,USER,0,NONE,0.0,0.0,0.0,1.35,0.27,0.5,False
EMP11224,USER,1,ENDPOINT,1.35,-0.67,3.37,0.67,1.21,0.65,False
EMP11946,USER,0,NONE,0.0,-2.02,-0.67,-0.67,-0.81,0.5,False
EMP10739,USER,0,NONE,0.67,0.0,0.0,-0.67,0.07,0.5,False
EMP10040,USER,3,AUTHENTICATION|NETWORK_IP|ENDPOINT,2.02,2.02,2.02,0.67,1.75,0.95,True
EMP10868,USER,0,NONE,0.67,-1.35,1.35,1.35,0.47,0.5,False
EMP10539,USER,1,OFF_HOURS,1.35,-0.67,-0.67,2.7,0.61,0.65,False
EMP12587,USER,0,NONE,-0.67,-2.02,0.0,0.0,-0.71,0.5,False
EMP11371,USER,0,NONE,-1.35,-1.35,0.67,0.67,-0.44,0.5,False
EMP11145,USER,0,NONE,0.0,0.0,0.67,0.0,0.17,0.5,False
EMP11031,USER,0,NONE,-1.35,0.67,-1.35,0.67,-0.44,0.5,False
EMP10372,USER,1,NETWORK_IP,1.35,2.02,-0.67,0.67,0.88,0.65,False
EMP10667,USER,3,AUTHENTICATION|NETWORK_IP|ENDPOINT,2.7,2.02,2.02,0.67,1.95,0.95,True
EMP10357,USER,0,NONE,-0.67,-1.35,0.67,-1.35,-0.64,0.5,False
EMP10967,USER,0,NONE,-0.67,-1.35,1.35,-2.02,-0.6,0.5,False
EMP11353,USER,1,ENDPOINT,0.0,0.0,2.7,0.0,0.68,0.65,False
EMP11035,USER,0,NONE,-0.67,0.67,0.0,1.35,0.24,0.5,False
EMP10470,USER,0,NONE,-0.67,-2.02,0.67,-1.35,-0.81,0.5,False
EMP11396,USER,0,NONE,0.67,1.35,-0.67,0.67,0.51,0.5,False
EMP12705,USER,0,NONE,0.0,-0.67,-1.35,-0.67,-0.64,0.5,False
EMP11549,USER,0,NONE,0.0,0.67,0.67,0.0,0.34,0.5,False
EMP11256,USER,0,NONE,0.0,-1.35,0.0,-0.67,-0.47,0.5,False
EMP12094,USER,0,NONE,-1.35,-2.02,-0.67,-2.02,-1.48,0.5,False
EMP11555,USER,1,OFF_HOURS,0.0,0.0,-0.67,2.7,0.37,0.65,False
EMP12668,USER,0,NONE,-1.35,-1.35,0.0,-1.35,-1.01,0.5,False
EMP11250,USER,0,NONE,0.67,-1.35,0.67,-1.35,-0.24,0.5,False
EMP11699,USER,0,NONE,0.67,0.67,0.67,0.67,0.67,0.5,False
EMP11252,USER,2,ENDPOINT|OFF_HOURS,0.0,1.35,2.02,2.02,1.25,0.8,True
EMP12865,USER,3,AUTHENTICATION|NETWORK_IP|OFF_HOURS,7.42,3.37,1.35,3.37,4.08,0.95,True
EMP10079,USER,1,NETWORK_IP,1.35,2.02,-0.67,1.35,1.01,0.65,False
EMP11172,USER,1,ENDPOINT,-1.35,0.0,2.02,0.67,0.23,0.65,False
EMP10814,USER,0,NONE,-0.67,-1.35,-1.35,0.0,-0.88,0.5,False
EMP11852,USER,0,NONE,0.67,-0.67,0.67,-2.02,-0.2,0.5,False
EMP12220,USER,1,AUTHENTICATION,2.02,0.0,-0.67,0.67,0.57,0.65,False
EMP12710,USER,0,NONE,1.35,0.0,-0.67,-1.35,-0.03,0.5,False
EMP12105,USER,0,NONE,0.67,0.67,0.67,0.0,0.54,0.5,False
EMP10133,USER,0,NONE,0.0,-0.67,0.67,-0.67,-0.13,0.5,False
EMP11140,USER,0,NONE,0.67,1.35,0.67,0.67,0.84,0.5,False
EMP10933,USER,0,NONE,-0.67,0.0,0.0,-1.35,-0.47,0.5,False
EMP10928,USER,3,AUTHENTICATION|NETWORK_IP|OFF_HOURS,2.7,2.02,-0.67,2.02,1.55,0.95,True
EMP10823,USER,1,NETWORK_IP,0.0,2.02,0.67,0.67,0.81,0.65,False
EMP11531,USER,0,NONE,-1.35,0.67,0.0,-0.67,-0.37,0.5,False
EMP11214,USER,0,NONE,0.0,0.0,0.0,-0.67,-0.13,0.5,False
EMP10504,USER,1,ENDPOINT,-0.67,0.0,2.02,0.0,0.3,0.65,False
EMP12395,USER,0,NONE,0.0,-1.35,0.67,-1.35,-0.44,0.5,False
EMP11996,USER,0,NONE,1.35,0.0,0.0,1.35,0.68,0.5,False
EMP12434,USER,0,NONE,-0.67,-1.35,-1.35,-0.67,-1.01,0.5,False
EMP11958,USER,1,NETWORK_IP,0.67,2.02,0.0,0.67,0.84,0.65,False
EMP11384,USER,0,NONE,0.67,-2.02,-1.35,-1.35,-0.91,0.5,False
EMP10894,USER,1,OFF_HOURS,1.35,0.67,-0.67,2.7,0.95,0.65,False
EMP10828,USER,0,NONE,0.0,-2.02,0.67,-0.67,-0.47,0.5,False
EMP11683,USER,1,ENDPOINT,0.0,0.0,4.72,0.0,1.18,0.65,False
EMP12653,USER,1,AUTHENTICATION,2.02,-1.35,0.0,0.67,0.4,0.65,False
EMP12637,USER,0,NONE,-0.67,-0.67,-0.67,0.0,-0.54,0.5,False
EMP12589,USER,1,ENDPOINT,0.0,-0.67,2.02,-1.35,0.07,0.65,False
EMP10652,USER,0,NONE,0.0,1.35,-0.22,-0.67,0.15,0.5,False
EMP10172,USER,0,NONE,0.67,0.0,-0.67,-0.67,-0.1,0.5,False
EMP10038,USER,0,NONE,-0.67,0.67,0.0,0.67,0.1,0.5,False
EMP12946,USER,1,OFF_HOURS,-0.67,0.67,-0.67,2.7,0.34,0.65,False
EMP10713,USER,0,NONE,1.35,-0.67,-0.67,0.0,0.07,0.5,False
EMP10090,USER,0,NONE,-1.35,-0.67,1.35,0.0,-0.23,0.5,False
EMP11205,USER,1,OFF_HOURS,-0.67,0.0,0.0,2.02,0.2,0.65,False
EMP12549,USER,0,NONE,-0.67,-0.67,-1.35,-0.67,-0.84,0.5,False
EMP12664,USER,0,NONE,1.35,0.67,0.0,1.35,0.84,0.5,False
EMP11827,USER,0,NONE,0.0,0.0,0.0,1.35,0.27,0.5,False
EMP11155,USER,0,NONE,-0.67,0.0,1.35,-1.35,-0.13,0.5,False
EMP11324,USER,0,NONE,0.0,-0.67,-0.67,-0.67,-0.47,0.5,False
EMP10216,USER,0,NONE,0.67,-0.67,0.67,-0.67,0.07,0.5,False
EMP10510,USER,0,NONE,-0.67,0.0,-0.67,0.0,-0.37,0.5,False
EMP11680,USER,2,AUTHENTICATION|ENDPOINT,2.7,-0.67,2.7,0.67,1.45,0.8,True
EMP10499,USER,0,NONE,-1.35,0.0,0.0,0.0,-0.41,0.5,False
EMP12555,USER,0,NONE,0.0,-1.35,0.0,-0.67,-0.47,0.5,False
EMP11856,USER,0,NONE,-1.35,-2.02,-0.67,-1.35,-1.35,0.5,False
EMP11388,USER,0,NONE,-0.67,-0.67,0.67,-0.67,-0.34,0.5,False
EMP11519,USER,0,NONE,0.67,0.0,0.67,0.67,0.5,0.5,False
EMP12386,USER,0,NONE,0.0,-1.35,0.67,-1.35,-0.44,0.5,False
EMP12804,USER,0,NONE,-0.67,-1.35,0.67,-2.02,-0.78,0.5,False
EMP12076,USER,0,NONE,0.0,0.0,-0.67,0.0,-0.17,0.5,False
EMP11540,USER,0,NONE,-0.67,0.0,1.35,-1.35,-0.13,0.5,False
EMP11217,USER,0,NONE,-1.35,-0.67,0.0,-0.67,-0.71,0.5,False
EMP11416,USER,0,NONE,0.0,0.67,-1.35,-1.35,-0.44,0.5,False
EMP12217,USER,0,NONE,-1.35,-0.67,-0.67,-0.67,-0.87,0.5,False
EMP12596,USER,0,NONE,-0.67,-0.67,0.67,-0.67,-0.34,0.5,False
EMP11676,USER,1,AUTHENTICATION,2.02,0.0,-0.67,0.67,0.57,0.65,False
EMP11197,USER,0,NONE,-1.35,0.0,1.35,-0.67,-0.2,0.5,False
EMP11542,USER,1,AUTHENTICATION,2.02,1.35,-1.35,1.35,0.88,0.65,False
EMP10953,USER,1,ENDPOINT,1.35,0.0,2.02,0.0,0.91,0.65,False
EMP10750,USER,1,ENDPOINT,-0.67,0.67,2.7,0.0,0.64,0.65,False
EMP10234,USER,1,ENDPOINT,0.0,0.67,2.02,-1.35,0.4,0.65,False
EMP10732,USER,0,NONE,0.0,-0.67,1.35,-1.35,-0.1,0.5,False
EMP11156,USER,1,OFF_HOURS,0.67,0.67,-0.67,2.7,0.74,0.65,False
EMP12652,USER,0,NONE,0.67,-1.35,0.0,1.35,0.13,0.5,False
EMP12445,USER,0,NONE,-0.67,-1.35,0.67,-1.35,-0.64,0.5,False
EMP11209,USER,0,NONE,1.35,-0.67,0.0,-1.35,-0.03,0.5,False
EMP11065,USER,0,NONE,1.35,0.0,0.0,0.67,0.54,0.5,False
EMP12156,USER,0,NONE,-0.67,-1.35,-0.67,-2.02,-1.11,0.5,False
EMP11062,USER,0,NONE,0.0,-0.67,0.67,-0.67,-0.13,0.5,False
EMP11167,USER,0,NONE,-0.67,-2.02,0.67,-1.35,-0.81,0.5,False
EMP11492,USER,0,NONE,0.0,-1.35,0.0,-1.35,-0.61,0.5,False
EMP12550,USER,1,OFF_HOURS,0.0,0.67,-1.35,3.37,0.5,0.65,False
EMP10884,USER,0,NONE,0.0,-1.35,-0.67,-0.67,-0.64,0.5,False
EMP10143,USER,0,NONE,0.67,0.0,-0.22,0.0,0.15,0.5,False
EMP10850,USER,1,ENDPOINT,1.35,0.0,2.7,0.67,1.21,0.65,False
EMP10717,USER,0,NONE,0.0,0.0,0.0,-1.35,-0.27,0.5,False
EMP12927,USER,0,NONE,-0.67,-0.67,-0.67,-2.02,-0.94,0.5,False
EMP12502,USER,2,ENDPOINT|OFF_HOURS,0.0,0.67,2.7,2.02,1.25,0.8,True
EMP10264,USER,0,NONE,-0.67,0.67,0.67,0.0,0.13,0.5,False
EMP10075,USER,0,NONE,0.67,0.67,0.67,0.67,0.67,0.5,False
EMP12492,USER,0,NONE,-0.67,0.0,-0.67,0.67,-0.23,0.5,False
EMP10395,USER,0,NONE,1.35,0.67,-0.67,0.0,0.41,0.5,False
EMP12624,USER,0,NONE,-0.67,-1.35,-0.67,0.0,-0.71,0.5,False
EMP12224,USER,0,NONE,0.0,1.35,-0.67,0.0,0.17,0.5,False
EMP12884,USER,0,NONE,0.0,-0.67,-0.67,0.0,-0.34,0.5,False
EMP10396,USER,0,NONE,-0.67,0.67,-0.22,1.35,0.18,0.5,False
EMP11365,USER,0,NONE,-0.67,0.0,0.0,-0.67,-0.34,0.5,False
EMP12577,USER,0,NONE,0.0,-0.67,1.35,0.67,0.3,0.5,False
EMP11903,USER,0,NONE,0.67,-0.67,-1.35,-0.67,-0.44,0.5,False
EMP10595,USER,0,NONE,0.0,-0.67,-0.67,-2.02,-0.74,0.5,False
EMP12109,USER,0,NONE,-1.35,0.67,0.0,-1.35,-0.51,0.5,False
EMP11296,USER,0,NONE,0.67,0.67,0.0,0.67,0.5,0.5,False
EMP11821,USER,0,NONE,-0.67,0.0,0.0,0.67,-0.07,0.5,False
EMP10872,USER,1,AUTHENTICATION,2.7,0.0,1.35,1.35,1.42,0.65,False
EMP12997,USER,0,NONE,-0.67,-1.35,-1.12,0.67,-0.68,0.5,False
EMP12326,USER,1,AUTHENTICATION,2.02,0.67,0.0,1.35,1.04,0.65,False
EMP11548,USER,0,NONE,0.0,-1.35,0.0,-2.02,-0.74,0.5,False
EMP10036,USER,0,NONE,-0.67,-0.67,0.0,-0.67,-0.5,0.5,False
EMP12924,USER,0,NONE,-0.67,0.0,0.0,0.0,-0.2,0.5,False
EMP12143,USER,0,NONE,0.0,-0.67,0.0,-0.67,-0.3,0.5,False
EMP12635,USER,1,ENDPOINT,-1.35,-2.02,2.02,-0.67,-0.54,0.65,False
EMP10977,USER,1,ENDPOINT,-0.67,-2.02,2.7,-2.02,-0.43,0.65,False
EMP11571,USER,0,NONE,-1.35,0.0,0.67,0.67,-0.1,0.5,False
EMP11122,USER,0,NONE,0.0,-0.67,-1.35,-0.67,-0.64,0.5,False
EMP12239,USER,0,NONE,0.67,0.67,0.0,0.0,0.37,0.5,False
EMP12504,USER,0,NONE,-0.67,-1.35,-0.67,0.67,-0.57,0.5,False
EMP11892,USER,0,NONE,0.0,-1.35,0.0,-0.67,-0.47,0.5,False
EMP10675,USER,0,NONE,-0.67,-0.67,-0.67,-2.02,-0.94,0.5,False
EMP10728,USER,0,NONE,0.0,-1.35,0.0,-0.67,-0.47,0.5,False
EMP10412,USER,0,NONE,0.0,-2.02,0.67,-2.02,-0.74,0.5,False
EMP11516,USER,0,NONE,-0.67,-1.35,0.0,-0.67,-0.67,0.5,False
EMP11649,USER,1,ENDPOINT,0.0,-0.67,2.02,-0.67,0.2,0.65,False
EMP10825,USER,1,ENDPOINT,0.67,-0.67,2.02,-0.67,0.4,0.65,False
EMP10616,USER,0,NONE,-0.67,-1.35,0.22,-0.67,-0.62,0.5,False
EMP10114,USER,0,NONE,1.35,0.0,0.67,0.0,0.57,0.5,False
EMP10417,USER,0,NONE,-1.35,-0.67,-1.35,1.35,-0.64,0.5,False
EMP11625,USER,0,NONE,-0.67,-1.35,-1.35,1.35,-0.61,0.5,False
EMP10089,USER,0,NONE,1.35,0.67,0.0,0.67,0.71,0.5,False
EMP12082,USER,0,NONE,0.0,-0.67,0.67,0.0,0.0,0.5,False
EMP10753,USER,0,NONE,0.0,0.0,1.35,1.35,0.61,0.5,False
EMP12546,USER,3,AUTHENTICATION|NETWORK_IP|OFF_HOURS,11.47,16.86,0.67,16.19,11.06,0.95,True
EMP11630,USER,1,OFF_HOURS,-0.67,0.0,1.35,2.02,0.54,0.65,False
EMP10011,USER,0,NONE,0.0,-1.35,1.35,0.67,0.13,0.5,False
EMP12444,USER,0,NONE,-0.67,-0.67,0.0,0.0,-0.37,0.5,False
EMP10284,USER,0,NONE,1.35,0.0,0.0,0.0,0.41,0.5,False
EMP11066,USER,0,NONE,-0.67,0.0,-0.67,0.67,-0.23,0.5,False
EMP11191,USER,0,NONE,0.67,0.67,0.0,-0.67,0.23,0.5,False
EMP11440,USER,0,NONE,-1.35,-1.35,1.35,0.67,-0.27,0.5,False
EMP12886,USER,0,NONE,1.35,0.67,0.0,-0.67,0.44,0.5,False
EMP12885,USER,0,NONE,0.0,0.0,-1.35,-0.67,-0.47,0.5,False
EMP12793,USER,0,NONE,0.0,0.0,0.0,-2.02,-0.4,0.5,False
EMP11568,USER,0,NONE,0.67,1.35,1.35,1.35,1.15,0.5,False
EMP12427,USER,0,NONE,-0.67,-1.35,-0.67,-2.02,-1.11,0.5,False
EMP12656,USER,0,NONE,0.67,-1.35,0.0,-0.67,-0.27,0.5,False
EMP11687,USER,1,ENDPOINT,1.35,-0.67,2.02,0.67,0.88,0.65,False
EMP10851,USER,2,NETWORK_IP|OFF_HOURS,0.67,2.7,0.0,2.02,1.28,0.8,True
EMP12207,USER,0,NONE,0.0,0.0,-1.35,0.67,-0.2,0.5,False
EMP10895,USER,0,NONE,0.67,0.0,1.35,0.67,0.67,0.5,False
EMP10496,USER,0,NONE,0.0,0.67,-0.67,-1.35,-0.27,0.5,False
EMP12305,USER,0,NONE,0.67,0.67,-0.67,-0.67,0.07,0.5,False
EMP11782,USER,0,NONE,0.0,0.67,-0.67,0.0,0.0,0.5,False
EMP10335,USER,0,NONE,1.35,1.35,0.0,1.35,1.01,0.5,False
EMP10515,USER,0,NONE,0.0,-0.67,0.67,0.0,0.0,0.5,False
EMP11348,USER,0,NONE,0.67,1.35,-0.67,0.67,0.51,0.5,False
EMP11015,USER,1,ENDPOINT,1.35,0.0,2.02,-1.35,0.64,0.65,False
EMP12893,USER,0,NONE,0.0,-0.67,0.67,0.67,0.13,0.5,False
EMP11781,USER,1,NETWORK_IP,0.67,2.7,1.35,1.35,1.48,0.65,False
EMP12569,USER,0,NONE,0.0,-0.67,-0.67,-1.35,-0.6,0.5,False
EMP11785,USER,0,NONE,-1.35,-0.67,-0.67,-0.67,-0.87,0.5,False
EMP12070,USER,0,NONE,-0.67,-2.02,-0.22,-1.35,-1.03,0.5,False
EMP10356,USER,0,NONE,-1.35,-2.02,-0.67,0.0,-1.08,0.5,False
EMP12937,USER,0,NONE,0.67,0.0,-0.67,0.67,0.17,0.5,False
EMP11312,USER,0,NONE,-0.67,-0.67,0.0,-1.35,-0.64,0.5,False
EMP11635,USER,0,NONE,0.0,-0.67,-2.02,-1.35,-0.94,0.5,False
EMP10550,USER,0,NONE,0.0,-0.67,0.0,0.0,-0.17,0.5,False
EMP12388,USER,1,ENDPOINT,-0.67,-1.35,2.02,-2.02,-0.44,0.65,False
EMP12479,USER,0,NONE,0.0,-1.35,-2.02,-0.67,-0.98,0.5,False
EMP12521,USER,0,NONE,0.0,0.67,0.67,0.0,0.34,0.5,False
EMP12265,USER,0,NONE,0.0,-0.67,-0.67,-0.67,-0.47,0.5,False
EMP11227,USER,0,NONE,1.35,0.0,-0.67,1.35,0.51,0.5,False
EMP12762,USER,3,AUTHENTICATION|NETWORK_IP|ENDPOINT,5.4,3.37,3.37,1.35,3.58,0.95,True
EMP10957,USER,0,NONE,-2.02,0.0,-1.35,1.35,-0.67,0.5,False
EMP11773,USER,2,NETWORK_IP|OFF_HOURS,-0.67,2.02,-1.35,2.7,0.51,0.8,True
EMP12141,USER,0,NONE,0.0,0.0,-0.67,-0.67,-0.3,0.5,False
EMP11008,USER,0,NONE,0.0,-1.35,0.0,0.67,-0.2,0.5,False
EMP11092,USER,0,NONE,0.67,-0.67,-0.67,0.67,0.0,0.5,False
EMP12756,USER,0,NONE,-1.35,-0.67,-0.67,0.0,-0.74,0.5,False
EMP10996,USER,0,NONE,0.0,-1.35,0.0,-1.35,-0.61,0.5,False
EMP11679,USER,1,ENDPOINT,-1.35,-1.35,2.7,-1.35,-0.34,0.65,False
EMP10153,USER,0,NONE,0.67,0.0,0.67,0.67,0.5,0.5,False
EMP12867,USER,0,NONE,-0.67,0.67,-2.02,0.0,-0.54,0.5,False
EMP10580,USER,0,NONE,-0.67,-2.02,0.67,-2.02,-0.94,0.5,False
EMP11470,USER,0,NONE,1.35,-0.67,0.0,-0.67,0.1,0.5,False
EMP10703,USER,0,NONE,0.67,-1.35,0.0,1.35,0.13,0.5,False
EMP11212,USER,0,NONE,-0.67,-0.67,0.67,-0.67,-0.34,0.5,False
EMP10896,USER,0,NONE,-0.67,-0.67,0.67,-0.67,-0.34,0.5,False
EMP10487,USER,0,NONE,0.0,-0.67,0.0,0.0,-0.17,0.5,False
EMP10559,USER,0,NONE,0.0,1.35,0.0,0.0,0.34,0.5,False
EMP11141,USER,0,NONE,0.67,-1.35,1.35,0.67,0.34,0.5,False
EMP11119,USER,0,NONE,-0.67,-0.67,-0.67,-0.67,-0.67,0.5,False
EMP10512,USER,0,NONE,-0.67,-0.67,-1.35,-0.67,-0.84,0.5,False
EMP10633,USER,0,NONE,0.67,0.67,0.0,0.67,0.5,0.5,False
EMP11664,USER,1,NETWORK_IP,0.67,2.7,0.0,0.0,0.88,0.65,False
EMP11012,USER,2,NETWORK_IP|OFF_HOURS,1.35,2.7,0.0,2.7,1.62,0.8,True
EMP11931,USER,0,NONE,1.35,0.0,-0.67,-2.02,-0.17,0.5,False
EMP11150,USER,0,NONE,0.0,-0.67,0.0,-0.67,-0.3,0.5,False
EMP12890,USER,1,ENDPOINT,0.0,-1.35,2.02,0.0,0.17,0.65,False
EMP10116,USER,1,ENDPOINT,1.35,-0.67,2.02,-0.67,0.61,0.65,False
EMP10740,USER,0,NONE,-0.67,-1.35,1.35,-1.35,-0.47,0.5,False
EMP12846,USER,0,NONE,-0.67,-0.67,0.0,-1.35,-0.64,0.5,False
EMP11974,USER,0,NONE,0.67,-1.35,1.35,-0.67,0.07,0.5,False
EMP11081,USER,0,NONE,-0.67,0.67,-0.67,-0.67,-0.34,0.5,False
EMP11810,USER,2,AUTHENTICATION|NETWORK_IP,2.7,2.02,0.67,1.35,1.75,0.8,True
EMP10830,USER,2,AUTHENTICATION|OFF_HOURS,2.02,1.35,-0.67,2.7,1.32,0.8,True
EMP10119,USER,0,NONE,0.0,-2.02,0.67,0.0,-0.34,0.5,False
EMP10656,USER,0,NONE,0.67,-1.35,-0.22,-1.35,-0.46,0.5,False
EMP12815,USER,0,NONE,0.0,-1.35,-1.35,-1.35,-0.95,0.5,False
EMP12774,USER,1,ENDPOINT,-0.67,1.35,4.05,1.35,1.42,0.65,False
EMP10635,USER,0,NONE,0.0,-2.02,0.67,-1.35,-0.61,0.5,False
EMP10369,USER,0,NONE,0.0,-0.67,-0.67,0.0,-0.34,0.5,False
EMP10268,USER,0,NONE,1.35,-1.35,0.0,0.67,0.2,0.5,False
EMP10046,USER,0,NONE,-0.67,-0.67,0.0,-0.67,-0.5,0.5,False
EMP10991,USER,0,NONE,0.67,-1.35,-0.67,-0.67,-0.44,0.5,False
EMP10876,USER,0,NONE,-1.35,-1.35,1.35,-0.67,-0.54,0.5,False
EMP10773,USER,0,NONE,0.0,-2.02,1.35,-1.35,-0.44,0.5,False
EMP11219,USER,0,NONE,0.67,1.35,0.0,1.35,0.81,0.5,False
EMP11126,USER,0,NONE,-0.67,-0.67,0.0,-1.35,-0.64,0.5,False
EMP10004,USER,0,NONE,0.67,0.67,1.35,1.35,0.98,0.5,False
EMP11595,USER,0,NONE,-1.35,0.0,-0.67,-1.35,-0.84,0.5,False
EMP12311,USER,0,NONE,0.0,-0.67,1.35,1.35,0.44,0.5,False
EMP12958,USER,0,NONE,0.67,0.67,0.0,0.67,0.5,0.5,False
EMP12491,USER,0,NONE,-0.67,-1.35,-0.67,-1.35,-0.98,0.5,False
EMP11077,USER,0,NONE,0.0,-1.35,-1.35,0.0,-0.68,0.5,False
EMP10837,USER,0,NONE,0.67,0.0,-1.12,0.67,0.05,0.5,False
EMP10681,USER,0,NONE,-1.35,0.0,0.0,-1.35,-0.68,0.5,False
EMP11715,USER,1,OFF_HOURS,0.0,0.67,0.0,2.7,0.71,0.65,False
EMP12352,USER,0,NONE,0.0,0.0,1.35,-0.67,0.2,0.5,False
EMP12617,USER,0,NONE,-0.67,0.0,0.0,-2.02,-0.6,0.5,False
EMP12361,USER,0,NONE,0.67,0.67,-0.67,-1.35,-0.07,0.5,False
EMP12197,USER,1,ENDPOINT,0.0,-0.67,2.02,0.0,0.34,0.65,False
EMP11148,USER,1,ENDPOINT,-0.67,1.35,2.02,-2.02,0.24,0.65,False
EMP10574,USER,0,NONE,0.67,-2.02,1.35,-1.35,-0.24,0.5,False
EMP10050,USER,0,NONE,0.0,0.67,1.35,0.0,0.51,0.5,False
EMP10853,USER,0,NONE,-0.67,-0.67,-1.35,-1.35,-0.98,0.5,False
EMP11982,USER,0,NONE,0.0,1.35,1.35,1.35,0.95,0.5,False
EMP11823,USER,1,AUTHENTICATION,2.02,0.67,-1.35,0.67,0.57,0.65,False
EMP10833,USER,0,NONE,0.0,0.0,0.0,0.0,0.0,0.5,False
EMP11115,USER,0,NONE,-0.67,-1.35,0.0,-0.67,-0.67,0.5,False
EMP11166,USER,0,NONE,0.67,0.0,1.35,0.67,0.67,0.5,False
EMP12518,USER,0,NONE,1.35,0.0,0.0,1.35,0.68,0.5,False
EMP11906,USER,0,NONE,0.67,0.67,-0.67,1.35,0.47,0.5,False
EMP10971,USER,0,NONE,0.67,-1.35,0.0,0.67,-0.0,0.5,False
EMP12701,USER,0,NONE,-0.67,0.0,0.0,0.0,-0.2,0.5,False
EMP10399,USER,2,NETWORK_IP|OFF_HOURS,0.0,2.02,-0.67,3.37,1.01,0.8,True
EMP12559,USER,2,AUTHENTICATION|OFF_HOURS,2.02,0.67,-0.67,2.02,1.01,0.8,True
EMP12368,USER,0,NONE,0.67,0.67,1.35,1.35,0.98,0.5,False
EMP10019,USER,0,NONE,0.0,0.0,0.67,-2.02,-0.24,0.5,False
EMP10684,USER,1,NETWORK_IP,0.67,2.02,0.67,0.67,1.01,0.65,False
EMP10035,USER,0,NONE,-0.67,-2.02,0.67,-1.35,-0.81,0.5,False
EMP12914,USER,0,NONE,-0.67,0.0,-0.67,0.0,-0.37,0.5,False
EMP10524,USER,0,NONE,0.67,1.35,-1.35,0.67,0.33,0.5,False
EMP12455,USER,1,NETWORK_IP,-0.67,2.02,-1.35,1.35,0.24,0.65,False
EMP10920,USER,0,NONE,-0.67,-1.35,0.0,-2.02,-0.94,0.5,False
EMP11841,USER,0,NONE,0.0,-0.67,0.67,-0.67,-0.13,0.5,False
EMP11890,USER,0,NONE,-0.67,-0.67,0.0,-0.67,-0.5,0.5,False
EMP10537,USER,0,NONE,0.67,0.0,-1.35,0.0,-0.14,0.5,False
EMP11705,USER,0,NONE,0.67,-1.35,0.67,-0.67,-0.1,0.5,False
EMP10245,USER,0,NONE,0.67,0.67,0.67,1.35,0.81,0.5,False
EMP10784,USER,1,ENDPOINT,-0.67,-0.67,2.02,0.0,0.14,0.65,False
EMP11409,USER,0,NONE,-1.35,0.0,0.67,-0.67,-0.37,0.5,False
EMP12537,USER,1,ENDPOINT,-0.67,0.0,2.02,-0.67,0.17,0.65,False
EMP10154,USER,0,NONE,1.35,-0.67,-0.67,-1.35,-0.2,0.5,False
EMP11686,USER,0,NONE,-0.67,-0.67,-0.67,-0.67,-0.67,0.5,False
EMP10625,USER,1,NETWORK_IP,0.0,2.02,0.67,0.0,0.67,0.65,False
EMP12962,USER,0,NONE,0.0,-0.67,-1.35,0.0,-0.51,0.5,False
EMP11346,USER,1,ENDPOINT,-1.35,-2.02,2.7,-1.35,-0.51,0.65,False
EMP10569,USER,0,NONE,0.0,0.0,1.35,0.0,0.34,0.5,False
EMP11758,USER,1,AUTHENTICATION,2.02,1.35,0.67,0.0,1.11,0.65,False
EMP11816,USER,0,NONE,0.67,0.67,0.0,0.0,0.37,0.5,False
EMP12065,USER,0,NONE,1.35,0.0,0.67,1.35,0.84,0.5,False
EMP10127,USER,0,NONE,-0.67,0.0,0.0,-0.67,-0.34,0.5,False
EMP12006,USER,0,NONE,0.0,0.0,-1.35,0.67,-0.2,0.5,False
EMP10980,USER,0,NONE,-0.67,-0.67,0.67,-1.35,-0.47,0.5,False
EMP10190,USER,1,ENDPOINT,0.0,-0.67,2.02,1.35,0.61,0.65,False
EMP11139,USER,0,NONE,-0.67,-1.35,-0.67,-0.67,-0.84,0.5,False
EMP10992,USER,0,NONE,-0.67,-1.35,1.35,0.0,-0.2,0.5,False
EMP10699,USER,1,OFF_HOURS,1.35,0.67,0.0,2.7,1.11,0.65,False
EMP10606,USER,0,NONE,-0.67,0.67,1.35,0.0,0.3,0.5,False
EMP10180,USER,0,NONE,-1.35,-0.67,-1.35,0.0,-0.91,0.5,False
EMP10301,USER,1,ENDPOINT,0.0,0.67,2.7,1.35,1.11,0.65,False
EMP12544,USER,0,NONE,0.0,-1.35,0.0,0.0,-0.34,0.5,False
EMP12860,USER,0,NONE,-0.67,-0.67,-0.67,0.67,-0.4,0.5,False
EMP11060,USER,0,NONE,-0.67,-0.67,-1.35,0.0,-0.71,0.5,False
EMP12964,USER,1,AUTHENTICATION,2.02,0.0,-0.67,0.0,0.44,0.65,False
EMP12565,USER,0,NONE,-0.67,-0.67,1.35,0.0,-0.03,0.5,False
EMP11069,USER,1,ENDPOINT,1.35,-0.67,2.7,0.67,1.05,0.65,False
EMP12524,USER,0,NONE,1.35,0.67,-1.35,0.0,0.23,0.5,False
EMP12205,USER,0,NONE,0.0,-0.67,-0.67,0.0,-0.34,0.5,False
EMP11243,USER,0,NONE,0.0,-0.67,-2.02,-0.67,-0.81,0.5,False
EMP10016,USER,2,AUTHENTICATION|OFF_HOURS,2.7,1.35,0.67,2.02,1.72,0.8,True
EMP10546,USER,0,NONE,-1.35,-0.67,0.0,-0.67,-0.71,0.5,False
EMP10658,USER,0,NONE,-0.67,-0.67,-2.02,0.0,-0.87,0.5,False
EMP12787,USER,0,NONE,1.35,-0.67,0.22,-0.67,0.16,0.5,False
EMP12818,USER,0,NONE,0.0,0.0,-0.67,0.67,-0.03,0.5,False
EMP11504,USER,0,NONE,0.0,-1.35,0.67,0.0,-0.17,0.5,False
EMP10959,USER,1,OFF_HOURS,1.35,1.35,0.0,2.02,1.15,0.65,False
EMP12331,USER,2,NETWORK_IP|OFF_HOURS,0.0,2.02,0.22,2.7,1.1,0.8,True
EMP10797,USER,0,NONE,0.0,0.67,0.67,0.0,0.34,0.5,False
EMP10225,USER,0,NONE,0.0,-0.67,-0.67,-2.02,-0.74,0.5,False
EMP12074,USER,0,NONE,-2.02,-0.67,-0.67,-1.35,-1.21,0.5,False
EMP11799,USER,0,NONE,0.67,0.0,0.67,-2.02,-0.04,0.5,False
EMP12485,USER,1,ENDPOINT,-0.67,-0.67,2.02,0.0,0.14,0.65,False
EMP12277,USER,1,ENDPOINT,-1.35,-0.67,2.02,0.0,-0.07,0.65,False
EMP12085,USER,1,NETWORK_IP,1.35,2.02,0.67,-0.67,0.94,0.65,False
EMP11693,USER,0,NONE,0.67,-0.67,0.0,0.67,0.17,0.5,False
EMP11045,USER,0,NONE,-0.67,-0.67,-0.67,-2.02,-0.94,0.5,False
EMP10469,USER,0,NONE,0.0,-0.67,1.35,1.35,0.44,0.5,False
EMP10954,USER,1,NETWORK_IP,0.0,2.02,0.67,-0.67,0.54,0.65,False
EMP12735,USER,1,NETWORK_IP,0.67,2.02,0.0,0.0,0.71,0.65,False
EMP10639,USER,0,NONE,-0.67,-0.67,0.67,-1.35,-0.47,0.5,False
EMP12863,USER,0,NONE,-0.67,0.0,0.0,-0.67,-0.34,0.5,False
EMP11218,USER,2,AUTHENTICATION|ENDPOINT,2.02,0.67,2.02,1.35,1.55,0.8,True
EMP11158,USER,0,NONE,0.67,-1.35,0.67,-0.67,-0.1,0.5,False
EMP11415,USER,1,ENDPOINT,1.35,0.67,2.02,1.35,1.35,0.65,False
EMP12934,USER,0,NONE,-1.35,0.0,-0.67,-0.67,-0.71,0.5,False
EMP11527,USER,0,NONE,0.0,1.35,-0.67,0.67,0.3,0.5,False
EMP11300,USER,2,AUTHENTICATION|ENDPOINT,2.02,0.67,2.7,-0.67,1.31,0.8,True
EMP12952,USER,1,AUTHENTICATION,3.37,-1.35,-1.35,0.0,0.34,0.65,False
EMP11603,USER,0,NONE,0.67,0.0,-0.67,-0.67,-0.1,0.5,False
EMP10160,USER,1,NETWORK_IP,0.0,2.02,1.35,0.0,0.84,0.65,False
EMP11704,USER,0,NONE,0.0,0.0,0.67,-0.67,0.03,0.5,False
EMP10956,USER,0,NONE,0.67,-0.67,-2.02,0.67,-0.34,0.5,False
EMP10877,USER,0,NONE,-0.67,0.0,-0.67,0.67,-0.23,0.5,False
EMP11919,USER,0,NONE,0.0,0.67,-0.67,0.67,0.13,0.5,False
EMP11884,USER,0,NONE,0.67,-0.67,0.0,0.0,0.03,0.5,False
EMP12200,USER,0,NONE,0.67,-1.35,-0.67,-2.02,-0.71,0.5,False
EMP10098,USER,0,NONE,-0.67,0.0,0.67,-0.67,-0.17,0.5,False
EMP12912,USER,0,NONE,-0.67,-1.35,1.35,-0.67,-0.33,0.5,False
EMP12557,USER,0,NONE,-1.35,-0.67,0.0,0.0,-0.57,0.5,False
EMP10253,USER,0,NONE,-0.67,-0.67,-0.67,-1.35,-0.81,0.5,False
EMP10103,USER,0,NONE,0.0,0.0,-1.35,0.0,-0.34,0.5,False
EMP11445,USER,0,NONE,-0.67,0.0,0.67,-0.67,-0.17,0.5,False
EMP11443,USER,0,NONE,0.0,0.67,1.35,-0.67,0.37,0.5,False
EMP11648,USER,2,AUTHENTICATION|OFF_HOURS,2.7,0.67,0.67,2.7,1.69,0.8,True
EMP10586,USER,0,NONE,1.35,0.67,0.0,-0.67,0.44,0.5,False
EMP10627,USER,1,NETWORK_IP,1.35,2.02,0.0,0.0,0.91,0.65,False
EMP11696,USER,0,NONE,0.67,0.67,-0.67,-0.67,0.07,0.5,False
EMP12101,USER,0,NONE,-0.67,-2.02,0.0,-1.35,-0.98,0.5,False
EMP12199,USER,0,NONE,0.67,-0.67,0.67,-1.35,-0.07,0.5,False
EMP10403,USER,1,ENDPOINT,0.0,-0.67,2.7,0.67,0.64,0.65,False
EMP11154,USER,0,NONE,0.0,0.0,0.0,0.0,0.0,0.5,False
EMP12255,USER,0,NONE,0.67,0.67,0.0,1.35,0.64,0.5,False
EMP11682,USER,0,NONE,0.67,-0.67,1.35,0.67,0.51,0.5,False
EMP12056,USER,0,NONE,0.67,-2.02,-1.35,1.35,-0.37,0.5,False
EMP12929,USER,0,NONE,1.35,0.0,-0.67,-0.67,0.1,0.5,False
EMP10452,USER,1,AUTHENTICATION,2.02,0.67,-0.67,0.0,0.61,0.65,False
EMP12301,USER,0,NONE,-0.67,-1.35,1.35,0.0,-0.2,0.5,False
EMP11327,USER,0,NONE,0.0,0.0,0.67,-0.67,0.03,0.5,False
EMP12049,USER,1,NETWORK_IP,1.35,3.37,-2.02,-0.67,0.61,0.65,False
EMP10880,USER,0,NONE,-0.67,0.0,-1.35,-0.67,-0.67,0.5,False
EMP10623,USER,0,NONE,0.67,0.67,-0.22,0.67,0.45,0.5,False
EMP12393,USER,2,NETWORK_IP|ENDPOINT,0.0,2.02,2.7,1.35,1.45,0.8,True
EMP12856,USER,1,ENDPOINT,-0.67,0.0,2.02,-0.67,0.17,0.65,False
EMP11787,USER,0,NONE,1.35,0.67,0.67,0.67,0.87,0.5,False
EMP10262,USER,0,NONE,0.67,0.0,-0.67,0.67,0.17,0.5,False
EMP11634,USER,2,AUTHENTICATION|ENDPOINT,2.7,0.67,2.02,0.67,1.62,0.8,True
EMP11438,USER,0,NONE,-0.67,0.0,1.35,-2.02,-0.27,0.5,False
EMP12198,USER,0,NONE,-0.67,0.0,-0.22,-0.67,-0.39,0.5,False
EMP11969,USER,0,NONE,0.67,-2.02,-2.02,-0.67,-0.94,0.5,False
EMP12520,USER,0,NONE,1.35,1.35,0.0,-1.35,0.47,0.5,False
EMP11802,USER,0,NONE,0.0,-1.35,1.35,-0.67,-0.13,0.5,False
EMP10640,USER,0,NONE,0.0,-0.67,-2.02,-1.35,-0.94,0.5,False
EMP12385,USER,1,OFF_HOURS,0.67,0.67,-0.67,2.02,0.61,0.65,False
EMP12598,USER,0,NONE,-0.67,-1.35,0.67,0.0,-0.37,0.5,False
EMP12915,USER,1,ENDPOINT,1.35,0.67,2.02,0.67,1.21,0.65,False
EMP11959,USER,1,ENDPOINT,0.0,-0.67,2.02,0.0,0.34,0.65,False
EMP10488,USER,1,ENDPOINT,-0.67,0.0,2.02,-0.67,0.17,0.65,False
EMP11843,USER,0,NONE,-0.67,-1.35,1.35,0.0,-0.2,0.5,False
EMP11734,USER,0,NONE,-0.67,-1.35,-1.35,0.0,-0.88,0.5,False
EMP10146,USER,0,NONE,0.0,0.0,0.67,-1.35,-0.1,0.5,False
EMP11534,USER,0,NONE,0.0,0.0,-0.22,-1.35,-0.33,0.5,False
EMP11986,USER,0,NONE,0.0,0.0,-0.67,-0.67,-0.3,0.5,False
EMP11369,USER,1,AUTHENTICATION,2.02,-1.35,0.0,0.67,0.4,0.65,False
EMP12450,USER,2,ENDPOINT|OFF_HOURS,0.67,0.0,2.02,2.02,1.11,0.8,True
EMP12811,USER,0,NONE,0.0,0.0,-0.67,0.67,-0.03,0.5,False
EMP10659,USER,0,NONE,0.0,0.0,-0.22,-0.67,-0.19,0.5,False
EMP11794,USER,0,NONE,0.67,0.0,0.67,0.0,0.37,0.5,False
EMP12511,USER,0,NONE,-0.67,0.0,-0.67,-0.67,-0.5,0.5,False
EMP10186,USER,0,NONE,-0.67,-1.35,0.0,-0.67,-0.67,0.5,False
EMP11147,USER,0,NONE,0.0,0.67,-0.67,0.0,0.0,0.5,False
EMP10608,USER,0,NONE,0.67,0.0,0.0,0.67,0.34,0.5,False
EMP12191,USER,0,NONE,-0.67,-1.35,0.67,0.0,-0.37,0.5,False
EMP12799,USER,0,NONE,-1.35,-1.35,0.67,-0.67,-0.71,0.5,False
EMP11930,USER,0,NONE,0.0,0.0,0.0,-0.67,-0.13,0.5,False
EMP10197,USER,0,NONE,0.0,0.67,0.22,0.0,0.22,0.5,False
EMP12327,USER,0,NONE,0.67,-1.35,0.67,-1.35,-0.24,0.5,False
EMP10293,USER,0,NONE,1.35,-0.67,-0.67,0.67,0.2,0.5,False
EMP10766,USER,0,NONE,-0.67,-1.35,0.67,-0.67,-0.51,0.5,False
EMP10400,USER,0,NONE,-0.67,-1.35,0.67,0.0,-0.37,0.5,False
EMP10122,USER,0,NONE,-0.67,-2.02,-0.67,-1.35,-1.14,0.5,False
EMP10202,USER,0,NONE,-0.67,-0.67,0.67,0.67,-0.07,0.5,False
EMP10835,USER,0,NONE,-0.67,-0.67,-0.67,-0.67,-0.67,0.5,False
EMP12294,USER,0,NONE,-1.35,-0.67,0.0,-0.67,-0.71,0.5,False
EMP11439,USER,0,NONE,-0.67,-1.35,0.0,-2.02,-0.94,0.5,False
EMP11733,USER,0,NONE,-0.67,-0.67,0.67,-0.67,-0.34,0.5,False
EMP11695,USER,0,NONE,0.0,-1.35,0.0,0.67,-0.2,0.5,False
EMP11707,USER,1,AUTHENTICATION,2.02,1.35,1.35,-0.67,1.15,0.65,False
EMP12999,USER,0,NONE,-1.35,-1.35,1.35,-0.67,-0.54,0.5,False
EMP11153,USER,0,NONE,0.0,1.35,-0.67,0.67,0.3,0.5,False
EMP11661,USER,0,NONE,0.0,-0.67,0.0,-1.35,-0.44,0.5,False
EMP12432,USER,1,ENDPOINT,-1.35,0.0,2.02,-0.67,-0.03,0.65,False
EMP11759,USER,0,NONE,0.67,0.0,-1.35,-0.67,-0.27,0.5,False
EMP10854,USER,0,NONE,0.0,0.0,0.0,0.67,0.13,0.5,False
EMP11589,USER,0,NONE,0.67,-0.67,-0.67,-1.35,-0.4,0.5,False
EMP12267,USER,0,NONE,0.0,-1.35,1.57,-2.02,-0.35,0.5,False
EMP10641,USER,1,ENDPOINT,-0.67,-2.02,2.02,-0.67,-0.33,0.65,False
EMP10001,USER,0,NONE,0.0,1.35,1.35,-0.67,0.54,0.5,False
EMP12160,USER,1,NETWORK_IP,0.67,2.7,0.0,1.35,1.15,0.65,False
EMP10698,USER,1,NETWORK_IP,1.35,2.7,0.67,1.35,1.52,0.65,False
EMP11636,USER,1,ENDPOINT,0.0,-1.35,2.02,-1.35,-0.1,0.65,False
EMP11291,USER,0,NONE,-0.67,0.0,0.0,0.0,-0.2,0.5,False
EMP12941,USER,0,NONE,0.0,0.0,-2.02,1.35,-0.23,0.5,False
EMP12489,USER,0,NONE,-1.35,-1.35,-0.67,-1.35,-1.18,0.5,False
EMP11520,USER,0,NONE,0.0,-0.67,0.67,0.0,0.0,0.5,False
EMP11853,USER,1,OFF_HOURS,0.67,1.35,-0.67,3.37,1.04,0.65,False
EMP11136,USER,0,NONE,-0.67,0.0,-1.35,-0.67,-0.67,0.5,False
EMP12984,USER,0,NONE,0.0,-2.02,1.12,-1.35,-0.49,0.5,False
EMP11631,USER,0,NONE,-1.35,-1.35,0.0,0.0,-0.74,0.5,False
EMP11998,USER,0,NONE,0.0,-0.67,1.35,0.67,0.3,0.5,False
EMP10663,USER,0,NONE,0.67,0.0,-0.67,-1.35,-0.24,0.5,False
EMP10683,USER,0,NONE,0.67,0.0,0.0,-1.35,-0.07,0.5,False
EMP11257,USER,0,NONE,0.0,0.67,0.22,-0.67,0.09,0.5,False
EMP10317,USER,2,AUTHENTICATION|NETWORK_IP,5.4,2.02,1.12,-0.67,2.27,0.8,True
EMP10648,USER,0,NONE,-0.67,1.35,-1.35,1.35,0.07,0.5,False
EMP11434,USER,0,NONE,0.0,0.0,0.67,-0.67,0.03,0.5,False
EMP11479,USER,0,NONE,0.67,-0.67,0.67,-0.67,0.07,0.5,False
EMP10709,USER,0,NONE,0.0,0.0,0.67,0.0,0.17,0.5,False
EMP11282,USER,0,NONE,-0.67,-1.35,0.67,-1.35,-0.64,0.5,False
EMP11768,USER,0,NONE,-0.67,-1.35,0.0,-1.35,-0.81,0.5,False
EMP10972,USER,0,NONE,0.0,-2.02,-1.35,-0.67,-0.98,0.5,False
EMP12675,USER,0,NONE,-1.35,0.0,-2.02,-1.35,-1.18,0.5,False
EMP12680,USER,0,NONE,0.0,-0.67,-0.67,0.0,-0.34,0.5,False
EMP11306,USER,0,NONE,-0.67,-0.67,0.0,-0.67,-0.5,0.5,False
EMP11400,USER,0,NONE,0.67,-1.35,-1.35,0.0,-0.47,0.5,False
EMP11408,USER,2,AUTHENTICATION|OFF_HOURS,2.02,-0.67,0.0,2.02,0.84,0.8,True
EMP12237,USER,0,NONE,-1.35,0.0,0.67,-0.67,-0.37,0.5,False
EMP11496,USER,0,NONE,-0.67,-1.35,0.0,-0.67,-0.67,0.5,False
EMP12038,USER,0,NONE,-1.35,-0.67,-2.02,-0.67,-1.21,0.5,False
EMP11529,USER,0,NONE,-1.35,-1.35,-0.67,-1.35,-1.18,0.5,False
EMP11663,USER,0,NONE,-0.67,-1.35,-0.67,-1.35,-0.98,0.5,False
EMP11354,USER,0,NONE,0.0,-1.35,-0.67,0.0,-0.51,0.5,False
EMP11643,USER,1,ENDPOINT,0.0,-0.67,2.02,-2.02,-0.07,0.65,False
EMP11051,USER,0,NONE,0.0,-0.67,-0.67,0.0,-0.34,0.5,False
EMP10795,USER,0,NONE,-1.35,-0.67,0.0,0.0,-0.57,0.5,False
EMP12693,USER,1,OFF_HOURS,0.67,0.67,1.35,4.05,1.52,0.65,False
EMP11597,USER,0,NONE,0.0,0.67,-1.35,0.0,-0.17,0.5,False
EMP12604,USER,0,NONE,0.0,-1.35,0.67,-0.67,-0.3,0.5,False
EMP12729,USER,0,NONE,0.0,-0.67,-0.67,1.35,-0.07,0.5,False
EMP12625,USER,0,NONE,-1.35,0.0,0.67,-1.35,-0.51,0.5,False
EMP11819,USER,0,NONE,-1.35,-2.02,-0.67,-0.67,-1.21,0.5,False
EMP11722,USER,0,NONE,0.0,-2.02,-0.67,-0.67,-0.81,0.5,False
EMP11183,USER,0,NONE,-0.67,0.67,-1.35,0.0,-0.37,0.5,False
EMP12572,USER,0,NONE,0.67,0.0,0.67,0.0,0.37,0.5,False
EMP11059,USER,0,NONE,-1.35,-0.67,-0.67,-1.35,-1.01,0.5,False
EMP10540,USER,0,NONE,-0.67,0.0,0.67,-1.35,-0.3,0.5,False
EMP11678,USER,0,NONE,1.35,0.0,1.12,0.0,0.69,0.5,False
EMP12796,USER,0,NONE,-1.35,0.0,1.35,-0.67,-0.2,0.5,False
EMP12974,USER,0,NONE,0.0,0.67,-2.02,0.67,-0.2,0.5,False
EMP12532,USER,0,NONE,0.67,-2.02,-0.67,0.0,-0.47,0.5,False
EMP11757,USER,1,ENDPOINT,0.0,-1.35,2.02,-0.67,0.03,0.65,False
EMP11923,USER,1,ENDPOINT,0.0,0.0,2.7,0.0,0.68,0.65,False
EMP10095,USER,0,NONE,-0.67,-0.67,-0.67,0.67,-0.4,0.5,False
EMP11020,USER,3,AUTHENTICATION|NETWORK_IP|OFF_HOURS,2.7,2.02,0.0,2.7,1.85,0.95,True
EMP10563,USER,0,NONE,-0.67,0.67,-0.67,-1.35,-0.47,0.5,False
EMP12790,USER,0,NONE,-1.35,-1.35,-0.67,-2.02,-1.31,0.5,False
EMP10863,USER,0,NONE,1.35,-1.35,-1.35,-2.02,-0.67,0.5,False
EMP11484,USER,2,AUTHENTICATION|NETWORK_IP,2.02,2.7,0.67,1.35,1.72,0.8,True
EMP12939,USER,0,NONE,0.0,1.35,0.67,0.0,0.51,0.5,False
EMP11881,USER,0,NONE,-0.67,-0.67,-1.35,-0.67,-0.84,0.5,False
EMP11038,USER,0,NONE,0.67,-1.35,-0.67,0.0,-0.3,0.5,False
EMP10206,USER,0,NONE,-1.35,-0.67,0.0,0.67,-0.44,0.5,False
EMP10392,USER,1,OFF_HOURS,0.67,1.35,-1.12,2.02,0.66,0.65,False
EMP12842,USER,0,NONE,0.67,-0.67,0.67,0.0,0.2,0.5,False
EMP10870,USER,0,NONE,-0.67,-1.35,0.67,-2.02,-0.78,0.5,False
EMP10397,USER,0,NONE,-0.67,-1.35,1.35,-0.67,-0.33,0.5,False
EMP12814,USER,1,ENDPOINT,0.0,-0.67,2.7,0.67,0.64,0.65,False
EMP12968,USER,0,NONE,-0.67,-0.67,1.35,0.0,-0.03,0.5,False
EMP11028,USER,1,ENDPOINT,-1.35,-1.35,2.02,-2.02,-0.64,0.65,False
EMP12690,USER,0,NONE,0.0,0.67,-0.67,-0.67,-0.13,0.5,False
EMP11485,USER,0,NONE,-1.35,-1.35,0.0,-0.67,-0.88,0.5,False
EMP12660,USER,1,ENDPOINT,0.67,-1.35,2.02,-0.67,0.23,0.65,False
EMP10960,USER,0,NONE,-0.67,-1.35,0.67,-0.67,-0.51,0.5,False
EMP11570,USER,0,NONE,0.0,0.0,-1.35,-0.67,-0.47,0.5,False
EMP12773,USER,0,NONE,-0.67,-2.02,-0.67,0.67,-0.74,0.5,False
EMP11895,USER,0,NONE,0.0,0.67,0.0,0.0,0.17,0.5,False
EMP12731,USER,0,NONE,0.0,-1.35,0.0,-1.35,-0.61,0.5,False
EMP12146,USER,0,NONE,-0.67,0.0,-0.67,0.67,-0.23,0.5,False
EMP10804,USER,1,OFF_HOURS,-0.67,1.35,-0.67,2.02,0.37,0.65,False
EMP11751,USER,1,ENDPOINT,-1.35,0.0,2.7,-1.35,0.0,0.65,False
EMP12454,USER,0,NONE,0.0,-0.67,-0.67,0.0,-0.34,0.5,False
EMP10502,USER,0,NONE,0.0,-0.67,-1.35,-2.02,-0.91,0.5,False
EMP10779,USER,0,NONE,0.0,-0.67,0.67,-1.35,-0.27,0.5,False
EMP11863,USER,0,NONE,1.35,-0.67,0.67,0.0,0.41,0.5,False
EMP10200,USER,0,NONE,0.0,0.0,-1.35,-1.35,-0.61,0.5,False
EMP12182,USER,0,NONE,0.0,-0.67,0.0,-0.67,-0.3,0.5,False
EMP12088,USER,0,NONE,-0.67,0.67,1.35,0.0,0.3,0.5,False
EMP12278,USER,0,NONE,-0.67,-0.67,-1.35,-0.67,-0.84,0.5,False
EMP11796,USER,1,AUTHENTICATION,2.02,1.35,1.35,0.0,1.28,0.65,False
EMP10378,USER,2,AUTHENTICATION|ENDPOINT,2.02,0.67,2.02,1.35,1.55,0.8,True
EMP12336,USER,0,NONE,1.35,0.0,0.67,0.67,0.71,0.5,False
EMP10418,USER,0,NONE,-0.67,-0.67,0.67,-0.67,-0.34,0.5,False
EMP11698,USER,0,NONE,0.0,0.67,-0.67,-1.35,-0.27,0.5,False
EMP10391,USER,2,AUTHENTICATION|NETWORK_IP,2.7,2.02,-0.67,0.67,1.28,0.8,True
EMP12640,USER,0,NONE,-1.35,0.67,0.67,-0.67,-0.2,0.5,False
EMP11522,USER,0,NONE,0.0,-0.67,1.35,0.67,0.3,0.5,False
EMP11162,USER,0,NONE,0.0,0.0,0.0,-0.67,-0.13,0.5,False
EMP11495,USER,0,NONE,0.67,-1.35,0.67,-0.67,-0.1,0.5,False
EMP12695,USER,0,NONE,-0.67,1.35,-0.67,1.35,0.24,0.5,False
EMP12027,USER,1,OFF_HOURS,0.67,1.35,-0.67,2.7,0.91,0.65,False
EMP11152,USER,1,OFF_HOURS,0.67,0.67,1.35,2.02,1.11,0.65,False
EMP11367,USER,0,NONE,0.67,-1.35,0.67,0.67,0.17,0.5,False
EMP12568,USER,0,NONE,-0.67,-1.35,-0.67,-0.67,-0.84,0.5,False
EMP10064,USER,0,NONE,0.0,0.0,1.35,0.0,0.34,0.5,False
EMP12062,USER,0,NONE,-1.35,-0.67,-0.67,-0.67,-0.87,0.5,False
EMP11180,USER,0,NONE,0.0,-0.67,-1.35,-1.35,-0.78,0.5,False
EMP10492,USER,0,NONE,0.0,0.67,1.35,-1.35,0.23,0.5,False
EMP10379,USER,0,NONE,-0.67,-1.35,-1.35,-1.35,-1.15,0.5,False
EMP12235,USER,3,AUTHENTICATION|NETWORK_IP|OFF_HOURS,2.02,4.05,-1.35,3.37,1.96,0.95,True
EMP10763,USER,0,NONE,-0.67,0.0,0.0,0.67,-0.07,0.5,False
EMP12264,USER,1,AUTHENTICATION,2.02,0.67,0.0,0.0,0.77,0.65,False
EMP10791,USER,0,NONE,0.0,0.0,0.67,0.67,0.3,0.5,False
EMP11076,USER,0,NONE,0.0,0.0,0.67,0.67,0.3,0.5,False
EMP10878,USER,1,ENDPOINT,-0.67,-0.67,3.37,-0.67,0.34,0.65,False
EMP10337,USER,0,NONE,0.67,0.0,1.35,0.0,0.54,0.5,False
EMP12767,USER,0,NONE,0.67,0.67,-0.67,0.0,0.2,0.5,False
EMP12343,USER,0,NONE,0.67,0.67,0.0,1.35,0.64,0.5,False
EMP11016,USER,0,NONE,-0.67,-1.35,0.0,0.0,-0.54,0.5,False
EMP11275,USER,0,NONE,1.35,-0.67,0.0,-0.67,0.1,0.5,False
EMP10455,USER,0,NONE,0.0,-0.67,1.35,-0.67,0.04,0.5,False
EMP10815,USER,0,NONE,-1.35,-1.35,-0.67,-0.67,-1.04,0.5,False
EMP12317,USER,0,NONE,-0.67,-0.67,-0.67,0.0,-0.54,0.5,False
EMP10995,USER,0,NONE,0.0,-1.35,-0.67,-1.35,-0.78,0.5,False
EMP11981,USER,0,NONE,-1.35,-2.02,-0.67,-2.02,-1.48,0.5,False
EMP10201,USER,0,NONE,0.0,0.0,-1.35,-1.35,-0.61,0.5,False
EMP10161,USER,0,NONE,-0.67,-0.67,0.0,-1.35,-0.64,0.5,False
EMP11579,USER,0,NONE,-0.67,1.35,-0.67,0.67,0.1,0.5,False
EMP12777,USER,0,NONE,0.0,-0.67,1.35,-1.35,-0.1,0.5,False
EMP12449,USER,0,NONE,0.0,-0.67,0.0,-1.35,-0.44,0.5,False
EMP10702,USER,1,OFF_HOURS,1.35,0.67,-0.67,2.02,0.81,0.65,False
EMP11500,USER,0,NONE,0.0,0.67,-1.35,0.0,-0.17,0.5,False
EMP11129,USER,0,NONE,0.0,-0.67,-1.35,0.0,-0.51,0.5,False
EMP12613,USER,0,NONE,0.67,0.0,-0.67,0.0,0.03,0.5,False
EMP11021,USER,0,NONE,1.35,-0.67,0.0,-1.35,-0.03,0.5,False
EMP11585,USER,0,NONE,0.0,-0.67,0.0,-0.67,-0.3,0.5,False
EMP11955,USER,1,ENDPOINT,1.35,-1.35,2.7,1.35,1.01,0.65,False
EMP12253,USER,0,NONE,-0.67,0.67,1.35,0.0,0.3,0.5,False
EMP10034,USER,0,NONE,-1.35,-0.67,1.35,-2.02,-0.64,0.5,False
EMP10775,USER,0,NONE,1.35,-0.67,0.0,-1.35,-0.03,0.5,False
EMP12556,USER,2,NETWORK_IP|OFF_HOURS,0.67,2.7,0.0,2.02,1.28,0.8,True
EMP11478,USER,0,NONE,0.0,-1.35,-1.35,0.0,-0.68,0.5,False
EMP11390,USER,0,NONE,0.0,0.0,1.35,1.35,0.61,0.5,False
EMP12139,USER,0,NONE,-0.67,0.0,-2.02,0.0,-0.71,0.5,False
EMP11363,USER,0,NONE,0.67,0.67,0.67,0.67,0.67,0.5,False
EMP12945,USER,1,OFF_HOURS,0.67,0.67,0.0,2.7,0.91,0.65,False
EMP12612,USER,1,NETWORK_IP,0.0,2.02,0.0,0.67,0.64,0.65,False
EMP12824,USER,0,NONE,-0.67,-0.67,-1.35,-0.67,-0.84,0.5,False
EMP12041,USER,0,NONE,-1.35,0.0,0.0,-0.67,-0.54,0.5,False
EMP10241,USER,0,NONE,-1.35,-0.67,-0.67,-0.67,-0.87,0.5,False
EMP12061,USER,0,NONE,0.0,-0.67,0.67,-1.35,-0.27,0.5,False
EMP12363,USER,0,NONE,0.0,-1.35,0.0,-0.67,-0.47,0.5,False
EMP10600,USER,1,ENDPOINT,0.0,-2.02,2.02,-1.35,-0.27,0.65,False
EMP12435,USER,0,NONE,0.0,0.67,0.0,0.0,0.17,0.5,False
EMP11297,USER,0,NONE,1.35,0.67,0.0,0.67,0.71,0.5,False
EMP12214,USER,0,NONE,-1.35,-0.67,0.0,0.0,-0.57,0.5,False
EMP12888,USER,0,NONE,-0.67,1.35,0.0,1.35,0.41,0.5,False
EMP12068,USER,0,NONE,0.0,0.67,-0.67,-1.35,-0.27,0.5,False
EMP10646,USER,0,NONE,0.0,-1.35,-0.67,-0.67,-0.64,0.5,False
EMP11528,USER,0,NONE,0.67,-0.67,0.67,-0.67,0.07,0.5,False
EMP12879,USER,0,NONE,1.35,0.0,-0.67,0.0,0.24,0.5,False
EMP11267,USER,1,ENDPOINT,-0.67,0.0,3.37,-0.67,0.51,0.65,False
EMP11899,USER,0,NONE,1.35,-0.67,-0.67,0.67,0.2,0.5,False
EMP10562,USER,1,ENDPOINT,0.67,1.35,3.37,1.35,1.65,0.65,False
EMP12734,USER,0,NONE,-1.35,-1.35,1.35,0.0,-0.41,0.5,False
EMP10189,USER,0,NONE,-0.67,-0.67,-1.35,-0.67,-0.84,0.5,False
EMP11806,USER,0,NONE,1.35,0.67,0.67,-1.35,0.47,0.5,False
EMP10975,USER,0,NONE,-0.67,-0.67,0.0,-0.67,-0.5,0.5,False
EMP12747,USER,1,OFF_HOURS,0.0,-0.67,-0.67,2.02,0.07,0.65,False
EMP12047,USER,0,NONE,0.67,1.35,-0.67,0.0,0.37,0.5,False
EMP12558,USER,2,ENDPOINT|OFF_HOURS,1.35,0.0,2.02,2.02,1.31,0.8,True
EMP11082,USER,0,NONE,0.0,0.0,0.0,-1.35,-0.27,0.5,False
EMP10474,USER,1,NETWORK_IP,0.67,2.02,-0.67,0.0,0.54,0.65,False
EMP12904,USER,0,NONE,0.0,-1.35,-1.35,-1.35,-0.95,0.5,False
EMP10747,USER,2,AUTHENTICATION|OFF_HOURS,2.02,0.67,0.67,2.02,1.34,0.8,True
EMP12300,USER,0,NONE,0.67,0.67,0.22,0.67,0.56,0.5,False
EMP10021,USER,1,ENDPOINT,0.0,-0.67,2.02,-0.67,0.2,0.65,False
EMP10459,USER,0,NONE,0.0,0.67,-0.67,1.35,0.27,0.5,False
EMP11184,USER,0,NONE,-0.67,-1.35,1.35,-1.35,-0.47,0.5,False
EMP12324,USER,0,NONE,-0.67,0.0,0.0,0.0,-0.2,0.5,False
EMP10955,USER,0,NONE,1.35,-0.67,0.67,0.0,0.41,0.5,False
EMP11215,USER,0,NONE,-1.35,0.0,-1.35,0.0,-0.74,0.5,False
EMP12433,USER,0,NONE,0.0,-1.35,0.0,-0.67,-0.47,0.5,False
EMP12853,USER,0,NONE,-1.35,-1.35,0.0,-1.35,-1.01,0.5,False
EMP11515,USER,0,NONE,0.67,-0.67,0.67,-0.67,0.07,0.5,False
EMP12391,USER,0,NONE,0.67,-0.67,0.67,0.0,0.2,0.5,False
EMP10769,USER,0,NONE,-0.67,0.67,0.67,1.35,0.4,0.5,False
EMP11685,USER,0,NONE,-0.67,-0.67,-2.02,-0.67,-1.01,0.5,False
EMP10130,USER,0,NONE,-0.67,-0.67,-1.35,-0.67,-0.84,0.5,False
EMP12919,USER,0,NONE,0.0,1.35,0.67,0.67,0.64,0.5,False
EMP12135,USER,1,ENDPOINT,-1.35,-1.35,2.02,0.0,-0.24,0.65,False
EMP11482,USER,0,NONE,-1.35,-2.02,0.67,-1.35,-1.01,0.5,False
EMP10330,USER,1,ENDPOINT,0.0,0.67,2.7,0.67,0.98,0.65,False
EMP11238,USER,0,NONE,1.35,1.35,0.67,1.35,1.18,0.5,False
EMP10466,USER,2,AUTHENTICATION|OFF_HOURS,2.02,0.67,-1.35,2.7,0.98,0.8,True
EMP12169,USER,0,NONE,0.0,-0.67,0.67,0.0,0.0,0.5,False
EMP11638,USER,1,ENDPOINT,0.0,0.0,2.02,0.67,0.64,0.65,False
EMP11095,USER,0,NONE,-0.67,-2.02,1.12,0.0,-0.43,0.5,False
EMP11130,USER,2,AUTHENTICATION|ENDPOINT,2.7,1.35,2.7,1.35,2.09,0.8,True
EMP11294,USER,0,NONE,-0.67,-0.67,0.67,-0.67,-0.34,0.5,False
EMP10860,USER,0,NONE,-0.67,-0.67,-1.35,-0.67,-0.84,0.5,False
LPT-10321.corp.local,HOST,0,NONE,0.0,0.0,0.0,0.0,0.0,0.5,False
vdr-11746,HOST,0,NONE,0.0,0.0,0.0,0.0,0.0,0.5,False
vdr-10354,HOST,0,NONE,0.0,0.0,0.0,0.0,0.0,0.5,False
VDR_12159,HOST,0,NONE,0.0,0.0,0.0,0.0,0.0,0.5,False
LPT-12644.corp.local,HOST,0,NONE,0.0,1.0,0.0,0.0,0.4,0.5,False
LPT_12522,HOST,0,NONE,0.0,1.0,0.0,0.0,0.4,0.5,False
lpt-12780,HOST,0,NONE,0.0,0.0,0.0,0.0,0.0,0.5,False
ws-11994,HOST,0,NONE,0.0,1.0,0.0,0.0,0.4,0.5,False
VDR-12119,HOST,0,NONE,0.0,0.0,2.0,0.0,0.6,0.5,False
VDR-10929,HOST,1,ENDPOINT,0.0,0.0,3.0,0.0,0.9,0.65,False
WS-11672,HOST,1,ENDPOINT,0.0,2.0,4.0,0.0,2.0,0.65,False
VDR-10825.corp.local,HOST,0,NONE,0.0,0.0,0.0,0.0,0.0,0.5,False
VDR-11910,HOST,0,NONE,0.0,1.0,1.0,0.0,0.7,0.5,False
vdr-12579,HOST,0,NONE,0.0,0.0,0.0,0.0,0.0,0.5,False
ws-11393,HOST,0,NONE,0.0,1.0,0.0,0.0,0.4,0.5,False
WS-10117.corp.local,HOST,0,NONE,0.0,0.0,0.0,0.0,0.0,0.5,False
WS-10190,HOST,1,ENDPOINT,0.0,0.0,5.0,0.0,1.5,0.65,False
LPT-12169,HOST,1,ENDPOINT,0.0,0.0,4.0,0.0,1.2,0.65,False
lpt-10107,HOST,0,NONE,0.0,1.0,0.0,0.0,0.4,0.5,False
lpt-10414,HOST,0,NONE,0.0,0.0,0.0,0.0,0.0,0.5,False
LPT-11281,HOST,0,NONE,0.0,0.0,2.0,0.0,0.6,0.5,False
WS-11696,HOST,0,NONE,0.0,1.0,2.0,0.0,1.0,0.5,False
WS-10970,HOST,1,ENDPOINT,0.0,1.0,3.0,0.0,1.3,0.65,False
LPT_12813,HOST,0,NONE,0.0,0.0,0.0,0.0,0.0,0.5,False
VDR-12775.,HOST,0,NONE,0.0,0.0,0.0,0.0,0.0,0.5,False
VDR-12225,HOST,2,FIREWALL_DENY|ENDPOINT,0.0,3.0,7.0,0.0,3.3,0.8,True
LPT_10763,HOST,0,NONE,0.0,0.0,0.0,0.0,0.0,0.5,False
LPT-12643.corp.local,HOST,0,NONE,0.0,0.0,0.0,0.0,0.0,0.5,False
LPT-12699,HOST,1,ENDPOINT,0.0,0.0,5.0,0.0,1.5,0.65,False
LPT-11928.corp.local,HOST,0,NONE,0.0,1.0,0.0,0.0,0.4,0.5,False
WS-11437,HOST,0,NONE,0.0,1.0,2.0,0.0,1.0,0.5,False
vdr-12178,HOST,0,NONE,0.0,0.0,0.0,0.0,0.0,0.5,False
VDR-10960.corp.local,HOST,0,NONE,0.0,0.0,0.0,0.0,0.0,0.5,False
lpt-10364,HOST,0,NONE,0.0,0.0,0.0,0.0,0.0,0.5,False
LPT-11627,HOST,1,ENDPOINT,0.0,1.0,3.0,0.0,1.3,0.65,False
vdr-10924,HOST,0,NONE,0.0,0.0,0.0,0.0,0.0,0.5,False
VDR-11487,HOST,1,ENDPOINT,0.0,1.0,4.0,0.0,1.6,0.65,False
VDR-10299,HOST,0,NONE,0.0,0.0,2.0,0.0,0.6,0.5,False
LPT-10127,HOST,0,NONE,0.0,1.0,2.0,0.0,1.0,0.5,False
LPT-10418,HOST,1,ENDPOINT,0.0,2.0,3.0,0.0,1.7,0.65,False
lpt-12014,HOST,0,NONE,0.0,0.0,0.0,0.0,0.0,0.5,False
VDR-10010,HOST,0,NONE,0.0,1.0,0.0,0.0,0.4,0.5,False
LPT-10375,HOST,0,NONE,0.0,2.0,1.0,0.0,1.1,0.5,False
VDR_12936,HOST,0,NONE,0.0,0.0,0.0,0.0,0.0,0.5,False
LPT_10496,HOST,0,NONE,0.0,1.0,0.0,0.0,0.4,0.5,False
VDR-10387.corp.local,HOST,0,NONE,0.0,2.0,0.0,0.0,0.8,0.5,False
VDR-10940,HOST,0,NONE,0.0,0.0,2.0,0.0,0.6,0.5,False
VDR-10744,HOST,1,ENDPOINT,0.0,2.0,4.0,0.0,2.0,0.65,False
ws-11172,HOST,0,NONE,0.0,0.0,0.0,0.0,0.0,0.5,False
VDR_11068,HOST,0,NONE,0.0,0.0,0.0,0.0,0.0,0.5,False
lpt-11903,HOST,0,NONE,0.0,0.0,0.0,0.0,0.0,0.5,False
lpt-12349,HOST,0,NONE,0.0,0.0,0.0,0.0,0.0,0.5,False
ws-10128,HOST,0,NONE,0.0,1.0,0.0,0.0,0.4,0.5,False
LPT-11185.corp.local,HOST,0,NONE,0.0,2.0,0.0,0.0,0.8,0.5,False
VDR_12958,HOST,0,NONE,0.0,0.0,0.0,0.0,0.0,0.5,False
LPT_10905,HOST,0,NONE,0.0,0.0,0.0,0.0,0.0,0.5,False
VDR-10168,HOST,1,ENDPOINT,0.0,1.0,3.0,0.0,1.3,0.65,False
WS-10874,HOST,1,ENDPOINT,0.0,1.0,3.0,0.0,1.3,0.65,False
VDR-10621,HOST,0,NONE,0.0,2.0,1.0,0.0,1.1,0.5,False
WS-11953,HOST,1,ENDPOINT,0.0,1.0,3.0,0.0,1.3,0.65,False
LPT-12475.,HOST,0,NONE,0.0,0.0,0.0,0.0,0.0,0.5,False
VDR_12663,HOST,0,NONE,0.0,1.0,0.0,0.0,0.4,0.5,False
ws-11952,HOST,0,NONE,0.0,0.0,0.0,0.0,0.0,0.5,False
WS-11365,HOST,2,FIREWALL_DENY|ENDPOINT,0.0,3.0,3.0,0.0,2.1,0.8,True
WS-12549,HOST,1,FIREWALL_DENY,0.0,4.0,1.0,0.0,1.9,0.65,False
WS-12910.corp.local,HOST,0,NONE,0.0,0.0,0.0,0.0,0.0,0.5,False
WS-10969,HOST,0,NONE,0.0,0.0,2.0,0.0,0.6,0.5,False
VDR-12554.corp.local,HOST,0,NONE,0.0,1.0,0.0,0.0,0.4,0.5,False
LPT-11887.corp.local,HOST,0,NONE,0.0,0.0,0.0,0.0,0.0,0.5,False
WS-12409.corp.local,HOST,0,NONE,0.0,0.0,0.0,0.0,0.0,0.5,False
VDR_10667,HOST,0,NONE,0.0,1.0,0.0,0.0,0.4,0.5,False
VDR_11575,HOST,0,NONE,0.0,1.0,0.0,0.0,0.4,0.5,False
VDR-10279.corp.local,HOST,1,FIREWALL_DENY,0.0,3.0,0.0,0.0,1.2,0.65,False
LPT-10931,HOST,0,NONE,0.0,1.0,0.0,0.0,0.4,0.5,False
VDR-11166.corp.local,HOST,0,NONE,0.0,0.0,0.0,0.0,0.0,0.5,False
VDR-10793,HOST,0,NONE,0.0,2.0,2.0,0.0,1.4,0.5,False
vdr-12308,HOST,0,NONE,0.0,1.0,0.0,0.0,0.4,0.5,False
VDR-10396,HOST,1,FIREWALL_DENY,0.0,3.0,1.0,0.0,1.5,0.65,False
VDR_12618,HOST,0,NONE,0.0,0.0,0.0,0.0,0.0,0.5,False
VDR-12978,HOST,0,NONE,0.0,2.0,1.0,0.0,1.1,0.5,False
LPT_12852,HOST,0,NONE,0.0,0.0,0.0,0.0,0.0,0.5,False
LPT_11577,HOST,0,NONE,0.0,0.0,0.0,0.0,0.0,0.5,False
LPT-10129.corp.local,HOST,0,NONE,0.0,0.0,0.0,0.0,0.0,0.5,False
LPT-11062,HOST,2,FIREWALL_DENY|ENDPOINT,0.0,3.0,4.0,0.0,2.4,0.8,True
LPT-11705.corp.local,HOST,0,NONE,0.0,2.0,0.0,0.0,0.8,0.5,False
WS-12337.corp.local,HOST,0,NONE,0.0,0.0,0.0,0.0,0.0,0.5,False
LPT-12657,HOST,0,NONE,0.0,1.0,1.0,0.0,0.7,0.5,False
WS-12337,HOST,1,ENDPOINT,0.0,2.0,4.0,0.0,2.0,0.65,False
VDR_12367,HOST,0,NONE,0.0,0.0,0.0,0.0,0.0,0.5,False
WS-12283,HOST,2,FIREWALL_DENY|ENDPOINT,0.0,4.0,3.0,0.0,2.5,0.8,True
LPT-11274,HOST,1,FIREWALL_DENY,0.0,3.0,1.0,0.0,1.5,0.65,False
LPT-12253.corp.local,HOST,0,NONE,0.0,0.0,0.0,0.0,0.0,0.5,False
VDR-12367,HOST,1,ENDPOINT,0.0,0.0,3.0,0.0,0.9,0.65,False
ws-12559,HOST,0,NONE,0.0,0.0,0.0,0.0,0.0,0.5,False
LPT-12763,HOST,0,NONE,0.0,0.0,2.0,0.0,0.6,0.5,False
lpt-11597,HOST,0,NONE,0.0,0.0,0.0,0.0,0.0,0.5,False
LPT_11887,HOST,0,NONE,0.0,0.0,0.0,0.0,0.0,0.5,False
WS_10264,HOST,0,NONE,0.0,0.0,0.0,0.0,0.0,0.5,False
VDR-11091.corp.local,HOST,0,NONE,0.0,0.0,0.0,0.0,0.0,0.5,False
ws-11873,HOST,0,NONE,0.0,1.0,0.0,0.0,0.4,0.5,False
WS_10970,HOST,0,NONE,0.0,0.0,0.0,0.0,0.0,0.5,False
WS-11590,HOST,0,NONE,0.0,1.0,1.0,0.0,0.7,0.5,False
LPT-10378,HOST,1,ENDPOINT,0.0,1.0,6.0,0.0,2.2,0.65,False
WS_11260,HOST,0,NONE,0.0,0.0,0.0,0.0,0.0,0.5,False
vdr-11068,HOST,0,NONE,0.0,0.0,0.0,0.0,0.0,0.5,False
WS_12874,HOST,0,NONE,0.0,0.0,0.0,0.0,0.0,0.5,False
lpt-12292,HOST,0,NONE,0.0,0.0,0.0,0.0,0.0,0.5,False
WS-12204,HOST,0,NONE,0.0,2.0,1.0,0.0,1.1,0.5,False
LPT-12285,HOST,1,FIREWALL_DENY,0.0,3.0,2.0,0.0,1.8,0.65,False
lpt-12378,HOST,0,NONE,0.0,1.0,0.0,0.0,0.4,0.5,False
VDR-12137.corp.local,HOST,0,NONE,0.0,1.0,0.0,0.0,0.4,0.5,False
LPT-11322,HOST,1,ENDPOINT,0.0,1.0,5.0,0.0,1.9,0.65,False
LPT_12644,HOST,0,NONE,0.0,0.0,0.0,0.0,0.0,0.5,False
lpt-11918,HOST,0,NONE,0.0,0.0,0.0,0.0,0.0,0.5,False
ws-12047,HOST,0,NONE,0.0,1.0,0.0,0.0,0.4,0.5,False
lpt-11631,HOST,0,NONE,0.0,1.0,0.0,0.0,0.4,0.5,False
VDR-10924.corp.local,HOST,0,NONE,0.0,0.0,0.0,0.0,0.0,0.5,False
vdr-12562,HOST,0,NONE,0.0,0.0,0.0,0.0,0.0,0.5,False
ws-11111,HOST,0,NONE,0.0,0.0,0.0,0.0,0.0,0.5,False
VDR-11858,HOST,1,ENDPOINT,0.0,1.0,3.0,0.0,1.3,0.65,False
ws-10369,HOST,0,NONE,0.0,0.0,0.0,0.0,0.0,0.5,False
LPT-11627.corp.local,HOST,0,NONE,0.0,0.0,0.0,0.0,0.0,0.5,False
VDR_11302,HOST,0,NONE,0.0,0.0,0.0,0.0,0.0,0.5,False
VDR-12499,HOST,1,ENDPOINT,0.0,0.0,5.0,0.0,1.5,0.65,False
VDR_10886,HOST,0,NONE,0.0,0.0,0.0,0.0,0.0,0.5,False
WS-10786,HOST,0,NONE,0.0,1.0,2.0,0.0,1.0,0.5,False
vdr-10248,HOST,0,NONE,0.0,1.0,0.0,0.0,0.4,0.5,False
VDR-11407,HOST,0,NONE,0.0,2.0,0.0,0.0,0.8,0.5,False
vdr-11752,HOST,0,NONE,0.0,0.0,0.0,0.0,0.0,0.5,False
LPT_10851,HOST,0,NONE,0.0,1.0,0.0,0.0,0.4,0.5,False
WS_10579,HOST,0,NONE,0.0,1.0,0.0,0.0,0.4,0.5,False
VDR_12113,HOST,0,NONE,0.0,0.0,0.0,0.0,0.0,0.5,False
VDR-12836.corp.local,HOST,0,NONE,0.0,0.0,0.0,0.0,0.0,0.5,False
VDR-12770.corp.local,HOST,0,NONE,0.0,0.0,0.0,0.0,0.0,0.5,False
LPT-12969,HOST,0,NONE,0.0,0.0,2.0,0.0,0.6,0.5,False
LPT_12584,HOST,0,NONE,0.0,0.0,0.0,0.0,0.0,0.5,False
WS_11242,HOST,0,NONE,0.0,0.0,0.0,0.0,0.0,0.5,False
vdr-12922,HOST,0,NONE,0.0,0.0,0.0,0.0,0.0,0.5,False
WS-11395.corp.local,HOST,0,NONE,0.0,0.0,0.0,0.0,0.0,0.5,False
LPT-11781.corp.local,HOST,0,NONE,0.0,0.0,0.0,0.0,0.0,0.5,False
VDR-10778.corp.local,HOST,0,NONE,0.0,0.0,0.0,0.0,0.0,0.5,False
VDR-10768,HOST,0,NONE,0.0,2.0,1.0,0.0,1.1,0.5,False
LPT-12207,HOST,0,NONE,0.0,0.0,1.0,0.0,0.3,0.5,False
lpt-10188,HOST,0,NONE,0.0,1.0,0.0,0.0,0.4,0.5,False
vdr-10328,HOST,0,NONE,0.0,1.0,0.0,0.0,0.4,0.5,False
lpt-10021,HOST,0,NONE,0.0,0.0,0.0,0.0,0.0,0.5,False
VDR-11575,HOST,0,NONE,0.0,2.0,2.0,0.0,1.4,0.5,False
WS_11939,HOST,0,NONE,0.0,0.0,0.0,0.0,0.0,0.5,False
vdr-10072,HOST,0,NONE,0.0,0.0,0.0,0.0,0.0,0.5,False
WS-10606.,HOST,0,NONE,0.0,0.0,0.0,0.0,0.0,0.5,False
LPT-10439.corp.local,HOST,0,NONE,0.0,0.0,0.0,0.0,0.0,0.5,False
LPT-12681,HOST,1,ENDPOINT,0.0,1.0,4.0,0.0,1.6,0.65,False
VDR-11874.,HOST,0,NONE,0.0,0.0,0.0,0.0,0.0,0.5,False
VDR-12071.corp.local,HOST,0,NONE,0.0,0.0,0.0,0.0,0.0,0.5,False
LPT_10479,HOST,0,NONE,0.0,0.0,0.0,0.0,0.0,0.5,False
vdr-11509,HOST,0,NONE,0.0,0.0,0.0,0.0,0.0,0.5,False
LPT-11202,HOST,1,FIREWALL_DENY,0.0,6.0,1.0,0.0,2.7,0.65,False
LPT-12904.corp.local,HOST,0,NONE,0.0,0.0,0.0,0.0,0.0,0.5,False
ws-10711,HOST,0,NONE,0.0,1.0,0.0,0.0,0.4,0.5,False
lpt-11638,HOST,0,NONE,0.0,0.0,0.0,0.0,0.0,0.5,False
WS-11672.,HOST,0,NONE,0.0,0.0,0.0,0.0,0.0,0.5,False
VDR-10040,HOST,1,ENDPOINT,0.0,2.0,5.0,0.0,2.3,0.65,False
WS-12619,HOST,0,NONE,0.0,0.0,1.0,0.0,0.3,0.5,False
vdr-12441,HOST,0,NONE,0.0,1.0,0.0,0.0,0.4,0.5,False
vdr-10929,HOST,0,NONE,0.0,0.0,0.0,0.0,0.0,0.5,False
WS-11624.corp.local,HOST,0,NONE,0.0,0.0,0.0,0.0,0.0,0.5,False
LPT-12657.corp.local,HOST,0,NONE,0.0,1.0,0.0,0.0,0.4,0.5,False
LPT_10745,HOST,0,NONE,0.0,1.0,0.0,0.0,0.4,0.5,False
LPT-10639.corp.local,HOST,0,NONE,0.0,0.0,0.0,0.0,0.0,0.5,False
WS-12509,HOST,0,NONE,0.0,2.0,2.0,0.0,1.4,0.5,False
ws-10351,HOST,0,NONE,0.0,0.0,0.0,0.0,0.0,0.5,False
vdr-11083,HOST,0,NONE,0.0,1.0,0.0,0.0,0.4,0.5,False
lpt-12505,HOST,0,NONE,0.0,0.0,0.0,0.0,0.0,0.5,False
WS-12933,HOST,0,NONE,0.0,1.0,0.0,0.0,0.4,0.5,False
vdr-12054,HOST,0,NONE,0.0,0.0,0.0,0.0,0.0,0.5,False
LPT-10581.corp.local,HOST,0,NONE,0.0,0.0,0.0,0.0,0.0,0.5,False
VDR-12893.corp.local,HOST,0,NONE,0.0,0.0,0.0,0.0,0.0,0.5,False
LPT-12375,HOST,1,ENDPOINT,0.0,0.0,3.0,0.0,0.9,0.65,False
LPT-11597.corp.local,HOST,0,NONE,0.0,0.0,0.0,0.0,0.0,0.5,False
LPT-12569,HOST,0,NONE,0.0,2.0,0.0,0.0,0.8,0.5,False
LPT-12080.corp.local,HOST,0,NONE,0.0,0.0,0.0,0.0,0.0,0.5,False
ws-11043,HOST,0,NONE,0.0,1.0,0.0,0.0,0.4,0.5,False
lpt-10066,HOST,0,NONE,0.0,1.0,0.0,0.0,0.4,0.5,False
WS-11289,HOST,1,ENDPOINT,0.0,2.0,5.0,0.0,2.3,0.65,False
lpt-11816,HOST,0,NONE,0.0,1.0,0.0,0.0,0.4,0.5,False
LPT-12245,HOST,1,ENDPOINT,0.0,1.0,3.0,0.0,1.3,0.65,False
LPT-11176.corp.local,HOST,0,NONE,0.0,0.0,0.0,0.0,0.0,0.5,False
VDR_10672,HOST,0,NONE,0.0,0.0,0.0,0.0,0.0,0.5,False
LPT_11300,HOST,0,NONE,0.0,0.0,0.0,0.0,0.0,0.5,False
LPT-11011.corp.local,HOST,0,NONE,0.0,0.0,0.0,0.0,0.0,0.5,False
LPT-12167.corp.local,HOST,0,NONE,0.0,0.0,0.0,0.0,0.0,0.5,False
LPT_12921,HOST,0,NONE,0.0,0.0,0.0,0.0,0.0,0.5,False
lpt-11278,HOST,0,NONE,0.0,1.0,0.0,0.0,0.4,0.5,False
ws-11553,HOST,0,NONE,0.0,0.0,0.0,0.0,0.0,0.5,False
VDR-11980,HOST,0,NONE,0.0,0.0,2.0,0.0,0.6,0.5,False
lpt-11065,HOST,0,NONE,0.0,1.0,0.0,0.0,0.4,0.5,False
ws-11000,HOST,0,NONE,0.0,2.0,0.0,0.0,0.8,0.5,False
VDR-10555,HOST,1,FIREWALL_DENY,0.0,3.0,2.0,0.0,1.8,0.65,False
vdr-10079,HOST,0,NONE,0.0,1.0,0.0,0.0,0.4,0.5,False
LPT_12289,HOST,0,NONE,0.0,0.0,0.0,0.0,0.0,0.5,False
VDR-12804,HOST,1,ENDPOINT,0.0,1.0,3.0,0.0,1.3,0.65,False
VDR-10473,HOST,1,FIREWALL_DENY,0.0,4.0,2.0,0.0,2.2,0.65,False
VDR_12857,HOST,0,NONE,0.0,0.0,0.0,0.0,0.0,0.5,False
LPT-11170,HOST,1,ENDPOINT,0.0,1.0,3.0,0.0,1.3,0.65,False
WS-10984.corp.local,HOST,0,NONE,0.0,1.0,0.0,0.0,0.4,0.5,False
ws-12192,HOST,0,NONE,0.0,1.0,0.0,0.0,0.4,0.5,False
LPT-10748,HOST,0,NONE,0.0,0.0,0.0,0.0,0.0,0.5,False
WS-12104,HOST,1,ENDPOINT,0.0,1.0,3.0,0.0,1.3,0.65,False
VDR-10147,HOST,0,NONE,0.0,2.0,1.0,0.0,1.1,0.5,False
WS_10266,HOST,0,NONE,0.0,0.0,0.0,0.0,0.0,0.5,False
WS-10974.corp.local,HOST,0,NONE,0.0,0.0,0.0,0.0,0.0,0.5,False
LPT-11937.corp.local,HOST,0,NONE,0.0,1.0,0.0,0.0,0.4,0.5,False
ws-11730,HOST,0,NONE,0.0,0.0,0.0,0.0,0.0,0.5,False
VDR-12490.corp.local,HOST,0,NONE,0.0,0.0,0.0,0.0,0.0,0.5,False
lpt-11707,HOST,0,NONE,0.0,0.0,0.0,0.0,0.0,0.5,False
LPT-10374,HOST,2,FIREWALL_DENY|ENDPOINT,0.0,4.0,4.0,0.0,2.8,0.8,True
WS_12952,HOST,0,NONE,0.0,0.0,0.0,0.0,0.0,0.5,False
VDR-10147.corp.local,HOST,0,NONE,0.0,1.0,0.0,0.0,0.4,0.5,False
vdr-10628,HOST,0,NONE,0.0,0.0,0.0,0.0,0.0,0.5,False
WS-11743.corp.local,HOST,0,NONE,0.0,2.0,0.0,0.0,0.8,0.5,False
LPT-10789,HOST,1,ENDPOINT,0.0,0.0,3.0,0.0,0.9,0.65,False
VDR-11594,HOST,1,FIREWALL_DENY,0.0,4.0,2.0,0.0,2.2,0.65,False
vdr-10662,HOST,0,NONE,0.0,1.0,0.0,0.0,0.4,0.5,False
ws-10844,HOST,0,NONE,0.0,0.0,0.0,0.0,0.0,0.5,False
WS-12850,HOST,1,ENDPOINT,0.0,2.0,3.0,0.0,1.7,0.65,False
lpt-12257,HOST,0,NONE,0.0,0.0,0.0,0.0,0.0,0.5,False
WS-12391,HOST,1,ENDPOINT,0.0,2.0,4.0,0.0,2.0,0.65,False
VDR_12823,HOST,0,NONE,0.0,0.0,0.0,0.0,0.0,0.5,False
WS_10945,HOST,0,NONE,0.0,1.0,0.0,0.0,0.4,0.5,False
VDR-10937.corp.local,HOST,0,NONE,0.0,0.0,0.0,0.0,0.0,0.5,False
WS-11994,HOST,0,NONE,0.0,0.0,1.0,0.0,0.3,0.5,False
VDR-12919,HOST,1,ENDPOINT,0.0,0.0,3.0,0.0,0.9,0.65,False
WS-11395,HOST,0,NONE,0.0,2.0,1.0,0.0,1.1,0.5,False
LPT_10860,HOST,0,NONE,0.0,1.0,0.0,0.0,0.4,0.5,False
LPT-11726,HOST,0,NONE,0.0,2.0,2.0,0.0,1.4,0.5,False
lpt-11371,HOST,0,NONE,0.0,2.0,0.0,0.0,0.8,0.5,False
LPT-10127.corp.local,HOST,0,NONE,0.0,0.0,0.0,0.0,0.0,0.5,False
ws-11462,HOST,0,NONE,0.0,0.0,0.0,0.0,0.0,0.5,False
VDR_11525,HOST,0,NONE,0.0,0.0,0.0,0.0,0.0,0.5,False
VDR-11179,HOST,1,ENDPOINT,0.0,1.0,3.0,0.0,1.3,0.65,False
WS_12923,HOST,0,NONE,0.0,0.0,0.0,0.0,0.0,0.5,False
vdr-12113,HOST,0,NONE,0.0,0.0,0.0,0.0,0.0,0.5,False
LPT-12182,HOST,0,NONE,0.0,1.0,2.0,0.0,1.0,0.5,False
LPT-10520,HOST,0,NONE,0.0,1.0,2.0,0.0,1.0,0.5,False
ws-10379,HOST,0,NONE,0.0,0.0,0.0,0.0,0.0,0.5,False
lpt-12792,HOST,0,NONE,0.0,1.0,0.0,0.0,0.4,0.5,False
WS-11372.corp.local,HOST,0,NONE,0.0,1.0,0.0,0.0,0.4,0.5,False
WS-12327,HOST,1,ENDPOINT,0.0,1.0,3.0,0.0,1.3,0.65,False
WS-11879.corp.local,HOST,0,NONE,0.0,0.0,0.0,0.0,0.0,0.5,False
WS_10263,HOST,0,NONE,0.0,0.0,0.0,0.0,0.0,0.5,False
vdr-10825,HOST,0,NONE,0.0,1.0,0.0,0.0,0.4,0.5,False
WS-12307,HOST,1,ENDPOINT,0.0,2.0,3.0,0.0,1.7,0.65,False
WS_11469,HOST,0,NONE,0.0,0.0,0.0,0.0,0.0,0.5,False
LPT_12182,HOST,0,NONE,0.0,0.0,0.0,0.0,0.0,0.5,False
VDR-12886,HOST,0,NONE,0.0,1.0,2.0,0.0,1.0,0.5,False
LPT-11341,HOST,0,NONE,0.0,0.0,1.0,0.0,0.3,0.5,False
LPT-11728,HOST,0,NONE,0.0,1.0,2.0,0.0,1.0,0.5,False
LPT-10002,HOST,0,NONE,0.0,2.0,2.0,0.0,1.4,0.5,False
WS-11084,HOST,1,FIREWALL_DENY,0.0,4.0,2.0,0.0,2.2,0.65,False
WS-12846,HOST,0,NONE,0.0,2.0,2.0,0.0,1.4,0.5,False
vdr-10638,HOST,0,NONE,0.0,0.0,0.0,0.0,0.0,0.5,False
VDR-12313,HOST,1,FIREWALL_DENY,0.0,3.0,2.0,0.0,1.8,0.65,False
lpt-11741,HOST,0,NONE,0.0,1.0,0.0,0.0,0.4,0.5,False
lpt-10416,HOST,0,NONE,0.0,0.0,0.0,0.0,0.0,0.5,False
ws-11515,HOST,0,NONE,0.0,0.0,0.0,0.0,0.0,0.5,False
WS_10155,HOST,0,NONE,0.0,1.0,0.0,0.0,0.4,0.5,False
lpt-12517,HOST,0,NONE,0.0,0.0,0.0,0.0,0.0,0.5,False
LPT-10323,HOST,1,ENDPOINT,0.0,1.0,4.0,0.0,1.6,0.65,False
VDR_10778,HOST,0,NONE,0.0,0.0,0.0,0.0,0.0,0.5,False
WS_10344,HOST,0,NONE,0.0,1.0,0.0,0.0,0.4,0.5,False
lpt-12921,HOST,0,NONE,0.0,0.0,0.0,0.0,0.0,0.5,False
LPT_12653,HOST,0,NONE,0.0,0.0,0.0,0.0,0.0,0.5,False
WS-12594,HOST,1,ENDPOINT,0.0,1.0,5.0,0.0,1.9,0.65,False
ws-12589,HOST,0,NONE,0.0,1.0,0.0,0.0,0.4,0.5,False
VDR-12692,HOST,0,NONE,0.0,1.0,2.0,0.0,1.0,0.5,False
WS_10287,HOST,0,NONE,0.0,0.0,0.0,0.0,0.0,0.5,False
LPT-10089,HOST,1,FIREWALL_DENY,0.0,4.0,2.0,0.0,2.2,0.65,False
LPT-10298.corp.local,HOST,0,NONE,0.0,2.0,0.0,0.0,0.8,0.5,False
LPT-11335,HOST,2,FIREWALL_DENY|ENDPOINT,0.0,3.0,6.0,0.0,3.0,0.8,True
LPT-10197.corp.local,HOST,0,NONE,0.0,0.0,0.0,0.0,0.0,0.5,False
VDR-10887,HOST,0,NONE,0.0,0.0,1.0,0.0,0.3,0.5,False
vdr-12932,HOST,0,NONE,0.0,1.0,0.0,0.0,0.4,0.5,False
LPT_11908,HOST,0,NONE,0.0,0.0,0.0,0.0,0.0,0.5,False
WS_11737,HOST,0,NONE,0.0,0.0,0.0,0.0,0.0,0.5,False
ws-10287,HOST,0,NONE,0.0,0.0,0.0,0.0,0.0,0.5,False
WS-12363,HOST,0,NONE,0.0,2.0,2.0,0.0,1.4,0.5,False
LPT-11683.corp.local,HOST,0,NONE,0.0,0.0,0.0,0.0,0.0,0.5,False
VDR-10614,HOST,1,ENDPOINT,0.0,2.0,4.0,0.0,2.0,0.65,False
VDR-11660,HOST,1,ENDPOINT,0.0,2.0,4.0,0.0,2.0,0.65,False
WS-10034,HOST,1,ENDPOINT,0.0,1.0,4.0,0.0,1.6,0.65,False
VDR_10527,HOST,0,NONE,0.0,0.0,0.0,0.0,0.0,0.5,False
VDR_12994,HOST,0,NONE,0.0,0.0,0.0,0.0,0.0,0.5,False
VDR_11292,HOST,0,NONE,0.0,0.0,0.0,0.0,0.0,0.5,False
VDR_12991,HOST,0,NONE,0.0,0.0,0.0,0.0,0.0,0.5,False
VDR-11848.corp.local,HOST,0,NONE,0.0,1.0,0.0,0.0,0.4,0.5,False
vdr-10830,HOST,0,NONE,0.0,0.0,0.0,0.0,0.0,0.5,False
VDR-12883,HOST,0,NONE,0.0,1.0,2.0,0.0,1.0,0.5,False
vdr-10990,HOST,0,NONE,0.0,1.0,0.0,0.0,0.4,0.5,False
VDR-11757.corp.local,HOST,0,NONE,0.0,0.0,0.0,0.0,0.0,0.5,False
WS_11384,HOST,0,NONE,0.0,0.0,0.0,0.0,0.0,0.5,False
VDR-11330,HOST,1,ENDPOINT,0.0,2.0,3.0,0.0,1.7,0.65,False
WS-10471.corp.local,HOST,0,NONE,0.0,1.0,0.0,0.0,0.4,0.5,False
WS-10602,HOST,0,NONE,0.0,2.0,2.0,0.0,1.4,0.5,False
ws-10276,HOST,0,NONE,0.0,0.0,0.0,0.0,0.0,0.5,False
VDR_11660,HOST,0,NONE,0.0,0.0,0.0,0.0,0.0,0.5,False
WS-11111.corp.local,HOST,0,NONE,0.0,0.0,0.0,0.0,0.0,0.5,False
WS-12879.corp.local,HOST,0,NONE,0.0,0.0,0.0,0.0,0.0,0.5,False
VDR-11231.corp.local,HOST,0,NONE,0.0,1.0,0.0,0.0,0.4,0.5,False
VDR_11832,HOST,0,NONE,0.0,1.0,0.0,0.0,0.4,0.5,False
WS-12952.corp.local,HOST,0,NONE,0.0,1.0,0.0,0.0,0.4,0.5,False
vdr-11771,HOST,0,NONE,0.0,1.0,0.0,0.0,0.4,0.5,False
LPT-12354,HOST,1,ENDPOINT,0.0,2.0,4.0,0.0,2.0,0.65,False
vdr-10110,HOST,0,NONE,0.0,1.0,0.0,0.0,0.4,0.5,False
VDR_10108,HOST,0,NONE,0.0,0.0,0.0,0.0,0.0,0.5,False
WS_10301,HOST,0,NONE,0.0,0.0,0.0,0.0,0.0,0.5,False
LPT-12300.corp.local,HOST,0,NONE,0.0,0.0,0.0,0.0,0.0,0.5,False
WS-10281.corp.local,HOST,0,NONE,0.0,1.0,0.0,0.0,0.4,0.5,False
WS-12909.corp.local,HOST,0,NONE,0.0,0.0,0.0,0.0,0.0,0.5,False
WS_11641,HOST,0,NONE,0.0,0.0,0.0,0.0,0.0,0.5,False
VDR_10510,HOST,0,NONE,0.0,1.0,0.0,0.0,0.4,0.5,False
VDR_11757,HOST,0,NONE,0.0,0.0,0.0,0.0,0.0,0.5,False
VDR-12362.corp.local,HOST,0,NONE,0.0,1.0,0.0,0.0,0.4,0.5,False
LPT_12380,HOST,0,NONE,0.0,0.0,0.0,0.0,0.0,0.5,False
LPT-10414.corp.local,HOST,0,NONE,0.0,0.0,0.0,0.0,0.0,0.5,False
LPT-10663,HOST,0,NONE,0.0,2.0,2.0,0.0,1.4,0.5,False
WS-11464,HOST,2,FIREWALL_DENY|ENDPOINT,0.0,3.0,3.0,0.0,2.1,0.8,True
LPT-10395,HOST,0,NONE,0.0,2.0,0.0,0.0,0.8,0.5,False
vdr-11206,HOST,0,NONE,0.0,2.0,0.0,0.0,0.8,0.5,False
LPT-10560.corp.local,HOST,0,NONE,0.0,1.0,0.0,0.0,0.4,0.5,False
LPT-11615.corp.local,HOST,0,NONE,0.0,1.0,0.0,0.0,0.4,0.5,False
lpt-12197,HOST,0,NONE,0.0,1.0,0.0,0.0,0.4,0.5,False
ws-11641,HOST,0,NONE,0.0,0.0,0.0,0.0,0.0,0.5,False
VDR-10140.corp.local,HOST,0,NONE,0.0,0.0,0.0,0.0,0.0,0.5,False
VDR-10491.,HOST,0,NONE,0.0,0.0,0.0,0.0,0.0,0.5,False
WS_12320,HOST,0,NONE,0.0,0.0,0.0,0.0,0.0,0.5,False
VDR-11676.,HOST,0,NONE,0.0,0.0,0.0,0.0,0.0,0.5,False
WS-10978.corp.local,HOST,0,NONE,0.0,0.0,0.0,0.0,0.0,0.5,False
VDR-12963,HOST,1,ENDPOINT,0.0,1.0,3.0,0.0,1.3,0.65,False
lpt-10496,HOST,0,NONE,0.0,0.0,0.0,0.0,0.0,0.5,False
WS-10297,HOST,0,NONE,0.0,2.0,1.0,0.0,1.1,0.5,False
LPT-11107,HOST,1,ENDPOINT,0.0,1.0,3.0,0.0,1.3,0.65,False
ws-11295,HOST,0,NONE,0.0,0.0,0.0,0.0,0.0,0.5,False
vdr-10906,HOST,0,NONE,0.0,1.0,0.0,0.0,0.4,0.5,False
LPT-10583,HOST,1,ENDPOINT,0.0,0.0,3.0,0.0,0.9,0.65,False
vdr-12859,HOST,0,NONE,0.0,0.0,0.0,0.0,0.0,0.5,False
WS-12773.corp.local,HOST,0,NONE,0.0,0.0,0.0,0.0,0.0,0.5,False
vdr-11811,HOST,0,NONE,0.0,1.0,0.0,0.0,0.4,0.5,False
VDR-11426,HOST,0,NONE,0.0,1.0,1.0,0.0,0.7,0.5,False
VDR_11231,HOST,0,NONE,0.0,0.0,0.0,0.0,0.0,0.5,False
LPT-12186.corp.local,HOST,0,NONE,0.0,2.0,0.0,0.0,0.8,0.5,False
VDR-12684.corp.local,HOST,0,NONE,0.0,0.0,0.0,0.0,0.0,0.5,False
LPT-12739.corp.local,HOST,0,NONE,0.0,0.0,0.0,0.0,0.0,0.5,False
LPT_11755,HOST,0,NONE,0.0,0.0,0.0,0.0,0.0,0.5,False
WS-11567,HOST,0,NONE,0.0,0.0,1.0,0.0,0.3,0.5,False
VDR-11747.corp.local,HOST,0,NONE,0.0,0.0,0.0,0.0,0.0,0.5,False
WS-11193,HOST,0,NONE,0.0,0.0,1.0,0.0,0.3,0.5,False
vdr-12706,HOST,0,NONE,0.0,0.0,0.0,0.0,0.0,0.5,False
ws-10729,HOST,0,NONE,0.0,0.0,0.0,0.0,0.0,0.5,False
VDR_12982,HOST,0,NONE,0.0,0.0,0.0,0.0,0.0,0.5,False
VDR-12948.,HOST,0,NONE,0.0,0.0,0.0,0.0,0.0,0.5,False
LPT-12612.corp.local,HOST,0,NONE,0.0,0.0,0.0,0.0,0.0,0.5,False
LPT-12506,HOST,0,NONE,0.0,1.0,0.0,0.0,0.4,0.5,False
ws-11953,HOST,0,NONE,0.0,1.0,0.0,0.0,0.4,0.5,False
WS_12727,HOST,0,NONE,0.0,0.0,0.0,0.0,0.0,0.5,False
vdr-10457,HOST,0,NONE,0.0,1.0,0.0,0.0,0.4,0.5,False
VDR-10598,HOST,1,ENDPOINT,0.0,0.0,3.0,0.0,0.9,0.65,False
VDR_10961,HOST,0,NONE,0.0,0.0,0.0,0.0,0.0,0.5,False
LPT-10311,HOST,1,ENDPOINT,0.0,1.0,3.0,0.0,1.3,0.65,False
VDR_12989,HOST,0,NONE,0.0,0.0,0.0,0.0,0.0,0.5,False
lpt-12474,HOST,0,NONE,0.0,0.0,0.0,0.0,0.0,0.5,False
LPT_12670,HOST,0,NONE,0.0,1.0,0.0,0.0,0.4,0.5,False
LPT_12955,HOST,0,NONE,0.0,0.0,0.0,0.0,0.0,0.5,False
VDR-12386,HOST,2,FIREWALL_DENY|ENDPOINT,0.0,3.0,4.0,0.0,2.4,0.8,True
ws-11536,HOST,0,NONE,0.0,0.0,0.0,0.0,0.0,0.5,False
VDR-10035,HOST,1,ENDPOINT,0.0,0.0,4.0,0.0,1.2,0.65,False
LPT-12380.corp.local,HOST,0,NONE,0.0,0.0,0.0,0.0,0.0,0.5,False
vdr-10533,HOST,0,NONE,0.0,0.0,0.0,0.0,0.0,0.5,False
lpt-11185,HOST,0,NONE,0.0,0.0,0.0,0.0,0.0,0.5,False
VDR-12991,HOST,1,ENDPOINT,0.0,2.0,3.0,0.0,1.7,0.65,False
VDR_12235,HOST,0,NONE,0.0,0.0,0.0,0.0,0.0,0.5,False
VDR-10816.corp.local,HOST,0,NONE,0.0,0.0,0.0,0.0,0.0,0.5,False
VDR-11927,HOST,0,NONE,0.0,2.0,1.0,0.0,1.1,0.5,False
VDR-11991,HOST,0,NONE,0.0,1.0,1.0,0.0,0.7,0.5,False
WS-11967,HOST,1,FIREWALL_DENY,0.0,3.0,1.0,0.0,1.5,0.65,False
WS-12515,HOST,1,ENDPOINT,0.0,1.0,6.0,0.0,2.2,0.65,False
VDR-11177.corp.local,HOST,0,NONE,0.0,0.0,0.0,0.0,0.0,0.5,False
LPT-12968.corp.local,HOST,0,NONE,0.0,0.0,0.0,0.0,0.0,0.5,False
WS-10720.corp.local,HOST,0,NONE,0.0,0.0,0.0,0.0,0.0,0.5,False
WS-11520,HOST,1,ENDPOINT,0.0,2.0,3.0,0.0,1.7,0.65,False
WS-11113,HOST,1,ENDPOINT,0.0,2.0,3.0,0.0,1.7,0.65,False
ws-12553,HOST,0,NONE,0.0,2.0,0.0,0.0,0.8,0.5,False
WS-12472,HOST,0,NONE,0.0,1.0,2.0,0.0,1.0,0.5,False
WS-12553,HOST,1,ENDPOINT,0.0,1.0,3.0,0.0,1.3,0.65,False
VDR_12075,HOST,0,NONE,0.0,1.0,0.0,0.0,0.4,0.5,False
VDR-12277.,HOST,0,NONE,0.0,0.0,0.0,0.0,0.0,0.5,False
WS-10918,HOST,2,FIREWALL_DENY|ENDPOINT,0.0,4.0,4.0,0.0,2.8,0.8,True
vdr-11316,HOST,0,NONE,0.0,1.0,0.0,0.0,0.4,0.5,False
LPT-11593,HOST,0,NONE,0.0,1.0,0.0,0.0,0.4,0.5,False
VDR_10222,HOST,0,NONE,0.0,1.0,0.0,0.0,0.4,0.5,False
VDR-10885.corp.local,HOST,0,NONE,0.0,0.0,0.0,0.0,0.0,0.5,False
VDR_12493,HOST,0,NONE,0.0,1.0,0.0,0.0,0.4,0.5,False
LPT_12502,HOST,0,NONE,0.0,1.0,0.0,0.0,0.4,0.5,False
VDR-12989,HOST,0,NONE,0.0,2.0,2.0,0.0,1.4,0.5,False
vdr-10776,HOST,0,NONE,0.0,0.0,0.0,0.0,0.0,0.5,False
LPT-10972.corp.local,HOST,0,NONE,0.0,0.0,0.0,0.0,0.0,0.5,False
vdr-11292,HOST,0,NONE,0.0,0.0,0.0,0.0,0.0,0.5,False
VDR-12235.corp.local,HOST,0,NONE,0.0,0.0,0.0,0.0,0.0,0.5,False
LPT-10852,HOST,2,FIREWALL_DENY|ENDPOINT,0.0,3.0,3.0,0.0,2.1,0.8,True
WS-10683,HOST,2,FIREWALL_DENY|ENDPOINT,0.0,3.0,3.0,0.0,2.1,0.8,True
LPT-10705,HOST,1,ENDPOINT,0.0,0.0,3.0,0.0,0.9,0.65,False
LPT_10245,HOST,0,NONE,0.0,0.0,0.0,0.0,0.0,0.5,False
lpt-12603,HOST,0,NONE,0.0,0.0,0.0,0.0,0.0,0.5,False
WS-12473,HOST,1,ENDPOINT,0.0,0.0,3.0,0.0,0.9,0.65,False
lpt-12620,HOST,0,NONE,0.0,1.0,0.0,0.0,0.4,0.5,False
VDR-11712.corp.local,HOST,0,NONE,0.0,1.0,0.0,0.0,0.4,0.5,False
WS_12422,HOST,0,NONE,0.0,0.0,0.0,0.0,0.0,0.5,False
lpt-10398,HOST,0,NONE,0.0,1.0,0.0,0.0,0.4,0.5,False
LPT-12314,HOST,1,ENDPOINT,0.0,2.0,3.0,0.0,1.7,0.65,False
vdr-11283,HOST,0,NONE,0.0,0.0,0.0,0.0,0.0,0.5,False
VDR-10519.corp.local,HOST,0,NONE,0.0,0.0,0.0,0.0,0.0,0.5,False
vdr-12980,HOST,0,NONE,0.0,1.0,0.0,0.0,0.4,0.5,False
LPT-11900,HOST,1,ENDPOINT,0.0,2.0,3.0,0.0,1.7,0.65,False
WS-10400,HOST,1,ENDPOINT,0.0,2.0,4.0,0.0,2.0,0.65,False
ws-11418,HOST,0,NONE,0.0,0.0,0.0,0.0,0.0,0.5,False
WS-12359,HOST,0,NONE,0.0,0.0,1.0,0.0,0.3,0.5,False
ws-10681,HOST,0,NONE,0.0,0.0,0.0,0.0,0.0,0.5,False
WS-11119.corp.local,HOST,0,NONE,0.0,0.0,0.0,0.0,0.0,0.5,False
ws-10486,HOST,0,NONE,0.0,0.0,0.0,0.0,0.0,0.5,False
LPT-12900,HOST,0,NONE,0.0,2.0,2.0,0.0,1.4,0.5,False
LPT_12768,HOST,0,NONE,0.0,0.0,0.0,0.0,0.0,0.5,False
WS-10727,HOST,0,NONE,0.0,0.0,2.0,0.0,0.6,0.5,False
LPT-11522,HOST,1,ENDPOINT,0.0,0.0,5.0,0.0,1.5,0.65,False
WS-11352.corp.local,HOST,0,NONE,0.0,1.0,0.0,0.0,0.4,0.5,False
WS-11460,HOST,0,NONE,0.0,0.0,2.0,0.0,0.6,0.5,False
vdr-12222,HOST,0,NONE,0.0,0.0,0.0,0.0,0.0,0.5,False
WS_12434,HOST,0,NONE,0.0,0.0,0.0,0.0,0.0,0.5,False
WS-10591,HOST,0,NONE,0.0,2.0,1.0,0.0,1.1,0.5,False
LPT-12427.corp.local,HOST,0,NONE,0.0,1.0,0.0,0.0,0.4,0.5,False
LPT-11707,HOST,2,FIREWALL_DENY|ENDPOINT,0.0,4.0,3.0,0.0,2.5,0.8,True
WS_12454,HOST,0,NONE,0.0,0.0,0.0,0.0,0.0,0.5,False
WS-10984,HOST,1,FIREWALL_DENY,0.0,7.0,1.0,0.0,3.1,0.65,False
LPT-10850,HOST,1,ENDPOINT,0.0,2.0,5.0,0.0,2.3,0.65,False
lpt-12265,HOST,0,NONE,0.0,2.0,0.0,0.0,0.8,0.5,False
VDR-11396.corp.local,HOST,0,NONE,0.0,0.0,0.0,0.0,0.0,0.5,False
VDR-11279,HOST,1,ENDPOINT,0.0,2.0,5.0,0.0,2.3,0.65,False
WS_12246,HOST,0,NONE,0.0,0.0,0.0,0.0,0.0,0.5,False
VDR-11314.,HOST,0,NONE,0.0,0.0,0.0,0.0,0.0,0.5,False
VDR-10510,HOST,0,NONE,0.0,2.0,1.0,0.0,1.1,0.5,False
ws-11598,HOST,0,NONE,0.0,0.0,0.0,0.0,0.0,0.5,False
LPT-12658.corp.local,HOST,0,NONE,0.0,0.0,0.0,0.0,0.0,0.5,False
LPT_11920,HOST,0,NONE,0.0,0.0,0.0,0.0,0.0,0.5,False
LPT-12658,HOST,1,ENDPOINT,0.0,1.0,3.0,0.0,1.3,0.65,False
ws-12003,HOST,0,NONE,0.0,0.0,0.0,0.0,0.0,0.5,False
VDR-11765,HOST,0,NONE,0.0,0.0,1.0,0.0,0.3,0.5,False
VDR_12019,HOST,0,NONE,0.0,0.0,0.0,0.0,0.0,0.5,False
VDR-12034,HOST,1,FIREWALL_DENY,0.0,4.0,1.0,0.0,1.9,0.65,False
WS-11654,HOST,1,ENDPOINT,0.0,2.0,3.0,0.0,1.7,0.65,False
LPT-10679,HOST,1,ENDPOINT,0.0,1.0,3.0,0.0,1.3,0.65,False
WS-12290.corp.local,HOST,0,NONE,0.0,0.0,0.0,0.0,0.0,0.5,False
WS-10085.corp.local,HOST,0,NONE,0.0,0.0,0.0,0.0,0.0,0.5,False
lpt-12700,HOST,0,NONE,0.0,0.0,0.0,0.0,0.0,0.5,False
lpt-11701,HOST,0,NONE,0.0,1.0,0.0,0.0,0.4,0.5,False
lpt-11226,HOST,0,NONE,0.0,1.0,0.0,0.0,0.4,0.5,False
lpt-10321,HOST,0,NONE,0.0,1.0,0.0,0.0,0.4,0.5,False
WS-12236.corp.local,HOST,0,NONE,0.0,1.0,0.0,0.0,0.4,0.5,False
WS-10697.corp.local,HOST,0,NONE,0.0,0.0,0.0,0.0,0.0,0.5,False
LPT-12955,HOST,1,ENDPOINT,0.0,0.0,5.0,0.0,1.5,0.65,False
WS_12117,HOST,0,NONE,0.0,1.0,0.0,0.0,0.4,0.5,False
LPT-12046,HOST,1,ENDPOINT,0.0,1.0,5.0,0.0,1.9,0.65,False
LPT-10580.corp.local,HOST,0,NONE,0.0,0.0,0.0,0.0,0.0,0.5,False
LPT-12292,HOST,2,FIREWALL_DENY|ENDPOINT,0.0,3.0,3.0,0.0,2.1,0.8,True
WS-11612,HOST,1,ENDPOINT,0.0,0.0,4.0,0.0,1.2,0.65,False
WS-11342,HOST,1,FIREWALL_DENY,0.0,3.0,2.0,0.0,1.8,0.65,False
WS-11715,HOST,1,FIREWALL_DENY,0.0,4.0,2.0,0.0,2.2,0.65,False
WS-11939.corp.local,HOST,0,NONE,0.0,0.0,0.0,0.0,0.0,0.5,False
LPT-12967,HOST,0,NONE,0.0,0.0,0.0,0.0,0.0,0.5,False
WS_11477,HOST,0,NONE,0.0,2.0,0.0,0.0,0.8,0.5,False
LPT-10653,HOST,0,NONE,0.0,2.0,2.0,0.0,1.4,0.5,False
lpt-10420,HOST,0,NONE,0.0,1.0,0.0,0.0,0.4,0.5,False
lpt-10015,HOST,0,NONE,0.0,0.0,0.0,0.0,0.0,0.5,False
VDR-12412,HOST,0,NONE,0.0,1.0,1.0,0.0,0.7,0.5,False
LPT-10345,HOST,0,NONE,0.0,2.0,2.0,0.0,1.4,0.5,False
LPT-10120,HOST,1,ENDPOINT,0.0,1.0,3.0,0.0,1.3,0.65,False
WS-12062,HOST,1,FIREWALL_DENY,0.0,3.0,2.0,0.0,1.8,0.65,False
lpt-12842,HOST,0,NONE,0.0,0.0,0.0,0.0,0.0,0.5,False
lpt-11900,HOST,0,NONE,0.0,0.0,0.0,0.0,0.0,0.5,False
LPT-10619,HOST,2,FIREWALL_DENY|ENDPOINT,0.0,4.0,3.0,0.0,2.5,0.8,True
WS-12711.corp.local,HOST,0,NONE,0.0,0.0,0.0,0.0,0.0,0.5,False
LPT-11176,HOST,0,NONE,0.0,1.0,2.0,0.0,1.0,0.5,False
lpt-10277,HOST,0,NONE,0.0,0.0,0.0,0.0,0.0,0.5,False
VDR-12247.corp.local,HOST,0,NONE,0.0,1.0,0.0,0.0,0.4,0.5,False
VDR_12251,HOST,0,NONE,0.0,1.0,0.0,0.0,0.4,0.5,False
lpt-10822,HOST,0,NONE,0.0,0.0,0.0,0.0,0.0,0.5,False
VDR-11652,HOST,2,FIREWALL_DENY|ENDPOINT,0.0,4.0,4.0,0.0,2.8,0.8,True
VDR-11838,HOST,0,NONE,0.0,2.0,2.0,0.0,1.4,0.5,False
VDR-10396.corp.local,HOST,0,NONE,0.0,0.0,0.0,0.0,0.0,0.5,False
lpt-11457,HOST,0,NONE,0.0,0.0,0.0,0.0,0.0,0.5,False
lpt-12621,HOST,0,NONE,0.0,0.0,0.0,0.0,0.0,0.5,False
ws-12028,HOST,0,NONE,0.0,0.0,0.0,0.0,0.0,0.5,False
LPT-10619.corp.local,HOST,0,NONE,0.0,0.0,0.0,0.0,0.0,0.5,False
LPT-12016,HOST,1,FIREWALL_DENY,0.0,3.0,1.0,0.0,1.5,0.65,False
VDR-10949,HOST,1,ENDPOINT,0.0,0.0,4.0,0.0,1.2,0.65,False
WS-12413,HOST,1,FIREWALL_DENY,0.0,3.0,2.0,0.0,1.8,0.65,False
LPT-12569.corp.local,HOST,0,NONE,0.0,0.0,0.0,0.0,0.0,0.5,False
vdr-12856,HOST,0,NONE,0.0,0.0,0.0,0.0,0.0,0.5,False
VDR-10233,HOST,0,NONE,0.0,1.0,2.0,0.0,1.0,0.5,False
LPT-12921,HOST,1,ENDPOINT,0.0,1.0,4.0,0.0,1.6,0.65,False
WS-11315.,HOST,0,NONE,0.0,0.0,0.0,0.0,0.0,0.5,False
LPT-11065.corp.local,HOST,0,NONE,0.0,0.0,0.0,0.0,0.0,0.5,False
VDR-10300.corp.local,HOST,0,NONE,0.0,1.0,0.0,0.0,0.4,0.5,False
WS-12576,HOST,0,NONE,0.0,2.0,0.0,0.0,0.8,0.5,False
VDR-12342.corp.local,HOST,0,NONE,0.0,2.0,0.0,0.0,0.8,0.5,False
VDR-11385.corp.local,HOST,0,NONE,0.0,1.0,0.0,0.0,0.4,0.5,False
LPT-12044.corp.local,HOST,0,NONE,0.0,1.0,0.0,0.0,0.4,0.5,False
VDR_11188,HOST,0,NONE,0.0,1.0,0.0,0.0,0.4,0.5,False
LPT-12691,HOST,1,ENDPOINT,0.0,0.0,3.0,0.0,0.9,0.65,False
LPT_12759,HOST,0,NONE,0.0,0.0,0.0,0.0,0.0,0.5,False
lpt-12414,HOST,0,NONE,0.0,1.0,0.0,0.0,0.4,0.5,False
LPT-11341.corp.local,HOST,0,NONE,0.0,0.0,0.0,0.0,0.0,0.5,False
vdr-10792,HOST,0,NONE,0.0,0.0,0.0,0.0,0.0,0.5,False
WS-11699,HOST,1,ENDPOINT,0.0,0.0,3.0,0.0,0.9,0.65,False
ws-10953,HOST,0,NONE,0.0,1.0,0.0,0.0,0.4,0.5,False
WS-11897,HOST,0,NONE,0.0,1.0,2.0,0.0,1.0,0.5,False
lpt-12628,HOST,0,NONE,0.0,0.0,0.0,0.0,0.0,0.5,False
WS-10265.corp.local,HOST,0,NONE,0.0,1.0,0.0,0.0,0.4,0.5,False
LPT-11692,HOST,0,NONE,0.0,2.0,1.0,0.0,1.1,0.5,False
WS-10307.corp.local,HOST,0,NONE,0.0,1.0,0.0,0.0,0.4,0.5,False
LPT-12494,HOST,0,NONE,0.0,1.0,0.0,0.0,0.4,0.5,False
VDR-10642,HOST,1,FIREWALL_DENY,0.0,4.0,2.0,0.0,2.2,0.65,False
LPT-11311.,HOST,0,NONE,0.0,0.0,0.0,0.0,0.0,0.5,False
VDR-10960,HOST,1,ENDPOINT,0.0,2.0,4.0,0.0,2.0,0.65,False
WS-12682,HOST,1,ENDPOINT,0.0,1.0,3.0,0.0,1.3,0.65,False
ws-12287,HOST,0,NONE,0.0,0.0,0.0,0.0,0.0,0.5,False
vdr-10077,HOST,0,NONE,0.0,0.0,0.0,0.0,0.0,0.5,False
LPT-10182.corp.local,HOST,0,NONE,0.0,1.0,0.0,0.0,0.4,0.5,False
LPT-12584.corp.local,HOST,0,NONE,0.0,0.0,0.0,0.0,0.0,0.5,False
vdr-11032,HOST,0,NONE,0.0,0.0,0.0,0.0,0.0,0.5,False
LPT-10274,HOST,0,NONE,0.0,2.0,1.0,0.0,1.1,0.5,False
vdr-12758,HOST,0,NONE,0.0,1.0,0.0,0.0,0.4,0.5,False
LPT-10475.,HOST,0,NONE,0.0,0.0,0.0,0.0,0.0,0.5,False
LPT-10593,HOST,1,ENDPOINT,0.0,2.0,3.0,0.0,1.7,0.65,False
WS-10379,HOST,0,NONE,0.0,2.0,1.0,0.0,1.1,0.5,False
WS-10036,HOST,2,FIREWALL_DENY|ENDPOINT,0.0,3.0,3.0,0.0,2.1,0.8,True
VDR-12059.,HOST,0,NONE,0.0,0.0,0.0,0.0,0.0,0.5,False
LPT-10409.,HOST,0,NONE,0.0,0.0,0.0,0.0,0.0,0.5,False
LPT_10026,HOST,0,NONE,0.0,0.0,0.0,0.0,0.0,0.5,False
VDR_11316,HOST,0,NONE,0.0,0.0,0.0,0.0,0.0,0.5,False
VDR_11096,HOST,0,NONE,0.0,1.0,0.0,0.0,0.4,0.5,False
LPT_11992,HOST,0,NONE,0.0,2.0,0.0,0.0,0.8,0.5,False
VDR-12869,HOST,1,ENDPOINT,0.0,2.0,5.0,0.0,2.3,0.65,False
WS-10998,HOST,1,ENDPOINT,0.0,1.0,5.0,0.0,1.9,0.65,False
vdr-11071,HOST,0,NONE,0.0,0.0,0.0,0.0,0.0,0.5,False
WS-11194.corp.local,HOST,0,NONE,0.0,0.0,0.0,0.0,0.0,0.5,False
LPT-10650,HOST,0,NONE,0.0,1.0,2.0,0.0,1.0,0.5,False
LPT-12504,HOST,0,NONE,0.0,1.0,1.0,0.0,0.7,0.5,False
LPT-11340.corp.local,HOST,0,NONE,0.0,0.0,0.0,0.0,0.0,0.5,False
WS-10896,HOST,1,ENDPOINT,0.0,2.0,3.0,0.0,1.7,0.65,False
vdr-11152,HOST,0,NONE,0.0,1.0,0.0,0.0,0.4,0.5,False
VDR_12801,HOST,0,NONE,0.0,1.0,0.0,0.0,0.4,0.5,False
lpt-11220,HOST,0,NONE,0.0,0.0,0.0,0.0,0.0,0.5,False
LPT-12985.corp.local,HOST,0,NONE,0.0,0.0,0.0,0.0,0.0,0.5,False
LPT-12540,HOST,0,NONE,0.0,0.0,1.0,0.0,0.3,0.5,False
VDR_10207,HOST,0,NONE,0.0,1.0,0.0,0.0,0.4,0.5,False
WS-11323,HOST,0,NONE,0.0,0.0,2.0,0.0,0.6,0.5,False
VDR-10492,HOST,1,ENDPOINT,0.0,2.0,5.0,0.0,2.3,0.65,False
WS-12108,HOST,1,ENDPOINT,0.0,2.0,3.0,0.0,1.7,0.65,False
LPT_11790,HOST,0,NONE,0.0,0.0,0.0,0.0,0.0,0.5,False
LPT-10289,HOST,0,NONE,0.0,1.0,1.0,0.0,0.7,0.5,False
VDR-11758,HOST,1,ENDPOINT,0.0,1.0,3.0,0.0,1.3,0.65,False
LPT_10897,HOST,0,NONE,0.0,0.0,0.0,0.0,0.0,0.5,False
WS-11686.corp.local,HOST,0,NONE,0.0,0.0,0.0,0.0,0.0,0.5,False
ws-10145,HOST,0,NONE,0.0,1.0,0.0,0.0,0.4,0.5,False
VDR-11509,HOST,0,NONE,0.0,1.0,1.0,0.0,0.7,0.5,False
LPT-12826,HOST,1,ENDPOINT,0.0,0.0,6.0,0.0,1.8,0.65,False
LPT-10752,HOST,0,NONE,0.0,0.0,0.0,0.0,0.0,0.5,False
VDR-11940.corp.local,HOST,0,NONE,0.0,0.0,0.0,0.0,0.0,0.5,False
vdr-12348,HOST,0,NONE,0.0,0.0,0.0,0.0,0.0,0.5,False
WS-10641.corp.local,HOST,0,NONE,0.0,0.0,0.0,0.0,0.0,0.5,False
VDR-12856,HOST,1,ENDPOINT,0.0,2.0,5.0,0.0,2.3,0.65,False
WS_11374,HOST,0,NONE,0.0,0.0,0.0,0.0,0.0,0.5,False
lpt-10327,HOST,0,NONE,0.0,1.0,0.0,0.0,0.4,0.5,False
LPT_12466,HOST,0,NONE,0.0,0.0,0.0,0.0,0.0,0.5,False
WS_10486,HOST,0,NONE,0.0,0.0,0.0,0.0,0.0,0.5,False
WS-11286,HOST,1,ENDPOINT,0.0,2.0,6.0,0.0,2.6,0.65,False
WS-10413,HOST,0,NONE,0.0,0.0,1.0,0.0,0.3,0.5,False
WS-12217,HOST,1,FIREWALL_DENY,0.0,4.0,1.0,0.0,1.9,0.65,False
vdr-10603,HOST,0,NONE,0.0,0.0,0.0,0.0,0.0,0.5,False
ws-11441,HOST,0,NONE,0.0,1.0,0.0,0.0,0.4,0.5,False
vdr-11436,HOST,0,NONE,0.0,0.0,0.0,0.0,0.0,0.5,False
LPT_10669,HOST,0,NONE,0.0,0.0,0.0,0.0,0.0,0.5,False
WS-11623,HOST,0,NONE,0.0,0.0,0.0,0.0,0.0,0.5,False
LPT_11661,HOST,0,NONE,0.0,0.0,0.0,0.0,0.0,0.5,False
LPT-10822.corp.local,HOST,0,NONE,0.0,0.0,0.0,0.0,0.0,0.5,False
WS_11434,HOST,0,NONE,0.0,1.0,0.0,0.0,0.4,0.5,False
vdr-11910,HOST,0,NONE,0.0,0.0,0.0,0.0,0.0,0.5,False
vdr-12956,HOST,0,NONE,0.0,0.0,0.0,0.0,0.0,0.5,False
WS-12221,HOST,0,NONE,0.0,1.0,1.0,0.0,0.7,0.5,False
VDR_11843,HOST,0,NONE,0.0,0.0,0.0,0.0,0.0,0.5,False
VDR-10715,HOST,0,NONE,0.0,0.0,1.0,0.0,0.3,0.5,False
VDR-10608.,HOST,0,NONE,0.0,0.0,0.0,0.0,0.0,0.5,False
vdr-10315,HOST,0,NONE,0.0,0.0,0.0,0.0,0.0,0.5,False
ws-12996,HOST,0,NONE,0.0,0.0,0.0,0.0,0.0,0.5,False
ws-10568,HOST,0,NONE,0.0,1.0,0.0,0.0,0.4,0.5,False
VDR-11874,HOST,0,NONE,0.0,1.0,2.0,0.0,1.0,0.5,False
LPT-12240,HOST,0,NONE,0.0,1.0,0.0,0.0,0.4,0.5,False
LPT-11115,HOST,0,NONE,0.0,0.0,2.0,0.0,0.6,0.5,False
VDR-11314,HOST,1,FIREWALL_DENY,0.0,3.0,1.0,0.0,1.5,0.65,False
WS-10908,HOST,2,FIREWALL_DENY|ENDPOINT,0.0,3.0,4.0,0.0,2.4,0.8,True
VDR-11999.corp.local,HOST,0,NONE,0.0,0.0,0.0,0.0,0.0,0.5,False
vdr-11081,HOST,0,NONE,0.0,1.0,0.0,0.0,0.4,0.5,False
VDR-10801,HOST,1,ENDPOINT,0.0,2.0,3.0,0.0,1.7,0.65,False
lpt-12583,HOST,0,NONE,0.0,1.0,0.0,0.0,0.4,0.5,False
VDR-10296,HOST,2,FIREWALL_DENY|ENDPOINT,0.0,3.0,4.0,0.0,2.4,0.8,True
ws-11739,HOST,0,NONE,0.0,0.0,0.0,0.0,0.0,0.5,False
LPT-11691.corp.local,HOST,0,NONE,0.0,0.0,0.0,0.0,0.0,0.5,False
VDR-12127.corp.local,HOST,0,NONE,0.0,0.0,0.0,0.0,0.0,0.5,False
VDR-12567,HOST,1,ENDPOINT,0.0,1.0,3.0,0.0,1.3,0.65,False
WS_11806,HOST,0,NONE,0.0,0.0,0.0,0.0,0.0,0.5,False
VDR-12591,HOST,1,ENDPOINT,0.0,0.0,4.0,0.0,1.2,0.65,False
LPT_10054,HOST,0,NONE,0.0,1.0,0.0,0.0,0.4,0.5,False
VDR_12525,HOST,0,NONE,0.0,0.0,0.0,0.0,0.0,0.5,False
WS-10594,HOST,0,NONE,0.0,1.0,2.0,0.0,1.0,0.5,False
WS-11132,HOST,1,ENDPOINT,0.0,2.0,3.0,0.0,1.7,0.65,False
WS-11670.corp.local,HOST,0,NONE,0.0,0.0,0.0,0.0,0.0,0.5,False
LPT-12787,HOST,0,NONE,0.0,2.0,2.0,0.0,1.4,0.5,False
WS-12901,HOST,0,NONE,0.0,1.0,1.0,0.0,0.7,0.5,False
vdr-11327,HOST,0,NONE,0.0,1.0,0.0,0.0,0.4,0.5,False
ws-12913,HOST,0,NONE,0.0,0.0,0.0,0.0,0.0,0.5,False
VDR-10267,HOST,1,ENDPOINT,0.0,2.0,4.0,0.0,2.0,0.65,False
WS-12410,HOST,0,NONE,0.0,1.0,2.0,0.0,1.0,0.5,False
ws-10494,HOST,0,NONE,0.0,0.0,0.0,0.0,0.0,0.5,False
vdr-11240,HOST,0,NONE,0.0,1.0,0.0,0.0,0.4,0.5,False
WS-10823,HOST,1,ENDPOINT,0.0,2.0,3.0,0.0,1.7,0.65,False
VDR-10192,HOST,0,NONE,0.0,1.0,1.0,0.0,0.7,0.5,False
lpt-11140,HOST,0,NONE,0.0,1.0,0.0,0.0,0.4,0.5,False
ws-12834,HOST,0,NONE,0.0,1.0,0.0,0.0,0.4,0.5,False
lpt-10954,HOST,0,NONE,0.0,0.0,0.0,0.0,0.0,0.5,False
lpt-10013,HOST,0,NONE,0.0,1.0,0.0,0.0,0.4,0.5,False
ws-12923,HOST,0,NONE,0.0,1.0,0.0,0.0,0.4,0.5,False
LPT_11212,HOST,0,NONE,0.0,0.0,0.0,0.0,0.0,0.5,False
vdr-10158,HOST,0,NONE,0.0,0.0,0.0,0.0,0.0,0.5,False
VDR-10164.corp.local,HOST,0,NONE,0.0,0.0,0.0,0.0,0.0,0.5,False
vdr-11594,HOST,0,NONE,0.0,0.0,0.0,0.0,0.0,0.5,False
lpt-10948,HOST,0,NONE,0.0,0.0,0.0,0.0,0.0,0.5,False
WS-12918,HOST,1,FIREWALL_DENY,0.0,3.0,1.0,0.0,1.5,0.65,False
LPT-10426.corp.local,HOST,0,NONE,0.0,1.0,0.0,0.0,0.4,0.5,False
ws-11475,HOST,0,NONE,0.0,0.0,0.0,0.0,0.0,0.5,False
VDR-10358,HOST,0,NONE,0.0,1.0,1.0,0.0,0.7,0.5,False
LPT-10750.corp.local,HOST,0,NONE,0.0,0.0,0.0,0.0,0.0,0.5,False
ws-10506,HOST,0,NONE,0.0,0.0,0.0,0.0,0.0,0.5,False
WS_12104,HOST,0,NONE,0.0,1.0,0.0,0.0,0.4,0.5,False
LPT-12617,HOST,1,ENDPOINT,0.0,0.0,3.0,0.0,0.9,0.65,False
VDR_10765,HOST,0,NONE,0.0,0.0,0.0,0.0,0.0,0.5,False
VDR-10698,HOST,1,ENDPOINT,0.0,2.0,3.0,0.0,1.7,0.65,False
WS-12873.corp.local,HOST,0,NONE,0.0,0.0,0.0,0.0,0.0,0.5,False
lpt-10274,HOST,0,NONE,0.0,0.0,0.0,0.0,0.0,0.5,False
LPT_12960,HOST,0,NONE,0.0,0.0,0.0,0.0,0.0,0.5,False
VDR_11155,HOST,0,NONE,0.0,0.0,0.0,0.0,0.0,0.5,False
LPT_12231,HOST,0,NONE,0.0,0.0,0.0,0.0,0.0,0.5,False
VDR-11377.corp.local,HOST,0,NONE,0.0,0.0,0.0,0.0,0.0,0.5,False
vdr-11195,HOST,0,NONE,0.0,0.0,0.0,0.0,0.0,0.5,False
LPT-11554,HOST,1,ENDPOINT,0.0,2.0,3.0,0.0,1.7,0.65,False
WS_11829,HOST,0,NONE,0.0,0.0,0.0,0.0,0.0,0.5,False
WS-12788,HOST,1,ENDPOINT,0.0,1.0,3.0,0.0,1.3,0.65,False
vdr-11402,HOST,0,NONE,0.0,1.0,0.0,0.0,0.4,0.5,False
LPT-12858.corp.local,HOST,0,NONE,0.0,1.0,0.0,0.0,0.4,0.5,False
LPT-12171,HOST,1,ENDPOINT,0.0,0.0,4.0,0.0,1.2,0.65,False
VDR_10776,HOST,0,NONE,0.0,0.0,0.0,0.0,0.0,0.5,False
ws-12773,HOST,0,NONE,0.0,0.0,0.0,0.0,0.0,0.5,False
LPT-12782.corp.local,HOST,0,NONE,0.0,0.0,0.0,0.0,0.0,0.5,False
LPT_10250,HOST,0,NONE,0.0,0.0,0.0,0.0,0.0,0.5,False
WS-12368.corp.local,HOST,0,NONE,0.0,0.0,0.0,0.0,0.0,0.5,False
VDR-12269.corp.local,HOST,0,NONE,0.0,1.0,0.0,0.0,0.4,0.5,False
LPT-10418.corp.local,HOST,0,NONE,0.0,0.0,0.0,0.0,0.0,0.5,False
LPT-11031.,HOST,0,NONE,0.0,0.0,0.0,0.0,0.0,0.5,False
lpt-12060,HOST,0,NONE,0.0,2.0,0.0,0.0,0.8,0.5,False
WS-11418,HOST,1,ENDPOINT,0.0,1.0,3.0,0.0,1.3,0.65,False
vdr-11169,HOST,0,NONE,0.0,1.0,0.0,0.0,0.4,0.5,False
VDR-11510,HOST,1,FIREWALL_DENY,0.0,3.0,1.0,0.0,1.5,0.65,False
LPT-12001.,HOST,0,NONE,0.0,0.0,0.0,0.0,0.0,0.5,False
LPT-12585,HOST,1,ENDPOINT,0.0,0.0,3.0,0.0,0.9,0.65,False
WS-11806,HOST,1,ENDPOINT,0.0,1.0,3.0,0.0,1.3,0.65,False
LPT-10678.corp.local,HOST,0,NONE,0.0,1.0,0.0,0.0,0.4,0.5,False
vdr-11644,HOST,0,NONE,0.0,1.0,0.0,0.0,0.4,0.5,False
LPT-11209,HOST,0,NONE,0.0,1.0,2.0,0.0,1.0,0.5,False
VDR-10736,HOST,1,ENDPOINT,0.0,1.0,3.0,0.0,1.3,0.65,False
ws-11044,HOST,0,NONE,0.0,0.0,0.0,0.0,0.0,0.5,False
WS-12642,HOST,1,ENDPOINT,0.0,1.0,5.0,0.0,1.9,0.65,False
vdr-10788,HOST,0,NONE,0.0,0.0,0.0,0.0,0.0,0.5,False
vdr-12705,HOST,0,NONE,0.0,0.0,0.0,0.0,0.0,0.5,False
LPT-11577.corp.local,HOST,0,NONE,0.0,0.0,0.0,0.0,0.0,0.5,False
WS-10995,HOST,0,NONE,0.0,2.0,2.0,0.0,1.4,0.5,False
LPT-10980,HOST,0,NONE,0.0,2.0,2.0,0.0,1.4,0.5,False
vdr-10249,HOST,0,NONE,0.0,0.0,0.0,0.0,0.0,0.5,False
LPT-12043.,HOST,0,NONE,0.0,0.0,0.0,0.0,0.0,0.5,False
VDR-12087,HOST,0,NONE,0.0,2.0,0.0,0.0,0.8,0.5,False
vdr-10273,HOST,0,NONE,0.0,0.0,0.0,0.0,0.0,0.5,False
WS_10394,HOST,0,NONE,0.0,0.0,0.0,0.0,0.0,0.5,False
WS-10665,HOST,0,NONE,0.0,0.0,1.0,0.0,0.3,0.5,False
VDR-10744.corp.local,HOST,0,NONE,0.0,0.0,0.0,0.0,0.0,0.5,False
VDR-11821,HOST,0,NONE,0.0,1.0,2.0,0.0,1.0,0.5,False
WS-11360.corp.local,HOST,0,NONE,0.0,0.0,0.0,0.0,0.0,0.5,False
lpt-10650,HOST,0,NONE,0.0,1.0,0.0,0.0,0.4,0.5,False
VDR-10644,HOST,2,FIREWALL_DENY|ENDPOINT,0.0,3.0,3.0,0.0,2.1,0.8,True
LPT-11288.corp.local,HOST,0,NONE,0.0,0.0,0.0,0.0,0.0,0.5,False
ws-11836,HOST,0,NONE,0.0,1.0,0.0,0.0,0.4,0.5,False
WS-10253,HOST,0,NONE,0.0,0.0,2.0,0.0,0.6,0.5,False
vdr-12247,HOST,0,NONE,0.0,1.0,0.0,0.0,0.4,0.5,False
WS-11959,HOST,1,ENDPOINT,0.0,1.0,5.0,0.0,1.9,0.65,False
VDR-10035.corp.local,HOST,0,NONE,0.0,1.0,0.0,0.0,0.4,0.5,False
VDR_12181,HOST,0,NONE,0.0,0.0,0.0,0.0,0.0,0.5,False
WS-12701,HOST,1,FIREWALL_DENY,0.0,3.0,2.0,0.0,1.8,0.65,False
vdr-11518,HOST,0,NONE,0.0,0.0,0.0,0.0,0.0,0.5,False
WS-12944.corp.local,HOST,0,NONE,0.0,0.0,0.0,0.0,0.0,0.5,False
WS-10526,HOST,0,NONE,0.0,1.0,2.0,0.0,1.0,0.5,False
ws-12701,HOST,0,NONE,0.0,1.0,0.0,0.0,0.4,0.5,False
LPT-12428,HOST,0,NONE,0.0,1.0,1.0,0.0,0.7,0.5,False
VDR-10735,HOST,0,NONE,0.0,1.0,2.0,0.0,1.0,0.5,False
VDR_11778,HOST,0,NONE,0.0,0.0,0.0,0.0,0.0,0.5,False
VDR_10756,HOST,0,NONE,0.0,1.0,0.0,0.0,0.4,0.5,False
VDR_11596,HOST,0,NONE,0.0,0.0,0.0,0.0,0.0,0.5,False
VDR_11307,HOST,0,NONE,0.0,0.0,0.0,0.0,0.0,0.5,False
vdr-11625,HOST,0,NONE,0.0,1.0,0.0,0.0,0.4,0.5,False
WS-10027.corp.local,HOST,0,NONE,0.0,0.0,0.0,0.0,0.0,0.5,False
WS-12188,HOST,0,NONE,0.0,2.0,2.0,0.0,1.4,0.5,False
ws-12387,HOST,0,NONE,0.0,0.0,0.0,0.0,0.0,0.5,False
VDR-10631.corp.local,HOST,0,NONE,0.0,1.0,0.0,0.0,0.4,0.5,False
WS_10526,HOST,0,NONE,0.0,0.0,0.0,0.0,0.0,0.5,False
lpt-12516,HOST,0,NONE,0.0,1.0,0.0,0.0,0.4,0.5,False
LPT_10637,HOST,0,NONE,0.0,0.0,0.0,0.0,0.0,0.5,False
VDR-10096.corp.local,HOST,0,NONE,0.0,0.0,0.0,0.0,0.0,0.5,False
lpt-11561,HOST,0,NONE,0.0,0.0,0.0,0.0,0.0,0.5,False
VDR-10406,HOST,0,NONE,0.0,1.0,0.0,0.0,0.4,0.5,False
WS-10355.corp.local,HOST,0,NONE,0.0,1.0,0.0,0.0,0.4,0.5,False
WS-10579.corp.local,HOST,0,NONE,0.0,1.0,0.0,0.0,0.4,0.5,False
vdr-10690,HOST,0,NONE,0.0,0.0,0.0,0.0,0.0,0.5,False
VDR-12019.corp.local,HOST,0,NONE,0.0,1.0,0.0,0.0,0.4,0.5,False
LPT-11483.corp.local,HOST,0,NONE,0.0,1.0,0.0,0.0,0.4,0.5,False
WS-11393,HOST,1,ENDPOINT,0.0,1.0,3.0,0.0,1.3,0.65,False
LPT-12299,HOST,0,NONE,0.0,2.0,1.0,0.0,1.1,0.5,False
VDR_10843,HOST,0,NONE,0.0,0.0,0.0,0.0,0.0,0.5,False
ws-10201,HOST,0,NONE,0.0,1.0,0.0,0.0,0.4,0.5,False
WS-11847,HOST,1,ENDPOINT,0.0,2.0,3.0,0.0,1.7,0.65,False
LPT-10702,HOST,0,NONE,0.0,1.0,1.0,0.0,0.7,0.5,False
lpt-10424,HOST,0,NONE,0.0,1.0,0.0,0.0,0.4,0.5,False
lpt-10431,HOST,0,NONE,0.0,1.0,0.0,0.0,0.4,0.5,False
VDR-12338,HOST,1,ENDPOINT,0.0,1.0,4.0,0.0,1.6,0.65,False
LPT-10855,HOST,1,FIREWALL_DENY,0.0,3.0,0.0,0.0,1.2,0.65,False
ws-10629,HOST,0,NONE,0.0,0.0,0.0,0.0,0.0,0.5,False
WS-10727.,HOST,0,NONE,0.0,0.0,0.0,0.0,0.0,0.5,False
VDR-11302.corp.local,HOST,0,NONE,0.0,0.0,0.0,0.0,0.0,0.5,False
WS_12876,HOST,0,NONE,0.0,1.0,0.0,0.0,0.4,0.5,False
lpt-10275,HOST,0,NONE,0.0,0.0,0.0,0.0,0.0,0.5,False
WS_12447,HOST,0,NONE,0.0,0.0,0.0,0.0,0.0,0.5,False
lpt-10157,HOST,0,NONE,0.0,0.0,0.0,0.0,0.0,0.5,False
ws-12398,HOST,0,NONE,0.0,0.0,0.0,0.0,0.0,0.5,False
LPT-12167,HOST,0,NONE,0.0,2.0,2.0,0.0,1.4,0.5,False
vdr-10587,HOST,0,NONE,0.0,0.0,0.0,0.0,0.0,0.5,False
LPT-10951,HOST,1,FIREWALL_DENY,0.0,4.0,0.0,0.0,1.6,0.65,False
WS-12661.corp.local,HOST,0,NONE,0.0,0.0,0.0,0.0,0.0,0.5,False
VDR_10168,HOST,0,NONE,0.0,0.0,0.0,0.0,0.0,0.5,False
ws-12851,HOST,0,NONE,0.0,1.0,0.0,0.0,0.4,0.5,False
LPT-12813,HOST,0,NONE,0.0,2.0,0.0,0.0,0.8,0.5,False
LPT-10853,HOST,0,NONE,0.0,2.0,0.0,0.0,0.8,0.5,False
vdr-11560,HOST,0,NONE,0.0,1.0,0.0,0.0,0.4,0.5,False
LPT_12110,HOST,0,NONE,0.0,1.0,0.0,0.0,0.4,0.5,False
VDR-10605,HOST,1,ENDPOINT,0.0,2.0,4.0,0.0,2.0,0.65,False
WS-12925,HOST,0,NONE,0.0,2.0,1.0,0.0,1.1,0.5,False
VDR-10761,HOST,1,ENDPOINT,0.0,0.0,4.0,0.0,1.2,0.65,False
LPT-11116,HOST,2,FIREWALL_DENY|ENDPOINT,0.0,3.0,5.0,0.0,2.7,0.8,True
lpt-12565,HOST,0,NONE,0.0,1.0,0.0,0.0,0.4,0.5,False
vdr-10923,HOST,0,NONE,0.0,0.0,0.0,0.0,0.0,0.5,False
ws-12406,HOST,0,NONE,0.0,1.0,0.0,0.0,0.4,0.5,False
WS-11496,HOST,1,ENDPOINT,0.0,0.0,3.0,0.0,0.9,0.65,False
LPT-11810,HOST,2,FIREWALL_DENY|ENDPOINT,0.0,3.0,4.0,0.0,2.4,0.8,True
WS_10896,HOST,0,NONE,0.0,1.0,0.0,0.0,0.4,0.5,False
lpt-10981,HOST,0,NONE,0.0,1.0,0.0,0.0,0.4,0.5,False
VDR-10761.corp.local,HOST,0,NONE,0.0,0.0,0.0,0.0,0.0,0.5,False
lpt-12634,HOST,0,NONE,0.0,0.0,0.0,0.0,0.0,0.5,False
LPT-12408,HOST,0,NONE,0.0,1.0,2.0,0.0,1.0,0.5,False
WS_10737,HOST,0,NONE,0.0,1.0,0.0,0.0,0.4,0.5,False
vdr-10016,HOST,0,NONE,0.0,0.0,0.0,0.0,0.0,0.5,False
LPT-11369,HOST,0,NONE,0.0,1.0,2.0,0.0,1.0,0.5,False
LPT-11480,HOST,0,NONE,0.0,1.0,0.0,0.0,0.4,0.5,False
LPT_12505,HOST,0,NONE,0.0,1.0,0.0,0.0,0.4,0.5,False
LPT-12708,HOST,0,NONE,0.0,0.0,0.0,0.0,0.0,0.5,False
WS-12794,HOST,1,ENDPOINT,0.0,2.0,3.0,0.0,1.7,0.65,False
WS-10039,HOST,1,ENDPOINT,0.0,1.0,5.0,0.0,1.9,0.65,False
LPT-10607,HOST,0,NONE,0.0,0.0,1.0,0.0,0.3,0.5,False
vdr-11013,HOST,0,NONE,0.0,0.0,0.0,0.0,0.0,0.5,False
VDR-12776,HOST,0,NONE,0.0,0.0,2.0,0.0,0.6,0.5,False
WS-10214.corp.local,HOST,0,NONE,0.0,0.0,0.0,0.0,0.0,0.5,False
VDR-11650.corp.local,HOST,0,NONE,0.0,0.0,0.0,0.0,0.0,0.5,False
LPT-12301,HOST,2,FIREWALL_DENY|ENDPOINT,0.0,3.0,4.0,0.0,2.4,0.8,True
LPT-11219.corp.local,HOST,0,NONE,0.0,0.0,0.0,0.0,0.0,0.5,False
vdr-11861,HOST,0,NONE,0.0,0.0,0.0,0.0,0.0,0.5,False
lpt-12763,HOST,0,NONE,0.0,0.0,0.0,0.0,0.0,0.5,False
VDR-11778.corp.local,HOST,0,NONE,0.0,0.0,0.0,0.0,0.0,0.5,False
VDR-11811.,HOST,0,NONE,0.0,0.0,0.0,0.0,0.0,0.5,False
LPT_11891,HOST,0,NONE,0.0,0.0,0.0,0.0,0.0,0.5,False
VDR-11606.corp.local,HOST,0,NONE,0.0,0.0,0.0,0.0,0.0,0.5,False
vdr-11727,HOST,0,NONE,0.0,1.0,0.0,0.0,0.4,0.5,False
LPT-10129,HOST,0,NONE,0.0,2.0,0.0,0.0,0.8,0.5,False
LPT-12634,HOST,0,NONE,0.0,2.0,0.0,0.0,0.8,0.5,False
VDR_10903,HOST,0,NONE,0.0,1.0,0.0,0.0,0.4,0.5,False
WS-10487.corp.local,HOST,0,NONE,0.0,0.0,0.0,0.0,0.0,0.5,False
vdr-11495,HOST,0,NONE,0.0,0.0,0.0,0.0,0.0,0.5,False
LPT-12888,HOST,1,ENDPOINT,0.0,1.0,3.0,0.0,1.3,0.65,False
VDR-11580,HOST,1,ENDPOINT,0.0,1.0,6.0,0.0,2.2,0.65,False
ws-11009,HOST,0,NONE,0.0,0.0,0.0,0.0,0.0,0.5,False
VDR_11507,HOST,0,NONE,0.0,0.0,0.0,0.0,0.0,0.5,False
VDR-10559,HOST,1,FIREWALL_DENY,0.0,5.0,2.0,0.0,2.6,0.65,False
LPT-11574,HOST,1,FIREWALL_DENY,0.0,3.0,2.0,0.0,1.8,0.65,False
LPT-12621.corp.local,HOST,0,NONE,0.0,0.0,0.0,0.0,0.0,0.5,False
LPT-10130,HOST,0,NONE,0.0,0.0,0.0,0.0,0.0,0.5,False
LPT-12098,HOST,1,ENDPOINT,0.0,2.0,3.0,0.0,1.7,0.65,False
LPT-12810,HOST,2,FIREWALL_DENY|ENDPOINT,0.0,3.0,4.0,0.0,2.4,0.8,True
vdr-12435,HOST,0,NONE,0.0,0.0,0.0,0.0,0.0,0.5,False
WS_12941,HOST,0,NONE,0.0,0.0,0.0,0.0,0.0,0.5,False
WS-12491,HOST,0,NONE,0.0,2.0,2.0,0.0,1.4,0.5,False
lpt-10771,HOST,0,NONE,0.0,0.0,0.0,0.0,0.0,0.5,False
vdr-11096,HOST,0,NONE,0.0,0.0,0.0,0.0,0.0,0.5,False
lpt-10511,HOST,0,NONE,0.0,0.0,0.0,0.0,0.0,0.5,False
VDR-12184.,HOST,0,NONE,0.0,0.0,0.0,0.0,0.0,0.5,False
LPT-11257,HOST,1,ENDPOINT,0.0,0.0,3.0,0.0,0.9,0.65,False
LPT-12572,HOST,1,ENDPOINT,0.0,0.0,3.0,0.0,0.9,0.65,False
ws-12891,HOST,0,NONE,0.0,0.0,0.0,0.0,0.0,0.5,False
WS-10824,HOST,1,ENDPOINT,0.0,1.0,4.0,0.0,1.6,0.65,False
ws-11075,HOST,0,NONE,0.0,0.0,0.0,0.0,0.0,0.5,False
VDR-10925,HOST,1,ENDPOINT,0.0,2.0,4.0,0.0,2.0,0.65,False
vdr-11684,HOST,0,NONE,0.0,0.0,0.0,0.0,0.0,0.5,False
VDR-11012,HOST,0,NONE,0.0,0.0,2.0,0.0,0.6,0.5,False
ws-11582,HOST,0,NONE,0.0,1.0,0.0,0.0,0.4,0.5,False
VDR-10057,HOST,2,FIREWALL_DENY|ENDPOINT,0.0,4.0,3.0,0.0,2.5,0.8,True
VDR-10631,HOST,1,ENDPOINT,0.0,0.0,3.0,0.0,0.9,0.65,False
LPT-11904,HOST,1,ENDPOINT,0.0,2.0,4.0,0.0,2.0,0.65,False
LPT_10130,HOST,0,NONE,0.0,0.0,0.0,0.0,0.0,0.5,False
lpt-10963,HOST,0,NONE,0.0,0.0,0.0,0.0,0.0,0.5,False
vdr-12119,HOST,0,NONE,0.0,0.0,0.0,0.0,0.0,0.5,False
WS-12529,HOST,0,NONE,0.0,0.0,2.0,0.0,0.6,0.5,False
VDR-10792,HOST,0,NONE,0.0,1.0,2.0,0.0,1.0,0.5,False
VDR-10326,HOST,0,NONE,0.0,1.0,1.0,0.0,0.7,0.5,False
VDR-11036,HOST,0,NONE,0.0,1.0,1.0,0.0,0.7,0.5,False
lpt-12070,HOST,0,NONE,0.0,1.0,0.0,0.0,0.4,0.5,False
LPT-10229.corp.local,HOST,0,NONE,0.0,0.0,0.0,0.0,0.0,0.5,False
LPT-11728.corp.local,HOST,0,NONE,0.0,0.0,0.0,0.0,0.0,0.5,False
WS-10128.corp.local,HOST,0,NONE,0.0,2.0,0.0,0.0,0.8,0.5,False
lpt-10678,HOST,0,NONE,0.0,1.0,0.0,0.0,0.4,0.5,False
LPT-10250.corp.local,HOST,0,NONE,0.0,0.0,0.0,0.0,0.0,0.5,False
LPT-12196,HOST,0,NONE,0.0,0.0,0.0,0.0,0.0,0.5,False
vdr-10402,HOST,0,NONE,0.0,1.0,0.0,0.0,0.4,0.5,False
vdr-12593,HOST,0,NONE,0.0,0.0,0.0,0.0,0.0,0.5,False
LPT-11349.,HOST,0,NONE,0.0,0.0,0.0,0.0,0.0,0.5,False
WS-10959,HOST,0,NONE,0.0,0.0,2.0,0.0,0.6,0.5,False
WS-10913,HOST,0,NONE,0.0,2.0,1.0,0.0,1.1,0.5,False
WS-12915,HOST,1,ENDPOINT,0.0,0.0,5.0,0.0,1.5,0.65,False
LPT-11162,HOST,0,NONE,0.0,0.0,1.0,0.0,0.3,0.5,False
LPT-12603,HOST,1,ENDPOINT,0.0,2.0,4.0,0.0,2.0,0.65,False
lpt-12729,HOST,0,NONE,0.0,0.0,0.0,0.0,0.0,0.5,False
LPT_10490,HOST,0,NONE,0.0,1.0,0.0,0.0,0.4,0.5,False
VDR_10977,HOST,0,NONE,0.0,1.0,0.0,0.0,0.4,0.5,False
WS-12851.,HOST,0,NONE,0.0,0.0,0.0,0.0,0.0,0.5,False
LPT-11164.,HOST,0,NONE,0.0,0.0,0.0,0.0,0.0,0.5,False
lpt-12504,HOST,0,NONE,0.0,0.0,0.0,0.0,0.0,0.5,False
LPT_12566,HOST,0,NONE,0.0,0.0,0.0,0.0,0.0,0.5,False
WS-12077,HOST,0,NONE,0.0,0.0,2.0,0.0,0.6,0.5,False
WS-11261.corp.local,HOST,0,NONE,0.0,0.0,0.0,0.0,0.0,0.5,False
VDR_10922,HOST,0,NONE,0.0,1.0,0.0,0.0,0.4,0.5,False
WS-11845.corp.local,HOST,0,NONE,0.0,1.0,0.0,0.0,0.4,0.5,False
VDR-11214,HOST,1,FIREWALL_DENY,0.0,4.0,2.0,0.0,2.2,0.65,False
VDR-11128,HOST,1,ENDPOINT,0.0,0.0,3.0,0.0,0.9,0.65,False
LPT-12366.,HOST,0,NONE,0.0,0.0,0.0,0.0,0.0,0.5,False
VDR-10154.corp.local,HOST,0,NONE,0.0,0.0,0.0,0.0,0.0,0.5,False
WS-11348,HOST,0,NONE,0.0,1.0,2.0,0.0,1.0,0.5,False
vdr-11892,HOST,1,FIREWALL_DENY,0.0,3.0,0.0,0.0,1.2,0.65,False
LPT-10931.corp.local,HOST,0,NONE,0.0,1.0,0.0,0.0,0.4,0.5,False
ws-11711,HOST,0,NONE,0.0,1.0,0.0,0.0,0.4,0.5,False
LPT-10011,HOST,2,FIREWALL_DENY|ENDPOINT,0.0,3.0,4.0,0.0,2.4,0.8,True
WS-12365,HOST,1,FIREWALL_DENY,0.0,3.0,2.0,0.0,1.8,0.65,False
LPT-11685,HOST,0,NONE,0.0,0.0,0.0,0.0,0.0,0.5,False
WS-10967,HOST,1,ENDPOINT,0.0,0.0,4.0,0.0,1.2,0.65,False
WS_10531,HOST,0,NONE,0.0,0.0,0.0,0.0,0.0,0.5,False
VDR-11934.,HOST,0,NONE,0.0,0.0,0.0,0.0,0.0,0.5,False
WS-10819,HOST,1,ENDPOINT,0.0,0.0,3.0,0.0,0.9,0.65,False
vdr-11205,HOST,0,NONE,0.0,0.0,0.0,0.0,0.0,0.5,False
WS-11230.,HOST,0,NONE,0.0,0.0,0.0,0.0,0.0,0.5,False
VDR_12185,HOST,0,NONE,0.0,1.0,0.0,0.0,0.4,0.5,False
LPT-12574,HOST,0,NONE,0.0,2.0,1.0,0.0,1.1,0.5,False
WS-11172.corp.local,HOST,0,NONE,0.0,0.0,0.0,0.0,0.0,0.5,False
VDR-12707.corp.local,HOST,0,NONE,0.0,0.0,0.0,0.0,0.0,0.5,False
VDR-12676.corp.local,HOST,0,NONE,0.0,0.0,0.0,0.0,0.0,0.5,False
vdr-11227,HOST,0,NONE,0.0,1.0,0.0,0.0,0.4,0.5,False
ws-11059,HOST,0,NONE,0.0,0.0,0.0,0.0,0.0,0.5,False
LPT-10719,HOST,0,NONE,0.0,2.0,2.0,0.0,1.4,0.5,False
vdr-11413,HOST,0,NONE,0.0,0.0,0.0,0.0,0.0,0.5,False
VDR-10889.corp.local,HOST,0,NONE,0.0,0.0,0.0,0.0,0.0,0.5,False
VDR-11225,HOST,1,ENDPOINT,0.0,2.0,4.0,0.0,2.0,0.65,False
LPT-12347,HOST,0,NONE,0.0,0.0,1.0,0.0,0.3,0.5,False
VDR-10688,HOST,0,NONE,0.0,0.0,1.0,0.0,0.3,0.5,False
LPT-12551.corp.local,HOST,0,NONE,0.0,1.0,0.0,0.0,0.4,0.5,False
VDR-11532,HOST,0,NONE,0.0,0.0,1.0,0.0,0.3,0.5,False
LPT-12998,HOST,1,ENDPOINT,0.0,1.0,6.0,0.0,2.2,0.65,False
VDR-10024.corp.local,HOST,0,NONE,0.0,1.0,0.0,0.0,0.4,0.5,False
VDR_11189,HOST,0,NONE,0.0,0.0,0.0,0.0,0.0,0.5,False
VDR_11122,HOST,0,NONE,0.0,0.0,0.0,0.0,0.0,0.5,False
WS_10121,HOST,0,NONE,0.0,0.0,0.0,0.0,0.0,0.5,False
LPT-12258.corp.local,HOST,0,NONE,0.0,0.0,0.0,0.0,0.0,0.5,False
vdr-12313,HOST,0,NONE,0.0,1.0,0.0,0.0,0.4,0.5,False
WS-12287,HOST,1,ENDPOINT,0.0,0.0,3.0,0.0,0.9,0.65,False
ws-12908,HOST,0,NONE,0.0,1.0,0.0,0.0,0.4,0.5,False
WS-10681,HOST,0,NONE,0.0,0.0,2.0,0.0,0.6,0.5,False
vdr-11889,HOST,0,NONE,0.0,0.0,0.0,0.0,0.0,0.5,False
VDR-10005,HOST,0,NONE,0.0,1.0,2.0,0.0,1.0,0.5,False
VDR-10975,HOST,0,NONE,0.0,0.0,2.0,0.0,0.6,0.5,False
ws-10569,HOST,0,NONE,0.0,1.0,0.0,0.0,0.4,0.5,False
VDR-12863,HOST,0,NONE,0.0,2.0,2.0,0.0,1.4,0.5,False
WS-10189,HOST,0,NONE,0.0,0.0,1.0,0.0,0.3,0.5,False
VDR-10086,HOST,1,ENDPOINT,0.0,1.0,4.0,0.0,1.6,0.65,False
ws-10187,HOST,0,NONE,0.0,0.0,0.0,0.0,0.0,0.5,False
WS_10050,HOST,0,NONE,0.0,0.0,0.0,0.0,0.0,0.5,False
VDR_12437,HOST,0,NONE,0.0,0.0,0.0,0.0,0.0,0.5,False
WS_12161,HOST,0,NONE,0.0,0.0,0.0,0.0,0.0,0.5,False
lpt-12100,HOST,0,NONE,0.0,0.0,0.0,0.0,0.0,0.5,False
ws-12808,HOST,0,NONE,0.0,0.0,0.0,0.0,0.0,0.5,False
LPT-10130.corp.local,HOST,0,NONE,0.0,0.0,0.0,0.0,0.0,0.5,False
LPT_12714,HOST,0,NONE,0.0,0.0,0.0,0.0,0.0,0.5,False
WS-11974.corp.local,HOST,0,NONE,0.0,0.0,0.0,0.0,0.0,0.5,False
WS_10893,HOST,0,NONE,0.0,1.0,0.0,0.0,0.4,0.5,False
lpt-10405,HOST,0,NONE,0.0,0.0,0.0,0.0,0.0,0.5,False
WS-11865.corp.local,HOST,0,NONE,0.0,1.0,0.0,0.0,0.4,0.5,False
ws-11657,HOST,0,NONE,0.0,0.0,0.0,0.0,0.0,0.5,False
VDR-11255.,HOST,0,NONE,0.0,0.0,0.0,0.0,0.0,0.5,False
ws-12394,HOST,0,NONE,0.0,0.0,0.0,0.0,0.0,0.5,False
ws-11089,HOST,0,NONE,0.0,0.0,0.0,0.0,0.0,0.5,False
LPT-11489,HOST,1,ENDPOINT,0.0,1.0,4.0,0.0,1.6,0.65,False
LPT-12492,HOST,0,NONE,0.0,0.0,2.0,0.0,0.6,0.5,False
WS-10063,HOST,1,ENDPOINT,0.0,2.0,3.0,0.0,1.7,0.65,False
lpt-10581,HOST,0,NONE,0.0,0.0,0.0,0.0,0.0,0.5,False
VDR-10562,HOST,2,FIREWALL_DENY|ENDPOINT,0.0,3.0,6.0,0.0,3.0,0.8,True
WS-10809,HOST,2,FIREWALL_DENY|ENDPOINT,0.0,3.0,4.0,0.0,2.4,0.8,True
LPT-12014,HOST,1,ENDPOINT,0.0,2.0,3.0,0.0,1.7,0.65,False
ws-11331,HOST,0,NONE,0.0,0.0,0.0,0.0,0.0,0.5,False
LPT-11780.corp.local,HOST,0,NONE,0.0,0.0,0.0,0.0,0.0,0.5,False
VDR-10577,HOST,2,FIREWALL_DENY|ENDPOINT,0.0,3.0,5.0,0.0,2.7,0.8,True
VDR-10713,HOST,0,NONE,0.0,1.0,1.0,0.0,0.7,0.5,False
VDR-11449.corp.local,HOST,0,NONE,0.0,0.0,0.0,0.0,0.0,0.5,False
WS-11218.corp.local,HOST,0,NONE,0.0,0.0,0.0,0.0,0.0,0.5,False
WS-10566,HOST,0,NONE,0.0,0.0,0.0,0.0,0.0,0.5,False
WS-11713,HOST,1,ENDPOINT,0.0,2.0,4.0,0.0,2.0,0.65,False
ws-11444,HOST,0,NONE,0.0,1.0,0.0,0.0,0.4,0.5,False
vdr-10109,HOST,0,NONE,0.0,0.0,0.0,0.0,0.0,0.5,False
ws-10430,HOST,0,NONE,0.0,0.0,0.0,0.0,0.0,0.5,False
LPT-11886,HOST,0,NONE,0.0,1.0,1.0,0.0,0.7,0.5,False
LPT-10075.corp.local,HOST,0,NONE,0.0,0.0,0.0,0.0,0.0,0.5,False
lpt-11134,HOST,0,NONE,0.0,0.0,0.0,0.0,0.0,0.5,False
VDR-12749.corp.local,HOST,0,NONE,0.0,0.0,0.0,0.0,0.0,0.5,False
LPT-10306,HOST,1,FIREWALL_DENY,0.0,3.0,2.0,0.0,1.8,0.65,False
WS_10878,HOST,0,NONE,0.0,1.0,0.0,0.0,0.4,0.5,False
VDR-12958,HOST,0,NONE,0.0,1.0,2.0,0.0,1.0,0.5,False
lpt-11655,HOST,0,NONE,0.0,0.0,0.0,0.0,0.0,0.5,False
WS_11630,HOST,0,NONE,0.0,0.0,0.0,0.0,0.0,0.5,False
WS-11648.corp.local,HOST,0,NONE,0.0,1.0,0.0,0.0,0.4,0.5,False
WS-10412.corp.local,HOST,0,NONE,0.0,1.0,0.0,0.0,0.4,0.5,False
WS-10442,HOST,0,NONE,0.0,2.0,1.0,0.0,1.1,0.5,False
VDR-10910.corp.local,HOST,0,NONE,0.0,0.0,0.0,0.0,0.0,0.5,False
VDR-12436.corp.local,HOST,0,NONE,0.0,1.0,0.0,0.0,0.4,0.5,False
LPT-10733,HOST,0,NONE,0.0,0.0,2.0,0.0,0.6,0.5,False
LPT-12641,HOST,0,NONE,0.0,1.0,2.0,0.0,1.0,0.5,False
ws-11987,HOST,0,NONE,0.0,0.0,0.0,0.0,0.0,0.5,False
lpt-10186,HOST,0,NONE,0.0,0.0,0.0,0.0,0.0,0.5,False
VDR-10662.corp.local,HOST,0,NONE,0.0,0.0,0.0,0.0,0.0,0.5,False
ws-12062,HOST,0,NONE,0.0,1.0,0.0,0.0,0.4,0.5,False
WS_11106,HOST,0,NONE,0.0,1.0,0.0,0.0,0.4,0.5,False
WS-12601.corp.local,HOST,0,NONE,0.0,0.0,0.0,0.0,0.0,0.5,False
VDR-10765,HOST,1,ENDPOINT,0.0,1.0,3.0,0.0,1.3,0.65,False
WS-12977,HOST,1,ENDPOINT,0.0,0.0,4.0,0.0,1.2,0.65,False
VDR-12875,HOST,0,NONE,0.0,2.0,2.0,0.0,1.4,0.5,False
VDR_11081,HOST,0,NONE,0.0,0.0,0.0,0.0,0.0,0.5,False
VDR-11798,HOST,1,ENDPOINT,0.0,2.0,4.0,0.0,2.0,0.65,False
LPT-12315.corp.local,HOST,0,NONE,0.0,1.0,0.0,0.0,0.4,0.5,False
LPT-11626.corp.local,HOST,0,NONE,0.0,0.0,0.0,0.0,0.0,0.5,False
LPT-12297,HOST,0,NONE,0.0,1.0,2.0,0.0,1.0,0.5,False
VDR-10255.corp.local,HOST,0,NONE,0.0,0.0,0.0,0.0,0.0,0.5,False
LPT-12767.corp.local,HOST,0,NONE,0.0,0.0,0.0,0.0,0.0,0.5,False
LPT_11304,HOST,0,NONE,0.0,0.0,0.0,0.0,0.0,0.5,False
lpt-10898,HOST,0,NONE,0.0,0.0,0.0,0.0,0.0,0.5,False
WS-11897.corp.local,HOST,0,NONE,0.0,0.0,0.0,0.0,0.0,0.5,False
vdr-11236,HOST,0,NONE,0.0,0.0,0.0,0.0,0.0,0.5,False
WS-11839.corp.local,HOST,0,NONE,0.0,0.0,0.0,0.0,0.0,0.5,False
ws-10102,HOST,0,NONE,0.0,2.0,0.0,0.0,0.8,0.5,False
lpt-12772,HOST,0,NONE,0.0,0.0,0.0,0.0,0.0,0.5,False
LPT-11281.corp.local,HOST,0,NONE,0.0,0.0,0.0,0.0,0.0,0.5,False
ws-10675,HOST,0,NONE,0.0,0.0,0.0,0.0,0.0,0.5,False
VDR-10116,HOST,1,ENDPOINT,0.0,1.0,5.0,0.0,1.9,0.65,False
LPT_11346,HOST,0,NONE,0.0,0.0,0.0,0.0,0.0,0.5,False
VDR-11591,HOST,0,NONE,0.0,1.0,0.0,0.0,0.4,0.5,False
LPT-12416,HOST,1,ENDPOINT,0.0,2.0,3.0,0.0,1.7,0.65,False
vdr-10193,HOST,0,NONE,0.0,1.0,0.0,0.0,0.4,0.5,False
WS_11517,HOST,0,NONE,0.0,0.0,0.0,0.0,0.0,0.5,False
WS-11168.corp.local,HOST,0,NONE,0.0,1.0,0.0,0.0,0.4,0.5,False
WS_12830,HOST,0,NONE,0.0,0.0,0.0,0.0,0.0,0.5,False
LPT-11124.corp.local,HOST,0,NONE,0.0,0.0,0.0,0.0,0.0,0.5,False
VDR_10611,HOST,0,NONE,0.0,0.0,0.0,0.0,0.0,0.5,False
LPT-11498,HOST,1,ENDPOINT,0.0,1.0,4.0,0.0,1.6,0.65,False
ws-10032,HOST,0,NONE,0.0,1.0,0.0,0.0,0.4,0.5,False
WS-12397,HOST,0,NONE,0.0,2.0,1.0,0.0,1.1,0.5,False
VDR-10153,HOST,2,FIREWALL_DENY|ENDPOINT,0.0,4.0,4.0,0.0,2.8,0.8,True
WS-11535.corp.local,HOST,0,NONE,0.0,0.0,0.0,0.0,0.0,0.5,False
VDR-10757.,HOST,0,NONE,0.0,0.0,0.0,0.0,0.0,0.5,False
VDR_11665,HOST,0,NONE,0.0,0.0,0.0,0.0,0.0,0.5,False
VDR-11625,HOST,0,NONE,0.0,0.0,0.0,0.0,0.0,0.5,False
LPT_12649,HOST,0,NONE,0.0,0.0,0.0,0.0,0.0,0.5,False
WS-12878,HOST,2,FIREWALL_DENY|ENDPOINT,0.0,3.0,4.0,0.0,2.4,0.8,True
WS-11670,HOST,0,NONE,0.0,1.0,2.0,0.0,1.0,0.5,False
LPT-10957,HOST,0,NONE,0.0,2.0,0.0,0.0,0.8,0.5,False
ws-11296,HOST,0,NONE,0.0,0.0,0.0,0.0,0.0,0.5,False
LPT-12083.corp.local,HOST,0,NONE,0.0,0.0,0.0,0.0,0.0,0.5,False
WS_12255,HOST,0,NONE,0.0,0.0,0.0,0.0,0.0,0.5,False
VDR-12318,HOST,1,ENDPOINT,0.0,1.0,3.0,0.0,1.3,0.65,False
WS-12067,HOST,1,ENDPOINT,0.0,2.0,6.0,0.0,2.6,0.65,False
vdr-10710,HOST,0,NONE,0.0,1.0,0.0,0.0,0.4,0.5,False
VDR-11013,HOST,0,NONE,0.0,0.0,1.0,0.0,0.3,0.5,False
VDR-11445,HOST,2,FIREWALL_DENY|ENDPOINT,0.0,3.0,3.0,0.0,2.1,0.8,True
VDR-10838,HOST,1,ENDPOINT,0.0,2.0,4.0,0.0,2.0,0.65,False
WS_12661,HOST,0,NONE,0.0,1.0,0.0,0.0,0.4,0.5,False
LPT-12089,HOST,0,NONE,0.0,2.0,2.0,0.0,1.4,0.5,False
LPT-12778,HOST,0,NONE,0.0,1.0,1.0,0.0,0.7,0.5,False
VDR-10466.corp.local,HOST,0,NONE,0.0,0.0,0.0,0.0,0.0,0.5,False
WS-10175.corp.local,HOST,0,NONE,0.0,0.0,0.0,0.0,0.0,0.5,False
VDR_11622,HOST,0,NONE,0.0,0.0,0.0,0.0,0.0,0.5,False
LPT-10898,HOST,1,ENDPOINT,0.0,1.0,4.0,0.0,1.6,0.65,False
VDR-12994,HOST,0,NONE,0.0,1.0,2.0,0.0,1.0,0.5,False
LPT-12622,HOST,0,NONE,0.0,2.0,2.0,0.0,1.4,0.5,False
vdr-11559,HOST,0,NONE,0.0,1.0,0.0,0.0,0.4,0.5,False
LPT_12985,HOST,0,NONE,0.0,0.0,0.0,0.0,0.0,0.5,False
VDR_11019,HOST,0,NONE,0.0,1.0,0.0,0.0,0.4,0.5,False
WS_11688,HOST,0,NONE,0.0,0.0,0.0,0.0,0.0,0.5,False
WS-11448.corp.local,HOST,0,NONE,0.0,1.0,0.0,0.0,0.4,0.5,False
lpt-10989,HOST,0,NONE,0.0,0.0,0.0,0.0,0.0,0.5,False
VDR-12074.corp.local,HOST,0,NONE,0.0,0.0,0.0,0.0,0.0,0.5,False
LPT-12697.corp.local,HOST,0,NONE,0.0,0.0,0.0,0.0,0.0,0.5,False
lpt-10985,HOST,0,NONE,0.0,0.0,0.0,0.0,0.0,0.5,False
ws-11020,HOST,0,NONE,0.0,0.0,0.0,0.0,0.0,0.5,False
WS-11706.corp.local,HOST,0,NONE,0.0,1.0,0.0,0.0,0.4,0.5,False
VDR-12875.corp.local,HOST,0,NONE,0.0,0.0,0.0,0.0,0.0,0.5,False
LPT-10708.corp.local,HOST,0,NONE,0.0,1.0,0.0,0.0,0.4,0.5,False
lpt-10463,HOST,0,NONE,0.0,0.0,0.0,0.0,0.0,0.5,False
WS-12682.,HOST,0,NONE,0.0,0.0,0.0,0.0,0.0,0.5,False
LPT_12507,HOST,0,NONE,0.0,0.0,0.0,0.0,0.0,0.5,False
LPT_11452,HOST,0,NONE,0.0,0.0,0.0,0.0,0.0,0.5,False
VDR-11653.corp.local,HOST,0,NONE,0.0,1.0,0.0,0.0,0.4,0.5,False
LPT-12402,HOST,1,FIREWALL_DENY,0.0,3.0,2.0,0.0,1.8,0.65,False
lpt-12584,HOST,0,NONE,0.0,2.0,0.0,0.0,0.8,0.5,False
VDR-10906.,HOST,0,NONE,0.0,0.0,0.0,0.0,0.0,0.5,False
LPT-11577.,HOST,0,NONE,0.0,0.0,0.0,0.0,0.0,0.5,False
VDR-10466,HOST,0,NONE,0.0,2.0,1.0,0.0,1.1,0.5,False
vdr-10179,HOST,0,NONE,0.0,0.0,0.0,0.0,0.0,0.5,False
LPT-12831.corp.local,HOST,0,NONE,0.0,1.0,0.0,0.0,0.4,0.5,False
VDR-11493.,HOST,0,NONE,0.0,0.0,0.0,0.0,0.0,0.5,False
ws-10376,HOST,0,NONE,0.0,0.0,0.0,0.0,0.0,0.5,False
vdr-11979,HOST,0,NONE,0.0,0.0,0.0,0.0,0.0,0.5,False
WS-11598,HOST,1,ENDPOINT,0.0,0.0,4.0,0.0,1.2,0.65,False
VDR_10780,HOST,0,NONE,0.0,0.0,0.0,0.0,0.0,0.5,False
LPT-12268.corp.local,HOST,0,NONE,0.0,0.0,0.0,0.0,0.0,0.5,False
LPT-11161,HOST,0,NONE,0.0,1.0,1.0,0.0,0.7,0.5,False
VDR_10907,HOST,0,NONE,0.0,0.0,0.0,0.0,0.0,0.5,False
WS-12295,HOST,0,NONE,0.0,1.0,2.0,0.0,1.0,0.5,False
LPT-12292.corp.local,HOST,0,NONE,0.0,1.0,0.0,0.0,0.4,0.5,False
VDR-11591.,HOST,0,NONE,0.0,0.0,0.0,0.0,0.0,0.5,False
WS-10878.corp.local,HOST,0,NONE,0.0,0.0,0.0,0.0,0.0,0.5,False
VDR_12140,HOST,0,NONE,0.0,0.0,0.0,0.0,0.0,0.5,False
LPT-11655,HOST,2,FIREWALL_DENY|ENDPOINT,0.0,3.0,3.0,0.0,2.1,0.8,True
LPT-12786.corp.local,HOST,0,NONE,0.0,0.0,0.0,0.0,0.0,0.5,False
LPT-12099,HOST,1,ENDPOINT,0.0,0.0,4.0,0.0,1.2,0.65,False
WS-10442.corp.local,HOST,0,NONE,0.0,1.0,0.0,0.0,0.4,0.5,False
VDR-12966,HOST,1,ENDPOINT,0.0,0.0,4.0,0.0,1.2,0.65,False
VDR-10907,HOST,1,ENDPOINT,0.0,2.0,3.0,0.0,1.7,0.65,False
lpt-11181,HOST,0,NONE,0.0,2.0,0.0,0.0,0.8,0.5,False
LPT_12008,HOST,0,NONE,0.0,0.0,0.0,0.0,0.0,0.5,False
WS-12744,HOST,1,ENDPOINT,0.0,0.0,4.0,0.0,1.2,0.65,False
LPT-11834.corp.local,HOST,0,NONE,0.0,0.0,0.0,0.0,0.0,0.5,False
VDR-12129.corp.local,HOST,0,NONE,0.0,0.0,0.0,0.0,0.0,0.5,False
vdr-12986,HOST,0,NONE,0.0,1.0,0.0,0.0,0.4,0.5,False
VDR-12821,HOST,1,ENDPOINT,0.0,1.0,5.0,0.0,1.9,0.65,False
LPT-12685.corp.local,HOST,0,NONE,0.0,0.0,0.0,0.0,0.0,0.5,False
LPT_12470,HOST,0,NONE,0.0,0.0,0.0,0.0,0.0,0.5,False
VDR-10756,HOST,2,FIREWALL_DENY|ENDPOINT,0.0,4.0,5.0,0.0,3.1,0.8,True
WS_10726,HOST,0,NONE,0.0,1.0,0.0,0.0,0.4,0.5,False
vdr-10622,HOST,0,NONE,0.0,1.0,0.0,0.0,0.4,0.5,False
WS_12274,HOST,0,NONE,0.0,0.0,0.0,0.0,0.0,0.5,False
LPT-12389.corp.local,HOST,0,NONE,0.0,1.0,0.0,0.0,0.4,0.5,False
VDR-10790,HOST,1,ENDPOINT,0.0,2.0,3.0,0.0,1.7,0.65,False
lpt-12354,HOST,0,NONE,0.0,0.0,0.0,0.0,0.0,0.5,False
LPT-12690,HOST,0,NONE,0.0,1.0,1.0,0.0,0.7,0.5,False
WS_10412,HOST,0,NONE,0.0,0.0,0.0,0.0,0.0,0.5,False
vdr-12087,HOST,0,NONE,0.0,0.0,0.0,0.0,0.0,0.5,False
lpt-10217,HOST,0,NONE,0.0,0.0,0.0,0.0,0.0,0.5,False
VDR-12362,HOST,0,NONE,0.0,0.0,0.0,0.0,0.0,0.5,False
lpt-10130,HOST,0,NONE,0.0,0.0,0.0,0.0,0.0,0.5,False
lpt-12147,HOST,0,NONE,0.0,0.0,0.0,0.0,0.0,0.5,False
LPT-12382,HOST,0,NONE,0.0,1.0,1.0,0.0,0.7,0.5,False
VDR-10867.corp.local,HOST,0,NONE,0.0,0.0,0.0,0.0,0.0,0.5,False
WS_11538,HOST,0,NONE,0.0,0.0,0.0,0.0,0.0,0.5,False
WS-10933,HOST,0,NONE,0.0,2.0,2.0,0.0,1.4,0.5,False
ws-12623,HOST,0,NONE,0.0,0.0,0.0,0.0,0.0,0.5,False
LPT-12651.corp.local,HOST,0,NONE,0.0,0.0,0.0,0.0,0.0,0.5,False
WS-11467,HOST,0,NONE,0.0,1.0,2.0,0.0,1.0,0.5,False
WS_11261,HOST,0,NONE,0.0,0.0,0.0,0.0,0.0,0.5,False
ws-11384,HOST,0,NONE,0.0,1.0,0.0,0.0,0.4,0.5,False
WS-10181.corp.local,HOST,0,NONE,0.0,0.0,0.0,0.0,0.0,0.5,False
WS-11734,HOST,0,NONE,0.0,2.0,0.0,0.0,0.8,0.5,False
lpt-11476,HOST,0,NONE,0.0,1.0,0.0,0.0,0.4,0.5,False
WS-11463,HOST,0,NONE,0.0,2.0,2.0,0.0,1.4,0.5,False
lpt-12540,HOST,0,NONE,0.0,0.0,0.0,0.0,0.0,0.5,False
LPT-12761,HOST,1,ENDPOINT,0.0,0.0,4.0,0.0,1.2,0.65,False
vdr-10279,HOST,0,NONE,0.0,1.0,0.0,0.0,0.4,0.5,False
lpt-11229,HOST,0,NONE,0.0,1.0,0.0,0.0,0.4,0.5,False
VDR-10234.corp.local,HOST,0,NONE,0.0,0.0,0.0,0.0,0.0,0.5,False
VDR_10571,HOST,0,NONE,0.0,0.0,0.0,0.0,0.0,0.5,False
VDR_12020,HOST,0,NONE,0.0,0.0,0.0,0.0,0.0,0.5,False
ws-11078,HOST,0,NONE,0.0,1.0,0.0,0.0,0.4,0.5,False
VDR-10723,HOST,1,ENDPOINT,0.0,0.0,4.0,0.0,1.2,0.65,False
vdr-10633,HOST,0,NONE,0.0,0.0,0.0,0.0,0.0,0.5,False
VDR_10899,HOST,0,NONE,0.0,0.0,0.0,0.0,0.0,0.5,False
WS-11207.corp.local,HOST,0,NONE,0.0,0.0,0.0,0.0,0.0,0.5,False
vdr-11145,HOST,0,NONE,0.0,0.0,0.0,0.0,0.0,0.5,False
LPT-11701,HOST,0,NONE,0.0,1.0,1.0,0.0,0.7,0.5,False
WS-10088.corp.local,HOST,0,NONE,0.0,0.0,0.0,0.0,0.0,0.5,False
VDR-10244.corp.local,HOST,0,NONE,0.0,0.0,0.0,0.0,0.0,0.5,False
ws-10556,HOST,0,NONE,0.0,1.0,0.0,0.0,0.4,0.5,False
LPT-12796,HOST,1,ENDPOINT,0.0,1.0,4.0,0.0,1.6,0.65,False
LPT-11745.corp.local,HOST,0,NONE,0.0,0.0,0.0,0.0,0.0,0.5,False
LPT-12522,HOST,1,ENDPOINT,0.0,2.0,3.0,0.0,1.7,0.65,False
LPT-11917,HOST,1,FIREWALL_DENY,0.0,3.0,0.0,0.0,1.2,0.65,False
WS-12390.corp.local,HOST,0,NONE,0.0,0.0,0.0,0.0,0.0,0.5,False
VDR_12602,HOST,0,NONE,0.0,0.0,0.0,0.0,0.0,0.5,False
WS_12870,HOST,0,NONE,0.0,2.0,0.0,0.0,0.8,0.5,False
LPT_10125,HOST,0,NONE,0.0,0.0,0.0,0.0,0.0,0.5,False
WS_10156,HOST,0,NONE,0.0,0.0,0.0,0.0,0.0,0.5,False
VDR-10732.corp.local,HOST,0,NONE,0.0,0.0,0.0,0.0,0.0,0.5,False
lpt-12440,HOST,0,NONE,0.0,0.0,0.0,0.0,0.0,0.5,False
LPT-12542.corp.local,HOST,0,NONE,0.0,0.0,0.0,0.0,0.0,0.5,False
lpt-12061,HOST,0,NONE,0.0,0.0,0.0,0.0,0.0,0.5,False
WS-11120.corp.local,HOST,0,NONE,0.0,0.0,0.0,0.0,0.0,0.5,False
WS-10163,HOST,0,NONE,0.0,1.0,0.0,0.0,0.4,0.5,False
VDR-12437.,HOST,0,NONE,0.0,0.0,0.0,0.0,0.0,0.5,False
VDR-12150,HOST,0,NONE,0.0,2.0,2.0,0.0,1.4,0.5,False
vdr-12338,HOST,0,NONE,0.0,2.0,0.0,0.0,0.8,0.5,False
WS-12715.,HOST,0,NONE,0.0,0.0,0.0,0.0,0.0,0.5,False
vdr-10123,HOST,0,NONE,0.0,0.0,0.0,0.0,0.0,0.5,False
vdr-10237,HOST,0,NONE,0.0,1.0,0.0,0.0,0.4,0.5,False
WS-11492,HOST,0,NONE,0.0,1.0,2.0,0.0,1.0,0.5,False
WS-10546,HOST,0,NONE,0.0,2.0,2.0,0.0,1.4,0.5,False
VDR-10626,HOST,1,ENDPOINT,0.0,1.0,5.0,0.0,1.9,0.65,False
LPT-11403.,HOST,0,NONE,0.0,0.0,0.0,0.0,0.0,0.5,False
WS-11223,HOST,1,ENDPOINT,0.0,1.0,4.0,0.0,1.6,0.65,False
LPT-12252,HOST,0,NONE,0.0,1.0,1.0,0.0,0.7,0.5,False
LPT-11134,HOST,0,NONE,0.0,0.0,2.0,0.0,0.6,0.5,False
LPT-11926.corp.local,HOST,0,NONE,0.0,0.0,0.0,0.0,0.0,0.5,False
WS-12589.corp.local,HOST,0,NONE,0.0,0.0,0.0,0.0,0.0,0.5,False
LPT-10842,HOST,0,NONE,0.0,0.0,2.0,0.0,0.6,0.5,False
ws-11342,HOST,0,NONE,0.0,1.0,0.0,0.0,0.4,0.5,False
WS-10725,HOST,1,FIREWALL_DENY,0.0,3.0,1.0,0.0,1.5,0.65,False
VDR-11910.,HOST,0,NONE,0.0,0.0,0.0,0.0,0.0,0.5,False
WS-11896,HOST,0,NONE,0.0,0.0,1.0,0.0,0.3,0.5,False
VDR-10203,HOST,0,NONE,0.0,1.0,2.0,0.0,1.0,0.5,False
lpt-11288,HOST,0,NONE,0.0,0.0,0.0,0.0,0.0,0.5,False
VDR-11611,HOST,1,ENDPOINT,0.0,2.0,7.0,0.0,2.9,0.65,False
WS-11374,HOST,2,FIREWALL_DENY|ENDPOINT,0.0,3.0,7.0,0.0,3.3,0.8,True
LPT-12524.,HOST,0,NONE,0.0,0.0,0.0,0.0,0.0,0.5,False
VDR-12577,HOST,2,FIREWALL_DENY|ENDPOINT,0.0,3.0,4.0,0.0,2.4,0.8,True
LPT-10815,HOST,1,FIREWALL_DENY,0.0,3.0,2.0,0.0,1.8,0.65,False
vdr-12865,HOST,0,NONE,0.0,0.0,0.0,0.0,0.0,0.5,False
LPT-10955,HOST,1,ENDPOINT,0.0,2.0,3.0,0.0,1.7,0.65,False
lpt-11300,HOST,0,NONE,0.0,0.0,0.0,0.0,0.0,0.5,False
WS-12192,HOST,0,NONE,0.0,1.0,1.0,0.0,0.7,0.5,False
WS-12938,HOST,1,ENDPOINT,0.0,0.0,3.0,0.0,0.9,0.65,False
LPT-10859,HOST,0,NONE,0.0,1.0,1.0,0.0,0.7,0.5,False
WS_10292,HOST,0,NONE,0.0,0.0,0.0,0.0,0.0,0.5,False
vdr-11798,HOST,0,NONE,0.0,1.0,0.0,0.0,0.4,0.5,False
ws-10774,HOST,0,NONE,0.0,1.0,0.0,0.0,0.4,0.5,False
VDR-10917,HOST,1,ENDPOINT,0.0,2.0,4.0,0.0,2.0,0.65,False
ws-12031,HOST,0,NONE,0.0,0.0,0.0,0.0,0.0,0.5,False
WS_12523,HOST,0,NONE,0.0,1.0,0.0,0.0,0.4,0.5,False
LPT_12884,HOST,0,NONE,0.0,0.0,0.0,0.0,0.0,0.5,False
VDR-11363.corp.local,HOST,0,NONE,0.0,0.0,0.0,0.0,0.0,0.5,False
LPT-10657.,HOST,0,NONE,0.0,0.0,0.0,0.0,0.0,0.5,False
LPT_11281,HOST,0,NONE,0.0,0.0,0.0,0.0,0.0,0.5,False
VDR_10664,HOST,0,NONE,0.0,1.0,0.0,0.0,0.4,0.5,False
WS-10256,HOST,1,ENDPOINT,0.0,2.0,3.0,0.0,1.7,0.65,False
LPT_10439,HOST,0,NONE,0.0,0.0,0.0,0.0,0.0,0.5,False
LPT-10204,HOST,0,NONE,0.0,1.0,2.0,0.0,1.0,0.5,False
WS_11284,HOST,0,NONE,0.0,0.0,0.0,0.0,0.0,0.5,False
VDR-10570,HOST,1,ENDPOINT,0.0,2.0,3.0,0.0,1.7,0.65,False
LPT-11187.corp.local,HOST,0,NONE,0.0,0.0,0.0,0.0,0.0,0.5,False
ws-11699,HOST,0,NONE,0.0,0.0,0.0,0.0,0.0,0.5,False
LPT_12229,HOST,0,NONE,0.0,0.0,0.0,0.0,0.0,0.5,False
LPT-11304,HOST,0,NONE,0.0,0.0,2.0,0.0,0.6,0.5,False
LPT-12643,HOST,0,NONE,0.0,2.0,0.0,0.0,0.8,0.5,False
WS-10721.corp.local,HOST,0,NONE,0.0,1.0,0.0,0.0,0.4,0.5,False
WS_11468,HOST,0,NONE,0.0,0.0,0.0,0.0,0.0,0.5,False
lpt-11333,HOST,0,NONE,0.0,0.0,0.0,0.0,0.0,0.5,False
WS-11839,HOST,0,NONE,0.0,2.0,0.0,0.0,0.8,0.5,False
LPT-11131,HOST,0,NONE,0.0,0.0,0.0,0.0,0.0,0.5,False
LPT-11691.,HOST,0,NONE,0.0,0.0,0.0,0.0,0.0,0.5,False
VDR-10491.corp.local,HOST,0,NONE,0.0,0.0,0.0,0.0,0.0,0.5,False
VDR-12033.corp.local,HOST,0,NONE,0.0,1.0,0.0,0.0,0.4,0.5,False
VDR_10626,HOST,0,NONE,0.0,0.0,0.0,0.0,0.0,0.5,False
vdr-12764,HOST,0,NONE,0.0,0.0,0.0,0.0,0.0,0.5,False
WS-11523.corp.local,HOST,0,NONE,0.0,0.0,0.0,0.0,0.0,0.5,False
ws-10371,HOST,0,NONE,0.0,0.0,0.0,0.0,0.0,0.5,False
WS-10134,HOST,1,ENDPOINT,0.0,0.0,3.0,0.0,0.9,0.65,False
VDR-10624,HOST,0,NONE,0.0,0.0,2.0,0.0,0.6,0.5,False
VDR-12905.corp.local,HOST,0,NONE,0.0,0.0,0.0,0.0,0.0,0.5,False
LPT-10872,HOST,1,ENDPOINT,0.0,2.0,3.0,0.0,1.7,0.65,False
LPT-11573,HOST,0,NONE,0.0,0.0,1.0,0.0,0.3,0.5,False
WS-12192.corp.local,HOST,0,NONE,0.0,0.0,0.0,0.0,0.0,0.5,False
WS_12309,HOST,0,NONE,0.0,0.0,0.0,0.0,0.0,0.5,False
LPT_10671,HOST,0,NONE,0.0,0.0,0.0,0.0,0.0,0.5,False
WS-10009,HOST,0,NONE,0.0,2.0,2.0,0.0,1.4,0.5,False
WS_11252,HOST,0,NONE,0.0,0.0,0.0,0.0,0.0,0.5,False
VDR-12458.corp.local,HOST,0,NONE,0.0,0.0,0.0,0.0,0.0,0.5,False
VDR_10492,HOST,0,NONE,0.0,0.0,0.0,0.0,0.0,0.5,False
WS_10828,HOST,0,NONE,0.0,0.0,0.0,0.0,0.0,0.5,False
WS-11915,HOST,0,NONE,0.0,1.0,2.0,0.0,1.0,0.5,False
lpt-11498,HOST,0,NONE,0.0,0.0,0.0,0.0,0.0,0.5,False
WS_10034,HOST,0,NONE,0.0,0.0,0.0,0.0,0.0,0.5,False
VDR-12177.corp.local,HOST,0,NONE,0.0,2.0,0.0,0.0,0.8,0.5,False
LPT_10521,HOST,0,NONE,0.0,0.0,0.0,0.0,0.0,0.5,False
WS_11952,HOST,0,NONE,0.0,0.0,0.0,0.0,0.0,0.5,False
LPT-10950.corp.local,HOST,0,NONE,0.0,0.0,0.0,0.0,0.0,0.5,False
LPT-12597,HOST,0,NONE,0.0,2.0,1.0,0.0,1.1,0.5,False
WS-10224,HOST,0,NONE,0.0,1.0,0.0,0.0,0.4,0.5,False
LPT-11714.corp.local,HOST,0,NONE,0.0,2.0,0.0,0.0,0.8,0.5,False
VDR-10903,HOST,1,ENDPOINT,0.0,1.0,4.0,0.0,1.6,0.65,False
LPT-11072.corp.local,HOST,0,NONE,0.0,0.0,0.0,0.0,0.0,0.5,False
LPT-11452.,HOST,0,NONE,0.0,0.0,0.0,0.0,0.0,0.5,False
VDR-11962,HOST,1,ENDPOINT,0.0,1.0,4.0,0.0,1.6,0.65,False
LPT_12144,HOST,0,NONE,0.0,1.0,0.0,0.0,0.4,0.5,False
lpt-12239,HOST,0,NONE,0.0,0.0,0.0,0.0,0.0,0.5,False
LPT-10821,HOST,1,ENDPOINT,0.0,1.0,6.0,0.0,2.2,0.65,False
VDR-12479,HOST,0,NONE,0.0,1.0,0.0,0.0,0.4,0.5,False
WS-11750.corp.local,HOST,0,NONE,0.0,0.0,0.0,0.0,0.0,0.5,False
VDR-10079.corp.local,HOST,0,NONE,0.0,0.0,0.0,0.0,0.0,0.5,False
lpt-12355,HOST,0,NONE,0.0,0.0,0.0,0.0,0.0,0.5,False
WS-10325,HOST,0,NONE,0.0,2.0,0.0,0.0,0.8,0.5,False
WS-10493,HOST,0,NONE,0.0,1.0,0.0,0.0,0.4,0.5,False
WS-10324,HOST,1,ENDPOINT,0.0,1.0,3.0,0.0,1.3,0.65,False
VDR-10444,HOST,2,FIREWALL_DENY|ENDPOINT,0.0,3.0,3.0,0.0,2.1,0.8,True
WS-12501,HOST,2,FIREWALL_DENY|ENDPOINT,0.0,3.0,4.0,0.0,2.4,0.8,True
VDR-10692,HOST,1,ENDPOINT,0.0,2.0,6.0,0.0,2.6,0.65,False
VDR_10491,HOST,0,NONE,0.0,0.0,0.0,0.0,0.0,0.5,False
WS-11766,HOST,1,FIREWALL_DENY,0.0,3.0,1.0,0.0,1.5,0.65,False
WS-11454.corp.local,HOST,0,NONE,0.0,0.0,0.0,0.0,0.0,0.5,False
vdr-11314,HOST,0,NONE,0.0,0.0,0.0,0.0,0.0,0.5,False
VDR-12273,HOST,1,ENDPOINT,0.0,0.0,4.0,0.0,1.2,0.65,False
WS_11245,HOST,0,NONE,0.0,0.0,0.0,0.0,0.0,0.5,False
lpt-11270,HOST,0,NONE,0.0,0.0,0.0,0.0,0.0,0.5,False
VDR-11858.corp.local,HOST,0,NONE,0.0,0.0,0.0,0.0,0.0,0.5,False
lpt-11025,HOST,0,NONE,0.0,1.0,0.0,0.0,0.4,0.5,False
LPT-10304,HOST,1,FIREWALL_DENY,0.0,4.0,0.0,0.0,1.6,0.65,False
LPT_11070,HOST,0,NONE,0.0,1.0,0.0,0.0,0.4,0.5,False
LPT-11607,HOST,0,NONE,0.0,1.0,1.0,0.0,0.7,0.5,False
WS-11873,HOST,1,ENDPOINT,0.0,1.0,3.0,0.0,1.3,0.65,False
WS-11347,HOST,2,FIREWALL_DENY|ENDPOINT,0.0,3.0,3.0,0.0,2.1,0.8,True
LPT-10912.corp.local,HOST,0,NONE,0.0,0.0,0.0,0.0,0.0,0.5,False
ws-12833,HOST,0,NONE,0.0,1.0,0.0,0.0,0.4,0.5,False
vdr-11628,HOST,0,NONE,0.0,0.0,0.0,0.0,0.0,0.5,False
lpt-10636,HOST,0,NONE,0.0,0.0,0.0,0.0,0.0,0.5,False
LPT-11235,HOST,1,ENDPOINT,0.0,2.0,4.0,0.0,2.0,0.65,False
WS_10078,HOST,0,NONE,0.0,1.0,0.0,0.0,0.4,0.5,False
LPT-11178.corp.local,HOST,0,NONE,0.0,0.0,0.0,0.0,0.0,0.5,False
ws-12953,HOST,0,NONE,0.0,1.0,0.0,0.0,0.4,0.5,False
VDR-10790.,HOST,0,NONE,0.0,0.0,0.0,0.0,0.0,0.5,False
lpt-12146,HOST,0,NONE,0.0,1.0,0.0,0.0,0.4,0.5,False
LPT-10446.corp.local,HOST,0,NONE,0.0,0.0,0.0,0.0,0.0,0.5,False
VDR-11996.corp.local,HOST,0,NONE,0.0,0.0,0.0,0.0,0.0,0.5,False
WS-10584,HOST,0,NONE,0.0,1.0,2.0,0.0,1.0,0.5,False
LPT-12208,HOST,1,ENDPOINT,0.0,1.0,3.0,0.0,1.3,0.65,False
LPT_11478,HOST,0,NONE,0.0,1.0,0.0,0.0,0.4,0.5,False
ws-10540,HOST,0,NONE,0.0,1.0,0.0,0.0,0.4,0.5,False
WS-10787,HOST,0,NONE,0.0,1.0,1.0,0.0,0.7,0.5,False
VDR-11095.corp.local,HOST,0,NONE,0.0,0.0,0.0,0.0,0.0,0.5,False
VDR-11913,HOST,1,FIREWALL_DENY,0.0,3.0,0.0,0.0,1.2,0.65,False
LPT-10171,HOST,1,FIREWALL_DENY,0.0,3.0,1.0,0.0,1.5,0.65,False
ws-11806,HOST,0,NONE,0.0,2.0,0.0,0.0,0.8,0.5,False
WS-10408.,HOST,0,NONE,0.0,0.0,0.0,0.0,0.0,0.5,False
VDR_10503,HOST,0,NONE,0.0,0.0,0.0,0.0,0.0,0.5,False
LPT-11775.corp.local,HOST,0,NONE,0.0,0.0,0.0,0.0,0.0,0.5,False
LPT_12854,HOST,0,NONE,0.0,2.0,0.0,0.0,0.8,0.5,False
LPT-12530.corp.local,HOST,0,NONE,0.0,0.0,0.0,0.0,0.0,0.5,False
LPT-12542,HOST,1,ENDPOINT,0.0,2.0,3.0,0.0,1.7,0.65,False
VDR-10638,HOST,0,NONE,0.0,1.0,2.0,0.0,1.0,0.5,False
ws-11473,HOST,0,NONE,0.0,0.0,0.0,0.0,0.0,0.5,False
WS_11218,HOST,0,NONE,0.0,0.0,0.0,0.0,0.0,0.5,False
WS-10102.corp.local,HOST,0,NONE,0.0,0.0,0.0,0.0,0.0,0.5,False
vdr-12079,HOST,0,NONE,0.0,0.0,0.0,0.0,0.0,0.5,False
LPT_10366,HOST,0,NONE,0.0,1.0,0.0,0.0,0.4,0.5,False
vdr-12145,HOST,0,NONE,0.0,0.0,0.0,0.0,0.0,0.5,False
WS-10190.corp.local,HOST,0,NONE,0.0,0.0,0.0,0.0,0.0,0.5,False
LPT-11052.corp.local,HOST,0,NONE,0.0,0.0,0.0,0.0,0.0,0.5,False
WS_11111,HOST,0,NONE,0.0,0.0,0.0,0.0,0.0,0.5,False
VDR-12560,HOST,0,NONE,0.0,2.0,1.0,0.0,1.1,0.5,False
lpt-10047,HOST,0,NONE,0.0,0.0,0.0,0.0,0.0,0.5,False
LPT-12538.corp.local,HOST,0,NONE,0.0,0.0,0.0,0.0,0.0,0.5,False
WS-10214,HOST,0,NONE,0.0,1.0,1.0,0.0,0.7,0.5,False
ws-10400,HOST,0,NONE,0.0,0.0,0.0,0.0,0.0,0.5,False
LPT_12258,HOST,0,NONE,0.0,0.0,0.0,0.0,0.0,0.5,False
VDR-10885,HOST,1,ENDPOINT,0.0,1.0,3.0,0.0,1.3,0.65,False
LPT_12271,HOST,0,NONE,0.0,1.0,0.0,0.0,0.4,0.5,False
WS_12417,HOST,0,NONE,0.0,0.0,0.0,0.0,0.0,0.5,False
VDR-10501,HOST,1,FIREWALL_DENY,0.0,3.0,2.0,0.0,1.8,0.65,False
LPT_10852,HOST,0,NONE,0.0,1.0,0.0,0.0,0.4,0.5,False
VDR-12348,HOST,1,FIREWALL_DENY,0.0,3.0,2.0,0.0,1.8,0.65,False
VDR-11779,HOST,1,ENDPOINT,0.0,2.0,4.0,0.0,2.0,0.65,False
WS-11468,HOST,0,NONE,0.0,1.0,1.0,0.0,0.7,0.5,False
LPT_10204,HOST,0,NONE,0.0,1.0,0.0,0.0,0.4,0.5,False
VDR-11388,HOST,2,FIREWALL_DENY|ENDPOINT,0.0,4.0,3.0,0.0,2.5,0.8,True
ws-10526,HOST,0,NONE,0.0,1.0,0.0,0.0,0.4,0.5,False
WS-12179,HOST,1,ENDPOINT,0.0,2.0,3.0,0.0,1.7,0.65,False
LPT-11209.,HOST,0,NONE,0.0,0.0,0.0,0.0,0.0,0.5,False
vdr-10899,HOST,0,NONE,0.0,0.0,0.0,0.0,0.0,0.5,False
VDR-12638.corp.local,HOST,0,NONE,0.0,1.0,0.0,0.0,0.4,0.5,False
LPT-12626,HOST,1,ENDPOINT,0.0,2.0,5.0,0.0,2.3,0.65,False
VDR-10328,HOST,1,FIREWALL_DENY,0.0,3.0,2.0,0.0,1.8,0.65,False
LPT-10661,HOST,0,NONE,0.0,0.0,2.0,0.0,0.6,0.5,False
VDR_10735,HOST,0,NONE,0.0,0.0,0.0,0.0,0.0,0.5,False
WS_12713,HOST,0,NONE,0.0,1.0,0.0,0.0,0.4,0.5,False
vdr-12324,HOST,0,NONE,0.0,1.0,0.0,0.0,0.4,0.5,False
WS-11743,HOST,1,FIREWALL_DENY,0.0,3.0,0.0,0.0,1.2,0.65,False
LPT-10751,HOST,0,NONE,0.0,1.0,2.0,0.0,1.0,0.5,False
ws-12918,HOST,0,NONE,0.0,0.0,0.0,0.0,0.0,0.5,False
VDR-12325.corp.local,HOST,0,NONE,0.0,0.0,0.0,0.0,0.0,0.5,False
VDR-12863.corp.local,HOST,0,NONE,0.0,0.0,0.0,0.0,0.0,0.5,False
WS-11911,HOST,0,NONE,0.0,1.0,1.0,0.0,0.7,0.5,False
LPT-12587,HOST,0,NONE,0.0,0.0,2.0,0.0,0.6,0.5,False
WS-11540.corp.local,HOST,0,NONE,0.0,0.0,0.0,0.0,0.0,0.5,False
LPT-12223.corp.local,HOST,0,NONE,0.0,1.0,0.0,0.0,0.4,0.5,False
LPT_11398,HOST,0,NONE,0.0,0.0,0.0,0.0,0.0,0.5,False
VDR-12775,HOST,1,ENDPOINT,0.0,0.0,3.0,0.0,0.9,0.65,False
WS_11289,HOST,0,NONE,0.0,0.0,0.0,0.0,0.0,0.5,False
LPT-11129.,HOST,0,NONE,0.0,0.0,0.0,0.0,0.0,0.5,False
VDR-11729.corp.local,HOST,0,NONE,0.0,0.0,0.0,0.0,0.0,0.5,False
WS-10032,HOST,0,NONE,0.0,1.0,1.0,0.0,0.7,0.5,False
VDR-12373,HOST,1,ENDPOINT,0.0,1.0,3.0,0.0,1.3,0.65,False
LPT-11701.corp.local,HOST,0,NONE,0.0,0.0,0.0,0.0,0.0,0.5,False
VDR-11929.corp.local,HOST,0,NONE,0.0,0.0,0.0,0.0,0.0,0.5,False
WS-11769,HOST,1,ENDPOINT,0.0,1.0,4.0,0.0,1.6,0.65,False
WS-10476,HOST,1,FIREWALL_DENY,0.0,4.0,0.0,0.0,1.6,0.65,False
VDR_10600,HOST,0,NONE,0.0,0.0,0.0,0.0,0.0,0.5,False
VDR-10658,HOST,0,NONE,0.0,2.0,0.0,0.0,0.8,0.5,False
LPT-10842.,HOST,0,NONE,0.0,0.0,0.0,0.0,0.0,0.5,False
VDR-11169,HOST,1,ENDPOINT,0.0,2.0,4.0,0.0,2.0,0.65,False
LPT_11604,HOST,0,NONE,0.0,1.0,0.0,0.0,0.4,0.5,False
WS-11009.,HOST,0,NONE,0.0,0.0,0.0,0.0,0.0,0.5,False
WS_11241,HOST,0,NONE,0.0,0.0,0.0,0.0,0.0,0.5,False
vdr-10438,HOST,0,NONE,0.0,1.0,0.0,0.0,0.4,0.5,False
VDR-11038,HOST,0,NONE,0.0,0.0,2.0,0.0,0.6,0.5,False
WS-11850,HOST,1,ENDPOINT,0.0,0.0,4.0,0.0,1.2,0.65,False
VDR-11931.corp.local,HOST,0,NONE,0.0,0.0,0.0,0.0,0.0,0.5,False
vdr-11405,HOST,0,NONE,0.0,0.0,0.0,0.0,0.0,0.5,False
VDR-11150.corp.local,HOST,0,NONE,0.0,0.0,0.0,0.0,0.0,0.5,False
LPT_12069,HOST,0,NONE,0.0,0.0,0.0,0.0,0.0,0.5,False
vdr-11524,HOST,0,NONE,0.0,1.0,0.0,0.0,0.4,0.5,False
VDR-10667,HOST,2,FIREWALL_DENY|ENDPOINT,0.0,3.0,4.0,0.0,2.4,0.8,True
LPT_12291,HOST,0,NONE,0.0,0.0,0.0,0.0,0.0,0.5,False
VDR-11525,HOST,1,ENDPOINT,0.0,1.0,4.0,0.0,1.6,0.65,False
VDR-11411,HOST,1,ENDPOINT,0.0,1.0,5.0,0.0,1.9,0.65,False
ws-11039,HOST,0,NONE,0.0,0.0,0.0,0.0,0.0,0.5,False
WS_10341,HOST,0,NONE,0.0,0.0,0.0,0.0,0.0,0.5,False
LPT-10067.corp.local,HOST,0,NONE,0.0,1.0,0.0,0.0,0.4,0.5,False
WS-11366.,HOST,0,NONE,0.0,0.0,0.0,0.0,0.0,0.5,False
WS-10453,HOST,0,NONE,0.0,0.0,1.0,0.0,0.3,0.5,False
VDR-10077,HOST,0,NONE,0.0,2.0,2.0,0.0,1.4,0.5,False
LPT_11834,HOST,0,NONE,0.0,1.0,0.0,0.0,0.4,0.5,False
VDR-10147.,HOST,0,NONE,0.0,0.0,0.0,0.0,0.0,0.5,False
LPT-12969.,HOST,0,NONE,0.0,0.0,0.0,0.0,0.0,0.5,False
LPT-12419,HOST,0,NONE,0.0,1.0,1.0,0.0,0.7,0.5,False
ws-10962,HOST,0,NONE,0.0,0.0,0.0,0.0,0.0,0.5,False
VDR-12734,HOST,1,ENDPOINT,0.0,1.0,3.0,0.0,1.3,0.65,False
LPT-11326.,HOST,0,NONE,0.0,0.0,0.0,0.0,0.0,0.5,False
LPT-10616.,HOST,0,NONE,0.0,0.0,0.0,0.0,0.0,0.5,False
lpt-10426,HOST,0,NONE,0.0,0.0,0.0,0.0,0.0,0.5,False
LPT-11109,HOST,1,ENDPOINT,0.0,2.0,3.0,0.0,1.7,0.65,False
lpt-10483,HOST,0,NONE,0.0,1.0,0.0,0.0,0.4,0.5,False
VDR-10335.corp.local,HOST,0,NONE,0.0,0.0,0.0,0.0,0.0,0.5,False
VDR-12180.corp.local,HOST,0,NONE,0.0,0.0,0.0,0.0,0.0,0.5,False
lpt-12648,HOST,0,NONE,0.0,1.0,0.0,0.0,0.4,0.5,False
VDR-12435.corp.local,HOST,0,NONE,0.0,1.0,0.0,0.0,0.4,0.5,False
VDR-10477,HOST,0,NONE,0.0,2.0,1.0,0.0,1.1,0.5,False
LPT-11990,HOST,0,NONE,0.0,0.0,2.0,0.0,0.6,0.5,False
vdr-12484,HOST,0,NONE,0.0,0.0,0.0,0.0,0.0,0.5,False
LPT-11790,HOST,0,NONE,0.0,1.0,2.0,0.0,1.0,0.5,False
VDR-10527.corp.local,HOST,0,NONE,0.0,0.0,0.0,0.0,0.0,0.5,False
LPT-11340,HOST,0,NONE,0.0,1.0,0.0,0.0,0.4,0.5,False
vdr-12781,HOST,0,NONE,0.0,0.0,0.0,0.0,0.0,0.5,False
VDR-12764.corp.local,HOST,0,NONE,0.0,0.0,0.0,0.0,0.0,0.5,False
VDR-12557.corp.local,HOST,0,NONE,0.0,0.0,0.0,0.0,0.0,0.5,False
ws-10831,HOST,0,NONE,0.0,0.0,0.0,0.0,0.0,0.5,False
WS-12350,HOST,1,FIREWALL_DENY,0.0,5.0,2.0,0.0,2.6,0.65,False
VDR_12450,HOST,0,NONE,0.0,0.0,0.0,0.0,0.0,0.5,False
VDR-10886,HOST,0,NONE,0.0,0.0,2.0,0.0,0.6,0.5,False
WS_10568,HOST,0,NONE,0.0,1.0,0.0,0.0,0.4,0.5,False
LPT-11148,HOST,1,ENDPOINT,0.0,2.0,4.0,0.0,2.0,0.65,False
vdr-10465,HOST,0,NONE,0.0,0.0,0.0,0.0,0.0,0.5,False
VDR-12353,HOST,0,NONE,0.0,1.0,1.0,0.0,0.7,0.5,False
ws-11968,HOST,0,NONE,0.0,0.0,0.0,0.0,0.0,0.5,False
WS-12220,HOST,0,NONE,0.0,1.0,2.0,0.0,1.0,0.5,False
LPT-10364,HOST,0,NONE,0.0,0.0,0.0,0.0,0.0,0.5,False
lpt-11875,HOST,0,NONE,0.0,2.0,0.0,0.0,0.8,0.5,False
WS_10739,HOST,0,NONE,0.0,0.0,0.0,0.0,0.0,0.5,False
WS-12802,HOST,1,ENDPOINT,0.0,2.0,3.0,0.0,1.7,0.65,False
VDR-11267,HOST,1,ENDPOINT,0.0,0.0,7.0,0.0,2.1,0.65,False
vdr-12437,HOST,0,NONE,0.0,0.0,0.0,0.0,0.0,0.5,False
LPT-12024,HOST,0,NONE,0.0,0.0,2.0,0.0,0.6,0.5,False
vdr-12325,HOST,0,NONE,0.0,2.0,0.0,0.0,0.8,0.5,False
VDR-12880,HOST,0,NONE,0.0,1.0,1.0,0.0,0.7,0.5,False
VDR_11853,HOST,0,NONE,0.0,1.0,0.0,0.0,0.4,0.5,False
VDR-11973.,HOST,0,NONE,0.0,0.0,0.0,0.0,0.0,0.5,False
lpt-11156,HOST,0,NONE,0.0,0.0,0.0,0.0,0.0,0.5,False
WS-12398,HOST,1,ENDPOINT,0.0,1.0,3.0,0.0,1.3,0.65,False
WS-11481.corp.local,HOST,0,NONE,0.0,0.0,0.0,0.0,0.0,0.5,False
ws-12343,HOST,0,NONE,0.0,0.0,0.0,0.0,0.0,0.5,False
LPT-11202.,HOST,0,NONE,0.0,0.0,0.0,0.0,0.0,0.5,False
LPT-10001,HOST,1,ENDPOINT,0.0,1.0,4.0,0.0,1.6,0.65,False
lpt-10067,HOST,0,NONE,0.0,1.0,0.0,0.0,0.4,0.5,False
LPT-12735.corp.local,HOST,0,NONE,0.0,0.0,0.0,0.0,0.0,0.5,False
VDR-12272.corp.local,HOST,0,NONE,0.0,0.0,0.0,0.0,0.0,0.5,False
VDR_11508,HOST,0,NONE,0.0,0.0,0.0,0.0,0.0,0.5,False
VDR-10029,HOST,1,ENDPOINT,0.0,2.0,6.0,0.0,2.6,0.65,False
LPT-10101,HOST,0,NONE,0.0,0.0,1.0,0.0,0.3,0.5,False
vdr-10608,HOST,0,NONE,0.0,2.0,0.0,0.0,0.8,0.5,False
VDR-10282.corp.local,HOST,0,NONE,0.0,2.0,0.0,0.0,0.8,0.5,False
WS-10675,HOST,0,NONE,0.0,1.0,1.0,0.0,0.7,0.5,False
LPT-12111.corp.local,HOST,0,NONE,0.0,0.0,0.0,0.0,0.0,0.5,False
WS-10781.corp.local,HOST,0,NONE,0.0,0.0,0.0,0.0,0.0,0.5,False
ws-10513,HOST,0,NONE,0.0,1.0,0.0,0.0,0.4,0.5,False
LPT-11840.corp.local,HOST,0,NONE,0.0,0.0,0.0,0.0,0.0,0.5,False
VDR-12678,HOST,0,NONE,0.0,2.0,2.0,0.0,1.4,0.5,False
VDR-12173.,HOST,0,NONE,0.0,0.0,0.0,0.0,0.0,0.5,False
WS-12581,HOST,1,ENDPOINT,0.0,2.0,3.0,0.0,1.7,0.65,False
VDR-11946.,HOST,0,NONE,0.0,0.0,0.0,0.0,0.0,0.5,False
WS-12036.corp.local,HOST,0,NONE,0.0,0.0,0.0,0.0,0.0,0.5,False
LPT-12106,HOST,0,NONE,0.0,2.0,2.0,0.0,1.4,0.5,False
LPT-12326,HOST,0,NONE,0.0,0.0,2.0,0.0,0.6,0.5,False
LPT-10965,HOST,0,NONE,0.0,1.0,2.0,0.0,1.0,0.5,False
WS-12264.corp.local,HOST,0,NONE,0.0,0.0,0.0,0.0,0.0,0.5,False
VDR-10535,HOST,0,NONE,0.0,2.0,1.0,0.0,1.1,0.5,False
vdr-11411,HOST,0,NONE,0.0,0.0,0.0,0.0,0.0,0.5,False
LPT-11271,HOST,1,ENDPOINT,0.0,1.0,3.0,0.0,1.3,0.65,False
WS-11667,HOST,0,NONE,0.0,1.0,2.0,0.0,1.0,0.5,False
VDR-12940,HOST,1,FIREWALL_DENY,0.0,4.0,1.0,0.0,1.9,0.65,False
ws-10524,HOST,0,NONE,0.0,0.0,0.0,0.0,0.0,0.5,False
vdr-10592,HOST,0,NONE,0.0,0.0,0.0,0.0,0.0,0.5,False
VDR_11236,HOST,0,NONE,0.0,0.0,0.0,0.0,0.0,0.5,False
VDR-12270,HOST,0,NONE,0.0,0.0,1.0,0.0,0.3,0.5,False
LPT-11276.corp.local,HOST,0,NONE,0.0,2.0,0.0,0.0,0.8,0.5,False
VDR-12384,HOST,1,ENDPOINT,0.0,1.0,3.0,0.0,1.3,0.65,False
VDR-12453.corp.local,HOST,0,NONE,0.0,0.0,0.0,0.0,0.0,0.5,False
LPT_10083,HOST,0,NONE,0.0,1.0,0.0,0.0,0.4,0.5,False
vdr-12336,HOST,0,NONE,0.0,2.0,0.0,0.0,0.8,0.5,False
WS-12544,HOST,0,NONE,0.0,2.0,2.0,0.0,1.4,0.5,False
WS_11851,HOST,0,NONE,0.0,0.0,0.0,0.0,0.0,0.5,False
VDR-12562,HOST,0,NONE,0.0,0.0,2.0,0.0,0.6,0.5,False
lpt-12252,HOST,0,NONE,0.0,0.0,0.0,0.0,0.0,0.5,False
lpt-10159,HOST,0,NONE,0.0,0.0,0.0,0.0,0.0,0.5,False
vdr-11014,HOST,0,NONE,0.0,1.0,0.0,0.0,0.4,0.5,False
WS-12746.corp.local,HOST,0,NONE,0.0,1.0,0.0,0.0,0.4,0.5,False
VDR-10698.corp.local,HOST,0,NONE,0.0,0.0,0.0,0.0,0.0,0.5,False
vdr-10291,HOST,0,NONE,0.0,0.0,0.0,0.0,0.0,0.5,False
WS-11477.,HOST,0,NONE,0.0,0.0,0.0,0.0,0.0,0.5,False
LPT-11299.corp.local,HOST,0,NONE,0.0,0.0,0.0,0.0,0.0,0.5,False
WS_10045,HOST,0,NONE,0.0,0.0,0.0,0.0,0.0,0.5,False
VDR-10743,HOST,1,ENDPOINT,0.0,1.0,3.0,0.0,1.3,0.65,False
WS-11715.corp.local,HOST,0,NONE,0.0,0.0,0.0,0.0,0.0,0.5,False
LPT-10668.corp.local,HOST,0,NONE,0.0,0.0,0.0,0.0,0.0,0.5,False
VDR-10230,HOST,0,NONE,0.0,2.0,1.0,0.0,1.1,0.5,False
lpt-12481,HOST,0,NONE,0.0,0.0,0.0,0.0,0.0,0.5,False
WS-11523,HOST,1,ENDPOINT,0.0,2.0,3.0,0.0,1.7,0.65,False
WS_11823,HOST,0,NONE,0.0,0.0,0.0,0.0,0.0,0.5,False
vdr-10527,HOST,0,NONE,0.0,0.0,0.0,0.0,0.0,0.5,False
VDR-12613,HOST,0,NONE,0.0,0.0,1.0,0.0,0.3,0.5,False
LPT-12586.corp.local,HOST,0,NONE,0.0,0.0,0.0,0.0,0.0,0.5,False
WS-11708,HOST,1,ENDPOINT,0.0,2.0,6.0,0.0,2.6,0.65,False
LPT-12954,HOST,0,NONE,0.0,2.0,1.0,0.0,1.1,0.5,False
WS-10617,HOST,1,ENDPOINT,0.0,1.0,3.0,0.0,1.3,0.65,False
VDR-12725,HOST,1,FIREWALL_DENY,0.0,4.0,2.0,0.0,2.2,0.65,False
vdr-10071,HOST,0,NONE,0.0,0.0,0.0,0.0,0.0,0.5,False
lpt-10679,HOST,0,NONE,0.0,0.0,0.0,0.0,0.0,0.5,False
WS-12913,HOST,0,NONE,0.0,0.0,1.0,0.0,0.3,0.5,False
lpt-11511,HOST,0,NONE,0.0,0.0,0.0,0.0,0.0,0.5,False
LPT-10804,HOST,0,NONE,0.0,1.0,1.0,0.0,0.7,0.5,False
VDR-11549.,HOST,0,NONE,0.0,0.0,0.0,0.0,0.0,0.5,False
LPT-12471.corp.local,HOST,0,NONE,0.0,1.0,0.0,0.0,0.4,0.5,False
WS-12214,HOST,1,FIREWALL_DENY,0.0,4.0,2.0,0.0,2.2,0.65,False
WS-11564,HOST,1,ENDPOINT,0.0,1.0,4.0,0.0,1.6,0.65,False
lpt-12263,HOST,0,NONE,0.0,1.0,0.0,0.0,0.4,0.5,False
LPT_12704,HOST,0,NONE,0.0,0.0,0.0,0.0,0.0,0.5,False
LPT_11740,HOST,0,NONE,0.0,0.0,0.0,0.0,0.0,0.5,False
WS-12874,HOST,1,ENDPOINT,0.0,2.0,4.0,0.0,2.0,0.65,False
VDR-10736.corp.local,HOST,0,NONE,0.0,1.0,0.0,0.0,0.4,0.5,False
VDR-11853,HOST,0,NONE,0.0,2.0,2.0,0.0,1.4,0.5,False
WS_12179,HOST,0,NONE,0.0,0.0,0.0,0.0,0.0,0.5,False
WS-12912,HOST,1,ENDPOINT,0.0,1.0,4.0,0.0,1.6,0.65,False
LPT_12645,HOST,0,NONE,0.0,0.0,0.0,0.0,0.0,0.5,False
LPT-11568.corp.local,HOST,0,NONE,0.0,0.0,0.0,0.0,0.0,0.5,False
VDR-11912.corp.local,HOST,0,NONE,0.0,1.0,0.0,0.0,0.4,0.5,False
WS_11529,HOST,0,NONE,0.0,0.0,0.0,0.0,0.0,0.5,False
LPT-12280,HOST,0,NONE,0.0,2.0,0.0,0.0,0.8,0.5,False
LPT-11918,HOST,0,NONE,0.0,1.0,2.0,0.0,1.0,0.5,False
ws-10450,HOST,0,NONE,0.0,2.0,0.0,0.0,0.8,0.5,False
LPT-12103,HOST,0,NONE,0.0,2.0,1.0,0.0,1.1,0.5,False
LPT-11057.corp.local,HOST,0,NONE,0.0,0.0,0.0,0.0,0.0,0.5,False
WS-12733,HOST,0,NONE,0.0,2.0,1.0,0.0,1.1,0.5,False
LPT-12382.corp.local,HOST,0,NONE,0.0,0.0,0.0,0.0,0.0,0.5,False
WS-12162,HOST,1,ENDPOINT,0.0,0.0,5.0,0.0,1.5,0.65,False
ws-12125,HOST,0,NONE,0.0,0.0,0.0,0.0,0.0,0.5,False
VDR-12431,HOST,1,ENDPOINT,0.0,0.0,3.0,0.0,0.9,0.65,False
VDR-10611,HOST,0,NONE,0.0,0.0,0.0,0.0,0.0,0.5,False
WS-10706,HOST,1,FIREWALL_DENY,0.0,3.0,2.0,0.0,1.8,0.65,False
VDR-10353,HOST,0,NONE,0.0,2.0,2.0,0.0,1.4,0.5,False
WS_11819,HOST,0,NONE,0.0,0.0,0.0,0.0,0.0,0.5,False
ws-12555,HOST,0,NONE,0.0,0.0,0.0,0.0,0.0,0.5,False
WS-11756,HOST,0,NONE,0.0,1.0,0.0,0.0,0.4,0.5,False
ws-12673,HOST,0,NONE,0.0,0.0,0.0,0.0,0.0,0.5,False
vdr-11874,HOST,0,NONE,0.0,0.0,0.0,0.0,0.0,0.5,False
lpt-12102,HOST,0,NONE,0.0,1.0,0.0,0.0,0.4,0.5,False
LPT-11616.corp.local,HOST,0,NONE,0.0,1.0,0.0,0.0,0.4,0.5,False
vdr-12776,HOST,0,NONE,0.0,0.0,0.0,0.0,0.0,0.5,False
VDR-12892,HOST,1,ENDPOINT,0.0,2.0,5.0,0.0,2.3,0.65,False
LPT-11319,HOST,0,NONE,0.0,0.0,1.0,0.0,0.3,0.5,False
WS-10971,HOST,0,NONE,0.0,1.0,1.0,0.0,0.7,0.5,False
WS-10225.corp.local,HOST,0,NONE,0.0,1.0,0.0,0.0,0.4,0.5,False
ws-12515,HOST,0,NONE,0.0,1.0,0.0,0.0,0.4,0.5,False
LPT-10654,HOST,1,ENDPOINT,0.0,2.0,3.0,0.0,1.7,0.65,False
ws-11460,HOST,0,NONE,0.0,0.0,0.0,0.0,0.0,0.5,False
LPT-11465,HOST,0,NONE,0.0,2.0,1.0,0.0,1.1,0.5,False
LPT_10676,HOST,0,NONE,0.0,0.0,0.0,0.0,0.0,0.5,False
lpt-10229,HOST,0,NONE,0.0,0.0,0.0,0.0,0.0,0.5,False
LPT-10157.corp.local,HOST,0,NONE,0.0,1.0,0.0,0.0,0.4,0.5,False
LPT-12611.corp.local,HOST,0,NONE,0.0,1.0,0.0,0.0,0.4,0.5,False
ws-12828,HOST,0,NONE,0.0,0.0,0.0,0.0,0.0,0.5,False
VDR-10124.corp.local,HOST,0,NONE,0.0,0.0,0.0,0.0,0.0,0.5,False
WS_12097,HOST,0,NONE,0.0,0.0,0.0,0.0,0.0,0.5,False
LPT_10682,HOST,0,NONE,0.0,0.0,0.0,0.0,0.0,0.5,False
LPT-11869,HOST,0,NONE,0.0,1.0,1.0,0.0,0.7,0.5,False
WS_10281,HOST,0,NONE,0.0,0.0,0.0,0.0,0.0,0.5,False
VDR-12618,HOST,2,FIREWALL_DENY|ENDPOINT,0.0,3.0,3.0,0.0,2.1,0.8,True
lpt-12530,HOST,0,NONE,0.0,2.0,0.0,0.0,0.8,0.5,False
LPT-12911,HOST,1,ENDPOINT,0.0,0.0,5.0,0.0,1.5,0.65,False
LPT-11489.corp.local,HOST,0,NONE,0.0,0.0,0.0,0.0,0.0,0.5,False
LPT-10909.corp.local,HOST,0,NONE,0.0,0.0,0.0,0.0,0.0,0.5,False
LPT-12768,HOST,1,ENDPOINT,0.0,2.0,3.0,0.0,1.7,0.65,False
ws-11252,HOST,0,NONE,0.0,0.0,0.0,0.0,0.0,0.5,False
WS-11708.corp.local,HOST,0,NONE,0.0,1.0,0.0,0.0,0.4,0.5,False
WS-11893,HOST,0,NONE,0.0,0.0,0.0,0.0,0.0,0.5,False
WS-11899,HOST,0,NONE,0.0,2.0,1.0,0.0,1.1,0.5,False
vdr-10164,HOST,0,NONE,0.0,0.0,0.0,0.0,0.0,0.5,False
WS_10145,HOST,0,NONE,0.0,1.0,0.0,0.0,0.4,0.5,False
WS-10518.corp.local,HOST,0,NONE,0.0,1.0,0.0,0.0,0.4,0.5,False
VDR-11931,HOST,0,NONE,0.0,0.0,1.0,0.0,0.3,0.5,False
WS-11722.,HOST,0,NONE,0.0,0.0,0.0,0.0,0.0,0.5,False
LPT-11965,HOST,0,NONE,0.0,2.0,2.0,0.0,1.4,0.5,False
VDR-12543,HOST,1,ENDPOINT,0.0,1.0,3.0,0.0,1.3,0.65,False
LPT-10525,HOST,0,NONE,0.0,0.0,1.0,0.0,0.3,0.5,False
WS-11089.corp.local,HOST,0,NONE,0.0,1.0,0.0,0.0,0.4,0.5,False
VDR_11964,HOST,0,NONE,0.0,1.0,0.0,0.0,0.4,0.5,False
VDR-10529,HOST,0,NONE,0.0,1.0,1.0,0.0,0.7,0.5,False
WS-12112.corp.local,HOST,0,NONE,0.0,0.0,0.0,0.0,0.0,0.5,False
LPT_11539,HOST,0,NONE,0.0,0.0,0.0,0.0,0.0,0.5,False
WS-11477,HOST,0,NONE,0.0,1.0,1.0,0.0,0.7,0.5,False
VDR-11557.corp.local,HOST,0,NONE,0.0,0.0,0.0,0.0,0.0,0.5,False
vdr-12936,HOST,0,NONE,0.0,1.0,0.0,0.0,0.4,0.5,False
VDR_12560,HOST,0,NONE,0.0,0.0,0.0,0.0,0.0,0.5,False
vdr-10701,HOST,0,NONE,0.0,1.0,0.0,0.0,0.4,0.5,False
WS-12082.corp.local,HOST,0,NONE,0.0,1.0,0.0,0.0,0.4,0.5,False
LPT_10709,HOST,0,NONE,0.0,0.0,0.0,0.0,0.0,0.5,False
vdr-10648,HOST,0,NONE,0.0,1.0,0.0,0.0,0.4,0.5,False
VDR-11003,HOST,1,ENDPOINT,0.0,0.0,4.0,0.0,1.2,0.65,False
LPT_11572,HOST,0,NONE,0.0,0.0,0.0,0.0,0.0,0.5,False
VDR_12373,HOST,0,NONE,0.0,1.0,0.0,0.0,0.4,0.5,False
WS-12889,HOST,1,ENDPOINT,0.0,0.0,4.0,0.0,1.2,0.65,False
lpt-12522,HOST,0,NONE,0.0,1.0,0.0,0.0,0.4,0.5,False
VDR-11618,HOST,0,NONE,0.0,0.0,2.0,0.0,0.6,0.5,False
WS_10829,HOST,0,NONE,0.0,0.0,0.0,0.0,0.0,0.5,False
VDR_12577,HOST,0,NONE,0.0,1.0,0.0,0.0,0.4,0.5,False
lpt-12253,HOST,0,NONE,0.0,1.0,0.0,0.0,0.4,0.5,False
VDR-10322,HOST,0,NONE,0.0,0.0,1.0,0.0,0.3,0.5,False
WS-11241,HOST,2,FIREWALL_DENY|ENDPOINT,0.0,4.0,3.0,0.0,2.5,0.8,True
VDR-12451,HOST,2,FIREWALL_DENY|ENDPOINT,0.0,4.0,4.0,0.0,2.8,0.8,True
VDR-12624,HOST,0,NONE,0.0,1.0,2.0,0.0,1.0,0.5,False
VDR-11585,HOST,1,ENDPOINT,0.0,1.0,3.0,0.0,1.3,0.65,False
LPT-12524,HOST,0,NONE,0.0,1.0,0.0,0.0,0.4,0.5,False
LPT-11631,HOST,1,ENDPOINT,0.0,2.0,3.0,0.0,1.7,0.65,False
VDR-12789,HOST,0,NONE,0.0,1.0,2.0,0.0,1.0,0.5,False
WS_12878,HOST,0,NONE,0.0,0.0,0.0,0.0,0.0,0.5,False
WS_12456,HOST,0,NONE,0.0,0.0,0.0,0.0,0.0,0.5,False
WS-10367.corp.local,HOST,0,NONE,0.0,0.0,0.0,0.0,0.0,0.5,False
WS-11120,HOST,1,FIREWALL_DENY,0.0,3.0,0.0,0.0,1.2,0.65,False
LPT_12973,HOST,0,NONE,0.0,1.0,0.0,0.0,0.4,0.5,False
WS-11079.corp.local,HOST,0,NONE,0.0,0.0,0.0,0.0,0.0,0.5,False
VDR-11388.corp.local,HOST,0,NONE,0.0,0.0,0.0,0.0,0.0,0.5,False
WS-10826,HOST,0,NONE,0.0,2.0,2.0,0.0,1.4,0.5,False
LPT-11030,HOST,0,NONE,0.0,0.0,2.0,0.0,0.6,0.5,False
VDR-10233.corp.local,HOST,0,NONE,0.0,0.0,0.0,0.0,0.0,0.5,False
WS-12442,HOST,0,NONE,0.0,1.0,2.0,0.0,1.0,0.5,False
WS_11885,HOST,0,NONE,0.0,0.0,0.0,0.0,0.0,0.5,False
LPT-10976,HOST,0,NONE,0.0,2.0,2.0,0.0,1.4,0.5,False
VDR_12248,HOST,0,NONE,0.0,0.0,0.0,0.0,0.0,0.5,False
lpt-12838,HOST,0,NONE,0.0,0.0,0.0,0.0,0.0,0.5,False
LPT-11425.corp.local,HOST,0,NONE,0.0,0.0,0.0,0.0,0.0,0.5,False
LPT-12053.,HOST,0,NONE,0.0,0.0,0.0,0.0,0.0,0.5,False
VDR-11848,HOST,0,NONE,0.0,1.0,1.0,0.0,0.7,0.5,False
LPT-11212.corp.local,HOST,0,NONE,0.0,0.0,0.0,0.0,0.0,0.5,False
ws-11505,HOST,0,NONE,0.0,0.0,0.0,0.0,0.0,0.5,False
VDR-10455,HOST,2,FIREWALL_DENY|ENDPOINT,0.0,3.0,5.0,0.0,2.7,0.8,True
VDR-10116.corp.local,HOST,0,NONE,0.0,0.0,0.0,0.0,0.0,0.5,False
VDR-10835.corp.local,HOST,0,NONE,0.0,1.0,0.0,0.0,0.4,0.5,False
WS-11595.corp.local,HOST,0,NONE,0.0,0.0,0.0,0.0,0.0,0.5,False
ws-11671,HOST,0,NONE,0.0,0.0,0.0,0.0,0.0,0.5,False
WS-10506,HOST,0,NONE,0.0,2.0,2.0,0.0,1.4,0.5,False
ws-11814,HOST,0,NONE,0.0,0.0,0.0,0.0,0.0,0.5,False
LPT_10460,HOST,0,NONE,0.0,0.0,0.0,0.0,0.0,0.5,False
LPT_10804,HOST,0,NONE,0.0,0.0,0.0,0.0,0.0,0.5,False
vdr-12825,HOST,0,NONE,0.0,0.0,0.0,0.0,0.0,0.5,False
LPT-10250,HOST,1,ENDPOINT,0.0,0.0,5.0,0.0,1.5,0.65,False
VDR-11645,HOST,1,ENDPOINT,0.0,1.0,4.0,0.0,1.6,0.65,False
lpt-11175,HOST,0,NONE,0.0,0.0,0.0,0.0,0.0,0.5,False
LPT_12202,HOST,0,NONE,0.0,0.0,0.0,0.0,0.0,0.5,False
VDR_12369,HOST,0,NONE,0.0,0.0,0.0,0.0,0.0,0.5,False
VDR-12122.corp.local,HOST,0,NONE,0.0,0.0,0.0,0.0,0.0,0.5,False
lpt-11801,HOST,0,NONE,0.0,1.0,0.0,0.0,0.4,0.5,False
VDR-11042,HOST,1,ENDPOINT,0.0,2.0,4.0,0.0,2.0,0.65,False
WS_10908,HOST,0,NONE,0.0,0.0,0.0,0.0,0.0,0.5,False
VDR_11644,HOST,0,NONE,0.0,0.0,0.0,0.0,0.0,0.5,False
LPT-10717,HOST,0,NONE,0.0,1.0,2.0,0.0,1.0,0.5,False
LPT-12609.,HOST,0,NONE,0.0,0.0,0.0,0.0,0.0,0.5,False
ws-11374,HOST,0,NONE,0.0,0.0,0.0,0.0,0.0,0.5,False
ws-10509,HOST,0,NONE,0.0,0.0,0.0,0.0,0.0,0.5,False
LPT-10062,HOST,0,NONE,0.0,0.0,2.0,0.0,0.6,0.5,False
VDR_10659,HOST,0,NONE,0.0,1.0,0.0,0.0,0.4,0.5,False
LPT-12102.corp.local,HOST,0,NONE,0.0,0.0,0.0,0.0,0.0,0.5,False
VDR-12488,HOST,1,ENDPOINT,0.0,1.0,3.0,0.0,1.3,0.65,False
VDR-11933,HOST,0,NONE,0.0,0.0,1.0,0.0,0.3,0.5,False
vdr-11666,HOST,0,NONE,0.0,1.0,0.0,0.0,0.4,0.5,False
ws-12605,HOST,0,NONE,0.0,0.0,0.0,0.0,0.0,0.5,False
VDR-11237,HOST,0,NONE,0.0,0.0,1.0,0.0,0.3,0.5,False
LPT_11977,HOST,0,NONE,0.0,1.0,0.0,0.0,0.4,0.5,False
ws-10252,HOST,0,NONE,0.0,0.0,0.0,0.0,0.0,0.5,False
LPT_11322,HOST,0,NONE,0.0,0.0,0.0,0.0,0.0,0.5,False
VDR-11559.corp.local,HOST,0,NONE,0.0,0.0,0.0,0.0,0.0,0.5,False
LPT-12183,HOST,0,NONE,0.0,0.0,1.0,0.0,0.3,0.5,False
WS-12733.corp.local,HOST,0,NONE,0.0,0.0,0.0,0.0,0.0,0.5,False
VDR-10278.corp.local,HOST,0,NONE,0.0,0.0,0.0,0.0,0.0,0.5,False
VDR-10539,HOST,0,NONE,0.0,2.0,0.0,0.0,0.8,0.5,False
LPT-12502,HOST,2,FIREWALL_DENY|ENDPOINT,0.0,3.0,5.0,0.0,2.7,0.8,True
ws-12495,HOST,0,NONE,0.0,1.0,0.0,0.0,0.4,0.5,False
VDR-12488.corp.local,HOST,0,NONE,0.0,1.0,0.0,0.0,0.4,0.5,False
LPT-11631.corp.local,HOST,0,NONE,0.0,1.0,0.0,0.0,0.4,0.5,False
LPT-12055,HOST,0,NONE,0.0,1.0,0.0,0.0,0.4,0.5,False
WS-11245.corp.local,HOST,0,NONE,0.0,0.0,0.0,0.0,0.0,0.5,False
WS_11766,HOST,0,NONE,0.0,0.0,0.0,0.0,0.0,0.5,False
ws-10095,HOST,0,NONE,0.0,0.0,0.0,0.0,0.0,0.5,False
VDR-12151.corp.local,HOST,0,NONE,0.0,0.0,0.0,0.0,0.0,0.5,False
ws-12051,HOST,0,NONE,0.0,0.0,0.0,0.0,0.0,0.5,False
LPT-10671.corp.local,HOST,0,NONE,0.0,0.0,0.0,0.0,0.0,0.5,False
WS-11284,HOST,0,NONE,0.0,0.0,1.0,0.0,0.3,0.5,False
ws-11682,HOST,0,NONE,0.0,0.0,0.0,0.0,0.0,0.5,False
ws-10136,HOST,0,NONE,0.0,1.0,0.0,0.0,0.4,0.5,False
WS_10365,HOST,0,NONE,0.0,0.0,0.0,0.0,0.0,0.5,False
VDR-11145,HOST,1,ENDPOINT,0.0,0.0,4.0,0.0,1.2,0.65,False
WS_10774,HOST,0,NONE,0.0,0.0,0.0,0.0,0.0,0.5,False
LPT-10356.corp.local,HOST,0,NONE,0.0,0.0,0.0,0.0,0.0,0.5,False
VDR_10647,HOST,0,NONE,0.0,0.0,0.0,0.0,0.0,0.5,False
LPT_11659,HOST,0,NONE,0.0,0.0,0.0,0.0,0.0,0.5,False
lpt-10401,HOST,0,NONE,0.0,0.0,0.0,0.0,0.0,0.5,False
WS-10687,HOST,0,NONE,0.0,2.0,2.0,0.0,1.4,0.5,False
lpt-12582,HOST,0,NONE,0.0,1.0,0.0,0.0,0.4,0.5,False
LPT_12294,HOST,0,NONE,0.0,0.0,0.0,0.0,0.0,0.5,False
WS_11186,HOST,0,NONE,0.0,0.0,0.0,0.0,0.0,0.5,False
lpt-12885,HOST,0,NONE,0.0,0.0,0.0,0.0,0.0,0.5,False
VDR_10622,HOST,0,NONE,0.0,1.0,0.0,0.0,0.4,0.5,False
vdr-10203,HOST,0,NONE,0.0,0.0,0.0,0.0,0.0,0.5,False
lpt-12419,HOST,0,NONE,0.0,0.0,0.0,0.0,0.0,0.5,False
VDR-10693,HOST,1,ENDPOINT,0.0,1.0,4.0,0.0,1.6,0.65,False
WS-12895.,HOST,0,NONE,0.0,0.0,0.0,0.0,0.0,0.5,False
VDR_10454,HOST,0,NONE,0.0,0.0,0.0,0.0,0.0,0.5,False
WS-11690.corp.local,HOST,0,NONE,0.0,1.0,0.0,0.0,0.4,0.5,False
WS-10970.corp.local,HOST,0,NONE,0.0,0.0,0.0,0.0,0.0,0.5,False
WS-11381.corp.local,HOST,0,NONE,0.0,0.0,0.0,0.0,0.0,0.5,False
VDR_12919,HOST,0,NONE,0.0,0.0,0.0,0.0,0.0,0.5,False
WS_11759,HOST,0,NONE,0.0,0.0,0.0,0.0,0.0,0.5,False
vdr-12784,HOST,0,NONE,0.0,0.0,0.0,0.0,0.0,0.5,False
LPT-11015,HOST,2,FIREWALL_DENY|ENDPOINT,0.0,4.0,5.0,0.0,3.1,0.8,True
WS-11358,HOST,1,FIREWALL_DENY,0.0,3.0,2.0,0.0,1.8,0.65,False
LPT_10752,HOST,0,NONE,0.0,1.0,0.0,0.0,0.4,0.5,False
WS_12912,HOST,0,NONE,0.0,2.0,0.0,0.0,0.8,0.5,False
LPT-11291,HOST,1,FIREWALL_DENY,0.0,3.0,2.0,0.0,1.8,0.65,False
vdr-11971,HOST,0,NONE,0.0,0.0,0.0,0.0,0.0,0.5,False
lpt-10212,HOST,0,NONE,0.0,0.0,0.0,0.0,0.0,0.5,False
ws-10239,HOST,0,NONE,0.0,0.0,0.0,0.0,0.0,0.5,False
WS-11009,HOST,1,FIREWALL_DENY,0.0,3.0,2.0,0.0,1.8,0.65,False
LPT-12612,HOST,0,NONE,0.0,1.0,1.0,0.0,0.7,0.5,False
WS-12306,HOST,0,NONE,0.0,2.0,1.0,0.0,1.1,0.5,False
LPT-12133.corp.local,HOST,0,NONE,0.0,0.0,0.0,0.0,0.0,0.5,False
LPT-11299,HOST,1,ENDPOINT,0.0,0.0,3.0,0.0,0.9,0.65,False
WS-12818,HOST,0,NONE,0.0,2.0,2.0,0.0,1.4,0.5,False
vdr-12519,HOST,0,NONE,0.0,0.0,0.0,0.0,0.0,0.5,False
WS_10359,HOST,0,NONE,0.0,0.0,0.0,0.0,0.0,0.5,False
WS-12477,HOST,1,ENDPOINT,0.0,1.0,4.0,0.0,1.6,0.65,False
vdr-11703,HOST,0,NONE,0.0,0.0,0.0,0.0,0.0,0.5,False
VDR_12441,HOST,0,NONE,0.0,0.0,0.0,0.0,0.0,0.5,False
LPT_10580,HOST,0,NONE,0.0,0.0,0.0,0.0,0.0,0.5,False
lpt-10439,HOST,0,NONE,0.0,0.0,0.0,0.0,0.0,0.5,False
LPT-11040,HOST,0,NONE,0.0,0.0,2.0,0.0,0.6,0.5,False
lpt-11151,HOST,0,NONE,0.0,0.0,0.0,0.0,0.0,0.5,False
WS-10800.corp.local,HOST,0,NONE,0.0,0.0,0.0,0.0,0.0,0.5,False
VDR-11599.corp.local,HOST,0,NONE,0.0,0.0,0.0,0.0,0.0,0.5,False
VDR-11702,HOST,0,NONE,0.0,0.0,1.0,0.0,0.3,0.5,False
LPT-11114,HOST,1,ENDPOINT,0.0,1.0,3.0,0.0,1.3,0.65,False
WS-10225,HOST,0,NONE,0.0,2.0,2.0,0.0,1.4,0.5,False
lpt-11920,HOST,0,NONE,0.0,1.0,0.0,0.0,0.4,0.5,False
VDR_10402,HOST,0,NONE,0.0,0.0,0.0,0.0,0.0,0.5,False
VDR-12286,HOST,0,NONE,0.0,1.0,2.0,0.0,1.0,0.5,False
VDR_11247,HOST,0,NONE,0.0,2.0,0.0,0.0,0.8,0.5,False
lpt-11023,HOST,0,NONE,0.0,0.0,0.0,0.0,0.0,0.5,False
VDR_12740,HOST,0,NONE,0.0,0.0,0.0,0.0,0.0,0.5,False
lpt-12027,HOST,0,NONE,0.0,1.0,0.0,0.0,0.4,0.5,False
WS-10180.corp.local,HOST,0,NONE,0.0,0.0,0.0,0.0,0.0,0.5,False
WS-12220.corp.local,HOST,0,NONE,0.0,0.0,0.0,0.0,0.0,0.5,False
WS-12360,HOST,1,ENDPOINT,0.0,1.0,4.0,0.0,1.6,0.65,False
LPT-12250,HOST,0,NONE,0.0,2.0,2.0,0.0,1.4,0.5,False
LPT-11403,HOST,1,FIREWALL_DENY,0.0,5.0,2.0,0.0,2.6,0.65,False
VDR_10715,HOST,0,NONE,0.0,1.0,0.0,0.0,0.4,0.5,False
LPT-12754,HOST,0,NONE,0.0,1.0,2.0,0.0,1.0,0.5,False
WS-12999.corp.local,HOST,0,NONE,0.0,0.0,0.0,0.0,0.0,0.5,False
LPT-12508,HOST,0,NONE,0.0,2.0,1.0,0.0,1.1,0.5,False
WS-11777,HOST,1,FIREWALL_DENY,0.0,4.0,2.0,0.0,2.2,0.65,False
VDR-12059,HOST,1,ENDPOINT,0.0,2.0,3.0,0.0,1.7,0.65,False
lpt-10311,HOST,0,NONE,0.0,1.0,0.0,0.0,0.4,0.5,False
WS-12726.corp.local,HOST,0,NONE,0.0,1.0,0.0,0.0,0.4,0.5,False
vdr-10598,HOST,0,NONE,0.0,0.0,0.0,0.0,0.0,0.5,False
VDR-12279,HOST,0,NONE,0.0,0.0,0.0,0.0,0.0,0.5,False
VDR-12209,HOST,1,ENDPOINT,0.0,0.0,3.0,0.0,0.9,0.65,False
lpt-11526,HOST,0,NONE,0.0,1.0,0.0,0.0,0.4,0.5,False
VDR_10022,HOST,0,NONE,0.0,0.0,0.0,0.0,0.0,0.5,False
WS-12385.corp.local,HOST,0,NONE,0.0,1.0,0.0,0.0,0.4,0.5,False
VDR-11206,HOST,0,NONE,0.0,1.0,2.0,0.0,1.0,0.5,False
WS-10191,HOST,0,NONE,0.0,2.0,1.0,0.0,1.1,0.5,False
WS-11380,HOST,1,ENDPOINT,0.0,1.0,5.0,0.0,1.9,0.65,False
vdr-12022,HOST,0,NONE,0.0,0.0,0.0,0.0,0.0,0.5,False
VDR-12725.corp.local,HOST,0,NONE,0.0,0.0,0.0,0.0,0.0,0.5,False
WS-10417,HOST,1,FIREWALL_DENY,0.0,3.0,1.0,0.0,1.5,0.65,False
WS_11535,HOST,0,NONE,0.0,0.0,0.0,0.0,0.0,0.5,False
lpt-12144,HOST,0,NONE,0.0,0.0,0.0,0.0,0.0,0.5,False
LPT_11955,HOST,0,NONE,0.0,0.0,0.0,0.0,0.0,0.5,False
WS-11331,HOST,1,ENDPOINT,0.0,2.0,3.0,0.0,1.7,0.65,False
WS-11923.,HOST,0,NONE,0.0,0.0,0.0,0.0,0.0,0.5,False
LPT_12252,HOST,0,NONE,0.0,1.0,0.0,0.0,0.4,0.5,False
WS-11598.corp.local,HOST,0,NONE,0.0,1.0,0.0,0.0,0.4,0.5,False
vdr-11214,HOST,0,NONE,0.0,1.0,0.0,0.0,0.4,0.5,False
VDR_10847,HOST,0,NONE,0.0,0.0,0.0,0.0,0.0,0.5,False
vdr-12568,HOST,0,NONE,0.0,0.0,0.0,0.0,0.0,0.5,False
WS-11657,HOST,1,FIREWALL_DENY,0.0,4.0,2.0,0.0,2.2,0.65,False
lpt-12507,HOST,0,NONE,0.0,1.0,0.0,0.0,0.4,0.5,False
ws-10507,HOST,0,NONE,0.0,0.0,0.0,0.0,0.0,0.5,False
WS-10399,HOST,0,NONE,0.0,2.0,1.0,0.0,1.1,0.5,False
lpt-12296,HOST,0,NONE,0.0,1.0,0.0,0.0,0.4,0.5,False
lpt-10731,HOST,0,NONE,0.0,0.0,0.0,0.0,0.0,0.5,False
VDR-11327,HOST,1,ENDPOINT,0.0,2.0,3.0,0.0,1.7,0.65,False
ws-10308,HOST,0,NONE,0.0,0.0,0.0,0.0,0.0,0.5,False
ws-11690,HOST,0,NONE,0.0,0.0,0.0,0.0,0.0,0.5,False
WS-12478,HOST,1,ENDPOINT,0.0,1.0,3.0,0.0,1.3,0.65,False
LPT-11259,HOST,1,FIREWALL_DENY,0.0,3.0,1.0,0.0,1.5,0.65,False
ws-12751,HOST,0,NONE,0.0,0.0,0.0,0.0,0.0,0.5,False
LPT_12565,HOST,0,NONE,0.0,0.0,0.0,0.0,0.0,0.5,False
VDR-12435,HOST,1,ENDPOINT,0.0,2.0,3.0,0.0,1.7,0.65,False
lpt-11010,HOST,0,NONE,0.0,0.0,0.0,0.0,0.0,0.5,False
WS-11876.corp.local,HOST,0,NONE,0.0,1.0,0.0,0.0,0.4,0.5,False
vdr-12090,HOST,0,NONE,0.0,1.0,0.0,0.0,0.4,0.5,False
LPT-11280,HOST,2,FIREWALL_DENY|ENDPOINT,0.0,3.0,4.0,0.0,2.4,0.8,True
LPT-12754.corp.local,HOST,0,NONE,0.0,0.0,0.0,0.0,0.0,0.5,False
WS-11154,HOST,0,NONE,0.0,2.0,2.0,0.0,1.4,0.5,False
lpt-11107,HOST,0,NONE,0.0,0.0,0.0,0.0,0.0,0.5,False
LPT_12026,HOST,0,NONE,0.0,0.0,0.0,0.0,0.0,0.5,False
WS-10747,HOST,2,FIREWALL_DENY|ENDPOINT,0.0,3.0,3.0,0.0,2.1,0.8,True
lpt-11054,HOST,0,NONE,0.0,0.0,0.0,0.0,0.0,0.5,False
vdr-12059,HOST,0,NONE,0.0,0.0,0.0,0.0,0.0,0.5,False
WS_12549,HOST,0,NONE,0.0,0.0,0.0,0.0,0.0,0.5,False
LPT-12534,HOST,1,ENDPOINT,0.0,2.0,3.0,0.0,1.7,0.65,False
LPT-11440,HOST,1,ENDPOINT,0.0,0.0,4.0,0.0,1.2,0.65,False
WS-10228,HOST,2,FIREWALL_DENY|ENDPOINT,0.0,3.0,3.0,0.0,2.1,0.8,True
vdr-10051,HOST,0,NONE,0.0,0.0,0.0,0.0,0.0,0.5,False
lpt-11244,HOST,0,NONE,0.0,1.0,0.0,0.0,0.4,0.5,False
VDR_11958,HOST,0,NONE,0.0,0.0,0.0,0.0,0.0,0.5,False
VDR-10899.corp.local,HOST,0,NONE,0.0,1.0,0.0,0.0,0.4,0.5,False
VDR-12079,HOST,1,ENDPOINT,0.0,2.0,3.0,0.0,1.7,0.65,False
lpt-12321,HOST,0,NONE,0.0,0.0,0.0,0.0,0.0,0.5,False
WS_10352,HOST,0,NONE,0.0,0.0,0.0,0.0,0.0,0.5,False
WS_11137,HOST,0,NONE,0.0,0.0,0.0,0.0,0.0,0.5,False
LPT-10440,HOST,1,ENDPOINT,0.0,2.0,4.0,0.0,2.0,0.65,False
WS-12668.corp.local,HOST,0,NONE,0.0,0.0,0.0,0.0,0.0,0.5,False
LPT-11770,HOST,0,NONE,0.0,1.0,1.0,0.0,0.7,0.5,False
VDR_11973,HOST,0,NONE,0.0,1.0,0.0,0.0,0.4,0.5,False
LPT-12752.corp.local,HOST,0,NONE,0.0,0.0,0.0,0.0,0.0,0.5,False
LPT-12539.corp.local,HOST,0,NONE,0.0,0.0,0.0,0.0,0.0,0.5,False
WS_12623,HOST,0,NONE,0.0,0.0,0.0,0.0,0.0,0.5,False
LPT-10447,HOST,0,NONE,0.0,2.0,0.0,0.0,0.8,0.5,False
WS-12660,HOST,1,ENDPOINT,0.0,2.0,5.0,0.0,2.3,0.65,False
lpt-10968,HOST,0,NONE,0.0,1.0,0.0,0.0,0.4,0.5,False
lpt-11751,HOST,0,NONE,0.0,1.0,0.0,0.0,0.4,0.5,False
VDR_11388,HOST,0,NONE,0.0,0.0,0.0,0.0,0.0,0.5,False
VDR-12847,HOST,1,ENDPOINT,0.0,0.0,3.0,0.0,0.9,0.65,False
LPT-12927,HOST,1,FIREWALL_DENY,0.0,4.0,1.0,0.0,1.9,0.65,False
lpt-11970,HOST,0,NONE,0.0,0.0,0.0,0.0,0.0,0.5,False
LPT_10364,HOST,0,NONE,0.0,0.0,0.0,0.0,0.0,0.5,False
LPT_12641,HOST,0,NONE,0.0,0.0,0.0,0.0,0.0,0.5,False
WS-11496.,HOST,0,NONE,0.0,0.0,0.0,0.0,0.0,0.5,False
VDR-12882,HOST,0,NONE,0.0,1.0,2.0,0.0,1.0,0.5,False
VDR-11727,HOST,1,ENDPOINT,0.0,0.0,4.0,0.0,1.2,0.65,False
WS_10027,HOST,0,NONE,0.0,0.0,0.0,0.0,0.0,0.5,False
LPT-12575.,HOST,0,NONE,0.0,0.0,0.0,0.0,0.0,0.5,False
LPT-11190.corp.local,HOST,0,NONE,0.0,1.0,0.0,0.0,0.4,0.5,False
VDR-12152,HOST,0,NONE,0.0,0.0,2.0,0.0,0.6,0.5,False
LPT-11208,HOST,0,NONE,0.0,2.0,1.0,0.0,1.1,0.5,False
VDR-10072,HOST,0,NONE,0.0,1.0,2.0,0.0,1.0,0.5,False
vdr-12748,HOST,0,NONE,0.0,0.0,0.0,0.0,0.0,0.5,False
VDR-12590,HOST,0,NONE,0.0,2.0,1.0,0.0,1.1,0.5,False
LPT_11414,HOST,0,NONE,0.0,0.0,0.0,0.0,0.0,0.5,False
WS-10391,HOST,0,NONE,0.0,2.0,1.0,0.0,1.1,0.5,False
LPT-11526,HOST,1,ENDPOINT,0.0,0.0,3.0,0.0,0.9,0.65,False
VDR-11350.corp.local,HOST,0,NONE,0.0,1.0,0.0,0.0,0.4,0.5,False
vdr-12286,HOST,0,NONE,0.0,0.0,0.0,0.0,0.0,0.5,False
ws-12290,HOST,0,NONE,0.0,1.0,0.0,0.0,0.4,0.5,False
vdr-10768,HOST,0,NONE,0.0,1.0,0.0,0.0,0.4,0.5,False
vdr-12276,HOST,0,NONE,0.0,0.0,0.0,0.0,0.0,0.5,False
VDR_12157,HOST,0,NONE,0.0,0.0,0.0,0.0,0.0,0.5,False
vdr-12453,HOST,0,NONE,0.0,0.0,0.0,0.0,0.0,0.5,False
WS-11713.corp.local,HOST,0,NONE,0.0,0.0,0.0,0.0,0.0,0.5,False
LPT-11664,HOST,0,NONE,0.0,2.0,2.0,0.0,1.4,0.5,False
lpt-12429,HOST,0,NONE,0.0,1.0,0.0,0.0,0.4,0.5,False
LPT-10447.corp.local,HOST,0,NONE,0.0,0.0,0.0,0.0,0.0,0.5,False
LPT-10463,HOST,2,FIREWALL_DENY|ENDPOINT,0.0,4.0,5.0,0.0,3.1,0.8,True
ws-10394,HOST,0,NONE,0.0,1.0,0.0,0.0,0.4,0.5,False
ws-10564,HOST,0,NONE,0.0,1.0,0.0,0.0,0.4,0.5,False
LPT-12227,HOST,1,FIREWALL_DENY,0.0,4.0,1.0,0.0,1.9,0.65,False
VDR-12814,HOST,1,ENDPOINT,0.0,0.0,6.0,0.0,1.8,0.65,False
ws-10518,HOST,0,NONE,0.0,1.0,0.0,0.0,0.4,0.5,False
VDR-11606,HOST,0,NONE,0.0,0.0,1.0,0.0,0.3,0.5,False
VDR-11966.corp.local,HOST,0,NONE,0.0,1.0,0.0,0.0,0.4,0.5,False
WS-10417.,HOST,0,NONE,0.0,0.0,0.0,0.0,0.0,0.5,False
LPT_11673,HOST,0,NONE,0.0,0.0,0.0,0.0,0.0,0.5,False
VDR_12405,HOST,0,NONE,0.0,0.0,0.0,0.0,0.0,0.5,False
WS-12267.corp.local,HOST,0,NONE,0.0,0.0,0.0,0.0,0.0,0.5,False
WS-10841,HOST,2,FIREWALL_DENY|ENDPOINT,0.0,3.0,4.0,0.0,2.4,0.8,True
vdr-10767,HOST,0,NONE,0.0,0.0,0.0,0.0,0.0,0.5,False
vdr-11976,HOST,0,NONE,0.0,0.0,0.0,0.0,0.0,0.5,False
WS-10911,HOST,0,NONE,0.0,1.0,2.0,0.0,1.0,0.5,False
ws-10643,HOST,0,NONE,0.0,1.0,0.0,0.0,0.4,0.5,False
VDR-11047.,HOST,0,NONE,0.0,0.0,0.0,0.0,0.0,0.5,False
LPT-11870,HOST,1,FIREWALL_DENY,0.0,3.0,1.0,0.0,1.5,0.65,False
LPT_12754,HOST,0,NONE,0.0,0.0,0.0,0.0,0.0,0.5,False
LPT-10210,HOST,0,NONE,0.0,2.0,2.0,0.0,1.4,0.5,False
VDR-11433,HOST,1,ENDPOINT,0.0,2.0,6.0,0.0,2.6,0.65,False
LPT-10948,HOST,0,NONE,0.0,2.0,2.0,0.0,1.4,0.5,False
lpt-12056,HOST,0,NONE,0.0,0.0,0.0,0.0,0.0,0.5,False
ws-10105,HOST,0,NONE,0.0,0.0,0.0,0.0,0.0,0.5,False
WS-12623,HOST,0,NONE,0.0,1.0,2.0,0.0,1.0,0.5,False
VDR-12173,HOST,0,NONE,0.0,1.0,1.0,0.0,0.7,0.5,False
WS-10568,HOST,0,NONE,0.0,0.0,2.0,0.0,0.6,0.5,False
LPT-10205,HOST,0,NONE,0.0,1.0,0.0,0.0,0.4,0.5,False
VDR_10328,HOST,0,NONE,0.0,0.0,0.0,0.0,0.0,0.5,False
VDR_12934,HOST,0,NONE,0.0,1.0,0.0,0.0,0.4,0.5,False
WS_12908,HOST,0,NONE,0.0,0.0,0.0,0.0,0.0,0.5,False
ws-11262,HOST,0,NONE,0.0,2.0,0.0,0.0,0.8,0.5,False
vdr-12156,HOST,0,NONE,0.0,0.0,0.0,0.0,0.0,0.5,False
LPT-12481.corp.local,HOST,0,NONE,0.0,0.0,0.0,0.0,0.0,0.5,False
VDR-12130,HOST,1,FIREWALL_DENY,0.0,4.0,0.0,0.0,1.6,0.65,False
WS-11737,HOST,0,NONE,0.0,1.0,2.0,0.0,1.0,0.5,False
VDR-11449.,HOST,0,NONE,0.0,0.0,0.0,0.0,0.0,0.5,False
vdr-12656,HOST,0,NONE,0.0,0.0,0.0,0.0,0.0,0.5,False
WS_10730,HOST,0,NONE,0.0,1.0,0.0,0.0,0.4,0.5,False
VDR-12922,HOST,0,NONE,0.0,0.0,1.0,0.0,0.3,0.5,False
WS-11829,HOST,0,NONE,0.0,2.0,2.0,0.0,1.4,0.5,False
WS_10468,HOST,0,NONE,0.0,0.0,0.0,0.0,0.0,0.5,False
LPT_12708,HOST,0,NONE,0.0,0.0,0.0,0.0,0.0,0.5,False
WS-11724,HOST,1,ENDPOINT,0.0,2.0,4.0,0.0,2.0,0.65,False
WS-11223.corp.local,HOST,0,NONE,0.0,1.0,0.0,0.0,0.4,0.5,False
WS-11791,HOST,0,NONE,0.0,2.0,0.0,0.0,0.8,0.5,False
WS-12406,HOST,1,ENDPOINT,0.0,1.0,3.0,0.0,1.3,0.65,False
VDR-11771,HOST,1,ENDPOINT,0.0,1.0,4.0,0.0,1.6,0.65,False
WS-12262.corp.local,HOST,0,NONE,0.0,0.0,0.0,0.0,0.0,0.5,False
LPT-10986,HOST,0,NONE,0.0,1.0,2.0,0.0,1.0,0.5,False
VDR-11976,HOST,1,ENDPOINT,0.0,2.0,3.0,0.0,1.7,0.65,False
VDR-10523.corp.local,HOST,0,NONE,0.0,0.0,0.0,0.0,0.0,0.5,False
LPT-12421,HOST,0,NONE,0.0,1.0,0.0,0.0,0.4,0.5,False
WS_12264,HOST,0,NONE,0.0,1.0,0.0,0.0,0.4,0.5,False
ws-12556,HOST,0,NONE,0.0,2.0,0.0,0.0,0.8,0.5,False
vdr-11720,HOST,0,NONE,0.0,0.0,0.0,0.0,0.0,0.5,False
ws-10190,HOST,0,NONE,0.0,0.0,0.0,0.0,0.0,0.5,False
VDR-10523,HOST,0,NONE,0.0,1.0,1.0,0.0,0.7,0.5,False
LPT-11183.,HOST,0,NONE,0.0,0.0,0.0,0.0,0.0,0.5,False
WS-12255,HOST,0,NONE,0.0,0.0,2.0,0.0,0.6,0.5,False
VDR-10196.,HOST,0,NONE,0.0,0.0,0.0,0.0,0.0,0.5,False
VDR-12379,HOST,0,NONE,0.0,0.0,0.0,0.0,0.0,0.5,False
VDR-10158,HOST,0,NONE,0.0,1.0,2.0,0.0,1.0,0.5,False
LPT-11151,HOST,0,NONE,0.0,0.0,1.0,0.0,0.3,0.5,False
LPT-12826.corp.local,HOST,0,NONE,0.0,0.0,0.0,0.0,0.0,0.5,False
WS-10105,HOST,1,ENDPOINT,0.0,2.0,3.0,0.0,1.7,0.65,False
VDR-12400.corp.local,HOST,0,NONE,0.0,0.0,0.0,0.0,0.0,0.5,False
VDR-12490,HOST,0,NONE,0.0,0.0,2.0,0.0,0.6,0.5,False
VDR-12758,HOST,0,NONE,0.0,2.0,1.0,0.0,1.1,0.5,False
WS-12944,HOST,1,ENDPOINT,0.0,2.0,3.0,0.0,1.7,0.65,False
WS_10513,HOST,0,NONE,0.0,2.0,0.0,0.0,0.8,0.5,False
VDR-10166,HOST,1,FIREWALL_DENY,0.0,3.0,1.0,0.0,1.5,0.65,False
VDR_12499,HOST,0,NONE,0.0,0.0,0.0,0.0,0.0,0.5,False
VDR-12423,HOST,0,NONE,0.0,1.0,1.0,0.0,0.7,0.5,False
lpt-10114,HOST,0,NONE,0.0,0.0,0.0,0.0,0.0,0.5,False
VDR-11201.,HOST,0,NONE,0.0,0.0,0.0,0.0,0.0,0.5,False
LPT-10475,HOST,0,NONE,0.0,1.0,2.0,0.0,1.0,0.5,False
VDR-11697.corp.local,HOST,0,NONE,0.0,0.0,0.0,0.0,0.0,0.5,False
ws-11135,HOST,0,NONE,0.0,1.0,0.0,0.0,0.4,0.5,False
WS_11621,HOST,0,NONE,0.0,1.0,0.0,0.0,0.4,0.5,False
lpt-11114,HOST,0,NONE,0.0,0.0,0.0,0.0,0.0,0.5,False
LPT_12635,HOST,0,NONE,0.0,0.0,0.0,0.0,0.0,0.5,False
VDR-12388.corp.local,HOST,0,NONE,0.0,1.0,0.0,0.0,0.4,0.5,False
VDR-10772.corp.local,HOST,0,NONE,0.0,2.0,0.0,0.0,0.8,0.5,False
VDR-12173.corp.local,HOST,0,NONE,0.0,1.0,0.0,0.0,0.4,0.5,False
VDR-11794,HOST,1,ENDPOINT,0.0,2.0,3.0,0.0,1.7,0.65,False
WS_11948,HOST,0,NONE,0.0,0.0,0.0,0.0,0.0,0.5,False
VDR_12458,HOST,0,NONE,0.0,0.0,0.0,0.0,0.0,0.5,False
vdr-10759,HOST,0,NONE,0.0,0.0,0.0,0.0,0.0,0.5,False
LPT_12001,HOST,0,NONE,0.0,0.0,0.0,0.0,0.0,0.5,False
lpt-10560,HOST,0,NONE,0.0,1.0,0.0,0.0,0.4,0.5,False
vdr-10762,HOST,0,NONE,0.0,0.0,0.0,0.0,0.0,0.5,False
vdr-11921,HOST,0,NONE,0.0,0.0,0.0,0.0,0.0,0.5,False
LPT-12322.corp.local,HOST,0,NONE,0.0,0.0,0.0,0.0,0.0,0.5,False
LPT-12326.corp.local,HOST,0,NONE,0.0,0.0,0.0,0.0,0.0,0.5,False
ws-12614,HOST,0,NONE,0.0,0.0,0.0,0.0,0.0,0.5,False
VDR_10700,HOST,0,NONE,0.0,0.0,0.0,0.0,0.0,0.5,False
lpt-11736,HOST,0,NONE,0.0,0.0,0.0,0.0,0.0,0.5,False
WS-12529.corp.local,HOST,0,NONE,0.0,0.0,0.0,0.0,0.0,0.5,False
WS-11260,HOST,1,ENDPOINT,0.0,2.0,5.0,0.0,2.3,0.65,False
lpt-11257,HOST,0,NONE,0.0,0.0,0.0,0.0,0.0,0.5,False
LPT-11866.corp.local,HOST,0,NONE,0.0,0.0,0.0,0.0,0.0,0.5,False
VDR-12384.corp.local,HOST,0,NONE,0.0,0.0,0.0,0.0,0.0,0.5,False
lpt-10563,HOST,0,NONE,0.0,0.0,0.0,0.0,0.0,0.5,False
WS_10837,HOST,0,NONE,0.0,1.0,0.0,0.0,0.4,0.5,False
lpt-10860,HOST,0,NONE,0.0,0.0,0.0,0.0,0.0,0.5,False
ws-10727,HOST,0,NONE,0.0,0.0,0.0,0.0,0.0,0.5,False
VDR-11042.corp.local,HOST,0,NONE,0.0,1.0,0.0,0.0,0.4,0.5,False
ws-11372,HOST,0,NONE,0.0,1.0,0.0,0.0,0.4,0.5,False
ws-11879,HOST,0,NONE,0.0,0.0,0.0,0.0,0.0,0.5,False
ws-10635,HOST,0,NONE,0.0,1.0,0.0,0.0,0.4,0.5,False
LPT-10708,HOST,1,ENDPOINT,0.0,2.0,3.0,0.0,1.7,0.65,False
WS-11682.corp.local,HOST,0,NONE,0.0,0.0,0.0,0.0,0.0,0.5,False
LPT_12116,HOST,0,NONE,0.0,0.0,0.0,0.0,0.0,0.5,False
VDR_11586,HOST,0,NONE,0.0,1.0,0.0,0.0,0.4,0.5,False
WS-10486,HOST,1,ENDPOINT,0.0,1.0,7.0,0.0,2.5,0.65,False
WS-10908.corp.local,HOST,0,NONE,0.0,0.0,0.0,0.0,0.0,0.5,False
VDR-11214.corp.local,HOST,0,NONE,0.0,0.0,0.0,0.0,0.0,0.5,False
WS-12244.,HOST,0,NONE,0.0,0.0,0.0,0.0,0.0,0.5,False
vdr-11586,HOST,0,NONE,0.0,0.0,0.0,0.0,0.0,0.5,False
WS-10803.corp.local,HOST,0,NONE,0.0,1.0,0.0,0.0,0.4,0.5,False
VDR_11846,HOST,0,NONE,0.0,0.0,0.0,0.0,0.0,0.5,False
vdr-10703,HOST,0,NONE,0.0,1.0,0.0,0.0,0.4,0.5,False
LPT-12842,HOST,0,NONE,0.0,1.0,2.0,0.0,1.0,0.5,False
VDR-11653,HOST,0,NONE,0.0,2.0,2.0,0.0,1.4,0.5,False
vdr-12771,HOST,0,NONE,0.0,0.0,0.0,0.0,0.0,0.5,False
VDR-10559.corp.local,HOST,0,NONE,0.0,1.0,0.0,0.0,0.4,0.5,False
vdr-12282,HOST,0,NONE,0.0,0.0,0.0,0.0,0.0,0.5,False
lpt-11998,HOST,0,NONE,0.0,0.0,0.0,0.0,0.0,0.5,False
VDR-12168,HOST,2,FIREWALL_DENY|ENDPOINT,0.0,4.0,4.0,0.0,2.8,0.8,True
WS_11248,HOST,0,NONE,0.0,0.0,0.0,0.0,0.0,0.5,False
lpt-11678,HOST,0,NONE,0.0,0.0,0.0,0.0,0.0,0.5,False
WS-12623.corp.local,HOST,0,NONE,0.0,0.0,0.0,0.0,0.0,0.5,False
VDR_10677,HOST,0,NONE,0.0,0.0,0.0,0.0,0.0,0.5,False
vdr-10723,HOST,0,NONE,0.0,1.0,0.0,0.0,0.4,0.5,False
lpt-10986,HOST,0,NONE,0.0,1.0,0.0,0.0,0.4,0.5,False
VDR_12777,HOST,0,NONE,0.0,0.0,0.0,0.0,0.0,0.5,False
WS-11533,HOST,1,FIREWALL_DENY,0.0,3.0,2.0,0.0,1.8,0.65,False
LPT-10398,HOST,1,ENDPOINT,0.0,0.0,4.0,0.0,1.2,0.65,False
LPT-11740,HOST,0,NONE,0.0,1.0,2.0,0.0,1.0,0.5,False
VDR-10648,HOST,1,FIREWALL_DENY,0.0,3.0,0.0,0.0,1.2,0.65,False
VDR-12441,HOST,0,NONE,0.0,1.0,1.0,0.0,0.7,0.5,False
VDR-11215,HOST,0,NONE,0.0,2.0,0.0,0.0,0.8,0.5,False
LPT-10198.corp.local,HOST,0,NONE,0.0,0.0,0.0,0.0,0.0,0.5,False
LPT-10634.corp.local,HOST,0,NONE,0.0,0.0,0.0,0.0,0.0,0.5,False
lpt-12998,HOST,0,NONE,0.0,0.0,0.0,0.0,0.0,0.5,False
VDR-10807,HOST,2,FIREWALL_DENY|ENDPOINT,0.0,3.0,3.0,0.0,2.1,0.8,True
VDR-11268,HOST,0,NONE,0.0,2.0,1.0,0.0,1.1,0.5,False
vdr-10847,HOST,0,NONE,0.0,1.0,0.0,0.0,0.4,0.5,False
VDR-11255,HOST,1,FIREWALL_DENY,0.0,4.0,1.0,0.0,1.9,0.65,False
vdr-11167,HOST,0,NONE,0.0,0.0,0.0,0.0,0.0,0.5,False
WS_12232,HOST,0,NONE,0.0,1.0,0.0,0.0,0.4,0.5,False
WS_11051,HOST,0,NONE,0.0,1.0,0.0,0.0,0.4,0.5,False
VDR-12284.corp.local,HOST,0,NONE,0.0,0.0,0.0,0.0,0.0,0.5,False
WS_11803,HOST,0,NONE,0.0,0.0,0.0,0.0,0.0,0.5,False
VDR-10226,HOST,0,NONE,0.0,1.0,2.0,0.0,1.0,0.5,False
WS-10824.corp.local,HOST,0,NONE,0.0,0.0,0.0,0.0,0.0,0.5,False
LPT-11399,HOST,1,ENDPOINT,0.0,1.0,5.0,0.0,1.9,0.65,False
LPT-11572.corp.local,HOST,0,NONE,0.0,0.0,0.0,0.0,0.0,0.5,False
lpt-12585,HOST,0,NONE,0.0,0.0,0.0,0.0,0.0,0.5,False
LPT-11052.,HOST,0,NONE,0.0,0.0,0.0,0.0,0.0,0.5,False
VDR-12906,HOST,0,NONE,0.0,0.0,2.0,0.0,0.6,0.5,False
VDR-11421.,HOST,0,NONE,0.0,0.0,0.0,0.0,0.0,0.5,False
vdr-10807,HOST,0,NONE,0.0,0.0,0.0,0.0,0.0,0.5,False
VDR-12894,HOST,1,FIREWALL_DENY,0.0,4.0,2.0,0.0,2.2,0.65,False
WS-10059,HOST,0,NONE,0.0,2.0,2.0,0.0,1.4,0.5,False
WS-11654.corp.local,HOST,0,NONE,0.0,0.0,0.0,0.0,0.0,0.5,False
VDR-10096,HOST,1,ENDPOINT,0.0,0.0,7.0,0.0,2.1,0.65,False
VDR-11596.corp.local,HOST,0,NONE,0.0,1.0,0.0,0.0,0.4,0.5,False
vdr-12269,HOST,0,NONE,0.0,0.0,0.0,0.0,0.0,0.5,False
LPT_12574,HOST,0,NONE,0.0,1.0,0.0,0.0,0.4,0.5,False
LPT-12704,HOST,0,NONE,0.0,0.0,2.0,0.0,0.6,0.5,False
WS-10564,HOST,0,NONE,0.0,2.0,2.0,0.0,1.4,0.5,False
LPT-12429,HOST,1,ENDPOINT,0.0,1.0,7.0,0.0,2.5,0.65,False
LPT-10100,HOST,1,ENDPOINT,0.0,0.0,7.0,0.0,2.1,0.65,False
WS-11228,HOST,0,NONE,0.0,2.0,1.0,0.0,1.1,0.5,False
WS-11873.corp.local,HOST,0,NONE,0.0,1.0,0.0,0.0,0.4,0.5,False
lpt-10883,HOST,0,NONE,0.0,1.0,0.0,0.0,0.4,0.5,False
WS-11852,HOST,1,ENDPOINT,0.0,1.0,3.0,0.0,1.3,0.65,False
LPT-12263.corp.local,HOST,0,NONE,0.0,0.0,0.0,0.0,0.0,0.5,False
WS-11313,HOST,0,NONE,0.0,1.0,2.0,0.0,1.0,0.5,False
LPT-10479,HOST,2,FIREWALL_DENY|ENDPOINT,0.0,3.0,3.0,0.0,2.1,0.8,True
vdr-12934,HOST,0,NONE,0.0,0.0,0.0,0.0,0.0,0.5,False
vdr-11669,HOST,0,NONE,0.0,0.0,0.0,0.0,0.0,0.5,False
WS-10195,HOST,0,NONE,0.0,2.0,2.0,0.0,1.4,0.5,False
VDR-12251,HOST,0,NONE,0.0,1.0,1.0,0.0,0.7,0.5,False
LPT-11800,HOST,1,FIREWALL_DENY,0.0,3.0,0.0,0.0,1.2,0.65,False
ws-10392,HOST,0,NONE,0.0,0.0,0.0,0.0,0.0,0.5,False
ws-11198,HOST,0,NONE,0.0,0.0,0.0,0.0,0.0,0.5,False
vdr-11773,HOST,0,NONE,0.0,0.0,0.0,0.0,0.0,0.5,False
lpt-12425,HOST,0,NONE,0.0,0.0,0.0,0.0,0.0,0.5,False
lpt-12714,HOST,0,NONE,0.0,1.0,0.0,0.0,0.4,0.5,False
VDR-12836,HOST,1,ENDPOINT,0.0,0.0,3.0,0.0,0.9,0.65,False
lpt-10141,HOST,0,NONE,0.0,0.0,0.0,0.0,0.0,0.5,False
ws-12546,HOST,0,NONE,0.0,0.0,0.0,0.0,0.0,0.5,False
WS_12736,HOST,0,NONE,0.0,0.0,0.0,0.0,0.0,0.5,False
lpt-12722,HOST,0,NONE,0.0,0.0,0.0,0.0,0.0,0.5,False
VDR-12013.corp.local,HOST,0,NONE,0.0,1.0,0.0,0.0,0.4,0.5,False
LPT_12697,HOST,0,NONE,0.0,1.0,0.0,0.0,0.4,0.5,False
lpt-10129,HOST,0,NONE,0.0,1.0,0.0,0.0,0.4,0.5,False
VDR-10776,HOST,1,ENDPOINT,0.0,0.0,5.0,0.0,1.5,0.65,False
VDR_12775,HOST,0,NONE,0.0,0.0,0.0,0.0,0.0,0.5,False
WS-12923.corp.local,HOST,0,NONE,0.0,1.0,0.0,0.0,0.4,0.5,False
VDR-10033.corp.local,HOST,0,NONE,0.0,0.0,0.0,0.0,0.0,0.5,False
WS_10958,HOST,0,NONE,0.0,0.0,0.0,0.0,0.0,0.5,False
ws-11776,HOST,0,NONE,0.0,2.0,0.0,0.0,0.8,0.5,False
VDR-12126,HOST,0,NONE,0.0,1.0,1.0,0.0,0.7,0.5,False
VDR-11929,HOST,1,ENDPOINT,0.0,2.0,4.0,0.0,2.0,0.65,False
VDR-10601,HOST,0,NONE,0.0,0.0,2.0,0.0,0.6,0.5,False
WS_10433,HOST,0,NONE,0.0,0.0,0.0,0.0,0.0,0.5,False
lpt-11337,HOST,0,NONE,0.0,1.0,0.0,0.0,0.4,0.5,False
WS-12037.corp.local,HOST,0,NONE,0.0,0.0,0.0,0.0,0.0,0.5,False
LPT-12947.corp.local,HOST,0,NONE,0.0,0.0,0.0,0.0,0.0,0.5,False
vdr-12627,HOST,0,NONE,0.0,0.0,0.0,0.0,0.0,0.5,False
VDR_10071,HOST,0,NONE,0.0,2.0,0.0,0.0,0.8,0.5,False
LPT_12612,HOST,0,NONE,0.0,0.0,0.0,0.0,0.0,0.5,False
VDR-12844.corp.local,HOST,0,NONE,0.0,0.0,0.0,0.0,0.0,0.5,False
WS-11441.corp.local,HOST,0,NONE,0.0,1.0,0.0,0.0,0.4,0.5,False
VDR-11001.corp.local,HOST,0,NONE,0.0,1.0,0.0,0.0,0.4,0.5,False
VDR-12771,HOST,1,FIREWALL_DENY,0.0,6.0,1.0,0.0,2.7,0.65,False
LPT-12239.,HOST,0,NONE,0.0,0.0,0.0,0.0,0.0,0.5,False
VDR-12040.corp.local,HOST,0,NONE,0.0,1.0,0.0,0.0,0.4,0.5,False
LPT-11164.corp.local,HOST,0,NONE,0.0,0.0,0.0,0.0,0.0,0.5,False
VDR_12453,HOST,0,NONE,0.0,0.0,0.0,0.0,0.0,0.5,False
LPT-12719,HOST,1,FIREWALL_DENY,0.0,4.0,2.0,0.0,2.2,0.65,False
VDR-11874.corp.local,HOST,0,NONE,0.0,0.0,0.0,0.0,0.0,0.5,False
LPT-12474,HOST,1,ENDPOINT,0.0,0.0,5.0,0.0,1.5,0.65,False
VDR-11774,HOST,1,ENDPOINT,0.0,2.0,4.0,0.0,2.0,0.65,False
lpt-12088,HOST,0,NONE,0.0,0.0,0.0,0.0,0.0,0.5,False
LPT-12329,HOST,2,FIREWALL_DENY|ENDPOINT,0.0,4.0,3.0,0.0,2.5,0.8,True
LPT-11816,HOST,1,FIREWALL_DENY,0.0,3.0,2.0,0.0,1.8,0.65,False
lpt-12086,HOST,0,NONE,0.0,0.0,0.0,0.0,0.0,0.5,False
VDR_11082,HOST,0,NONE,0.0,0.0,0.0,0.0,0.0,0.5,False
vdr-11157,HOST,0,NONE,0.0,0.0,0.0,0.0,0.0,0.5,False
vdr-11328,HOST,0,NONE,0.0,0.0,0.0,0.0,0.0,0.5,False
vdr-10020,HOST,0,NONE,0.0,2.0,0.0,0.0,0.8,0.5,False
WS_10261,HOST,0,NONE,0.0,0.0,0.0,0.0,0.0,0.5,False
lpt-12702,HOST,0,NONE,0.0,0.0,0.0,0.0,0.0,0.5,False
LPT-12643.,HOST,0,NONE,0.0,0.0,0.0,0.0,0.0,0.5,False
WS-12433.corp.local,HOST,0,NONE,0.0,1.0,0.0,0.0,0.4,0.5,False
VDR-12948.corp.local,HOST,0,NONE,0.0,0.0,0.0,0.0,0.0,0.5,False
LPT-12100,HOST,0,NONE,0.0,0.0,2.0,0.0,0.6,0.5,False
VDR-10335,HOST,0,NONE,0.0,0.0,2.0,0.0,0.6,0.5,False
WS-12028,HOST,0,NONE,0.0,1.0,2.0,0.0,1.0,0.5,False
WS-11355,HOST,0,NONE,0.0,2.0,1.0,0.0,1.1,0.5,False
VDR_10481,HOST,0,NONE,0.0,1.0,0.0,0.0,0.4,0.5,False
lpt-12080,HOST,0,NONE,0.0,1.0,0.0,0.0,0.4,0.5,False
VDR-10044.corp.local,HOST,0,NONE,0.0,0.0,0.0,0.0,0.0,0.5,False
LPT-10834,HOST,1,FIREWALL_DENY,0.0,4.0,1.0,0.0,1.9,0.65,False
VDR-11872.corp.local,HOST,0,NONE,0.0,1.0,0.0,0.0,0.4,0.5,False
LPT_11138,HOST,0,NONE,0.0,1.0,0.0,0.0,0.4,0.5,False
VDR-11507,HOST,2,FIREWALL_DENY|ENDPOINT,0.0,3.0,5.0,0.0,2.7,0.8,True
VDR_10465,HOST,0,NONE,0.0,1.0,0.0,0.0,0.4,0.5,False
WS-10531,HOST,1,ENDPOINT,0.0,1.0,3.0,0.0,1.3,0.65,False
VDR-10907.,HOST,0,NONE,0.0,0.0,0.0,0.0,0.0,0.5,False
LPT-11887.,HOST,0,NONE,0.0,0.0,0.0,0.0,0.0,0.5,False
vdr-10166,HOST,0,NONE,0.0,0.0,0.0,0.0,0.0,0.5,False
lpt-12402,HOST,0,NONE,0.0,0.0,0.0,0.0,0.0,0.5,False
ws-12072,HOST,0,NONE,0.0,0.0,0.0,0.0,0.0,0.5,False
LPT-10204.corp.local,HOST,0,NONE,0.0,1.0,0.0,0.0,0.4,0.5,False
WS-12908,HOST,1,ENDPOINT,0.0,0.0,3.0,0.0,0.9,0.65,False
WS-10471,HOST,0,NONE,0.0,2.0,2.0,0.0,1.4,0.5,False
lpt-11055,HOST,0,NONE,0.0,0.0,0.0,0.0,0.0,0.5,False
WS-11141.corp.local,HOST,0,NONE,0.0,0.0,0.0,0.0,0.0,0.5,False
vdr-12806,HOST,0,NONE,0.0,0.0,0.0,0.0,0.0,0.5,False
LPT_10972,HOST,0,NONE,0.0,0.0,0.0,0.0,0.0,0.5,False
VDR-11729,HOST,0,NONE,0.0,2.0,1.0,0.0,1.1,0.5,False
LPT-11604,HOST,1,ENDPOINT,0.0,2.0,4.0,0.0,2.0,0.65,False
VDR-12152.,HOST,0,NONE,0.0,0.0,0.0,0.0,0.0,0.5,False
lpt-11034,HOST,0,NONE,0.0,1.0,0.0,0.0,0.4,0.5,False
LPT-10972,HOST,0,NONE,0.0,0.0,1.0,0.0,0.3,0.5,False
VDR-10613.corp.local,HOST,0,NONE,0.0,1.0,0.0,0.0,0.4,0.5,False
VDR-10667.corp.local,HOST,0,NONE,0.0,0.0,0.0,0.0,0.0,0.5,False
WS-10368.corp.local,HOST,0,NONE,0.0,1.0,0.0,0.0,0.4,0.5,False
WS-11819,HOST,0,NONE,0.0,1.0,2.0,0.0,1.0,0.5,False
LPT-10987,HOST,1,FIREWALL_DENY,0.0,3.0,2.0,0.0,1.8,0.65,False
WS_12987,HOST,0,NONE,0.0,0.0,0.0,0.0,0.0,0.5,False
VDR-10835,HOST,0,NONE,0.0,0.0,2.0,0.0,0.6,0.5,False
VDR-10622,HOST,1,ENDPOINT,0.0,2.0,4.0,0.0,2.0,0.65,False
VDR_10791,HOST,0,NONE,0.0,0.0,0.0,0.0,0.0,0.5,False
LPT-10944.corp.local,HOST,0,NONE,0.0,1.0,0.0,0.0,0.4,0.5,False
WS-10720,HOST,1,FIREWALL_DENY,0.0,3.0,1.0,0.0,1.5,0.65,False
LPT_10306,HOST,0,NONE,0.0,1.0,0.0,0.0,0.4,0.5,False
WS-12898,HOST,1,ENDPOINT,0.0,0.0,4.0,0.0,1.2,0.65,False
LPT-10853.,HOST,0,NONE,0.0,0.0,0.0,0.0,0.0,0.5,False
lpt-12616,HOST,0,NONE,0.0,1.0,0.0,0.0,0.4,0.5,False
VDR-11251.corp.local,HOST,0,NONE,0.0,2.0,0.0,0.0,0.8,0.5,False
VDR-11518,HOST,1,ENDPOINT,0.0,0.0,3.0,0.0,0.9,0.65,False
ws-10433,HOST,0,NONE,0.0,1.0,0.0,0.0,0.4,0.5,False
WS_11814,HOST,0,NONE,0.0,1.0,0.0,0.0,0.4,0.5,False
lpt-12644,HOST,0,NONE,0.0,1.0,0.0,0.0,0.4,0.5,False
ws-12166,HOST,0,NONE,0.0,0.0,0.0,0.0,0.0,0.5,False
VDR-12770,HOST,0,NONE,0.0,1.0,2.0,0.0,1.0,0.5,False
WS_10189,HOST,0,NONE,0.0,0.0,0.0,0.0,0.0,0.5,False
lpt-11259,HOST,0,NONE,0.0,1.0,0.0,0.0,0.4,0.5,False
LPT-12132,HOST,1,FIREWALL_DENY,0.0,3.0,0.0,0.0,1.2,0.65,False
VDR-11045,HOST,0,NONE,0.0,1.0,1.0,0.0,0.7,0.5,False
WS-12680,HOST,0,NONE,0.0,2.0,2.0,0.0,1.4,0.5,False
LPT-10131,HOST,1,FIREWALL_DENY,0.0,3.0,1.0,0.0,1.5,0.65,False
WS-11233.corp.local,HOST,0,NONE,0.0,1.0,0.0,0.0,0.4,0.5,False
LPT_11337,HOST,0,NONE,0.0,0.0,0.0,0.0,0.0,0.5,False
VDR_12897,HOST,0,NONE,0.0,1.0,0.0,0.0,0.4,0.5,False
WS_11132,HOST,0,NONE,0.0,0.0,0.0,0.0,0.0,0.5,False
ws-12346,HOST,0,NONE,0.0,1.0,0.0,0.0,0.4,0.5,False
vdr-10559,HOST,0,NONE,0.0,0.0,0.0,0.0,0.0,0.5,False
WS_11441,HOST,0,NONE,0.0,0.0,0.0,0.0,0.0,0.5,False
LPT-10797.corp.local,HOST,0,NONE,0.0,1.0,0.0,0.0,0.4,0.5,False
WS-10461,HOST,1,ENDPOINT,0.0,2.0,4.0,0.0,2.0,0.65,False
VDR-12058,HOST,1,FIREWALL_DENY,0.0,3.0,2.0,0.0,1.8,0.65,False
WS-12093.corp.local,HOST,0,NONE,0.0,0.0,0.0,0.0,0.0,0.5,False
VDR-10020,HOST,0,NONE,0.0,1.0,2.0,0.0,1.0,0.5,False
LPT_10981,HOST,0,NONE,0.0,1.0,0.0,0.0,0.4,0.5,False
ws-10422,HOST,0,NONE,0.0,0.0,0.0,0.0,0.0,0.5,False
lpt-11097,HOST,0,NONE,0.0,0.0,0.0,0.0,0.0,0.5,False
VDR-10621.corp.local,HOST,0,NONE,0.0,0.0,0.0,0.0,0.0,0.5,False
WS-11975,HOST,0,NONE,0.0,0.0,2.0,0.0,0.6,0.5,False
VDR-11249.corp.local,HOST,0,NONE,0.0,0.0,0.0,0.0,0.0,0.5,False
ws-10211,HOST,1,FIREWALL_DENY,0.0,4.0,0.0,0.0,1.6,0.65,False
ws-12944,HOST,0,NONE,0.0,0.0,0.0,0.0,0.0,0.5,False
VDR_11214,HOST,0,NONE,0.0,0.0,0.0,0.0,0.0,0.5,False
lpt-12946,HOST,0,NONE,0.0,0.0,0.0,0.0,0.0,0.5,False
LPT-10745,HOST,1,ENDPOINT,0.0,0.0,6.0,0.0,1.8,0.65,False
VDR-10146,HOST,1,ENDPOINT,0.0,0.0,3.0,0.0,0.9,0.65,False
vdr-12725,HOST,0,NONE,0.0,0.0,0.0,0.0,0.0,0.5,False
LPT-12675,HOST,0,NONE,0.0,2.0,0.0,0.0,0.8,0.5,False
WS-11749,HOST,1,ENDPOINT,0.0,2.0,6.0,0.0,2.6,0.65,False
WS_10686,HOST,0,NONE,0.0,0.0,0.0,0.0,0.0,0.5,False
WS_12188,HOST,0,NONE,0.0,1.0,0.0,0.0,0.4,0.5,False
VDR-11375,HOST,1,ENDPOINT,0.0,1.0,5.0,0.0,1.9,0.65,False
VDR-11861.corp.local,HOST,0,NONE,0.0,1.0,0.0,0.0,0.4,0.5,False
ws-10370,HOST,0,NONE,0.0,0.0,0.0,0.0,0.0,0.5,False
WS-10652.corp.local,HOST,0,NONE,0.0,0.0,0.0,0.0,0.0,0.5,False
VDR-10744.,HOST,0,NONE,0.0,0.0,0.0,0.0,0.0,0.5,False
lpt-12300,HOST,0,NONE,0.0,0.0,0.0,0.0,0.0,0.5,False
VDR-11877.corp.local,HOST,0,NONE,0.0,0.0,0.0,0.0,0.0,0.5,False
WS-12996,HOST,1,ENDPOINT,0.0,2.0,3.0,0.0,1.7,0.65,False
VDR-12861,HOST,2,FIREWALL_DENY|ENDPOINT,0.0,3.0,3.0,0.0,2.1,0.8,True
VDR_11697,HOST,0,NONE,0.0,1.0,0.0,0.0,0.4,0.5,False
VDR_11277,HOST,0,NONE,0.0,0.0,0.0,0.0,0.0,0.5,False
WS_10675,HOST,0,NONE,0.0,1.0,0.0,0.0,0.4,0.5,False
LPT-11875,HOST,1,ENDPOINT,0.0,2.0,4.0,0.0,2.0,0.65,False
VDR-10168.corp.local,HOST,0,NONE,0.0,1.0,0.0,0.0,0.4,0.5,False
WS-12496,HOST,0,NONE,0.0,2.0,0.0,0.0,0.8,0.5,False
ws-10998,HOST,0,NONE,0.0,0.0,0.0,0.0,0.0,0.5,False
vdr-11585,HOST,0,NONE,0.0,1.0,0.0,0.0,0.4,0.5,False
VDR-11589,HOST,0,NONE,0.0,2.0,2.0,0.0,1.4,0.5,False
ws-10604,HOST,0,NONE,0.0,1.0,0.0,0.0,0.4,0.5,False
LPT-12735,HOST,0,NONE,0.0,1.0,2.0,0.0,1.0,0.5,False
lpt-10120,HOST,0,NONE,0.0,1.0,0.0,0.0,0.4,0.5,False
VDR_10929,HOST,0,NONE,0.0,0.0,0.0,0.0,0.0,0.5,False
lpt-11539,HOST,0,NONE,0.0,0.0,0.0,0.0,0.0,0.5,False
WS-12846.corp.local,HOST,0,NONE,0.0,0.0,0.0,0.0,0.0,0.5,False
WS-12605,HOST,0,NONE,0.0,1.0,2.0,0.0,1.0,0.5,False
vdr-10732,HOST,0,NONE,0.0,0.0,0.0,0.0,0.0,0.5,False
lpt-11685,HOST,0,NONE,0.0,0.0,0.0,0.0,0.0,0.5,False
WS-10749,HOST,1,ENDPOINT,0.0,0.0,3.0,0.0,0.9,0.65,False
LPT_11983,HOST,0,NONE,0.0,0.0,0.0,0.0,0.0,0.5,False
WS-10766.corp.local,HOST,0,NONE,0.0,0.0,0.0,0.0,0.0,0.5,False
lpt-11303,HOST,0,NONE,0.0,0.0,0.0,0.0,0.0,0.5,False
lpt-10011,HOST,0,NONE,0.0,0.0,0.0,0.0,0.0,0.5,False
VDR-11417,HOST,2,FIREWALL_DENY|ENDPOINT,0.0,4.0,3.0,0.0,2.5,0.8,True
LPT_12690,HOST,0,NONE,0.0,0.0,0.0,0.0,0.0,0.5,False
vdr-11118,HOST,0,NONE,0.0,0.0,0.0,0.0,0.0,0.5,False
LPT-11831,HOST,0,NONE,0.0,1.0,2.0,0.0,1.0,0.5,False
LPT-11005,HOST,1,ENDPOINT,0.0,0.0,4.0,0.0,1.2,0.65,False
VDR-11754,HOST,2,FIREWALL_DENY|ENDPOINT,0.0,3.0,4.0,0.0,2.4,0.8,True
VDR-10799,HOST,1,ENDPOINT,0.0,1.0,3.0,0.0,1.3,0.65,False
VDR_11404,HOST,0,NONE,0.0,0.0,0.0,0.0,0.0,0.5,False
LPT-11646,HOST,0,NONE,0.0,1.0,1.0,0.0,0.7,0.5,False
LPT_10670,HOST,0,NONE,0.0,0.0,0.0,0.0,0.0,0.5,False
LPT-12792,HOST,1,ENDPOINT,0.0,0.0,4.0,0.0,1.2,0.65,False
WS-11623.corp.local,HOST,0,NONE,0.0,0.0,0.0,0.0,0.0,0.5,False
WS_12064,HOST,0,NONE,0.0,0.0,0.0,0.0,0.0,0.5,False
LPT-11140.corp.local,HOST,0,NONE,0.0,0.0,0.0,0.0,0.0,0.5,False
VDR-12484,HOST,0,NONE,0.0,0.0,2.0,0.0,0.6,0.5,False
VDR-12154,HOST,0,NONE,0.0,2.0,2.0,0.0,1.4,0.5,False
vdr-12464,HOST,0,NONE,0.0,2.0,0.0,0.0,0.8,0.5,False
LPT-12355.corp.local,HOST,0,NONE,0.0,1.0,0.0,0.0,0.4,0.5,False
VDR-12126.corp.local,HOST,0,NONE,0.0,0.0,0.0,0.0,0.0,0.5,False
WS-11924.corp.local,HOST,0,NONE,0.0,0.0,0.0,0.0,0.0,0.5,False
VDR-10140,HOST,0,NONE,0.0,1.0,0.0,0.0,0.4,0.5,False
VDR_12832,HOST,0,NONE,0.0,1.0,0.0,0.0,0.4,0.5,False
LPT-12699.corp.local,HOST,0,NONE,0.0,1.0,0.0,0.0,0.4,0.5,False
vdr-12897,HOST,0,NONE,0.0,0.0,0.0,0.0,0.0,0.5,False
LPT-12293,HOST,1,ENDPOINT,0.0,1.0,3.0,0.0,1.3,0.65,False
LPT_10141,HOST,0,NONE,0.0,1.0,0.0,0.0,0.4,0.5,False
LPT-12429.corp.local,HOST,0,NONE,0.0,0.0,0.0,0.0,0.0,0.5,False
vdr-11758,HOST,0,NONE,0.0,0.0,0.0,0.0,0.0,0.5,False
WS-11553,HOST,0,NONE,0.0,1.0,2.0,0.0,1.0,0.5,False
ws-12213,HOST,0,NONE,0.0,0.0,0.0,0.0,0.0,0.5,False
lpt-10541,HOST,0,NONE,0.0,1.0,0.0,0.0,0.4,0.5,False
ws-12812,HOST,0,NONE,0.0,0.0,0.0,0.0,0.0,0.5,False
LPT-12769,HOST,1,ENDPOINT,0.0,0.0,3.0,0.0,0.9,0.65,False
LPT-11174,HOST,0,NONE,0.0,0.0,2.0,0.0,0.6,0.5,False
LPT_11257,HOST,0,NONE,0.0,0.0,0.0,0.0,0.0,0.5,False
ws-12219,HOST,0,NONE,0.0,0.0,0.0,0.0,0.0,0.5,False
VDR-12906.corp.local,HOST,0,NONE,0.0,1.0,0.0,0.0,0.4,0.5,False
LPT-11983.corp.local,HOST,0,NONE,0.0,0.0,0.0,0.0,0.0,0.5,False
WS-11022.corp.local,HOST,0,NONE,0.0,0.0,0.0,0.0,0.0,0.5,False
VDR-12091.corp.local,HOST,0,NONE,0.0,1.0,0.0,0.0,0.4,0.5,False
LPT_12628,HOST,0,NONE,0.0,1.0,0.0,0.0,0.4,0.5,False
WS_10325,HOST,0,NONE,0.0,0.0,0.0,0.0,0.0,0.5,False
LPT-11917.corp.local,HOST,0,NONE,0.0,1.0,0.0,0.0,0.4,0.5,False
WS-10878,HOST,1,ENDPOINT,0.0,2.0,7.0,0.0,2.9,0.65,False
LPT-12111,HOST,0,NONE,0.0,0.0,1.0,0.0,0.3,0.5,False
ws-11442,HOST,0,NONE,0.0,2.0,0.0,0.0,0.8,0.5,False
LPT-11721.corp.local,HOST,0,NONE,0.0,0.0,0.0,0.0,0.0,0.5,False
lpt-10169,HOST,0,NONE,0.0,1.0,0.0,0.0,0.4,0.5,False
VDR-12917,HOST,1,ENDPOINT,0.0,1.0,3.0,0.0,1.3,0.65,False
lpt-12528,HOST,0,NONE,0.0,0.0,0.0,0.0,0.0,0.5,False
WS-12226.corp.local,HOST,0,NONE,0.0,0.0,0.0,0.0,0.0,0.5,False
vdr-10342,HOST,0,NONE,0.0,0.0,0.0,0.0,0.0,0.5,False
WS_11422,HOST,0,NONE,0.0,0.0,0.0,0.0,0.0,0.5,False
WS_12398,HOST,0,NONE,0.0,0.0,0.0,0.0,0.0,0.5,False
ws-12048,HOST,0,NONE,0.0,1.0,0.0,0.0,0.4,0.5,False
lpt-12094,HOST,0,NONE,0.0,1.0,0.0,0.0,0.4,0.5,False
LPT-11446.corp.local,HOST,0,NONE,0.0,0.0,0.0,0.0,0.0,0.5,False
VDR-10443,HOST,1,ENDPOINT,0.0,2.0,3.0,0.0,1.7,0.65,False
LPT_12315,HOST,0,NONE,0.0,0.0,0.0,0.0,0.0,0.5,False
LPT_11085,HOST,0,NONE,0.0,2.0,0.0,0.0,0.8,0.5,False
VDR_11821,HOST,0,NONE,0.0,1.0,0.0,0.0,0.4,0.5,False
VDR-10795.corp.local,HOST,0,NONE,0.0,0.0,0.0,0.0,0.0,0.5,False
LPT-11673,HOST,0,NONE,0.0,2.0,1.0,0.0,1.1,0.5,False
ws-12445,HOST,0,NONE,0.0,1.0,0.0,0.0,0.4,0.5,False
lpt-11960,HOST,0,NONE,0.0,0.0,0.0,0.0,0.0,0.5,False
VDR-10498,HOST,1,ENDPOINT,0.0,2.0,6.0,0.0,2.6,0.65,False
WS-10794,HOST,1,ENDPOINT,0.0,1.0,4.0,0.0,1.6,0.65,False
LPT-10963,HOST,0,NONE,0.0,2.0,2.0,0.0,1.4,0.5,False
WS-10325.corp.local,HOST,0,NONE,0.0,0.0,0.0,0.0,0.0,0.5,False
WS-10430,HOST,1,ENDPOINT,0.0,0.0,3.0,0.0,0.9,0.65,False
VDR-11703.corp.local,HOST,0,NONE,0.0,0.0,0.0,0.0,0.0,0.5,False
vdr-12832,HOST,0,NONE,0.0,0.0,0.0,0.0,0.0,0.5,False
LPT_12199,HOST,0,NONE,0.0,1.0,0.0,0.0,0.4,0.5,False
WS-12084,HOST,0,NONE,0.0,2.0,0.0,0.0,0.8,0.5,False
WS-12288,HOST,1,ENDPOINT,0.0,0.0,3.0,0.0,0.9,0.65,False
LPT-11903,HOST,0,NONE,0.0,2.0,1.0,0.0,1.1,0.5,False
LPT-12927.corp.local,HOST,0,NONE,0.0,0.0,0.0,0.0,0.0,0.5,False
ws-10281,HOST,0,NONE,0.0,1.0,0.0,0.0,0.4,0.5,False
ws-12162,HOST,0,NONE,0.0,0.0,0.0,0.0,0.0,0.5,False
LPT_11788,HOST,0,NONE,0.0,1.0,0.0,0.0,0.4,0.5,False
WS-11172,HOST,2,FIREWALL_DENY|ENDPOINT,0.0,3.0,5.0,0.0,2.7,0.8,True
LPT_10378,HOST,0,NONE,0.0,0.0,0.0,0.0,0.0,0.5,False
ws-10967,HOST,0,NONE,0.0,0.0,0.0,0.0,0.0,0.5,False
VDR_11910,HOST,0,NONE,0.0,1.0,0.0,0.0,0.4,0.5,False
WS-11563,HOST,0,NONE,0.0,1.0,2.0,0.0,1.0,0.5,False
VDR-11102,HOST,0,NONE,0.0,0.0,1.0,0.0,0.3,0.5,False
LPT-12584,HOST,1,ENDPOINT,0.0,2.0,6.0,0.0,2.6,0.65,False
vdr-10361,HOST,0,NONE,0.0,0.0,0.0,0.0,0.0,0.5,False
VDR-12241,HOST,0,NONE,0.0,1.0,2.0,0.0,1.0,0.5,False
ws-10704,HOST,0,NONE,0.0,0.0,0.0,0.0,0.0,0.5,False
VDR-10462,HOST,1,ENDPOINT,0.0,1.0,5.0,0.0,1.9,0.65,False
WS-12356,HOST,2,FIREWALL_DENY|ENDPOINT,0.0,3.0,5.0,0.0,2.7,0.8,True
vdr-11843,HOST,0,NONE,0.0,0.0,0.0,0.0,0.0,0.5,False
LPT-11238.,HOST,0,NONE,0.0,0.0,0.0,0.0,0.0,0.5,False
LPT-12001.corp.local,HOST,0,NONE,0.0,0.0,0.0,0.0,0.0,0.5,False
WS_11313,HOST,0,NONE,0.0,0.0,0.0,0.0,0.0,0.5,False
VDR-11267.corp.local,HOST,0,NONE,0.0,0.0,0.0,0.0,0.0,0.5,False
lpt-11005,HOST,0,NONE,0.0,0.0,0.0,0.0,0.0,0.5,False
WS-12311.corp.local,HOST,0,NONE,0.0,0.0,0.0,0.0,0.0,0.5,False
ws-10508,HOST,0,NONE,0.0,0.0,0.0,0.0,0.0,0.5,False
WS-10836.corp.local,HOST,0,NONE,0.0,2.0,0.0,0.0,0.8,0.5,False
LPT-11337,HOST,1,ENDPOINT,0.0,1.0,4.0,0.0,1.6,0.65,False
WS-12845,HOST,0,NONE,0.0,2.0,2.0,0.0,1.4,0.5,False
WS-12935,HOST,1,ENDPOINT,0.0,1.0,3.0,0.0,1.3,0.65,False
LPT-12939,HOST,1,ENDPOINT,0.0,0.0,4.0,0.0,1.2,0.65,False
LPT_12530,HOST,0,NONE,0.0,1.0,0.0,0.0,0.4,0.5,False
LPT-12440,HOST,2,FIREWALL_DENY|ENDPOINT,0.0,3.0,5.0,0.0,2.7,0.8,True
vdr-12966,HOST,0,NONE,0.0,2.0,0.0,0.0,0.8,0.5,False
VDR-11227.corp.local,HOST,0,NONE,0.0,0.0,0.0,0.0,0.0,0.5,False
LPT-10384,HOST,0,NONE,0.0,0.0,2.0,0.0,0.6,0.5,False
LPT_11101,HOST,0,NONE,0.0,0.0,0.0,0.0,0.0,0.5,False
WS-11885.corp.local,HOST,0,NONE,0.0,0.0,0.0,0.0,0.0,0.5,False
WS-10150.corp.local,HOST,0,NONE,0.0,1.0,0.0,0.0,0.4,0.5,False
ws-12632,HOST,0,NONE,0.0,0.0,0.0,0.0,0.0,0.5,False
WS-11076,HOST,2,FIREWALL_DENY|ENDPOINT,0.0,3.0,4.0,0.0,2.4,0.8,True
ws-10472,HOST,0,NONE,0.0,0.0,0.0,0.0,0.0,0.5,False
vdr-12251,HOST,0,NONE,0.0,0.0,0.0,0.0,0.0,0.5,False
LPT_10410,HOST,0,NONE,0.0,0.0,0.0,0.0,0.0,0.5,False
LPT-11065,HOST,1,ENDPOINT,0.0,0.0,3.0,0.0,0.9,0.65,False
WS-12599.corp.local,HOST,0,NONE,0.0,1.0,0.0,0.0,0.4,0.5,False
LPT-11745,HOST,0,NONE,0.0,0.0,1.0,0.0,0.3,0.5,False
lpt-11614,HOST,0,NONE,0.0,0.0,0.0,0.0,0.0,0.5,False
WS-10819.corp.local,HOST,0,NONE,0.0,0.0,0.0,0.0,0.0,0.5,False
LPT-12078,HOST,1,ENDPOINT,0.0,2.0,4.0,0.0,2.0,0.65,False
WS_10500,HOST,0,NONE,0.0,0.0,0.0,0.0,0.0,0.5,False
VDR_12558,HOST,0,NONE,0.0,1.0,0.0,0.0,0.4,0.5,False
WS-10276,HOST,1,ENDPOINT,0.0,1.0,3.0,0.0,1.3,0.65,False
WS-12120,HOST,1,ENDPOINT,0.0,0.0,3.0,0.0,0.9,0.65,False
WS-12666,HOST,1,ENDPOINT,0.0,0.0,3.0,0.0,0.9,0.65,False
WS-11968.corp.local,HOST,0,NONE,0.0,0.0,0.0,0.0,0.0,0.5,False
LPT_10965,HOST,0,NONE,0.0,0.0,0.0,0.0,0.0,0.5,False
vdr-10952,HOST,0,NONE,0.0,1.0,0.0,0.0,0.4,0.5,False
lpt-11714,HOST,0,NONE,0.0,0.0,0.0,0.0,0.0,0.5,False
vdr-10238,HOST,0,NONE,0.0,0.0,0.0,0.0,0.0,0.5,False
VDR-11436,HOST,1,FIREWALL_DENY,0.0,3.0,2.0,0.0,1.8,0.65,False
LPT-11960.corp.local,HOST,0,NONE,0.0,0.0,0.0,0.0,0.0,0.5,False
vdr-12978,HOST,0,NONE,0.0,0.0,0.0,0.0,0.0,0.5,False
vdr-11339,HOST,0,NONE,0.0,0.0,0.0,0.0,0.0,0.5,False
lpt-10557,HOST,0,NONE,0.0,1.0,0.0,0.0,0.4,0.5,False
vdr-10346,HOST,0,NONE,0.0,1.0,0.0,0.0,0.4,0.5,False
WS-10827.,HOST,0,NONE,0.0,0.0,0.0,0.0,0.0,0.5,False
vdr-10019,HOST,0,NONE,0.0,0.0,0.0,0.0,0.0,0.5,False
WS-11535,HOST,0,NONE,0.0,0.0,1.0,0.0,0.3,0.5,False
WS-11803,HOST,1,ENDPOINT,0.0,1.0,4.0,0.0,1.6,0.65,False
LPT_10275,HOST,0,NONE,0.0,0.0,0.0,0.0,0.0,0.5,False
WS_10117,HOST,0,NONE,0.0,0.0,0.0,0.0,0.0,0.5,False
ws-10697,HOST,0,NONE,0.0,0.0,0.0,0.0,0.0,0.5,False
VDR-10165.corp.local,HOST,0,NONE,0.0,0.0,0.0,0.0,0.0,0.5,False
lpt-10912,HOST,0,NONE,0.0,0.0,0.0,0.0,0.0,0.5,False
LPT-11371,HOST,1,ENDPOINT,0.0,1.0,4.0,0.0,1.6,0.65,False
WS-10236.corp.local,HOST,0,NONE,0.0,0.0,0.0,0.0,0.0,0.5,False
vdr-12216,HOST,0,NONE,0.0,0.0,0.0,0.0,0.0,0.5,False
lpt-12143,HOST,0,NONE,0.0,0.0,0.0,0.0,0.0,0.5,False
ws-12434,HOST,0,NONE,0.0,0.0,0.0,0.0,0.0,0.5,False
vdr-12917,HOST,0,NONE,0.0,0.0,0.0,0.0,0.0,0.5,False
vdr-11033,HOST,0,NONE,0.0,0.0,0.0,0.0,0.0,0.5,False
VDR_11930,HOST,0,NONE,0.0,0.0,0.0,0.0,0.0,0.5,False
WS-11269.corp.local,HOST,0,NONE,0.0,1.0,0.0,0.0,0.4,0.5,False
lpt-10286,HOST,0,NONE,0.0,0.0,0.0,0.0,0.0,0.5,False
WS-10943,HOST,1,ENDPOINT,0.0,2.0,3.0,0.0,1.7,0.65,False
LPT-12860,HOST,0,NONE,0.0,1.0,1.0,0.0,0.7,0.5,False
lpt-11428,HOST,0,NONE,0.0,0.0,0.0,0.0,0.0,0.5,False
WS-11612.corp.local,HOST,0,NONE,0.0,0.0,0.0,0.0,0.0,0.5,False
WS-10456,HOST,0,NONE,0.0,1.0,1.0,0.0,0.7,0.5,False
LPT-11219,HOST,0,NONE,0.0,1.0,2.0,0.0,1.0,0.5,False
lpt-12664,HOST,0,NONE,0.0,2.0,0.0,0.0,0.8,0.5,False
vdr-12198,HOST,0,NONE,0.0,0.0,0.0,0.0,0.0,0.5,False
WS-10649,HOST,0,NONE,0.0,1.0,1.0,0.0,0.7,0.5,False
WS-10284.,HOST,0,NONE,0.0,0.0,0.0,0.0,0.0,0.5,False
WS-10113.,HOST,0,NONE,0.0,0.0,0.0,0.0,0.0,0.5,False
WS_10379,HOST,0,NONE,0.0,0.0,0.0,0.0,0.0,0.5,False
lpt-12158,HOST,0,NONE,0.0,2.0,0.0,0.0,0.8,0.5,False
lpt-10257,HOST,0,NONE,0.0,1.0,0.0,0.0,0.4,0.5,False
VDR-10503,HOST,0,NONE,0.0,2.0,2.0,0.0,1.4,0.5,False
LPT-12899,HOST,0,NONE,0.0,1.0,2.0,0.0,1.0,0.5,False
LPT-12339,HOST,0,NONE,0.0,2.0,1.0,0.0,1.1,0.5,False
WS-10784,HOST,1,ENDPOINT,0.0,0.0,5.0,0.0,1.5,0.65,False
lpt-12098,HOST,0,NONE,0.0,1.0,0.0,0.0,0.4,0.5,False
WS_10895,HOST,0,NONE,0.0,1.0,0.0,0.0,0.4,0.5,False
LPT-12144,HOST,0,NONE,0.0,2.0,1.0,0.0,1.1,0.5,False
WS-11894.,HOST,0,NONE,0.0,0.0,0.0,0.0,0.0,0.5,False
vdr-12875,HOST,0,NONE,0.0,0.0,0.0,0.0,0.0,0.5,False
LPT-12766.corp.local,HOST,0,NONE,0.0,1.0,0.0,0.0,0.4,0.5,False
LPT_12399,HOST,0,NONE,0.0,0.0,0.0,0.0,0.0,0.5,False
LPT-11202.corp.local,HOST,0,NONE,0.0,1.0,0.0,0.0,0.4,0.5,False
VDR-11934,HOST,1,ENDPOINT,0.0,1.0,3.0,0.0,1.3,0.65,False
vdr-12362,HOST,0,NONE,0.0,0.0,0.0,0.0,0.0,0.5,False
LPT_11825,HOST,0,NONE,0.0,1.0,0.0,0.0,0.4,0.5,False
LPT-12670.corp.local,HOST,0,NONE,0.0,1.0,0.0,0.0,0.4,0.5,False
WS-11828.corp.local,HOST,0,NONE,0.0,1.0,0.0,0.0,0.4,0.5,False
lpt-10103,HOST,0,NONE,0.0,0.0,0.0,0.0,0.0,0.5,False
LPT-12587.,HOST,0,NONE,0.0,0.0,0.0,0.0,0.0,0.5,False
lpt-10630,HOST,0,NONE,0.0,0.0,0.0,0.0,0.0,0.5,False
ws-12189,HOST,0,NONE,0.0,0.0,0.0,0.0,0.0,0.5,False
lpt-11717,HOST,0,NONE,0.0,0.0,0.0,0.0,0.0,0.5,False
vdr-12187,HOST,0,NONE,0.0,1.0,0.0,0.0,0.4,0.5,False
LPT-11011,HOST,1,ENDPOINT,0.0,2.0,3.0,0.0,1.7,0.65,False
LPT-12462,HOST,1,ENDPOINT,0.0,2.0,3.0,0.0,1.7,0.65,False
WS-12606,HOST,2,FIREWALL_DENY|ENDPOINT,0.0,4.0,6.0,0.0,3.4,0.8,True
LPT-11683,HOST,1,ENDPOINT,0.0,2.0,9.0,0.0,3.5,0.65,False
lpt-11781,HOST,0,NONE,0.0,0.0,0.0,0.0,0.0,0.5,False
VDR-11901,HOST,0,NONE,0.0,1.0,2.0,0.0,1.0,0.5,False
WS-11760,HOST,0,NONE,0.0,2.0,1.0,0.0,1.1,0.5,False
ws-11672,HOST,0,NONE,0.0,0.0,0.0,0.0,0.0,0.5,False
vdr-10142,HOST,0,NONE,0.0,0.0,0.0,0.0,0.0,0.5,False
WS-10973,HOST,0,NONE,0.0,1.0,1.0,0.0,0.7,0.5,False
vdr-11091,HOST,0,NONE,0.0,0.0,0.0,0.0,0.0,0.5,False
WS-12449.corp.local,HOST,0,NONE,0.0,1.0,0.0,0.0,0.4,0.5,False
VDR-12141.corp.local,HOST,0,NONE,0.0,1.0,0.0,0.0,0.4,0.5,False
lpt-11162,HOST,0,NONE,0.0,0.0,0.0,0.0,0.0,0.5,False
LPT_12424,HOST,0,NONE,0.0,1.0,0.0,0.0,0.4,0.5,False
lpt-12448,HOST,0,NONE,0.0,1.0,0.0,0.0,0.4,0.5,False
VDR-12945,HOST,1,ENDPOINT,0.0,2.0,3.0,0.0,1.7,0.65,False
WS-11211.corp.local,HOST,0,NONE,0.0,0.0,0.0,0.0,0.0,0.5,False
lpt-11995,HOST,0,NONE,0.0,1.0,0.0,0.0,0.4,0.5,False
WS-10461.corp.local,HOST,0,NONE,0.0,1.0,0.0,0.0,0.4,0.5,False
WS-10078.corp.local,HOST,0,NONE,0.0,0.0,0.0,0.0,0.0,0.5,False
WS-10128,HOST,0,NONE,0.0,2.0,1.0,0.0,1.1,0.5,False
WS-12694,HOST,1,ENDPOINT,0.0,2.0,4.0,0.0,2.0,0.65,False
WS-10837,HOST,0,NONE,0.0,2.0,0.0,0.0,0.8,0.5,False
ws-10870,HOST,0,NONE,0.0,0.0,0.0,0.0,0.0,0.5,False
LPT_11691,HOST,0,NONE,0.0,1.0,0.0,0.0,0.4,0.5,False
vdr-11494,HOST,0,NONE,0.0,0.0,0.0,0.0,0.0,0.5,False
VDR-11351,HOST,2,FIREWALL_DENY|ENDPOINT,0.0,3.0,3.0,0.0,2.1,0.8,True
WS_12204,HOST,0,NONE,0.0,0.0,0.0,0.0,0.0,0.5,False
LPT-11786,HOST,0,NONE,0.0,2.0,2.0,0.0,1.4,0.5,False
vdr-10005,HOST,0,NONE,0.0,1.0,0.0,0.0,0.4,0.5,False
ws-11301,HOST,0,NONE,0.0,0.0,0.0,0.0,0.0,0.5,False
WS-10524,HOST,0,NONE,0.0,2.0,0.0,0.0,0.8,0.5,False
LPT-10548,HOST,1,ENDPOINT,0.0,0.0,3.0,0.0,0.9,0.65,False
VDR-10438,HOST,2,FIREWALL_DENY|ENDPOINT,0.0,3.0,3.0,0.0,2.1,0.8,True
VDR-10869,HOST,0,NONE,0.0,2.0,1.0,0.0,1.1,0.5,False
WS-12036,HOST,0,NONE,0.0,1.0,2.0,0.0,1.0,0.5,False
VDR_11128,HOST,0,NONE,0.0,1.0,0.0,0.0,0.4,0.5,False
LPT-12731,HOST,1,FIREWALL_DENY,0.0,4.0,2.0,0.0,2.2,0.65,False
lpt-11349,HOST,0,NONE,0.0,1.0,0.0,0.0,0.4,0.5,False
LPT-10425,HOST,0,NONE,0.0,1.0,0.0,0.0,0.4,0.5,False
lpt-11616,HOST,0,NONE,0.0,0.0,0.0,0.0,0.0,0.5,False
lpt-11826,HOST,0,NONE,0.0,0.0,0.0,0.0,0.0,0.5,False
lpt-12752,HOST,0,NONE,0.0,1.0,0.0,0.0,0.4,0.5,False
VDR-10923.corp.local,HOST,0,NONE,0.0,0.0,0.0,0.0,0.0,0.5,False
VDR-10295,HOST,1,ENDPOINT,0.0,1.0,3.0,0.0,1.3,0.65,False
VDR-10019,HOST,1,ENDPOINT,0.0,1.0,4.0,0.0,1.6,0.65,False
WS-12170,HOST,1,ENDPOINT,0.0,1.0,4.0,0.0,1.6,0.65,False
LPT-12408.corp.local,HOST,0,NONE,0.0,0.0,0.0,0.0,0.0,0.5,False
LPT-12752,HOST,0,NONE,0.0,1.0,0.0,0.0,0.4,0.5,False
WS-10711,HOST,0,NONE,0.0,1.0,2.0,0.0,1.0,0.5,False
WS-10004.corp.local,HOST,0,NONE,0.0,1.0,0.0,0.0,0.4,0.5,False
lpt-12747,HOST,0,NONE,0.0,0.0,0.0,0.0,0.0,0.5,False
WS-11562,HOST,1,ENDPOINT,0.0,1.0,5.0,0.0,1.9,0.65,False
VDR-11087,HOST,0,NONE,0.0,0.0,1.0,0.0,0.3,0.5,False
WS-12929,HOST,1,FIREWALL_DENY,0.0,3.0,1.0,0.0,1.5,0.65,False
WS_12512,HOST,0,NONE,0.0,1.0,0.0,0.0,0.4,0.5,False
WS_11308,HOST,0,NONE,0.0,0.0,0.0,0.0,0.0,0.5,False
LPT-12779,HOST,0,NONE,0.0,2.0,1.0,0.0,1.1,0.5,False
VDR-12113,HOST,0,NONE,0.0,0.0,0.0,0.0,0.0,0.5,False
WS-11686,HOST,0,NONE,0.0,2.0,2.0,0.0,1.4,0.5,False
VDR-10093,HOST,0,NONE,0.0,1.0,2.0,0.0,1.0,0.5,False
LPT-10709,HOST,0,NONE,0.0,2.0,2.0,0.0,1.4,0.5,False
WS-11497,HOST,0,NONE,0.0,1.0,2.0,0.0,1.0,0.5,False
VDR_10016,HOST,0,NONE,0.0,0.0,0.0,0.0,0.0,0.5,False
VDR_12784,HOST,0,NONE,0.0,1.0,0.0,0.0,0.4,0.5,False
lpt-12249,HOST,0,NONE,0.0,0.0,0.0,0.0,0.0,0.5,False
lpt-11105,HOST,0,NONE,0.0,0.0,0.0,0.0,0.0,0.5,False
vdr-12525,HOST,0,NONE,0.0,1.0,0.0,0.0,0.4,0.5,False
WS_11533,HOST,0,NONE,0.0,0.0,0.0,0.0,0.0,0.5,False
VDR-11152.corp.local,HOST,0,NONE,0.0,1.0,0.0,0.0,0.4,0.5,False
WS_12385,HOST,0,NONE,0.0,0.0,0.0,0.0,0.0,0.5,False
WS-10376,HOST,0,NONE,0.0,2.0,1.0,0.0,1.1,0.5,False
VDR-12997,HOST,0,NONE,0.0,1.0,0.0,0.0,0.4,0.5,False
ws-12041,HOST,0,NONE,0.0,1.0,0.0,0.0,0.4,0.5,False
VDR-11339.corp.local,HOST,0,NONE,0.0,1.0,0.0,0.0,0.4,0.5,False
WS-10817,HOST,1,ENDPOINT,0.0,0.0,4.0,0.0,1.2,0.65,False
WS-12686.,HOST,0,NONE,0.0,0.0,0.0,0.0,0.0,0.5,False
WS-10530.corp.local,HOST,0,NONE,0.0,1.0,0.0,0.0,0.4,0.5,False
WS_12018,HOST,0,NONE,0.0,1.0,0.0,0.0,0.4,0.5,False
VDR-10923,HOST,0,NONE,0.0,1.0,1.0,0.0,0.7,0.5,False
VDR-11199,HOST,1,ENDPOINT,0.0,0.0,3.0,0.0,0.9,0.65,False
vdr-12342,HOST,0,NONE,0.0,0.0,0.0,0.0,0.0,0.5,False
ws-12802,HOST,0,NONE,0.0,0.0,0.0,0.0,0.0,0.5,False
VDR-12123,HOST,2,FIREWALL_DENY|ENDPOINT,0.0,4.0,4.0,0.0,2.8,0.8,True
WS-11819.corp.local,HOST,0,NONE,0.0,1.0,0.0,0.0,0.4,0.5,False
lpt-11060,HOST,0,NONE,0.0,0.0,0.0,0.0,0.0,0.5,False
ws-10150,HOST,0,NONE,0.0,0.0,0.0,0.0,0.0,0.5,False
LPT_12300,HOST,0,NONE,0.0,1.0,0.0,0.0,0.4,0.5,False
VDR-10983.corp.local,HOST,0,NONE,0.0,1.0,0.0,0.0,0.4,0.5,False
WS_11080,HOST,0,NONE,0.0,1.0,0.0,0.0,0.4,0.5,False
LPT-12521,HOST,1,ENDPOINT,0.0,2.0,4.0,0.0,2.0,0.65,False
LPT-11146,HOST,0,NONE,0.0,0.0,1.0,0.0,0.3,0.5,False
vdr-12880,HOST,0,NONE,0.0,0.0,0.0,0.0,0.0,0.5,False
lpt-10403,HOST,0,NONE,0.0,1.0,0.0,0.0,0.4,0.5,False
WS-10766,HOST,1,ENDPOINT,0.0,1.0,4.0,0.0,1.6,0.65,False
LPT-11584,HOST,1,FIREWALL_DENY,0.0,3.0,2.0,0.0,1.8,0.65,False
LPT-10483.corp.local,HOST,0,NONE,0.0,0.0,0.0,0.0,0.0,0.5,False
VDR-11946,HOST,0,NONE,0.0,2.0,1.0,0.0,1.1,0.5,False
WS-12434,HOST,0,NONE,0.0,2.0,0.0,0.0,0.8,0.5,False
vdr-11647,HOST,0,NONE,0.0,0.0,0.0,0.0,0.0,0.5,False
LPT-11763,HOST,1,FIREWALL_DENY,0.0,3.0,1.0,0.0,1.5,0.65,False
WS-12548,HOST,0,NONE,0.0,0.0,0.0,0.0,0.0,0.5,False
vdr-10611,HOST,0,NONE,0.0,0.0,0.0,0.0,0.0,0.5,False
WS-12553.corp.local,HOST,0,NONE,0.0,0.0,0.0,0.0,0.0,0.5,False
LPT-12381,HOST,0,NONE,0.0,0.0,1.0,0.0,0.3,0.5,False
VDR-10164,HOST,0,NONE,0.0,0.0,2.0,0.0,0.6,0.5,False
VDR-10975.corp.local,HOST,0,NONE,0.0,1.0,0.0,0.0,0.4,0.5,False
WS-12244.corp.local,HOST,0,NONE,0.0,0.0,0.0,0.0,0.0,0.5,False
LPT-10092,HOST,1,ENDPOINT,0.0,2.0,3.0,0.0,1.7,0.65,False
vdr-12804,HOST,0,NONE,0.0,0.0,0.0,0.0,0.0,0.5,False
VDR_12966,HOST,0,NONE,0.0,1.0,0.0,0.0,0.4,0.5,False
VDR-11757,HOST,1,ENDPOINT,0.0,1.0,6.0,0.0,2.2,0.65,False
LPT-11937,HOST,1,ENDPOINT,0.0,1.0,5.0,0.0,1.9,0.65,False
WS-10760.corp.local,HOST,0,NONE,0.0,0.0,0.0,0.0,0.0,0.5,False
LPT_11649,HOST,0,NONE,0.0,0.0,0.0,0.0,0.0,0.5,False
ws-10009,HOST,0,NONE,0.0,0.0,0.0,0.0,0.0,0.5,False
VDR-11061,HOST,1,ENDPOINT,0.0,1.0,6.0,0.0,2.2,0.65,False
LPT-12690.corp.local,HOST,0,NONE,0.0,0.0,0.0,0.0,0.0,0.5,False
VDR-12896,HOST,0,NONE,0.0,1.0,2.0,0.0,1.0,0.5,False
VDR-10638.corp.local,HOST,0,NONE,0.0,0.0,0.0,0.0,0.0,0.5,False
LPT-12069.corp.local,HOST,0,NONE,0.0,0.0,0.0,0.0,0.0,0.5,False
vdr-10044,HOST,0,NONE,0.0,2.0,0.0,0.0,0.8,0.5,False
vdr-12463,HOST,0,NONE,0.0,0.0,0.0,0.0,0.0,0.5,False
VDR-10906.corp.local,HOST,0,NONE,0.0,1.0,0.0,0.0,0.4,0.5,False
VDR-12017.corp.local,HOST,0,NONE,0.0,1.0,0.0,0.0,0.4,0.5,False
WS-12895,HOST,0,NONE,0.0,1.0,2.0,0.0,1.0,0.5,False
VDR-11921.corp.local,HOST,0,NONE,0.0,0.0,0.0,0.0,0.0,0.5,False
vdr-11100,HOST,0,NONE,0.0,0.0,0.0,0.0,0.0,0.5,False
vdr-12193,HOST,0,NONE,0.0,0.0,0.0,0.0,0.0,0.5,False
WS-11287,HOST,0,NONE,0.0,1.0,2.0,0.0,1.0,0.5,False
WS-11397.corp.local,HOST,0,NONE,0.0,0.0,0.0,0.0,0.0,0.5,False
lpt-11786,HOST,0,NONE,0.0,0.0,0.0,0.0,0.0,0.5,False
LPT-12007,HOST,1,ENDPOINT,0.0,0.0,4.0,0.0,1.2,0.65,False
ws-10266,HOST,0,NONE,0.0,0.0,0.0,0.0,0.0,0.5,False
LPT-12229,HOST,2,FIREWALL_DENY|ENDPOINT,0.0,3.0,3.0,0.0,2.1,0.8,True
LPT-11857,HOST,1,ENDPOINT,0.0,0.0,6.0,0.0,1.8,0.65,False
LPT_11637,HOST,0,NONE,0.0,0.0,0.0,0.0,0.0,0.5,False
WS-11486,HOST,0,NONE,0.0,0.0,2.0,0.0,0.6,0.5,False
lpt-11904,HOST,0,NONE,0.0,0.0,0.0,0.0,0.0,0.5,False
lpt-10567,HOST,0,NONE,0.0,0.0,0.0,0.0,0.0,0.5,False
vdr-10380,HOST,0,NONE,0.0,0.0,0.0,0.0,0.0,0.5,False
LPT-12721,HOST,0,NONE,0.0,1.0,2.0,0.0,1.0,0.5,False
WS-11261,HOST,0,NONE,0.0,1.0,1.0,0.0,0.7,0.5,False
VDR-10138,HOST,1,FIREWALL_DENY,0.0,3.0,1.0,0.0,1.5,0.65,False
VDR-10791.corp.local,HOST,0,NONE,0.0,0.0,0.0,0.0,0.0,0.5,False
vdr-10031,HOST,0,NONE,0.0,0.0,0.0,0.0,0.0,0.5,False
WS_12581,HOST,0,NONE,0.0,1.0,0.0,0.0,0.4,0.5,False
WS_12902,HOST,0,NONE,0.0,0.0,0.0,0.0,0.0,0.5,False
VDR-10902,HOST,2,FIREWALL_DENY|ENDPOINT,0.0,3.0,3.0,0.0,2.1,0.8,True
lpt-12049,HOST,0,NONE,0.0,0.0,0.0,0.0,0.0,0.5,False
ws-11435,HOST,0,NONE,0.0,1.0,0.0,0.0,0.4,0.5,False
VDR-10600,HOST,1,ENDPOINT,0.0,1.0,4.0,0.0,1.6,0.65,False
ws-12035,HOST,0,NONE,0.0,0.0,0.0,0.0,0.0,0.5,False
ws-12164,HOST,0,NONE,0.0,0.0,0.0,0.0,0.0,0.5,False
LPT-12060.corp.local,HOST,0,NONE,0.0,1.0,0.0,0.0,0.4,0.5,False
vdr-12630,HOST,0,NONE,0.0,0.0,0.0,0.0,0.0,0.5,False
WS-11879,HOST,0,NONE,0.0,1.0,0.0,0.0,0.4,0.5,False
ws-12221,HOST,0,NONE,0.0,0.0,0.0,0.0,0.0,0.5,False
LPT-11506,HOST,1,FIREWALL_DENY,0.0,5.0,2.0,0.0,2.6,0.65,False
VDR-10899,HOST,1,ENDPOINT,0.0,2.0,4.0,0.0,2.0,0.65,False
LPT_12651,HOST,0,NONE,0.0,1.0,0.0,0.0,0.4,0.5,False
vdr-11179,HOST,0,NONE,0.0,0.0,0.0,0.0,0.0,0.5,False
LPT_10822,HOST,0,NONE,0.0,0.0,0.0,0.0,0.0,0.5,False
WS_12115,HOST,0,NONE,0.0,1.0,0.0,0.0,0.4,0.5,False
LPT-12955.corp.local,HOST,0,NONE,0.0,0.0,0.0,0.0,0.0,0.5,False
VDR-11962.corp.local,HOST,0,NONE,0.0,1.0,0.0,0.0,0.4,0.5,False
VDR-11213,HOST,0,NONE,0.0,0.0,1.0,0.0,0.3,0.5,False
LPT-10851.corp.local,HOST,0,NONE,0.0,0.0,0.0,0.0,0.0,0.5,False
VDR-10208.corp.local,HOST,0,NONE,0.0,0.0,0.0,0.0,0.0,0.5,False
VDR-12480.corp.local,HOST,0,NONE,0.0,0.0,0.0,0.0,0.0,0.5,False
WS-10969.corp.local,HOST,0,NONE,0.0,0.0,0.0,0.0,0.0,0.5,False
vdr-11490,HOST,0,NONE,0.0,1.0,0.0,0.0,0.4,0.5,False
vdr-10528,HOST,0,NONE,0.0,0.0,0.0,0.0,0.0,0.5,False
WS-12849,HOST,2,FIREWALL_DENY|ENDPOINT,0.0,4.0,4.0,0.0,2.8,0.8,True
WS-12371,HOST,1,FIREWALL_DENY,0.0,5.0,2.0,0.0,2.6,0.65,False
LPT-11148.corp.local,HOST,0,NONE,0.0,1.0,0.0,0.0,0.4,0.5,False
VDR-10857,HOST,0,NONE,0.0,1.0,0.0,0.0,0.4,0.5,False
ws-10185,HOST,0,NONE,0.0,0.0,0.0,0.0,0.0,0.5,False
vdr-10226,HOST,0,NONE,0.0,0.0,0.0,0.0,0.0,0.5,False
lpt-11184,HOST,0,NONE,0.0,0.0,0.0,0.0,0.0,0.5,False
VDR_10799,HOST,0,NONE,0.0,0.0,0.0,0.0,0.0,0.5,False
vdr-10925,HOST,0,NONE,0.0,0.0,0.0,0.0,0.0,0.5,False
WS_11972,HOST,0,NONE,0.0,0.0,0.0,0.0,0.0,0.5,False
LPT-12043,HOST,1,ENDPOINT,0.0,2.0,4.0,0.0,2.0,0.65,False
VDR_12527,HOST,0,NONE,0.0,0.0,0.0,0.0,0.0,0.5,False
VDR-11576,HOST,0,NONE,0.0,0.0,2.0,0.0,0.6,0.5,False
lpt-12691,HOST,0,NONE,0.0,1.0,0.0,0.0,0.4,0.5,False
LPT-10541,HOST,1,ENDPOINT,0.0,0.0,3.0,0.0,0.9,0.65,False
LPT_12943,HOST,0,NONE,0.0,0.0,0.0,0.0,0.0,0.5,False
LPT-11783,HOST,0,NONE,0.0,0.0,1.0,0.0,0.3,0.5,False
LPT-11288,HOST,0,NONE,0.0,2.0,2.0,0.0,1.4,0.5,False
vdr-11144,HOST,0,NONE,0.0,0.0,0.0,0.0,0.0,0.5,False
lpt-12205,HOST,0,NONE,0.0,0.0,0.0,0.0,0.0,0.5,False
WS-12537.corp.local,HOST,0,NONE,0.0,0.0,0.0,0.0,0.0,0.5,False
VDR-10328.corp.local,HOST,0,NONE,0.0,2.0,0.0,0.0,0.8,0.5,False
VDR-11771.corp.local,HOST,0,NONE,0.0,1.0,0.0,0.0,0.4,0.5,False
LPT_10551,HOST,0,NONE,0.0,0.0,0.0,0.0,0.0,0.5,False
WS_10553,HOST,0,NONE,0.0,0.0,0.0,0.0,0.0,0.5,False
VDR-11768,HOST,0,NONE,0.0,1.0,2.0,0.0,1.0,0.5,False
WS-11570,HOST,0,NONE,0.0,0.0,0.0,0.0,0.0,0.5,False
WS-12359.corp.local,HOST,0,NONE,0.0,1.0,0.0,0.0,0.4,0.5,False
ws-11463,HOST,0,NONE,0.0,0.0,0.0,0.0,0.0,0.5,False
WS_12439,HOST,0,NONE,0.0,0.0,0.0,0.0,0.0,0.5,False
WS-10829,HOST,1,ENDPOINT,0.0,2.0,3.0,0.0,1.7,0.65,False
LPT_12524,HOST,0,NONE,0.0,1.0,0.0,0.0,0.4,0.5,False
lpt-12316,HOST,0,NONE,0.0,0.0,0.0,0.0,0.0,0.5,False
WS-12571,HOST,0,NONE,0.0,2.0,1.0,0.0,1.1,0.5,False
LPT-12271.corp.local,HOST,0,NONE,0.0,0.0,0.0,0.0,0.0,0.5,False
WS-10408,HOST,1,FIREWALL_DENY,0.0,3.0,1.0,0.0,1.5,0.65,False
lpt-12641,HOST,0,NONE,0.0,1.0,0.0,0.0,0.4,0.5,False
WS-11211,HOST,1,ENDPOINT,0.0,1.0,4.0,0.0,1.6,0.65,False
LPT-11423,HOST,2,FIREWALL_DENY|ENDPOINT,0.0,4.0,3.0,0.0,2.5,0.8,True
LPT_10779,HOST,0,NONE,0.0,0.0,0.0,0.0,0.0,0.5,False
VDR-11273,HOST,0,NONE,0.0,1.0,1.0,0.0,0.7,0.5,False
VDR-12142,HOST,0,NONE,0.0,0.0,2.0,0.0,0.6,0.5,False
WS-12549.,HOST,0,NONE,0.0,0.0,0.0,0.0,0.0,0.5,False
LPT-11427.corp.local,HOST,0,NONE,0.0,0.0,0.0,0.0,0.0,0.5,False
vdr-10877,HOST,0,NONE,0.0,1.0,0.0,0.0,0.4,0.5,False
WS-10050,HOST,1,ENDPOINT,0.0,2.0,4.0,0.0,2.0,0.65,False
LPT-12298.corp.local,HOST,0,NONE,0.0,0.0,0.0,0.0,0.0,0.5,False
LPT-12381.,HOST,0,NONE,0.0,0.0,0.0,0.0,0.0,0.5,False
WS_10149,HOST,0,NONE,0.0,0.0,0.0,0.0,0.0,0.5,False
vdr-10093,HOST,0,NONE,0.0,1.0,0.0,0.0,0.4,0.5,False
VDR-12590.,HOST,0,NONE,0.0,0.0,0.0,0.0,0.0,0.5,False
VDR-12684,HOST,0,NONE,0.0,2.0,1.0,0.0,1.1,0.5,False
LPT-11902,HOST,0,NONE,0.0,0.0,2.0,0.0,0.6,0.5,False
LPT_12457,HOST,0,NONE,0.0,0.0,0.0,0.0,0.0,0.5,False
vdr-10555,HOST,0,NONE,0.0,1.0,0.0,0.0,0.4,0.5,False
LPT-10920.,HOST,0,NONE,0.0,0.0,0.0,0.0,0.0,0.5,False
LPT-12201,HOST,1,ENDPOINT,0.0,1.0,3.0,0.0,1.3,0.65,False
WS-12745,HOST,1,ENDPOINT,0.0,2.0,6.0,0.0,2.6,0.65,False
LPT-11880.corp.local,HOST,0,NONE,0.0,0.0,0.0,0.0,0.0,0.5,False
LPT-10221,HOST,0,NONE,0.0,2.0,2.0,0.0,1.4,0.5,False
VDR-11605.,HOST,0,NONE,0.0,0.0,0.0,0.0,0.0,0.5,False
ws-10828,HOST,0,NONE,0.0,1.0,0.0,0.0,0.4,0.5,False
WS-11051.corp.local,HOST,0,NONE,0.0,0.0,0.0,0.0,0.0,0.5,False
ws-11630,HOST,0,NONE,0.0,0.0,0.0,0.0,0.0,0.5,False
WS-10817.corp.local,HOST,0,NONE,0.0,0.0,0.0,0.0,0.0,0.5,False
VDR-11675,HOST,0,NONE,0.0,2.0,2.0,0.0,1.4,0.5,False
VDR-12650,HOST,0,NONE,0.0,1.0,2.0,0.0,1.0,0.5,False
vdr-11821,HOST,0,NONE,0.0,0.0,0.0,0.0,0.0,0.5,False
vdr-10330,HOST,0,NONE,0.0,0.0,0.0,0.0,0.0,0.5,False
VDR-11796.corp.local,HOST,0,NONE,0.0,0.0,0.0,0.0,0.0,0.5,False
vdr-12168,HOST,0,NONE,0.0,1.0,0.0,0.0,0.4,0.5,False
LPT-10657,HOST,0,NONE,0.0,0.0,1.0,0.0,0.3,0.5,False
vdr-10406,HOST,0,NONE,0.0,0.0,0.0,0.0,0.0,0.5,False
WS-11092,HOST,0,NONE,0.0,1.0,1.0,0.0,0.7,0.5,False
LPT_10563,HOST,0,NONE,0.0,0.0,0.0,0.0,0.0,0.5,False
VDR-12499.corp.local,HOST,0,NONE,0.0,0.0,0.0,0.0,0.0,0.5,False
vdr-10550,HOST,0,NONE,0.0,0.0,0.0,0.0,0.0,0.5,False
LPT-10055,HOST,1,ENDPOINT,0.0,2.0,3.0,0.0,1.7,0.65,False
WS-10113,HOST,0,NONE,0.0,1.0,2.0,0.0,1.0,0.5,False
ws-11698,HOST,0,NONE,0.0,1.0,0.0,0.0,0.4,0.5,False
LPT-12114.corp.local,HOST,0,NONE,0.0,0.0,0.0,0.0,0.0,0.5,False
vdr-11499,HOST,0,NONE,0.0,2.0,0.0,0.0,0.8,0.5,False
ws-11119,HOST,0,NONE,0.0,0.0,0.0,0.0,0.0,0.5,False
vdr-10310,HOST,0,NONE,0.0,1.0,0.0,0.0,0.4,0.5,False
LPT-10331,HOST,0,NONE,0.0,0.0,1.0,0.0,0.3,0.5,False
VDR_10147,HOST,0,NONE,0.0,0.0,0.0,0.0,0.0,0.5,False
LPT-12349.corp.local,HOST,0,NONE,0.0,0.0,0.0,0.0,0.0,0.5,False
LPT-12600.,HOST,0,NONE,0.0,0.0,0.0,0.0,0.0,0.5,False
WS-12870.corp.local,HOST,0,NONE,0.0,0.0,0.0,0.0,0.0,0.5,False
LPT_11640,HOST,0,NONE,0.0,0.0,0.0,0.0,0.0,0.5,False
WS-10272,HOST,1,ENDPOINT,0.0,2.0,4.0,0.0,2.0,0.65,False
VDR_12187,HOST,0,NONE,0.0,0.0,0.0,0.0,0.0,0.5,False
vdr-10466,HOST,0,NONE,0.0,0.0,0.0,0.0,0.0,0.5,False
VDR-11817,HOST,2,FIREWALL_DENY|ENDPOINT,0.0,3.0,4.0,0.0,2.4,0.8,True
WS-10453.corp.local,HOST,0,NONE,0.0,0.0,0.0,0.0,0.0,0.5,False
vdr-11537,HOST,0,NONE,0.0,0.0,0.0,0.0,0.0,0.5,False
LPT-10840,HOST,0,NONE,0.0,2.0,1.0,0.0,1.1,0.5,False
vdr-12734,HOST,0,NONE,0.0,0.0,0.0,0.0,0.0,0.5,False
LPT-12817,HOST,2,FIREWALL_DENY|ENDPOINT,0.0,4.0,3.0,0.0,2.5,0.8,True
WS-12195,HOST,1,ENDPOINT,0.0,1.0,3.0,0.0,1.3,0.65,False
WS_11648,HOST,0,NONE,0.0,0.0,0.0,0.0,0.0,0.5,False
VDR-12688,HOST,0,NONE,0.0,0.0,1.0,0.0,0.3,0.5,False
VDR-10474,HOST,0,NONE,0.0,2.0,2.0,0.0,1.4,0.5,False
LPT-11554.corp.local,HOST,0,NONE,0.0,0.0,0.0,0.0,0.0,0.5,False
lpt-11399,HOST,0,NONE,0.0,0.0,0.0,0.0,0.0,0.5,False
lpt-12132,HOST,0,NONE,0.0,0.0,0.0,0.0,0.0,0.5,False
WS_10139,HOST,0,NONE,0.0,0.0,0.0,0.0,0.0,0.5,False
VDR-11147,HOST,0,NONE,0.0,1.0,1.0,0.0,0.7,0.5,False
LPT-11027,HOST,1,FIREWALL_DENY,0.0,3.0,2.0,0.0,1.8,0.65,False
WS-10573,HOST,0,NONE,0.0,2.0,2.0,0.0,1.4,0.5,False
LPT-11663,HOST,0,NONE,0.0,0.0,2.0,0.0,0.6,0.5,False
VDR-12137,HOST,0,NONE,0.0,0.0,2.0,0.0,0.6,0.5,False
vdr-10138,HOST,0,NONE,0.0,0.0,0.0,0.0,0.0,0.5,False
WS-12344.corp.local,HOST,0,NONE,0.0,2.0,0.0,0.0,0.8,0.5,False
LPT_11501,HOST,0,NONE,0.0,0.0,0.0,0.0,0.0,0.5,False
ws-11719,HOST,0,NONE,0.0,0.0,0.0,0.0,0.0,0.5,False
WS-12546,HOST,2,FIREWALL_DENY|ENDPOINT,0.0,3.0,3.0,0.0,2.1,0.8,True
LPT-11162.corp.local,HOST,0,NONE,0.0,0.0,0.0,0.0,0.0,0.5,False
LPT-12316,HOST,1,ENDPOINT,0.0,0.0,5.0,0.0,1.5,0.65,False
LPT_12792,HOST,0,NONE,0.0,0.0,0.0,0.0,0.0,0.5,False
WS-10572.corp.local,HOST,0,NONE,0.0,0.0,0.0,0.0,0.0,0.5,False
lpt-12240,HOST,0,NONE,0.0,0.0,0.0,0.0,0.0,0.5,False
ws-11975,HOST,0,NONE,0.0,0.0,0.0,0.0,0.0,0.5,False
vdr-10053,HOST,0,NONE,0.0,0.0,0.0,0.0,0.0,0.5,False
vdr-11927,HOST,0,NONE,0.0,0.0,0.0,0.0,0.0,0.5,False
LPT-10097,HOST,1,ENDPOINT,0.0,1.0,4.0,0.0,1.6,0.65,False
WS-11044.corp.local,HOST,0,NONE,0.0,0.0,0.0,0.0,0.0,0.5,False
VDR_12153,HOST,0,NONE,0.0,0.0,0.0,0.0,0.0,0.5,False
LPT-11678,HOST,1,ENDPOINT,0.0,0.0,5.0,0.0,1.5,0.65,False
VDR-12269,HOST,1,FIREWALL_DENY,0.0,3.0,1.0,0.0,1.5,0.65,False
vdr-12200,HOST,0,NONE,0.0,2.0,0.0,0.0,0.8,0.5,False
VDR-12979,HOST,1,ENDPOINT,0.0,1.0,5.0,0.0,1.9,0.65,False
VDR-12577.,HOST,0,NONE,0.0,0.0,0.0,0.0,0.0,0.5,False
LPT_11335,HOST,0,NONE,0.0,0.0,0.0,0.0,0.0,0.5,False
VDR-12983.corp.local,HOST,0,NONE,0.0,0.0,0.0,0.0,0.0,0.5,False
vdr-11588,HOST,0,NONE,0.0,1.0,0.0,0.0,0.4,0.5,False
WS-12165,HOST,0,NONE,0.0,0.0,2.0,0.0,0.6,0.5,False
WS-11380.corp.local,HOST,0,NONE,0.0,1.0,0.0,0.0,0.4,0.5,False
VDR-11099.corp.local,HOST,0,NONE,0.0,0.0,0.0,0.0,0.0,0.5,False
WS-10871,HOST,1,FIREWALL_DENY,0.0,3.0,1.0,0.0,1.5,0.65,False
VDR-12646.corp.local,HOST,0,NONE,0.0,0.0,0.0,0.0,0.0,0.5,False
VDR_11585,HOST,0,NONE,0.0,0.0,0.0,0.0,0.0,0.5,False
WS-10828.corp.local,HOST,0,NONE,0.0,0.0,0.0,0.0,0.0,0.5,False
WS-10507,HOST,1,FIREWALL_DENY,0.0,3.0,1.0,0.0,1.5,0.65,False
LPT-12068,HOST,0,NONE,0.0,0.0,1.0,0.0,0.3,0.5,False
WS_10781,HOST,0,NONE,0.0,0.0,0.0,0.0,0.0,0.5,False
ws-12660,HOST,0,NONE,0.0,0.0,0.0,0.0,0.0,0.5,False
VDR-10900.corp.local,HOST,0,NONE,0.0,0.0,0.0,0.0,0.0,0.5,False
vdr-10167,HOST,0,NONE,0.0,2.0,0.0,0.0,0.8,0.5,False
LPT_10013,HOST,0,NONE,0.0,0.0,0.0,0.0,0.0,0.5,False
VDR-11306.corp.local,HOST,0,NONE,0.0,1.0,0.0,0.0,0.4,0.5,False
VDR-12277,HOST,1,ENDPOINT,0.0,0.0,5.0,0.0,1.5,0.65,False
vdr-12750,HOST,0,NONE,0.0,1.0,0.0,0.0,0.4,0.5,False
VDR-10576.corp.local,HOST,0,NONE,0.0,0.0,0.0,0.0,0.0,0.5,False
vdr-10247,HOST,0,NONE,0.0,0.0,0.0,0.0,0.0,0.5,False
LPT-11484.corp.local,HOST,0,NONE,0.0,0.0,0.0,0.0,0.0,0.5,False
LPT-11158,HOST,1,ENDPOINT,0.0,0.0,3.0,0.0,0.9,0.65,False
LPT-11609,HOST,0,NONE,0.0,0.0,0.0,0.0,0.0,0.5,False
lpt-10904,HOST,0,NONE,0.0,0.0,0.0,0.0,0.0,0.5,False
ws-12478,HOST,0,NONE,0.0,0.0,0.0,0.0,0.0,0.5,False
LPT-11023,HOST,1,FIREWALL_DENY,0.0,3.0,1.0,0.0,1.5,0.65,False
VDR_11669,HOST,0,NONE,0.0,0.0,0.0,0.0,0.0,0.5,False
WS-12713,HOST,0,NONE,0.0,1.0,1.0,0.0,0.7,0.5,False
WS-10794.corp.local,HOST,0,NONE,0.0,0.0,0.0,0.0,0.0,0.5,False
VDR-11603,HOST,0,NONE,0.0,1.0,1.0,0.0,0.7,0.5,False
ws-11053,HOST,0,NONE,0.0,0.0,0.0,0.0,0.0,0.5,False
VDR-10093.,HOST,0,NONE,0.0,0.0,0.0,0.0,0.0,0.5,False
LPT_12603,HOST,0,NONE,0.0,0.0,0.0,0.0,0.0,0.5,False
lpt-11048,HOST,0,NONE,0.0,0.0,0.0,0.0,0.0,0.5,False
WS-12461,HOST,1,FIREWALL_DENY,0.0,3.0,2.0,0.0,1.8,0.65,False
vdr-11922,HOST,0,NONE,0.0,0.0,0.0,0.0,0.0,0.5,False
vdr-11712,HOST,0,NONE,0.0,0.0,0.0,0.0,0.0,0.5,False
WS_11358,HOST,0,NONE,0.0,0.0,0.0,0.0,0.0,0.5,False
LPT-12424.corp.local,HOST,0,NONE,0.0,0.0,0.0,0.0,0.0,0.5,False
VDR-12095.corp.local,HOST,0,NONE,0.0,0.0,0.0,0.0,0.0,0.5,False
LPT-12645,HOST,0,NONE,0.0,1.0,2.0,0.0,1.0,0.5,False
VDR-12844,HOST,0,NONE,0.0,1.0,2.0,0.0,1.0,0.5,False
WS-10156,HOST,1,ENDPOINT,0.0,1.0,6.0,0.0,2.2,0.65,False
vdr-10757,HOST,0,NONE,0.0,0.0,0.0,0.0,0.0,0.5,False
LPT-10575.,HOST,0,NONE,0.0,0.0,0.0,0.0,0.0,0.5,False
lpt-11692,HOST,0,NONE,0.0,0.0,0.0,0.0,0.0,0.5,False
WS-11521,HOST,0,NONE,0.0,2.0,1.0,0.0,1.1,0.5,False
lpt-10125,HOST,0,NONE,0.0,0.0,0.0,0.0,0.0,0.5,False
lpt-12427,HOST,0,NONE,0.0,0.0,0.0,0.0,0.0,0.5,False
VDR-11264,HOST,1,FIREWALL_DENY,0.0,3.0,0.0,0.0,1.2,0.65,False
WS-11037,HOST,0,NONE,0.0,1.0,2.0,0.0,1.0,0.5,False
ws-10332,HOST,0,NONE,0.0,0.0,0.0,0.0,0.0,0.5,False
WS-10450,HOST,1,FIREWALL_DENY,0.0,4.0,1.0,0.0,1.9,0.65,False
ws-11828,HOST,0,NONE,0.0,1.0,0.0,0.0,0.4,0.5,False
lpt-10127,HOST,0,NONE,0.0,1.0,0.0,0.0,0.4,0.5,False
VDR-10282,HOST,0,NONE,0.0,2.0,1.0,0.0,1.1,0.5,False
WS-10338,HOST,0,NONE,0.0,2.0,1.0,0.0,1.1,0.5,False
LPT-11824,HOST,2,FIREWALL_DENY|ENDPOINT,0.0,3.0,4.0,0.0,2.4,0.8,True
VDR-11420,HOST,1,ENDPOINT,0.0,2.0,4.0,0.0,2.0,0.65,False
WS-11198.corp.local,HOST,0,NONE,0.0,0.0,0.0,0.0,0.0,0.5,False
LPT-10775,HOST,0,NONE,0.0,0.0,2.0,0.0,0.6,0.5,False
WS-12409,HOST,1,ENDPOINT,0.0,1.0,7.0,0.0,2.5,0.65,False
WS-12224,HOST,0,NONE,0.0,1.0,2.0,0.0,1.0,0.5,False
VDR-12837,HOST,0,NONE,0.0,2.0,1.0,0.0,1.1,0.5,False
WS-10911.corp.local,HOST,0,NONE,0.0,0.0,0.0,0.0,0.0,0.5,False
WS-12596.corp.local,HOST,0,NONE,0.0,0.0,0.0,0.0,0.0,0.5,False
LPT-11425,HOST,0,NONE,0.0,0.0,1.0,0.0,0.3,0.5,False
WS-11216,HOST,0,NONE,0.0,0.0,0.0,0.0,0.0,0.5,False
WS-10090,HOST,1,ENDPOINT,0.0,0.0,4.0,0.0,1.2,0.65,False
WS-10261,HOST,1,ENDPOINT,0.0,0.0,3.0,0.0,0.9,0.65,False
LPT-12171.corp.local,HOST,0,NONE,0.0,1.0,0.0,0.0,0.4,0.5,False
WS_10407,HOST,0,NONE,0.0,0.0,0.0,0.0,0.0,0.5,False
VDR-12042,HOST,0,NONE,0.0,1.0,2.0,0.0,1.0,0.5,False
WS-12677,HOST,1,ENDPOINT,0.0,2.0,8.0,0.0,3.2,0.65,False
LPT-11326,HOST,0,NONE,0.0,2.0,1.0,0.0,1.1,0.5,False
lpt-11131,HOST,0,NONE,0.0,0.0,0.0,0.0,0.0,0.5,False
VDR-12971.corp.local,HOST,0,NONE,0.0,0.0,0.0,0.0,0.0,0.5,False
VDR-11921,HOST,1,ENDPOINT,0.0,2.0,5.0,0.0,2.3,0.65,False
LPT-12088.corp.local,HOST,0,NONE,0.0,0.0,0.0,0.0,0.0,0.5,False
WS_11348,HOST,0,NONE,0.0,0.0,0.0,0.0,0.0,0.5,False
WS_12671,HOST,0,NONE,0.0,0.0,0.0,0.0,0.0,0.5,False
VDR-10247.,HOST,0,NONE,0.0,0.0,0.0,0.0,0.0,0.5,False
vdr-12411,HOST,0,NONE,0.0,0.0,0.0,0.0,0.0,0.5,False
vdr-11608,HOST,0,NONE,0.0,0.0,0.0,0.0,0.0,0.5,False
vdr-12580,HOST,0,NONE,0.0,0.0,0.0,0.0,0.0,0.5,False
LPT_12772,HOST,0,NONE,0.0,1.0,0.0,0.0,0.4,0.5,False
LPT-11446,HOST,0,NONE,0.0,1.0,2.0,0.0,1.0,0.5,False
WS-12037,HOST,0,NONE,0.0,0.0,2.0,0.0,0.6,0.5,False
ws-10546,HOST,0,NONE,0.0,0.0,0.0,0.0,0.0,0.5,False
ws-11708,HOST,0,NONE,0.0,0.0,0.0,0.0,0.0,0.5,False
WS-12041,HOST,1,ENDPOINT,0.0,1.0,3.0,0.0,1.3,0.65,False
LPT-10883,HOST,1,ENDPOINT,0.0,0.0,4.0,0.0,1.2,0.65,False
LPT-12475,HOST,1,ENDPOINT,0.0,0.0,3.0,0.0,0.9,0.65,False
lpt-12083,HOST,0,NONE,0.0,1.0,0.0,0.0,0.4,0.5,False
WS_12365,HOST,0,NONE,0.0,0.0,0.0,0.0,0.0,0.5,False
VDR-10664,HOST,0,NONE,0.0,2.0,2.0,0.0,1.4,0.5,False
VDR-11702.corp.local,HOST,0,NONE,0.0,0.0,0.0,0.0,0.0,0.5,False
vdr-10485,HOST,0,NONE,0.0,0.0,0.0,0.0,0.0,0.5,False
WS_10512,HOST,0,NONE,0.0,0.0,0.0,0.0,0.0,0.5,False
lpt-11926,HOST,0,NONE,0.0,1.0,0.0,0.0,0.4,0.5,False
VDR-11264.corp.local,HOST,0,NONE,0.0,0.0,0.0,0.0,0.0,0.5,False
lpt-12539,HOST,0,NONE,0.0,1.0,0.0,0.0,0.4,0.5,False
LPT-12780,HOST,1,ENDPOINT,0.0,1.0,4.0,0.0,1.6,0.65,False
WS_10014,HOST,0,NONE,0.0,1.0,0.0,0.0,0.4,0.5,False
WS-12561,HOST,1,ENDPOINT,0.0,2.0,4.0,0.0,2.0,0.65,False
WS-11548,HOST,1,ENDPOINT,0.0,2.0,3.0,0.0,1.7,0.65,False
WS-10552,HOST,0,NONE,0.0,0.0,1.0,0.0,0.3,0.5,False
LPT-10881,HOST,1,ENDPOINT,0.0,1.0,4.0,0.0,1.6,0.65,False
vdr-11392,HOST,0,NONE,0.0,0.0,0.0,0.0,0.0,0.5,False
LPT-12377.corp.local,HOST,0,NONE,0.0,0.0,0.0,0.0,0.0,0.5,False
VDR_10361,HOST,0,NONE,0.0,0.0,0.0,0.0,0.0,0.5,False
VDR-11344.corp.local,HOST,0,NONE,0.0,0.0,0.0,0.0,0.0,0.5,False
VDR-11081.corp.local,HOST,0,NONE,0.0,0.0,0.0,0.0,0.0,0.5,False
LPT-10811,HOST,2,FIREWALL_DENY|ENDPOINT,0.0,3.0,4.0,0.0,2.4,0.8,True
LPT-10383,HOST,1,ENDPOINT,0.0,2.0,3.0,0.0,1.7,0.65,False
VDR-12958.corp.local,HOST,0,NONE,0.0,1.0,0.0,0.0,0.4,0.5,False
VDR-10012,HOST,1,ENDPOINT,0.0,0.0,4.0,0.0,1.2,0.65,False
WS_10070,HOST,0,NONE,0.0,0.0,0.0,0.0,0.0,0.5,False
vdr-11090,HOST,0,NONE,0.0,0.0,0.0,0.0,0.0,0.5,False
WS-10696,HOST,2,FIREWALL_DENY|ENDPOINT,0.0,3.0,6.0,0.0,3.0,0.8,True
ws-12845,HOST,0,NONE,0.0,0.0,0.0,0.0,0.0,0.5,False
VDR-10167,HOST,1,FIREWALL_DENY,0.0,3.0,1.0,0.0,1.5,0.65,False
VDR-10674,HOST,1,ENDPOINT,0.0,1.0,4.0,0.0,1.6,0.65,False
VDR-11210,HOST,1,ENDPOINT,0.0,2.0,7.0,0.0,2.9,0.65,False
VDR-10005.corp.local,HOST,0,NONE,0.0,0.0,0.0,0.0,0.0,0.5,False
VDR-10673.corp.local,HOST,0,NONE,0.0,0.0,0.0,0.0,0.0,0.5,False
VDR_12404,HOST,0,NONE,0.0,0.0,0.0,0.0,0.0,0.5,False
LPT-11480.corp.local,HOST,0,NONE,0.0,0.0,0.0,0.0,0.0,0.5,False
VDR-11363,HOST,1,ENDPOINT,0.0,2.0,3.0,0.0,1.7,0.65,False
vdr-10977,HOST,0,NONE,0.0,0.0,0.0,0.0,0.0,0.5,False
VDR-11954,HOST,2,FIREWALL_DENY|ENDPOINT,0.0,4.0,3.0,0.0,2.5,0.8,True
vdr-12235,HOST,0,NONE,0.0,0.0,0.0,0.0,0.0,0.5,False
VDR-12500,HOST,0,NONE,0.0,1.0,1.0,0.0,0.7,0.5,False
lpt-10223,HOST,0,NONE,0.0,0.0,0.0,0.0,0.0,0.5,False
LPT-11970,HOST,2,FIREWALL_DENY|ENDPOINT,0.0,5.0,3.0,0.0,2.9,0.8,True
ws-10445,HOST,0,NONE,0.0,0.0,0.0,0.0,0.0,0.5,False
lpt-10669,HOST,0,NONE,0.0,0.0,0.0,0.0,0.0,0.5,False
lpt-11683,HOST,0,NONE,0.0,0.0,0.0,0.0,0.0,0.5,False
LPT-10382,HOST,0,NONE,0.0,2.0,2.0,0.0,1.4,0.5,False
WS-11738.corp.local,HOST,0,NONE,0.0,0.0,0.0,0.0,0.0,0.5,False
VDR_11650,HOST,0,NONE,0.0,0.0,0.0,0.0,0.0,0.5,False
WS_10367,HOST,0,NONE,0.0,0.0,0.0,0.0,0.0,0.5,False
WS-12822,HOST,1,FIREWALL_DENY,0.0,3.0,2.0,0.0,1.8,0.65,False
VDR-11316,HOST,1,ENDPOINT,0.0,2.0,4.0,0.0,2.0,0.65,False
lpt-10705,HOST,0,NONE,0.0,1.0,0.0,0.0,0.4,0.5,False
LPT-11875.corp.local,HOST,0,NONE,0.0,0.0,0.0,0.0,0.0,0.5,False
VDR-10542,HOST,1,ENDPOINT,0.0,2.0,4.0,0.0,2.0,0.65,False
lpt-11202,HOST,0,NONE,0.0,1.0,0.0,0.0,0.4,0.5,False
LPT-11005.corp.local,HOST,0,NONE,0.0,0.0,0.0,0.0,0.0,0.5,False
VDR-12353.corp.local,HOST,0,NONE,0.0,1.0,0.0,0.0,0.4,0.5,False
LPT-10950,HOST,1,ENDPOINT,0.0,2.0,3.0,0.0,1.7,0.65,False
VDR_11412,HOST,0,NONE,0.0,0.0,0.0,0.0,0.0,0.5,False
ws-12680,HOST,0,NONE,0.0,0.0,0.0,0.0,0.0,0.5,False
VDR_12338,HOST,0,NONE,0.0,0.0,0.0,0.0,0.0,0.5,False
vdr-11527,HOST,0,NONE,0.0,0.0,0.0,0.0,0.0,0.5,False
lpt-12105,HOST,0,NONE,0.0,0.0,0.0,0.0,0.0,0.5,False
LPT-11640,HOST,0,NONE,0.0,1.0,0.0,0.0,0.4,0.5,False
WS-11352,HOST,1,ENDPOINT,0.0,0.0,4.0,0.0,1.2,0.65,False
lpt-10418,HOST,0,NONE,0.0,1.0,0.0,0.0,0.4,0.5,False
LPT-12000,HOST,0,NONE,0.0,1.0,2.0,0.0,1.0,0.5,False
VDR-11861,HOST,0,NONE,0.0,0.0,1.0,0.0,0.3,0.5,False
WS-10148,HOST,1,ENDPOINT,0.0,1.0,3.0,0.0,1.3,0.65,False
WS-12679,HOST,0,NONE,0.0,1.0,2.0,0.0,1.0,0.5,False
VDR-12251.corp.local,HOST,0,NONE,0.0,0.0,0.0,0.0,0.0,0.5,False
LPT_11208,HOST,0,NONE,0.0,0.0,0.0,0.0,0.0,0.5,False
LPT-10416,HOST,0,NONE,0.0,2.0,2.0,0.0,1.4,0.5,False
LPT-12275.corp.local,HOST,0,NONE,0.0,1.0,0.0,0.0,0.4,0.5,False
WS-11141,HOST,1,ENDPOINT,0.0,1.0,4.0,0.0,1.6,0.65,False
VDR-10348,HOST,1,FIREWALL_DENY,0.0,3.0,2.0,0.0,1.8,0.65,False
VDR-12646,HOST,1,ENDPOINT,0.0,1.0,4.0,0.0,1.6,0.65,False
WS-10681.corp.local,HOST,0,NONE,0.0,0.0,0.0,0.0,0.0,0.5,False
WS-11894,HOST,1,ENDPOINT,0.0,1.0,4.0,0.0,1.6,0.65,False
VDR-11731.corp.local,HOST,0,NONE,0.0,0.0,0.0,0.0,0.0,0.5,False
LPT-10904.corp.local,HOST,0,NONE,0.0,0.0,0.0,0.0,0.0,0.5,False
LPT-10001.,HOST,0,NONE,0.0,0.0,0.0,0.0,0.0,0.5,False
VDR-10833.,HOST,0,NONE,0.0,0.0,0.0,0.0,0.0,0.5,False
ws-11464,HOST,0,NONE,0.0,1.0,0.0,0.0,0.4,0.5,False
vdr-12150,HOST,0,NONE,0.0,0.0,0.0,0.0,0.0,0.5,False
VDR-12893,HOST,2,FIREWALL_DENY|ENDPOINT,0.0,3.0,3.0,0.0,2.1,0.8,True
VDR_10354,HOST,0,NONE,0.0,1.0,0.0,0.0,0.4,0.5,False
WS-11502,HOST,0,NONE,0.0,1.0,2.0,0.0,1.0,0.5,False
WS-12637,HOST,0,NONE,0.0,2.0,2.0,0.0,1.4,0.5,False
WS-10870,HOST,1,ENDPOINT,0.0,1.0,3.0,0.0,1.3,0.65,False
ws-10043,HOST,0,NONE,0.0,0.0,0.0,0.0,0.0,0.5,False
WS-10111.corp.local,HOST,0,NONE,0.0,0.0,0.0,0.0,0.0,0.5,False
VDR-10759,HOST,1,FIREWALL_DENY,0.0,3.0,1.0,0.0,1.5,0.65,False
LPT-11837,HOST,0,NONE,0.0,1.0,1.0,0.0,0.7,0.5,False
VDR-10354.corp.local,HOST,0,NONE,0.0,1.0,0.0,0.0,0.4,0.5,False
WS-12834,HOST,0,NONE,0.0,1.0,1.0,0.0,0.7,0.5,False
VDR-11596,HOST,1,FIREWALL_DENY,0.0,3.0,1.0,0.0,1.5,0.65,False
LPT-11664.corp.local,HOST,0,NONE,0.0,0.0,0.0,0.0,0.0,0.5,False
WS_10994,HOST,0,NONE,0.0,0.0,0.0,0.0,0.0,0.5,False
VDR-10919,HOST,0,NONE,0.0,0.0,1.0,0.0,0.3,0.5,False
lpt-11161,HOST,0,NONE,0.0,0.0,0.0,0.0,0.0,0.5,False
ws-11126,HOST,0,NONE,0.0,0.0,0.0,0.0,0.0,0.5,False
LPT-10671,HOST,1,ENDPOINT,0.0,2.0,4.0,0.0,2.0,0.65,False
LPT_10797,HOST,0,NONE,0.0,0.0,0.0,0.0,0.0,0.5,False
lpt-12617,HOST,0,NONE,0.0,1.0,0.0,0.0,0.4,0.5,False
vdr-12836,HOST,0,NONE,0.0,0.0,0.0,0.0,0.0,0.5,False
ws-10974,HOST,0,NONE,0.0,0.0,0.0,0.0,0.0,0.5,False
ws-10959,HOST,0,NONE,0.0,0.0,0.0,0.0,0.0,0.5,False
LPT-11088,HOST,1,FIREWALL_DENY,0.0,4.0,1.0,0.0,1.9,0.65,False
LPT-12583.corp.local,HOST,0,NONE,0.0,0.0,0.0,0.0,0.0,0.5,False
vdr-10033,HOST,0,NONE,0.0,0.0,0.0,0.0,0.0,0.5,False
LPT-10522.corp.local,HOST,0,NONE,0.0,1.0,0.0,0.0,0.4,0.5,False
ws-11361,HOST,0,NONE,0.0,0.0,0.0,0.0,0.0,0.5,False
VDR-11889,HOST,0,NONE,0.0,1.0,2.0,0.0,1.0,0.5,False
LPT_12672,HOST,0,NONE,0.0,0.0,0.0,0.0,0.0,0.5,False
LPT_11554,HOST,0,NONE,0.0,0.0,0.0,0.0,0.0,0.5,False
LPT-11220,HOST,1,ENDPOINT,0.0,1.0,4.0,0.0,1.6,0.65,False
VDR-11166,HOST,1,ENDPOINT,0.0,0.0,4.0,0.0,1.2,0.65,False
lpt-12169,HOST,0,NONE,0.0,0.0,0.0,0.0,0.0,0.5,False
VDR-11583,HOST,1,ENDPOINT,0.0,1.0,3.0,0.0,1.3,0.65,False
LPT-12903,HOST,0,NONE,0.0,0.0,2.0,0.0,0.6,0.5,False
LPT-12260,HOST,0,NONE,0.0,2.0,2.0,0.0,1.4,0.5,False
LPT-10289.corp.local,HOST,0,NONE,0.0,0.0,0.0,0.0,0.0,0.5,False
VDR-10772,HOST,0,NONE,0.0,0.0,2.0,0.0,0.6,0.5,False
VDR-11872,HOST,1,ENDPOINT,0.0,2.0,6.0,0.0,2.6,0.65,False
vdr-11002,HOST,0,NONE,0.0,0.0,0.0,0.0,0.0,0.5,False
VDR-12096,HOST,1,ENDPOINT,0.0,1.0,3.0,0.0,1.3,0.65,False
vdr-11557,HOST,0,NONE,0.0,1.0,0.0,0.0,0.4,0.5,False
VDR-10438.corp.local,HOST,0,NONE,0.0,1.0,0.0,0.0,0.4,0.5,False
ws-10878,HOST,0,NONE,0.0,0.0,0.0,0.0,0.0,0.5,False
ws-12165,HOST,0,NONE,0.0,2.0,0.0,0.0,0.8,0.5,False
LPT-12993,HOST,1,ENDPOINT,0.0,1.0,4.0,0.0,1.6,0.65,False
LPT-12322.,HOST,0,NONE,0.0,0.0,0.0,0.0,0.0,0.5,False
VDR-11499.corp.local,HOST,0,NONE,0.0,0.0,0.0,0.0,0.0,0.5,False
LPT-11826.corp.local,HOST,0,NONE,0.0,0.0,0.0,0.0,0.0,0.5,False
LPT-10182,HOST,0,NONE,0.0,2.0,1.0,0.0,1.1,0.5,False
lpt-10719,HOST,0,NONE,0.0,0.0,0.0,0.0,0.0,0.5,False
WS_10241,HOST,0,NONE,0.0,0.0,0.0,0.0,0.0,0.5,False
VDR-10783.corp.local,HOST,0,NONE,0.0,1.0,0.0,0.0,0.4,0.5,False
VDR_11874,HOST,0,NONE,0.0,0.0,0.0,0.0,0.0,0.5,False
vdr-12181,HOST,0,NONE,0.0,0.0,0.0,0.0,0.0,0.5,False
VDR_10788,HOST,0,NONE,0.0,0.0,0.0,0.0,0.0,0.5,False
VDR-10848,HOST,1,ENDPOINT,0.0,1.0,4.0,0.0,1.6,0.65,False
WS-12876,HOST,1,FIREWALL_DENY,0.0,3.0,1.0,0.0,1.5,0.65,False
VDR-12310,HOST,1,ENDPOINT,0.0,0.0,4.0,0.0,1.2,0.65,False
vdr-12002,HOST,0,NONE,0.0,0.0,0.0,0.0,0.0,0.5,False
WS-11651.corp.local,HOST,0,NONE,0.0,1.0,0.0,0.0,0.4,0.5,False
LPT-10431,HOST,1,ENDPOINT,0.0,1.0,4.0,0.0,1.6,0.65,False
WS-10074,HOST,0,NONE,0.0,2.0,0.0,0.0,0.8,0.5,False
lpt-11029,HOST,0,NONE,0.0,0.0,0.0,0.0,0.0,0.5,False
LPT-12296.corp.local,HOST,0,NONE,0.0,0.0,0.0,0.0,0.0,0.5,False
VDR-11877,HOST,0,NONE,0.0,1.0,2.0,0.0,1.0,0.5,False
LPT-10460,HOST,1,ENDPOINT,0.0,0.0,3.0,0.0,0.9,0.65,False
WS_11654,HOST,0,NONE,0.0,0.0,0.0,0.0,0.0,0.5,False
ws-11761,HOST,0,NONE,0.0,1.0,0.0,0.0,0.4,0.5,False
VDR-11600,HOST,0,NONE,0.0,1.0,2.0,0.0,1.0,0.5,False
WS-11348.corp.local,HOST,0,NONE,0.0,0.0,0.0,0.0,0.0,0.5,False
VDR_11392,HOST,0,NONE,0.0,0.0,0.0,0.0,0.0,0.5,False
VDR-11237.corp.local,HOST,0,NONE,0.0,1.0,0.0,0.0,0.4,0.5,False
WS-10317.corp.local,HOST,0,NONE,0.0,0.0,0.0,0.0,0.0,0.5,False
VDR-11047.corp.local,HOST,0,NONE,0.0,1.0,0.0,0.0,0.4,0.5,False
ws-12469,HOST,0,NONE,0.0,0.0,0.0,0.0,0.0,0.5,False
WS-12274,HOST,1,FIREWALL_DENY,0.0,3.0,1.0,0.0,1.5,0.65,False
lpt-10980,HOST,0,NONE,0.0,1.0,0.0,0.0,0.4,0.5,False
LPT-11577,HOST,1,ENDPOINT,0.0,2.0,5.0,0.0,2.3,0.65,False
ws-10256,HOST,0,NONE,0.0,0.0,0.0,0.0,0.0,0.5,False
VDR-10193,HOST,0,NONE,0.0,1.0,2.0,0.0,1.0,0.5,False
LPT-10892,HOST,2,FIREWALL_DENY|ENDPOINT,0.0,3.0,5.0,0.0,2.7,0.8,True
vdr-11400,HOST,0,NONE,0.0,0.0,0.0,0.0,0.0,0.5,False
vdr-11350,HOST,0,NONE,0.0,2.0,0.0,0.0,0.8,0.5,False
WS-10946,HOST,0,NONE,0.0,1.0,2.0,0.0,1.0,0.5,False
LPT-11890.corp.local,HOST,0,NONE,0.0,0.0,0.0,0.0,0.0,0.5,False
vdr-10060,HOST,0,NONE,0.0,1.0,0.0,0.0,0.4,0.5,False
lpt-11764,HOST,0,NONE,0.0,0.0,0.0,0.0,0.0,0.5,False
LPT-12852,HOST,1,ENDPOINT,0.0,2.0,4.0,0.0,2.0,0.65,False
VDR-11033,HOST,2,FIREWALL_DENY|ENDPOINT,0.0,3.0,3.0,0.0,2.1,0.8,True
LPT_12143,HOST,0,NONE,0.0,1.0,0.0,0.0,0.4,0.5,False
LPT_12428,HOST,0,NONE,0.0,0.0,0.0,0.0,0.0,0.5,False
LPT-11880,HOST,1,ENDPOINT,0.0,0.0,3.0,0.0,0.9,0.65,False
LPT_10028,HOST,0,NONE,0.0,0.0,0.0,0.0,0.0,0.5,False
ws-10916,HOST,0,NONE,0.0,0.0,0.0,0.0,0.0,0.5,False
LPT-10065,HOST,2,FIREWALL_DENY|ENDPOINT,0.0,5.0,4.0,0.0,3.2,0.8,True
LPT-12402.corp.local,HOST,0,NONE,0.0,0.0,0.0,0.0,0.0,0.5,False
WS-12866,HOST,0,NONE,0.0,2.0,2.0,0.0,1.4,0.5,False
VDR_10648,HOST,0,NONE,0.0,0.0,0.0,0.0,0.0,0.5,False
VDR-11973,HOST,1,ENDPOINT,0.0,2.0,6.0,0.0,2.6,0.65,False
LPT-12347.corp.local,HOST,0,NONE,0.0,1.0,0.0,0.0,0.4,0.5,False
WS-11450.corp.local,HOST,0,NONE,0.0,0.0,0.0,0.0,0.0,0.5,False
WS-11641,HOST,1,ENDPOINT,0.0,2.0,3.0,0.0,1.7,0.65,False
VDR-10875,HOST,0,NONE,0.0,2.0,1.0,0.0,1.1,0.5,False
vdr-12388,HOST,0,NONE,0.0,0.0,0.0,0.0,0.0,0.5,False
WS-12511.corp.local,HOST,0,NONE,0.0,0.0,0.0,0.0,0.0,0.5,False
VDR-10529.,HOST,0,NONE,0.0,0.0,0.0,0.0,0.0,0.5,False
lpt-10840,HOST,0,NONE,0.0,1.0,0.0,0.0,0.4,0.5,False
VDR_10018,HOST,0,NONE,0.0,0.0,0.0,0.0,0.0,0.5,False
WS_12606,HOST,0,NONE,0.0,0.0,0.0,0.0,0.0,0.5,False
LPT-12877,HOST,1,ENDPOINT,0.0,1.0,4.0,0.0,1.6,0.65,False
LPT-10216,HOST,1,ENDPOINT,0.0,1.0,4.0,0.0,1.6,0.65,False
LPT_10377,HOST,0,NONE,0.0,1.0,0.0,0.0,0.4,0.5,False
VDR_10692,HOST,0,NONE,0.0,0.0,0.0,0.0,0.0,0.5,False
LPT-10863.corp.local,HOST,0,NONE,0.0,0.0,0.0,0.0,0.0,0.5,False
lpt-10076,HOST,0,NONE,0.0,0.0,0.0,0.0,0.0,0.5,False
WS-11391.corp.local,HOST,0,NONE,0.0,0.0,0.0,0.0,0.0,0.5,False
VDR-12806,HOST,0,NONE,0.0,1.0,1.0,0.0,0.7,0.5,False
LPT-11786.corp.local,HOST,0,NONE,0.0,0.0,0.0,0.0,0.0,0.5,False
lpt-11950,HOST,0,NONE,0.0,0.0,0.0,0.0,0.0,0.5,False
WS_12862,HOST,0,NONE,0.0,0.0,0.0,0.0,0.0,0.5,False
LPT-10496,HOST,0,NONE,0.0,1.0,1.0,0.0,0.7,0.5,False
VDR-12748,HOST,1,ENDPOINT,0.0,1.0,5.0,0.0,1.9,0.65,False
vdr-10206,HOST,0,NONE,0.0,0.0,0.0,0.0,0.0,0.5,False
lpt-12783,HOST,0,NONE,0.0,0.0,0.0,0.0,0.0,0.5,False
ws-12097,HOST,0,NONE,0.0,0.0,0.0,0.0,0.0,0.5,False
ws-11749,HOST,0,NONE,0.0,0.0,0.0,0.0,0.0,0.5,False
LPT-12133,HOST,0,NONE,0.0,2.0,2.0,0.0,1.4,0.5,False
VDR-10666.corp.local,HOST,0,NONE,0.0,2.0,0.0,0.0,0.8,0.5,False
ws-10812,HOST,0,NONE,0.0,1.0,0.0,0.0,0.4,0.5,False
WS_11127,HOST,0,NONE,0.0,0.0,0.0,0.0,0.0,0.5,False
VDR-11419,HOST,0,NONE,0.0,1.0,1.0,0.0,0.7,0.5,False
lpt-12939,HOST,0,NONE,0.0,0.0,0.0,0.0,0.0,0.5,False
vdr-11812,HOST,0,NONE,0.0,0.0,0.0,0.0,0.0,0.5,False
VDR-10093.corp.local,HOST,0,NONE,0.0,0.0,0.0,0.0,0.0,0.5,False
LPT-12008,HOST,1,ENDPOINT,0.0,2.0,3.0,0.0,1.7,0.65,False
WS-12870,HOST,1,FIREWALL_DENY,0.0,5.0,1.0,0.0,2.3,0.65,False
LPT-11156.corp.local,HOST,0,NONE,0.0,0.0,0.0,0.0,0.0,0.5,False
VDR-10427.corp.local,HOST,0,NONE,0.0,0.0,0.0,0.0,0.0,0.5,False
ws-12987,HOST,0,NONE,0.0,0.0,0.0,0.0,0.0,0.5,False
LPT-12349,HOST,0,NONE,0.0,0.0,1.0,0.0,0.3,0.5,False
LPT-11891.corp.local,HOST,0,NONE,0.0,0.0,0.0,0.0,0.0,0.5,False
ws-11687,HOST,0,NONE,0.0,0.0,0.0,0.0,0.0,0.5,False
ws-11182,HOST,0,NONE,0.0,0.0,0.0,0.0,0.0,0.5,False
VDR-12801.corp.local,HOST,0,NONE,0.0,0.0,0.0,0.0,0.0,0.5,False
WS-10392.corp.local,HOST,0,NONE,0.0,0.0,0.0,0.0,0.0,0.5,False
lpt-10173,HOST,0,NONE,0.0,0.0,0.0,0.0,0.0,0.5,False
VDR-10457,HOST,0,NONE,0.0,1.0,2.0,0.0,1.0,0.5,False
WS-12495,HOST,0,NONE,0.0,1.0,1.0,0.0,0.7,0.5,False
LPT_10416,HOST,0,NONE,0.0,0.0,0.0,0.0,0.0,0.5,False
VDR-11632,HOST,2,FIREWALL_DENY|ENDPOINT,0.0,4.0,4.0,0.0,2.8,0.8,True
LPT-11138,HOST,2,FIREWALL_DENY|ENDPOINT,0.0,3.0,3.0,0.0,2.1,0.8,True
VDR-12123.corp.local,HOST,0,NONE,0.0,0.0,0.0,0.0,0.0,0.5,False
LPT_10104,HOST,0,NONE,0.0,0.0,0.0,0.0,0.0,0.5,False
lpt-12331,HOST,0,NONE,0.0,0.0,0.0,0.0,0.0,0.5,False
LPT-11472.corp.local,HOST,0,NONE,0.0,0.0,0.0,0.0,0.0,0.5,False
WS-11565,HOST,0,NONE,0.0,0.0,1.0,0.0,0.3,0.5,False
ws-10984,HOST,0,NONE,0.0,0.0,0.0,0.0,0.0,0.5,False
lpt-10434,HOST,0,NONE,0.0,1.0,0.0,0.0,0.4,0.5,False
VDR-10917.corp.local,HOST,0,NONE,0.0,0.0,0.0,0.0,0.0,0.5,False
vdr-12844,HOST,0,NONE,0.0,1.0,0.0,0.0,0.4,0.5,False
LPT_11789,HOST,0,NONE,0.0,0.0,0.0,0.0,0.0,0.5,False
VDR-10056,HOST,0,NONE,0.0,0.0,2.0,0.0,0.6,0.5,False
WS-12799,HOST,1,ENDPOINT,0.0,2.0,3.0,0.0,1.7,0.65,False
LPT-12700,HOST,0,NONE,0.0,0.0,2.0,0.0,0.6,0.5,False
VDR-10278,HOST,0,NONE,0.0,2.0,1.0,0.0,1.1,0.5,False
LPT-12769.corp.local,HOST,0,NONE,0.0,0.0,0.0,0.0,0.0,0.5,False
LPT-10905,HOST,1,ENDPOINT,0.0,0.0,3.0,0.0,0.9,0.65,False
VDR-12568,HOST,1,FIREWALL_DENY,0.0,3.0,2.0,0.0,1.8,0.65,False
LPT_11890,HOST,0,NONE,0.0,1.0,0.0,0.0,0.4,0.5,False
VDR-10231,HOST,2,FIREWALL_DENY|ENDPOINT,0.0,4.0,3.0,0.0,2.5,0.8,True
WS-10187.corp.local,HOST,0,NONE,0.0,0.0,0.0,0.0,0.0,0.5,False
WS-10175,HOST,1,ENDPOINT,0.0,1.0,4.0,0.0,1.6,0.65,False
WS-11776.corp.local,HOST,0,NONE,0.0,0.0,0.0,0.0,0.0,0.5,False
VDR-10611.corp.local,HOST,0,NONE,0.0,0.0,0.0,0.0,0.0,0.5,False
WS-10982.corp.local,HOST,0,NONE,0.0,0.0,0.0,0.0,0.0,0.5,False
vdr-12142,HOST,0,NONE,0.0,1.0,0.0,0.0,0.4,0.5,False
ws-10991,HOST,0,NONE,0.0,0.0,0.0,0.0,0.0,0.5,False
ws-10085,HOST,0,NONE,0.0,1.0,0.0,0.0,0.4,0.5,False
LPT-12134,HOST,0,NONE,0.0,2.0,2.0,0.0,1.4,0.5,False
LPT-11133.corp.local,HOST,0,NONE,0.0,0.0,0.0,0.0,0.0,0.5,False
vdr-11388,HOST,0,NONE,0.0,1.0,0.0,0.0,0.4,0.5,False
WS-10280,HOST,0,NONE,0.0,1.0,1.0,0.0,0.7,0.5,False
WS-10184.corp.local,HOST,0,NONE,0.0,0.0,0.0,0.0,0.0,0.5,False
VDR_11386,HOST,0,NONE,0.0,1.0,0.0,0.0,0.4,0.5,False
LPT-11025,HOST,1,ENDPOINT,0.0,0.0,9.0,0.0,2.7,0.65,False
WS-11723,HOST,1,FIREWALL_DENY,0.0,3.0,2.0,0.0,1.8,0.65,False
lpt-10993,HOST,0,NONE,0.0,0.0,0.0,0.0,0.0,0.5,False
VDR-10977,HOST,2,FIREWALL_DENY|ENDPOINT,0.0,3.0,7.0,0.0,3.3,0.8,True
ws-10896,HOST,0,NONE,0.0,1.0,0.0,0.0,0.4,0.5,False
LPT-11501,HOST,1,ENDPOINT,0.0,0.0,4.0,0.0,1.2,0.65,False
WS-10266,HOST,0,NONE,0.0,0.0,2.0,0.0,0.6,0.5,False
LPT_12916,HOST,0,NONE,0.0,0.0,0.0,0.0,0.0,0.5,False
WS-12341,HOST,2,FIREWALL_DENY|ENDPOINT,0.0,3.0,4.0,0.0,2.4,0.8,True
lpt-10972,HOST,0,NONE,0.0,0.0,0.0,0.0,0.0,0.5,False
VDR-12187,HOST,1,ENDPOINT,0.0,2.0,5.0,0.0,2.3,0.65,False
WS-11393.corp.local,HOST,0,NONE,0.0,0.0,0.0,0.0,0.0,0.5,False
VDR-12655,HOST,0,NONE,0.0,0.0,1.0,0.0,0.3,0.5,False
LPT-12708.corp.local,HOST,0,NONE,0.0,0.0,0.0,0.0,0.0,0.5,False
LPT-11807,HOST,1,ENDPOINT,0.0,1.0,5.0,0.0,1.9,0.65,False
WS-11334,HOST,0,NONE,0.0,2.0,2.0,0.0,1.4,0.5,False
vdr-12033,HOST,0,NONE,0.0,2.0,0.0,0.0,0.8,0.5,False
VDR_10246,HOST,0,NONE,0.0,0.0,0.0,0.0,0.0,0.5,False
VDR-10240,HOST,1,FIREWALL_DENY,0.0,3.0,1.0,0.0,1.5,0.65,False
WS-10319.corp.local,HOST,0,NONE,0.0,0.0,0.0,0.0,0.0,0.5,False
WS_10049,HOST,0,NONE,0.0,0.0,0.0,0.0,0.0,0.5,False
VDR_10293,HOST,0,NONE,0.0,0.0,0.0,0.0,0.0,0.5,False
VDR_11499,HOST,0,NONE,0.0,1.0,0.0,0.0,0.4,0.5,False
LPT-10956.corp.local,HOST,0,NONE,0.0,0.0,0.0,0.0,0.0,0.5,False
vdr-11445,HOST,0,NONE,0.0,0.0,0.0,0.0,0.0,0.5,False
VDR-11066,HOST,1,FIREWALL_DENY,0.0,3.0,1.0,0.0,1.5,0.65,False
ws-12895,HOST,0,NONE,0.0,0.0,0.0,0.0,0.0,0.5,False
WS_11064,HOST,0,NONE,0.0,0.0,0.0,0.0,0.0,0.5,False
LPT-11276,HOST,1,ENDPOINT,0.0,1.0,4.0,0.0,1.6,0.65,False
VDR_11405,HOST,0,NONE,0.0,0.0,0.0,0.0,0.0,0.5,False
lpt-12961,HOST,0,NONE,0.0,1.0,0.0,0.0,0.4,0.5,False
VDR-10255,HOST,0,NONE,0.0,0.0,2.0,0.0,0.6,0.5,False
WS-12746,HOST,0,NONE,0.0,0.0,2.0,0.0,0.6,0.5,False
WS-11885,HOST,0,NONE,0.0,1.0,2.0,0.0,1.0,0.5,False
WS-11022,HOST,2,FIREWALL_DENY|ENDPOINT,0.0,3.0,3.0,0.0,2.1,0.8,True
VDR-10497.corp.local,HOST,0,NONE,0.0,1.0,0.0,0.0,0.4,0.5,False
VDR-12665,HOST,0,NONE,0.0,1.0,1.0,0.0,0.7,0.5,False
VDR-11144,HOST,1,FIREWALL_DENY,0.0,5.0,0.0,0.0,2.0,0.65,False
VDR-10910,HOST,0,NONE,0.0,1.0,1.0,0.0,0.7,0.5,False
lpt-12858,HOST,0,NONE,0.0,0.0,0.0,0.0,0.0,0.5,False
LPT-11834,HOST,1,ENDPOINT,0.0,2.0,4.0,0.0,2.0,0.65,False
ws-11863,HOST,0,NONE,0.0,0.0,0.0,0.0,0.0,0.5,False
VDR-11779.corp.local,HOST,0,NONE,0.0,1.0,0.0,0.0,0.4,0.5,False
WS_11228,HOST,0,NONE,0.0,0.0,0.0,0.0,0.0,0.5,False
LPT_10428,HOST,0,NONE,0.0,1.0,0.0,0.0,0.4,0.5,False
VDR-10816.,HOST,0,NONE,0.0,0.0,0.0,0.0,0.0,0.5,False
VDR-10857.corp.local,HOST,0,NONE,0.0,0.0,0.0,0.0,0.0,0.5,False
lpt-12800,HOST,0,NONE,0.0,1.0,0.0,0.0,0.4,0.5,False
WS-10517.corp.local,HOST,0,NONE,0.0,1.0,0.0,0.0,0.4,0.5,False
VDR-12420,HOST,0,NONE,0.0,0.0,2.0,0.0,0.6,0.5,False
LPT_10855,HOST,0,NONE,0.0,0.0,0.0,0.0,0.0,0.5,False
WS-11053.corp.local,HOST,0,NONE,0.0,0.0,0.0,0.0,0.0,0.5,False
LPT-10076,HOST,2,FIREWALL_DENY|ENDPOINT,0.0,3.0,3.0,0.0,2.1,0.8,True
WS-11474,HOST,0,NONE,0.0,1.0,1.0,0.0,0.7,0.5,False
WS-11844.corp.local,HOST,0,NONE,0.0,0.0,0.0,0.0,0.0,0.5,False
WS_10232,HOST,0,NONE,0.0,0.0,0.0,0.0,0.0,0.5,False
LPT-10616,HOST,1,ENDPOINT,0.0,1.0,3.0,0.0,1.3,0.65,False
VDR-10457.corp.local,HOST,0,NONE,0.0,0.0,0.0,0.0,0.0,0.5,False
LPT-11775,HOST,0,NONE,0.0,2.0,1.0,0.0,1.1,0.5,False
WS-11938,HOST,2,FIREWALL_DENY|ENDPOINT,0.0,3.0,4.0,0.0,2.4,0.8,True
vdr-11061,HOST,0,NONE,0.0,0.0,0.0,0.0,0.0,0.5,False
VDR_12057,HOST,0,NONE,0.0,0.0,0.0,0.0,0.0,0.5,False
LPT-11017,HOST,1,ENDPOINT,0.0,1.0,3.0,0.0,1.3,0.65,False
vdr-11042,HOST,0,NONE,0.0,1.0,0.0,0.0,0.4,0.5,False
vdr-10207,HOST,0,NONE,0.0,0.0,0.0,0.0,0.0,0.5,False
vdr-10473,HOST,0,NONE,0.0,1.0,0.0,0.0,0.4,0.5,False
LPT-10742,HOST,0,NONE,0.0,0.0,1.0,0.0,0.3,0.5,False
vdr-12487,HOST,0,NONE,0.0,0.0,0.0,0.0,0.0,0.5,False
WS-12716.corp.local,HOST,0,NONE,0.0,1.0,0.0,0.0,0.4,0.5,False
VDR-10038,HOST,0,NONE,0.0,1.0,2.0,0.0,1.0,0.5,False
LPT-12551,HOST,1,ENDPOINT,0.0,2.0,3.0,0.0,1.7,0.65,False
lpt-12167,HOST,0,NONE,0.0,0.0,0.0,0.0,0.0,0.5,False
LPT-11656,HOST,0,NONE,0.0,1.0,2.0,0.0,1.0,0.5,False
WS_11690,HOST,0,NONE,0.0,1.0,0.0,0.0,0.4,0.5,False
WS-12422,HOST,1,ENDPOINT,0.0,2.0,3.0,0.0,1.7,0.65,False
lpt-12046,HOST,0,NONE,0.0,0.0,0.0,0.0,0.0,0.5,False
vdr-11377,HOST,0,NONE,0.0,0.0,0.0,0.0,0.0,0.5,False
WS_10063,HOST,0,NONE,0.0,0.0,0.0,0.0,0.0,0.5,False
LPT_11970,HOST,0,NONE,0.0,1.0,0.0,0.0,0.4,0.5,False
VDR-11647.corp.local,HOST,0,NONE,0.0,0.0,0.0,0.0,0.0,0.5,False
VDR-10856,HOST,0,NONE,0.0,1.0,1.0,0.0,0.7,0.5,False
VDR-11400,HOST,0,NONE,0.0,1.0,0.0,0.0,0.4,0.5,False
lpt-12135,HOST,0,NONE,0.0,1.0,0.0,0.0,0.4,0.5,False
vdr-10069,HOST,0,NONE,0.0,0.0,0.0,0.0,0.0,0.5,False
VDR-10788,HOST,1,ENDPOINT,0.0,1.0,3.0,0.0,1.3,0.65,False
LPT-11732.,HOST,0,NONE,0.0,0.0,0.0,0.0,0.0,0.5,False
VDR-12141.,HOST,0,NONE,0.0,0.0,0.0,0.0,0.0,0.5,False
LPT-11714,HOST,1,ENDPOINT,0.0,2.0,5.0,0.0,2.3,0.65,False
VDR_10299,HOST,0,NONE,0.0,0.0,0.0,0.0,0.0,0.5,False
ws-12501,HOST,0,NONE,0.0,1.0,0.0,0.0,0.4,0.5,False
ws-10849,HOST,0,NONE,0.0,0.0,0.0,0.0,0.0,0.5,False
vdr-11449,HOST,0,NONE,0.0,0.0,0.0,0.0,0.0,0.5,False
VDR-11402,HOST,1,ENDPOINT,0.0,2.0,5.0,0.0,2.3,0.65,False
WS_11153,HOST,0,NONE,0.0,0.0,0.0,0.0,0.0,0.5,False
VDR_11217,HOST,0,NONE,0.0,0.0,0.0,0.0,0.0,0.5,False
LPT-10516.corp.local,HOST,0,NONE,0.0,0.0,0.0,0.0,0.0,0.5,False
lpt-12718,HOST,0,NONE,0.0,0.0,0.0,0.0,0.0,0.5,False
VDR-12185.corp.local,HOST,0,NONE,0.0,1.0,0.0,0.0,0.4,0.5,False
LPT-10026.corp.local,HOST,0,NONE,0.0,0.0,0.0,0.0,0.0,0.5,False
VDR-12897.corp.local,HOST,0,NONE,0.0,0.0,0.0,0.0,0.0,0.5,False
VDR-10315,HOST,1,ENDPOINT,0.0,1.0,4.0,0.0,1.6,0.65,False
LPT-10098.corp.local,HOST,0,NONE,0.0,0.0,0.0,0.0,0.0,0.5,False
WS_10082,HOST,0,NONE,0.0,0.0,0.0,0.0,0.0,0.5,False
WS-11367,HOST,1,ENDPOINT,0.0,2.0,4.0,0.0,2.0,0.65,False
WS-10045,HOST,1,ENDPOINT,0.0,0.0,3.0,0.0,0.9,0.65,False
vdr-10631,HOST,0,NONE,0.0,0.0,0.0,0.0,0.0,0.5,False
lpt-12228,HOST,0,NONE,0.0,1.0,0.0,0.0,0.4,0.5,False
vdr-10867,HOST,0,NONE,0.0,0.0,0.0,0.0,0.0,0.5,False
WS_11785,HOST,0,NONE,0.0,1.0,0.0,0.0,0.4,0.5,False
WS-10549,HOST,1,ENDPOINT,0.0,1.0,6.0,0.0,2.2,0.65,False
WS-10962.corp.local,HOST,0,NONE,0.0,1.0,0.0,0.0,0.4,0.5,False
LPT-10262,HOST,1,FIREWALL_DENY,0.0,4.0,2.0,0.0,2.2,0.65,False
LPT-11321.corp.local,HOST,0,NONE,0.0,0.0,0.0,0.0,0.0,0.5,False
VDR-12215,HOST,1,FIREWALL_DENY,0.0,3.0,1.0,0.0,1.5,0.65,False
VDR-12663.,HOST,0,NONE,0.0,0.0,0.0,0.0,0.0,0.5,False
WS_11193,HOST,0,NONE,0.0,0.0,0.0,0.0,0.0,0.5,False
LPT_12516,HOST,0,NONE,0.0,0.0,0.0,0.0,0.0,0.5,False
LPT_11028,HOST,0,NONE,0.0,1.0,0.0,0.0,0.4,0.5,False
WS_11562,HOST,0,NONE,0.0,0.0,0.0,0.0,0.0,0.5,False
WS-12343.corp.local,HOST,0,NONE,0.0,0.0,0.0,0.0,0.0,0.5,False
WS-10145,HOST,1,FIREWALL_DENY,0.0,3.0,1.0,0.0,1.5,0.65,False
VDR-10718.corp.local,HOST,0,NONE,0.0,0.0,0.0,0.0,0.0,0.5,False
VDR-12325,HOST,2,FIREWALL_DENY|ENDPOINT,0.0,3.0,3.0,0.0,2.1,0.8,True
vdr-12835,HOST,0,NONE,0.0,0.0,0.0,0.0,0.0,0.5,False
WS-12830,HOST,1,FIREWALL_DENY,0.0,3.0,2.0,0.0,1.8,0.65,False
WS_12594,HOST,0,NONE,0.0,0.0,0.0,0.0,0.0,0.5,False
ws-12879,HOST,0,NONE,0.0,1.0,0.0,0.0,0.4,0.5,False
lpt-10384,HOST,0,NONE,0.0,0.0,0.0,0.0,0.0,0.5,False
VDR-10698.,HOST,0,NONE,0.0,0.0,0.0,0.0,0.0,0.5,False
vdr-12273,HOST,0,NONE,0.0,0.0,0.0,0.0,0.0,0.5,False
ws-12307,HOST,0,NONE,0.0,1.0,0.0,0.0,0.4,0.5,False
VDR-12801,HOST,1,ENDPOINT,0.0,2.0,4.0,0.0,2.0,0.65,False
lpt-10931,HOST,0,NONE,0.0,0.0,0.0,0.0,0.0,0.5,False
WS-11706,HOST,0,NONE,0.0,1.0,1.0,0.0,0.7,0.5,False
LPT-11764,HOST,1,ENDPOINT,0.0,0.0,3.0,0.0,0.9,0.65,False
WS_12477,HOST,0,NONE,0.0,0.0,0.0,0.0,0.0,0.5,False
VDR-10329,HOST,1,FIREWALL_DENY,0.0,3.0,0.0,0.0,1.2,0.65,False
LPT-12069,HOST,1,ENDPOINT,0.0,1.0,4.0,0.0,1.6,0.65,False
WS-11441,HOST,1,FIREWALL_DENY,0.0,3.0,2.0,0.0,1.8,0.65,False
ws-11289,HOST,0,NONE,0.0,0.0,0.0,0.0,0.0,0.5,False
LPT-10851,HOST,1,ENDPOINT,0.0,1.0,3.0,0.0,1.3,0.65,False
LPT-11637.corp.local,HOST,0,NONE,0.0,1.0,0.0,0.0,0.4,0.5,False
ws-11911,HOST,0,NONE,0.0,0.0,0.0,0.0,0.0,0.5,False
LPT_11884,HOST,0,NONE,0.0,0.0,0.0,0.0,0.0,0.5,False
VDR-11912,HOST,1,ENDPOINT,0.0,1.0,5.0,0.0,1.9,0.65,False
LPT-10516,HOST,0,NONE,0.0,1.0,2.0,0.0,1.0,0.5,False
WS_11706,HOST,0,NONE,0.0,0.0,0.0,0.0,0.0,0.5,False
VDR-10079,HOST,0,NONE,0.0,1.0,1.0,0.0,0.7,0.5,False
WS-12417,HOST,2,FIREWALL_DENY|ENDPOINT,0.0,3.0,3.0,0.0,2.1,0.8,True
lpt-12424,HOST,0,NONE,0.0,0.0,0.0,0.0,0.0,0.5,False
ws-12733,HOST,0,NONE,0.0,1.0,0.0,0.0,0.4,0.5,False
vdr-10454,HOST,0,NONE,0.0,0.0,0.0,0.0,0.0,0.5,False
WS_10979,HOST,0,NONE,0.0,1.0,0.0,0.0,0.4,0.5,False
vdr-10735,HOST,0,NONE,0.0,1.0,0.0,0.0,0.4,0.5,False
VDR_12332,HOST,0,NONE,0.0,1.0,0.0,0.0,0.4,0.5,False
lpt-12293,HOST,0,NONE,0.0,1.0,0.0,0.0,0.4,0.5,False
LPT-10798,HOST,0,NONE,0.0,1.0,2.0,0.0,1.0,0.5,False
VDR-10387,HOST,1,ENDPOINT,0.0,0.0,4.0,0.0,1.2,0.65,False
WS-10136,HOST,1,ENDPOINT,0.0,1.0,6.0,0.0,2.2,0.65,False
VDR-12489,HOST,1,FIREWALL_DENY,0.0,5.0,1.0,0.0,2.3,0.65,False
vdr-11117,HOST,0,NONE,0.0,0.0,0.0,0.0,0.0,0.5,False
WS_12092,HOST,0,NONE,0.0,0.0,0.0,0.0,0.0,0.5,False
VDR-12222.corp.local,HOST,0,NONE,0.0,2.0,0.0,0.0,0.8,0.5,False
LPT-12731.,HOST,0,NONE,0.0,0.0,0.0,0.0,0.0,0.5,False
VDR-10677,HOST,0,NONE,0.0,2.0,1.0,0.0,1.1,0.5,False
lpt-12737,HOST,0,NONE,0.0,0.0,0.0,0.0,0.0,0.5,False
LPT-10347,HOST,0,NONE,0.0,1.0,1.0,0.0,0.7,0.5,False
VDR_12276,HOST,0,NONE,0.0,0.0,0.0,0.0,0.0,0.5,False
ws-12846,HOST,0,NONE,0.0,0.0,0.0,0.0,0.0,0.5,False
VDR-11774.corp.local,HOST,0,NONE,0.0,0.0,0.0,0.0,0.0,0.5,False
LPT-10286,HOST,1,FIREWALL_DENY,0.0,3.0,2.0,0.0,1.8,0.65,False
LPT_11751,HOST,0,NONE,0.0,0.0,0.0,0.0,0.0,0.5,False
vdr-12332,HOST,0,NONE,0.0,0.0,0.0,0.0,0.0,0.5,False
lpt-10734,HOST,0,NONE,0.0,0.0,0.0,0.0,0.0,0.5,False
ws-12195,HOST,0,NONE,0.0,1.0,0.0,0.0,0.4,0.5,False
LPT-11705,HOST,1,ENDPOINT,0.0,1.0,4.0,0.0,1.6,0.65,False
LPT-11427,HOST,1,ENDPOINT,0.0,0.0,5.0,0.0,1.5,0.65,False
VDR-11947,HOST,1,FIREWALL_DENY,0.0,3.0,1.0,0.0,1.5,0.65,False
LPT_12227,HOST,0,NONE,0.0,0.0,0.0,0.0,0.0,0.5,False
WS_12175,HOST,0,NONE,0.0,1.0,0.0,0.0,0.4,0.5,False
VDR-11451,HOST,0,NONE,0.0,2.0,0.0,0.0,0.8,0.5,False
LPT-12263,HOST,1,ENDPOINT,0.0,1.0,3.0,0.0,1.3,0.65,False
ws-10368,HOST,0,NONE,0.0,0.0,0.0,0.0,0.0,0.5,False
VDR-10623,HOST,0,NONE,0.0,0.0,2.0,0.0,0.6,0.5,False
VDR-12558,HOST,1,ENDPOINT,0.0,1.0,4.0,0.0,1.6,0.65,False
LPT_11140,HOST,0,NONE,0.0,0.0,0.0,0.0,0.0,0.5,False
WS_12112,HOST,0,NONE,0.0,0.0,0.0,0.0,0.0,0.5,False
VDR-10674.corp.local,HOST,0,NONE,0.0,1.0,0.0,0.0,0.4,0.5,False
WS-10266.corp.local,HOST,0,NONE,0.0,1.0,0.0,0.0,0.4,0.5,False
LPT_10469,HOST,0,NONE,0.0,1.0,0.0,0.0,0.4,0.5,False
lpt-10479,HOST,0,NONE,0.0,1.0,0.0,0.0,0.4,0.5,False
LPT-10318,HOST,1,ENDPOINT,0.0,2.0,4.0,0.0,2.0,0.65,False
ws-11308,HOST,0,NONE,0.0,0.0,0.0,0.0,0.0,0.5,False
LPT-11303.corp.local,HOST,0,NONE,0.0,0.0,0.0,0.0,0.0,0.5,False
LPT-10098,HOST,1,ENDPOINT,0.0,2.0,3.0,0.0,1.7,0.65,False
VDR_10300,HOST,0,NONE,0.0,0.0,0.0,0.0,0.0,0.5,False
WS-11006,HOST,1,ENDPOINT,0.0,1.0,6.0,0.0,2.2,0.65,False
LPT-11349,HOST,0,NONE,0.0,1.0,1.0,0.0,0.7,0.5,False
vdr-12942,HOST,0,NONE,0.0,0.0,0.0,0.0,0.0,0.5,False
lpt-10653,HOST,0,NONE,0.0,0.0,0.0,0.0,0.0,0.5,False
VDR-10595,HOST,1,FIREWALL_DENY,0.0,5.0,1.0,0.0,2.3,0.65,False
lpt-11170,HOST,0,NONE,0.0,0.0,0.0,0.0,0.0,0.5,False
WS-10287,HOST,1,ENDPOINT,0.0,0.0,4.0,0.0,1.2,0.65,False
LPT_11780,HOST,0,NONE,0.0,0.0,0.0,0.0,0.0,0.5,False
VDR-10099.,HOST,0,NONE,0.0,0.0,0.0,0.0,0.0,0.5,False
VDR-12157,HOST,1,ENDPOINT,0.0,1.0,3.0,0.0,1.3,0.65,False
WS-11110.,HOST,0,NONE,0.0,0.0,0.0,0.0,0.0,0.5,False
LPT-11055,HOST,0,NONE,0.0,1.0,2.0,0.0,1.0,0.5,False
lpt-11239,HOST,0,NONE,0.0,1.0,0.0,0.0,0.4,0.5,False
VDR-12023,HOST,1,ENDPOINT,0.0,1.0,4.0,0.0,1.6,0.65,False
VDR-12463.corp.local,HOST,0,NONE,0.0,0.0,0.0,0.0,0.0,0.5,False
lpt-12329,HOST,0,NONE,0.0,0.0,0.0,0.0,0.0,0.5,False
vdr-10029,HOST,0,NONE,0.0,0.0,0.0,0.0,0.0,0.5,False
VDR-12797,HOST,1,ENDPOINT,0.0,2.0,3.0,0.0,1.7,0.65,False
VDR-11625.corp.local,HOST,0,NONE,0.0,0.0,0.0,0.0,0.0,0.5,False
LPT-10821.corp.local,HOST,0,NONE,0.0,0.0,0.0,0.0,0.0,0.5,False
LPT-10731,HOST,0,NONE,0.0,1.0,1.0,0.0,0.7,0.5,False
VDR-10234,HOST,1,ENDPOINT,0.0,0.0,5.0,0.0,1.5,0.65,False
VDR-10012.corp.local,HOST,0,NONE,0.0,0.0,0.0,0.0,0.0,0.5,False
LPT-10785,HOST,0,NONE,0.0,0.0,2.0,0.0,0.6,0.5,False
LPT-12085,HOST,1,ENDPOINT,0.0,0.0,4.0,0.0,1.2,0.65,False
ws-10461,HOST,0,NONE,0.0,0.0,0.0,0.0,0.0,0.5,False
VDR_12552,HOST,0,NONE,0.0,1.0,0.0,0.0,0.4,0.5,False
vdr-10614,HOST,0,NONE,0.0,0.0,0.0,0.0,0.0,0.5,False
VDR-11338.corp.local,HOST,0,NONE,0.0,0.0,0.0,0.0,0.0,0.5,False
LPT-12323,HOST,1,ENDPOINT,0.0,1.0,3.0,0.0,1.3,0.65,False
LPT_12739,HOST,0,NONE,0.0,0.0,0.0,0.0,0.0,0.5,False
WS-11688,HOST,0,NONE,0.0,1.0,2.0,0.0,1.0,0.5,False
lpt-12303,HOST,0,NONE,0.0,1.0,0.0,0.0,0.4,0.5,False
lpt-11109,HOST,0,NONE,0.0,0.0,0.0,0.0,0.0,0.5,False
vdr-12613,HOST,0,NONE,0.0,0.0,0.0,0.0,0.0,0.5,False
lpt-12586,HOST,0,NONE,0.0,0.0,0.0,0.0,0.0,0.5,False
WS-12930.corp.local,HOST,0,NONE,0.0,1.0,0.0,0.0,0.4,0.5,False
vdr-12602,HOST,0,NONE,0.0,1.0,0.0,0.0,0.4,0.5,False
VDR_12190,HOST,0,NONE,0.0,1.0,0.0,0.0,0.4,0.5,False
ws-10806,HOST,0,NONE,0.0,1.0,0.0,0.0,0.4,0.5,False
WS_10866,HOST,0,NONE,0.0,1.0,0.0,0.0,0.4,0.5,False
WS-10148.corp.local,HOST,0,NONE,0.0,0.0,0.0,0.0,0.0,0.5,False
lpt-11907,HOST,0,NONE,0.0,0.0,0.0,0.0,0.0,0.5,False
ws-12548,HOST,0,NONE,0.0,1.0,0.0,0.0,0.4,0.5,False
LPT-12607,HOST,1,ENDPOINT,0.0,1.0,3.0,0.0,1.3,0.65,False
LPT-10731.corp.local,HOST,0,NONE,0.0,0.0,0.0,0.0,0.0,0.5,False
VDR_11419,HOST,0,NONE,0.0,0.0,0.0,0.0,0.0,0.5,False
WS-10352,HOST,2,FIREWALL_DENY|ENDPOINT,0.0,4.0,3.0,0.0,2.5,0.8,True
vdr-10140,HOST,0,NONE,0.0,0.0,0.0,0.0,0.0,0.5,False
WS_12592,HOST,0,NONE,0.0,0.0,0.0,0.0,0.0,0.5,False
vdr-11093,HOST,0,NONE,0.0,0.0,0.0,0.0,0.0,0.5,False
LPT-12683.corp.local,HOST,0,NONE,0.0,1.0,0.0,0.0,0.4,0.5,False
VDR-11387.corp.local,HOST,0,NONE,0.0,0.0,0.0,0.0,0.0,0.5,False
LPT-12507,HOST,0,NONE,0.0,2.0,2.0,0.0,1.4,0.5,False
WS_12791,HOST,0,NONE,0.0,0.0,0.0,0.0,0.0,0.5,False
WS-11847.corp.local,HOST,0,NONE,0.0,0.0,0.0,0.0,0.0,0.5,False
LPT-11914,HOST,2,FIREWALL_DENY|ENDPOINT,0.0,4.0,3.0,0.0,2.5,0.8,True
vdr-10571,HOST,0,NONE,0.0,1.0,0.0,0.0,0.4,0.5,False
VDR_10498,HOST,0,NONE,0.0,1.0,0.0,0.0,0.4,0.5,False
LPT-11977,HOST,0,NONE,0.0,1.0,2.0,0.0,1.0,0.5,False
WS_11845,HOST,0,NONE,0.0,0.0,0.0,0.0,0.0,0.5,False
LPT_10705,HOST,0,NONE,0.0,0.0,0.0,0.0,0.0,0.5,False
WS_12236,HOST,0,NONE,0.0,0.0,0.0,0.0,0.0,0.5,False
lpt-12635,HOST,0,NONE,0.0,0.0,0.0,0.0,0.0,0.5,False
WS_12717,HOST,0,NONE,0.0,0.0,0.0,0.0,0.0,0.5,False
LPT_11705,HOST,0,NONE,0.0,1.0,0.0,0.0,0.4,0.5,False
VDR-11979,HOST,1,FIREWALL_DENY,0.0,4.0,1.0,0.0,1.9,0.65,False
VDR-10716,HOST,2,FIREWALL_DENY|ENDPOINT,0.0,3.0,7.0,0.0,3.3,0.8,True
VDR_10244,HOST,0,NONE,0.0,1.0,0.0,0.0,0.4,0.5,False
WS-11538,HOST,1,ENDPOINT,0.0,2.0,5.0,0.0,2.3,0.65,False
WS-11988.corp.local,HOST,0,NONE,0.0,1.0,0.0,0.0,0.4,0.5,False
WS-12523.corp.local,HOST,0,NONE,0.0,0.0,0.0,0.0,0.0,0.5,False
LPT_11428,HOST,0,NONE,0.0,0.0,0.0,0.0,0.0,0.5,False
WS-11533.corp.local,HOST,0,NONE,0.0,1.0,0.0,0.0,0.4,0.5,False
lpt-12107,HOST,0,NONE,0.0,2.0,0.0,0.0,0.8,0.5,False
LPT-12448,HOST,1,ENDPOINT,0.0,2.0,3.0,0.0,1.7,0.65,False
WS-11893.corp.local,HOST,0,NONE,0.0,0.0,0.0,0.0,0.0,0.5,False
LPT-11511,HOST,1,ENDPOINT,0.0,0.0,4.0,0.0,1.2,0.65,False
WS-12039,HOST,1,ENDPOINT,0.0,0.0,3.0,0.0,0.9,0.65,False
LPT_12438,HOST,0,NONE,0.0,0.0,0.0,0.0,0.0,0.5,False
VDR-10830.corp.local,HOST,0,NONE,0.0,0.0,0.0,0.0,0.0,0.5,False
WS-12765,HOST,0,NONE,0.0,1.0,1.0,0.0,0.7,0.5,False
LPT-12006.corp.local,HOST,0,NONE,0.0,0.0,0.0,0.0,0.0,0.5,False
VDR-10291,HOST,1,ENDPOINT,0.0,2.0,3.0,0.0,1.7,0.65,False
ws-10397,HOST,0,NONE,0.0,0.0,0.0,0.0,0.0,0.5,False
WS-11949,HOST,1,ENDPOINT,0.0,1.0,3.0,0.0,1.3,0.65,False
ws-11355,HOST,0,NONE,0.0,1.0,0.0,0.0,0.4,0.5,False
WS-12673,HOST,1,ENDPOINT,0.0,1.0,5.0,0.0,1.9,0.65,False
VDR-12777.corp.local,HOST,0,NONE,0.0,0.0,0.0,0.0,0.0,0.5,False
LPT-11258.corp.local,HOST,0,NONE,0.0,0.0,0.0,0.0,0.0,0.5,False
LPT-11226,HOST,0,NONE,0.0,0.0,1.0,0.0,0.3,0.5,False
ws-12902,HOST,0,NONE,0.0,2.0,0.0,0.0,0.8,0.5,False
lpt-10921,HOST,0,NONE,0.0,0.0,0.0,0.0,0.0,0.5,False
VDR-12625,HOST,1,ENDPOINT,0.0,1.0,3.0,0.0,1.3,0.65,False
VDR-12437,HOST,2,FIREWALL_DENY|ENDPOINT,0.0,4.0,3.0,0.0,2.5,0.8,True
lpt-10360,HOST,0,NONE,0.0,0.0,0.0,0.0,0.0,0.5,False
WS_10817,HOST,0,NONE,0.0,0.0,0.0,0.0,0.0,0.5,False
LPT-12634.corp.local,HOST,0,NONE,0.0,1.0,0.0,0.0,0.4,0.5,False
WS-11871,HOST,0,NONE,0.0,1.0,2.0,0.0,1.0,0.5,False
LPT-11569.corp.local,HOST,0,NONE,0.0,0.0,0.0,0.0,0.0,0.5,False
VDR-12487,HOST,2,FIREWALL_DENY|ENDPOINT,0.0,3.0,4.0,0.0,2.4,0.8,True
WS_12108,HOST,0,NONE,0.0,0.0,0.0,0.0,0.0,0.5,False
LPT_10114,HOST,0,NONE,0.0,0.0,0.0,0.0,0.0,0.5,False
LPT_12299,HOST,0,NONE,0.0,0.0,0.0,0.0,0.0,0.5,False
LPT-11736,HOST,1,ENDPOINT,0.0,1.0,3.0,0.0,1.3,0.65,False
LPT-12068.corp.local,HOST,0,NONE,0.0,1.0,0.0,0.0,0.4,0.5,False
ws-10305,HOST,0,NONE,0.0,1.0,0.0,0.0,0.4,0.5,False
WS-10695.corp.local,HOST,0,NONE,0.0,1.0,0.0,0.0,0.4,0.5,False
ws-10189,HOST,0,NONE,0.0,0.0,0.0,0.0,0.0,0.5,False
lpt-10575,HOST,0,NONE,0.0,1.0,0.0,0.0,0.4,0.5,False
LPT-12672,HOST,2,FIREWALL_DENY|ENDPOINT,0.0,4.0,3.0,0.0,2.5,0.8,True
VDR-10861.corp.local,HOST,0,NONE,0.0,0.0,0.0,0.0,0.0,0.5,False
LPT-11311,HOST,0,NONE,0.0,1.0,2.0,0.0,1.0,0.5,False
LPT-12783.corp.local,HOST,0,NONE,0.0,0.0,0.0,0.0,0.0,0.5,False
WS-11677,HOST,2,FIREWALL_DENY|ENDPOINT,0.0,3.0,3.0,0.0,2.1,0.8,True
ws-10784,HOST,0,NONE,0.0,1.0,0.0,0.0,0.4,0.5,False
WS-12206,HOST,2,FIREWALL_DENY|ENDPOINT,0.0,3.0,4.0,0.0,2.4,0.8,True
LPT-12249,HOST,0,NONE,0.0,0.0,2.0,0.0,0.6,0.5,False
VDR-12021,HOST,0,NONE,0.0,0.0,2.0,0.0,0.6,0.5,False
WS-10359,HOST,1,ENDPOINT,0.0,1.0,3.0,0.0,1.3,0.65,False
vdr-11394,HOST,0,NONE,0.0,0.0,0.0,0.0,0.0,0.5,False
WS-11761,HOST,1,ENDPOINT,0.0,2.0,4.0,0.0,2.0,0.65,False
ws-11750,HOST,0,NONE,0.0,0.0,0.0,0.0,0.0,0.5,False
LPT-11569,HOST,1,ENDPOINT,0.0,0.0,3.0,0.0,0.9,0.65,False
WS-10839,HOST,0,NONE,0.0,0.0,1.0,0.0,0.3,0.5,False
LPT-10551,HOST,1,ENDPOINT,0.0,0.0,3.0,0.0,0.9,0.65,False
WS-11738,HOST,0,NONE,0.0,1.0,1.0,0.0,0.7,0.5,False
WS_12371,HOST,0,NONE,0.0,1.0,0.0,0.0,0.4,0.5,False
WS-12914,HOST,0,NONE,0.0,1.0,2.0,0.0,1.0,0.5,False
WS-10994.corp.local,HOST,0,NONE,0.0,0.0,0.0,0.0,0.0,0.5,False
WS_11211,HOST,0,NONE,0.0,0.0,0.0,0.0,0.0,0.5,False
VDR_12284,HOST,0,NONE,0.0,0.0,0.0,0.0,0.0,0.5,False
LPT-11054,HOST,1,ENDPOINT,0.0,1.0,3.0,0.0,1.3,0.65,False
LPT-12885.corp.local,HOST,0,NONE,0.0,1.0,0.0,0.0,0.4,0.5,False
lpt-12754,HOST,0,NONE,0.0,1.0,0.0,0.0,0.4,0.5,False
WS-12244,HOST,0,NONE,0.0,1.0,2.0,0.0,1.0,0.5,False
WS-12345.corp.local,HOST,0,NONE,0.0,0.0,0.0,0.0,0.0,0.5,False
vdr-10642,HOST,0,NONE,0.0,1.0,0.0,0.0,0.4,0.5,False
lpt-11432,HOST,0,NONE,0.0,0.0,0.0,0.0,0.0,0.5,False
WS-10415,HOST,0,NONE,0.0,2.0,1.0,0.0,1.1,0.5,False
VDR_11684,HOST,0,NONE,0.0,0.0,0.0,0.0,0.0,0.5,False
lpt-10055,HOST,0,NONE,0.0,0.0,0.0,0.0,0.0,0.5,False
WS-12478.corp.local,HOST,0,NONE,0.0,0.0,0.0,0.0,0.0,0.5,False
LPT-12407,HOST,0,NONE,0.0,2.0,2.0,0.0,1.4,0.5,False
LPT-11552,HOST,0,NONE,0.0,0.0,0.0,0.0,0.0,0.5,False
VDR-10780,HOST,0,NONE,0.0,2.0,1.0,0.0,1.1,0.5,False
ws-10552,HOST,0,NONE,0.0,1.0,0.0,0.0,0.4,0.5,False
LPT_11109,HOST,0,NONE,0.0,0.0,0.0,0.0,0.0,0.5,False
VDR_12464,HOST,0,NONE,0.0,0.0,0.0,0.0,0.0,0.5,False
LPT-10646,HOST,0,NONE,0.0,0.0,1.0,0.0,0.3,0.5,False
LPT-10125.corp.local,HOST,0,NONE,0.0,1.0,0.0,0.0,0.4,0.5,False
LPT-11204,HOST,2,FIREWALL_DENY|ENDPOINT,0.0,3.0,4.0,0.0,2.4,0.8,True
WS-12392,HOST,2,FIREWALL_DENY|ENDPOINT,0.0,5.0,3.0,0.0,2.9,0.8,True
LPT-12960.corp.local,HOST,0,NONE,0.0,1.0,0.0,0.0,0.4,0.5,False
ws-10911,HOST,0,NONE,0.0,0.0,0.0,0.0,0.0,0.5,False
ws-12753,HOST,0,NONE,0.0,0.0,0.0,0.0,0.0,0.5,False
lpt-10198,HOST,0,NONE,0.0,0.0,0.0,0.0,0.0,0.5,False
LPT_10537,HOST,0,NONE,0.0,0.0,0.0,0.0,0.0,0.5,False
LPT-11054.corp.local,HOST,0,NONE,0.0,0.0,0.0,0.0,0.0,0.5,False
WS-11233,HOST,1,ENDPOINT,0.0,1.0,4.0,0.0,1.6,0.65,False
vdr-12497,HOST,0,NONE,0.0,0.0,0.0,0.0,0.0,0.5,False
VDR-10123.corp.local,HOST,0,NONE,0.0,0.0,0.0,0.0,0.0,0.5,False
LPT-10755.corp.local,HOST,0,NONE,0.0,0.0,0.0,0.0,0.0,0.5,False
WS_10442,HOST,0,NONE,0.0,1.0,0.0,0.0,0.4,0.5,False
LPT-11346,HOST,1,ENDPOINT,0.0,1.0,6.0,0.0,2.2,0.65,False
WS_11782,HOST,0,NONE,0.0,1.0,0.0,0.0,0.4,0.5,False
vdr-11177,HOST,0,NONE,0.0,0.0,0.0,0.0,0.0,0.5,False
WS-10070,HOST,0,NONE,0.0,1.0,1.0,0.0,0.7,0.5,False
WS_12288,HOST,0,NONE,0.0,0.0,0.0,0.0,0.0,0.5,False
LPT-10752.corp.local,HOST,0,NONE,0.0,1.0,0.0,0.0,0.4,0.5,False
VDR-12986,HOST,0,NONE,0.0,2.0,2.0,0.0,1.4,0.5,False
LPT-10141.corp.local,HOST,0,NONE,0.0,0.0,0.0,0.0,0.0,0.5,False
vdr-11525,HOST,0,NONE,0.0,1.0,0.0,0.0,0.4,0.5,False
WS-10530,HOST,0,NONE,0.0,2.0,1.0,0.0,1.1,0.5,False
lpt-11290,HOST,0,NONE,0.0,0.0,0.0,0.0,0.0,0.5,False
WS-12957,HOST,0,NONE,0.0,2.0,1.0,0.0,1.1,0.5,False
VDR-12436,HOST,0,NONE,0.0,1.0,2.0,0.0,1.0,0.5,False
LPT-11235.corp.local,HOST,0,NONE,0.0,0.0,0.0,0.0,0.0,0.5,False
LPT_12877,HOST,0,NONE,0.0,0.0,0.0,0.0,0.0,0.5,False
vdr-10404,HOST,0,NONE,0.0,0.0,0.0,0.0,0.0,0.5,False
LPT-12470.corp.local,HOST,0,NONE,0.0,0.0,0.0,0.0,0.0,0.5,False
ws-11923,HOST,0,NONE,0.0,1.0,0.0,0.0,0.4,0.5,False
vdr-12358,HOST,0,NONE,0.0,1.0,0.0,0.0,0.4,0.5,False
WS-11723.,HOST,0,NONE,0.0,0.0,0.0,0.0,0.0,0.5,False
WS_12605,HOST,0,NONE,0.0,0.0,0.0,0.0,0.0,0.5,False
WS-10827,HOST,1,ENDPOINT,0.0,0.0,3.0,0.0,0.9,0.65,False
VDR_12588,HOST,0,NONE,0.0,1.0,0.0,0.0,0.4,0.5,False
WS-11301.corp.local,HOST,0,NONE,0.0,0.0,0.0,0.0,0.0,0.5,False
LPT-11824.corp.local,HOST,0,NONE,0.0,0.0,0.0,0.0,0.0,0.5,False
WS-10137,HOST,1,ENDPOINT,0.0,0.0,4.0,0.0,1.2,0.65,False
ws-12720,HOST,0,NONE,0.0,0.0,0.0,0.0,0.0,0.5,False
lpt-11016,HOST,0,NONE,0.0,0.0,0.0,0.0,0.0,0.5,False
LPT-11662.corp.local,HOST,0,NONE,0.0,0.0,0.0,0.0,0.0,0.5,False
WS-12717.corp.local,HOST,0,NONE,0.0,0.0,0.0,0.0,0.0,0.5,False
LPT-12547.corp.local,HOST,0,NONE,0.0,0.0,0.0,0.0,0.0,0.5,False
WS-10582.corp.local,HOST,0,NONE,0.0,0.0,0.0,0.0,0.0,0.5,False
VDR-10877.corp.local,HOST,0,NONE,0.0,0.0,0.0,0.0,0.0,0.5,False
WS-10926,HOST,0,NONE,0.0,1.0,2.0,0.0,1.0,0.5,False
WS-10149,HOST,0,NONE,0.0,0.0,0.0,0.0,0.0,0.5,False
lpt-10545,HOST,0,NONE,0.0,1.0,0.0,0.0,0.4,0.5,False
VDR-11339,HOST,1,ENDPOINT,0.0,0.0,3.0,0.0,0.9,0.65,False
VDR-11188.corp.local,HOST,0,NONE,0.0,0.0,0.0,0.0,0.0,0.5,False
VDR-10601.corp.local,HOST,0,NONE,0.0,1.0,0.0,0.0,0.4,0.5,False
VDR_12034,HOST,0,NONE,0.0,0.0,0.0,0.0,0.0,0.5,False
VDR-10937,HOST,1,FIREWALL_DENY,0.0,3.0,2.0,0.0,1.8,0.65,False
LPT-10103,HOST,1,FIREWALL_DENY,0.0,5.0,0.0,0.0,2.0,0.65,False
ws-10163,HOST,0,NONE,0.0,0.0,0.0,0.0,0.0,0.5,False
LPT_12607,HOST,0,NONE,0.0,0.0,0.0,0.0,0.0,0.5,False
WS_11296,HOST,0,NONE,0.0,0.0,0.0,0.0,0.0,0.5,False
VDR-12847.corp.local,HOST,0,NONE,0.0,1.0,0.0,0.0,0.4,0.5,False
VDR-11083.corp.local,HOST,0,NONE,0.0,0.0,0.0,0.0,0.0,0.5,False
WS-10553,HOST,2,FIREWALL_DENY|ENDPOINT,0.0,3.0,4.0,0.0,2.4,0.8,True
VDR-11413,HOST,1,ENDPOINT,0.0,1.0,3.0,0.0,1.3,0.65,False
WS_12041,HOST,0,NONE,0.0,0.0,0.0,0.0,0.0,0.5,False
WS-10494,HOST,1,ENDPOINT,0.0,0.0,3.0,0.0,0.9,0.65,False
LPT-10041,HOST,1,ENDPOINT,0.0,1.0,7.0,0.0,2.5,0.65,False
LPT_10290,HOST,0,NONE,0.0,0.0,0.0,0.0,0.0,0.5,False
VDR-10952.,HOST,0,NONE,0.0,0.0,0.0,0.0,0.0,0.5,False
LPT-11674,HOST,1,ENDPOINT,0.0,2.0,3.0,0.0,1.7,0.65,False
LPT_11202,HOST,0,NONE,0.0,0.0,0.0,0.0,0.0,0.5,False
VDR-11247,HOST,1,ENDPOINT,0.0,2.0,3.0,0.0,1.7,0.65,False
vdr-11066,HOST,0,NONE,0.0,1.0,0.0,0.0,0.4,0.5,False
ws-12984,HOST,0,NONE,0.0,0.0,0.0,0.0,0.0,0.5,False
LPT_12795,HOST,0,NONE,0.0,0.0,0.0,0.0,0.0,0.5,False
lpt-12860,HOST,0,NONE,0.0,0.0,0.0,0.0,0.0,0.5,False
ws-10453,HOST,0,NONE,0.0,0.0,0.0,0.0,0.0,0.5,False
WS_12726,HOST,0,NONE,0.0,0.0,0.0,0.0,0.0,0.5,False
VDR-12825.corp.local,HOST,0,NONE,0.0,0.0,0.0,0.0,0.0,0.5,False
VDR-12598.corp.local,HOST,0,NONE,0.0,0.0,0.0,0.0,0.0,0.5,False
ws-10722,HOST,0,NONE,0.0,0.0,0.0,0.0,0.0,0.5,False
WS_10413,HOST,0,NONE,0.0,1.0,0.0,0.0,0.4,0.5,False
vdr-10715,HOST,0,NONE,0.0,0.0,0.0,0.0,0.0,0.5,False
lpt-10522,HOST,0,NONE,0.0,2.0,0.0,0.0,0.8,0.5,False
lpt-12708,HOST,0,NONE,0.0,0.0,0.0,0.0,0.0,0.5,False
lpt-12470,HOST,0,NONE,0.0,1.0,0.0,0.0,0.4,0.5,False
WS_12887,HOST,0,NONE,0.0,0.0,0.0,0.0,0.0,0.5,False
VDR-11797,HOST,1,ENDPOINT,0.0,2.0,3.0,0.0,1.7,0.65,False
lpt-10194,HOST,0,NONE,0.0,1.0,0.0,0.0,0.4,0.5,False
VDR-10480,HOST,1,ENDPOINT,0.0,2.0,3.0,0.0,1.7,0.65,False
LPT-10327,HOST,1,ENDPOINT,0.0,0.0,3.0,0.0,0.9,0.65,False
VDR-12558.corp.local,HOST,0,NONE,0.0,0.0,0.0,0.0,0.0,0.5,False
vdr-10299,HOST,0,NONE,0.0,0.0,0.0,0.0,0.0,0.5,False
vdr-11482,HOST,0,NONE,0.0,1.0,0.0,0.0,0.4,0.5,False
vdr-12218,HOST,0,NONE,0.0,0.0,0.0,0.0,0.0,0.5,False
ws-10137,HOST,0,NONE,0.0,1.0,0.0,0.0,0.4,0.5,False
LPT_10731,HOST,0,NONE,0.0,1.0,0.0,0.0,0.4,0.5,False
LPT_12132,HOST,0,NONE,0.0,1.0,0.0,0.0,0.4,0.5,False
WS-11878,HOST,1,FIREWALL_DENY,0.0,4.0,1.0,0.0,1.9,0.65,False
VDR-12797.corp.local,HOST,0,NONE,0.0,0.0,0.0,0.0,0.0,0.5,False
LPT-10538,HOST,1,ENDPOINT,0.0,0.0,4.0,0.0,1.2,0.65,False
LPT-12354.corp.local,HOST,0,NONE,0.0,0.0,0.0,0.0,0.0,0.5,False
VDR-11479.corp.local,HOST,0,NONE,0.0,0.0,0.0,0.0,0.0,0.5,False
LPT-10745.corp.local,HOST,0,NONE,0.0,0.0,0.0,0.0,0.0,0.5,False
LPT-10133,HOST,1,ENDPOINT,0.0,1.0,3.0,0.0,1.3,0.65,False
VDR-12928,HOST,1,FIREWALL_DENY,0.0,4.0,1.0,0.0,1.9,0.65,False
LPT-10378.corp.local,HOST,0,NONE,0.0,0.0,0.0,0.0,0.0,0.5,False
VDR-12148,HOST,2,FIREWALL_DENY|ENDPOINT,0.0,4.0,3.0,0.0,2.5,0.8,True
WS-10505,HOST,1,ENDPOINT,0.0,1.0,3.0,0.0,1.3,0.65,False
VDR-10555.corp.local,HOST,0,NONE,0.0,1.0,0.0,0.0,0.4,0.5,False
VDR-12811,HOST,1,FIREWALL_DENY,0.0,3.0,0.0,0.0,1.2,0.65,False
vdr-10427,HOST,0,NONE,0.0,0.0,0.0,0.0,0.0,0.5,False
WS-11814,HOST,0,NONE,0.0,2.0,2.0,0.0,1.4,0.5,False
VDR_12983,HOST,0,NONE,0.0,0.0,0.0,0.0,0.0,0.5,False
WS-11514,HOST,1,ENDPOINT,0.0,2.0,3.0,0.0,1.7,0.65,False
VDR-10684.corp.local,HOST,0,NONE,0.0,0.0,0.0,0.0,0.0,0.5,False
VDR_10535,HOST,0,NONE,0.0,0.0,0.0,0.0,0.0,0.5,False
VDR-11316.corp.local,HOST,0,NONE,0.0,0.0,0.0,0.0,0.0,0.5,False
LPT_11259,HOST,0,NONE,0.0,0.0,0.0,0.0,0.0,0.5,False
VDR-12052,HOST,0,NONE,0.0,2.0,1.0,0.0,1.1,0.5,False
WS-10578,HOST,1,ENDPOINT,0.0,0.0,4.0,0.0,1.2,0.65,False
WS-12515.,HOST,0,NONE,0.0,0.0,0.0,0.0,0.0,0.5,False
WS-11469.corp.local,HOST,0,NONE,0.0,0.0,0.0,0.0,0.0,0.5,False
WS-12125,HOST,1,FIREWALL_DENY,0.0,4.0,1.0,0.0,1.9,0.65,False
LPT-11452.corp.local,HOST,0,NONE,0.0,0.0,0.0,0.0,0.0,0.5,False
VDR-11943,HOST,1,ENDPOINT,0.0,1.0,5.0,0.0,1.9,0.65,False
WS-11323.corp.local,HOST,0,NONE,0.0,0.0,0.0,0.0,0.0,0.5,False
lpt-11238,HOST,0,NONE,0.0,0.0,0.0,0.0,0.0,0.5,False
ws-12666,HOST,0,NONE,0.0,0.0,0.0,0.0,0.0,0.5,False
lpt-10001,HOST,0,NONE,0.0,0.0,0.0,0.0,0.0,0.5,False
WS-11110,HOST,1,FIREWALL_DENY,0.0,7.0,1.0,0.0,3.1,0.65,False
ws-10829,HOST,0,NONE,0.0,0.0,0.0,0.0,0.0,0.5,False
vdr-10947,HOST,0,NONE,0.0,0.0,0.0,0.0,0.0,0.5,False
VDR-12335.corp.local,HOST,0,NONE,0.0,1.0,0.0,0.0,0.4,0.5,False
WS_11905,HOST,0,NONE,0.0,0.0,0.0,0.0,0.0,0.5,False
ws-10432,HOST,0,NONE,0.0,1.0,0.0,0.0,0.4,0.5,False
WS-10115,HOST,0,NONE,0.0,1.0,2.0,0.0,1.0,0.5,False
WS-12194,HOST,0,NONE,0.0,1.0,2.0,0.0,1.0,0.5,False
WS-11347.,HOST,0,NONE,0.0,0.0,0.0,0.0,0.0,0.5,False
ws-10803,HOST,0,NONE,0.0,0.0,0.0,0.0,0.0,0.5,False
LPT-12291,HOST,1,ENDPOINT,0.0,2.0,4.0,0.0,2.0,0.65,False
ws-10706,HOST,0,NONE,0.0,0.0,0.0,0.0,0.0,0.5,False
WS-11496.corp.local,HOST,0,NONE,0.0,0.0,0.0,0.0,0.0,0.5,False
lpt-10779,HOST,0,NONE,0.0,0.0,0.0,0.0,0.0,0.5,False
WS-11075,HOST,1,ENDPOINT,0.0,0.0,3.0,0.0,0.9,0.65,False
ws-12136,HOST,0,NONE,0.0,0.0,0.0,0.0,0.0,0.5,False
vdr-12152,HOST,0,NONE,0.0,0.0,0.0,0.0,0.0,0.5,False
WS-12726,HOST,0,NONE,0.0,1.0,2.0,0.0,1.0,0.5,False
WS-10408.corp.local,HOST,0,NONE,0.0,1.0,0.0,0.0,0.4,0.5,False
vdr-11215,HOST,0,NONE,0.0,0.0,0.0,0.0,0.0,0.5,False
VDR-12151,HOST,0,NONE,0.0,0.0,0.0,0.0,0.0,0.5,False
LPT-11558,HOST,1,ENDPOINT,0.0,1.0,7.0,0.0,2.5,0.65,False
WS-11422,HOST,1,ENDPOINT,0.0,2.0,3.0,0.0,1.7,0.65,False
VDR-10502.corp.local,HOST,0,NONE,0.0,0.0,0.0,0.0,0.0,0.5,False
LPT-11368,HOST,0,NONE,0.0,2.0,2.0,0.0,1.4,0.5,False
VDR-11592,HOST,2,FIREWALL_DENY|ENDPOINT,0.0,3.0,4.0,0.0,2.4,0.8,True
LPT_12257,HOST,0,NONE,0.0,0.0,0.0,0.0,0.0,0.5,False
ws-12230,HOST,0,NONE,0.0,0.0,0.0,0.0,0.0,0.5,False
vdr-11858,HOST,0,NONE,0.0,0.0,0.0,0.0,0.0,0.5,False
LPT-11528,HOST,1,ENDPOINT,0.0,1.0,3.0,0.0,1.3,0.65,False
WS-12495.corp.local,HOST,0,NONE,0.0,0.0,0.0,0.0,0.0,0.5,False
lpt-11862,HOST,0,NONE,0.0,0.0,0.0,0.0,0.0,0.5,False
VDR-10346.corp.local,HOST,0,NONE,0.0,0.0,0.0,0.0,0.0,0.5,False
WS-10352.corp.local,HOST,0,NONE,0.0,0.0,0.0,0.0,0.0,0.5,False
LPT-11114.corp.local,HOST,0,NONE,0.0,1.0,0.0,0.0,0.4,0.5,False
LPT-11357,HOST,1,ENDPOINT,0.0,0.0,3.0,0.0,0.9,0.65,False
vdr-11757,HOST,0,NONE,0.0,0.0,0.0,0.0,0.0,0.5,False
vdr-11264,HOST,0,NONE,0.0,0.0,0.0,0.0,0.0,0.5,False
VDR_11600,HOST,0,NONE,0.0,1.0,0.0,0.0,0.4,0.5,False
VDR-12073,HOST,2,FIREWALL_DENY|ENDPOINT,0.0,5.0,7.0,0.0,4.1,0.8,True
ws-12084,HOST,0,NONE,0.0,0.0,0.0,0.0,0.0,0.5,False
WS_12062,HOST,0,NONE,0.0,1.0,0.0,0.0,0.4,0.5,False
WS-11203,HOST,0,NONE,0.0,1.0,0.0,0.0,0.4,0.5,False
lpt-11197,HOST,0,NONE,0.0,0.0,0.0,0.0,0.0,0.5,False
ws-10265,HOST,0,NONE,0.0,0.0,0.0,0.0,0.0,0.5,False
LPT-11029,HOST,0,NONE,0.0,0.0,1.0,0.0,0.3,0.5,False
LPT-12824,HOST,0,NONE,0.0,2.0,1.0,0.0,1.1,0.5,False
WS-11397,HOST,1,ENDPOINT,0.0,2.0,6.0,0.0,2.6,0.65,False
ws-11503,HOST,0,NONE,0.0,1.0,0.0,0.0,0.4,0.5,False
ws-11390,HOST,0,NONE,0.0,1.0,0.0,0.0,0.4,0.5,False
VDR-12222,HOST,1,ENDPOINT,0.0,1.0,5.0,0.0,1.9,0.65,False
VDR_10230,HOST,0,NONE,0.0,1.0,0.0,0.0,0.4,0.5,False
LPT-11185,HOST,0,NONE,0.0,2.0,1.0,0.0,1.1,0.5,False
VDR_10249,HOST,0,NONE,0.0,1.0,0.0,0.0,0.4,0.5,False
WS-12072.corp.local,HOST,0,NONE,0.0,1.0,0.0,0.0,0.4,0.5,False
LPT-11476,HOST,0,NONE,0.0,2.0,2.0,0.0,1.4,0.5,False
LPT-12965,HOST,2,FIREWALL_DENY|ENDPOINT,0.0,3.0,4.0,0.0,2.4,0.8,True
WS-11895.corp.local,HOST,0,NONE,0.0,0.0,0.0,0.0,0.0,0.5,False
VDR-11152,HOST,1,ENDPOINT,0.0,2.0,4.0,0.0,2.0,0.65,False
LPT-12652.corp.local,HOST,0,NONE,0.0,0.0,0.0,0.0,0.0,0.5,False
WS-10866.corp.local,HOST,0,NONE,0.0,0.0,0.0,0.0,0.0,0.5,False
VDR_11249,HOST,0,NONE,0.0,0.0,0.0,0.0,0.0,0.5,False
VDR-11586.corp.local,HOST,0,NONE,0.0,1.0,0.0,0.0,0.4,0.5,False
VDR_11991,HOST,0,NONE,0.0,0.0,0.0,0.0,0.0,0.5,False
LPT-11028.,HOST,0,NONE,0.0,0.0,0.0,0.0,0.0,0.5,False
VDR-11236.corp.local,HOST,0,NONE,0.0,0.0,0.0,0.0,0.0,0.5,False
ws-11397,HOST,0,NONE,0.0,0.0,0.0,0.0,0.0,0.5,False
VDR-10060,HOST,1,ENDPOINT,0.0,0.0,5.0,0.0,1.5,0.65,False
LPT-11484,HOST,1,ENDPOINT,0.0,0.0,3.0,0.0,0.9,0.65,False
LPT-10423.corp.local,HOST,0,NONE,0.0,0.0,0.0,0.0,0.0,0.5,False
ws-11623,HOST,0,NONE,0.0,0.0,0.0,0.0,0.0,0.5,False
LPT_12024,HOST,0,NONE,0.0,1.0,0.0,0.0,0.4,0.5,False
lpt-12786,HOST,0,NONE,0.0,0.0,0.0,0.0,0.0,0.5,False
WS-10938.corp.local,HOST,0,NONE,0.0,0.0,0.0,0.0,0.0,0.5,False
ws-10307,HOST,0,NONE,0.0,0.0,0.0,0.0,0.0,0.5,False
WS-10958,HOST,0,NONE,0.0,1.0,2.0,0.0,1.0,0.5,False
ws-12793,HOST,0,NONE,0.0,0.0,0.0,0.0,0.0,0.5,False
vdr-12126,HOST,0,NONE,0.0,0.0,0.0,0.0,0.0,0.5,False
LPT_10751,HOST,0,NONE,0.0,0.0,0.0,0.0,0.0,0.5,False
WS-10737,HOST,0,NONE,0.0,0.0,2.0,0.0,0.6,0.5,False
VDR-11099,HOST,1,ENDPOINT,0.0,0.0,3.0,0.0,0.9,0.65,False
ws-10999,HOST,0,NONE,0.0,0.0,0.0,0.0,0.0,0.5,False
WS_12359,HOST,0,NONE,0.0,0.0,0.0,0.0,0.0,0.5,False
vdr-10208,HOST,0,NONE,0.0,0.0,0.0,0.0,0.0,0.5,False
LPT-11909,HOST,0,NONE,0.0,2.0,2.0,0.0,1.4,0.5,False
LPT-11891,HOST,0,NONE,0.0,1.0,1.0,0.0,0.7,0.5,False
LPT_11631,HOST,0,NONE,0.0,0.0,0.0,0.0,0.0,0.5,False
WS_10566,HOST,0,NONE,0.0,0.0,0.0,0.0,0.0,0.5,False
VDR-10207.corp.local,HOST,0,NONE,0.0,0.0,0.0,0.0,0.0,0.5,False
VDR-11883,HOST,0,NONE,0.0,0.0,2.0,0.0,0.6,0.5,False
LPT-12609.corp.local,HOST,0,NONE,0.0,0.0,0.0,0.0,0.0,0.5,False
lpt-10006,HOST,0,NONE,0.0,1.0,0.0,0.0,0.4,0.5,False
VDR-12156,HOST,1,FIREWALL_DENY,0.0,4.0,2.0,0.0,2.2,0.65,False
LPT-11920,HOST,0,NONE,0.0,2.0,2.0,0.0,1.4,0.5,False
VDR-11592.corp.local,HOST,0,NONE,0.0,0.0,0.0,0.0,0.0,0.5,False
LPT_11655,HOST,0,NONE,0.0,0.0,0.0,0.0,0.0,0.5,False
VDR_10231,HOST,0,NONE,0.0,0.0,0.0,0.0,0.0,0.5,False
VDR-12336,HOST,1,ENDPOINT,0.0,2.0,4.0,0.0,2.0,0.65,False
lpt-12672,HOST,0,NONE,0.0,0.0,0.0,0.0,0.0,0.5,False
LPT-10104.corp.local,HOST,0,NONE,0.0,1.0,0.0,0.0,0.4,0.5,False
WS_11078,HOST,0,NONE,0.0,1.0,0.0,0.0,0.4,0.5,False
LPT_11409,HOST,0,NONE,0.0,0.0,0.0,0.0,0.0,0.5,False
vdr-11650,HOST,0,NONE,0.0,0.0,0.0,0.0,0.0,0.5,False
lpt-12615,HOST,0,NONE,0.0,0.0,0.0,0.0,0.0,0.5,False
VDR-10914,HOST,2,FIREWALL_DENY|ENDPOINT,0.0,3.0,6.0,0.0,3.0,0.8,True
VDR-11767,HOST,0,NONE,0.0,1.0,2.0,0.0,1.0,0.5,False
VDR-10510.corp.local,HOST,0,NONE,0.0,2.0,0.0,0.0,0.8,0.5,False
ws-12363,HOST,0,NONE,0.0,1.0,0.0,0.0,0.4,0.5,False
WS-10288.corp.local,HOST,0,NONE,0.0,1.0,0.0,0.0,0.4,0.5,False
WS-12902,HOST,1,FIREWALL_DENY,0.0,3.0,2.0,0.0,1.8,0.65,False
WS-12390,HOST,0,NONE,0.0,2.0,2.0,0.0,1.4,0.5,False
VDR-11703,HOST,0,NONE,0.0,1.0,2.0,0.0,1.0,0.5,False
LPT-12600,HOST,1,ENDPOINT,0.0,1.0,3.0,0.0,1.3,0.65,False
WS_10932,HOST,0,NONE,0.0,0.0,0.0,0.0,0.0,0.5,False
LPT-10403,HOST,1,ENDPOINT,0.0,0.0,6.0,0.0,1.8,0.65,False
lpt-11376,HOST,0,NONE,0.0,0.0,0.0,0.0,0.0,0.5,False
vdr-11231,HOST,0,NONE,0.0,1.0,0.0,0.0,0.4,0.5,False
ws-11443,HOST,0,NONE,0.0,0.0,0.0,0.0,0.0,0.5,False
VDR-12333,HOST,1,FIREWALL_DENY,0.0,3.0,2.0,0.0,1.8,0.65,False
VDR-11822,HOST,1,ENDPOINT,0.0,1.0,3.0,0.0,1.3,0.65,False
VDR_10519,HOST,0,NONE,0.0,0.0,0.0,0.0,0.0,0.5,False
LPT-11857.corp.local,HOST,0,NONE,0.0,0.0,0.0,0.0,0.0,0.5,False
lpt-10440,HOST,0,NONE,0.0,0.0,0.0,0.0,0.0,0.5,False
LPT-10728.corp.local,HOST,0,NONE,0.0,1.0,0.0,0.0,0.4,0.5,False
WS-12072,HOST,0,NONE,0.0,0.0,2.0,0.0,0.6,0.5,False
LPT-11175,HOST,1,ENDPOINT,0.0,0.0,6.0,0.0,1.8,0.65,False
WS-10997.corp.local,HOST,0,NONE,0.0,0.0,0.0,0.0,0.0,0.5,False
WS-11545,HOST,1,ENDPOINT,0.0,1.0,4.0,0.0,1.6,0.65,False
vdr-12972,HOST,0,NONE,0.0,0.0,0.0,0.0,0.0,0.5,False
VDR-10947,HOST,0,NONE,0.0,1.0,1.0,0.0,0.7,0.5,False
VDR-10322.corp.local,HOST,0,NONE,0.0,0.0,0.0,0.0,0.0,0.5,False
vdr-12333,HOST,0,NONE,0.0,0.0,0.0,0.0,0.0,0.5,False
LPT-11156,HOST,0,NONE,0.0,2.0,1.0,0.0,1.1,0.5,False
lpt-11488,HOST,0,NONE,0.0,0.0,0.0,0.0,0.0,0.5,False
VDR-11231,HOST,0,NONE,0.0,2.0,0.0,0.0,0.8,0.5,False
VDR-12302.corp.local,HOST,0,NONE,0.0,0.0,0.0,0.0,0.0,0.5,False
WS-10185,HOST,0,NONE,0.0,2.0,2.0,0.0,1.4,0.5,False
LPT_10405,HOST,0,NONE,0.0,1.0,0.0,0.0,0.4,0.5,False
LPT-10188,HOST,1,FIREWALL_DENY,0.0,3.0,2.0,0.0,1.8,0.65,False
ws-11049,HOST,0,NONE,0.0,1.0,0.0,0.0,0.4,0.5,False
vdr-12076,HOST,0,NONE,0.0,0.0,0.0,0.0,0.0,0.5,False
LPT-11741.corp.local,HOST,0,NONE,0.0,1.0,0.0,0.0,0.4,0.5,False
ws-10338,HOST,0,NONE,0.0,1.0,0.0,0.0,0.4,0.5,False
vdr-11507,HOST,0,NONE,0.0,0.0,0.0,0.0,0.0,0.5,False
VDR-12949,HOST,1,ENDPOINT,0.0,1.0,5.0,0.0,1.9,0.65,False
VDR-11581,HOST,2,FIREWALL_DENY|ENDPOINT,0.0,6.0,3.0,0.0,3.3,0.8,True
LPT-12737,HOST,1,ENDPOINT,0.0,1.0,3.0,0.0,1.3,0.65,False
lpt-11501,HOST,0,NONE,0.0,0.0,0.0,0.0,0.0,0.5,False
VDR_10768,HOST,0,NONE,0.0,0.0,0.0,0.0,0.0,0.5,False
LPT_12767,HOST,0,NONE,0.0,0.0,0.0,0.0,0.0,0.5,False
VDR-10285,HOST,1,ENDPOINT,0.0,1.0,3.0,0.0,1.3,0.65,False
VDR_12880,HOST,0,NONE,0.0,0.0,0.0,0.0,0.0,0.5,False
VDR-12665.corp.local,HOST,0,NONE,0.0,1.0,0.0,0.0,0.4,0.5,False
lpt-12347,HOST,0,NONE,0.0,0.0,0.0,0.0,0.0,0.5,False
VDR-11142.corp.local,HOST,0,NONE,0.0,0.0,0.0,0.0,0.0,0.5,False
WS_12496,HOST,0,NONE,0.0,0.0,0.0,0.0,0.0,0.5,False
VDR_12490,HOST,0,NONE,0.0,1.0,0.0,0.0,0.4,0.5,False
ws-11864,HOST,0,NONE,0.0,2.0,0.0,0.0,0.8,0.5,False
LPT-10405,HOST,0,NONE,0.0,2.0,2.0,0.0,1.4,0.5,False
LPT-11993.corp.local,HOST,0,NONE,0.0,0.0,0.0,0.0,0.0,0.5,False
LPT-10360.corp.local,HOST,0,NONE,0.0,1.0,0.0,0.0,0.4,0.5,False
vdr-12770,HOST,0,NONE,0.0,0.0,0.0,0.0,0.0,0.5,False
LPT-12149,HOST,0,NONE,0.0,2.0,2.0,0.0,1.4,0.5,False
WS-10432,HOST,0,NONE,0.0,0.0,2.0,0.0,0.6,0.5,False
VDR-12956,HOST,0,NONE,0.0,2.0,1.0,0.0,1.1,0.5,False
LPT-12158,HOST,0,NONE,0.0,1.0,2.0,0.0,1.0,0.5,False
LPT-10815.corp.local,HOST,0,NONE,0.0,1.0,0.0,0.0,0.4,0.5,False
VDR-12896.,HOST,0,NONE,0.0,0.0,0.0,0.0,0.0,0.5,False
VDR-12709,HOST,0,NONE,0.0,2.0,1.0,0.0,1.1,0.5,False
vdr-11298,HOST,0,NONE,0.0,0.0,0.0,0.0,0.0,0.5,False
WS_12390,HOST,0,NONE,0.0,0.0,0.0,0.0,0.0,0.5,False
LPT_11204,HOST,0,NONE,0.0,1.0,0.0,0.0,0.4,0.5,False
LPT_12099,HOST,0,NONE,0.0,1.0,0.0,0.0,0.4,0.5,False
vdr-10942,HOST,0,NONE,0.0,1.0,0.0,0.0,0.4,0.5,False
lpt-12271,HOST,0,NONE,0.0,0.0,0.0,0.0,0.0,0.5,False
lpt-11271,HOST,0,NONE,0.0,0.0,0.0,0.0,0.0,0.5,False
LPT-11751,HOST,2,FIREWALL_DENY|ENDPOINT,0.0,3.0,5.0,0.0,2.7,0.8,True
vdr-10910,HOST,0,NONE,0.0,0.0,0.0,0.0,0.0,0.5,False
VDR-10558.corp.local,HOST,0,NONE,0.0,0.0,0.0,0.0,0.0,0.5,False
WS_12401,HOST,0,NONE,0.0,0.0,0.0,0.0,0.0,0.5,False
WS_12485,HOST,0,NONE,0.0,0.0,0.0,0.0,0.0,0.5,False
LPT_10920,HOST,0,NONE,0.0,0.0,0.0,0.0,0.0,0.5,False
VDR_10879,HOST,0,NONE,0.0,0.0,0.0,0.0,0.0,0.5,False
WS-12891,HOST,2,FIREWALL_DENY|ENDPOINT,0.0,3.0,3.0,0.0,2.1,0.8,True
VDR-12493.corp.local,HOST,0,NONE,0.0,0.0,0.0,0.0,0.0,0.5,False
LPT_11710,HOST,0,NONE,0.0,0.0,0.0,0.0,0.0,0.5,False
LPT_11960,HOST,0,NONE,0.0,0.0,0.0,0.0,0.0,0.5,False
WS_10760,HOST,0,NONE,0.0,0.0,0.0,0.0,0.0,0.5,False
LPT-10682.corp.local,HOST,0,NONE,0.0,1.0,0.0,0.0,0.4,0.5,False
ws-10836,HOST,0,NONE,0.0,0.0,0.0,0.0,0.0,0.5,False
LPT-11181.corp.local,HOST,0,NONE,0.0,0.0,0.0,0.0,0.0,0.5,False
WS-12214.corp.local,HOST,0,NONE,0.0,1.0,0.0,0.0,0.4,0.5,False
LPT-11941.corp.local,HOST,0,NONE,0.0,0.0,0.0,0.0,0.0,0.5,False
LPT-12600.corp.local,HOST,0,NONE,0.0,0.0,0.0,0.0,0.0,0.5,False
VDR_11279,HOST,0,NONE,0.0,1.0,0.0,0.0,0.4,0.5,False
ws-11567,HOST,0,NONE,0.0,0.0,0.0,0.0,0.0,0.5,False
LPT-11656.corp.local,HOST,0,NONE,0.0,0.0,0.0,0.0,0.0,0.5,False
VDR-10206.corp.local,HOST,0,NONE,0.0,0.0,0.0,0.0,0.0,0.5,False
LPT-12639.,HOST,0,NONE,0.0,0.0,0.0,0.0,0.0,0.5,False
VDR-10340,HOST,0,NONE,0.0,1.0,1.0,0.0,0.7,0.5,False
LPT-12762,HOST,2,FIREWALL_DENY|ENDPOINT,0.0,5.0,6.0,0.0,3.8,0.8,True
WS-12559.corp.local,HOST,0,NONE,0.0,1.0,0.0,0.0,0.4,0.5,False
LPT_11857,HOST,0,NONE,0.0,2.0,0.0,0.0,0.8,0.5,False
WS-10962,HOST,0,NONE,0.0,1.0,2.0,0.0,1.0,0.5,False
WS_10849,HOST,0,NONE,0.0,1.0,0.0,0.0,0.4,0.5,False
LPT-10349,HOST,0,NONE,0.0,1.0,1.0,0.0,0.7,0.5,False
vdr-12560,HOST,0,NONE,0.0,1.0,0.0,0.0,0.4,0.5,False
LPT_11792,HOST,0,NONE,0.0,0.0,0.0,0.0,0.0,0.5,False
VDR_10796,HOST,0,NONE,0.0,0.0,0.0,0.0,0.0,0.5,False
VDR-10740,HOST,1,ENDPOINT,0.0,1.0,4.0,0.0,1.6,0.65,False
lpt-10345,HOST,0,NONE,0.0,0.0,0.0,0.0,0.0,0.5,False
WS-10334.corp.local,HOST,0,NONE,0.0,1.0,0.0,0.0,0.4,0.5,False
vdr-11165,HOST,0,NONE,0.0,0.0,0.0,0.0,0.0,0.5,False
WS-10308,HOST,2,FIREWALL_DENY|ENDPOINT,0.0,3.0,4.0,0.0,2.4,0.8,True
LPT-12566.corp.local,HOST,0,NONE,0.0,1.0,0.0,0.0,0.4,0.5,False
LPT-10771.,HOST,0,NONE,0.0,0.0,0.0,0.0,0.0,0.5,False
lpt-10373,HOST,0,NONE,0.0,1.0,0.0,0.0,0.4,0.5,False
vdr-12749,HOST,0,NONE,0.0,1.0,0.0,0.0,0.4,0.5,False
lpt-10331,HOST,0,NONE,0.0,0.0,0.0,0.0,0.0,0.5,False
LPT_12349,HOST,0,NONE,0.0,0.0,0.0,0.0,0.0,0.5,False
VDR-11787,HOST,2,FIREWALL_DENY|ENDPOINT,0.0,5.0,3.0,0.0,2.9,0.8,True
LPT-12565,HOST,1,ENDPOINT,0.0,2.0,3.0,0.0,1.7,0.65,False
vdr-12869,HOST,0,NONE,0.0,1.0,0.0,0.0,0.4,0.5,False
VDR-12019,HOST,1,ENDPOINT,0.0,0.0,5.0,0.0,1.5,0.65,False
WS-11924,HOST,0,NONE,0.0,2.0,2.0,0.0,1.4,0.5,False
WS-12751,HOST,1,ENDPOINT,0.0,0.0,3.0,0.0,0.9,0.65,False
WS_11827,HOST,0,NONE,0.0,0.0,0.0,0.0,0.0,0.5,False
LPT-11504.corp.local,HOST,0,NONE,0.0,1.0,0.0,0.0,0.4,0.5,False
VDR-12956.,HOST,0,NONE,0.0,0.0,0.0,0.0,0.0,0.5,False
WS-12422.corp.local,HOST,0,NONE,0.0,0.0,0.0,0.0,0.0,0.5,False
LPT-11349.corp.local,HOST,0,NONE,0.0,0.0,0.0,0.0,0.0,0.5,False
LPT-10717.corp.local,HOST,0,NONE,0.0,1.0,0.0,0.0,0.4,0.5,False
LPT_10459,HOST,0,NONE,0.0,0.0,0.0,0.0,0.0,0.5,False
LPT-10920,HOST,1,ENDPOINT,0.0,0.0,3.0,0.0,0.9,0.65,False
LPT-12366,HOST,0,NONE,0.0,1.0,1.0,0.0,0.7,0.5,False
VDR_12590,HOST,0,NONE,0.0,0.0,0.0,0.0,0.0,0.5,False
VDR-10069,HOST,0,NONE,0.0,2.0,2.0,0.0,1.4,0.5,False
lpt-12007,HOST,0,NONE,0.0,0.0,0.0,0.0,0.0,0.5,False
ws-11759,HOST,0,NONE,0.0,0.0,0.0,0.0,0.0,0.5,False
WS-10973.corp.local,HOST,0,NONE,0.0,1.0,0.0,0.0,0.4,0.5,False
VDR-10640,HOST,0,NONE,0.0,0.0,0.0,0.0,0.0,0.5,False
LPT-11016.corp.local,HOST,0,NONE,0.0,0.0,0.0,0.0,0.0,0.5,False
vdr-11466,HOST,0,NONE,0.0,1.0,0.0,0.0,0.4,0.5,False
vdr-12678,HOST,0,NONE,0.0,0.0,0.0,0.0,0.0,0.5,False
VDR-12905,HOST,0,NONE,0.0,2.0,2.0,0.0,1.4,0.5,False
vdr-10922,HOST,0,NONE,0.0,1.0,0.0,0.0,0.4,0.5,False
LPT-10753.corp.local,HOST,0,NONE,0.0,1.0,0.0,0.0,0.4,0.5,False
VDR-12785.corp.local,HOST,0,NONE,0.0,1.0,0.0,0.0,0.4,0.5,False
lpt-12955,HOST,0,NONE,0.0,0.0,0.0,0.0,0.0,0.5,False
ws-12439,HOST,0,NONE,0.0,1.0,0.0,0.0,0.4,0.5,False
LPT-12316.corp.local,HOST,0,NONE,0.0,0.0,0.0,0.0,0.0,0.5,False
LPT-11438,HOST,1,ENDPOINT,0.0,2.0,4.0,0.0,2.0,0.65,False
vdr-10801,HOST,0,NONE,0.0,0.0,0.0,0.0,0.0,0.5,False
VDR_12593,HOST,0,NONE,0.0,1.0,0.0,0.0,0.4,0.5,False
VDR-11093,HOST,0,NONE,0.0,0.0,0.0,0.0,0.0,0.5,False
LPT-12903.corp.local,HOST,0,NONE,0.0,1.0,0.0,0.0,0.4,0.5,False
WS-12346,HOST,1,FIREWALL_DENY,0.0,3.0,1.0,0.0,1.5,0.65,False
vdr-11946,HOST,0,NONE,0.0,0.0,0.0,0.0,0.0,0.5,False
ws-12868,HOST,0,NONE,0.0,0.0,0.0,0.0,0.0,0.5,False
ws-10175,HOST,0,NONE,0.0,0.0,0.0,0.0,0.0,0.5,False
ws-10958,HOST,0,NONE,0.0,0.0,0.0,0.0,0.0,0.5,False
WS_10172,HOST,0,NONE,0.0,1.0,0.0,0.0,0.4,0.5,False
lpt-11040,HOST,0,NONE,0.0,0.0,0.0,0.0,0.0,0.5,False
ws-12234,HOST,0,NONE,0.0,0.0,0.0,0.0,0.0,0.5,False
WS-11186.,HOST,0,NONE,0.0,0.0,0.0,0.0,0.0,0.5,False
lpt-12651,HOST,0,NONE,0.0,1.0,0.0,0.0,0.4,0.5,False
WS-12760.corp.local,HOST,0,NONE,0.0,0.0,0.0,0.0,0.0,0.5,False
LPT-12407.corp.local,HOST,0,NONE,0.0,0.0,0.0,0.0,0.0,0.5,False
WS-12879,HOST,0,NONE,0.0,2.0,2.0,0.0,1.4,0.5,False
WS-11835,HOST,0,NONE,0.0,2.0,0.0,0.0,0.8,0.5,False
vdr-12243,HOST,0,NONE,0.0,0.0,0.0,0.0,0.0,0.5,False
VDR-11996,HOST,0,NONE,0.0,2.0,2.0,0.0,1.4,0.5,False
vdr-12190,HOST,0,NONE,0.0,0.0,0.0,0.0,0.0,0.5,False
LPT-10522,HOST,1,ENDPOINT,0.0,0.0,5.0,0.0,1.5,0.65,False
VDR-12487.corp.local,HOST,0,NONE,0.0,0.0,0.0,0.0,0.0,0.5,False
lpt-11086,HOST,0,NONE,0.0,0.0,0.0,0.0,0.0,0.5,False
VDR_11927,HOST,0,NONE,0.0,1.0,0.0,0.0,0.4,0.5,False
LPT-11679,HOST,1,ENDPOINT,0.0,0.0,6.0,0.0,1.8,0.65,False
WS-10187,HOST,0,NONE,0.0,1.0,2.0,0.0,1.0,0.5,False
ws-12401,HOST,0,NONE,0.0,0.0,0.0,0.0,0.0,0.5,False
VDR-10740.corp.local,HOST,0,NONE,0.0,0.0,0.0,0.0,0.0,0.5,False
VDR_11797,HOST,0,NONE,0.0,1.0,0.0,0.0,0.4,0.5,False
WS-12941,HOST,0,NONE,0.0,0.0,0.0,0.0,0.0,0.5,False
WS-11360,HOST,0,NONE,0.0,1.0,2.0,0.0,1.0,0.5,False
vdr-11767,HOST,0,NONE,0.0,0.0,0.0,0.0,0.0,0.5,False
LPT-10294.corp.local,HOST,0,NONE,0.0,0.0,0.0,0.0,0.0,0.5,False
lpt-11689,HOST,0,NONE,0.0,0.0,0.0,0.0,0.0,0.5,False
VDR-11118,HOST,0,NONE,0.0,0.0,1.0,0.0,0.3,0.5,False
vdr-11045,HOST,0,NONE,0.0,1.0,0.0,0.0,0.4,0.5,False
LPT-10210.,HOST,0,NONE,0.0,0.0,0.0,0.0,0.0,0.5,False
LPT-11826,HOST,1,ENDPOINT,0.0,1.0,3.0,0.0,1.3,0.65,False
WS-11245.,HOST,0,NONE,0.0,0.0,0.0,0.0,0.0,0.5,False
WS-10149.corp.local,HOST,0,NONE,0.0,0.0,0.0,0.0,0.0,0.5,False
WS-12482,HOST,1,ENDPOINT,0.0,2.0,3.0,0.0,1.7,0.65,False
vdr-11877,HOST,0,NONE,0.0,1.0,0.0,0.0,0.4,0.5,False
WS_11760,HOST,0,NONE,0.0,0.0,0.0,0.0,0.0,0.5,False
vdr-12940,HOST,0,NONE,0.0,0.0,0.0,0.0,0.0,0.5,False
VDR_10975,HOST,0,NONE,0.0,0.0,0.0,0.0,0.0,0.5,False
ws-11467,HOST,0,NONE,0.0,0.0,0.0,0.0,0.0,0.5,False
WS_11415,HOST,0,NONE,0.0,0.0,0.0,0.0,0.0,0.5,False
ws-12356,HOST,0,NONE,0.0,1.0,0.0,0.0,0.4,0.5,False
LPT-11399.corp.local,HOST,0,NONE,0.0,0.0,0.0,0.0,0.0,0.5,False
VDR-10162,HOST,1,ENDPOINT,0.0,0.0,3.0,0.0,0.9,0.65,False
LPT-10567,HOST,0,NONE,0.0,0.0,1.0,0.0,0.3,0.5,False
lpt-10957,HOST,0,NONE,0.0,0.0,0.0,0.0,0.0,0.5,False
LPT-12044,HOST,2,FIREWALL_DENY|ENDPOINT,0.0,3.0,3.0,0.0,2.1,0.8,True
LPT-12517,HOST,1,ENDPOINT,0.0,2.0,3.0,0.0,1.7,0.65,False
WS-12523,HOST,1,ENDPOINT,0.0,2.0,3.0,0.0,1.7,0.65,False
WS-12115,HOST,0,NONE,0.0,0.0,0.0,0.0,0.0,0.5,False
VDR_11653,HOST,0,NONE,0.0,0.0,0.0,0.0,0.0,0.5,False
LPT-10125,HOST,1,ENDPOINT,0.0,1.0,3.0,0.0,1.3,0.65,False
vdr-11855,HOST,0,NONE,0.0,1.0,0.0,0.0,0.4,0.5,False
VDR-11752,HOST,0,NONE,0.0,1.0,2.0,0.0,1.0,0.5,False
lpt-12026,HOST,0,NONE,0.0,0.0,0.0,0.0,0.0,0.5,False
LPT_10821,HOST,0,NONE,0.0,1.0,0.0,0.0,0.4,0.5,False
LPT_10985,HOST,0,NONE,0.0,0.0,0.0,0.0,0.0,0.5,False
lpt-12203,HOST,0,NONE,0.0,0.0,0.0,0.0,0.0,0.5,False
lpt-11884,HOST,0,NONE,0.0,0.0,0.0,0.0,0.0,0.5,False
VDR-11933.corp.local,HOST,0,NONE,0.0,0.0,0.0,0.0,0.0,0.5,False
LPT_12011,HOST,0,NONE,0.0,0.0,0.0,0.0,0.0,0.5,False
WS_12996,HOST,0,NONE,0.0,0.0,0.0,0.0,0.0,0.5,False
LPT-12199.corp.local,HOST,0,NONE,0.0,1.0,0.0,0.0,0.4,0.5,False
vdr-11217,HOST,0,NONE,0.0,1.0,0.0,0.0,0.4,0.5,False
LPT-10258,HOST,1,ENDPOINT,0.0,2.0,3.0,0.0,1.7,0.65,False
ws-10049,HOST,0,NONE,0.0,1.0,0.0,0.0,0.4,0.5,False
lpt-10356,HOST,0,NONE,0.0,0.0,0.0,0.0,0.0,0.5,False
LPT_10030,HOST,0,NONE,0.0,1.0,0.0,0.0,0.4,0.5,False
vdr-10917,HOST,0,NONE,0.0,0.0,0.0,0.0,0.0,0.5,False
WS-12064,HOST,1,ENDPOINT,0.0,0.0,5.0,0.0,1.5,0.65,False
LPT-12973.corp.local,HOST,0,NONE,0.0,0.0,0.0,0.0,0.0,0.5,False
LPT-10015,HOST,1,FIREWALL_DENY,0.0,3.0,2.0,0.0,1.8,0.65,False
WS-11442,HOST,1,FIREWALL_DENY,0.0,3.0,1.0,0.0,1.5,0.65,False
WS-12717,HOST,1,ENDPOINT,0.0,2.0,4.0,0.0,2.0,0.65,False
WS_10681,HOST,0,NONE,0.0,0.0,0.0,0.0,0.0,0.5,False
ws-12447,HOST,0,NONE,0.0,0.0,0.0,0.0,0.0,0.5,False
VDR-10588,HOST,1,ENDPOINT,0.0,2.0,4.0,0.0,2.0,0.65,False
WS-10814.corp.local,HOST,0,NONE,0.0,1.0,0.0,0.0,0.4,0.5,False
VDR_12625,HOST,0,NONE,0.0,0.0,0.0,0.0,0.0,0.5,False
ws-11471,HOST,0,NONE,0.0,0.0,0.0,0.0,0.0,0.5,False
vdr-11747,HOST,0,NONE,0.0,2.0,0.0,0.0,0.8,0.5,False
WS_11463,HOST,0,NONE,0.0,0.0,0.0,0.0,0.0,0.5,False
LPT_10212,HOST,0,NONE,0.0,0.0,0.0,0.0,0.0,0.5,False
LPT-12970,HOST,0,NONE,0.0,0.0,0.0,0.0,0.0,0.5,False
WS-12018.corp.local,HOST,0,NONE,0.0,0.0,0.0,0.0,0.0,0.5,False
WS_10699,HOST,0,NONE,0.0,0.0,0.0,0.0,0.0,0.5,False
WS-12760,HOST,1,ENDPOINT,0.0,2.0,4.0,0.0,2.0,0.65,False
LPT-12457,HOST,1,ENDPOINT,0.0,2.0,5.0,0.0,2.3,0.65,False
vdr-12693,HOST,0,NONE,0.0,1.0,0.0,0.0,0.4,0.5,False
VDR-11644,HOST,2,FIREWALL_DENY|ENDPOINT,0.0,5.0,3.0,0.0,2.9,0.8,True
WS-12614,HOST,1,ENDPOINT,0.0,0.0,3.0,0.0,0.9,0.65,False
VDR_10421,HOST,0,NONE,0.0,0.0,0.0,0.0,0.0,0.5,False
LPT_11662,HOST,0,NONE,0.0,0.0,0.0,0.0,0.0,0.5,False
lpt-10976,HOST,0,NONE,0.0,0.0,0.0,0.0,0.0,0.5,False
VDR_12806,HOST,0,NONE,0.0,1.0,0.0,0.0,0.4,0.5,False
LPT-10025,HOST,1,FIREWALL_DENY,0.0,4.0,1.0,0.0,1.9,0.65,False
vdr-12820,HOST,0,NONE,0.0,0.0,0.0,0.0,0.0,0.5,False
VDR-11602.corp.local,HOST,0,NONE,0.0,0.0,0.0,0.0,0.0,0.5,False
VDR-11647,HOST,0,NONE,0.0,0.0,0.0,0.0,0.0,0.5,False
VDR-11964,HOST,1,ENDPOINT,0.0,0.0,3.0,0.0,0.9,0.65,False
LPT-12611.,HOST,0,NONE,0.0,0.0,0.0,0.0,0.0,0.5,False
VDR-10060.corp.local,HOST,0,NONE,0.0,0.0,0.0,0.0,0.0,0.5,False
LPT-12375.corp.local,HOST,0,NONE,0.0,0.0,0.0,0.0,0.0,0.5,False
ws-11186,HOST,0,NONE,0.0,0.0,0.0,0.0,0.0,0.5,False
LPT-10245,HOST,0,NONE,0.0,1.0,2.0,0.0,1.0,0.5,False
vdr-10597,HOST,0,NONE,0.0,1.0,0.0,0.0,0.4,0.5,False
VDR-11632.,HOST,0,NONE,0.0,0.0,0.0,0.0,0.0,0.5,False
LPT-11561.corp.local,HOST,0,NONE,0.0,0.0,0.0,0.0,0.0,0.5,False
VDR-12896.corp.local,HOST,0,NONE,0.0,0.0,0.0,0.0,0.0,0.5,False
VDR-10576,HOST,1,ENDPOINT,0.0,0.0,3.0,0.0,0.9,0.65,False
LPT-11414,HOST,0,NONE,0.0,0.0,1.0,0.0,0.3,0.5,False
ws-11851,HOST,0,NONE,0.0,0.0,0.0,0.0,0.0,0.5,False
ws-10578,HOST,0,NONE,0.0,0.0,0.0,0.0,0.0,0.5,False
WS-10305.corp.local,HOST,0,NONE,0.0,1.0,0.0,0.0,0.4,0.5,False
lpt-12607,HOST,0,NONE,0.0,0.0,0.0,0.0,0.0,0.5,False
LPT_10859,HOST,0,NONE,0.0,0.0,0.0,0.0,0.0,0.5,False
LPT-12300,HOST,0,NONE,0.0,0.0,2.0,0.0,0.6,0.5,False
LPT_10630,HOST,0,NONE,0.0,0.0,0.0,0.0,0.0,0.5,False
VDR-11405,HOST,0,NONE,0.0,1.0,1.0,0.0,0.7,0.5,False
VDR_12665,HOST,0,NONE,0.0,2.0,0.0,0.0,0.8,0.5,False
LPT_10401,HOST,0,NONE,0.0,0.0,0.0,0.0,0.0,0.5,False
LPT-11614,HOST,0,NONE,0.0,1.0,2.0,0.0,1.0,0.5,False
WS-11126,HOST,1,FIREWALL_DENY,0.0,3.0,2.0,0.0,1.8,0.65,False
WS-11182,HOST,2,FIREWALL_DENY|ENDPOINT,0.0,3.0,3.0,0.0,2.1,0.8,True
lpt-11619,HOST,0,NONE,0.0,0.0,0.0,0.0,0.0,0.5,False
VDR-10240.corp.local,HOST,0,NONE,0.0,0.0,0.0,0.0,0.0,0.5,False
lpt-11027,HOST,0,NONE,0.0,0.0,0.0,0.0,0.0,0.5,False
vdr-10562,HOST,0,NONE,0.0,1.0,0.0,0.0,0.4,0.5,False
ws-12128,HOST,0,NONE,0.0,1.0,0.0,0.0,0.4,0.5,False
LPT-11300,HOST,1,ENDPOINT,0.0,0.0,6.0,0.0,1.8,0.65,False
ws-11416,HOST,0,NONE,0.0,0.0,0.0,0.0,0.0,0.5,False
LPT-10169.,HOST,0,NONE,0.0,0.0,0.0,0.0,0.0,0.5,False
WS-12413.,HOST,0,NONE,0.0,0.0,0.0,0.0,0.0,0.5,False
LPT-12528,HOST,0,NONE,0.0,1.0,1.0,0.0,0.7,0.5,False
WS-11366,HOST,2,FIREWALL_DENY|ENDPOINT,0.0,3.0,3.0,0.0,2.1,0.8,True
ws-12345,HOST,0,NONE,0.0,1.0,0.0,0.0,0.4,0.5,False
WS-11711,HOST,1,ENDPOINT,0.0,1.0,5.0,0.0,1.9,0.65,False
lpt-11138,HOST,0,NONE,0.0,2.0,0.0,0.0,0.8,0.5,False
VDR-10700,HOST,1,ENDPOINT,0.0,1.0,3.0,0.0,1.3,0.65,False
LPT-12572.corp.local,HOST,0,NONE,0.0,0.0,0.0,0.0,0.0,0.5,False
VDR-10561,HOST,0,NONE,0.0,0.0,0.0,0.0,0.0,0.5,False
vdr-12890,HOST,0,NONE,0.0,1.0,0.0,0.0,0.4,0.5,False
vdr-10435,HOST,0,NONE,0.0,1.0,0.0,0.0,0.4,0.5,False
LPT-10858,HOST,1,ENDPOINT,0.0,0.0,4.0,0.0,1.2,0.65,False
VDR-11499,HOST,1,ENDPOINT,0.0,2.0,4.0,0.0,2.0,0.65,False
WS-12290,HOST,0,NONE,0.0,0.0,1.0,0.0,0.3,0.5,False
WS-11799,HOST,1,ENDPOINT,0.0,1.0,4.0,0.0,1.6,0.65,False
LPT-11635,HOST,1,FIREWALL_DENY,0.0,5.0,0.0,0.0,2.0,0.65,False
ws-11769,HOST,0,NONE,0.0,0.0,0.0,0.0,0.0,0.5,False
VDR-12324.corp.local,HOST,0,NONE,0.0,0.0,0.0,0.0,0.0,0.5,False
LPT-12098.corp.local,HOST,0,NONE,0.0,1.0,0.0,0.0,0.4,0.5,False
lpt-10616,HOST,0,NONE,0.0,0.0,0.0,0.0,0.0,0.5,False
lpt-12947,HOST,0,NONE,0.0,0.0,0.0,0.0,0.0,0.5,False
LPT-10414,HOST,1,ENDPOINT,0.0,0.0,5.0,0.0,1.5,0.65,False
WS-10082,HOST,1,ENDPOINT,0.0,2.0,3.0,0.0,1.7,0.65,False
LPT-11668.corp.local,HOST,0,NONE,0.0,0.0,0.0,0.0,0.0,0.5,False
LPT-11541,HOST,1,ENDPOINT,0.0,1.0,4.0,0.0,1.6,0.65,False
VDR-10504.corp.local,HOST,0,NONE,0.0,2.0,0.0,0.0,0.8,0.5,False
LPT-10676,HOST,1,ENDPOINT,0.0,1.0,3.0,0.0,1.3,0.65,False
vdr-10680,HOST,0,NONE,0.0,0.0,0.0,0.0,0.0,0.5,False
WS-11203.corp.local,HOST,0,NONE,0.0,0.0,0.0,0.0,0.0,0.5,False
vdr-10035,HOST,0,NONE,0.0,0.0,0.0,0.0,0.0,0.5,False
LPT-10989.,HOST,0,NONE,0.0,0.0,0.0,0.0,0.0,0.5,False
WS_12553,HOST,0,NONE,0.0,1.0,0.0,0.0,0.4,0.5,False
WS-10211.corp.local,HOST,0,NONE,0.0,0.0,0.0,0.0,0.0,0.5,False
lpt-12924,HOST,0,NONE,0.0,0.0,0.0,0.0,0.0,0.5,False
VDR-11666,HOST,1,ENDPOINT,0.0,2.0,3.0,0.0,1.7,0.65,False
vdr-11605,HOST,0,NONE,0.0,0.0,0.0,0.0,0.0,0.5,False
vdr-12598,HOST,0,NONE,0.0,0.0,0.0,0.0,0.0,0.5,False
WS-12226,HOST,1,ENDPOINT,0.0,2.0,4.0,0.0,2.0,0.65,False
LPT-10200.corp.local,HOST,0,NONE,0.0,0.0,0.0,0.0,0.0,0.5,False
LPT-10294,HOST,0,NONE,0.0,2.0,0.0,0.0,0.8,0.5,False
WS-11517.corp.local,HOST,0,NONE,0.0,0.0,0.0,0.0,0.0,0.5,False
VDR-11544,HOST,0,NONE,0.0,0.0,2.0,0.0,0.6,0.5,False
LPT-11191,HOST,0,NONE,0.0,1.0,2.0,0.0,1.0,0.5,False
LPT-10630,HOST,1,ENDPOINT,0.0,2.0,3.0,0.0,1.7,0.65,False
VDR-11709,HOST,1,ENDPOINT,0.0,2.0,4.0,0.0,2.0,0.65,False
VDR-11343,HOST,0,NONE,0.0,1.0,0.0,0.0,0.4,0.5,False
LPT-10372,HOST,0,NONE,0.0,1.0,1.0,0.0,0.7,0.5,False
WS-10073.corp.local,HOST,0,NONE,0.0,0.0,0.0,0.0,0.0,0.5,False
WS-10915.corp.local,HOST,0,NONE,0.0,1.0,0.0,0.0,0.4,0.5,False
VDR_11966,HOST,0,NONE,0.0,2.0,0.0,0.0,0.8,0.5,False
lpt-10956,HOST,0,NONE,0.0,1.0,0.0,0.0,0.4,0.5,False
LPT_12149,HOST,0,NONE,0.0,1.0,0.0,0.0,0.4,0.5,False
lpt-11721,HOST,0,NONE,0.0,2.0,0.0,0.0,0.8,0.5,False
VDR-10767.corp.local,HOST,0,NONE,0.0,0.0,0.0,0.0,0.0,0.5,False
LPT-10277.corp.local,HOST,0,NONE,0.0,0.0,0.0,0.0,0.0,0.5,False
VDR-10161,HOST,1,FIREWALL_DENY,0.0,4.0,1.0,0.0,1.9,0.65,False
LPT-10616.corp.local,HOST,0,NONE,0.0,0.0,0.0,0.0,0.0,0.5,False
VDR_10166,HOST,0,NONE,0.0,1.0,0.0,0.0,0.4,0.5,False
LPT_12197,HOST,0,NONE,0.0,0.0,0.0,0.0,0.0,0.5,False
lpt-12903,HOST,0,NONE,0.0,0.0,0.0,0.0,0.0,0.5,False
WS_11041,HOST,0,NONE,0.0,1.0,0.0,0.0,0.4,0.5,False
WS-10074.corp.local,HOST,0,NONE,0.0,1.0,0.0,0.0,0.4,0.5,False
ws-10800,HOST,0,NONE,0.0,0.0,0.0,0.0,0.0,0.5,False
vdr-10267,HOST,0,NONE,0.0,2.0,0.0,0.0,0.8,0.5,False
VDR-10550,HOST,0,NONE,0.0,0.0,2.0,0.0,0.6,0.5,False
LPT-12617.corp.local,HOST,0,NONE,0.0,0.0,0.0,0.0,0.0,0.5,False
WS-10236,HOST,0,NONE,0.0,1.0,2.0,0.0,1.0,0.5,False
WS_12242,HOST,0,NONE,0.0,0.0,0.0,0.0,0.0,0.5,False
lpt-12796,HOST,0,NONE,0.0,0.0,0.0,0.0,0.0,0.5,False
WS-12751.corp.local,HOST,0,NONE,0.0,0.0,0.0,0.0,0.0,0.5,False
VDR_10736,HOST,0,NONE,0.0,0.0,0.0,0.0,0.0,0.5,False
VDR-11921.,HOST,0,NONE,0.0,0.0,0.0,0.0,0.0,0.5,False
WS-11415,HOST,1,ENDPOINT,0.0,0.0,5.0,0.0,1.5,0.65,False
LPT-10520.corp.local,HOST,0,NONE,0.0,0.0,0.0,0.0,0.0,0.5,False
vdr-10907,HOST,0,NONE,0.0,1.0,0.0,0.0,0.4,0.5,False
WS-10594.corp.local,HOST,0,NONE,0.0,0.0,0.0,0.0,0.0,0.5,False
lpt-12015,HOST,0,NONE,0.0,1.0,0.0,0.0,0.4,0.5,False
WS_10399,HOST,0,NONE,0.0,0.0,0.0,0.0,0.0,0.5,False
VDR-12324,HOST,1,ENDPOINT,0.0,2.0,3.0,0.0,1.7,0.65,False
LPT-12056,HOST,0,NONE,0.0,1.0,1.0,0.0,0.7,0.5,False
VDR-10421.corp.local,HOST,0,NONE,0.0,0.0,0.0,0.0,0.0,0.5,False
vdr-11913,HOST,0,NONE,0.0,0.0,0.0,0.0,0.0,0.5,False
LPT-11813.corp.local,HOST,0,NONE,0.0,2.0,0.0,0.0,0.8,0.5,False
VDR-10022,HOST,1,ENDPOINT,0.0,2.0,5.0,0.0,2.3,0.65,False
WS_12495,HOST,0,NONE,0.0,0.0,0.0,0.0,0.0,0.5,False
vdr-12012,HOST,0,NONE,0.0,1.0,0.0,0.0,0.4,0.5,False
vdr-12233,HOST,0,NONE,0.0,1.0,0.0,0.0,0.4,0.5,False
WS-11434,HOST,1,ENDPOINT,0.0,0.0,3.0,0.0,0.9,0.65,False
WS_10549,HOST,0,NONE,0.0,0.0,0.0,0.0,0.0,0.5,False
vdr-10626,HOST,0,NONE,0.0,0.0,0.0,0.0,0.0,0.5,False
WS_10371,HOST,0,NONE,0.0,0.0,0.0,0.0,0.0,0.5,False
VDR-11961.corp.local,HOST,0,NONE,0.0,1.0,0.0,0.0,0.4,0.5,False
ws-10156,HOST,0,NONE,0.0,1.0,0.0,0.0,0.4,0.5,False
WS_11896,HOST,0,NONE,0.0,0.0,0.0,0.0,0.0,0.5,False
LPT-12648.corp.local,HOST,0,NONE,0.0,1.0,0.0,0.0,0.4,0.5,False
lpt-11050,HOST,0,NONE,0.0,0.0,0.0,0.0,0.0,0.5,False
WS-10994,HOST,1,ENDPOINT,0.0,2.0,4.0,0.0,2.0,0.65,False
WS-11471,HOST,1,FIREWALL_DENY,0.0,3.0,2.0,0.0,1.8,0.65,False
ws-12217,HOST,0,NONE,0.0,0.0,0.0,0.0,0.0,0.5,False
lpt-12967,HOST,0,NONE,0.0,0.0,0.0,0.0,0.0,0.5,False
lpt-12690,HOST,0,NONE,0.0,0.0,0.0,0.0,0.0,0.5,False
WS_10432,HOST,0,NONE,0.0,0.0,0.0,0.0,0.0,0.5,False
LPT-11512,HOST,0,NONE,0.0,2.0,2.0,0.0,1.4,0.5,False
ws-12619,HOST,0,NONE,0.0,0.0,0.0,0.0,0.0,0.5,False
lpt-12259,HOST,0,NONE,0.0,0.0,0.0,0.0,0.0,0.5,False
lpt-12521,HOST,0,NONE,0.0,1.0,0.0,0.0,0.4,0.5,False
ws-11654,HOST,0,NONE,0.0,0.0,0.0,0.0,0.0,0.5,False
WS-11053,HOST,0,NONE,0.0,1.0,2.0,0.0,1.0,0.5,False
WS-12828.corp.local,HOST,0,NONE,0.0,0.0,0.0,0.0,0.0,0.5,False
VDR-12740,HOST,0,NONE,0.0,1.0,2.0,0.0,1.0,0.5,False
ws-12422,HOST,0,NONE,0.0,0.0,0.0,0.0,0.0,0.5,False
WS-12668,HOST,0,NONE,0.0,0.0,2.0,0.0,0.6,0.5,False
LPT-11164,HOST,1,ENDPOINT,0.0,0.0,3.0,0.0,0.9,0.65,False
WS-12035.corp.local,HOST,0,NONE,0.0,0.0,0.0,0.0,0.0,0.5,False
ws-12485,HOST,0,NONE,0.0,0.0,0.0,0.0,0.0,0.5,False
VDR-10143.corp.local,HOST,0,NONE,0.0,0.0,0.0,0.0,0.0,0.5,False
ws-11434,HOST,0,NONE,0.0,0.0,0.0,0.0,0.0,0.5,False
LPT-10360,HOST,1,ENDPOINT,0.0,2.0,3.0,0.0,1.7,0.65,False
VDR-11989,HOST,1,ENDPOINT,0.0,0.0,4.0,0.0,1.2,0.65,False
ws-11867,HOST,0,NONE,0.0,0.0,0.0,0.0,0.0,0.5,False
LPT-12815,HOST,0,NONE,0.0,0.0,0.0,0.0,0.0,0.5,False
VDR_11774,HOST,0,NONE,0.0,1.0,0.0,0.0,0.4,0.5,False
lpt-11914,HOST,0,NONE,0.0,0.0,0.0,0.0,0.0,0.5,False
lpt-11700,HOST,0,NONE,0.0,0.0,0.0,0.0,0.0,0.5,False
vdr-10744,HOST,0,NONE,0.0,1.0,0.0,0.0,0.4,0.5,False
WS-10121.corp.local,HOST,0,NONE,0.0,1.0,0.0,0.0,0.4,0.5,False
VDR-11305,HOST,0,NONE,0.0,1.0,2.0,0.0,1.0,0.5,False
VDR-10830,HOST,0,NONE,0.0,0.0,1.0,0.0,0.3,0.5,False
WS-11450,HOST,0,NONE,0.0,1.0,1.0,0.0,0.7,0.5,False
VDR-10992,HOST,1,ENDPOINT,0.0,1.0,4.0,0.0,1.6,0.65,False
LPT-12083,HOST,0,NONE,0.0,0.0,2.0,0.0,0.6,0.5,False
VDR_12705,HOST,0,NONE,0.0,0.0,0.0,0.0,0.0,0.5,False
LPT-11784.corp.local,HOST,0,NONE,0.0,1.0,0.0,0.0,0.4,0.5,False
VDR-12926.corp.local,HOST,0,NONE,0.0,1.0,0.0,0.0,0.4,0.5,False
vdr-10914,HOST,0,NONE,0.0,0.0,0.0,0.0,0.0,0.5,False
VDR-10693.corp.local,HOST,0,NONE,0.0,1.0,0.0,0.0,0.4,0.5,False
WS-11690,HOST,1,ENDPOINT,0.0,0.0,6.0,0.0,1.8,0.65,False
LPT-11324,HOST,0,NONE,0.0,2.0,1.0,0.0,1.1,0.5,False
lpt-12285,HOST,0,NONE,0.0,0.0,0.0,0.0,0.0,0.5,False
vdr-12573,HOST,0,NONE,0.0,0.0,0.0,0.0,0.0,0.5,False
WS-11899.corp.local,HOST,0,NONE,0.0,0.0,0.0,0.0,0.0,0.5,False
vdr-11549,HOST,0,NONE,0.0,1.0,0.0,0.0,0.4,0.5,False
LPT-10106,HOST,1,ENDPOINT,0.0,1.0,5.0,0.0,1.9,0.65,False
vdr-10808,HOST,0,NONE,0.0,0.0,0.0,0.0,0.0,0.5,False
lpt-11744,HOST,0,NONE,0.0,1.0,0.0,0.0,0.4,0.5,False
VDR-12959.corp.local,HOST,0,NONE,0.0,0.0,0.0,0.0,0.0,0.5,False
ws-11334,HOST,0,NONE,0.0,0.0,0.0,0.0,0.0,0.5,False
lpt-10441,HOST,0,NONE,0.0,0.0,0.0,0.0,0.0,0.5,False
WS-11456.corp.local,HOST,0,NONE,0.0,0.0,0.0,0.0,0.0,0.5,False
WS_12889,HOST,0,NONE,0.0,1.0,0.0,0.0,0.4,0.5,False
WS-12118.corp.local,HOST,0,NONE,0.0,0.0,0.0,0.0,0.0,0.5,False
ws-12319,HOST,0,NONE,0.0,0.0,0.0,0.0,0.0,0.5,False
LPT-11016,HOST,0,NONE,0.0,1.0,2.0,0.0,1.0,0.5,False
lpt-11627,HOST,0,NONE,0.0,0.0,0.0,0.0,0.0,0.5,False
lpt-10144,HOST,0,NONE,0.0,0.0,0.0,0.0,0.0,0.5,False
vdr-11576,HOST,0,NONE,0.0,0.0,0.0,0.0,0.0,0.5,False
ws-12870,HOST,0,NONE,0.0,0.0,0.0,0.0,0.0,0.5,False
WS_11361,HOST,0,NONE,0.0,0.0,0.0,0.0,0.0,0.5,False
WS-11851,HOST,2,FIREWALL_DENY|ENDPOINT,0.0,4.0,3.0,0.0,2.5,0.8,True
WS-10241,HOST,0,NONE,0.0,0.0,1.0,0.0,0.3,0.5,False
WS-11245,HOST,1,ENDPOINT,0.0,1.0,3.0,0.0,1.3,0.65,False
LPT-12689,HOST,0,NONE,0.0,1.0,0.0,0.0,0.4,0.5,False
LPT-12296,HOST,0,NONE,0.0,0.0,2.0,0.0,0.6,0.5,False
LPT-11285.corp.local,HOST,0,NONE,0.0,0.0,0.0,0.0,0.0,0.5,False
VDR-11155,HOST,2,FIREWALL_DENY|ENDPOINT,0.0,3.0,5.0,0.0,2.7,0.8,True
LPT-12639,HOST,1,ENDPOINT,0.0,1.0,3.0,0.0,1.3,0.65,False
WS_12818,HOST,0,NONE,0.0,0.0,0.0,0.0,0.0,0.5,False
LPT-10753,HOST,2,FIREWALL_DENY|ENDPOINT,0.0,4.0,4.0,0.0,2.8,0.8,True
WS-11320.corp.local,HOST,0,NONE,0.0,0.0,0.0,0.0,0.0,0.5,False
lpt-10547,HOST,0,NONE,0.0,1.0,0.0,0.0,0.4,0.5,False
LPT-11103.,HOST,0,NONE,0.0,0.0,0.0,0.0,0.0,0.5,False
lpt-11294,HOST,0,NONE,0.0,0.0,0.0,0.0,0.0,0.5,False
VDR-10847,HOST,1,ENDPOINT,0.0,2.0,4.0,0.0,2.0,0.65,False
VDR-11412.corp.local,HOST,0,NONE,0.0,0.0,0.0,0.0,0.0,0.5,False
VDR-10900,HOST,0,NONE,0.0,1.0,2.0,0.0,1.0,0.5,False
VDR-12247,HOST,1,ENDPOINT,0.0,1.0,3.0,0.0,1.3,0.65,False
WS-10586,HOST,0,NONE,0.0,1.0,2.0,0.0,1.0,0.5,False
WS_12901,HOST,0,NONE,0.0,0.0,0.0,0.0,0.0,0.5,False
LPT-11615,HOST,1,ENDPOINT,0.0,1.0,4.0,0.0,1.6,0.65,False
VDR-12430.corp.local,HOST,0,NONE,0.0,0.0,0.0,0.0,0.0,0.5,False
ws-10584,HOST,0,NONE,0.0,1.0,0.0,0.0,0.4,0.5,False
VDR_12568,HOST,0,NONE,0.0,0.0,0.0,0.0,0.0,0.5,False
vdr-10558,HOST,0,NONE,0.0,0.0,0.0,0.0,0.0,0.5,False
vdr-10856,HOST,0,NONE,0.0,1.0,0.0,0.0,0.4,0.5,False
WS-12028.corp.local,HOST,0,NONE,0.0,1.0,0.0,0.0,0.4,0.5,False
VDR-12757.corp.local,HOST,0,NONE,0.0,0.0,0.0,0.0,0.0,0.5,False
VDR-11439,HOST,1,FIREWALL_DENY,0.0,3.0,2.0,0.0,1.8,0.65,False
LPT_11303,HOST,0,NONE,0.0,0.0,0.0,0.0,0.0,0.5,False
LPT-12001,HOST,1,ENDPOINT,0.0,1.0,3.0,0.0,1.3,0.65,False
ws-10686,HOST,0,NONE,0.0,0.0,0.0,0.0,0.0,0.5,False
WS-12447.corp.local,HOST,0,NONE,0.0,0.0,0.0,0.0,0.0,0.5,False
VDR_11232,HOST,0,NONE,0.0,0.0,0.0,0.0,0.0,0.5,False
LPT-11107.corp.local,HOST,0,NONE,0.0,0.0,0.0,0.0,0.0,0.5,False
LPT_12377,HOST,0,NONE,0.0,0.0,0.0,0.0,0.0,0.5,False
ws-11819,HOST,0,NONE,0.0,1.0,0.0,0.0,0.4,0.5,False
VDR-12063.corp.local,HOST,0,NONE,0.0,0.0,0.0,0.0,0.0,0.5,False
WS-10820,HOST,1,FIREWALL_DENY,0.0,3.0,2.0,0.0,1.8,0.65,False
LPT_12539,HOST,0,NONE,0.0,1.0,0.0,0.0,0.4,0.5,False
VDR-12598,HOST,1,ENDPOINT,0.0,2.0,4.0,0.0,2.0,0.65,False
LPT-10669,HOST,0,NONE,0.0,0.0,1.0,0.0,0.3,0.5,False
WS-11362,HOST,0,NONE,0.0,2.0,2.0,0.0,1.4,0.5,False
VDR-12656,HOST,0,NONE,0.0,1.0,2.0,0.0,1.0,0.5,False
WS-10820.corp.local,HOST,0,NONE,0.0,0.0,0.0,0.0,0.0,0.5,False
WS-10513.corp.local,HOST,0,NONE,0.0,0.0,0.0,0.0,0.0,0.5,False
VDR-11436.corp.local,HOST,0,NONE,0.0,0.0,0.0,0.0,0.0,0.5,False
WS-10433.corp.local,HOST,0,NONE,0.0,0.0,0.0,0.0,0.0,0.5,False
LPT-11376.,HOST,0,NONE,0.0,0.0,0.0,0.0,0.0,0.5,False
LPT-10013,HOST,0,NONE,0.0,1.0,2.0,0.0,1.0,0.5,False
VDR-12464,HOST,2,FIREWALL_DENY|ENDPOINT,0.0,3.0,4.0,0.0,2.4,0.8,True
VDR-12216,HOST,0,NONE,0.0,2.0,2.0,0.0,1.4,0.5,False
lpt-12010,HOST,0,NONE,0.0,0.0,0.0,0.0,0.0,0.5,False
WS-11864,HOST,0,NONE,0.0,0.0,2.0,0.0,0.6,0.5,False
LPT_12240,HOST,0,NONE,0.0,1.0,0.0,0.0,0.4,0.5,False
vdr-12127,HOST,0,NONE,0.0,0.0,0.0,0.0,0.0,0.5,False
WS_12839,HOST,0,NONE,0.0,0.0,0.0,0.0,0.0,0.5,False
LPT-11658.corp.local,HOST,0,NONE,0.0,0.0,0.0,0.0,0.0,0.5,False
LPT-11190,HOST,0,NONE,0.0,2.0,0.0,0.0,0.8,0.5,False
ws-12442,HOST,0,NONE,0.0,1.0,0.0,0.0,0.4,0.5,False
LPT_11065,HOST,0,NONE,0.0,0.0,0.0,0.0,0.0,0.5,False
WS-12039.corp.local,HOST,0,NONE,0.0,1.0,0.0,0.0,0.4,0.5,False
LPT-12755.,HOST,0,NONE,0.0,0.0,0.0,0.0,0.0,0.5,False
VDR_11227,HOST,0,NONE,0.0,0.0,0.0,0.0,0.0,0.5,False
VDR-12450.corp.local,HOST,0,NONE,0.0,0.0,0.0,0.0,0.0,0.5,False
WS-11139,HOST,0,NONE,0.0,1.0,2.0,0.0,1.0,0.5,False
LPT-12298,HOST,1,ENDPOINT,0.0,2.0,3.0,0.0,1.7,0.65,False
VDR-10495,HOST,1,ENDPOINT,0.0,1.0,5.0,0.0,1.9,0.65,False
WS-11401,HOST,0,NONE,0.0,0.0,0.0,0.0,0.0,0.5,False
VDR_12836,HOST,0,NONE,0.0,0.0,0.0,0.0,0.0,0.5,False
WS_11601,HOST,0,NONE,0.0,0.0,0.0,0.0,0.0,0.5,False
WS-12533,HOST,0,NONE,0.0,1.0,2.0,0.0,1.0,0.5,False
WS-12368,HOST,1,ENDPOINT,0.0,2.0,4.0,0.0,2.0,0.65,False
LPT-11234.corp.local,HOST,0,NONE,0.0,1.0,0.0,0.0,0.4,0.5,False
VDR-11378,HOST,1,ENDPOINT,0.0,0.0,3.0,0.0,0.9,0.65,False
LPT-11679.corp.local,HOST,0,NONE,0.0,0.0,0.0,0.0,0.0,0.5,False
lpt-11506,HOST,0,NONE,0.0,0.0,0.0,0.0,0.0,0.5,False
WS-12445,HOST,1,ENDPOINT,0.0,1.0,3.0,0.0,1.3,0.65,False
LPT-11887,HOST,0,NONE,0.0,1.0,1.0,0.0,0.7,0.5,False
vdr-12431,HOST,0,NONE,0.0,1.0,0.0,0.0,0.4,0.5,False
WS_11352,HOST,0,NONE,0.0,0.0,0.0,0.0,0.0,0.5,False
lpt-11691,HOST,0,NONE,0.0,2.0,0.0,0.0,0.8,0.5,False
lpt-12951,HOST,0,NONE,0.0,0.0,0.0,0.0,0.0,0.5,False
WS-12827,HOST,1,ENDPOINT,0.0,2.0,4.0,0.0,2.0,0.65,False
VDR-12593.corp.local,HOST,0,NONE,0.0,0.0,0.0,0.0,0.0,0.5,False
WS_11022,HOST,0,NONE,0.0,0.0,0.0,0.0,0.0,0.5,False
LPT-12203.corp.local,HOST,0,NONE,0.0,0.0,0.0,0.0,0.0,0.5,False
VDR-11482,HOST,1,ENDPOINT,0.0,2.0,4.0,0.0,2.0,0.65,False
VDR_10689,HOST,0,NONE,0.0,1.0,0.0,0.0,0.4,0.5,False
WS-11049,HOST,1,ENDPOINT,0.0,0.0,4.0,0.0,1.2,0.65,False
lpt-10862,HOST,0,NONE,0.0,0.0,0.0,0.0,0.0,0.5,False
ws-11454,HOST,0,NONE,0.0,0.0,0.0,0.0,0.0,0.5,False
VDR_12865,HOST,0,NONE,0.0,0.0,0.0,0.0,0.0,0.5,False
WS-10806,HOST,1,ENDPOINT,0.0,1.0,5.0,0.0,1.9,0.65,False
lpt-12377,HOST,0,NONE,0.0,0.0,0.0,0.0,0.0,0.5,False
WS_11395,HOST,0,NONE,0.0,0.0,0.0,0.0,0.0,0.5,False
VDR-11275,HOST,1,ENDPOINT,0.0,2.0,3.0,0.0,1.7,0.65,False
lpt-11004,HOST,0,NONE,0.0,0.0,0.0,0.0,0.0,0.5,False
LPT-12475.corp.local,HOST,0,NONE,0.0,1.0,0.0,0.0,0.4,0.5,False
LPT-10854.corp.local,HOST,0,NONE,0.0,1.0,0.0,0.0,0.4,0.5,False
WS-12426,HOST,1,ENDPOINT,0.0,0.0,4.0,0.0,1.2,0.65,False
LPT-10901,HOST,1,ENDPOINT,0.0,1.0,3.0,0.0,1.3,0.65,False
LPT_10066,HOST,0,NONE,0.0,2.0,0.0,0.0,0.8,0.5,False
lpt-10372,HOST,0,NONE,0.0,0.0,0.0,0.0,0.0,0.5,False
WS-12047.corp.local,HOST,1,FIREWALL_DENY,0.0,3.0,0.0,0.0,1.2,0.65,False
VDR-12430,HOST,1,ENDPOINT,0.0,1.0,3.0,0.0,1.3,0.65,False
lpt-10920,HOST,0,NONE,0.0,0.0,0.0,0.0,0.0,0.5,False
ws-12390,HOST,0,NONE,0.0,1.0,0.0,0.0,0.4,0.5,False
LPT_12800,HOST,0,NONE,0.0,1.0,0.0,0.0,0.4,0.5,False
WS-11196,HOST,1,ENDPOINT,0.0,0.0,3.0,0.0,0.9,0.65,False
vdr-10666,HOST,0,NONE,0.0,1.0,0.0,0.0,0.4,0.5,False
VDR-10489,HOST,0,NONE,0.0,2.0,2.0,0.0,1.4,0.5,False
VDR-11669.corp.local,HOST,0,NONE,0.0,0.0,0.0,0.0,0.0,0.5,False
VDR-10514.corp.local,HOST,0,NONE,0.0,1.0,0.0,0.0,0.4,0.5,False
VDR_12732,HOST,0,NONE,0.0,0.0,0.0,0.0,0.0,0.5,False
LPT-12304.corp.local,HOST,0,NONE,0.0,0.0,0.0,0.0,0.0,0.5,False
LPT-11125,HOST,1,ENDPOINT,0.0,0.0,4.0,0.0,1.2,0.65,False
VDR-12604,HOST,0,NONE,0.0,0.0,2.0,0.0,0.6,0.5,False
lpt-10901,HOST,0,NONE,0.0,0.0,0.0,0.0,0.0,0.5,False
VDR_11999,HOST,0,NONE,0.0,0.0,0.0,0.0,0.0,0.5,False
LPT-11882.corp.local,HOST,0,NONE,0.0,1.0,0.0,0.0,0.4,0.5,False
VDR-10330,HOST,1,ENDPOINT,0.0,2.0,5.0,0.0,2.3,0.65,False
VDR-12281,HOST,2,FIREWALL_DENY|ENDPOINT,0.0,4.0,6.0,0.0,3.4,0.8,True
VDR_11267,HOST,0,NONE,0.0,1.0,0.0,0.0,0.4,0.5,False
VDR-10017,HOST,2,FIREWALL_DENY|ENDPOINT,0.0,5.0,4.0,0.0,3.2,0.8,True
ws-10202,HOST,0,NONE,0.0,0.0,0.0,0.0,0.0,0.5,False
vdr-11102,HOST,0,NONE,0.0,0.0,0.0,0.0,0.0,0.5,False
VDR_11201,HOST,0,NONE,0.0,0.0,0.0,0.0,0.0,0.5,False
lpt-10927,HOST,0,NONE,0.0,0.0,0.0,0.0,0.0,0.5,False
ws-11670,HOST,0,NONE,0.0,1.0,0.0,0.0,0.4,0.5,False
WS-12447,HOST,2,FIREWALL_DENY|ENDPOINT,0.0,3.0,3.0,0.0,2.1,0.8,True
WS-10652,HOST,0,NONE,0.0,0.0,2.0,0.0,0.6,0.5,False
LPT-12049.corp.local,HOST,0,NONE,0.0,1.0,0.0,0.0,0.4,0.5,False
WS_11864,HOST,0,NONE,0.0,1.0,0.0,0.0,0.4,0.5,False
LPT-10993,HOST,0,NONE,0.0,0.0,2.0,0.0,0.6,0.5,False
LPT_12888,HOST,0,NONE,0.0,0.0,0.0,0.0,0.0,0.5,False
WS_11682,HOST,0,NONE,0.0,0.0,0.0,0.0,0.0,0.5,False
LPT-12547,HOST,0,NONE,0.0,1.0,0.0,0.0,0.4,0.5,False
VDR_11817,HOST,0,NONE,0.0,0.0,0.0,0.0,0.0,0.5,False
lpt-10987,HOST,0,NONE,0.0,1.0,0.0,0.0,0.4,0.5,False
VDR-11636,HOST,1,ENDPOINT,0.0,0.0,5.0,0.0,1.5,0.65,False
VDR-11642,HOST,1,ENDPOINT,0.0,1.0,4.0,0.0,1.6,0.65,False
VDR-11240,HOST,0,NONE,0.0,0.0,2.0,0.0,0.6,0.5,False
WS-10730,HOST,1,FIREWALL_DENY,0.0,4.0,1.0,0.0,1.9,0.65,False
WS-10371,HOST,1,ENDPOINT,0.0,2.0,5.0,0.0,2.3,0.65,False
WS-11859,HOST,0,NONE,0.0,0.0,2.0,0.0,0.6,0.5,False
LPT-12990.corp.local,HOST,0,NONE,0.0,0.0,0.0,0.0,0.0,0.5,False
VDR_11752,HOST,0,NONE,0.0,0.0,0.0,0.0,0.0,0.5,False
lpt-12547,HOST,0,NONE,0.0,0.0,0.0,0.0,0.0,0.5,False
lpt-10262,HOST,0,NONE,0.0,1.0,0.0,0.0,0.4,0.5,False
LPT-10277,HOST,0,NONE,0.0,1.0,1.0,0.0,0.7,0.5,False
LPT-12314.,HOST,0,NONE,0.0,0.0,0.0,0.0,0.0,0.5,False
WS-10629,HOST,0,NONE,0.0,1.0,2.0,0.0,1.0,0.5,False
LPT_10304,HOST,0,NONE,0.0,0.0,0.0,0.0,0.0,0.5,False
VDR-10484,HOST,0,NONE,0.0,0.0,2.0,0.0,0.6,0.5,False
VDR-12706.corp.local,HOST,0,NONE,0.0,1.0,0.0,0.0,0.4,0.5,False
lpt-12383,HOST,0,NONE,0.0,1.0,0.0,0.0,0.4,0.5,False
vdr-11419,HOST,0,NONE,0.0,0.0,0.0,0.0,0.0,0.5,False
VDR-11008,HOST,2,FIREWALL_DENY|ENDPOINT,0.0,5.0,3.0,0.0,2.9,0.8,True
ws-11080,HOST,0,NONE,0.0,1.0,0.0,0.0,0.4,0.5,False
VDR-10053,HOST,1,ENDPOINT,0.0,0.0,4.0,0.0,1.2,0.65,False
ws-11844,HOST,0,NONE,0.0,2.0,0.0,0.0,0.8,0.5,False
vdr-10057,HOST,0,NONE,0.0,0.0,0.0,0.0,0.0,0.5,False
LPT-12086,HOST,1,ENDPOINT,0.0,0.0,4.0,0.0,1.2,0.65,False
vdr-12557,HOST,0,NONE,0.0,1.0,0.0,0.0,0.4,0.5,False
WS-10635,HOST,0,NONE,0.0,1.0,2.0,0.0,1.0,0.5,False
WS-12128,HOST,0,NONE,0.0,1.0,2.0,0.0,1.0,0.5,False
WS-10544,HOST,1,FIREWALL_DENY,0.0,4.0,2.0,0.0,2.2,0.65,False
WS-12756,HOST,0,NONE,0.0,0.0,2.0,0.0,0.6,0.5,False
vdr-12423,HOST,0,NONE,0.0,1.0,0.0,0.0,0.4,0.5,False
LPT-10490,HOST,1,ENDPOINT,0.0,2.0,4.0,0.0,2.0,0.65,False
WS-10865,HOST,0,NONE,0.0,1.0,1.0,0.0,0.7,0.5,False
ws-11706,HOST,0,NONE,0.0,0.0,0.0,0.0,0.0,0.5,False
VDR-11976.,HOST,0,NONE,0.0,0.0,0.0,0.0,0.0,0.5,False
LPT-11762,HOST,0,NONE,0.0,1.0,2.0,0.0,1.0,0.5,False
WS_11898,HOST,0,NONE,0.0,0.0,0.0,0.0,0.0,0.5,False
WS-12518,HOST,0,NONE,0.0,1.0,2.0,0.0,1.0,0.5,False
lpt-11663,HOST,0,NONE,0.0,1.0,0.0,0.0,0.4,0.5,False
lpt-12916,HOST,0,NONE,0.0,0.0,0.0,0.0,0.0,0.5,False
WS-11069,HOST,1,ENDPOINT,0.0,1.0,6.0,0.0,2.2,0.65,False
ws-11448,HOST,0,NONE,0.0,0.0,0.0,0.0,0.0,0.5,False
WS-12601,HOST,1,ENDPOINT,0.0,2.0,3.0,0.0,1.7,0.65,False
VDR-12076,HOST,0,NONE,0.0,2.0,1.0,0.0,1.1,0.5,False
lpt-12298,HOST,0,NONE,0.0,1.0,0.0,0.0,0.4,0.5,False
VDR-12527,HOST,0,NONE,0.0,0.0,2.0,0.0,0.6,0.5,False
WS-12256,HOST,0,NONE,0.0,0.0,2.0,0.0,0.6,0.5,False
lpt-12643,HOST,0,NONE,0.0,1.0,0.0,0.0,0.4,0.5,False
WS-11553.,HOST,0,NONE,0.0,0.0,0.0,0.0,0.0,0.5,False
VDR-11014,HOST,1,FIREWALL_DENY,0.0,3.0,0.0,0.0,1.2,0.65,False
ws-12938,HOST,0,NONE,0.0,0.0,0.0,0.0,0.0,0.5,False
VDR_11253,HOST,0,NONE,0.0,1.0,0.0,0.0,0.4,0.5,False
LPT-11054.,HOST,0,NONE,0.0,0.0,0.0,0.0,0.0,0.5,False
WS-12596,HOST,2,FIREWALL_DENY|ENDPOINT,0.0,3.0,3.0,0.0,2.1,0.8,True
VDR-12934,HOST,1,FIREWALL_DENY,0.0,4.0,1.0,0.0,1.9,0.65,False
VDR-10990,HOST,0,NONE,0.0,0.0,1.0,0.0,0.3,0.5,False
lpt-12000,HOST,0,NONE,0.0,1.0,0.0,0.0,0.4,0.5,False
WS-12164.corp.local,HOST,0,NONE,0.0,1.0,0.0,0.0,0.4,0.5,False
WS-10893,HOST,2,FIREWALL_DENY|ENDPOINT,0.0,4.0,3.0,0.0,2.5,0.8,True
WS-11430.corp.local,HOST,0,NONE,0.0,0.0,0.0,0.0,0.0,0.5,False
WS-12048,HOST,0,NONE,0.0,1.0,1.0,0.0,0.7,0.5,False
LPT-10420,HOST,1,ENDPOINT,0.0,1.0,7.0,0.0,2.5,0.65,False
vdr-12857,HOST,0,NONE,0.0,0.0,0.0,0.0,0.0,0.5,False
ws-10412,HOST,0,NONE,0.0,0.0,0.0,0.0,0.0,0.5,False
VDR-12032,HOST,1,FIREWALL_DENY,0.0,3.0,0.0,0.0,1.2,0.65,False
VDR-10504,HOST,1,ENDPOINT,0.0,2.0,5.0,0.0,2.3,0.65,False
LPT_12086,HOST,0,NONE,0.0,0.0,0.0,0.0,0.0,0.5,False
lpt-12572,HOST,0,NONE,0.0,0.0,0.0,0.0,0.0,0.5,False
vdr-12278,HOST,0,NONE,0.0,1.0,0.0,0.0,0.4,0.5,False
VDR-12638,HOST,1,FIREWALL_DENY,0.0,4.0,2.0,0.0,2.2,0.65,False
WS-10369,HOST,0,NONE,0.0,0.0,1.0,0.0,0.3,0.5,False
LPT-10589,HOST,0,NONE,0.0,0.0,1.0,0.0,0.3,0.5,False
VDR-10485.corp.local,HOST,0,NONE,0.0,0.0,0.0,0.0,0.0,0.5,False
LPT-12645.corp.local,HOST,0,NONE,0.0,1.0,0.0,0.0,0.4,0.5,False
VDR-11083,HOST,1,ENDPOINT,0.0,1.0,3.0,0.0,1.3,0.65,False
lpt-11133,HOST,0,NONE,0.0,0.0,0.0,0.0,0.0,0.5,False
WS-11456,HOST,0,NONE,0.0,0.0,2.0,0.0,0.6,0.5,False
WS-10844.,HOST,0,NONE,0.0,0.0,0.0,0.0,0.0,0.5,False
lpt-12508,HOST,0,NONE,0.0,0.0,0.0,0.0,0.0,0.5,False
VDR-10135,HOST,1,ENDPOINT,0.0,2.0,3.0,0.0,1.7,0.65,False
VDR-10703,HOST,1,FIREWALL_DENY,0.0,3.0,2.0,0.0,1.8,0.65,False
VDR-12405,HOST,0,NONE,0.0,0.0,2.0,0.0,0.6,0.5,False
VDR-11684,HOST,0,NONE,0.0,2.0,0.0,0.0,0.8,0.5,False
VDR-11121,HOST,0,NONE,0.0,0.0,1.0,0.0,0.3,0.5,False
WS_10256,HOST,0,NONE,0.0,0.0,0.0,0.0,0.0,0.5,False
WS-10307,HOST,1,ENDPOINT,0.0,2.0,6.0,0.0,2.6,0.65,False
vdr-10192,HOST,0,NONE,0.0,0.0,0.0,0.0,0.0,0.5,False
LPT-12086.corp.local,HOST,1,FIREWALL_DENY,0.0,3.0,0.0,0.0,1.2,0.65,False
WS-10242,HOST,0,NONE,0.0,2.0,1.0,0.0,1.1,0.5,False
LPT_12298,HOST,0,NONE,0.0,0.0,0.0,0.0,0.0,0.5,False
VDR_10237,HOST,0,NONE,0.0,0.0,0.0,0.0,0.0,0.5,False
ws-10683,HOST,0,NONE,0.0,1.0,0.0,0.0,0.4,0.5,False
LPT_10383,HOST,0,NONE,0.0,0.0,0.0,0.0,0.0,0.5,False
vdr-10260,HOST,0,NONE,0.0,0.0,0.0,0.0,0.0,0.5,False
VDR-11001,HOST,0,NONE,0.0,1.0,1.0,0.0,0.7,0.5,False
LPT-12323.corp.local,HOST,0,NONE,0.0,0.0,0.0,0.0,0.0,0.5,False
lpt-12099,HOST,0,NONE,0.0,0.0,0.0,0.0,0.0,0.5,False
VDR-10108.corp.local,HOST,0,NONE,0.0,0.0,0.0,0.0,0.0,0.5,False
VDR-12218,HOST,1,ENDPOINT,0.0,0.0,5.0,0.0,1.5,0.65,False
WS-12698,HOST,1,ENDPOINT,0.0,2.0,4.0,0.0,2.0,0.65,False
WS_12909,HOST,0,NONE,0.0,0.0,0.0,0.0,0.0,0.5,False
WS_12515,HOST,0,NONE,0.0,0.0,0.0,0.0,0.0,0.5,False
ws-12409,HOST,0,NONE,0.0,1.0,0.0,0.0,0.4,0.5,False
ws-10214,HOST,0,NONE,0.0,2.0,0.0,0.0,0.8,0.5,False
LPT_10987,HOST,0,NONE,0.0,0.0,0.0,0.0,0.0,0.5,False
LPT-10439,HOST,1,ENDPOINT,0.0,0.0,5.0,0.0,1.5,0.65,False
lpt-11593,HOST,0,NONE,0.0,0.0,0.0,0.0,0.0,0.5,False
lpt-12183,HOST,0,NONE,0.0,0.0,0.0,0.0,0.0,0.5,False
WS_11381,HOST,0,NONE,0.0,0.0,0.0,0.0,0.0,0.5,False
ws-10263,HOST,0,NONE,0.0,1.0,0.0,0.0,0.4,0.5,False
LPT-12425,HOST,1,FIREWALL_DENY,0.0,3.0,2.0,0.0,1.8,0.65,False
WS-12392.corp.local,HOST,0,NONE,0.0,0.0,0.0,0.0,0.0,0.5,False
WS_11565,HOST,0,NONE,0.0,0.0,0.0,0.0,0.0,0.5,False
LPT-11918.corp.local,HOST,0,NONE,0.0,0.0,0.0,0.0,0.0,0.5,False
WS-12283.corp.local,HOST,0,NONE,0.0,0.0,0.0,0.0,0.0,0.5,False
WS-12592,HOST,0,NONE,0.0,1.0,1.0,0.0,0.7,0.5,False
LPT_11226,HOST,0,NONE,0.0,0.0,0.0,0.0,0.0,0.5,False
WS-10201,HOST,0,NONE,0.0,1.0,1.0,0.0,0.7,0.5,False
LPT-10881.corp.local,HOST,0,NONE,0.0,0.0,0.0,0.0,0.0,0.5,False
WS_11613,HOST,0,NONE,0.0,1.0,0.0,0.0,0.4,0.5,False
VDR-11559,HOST,0,NONE,0.0,1.0,1.0,0.0,0.7,0.5,False
VDR_10919,HOST,0,NONE,0.0,0.0,0.0,0.0,0.0,0.5,False
VDR-11298,HOST,0,NONE,0.0,0.0,2.0,0.0,0.6,0.5,False
LPT-10409.corp.local,HOST,0,NONE,0.0,0.0,0.0,0.0,0.0,0.5,False
ws-12385,HOST,0,NONE,0.0,0.0,0.0,0.0,0.0,0.5,False
LPT_11025,HOST,0,NONE,0.0,0.0,0.0,0.0,0.0,0.5,False
LPT-11825.,HOST,0,NONE,0.0,0.0,0.0,0.0,0.0,0.5,False
WS_12125,HOST,0,NONE,0.0,1.0,0.0,0.0,0.4,0.5,False
LPT-10259.corp.local,HOST,0,NONE,0.0,0.0,0.0,0.0,0.0,0.5,False
LPT-11183,HOST,0,NONE,0.0,2.0,0.0,0.0,0.8,0.5,False
VDR_12856,HOST,0,NONE,0.0,0.0,0.0,0.0,0.0,0.5,False
WS-10699,HOST,1,ENDPOINT,0.0,1.0,3.0,0.0,1.3,0.65,False
vdr-11991,HOST,0,NONE,0.0,0.0,0.0,0.0,0.0,0.5,False
VDR_10457,HOST,0,NONE,0.0,0.0,0.0,0.0,0.0,0.5,False
ws-12417,HOST,0,NONE,0.0,0.0,0.0,0.0,0.0,0.5,False
LPT_10374,HOST,0,NONE,0.0,1.0,0.0,0.0,0.4,0.5,False
WS_10265,HOST,0,NONE,0.0,0.0,0.0,0.0,0.0,0.5,False
VDR-10597.corp.local,HOST,0,NONE,0.0,0.0,0.0,0.0,0.0,0.5,False
vdr-12500,HOST,0,NONE,0.0,1.0,0.0,0.0,0.4,0.5,False
WS-11648,HOST,1,ENDPOINT,0.0,1.0,3.0,0.0,1.3,0.65,False
WS-12774,HOST,1,ENDPOINT,0.0,1.0,8.0,0.0,2.8,0.65,False
ws-12176,HOST,0,NONE,0.0,1.0,0.0,0.0,0.4,0.5,False
ws-11997,HOST,0,NONE,0.0,0.0,0.0,0.0,0.0,0.5,False
WS-10219,HOST,1,FIREWALL_DENY,0.0,4.0,2.0,0.0,2.2,0.65,False
VDR-10222.corp.local,HOST,0,NONE,0.0,0.0,0.0,0.0,0.0,0.5,False
VDR_11632,HOST,0,NONE,0.0,0.0,0.0,0.0,0.0,0.5,False
VDR-12181,HOST,0,NONE,0.0,2.0,2.0,0.0,1.4,0.5,False
lpt-12506,HOST,0,NONE,0.0,0.0,0.0,0.0,0.0,0.5,False
WS-11761.corp.local,HOST,0,NONE,0.0,0.0,0.0,0.0,0.0,0.5,False
LPT_12805,HOST,0,NONE,0.0,0.0,0.0,0.0,0.0,0.5,False
VDR-11421.corp.local,HOST,0,NONE,0.0,1.0,0.0,0.0,0.4,0.5,False
WS-10982.,HOST,0,NONE,0.0,0.0,0.0,0.0,0.0,0.5,False
vdr-12976,HOST,0,NONE,0.0,1.0,0.0,0.0,0.4,0.5,False
LPT-11637,HOST,1,ENDPOINT,0.0,2.0,3.0,0.0,1.7,0.65,False
VDR-10585.corp.local,HOST,0,NONE,0.0,0.0,0.0,0.0,0.0,0.5,False
VDR-10613,HOST,1,ENDPOINT,0.0,2.0,5.0,0.0,2.3,0.65,False
LPT-11290,HOST,1,ENDPOINT,0.0,0.0,4.0,0.0,1.2,0.65,False
VDR-11815,HOST,1,ENDPOINT,0.0,1.0,6.0,0.0,2.2,0.65,False
WS-10530.,HOST,0,NONE,0.0,0.0,0.0,0.0,0.0,0.5,False
VDR-12588,HOST,1,ENDPOINT,0.0,2.0,4.0,0.0,2.0,0.65,False
WS-11722,HOST,0,NONE,0.0,1.0,2.0,0.0,1.0,0.5,False
LPT-10390.corp.local,HOST,0,NONE,0.0,0.0,0.0,0.0,0.0,0.5,False
VDR_10758,HOST,0,NONE,0.0,0.0,0.0,0.0,0.0,0.5,False
ws-10786,HOST,0,NONE,0.0,0.0,0.0,0.0,0.0,0.5,False
VDR_10010,HOST,0,NONE,0.0,0.0,0.0,0.0,0.0,0.5,False
WS-10518,HOST,0,NONE,0.0,2.0,1.0,0.0,1.1,0.5,False
LPT-11246,HOST,2,FIREWALL_DENY|ENDPOINT,0.0,3.0,6.0,0.0,3.0,0.8,True
lpt-11011,HOST,0,NONE,0.0,0.0,0.0,0.0,0.0,0.5,False
LPT-11129,HOST,0,NONE,0.0,1.0,0.0,0.0,0.4,0.5,False
LPT-11825,HOST,2,FIREWALL_DENY|ENDPOINT,0.0,4.0,4.0,0.0,2.8,0.8,True
VDR_10723,HOST,0,NONE,0.0,0.0,0.0,0.0,0.0,0.5,False
WS-10610,HOST,0,NONE,0.0,1.0,2.0,0.0,1.0,0.5,False
WS_12929,HOST,0,NONE,0.0,2.0,0.0,0.0,0.8,0.5,False
vdr-11622,HOST,0,NONE,0.0,0.0,0.0,0.0,0.0,0.5,False
VDR_10218,HOST,0,NONE,0.0,0.0,0.0,0.0,0.0,0.5,False
LPT_12735,HOST,0,NONE,0.0,0.0,0.0,0.0,0.0,0.5,False
VDR-11916,HOST,1,ENDPOINT,0.0,0.0,5.0,0.0,1.5,0.65,False
lpt-12685,HOST,0,NONE,0.0,0.0,0.0,0.0,0.0,0.5,False
ws-12350,HOST,0,NONE,0.0,0.0,0.0,0.0,0.0,0.5,False
WS_10998,HOST,0,NONE,0.0,0.0,0.0,0.0,0.0,0.5,False
LPT-10030,HOST,0,NONE,0.0,2.0,1.0,0.0,1.1,0.5,False
LPT-10985.corp.local,HOST,0,NONE,0.0,0.0,0.0,0.0,0.0,0.5,False
VDR-12090,HOST,0,NONE,0.0,2.0,0.0,0.0,0.8,0.5,False
LPT-12211,HOST,1,FIREWALL_DENY,0.0,4.0,2.0,0.0,2.2,0.65,False
LPT-11183.corp.local,HOST,0,NONE,0.0,0.0,0.0,0.0,0.0,0.5,False
WS-10411,HOST,1,ENDPOINT,0.0,2.0,3.0,0.0,1.7,0.65,False
WS-12667,HOST,0,NONE,0.0,2.0,2.0,0.0,1.4,0.5,False
WS-12136,HOST,0,NONE,0.0,1.0,0.0,0.0,0.4,0.5,False
VDR-10291.corp.local,HOST,0,NONE,0.0,0.0,0.0,0.0,0.0,0.5,False
VDR-12278,HOST,0,NONE,0.0,0.0,0.0,0.0,0.0,0.5,False
ws-11850,HOST,0,NONE,0.0,1.0,0.0,0.0,0.4,0.5,False
VDR-11157.corp.local,HOST,0,NONE,0.0,0.0,0.0,0.0,0.0,0.5,False
WS-11347.corp.local,HOST,0,NONE,0.0,0.0,0.0,0.0,0.0,0.5,False
lpt-10258,HOST,0,NONE,0.0,0.0,0.0,0.0,0.0,0.5,False
WS-10873.corp.local,HOST,0,NONE,0.0,0.0,0.0,0.0,0.0,0.5,False
vdr-12400,HOST,0,NONE,0.0,0.0,0.0,0.0,0.0,0.5,False
ws-10625,HOST,0,NONE,0.0,0.0,0.0,0.0,0.0,0.5,False
WS_12406,HOST,0,NONE,0.0,0.0,0.0,0.0,0.0,0.5,False
VDR-10350,HOST,1,ENDPOINT,0.0,0.0,5.0,0.0,1.5,0.65,False
LPT-12132.corp.local,HOST,0,NONE,0.0,0.0,0.0,0.0,0.0,0.5,False
LPT-11780,HOST,0,NONE,0.0,1.0,0.0,0.0,0.4,0.5,False
vdr-10147,HOST,0,NONE,0.0,1.0,0.0,0.0,0.4,0.5,False
vdr-10796,HOST,0,NONE,0.0,0.0,0.0,0.0,0.0,0.5,False
WS_12866,HOST,0,NONE,0.0,1.0,0.0,0.0,0.4,0.5,False
lpt-12670,HOST,0,NONE,0.0,0.0,0.0,0.0,0.0,0.5,False
LPT-12380,HOST,0,NONE,0.0,0.0,1.0,0.0,0.3,0.5,False
ws-12533,HOST,0,NONE,0.0,1.0,0.0,0.0,0.4,0.5,False
WS_10073,HOST,0,NONE,0.0,1.0,0.0,0.0,0.4,0.5,False
lpt-12787,HOST,0,NONE,0.0,1.0,0.0,0.0,0.4,0.5,False
ws-11595,HOST,0,NONE,0.0,0.0,0.0,0.0,0.0,0.5,False
VDR_10983,HOST,0,NONE,0.0,0.0,0.0,0.0,0.0,0.5,False
WS-11530,HOST,2,FIREWALL_DENY|ENDPOINT,0.0,3.0,3.0,0.0,2.1,0.8,True
WS-10063.corp.local,HOST,0,NONE,0.0,1.0,0.0,0.0,0.4,0.5,False
lpt-10428,HOST,0,NONE,0.0,0.0,0.0,0.0,0.0,0.5,False
LPT-11956,HOST,0,NONE,0.0,0.0,1.0,0.0,0.3,0.5,False
LPT-10333.corp.local,HOST,0,NONE,0.0,1.0,0.0,0.0,0.4,0.5,False
VDR-10783,HOST,0,NONE,0.0,1.0,1.0,0.0,0.7,0.5,False
vdr-10012,HOST,0,NONE,0.0,0.0,0.0,0.0,0.0,0.5,False
VDR-12180,HOST,0,NONE,0.0,2.0,2.0,0.0,1.4,0.5,False
ws-11876,HOST,0,NONE,0.0,1.0,0.0,0.0,0.4,0.5,False
LPT_12517,HOST,0,NONE,0.0,0.0,0.0,0.0,0.0,0.5,False
WS-10344,HOST,0,NONE,0.0,1.0,2.0,0.0,1.0,0.5,False
WS-12320.corp.local,HOST,0,NONE,0.0,1.0,0.0,0.0,0.4,0.5,False
VDR-11811,HOST,2,FIREWALL_DENY|ENDPOINT,0.0,4.0,3.0,0.0,2.5,0.8,True
ws-10866,HOST,0,NONE,0.0,0.0,0.0,0.0,0.0,0.5,False
ws-10243,HOST,0,NONE,0.0,1.0,0.0,0.0,0.4,0.5,False
LPT-11285,HOST,1,ENDPOINT,0.0,1.0,3.0,0.0,1.3,0.65,False
VDR-12335,HOST,1,ENDPOINT,0.0,2.0,4.0,0.0,2.0,0.65,False
WS-12950,HOST,1,ENDPOINT,0.0,2.0,6.0,0.0,2.6,0.65,False
lpt-11568,HOST,0,NONE,0.0,0.0,0.0,0.0,0.0,0.5,False
WS_10219,HOST,0,NONE,0.0,1.0,0.0,0.0,0.4,0.5,False
vdr-12543,HOST,0,NONE,0.0,0.0,0.0,0.0,0.0,0.5,False
WS-12460,HOST,0,NONE,0.0,0.0,1.0,0.0,0.3,0.5,False
VDR_10142,HOST,0,NONE,0.0,0.0,0.0,0.0,0.0,0.5,False
LPT-10738.corp.local,HOST,0,NONE,0.0,1.0,0.0,0.0,0.4,0.5,False
LPT_11978,HOST,0,NONE,0.0,1.0,0.0,0.0,0.4,0.5,False
LPT-12228,HOST,0,NONE,0.0,2.0,2.0,0.0,1.4,0.5,False
lpt-11470,HOST,0,NONE,0.0,0.0,0.0,0.0,0.0,0.5,False
VDR-12526,HOST,1,ENDPOINT,0.0,2.0,4.0,0.0,2.0,0.65,False
VDR-12177,HOST,0,NONE,0.0,1.0,0.0,0.0,0.4,0.5,False
LPT-10409,HOST,0,NONE,0.0,0.0,0.0,0.0,0.0,0.5,False
WS_11505,HOST,0,NONE,0.0,0.0,0.0,0.0,0.0,0.5,False
WS_11612,HOST,0,NONE,0.0,1.0,0.0,0.0,0.4,0.5,False
VDR-11056.corp.local,HOST,0,NONE,0.0,0.0,0.0,0.0,0.0,0.5,False
vdr-10658,HOST,0,NONE,0.0,1.0,0.0,0.0,0.4,0.5,False
WS-11461.corp.local,HOST,0,NONE,0.0,0.0,0.0,0.0,0.0,0.5,False
WS-11063,HOST,1,ENDPOINT,0.0,1.0,4.0,0.0,1.6,0.65,False
WS_11139,HOST,0,NONE,0.0,0.0,0.0,0.0,0.0,0.5,False
vdr-12148,HOST,0,NONE,0.0,1.0,0.0,0.0,0.4,0.5,False
lpt-11792,HOST,0,NONE,0.0,0.0,0.0,0.0,0.0,0.5,False
WS-11725.,HOST,0,NONE,0.0,0.0,0.0,0.0,0.0,0.5,False
WS-10324.corp.local,HOST,0,NONE,0.0,1.0,0.0,0.0,0.4,0.5,False
LPT_11376,HOST,0,NONE,0.0,2.0,0.0,0.0,0.8,0.5,False
ws-10687,HOST,0,NONE,0.0,0.0,0.0,0.0,0.0,0.5,False
WS_11799,HOST,0,NONE,0.0,0.0,0.0,0.0,0.0,0.5,False
WS_12472,HOST,0,NONE,0.0,1.0,0.0,0.0,0.4,0.5,False
ws-10995,HOST,0,NONE,0.0,1.0,0.0,0.0,0.4,0.5,False
LPT_11573,HOST,0,NONE,0.0,0.0,0.0,0.0,0.0,0.5,False
ws-11139,HOST,0,NONE,0.0,1.0,0.0,0.0,0.4,0.5,False
LPT-11619,HOST,1,ENDPOINT,0.0,0.0,4.0,0.0,1.2,0.65,False
LPT-11134.corp.local,HOST,0,NONE,0.0,1.0,0.0,0.0,0.4,0.5,False
LPT-10401,HOST,1,FIREWALL_DENY,0.0,3.0,1.0,0.0,1.5,0.65,False
WS-11809,HOST,0,NONE,0.0,1.0,0.0,0.0,0.4,0.5,False
WS-12910,HOST,0,NONE,0.0,1.0,0.0,0.0,0.4,0.5,False
WS-10515,HOST,1,ENDPOINT,0.0,1.0,3.0,0.0,1.3,0.65,False
LPT-11034,HOST,1,ENDPOINT,0.0,1.0,3.0,0.0,1.3,0.65,False
WS-11372.,HOST,0,NONE,0.0,0.0,0.0,0.0,0.0,0.5,False
ws-10272,HOST,0,NONE,0.0,0.0,0.0,0.0,0.0,0.5,False
ws-11562,HOST,0,NONE,0.0,0.0,0.0,0.0,0.0,0.5,False
vdr-11765,HOST,0,NONE,0.0,0.0,0.0,0.0,0.0,0.5,False
ws-12244,HOST,0,NONE,0.0,0.0,0.0,0.0,0.0,0.5,False
VDR-12034.corp.local,HOST,0,NONE,0.0,1.0,0.0,0.0,0.4,0.5,False
LPT-10779,HOST,1,ENDPOINT,0.0,2.0,3.0,0.0,1.7,0.65,False
VDR-12441.corp.local,HOST,0,NONE,0.0,0.0,0.0,0.0,0.0,0.5,False
ws-12790,HOST,0,NONE,0.0,1.0,0.0,0.0,0.4,0.5,False
vdr-10539,HOST,0,NONE,0.0,0.0,0.0,0.0,0.0,0.5,False
vdr-11817,HOST,0,NONE,0.0,0.0,0.0,0.0,0.0,0.5,False
LPT-12438,HOST,0,NONE,0.0,2.0,1.0,0.0,1.1,0.5,False
WS_11006,HOST,0,NONE,0.0,1.0,0.0,0.0,0.4,0.5,False
ws-11590,HOST,0,NONE,0.0,1.0,0.0,0.0,0.4,0.5,False
vdr-10605,HOST,0,NONE,0.0,1.0,0.0,0.0,0.4,0.5,False
ws-10573,HOST,0,NONE,0.0,1.0,0.0,0.0,0.4,0.5,False
WS-12914.corp.local,HOST,0,NONE,0.0,1.0,0.0,0.0,0.4,0.5,False
lpt-12085,HOST,0,NONE,0.0,1.0,0.0,0.0,0.4,0.5,False
VDR-12330,HOST,1,FIREWALL_DENY,0.0,4.0,1.0,0.0,1.9,0.65,False
LPT-10424,HOST,1,FIREWALL_DENY,0.0,5.0,2.0,0.0,2.6,0.65,False
VDR-12525.corp.local,HOST,0,NONE,0.0,1.0,0.0,0.0,0.4,0.5,False
LPT-12659,HOST,1,ENDPOINT,0.0,2.0,3.0,0.0,1.7,0.65,False
lpt-10390,HOST,0,NONE,0.0,2.0,0.0,0.0,0.8,0.5,False
LPT_11369,HOST,0,NONE,0.0,0.0,0.0,0.0,0.0,0.5,False
LPT-11180.corp.local,HOST,0,NONE,0.0,1.0,0.0,0.0,0.4,0.5,False
LPT-12805.,HOST,0,NONE,0.0,0.0,0.0,0.0,0.0,0.5,False
lpt-12524,HOST,0,NONE,0.0,0.0,0.0,0.0,0.0,0.5,False
LPT-10818,HOST,0,NONE,0.0,2.0,1.0,0.0,1.1,0.5,False
vdr-12123,HOST,0,NONE,0.0,0.0,0.0,0.0,0.0,0.5,False
LPT-11813,HOST,1,ENDPOINT,0.0,2.0,4.0,0.0,2.0,0.65,False
VDR-11343.corp.local,HOST,0,NONE,0.0,1.0,0.0,0.0,0.4,0.5,False
LPT-12055.corp.local,HOST,0,NONE,0.0,0.0,0.0,0.0,0.0,0.5,False
ws-10341,HOST,0,NONE,0.0,0.0,0.0,0.0,0.0,0.5,False
WS_11836,HOST,0,NONE,0.0,2.0,0.0,0.0,0.8,0.5,False
lpt-11274,HOST,0,NONE,0.0,0.0,0.0,0.0,0.0,0.5,False
VDR-12238,HOST,1,ENDPOINT,0.0,1.0,3.0,0.0,1.3,0.65,False
lpt-12687,HOST,0,NONE,0.0,0.0,0.0,0.0,0.0,0.5,False
WS-12848,HOST,0,NONE,0.0,2.0,1.0,0.0,1.1,0.5,False
VDR-10343,HOST,1,ENDPOINT,0.0,1.0,5.0,0.0,1.9,0.65,False
VDR-11272.corp.local,HOST,0,NONE,0.0,0.0,0.0,0.0,0.0,0.5,False
VDR-10484.corp.local,HOST,0,NONE,0.0,1.0,0.0,0.0,0.4,0.5,False
vdr-10692,HOST,0,NONE,0.0,0.0,0.0,0.0,0.0,0.5,False
WS-11827,HOST,0,NONE,0.0,1.0,2.0,0.0,1.0,0.5,False
lpt-11398,HOST,0,NONE,0.0,0.0,0.0,0.0,0.0,0.5,False
LPT-12011,HOST,0,NONE,0.0,2.0,1.0,0.0,1.1,0.5,False
lpt-10872,HOST,0,NONE,0.0,0.0,0.0,0.0,0.0,0.5,False
vdr-12386,HOST,0,NONE,0.0,0.0,0.0,0.0,0.0,0.5,False
vdr-12042,HOST,0,NONE,0.0,0.0,0.0,0.0,0.0,0.5,False
WS-12599,HOST,0,NONE,0.0,1.0,0.0,0.0,0.4,0.5,False
WS_11924,HOST,0,NONE,0.0,1.0,0.0,0.0,0.4,0.5,False
WS_10370,HOST,0,NONE,0.0,0.0,0.0,0.0,0.0,0.5,False
ws-11543,HOST,0,NONE,0.0,1.0,0.0,0.0,0.4,0.5,False
VDR-10497,HOST,1,FIREWALL_DENY,0.0,3.0,1.0,0.0,1.5,0.65,False
LPT-11238,HOST,1,ENDPOINT,0.0,2.0,4.0,0.0,2.0,0.65,False
WS-10313,HOST,0,NONE,0.0,2.0,2.0,0.0,1.4,0.5,False
lpt-12626,HOST,0,NONE,0.0,1.0,0.0,0.0,0.4,0.5,False
LPT-11382,HOST,1,ENDPOINT,0.0,1.0,3.0,0.0,1.3,0.65,False
VDR_11455,HOST,0,NONE,0.0,0.0,0.0,0.0,0.0,0.5,False
lpt-11440,HOST,0,NONE,0.0,0.0,0.0,0.0,0.0,0.5,False
LPT-12741,HOST,0,NONE,0.0,2.0,1.0,0.0,1.1,0.5,False
LPT-10935,HOST,1,FIREWALL_DENY,0.0,3.0,2.0,0.0,1.8,0.65,False
VDR-10906,HOST,1,ENDPOINT,0.0,2.0,6.0,0.0,2.6,0.65,False
VDR-11628,HOST,0,NONE,0.0,2.0,0.0,0.0,0.8,0.5,False
LPT-12231,HOST,1,ENDPOINT,0.0,1.0,4.0,0.0,1.6,0.65,False
vdr-12137,HOST,0,NONE,0.0,0.0,0.0,0.0,0.0,0.5,False
VDR-11249,HOST,0,NONE,0.0,1.0,1.0,0.0,0.7,0.5,False
ws-11113,HOST,0,NONE,0.0,0.0,0.0,0.0,0.0,0.5,False
WS_12047,HOST,0,NONE,0.0,0.0,0.0,0.0,0.0,0.5,False
WS_11777,HOST,0,NONE,0.0,2.0,0.0,0.0,0.8,0.5,False
vdr-11592,HOST,0,NONE,0.0,1.0,0.0,0.0,0.4,0.5,False
VDR-10086.corp.local,HOST,0,NONE,0.0,2.0,0.0,0.0,0.8,0.5,False
vdr-12013,HOST,0,NONE,0.0,0.0,0.0,0.0,0.0,0.5,False
LPT_12010,HOST,0,NONE,0.0,0.0,0.0,0.0,0.0,0.5,False
lpt-11414,HOST,0,NONE,0.0,0.0,0.0,0.0,0.0,0.5,False
WS-11895,HOST,1,ENDPOINT,0.0,0.0,3.0,0.0,0.9,0.65,False
LPT-10904,HOST,1,ENDPOINT,0.0,0.0,5.0,0.0,1.5,0.65,False
VDR-12861.corp.local,HOST,0,NONE,0.0,0.0,0.0,0.0,0.0,0.5,False
WS-10202,HOST,1,ENDPOINT,0.0,0.0,3.0,0.0,0.9,0.65,False
WS-11699.corp.local,HOST,0,NONE,0.0,1.0,0.0,0.0,0.4,0.5,False
LPT-11788.corp.local,HOST,0,NONE,0.0,0.0,0.0,0.0,0.0,0.5,False
VDR-12131,HOST,0,NONE,0.0,1.0,2.0,0.0,1.0,0.5,False
ws-10512,HOST,0,NONE,0.0,0.0,0.0,0.0,0.0,0.5,False
VDR-12513.corp.local,HOST,0,NONE,0.0,0.0,0.0,0.0,0.0,0.5,False
WS_10400,HOST,0,NONE,0.0,1.0,0.0,0.0,0.4,0.5,False
LPT-11212,HOST,1,ENDPOINT,0.0,1.0,3.0,0.0,1.3,0.65,False
WS-10292,HOST,1,ENDPOINT,0.0,0.0,5.0,0.0,1.5,0.65,False
WS-10844.corp.local,HOST,0,NONE,0.0,1.0,0.0,0.0,0.4,0.5,False
ws-10746,HOST,0,NONE,0.0,0.0,0.0,0.0,0.0,0.5,False
LPT_10863,HOST,0,NONE,0.0,0.0,0.0,0.0,0.0,0.5,False
ws-12461,HOST,0,NONE,0.0,0.0,0.0,0.0,0.0,0.5,False
LPT_12532,HOST,0,NONE,0.0,1.0,0.0,0.0,0.4,0.5,False
LPT-11691,HOST,0,NONE,0.0,0.0,1.0,0.0,0.3,0.5,False
ws-11063,HOST,0,NONE,0.0,0.0,0.0,0.0,0.0,0.5,False
WS-10111,HOST,1,FIREWALL_DENY,0.0,3.0,2.0,0.0,1.8,0.65,False
lpt-10551,HOST,0,NONE,0.0,0.0,0.0,0.0,0.0,0.5,False
VDR-10207,HOST,0,NONE,0.0,1.0,2.0,0.0,1.0,0.5,False
VDR-11389.corp.local,HOST,0,NONE,0.0,0.0,0.0,0.0,0.0,0.5,False
VDR-10502,HOST,0,NONE,0.0,1.0,0.0,0.0,0.4,0.5,False
WS-11365.corp.local,HOST,0,NONE,0.0,0.0,0.0,0.0,0.0,0.5,False
VDR_12650,HOST,0,NONE,0.0,0.0,0.0,0.0,0.0,0.5,False
WS-12723,HOST,0,NONE,0.0,2.0,2.0,0.0,1.4,0.5,False
WS-10102,HOST,0,NONE,0.0,0.0,0.0,0.0,0.0,0.5,False
WS-10916.corp.local,HOST,0,NONE,0.0,0.0,0.0,0.0,0.0,0.5,False
WS-11948.corp.local,HOST,0,NONE,0.0,0.0,0.0,0.0,0.0,0.5,False
WS-12449,HOST,0,NONE,0.0,1.0,2.0,0.0,1.0,0.5,False
WS-10997,HOST,0,NONE,0.0,2.0,1.0,0.0,1.1,0.5,False
LPT-12060,HOST,1,ENDPOINT,0.0,1.0,3.0,0.0,1.3,0.65,False
LPT-10159.corp.local,HOST,0,NONE,0.0,0.0,0.0,0.0,0.0,0.5,False
LPT_12066,HOST,0,NONE,0.0,0.0,0.0,0.0,0.0,0.5,False
vdr-12248,HOST,0,NONE,0.0,1.0,0.0,0.0,0.4,0.5,False
WS-10368,HOST,1,ENDPOINT,0.0,2.0,4.0,0.0,2.0,0.65,False
WS-12529.,HOST,0,NONE,0.0,0.0,0.0,0.0,0.0,0.5,False
lpt-10221,HOST,0,NONE,0.0,0.0,0.0,0.0,0.0,0.5,False
VDR-12415,HOST,0,NONE,0.0,1.0,2.0,0.0,1.0,0.5,False
lpt-10657,HOST,0,NONE,0.0,0.0,0.0,0.0,0.0,0.5,False
LPT-12954.corp.local,HOST,0,NONE,0.0,0.0,0.0,0.0,0.0,0.5,False
VDR-12971,HOST,0,NONE,0.0,1.0,1.0,0.0,0.7,0.5,False
ws-12631,HOST,0,NONE,0.0,0.0,0.0,0.0,0.0,0.5,False
LPT-12399,HOST,1,ENDPOINT,0.0,1.0,3.0,0.0,1.3,0.65,False
VDR-12835,HOST,1,ENDPOINT,0.0,0.0,5.0,0.0,1.5,0.65,False
vdr-11421,HOST,0,NONE,0.0,0.0,0.0,0.0,0.0,0.5,False
VDR-12330.corp.local,HOST,0,NONE,0.0,0.0,0.0,0.0,0.0,0.5,False
WS_10445,HOST,0,NONE,0.0,0.0,0.0,0.0,0.0,0.5,False
VDR-12519.corp.local,HOST,0,NONE,0.0,1.0,0.0,0.0,0.4,0.5,False
LPT-10437,HOST,1,ENDPOINT,0.0,0.0,3.0,0.0,0.9,0.65,False
LPT-10058,HOST,1,ENDPOINT,0.0,0.0,4.0,0.0,1.2,0.65,False
lpt-10965,HOST,0,NONE,0.0,0.0,0.0,0.0,0.0,0.5,False
VDR-11838.corp.local,HOST,0,NONE,0.0,1.0,0.0,0.0,0.4,0.5,False
LPT_12510,HOST,0,NONE,0.0,1.0,0.0,0.0,0.4,0.5,False
WS-10814,HOST,0,NONE,0.0,1.0,0.0,0.0,0.4,0.5,False
VDR-12926,HOST,1,FIREWALL_DENY,0.0,3.0,2.0,0.0,1.8,0.65,False
WS-10305,HOST,0,NONE,0.0,2.0,2.0,0.0,1.4,0.5,False
WS_12230,HOST,0,NONE,0.0,0.0,0.0,0.0,0.0,0.5,False
LPT-10521,HOST,1,ENDPOINT,0.0,0.0,3.0,0.0,0.9,0.65,False
LPT-12628,HOST,0,NONE,0.0,2.0,1.0,0.0,1.1,0.5,False
VDR-12463,HOST,0,NONE,0.0,1.0,1.0,0.0,0.7,0.5,False
VDR-10864.corp.local,HOST,0,NONE,0.0,0.0,0.0,0.0,0.0,0.5,False
LPT-12730,HOST,0,NONE,0.0,2.0,1.0,0.0,1.1,0.5,False
VDR-10961,HOST,1,ENDPOINT,0.0,2.0,3.0,0.0,1.7,0.65,False
lpt-12743,HOST,0,NONE,0.0,1.0,0.0,0.0,0.4,0.5,False
LPT-11246.corp.local,HOST,0,NONE,0.0,0.0,0.0,0.0,0.0,0.5,False
WS-11315,HOST,0,NONE,0.0,1.0,2.0,0.0,1.0,0.5,False
LPT-12061,HOST,1,ENDPOINT,0.0,0.0,3.0,0.0,0.9,0.65,False
VDR_12519,HOST,0,NONE,0.0,1.0,0.0,0.0,0.4,0.5,False
LPT-10176,HOST,0,NONE,0.0,2.0,2.0,0.0,1.4,0.5,False
vdr-10992,HOST,0,NONE,0.0,0.0,0.0,0.0,0.0,0.5,False
LPT_10094,HOST,0,NONE,0.0,0.0,0.0,0.0,0.0,0.5,False
VDR-11971,HOST,1,FIREWALL_DENY,0.0,4.0,1.0,0.0,1.9,0.65,False
VDR_11947,HOST,0,NONE,0.0,0.0,0.0,0.0,0.0,0.5,False
vdr-11589,HOST,0,NONE,0.0,0.0,0.0,0.0,0.0,0.5,False
ws-11860,HOST,0,NONE,0.0,0.0,0.0,0.0,0.0,0.5,False
LPT-10451,HOST,1,FIREWALL_DENY,0.0,3.0,1.0,0.0,1.5,0.65,False
VDR-11583.corp.local,HOST,0,NONE,0.0,0.0,0.0,0.0,0.0,0.5,False
VDR-11731,HOST,0,NONE,0.0,1.0,2.0,0.0,1.0,0.5,False
VDR_12463,HOST,0,NONE,0.0,1.0,0.0,0.0,0.4,0.5,False
VDR-10673,HOST,1,FIREWALL_DENY,0.0,3.0,2.0,0.0,1.8,0.65,False
WS-12872,HOST,2,FIREWALL_DENY|ENDPOINT,0.0,4.0,3.0,0.0,2.5,0.8,True
WS-10180,HOST,0,NONE,0.0,1.0,0.0,0.0,0.4,0.5,False
lpt-11887,HOST,0,NONE,0.0,0.0,0.0,0.0,0.0,0.5,False
VDR-11958,HOST,1,FIREWALL_DENY,0.0,3.0,2.0,0.0,1.8,0.65,False
LPT_12207,HOST,0,NONE,0.0,1.0,0.0,0.0,0.4,0.5,False
WS-11513,HOST,1,FIREWALL_DENY,0.0,3.0,2.0,0.0,1.8,0.65,False
vdr-10154,HOST,0,NONE,0.0,0.0,0.0,0.0,0.0,0.5,False
VDR-10592,HOST,1,ENDPOINT,0.0,1.0,4.0,0.0,1.6,0.65,False
WS-10252.corp.local,HOST,0,NONE,0.0,0.0,0.0,0.0,0.0,0.5,False
lpt-12110,HOST,0,NONE,0.0,1.0,0.0,0.0,0.4,0.5,False
VDR-10879.corp.local,HOST,0,NONE,0.0,1.0,0.0,0.0,0.4,0.5,False
lpt-12289,HOST,0,NONE,0.0,0.0,0.0,0.0,0.0,0.5,False
WS-10934,HOST,1,ENDPOINT,0.0,1.0,4.0,0.0,1.6,0.65,False
VDR-12972.corp.local,HOST,0,NONE,0.0,0.0,0.0,0.0,0.0,0.5,False
ws-12036,HOST,0,NONE,0.0,0.0,0.0,0.0,0.0,0.5,False
VDR-11387,HOST,1,ENDPOINT,0.0,1.0,5.0,0.0,1.9,0.65,False
WS-12633,HOST,1,FIREWALL_DENY,0.0,3.0,2.0,0.0,1.8,0.65,False
VDR-11412,HOST,0,NONE,0.0,2.0,2.0,0.0,1.4,0.5,False
VDR_11145,HOST,0,NONE,0.0,1.0,0.0,0.0,0.4,0.5,False
lpt-12569,HOST,0,NONE,0.0,0.0,0.0,0.0,0.0,0.5,False
LPT_11745,HOST,0,NONE,0.0,0.0,0.0,0.0,0.0,0.5,False
LPT-12539,HOST,0,NONE,0.0,1.0,1.0,0.0,0.7,0.5,False
VDR-12811.corp.local,HOST,0,NONE,0.0,0.0,0.0,0.0,0.0,0.5,False
lpt-10525,HOST,0,NONE,0.0,0.0,0.0,0.0,0.0,0.5,False
LPT_11764,HOST,0,NONE,0.0,0.0,0.0,0.0,0.0,0.5,False
LPT-11614.corp.local,HOST,0,NONE,0.0,0.0,0.0,0.0,0.0,0.5,False
LPT-10968,HOST,0,NONE,0.0,1.0,1.0,0.0,0.7,0.5,False
LPT-12563,HOST,0,NONE,0.0,2.0,1.0,0.0,1.1,0.5,False
VDR-10528,HOST,1,ENDPOINT,0.0,1.0,5.0,0.0,1.9,0.65,False
WS-10836,HOST,1,FIREWALL_DENY,0.0,4.0,1.0,0.0,1.9,0.65,False
LPT-10441.corp.local,HOST,0,NONE,0.0,0.0,0.0,0.0,0.0,0.5,False
VDR-11096,HOST,0,NONE,0.0,0.0,1.0,0.0,0.3,0.5,False
VDR-12750,HOST,0,NONE,0.0,2.0,2.0,0.0,1.4,0.5,False
VDR_12333,HOST,0,NONE,0.0,0.0,0.0,0.0,0.0,0.5,False
ws-11868,HOST,0,NONE,0.0,0.0,0.0,0.0,0.0,0.5,False
VDR-10680,HOST,1,ENDPOINT,0.0,2.0,3.0,0.0,1.7,0.65,False
WS-12788.corp.local,HOST,0,NONE,0.0,1.0,0.0,0.0,0.4,0.5,False
LPT_11116,HOST,0,NONE,0.0,0.0,0.0,0.0,0.0,0.5,False
WS-10606,HOST,1,ENDPOINT,0.0,1.0,5.0,0.0,1.9,0.65,False
WS-11390.corp.local,HOST,0,NONE,0.0,0.0,0.0,0.0,0.0,0.5,False
LPT-12143,HOST,0,NONE,0.0,0.0,2.0,0.0,0.6,0.5,False
LPT-12946,HOST,0,NONE,0.0,1.0,2.0,0.0,1.0,0.5,False
LPT-12629,HOST,0,NONE,0.0,2.0,0.0,0.0,0.8,0.5,False
VDR-11773.corp.local,HOST,0,NONE,0.0,0.0,0.0,0.0,0.0,0.5,False
WS-10832.corp.local,HOST,0,NONE,0.0,1.0,0.0,0.0,0.4,0.5,False
VDR-12859,HOST,0,NONE,0.0,2.0,1.0,0.0,1.1,0.5,False
VDR-11419.corp.local,HOST,0,NONE,0.0,0.0,0.0,0.0,0.0,0.5,False
VDR-11388.,HOST,0,NONE,0.0,0.0,0.0,0.0,0.0,0.5,False
VDR-10435,HOST,2,FIREWALL_DENY|ENDPOINT,0.0,3.0,4.0,0.0,2.4,0.8,True
LPT-11781,HOST,1,ENDPOINT,0.0,0.0,3.0,0.0,0.9,0.65,False
WS-11415.corp.local,HOST,0,NONE,0.0,1.0,0.0,0.0,0.4,0.5,False
LPT-11649.corp.local,HOST,0,NONE,0.0,0.0,0.0,0.0,0.0,0.5,False
WS_11331,HOST,0,NONE,0.0,0.0,0.0,0.0,0.0,0.5,False
LPT-10650.corp.local,HOST,0,NONE,0.0,0.0,0.0,0.0,0.0,0.5,False
VDR-11588,HOST,0,NONE,0.0,2.0,2.0,0.0,1.4,0.5,False
WS-10359.corp.local,HOST,0,NONE,0.0,0.0,0.0,0.0,0.0,0.5,False
lpt-12689,HOST,0,NONE,0.0,1.0,0.0,0.0,0.4,0.5,False
vdr-10086,HOST,0,NONE,0.0,1.0,0.0,0.0,0.4,0.5,False
ws-12999,HOST,0,NONE,0.0,0.0,0.0,0.0,0.0,0.5,False
WS-11374.,HOST,0,NONE,0.0,0.0,0.0,0.0,0.0,0.5,False
WS-11620,HOST,0,NONE,0.0,2.0,0.0,0.0,0.8,0.5,False
VDR-10270,HOST,1,ENDPOINT,0.0,0.0,5.0,0.0,1.5,0.65,False
WS-11018.corp.local,HOST,0,NONE,0.0,0.0,0.0,0.0,0.0,0.5,False
VDR-11720.corp.local,HOST,0,NONE,0.0,0.0,0.0,0.0,0.0,0.5,False
VDR-11121.corp.local,HOST,0,NONE,0.0,0.0,0.0,0.0,0.0,0.5,False
LPT-11995.corp.local,HOST,0,NONE,0.0,0.0,0.0,0.0,0.0,0.5,False
LPT-10437.corp.local,HOST,0,NONE,0.0,1.0,0.0,0.0,0.4,0.5,False
LPT-12094,HOST,1,FIREWALL_DENY,0.0,3.0,1.0,0.0,1.5,0.65,False
LPT_11919,HOST,0,NONE,0.0,0.0,0.0,0.0,0.0,0.5,False
VDR-10339,HOST,1,ENDPOINT,0.0,1.0,4.0,0.0,1.6,0.65,False
LPT_10337,HOST,0,NONE,0.0,0.0,0.0,0.0,0.0,0.5,False
WS-11077,HOST,0,NONE,0.0,2.0,1.0,0.0,1.1,0.5,False
WS_10800,HOST,0,NONE,0.0,2.0,0.0,0.0,0.8,0.5,False
VDR-12145.corp.local,HOST,0,NONE,0.0,0.0,0.0,0.0,0.0,0.5,False
VDR-11650,HOST,0,NONE,0.0,0.0,1.0,0.0,0.3,0.5,False
WS_10430,HOST,0,NONE,0.0,0.0,0.0,0.0,0.0,0.5,False
WS_10048,HOST,0,NONE,0.0,0.0,0.0,0.0,0.0,0.5,False
lpt-11174,HOST,0,NONE,0.0,0.0,0.0,0.0,0.0,0.5,False
VDR-10710,HOST,2,FIREWALL_DENY|ENDPOINT,0.0,5.0,6.0,0.0,3.8,0.8,True
LPT-11770.corp.local,HOST,0,NONE,0.0,1.0,0.0,0.0,0.4,0.5,False
LPT_11024,HOST,0,NONE,0.0,0.0,0.0,0.0,0.0,0.5,False
VDR-10796.corp.local,HOST,0,NONE,0.0,1.0,0.0,0.0,0.4,0.5,False
VDR-10449.corp.local,HOST,0,NONE,0.0,1.0,0.0,0.0,0.4,0.5,False
WS-12274.corp.local,HOST,0,NONE,0.0,1.0,0.0,0.0,0.4,0.5,False
WS-10082.corp.local,HOST,0,NONE,0.0,0.0,0.0,0.0,0.0,0.5,False
vdr-10240,HOST,0,NONE,0.0,0.0,0.0,0.0,0.0,0.5,False
WS_10429,HOST,0,NONE,0.0,0.0,0.0,0.0,0.0,0.5,False
WS-12165.corp.local,HOST,0,NONE,0.0,0.0,0.0,0.0,0.0,0.5,False
WS_12760,HOST,0,NONE,0.0,1.0,0.0,0.0,0.4,0.5,False
WS-11104,HOST,2,FIREWALL_DENY|ENDPOINT,0.0,3.0,3.0,0.0,2.1,0.8,True
WS-11860,HOST,1,ENDPOINT,0.0,1.0,3.0,0.0,1.3,0.65,False
lpt-11129,HOST,0,NONE,0.0,0.0,0.0,0.0,0.0,0.5,False
WS-10845,HOST,1,ENDPOINT,0.0,1.0,3.0,0.0,1.3,0.65,False
WS-12851.corp.local,HOST,0,NONE,0.0,1.0,0.0,0.0,0.4,0.5,False
ws-10594,HOST,0,NONE,0.0,0.0,0.0,0.0,0.0,0.5,False
LPT_12620,HOST,0,NONE,0.0,0.0,0.0,0.0,0.0,0.5,False
WS_11743,HOST,0,NONE,0.0,0.0,0.0,0.0,0.0,0.5,False
LPT-10425.corp.local,HOST,0,NONE,0.0,1.0,0.0,0.0,0.4,0.5,False
WS-10272.corp.local,HOST,0,NONE,0.0,0.0,0.0,0.0,0.0,0.5,False
VDR-10647,HOST,0,NONE,0.0,0.0,1.0,0.0,0.3,0.5,False
WS_12809,HOST,0,NONE,0.0,1.0,0.0,0.0,0.4,0.5,False
vdr-12177,HOST,0,NONE,0.0,0.0,0.0,0.0,0.0,0.5,False
WS-10737.corp.local,HOST,0,NONE,0.0,1.0,0.0,0.0,0.4,0.5,False
WS_12442,HOST,0,NONE,0.0,1.0,0.0,0.0,0.4,0.5,False
WS-12819,HOST,2,FIREWALL_DENY|ENDPOINT,0.0,3.0,4.0,0.0,2.4,0.8,True
LPT-10981,HOST,2,FIREWALL_DENY|ENDPOINT,0.0,5.0,5.0,0.0,3.5,0.8,True
LPT-12197,HOST,1,ENDPOINT,0.0,2.0,5.0,0.0,2.3,0.65,False
vdr-11883,HOST,0,NONE,0.0,0.0,0.0,0.0,0.0,0.5,False
LPT-10811.corp.local,HOST,0,NONE,0.0,0.0,0.0,0.0,0.0,0.5,False
ws-10652,HOST,0,NONE,0.0,1.0,0.0,0.0,0.4,0.5,False
WS-11084.corp.local,HOST,0,NONE,0.0,1.0,0.0,0.0,0.4,0.5,False
VDR-10357,HOST,0,NONE,0.0,1.0,2.0,0.0,1.0,0.5,False
vdr-11275,HOST,0,NONE,0.0,0.0,0.0,0.0,0.0,0.5,False
LPT_11902,HOST,0,NONE,0.0,0.0,0.0,0.0,0.0,0.5,False
LPT-12714,HOST,0,NONE,0.0,2.0,0.0,0.0,0.8,0.5,False
lpt-10318,HOST,0,NONE,0.0,1.0,0.0,0.0,0.4,0.5,False
vdr-12646,HOST,0,NONE,0.0,0.0,0.0,0.0,0.0,0.5,False
VDR_11599,HOST,0,NONE,0.0,0.0,0.0,0.0,0.0,0.5,False
LPT-12739,HOST,1,FIREWALL_DENY,0.0,4.0,2.0,0.0,2.2,0.65,False
LPT-10634,HOST,0,NONE,0.0,2.0,2.0,0.0,1.4,0.5,False
VDR-12942,HOST,0,NONE,0.0,2.0,1.0,0.0,1.1,0.5,False
lpt-10089,HOST,0,NONE,0.0,0.0,0.0,0.0,0.0,0.5,False
lpt-10619,HOST,0,NONE,0.0,0.0,0.0,0.0,0.0,0.5,False
VDR_10158,HOST,0,NONE,0.0,1.0,0.0,0.0,0.4,0.5,False
LPT-11805,HOST,1,ENDPOINT,0.0,0.0,3.0,0.0,0.9,0.65,False
WS-11447.corp.local,HOST,0,NONE,0.0,0.0,0.0,0.0,0.0,0.5,False
LPT-10046.corp.local,HOST,0,NONE,0.0,0.0,0.0,0.0,0.0,0.5,False
LPT-11907,HOST,0,NONE,0.0,1.0,1.0,0.0,0.7,0.5,False
LPT-12536,HOST,1,ENDPOINT,0.0,1.0,3.0,0.0,1.3,0.65,False
VDR-12282.corp.local,HOST,0,NONE,0.0,0.0,0.0,0.0,0.0,0.5,False
vdr-11709,HOST,0,NONE,0.0,1.0,0.0,0.0,0.4,0.5,False
WS-12809,HOST,1,FIREWALL_DENY,0.0,3.0,1.0,0.0,1.5,0.65,False
LPT-10320,HOST,0,NONE,0.0,0.0,2.0,0.0,0.6,0.5,False
WS-11698,HOST,0,NONE,0.0,0.0,2.0,0.0,0.6,0.5,False
VDR-12282,HOST,1,FIREWALL_DENY,0.0,3.0,2.0,0.0,1.8,0.65,False
ws-11391,HOST,0,NONE,0.0,1.0,0.0,0.0,0.4,0.5,False
WS-10826.corp.local,HOST,0,NONE,0.0,1.0,0.0,0.0,0.4,0.5,False
LPT_11184,HOST,0,NONE,0.0,0.0,0.0,0.0,0.0,0.5,False
LPT_12761,HOST,0,NONE,0.0,0.0,0.0,0.0,0.0,0.5,False
WS_12501,HOST,0,NONE,0.0,0.0,0.0,0.0,0.0,0.5,False
vdr-10698,HOST,0,NONE,0.0,1.0,0.0,0.0,0.4,0.5,False
WS-12387,HOST,2,FIREWALL_DENY|ENDPOINT,0.0,3.0,3.0,0.0,2.1,0.8,True
LPT-11704,HOST,1,ENDPOINT,0.0,0.0,3.0,0.0,0.9,0.65,False
VDR_11556,HOST,0,NONE,0.0,0.0,0.0,0.0,0.0,0.5,False
vdr-10640,HOST,0,NONE,0.0,0.0,0.0,0.0,0.0,0.5,False
ws-12274,HOST,0,NONE,0.0,0.0,0.0,0.0,0.0,0.5,False
WS_11037,HOST,0,NONE,0.0,1.0,0.0,0.0,0.4,0.5,False
VDR-10930,HOST,1,FIREWALL_DENY,0.0,3.0,1.0,0.0,1.5,0.65,False
LPT_12899,HOST,0,NONE,0.0,0.0,0.0,0.0,0.0,0.5,False
lpt-11200,HOST,0,NONE,0.0,0.0,0.0,0.0,0.0,0.5,False
WS-12232.corp.local,HOST,0,NONE,0.0,1.0,0.0,0.0,0.4,0.5,False
VDR-10455.corp.local,HOST,0,NONE,0.0,0.0,0.0,0.0,0.0,0.5,False
lpt-11635,HOST,0,NONE,0.0,0.0,0.0,0.0,0.0,0.5,False
WS_12559,HOST,0,NONE,0.0,0.0,0.0,0.0,0.0,0.5,False
WS_10997,HOST,0,NONE,0.0,0.0,0.0,0.0,0.0,0.5,False
WS_11329,HOST,0,NONE,0.0,0.0,0.0,0.0,0.0,0.5,False
vdr-12212,HOST,0,NONE,0.0,1.0,0.0,0.0,0.4,0.5,False
LPT-12960,HOST,1,FIREWALL_DENY,0.0,5.0,2.0,0.0,2.6,0.65,False
WS_10476,HOST,0,NONE,0.0,0.0,0.0,0.0,0.0,0.5,False
LPT-12259,HOST,0,NONE,0.0,2.0,2.0,0.0,1.4,0.5,False
LPT-11539.corp.local,HOST,0,NONE,0.0,0.0,0.0,0.0,0.0,0.5,False
WS_11295,HOST,0,NONE,0.0,0.0,0.0,0.0,0.0,0.5,False
WS_10888,HOST,0,NONE,0.0,0.0,0.0,0.0,0.0,0.5,False
VDR-11292,HOST,0,NONE,0.0,0.0,2.0,0.0,0.6,0.5,False
VDR-10010.corp.local,HOST,0,NONE,0.0,2.0,0.0,0.0,0.8,0.5,False
VDR-12184.corp.local,HOST,0,NONE,0.0,0.0,0.0,0.0,0.0,0.5,False
WS_11974,HOST,0,NONE,0.0,0.0,0.0,0.0,0.0,0.5,False
ws-12491,HOST,0,NONE,0.0,0.0,0.0,0.0,0.0,0.5,False
WS-11098.corp.local,HOST,0,NONE,0.0,0.0,0.0,0.0,0.0,0.5,False
VDR-11266,HOST,2,FIREWALL_DENY|ENDPOINT,0.0,3.0,3.0,0.0,2.1,0.8,True
VDR-11982,HOST,1,ENDPOINT,0.0,1.0,3.0,0.0,1.3,0.65,False
VDR_11389,HOST,0,NONE,0.0,0.0,0.0,0.0,0.0,0.5,False
ws-11481,HOST,0,NONE,0.0,0.0,0.0,0.0,0.0,0.5,False
LPT-11551,HOST,0,NONE,0.0,0.0,1.0,0.0,0.3,0.5,False
VDR-10444.corp.local,HOST,0,NONE,0.0,0.0,0.0,0.0,0.0,0.5,False
lpt-11285,HOST,0,NONE,0.0,1.0,0.0,0.0,0.4,0.5,False
WS_12124,HOST,0,NONE,0.0,1.0,0.0,0.0,0.4,0.5,False
LPT-11491,HOST,1,ENDPOINT,0.0,0.0,3.0,0.0,0.9,0.65,False
VDR-10701,HOST,0,NONE,0.0,1.0,1.0,0.0,0.7,0.5,False
ws-12931,HOST,0,NONE,0.0,0.0,0.0,0.0,0.0,0.5,False
vdr-12129,HOST,0,NONE,0.0,0.0,0.0,0.0,0.0,0.5,False
vdr-12073,HOST,0,NONE,0.0,1.0,0.0,0.0,0.4,0.5,False
LPT-11353,HOST,1,ENDPOINT,0.0,1.0,6.0,0.0,2.2,0.65,False
LPT-12467.corp.local,HOST,0,NONE,0.0,1.0,0.0,0.0,0.4,0.5,False
WS-10746,HOST,1,ENDPOINT,0.0,0.0,4.0,0.0,1.2,0.65,False
LPT-11359.corp.local,HOST,0,NONE,0.0,0.0,0.0,0.0,0.0,0.5,False
vdr-12032,HOST,0,NONE,0.0,1.0,0.0,0.0,0.4,0.5,False
WS-10849,HOST,0,NONE,0.0,0.0,1.0,0.0,0.3,0.5,False
VDR-12513,HOST,1,ENDPOINT,0.0,1.0,3.0,0.0,1.3,0.65,False
WS_10884,HOST,0,NONE,0.0,0.0,0.0,0.0,0.0,0.5,False
WS-12595,HOST,1,ENDPOINT,0.0,2.0,3.0,0.0,1.7,0.65,False
VDR-12676,HOST,1,ENDPOINT,0.0,2.0,3.0,0.0,1.7,0.65,False
lpt-11890,HOST,0,NONE,0.0,0.0,0.0,0.0,0.0,0.5,False
WS-11621,HOST,1,FIREWALL_DENY,0.0,3.0,2.0,0.0,1.8,0.65,False
ws-11406,HOST,0,NONE,0.0,0.0,0.0,0.0,0.0,0.5,False
VDR-11812,HOST,1,FIREWALL_DENY,0.0,4.0,1.0,0.0,1.9,0.65,False
lpt-10106,HOST,0,NONE,0.0,0.0,0.0,0.0,0.0,0.5,False
LPT-11735,HOST,1,ENDPOINT,0.0,1.0,3.0,0.0,1.3,0.65,False
WS-11243,HOST,0,NONE,0.0,1.0,0.0,0.0,0.4,0.5,False
LPT-11085.corp.local,HOST,0,NONE,0.0,0.0,0.0,0.0,0.0,0.5,False
LPT_11869,HOST,0,NONE,0.0,0.0,0.0,0.0,0.0,0.5,False
VDR-10329.corp.local,HOST,0,NONE,0.0,0.0,0.0,0.0,0.0,0.5,False
lpt-11431,HOST,0,NONE,0.0,1.0,0.0,0.0,0.4,0.5,False
vdr-10772,HOST,0,NONE,0.0,1.0,0.0,0.0,0.4,0.5,False
LPT-12871.corp.local,HOST,0,NONE,0.0,0.0,0.0,0.0,0.0,0.5,False
ws-10874,HOST,0,NONE,0.0,0.0,0.0,0.0,0.0,0.5,False
ws-12472,HOST,0,NONE,0.0,1.0,0.0,0.0,0.4,0.5,False
WS-11242,HOST,1,FIREWALL_DENY,0.0,3.0,0.0,0.0,1.2,0.65,False
VDR-10571,HOST,1,ENDPOINT,0.0,1.0,3.0,0.0,1.3,0.65,False
WS-10448.corp.local,HOST,0,NONE,0.0,0.0,0.0,0.0,0.0,0.5,False
WS-12808,HOST,0,NONE,0.0,1.0,2.0,0.0,1.0,0.5,False
LPT-11984,HOST,0,NONE,0.0,1.0,1.0,0.0,0.7,0.5,False
VDR-11375.corp.local,HOST,0,NONE,0.0,0.0,0.0,0.0,0.0,0.5,False
ws-12418,HOST,0,NONE,0.0,0.0,0.0,0.0,0.0,0.5,False
WS-11198,HOST,1,FIREWALL_DENY,0.0,3.0,0.0,0.0,1.2,0.65,False
ws-12117,HOST,0,NONE,0.0,0.0,0.0,0.0,0.0,0.5,False
LPT_11732,HOST,0,NONE,0.0,0.0,0.0,0.0,0.0,0.5,False
VDR-12369,HOST,0,NONE,0.0,0.0,2.0,0.0,0.6,0.5,False
vdr-12688,HOST,0,NONE,0.0,0.0,0.0,0.0,0.0,0.5,False
WS_11401,HOST,0,NONE,0.0,0.0,0.0,0.0,0.0,0.5,False
LPT-11184,HOST,1,ENDPOINT,0.0,2.0,4.0,0.0,2.0,0.65,False
LPT_11541,HOST,0,NONE,0.0,0.0,0.0,0.0,0.0,0.5,False
LPT_11831,HOST,0,NONE,0.0,0.0,0.0,0.0,0.0,0.5,False
vdr-12604,HOST,0,NONE,0.0,0.0,0.0,0.0,0.0,0.5,False
LPT-10804.corp.local,HOST,0,NONE,0.0,1.0,0.0,0.0,0.4,0.5,False
vdr-10761,HOST,0,NONE,0.0,0.0,0.0,0.0,0.0,0.5,False
WS_12695,HOST,0,NONE,0.0,1.0,0.0,0.0,0.4,0.5,False
lpt-10798,HOST,0,NONE,0.0,0.0,0.0,0.0,0.0,0.5,False
ws-10764,HOST,0,NONE,0.0,0.0,0.0,0.0,0.0,0.5,False
vdr-11996,HOST,0,NONE,0.0,0.0,0.0,0.0,0.0,0.5,False
VDR_12869,HOST,0,NONE,0.0,0.0,0.0,0.0,0.0,0.5,False
VDR-11527,HOST,0,NONE,0.0,0.0,1.0,0.0,0.3,0.5,False
WS-12887,HOST,1,ENDPOINT,0.0,2.0,4.0,0.0,2.0,0.65,False
WS-11595,HOST,0,NONE,0.0,2.0,1.0,0.0,1.1,0.5,False
VDR-10357.corp.local,HOST,0,NONE,0.0,0.0,0.0,0.0,0.0,0.5,False
WS_11069,HOST,0,NONE,0.0,0.0,0.0,0.0,0.0,0.5,False
vdr-12949,HOST,0,NONE,0.0,1.0,0.0,0.0,0.4,0.5,False
WS_10436,HOST,0,NONE,0.0,0.0,0.0,0.0,0.0,0.5,False
WS-12093,HOST,1,ENDPOINT,0.0,2.0,4.0,0.0,2.0,0.65,False
lpt-11784,HOST,0,NONE,0.0,0.0,0.0,0.0,0.0,0.5,False
LPT-11488,HOST,2,FIREWALL_DENY|ENDPOINT,0.0,3.0,3.0,0.0,2.1,0.8,True
ws-12576,HOST,0,NONE,0.0,0.0,0.0,0.0,0.0,0.5,False
VDR-10561.corp.local,HOST,0,NONE,0.0,1.0,0.0,0.0,0.4,0.5,False
LPT-12729,HOST,0,NONE,0.0,1.0,2.0,0.0,1.0,0.5,False
WS-10868,HOST,1,ENDPOINT,0.0,1.0,4.0,0.0,1.6,0.65,False
vdr-12785,HOST,0,NONE,0.0,0.0,0.0,0.0,0.0,0.5,False
lpt-11571,HOST,0,NONE,0.0,0.0,0.0,0.0,0.0,0.5,False
vdr-10474,HOST,0,NONE,0.0,0.0,0.0,0.0,0.0,0.5,False
VDR-11622,HOST,1,FIREWALL_DENY,0.0,3.0,2.0,0.0,1.8,0.65,False
WS-12334,HOST,0,NONE,0.0,1.0,2.0,0.0,1.0,0.5,False
WS-11985.corp.local,HOST,0,NONE,0.0,0.0,0.0,0.0,0.0,0.5,False
lpt-11478,HOST,0,NONE,0.0,1.0,0.0,0.0,0.4,0.5,False
lpt-12778,HOST,0,NONE,0.0,0.0,0.0,0.0,0.0,0.5,False
LPT-10691.corp.local,HOST,0,NONE,0.0,1.0,0.0,0.0,0.4,0.5,False
LPT-12258,HOST,1,FIREWALL_DENY,0.0,3.0,1.0,0.0,1.5,0.65,False
LPT-10771,HOST,1,FIREWALL_DENY,0.0,3.0,2.0,0.0,1.8,0.65,False
ws-12794,HOST,0,NONE,0.0,1.0,0.0,0.0,0.4,0.5,False
lpt-11755,HOST,0,NONE,0.0,0.0,0.0,0.0,0.0,0.5,False
WS-12902.corp.local,HOST,0,NONE,0.0,1.0,0.0,0.0,0.4,0.5,False
VDR-11439.corp.local,HOST,0,NONE,0.0,0.0,0.0,0.0,0.0,0.5,False
WS-12398.corp.local,HOST,0,NONE,0.0,0.0,0.0,0.0,0.0,0.5,False
WS-10070.corp.local,HOST,0,NONE,0.0,0.0,0.0,0.0,0.0,0.5,False
VDR-10007.corp.local,HOST,0,NONE,0.0,1.0,0.0,0.0,0.4,0.5,False
WS-12561.corp.local,HOST,0,NONE,0.0,1.0,0.0,0.0,0.4,0.5,False
WS-10389,HOST,1,ENDPOINT,0.0,1.0,4.0,0.0,1.6,0.65,False
LPT_10177,HOST,0,NONE,0.0,0.0,0.0,0.0,0.0,0.5,False
LPT-12755,HOST,0,NONE,0.0,1.0,1.0,0.0,0.7,0.5,False
LPT_11504,HOST,0,NONE,0.0,0.0,0.0,0.0,0.0,0.5,False
VDR_10924,HOST,0,NONE,0.0,1.0,0.0,0.0,0.4,0.5,False
WS-11041,HOST,0,NONE,0.0,1.0,2.0,0.0,1.0,0.5,False
lpt-12314,HOST,0,NONE,0.0,0.0,0.0,0.0,0.0,0.5,False
vdr-10621,HOST,0,NONE,0.0,1.0,0.0,0.0,0.4,0.5,False
LPT_12474,HOST,0,NONE,0.0,0.0,0.0,0.0,0.0,0.5,False
VDR-10310.corp.local,HOST,0,NONE,0.0,0.0,0.0,0.0,0.0,0.5,False
WS-10988,HOST,0,NONE,0.0,2.0,1.0,0.0,1.1,0.5,False
WS-12446,HOST,1,ENDPOINT,0.0,2.0,6.0,0.0,2.6,0.65,False
LPT-11197,HOST,1,ENDPOINT,0.0,0.0,5.0,0.0,1.5,0.65,False
LPT-11239,HOST,2,FIREWALL_DENY|ENDPOINT,0.0,3.0,3.0,0.0,2.1,0.8,True
WS-11416,HOST,0,NONE,0.0,1.0,1.0,0.0,0.7,0.5,False
lpt-12662,HOST,0,NONE,0.0,0.0,0.0,0.0,0.0,0.5,False
WS-10117,HOST,1,ENDPOINT,0.0,2.0,3.0,0.0,1.7,0.65,False
LPT-10081.corp.local,HOST,0,NONE,0.0,0.0,0.0,0.0,0.0,0.5,False
LPT_12366,HOST,0,NONE,0.0,1.0,0.0,0.0,0.4,0.5,False
WS-10849.corp.local,HOST,0,NONE,0.0,0.0,0.0,0.0,0.0,0.5,False
WS_10969,HOST,0,NONE,0.0,0.0,0.0,0.0,0.0,0.5,False
LPT-11572,HOST,0,NONE,0.0,0.0,2.0,0.0,0.6,0.5,False
VDR-10914.corp.local,HOST,0,NONE,0.0,0.0,0.0,0.0,0.0,0.5,False
WS-11262,HOST,2,FIREWALL_DENY|ENDPOINT,0.0,5.0,5.0,0.0,3.5,0.8,True
LPT_11321,HOST,0,NONE,0.0,0.0,0.0,0.0,0.0,0.5,False
lpt-11881,HOST,0,NONE,0.0,0.0,0.0,0.0,0.0,0.5,False
VDR-12185,HOST,0,NONE,0.0,1.0,0.0,0.0,0.4,0.5,False
vdr-12404,HOST,0,NONE,0.0,0.0,0.0,0.0,0.0,0.5,False
LPT-12007.corp.local,HOST,0,NONE,0.0,0.0,0.0,0.0,0.0,0.5,False
LPT_12167,HOST,0,NONE,0.0,1.0,0.0,0.0,0.4,0.5,False
VDR-11560,HOST,1,ENDPOINT,0.0,1.0,5.0,0.0,1.9,0.65,False
LPT_11998,HOST,0,NONE,0.0,0.0,0.0,0.0,0.0,0.5,False
WS_11198,HOST,0,NONE,0.0,0.0,0.0,0.0,0.0,0.5,False
ws-10839,HOST,0,NONE,0.0,0.0,0.0,0.0,0.0,0.5,False
ws-10913,HOST,0,NONE,0.0,0.0,0.0,0.0,0.0,0.5,False
WS-12931.,HOST,0,NONE,0.0,0.0,0.0,0.0,0.0,0.5,False
LPT-11282.corp.local,HOST,0,NONE,0.0,0.0,0.0,0.0,0.0,0.5,False
VDR-12191,HOST,1,ENDPOINT,0.0,2.0,4.0,0.0,2.0,0.65,False
WS-12172,HOST,1,ENDPOINT,0.0,0.0,3.0,0.0,0.9,0.65,False
VDR-11008.corp.local,HOST,0,NONE,0.0,0.0,0.0,0.0,0.0,0.5,False
WS-11194,HOST,1,ENDPOINT,0.0,0.0,5.0,0.0,1.5,0.65,False
ws-10530,HOST,0,NONE,0.0,0.0,0.0,0.0,0.0,0.5,False
vdr-12958,HOST,0,NONE,0.0,1.0,0.0,0.0,0.4,0.5,False
WS-11221.corp.local,HOST,0,NONE,0.0,0.0,0.0,0.0,0.0,0.5,False
WS-11262.corp.local,HOST,0,NONE,0.0,1.0,0.0,0.0,0.4,0.5,False
VDR_10485,HOST,0,NONE,0.0,0.0,0.0,0.0,0.0,0.5,False
LPT-11470,HOST,0,NONE,0.0,2.0,2.0,0.0,1.4,0.5,False
VDR_11666,HOST,0,NONE,0.0,0.0,0.0,0.0,0.0,0.5,False
LPT-11270,HOST,1,FIREWALL_DENY,0.0,3.0,1.0,0.0,1.5,0.65,False
lpt-11446,HOST,0,NONE,0.0,2.0,0.0,0.0,0.8,0.5,False
WS-12909,HOST,2,FIREWALL_DENY|ENDPOINT,0.0,4.0,4.0,0.0,2.8,0.8,True
VDR-10246,HOST,0,NONE,0.0,1.0,2.0,0.0,1.0,0.5,False
LPT-11181,HOST,1,FIREWALL_DENY,0.0,3.0,2.0,0.0,1.8,0.65,False
VDR-12040,HOST,1,ENDPOINT,0.0,1.0,3.0,0.0,1.3,0.65,False
lpt-12053,HOST,0,NONE,0.0,1.0,0.0,0.0,0.4,0.5,False
VDR_11787,HOST,0,NONE,0.0,0.0,0.0,0.0,0.0,0.5,False
lpt-12654,HOST,0,NONE,0.0,1.0,0.0,0.0,0.4,0.5,False
vdr-12975,HOST,0,NONE,0.0,0.0,0.0,0.0,0.0,0.5,False
ws-12866,HOST,0,NONE,0.0,0.0,0.0,0.0,0.0,0.5,False
VDR-10808,HOST,1,ENDPOINT,0.0,1.0,5.0,0.0,1.9,0.65,False
WS-12720.corp.local,HOST,0,NONE,0.0,2.0,0.0,0.0,0.8,0.5,False
WS-12728.corp.local,HOST,0,NONE,0.0,1.0,0.0,0.0,0.4,0.5,False
LPT-10122,HOST,0,NONE,0.0,2.0,2.0,0.0,1.4,0.5,False
LPT-10028.corp.local,HOST,0,NONE,0.0,0.0,0.0,0.0,0.0,0.5,False
lpt-12069,HOST,0,NONE,0.0,0.0,0.0,0.0,0.0,0.5,False
LPT-11294,HOST,1,ENDPOINT,0.0,2.0,3.0,0.0,1.7,0.65,False
vdr-11639,HOST,0,NONE,0.0,0.0,0.0,0.0,0.0,0.5,False
WS-11517,HOST,2,FIREWALL_DENY|ENDPOINT,0.0,4.0,4.0,0.0,2.8,0.8,True
WS-11461,HOST,1,FIREWALL_DENY,0.0,3.0,2.0,0.0,1.8,0.65,False
WS_11749,HOST,0,NONE,0.0,0.0,0.0,0.0,0.0,0.5,False
WS_12081,HOST,0,NONE,0.0,0.0,0.0,0.0,0.0,0.5,False
WS_12544,HOST,0,NONE,0.0,0.0,0.0,0.0,0.0,0.5,False
VDR-12012,HOST,0,NONE,0.0,0.0,2.0,0.0,0.6,0.5,False
WS_12596,HOST,0,NONE,0.0,1.0,0.0,0.0,0.4,0.5,False
WS_11464,HOST,0,NONE,0.0,1.0,0.0,0.0,0.4,0.5,False
vdr-11112,HOST,0,NONE,0.0,0.0,0.0,0.0,0.0,0.5,False
LPT-10663.corp.local,HOST,0,NONE,0.0,1.0,0.0,0.0,0.4,0.5,False
WS_11073,HOST,0,NONE,0.0,0.0,0.0,0.0,0.0,0.5,False
WS-11026.corp.local,HOST,0,NONE,0.0,0.0,0.0,0.0,0.0,0.5,False
VDR-10846,HOST,1,FIREWALL_DENY,0.0,3.0,1.0,0.0,1.5,0.65,False
lpt-10733,HOST,0,NONE,0.0,0.0,0.0,0.0,0.0,0.5,False
WS-11367.corp.local,HOST,0,NONE,0.0,1.0,0.0,0.0,0.4,0.5,False
ws-12311,HOST,0,NONE,0.0,0.0,0.0,0.0,0.0,0.5,False
LPT_12534,HOST,0,NONE,0.0,0.0,0.0,0.0,0.0,0.5,False
LPT-11755,HOST,1,ENDPOINT,0.0,2.0,5.0,0.0,2.3,0.65,False
WS-12343,HOST,0,NONE,0.0,1.0,2.0,0.0,1.0,0.5,False
lpt-11085,HOST,0,NONE,0.0,0.0,0.0,0.0,0.0,0.5,False
WS-10467.corp.local,HOST,0,NONE,0.0,0.0,0.0,0.0,0.0,0.5,False
LPT-12578.corp.local,HOST,0,NONE,0.0,0.0,0.0,0.0,0.0,0.5,False
WS-11944.corp.local,HOST,0,NONE,0.0,1.0,0.0,0.0,0.4,0.5,False
WS-10660,HOST,0,NONE,0.0,0.0,2.0,0.0,0.6,0.5,False
VDR-10605.corp.local,HOST,0,NONE,0.0,0.0,0.0,0.0,0.0,0.5,False
LPT_10289,HOST,0,NONE,0.0,0.0,0.0,0.0,0.0,0.5,False
WS-10134.,HOST,0,NONE,0.0,0.0,0.0,0.0,0.0,0.5,False
vdr-12513,HOST,0,NONE,0.0,1.0,0.0,0.0,0.4,0.5,False
WS-11809.corp.local,HOST,0,NONE,0.0,0.0,0.0,0.0,0.0,0.5,False
VDR-10597,HOST,1,ENDPOINT,0.0,0.0,6.0,0.0,1.8,0.65,False
lpt-12683,HOST,0,NONE,0.0,1.0,0.0,0.0,0.4,0.5,False
VDR-12210,HOST,1,ENDPOINT,0.0,1.0,4.0,0.0,1.6,0.65,False
LPT-10083,HOST,1,ENDPOINT,0.0,1.0,4.0,0.0,1.6,0.65,False
WS-12671,HOST,0,NONE,0.0,2.0,2.0,0.0,1.4,0.5,False
ws-10973,HOST,0,NONE,0.0,0.0,0.0,0.0,0.0,0.5,False
lpt-12888,HOST,0,NONE,0.0,1.0,0.0,0.0,0.4,0.5,False
ws-12952,HOST,0,NONE,0.0,0.0,0.0,0.0,0.0,0.5,False
ws-11924,HOST,0,NONE,0.0,0.0,0.0,0.0,0.0,0.5,False
lpt-11615,HOST,0,NONE,0.0,0.0,0.0,0.0,0.0,0.5,False
WS-12537,HOST,1,ENDPOINT,0.0,1.0,5.0,0.0,1.9,0.65,False
LPT-11638.corp.local,HOST,0,NONE,0.0,0.0,0.0,0.0,0.0,0.5,False
VDR-12141,HOST,0,NONE,0.0,2.0,2.0,0.0,1.4,0.5,False
LPT-11978,HOST,0,NONE,0.0,0.0,2.0,0.0,0.6,0.5,False
WS_12234,HOST,0,NONE,0.0,0.0,0.0,0.0,0.0,0.5,False
LPT-10567.corp.local,HOST,0,NONE,0.0,0.0,0.0,0.0,0.0,0.5,False
VDR-11892.corp.local,HOST,0,NONE,0.0,0.0,0.0,0.0,0.0,0.5,False
VDR-11946.corp.local,HOST,0,NONE,0.0,1.0,0.0,0.0,0.4,0.5,False
VDR-10758,HOST,0,NONE,0.0,0.0,1.0,0.0,0.3,0.5,False
LPT-10021,HOST,1,ENDPOINT,0.0,2.0,4.0,0.0,2.0,0.65,False
LPT-12471,HOST,0,NONE,0.0,1.0,1.0,0.0,0.7,0.5,False
LPT_12006,HOST,0,NONE,0.0,1.0,0.0,0.0,0.4,0.5,False
LPT-12105,HOST,2,FIREWALL_DENY|ENDPOINT,0.0,4.0,3.0,0.0,2.5,0.8,True
VDR-10914.,HOST,0,NONE,0.0,0.0,0.0,0.0,0.0,0.5,False
ws-12642,HOST,0,NONE,0.0,1.0,0.0,0.0,0.4,0.5,False
vdr-11302,HOST,0,NONE,0.0,0.0,0.0,0.0,0.0,0.5,False
LPT-10789.corp.local,HOST,0,NONE,0.0,0.0,0.0,0.0,0.0,0.5,False
ws-12204,HOST,0,NONE,0.0,0.0,0.0,0.0,0.0,0.5,False
WS-10113.corp.local,HOST,0,NONE,0.0,0.0,0.0,0.0,0.0,0.5,False
LPT-10426,HOST,1,ENDPOINT,0.0,0.0,3.0,0.0,0.9,0.65,False
VDR-12777,HOST,1,ENDPOINT,0.0,2.0,4.0,0.0,2.0,0.65,False
lpt-11341,HOST,0,NONE,0.0,1.0,0.0,0.0,0.4,0.5,False
VDR-11676.corp.local,HOST,0,NONE,0.0,0.0,0.0,0.0,0.0,0.5,False
ws-11127,HOST,0,NONE,0.0,1.0,0.0,0.0,0.4,0.5,False
VDR-12190,HOST,0,NONE,0.0,1.0,0.0,0.0,0.4,0.5,False
LPT_12659,HOST,0,NONE,0.0,1.0,0.0,0.0,0.4,0.5,False
VDR-12278.corp.local,HOST,0,NONE,0.0,0.0,0.0,0.0,0.0,0.5,False
WS-11192.corp.local,HOST,0,NONE,0.0,0.0,0.0,0.0,0.0,0.5,False
VDR-10110.corp.local,HOST,0,NONE,0.0,0.0,0.0,0.0,0.0,0.5,False
LPT-12331,HOST,1,ENDPOINT,0.0,2.0,3.0,0.0,1.7,0.65,False
WS-12632,HOST,0,NONE,0.0,2.0,1.0,0.0,1.1,0.5,False
LPT-11978.corp.local,HOST,0,NONE,0.0,0.0,0.0,0.0,0.0,0.5,False
VDR-12543.corp.local,HOST,0,NONE,0.0,0.0,0.0,0.0,0.0,0.5,False
VDR-12233,HOST,1,FIREWALL_DENY,0.0,3.0,2.0,0.0,1.8,0.65,False
ws-12266,HOST,0,NONE,0.0,0.0,0.0,0.0,0.0,0.5,False
WS_11301,HOST,0,NONE,0.0,0.0,0.0,0.0,0.0,0.5,False
VDR-10805,HOST,1,ENDPOINT,0.0,1.0,4.0,0.0,1.6,0.65,False
LPT-12331.corp.local,HOST,0,NONE,0.0,0.0,0.0,0.0,0.0,0.5,False
LPT-10141,HOST,1,ENDPOINT,0.0,2.0,5.0,0.0,2.3,0.65,False
WS-10714,HOST,1,ENDPOINT,0.0,0.0,6.0,0.0,1.8,0.65,False
LPT-11258,HOST,1,ENDPOINT,0.0,1.0,6.0,0.0,2.2,0.65,False
VDR_12163,HOST,0,NONE,0.0,0.0,0.0,0.0,0.0,0.5,False
VDR-12122,HOST,1,ENDPOINT,0.0,1.0,4.0,0.0,1.6,0.65,False
LPT-12747,HOST,1,FIREWALL_DENY,0.0,3.0,2.0,0.0,1.8,0.65,False
vdr-10983,HOST,0,NONE,0.0,0.0,0.0,0.0,0.0,0.5,False
vdr-10116,HOST,0,NONE,0.0,0.0,0.0,0.0,0.0,0.5,False
LPT-10460.corp.local,HOST,0,NONE,0.0,1.0,0.0,0.0,0.4,0.5,False
WS-12873,HOST,0,NONE,0.0,0.0,2.0,0.0,0.6,0.5,False
LPT-11574.corp.local,HOST,0,NONE,0.0,0.0,0.0,0.0,0.0,0.5,False
LPT-11726.corp.local,HOST,0,NONE,0.0,1.0,0.0,0.0,0.4,0.5,False
VDR-12465,HOST,0,NONE,0.0,1.0,2.0,0.0,1.0,0.5,False
VDR-10799.corp.local,HOST,0,NONE,0.0,0.0,0.0,0.0,0.0,0.5,False
lpt-10894,HOST,0,NONE,0.0,0.0,0.0,0.0,0.0,0.5,False
WS_12798,HOST,0,NONE,0.0,0.0,0.0,0.0,0.0,0.5,False
ws-10770,HOST,0,NONE,0.0,0.0,0.0,0.0,0.0,0.5,False
WS-11020,HOST,1,FIREWALL_DENY,0.0,4.0,2.0,0.0,2.2,0.65,False
WS_10967,HOST,0,NONE,0.0,0.0,0.0,0.0,0.0,0.5,False
VDR-10042,HOST,1,ENDPOINT,0.0,2.0,6.0,0.0,2.6,0.65,False
VDR_10038,HOST,0,NONE,0.0,1.0,0.0,0.0,0.4,0.5,False
lpt-10905,HOST,0,NONE,0.0,0.0,0.0,0.0,0.0,0.5,False
LPT-11088.corp.local,HOST,0,NONE,0.0,0.0,0.0,0.0,0.0,0.5,False
LPT-11626,HOST,1,FIREWALL_DENY,0.0,3.0,2.0,0.0,1.8,0.65,False
VDR-11645.corp.local,HOST,0,NONE,0.0,0.0,0.0,0.0,0.0,0.5,False
LPT-12252.corp.local,HOST,0,NONE,0.0,1.0,0.0,0.0,0.4,0.5,False
ws-12694,HOST,0,NONE,0.0,0.0,0.0,0.0,0.0,0.5,False
VDR-12395,HOST,1,ENDPOINT,0.0,1.0,4.0,0.0,1.6,0.65,False
VDR-11407.corp.local,HOST,0,NONE,0.0,0.0,0.0,0.0,0.0,0.5,False
WS-12614.corp.local,HOST,0,NONE,0.0,0.0,0.0,0.0,0.0,0.5,False
VDR_12678,HOST,0,NONE,0.0,1.0,0.0,0.0,0.4,0.5,False
ws-10945,HOST,0,NONE,0.0,0.0,0.0,0.0,0.0,0.5,False
lpt-12202,HOST,0,NONE,0.0,1.0,0.0,0.0,0.4,0.5,False
WS-12515.corp.local,HOST,0,NONE,0.0,0.0,0.0,0.0,0.0,0.5,False
WS-10344.corp.local,HOST,0,NONE,0.0,0.0,0.0,0.0,0.0,0.5,False
VDR-11709.corp.local,HOST,0,NONE,0.0,1.0,0.0,0.0,0.4,0.5,False
ws-12549,HOST,0,NONE,0.0,1.0,0.0,0.0,0.4,0.5,False
WS-12851,HOST,1,ENDPOINT,0.0,1.0,8.0,0.0,2.8,0.65,False
VDR-11591.corp.local,HOST,0,NONE,0.0,0.0,0.0,0.0,0.0,0.5,False
VDR-11021,HOST,0,NONE,0.0,0.0,2.0,0.0,0.6,0.5,False
ws-11450,HOST,0,NONE,0.0,1.0,0.0,0.0,0.4,0.5,False
LPT-10080,HOST,1,ENDPOINT,0.0,0.0,4.0,0.0,1.2,0.65,False
LPT-11173.corp.local,HOST,0,NONE,0.0,0.0,0.0,0.0,0.0,0.5,False
LPT-11070.corp.local,HOST,0,NONE,0.0,1.0,0.0,0.0,0.4,0.5,False
LPT-12466,HOST,0,NONE,0.0,0.0,2.0,0.0,0.6,0.5,False
vdr-11426,HOST,0,NONE,0.0,0.0,0.0,0.0,0.0,0.5,False
WS-10602.corp.local,HOST,0,NONE,0.0,0.0,0.0,0.0,0.0,0.5,False
WS-10252,HOST,0,NONE,0.0,2.0,2.0,0.0,1.4,0.5,False
WS-12454,HOST,0,NONE,0.0,0.0,1.0,0.0,0.3,0.5,False
WS-11080,HOST,0,NONE,0.0,0.0,1.0,0.0,0.3,0.5,False
WS-12671.corp.local,HOST,0,NONE,0.0,0.0,0.0,0.0,0.0,0.5,False
WS-10727.corp.local,HOST,0,NONE,0.0,0.0,0.0,0.0,0.0,0.5,False
vdr-10673,HOST,0,NONE,0.0,0.0,0.0,0.0,0.0,0.5,False
WS-11391,HOST,1,ENDPOINT,0.0,1.0,3.0,0.0,1.3,0.65,False
vdr-10758,HOST,0,NONE,0.0,0.0,0.0,0.0,0.0,0.5,False
WS-11948.,HOST,0,NONE,0.0,0.0,0.0,0.0,0.0,0.5,False
LPT-12322,HOST,2,FIREWALL_DENY|ENDPOINT,0.0,3.0,4.0,0.0,2.4,0.8,True
VDR-11012.corp.local,HOST,0,NONE,0.0,1.0,0.0,0.0,0.4,0.5,False
VDR-11096.corp.local,HOST,0,NONE,0.0,1.0,0.0,0.0,0.4,0.5,False
VDR-11074,HOST,0,NONE,0.0,1.0,2.0,0.0,1.0,0.5,False
VDR-12948,HOST,1,FIREWALL_DENY,0.0,3.0,0.0,0.0,1.2,0.65,False
lpt-11246,HOST,0,NONE,0.0,0.0,0.0,0.0,0.0,0.5,False
WS-12812.corp.local,HOST,0,NONE,0.0,0.0,0.0,0.0,0.0,0.5,False
VDR-11665.corp.local,HOST,0,NONE,0.0,2.0,0.0,0.0,0.8,0.5,False
VDR_10343,HOST,0,NONE,0.0,0.0,0.0,0.0,0.0,0.5,False
vdr-10791,HOST,0,NONE,0.0,0.0,0.0,0.0,0.0,0.5,False
VDR-11681,HOST,1,ENDPOINT,0.0,1.0,6.0,0.0,2.2,0.65,False
LPT_11353,HOST,0,NONE,0.0,0.0,0.0,0.0,0.0,0.5,False
ws-11613,HOST,0,NONE,0.0,0.0,0.0,0.0,0.0,0.5,False
VDR-11628.corp.local,HOST,0,NONE,0.0,0.0,0.0,0.0,0.0,0.5,False
vdr-10864,HOST,0,NONE,0.0,0.0,0.0,0.0,0.0,0.5,False
LPT-10891,HOST,0,NONE,0.0,1.0,0.0,0.0,0.4,0.5,False
WS_11953,HOST,0,NONE,0.0,0.0,0.0,0.0,0.0,0.5,False
WS_11514,HOST,0,NONE,0.0,0.0,0.0,0.0,0.0,0.5,False
lpt-11978,HOST,0,NONE,0.0,1.0,0.0,0.0,0.4,0.5,False
WS-11562.corp.local,HOST,0,NONE,0.0,0.0,0.0,0.0,0.0,0.5,False
ws-11563,HOST,0,NONE,0.0,1.0,0.0,0.0,0.4,0.5,False
WS-10429,HOST,0,NONE,0.0,2.0,2.0,0.0,1.4,0.5,False
LPT-11710.corp.local,HOST,0,NONE,0.0,0.0,0.0,0.0,0.0,0.5,False
vdr-10492,HOST,0,NONE,0.0,0.0,0.0,0.0,0.0,0.5,False
LPT-12080,HOST,0,NONE,0.0,1.0,2.0,0.0,1.0,0.5,False
lpt-12029,HOST,0,NONE,0.0,0.0,0.0,0.0,0.0,0.5,False
VDR-10339.corp.local,HOST,0,NONE,0.0,1.0,0.0,0.0,0.4,0.5,False
VDR_10644,HOST,0,NONE,0.0,0.0,0.0,0.0,0.0,0.5,False
VDR-12247.,HOST,0,NONE,0.0,0.0,0.0,0.0,0.0,0.5,False
lpt-10852,HOST,0,NONE,0.0,1.0,0.0,0.0,0.4,0.5,False
WS-10048.corp.local,HOST,0,NONE,0.0,0.0,0.0,0.0,0.0,0.5,False
LPT-10144.corp.local,HOST,0,NONE,0.0,1.0,0.0,0.0,0.4,0.5,False
LPT_11818,HOST,0,NONE,0.0,0.0,0.0,0.0,0.0,0.5,False
vdr-11802,HOST,0,NONE,0.0,0.0,0.0,0.0,0.0,0.5,False
LPT_11683,HOST,0,NONE,0.0,1.0,0.0,0.0,0.4,0.5,False
vdr-11479,HOST,0,NONE,0.0,0.0,0.0,0.0,0.0,0.5,False
lpt-12520,HOST,0,NONE,0.0,1.0,0.0,0.0,0.4,0.5,False
vdr-10421,HOST,0,NONE,0.0,0.0,0.0,0.0,0.0,0.5,False
LPT-10609,HOST,0,NONE,0.0,2.0,1.0,0.0,1.1,0.5,False
vdr-11962,HOST,0,NONE,0.0,0.0,0.0,0.0,0.0,0.5,False
LPT_11506,HOST,0,NONE,0.0,0.0,0.0,0.0,0.0,0.5,False
VDR-11165,HOST,1,ENDPOINT,0.0,1.0,3.0,0.0,1.3,0.65,False
WS_12445,HOST,0,NONE,0.0,0.0,0.0,0.0,0.0,0.5,False
LPT-10651,HOST,1,ENDPOINT,0.0,2.0,3.0,0.0,1.7,0.65,False
WS_12828,HOST,0,NONE,0.0,1.0,0.0,0.0,0.4,0.5,False
ws-10148,HOST,0,NONE,0.0,0.0,0.0,0.0,0.0,0.5,False
WS_11456,HOST,0,NONE,0.0,1.0,0.0,0.0,0.4,0.5,False
LPT-10122.corp.local,HOST,0,NONE,0.0,0.0,0.0,0.0,0.0,0.5,False
WS-11153.corp.local,HOST,0,NONE,0.0,1.0,0.0,0.0,0.4,0.5,False
LPT-11801,HOST,1,FIREWALL_DENY,0.0,3.0,0.0,0.0,1.2,0.65,False
VDR-10757,HOST,1,FIREWALL_DENY,0.0,3.0,1.0,0.0,1.5,0.65,False
LPT-12843,HOST,0,NONE,0.0,1.0,2.0,0.0,1.0,0.5,False
vdr-10577,HOST,0,NONE,0.0,0.0,0.0,0.0,0.0,0.5,False
WS-10895,HOST,1,ENDPOINT,0.0,2.0,5.0,0.0,2.3,0.65,False
VDR-10924,HOST,1,ENDPOINT,0.0,0.0,3.0,0.0,0.9,0.65,False
WS_10999,HOST,0,NONE,0.0,1.0,0.0,0.0,0.4,0.5,False
WS-10119,HOST,1,ENDPOINT,0.0,1.0,3.0,0.0,1.3,0.65,False
LPT-12240.corp.local,HOST,0,NONE,0.0,0.0,0.0,0.0,0.0,0.5,False
lpt-10378,HOST,0,NONE,0.0,0.0,0.0,0.0,0.0,0.5,False
ws-10871,HOST,0,NONE,0.0,0.0,0.0,0.0,0.0,0.5,False
LPT-10424.corp.local,HOST,0,NONE,0.0,1.0,0.0,0.0,0.4,0.5,False
LPT-12651,HOST,1,ENDPOINT,0.0,2.0,5.0,0.0,2.3,0.65,False
VDR-10536,HOST,1,ENDPOINT,0.0,1.0,4.0,0.0,1.6,0.65,False
LPT-12687,HOST,0,NONE,0.0,0.0,2.0,0.0,0.6,0.5,False
VDR-10038.corp.local,HOST,0,NONE,0.0,0.0,0.0,0.0,0.0,0.5,False
WS-11289.corp.local,HOST,0,NONE,0.0,0.0,0.0,0.0,0.0,0.5,False
VDR-10109,HOST,1,ENDPOINT,0.0,1.0,6.0,0.0,2.2,0.65,False
LPT-12116,HOST,0,NONE,0.0,2.0,1.0,0.0,1.1,0.5,False
LPT-11539,HOST,0,NONE,0.0,1.0,2.0,0.0,1.0,0.5,False
VDR-11007.corp.local,HOST,0,NONE,0.0,0.0,0.0,0.0,0.0,0.5,False
WS_12344,HOST,0,NONE,0.0,0.0,0.0,0.0,0.0,0.5,False
LPT-10939.corp.local,HOST,0,NONE,0.0,0.0,0.0,0.0,0.0,0.5,False
WS-12798,HOST,2,FIREWALL_DENY|ENDPOINT,0.0,3.0,5.0,0.0,2.7,0.8,True
WS-12809.corp.local,HOST,0,NONE,0.0,0.0,0.0,0.0,0.0,0.5,False
LPT_12378,HOST,0,NONE,0.0,0.0,0.0,0.0,0.0,0.5,False
lpt-10437,HOST,0,NONE,0.0,1.0,0.0,0.0,0.4,0.5,False
LPT-11028,HOST,2,FIREWALL_DENY|ENDPOINT,0.0,3.0,5.0,0.0,2.7,0.8,True
ws-10819,HOST,0,NONE,0.0,0.0,0.0,0.0,0.0,0.5,False
LPT-10734.corp.local,HOST,0,NONE,0.0,1.0,0.0,0.0,0.4,0.5,False
WS-12724,HOST,1,ENDPOINT,0.0,2.0,5.0,0.0,2.3,0.65,False
vdr-10519,HOST,0,NONE,0.0,1.0,0.0,0.0,0.4,0.5,False
LPT_11528,HOST,0,NONE,0.0,0.0,0.0,0.0,0.0,0.5,False
ws-11336,HOST,0,NONE,0.0,0.0,0.0,0.0,0.0,0.5,False
VDR_11858,HOST,0,NONE,0.0,1.0,0.0,0.0,0.4,0.5,False
VDR-11888,HOST,0,NONE,0.0,1.0,1.0,0.0,0.7,0.5,False
vdr-11966,HOST,0,NONE,0.0,0.0,0.0,0.0,0.0,0.5,False
LPT-11184.corp.local,HOST,0,NONE,0.0,1.0,0.0,0.0,0.4,0.5,False
VDR-10599,HOST,0,NONE,0.0,2.0,1.0,0.0,1.1,0.5,False
VDR-11002.corp.local,HOST,0,NONE,0.0,0.0,0.0,0.0,0.0,0.5,False
LPT-11742,HOST,0,NONE,0.0,1.0,2.0,0.0,1.0,0.5,False
WS-12898.corp.local,HOST,0,NONE,0.0,0.0,0.0,0.0,0.0,0.5,False
LPT-10410.corp.local,HOST,0,NONE,0.0,0.0,0.0,0.0,0.0,0.5,False
VDR-10248.corp.local,HOST,0,NONE,0.0,0.0,0.0,0.0,0.0,0.5,False
lpt-11219,HOST,0,NONE,0.0,0.0,0.0,0.0,0.0,0.5,False
ws-10352,HOST,0,NONE,0.0,1.0,0.0,0.0,0.4,0.5,False
vdr-10443,HOST,0,NONE,0.0,0.0,0.0,0.0,0.0,0.5,False
WS-12385,HOST,0,NONE,0.0,1.0,1.0,0.0,0.7,0.5,False
LPT-12294,HOST,2,FIREWALL_DENY|ENDPOINT,0.0,3.0,3.0,0.0,2.1,0.8,True
VDR-10110,HOST,0,NONE,0.0,2.0,1.0,0.0,1.1,0.5,False
WS-10556,HOST,0,NONE,0.0,1.0,1.0,0.0,0.7,0.5,False
WS-11379,HOST,0,NONE,0.0,0.0,2.0,0.0,0.6,0.5,False
VDR-12057.corp.local,HOST,0,NONE,0.0,0.0,0.0,0.0,0.0,0.5,False
LPT_10654,HOST,0,NONE,0.0,0.0,0.0,0.0,0.0,0.5,False
LPT_12947,HOST,0,NONE,0.0,1.0,0.0,0.0,0.4,0.5,False
ws-10868,HOST,0,NONE,0.0,0.0,0.0,0.0,0.0,0.5,False
lpt-10612,HOST,0,NONE,0.0,0.0,0.0,0.0,0.0,0.5,False
VDR-12374,HOST,2,FIREWALL_DENY|ENDPOINT,0.0,3.0,3.0,0.0,2.1,0.8,True
VDR_10666,HOST,0,NONE,0.0,0.0,0.0,0.0,0.0,0.5,False
WS-10512,HOST,0,NONE,0.0,1.0,1.0,0.0,0.7,0.5,False
lpt-12326,HOST,0,NONE,0.0,0.0,0.0,0.0,0.0,0.5,False
ws-10617,HOST,0,NONE,0.0,0.0,0.0,0.0,0.0,0.5,False
LPT-11057,HOST,1,ENDPOINT,0.0,0.0,3.0,0.0,0.9,0.65,False
LPT-11830,HOST,1,ENDPOINT,0.0,1.0,4.0,0.0,1.6,0.65,False
WS-10884.corp.local,HOST,0,NONE,0.0,0.0,0.0,0.0,0.0,0.5,False
lpt-10037,HOST,0,NONE,0.0,0.0,0.0,0.0,0.0,0.5,False
lpt-12782,HOST,1,FIREWALL_DENY,0.0,3.0,0.0,0.0,1.2,0.65,False
vdr-10153,HOST,0,NONE,0.0,0.0,0.0,0.0,0.0,0.5,False
VDR-12803,HOST,1,ENDPOINT,0.0,2.0,3.0,0.0,1.7,0.65,False
VDR-12647.corp.local,HOST,0,NONE,0.0,1.0,0.0,0.0,0.4,0.5,False
LPT_12658,HOST,0,NONE,0.0,0.0,0.0,0.0,0.0,0.5,False
VDR-12580,HOST,1,ENDPOINT,0.0,0.0,6.0,0.0,1.8,0.65,False
VDR-11495,HOST,1,ENDPOINT,0.0,2.0,3.0,0.0,1.7,0.65,False
VDR_12886,HOST,0,NONE,0.0,1.0,0.0,0.0,0.4,0.5,False
VDR-11215.corp.local,HOST,0,NONE,0.0,0.0,0.0,0.0,0.0,0.5,False
WS_10720,HOST,0,NONE,0.0,0.0,0.0,0.0,0.0,0.5,False
LPT-12621,HOST,0,NONE,0.0,0.0,2.0,0.0,0.6,0.5,False
WS_10915,HOST,0,NONE,0.0,1.0,0.0,0.0,0.4,0.5,False
WS-10697,HOST,1,ENDPOINT,0.0,2.0,5.0,0.0,2.3,0.65,False
ws-11098,HOST,0,NONE,0.0,1.0,0.0,0.0,0.4,0.5,False
LPT-12904,HOST,0,NONE,0.0,2.0,1.0,0.0,1.1,0.5,False
lpt-12703,HOST,0,NONE,0.0,1.0,0.0,0.0,0.4,0.5,False
ws-10399,HOST,0,NONE,0.0,0.0,0.0,0.0,0.0,0.5,False
WS-10686,HOST,0,NONE,0.0,0.0,1.0,0.0,0.3,0.5,False
LPT_10463,HOST,0,NONE,0.0,0.0,0.0,0.0,0.0,0.5,False
VDR-11778,HOST,1,ENDPOINT,0.0,2.0,3.0,0.0,1.7,0.65,False
ws-12915,HOST,0,NONE,0.0,0.0,0.0,0.0,0.0,0.5,False
LPT_10931,HOST,0,NONE,0.0,1.0,0.0,0.0,0.4,0.5,False
LPT-12015,HOST,1,ENDPOINT,0.0,1.0,4.0,0.0,1.6,0.65,False
WS-10696.corp.local,HOST,0,NONE,0.0,0.0,0.0,0.0,0.0,0.5,False
VDR_10599,HOST,0,NONE,0.0,1.0,0.0,0.0,0.4,0.5,False
vdr-11676,HOST,0,NONE,0.0,1.0,0.0,0.0,0.4,0.5,False
WS-10392,HOST,0,NONE,0.0,1.0,0.0,0.0,0.4,0.5,False
WS-11364,HOST,1,FIREWALL_DENY,0.0,3.0,1.0,0.0,1.5,0.65,False
WS_10456,HOST,0,NONE,0.0,0.0,0.0,0.0,0.0,0.5,False
VDR_12811,HOST,0,NONE,0.0,1.0,0.0,0.0,0.4,0.5,False
LPT_11191,HOST,0,NONE,0.0,1.0,0.0,0.0,0.4,0.5,False
WS-11410,HOST,1,ENDPOINT,0.0,2.0,5.0,0.0,2.3,0.65,False
LPT-11409,HOST,1,ENDPOINT,0.0,2.0,3.0,0.0,1.7,0.65,False
LPT-12257,HOST,0,NONE,0.0,1.0,2.0,0.0,1.0,0.5,False
VDR-10056.corp.local,HOST,0,NONE,0.0,0.0,0.0,0.0,0.0,0.5,False
LPT-12510.corp.local,HOST,0,NONE,0.0,0.0,0.0,0.0,0.0,0.5,False
LPT_11534,HOST,0,NONE,0.0,0.0,0.0,0.0,0.0,0.5,False
WS_11416,HOST,0,NONE,0.0,0.0,0.0,0.0,0.0,0.5,False
LPT-11254,HOST,0,NONE,0.0,1.0,2.0,0.0,1.0,0.5,False
LPT-10511,HOST,1,ENDPOINT,0.0,2.0,5.0,0.0,2.3,0.65,False
LPT-10171.corp.local,HOST,0,NONE,0.0,0.0,0.0,0.0,0.0,0.5,False
LPT-10198,HOST,0,NONE,0.0,1.0,2.0,0.0,1.0,0.5,False
LPT-12376,HOST,0,NONE,0.0,0.0,0.0,0.0,0.0,0.5,False
WS-11542,HOST,0,NONE,0.0,1.0,1.0,0.0,0.7,0.5,False
WS-10941,HOST,0,NONE,0.0,1.0,1.0,0.0,0.7,0.5,False
ws-11352,HOST,0,NONE,0.0,1.0,0.0,0.0,0.4,0.5,False
lpt-11321,HOST,0,NONE,0.0,0.0,0.0,0.0,0.0,0.5,False
lpt-12106,HOST,0,NONE,0.0,0.0,0.0,0.0,0.0,0.5,False
VDR-10454,HOST,1,ENDPOINT,0.0,0.0,4.0,0.0,1.2,0.65,False
LPT-12102,HOST,1,ENDPOINT,0.0,2.0,5.0,0.0,2.3,0.65,False
WS_12879,HOST,0,NONE,0.0,0.0,0.0,0.0,0.0,0.5,False
LPT-12900.corp.local,HOST,0,NONE,0.0,1.0,0.0,0.0,0.4,0.5,False
LPT-11124,HOST,0,NONE,0.0,0.0,1.0,0.0,0.3,0.5,False
VDR-10966.corp.local,HOST,0,NONE,0.0,0.0,0.0,0.0,0.0,0.5,False
vdr-12215,HOST,0,NONE,0.0,1.0,0.0,0.0,0.4,0.5,False
LPT_12203,HOST,0,NONE,0.0,1.0,0.0,0.0,0.4,0.5,False
ws-12334,HOST,0,NONE,0.0,0.0,0.0,0.0,0.0,0.5,False
VDR-12784,HOST,1,ENDPOINT,0.0,2.0,5.0,0.0,2.3,0.65,False
WS-12592.corp.local,HOST,0,NONE,0.0,0.0,0.0,0.0,0.0,0.5,False
VDR-10983,HOST,0,NONE,0.0,2.0,1.0,0.0,1.1,0.5,False
lpt-12968,HOST,0,NONE,0.0,0.0,0.0,0.0,0.0,0.5,False
VDR_12624,HOST,0,NONE,0.0,0.0,0.0,0.0,0.0,0.5,False
LPT-12578,HOST,1,ENDPOINT,0.0,0.0,4.0,0.0,1.2,0.65,False
VDR-11389,HOST,0,NONE,0.0,0.0,2.0,0.0,0.6,0.5,False
vdr-11916,HOST,0,NONE,0.0,0.0,0.0,0.0,0.0,0.5,False
VDR-11455,HOST,1,ENDPOINT,0.0,1.0,3.0,0.0,1.3,0.65,False
VDR-12738,HOST,1,ENDPOINT,0.0,0.0,4.0,0.0,1.2,0.65,False
WS-11516,HOST,0,NONE,0.0,1.0,2.0,0.0,1.0,0.5,False
WS_12716,HOST,0,NONE,0.0,0.0,0.0,0.0,0.0,0.5,False
VDR-11846,HOST,2,FIREWALL_DENY|ENDPOINT,0.0,3.0,4.0,0.0,2.4,0.8,True
vdr-11451,HOST,0,NONE,0.0,1.0,0.0,0.0,0.4,0.5,False
WS-10866,HOST,1,ENDPOINT,0.0,0.0,3.0,0.0,0.9,0.65,False
lpt-10804,HOST,0,NONE,0.0,1.0,0.0,0.0,0.4,0.5,False
WS-12930,HOST,1,FIREWALL_DENY,0.0,4.0,1.0,0.0,1.9,0.65,False
VDR-12579.corp.local,HOST,0,NONE,0.0,0.0,0.0,0.0,0.0,0.5,False
LPT-11638.,HOST,0,NONE,0.0,0.0,0.0,0.0,0.0,0.5,False
ws-12674,HOST,0,NONE,0.0,0.0,0.0,0.0,0.0,0.5,False
lpt-12810,HOST,0,NONE,0.0,0.0,0.0,0.0,0.0,0.5,False
LPT_10935,HOST,0,NONE,0.0,0.0,0.0,0.0,0.0,0.5,False
LPT_10989,HOST,0,NONE,0.0,0.0,0.0,0.0,0.0,0.5,False
LPT-10939,HOST,0,NONE,0.0,2.0,2.0,0.0,1.4,0.5,False
VDR-11145.corp.local,HOST,0,NONE,0.0,0.0,0.0,0.0,0.0,0.5,False
lpt-11870,HOST,0,NONE,0.0,0.0,0.0,0.0,0.0,0.5,False
WS-11475,HOST,0,NONE,0.0,2.0,2.0,0.0,1.4,0.5,False
VDR-12352,HOST,1,ENDPOINT,0.0,1.0,5.0,0.0,1.9,0.65,False
WS_10355,HOST,0,NONE,0.0,1.0,0.0,0.0,0.4,0.5,False
LPT_12907,HOST,0,NONE,0.0,0.0,0.0,0.0,0.0,0.5,False
vdr-11748,HOST,0,NONE,0.0,0.0,0.0,0.0,0.0,0.5,False
WS_10962,HOST,0,NONE,0.0,0.0,0.0,0.0,0.0,0.5,False
WS-10436.corp.local,HOST,0,NONE,0.0,1.0,0.0,0.0,0.4,0.5,False
LPT_10098,HOST,0,NONE,0.0,1.0,0.0,0.0,0.4,0.5,False
WS-10945,HOST,2,FIREWALL_DENY|ENDPOINT,0.0,3.0,4.0,0.0,2.4,0.8,True
LPT-11825.corp.local,HOST,0,NONE,0.0,0.0,0.0,0.0,0.0,0.5,False
VDR-10588.corp.local,HOST,0,NONE,0.0,0.0,0.0,0.0,0.0,0.5,False
WS-12084.corp.local,HOST,0,NONE,0.0,0.0,0.0,0.0,0.0,0.5,False
LPT_11023,HOST,0,NONE,0.0,0.0,0.0,0.0,0.0,0.5,False
ws-12179,HOST,0,NONE,0.0,0.0,0.0,0.0,0.0,0.5,False
VDR-12865,HOST,1,ENDPOINT,0.0,0.0,4.0,0.0,1.2,0.65,False
VDR-12832,HOST,0,NONE,0.0,1.0,1.0,0.0,0.7,0.5,False
VDR-12033,HOST,0,NONE,0.0,0.0,1.0,0.0,0.3,0.5,False
VDR-10689,HOST,1,FIREWALL_DENY,0.0,4.0,1.0,0.0,1.9,0.65,False
VDR_10914,HOST,0,NONE,0.0,0.0,0.0,0.0,0.0,0.5,False
LPT-11882,HOST,0,NONE,0.0,2.0,1.0,0.0,1.1,0.5,False
WS-11651,HOST,2,FIREWALL_DENY|ENDPOINT,0.0,3.0,3.0,0.0,2.1,0.8,True
vdr-11297,HOST,0,NONE,0.0,0.0,0.0,0.0,0.0,0.5,False
VDR-10940.corp.local,HOST,0,NONE,0.0,0.0,0.0,0.0,0.0,0.5,False
WS-10201.corp.local,HOST,0,NONE,0.0,0.0,0.0,0.0,0.0,0.5,False
LPT-10750,HOST,1,ENDPOINT,0.0,2.0,6.0,0.0,2.6,0.65,False
vdr-10335,HOST,0,NONE,0.0,0.0,0.0,0.0,0.0,0.5,False
VDR-12972,HOST,1,ENDPOINT,0.0,2.0,6.0,0.0,2.6,0.65,False
WS-11860.corp.local,HOST,0,NONE,0.0,0.0,0.0,0.0,0.0,0.5,False
vdr-10793,HOST,0,NONE,0.0,0.0,0.0,0.0,0.0,0.5,False
vdr-12926,HOST,0,NONE,0.0,0.0,0.0,0.0,0.0,0.5,False
ws-11430,HOST,0,NONE,0.0,1.0,0.0,0.0,0.4,0.5,False
WS-10085,HOST,1,ENDPOINT,0.0,2.0,3.0,0.0,1.7,0.65,False
VDR-10196,HOST,2,FIREWALL_DENY|ENDPOINT,0.0,4.0,3.0,0.0,2.5,0.8,True
VDR_11394,HOST,0,NONE,0.0,0.0,0.0,0.0,0.0,0.5,False
VDR_12562,HOST,0,NONE,0.0,1.0,0.0,0.0,0.4,0.5,False
VDR-10363,HOST,0,NONE,0.0,1.0,1.0,0.0,0.7,0.5,False
LPT-11717,HOST,1,FIREWALL_DENY,0.0,3.0,2.0,0.0,1.8,0.65,False
WS-11252,HOST,1,ENDPOINT,0.0,1.0,5.0,0.0,1.9,0.65,False
WS-12923,HOST,0,NONE,0.0,2.0,2.0,0.0,1.4,0.5,False
VDR-11394,HOST,1,FIREWALL_DENY,0.0,5.0,1.0,0.0,2.3,0.65,False
ws-10882,HOST,0,NONE,0.0,0.0,0.0,0.0,0.0,0.5,False
vdr-10754,HOST,0,NONE,0.0,0.0,0.0,0.0,0.0,0.5,False
LPT-10728,HOST,1,ENDPOINT,0.0,2.0,3.0,0.0,1.7,0.65,False
VDR-12193,HOST,1,ENDPOINT,0.0,2.0,5.0,0.0,2.3,0.65,False
VDR-12163.corp.local,HOST,0,NONE,0.0,0.0,0.0,0.0,0.0,0.5,False
lpt-11322,HOST,0,NONE,0.0,0.0,0.0,0.0,0.0,0.5,False
VDR-10061.corp.local,HOST,0,NONE,0.0,0.0,0.0,0.0,0.0,0.5,False
VDR_10792,HOST,0,NONE,0.0,0.0,0.0,0.0,0.0,0.5,False
WS-11613,HOST,1,ENDPOINT,0.0,2.0,3.0,0.0,1.7,0.65,False
ws-12716,HOST,0,NONE,0.0,0.0,0.0,0.0,0.0,0.5,False
LPT-11950.corp.local,HOST,0,NONE,0.0,0.0,0.0,0.0,0.0,0.5,False
vdr-12892,HOST,0,NONE,0.0,0.0,0.0,0.0,0.0,0.5,False
VDR_10285,HOST,0,NONE,0.0,2.0,0.0,0.0,0.8,0.5,False
ws-12929,HOST,0,NONE,0.0,1.0,0.0,0.0,0.4,0.5,False
VDR_12526,HOST,0,NONE,0.0,0.0,0.0,0.0,0.0,0.5,False
WS-12790,HOST,0,NONE,0.0,1.0,1.0,0.0,0.7,0.5,False
WS-11323.,HOST,0,NONE,0.0,0.0,0.0,0.0,0.0,0.5,False
vdr-11007,HOST,0,NONE,0.0,1.0,0.0,0.0,0.4,0.5,False
vdr-10339,HOST,0,NONE,0.0,0.0,0.0,0.0,0.0,0.5,False
WS_11563,HOST,0,NONE,0.0,0.0,0.0,0.0,0.0,0.5,False
WS_12802,HOST,0,NONE,0.0,0.0,0.0,0.0,0.0,0.5,False
lpt-12659,HOST,0,NONE,0.0,1.0,0.0,0.0,0.4,0.5,False
VDR-10018.corp.local,HOST,0,NONE,0.0,1.0,0.0,0.0,0.4,0.5,False
VDR-10843,HOST,1,ENDPOINT,0.0,1.0,3.0,0.0,1.3,0.65,False
WS-12798.corp.local,HOST,0,NONE,0.0,0.0,0.0,0.0,0.0,0.5,False
WS_12287,HOST,0,NONE,0.0,1.0,0.0,0.0,0.4,0.5,False
LPT-10612,HOST,0,NONE,0.0,2.0,0.0,0.0,0.8,0.5,False
LPT_10133,HOST,0,NONE,0.0,0.0,0.0,0.0,0.0,0.5,False
VDR-11639,HOST,1,ENDPOINT,0.0,0.0,3.0,0.0,0.9,0.65,False
VDR-10718,HOST,1,ENDPOINT,0.0,0.0,3.0,0.0,0.9,0.65,False
VDR-12357.corp.local,HOST,0,NONE,0.0,0.0,0.0,0.0,0.0,0.5,False
VDR-10640.corp.local,HOST,0,NONE,0.0,0.0,0.0,0.0,0.0,0.5,False
VDR_12978,HOST,0,NONE,0.0,1.0,0.0,0.0,0.4,0.5,False
ws-12550,HOST,0,NONE,0.0,0.0,0.0,0.0,0.0,0.5,False
VDR-12712.corp.local,HOST,0,NONE,0.0,0.0,0.0,0.0,0.0,0.5,False
WS-12667.corp.local,HOST,0,NONE,0.0,0.0,0.0,0.0,0.0,0.5,False
WS-10242.corp.local,HOST,0,NONE,0.0,0.0,0.0,0.0,0.0,0.5,False
LPT-12920,HOST,1,FIREWALL_DENY,0.0,4.0,0.0,0.0,1.6,0.65,False
vdr-11872,HOST,0,NONE,0.0,0.0,0.0,0.0,0.0,0.5,False
LPT-12937,HOST,0,NONE,0.0,1.0,1.0,0.0,0.7,0.5,False
ws-10579,HOST,0,NONE,0.0,0.0,0.0,0.0,0.0,0.5,False
vdr-11632,HOST,0,NONE,0.0,1.0,0.0,0.0,0.4,0.5,False
WS_10487,HOST,0,NONE,0.0,0.0,0.0,0.0,0.0,0.5,False
VDR-10867,HOST,1,ENDPOINT,0.0,2.0,3.0,0.0,1.7,0.65,False
LPT-10479.corp.local,HOST,0,NONE,0.0,1.0,0.0,0.0,0.4,0.5,False
VDR_12241,HOST,0,NONE,0.0,1.0,0.0,0.0,0.4,0.5,False
ws-10730,HOST,0,NONE,0.0,1.0,0.0,0.0,0.4,0.5,False
VDR_12455,HOST,0,NONE,0.0,0.0,0.0,0.0,0.0,0.5,False
LPT-12510,HOST,0,NONE,0.0,2.0,1.0,0.0,1.1,0.5,False
lpt-10304,HOST,0,NONE,0.0,0.0,0.0,0.0,0.0,0.5,False
VDR-10656,HOST,0,NONE,0.0,0.0,1.0,0.0,0.3,0.5,False
lpt-10200,HOST,0,NONE,0.0,0.0,0.0,0.0,0.0,0.5,False
ws-12104,HOST,0,NONE,0.0,0.0,0.0,0.0,0.0,0.5,False
WS_11651,HOST,0,NONE,0.0,0.0,0.0,0.0,0.0,0.5,False
WS_10974,HOST,0,NONE,0.0,0.0,0.0,0.0,0.0,0.5,False
VDR-11811.corp.local,HOST,0,NONE,0.0,1.0,0.0,0.0,0.4,0.5,False
VDR-10402,HOST,1,ENDPOINT,0.0,0.0,3.0,0.0,0.9,0.65,False
WS_10509,HOST,0,NONE,0.0,1.0,0.0,0.0,0.4,0.5,False
ws-10582,HOST,0,NONE,0.0,0.0,0.0,0.0,0.0,0.5,False
LPT_11917,HOST,0,NONE,0.0,1.0,0.0,0.0,0.4,0.5,False
VDR-12976.,HOST,0,NONE,0.0,0.0,0.0,0.0,0.0,0.5,False
LPT-12045,HOST,0,NONE,0.0,1.0,1.0,0.0,0.7,0.5,False
LPT-12675.corp.local,HOST,0,NONE,0.0,1.0,0.0,0.0,0.4,0.5,False
WS-12219.corp.local,HOST,0,NONE,0.0,0.0,0.0,0.0,0.0,0.5,False
VDR-11634,HOST,2,FIREWALL_DENY|ENDPOINT,0.0,3.0,5.0,0.0,2.7,0.8,True
LPT-11983,HOST,0,NONE,0.0,1.0,0.0,0.0,0.4,0.5,False
WS-12077.corp.local,HOST,0,NONE,0.0,0.0,0.0,0.0,0.0,0.5,False
LPT_12354,HOST,0,NONE,0.0,0.0,0.0,0.0,0.0,0.5,False
VDR-12235,HOST,0,NONE,0.0,1.0,0.0,0.0,0.4,0.5,False
LPT-11528.corp.local,HOST,0,NONE,0.0,1.0,0.0,0.0,0.4,0.5,False
ws-11733,HOST,0,NONE,0.0,1.0,0.0,0.0,0.4,0.5,False
LPT_12440,HOST,0,NONE,0.0,1.0,0.0,0.0,0.4,0.5,False
WS_10134,HOST,0,NONE,0.0,1.0,0.0,0.0,0.4,0.5,False
WS_12751,HOST,0,NONE,0.0,0.0,0.0,0.0,0.0,0.5,False
LPT_12078,HOST,0,NONE,0.0,0.0,0.0,0.0,0.0,0.5,False
VDR-11236,HOST,1,ENDPOINT,0.0,2.0,3.0,0.0,1.7,0.65,False
VDR_10698,HOST,0,NONE,0.0,0.0,0.0,0.0,0.0,0.5,False
lpt-10717,HOST,0,NONE,0.0,0.0,0.0,0.0,0.0,0.5,False
VDR-12857,HOST,1,ENDPOINT,0.0,2.0,3.0,0.0,1.7,0.65,False
WS-11582,HOST,1,ENDPOINT,0.0,1.0,3.0,0.0,1.3,0.65,False
vdr-10613,HOST,0,NONE,0.0,0.0,0.0,0.0,0.0,0.5,False
lpt-10451,HOST,0,NONE,0.0,0.0,0.0,0.0,0.0,0.5,False
WS-12633.corp.local,HOST,0,NONE,0.0,0.0,0.0,0.0,0.0,0.5,False
VDR_12430,HOST,0,NONE,0.0,0.0,0.0,0.0,0.0,0.5,False
lpt-12657,HOST,0,NONE,0.0,0.0,0.0,0.0,0.0,0.5,False
LPT_10084,HOST,0,NONE,0.0,0.0,0.0,0.0,0.0,0.5,False
LPT-11998,HOST,1,ENDPOINT,0.0,2.0,4.0,0.0,2.0,0.65,False
WS-11936,HOST,1,FIREWALL_DENY,0.0,3.0,2.0,0.0,1.8,0.65,False
WS-11406.corp.local,HOST,0,NONE,0.0,0.0,0.0,0.0,0.0,0.5,False
WS-11342.corp.local,HOST,0,NONE,0.0,1.0,0.0,0.0,0.4,0.5,False
LPT-10777,HOST,1,ENDPOINT,0.0,0.0,3.0,0.0,0.9,0.65,False
VDR-10724,HOST,2,FIREWALL_DENY|ENDPOINT,0.0,3.0,3.0,0.0,2.1,0.8,True
LPT-11906,HOST,0,NONE,0.0,2.0,1.0,0.0,1.1,0.5,False
VDR-12358,HOST,1,ENDPOINT,0.0,0.0,3.0,0.0,0.9,0.65,False
VDR-11605,HOST,1,ENDPOINT,0.0,0.0,5.0,0.0,1.5,0.65,False
WS-10334,HOST,1,FIREWALL_DENY,0.0,3.0,1.0,0.0,1.5,0.65,False
LPT_12481,HOST,0,NONE,0.0,0.0,0.0,0.0,0.0,0.5,False
LPT-12049,HOST,0,NONE,0.0,1.0,0.0,0.0,0.4,0.5,False
VDR-11971.corp.local,HOST,0,NONE,0.0,0.0,0.0,0.0,0.0,0.5,False
vdr-12157,HOST,0,NONE,0.0,0.0,0.0,0.0,0.0,0.5,False
ws-11348,HOST,0,NONE,0.0,1.0,0.0,0.0,0.4,0.5,False
VDR-12163,HOST,1,FIREWALL_DENY,0.0,3.0,2.0,0.0,1.8,0.65,False
LPT-10177.corp.local,HOST,0,NONE,0.0,0.0,0.0,0.0,0.0,0.5,False
WS-10178.corp.local,HOST,0,NONE,0.0,1.0,0.0,0.0,0.4,0.5,False
WS-12246,HOST,0,NONE,0.0,1.0,2.0,0.0,1.0,0.5,False
LPT-12916,HOST,1,ENDPOINT,0.0,2.0,3.0,0.0,1.7,0.65,False
WS-10544.corp.local,HOST,0,NONE,0.0,0.0,0.0,0.0,0.0,0.5,False
WS-11422.corp.local,HOST,0,NONE,0.0,0.0,0.0,0.0,0.0,0.5,False
LPT_12275,HOST,0,NONE,0.0,0.0,0.0,0.0,0.0,0.5,False
VDR_12696,HOST,0,NONE,0.0,1.0,0.0,0.0,0.4,0.5,False
WS-10643,HOST,1,ENDPOINT,0.0,1.0,3.0,0.0,1.3,0.65,False
WS-12433.,HOST,0,NONE,0.0,0.0,0.0,0.0,0.0,0.5,False
LPT-11689,HOST,0,NONE,0.0,1.0,2.0,0.0,1.0,0.5,False
LPT-12027,HOST,0,NONE,0.0,1.0,1.0,0.0,0.7,0.5,False
WS-10332.corp.local,HOST,0,NONE,0.0,1.0,0.0,0.0,0.4,0.5,False
VDR-11032,HOST,0,NONE,0.0,2.0,1.0,0.0,1.1,0.5,False
VDR-11199.corp.local,HOST,0,NONE,0.0,0.0,0.0,0.0,0.0,0.5,False
WS-11657.corp.local,HOST,0,NONE,0.0,0.0,0.0,0.0,0.0,0.5,False
VDR-11796,HOST,1,ENDPOINT,0.0,1.0,3.0,0.0,1.3,0.65,False
WS-10800,HOST,1,ENDPOINT,0.0,2.0,6.0,0.0,2.6,0.65,False
VDR-12412.corp.local,HOST,0,NONE,0.0,0.0,0.0,0.0,0.0,0.5,False
LPT_11086,HOST,0,NONE,0.0,0.0,0.0,0.0,0.0,0.5,False
VDR-10343.corp.local,HOST,0,NONE,0.0,0.0,0.0,0.0,0.0,0.5,False
WS_12898,HOST,0,NONE,0.0,1.0,0.0,0.0,0.4,0.5,False
ws-10407,HOST,0,NONE,0.0,1.0,0.0,0.0,0.4,0.5,False
WS-10195.corp.local,HOST,0,NONE,0.0,0.0,0.0,0.0,0.0,0.5,False
LPT-12968,HOST,1,ENDPOINT,0.0,2.0,3.0,0.0,1.7,0.65,False
ws-12337,HOST,0,NONE,0.0,0.0,0.0,0.0,0.0,0.5,False
LPT-11175.corp.local,HOST,0,NONE,0.0,2.0,0.0,0.0,0.8,0.5,False
lpt-10708,HOST,0,NONE,0.0,0.0,0.0,0.0,0.0,0.5,False
WS-11769.corp.local,HOST,0,NONE,0.0,1.0,0.0,0.0,0.4,0.5,False
ws-10531,HOST,0,NONE,0.0,1.0,0.0,0.0,0.4,0.5,False
WS-10711.corp.local,HOST,0,NONE,0.0,0.0,0.0,0.0,0.0,0.5,False
vdr-12982,HOST,0,NONE,0.0,1.0,0.0,0.0,0.4,0.5,False
VDR-12975,HOST,0,NONE,0.0,0.0,1.0,0.0,0.3,0.5,False
VDR-10310,HOST,1,FIREWALL_DENY,0.0,4.0,1.0,0.0,1.9,0.65,False
VDR-11167.corp.local,HOST,0,NONE,0.0,0.0,0.0,0.0,0.0,0.5,False
WS-10982,HOST,1,ENDPOINT,0.0,0.0,5.0,0.0,1.5,0.65,False
WS_10826,HOST,0,NONE,0.0,1.0,0.0,0.0,0.4,0.5,False
ws-11233,HOST,0,NONE,0.0,2.0,0.0,0.0,0.8,0.5,False
VDR-11765.,HOST,0,NONE,0.0,0.0,0.0,0.0,0.0,0.5,False
VDR-11195,HOST,0,NONE,0.0,0.0,1.0,0.0,0.3,0.5,False
VDR-12074,HOST,0,NONE,0.0,2.0,1.0,0.0,1.1,0.5,False
LPT-10441,HOST,1,FIREWALL_DENY,0.0,4.0,2.0,0.0,2.2,0.65,False
vdr-11963,HOST,0,NONE,0.0,0.0,0.0,0.0,0.0,0.5,False
VDR-10754,HOST,1,ENDPOINT,0.0,0.0,3.0,0.0,0.9,0.65,False
LPT-11140,HOST,0,NONE,0.0,2.0,2.0,0.0,1.4,0.5,False
WS-10338.corp.local,HOST,0,NONE,0.0,1.0,0.0,0.0,0.4,0.5,False
WS-12035.,HOST,0,NONE,0.0,0.0,0.0,0.0,0.0,0.5,False
VDR_11746,HOST,0,NONE,0.0,0.0,0.0,0.0,0.0,0.5,False
VDR_10033,HOST,0,NONE,0.0,1.0,0.0,0.0,0.4,0.5,False
LPT-10144,HOST,1,ENDPOINT,0.0,1.0,4.0,0.0,1.6,0.65,False
WS-10918.corp.local,HOST,0,NONE,0.0,2.0,0.0,0.0,0.8,0.5,False
WS-10564.corp.local,HOST,0,NONE,0.0,0.0,0.0,0.0,0.0,0.5,False
VDR_11147,HOST,0,NONE,0.0,1.0,0.0,0.0,0.4,0.5,False
vdr-11969,HOST,0,NONE,0.0,1.0,0.0,0.0,0.4,0.5,False
VDR_10703,HOST,0,NONE,0.0,0.0,0.0,0.0,0.0,0.5,False
LPT_10262,HOST,0,NONE,0.0,0.0,0.0,0.0,0.0,0.5,False
ws-12082,HOST,0,NONE,0.0,1.0,0.0,0.0,0.4,0.5,False
VDR-11297.,HOST,0,NONE,0.0,0.0,0.0,0.0,0.0,0.5,False
VDR-12073.corp.local,HOST,0,NONE,0.0,0.0,0.0,0.0,0.0,0.5,False
VDR-12127,HOST,1,ENDPOINT,0.0,2.0,3.0,0.0,1.7,0.65,False
WS-11230,HOST,1,ENDPOINT,0.0,1.0,3.0,0.0,1.3,0.65,False
vdr-10350,HOST,0,NONE,0.0,0.0,0.0,0.0,0.0,0.5,False
LPT_11285,HOST,0,NONE,0.0,0.0,0.0,0.0,0.0,0.5,False
ws-11695,HOST,0,NONE,0.0,2.0,0.0,0.0,0.8,0.5,False
VDR_10621,HOST,0,NONE,0.0,0.0,0.0,0.0,0.0,0.5,False
VDR-12022,HOST,0,NONE,0.0,0.0,2.0,0.0,0.6,0.5,False
LPT-12743,HOST,2,FIREWALL_DENY|ENDPOINT,0.0,3.0,3.0,0.0,2.1,0.8,True
ws-11620,HOST,0,NONE,0.0,0.0,0.0,0.0,0.0,0.5,False
WS-12439,HOST,1,ENDPOINT,0.0,1.0,3.0,0.0,1.3,0.65,False
VDR-11122,HOST,1,FIREWALL_DENY,0.0,3.0,1.0,0.0,1.5,0.65,False
vdr-12567,HOST,0,NONE,0.0,1.0,0.0,0.0,0.4,0.5,False
WS-12887.corp.local,HOST,0,NONE,0.0,1.0,0.0,0.0,0.4,0.5,False
vdr-11940,HOST,0,NONE,0.0,0.0,0.0,0.0,0.0,0.5,False
lpt-12260,HOST,0,NONE,0.0,0.0,0.0,0.0,0.0,0.5,False
LPT-10755,HOST,0,NONE,0.0,2.0,2.0,0.0,1.4,0.5,False
VDR-10285.corp.local,HOST,0,NONE,0.0,1.0,0.0,0.0,0.4,0.5,False
LPT-11072,HOST,0,NONE,0.0,0.0,2.0,0.0,0.6,0.5,False
WS-12050.,HOST,0,NONE,0.0,0.0,0.0,0.0,0.0,0.5,False
lpt-11837,HOST,0,NONE,0.0,0.0,0.0,0.0,0.0,0.5,False
VDR-11634.corp.local,HOST,0,NONE,0.0,1.0,0.0,0.0,0.4,0.5,False
WS-11361,HOST,1,ENDPOINT,0.0,0.0,3.0,0.0,0.9,0.65,False
LPT-12783,HOST,1,ENDPOINT,0.0,1.0,3.0,0.0,1.3,0.65,False
LPT-12582.corp.local,HOST,0,NONE,0.0,1.0,0.0,0.0,0.4,0.5,False
VDR-12200,HOST,0,NONE,0.0,2.0,1.0,0.0,1.1,0.5,False
VDR-11314.corp.local,HOST,0,NONE,0.0,0.0,0.0,0.0,0.0,0.5,False
vdr-11652,HOST,0,NONE,0.0,1.0,0.0,0.0,0.4,0.5,False
VDR_11996,HOST,0,NONE,0.0,1.0,0.0,0.0,0.4,0.5,False
lpt-11984,HOST,0,NONE,0.0,0.0,0.0,0.0,0.0,0.5,False
ws-10178,HOST,0,NONE,0.0,0.0,0.0,0.0,0.0,0.5,False
lpt-12587,HOST,0,NONE,0.0,1.0,0.0,0.0,0.4,0.5,False
lpt-10176,HOST,0,NONE,0.0,0.0,0.0,0.0,0.0,0.5,False
LPT_11862,HOST,0,NONE,0.0,0.0,0.0,0.0,0.0,0.5,False
VDR_10528,HOST,0,NONE,0.0,1.0,0.0,0.0,0.4,0.5,False
lpt-12138,HOST,0,NONE,0.0,0.0,0.0,0.0,0.0,0.5,False
LPT-10081,HOST,0,NONE,0.0,1.0,2.0,0.0,1.0,0.5,False
VDR-12369.corp.local,HOST,0,NONE,0.0,0.0,0.0,0.0,0.0,0.5,False
LPT_12043,HOST,0,NONE,0.0,0.0,0.0,0.0,0.0,0.5,False
VDR-11913.corp.local,HOST,0,NONE,0.0,1.0,0.0,0.0,0.4,0.5,False
LPT_11181,HOST,0,NONE,0.0,0.0,0.0,0.0,0.0,0.5,False
VDR-10138.corp.local,HOST,0,NONE,0.0,0.0,0.0,0.0,0.0,0.5,False
lpt-12730,HOST,0,NONE,0.0,1.0,0.0,0.0,0.4,0.5,False
WS-12062.corp.local,HOST,0,NONE,0.0,1.0,0.0,0.0,0.4,0.5,False
LPT-10852.corp.local,HOST,0,NONE,0.0,1.0,0.0,0.0,0.4,0.5,False
VDR-11479,HOST,2,FIREWALL_DENY|ENDPOINT,0.0,4.0,3.0,0.0,2.5,0.8,True
LPT-11833,HOST,0,NONE,0.0,1.0,2.0,0.0,1.0,0.5,False
WS_10978,HOST,0,NONE,0.0,0.0,0.0,0.0,0.0,0.5,False
VDR-12789.corp.local,HOST,0,NONE,0.0,1.0,0.0,0.0,0.4,0.5,False
VDR_12357,HOST,0,NONE,0.0,0.0,0.0,0.0,0.0,0.5,False
LPT-11668.,HOST,0,NONE,0.0,0.0,0.0,0.0,0.0,0.5,False
lpt-11640,HOST,0,NONE,0.0,0.0,0.0,0.0,0.0,0.5,False
WS-11221,HOST,1,ENDPOINT,0.0,1.0,3.0,0.0,1.3,0.65,False
VDR-11363.,HOST,0,NONE,0.0,0.0,0.0,0.0,0.0,0.5,False
WS-11043,HOST,1,FIREWALL_DENY,0.0,5.0,1.0,0.0,2.3,0.65,False
LPT_12211,HOST,0,NONE,0.0,0.0,0.0,0.0,0.0,0.5,False
ws-12246,HOST,0,NONE,0.0,0.0,0.0,0.0,0.0,0.5,False
ws-11974,HOST,0,NONE,0.0,1.0,0.0,0.0,0.4,0.5,False
VDR-10889,HOST,0,NONE,0.0,1.0,1.0,0.0,0.7,0.5,False
vdr-12527,HOST,0,NONE,0.0,0.0,0.0,0.0,0.0,0.5,False
LPT-10065.corp.local,HOST,0,NONE,0.0,0.0,0.0,0.0,0.0,0.5,False
VDR-12982,HOST,0,NONE,0.0,0.0,1.0,0.0,0.3,0.5,False
ws-11194,HOST,0,NONE,0.0,0.0,0.0,0.0,0.0,0.5,False
LPT-10186.,HOST,0,NONE,0.0,0.0,0.0,0.0,0.0,0.5,False
VDR-11091,HOST,1,ENDPOINT,0.0,1.0,4.0,0.0,1.6,0.65,False
VDR-12075,HOST,0,NONE,0.0,1.0,0.0,0.0,0.4,0.5,False
lpt-12268,HOST,0,NONE,0.0,2.0,0.0,0.0,0.8,0.5,False
VDR-10293,HOST,0,NONE,0.0,1.0,2.0,0.0,1.0,0.5,False
LPT-10963.,HOST,0,NONE,0.0,0.0,0.0,0.0,0.0,0.5,False
VDR_12498,HOST,0,NONE,0.0,0.0,0.0,0.0,0.0,0.5,False
vdr-12403,HOST,0,NONE,0.0,0.0,0.0,0.0,0.0,0.5,False
LPT-10227,HOST,0,NONE,0.0,2.0,2.0,0.0,1.4,0.5,False
LPT_12575,HOST,0,NONE,0.0,0.0,0.0,0.0,0.0,0.5,False
WS_11502,HOST,0,NONE,0.0,0.0,0.0,0.0,0.0,0.5,False
ws-10470,HOST,0,NONE,0.0,0.0,0.0,0.0,0.0,0.5,False
LPT-12662.corp.local,HOST,0,NONE,0.0,1.0,0.0,0.0,0.4,0.5,False
ws-11795,HOST,0,NONE,0.0,0.0,0.0,0.0,0.0,0.5,False
VDR-12276,HOST,0,NONE,0.0,1.0,1.0,0.0,0.7,0.5,False
VDR-10033,HOST,0,NONE,0.0,1.0,0.0,0.0,0.4,0.5,False
vdr-12281,HOST,0,NONE,0.0,0.0,0.0,0.0,0.0,0.5,False
vdr-10684,HOST,0,NONE,0.0,0.0,0.0,0.0,0.0,0.5,False
ws-11120,HOST,0,NONE,0.0,0.0,0.0,0.0,0.0,0.5,False
LPT-10705.,HOST,0,NONE,0.0,0.0,0.0,0.0,0.0,0.5,False
WS-12449.,HOST,0,NONE,0.0,0.0,0.0,0.0,0.0,0.5,False
VDR-10465,HOST,0,NONE,0.0,2.0,1.0,0.0,1.1,0.5,False
WS-10809.corp.local,HOST,0,NONE,0.0,1.0,0.0,0.0,0.4,0.5,False
WS-11856,HOST,0,NONE,0.0,0.0,1.0,0.0,0.3,0.5,False
WS-11776,HOST,1,ENDPOINT,0.0,2.0,3.0,0.0,1.7,0.65,False
LPT-10738,HOST,1,FIREWALL_DENY,0.0,3.0,2.0,0.0,1.8,0.65,False
LPT_12578,HOST,0,NONE,0.0,0.0,0.0,0.0,0.0,0.5,False
LPT-11187,HOST,0,NONE,0.0,1.0,0.0,0.0,0.4,0.5,False
lpt-12305,HOST,0,NONE,0.0,1.0,0.0,0.0,0.4,0.5,False
VDR-10816,HOST,1,ENDPOINT,0.0,2.0,3.0,0.0,1.7,0.65,False
VDR-11268.corp.local,HOST,0,NONE,0.0,0.0,0.0,0.0,0.0,0.5,False
lpt-12503,HOST,0,NONE,0.0,0.0,0.0,0.0,0.0,0.5,False
WS-11502.corp.local,HOST,0,NONE,0.0,0.0,0.0,0.0,0.0,0.5,False
VDR-11344,HOST,0,NONE,0.0,2.0,2.0,0.0,1.4,0.5,False
ws-11724,HOST,0,NONE,0.0,0.0,0.0,0.0,0.0,0.5,False
WS-12669,HOST,2,FIREWALL_DENY|ENDPOINT,0.0,4.0,3.0,0.0,2.5,0.8,True
WS-12166.,HOST,0,NONE,0.0,0.0,0.0,0.0,0.0,0.5,False
VDR-10388,HOST,0,NONE,0.0,2.0,1.0,0.0,1.1,0.5,False
vdr-10501,HOST,0,NONE,0.0,1.0,0.0,0.0,0.4,0.5,False
WS-11915.corp.local,HOST,0,NONE,0.0,0.0,0.0,0.0,0.0,0.5,False
VDR-11421,HOST,1,ENDPOINT,0.0,2.0,4.0,0.0,2.0,0.65,False
vdr-11318,HOST,0,NONE,0.0,1.0,0.0,0.0,0.4,0.5,False
VDR-12005.corp.local,HOST,0,NONE,0.0,1.0,0.0,0.0,0.4,0.5,False
ws-12433,HOST,0,NONE,0.0,1.0,0.0,0.0,0.4,0.5,False
WS-11563.corp.local,HOST,0,NONE,0.0,0.0,0.0,0.0,0.0,0.5,False
WS-10151,HOST,0,NONE,0.0,1.0,2.0,0.0,1.0,0.5,False
VDR_12484,HOST,0,NONE,0.0,1.0,0.0,0.0,0.4,0.5,False
LPT-10894.corp.local,HOST,0,NONE,0.0,1.0,0.0,0.0,0.4,0.5,False
lpt-12864,HOST,0,NONE,0.0,0.0,0.0,0.0,0.0,0.5,False
WS_10039,HOST,0,NONE,0.0,0.0,0.0,0.0,0.0,0.5,False
WS-10534.corp.local,HOST,0,NONE,0.0,0.0,0.0,0.0,0.0,0.5,False
ws-12901,HOST,0,NONE,0.0,1.0,0.0,0.0,0.4,0.5,False
ws-11192,HOST,0,NONE,0.0,0.0,0.0,0.0,0.0,0.5,False
lpt-12990,HOST,0,NONE,0.0,0.0,0.0,0.0,0.0,0.5,False
lpt-10670,HOST,0,NONE,0.0,0.0,0.0,0.0,0.0,0.5,False
VDR-11068,HOST,0,NONE,0.0,1.0,2.0,0.0,1.0,0.5,False
VDR-11328.corp.local,HOST,0,NONE,0.0,0.0,0.0,0.0,0.0,0.5,False
WS-11923,HOST,1,ENDPOINT,0.0,0.0,6.0,0.0,1.8,0.65,False
LPT-12575,HOST,0,NONE,0.0,0.0,1.0,0.0,0.3,0.5,False
WS_11286,HOST,0,NONE,0.0,0.0,0.0,0.0,0.0,0.5,False
VDR-11455.corp.local,HOST,0,NONE,0.0,0.0,0.0,0.0,0.0,0.5,False
vdr-11618,HOST,0,NONE,0.0,1.0,0.0,0.0,0.4,0.5,False
WS_12368,HOST,0,NONE,0.0,1.0,0.0,0.0,0.4,0.5,False
LPT-12649,HOST,1,FIREWALL_DENY,0.0,3.0,2.0,0.0,1.8,0.65,False
vdr-10481,HOST,0,NONE,0.0,1.0,0.0,0.0,0.4,0.5,False
ws-10694,HOST,0,NONE,0.0,0.0,0.0,0.0,0.0,0.5,False
VDR-12841,HOST,1,FIREWALL_DENY,0.0,3.0,1.0,0.0,1.5,0.65,False
WS-12340,HOST,0,NONE,0.0,0.0,2.0,0.0,0.6,0.5,False
WS-10023.corp.local,HOST,0,NONE,0.0,2.0,0.0,0.0,0.8,0.5,False
VDR-11213.corp.local,HOST,0,NONE,0.0,0.0,0.0,0.0,0.0,0.5,False
LPT-12229.corp.local,HOST,0,NONE,0.0,1.0,0.0,0.0,0.4,0.5,False
lpt-12636,HOST,0,NONE,0.0,0.0,0.0,0.0,0.0,0.5,False
WS-10844,HOST,0,NONE,0.0,0.0,2.0,0.0,0.6,0.5,False
LPT_10418,HOST,0,NONE,0.0,0.0,0.0,0.0,0.0,0.5,False
VDR-11217,HOST,0,NONE,0.0,2.0,2.0,0.0,1.4,0.5,False
VDR_10164,HOST,0,NONE,0.0,0.0,0.0,0.0,0.0,0.5,False
lpt-10646,HOST,0,NONE,0.0,1.0,0.0,0.0,0.4,0.5,False
LPT-11031,HOST,1,FIREWALL_DENY,0.0,4.0,1.0,0.0,1.9,0.65,False
VDR-10869.corp.local,HOST,0,NONE,0.0,0.0,0.0,0.0,0.0,0.5,False
WS-10407,HOST,1,ENDPOINT,0.0,2.0,3.0,0.0,1.7,0.65,False
VDR-11351.corp.local,HOST,0,NONE,0.0,0.0,0.0,0.0,0.0,0.5,False
lpt-10347,HOST,0,NONE,0.0,0.0,0.0,0.0,0.0,0.5,False
lpt-10858,HOST,0,NONE,0.0,0.0,0.0,0.0,0.0,0.5,False
LPT-12508.corp.local,HOST,0,NONE,0.0,1.0,0.0,0.0,0.4,0.5,False
WS_12992,HOST,0,NONE,0.0,1.0,0.0,0.0,0.4,0.5,False
WS-12219,HOST,2,FIREWALL_DENY|ENDPOINT,0.0,3.0,5.0,0.0,2.7,0.8,True
LPT-10290.,HOST,0,NONE,0.0,0.0,0.0,0.0,0.0,0.5,False
WS-12213,HOST,1,ENDPOINT,0.0,0.0,4.0,0.0,1.2,0.65,False
VDR-11531,HOST,0,NONE,0.0,2.0,2.0,0.0,1.4,0.5,False
VDR_12017,HOST,0,NONE,0.0,0.0,0.0,0.0,0.0,0.5,False
ws-11141,HOST,0,NONE,0.0,0.0,0.0,0.0,0.0,0.5,False
VDR-12212,HOST,1,FIREWALL_DENY,0.0,4.0,1.0,0.0,1.9,0.65,False
WS-12262,HOST,0,NONE,0.0,0.0,1.0,0.0,0.3,0.5,False
LPT-12421.corp.local,HOST,0,NONE,0.0,0.0,0.0,0.0,0.0,0.5,False
ws-10591,HOST,0,NONE,0.0,1.0,0.0,0.0,0.4,0.5,False
WS_12711,HOST,0,NONE,0.0,0.0,0.0,0.0,0.0,0.5,False
WS-12996.corp.local,HOST,0,NONE,0.0,1.0,0.0,0.0,0.4,0.5,False
WS-10641,HOST,1,ENDPOINT,0.0,2.0,4.0,0.0,2.0,0.65,False
vdr-11600,HOST,0,NONE,0.0,0.0,0.0,0.0,0.0,0.5,False
LPT_12780,HOST,0,NONE,0.0,0.0,0.0,0.0,0.0,0.5,False
VDR_10902,HOST,0,NONE,0.0,0.0,0.0,0.0,0.0,0.5,False
ws-12232,HOST,0,NONE,0.0,0.0,0.0,0.0,0.0,0.5,False
VDR-11720,HOST,1,FIREWALL_DENY,0.0,3.0,2.0,0.0,1.8,0.65,False
vdr-12696,HOST,0,NONE,0.0,0.0,0.0,0.0,0.0,0.5,False
lpt-11031,HOST,0,NONE,0.0,0.0,0.0,0.0,0.0,0.5,False
LPT-12867,HOST,0,NONE,0.0,1.0,0.0,0.0,0.4,0.5,False
ws-12256,HOST,0,NONE,0.0,0.0,0.0,0.0,0.0,0.5,False
LPT-11028.corp.local,HOST,0,NONE,0.0,0.0,0.0,0.0,0.0,0.5,False
VDR-11136.corp.local,HOST,0,NONE,0.0,0.0,0.0,0.0,0.0,0.5,False
LPT_12937,HOST,0,NONE,0.0,0.0,0.0,0.0,0.0,0.5,False
VDR-10519,HOST,1,ENDPOINT,0.0,2.0,3.0,0.0,1.7,0.65,False
VDR-12090.corp.local,HOST,0,NONE,0.0,1.0,0.0,0.0,0.4,0.5,False
VDR-10495.corp.local,HOST,0,NONE,0.0,1.0,0.0,0.0,0.4,0.5,False
VDR_11426,HOST,0,NONE,0.0,1.0,0.0,0.0,0.4,0.5,False
WS-12454.corp.local,HOST,0,NONE,0.0,0.0,0.0,0.0,0.0,0.5,False
vdr-10790,HOST,0,NONE,0.0,1.0,0.0,0.0,0.4,0.5,False
LPT-10741,HOST,1,ENDPOINT,0.0,2.0,4.0,0.0,2.0,0.65,False
lpt-10087,HOST,0,NONE,0.0,0.0,0.0,0.0,0.0,0.5,False
VDR-10623.,HOST,0,NONE,0.0,0.0,0.0,0.0,0.0,0.5,False
ws-10938,HOST,0,NONE,0.0,0.0,0.0,0.0,0.0,0.5,False
WS-12164,HOST,1,ENDPOINT,0.0,0.0,7.0,0.0,2.1,0.65,False
VDR-11599,HOST,1,ENDPOINT,0.0,0.0,6.0,0.0,1.8,0.65,False
LPT-10655,HOST,1,ENDPOINT,0.0,2.0,4.0,0.0,2.0,0.65,False
lpt-10054,HOST,0,NONE,0.0,0.0,0.0,0.0,0.0,0.5,False
WS-11785,HOST,0,NONE,0.0,1.0,1.0,0.0,0.7,0.5,False
vdr-10644,HOST,0,NONE,0.0,0.0,0.0,0.0,0.0,0.5,False
WS-10868.,HOST,0,NONE,0.0,0.0,0.0,0.0,0.0,0.5,False
WS-12881,HOST,0,NONE,0.0,0.0,1.0,0.0,0.3,0.5,False
LPT-12211.,HOST,0,NONE,0.0,0.0,0.0,0.0,0.0,0.5,False
VDR-11600.corp.local,HOST,0,NONE,0.0,0.0,0.0,0.0,0.0,0.5,False
WS_10874,HOST,0,NONE,0.0,0.0,0.0,0.0,0.0,0.5,False
LPT_10122,HOST,0,NONE,0.0,0.0,0.0,0.0,0.0,0.5,False
WS-12264,HOST,0,NONE,0.0,1.0,1.0,0.0,0.7,0.5,False
lpt-12416,HOST,0,NONE,0.0,1.0,0.0,0.0,0.4,0.5,False
ws-10048,HOST,0,NONE,0.0,0.0,0.0,0.0,0.0,0.5,False
LPT-11945,HOST,1,ENDPOINT,0.0,2.0,7.0,0.0,2.9,0.65,False
VDR-12140,HOST,1,ENDPOINT,0.0,0.0,4.0,0.0,1.2,0.65,False
LPT-10459.corp.local,HOST,0,NONE,0.0,0.0,0.0,0.0,0.0,0.5,False
WS_12682,HOST,0,NONE,0.0,1.0,0.0,0.0,0.4,0.5,False
VDR-10346,HOST,1,ENDPOINT,0.0,0.0,3.0,0.0,0.9,0.65,False
VDR-11201.corp.local,HOST,0,NONE,0.0,1.0,0.0,0.0,0.4,0.5,False
WS-12345,HOST,1,ENDPOINT,0.0,1.0,5.0,0.0,1.9,0.65,False
WS-10884,HOST,0,NONE,0.0,0.0,1.0,0.0,0.3,0.5,False
ws-11245,HOST,0,NONE,0.0,0.0,0.0,0.0,0.0,0.5,False
VDR_10501,HOST,0,NONE,0.0,0.0,0.0,0.0,0.0,0.5,False
LPT-11040.,HOST,0,NONE,0.0,0.0,0.0,0.0,0.0,0.5,False
vdr-10161,HOST,0,NONE,0.0,0.0,0.0,0.0,0.0,0.5,False
VDR_10042,HOST,0,NONE,0.0,1.0,0.0,0.0,0.4,0.5,False
VDR_11935,HOST,0,NONE,0.0,0.0,0.0,0.0,0.0,0.5,False
WS-11064,HOST,0,NONE,0.0,1.0,1.0,0.0,0.7,0.5,False
WS-10284.corp.local,HOST,0,NONE,0.0,0.0,0.0,0.0,0.0,0.5,False
lpt-11880,HOST,0,NONE,0.0,0.0,0.0,0.0,0.0,0.5,False
vdr-11389,HOST,0,NONE,0.0,0.0,0.0,0.0,0.0,0.5,False
WS_12511,HOST,0,NONE,0.0,0.0,0.0,0.0,0.0,0.5,False
WS-12514,HOST,1,ENDPOINT,0.0,2.0,3.0,0.0,1.7,0.65,False
LPT_12998,HOST,0,NONE,0.0,0.0,0.0,0.0,0.0,0.5,False
lpt-11484,HOST,0,NONE,0.0,0.0,0.0,0.0,0.0,0.5,False
vdr-10024,HOST,0,NONE,0.0,1.0,0.0,0.0,0.4,0.5,False
lpt-11017,HOST,0,NONE,0.0,0.0,0.0,0.0,0.0,0.5,False
WS-11089,HOST,0,NONE,0.0,2.0,1.0,0.0,1.1,0.5,False
VDR-12513.,HOST,0,NONE,0.0,0.0,0.0,0.0,0.0,0.5,False
LPT_10741,HOST,0,NONE,0.0,0.0,0.0,0.0,0.0,0.5,False
WS-11317.corp.local,HOST,0,NONE,0.0,0.0,0.0,0.0,0.0,0.5,False
ws-12941,HOST,0,NONE,0.0,1.0,0.0,0.0,0.4,0.5,False
vdr-11510,HOST,0,NONE,0.0,0.0,0.0,0.0,0.0,0.5,False
vdr-10444,HOST,0,NONE,0.0,1.0,0.0,0.0,0.4,0.5,False
VDR-12949.corp.local,HOST,0,NONE,0.0,0.0,0.0,0.0,0.0,0.5,False
VDR-10260.corp.local,HOST,0,NONE,0.0,1.0,0.0,0.0,0.4,0.5,False
lpt-12045,HOST,0,NONE,0.0,0.0,0.0,0.0,0.0,0.5,False
WS-11898,HOST,1,FIREWALL_DENY,0.0,3.0,1.0,0.0,1.5,0.65,False
VDR-10666,HOST,2,FIREWALL_DENY|ENDPOINT,0.0,3.0,3.0,0.0,2.1,0.8,True
ws-12496,HOST,0,NONE,0.0,1.0,0.0,0.0,0.4,0.5,False
LPT_12783,HOST,0,NONE,0.0,0.0,0.0,0.0,0.0,0.5,False
ws-10809,HOST,0,NONE,0.0,0.0,0.0,0.0,0.0,0.5,False
LPT-12708.,HOST,0,NONE,0.0,0.0,0.0,0.0,0.0,0.5,False
LPT-12648,HOST,1,ENDPOINT,0.0,2.0,3.0,0.0,1.7,0.65,False
LPT_12689,HOST,0,NONE,0.0,0.0,0.0,0.0,0.0,0.5,False
WS-12469,HOST,0,NONE,0.0,0.0,1.0,0.0,0.3,0.5,False
lpt-11693,HOST,0,NONE,0.0,0.0,0.0,0.0,0.0,0.5,False
WS-11269,HOST,2,FIREWALL_DENY|ENDPOINT,0.0,3.0,3.0,0.0,2.1,0.8,True
vdr-12091,HOST,0,NONE,0.0,0.0,0.0,0.0,0.0,0.5,False
lpt-11716,HOST,0,NONE,0.0,1.0,0.0,0.0,0.4,0.5,False
VDR_12959,HOST,0,NONE,0.0,0.0,0.0,0.0,0.0,0.5,False
lpt-11180,HOST,0,NONE,0.0,0.0,0.0,0.0,0.0,0.5,False
lpt-12109,HOST,0,NONE,0.0,0.0,0.0,0.0,0.0,0.5,False
VDR-12493,HOST,1,FIREWALL_DENY,0.0,3.0,1.0,0.0,1.5,0.65,False
WS-11160,HOST,1,FIREWALL_DENY,0.0,5.0,0.0,0.0,2.0,0.65,False
WS-12112,HOST,1,FIREWALL_DENY,0.0,3.0,2.0,0.0,1.8,0.65,False
VDR_12513,HOST,0,NONE,0.0,0.0,0.0,0.0,0.0,0.5,False
LPT_11904,HOST,0,NONE,0.0,0.0,0.0,0.0,0.0,0.5,False
WS-12418,HOST,1,FIREWALL_DENY,0.0,4.0,2.0,0.0,2.2,0.65,False
vdr-11838,HOST,0,NONE,0.0,1.0,0.0,0.0,0.4,0.5,False
VDR-10386,HOST,0,NONE,0.0,0.0,2.0,0.0,0.6,0.5,False
LPT-11668,HOST,2,FIREWALL_DENY|ENDPOINT,0.0,4.0,3.0,0.0,2.5,0.8,True
WS-11633.corp.local,HOST,0,NONE,0.0,0.0,0.0,0.0,0.0,0.5,False
WS-11108,HOST,1,FIREWALL_DENY,0.0,3.0,2.0,0.0,1.8,0.65,False
LPT-12347.,HOST,0,NONE,0.0,0.0,0.0,0.0,0.0,0.5,False
WS-10873,HOST,1,ENDPOINT,0.0,2.0,3.0,0.0,1.7,0.65,False
lpt-10459,HOST,0,NONE,0.0,1.0,0.0,0.0,0.4,0.5,False
LPT-10862,HOST,0,NONE,0.0,0.0,2.0,0.0,0.6,0.5,False
VDR_11117,HOST,0,NONE,0.0,0.0,0.0,0.0,0.0,0.5,False
VDR-11566,HOST,1,ENDPOINT,0.0,0.0,4.0,0.0,1.2,0.65,False
LPT-10112,HOST,1,ENDPOINT,0.0,1.0,6.0,0.0,2.2,0.65,False
VDR-12458,HOST,0,NONE,0.0,1.0,2.0,0.0,1.0,0.5,False
LPT-11955,HOST,1,ENDPOINT,0.0,1.0,5.0,0.0,1.9,0.65,False
WS-10803,HOST,0,NONE,0.0,0.0,0.0,0.0,0.0,0.5,False
LPT-12061.corp.local,HOST,0,NONE,0.0,0.0,0.0,0.0,0.0,0.5,False
LPT_12807,HOST,0,NONE,0.0,0.0,0.0,0.0,0.0,0.5,False
lpt-12852,HOST,0,NONE,0.0,0.0,0.0,0.0,0.0,0.5,False
VDR-12198,HOST,0,NONE,0.0,2.0,1.0,0.0,1.1,0.5,False
WS-12713.corp.local,HOST,0,NONE,0.0,0.0,0.0,0.0,0.0,0.5,False
WS_10004,HOST,0,NONE,0.0,1.0,0.0,0.0,0.4,0.5,False
VDR-10017.corp.local,HOST,0,NONE,0.0,1.0,0.0,0.0,0.4,0.5,False
WS-10991,HOST,0,NONE,0.0,1.0,2.0,0.0,1.0,0.5,False
vdr-12353,HOST,0,NONE,0.0,1.0,0.0,0.0,0.4,0.5,False
WS-11876,HOST,1,ENDPOINT,0.0,0.0,4.0,0.0,1.2,0.65,False
WS_12093,HOST,0,NONE,0.0,1.0,0.0,0.0,0.4,0.5,False
LPT-12921.corp.local,HOST,0,NONE,0.0,0.0,0.0,0.0,0.0,0.5,False
VDR-12483.corp.local,HOST,0,NONE,0.0,0.0,0.0,0.0,0.0,0.5,False
VDR-10462.corp.local,HOST,0,NONE,0.0,1.0,0.0,0.0,0.4,0.5,False
WS-12555,HOST,1,ENDPOINT,0.0,2.0,3.0,0.0,1.7,0.65,False
WS_12660,HOST,0,NONE,0.0,0.0,0.0,0.0,0.0,0.5,False
WS_12868,HOST,0,NONE,0.0,0.0,0.0,0.0,0.0,0.5,False
ws-12295,HOST,0,NONE,0.0,1.0,0.0,0.0,0.4,0.5,False
VDR-11660.,HOST,0,NONE,0.0,0.0,0.0,0.0,0.0,0.5,False
LPT-10639,HOST,1,ENDPOINT,0.0,1.0,3.0,0.0,1.3,0.65,False
WS-10232,HOST,0,NONE,0.0,2.0,0.0,0.0,0.8,0.5,False
WS_12571,HOST,0,NONE,0.0,0.0,0.0,0.0,0.0,0.5,False
vdr-11556,HOST,0,NONE,0.0,0.0,0.0,0.0,0.0,0.5,False
WS-11529,HOST,0,NONE,0.0,0.0,1.0,0.0,0.3,0.5,False
ws-10074,HOST,0,NONE,0.0,1.0,0.0,0.0,0.4,0.5,False
vdr-11121,HOST,0,NONE,0.0,0.0,0.0,0.0,0.0,0.5,False
lpt-10030,HOST,0,NONE,0.0,1.0,0.0,0.0,0.4,0.5,False
VDR-12557,HOST,0,NONE,0.0,2.0,2.0,0.0,1.4,0.5,False
vdr-10255,HOST,0,NONE,0.0,0.0,0.0,0.0,0.0,0.5,False
VDR-12328,HOST,0,NONE,0.0,0.0,1.0,0.0,0.3,0.5,False
VDR-11773,HOST,0,NONE,0.0,2.0,0.0,0.0,0.8,0.5,False
LPT-11716,HOST,1,ENDPOINT,0.0,1.0,3.0,0.0,1.3,0.65,False
LPT-11086.corp.local,HOST,0,NONE,0.0,1.0,0.0,0.0,0.4,0.5,False
LPT-11125.corp.local,HOST,0,NONE,0.0,0.0,0.0,0.0,0.0,0.5,False
LPT-10075,HOST,1,ENDPOINT,0.0,2.0,3.0,0.0,1.7,0.65,False
LPT_11574,HOST,0,NONE,0.0,0.0,0.0,0.0,0.0,0.5,False
WS-10933.corp.local,HOST,0,NONE,0.0,0.0,0.0,0.0,0.0,0.5,False
WS-11540,HOST,1,ENDPOINT,0.0,0.0,4.0,0.0,1.2,0.65,False
VDR-10662,HOST,1,ENDPOINT,0.0,1.0,6.0,0.0,2.2,0.65,False
vdr-10966,HOST,0,NONE,0.0,1.0,0.0,0.0,0.4,0.5,False
VDR_11982,HOST,0,NONE,0.0,1.0,0.0,0.0,0.4,0.5,False
lpt-11254,HOST,0,NONE,0.0,1.0,0.0,0.0,0.4,0.5,False
VDR_11532,HOST,0,NONE,0.0,2.0,0.0,0.0,0.8,0.5,False
LPT-10691,HOST,0,NONE,0.0,1.0,2.0,0.0,1.0,0.5,False
LPT-10223,HOST,1,ENDPOINT,0.0,1.0,4.0,0.0,1.6,0.65,False
VDR-10108,HOST,1,FIREWALL_DENY,0.0,4.0,2.0,0.0,2.2,0.65,False
VDR-11544.,HOST,0,NONE,0.0,0.0,0.0,0.0,0.0,0.5,False
WS-12833.corp.local,HOST,0,NONE,0.0,0.0,0.0,0.0,0.0,0.5,False
lpt-10909,HOST,0,NONE,0.0,0.0,0.0,0.0,0.0,0.5,False
VDR-11189,HOST,0,NONE,0.0,1.0,0.0,0.0,0.4,0.5,False
WS-10915,HOST,0,NONE,0.0,0.0,1.0,0.0,0.3,0.5,False
lpt-10289,HOST,0,NONE,0.0,0.0,0.0,0.0,0.0,0.5,False
ws-10419,HOST,0,NONE,0.0,1.0,0.0,0.0,0.4,0.5,False
LPT-11900.corp.local,HOST,0,NONE,0.0,0.0,0.0,0.0,0.0,0.5,False
LPT_12843,HOST,0,NONE,0.0,1.0,0.0,0.0,0.4,0.5,False
LPT-10067,HOST,0,NONE,0.0,0.0,2.0,0.0,0.6,0.5,False
VDR-12479.corp.local,HOST,0,NONE,0.0,0.0,0.0,0.0,0.0,0.5,False
ws-11696,HOST,0,NONE,0.0,0.0,0.0,0.0,0.0,0.5,False
WS-11447,HOST,1,ENDPOINT,0.0,0.0,3.0,0.0,0.9,0.65,False
WS_10242,HOST,0,NONE,0.0,0.0,0.0,0.0,0.0,0.5,False
vdr-10585,HOST,0,NONE,0.0,1.0,0.0,0.0,0.4,0.5,False
WS-12545,HOST,0,NONE,0.0,1.0,1.0,0.0,0.7,0.5,False
LPT-10094,HOST,1,ENDPOINT,0.0,1.0,4.0,0.0,1.6,0.65,False
VDR-11549,HOST,2,FIREWALL_DENY|ENDPOINT,0.0,3.0,4.0,0.0,2.4,0.8,True
WS-11462,HOST,1,ENDPOINT,0.0,2.0,4.0,0.0,2.0,0.65,False
VDR-12332,HOST,1,ENDPOINT,0.0,1.0,3.0,0.0,1.3,0.65,False
VDR-10361,HOST,0,NONE,0.0,2.0,1.0,0.0,1.1,0.5,False
WS-10683.,HOST,0,NONE,0.0,0.0,0.0,0.0,0.0,0.5,False
LPT-11607.corp.local,HOST,0,NONE,0.0,0.0,0.0,0.0,0.0,0.5,False
VDR-10152,HOST,0,NONE,0.0,1.0,1.0,0.0,0.7,0.5,False
LPT_10541,HOST,0,NONE,0.0,0.0,0.0,0.0,0.0,0.5,False
VDR-11588.corp.local,HOST,0,NONE,0.0,0.0,0.0,0.0,0.0,0.5,False
LPT-12265,HOST,0,NONE,0.0,0.0,1.0,0.0,0.3,0.5,False
WS-12686,HOST,1,ENDPOINT,0.0,1.0,5.0,0.0,1.9,0.65,False
VDR_11066,HOST,0,NONE,0.0,0.0,0.0,0.0,0.0,0.5,False
LPT-11488.corp.local,HOST,0,NONE,0.0,2.0,0.0,0.0,0.8,0.5,False
LPT-11428,HOST,0,NONE,0.0,1.0,2.0,0.0,1.0,0.5,False
ws-10228,HOST,0,NONE,0.0,0.0,0.0,0.0,0.0,0.5,False
ws-10213,HOST,0,NONE,0.0,0.0,0.0,0.0,0.0,0.5,False
VDR-11003.corp.local,HOST,0,NONE,0.0,0.0,0.0,0.0,0.0,0.5,False
vdr-11210,HOST,0,NONE,0.0,0.0,0.0,0.0,0.0,0.5,False
lpt-11554,HOST,0,NONE,0.0,0.0,0.0,0.0,0.0,0.5,False
LPT-10106.corp.local,HOST,0,NONE,0.0,0.0,0.0,0.0,0.0,0.5,False
VDR-10118.corp.local,HOST,0,NONE,0.0,0.0,0.0,0.0,0.0,0.5,False
VDR-10077.corp.local,HOST,0,NONE,0.0,2.0,0.0,0.0,0.8,0.5,False
WS_11750,HOST,0,NONE,0.0,1.0,0.0,0.0,0.4,0.5,False
lpt-11173,HOST,0,NONE,0.0,0.0,0.0,0.0,0.0,0.5,False
WS-10385.corp.local,HOST,0,NONE,0.0,0.0,0.0,0.0,0.0,0.5,False
WS-10604,HOST,2,FIREWALL_DENY|ENDPOINT,0.0,3.0,3.0,0.0,2.1,0.8,True
WS_11243,HOST,0,NONE,0.0,0.0,0.0,0.0,0.0,0.5,False
VDR_10857,HOST,0,NONE,0.0,0.0,0.0,0.0,0.0,0.5,False
ws-11540,HOST,0,NONE,0.0,0.0,0.0,0.0,0.0,0.5,False
LPT_12100,HOST,0,NONE,0.0,0.0,0.0,0.0,0.0,0.5,False
LPT-10037,HOST,0,NONE,0.0,0.0,1.0,0.0,0.3,0.5,False
ws-12914,HOST,0,NONE,0.0,0.0,0.0,0.0,0.0,0.5,False
lpt-11208,HOST,0,NONE,0.0,1.0,0.0,0.0,0.4,0.5,False
VDR-12237,HOST,2,FIREWALL_DENY|ENDPOINT,0.0,3.0,3.0,0.0,2.1,0.8,True
lpt-11425,HOST,0,NONE,0.0,2.0,0.0,0.0,0.8,0.5,False
VDR_12160,HOST,0,NONE,0.0,0.0,0.0,0.0,0.0,0.5,False
LPT_10398,HOST,0,NONE,0.0,0.0,0.0,0.0,0.0,0.5,False
LPT_11664,HOST,0,NONE,0.0,0.0,0.0,0.0,0.0,0.5,False
VDR-11265,HOST,2,FIREWALL_DENY|ENDPOINT,0.0,5.0,4.0,0.0,3.2,0.8,True
LPT-12815.,HOST,0,NONE,0.0,0.0,0.0,0.0,0.0,0.5,False
VDR-12121,HOST,1,ENDPOINT,0.0,2.0,3.0,0.0,1.7,0.65,False
LPT-10169,HOST,2,FIREWALL_DENY|ENDPOINT,0.0,3.0,3.0,0.0,2.1,0.8,True
vdr-12057,HOST,0,NONE,0.0,0.0,0.0,0.0,0.0,0.5,False
LPT-11478,HOST,1,FIREWALL_DENY,0.0,4.0,1.0,0.0,1.9,0.65,False
WS-10027,HOST,1,ENDPOINT,0.0,1.0,5.0,0.0,1.9,0.65,False
LPT-10377,HOST,1,FIREWALL_DENY,0.0,3.0,0.0,0.0,1.2,0.65,False
VDR-10843.corp.local,HOST,0,NONE,0.0,0.0,0.0,0.0,0.0,0.5,False
LPT_10215,HOST,0,NONE,0.0,0.0,0.0,0.0,0.0,0.5,False
vdr-10282,HOST,0,NONE,0.0,1.0,0.0,0.0,0.4,0.5,False
VDR-10966,HOST,1,ENDPOINT,0.0,2.0,3.0,0.0,1.7,0.65,False
LPT-11244.corp.local,HOST,0,NONE,0.0,0.0,0.0,0.0,0.0,0.5,False
ws-10334,HOST,0,NONE,0.0,0.0,0.0,0.0,0.0,0.5,False
LPT-11784,HOST,1,ENDPOINT,0.0,1.0,3.0,0.0,1.3,0.65,False
VDR-11872.,HOST,0,NONE,0.0,0.0,0.0,0.0,0.0,0.5,False
WS_10784,HOST,0,NONE,0.0,0.0,0.0,0.0,0.0,0.5,False
VDR-11610.,HOST,0,NONE,0.0,0.0,0.0,0.0,0.0,0.5,False
LPT-10742.,HOST,0,NONE,0.0,0.0,0.0,0.0,0.0,0.5,False
VDR-10206,HOST,0,NONE,0.0,1.0,2.0,0.0,1.0,0.5,False
LPT-10782,HOST,0,NONE,0.0,1.0,1.0,0.0,0.7,0.5,False
vdr-11147,HOST,0,NONE,0.0,1.0,0.0,0.0,0.4,0.5,False
ws-10367,HOST,0,NONE,0.0,0.0,0.0,0.0,0.0,0.5,False
ws-10090,HOST,0,NONE,0.0,0.0,0.0,0.0,0.0,0.5,False
VDR-11144.,HOST,0,NONE,0.0,0.0,0.0,0.0,0.0,0.5,False
vdr-11130,HOST,0,NONE,0.0,0.0,0.0,0.0,0.0,0.5,False
LPT-11191.corp.local,HOST,0,NONE,0.0,0.0,0.0,0.0,0.0,0.5,False
vdr-12270,HOST,0,NONE,0.0,0.0,0.0,0.0,0.0,0.5,False
WS_10695,HOST,0,NONE,0.0,0.0,0.0,0.0,0.0,0.5,False
LPT-12109.corp.local,HOST,0,NONE,0.0,1.0,0.0,0.0,0.4,0.5,False
WS-11856.corp.local,HOST,0,NONE,0.0,0.0,0.0,0.0,0.0,0.5,False
WS-11336.corp.local,HOST,0,NONE,0.0,0.0,0.0,0.0,0.0,0.5,False
VDR_11167,HOST,0,NONE,0.0,0.0,0.0,0.0,0.0,0.5,False
LPT-10262.corp.local,HOST,0,NONE,0.0,1.0,0.0,0.0,0.4,0.5,False
ws-11651,HOST,0,NONE,0.0,0.0,0.0,0.0,0.0,0.5,False
VDR-11578,HOST,1,FIREWALL_DENY,0.0,3.0,1.0,0.0,1.5,0.65,False
VDR_10035,HOST,0,NONE,0.0,0.0,0.0,0.0,0.0,0.5,False
VDR-10283,HOST,0,NONE,0.0,2.0,1.0,0.0,1.1,0.5,False
LPT-10547.corp.local,HOST,0,NONE,0.0,0.0,0.0,0.0,0.0,0.5,False
VDR-12820,HOST,1,ENDPOINT,0.0,0.0,3.0,0.0,0.9,0.65,False
VDR-12150.corp.local,HOST,0,NONE,0.0,0.0,0.0,0.0,0.0,0.5,False
WS-10928,HOST,0,NONE,0.0,2.0,2.0,0.0,1.4,0.5,False
lpt-12645,HOST,0,NONE,0.0,0.0,0.0,0.0,0.0,0.5,False
VDR_11312,HOST,0,NONE,0.0,0.0,0.0,0.0,0.0,0.5,False
LPT-10006,HOST,1,ENDPOINT,0.0,1.0,6.0,0.0,2.2,0.65,False
vdr-11189,HOST,0,NONE,0.0,0.0,0.0,0.0,0.0,0.5,False
vdr-11794,HOST,0,NONE,0.0,0.0,0.0,0.0,0.0,0.5,False
lpt-10094,HOST,0,NONE,0.0,0.0,0.0,0.0,0.0,0.5,False
VDR-11684.corp.local,HOST,0,NONE,0.0,0.0,0.0,0.0,0.0,0.5,False
VDR_12483,HOST,0,NONE,0.0,0.0,0.0,0.0,0.0,0.5,False
LPT-10702.,HOST,0,NONE,0.0,0.0,0.0,0.0,0.0,0.5,False
VDR-12129,HOST,1,FIREWALL_DENY,0.0,4.0,2.0,0.0,2.2,0.65,False
WS-11295,HOST,1,ENDPOINT,0.0,0.0,4.0,0.0,1.2,0.65,False
WS-11836,HOST,0,NONE,0.0,0.0,2.0,0.0,0.6,0.5,False
VDR-12647,HOST,1,ENDPOINT,0.0,1.0,3.0,0.0,1.3,0.65,False
ws-12371,HOST,0,NONE,0.0,1.0,0.0,0.0,0.4,0.5,False
WS-12401,HOST,0,NONE,0.0,1.0,1.0,0.0,0.7,0.5,False
LPT-12737.corp.local,HOST,0,NONE,0.0,0.0,0.0,0.0,0.0,0.5,False
VDR-11942,HOST,1,ENDPOINT,0.0,2.0,3.0,0.0,1.7,0.65,False
VDR-10068,HOST,1,ENDPOINT,0.0,2.0,6.0,0.0,2.6,0.65,False
LPT-10395.corp.local,HOST,0,NONE,0.0,0.0,0.0,0.0,0.0,0.5,False
lpt-12658,HOST,0,NONE,0.0,2.0,0.0,0.0,0.8,0.5,False
WS-11795,HOST,0,NONE,0.0,1.0,2.0,0.0,1.0,0.5,False
ws-12872,HOST,0,NONE,0.0,2.0,0.0,0.0,0.8,0.5,False
WS-12931,HOST,1,ENDPOINT,0.0,1.0,3.0,0.0,1.3,0.65,False
WS-11309,HOST,0,NONE,0.0,1.0,0.0,0.0,0.4,0.5,False
VDR-12610,HOST,0,NONE,0.0,0.0,2.0,0.0,0.6,0.5,False
WS-12556,HOST,1,ENDPOINT,0.0,2.0,3.0,0.0,1.7,0.65,False
VDR-10796,HOST,0,NONE,0.0,2.0,1.0,0.0,1.1,0.5,False
WS-10301,HOST,1,ENDPOINT,0.0,1.0,4.0,0.0,1.6,0.65,False
LPT-10452.corp.local,HOST,0,NONE,0.0,0.0,0.0,0.0,0.0,0.5,False
WS-11820,HOST,1,FIREWALL_DENY,0.0,4.0,1.0,0.0,1.9,0.65,False
WS-12715.corp.local,HOST,0,NONE,0.0,0.0,0.0,0.0,0.0,0.5,False
VDR-10684,HOST,0,NONE,0.0,1.0,2.0,0.0,1.0,0.5,False
WS_12267,HOST,0,NONE,0.0,0.0,0.0,0.0,0.0,0.5,False
vdr-12023,HOST,0,NONE,0.0,0.0,0.0,0.0,0.0,0.5,False
LPT_12766,HOST,0,NONE,0.0,1.0,0.0,0.0,0.4,0.5,False
VDR-11494.corp.local,HOST,0,NONE,0.0,0.0,0.0,0.0,0.0,0.5,False
LPT-10107,HOST,1,FIREWALL_DENY,0.0,3.0,0.0,0.0,1.2,0.65,False
ws-12081,HOST,0,NONE,0.0,2.0,0.0,0.0,0.8,0.5,False
WS-10932.corp.local,HOST,0,NONE,0.0,0.0,0.0,0.0,0.0,0.5,False
WS-12849.corp.local,HOST,0,NONE,0.0,2.0,0.0,0.0,0.8,0.5,False
WS-12793.corp.local,HOST,0,NONE,0.0,1.0,0.0,0.0,0.4,0.5,False
WS-12473.corp.local,HOST,0,NONE,0.0,0.0,0.0,0.0,0.0,0.5,False
WS_10794,HOST,0,NONE,0.0,0.0,0.0,0.0,0.0,0.5,False
VDR-10825,HOST,1,ENDPOINT,0.0,1.0,5.0,0.0,1.9,0.65,False
LPT-11109.,HOST,0,NONE,0.0,0.0,0.0,0.0,0.0,0.5,False
lpt-12937,HOST,0,NONE,0.0,0.0,0.0,0.0,0.0,0.5,False
LPT-10333,HOST,1,ENDPOINT,0.0,1.0,7.0,0.0,2.5,0.65,False
ws-10553,HOST,0,NONE,0.0,0.0,0.0,0.0,0.0,0.5,False
LPT_10183,HOST,0,NONE,0.0,1.0,0.0,0.0,0.4,0.5,False
WS-11309.corp.local,HOST,0,NONE,0.0,0.0,0.0,0.0,0.0,0.5,False
WS_12745,HOST,0,NONE,0.0,2.0,0.0,0.0,0.8,0.5,False
WS-12535,HOST,0,NONE,0.0,0.0,2.0,0.0,0.6,0.5,False
LPT-12838,HOST,0,NONE,0.0,2.0,2.0,0.0,1.4,0.5,False
vdr-12452,HOST,0,NONE,0.0,1.0,0.0,0.0,0.4,0.5,False
LPT-10002.corp.local,HOST,0,NONE,0.0,0.0,0.0,0.0,0.0,0.5,False
VDR-12526.corp.local,HOST,0,NONE,0.0,1.0,0.0,0.0,0.4,0.5,False
VDR-10244.,HOST,0,NONE,0.0,0.0,0.0,0.0,0.0,0.5,False
VDR-10209.corp.local,HOST,0,NONE,0.0,1.0,0.0,0.0,0.4,0.5,False
VDR_11206,HOST,0,NONE,0.0,0.0,0.0,0.0,0.0,0.5,False
LPT-12759,HOST,0,NONE,0.0,0.0,1.0,0.0,0.3,0.5,False
LPT_12114,HOST,0,NONE,0.0,0.0,0.0,0.0,0.0,0.5,False
WS-12682.corp.local,HOST,0,NONE,0.0,0.0,0.0,0.0,0.0,0.5,False
VDR-10309,HOST,1,ENDPOINT,0.0,2.0,3.0,0.0,1.7,0.65,False
LPT-11483,HOST,1,ENDPOINT,0.0,2.0,5.0,0.0,2.3,0.65,False
ws-10610,HOST,0,NONE,0.0,0.0,0.0,0.0,0.0,0.5,False
VDR-12452.corp.local,HOST,0,NONE,0.0,0.0,0.0,0.0,0.0,0.5,False
VDR-12897,HOST,1,ENDPOINT,0.0,0.0,3.0,0.0,0.9,0.65,False
LPT-10271,HOST,1,ENDPOINT,0.0,2.0,4.0,0.0,2.0,0.65,False
lpt-12407,HOST,0,NONE,0.0,1.0,0.0,0.0,0.4,0.5,False
VDR-12342,HOST,0,NONE,0.0,1.0,1.0,0.0,0.7,0.5,False
LPT_11593,HOST,0,NONE,0.0,0.0,0.0,0.0,0.0,0.5,False
VDR_11033,HOST,0,NONE,0.0,0.0,0.0,0.0,0.0,0.5,False
ws-10121,HOST,0,NONE,0.0,0.0,0.0,0.0,0.0,0.5,False
VDR-12663,HOST,1,ENDPOINT,0.0,1.0,6.0,0.0,2.2,0.65,False
vdr-10903,HOST,0,NONE,0.0,1.0,0.0,0.0,0.4,0.5,False
LPT-12202.corp.local,HOST,0,NONE,0.0,1.0,0.0,0.0,0.4,0.5,False
LPT-10199,HOST,1,FIREWALL_DENY,0.0,3.0,1.0,0.0,1.5,0.65,False
VDR-11429,HOST,0,NONE,0.0,0.0,1.0,0.0,0.3,0.5,False
LPT-12772,HOST,0,NONE,0.0,1.0,1.0,0.0,0.7,0.5,False
VDR-10123,HOST,0,NONE,0.0,2.0,2.0,0.0,1.4,0.5,False
LPT-12494.corp.local,HOST,0,NONE,0.0,0.0,0.0,0.0,0.0,0.5,False
LPT-11674.corp.local,HOST,0,NONE,0.0,1.0,0.0,0.0,0.4,0.5,False
VDR-12519,HOST,0,NONE,0.0,0.0,2.0,0.0,0.6,0.5,False
LPT-12609,HOST,1,ENDPOINT,0.0,0.0,3.0,0.0,0.9,0.65,False
LPT-11097.corp.local,HOST,0,NONE,0.0,0.0,0.0,0.0,0.0,0.5,False
VDR-12825,HOST,1,FIREWALL_DENY,0.0,3.0,2.0,0.0,1.8,0.65,False
lpt-10323,HOST,0,NONE,0.0,0.0,0.0,0.0,0.0,0.5,False
vdr-12405,HOST,0,NONE,0.0,2.0,0.0,0.0,0.8,0.5,False
VDR-12554,HOST,1,ENDPOINT,0.0,2.0,3.0,0.0,1.7,0.65,False
LPT_12044,HOST,0,NONE,0.0,1.0,0.0,0.0,0.4,0.5,False
lpt-10728,HOST,0,NONE,0.0,0.0,0.0,0.0,0.0,0.5,False
ws-11856,HOST,0,NONE,0.0,0.0,0.0,0.0,0.0,0.5,False
LPT-12135,HOST,1,ENDPOINT,0.0,2.0,5.0,0.0,2.3,0.65,False
vdr-12310,HOST,0,NONE,0.0,1.0,0.0,0.0,0.4,0.5,False
LPT-11561,HOST,0,NONE,0.0,0.0,1.0,0.0,0.3,0.5,False
ws-10946,HOST,0,NONE,0.0,0.0,0.0,0.0,0.0,0.5,False
LPT-10080.corp.local,HOST,0,NONE,0.0,0.0,0.0,0.0,0.0,0.5,False
WS-10784.corp.local,HOST,0,NONE,0.0,0.0,0.0,0.0,0.0,0.5,False
WS-12361,HOST,0,NONE,0.0,1.0,2.0,0.0,1.0,0.5,False
lpt-12532,HOST,0,NONE,0.0,1.0,0.0,0.0,0.4,0.5,False
WS-11381,HOST,2,FIREWALL_DENY|ENDPOINT,0.0,3.0,4.0,0.0,2.4,0.8,True
lpt-12196,HOST,0,NONE,0.0,0.0,0.0,0.0,0.0,0.5,False
vdr-11036,HOST,0,NONE,0.0,1.0,0.0,0.0,0.4,0.5,False
VDR-11579,HOST,1,FIREWALL_DENY,0.0,3.0,1.0,0.0,1.5,0.65,False
vdr-12479,HOST,0,NONE,0.0,0.0,0.0,0.0,0.0,0.5,False
vdr-12709,HOST,0,NONE,0.0,0.0,0.0,0.0,0.0,0.5,False
LPT-12010,HOST,0,NONE,0.0,1.0,0.0,0.0,0.4,0.5,False
WS-11073,HOST,0,NONE,0.0,2.0,0.0,0.0,0.8,0.5,False
lpt-12840,HOST,0,NONE,0.0,0.0,0.0,0.0,0.0,0.5,False
LPT-12239.corp.local,HOST,0,NONE,0.0,1.0,0.0,0.0,0.4,0.5,False
VDR-11188,HOST,1,ENDPOINT,0.0,1.0,4.0,0.0,1.6,0.65,False
LPT-12470,HOST,1,FIREWALL_DENY,0.0,3.0,1.0,0.0,1.5,0.65,False
WS-10512.corp.local,HOST,0,NONE,0.0,1.0,0.0,0.0,0.4,0.5,False
ws-11949,HOST,0,NONE,0.0,0.0,0.0,0.0,0.0,0.5,False
lpt-12766,HOST,0,NONE,0.0,0.0,0.0,0.0,0.0,0.5,False
ws-12799,HOST,0,NONE,0.0,1.0,0.0,0.0,0.4,0.5,False
LPT-11981,HOST,1,FIREWALL_DENY,0.0,3.0,1.0,0.0,1.5,0.65,False
WS-10773,HOST,1,ENDPOINT,0.0,1.0,4.0,0.0,1.6,0.65,False
LPT_11837,HOST,0,NONE,0.0,0.0,0.0,0.0,0.0,0.5,False
VDR-10585,HOST,1,ENDPOINT,0.0,1.0,4.0,0.0,1.6,0.65,False
lpt-11840,HOST,0,NONE,0.0,1.0,0.0,0.0,0.4,0.5,False
lpt-10199,HOST,0,NONE,0.0,1.0,0.0,0.0,0.4,0.5,False
LPT-10909,HOST,1,ENDPOINT,0.0,0.0,5.0,0.0,1.5,0.65,False
VDR-10167.corp.local,HOST,0,NONE,0.0,0.0,0.0,0.0,0.0,0.5,False
LPT_10451,HOST,0,NONE,0.0,0.0,0.0,0.0,0.0,0.5,False
LPT-12372,HOST,0,NONE,0.0,0.0,2.0,0.0,0.6,0.5,False
LPT-11010,HOST,0,NONE,0.0,1.0,2.0,0.0,1.0,0.5,False
WS-11905.corp.local,HOST,0,NONE,0.0,0.0,0.0,0.0,0.0,0.5,False
VDR-11169.corp.local,HOST,0,NONE,0.0,0.0,0.0,0.0,0.0,0.5,False
LPT-12109,HOST,1,ENDPOINT,0.0,2.0,3.0,0.0,1.7,0.65,False
lpt-10259,HOST,0,NONE,0.0,2.0,0.0,0.0,0.8,0.5,False
VDR-11752.corp.local,HOST,0,NONE,0.0,0.0,0.0,0.0,0.0,0.5,False
WS_10635,HOST,0,NONE,0.0,1.0,0.0,0.0,0.4,0.5,False
LPT-12155,HOST,1,ENDPOINT,0.0,0.0,4.0,0.0,1.2,0.65,False
vdr-10040,HOST,0,NONE,0.0,0.0,0.0,0.0,0.0,0.5,False
VDR-11901.corp.local,HOST,0,NONE,0.0,0.0,0.0,0.0,0.0,0.5,False
vdr-11386,HOST,0,NONE,0.0,0.0,0.0,0.0,0.0,0.5,False
VDR-10427,HOST,1,FIREWALL_DENY,0.0,3.0,1.0,0.0,1.5,0.65,False
WS-10000,HOST,1,ENDPOINT,0.0,1.0,3.0,0.0,1.3,0.65,False
WS-11448,HOST,2,FIREWALL_DENY|ENDPOINT,0.0,3.0,3.0,0.0,2.1,0.8,True
vdr-12071,HOST,0,NONE,0.0,0.0,0.0,0.0,0.0,0.5,False
WS_12680,HOST,0,NONE,0.0,0.0,0.0,0.0,0.0,0.5,False
vdr-10502,HOST,0,NONE,0.0,1.0,0.0,0.0,0.4,0.5,False
VDR-10449.,HOST,0,NONE,0.0,0.0,0.0,0.0,0.0,0.5,False
WS-12862.corp.local,HOST,0,NONE,0.0,1.0,0.0,0.0,0.4,0.5,False
VDR-11940,HOST,0,NONE,0.0,1.0,2.0,0.0,1.0,0.5,False
LPT_11115,HOST,0,NONE,0.0,0.0,0.0,0.0,0.0,0.5,False
lpt-12854,HOST,0,NONE,0.0,1.0,0.0,0.0,0.4,0.5,False
LPT-10131.corp.local,HOST,0,NONE,0.0,0.0,0.0,0.0,0.0,0.5,False
WS_11733,HOST,0,NONE,0.0,0.0,0.0,0.0,0.0,0.5,False
WS_11020,HOST,0,NONE,0.0,0.0,0.0,0.0,0.0,0.5,False
WS-12828,HOST,0,NONE,0.0,2.0,1.0,0.0,1.1,0.5,False
WS_11633,HOST,0,NONE,0.0,0.0,0.0,0.0,0.0,0.5,False
lpt-10065,HOST,0,NONE,0.0,0.0,0.0,0.0,0.0,0.5,False
VDR-10387.,HOST,0,NONE,0.0,0.0,0.0,0.0,0.0,0.5,False
VDR-10299.corp.local,HOST,0,NONE,0.0,1.0,0.0,0.0,0.4,0.5,False
LPT-12183.corp.local,HOST,0,NONE,0.0,0.0,0.0,0.0,0.0,0.5,False
WS-11119,HOST,0,NONE,0.0,0.0,2.0,0.0,0.6,0.5,False
LPT-10356,HOST,0,NONE,0.0,2.0,2.0,0.0,1.4,0.5,False
VDR-11165.corp.local,HOST,0,NONE,0.0,0.0,0.0,0.0,0.0,0.5,False
ws-10292,HOST,0,NONE,0.0,0.0,0.0,0.0,0.0,0.5,False
LPT_10522,HOST,0,NONE,0.0,0.0,0.0,0.0,0.0,0.5,False
vdr-11255,HOST,0,NONE,0.0,1.0,0.0,0.0,0.4,0.5,False
WS_11868,HOST,0,NONE,0.0,1.0,0.0,0.0,0.4,0.5,False
LPT-11941,HOST,0,NONE,0.0,2.0,1.0,0.0,1.1,0.5,False
WS-12981,HOST,1,ENDPOINT,0.0,2.0,5.0,0.0,2.3,0.65,False
WS-11761.,HOST,0,NONE,0.0,0.0,0.0,0.0,0.0,0.5,False
LPT-10763,HOST,1,FIREWALL_DENY,0.0,3.0,2.0,0.0,1.8,0.65,False
vdr-10833,HOST,0,NONE,0.0,2.0,0.0,0.0,0.8,0.5,False
VDR_10952,HOST,0,NONE,0.0,0.0,0.0,0.0,0.0,0.5,False
WS-11823,HOST,0,NONE,0.0,1.0,0.0,0.0,0.4,0.5,False
ws-11621,HOST,0,NONE,0.0,0.0,0.0,0.0,0.0,0.5,False
lpt-11649,HOST,0,NONE,0.0,2.0,0.0,0.0,0.8,0.5,False
VDR-11817.corp.local,HOST,0,NONE,0.0,1.0,0.0,0.0,0.4,0.5,False
VDR-12452,HOST,1,ENDPOINT,0.0,1.0,3.0,0.0,1.3,0.65,False
WS_12514,HOST,0,NONE,0.0,0.0,0.0,0.0,0.0,0.5,False
WS-12101,HOST,1,ENDPOINT,0.0,0.0,3.0,0.0,0.9,0.65,False
LPT-12683,HOST,2,FIREWALL_DENY|ENDPOINT,0.0,3.0,6.0,0.0,3.0,0.8,True
VDR-11556.corp.local,HOST,0,NONE,0.0,0.0,0.0,0.0,0.0,0.5,False
VDR_11608,HOST,0,NONE,0.0,0.0,0.0,0.0,0.0,0.5,False
WS_10870,HOST,0,NONE,0.0,0.0,0.0,0.0,0.0,0.5,False
VDR_10757,HOST,0,NONE,0.0,0.0,0.0,0.0,0.0,0.5,False
LPT-12517.corp.local,HOST,0,NONE,0.0,0.0,0.0,0.0,0.0,0.5,False
VDR-11128.corp.local,HOST,0,NONE,0.0,0.0,0.0,0.0,0.0,0.5,False
VDR_12308,HOST,0,NONE,0.0,1.0,0.0,0.0,0.4,0.5,False
LPT-11263,HOST,1,ENDPOINT,0.0,2.0,5.0,0.0,2.3,0.65,False
lpt-10375,HOST,0,NONE,0.0,0.0,0.0,0.0,0.0,0.5,False
VDR-12579,HOST,1,ENDPOINT,0.0,2.0,4.0,0.0,2.0,0.65,False
LPT-10921,HOST,0,NONE,0.0,0.0,2.0,0.0,0.6,0.5,False
lpt-11015,HOST,0,NONE,0.0,1.0,0.0,0.0,0.4,0.5,False
VDR_10642,HOST,0,NONE,0.0,0.0,0.0,0.0,0.0,0.5,False
WS-10543,HOST,1,ENDPOINT,0.0,0.0,4.0,0.0,1.2,0.65,False
LPT-10483,HOST,1,ENDPOINT,0.0,2.0,4.0,0.0,2.0,0.65,False
vdr-12436,HOST,0,NONE,0.0,0.0,0.0,0.0,0.0,0.5,False
ws-11885,HOST,0,NONE,0.0,1.0,0.0,0.0,0.4,0.5,False
LPT-10651.corp.local,HOST,0,NONE,0.0,0.0,0.0,0.0,0.0,0.5,False
VDR-10732,HOST,1,ENDPOINT,0.0,2.0,4.0,0.0,2.0,0.65,False
vdr-12021,HOST,0,NONE,0.0,0.0,0.0,0.0,0.0,0.5,False
VDR_11306,HOST,0,NONE,0.0,1.0,0.0,0.0,0.4,0.5,False
LPT_11781,HOST,0,NONE,0.0,0.0,0.0,0.0,0.0,0.5,False
VDR_12655,HOST,0,NONE,0.0,0.0,0.0,0.0,0.0,0.5,False
LPT_12196,HOST,0,NONE,0.0,0.0,0.0,0.0,0.0,0.5,False
LPT-10863,HOST,0,NONE,0.0,1.0,0.0,0.0,0.4,0.5,False
WS-11550,HOST,1,ENDPOINT,0.0,2.0,8.0,0.0,3.2,0.65,False
VDR-10813.corp.local,HOST,0,NONE,0.0,1.0,0.0,0.0,0.4,0.5,False
vdr-12238,HOST,0,NONE,0.0,0.0,0.0,0.0,0.0,0.5,False
vdr-11019,HOST,0,NONE,0.0,1.0,0.0,0.0,0.4,0.5,False
vdr-10600,HOST,0,NONE,0.0,1.0,0.0,0.0,0.4,0.5,False
ws-12788,HOST,0,NONE,0.0,0.0,0.0,0.0,0.0,0.5,False
vdr-11232,HOST,0,NONE,0.0,0.0,0.0,0.0,0.0,0.5,False
LPT-10685,HOST,1,ENDPOINT,0.0,2.0,3.0,0.0,1.7,0.65,False
LPT-10013.corp.local,HOST,0,NONE,0.0,0.0,0.0,0.0,0.0,0.5,False
WS_10632,HOST,0,NONE,0.0,0.0,0.0,0.0,0.0,0.5,False
vdr-10595,HOST,0,NONE,0.0,0.0,0.0,0.0,0.0,0.5,False
LPT-11928,HOST,0,NONE,0.0,2.0,1.0,0.0,1.1,0.5,False
WS-12550,HOST,0,NONE,0.0,0.0,0.0,0.0,0.0,0.5,False
VDR-10633,HOST,1,ENDPOINT,0.0,2.0,3.0,0.0,1.7,0.65,False
vdr-11778,HOST,0,NONE,0.0,1.0,0.0,0.0,0.4,0.5,False
LPT-10679.corp.local,HOST,0,NONE,0.0,0.0,0.0,0.0,0.0,0.5,False
lpt-10160,HOST,0,NONE,0.0,0.0,0.0,0.0,0.0,0.5,False
WS-10774.corp.local,HOST,0,NONE,0.0,1.0,0.0,0.0,0.4,0.5,False
VDR-11167,HOST,1,ENDPOINT,0.0,2.0,3.0,0.0,1.7,0.65,False
LPT-10173,HOST,0,NONE,0.0,1.0,2.0,0.0,1.0,0.5,False
WS-12031.corp.local,HOST,0,NONE,0.0,0.0,0.0,0.0,0.0,0.5,False
lpt-10298,HOST,0,NONE,0.0,0.0,0.0,0.0,0.0,0.5,False
WS-12876.corp.local,HOST,0,NONE,0.0,1.0,0.0,0.0,0.4,0.5,False
LPT-10087,HOST,0,NONE,0.0,1.0,2.0,0.0,1.0,0.5,False
VDR_10019,HOST,0,NONE,0.0,0.0,0.0,0.0,0.0,0.5,False
WS-11677.corp.local,HOST,0,NONE,0.0,1.0,0.0,0.0,0.4,0.5,False
vdr-12797,HOST,0,NONE,0.0,0.0,0.0,0.0,0.0,0.5,False
VDR-12627,HOST,0,NONE,0.0,0.0,2.0,0.0,0.6,0.5,False
LPT-11408,HOST,0,NONE,0.0,1.0,2.0,0.0,1.0,0.5,False
vdr-12564,HOST,0,NONE,0.0,0.0,0.0,0.0,0.0,0.5,False
LPT_10294,HOST,0,NONE,0.0,0.0,0.0,0.0,0.0,0.5,False
LPT-12094.corp.local,HOST,0,NONE,0.0,0.0,0.0,0.0,0.0,0.5,False
VDR-11195.corp.local,HOST,0,NONE,0.0,1.0,0.0,0.0,0.4,0.5,False
VDR-10712,HOST,0,NONE,0.0,0.0,2.0,0.0,0.6,0.5,False
WS-11111,HOST,1,ENDPOINT,0.0,2.0,3.0,0.0,1.7,0.65,False
lpt-10081,HOST,0,NONE,0.0,0.0,0.0,0.0,0.0,0.5,False
ws-12288,HOST,0,NONE,0.0,0.0,0.0,0.0,0.0,0.5,False
WS-10433,HOST,1,ENDPOINT,0.0,0.0,4.0,0.0,1.2,0.65,False
VDR-12012.corp.local,HOST,0,NONE,0.0,0.0,0.0,0.0,0.0,0.5,False
WS_10697,HOST,0,NONE,0.0,0.0,0.0,0.0,0.0,0.5,False
LPT-10160,HOST,1,ENDPOINT,0.0,2.0,4.0,0.0,2.0,0.65,False
VDR_10718,HOST,0,NONE,0.0,0.0,0.0,0.0,0.0,0.5,False
lpt-11299,HOST,0,NONE,0.0,0.0,0.0,0.0,0.0,0.5,False
LPT-11919.corp.local,HOST,0,NONE,0.0,1.0,0.0,0.0,0.4,0.5,False
LPT-11981.corp.local,HOST,0,NONE,0.0,0.0,0.0,0.0,0.0,0.5,False
WS_11475,HOST,0,NONE,0.0,0.0,0.0,0.0,0.0,0.5,False
WS-11737.corp.local,HOST,0,NONE,0.0,0.0,0.0,0.0,0.0,0.5,False
lpt-11955,HOST,0,NONE,0.0,0.0,0.0,0.0,0.0,0.5,False
VDR_10291,HOST,0,NONE,0.0,1.0,0.0,0.0,0.4,0.5,False
VDR-10165,HOST,2,FIREWALL_DENY|ENDPOINT,0.0,3.0,4.0,0.0,2.4,0.8,True
lpt-12904,HOST,0,NONE,0.0,0.0,0.0,0.0,0.0,0.5,False
VDR_10278,HOST,0,NONE,0.0,1.0,0.0,0.0,0.4,0.5,False
LPT-12854,HOST,0,NONE,0.0,1.0,1.0,0.0,0.7,0.5,False
VDR-12890.corp.local,HOST,0,NONE,0.0,0.0,0.0,0.0,0.0,0.5,False
ws-12745,HOST,0,NONE,0.0,0.0,0.0,0.0,0.0,0.5,False
LPT-12389,HOST,0,NONE,0.0,1.0,0.0,0.0,0.4,0.5,False
lpt-12608,HOST,0,NONE,0.0,0.0,0.0,0.0,0.0,0.5,False
lpt-11453,HOST,0,NONE,0.0,1.0,0.0,0.0,0.4,0.5,False
ws-12661,HOST,0,NONE,0.0,0.0,0.0,0.0,0.0,0.5,False
LPT-11884,HOST,1,ENDPOINT,0.0,1.0,3.0,0.0,1.3,0.65,False
LPT-12702,HOST,2,FIREWALL_DENY|ENDPOINT,0.0,4.0,5.0,0.0,3.1,0.8,True
LPT-11834.,HOST,0,NONE,0.0,0.0,0.0,0.0,0.0,0.5,False
WS-11077.corp.local,HOST,0,NONE,0.0,0.0,0.0,0.0,0.0,0.5,False
WS-12018,HOST,0,NONE,0.0,0.0,0.0,0.0,0.0,0.5,False
LPT-12782,HOST,0,NONE,0.0,0.0,2.0,0.0,0.6,0.5,False
ws-10969,HOST,0,NONE,0.0,0.0,0.0,0.0,0.0,0.5,False
LPT-10547,HOST,2,FIREWALL_DENY|ENDPOINT,0.0,3.0,3.0,0.0,2.1,0.8,True
ws-12633,HOST,0,NONE,0.0,0.0,0.0,0.0,0.0,0.5,False
LPT-12639.corp.local,HOST,0,NONE,0.0,0.0,0.0,0.0,0.0,0.5,False
LPT-12703,HOST,1,ENDPOINT,0.0,0.0,3.0,0.0,0.9,0.65,False
LPT-11105,HOST,0,NONE,0.0,0.0,1.0,0.0,0.3,0.5,False
WS-12266,HOST,0,NONE,0.0,0.0,2.0,0.0,0.6,0.5,False
LPT_12743,HOST,0,NONE,0.0,0.0,0.0,0.0,0.0,0.5,False
WS-11864.,HOST,0,NONE,0.0,0.0,0.0,0.0,0.0,0.5,False
VDR-10342,HOST,0,NONE,0.0,2.0,2.0,0.0,1.4,0.5,False
WS-11135,HOST,0,NONE,0.0,1.0,1.0,0.0,0.7,0.5,False
VDR-10626.corp.local,HOST,0,NONE,0.0,0.0,0.0,0.0,0.0,0.5,False
LPT-12107,HOST,0,NONE,0.0,2.0,2.0,0.0,1.4,0.5,False
lpt-12421,HOST,0,NONE,0.0,0.0,0.0,0.0,0.0,0.5,False
LPT-12528.,HOST,0,NONE,0.0,0.0,0.0,0.0,0.0,0.5,False
WS-10472,HOST,1,FIREWALL_DENY,0.0,3.0,2.0,0.0,1.8,0.65,False
ws-10549,HOST,0,NONE,0.0,1.0,0.0,0.0,0.4,0.5,False
vdr-10848,HOST,0,NONE,0.0,0.0,0.0,0.0,0.0,0.5,False
LPT_10858,HOST,0,NONE,0.0,0.0,0.0,0.0,0.0,0.5,False
LPT-11356,HOST,0,NONE,0.0,2.0,0.0,0.0,0.8,0.5,False
vdr-12237,HOST,0,NONE,0.0,1.0,0.0,0.0,0.4,0.5,False
lpt-10075,HOST,0,NONE,0.0,0.0,0.0,0.0,0.0,0.5,False
lpt-10815,HOST,0,NONE,0.0,0.0,0.0,0.0,0.0,0.5,False
LPT-12995,HOST,0,NONE,0.0,1.0,2.0,0.0,1.0,0.5,False
LPT-10965.corp.local,HOST,0,NONE,0.0,0.0,0.0,0.0,0.0,0.5,False
vdr-12863,HOST,0,NONE,0.0,0.0,0.0,0.0,0.0,0.5,False
VDR-10805.corp.local,HOST,0,NONE,0.0,0.0,0.0,0.0,0.0,0.5,False
ws-12760,HOST,0,NONE,0.0,1.0,0.0,0.0,0.4,0.5,False
vdr-12841,HOST,0,NONE,0.0,1.0,0.0,0.0,0.4,0.5,False
lpt-12960,HOST,0,NONE,0.0,0.0,0.0,0.0,0.0,0.5,False
VDR-10278.,HOST,0,NONE,0.0,0.0,0.0,0.0,0.0,0.5,False
WS_12756,HOST,0,NONE,0.0,0.0,0.0,0.0,0.0,0.5,False
WS-10048,HOST,0,NONE,0.0,0.0,2.0,0.0,0.6,0.5,False
WS_12206,HOST,0,NONE,0.0,1.0,0.0,0.0,0.4,0.5,False
VDR-10279,HOST,1,ENDPOINT,0.0,1.0,4.0,0.0,1.6,0.65,False
lpt-11882,HOST,0,NONE,0.0,0.0,0.0,0.0,0.0,0.5,False
WS-11975.corp.local,HOST,0,NONE,0.0,0.0,0.0,0.0,0.0,0.5,False
LPT-10653.corp.local,HOST,0,NONE,0.0,0.0,0.0,0.0,0.0,0.5,False
WS-12394,HOST,1,ENDPOINT,0.0,0.0,3.0,0.0,0.9,0.65,False
LPT-10373,HOST,0,NONE,0.0,1.0,0.0,0.0,0.4,0.5,False
LPT-12182.,HOST,0,NONE,0.0,0.0,0.0,0.0,0.0,0.5,False
WS-12117,HOST,1,ENDPOINT,0.0,1.0,3.0,0.0,1.3,0.65,False
LPT_11744,HOST,0,NONE,0.0,1.0,0.0,0.0,0.4,0.5,False
WS-12396.corp.local,HOST,0,NONE,0.0,1.0,0.0,0.0,0.4,0.5,False
LPT-12516,HOST,0,NONE,0.0,2.0,1.0,0.0,1.1,0.5,False
WS-12082,HOST,0,NONE,0.0,0.0,2.0,0.0,0.6,0.5,False
LPT-11950,HOST,0,NONE,0.0,1.0,0.0,0.0,0.4,0.5,False
VDR_12119,HOST,0,NONE,0.0,1.0,0.0,0.0,0.4,0.5,False
WS_11548,HOST,0,NONE,0.0,0.0,0.0,0.0,0.0,0.5,False
LPT_10891,HOST,0,NONE,0.0,0.0,0.0,0.0,0.0,0.5,False
LPT-12253,HOST,1,ENDPOINT,0.0,1.0,4.0,0.0,1.6,0.65,False
vdr-12665,HOST,0,NONE,0.0,0.0,0.0,0.0,0.0,0.5,False
WS-11719,HOST,0,NONE,0.0,0.0,1.0,0.0,0.3,0.5,False
lpt-10639,HOST,0,NONE,0.0,1.0,0.0,0.0,0.4,0.5,False
LPT_10097,HOST,0,NONE,0.0,0.0,0.0,0.0,0.0,0.5,False
WS-11192,HOST,1,FIREWALL_DENY,0.0,3.0,2.0,0.0,1.8,0.65,False
VDR-11748,HOST,1,ENDPOINT,0.0,1.0,3.0,0.0,1.3,0.65,False
WS-10513,HOST,0,NONE,0.0,1.0,1.0,0.0,0.7,0.5,False
VDR-12178.corp.local,HOST,0,NONE,0.0,0.0,0.0,0.0,0.0,0.5,False
ws-10827,HOST,0,NONE,0.0,1.0,0.0,0.0,0.4,0.5,False
LPT_12600,HOST,0,NONE,0.0,0.0,0.0,0.0,0.0,0.5,False
WS_11196,HOST,0,NONE,0.0,0.0,0.0,0.0,0.0,0.5,False
WS-10091,HOST,0,NONE,0.0,2.0,2.0,0.0,1.4,0.5,False
LPT-12481,HOST,1,ENDPOINT,0.0,0.0,4.0,0.0,1.2,0.65,False
VDR-12890,HOST,1,ENDPOINT,0.0,1.0,5.0,0.0,1.9,0.65,False
WS-12256.corp.local,HOST,0,NONE,0.0,1.0,0.0,0.0,0.4,0.5,False
lpt-10802,HOST,0,NONE,0.0,0.0,0.0,0.0,0.0,0.5,False
VDR-12959,HOST,2,FIREWALL_DENY|ENDPOINT,0.0,3.0,3.0,0.0,2.1,0.8,True
WS_11713,HOST,0,NONE,0.0,0.0,0.0,0.0,0.0,0.5,False
ws-10971,HOST,0,NONE,0.0,0.0,0.0,0.0,0.0,0.5,False
VDR-11224,HOST,1,ENDPOINT,0.0,2.0,7.0,0.0,2.9,0.65,False
VDR_10523,HOST,0,NONE,0.0,0.0,0.0,0.0,0.0,0.5,False
WS-11492.corp.local,HOST,0,NONE,0.0,1.0,0.0,0.0,0.4,0.5,False
WS-12773,HOST,0,NONE,0.0,2.0,1.0,0.0,1.1,0.5,False
ws-12713,HOST,0,NONE,0.0,1.0,0.0,0.0,0.4,0.5,False
LPT-11282,HOST,1,ENDPOINT,0.0,2.0,3.0,0.0,1.7,0.65,False
LPT-12000.corp.local,HOST,0,NONE,0.0,0.0,0.0,0.0,0.0,0.5,False
LPT-11568,HOST,1,ENDPOINT,0.0,2.0,5.0,0.0,2.3,0.65,False
VDR-11297,HOST,1,FIREWALL_DENY,0.0,3.0,2.0,0.0,1.8,0.65,False
LPT-12045.corp.local,HOST,0,NONE,0.0,0.0,0.0,0.0,0.0,0.5,False
LPT-12761.corp.local,HOST,0,NONE,0.0,1.0,0.0,0.0,0.4,0.5,False
WS-12317,HOST,0,NONE,0.0,2.0,2.0,0.0,1.4,0.5,False
VDR-12940.corp.local,HOST,0,NONE,0.0,0.0,0.0,0.0,0.0,0.5,False
LPT-10217,HOST,1,ENDPOINT,0.0,1.0,3.0,0.0,1.3,0.65,False
LPT-11321,HOST,0,NONE,0.0,1.0,2.0,0.0,1.0,0.5,False
LPT-12829.corp.local,HOST,0,NONE,0.0,0.0,0.0,0.0,0.0,0.5,False
vdr-12883,HOST,0,NONE,0.0,0.0,0.0,0.0,0.0,0.5,False
ws-12935,HOST,0,NONE,0.0,0.0,0.0,0.0,0.0,0.5,False
LPT-10377.corp.local,HOST,0,NONE,0.0,0.0,0.0,0.0,0.0,0.5,False
WS_12394,HOST,0,NONE,0.0,0.0,0.0,0.0,0.0,0.5,False
LPT_12662,HOST,0,NONE,0.0,0.0,0.0,0.0,0.0,0.5,False
VDR-10454.corp.local,HOST,0,NONE,0.0,0.0,0.0,0.0,0.0,0.5,False
LPT-10375.corp.local,HOST,0,NONE,0.0,0.0,0.0,0.0,0.0,0.5,False
LPT-10927,HOST,0,NONE,0.0,2.0,2.0,0.0,1.4,0.5,False
VDR-11681.corp.local,HOST,0,NONE,0.0,0.0,0.0,0.0,0.0,0.5,False
WS-11293,HOST,0,NONE,0.0,1.0,2.0,0.0,1.0,0.5,False
lpt-12494,HOST,0,NONE,0.0,1.0,0.0,0.0,0.4,0.5,False
ws-11564,HOST,0,NONE,0.0,0.0,0.0,0.0,0.0,0.5,False
VDR-11524,HOST,0,NONE,0.0,1.0,2.0,0.0,1.0,0.5,False
VDR_10688,HOST,0,NONE,0.0,0.0,0.0,0.0,0.0,0.5,False
ws-12746,HOST,0,NONE,0.0,0.0,0.0,0.0,0.0,0.5,False
LPT-12459,HOST,1,FIREWALL_DENY,0.0,4.0,2.0,0.0,2.2,0.65,False
LPT-11432,HOST,1,ENDPOINT,0.0,1.0,4.0,0.0,1.6,0.65,False
VDR-11508,HOST,1,ENDPOINT,0.0,2.0,3.0,0.0,1.7,0.65,False
LPT-12250.,HOST,0,NONE,0.0,0.0,0.0,0.0,0.0,0.5,False
ws-11896,HOST,0,NONE,0.0,0.0,0.0,0.0,0.0,0.5,False
WS-10156.corp.local,HOST,0,NONE,0.0,0.0,0.0,0.0,0.0,0.5,False
LPT-11546,HOST,1,FIREWALL_DENY,0.0,4.0,2.0,0.0,2.2,0.65,False
lpt-10084,HOST,0,NONE,0.0,0.0,0.0,0.0,0.0,0.5,False
lpt-11204,HOST,0,NONE,0.0,1.0,0.0,0.0,0.4,0.5,False
WS-12862,HOST,1,ENDPOINT,0.0,2.0,5.0,0.0,2.3,0.65,False
VDR-12816,HOST,0,NONE,0.0,2.0,0.0,0.0,0.8,0.5,False
lpt-11190,HOST,0,NONE,0.0,0.0,0.0,0.0,0.0,0.5,False
VDR-11047,HOST,0,NONE,0.0,0.0,2.0,0.0,0.6,0.5,False
lpt-12566,HOST,0,NONE,0.0,0.0,0.0,0.0,0.0,0.5,False
WS-10964,HOST,0,NONE,0.0,1.0,1.0,0.0,0.7,0.5,False
LPT-12100.corp.local,HOST,0,NONE,0.0,0.0,0.0,0.0,0.0,0.5,False
WS-10073,HOST,0,NONE,0.0,1.0,2.0,0.0,1.0,0.5,False
WS_12341,HOST,0,NONE,0.0,1.0,0.0,0.0,0.4,0.5,False
vdr-10532,HOST,0,NONE,0.0,2.0,0.0,0.0,0.8,0.5,False
ws-10014,HOST,0,NONE,0.0,1.0,0.0,0.0,0.4,0.5,False
VDR-11100,HOST,1,ENDPOINT,0.0,1.0,3.0,0.0,1.3,0.65,False
WS-12695,HOST,1,FIREWALL_DENY,0.0,3.0,2.0,0.0,1.8,0.65,False
LPT-10541.corp.local,HOST,0,NONE,0.0,1.0,0.0,0.0,0.4,0.5,False
VDR-12324.,HOST,0,NONE,0.0,0.0,0.0,0.0,0.0,0.5,False
WS-12512,HOST,1,FIREWALL_DENY,0.0,3.0,0.0,0.0,1.2,0.65,False
VDR-12705.corp.local,HOST,0,NONE,0.0,0.0,0.0,0.0,0.0,0.5,False
lpt-10811,HOST,0,NONE,0.0,1.0,0.0,0.0,0.4,0.5,False
LPT_12961,HOST,0,NONE,0.0,0.0,0.0,0.0,0.0,0.5,False
WS_12037,HOST,0,NONE,0.0,1.0,0.0,0.0,0.4,0.5,False
VDR-10061,HOST,2,FIREWALL_DENY|ENDPOINT,0.0,3.0,6.0,0.0,3.0,0.8,True
lpt-11762,HOST,0,NONE,0.0,0.0,0.0,0.0,0.0,0.5,False
LPT-10289.,HOST,0,NONE,0.0,0.0,0.0,0.0,0.0,0.5,False
VDR-11951,HOST,1,ENDPOINT,0.0,2.0,4.0,0.0,2.0,0.65,False
WS-10220,HOST,0,NONE,0.0,2.0,0.0,0.0,0.8,0.5,False
LPT-12134.corp.local,HOST,0,NONE,0.0,0.0,0.0,0.0,0.0,0.5,False
vdr-10846,HOST,0,NONE,0.0,0.0,0.0,0.0,0.0,0.5,False
WS-10009.corp.local,HOST,0,NONE,0.0,0.0,0.0,0.0,0.0,0.5,False
LPT-10581,HOST,0,NONE,0.0,2.0,1.0,0.0,1.1,0.5,False
LPT-12507.corp.local,HOST,0,NONE,0.0,0.0,0.0,0.0,0.0,0.5,False
WS-10121,HOST,1,ENDPOINT,0.0,1.0,4.0,0.0,1.6,0.65,False
vdr-10523,HOST,0,NONE,0.0,0.0,0.0,0.0,0.0,0.5,False
VDR-12310.corp.local,HOST,0,NONE,0.0,0.0,0.0,0.0,0.0,0.5,False
LPT-12871,HOST,0,NONE,0.0,1.0,1.0,0.0,0.7,0.5,False
LPT-11960,HOST,0,NONE,0.0,2.0,2.0,0.0,1.4,0.5,False
VDR_10342,HOST,0,NONE,0.0,1.0,0.0,0.0,0.4,0.5,False
LPT-10557,HOST,0,NONE,0.0,1.0,1.0,0.0,0.7,0.5,False
lpt-10382,HOST,0,NONE,0.0,0.0,0.0,0.0,0.0,0.5,False
LPT_11800,HOST,0,NONE,0.0,0.0,0.0,0.0,0.0,0.5,False
ws-11601,HOST,0,NONE,0.0,0.0,0.0,0.0,0.0,0.5,False
VDR-10237,HOST,1,FIREWALL_DENY,0.0,5.0,1.0,0.0,2.3,0.65,False
WS_11968,HOST,0,NONE,0.0,0.0,0.0,0.0,0.0,0.5,False
VDR-12450,HOST,1,ENDPOINT,0.0,1.0,5.0,0.0,1.9,0.65,False
VDR-11081,HOST,0,NONE,0.0,1.0,1.0,0.0,0.7,0.5,False
ws-12262,HOST,0,NONE,0.0,0.0,0.0,0.0,0.0,0.5,False
ws-12360,HOST,0,NONE,0.0,0.0,0.0,0.0,0.0,0.5,False
LPT-12199,HOST,1,ENDPOINT,0.0,1.0,3.0,0.0,1.3,0.65,False
WS_11711,HOST,0,NONE,0.0,0.0,0.0,0.0,0.0,0.5,False
VDR-10123.,HOST,0,NONE,0.0,0.0,0.0,0.0,0.0,0.5,False
LPT-11310,HOST,0,NONE,0.0,2.0,2.0,0.0,1.4,0.5,False
VDR_12151,HOST,0,NONE,0.0,1.0,0.0,0.0,0.4,0.5,False
ws-11777,HOST,0,NONE,0.0,0.0,0.0,0.0,0.0,0.5,False
LPT-11992,HOST,1,FIREWALL_DENY,0.0,3.0,0.0,0.0,1.2,0.65,False
ws-12850,HOST,0,NONE,0.0,0.0,0.0,0.0,0.0,0.5,False
WS_10844,HOST,0,NONE,0.0,1.0,0.0,0.0,0.4,0.5,False
LPT_11981,HOST,0,NONE,0.0,0.0,0.0,0.0,0.0,0.5,False
vdr-10740,HOST,0,NONE,0.0,0.0,0.0,0.0,0.0,0.5,False
WS-11808,HOST,1,FIREWALL_DENY,0.0,4.0,0.0,0.0,1.6,0.65,False
LPT-11597,HOST,1,FIREWALL_DENY,0.0,4.0,1.0,0.0,1.9,0.65,False
vdr-11901,HOST,0,NONE,0.0,2.0,0.0,0.0,0.8,0.5,False
LPT_12536,HOST,0,NONE,0.0,0.0,0.0,0.0,0.0,0.5,False
lpt-12114,HOST,0,NONE,0.0,0.0,0.0,0.0,0.0,0.5,False
lpt-10880,HOST,0,NONE,0.0,0.0,0.0,0.0,0.0,0.5,False
lpt-10789,HOST,0,NONE,0.0,1.0,0.0,0.0,0.4,0.5,False
LPT-12622.corp.local,HOST,0,NONE,0.0,0.0,0.0,0.0,0.0,0.5,False
LPT_10081,HOST,0,NONE,0.0,0.0,0.0,0.0,0.0,0.5,False
LPT-12377,HOST,1,FIREWALL_DENY,0.0,3.0,2.0,0.0,1.8,0.65,False
WS-10265,HOST,1,ENDPOINT,0.0,1.0,3.0,0.0,1.3,0.65,False
VDR_10885,HOST,0,NONE,0.0,0.0,0.0,0.0,0.0,0.5,False
LPT-12103.corp.local,HOST,0,NONE,0.0,1.0,0.0,0.0,0.4,0.5,False
ws-12977,HOST,0,NONE,0.0,1.0,0.0,0.0,0.4,0.5,False
WS-10243.corp.local,HOST,0,NONE,0.0,1.0,0.0,0.0,0.4,0.5,False
LPT_11568,HOST,0,NONE,0.0,1.0,0.0,0.0,0.4,0.5,False
VDR-10071,HOST,0,NONE,0.0,1.0,1.0,0.0,0.7,0.5,False
vdr-12526,HOST,0,NONE,0.0,0.0,0.0,0.0,0.0,0.5,False
LPT_11658,HOST,0,NONE,0.0,0.0,0.0,0.0,0.0,0.5,False
lpt-12826,HOST,0,NONE,0.0,0.0,0.0,0.0,0.0,0.5,False
vdr-10656,HOST,0,NONE,0.0,0.0,0.0,0.0,0.0,0.5,False
LPT_12408,HOST,0,NONE,0.0,0.0,0.0,0.0,0.0,0.5,False
LPT_12265,HOST,0,NONE,0.0,0.0,0.0,0.0,0.0,0.5,False
WS-11051,HOST,1,FIREWALL_DENY,0.0,3.0,2.0,0.0,1.8,0.65,False
ws-10908,HOST,0,NONE,0.0,1.0,0.0,0.0,0.4,0.5,False
VDR_10060,HOST,0,NONE,0.0,1.0,0.0,0.0,0.4,0.5,False
ws-12101,HOST,0,NONE,0.0,0.0,0.0,0.0,0.0,0.5,False
VDR-10238,HOST,1,ENDPOINT,0.0,2.0,6.0,0.0,2.6,0.65,False
VDR-12140.corp.local,HOST,0,NONE,0.0,1.0,0.0,0.0,0.4,0.5,False
vdr-11610,HOST,0,NONE,0.0,0.0,0.0,0.0,0.0,0.5,False
LPT-10205.corp.local,HOST,0,NONE,0.0,1.0,0.0,0.0,0.4,0.5,False
VDR-11251,HOST,0,NONE,0.0,0.0,1.0,0.0,0.3,0.5,False
vdr-11213,HOST,0,NONE,0.0,1.0,0.0,0.0,0.4,0.5,False
VDR-11306,HOST,1,ENDPOINT,0.0,2.0,3.0,0.0,1.7,0.65,False
VDR-12775.corp.local,HOST,0,NONE,0.0,1.0,0.0,0.0,0.4,0.5,False
VDR-10942,HOST,0,NONE,0.0,0.0,0.0,0.0,0.0,0.5,False
VDR-11804,HOST,1,ENDPOINT,0.0,2.0,3.0,0.0,1.7,0.65,False
VDR-11629,HOST,1,ENDPOINT,0.0,0.0,4.0,0.0,1.2,0.65,False
VDR-10354,HOST,0,NONE,0.0,0.0,1.0,0.0,0.3,0.5,False
lpt-11790,HOST,0,NONE,0.0,0.0,0.0,0.0,0.0,0.5,False
LPT-10810,HOST,0,NONE,0.0,1.0,0.0,0.0,0.4,0.5,False
VDR-11592.,HOST,0,NONE,0.0,0.0,0.0,0.0,0.0,0.5,False
WS-10095,HOST,0,NONE,0.0,1.0,2.0,0.0,1.0,0.5,False
VDR-10801.,HOST,0,NONE,0.0,0.0,0.0,0.0,0.0,0.5,False
ws-12214,HOST,0,NONE,0.0,0.0,0.0,0.0,0.0,0.5,False
LPT-10537,HOST,0,NONE,0.0,0.0,0.0,0.0,0.0,0.5,False
ws-10476,HOST,0,NONE,0.0,1.0,0.0,0.0,0.4,0.5,False
VDR-12997.corp.local,HOST,0,NONE,0.0,0.0,0.0,0.0,0.0,0.5,False
WS_11686,HOST,0,NONE,0.0,0.0,0.0,0.0,0.0,0.5,False
ws-10660,HOST,0,NONE,0.0,0.0,0.0,0.0,0.0,0.5,False
LPT-11919,HOST,0,NONE,0.0,0.0,1.0,0.0,0.3,0.5,False
LPT-12275,HOST,1,ENDPOINT,0.0,1.0,5.0,0.0,1.9,0.65,False
ws-12226,HOST,0,NONE,0.0,1.0,0.0,0.0,0.4,0.5,False
WS_12409,HOST,0,NONE,0.0,0.0,0.0,0.0,0.0,0.5,False
WS-10996.corp.local,HOST,0,NONE,0.0,0.0,0.0,0.0,0.0,0.5,False
VDR-12357,HOST,0,NONE,0.0,1.0,1.0,0.0,0.7,0.5,False
VDR-12732,HOST,1,ENDPOINT,0.0,0.0,3.0,0.0,0.9,0.65,False
VDR_12975,HOST,0,NONE,0.0,1.0,0.0,0.0,0.4,0.5,False
VDR-12986.,HOST,0,NONE,0.0,0.0,0.0,0.0,0.0,0.5,False
LPT-12114,HOST,0,NONE,0.0,2.0,2.0,0.0,1.4,0.5,False
ws-10760,HOST,0,NONE,0.0,0.0,0.0,0.0,0.0,0.5,False
LPT-10575,HOST,2,FIREWALL_DENY|ENDPOINT,0.0,3.0,4.0,0.0,2.4,0.8,True
lpt-11052,HOST,0,NONE,0.0,0.0,0.0,0.0,0.0,0.5,False
LPT_11793,HOST,0,NONE,0.0,0.0,0.0,0.0,0.0,0.5,False
LPT-10490.corp.local,HOST,0,NONE,0.0,0.0,0.0,0.0,0.0,0.5,False
VDR-10142,HOST,2,FIREWALL_DENY|ENDPOINT,0.0,3.0,3.0,0.0,2.1,0.8,True
vdr-11003,HOST,0,NONE,0.0,0.0,0.0,0.0,0.0,0.5,False
WS-10946.corp.local,HOST,0,NONE,0.0,0.0,0.0,0.0,0.0,0.5,False
LPT-10275.corp.local,HOST,0,NONE,0.0,0.0,0.0,0.0,0.0,0.5,False
WS-11739,HOST,2,FIREWALL_DENY|ENDPOINT,0.0,3.0,5.0,0.0,2.7,0.8,True
LPT-11229,HOST,1,FIREWALL_DENY,0.0,4.0,1.0,0.0,1.9,0.65,False
VDR-12057,HOST,0,NONE,0.0,1.0,1.0,0.0,0.7,0.5,False
WS_12327,HOST,0,NONE,0.0,0.0,0.0,0.0,0.0,0.5,False
WS-11296,HOST,0,NONE,0.0,0.0,2.0,0.0,0.6,0.5,False
LPT_12939,HOST,0,NONE,0.0,0.0,0.0,0.0,0.0,0.5,False
ws-11367,HOST,0,NONE,0.0,0.0,0.0,0.0,0.0,0.5,False
WS_12317,HOST,0,NONE,0.0,0.0,0.0,0.0,0.0,0.5,False
LPT_12111,HOST,0,NONE,0.0,0.0,0.0,0.0,0.0,0.5,False
VDR-11312,HOST,1,ENDPOINT,0.0,2.0,3.0,0.0,1.7,0.65,False
WS-12674,HOST,0,NONE,0.0,0.0,2.0,0.0,0.6,0.5,False
VDR-11815.corp.local,HOST,0,NONE,0.0,0.0,0.0,0.0,0.0,0.5,False
VDR-12358.corp.local,HOST,0,NONE,0.0,0.0,0.0,0.0,0.0,0.5,False
VDR-11557,HOST,0,NONE,0.0,2.0,2.0,0.0,1.4,0.5,False
VDR-12630,HOST,1,ENDPOINT,0.0,1.0,3.0,0.0,1.3,0.65,False
WS-11695,HOST,0,NONE,0.0,2.0,2.0,0.0,1.4,0.5,False
WS-11372,HOST,0,NONE,0.0,2.0,2.0,0.0,1.4,0.5,False
lpt-10745,HOST,0,NONE,0.0,0.0,0.0,0.0,0.0,0.5,False
LPT-11310.corp.local,HOST,0,NONE,0.0,0.0,0.0,0.0,0.0,0.5,False
VDR-10051,HOST,0,NONE,0.0,1.0,2.0,0.0,1.0,0.5,False
VDR-11746,HOST,1,FIREWALL_DENY,0.0,4.0,2.0,0.0,2.2,0.65,False
VDR-12160,HOST,1,ENDPOINT,0.0,2.0,3.0,0.0,1.7,0.65,False
LPT-10446,HOST,0,NONE,0.0,0.0,1.0,0.0,0.3,0.5,False
WS_12953,HOST,0,NONE,0.0,1.0,0.0,0.0,0.4,0.5,False
LPT-11742.corp.local,HOST,0,NONE,0.0,1.0,0.0,0.0,0.4,0.5,False
LPT_10372,HOST,0,NONE,0.0,0.0,0.0,0.0,0.0,0.5,False
VDR-11019.corp.local,HOST,0,NONE,0.0,1.0,0.0,0.0,0.4,0.5,False
VDR-11669,HOST,0,NONE,0.0,2.0,2.0,0.0,1.4,0.5,False
LPT_10488,HOST,0,NONE,0.0,0.0,0.0,0.0,0.0,0.5,False
VDR-12248,HOST,1,ENDPOINT,0.0,0.0,5.0,0.0,1.5,0.65,False
VDR-12054,HOST,1,ENDPOINT,0.0,2.0,3.0,0.0,1.7,0.65,False
VDR-10838.corp.local,HOST,0,NONE,0.0,1.0,0.0,0.0,0.4,0.5,False
VDR-10952,HOST,0,NONE,0.0,2.0,0.0,0.0,0.8,0.5,False
LPT_10840,HOST,0,NONE,0.0,1.0,0.0,0.0,0.4,0.5,False
ws-10932,HOST,0,NONE,0.0,2.0,0.0,0.0,0.8,0.5,False
LPT-11070,HOST,0,NONE,0.0,0.0,2.0,0.0,0.6,0.5,False
LPT-10104,HOST,1,ENDPOINT,0.0,2.0,6.0,0.0,2.6,0.65,False
VDR_12820,HOST,0,NONE,0.0,0.0,0.0,0.0,0.0,0.5,False
VDR-12804.corp.local,HOST,0,NONE,0.0,0.0,0.0,0.0,0.0,0.5,False
VDR_10656,HOST,0,NONE,0.0,0.0,0.0,0.0,0.0,0.5,False
ws-11905,HOST,0,NONE,0.0,1.0,0.0,0.0,0.4,0.5,False
ws-11216,HOST,0,NONE,0.0,0.0,0.0,0.0,0.0,0.5,False
ws-10832,HOST,0,NONE,0.0,0.0,0.0,0.0,0.0,0.5,False
LPT-12303,HOST,0,NONE,0.0,2.0,2.0,0.0,1.4,0.5,False
vdr-11404,HOST,0,NONE,0.0,0.0,0.0,0.0,0.0,0.5,False
WS_10996,HOST,0,NONE,0.0,0.0,0.0,0.0,0.0,0.5,False
VDR_12033,HOST,0,NONE,0.0,1.0,0.0,0.0,0.4,0.5,False
WS-10429.corp.local,HOST,0,NONE,0.0,1.0,0.0,0.0,0.4,0.5,False
VDR-10861,HOST,0,NONE,0.0,1.0,0.0,0.0,0.4,0.5,False
WS-12267,HOST,1,ENDPOINT,0.0,2.0,5.0,0.0,2.3,0.65,False
VDR_12489,HOST,0,NONE,0.0,0.0,0.0,0.0,0.0,0.5,False
VDR-10031.corp.local,HOST,0,NONE,0.0,0.0,0.0,0.0,0.0,0.5,False
WS-11317,HOST,0,NONE,0.0,2.0,1.0,0.0,1.1,0.5,False
VDR-10529.corp.local,HOST,0,NONE,0.0,1.0,0.0,0.0,0.4,0.5,False
WS-11193.corp.local,HOST,0,NONE,0.0,2.0,0.0,0.0,0.8,0.5,False
ws-10794,HOST,0,NONE,0.0,0.0,0.0,0.0,0.0,0.5,False
WS-10049,HOST,1,ENDPOINT,0.0,1.0,4.0,0.0,1.6,0.65,False
VDR-12002,HOST,1,ENDPOINT,0.0,1.0,3.0,0.0,1.3,0.65,False
WS-11503,HOST,1,ENDPOINT,0.0,0.0,5.0,0.0,1.5,0.65,False
vdr-12210,HOST,0,NONE,0.0,0.0,0.0,0.0,0.0,0.5,False
ws-10493,HOST,0,NONE,0.0,0.0,0.0,0.0,0.0,0.5,False
LPT-10894,HOST,0,NONE,0.0,2.0,2.0,0.0,1.4,0.5,False
WS-12224.corp.local,HOST,0,NONE,0.0,0.0,0.0,0.0,0.0,0.5,False
VDR-11253,HOST,1,ENDPOINT,0.0,1.0,3.0,0.0,1.3,0.65,False
lpt-10751,HOST,0,NONE,0.0,0.0,0.0,0.0,0.0,0.5,False
LPT-10229,HOST,1,FIREWALL_DENY,0.0,3.0,2.0,0.0,1.8,0.65,False
WS-11424,HOST,1,FIREWALL_DENY,0.0,3.0,0.0,0.0,1.2,0.65,False
LPT-11744,HOST,1,ENDPOINT,0.0,0.0,3.0,0.0,0.9,0.65,False
WS-12631,HOST,1,FIREWALL_DENY,0.0,3.0,2.0,0.0,1.8,0.65,False
ws-10181,HOST,0,NONE,0.0,0.0,0.0,0.0,0.0,0.5,False
LPT-10434,HOST,0,NONE,0.0,1.0,2.0,0.0,1.0,0.5,False
VDR-10830.,HOST,0,NONE,0.0,0.0,0.0,0.0,0.0,0.5,False
LPT-10052,HOST,1,ENDPOINT,0.0,0.0,4.0,0.0,1.2,0.65,False
LPT-12203,HOST,0,NONE,0.0,0.0,1.0,0.0,0.3,0.5,False
VDR-11922,HOST,1,ENDPOINT,0.0,0.0,4.0,0.0,1.2,0.65,False
VDR-10677.corp.local,HOST,0,NONE,0.0,0.0,0.0,0.0,0.0,0.5,False
VDR-10196.corp.local,HOST,0,NONE,0.0,0.0,0.0,0.0,0.0,0.5,False
vdr-10312,HOST,0,NONE,0.0,1.0,0.0,0.0,0.4,0.5,False
ws-11154,HOST,0,NONE,0.0,0.0,0.0,0.0,0.0,0.5,False
WS_12136,HOST,0,NONE,0.0,0.0,0.0,0.0,0.0,0.5,False
ws-12881,HOST,0,NONE,0.0,0.0,0.0,0.0,0.0,0.5,False
WS-11987.corp.local,HOST,0,NONE,0.0,0.0,0.0,0.0,0.0,0.5,False
VDR_12302,HOST,0,NONE,0.0,0.0,0.0,0.0,0.0,0.5,False
LPT-12107.,HOST,0,NONE,0.0,0.0,0.0,0.0,0.0,0.5,False
WS-12309,HOST,2,FIREWALL_DENY|ENDPOINT,0.0,3.0,4.0,0.0,2.4,0.8,True
ws-12397,HOST,0,NONE,0.0,0.0,0.0,0.0,0.0,0.5,False
ws-10111,HOST,0,NONE,0.0,0.0,0.0,0.0,0.0,0.5,False
WS_10195,HOST,0,NONE,0.0,1.0,0.0,0.0,0.4,0.5,False
LPT_11349,HOST,0,NONE,0.0,0.0,0.0,0.0,0.0,0.5,False
LPT-10337,HOST,1,ENDPOINT,0.0,1.0,4.0,0.0,1.6,0.65,False
LPT-12840,HOST,2,FIREWALL_DENY|ENDPOINT,0.0,3.0,4.0,0.0,2.4,0.8,True
LPT-12755.corp.local,HOST,1,FIREWALL_DENY,0.0,3.0,0.0,0.0,1.2,0.65,False
VDR-12983,HOST,0,NONE,0.0,2.0,2.0,0.0,1.4,0.5,False
LPT-10854,HOST,2,FIREWALL_DENY|ENDPOINT,0.0,3.0,3.0,0.0,2.1,0.8,True
VDR-11307,HOST,0,NONE,0.0,1.0,1.0,0.0,0.7,0.5,False
vdr-10343,HOST,0,NONE,0.0,1.0,0.0,0.0,0.4,0.5,False
LPT-11680,HOST,1,ENDPOINT,0.0,1.0,6.0,0.0,2.2,0.65,False
WS-10043,HOST,2,FIREWALL_DENY|ENDPOINT,0.0,3.0,6.0,0.0,3.0,0.8,True
ws-11538,HOST,0,NONE,0.0,1.0,0.0,0.0,0.4,0.5,False
ws-11486,HOST,0,NONE,0.0,0.0,0.0,0.0,0.0,0.5,False
VDR-11916.corp.local,HOST,0,NONE,0.0,0.0,0.0,0.0,0.0,0.5,False
LPT-11840,HOST,1,ENDPOINT,0.0,1.0,4.0,0.0,1.6,0.65,False
LPT-11035,HOST,0,NONE,0.0,0.0,2.0,0.0,0.6,0.5,False
LPT_10921,HOST,0,NONE,0.0,1.0,0.0,0.0,0.4,0.5,False
VDR-12338.corp.local,HOST,0,NONE,0.0,1.0,0.0,0.0,0.4,0.5,False
VDR-12712,HOST,1,ENDPOINT,0.0,1.0,3.0,0.0,1.3,0.65,False
LPT-11789.corp.local,HOST,0,NONE,0.0,0.0,0.0,0.0,0.0,0.5,False
vdr-12882,HOST,0,NONE,0.0,0.0,0.0,0.0,0.0,0.5,False
VDR-10007,HOST,1,ENDPOINT,0.0,1.0,3.0,0.0,1.3,0.65,False
WS-12393,HOST,2,FIREWALL_DENY|ENDPOINT,0.0,3.0,5.0,0.0,2.7,0.8,True
LPT-12065,HOST,1,ENDPOINT,0.0,1.0,3.0,0.0,1.3,0.65,False
vdr-10362,HOST,0,NONE,0.0,0.0,0.0,0.0,0.0,0.5,False
LPT-11325,HOST,1,ENDPOINT,0.0,0.0,3.0,0.0,0.9,0.65,False
lpt-12900,HOST,0,NONE,0.0,1.0,0.0,0.0,0.4,0.5,False
VDR_11812,HOST,0,NONE,0.0,0.0,0.0,0.0,0.0,0.5,False
LPT-11659,HOST,0,NONE,0.0,2.0,2.0,0.0,1.4,0.5,False
VDR-11466,HOST,2,FIREWALL_DENY|ENDPOINT,0.0,4.0,4.0,0.0,2.8,0.8,True
LPT_12654,HOST,0,NONE,0.0,0.0,0.0,0.0,0.0,0.5,False
vdr-12692,HOST,0,NONE,0.0,1.0,0.0,0.0,0.4,0.5,False
LPT-12990,HOST,1,ENDPOINT,0.0,2.0,6.0,0.0,2.6,0.65,False
vdr-11199,HOST,0,NONE,0.0,0.0,0.0,0.0,0.0,0.5,False
VDR-12431.corp.local,HOST,0,NONE,0.0,0.0,0.0,0.0,0.0,0.5,False
WS-12468,HOST,1,ENDPOINT,0.0,1.0,4.0,0.0,1.6,0.65,False
WS-10263,HOST,0,NONE,0.0,2.0,2.0,0.0,1.4,0.5,False
lpt-11869,HOST,0,NONE,0.0,0.0,0.0,0.0,0.0,0.5,False
WS-11515,HOST,1,ENDPOINT,0.0,0.0,3.0,0.0,0.9,0.65,False
VDR_11560,HOST,0,NONE,0.0,0.0,0.0,0.0,0.0,0.5,False
LPT_10002,HOST,0,NONE,0.0,1.0,0.0,0.0,0.4,0.5,False
vdr-12997,HOST,0,NONE,0.0,0.0,0.0,0.0,0.0,0.5,False
VDR_12152,HOST,0,NONE,0.0,0.0,0.0,0.0,0.0,0.5,False
LPT-10590,HOST,0,NONE,0.0,2.0,0.0,0.0,0.8,0.5,False
VDR_10835,HOST,0,NONE,0.0,1.0,0.0,0.0,0.4,0.5,False
WS_12773,HOST,0,NONE,0.0,1.0,0.0,0.0,0.4,0.5,False
LPT-10320.corp.local,HOST,0,NONE,0.0,0.0,0.0,0.0,0.0,0.5,False
lpt-11359,HOST,0,NONE,0.0,0.0,0.0,0.0,0.0,0.5,False
VDR-10362.corp.local,HOST,0,NONE,0.0,1.0,0.0,0.0,0.4,0.5,False
VDR-12706,HOST,2,FIREWALL_DENY|ENDPOINT,0.0,3.0,4.0,0.0,2.4,0.8,True
lpt-11534,HOST,0,NONE,0.0,1.0,0.0,0.0,0.4,0.5,False
vdr-11385,HOST,0,NONE,0.0,1.0,0.0,0.0,0.4,0.5,False
lpt-12807,HOST,0,NONE,0.0,0.0,0.0,0.0,0.0,0.5,False
WS-11320,HOST,0,NONE,0.0,1.0,1.0,0.0,0.7,0.5,False
LPT-12383,HOST,0,NONE,0.0,1.0,2.0,0.0,1.0,0.5,False
VDR-10099,HOST,1,ENDPOINT,0.0,1.0,4.0,0.0,1.6,0.65,False
ws-10236,HOST,0,NONE,0.0,1.0,0.0,0.0,0.4,0.5,False
VDR-11227,HOST,0,NONE,0.0,0.0,1.0,0.0,0.3,0.5,False
vdr-10940,HOST,0,NONE,0.0,1.0,0.0,0.0,0.4,0.5,False
WS-10239,HOST,0,NONE,0.0,0.0,1.0,0.0,0.3,0.5,False
VDR-12238.corp.local,HOST,0,NONE,0.0,0.0,0.0,0.0,0.0,0.5,False
VDR-12696,HOST,1,FIREWALL_DENY,0.0,4.0,2.0,0.0,2.2,0.65,False
VDR-11527.corp.local,HOST,0,NONE,0.0,0.0,0.0,0.0,0.0,0.5,False
vdr-12861,HOST,0,NONE,0.0,0.0,0.0,0.0,0.0,0.5,False
WS_10564,HOST,0,NONE,0.0,0.0,0.0,0.0,0.0,0.5,False
ws-11799,HOST,0,NONE,0.0,0.0,0.0,0.0,0.0,0.5,False
vdr-12415,HOST,0,NONE,0.0,1.0,0.0,0.0,0.4,0.5,False
VDR_10099,HOST,0,NONE,0.0,0.0,0.0,0.0,0.0,0.5,False
WS_11380,HOST,0,NONE,0.0,1.0,0.0,0.0,0.4,0.5,False
LPT-12778.corp.local,HOST,0,NONE,0.0,1.0,0.0,0.0,0.4,0.5,False
LPT-11369.corp.local,HOST,0,NONE,0.0,0.0,0.0,0.0,0.0,0.5,False
LPT-12370,HOST,0,NONE,0.0,1.0,2.0,0.0,1.0,0.5,False
WS_10415,HOST,0,NONE,0.0,0.0,0.0,0.0,0.0,0.5,False
WS-10882,HOST,2,FIREWALL_DENY|ENDPOINT,0.0,3.0,5.0,0.0,2.7,0.8,True
LPT-11658,HOST,0,NONE,0.0,2.0,1.0,0.0,1.1,0.5,False
WS_11141,HOST,0,NONE,0.0,0.0,0.0,0.0,0.0,0.5,False
vdr-12153,HOST,0,NONE,0.0,1.0,0.0,0.0,0.4,0.5,False
LPT_12094,HOST,0,NONE,0.0,1.0,0.0,0.0,0.4,0.5,False
VDR-12980,HOST,1,FIREWALL_DENY,0.0,4.0,2.0,0.0,2.2,0.65,False
WS-11218,HOST,1,ENDPOINT,0.0,1.0,4.0,0.0,1.6,0.65,False
lpt-11788,HOST,0,NONE,0.0,1.0,0.0,0.0,0.4,0.5,False
WS-12868,HOST,0,NONE,0.0,1.0,2.0,0.0,1.0,0.5,False
lpt-10702,HOST,0,NONE,0.0,0.0,0.0,0.0,0.0,0.5,False
lpt-10593,HOST,0,NONE,0.0,1.0,0.0,0.0,0.4,0.5,False
LPT-12864,HOST,1,ENDPOINT,0.0,2.0,3.0,0.0,1.7,0.65,False
LPT-12304,HOST,1,ENDPOINT,0.0,2.0,3.0,0.0,1.7,0.65,False
WS-10172,HOST,0,NONE,0.0,0.0,1.0,0.0,0.3,0.5,False
LPT-10008.corp.local,HOST,0,NONE,0.0,0.0,0.0,0.0,0.0,0.5,False
LPT-10092.corp.local,HOST,0,NONE,0.0,0.0,0.0,0.0,0.0,0.5,False
LPT-11890,HOST,1,FIREWALL_DENY,0.0,4.0,2.0,0.0,2.2,0.65,False
LPT-10590.corp.local,HOST,0,NONE,0.0,0.0,0.0,0.0,0.0,0.5,False
WS-10043.corp.local,HOST,0,NONE,0.0,0.0,0.0,0.0,0.0,0.5,False
VDR_11576,HOST,0,NONE,0.0,1.0,0.0,0.0,0.4,0.5,False
LPT-12824.corp.local,HOST,0,NONE,0.0,0.0,0.0,0.0,0.0,0.5,False
VDR-10380,HOST,1,ENDPOINT,0.0,1.0,3.0,0.0,1.3,0.65,False
LPT_10194,HOST,0,NONE,0.0,0.0,0.0,0.0,0.0,0.5,False
vdr-10296,HOST,0,NONE,0.0,0.0,0.0,0.0,0.0,0.5,False
vdr-10303,HOST,0,NONE,0.0,0.0,0.0,0.0,0.0,0.5,False
WS-12319,HOST,1,ENDPOINT,0.0,2.0,6.0,0.0,2.6,0.65,False
VDR-10864,HOST,1,FIREWALL_DENY,0.0,3.0,1.0,0.0,1.5,0.65,False
VDR_11038,HOST,0,NONE,0.0,0.0,0.0,0.0,0.0,0.5,False
VDR-11136,HOST,0,NONE,0.0,0.0,0.0,0.0,0.0,0.5,False
LPT-11483.,HOST,0,NONE,0.0,0.0,0.0,0.0,0.0,0.5,False
LPT-12603.corp.local,HOST,0,NONE,0.0,1.0,0.0,0.0,0.4,0.5,False
lpt-12843,HOST,0,NONE,0.0,1.0,0.0,0.0,0.4,0.5,False
ws-12454,HOST,0,NONE,0.0,2.0,0.0,0.0,0.8,0.5,False
vdr-10688,HOST,0,NONE,0.0,0.0,0.0,0.0,0.0,0.5,False
vdr-10152,HOST,0,NONE,0.0,0.0,0.0,0.0,0.0,0.5,False
VDR-10016,HOST,1,FIREWALL_DENY,0.0,3.0,1.0,0.0,1.5,0.65,False
WS-11454,HOST,0,NONE,0.0,0.0,2.0,0.0,0.6,0.5,False
LPT-11058,HOST,0,NONE,0.0,1.0,0.0,0.0,0.4,0.5,False
lpt-11280,HOST,0,NONE,0.0,1.0,0.0,0.0,0.4,0.5,False
LPT_11114,HOST,0,NONE,0.0,0.0,0.0,0.0,0.0,0.5,False
VDR-11665.,HOST,0,NONE,0.0,0.0,0.0,0.0,0.0,0.5,False
VDR_11718,HOST,0,NONE,0.0,0.0,0.0,0.0,0.0,0.5,False
ws-11878,HOST,0,NONE,0.0,0.0,0.0,0.0,0.0,0.5,False
ws-11248,HOST,0,NONE,0.0,1.0,0.0,0.0,0.4,0.5,False
lpt-12223,HOST,0,NONE,0.0,0.0,0.0,0.0,0.0,0.5,False
WS-10336,HOST,1,ENDPOINT,0.0,1.0,4.0,0.0,1.6,0.65,False
LPT-10212,HOST,1,ENDPOINT,0.0,1.0,3.0,0.0,1.3,0.65,False
WS-12097,HOST,1,ENDPOINT,0.0,2.0,4.0,0.0,2.0,0.65,False
LPT-12315,HOST,1,FIREWALL_DENY,0.0,4.0,2.0,0.0,2.2,0.65,False
VDR-11328,HOST,2,FIREWALL_DENY|ENDPOINT,0.0,3.0,4.0,0.0,2.4,0.8,True
vdr-10146,HOST,0,NONE,0.0,0.0,0.0,0.0,0.0,0.5,False
WS-12727,HOST,1,ENDPOINT,0.0,1.0,3.0,0.0,1.3,0.65,False
VDR_10690,HOST,0,NONE,0.0,0.0,0.0,0.0,0.0,0.5,False
LPT_11753,HOST,0,NONE,0.0,1.0,0.0,0.0,0.4,0.5,False
WS-11098,HOST,0,NONE,0.0,1.0,2.0,0.0,1.0,0.5,False
ws-12039,HOST,0,NONE,0.0,0.0,0.0,0.0,0.0,0.5,False
VDR_11327,HOST,0,NONE,0.0,0.0,0.0,0.0,0.0,0.5,False
ws-12224,HOST,0,NONE,0.0,1.0,0.0,0.0,0.4,0.5,False
WS-12753,HOST,0,NONE,0.0,0.0,0.0,0.0,0.0,0.5,False
WS-11477.corp.local,HOST,0,NONE,0.0,1.0,0.0,0.0,0.4,0.5,False
LPT-10366.corp.local,HOST,0,NONE,0.0,0.0,0.0,0.0,0.0,0.5,False
WS-12317.corp.local,HOST,0,NONE,0.0,0.0,0.0,0.0,0.0,0.5,False
WS-11390,HOST,1,ENDPOINT,0.0,1.0,3.0,0.0,1.3,0.65,False
LPT-11052,HOST,2,FIREWALL_DENY|ENDPOINT,0.0,3.0,3.0,0.0,2.1,0.8,True
lpt-11937,HOST,0,NONE,0.0,0.0,0.0,0.0,0.0,0.5,False
WS-10412,HOST,0,NONE,0.0,1.0,1.0,0.0,0.7,0.5,False
WS-12118,HOST,1,ENDPOINT,0.0,2.0,5.0,0.0,2.3,0.65,False
WS-12234,HOST,1,ENDPOINT,0.0,0.0,4.0,0.0,1.2,0.65,False
vdr-12707,HOST,0,NONE,0.0,0.0,0.0,0.0,0.0,0.5,False
LPT-11956.corp.local,HOST,0,NONE,0.0,0.0,0.0,0.0,0.0,0.5,False
VDR_10162,HOST,0,NONE,0.0,1.0,0.0,0.0,0.4,0.5,False
VDR-10326.corp.local,HOST,0,NONE,0.0,0.0,0.0,0.0,0.0,0.5,False
LPT-11763.corp.local,HOST,0,NONE,0.0,0.0,0.0,0.0,0.0,0.5,False
WS-11137,HOST,1,FIREWALL_DENY,0.0,3.0,1.0,0.0,1.5,0.65,False
VDR-12145,HOST,1,FIREWALL_DENY,0.0,4.0,0.0,0.0,1.6,0.65,False
LPT-11440.corp.local,HOST,0,NONE,0.0,0.0,0.0,0.0,0.0,0.5,False
LPT-11123,HOST,1,ENDPOINT,0.0,0.0,3.0,0.0,0.9,0.65,False
LPT-12640,HOST,1,ENDPOINT,0.0,2.0,3.0,0.0,1.7,0.65,False
LPT-11655.corp.local,HOST,0,NONE,0.0,0.0,0.0,0.0,0.0,0.5,False
LPT-11638,HOST,1,ENDPOINT,0.0,2.0,5.0,0.0,2.3,0.65,False
VDR-12184,HOST,0,NONE,0.0,1.0,2.0,0.0,1.0,0.5,False
WS-11332,HOST,2,FIREWALL_DENY|ENDPOINT,0.0,3.0,3.0,0.0,2.1,0.8,True
WS-10739.corp.local,HOST,0,NONE,0.0,0.0,0.0,0.0,0.0,0.5,False
VDR-10532.corp.local,HOST,0,NONE,0.0,0.0,0.0,0.0,0.0,0.5,False
ws-12742,HOST,0,NONE,0.0,0.0,0.0,0.0,0.0,0.5,False
vdr-11387,HOST,0,NONE,0.0,2.0,0.0,0.0,0.8,0.5,False
LPT-10580,HOST,1,ENDPOINT,0.0,1.0,3.0,0.0,1.3,0.65,False
VDR-12451.corp.local,HOST,0,NONE,0.0,0.0,0.0,0.0,0.0,0.5,False
WS_10696,HOST,0,NONE,0.0,0.0,0.0,0.0,0.0,0.5,False
LPT-12628.,HOST,0,NONE,0.0,0.0,0.0,0.0,0.0,0.5,False
vdr-12740,HOST,0,NONE,0.0,1.0,0.0,0.0,0.4,0.5,False
ws-11041,HOST,0,NONE,0.0,0.0,0.0,0.0,0.0,0.5,False
lpt-12970,HOST,0,NONE,0.0,1.0,0.0,0.0,0.4,0.5,False
VDR-12932,HOST,0,NONE,0.0,1.0,1.0,0.0,0.7,0.5,False
VDR_12325,HOST,0,NONE,0.0,0.0,0.0,0.0,0.0,0.5,False
WS-11435,HOST,0,NONE,0.0,1.0,2.0,0.0,1.0,0.5,False
LPT-12710,HOST,0,NONE,0.0,1.0,1.0,0.0,0.7,0.5,False
VDR-10449,HOST,2,FIREWALL_DENY|ENDPOINT,0.0,4.0,4.0,0.0,2.8,0.8,True
LPT_10912,HOST,0,NONE,0.0,1.0,0.0,0.0,0.4,0.5,False
ws-11313,HOST,0,NONE,0.0,0.0,0.0,0.0,0.0,0.5,False
lpt-11356,HOST,0,NONE,0.0,0.0,0.0,0.0,0.0,0.5,False
WS-12853,HOST,0,NONE,0.0,0.0,2.0,0.0,0.6,0.5,False
LPT-11501.corp.local,HOST,0,NONE,0.0,1.0,0.0,0.0,0.4,0.5,False
LPT-12641.corp.local,HOST,0,NONE,0.0,0.0,0.0,0.0,0.0,0.5,False
VDR-12404.corp.local,HOST,0,NONE,0.0,0.0,0.0,0.0,0.0,0.5,False
LPT_11907,HOST,0,NONE,0.0,1.0,0.0,0.0,0.4,0.5,False
VDR-10270.corp.local,HOST,0,NONE,0.0,0.0,0.0,0.0,0.0,0.5,False
LPT-12831,HOST,0,NONE,0.0,2.0,2.0,0.0,1.4,0.5,False
VDR-12497.,HOST,0,NONE,0.0,0.0,0.0,0.0,0.0,0.5,False
VDR-10031,HOST,1,ENDPOINT,0.0,1.0,4.0,0.0,1.6,0.65,False
LPT-10989,HOST,1,FIREWALL_DENY,0.0,4.0,1.0,0.0,1.9,0.65,False
lpt-12428,HOST,0,NONE,0.0,0.0,0.0,0.0,0.0,0.5,False
WS-12125.corp.local,HOST,0,NONE,0.0,0.0,0.0,0.0,0.0,0.5,False
WS-12987,HOST,0,NONE,0.0,1.0,2.0,0.0,1.0,0.5,False
VDR-11772,HOST,1,FIREWALL_DENY,0.0,3.0,2.0,0.0,1.8,0.65,False
LPT-12943,HOST,0,NONE,0.0,0.0,1.0,0.0,0.3,0.5,False
VDR-12705,HOST,1,FIREWALL_DENY,0.0,3.0,0.0,0.0,1.2,0.65,False
WS-12204.corp.local,HOST,0,NONE,0.0,0.0,0.0,0.0,0.0,0.5,False
LPT-11373,HOST,0,NONE,0.0,1.0,2.0,0.0,1.0,0.5,False
VDR-11490,HOST,0,NONE,0.0,1.0,2.0,0.0,1.0,0.5,False
LPT-12351.corp.local,HOST,0,NONE,0.0,1.0,0.0,0.0,0.4,0.5,False
vdr-10234,HOST,0,NONE,0.0,1.0,0.0,0.0,0.4,0.5,False
VDR-11500,HOST,0,NONE,0.0,1.0,1.0,0.0,0.7,0.5,False
VDR-10388.corp.local,HOST,0,NONE,0.0,0.0,0.0,0.0,0.0,0.5,False
vdr-12052,HOST,0,NONE,0.0,1.0,0.0,0.0,0.4,0.5,False
LPT-12425.corp.local,HOST,0,NONE,0.0,0.0,0.0,0.0,0.0,0.5,False
LPT-12006,HOST,0,NONE,0.0,2.0,1.0,0.0,1.1,0.5,False
WS-11287.corp.local,HOST,0,NONE,0.0,0.0,0.0,0.0,0.0,0.5,False
VDR-10482,HOST,1,ENDPOINT,0.0,1.0,4.0,0.0,1.6,0.65,False
LPT-12767,HOST,0,NONE,0.0,2.0,1.0,0.0,1.1,0.5,False
ws-11006,HOST,0,NONE,0.0,0.0,0.0,0.0,0.0,0.5,False
LPT-11453.corp.local,HOST,0,NONE,0.0,1.0,0.0,0.0,0.4,0.5,False
ws-11354,HOST,0,NONE,0.0,1.0,0.0,0.0,0.4,0.5,False
VDR-11576.corp.local,HOST,0,NONE,0.0,1.0,0.0,0.0,0.4,0.5,False
WS-12845.,HOST,0,NONE,0.0,0.0,0.0,0.0,0.0,0.5,False
WS_11059,HOST,0,NONE,0.0,0.0,0.0,0.0,0.0,0.5,False
VDR-11082,HOST,1,ENDPOINT,0.0,2.0,3.0,0.0,1.7,0.65,False
WS_11461,HOST,0,NONE,0.0,0.0,0.0,0.0,0.0,0.5,False
WS-11308,HOST,0,NONE,0.0,2.0,1.0,0.0,1.1,0.5,False
lpt-11990,HOST,0,NONE,0.0,1.0,0.0,0.0,0.4,0.5,False
VDR_11439,HOST,0,NONE,0.0,1.0,0.0,0.0,0.4,0.5,False
WS-11972,HOST,1,ENDPOINT,0.0,1.0,6.0,0.0,2.2,0.65,False
WS-10615,HOST,1,ENDPOINT,0.0,1.0,3.0,0.0,1.3,0.65,False
LPT-12205.corp.local,HOST,0,NONE,0.0,0.0,0.0,0.0,0.0,0.5,False
VDR_12948,HOST,0,NONE,0.0,0.0,0.0,0.0,0.0,0.5,False
WS-10979,HOST,0,NONE,0.0,2.0,1.0,0.0,1.1,0.5,False
LPT_12223,HOST,0,NONE,0.0,1.0,0.0,0.0,0.4,0.5,False
VDR-10118,HOST,1,ENDPOINT,0.0,0.0,5.0,0.0,1.5,0.65,False
VDR-11586,HOST,1,ENDPOINT,0.0,1.0,4.0,0.0,1.6,0.65,False
WS-10319,HOST,0,NONE,0.0,2.0,1.0,0.0,1.1,0.5,False
WS-11458,HOST,0,NONE,0.0,2.0,2.0,0.0,1.4,0.5,False
WS-10419.corp.local,HOST,0,NONE,0.0,2.0,0.0,0.0,0.8,0.5,False
WS-12031,HOST,0,NONE,0.0,1.0,2.0,0.0,1.0,0.5,False
lpt-10853,HOST,0,NONE,0.0,0.0,0.0,0.0,0.0,0.5,False
VDR-10627,HOST,2,FIREWALL_DENY|ENDPOINT,0.0,4.0,3.0,0.0,2.5,0.8,True
LPT_11489,HOST,0,NONE,0.0,0.0,0.0,0.0,0.0,0.5,False
LPT-10469,HOST,1,ENDPOINT,0.0,2.0,4.0,0.0,2.0,0.65,False
WS-10729,HOST,2,FIREWALL_DENY|ENDPOINT,0.0,4.0,3.0,0.0,2.5,0.8,True
LPT-11649.,HOST,0,NONE,0.0,0.0,0.0,0.0,0.0,0.5,False
WS-10470,HOST,1,ENDPOINT,0.0,1.0,3.0,0.0,1.3,0.65,False
lpt-12315,HOST,0,NONE,0.0,0.0,0.0,0.0,0.0,0.5,False
LPT-10257,HOST,0,NONE,0.0,0.0,1.0,0.0,0.3,0.5,False
WS-10722,HOST,1,ENDPOINT,0.0,0.0,3.0,0.0,0.9,0.65,False
VDR-12095,HOST,1,ENDPOINT,0.0,1.0,7.0,0.0,2.5,0.65,False
VDR-12568.corp.local,HOST,0,NONE,0.0,1.0,0.0,0.0,0.4,0.5,False
ws-10707,HOST,0,NONE,0.0,0.0,0.0,0.0,0.0,0.5,False
lpt-10855,HOST,0,NONE,0.0,0.0,0.0,0.0,0.0,0.5,False
VDR-12480,HOST,0,NONE,0.0,2.0,2.0,0.0,1.4,0.5,False
VDR-11629.corp.local,HOST,0,NONE,0.0,2.0,0.0,0.0,0.8,0.5,False
LPT-10390,HOST,0,NONE,0.0,1.0,1.0,0.0,0.7,0.5,False
WS_11424,HOST,0,NONE,0.0,1.0,0.0,0.0,0.4,0.5,False
ws-10023,HOST,0,NONE,0.0,0.0,0.0,0.0,0.0,0.5,False
vdr-10056,HOST,0,NONE,0.0,1.0,0.0,0.0,0.4,0.5,False
VDR_11413,HOST,0,NONE,0.0,1.0,0.0,0.0,0.4,0.5,False
WS-10649.corp.local,HOST,0,NONE,0.0,0.0,0.0,0.0,0.0,0.5,False
LPT-12899.corp.local,HOST,0,NONE,0.0,0.0,0.0,0.0,0.0,0.5,False
WS_10419,HOST,0,NONE,0.0,0.0,0.0,0.0,0.0,0.5,False
VDR-10404,HOST,0,NONE,0.0,2.0,2.0,0.0,1.4,0.5,False
LPT-10302,HOST,1,ENDPOINT,0.0,0.0,4.0,0.0,1.2,0.65,False
VDR_10499,HOST,0,NONE,0.0,0.0,0.0,0.0,0.0,0.5,False
VDR-11350,HOST,0,NONE,0.0,1.0,1.0,0.0,0.7,0.5,False
VDR_12237,HOST,0,NONE,0.0,0.0,0.0,0.0,0.0,0.5,False
lpt-12735,HOST,0,NONE,0.0,0.0,0.0,0.0,0.0,0.5,False
vdr-11256,HOST,0,NONE,0.0,0.0,0.0,0.0,0.0,0.5,False
WS-12793,HOST,0,NONE,0.0,1.0,2.0,0.0,1.0,0.5,False
VDR-12784.corp.local,HOST,0,NONE,0.0,2.0,0.0,0.0,0.8,0.5,False
WS-12686.corp.local,HOST,0,NONE,0.0,1.0,0.0,0.0,0.4,0.5,False
WS-10014,HOST,1,ENDPOINT,0.0,0.0,4.0,0.0,1.2,0.65,False
LPT-10860,HOST,0,NONE,0.0,1.0,1.0,0.0,0.7,0.5,False
WS-12812,HOST,0,NONE,0.0,2.0,2.0,0.0,1.4,0.5,False
WS-10211,HOST,0,NONE,0.0,0.0,2.0,0.0,0.6,0.5,False
VDR-11622.corp.local,HOST,0,NONE,0.0,1.0,0.0,0.0,0.4,0.5,False
WS-10500,HOST,1,ENDPOINT,0.0,2.0,4.0,0.0,2.0,0.65,False
VDR-10238.corp.local,HOST,0,NONE,0.0,0.0,0.0,0.0,0.0,0.5,False
vdr-11931,HOST,0,NONE,0.0,0.0,0.0,0.0,0.0,0.5,False
LPT_12103,HOST,0,NONE,0.0,0.0,0.0,0.0,0.0,0.5,False
WS-12511,HOST,0,NONE,0.0,1.0,1.0,0.0,0.7,0.5,False
LPT-12766,HOST,2,FIREWALL_DENY|ENDPOINT,0.0,3.0,3.0,0.0,2.1,0.8,True
VDR-12013,HOST,1,ENDPOINT,0.0,1.0,3.0,0.0,1.3,0.65,False
VDR_11702,HOST,0,NONE,0.0,0.0,0.0,0.0,0.0,0.5,False
WS-10219.corp.local,HOST,0,NONE,0.0,0.0,0.0,0.0,0.0,0.5,False
LPT-11990.corp.local,HOST,0,NONE,0.0,0.0,0.0,0.0,0.0,0.5,False
VDR-10977.corp.local,HOST,0,NONE,0.0,0.0,0.0,0.0,0.0,0.5,False
vdr-12893,HOST,0,NONE,0.0,1.0,0.0,0.0,0.4,0.5,False
LPT-12520,HOST,0,NONE,0.0,1.0,2.0,0.0,1.0,0.5,False
LPT_10612,HOST,0,NONE,0.0,1.0,0.0,0.0,0.4,0.5,False
WS_11513,HOST,0,NONE,0.0,1.0,0.0,0.0,0.4,0.5,False
LPT-12538,HOST,0,NONE,0.0,2.0,2.0,0.0,1.4,0.5,False
lpt-12299,HOST,0,NONE,0.0,0.0,0.0,0.0,0.0,0.5,False
WS-10876,HOST,1,ENDPOINT,0.0,0.0,5.0,0.0,1.5,0.65,False
ws-10149,HOST,0,NONE,0.0,0.0,0.0,0.0,0.0,0.5,False
WS-10739,HOST,1,ENDPOINT,0.0,1.0,3.0,0.0,1.3,0.65,False
LPT-10345.corp.local,HOST,0,NONE,0.0,0.0,0.0,0.0,0.0,0.5,False
VDR-11578.corp.local,HOST,0,NONE,0.0,0.0,0.0,0.0,0.0,0.5,False
ws-11230,HOST,0,NONE,0.0,0.0,0.0,0.0,0.0,0.5,False
VDR-12483,HOST,1,ENDPOINT,0.0,0.0,4.0,0.0,1.2,0.65,False
LPT_12301,HOST,0,NONE,0.0,0.0,0.0,0.0,0.0,0.5,False
LPT-11870.,HOST,0,NONE,0.0,0.0,0.0,0.0,0.0,0.5,False
VDR-11272,HOST,1,ENDPOINT,0.0,1.0,4.0,0.0,1.6,0.65,False
LPT_10100,HOST,0,NONE,0.0,0.0,0.0,0.0,0.0,0.5,False
VDR_11136,HOST,0,NONE,0.0,0.0,0.0,0.0,0.0,0.5,False
LPT-11254.corp.local,HOST,0,NONE,0.0,0.0,0.0,0.0,0.0,0.5,False
VDR-11602,HOST,2,FIREWALL_DENY|ENDPOINT,0.0,3.0,3.0,0.0,2.1,0.8,True
lpt-11452,HOST,0,NONE,0.0,0.0,0.0,0.0,0.0,0.5,False
LPT_11830,HOST,0,NONE,0.0,0.0,0.0,0.0,0.0,0.5,False
ws-12756,HOST,0,NONE,0.0,0.0,0.0,0.0,0.0,0.5,False
WS-11543,HOST,0,NONE,0.0,2.0,2.0,0.0,1.4,0.5,False
LPT-11732.corp.local,HOST,0,NONE,0.0,2.0,0.0,0.0,0.8,0.5,False
WS-11530.corp.local,HOST,0,NONE,0.0,0.0,0.0,0.0,0.0,0.5,False
WS-10645,HOST,1,ENDPOINT,0.0,0.0,3.0,0.0,0.9,0.65,False
WS-11536,HOST,2,FIREWALL_DENY|ENDPOINT,0.0,3.0,4.0,0.0,2.4,0.8,True
VDR-10528.,HOST,0,NONE,0.0,0.0,0.0,0.0,0.0,0.5,False
lpt-11346,HOST,0,NONE,0.0,0.0,0.0,0.0,0.0,0.5,False
VDR_10260,HOST,0,NONE,0.0,1.0,0.0,0.0,0.4,0.5,False
WS-11899.,HOST,0,NONE,0.0,0.0,0.0,0.0,0.0,0.5,False
WS-12711,HOST,1,ENDPOINT,0.0,2.0,3.0,0.0,1.7,0.65,False
vdr-10170,HOST,0,NONE,0.0,0.0,0.0,0.0,0.0,0.5,False
VDR-12423.corp.local,HOST,0,NONE,0.0,1.0,0.0,0.0,0.4,0.5,False
VDR-11643,HOST,1,ENDPOINT,0.0,1.0,4.0,0.0,1.6,0.65,False
VDR_11946,HOST,0,NONE,0.0,1.0,0.0,0.0,0.4,0.5,False
lpt-10131,HOST,0,NONE,0.0,0.0,0.0,0.0,0.0,0.5,False
vdr-11487,HOST,0,NONE,0.0,0.0,0.0,0.0,0.0,0.5,False
lpt-10753,HOST,0,NONE,0.0,1.0,0.0,0.0,0.4,0.5,False
lpt-10742,HOST,0,NONE,0.0,0.0,0.0,0.0,0.0,0.5,False
LPT-10028,HOST,1,ENDPOINT,0.0,2.0,4.0,0.0,2.0,0.65,False
VDR-11150,HOST,2,FIREWALL_DENY|ENDPOINT,0.0,4.0,3.0,0.0,2.5,0.8,True
LPT_11770,HOST,0,NONE,0.0,0.0,0.0,0.0,0.0,0.5,False
LPT-10545,HOST,2,FIREWALL_DENY|ENDPOINT,0.0,3.0,5.0,0.0,2.7,0.8,True
VDR_10598,HOST,0,NONE,0.0,0.0,0.0,0.0,0.0,0.5,False
lpt-11668,HOST,0,NONE,0.0,0.0,0.0,0.0,0.0,0.5,False
lpt-12476,HOST,0,NONE,0.0,0.0,0.0,0.0,0.0,0.5,False
LPT-12088,HOST,1,ENDPOINT,0.0,2.0,3.0,0.0,1.7,0.65,False
LPT-10066,HOST,1,FIREWALL_DENY,0.0,3.0,2.0,0.0,1.8,0.65,False
WS-10088,HOST,1,FIREWALL_DENY,0.0,3.0,2.0,0.0,1.8,0.65,False
lpt-10782,HOST,0,NONE,0.0,0.0,0.0,0.0,0.0,0.5,False
WS-12176,HOST,0,NONE,0.0,0.0,2.0,0.0,0.6,0.5,False
lpt-12609,HOST,0,NONE,0.0,0.0,0.0,0.0,0.0,0.5,False
LPT_12016,HOST,0,NONE,0.0,2.0,0.0,0.0,0.8,0.5,False
VDR-10478,HOST,1,ENDPOINT,0.0,2.0,4.0,0.0,2.0,0.65,False
LPT-12795,HOST,1,ENDPOINT,0.0,1.0,3.0,0.0,1.3,0.65,False
vdr-12847,HOST,0,NONE,0.0,0.0,0.0,0.0,0.0,0.5,False
vdr-12328,HOST,0,NONE,0.0,1.0,0.0,0.0,0.4,0.5,False
ws-11760,HOST,0,NONE,0.0,0.0,0.0,0.0,0.0,0.5,False
LPT-11035.corp.local,HOST,0,NONE,0.0,0.0,0.0,0.0,0.0,0.5,False
vdr-11951,HOST,0,NONE,0.0,1.0,0.0,0.0,0.4,0.5,False
vdr-12896,HOST,0,NONE,0.0,0.0,0.0,0.0,0.0,0.5,False
VDR_12684,HOST,0,NONE,0.0,0.0,0.0,0.0,0.0,0.5,False
WS-11059,HOST,0,NONE,0.0,1.0,2.0,0.0,1.0,0.5,False
WS_11067,HOST,0,NONE,0.0,0.0,0.0,0.0,0.0,0.5,False
VDR-10514,HOST,0,NONE,0.0,0.0,2.0,0.0,0.6,0.5,False
VDR-12564,HOST,2,FIREWALL_DENY|ENDPOINT,0.0,3.0,3.0,0.0,2.1,0.8,True
WS-12485,HOST,1,ENDPOINT,0.0,1.0,5.0,0.0,1.9,0.65,False
LPT-11086,HOST,2,FIREWALL_DENY|ENDPOINT,0.0,5.0,4.0,0.0,3.2,0.8,True
VDR-11071,HOST,0,NONE,0.0,1.0,1.0,0.0,0.7,0.5,False
LPT-12722.corp.local,HOST,0,NONE,0.0,0.0,0.0,0.0,0.0,0.5,False
lpt-10425,HOST,0,NONE,0.0,0.0,0.0,0.0,0.0,0.5,False
VDR_11118,HOST,0,NONE,0.0,0.0,0.0,0.0,0.0,0.5,False
ws-12887,HOST,0,NONE,0.0,1.0,0.0,0.0,0.4,0.5,False
LPT-11103,HOST,1,ENDPOINT,0.0,2.0,3.0,0.0,1.7,0.65,False
WS-10722.corp.local,HOST,0,NONE,0.0,1.0,0.0,0.0,0.4,0.5,False
WS-11049.corp.local,HOST,0,NONE,0.0,0.0,0.0,0.0,0.0,0.5,False
WS-11957,HOST,0,NONE,0.0,1.0,2.0,0.0,1.0,0.5,False
VDR-10947.corp.local,HOST,0,NONE,0.0,0.0,0.0,0.0,0.0,0.5,False
WS-10978,HOST,0,NONE,0.0,2.0,1.0,0.0,1.1,0.5,False
WS-11750,HOST,0,NONE,0.0,0.0,0.0,0.0,0.0,0.5,False
LPT-12541,HOST,0,NONE,0.0,1.0,1.0,0.0,0.7,0.5,False
WS-10472.corp.local,HOST,0,NONE,0.0,0.0,0.0,0.0,0.0,0.5,False
LPT-11161.corp.local,HOST,0,NONE,0.0,0.0,0.0,0.0,0.0,0.5,False
WS_11309,HOST,0,NONE,0.0,0.0,0.0,0.0,0.0,0.5,False
VDR_11400,HOST,0,NONE,0.0,0.0,0.0,0.0,0.0,0.5,False
WS-12124,HOST,1,FIREWALL_DENY,0.0,3.0,0.0,0.0,1.2,0.65,False
VDR-12075.corp.local,HOST,0,NONE,0.0,1.0,0.0,0.0,0.4,0.5,False
vdr-12647,HOST,0,NONE,0.0,0.0,0.0,0.0,0.0,0.5,False
WS-12050,HOST,1,ENDPOINT,0.0,1.0,3.0,0.0,1.3,0.65,False
WS-10506.corp.local,HOST,0,NONE,0.0,0.0,0.0,0.0,0.0,0.5,False
WS_11671,HOST,0,NONE,0.0,1.0,0.0,0.0,0.4,0.5,False
vdr-12019,HOST,0,NONE,0.0,1.0,0.0,0.0,0.4,0.5,False
WS_11620,HOST,0,NONE,0.0,0.0,0.0,0.0,0.0,0.5,False
WS-11329,HOST,0,NONE,0.0,0.0,2.0,0.0,0.6,0.5,False
WS_11723,HOST,0,NONE,0.0,0.0,0.0,0.0,0.0,0.5,False
WS-11126.corp.local,HOST,0,NONE,0.0,0.0,0.0,0.0,0.0,0.5,False
VDR-11449,HOST,0,NONE,0.0,2.0,2.0,0.0,1.4,0.5,False
lpt-12280,HOST,0,NONE,0.0,0.0,0.0,0.0,0.0,0.5,False
ws-10572,HOST,0,NONE,0.0,0.0,0.0,0.0,0.0,0.5,False
WS-11098.,HOST,0,NONE,0.0,0.0,0.0,0.0,0.0,0.5,False
WS-12035,HOST,1,FIREWALL_DENY,0.0,4.0,1.0,0.0,1.9,0.65,False
lpt-12016,HOST,0,NONE,0.0,1.0,0.0,0.0,0.4,0.5,False
WS-11948,HOST,0,NONE,0.0,0.0,2.0,0.0,0.6,0.5,False
LPT-11661.corp.local,HOST,0,NONE,0.0,0.0,0.0,0.0,0.0,0.5,False
ws-11366,HOST,0,NONE,0.0,0.0,0.0,0.0,0.0,0.5,False
ws-11715,HOST,0,NONE,0.0,1.0,0.0,0.0,0.4,0.5,False
VDR_11338,HOST,0,NONE,0.0,0.0,0.0,0.0,0.0,0.5,False
vdr-12241,HOST,0,NONE,0.0,0.0,0.0,0.0,0.0,0.5,False
LPT_10593,HOST,0,NONE,0.0,0.0,0.0,0.0,0.0,0.5,False
LPT-12974,HOST,1,FIREWALL_DENY,0.0,4.0,0.0,0.0,1.6,0.65,False
VDR_11056,HOST,0,NONE,0.0,0.0,0.0,0.0,0.0,0.5,False
VDR_10713,HOST,0,NONE,0.0,0.0,0.0,0.0,0.0,0.5,False
VDR-11718,HOST,0,NONE,0.0,1.0,2.0,0.0,1.0,0.5,False
WS-11469,HOST,1,ENDPOINT,0.0,1.0,3.0,0.0,1.3,0.65,False
WS-10572,HOST,0,NONE,0.0,2.0,2.0,0.0,1.4,0.5,False
LPT_12263,HOST,0,NONE,0.0,0.0,0.0,0.0,0.0,0.5,False
WS-12311,HOST,1,ENDPOINT,0.0,2.0,4.0,0.0,2.0,0.65,False
vdr-10007,HOST,0,NONE,0.0,1.0,0.0,0.0,0.4,0.5,False
ws-11456,HOST,0,NONE,0.0,1.0,0.0,0.0,0.4,0.5,False
LPT-12762.corp.local,HOST,0,NONE,0.0,1.0,0.0,0.0,0.4,0.5,False
VDR-12272,HOST,1,ENDPOINT,0.0,1.0,3.0,0.0,1.3,0.65,False
VDR-12591.corp.local,HOST,0,NONE,0.0,1.0,0.0,0.0,0.4,0.5,False
WS-10379.corp.local,HOST,0,NONE,0.0,0.0,0.0,0.0,0.0,0.5,False
LPT_10381,HOST,0,NONE,0.0,1.0,0.0,0.0,0.4,0.5,False
LPT-12305.corp.local,HOST,0,NONE,0.0,0.0,0.0,0.0,0.0,0.5,False
WS_12822,HOST,0,NONE,0.0,1.0,0.0,0.0,0.4,0.5,False
ws-11612,HOST,0,NONE,0.0,0.0,0.0,0.0,0.0,0.5,False
lpt-11574,HOST,0,NONE,0.0,0.0,0.0,0.0,0.0,0.5,False
LPT-11359,HOST,1,ENDPOINT,0.0,0.0,3.0,0.0,0.9,0.65,False
VDR_11731,HOST,0,NONE,0.0,0.0,0.0,0.0,0.0,0.5,False
LPT-10428,HOST,0,NONE,0.0,0.0,1.0,0.0,0.3,0.5,False
VDR-12200.corp.local,HOST,0,NONE,0.0,0.0,0.0,0.0,0.0,0.5,False
vdr-12676,HOST,0,NONE,0.0,0.0,0.0,0.0,0.0,0.5,False
lpt-10112,HOST,0,NONE,0.0,0.0,0.0,0.0,0.0,0.5,False
WS_10918,HOST,0,NONE,0.0,0.0,0.0,0.0,0.0,0.5,False
VDR-10793.corp.local,HOST,0,NONE,0.0,1.0,0.0,0.0,0.4,0.5,False
WS-12242,HOST,0,NONE,0.0,1.0,1.0,0.0,0.7,0.5,False
lpt-12171,HOST,0,NONE,0.0,1.0,0.0,0.0,0.4,0.5,False
LPT_10854,HOST,0,NONE,0.0,0.0,0.0,0.0,0.0,0.5,False
vdr-11021,HOST,0,NONE,0.0,0.0,0.0,0.0,0.0,0.5,False
VDR-10587,HOST,1,FIREWALL_DENY,0.0,5.0,2.0,0.0,2.6,0.65,False
WS_12589,HOST,0,NONE,0.0,0.0,0.0,0.0,0.0,0.5,False
ws-10826,HOST,0,NONE,0.0,0.0,0.0,0.0,0.0,0.5,False
ws-12898,HOST,0,NONE,0.0,0.0,0.0,0.0,0.0,0.5,False
vdr-10285,HOST,0,NONE,0.0,1.0,0.0,0.0,0.4,0.5,False
vdr-12959,HOST,0,NONE,0.0,0.0,0.0,0.0,0.0,0.5,False
VDR-11617,HOST,2,FIREWALL_DENY|ENDPOINT,0.0,3.0,5.0,0.0,2.7,0.8,True
VDR-10218,HOST,0,NONE,0.0,1.0,1.0,0.0,0.7,0.5,False
ws-10288,HOST,0,NONE,0.0,0.0,0.0,0.0,0.0,0.5,False
VDR-10533.corp.local,HOST,0,NONE,0.0,1.0,0.0,0.0,0.4,0.5,False
ws-11106,HOST,0,NONE,0.0,0.0,0.0,0.0,0.0,0.5,False
LPT-12364,HOST,0,NONE,0.0,1.0,2.0,0.0,1.0,0.5,False
LPT_12741,HOST,0,NONE,0.0,0.0,0.0,0.0,0.0,0.5,False
LPT_10205,HOST,0,NONE,0.0,0.0,0.0,0.0,0.0,0.5,False
VDR-10595.,HOST,0,NONE,0.0,0.0,0.0,0.0,0.0,0.5,False
vdr-11575,HOST,0,NONE,0.0,1.0,0.0,0.0,0.4,0.5,False
VDR-11932.,HOST,0,NONE,0.0,0.0,0.0,0.0,0.0,0.5,False
VDR-11112,HOST,1,ENDPOINT,0.0,1.0,3.0,0.0,1.3,0.65,False
WS-11106,HOST,0,NONE,0.0,2.0,1.0,0.0,1.1,0.5,False
vdr-10357,HOST,0,NONE,0.0,1.0,0.0,0.0,0.4,0.5,False
LPT-11459,HOST,1,ENDPOINT,0.0,1.0,3.0,0.0,1.3,0.65,False
WS-10341.corp.local,HOST,0,NONE,0.0,1.0,0.0,0.0,0.4,0.5,False
LPT-12877.corp.local,HOST,0,NONE,0.0,0.0,0.0,0.0,0.0,0.5,False
VDR_11889,HOST,0,NONE,0.0,0.0,0.0,0.0,0.0,0.5,False
VDR-12764,HOST,1,ENDPOINT,0.0,0.0,3.0,0.0,0.9,0.65,False
WS-10023,HOST,0,NONE,0.0,2.0,2.0,0.0,1.4,0.5,False
LPT-12299.corp.local,HOST,0,NONE,0.0,1.0,0.0,0.0,0.4,0.5,False
LPT-11925,HOST,0,NONE,0.0,0.0,2.0,0.0,0.6,0.5,False
VDR-11130,HOST,1,ENDPOINT,0.0,0.0,5.0,0.0,1.5,0.65,False
lpt-10041,HOST,0,NONE,0.0,0.0,0.0,0.0,0.0,0.5,False
VDR-12312,HOST,0,NONE,0.0,0.0,1.0,0.0,0.3,0.5,False
WS-12631.corp.local,HOST,0,NONE,0.0,0.0,0.0,0.0,0.0,0.5,False
VDR_11087,HOST,0,NONE,0.0,0.0,0.0,0.0,0.0,0.5,False
WS-11159,HOST,0,NONE,0.0,0.0,1.0,0.0,0.3,0.5,False
LPT_10956,HOST,0,NONE,0.0,0.0,0.0,0.0,0.0,0.5,False
LPT-11146.corp.local,HOST,0,NONE,0.0,1.0,0.0,0.0,0.4,0.5,False
VDR-12919.corp.local,HOST,0,NONE,0.0,0.0,0.0,0.0,0.0,0.5,False
VDR-12152.corp.local,HOST,0,NONE,0.0,0.0,0.0,0.0,0.0,0.5,False
WS-11044,HOST,0,NONE,0.0,2.0,1.0,0.0,1.1,0.5,False
vdr-10124,HOST,0,NONE,0.0,1.0,0.0,0.0,0.4,0.5,False
vdr-12789,HOST,0,NONE,0.0,0.0,0.0,0.0,0.0,0.5,False
lpt-10410,HOST,0,NONE,0.0,1.0,0.0,0.0,0.4,0.5,False
lpt-11917,HOST,0,NONE,0.0,1.0,0.0,0.0,0.4,0.5,False
LPT-11023.corp.local,HOST,0,NONE,0.0,0.0,0.0,0.0,0.0,0.5,False
VDR-10792.corp.local,HOST,0,NONE,0.0,1.0,0.0,0.0,0.4,0.5,False
ws-11898,HOST,0,NONE,0.0,0.0,0.0,0.0,0.0,0.5,False
LPT-12608.corp.local,HOST,0,NONE,0.0,0.0,0.0,0.0,0.0,0.5,False
WS-10938,HOST,1,FIREWALL_DENY,0.0,3.0,1.0,0.0,1.5,0.65,False
WS-12188.corp.local,HOST,0,NONE,0.0,0.0,0.0,0.0,0.0,0.5,False
LPT-12652,HOST,0,NONE,0.0,1.0,2.0,0.0,1.0,0.5,False
vdr-12638,HOST,0,NONE,0.0,1.0,0.0,0.0,0.4,0.5,False
lpt-10583,HOST,0,NONE,0.0,0.0,0.0,0.0,0.0,0.5,False
ws-12368,HOST,0,NONE,0.0,0.0,0.0,0.0,0.0,0.5,False
lpt-10302,HOST,0,NONE,0.0,0.0,0.0,0.0,0.0,0.5,False
LPT-11376,HOST,1,ENDPOINT,0.0,1.0,6.0,0.0,2.2,0.65,False
vdr-11508,HOST,0,NONE,0.0,0.0,0.0,0.0,0.0,0.5,False
VDR-12005,HOST,1,ENDPOINT,0.0,2.0,4.0,0.0,2.0,0.65,False
WS-12531,HOST,0,NONE,0.0,0.0,2.0,0.0,0.6,0.5,False
lpt-12962,HOST,0,NONE,0.0,0.0,0.0,0.0,0.0,0.5,False
vdr-11224,HOST,0,NONE,0.0,0.0,0.0,0.0,0.0,0.5,False
vdr-11754,HOST,0,NONE,0.0,1.0,0.0,0.0,0.4,0.5,False
lpt-10738,HOST,0,NONE,0.0,0.0,0.0,0.0,0.0,0.5,False
VDR_12318,HOST,0,NONE,0.0,0.0,0.0,0.0,0.0,0.5,False
WS-12356.corp.local,HOST,0,NONE,0.0,0.0,0.0,0.0,0.0,0.5,False
vdr-11768,HOST,0,NONE,0.0,1.0,0.0,0.0,0.4,0.5,False
WS-12855,HOST,1,ENDPOINT,0.0,1.0,3.0,0.0,1.3,0.65,False
ws-11791,HOST,0,NONE,0.0,0.0,0.0,0.0,0.0,0.5,False
WS_11987,HOST,0,NONE,0.0,0.0,0.0,0.0,0.0,0.5,False
ws-11743,HOST,0,NONE,0.0,0.0,0.0,0.0,0.0,0.5,False
VDR-10767,HOST,0,NONE,0.0,0.0,1.0,0.0,0.3,0.5,False
LPT-11519,HOST,1,ENDPOINT,0.0,0.0,3.0,0.0,0.9,0.65,False
VDR-12395.corp.local,HOST,0,NONE,0.0,1.0,0.0,0.0,0.4,0.5,False
WS-11814.corp.local,HOST,0,NONE,0.0,0.0,0.0,0.0,0.0,0.5,False
ws-11160,HOST,0,NONE,0.0,1.0,0.0,0.0,0.4,0.5,False
vdr-10879,HOST,0,NONE,0.0,0.0,0.0,0.0,0.0,0.5,False
WS-11827.corp.local,HOST,0,NONE,0.0,0.0,0.0,0.0,0.0,0.5,False
WS-11505,HOST,1,ENDPOINT,0.0,2.0,3.0,0.0,1.7,0.65,False
lpt-11977,HOST,0,NONE,0.0,0.0,0.0,0.0,0.0,0.5,False
WS_12350,HOST,0,NONE,0.0,1.0,0.0,0.0,0.4,0.5,False
vdr-12577,HOST,0,NONE,0.0,1.0,0.0,0.0,0.4,0.5,False
vdr-12989,HOST,0,NONE,0.0,0.0,0.0,0.0,0.0,0.5,False
lpt-11775,HOST,0,NONE,0.0,0.0,0.0,0.0,0.0,0.5,False
VDR-11046,HOST,1,ENDPOINT,0.0,2.0,3.0,0.0,1.7,0.65,False
VDR-10249,HOST,1,ENDPOINT,0.0,0.0,3.0,0.0,0.9,0.65,False
WS-10831,HOST,0,NONE,0.0,1.0,2.0,0.0,1.0,0.5,False
VDR-11396,HOST,0,NONE,0.0,0.0,2.0,0.0,0.6,0.5,False
lpt-11740,HOST,0,NONE,0.0,0.0,0.0,0.0,0.0,0.5,False
lpt-11780,HOST,0,NONE,0.0,1.0,0.0,0.0,0.4,0.5,False
LPT-10912,HOST,1,ENDPOINT,0.0,0.0,7.0,0.0,2.1,0.65,False
VDR-11318,HOST,1,ENDPOINT,0.0,1.0,3.0,0.0,1.3,0.65,False
WS-10781,HOST,1,ENDPOINT,0.0,2.0,3.0,0.0,1.7,0.65,False
LPT_11149,HOST,0,NONE,0.0,0.0,0.0,0.0,0.0,0.5,False
ws-10926,HOST,0,NONE,0.0,0.0,0.0,0.0,0.0,0.5,False
ws-10070,HOST,0,NONE,0.0,0.0,0.0,0.0,0.0,0.5,False
vdr-12154,HOST,0,NONE,0.0,0.0,0.0,0.0,0.0,0.5,False
ws-12139,HOST,0,NONE,0.0,0.0,0.0,0.0,0.0,0.5,False
LPT-11485.corp.local,HOST,0,NONE,0.0,0.0,0.0,0.0,0.0,0.5,False
LPT_10898,HOST,0,NONE,0.0,0.0,0.0,0.0,0.0,0.5,False
lpt-12001,HOST,0,NONE,0.0,0.0,0.0,0.0,0.0,0.5,False
LPT-12697,HOST,0,NONE,0.0,1.0,2.0,0.0,1.0,0.5,False
LPT-11058.corp.local,HOST,0,NONE,0.0,0.0,0.0,0.0,0.0,0.5,False
WS-11630,HOST,1,ENDPOINT,0.0,1.0,4.0,0.0,1.6,0.65,False
VDR-10690,HOST,1,ENDPOINT,0.0,0.0,3.0,0.0,0.9,0.65,False
ws-11516,HOST,0,NONE,0.0,0.0,0.0,0.0,0.0,0.5,False
LPT-10954,HOST,1,ENDPOINT,0.0,1.0,3.0,0.0,1.3,0.65,False
VDR-12749,HOST,1,ENDPOINT,0.0,1.0,3.0,0.0,1.3,0.65,False
LPT_10702,HOST,0,NONE,0.0,0.0,0.0,0.0,0.0,0.5,False
LPT-10364.corp.local,HOST,0,NONE,0.0,0.0,0.0,0.0,0.0,0.5,False
LPT-10245.,HOST,0,NONE,0.0,0.0,0.0,0.0,0.0,0.5,False
lpt-10821,HOST,0,NONE,0.0,1.0,0.0,0.0,0.4,0.5,False
vdr-11797,HOST,0,NONE,0.0,0.0,0.0,0.0,0.0,0.5,False
VDR-12019.,HOST,0,NONE,0.0,0.0,0.0,0.0,0.0,0.5,False
WS-12874.corp.local,HOST,0,NONE,0.0,1.0,0.0,0.0,0.4,0.5,False
VDR_11804,HOST,0,NONE,0.0,1.0,0.0,0.0,0.4,0.5,False
LPT-12653,HOST,0,NONE,0.0,2.0,2.0,0.0,1.4,0.5,False
WS-12320,HOST,1,ENDPOINT,0.0,0.0,5.0,0.0,1.5,0.65,False
lpt-10881,HOST,0,NONE,0.0,0.0,0.0,0.0,0.0,0.5,False
WS_11458,HOST,0,NONE,0.0,0.0,0.0,0.0,0.0,0.5,False
LPT-10488,HOST,1,ENDPOINT,0.0,1.0,5.0,0.0,1.9,0.65,False
WS-10365.corp.local,HOST,0,NONE,0.0,1.0,0.0,0.0,0.4,0.5,False
VDR-12308.corp.local,HOST,0,NONE,0.0,1.0,0.0,0.0,0.4,0.5,False
vdr-12163,HOST,0,NONE,0.0,0.0,0.0,0.0,0.0,0.5,False
VDR-10146.corp.local,HOST,0,NONE,0.0,0.0,0.0,0.0,0.0,0.5,False
vdr-11265,HOST,0,NONE,0.0,0.0,0.0,0.0,0.0,0.5,False
vdr-11312,HOST,0,NONE,0.0,0.0,0.0,0.0,0.0,0.5,False
ws-11915,HOST,0,NONE,0.0,0.0,0.0,0.0,0.0,0.5,False
LPT-11716.corp.local,HOST,0,NONE,0.0,0.0,0.0,0.0,0.0,0.5,False
vdr-10387,HOST,0,NONE,0.0,0.0,0.0,0.0,0.0,0.5,False
WS-11515.,HOST,0,NONE,0.0,0.0,0.0,0.0,0.0,0.5,False
lpt-11234,HOST,0,NONE,0.0,0.0,0.0,0.0,0.0,0.5,False
WS_12219,HOST,0,NONE,0.0,1.0,0.0,0.0,0.4,0.5,False
VDR-10018,HOST,0,NONE,0.0,1.0,1.0,0.0,0.7,0.5,False
VDR-10362,HOST,0,NONE,0.0,1.0,1.0,0.0,0.7,0.5,False
lpt-12467,HOST,0,NONE,0.0,1.0,0.0,0.0,0.4,0.5,False
lpt-10750,HOST,0,NONE,0.0,1.0,0.0,0.0,0.4,0.5,False
LPT-10186,HOST,0,NONE,0.0,1.0,1.0,0.0,0.7,0.5,False
ws-10941,HOST,0,NONE,0.0,1.0,0.0,0.0,0.4,0.5,False
ws-10172,HOST,0,NONE,0.0,0.0,0.0,0.0,0.0,0.5,False
LPT-12414,HOST,0,NONE,0.0,2.0,2.0,0.0,1.4,0.5,False
vdr-11642,HOST,0,NONE,0.0,1.0,0.0,0.0,0.4,0.5,False
WS-11039,HOST,1,ENDPOINT,0.0,2.0,3.0,0.0,1.7,0.65,False
vdr-11606,HOST,0,NONE,0.0,0.0,0.0,0.0,0.0,0.5,False
lpt-12078,HOST,0,NONE,0.0,0.0,0.0,0.0,0.0,0.5,False
VDR_10576,HOST,0,NONE,0.0,0.0,0.0,0.0,0.0,0.5,False
LPT-11842,HOST,0,NONE,0.0,1.0,1.0,0.0,0.7,0.5,False
VDR-12707,HOST,0,NONE,0.0,0.0,1.0,0.0,0.3,0.5,False
lpt-10685,HOST,0,NONE,0.0,0.0,0.0,0.0,0.0,0.5,False
VDR-10380.corp.local,HOST,0,NONE,0.0,0.0,0.0,0.0,0.0,0.5,False
LPT-12203.,HOST,0,NONE,0.0,0.0,0.0,0.0,0.0,0.5,False
VDR-12593,HOST,0,NONE,0.0,1.0,1.0,0.0,0.7,0.5,False
VDR-10499,HOST,0,NONE,0.0,0.0,2.0,0.0,0.6,0.5,False
LPT_11170,HOST,0,NONE,0.0,0.0,0.0,0.0,0.0,0.5,False
ws-12393,HOST,0,NONE,0.0,0.0,0.0,0.0,0.0,0.5,False
VDR_10925,HOST,0,NONE,0.0,0.0,0.0,0.0,0.0,0.5,False
WS_12744,HOST,0,NONE,0.0,0.0,0.0,0.0,0.0,0.5,False
lpt-10951,HOST,0,NONE,0.0,0.0,0.0,0.0,0.0,0.5,False
VDR-11265.corp.local,HOST,0,NONE,0.0,0.0,0.0,0.0,0.0,0.5,False
VDR-10273,HOST,1,ENDPOINT,0.0,1.0,3.0,0.0,1.3,0.65,False
WS-10045.corp.local,HOST,0,NONE,0.0,0.0,0.0,0.0,0.0,0.5,False
lpt-12408,HOST,0,NONE,0.0,0.0,0.0,0.0,0.0,0.5,False
ws-11196,HOST,0,NONE,0.0,0.0,0.0,0.0,0.0,0.5,False
vdr-10329,HOST,0,NONE,0.0,1.0,0.0,0.0,0.4,0.5,False
WS-11473,HOST,1,FIREWALL_DENY,0.0,3.0,1.0,0.0,1.5,0.65,False
ws-12456,HOST,0,NONE,0.0,1.0,0.0,0.0,0.4,0.5,False
VDR-12976,HOST,1,FIREWALL_DENY,0.0,3.0,2.0,0.0,1.8,0.65,False
LPT-11040.corp.local,HOST,0,NONE,0.0,0.0,0.0,0.0,0.0,0.5,False
WS_10534,HOST,0,NONE,0.0,0.0,0.0,0.0,0.0,0.5,False
LPT-10459,HOST,0,NONE,0.0,0.0,1.0,0.0,0.3,0.5,False
LPT-12659.corp.local,HOST,0,NONE,0.0,0.0,0.0,0.0,0.0,0.5,False
WS_10470,HOST,0,NONE,0.0,0.0,0.0,0.0,0.0,0.5,False
LPT-10855.corp.local,HOST,0,NONE,0.0,1.0,0.0,0.0,0.4,0.5,False
VDR_12403,HOST,0,NONE,0.0,1.0,0.0,0.0,0.4,0.5,False
WS-11845,HOST,1,ENDPOINT,0.0,1.0,4.0,0.0,1.6,0.65,False
WS-12067.corp.local,HOST,0,NONE,0.0,0.0,0.0,0.0,0.0,0.5,False
VDR-10608,HOST,0,NONE,0.0,0.0,2.0,0.0,0.6,0.5,False
LPT_12920,HOST,0,NONE,0.0,0.0,0.0,0.0,0.0,0.5,False
vdr-10218,HOST,0,NONE,0.0,1.0,0.0,0.0,0.4,0.5,False
VDR-10166.corp.local,HOST,0,NONE,0.0,0.0,0.0,0.0,0.0,0.5,False
VDR-12570,HOST,1,ENDPOINT,0.0,0.0,6.0,0.0,1.8,0.65,False
LPT-12885,HOST,0,NONE,0.0,0.0,0.0,0.0,0.0,0.5,False
LPT-10670,HOST,1,ENDPOINT,0.0,1.0,3.0,0.0,1.3,0.65,False
WS-11988,HOST,1,ENDPOINT,0.0,0.0,3.0,0.0,0.9,0.65,False
ws-11859,HOST,0,NONE,0.0,0.0,0.0,0.0,0.0,0.5,False
WS-11127,HOST,0,NONE,0.0,1.0,1.0,0.0,0.7,0.5,False
lpt-11783,HOST,0,NONE,0.0,0.0,0.0,0.0,0.0,0.5,False
LPT-12670,HOST,1,ENDPOINT,0.0,0.0,3.0,0.0,0.9,0.65,False
WS-12908.corp.local,HOST,0,NONE,0.0,0.0,0.0,0.0,0.0,0.5,False
WS-10932,HOST,0,NONE,0.0,1.0,1.0,0.0,0.7,0.5,False
VDR-11392,HOST,2,FIREWALL_DENY|ENDPOINT,0.0,3.0,3.0,0.0,2.1,0.8,True
lpt-12699,HOST,0,NONE,0.0,0.0,0.0,0.0,0.0,0.5,False
ws-12396,HOST,0,NONE,0.0,0.0,0.0,0.0,0.0,0.5,False
WS-11104.corp.local,HOST,0,NONE,0.0,1.0,0.0,0.0,0.4,0.5,False
LPT-12414.corp.local,HOST,0,NONE,0.0,1.0,0.0,0.0,0.4,0.5,False
LPT-12664,HOST,1,FIREWALL_DENY,0.0,3.0,2.0,0.0,1.8,0.65,False
ws-11502,HOST,0,NONE,0.0,0.0,0.0,0.0,0.0,0.5,False
WS-12988,HOST,1,ENDPOINT,0.0,1.0,3.0,0.0,1.3,0.65,False
LPT-10101.corp.local,HOST,0,NONE,0.0,0.0,0.0,0.0,0.0,0.5,False
LPT_11244,HOST,0,NONE,0.0,0.0,0.0,0.0,0.0,0.5,False
WS-12736,HOST,1,ENDPOINT,0.0,2.0,5.0,0.0,2.3,0.65,False
LPT_11881,HOST,0,NONE,0.0,0.0,0.0,0.0,0.0,0.5,False
vdr-10624,HOST,0,NONE,0.0,0.0,0.0,0.0,0.0,0.5,False
WS-10606.corp.local,HOST,0,NONE,0.0,0.0,0.0,0.0,0.0,0.5,False
LPT_11105,HOST,0,NONE,0.0,0.0,0.0,0.0,0.0,0.5,False
LPT_12414,HOST,0,NONE,0.0,1.0,0.0,0.0,0.4,0.5,False
WS-10764,HOST,1,ENDPOINT,0.0,2.0,3.0,0.0,1.7,0.65,False
lpt-10651,HOST,0,NONE,0.0,0.0,0.0,0.0,0.0,0.5,False
WS-10508,HOST,0,NONE,0.0,1.0,2.0,0.0,1.0,0.5,False
LPT-12807.corp.local,HOST,0,NONE,0.0,0.0,0.0,0.0,0.0,0.5,False
lpt-12829,HOST,0,NONE,0.0,0.0,0.0,0.0,0.0,0.5,False
WS-10694,HOST,0,NONE,0.0,1.0,2.0,0.0,1.0,0.5,False
LPT-12011.corp.local,HOST,0,NONE,0.0,0.0,0.0,0.0,0.0,0.5,False
lpt-11324,HOST,0,NONE,0.0,1.0,0.0,0.0,0.4,0.5,False
WS-11633,HOST,0,NONE,0.0,2.0,0.0,0.0,0.8,0.5,False
VDR-10161.corp.local,HOST,0,NONE,0.0,1.0,0.0,0.0,0.4,0.5,False
ws-12344,HOST,0,NONE,0.0,0.0,0.0,0.0,0.0,0.5,False
ws-12511,HOST,0,NONE,0.0,0.0,0.0,0.0,0.0,0.5,False
LPT-12146,HOST,0,NONE,0.0,1.0,1.0,0.0,0.7,0.5,False
VDR-11608,HOST,0,NONE,0.0,1.0,0.0,0.0,0.4,0.5,False
LPT_10423,HOST,0,NONE,0.0,1.0,0.0,0.0,0.4,0.5,False
WS-11782.corp.local,HOST,0,NONE,0.0,0.0,0.0,0.0,0.0,0.5,False
WS-10126,HOST,0,NONE,0.0,0.0,2.0,0.0,0.6,0.5,False
WS-11844,HOST,0,NONE,0.0,2.0,1.0,0.0,1.1,0.5,False
VDR-11385,HOST,1,ENDPOINT,0.0,1.0,5.0,0.0,1.9,0.65,False
VDR-11963,HOST,0,NONE,0.0,2.0,2.0,0.0,1.4,0.5,False
vdr-10689,HOST,0,NONE,0.0,0.0,0.0,0.0,0.0,0.5,False
WS-10618,HOST,1,ENDPOINT,0.0,1.0,3.0,0.0,1.3,0.65,False
lpt-11116,HOST,0,NONE,0.0,0.0,0.0,0.0,0.0,0.5,False
WS-10699.corp.local,HOST,0,NONE,0.0,1.0,0.0,0.0,0.4,0.5,False
LPT-11158.corp.local,HOST,0,NONE,0.0,0.0,0.0,0.0,0.0,0.5,False
WS-10574.corp.local,HOST,0,NONE,0.0,0.0,0.0,0.0,0.0,0.5,False
vdr-10322,HOST,0,NONE,0.0,1.0,0.0,0.0,0.4,0.5,False
VDR-11493,HOST,1,ENDPOINT,0.0,0.0,4.0,0.0,1.2,0.65,False
WS-12992,HOST,0,NONE,0.0,2.0,2.0,0.0,1.4,0.5,False
WS-10064,HOST,1,ENDPOINT,0.0,0.0,4.0,0.0,1.2,0.65,False
VDR-10244,HOST,1,ENDPOINT,0.0,1.0,3.0,0.0,1.3,0.65,False
ws-10895,HOST,0,NONE,0.0,0.0,0.0,0.0,0.0,0.5,False
WS-12003,HOST,1,FIREWALL_DENY,0.0,4.0,2.0,0.0,2.2,0.65,False
ws-10050,HOST,0,NONE,0.0,0.0,0.0,0.0,0.0,0.5,False
ws-11514,HOST,0,NONE,0.0,0.0,0.0,0.0,0.0,0.5,False
VDR-12174,HOST,1,ENDPOINT,0.0,0.0,5.0,0.0,1.5,0.65,False
VDR-10269,HOST,1,FIREWALL_DENY,0.0,3.0,0.0,0.0,1.2,0.65,False
ws-11845,HOST,0,NONE,0.0,0.0,0.0,0.0,0.0,0.5,False
ws-11820,HOST,0,NONE,0.0,0.0,0.0,0.0,0.0,0.5,False
VDR-10659,HOST,0,NONE,0.0,2.0,2.0,0.0,1.4,0.5,False
WS-12442.corp.local,HOST,0,NONE,0.0,0.0,0.0,0.0,0.0,0.5,False
WS-12839,HOST,1,ENDPOINT,0.0,2.0,5.0,0.0,2.3,0.65,False
ws-10928,HOST,0,NONE,0.0,1.0,0.0,0.0,0.4,0.5,False
VDR-12886.corp.local,HOST,0,NONE,0.0,0.0,0.0,0.0,0.0,0.5,False
vdr-10623,HOST,0,NONE,0.0,0.0,0.0,0.0,0.0,0.5,False
LPT-12378,HOST,0,NONE,0.0,1.0,1.0,0.0,0.7,0.5,False
WS-12081,HOST,0,NONE,0.0,0.0,2.0,0.0,0.6,0.5,False
LPT-11661,HOST,0,NONE,0.0,1.0,2.0,0.0,1.0,0.5,False
VDR_10208,HOST,0,NONE,0.0,0.0,0.0,0.0,0.0,0.5,False
VDR-12302,HOST,2,FIREWALL_DENY|ENDPOINT,0.0,3.0,5.0,0.0,2.7,0.8,True
LPT_12107,HOST,0,NONE,0.0,0.0,0.0,0.0,0.0,0.5,False
VDR-10628,HOST,0,NONE,0.0,0.0,0.0,0.0,0.0,0.5,False
VDR-11712,HOST,1,ENDPOINT,0.0,1.0,4.0,0.0,1.6,0.65,False
WS-10336.corp.local,HOST,0,NONE,0.0,0.0,0.0,0.0,0.0,0.5,False
LPT_11984,HOST,0,NONE,0.0,1.0,0.0,0.0,0.4,0.5,False
vdr-11531,HOST,0,NONE,0.0,1.0,0.0,0.0,0.4,0.5,False
LPT_11484,HOST,0,NONE,0.0,0.0,0.0,0.0,0.0,0.5,False
VDR-11652.corp.local,HOST,0,NONE,0.0,0.0,0.0,0.0,0.0,0.5,False
WS_11104,HOST,0,NONE,0.0,0.0,0.0,0.0,0.0,0.5,False
WS-12981.corp.local,HOST,0,NONE,0.0,2.0,0.0,0.0,0.8,0.5,False
WS-11952,HOST,1,FIREWALL_DENY,0.0,3.0,2.0,0.0,1.8,0.65,False
vdr-12122,HOST,0,NONE,0.0,0.0,0.0,0.0,0.0,0.5,False
WS-11968,HOST,1,FIREWALL_DENY,0.0,3.0,2.0,0.0,1.8,0.65,False
LPT-11793,HOST,1,ENDPOINT,0.0,0.0,3.0,0.0,0.9,0.65,False
vdr-11412,HOST,0,NONE,0.0,2.0,0.0,0.0,0.8,0.5,False
WS_10606,HOST,0,NONE,0.0,1.0,0.0,0.0,0.4,0.5,False
LPT-11250,HOST,1,ENDPOINT,0.0,1.0,4.0,0.0,1.6,0.65,False
VDR_12725,HOST,0,NONE,0.0,0.0,0.0,0.0,0.0,0.5,False
WS-11985,HOST,1,FIREWALL_DENY,0.0,4.0,2.0,0.0,2.2,0.65,False
WS-10281,HOST,1,ENDPOINT,0.0,0.0,4.0,0.0,1.2,0.65,False
LPT-11841,HOST,1,ENDPOINT,0.0,1.0,4.0,0.0,1.6,0.65,False
WS_10845,HOST,0,NONE,0.0,0.0,0.0,0.0,0.0,0.5,False
WS_11835,HOST,0,NONE,0.0,0.0,0.0,0.0,0.0,0.5,False
VDR-10143,HOST,1,FIREWALL_DENY,0.0,3.0,2.0,0.0,1.8,0.65,False
lpt-11504,HOST,0,NONE,0.0,0.0,0.0,0.0,0.0,0.5,False
vdr-11566,HOST,0,NONE,0.0,0.0,0.0,0.0,0.0,0.5,False
VDR-11338,HOST,1,ENDPOINT,0.0,2.0,4.0,0.0,2.0,0.65,False
VDR_10005,HOST,0,NONE,0.0,0.0,0.0,0.0,0.0,0.5,False
VDR-11232,HOST,1,FIREWALL_DENY,0.0,3.0,0.0,0.0,1.2,0.65,False
LPT-10709.corp.local,HOST,0,NONE,0.0,0.0,0.0,0.0,0.0,0.5,False
LPT-10200,HOST,1,FIREWALL_DENY,0.0,3.0,0.0,0.0,1.2,0.65,False
VDR-11405.corp.local,HOST,0,NONE,0.0,0.0,0.0,0.0,0.0,0.5,False
VDR_10443,HOST,0,NONE,0.0,0.0,0.0,0.0,0.0,0.5,False
ws-12599,HOST,0,NONE,0.0,0.0,0.0,0.0,0.0,0.5,False
VDR_12141,HOST,0,NONE,0.0,0.0,0.0,0.0,0.0,0.5,False
WS_11761,HOST,0,NONE,0.0,0.0,0.0,0.0,0.0,0.5,False
WS-11730,HOST,1,ENDPOINT,0.0,2.0,6.0,0.0,2.6,0.65,False
ws-10618,HOST,0,NONE,0.0,1.0,0.0,0.0,0.4,0.5,False
VDR-12153,HOST,2,FIREWALL_DENY|ENDPOINT,0.0,3.0,3.0,0.0,2.1,0.8,True
vdr-11082,HOST,0,NONE,0.0,0.0,0.0,0.0,0.0,0.5,False
lpt-10025,HOST,0,NONE,0.0,0.0,0.0,0.0,0.0,0.5,False
LPT-11626.,HOST,0,NONE,0.0,0.0,0.0,0.0,0.0,0.5,False
WS-11695.corp.local,HOST,0,NONE,0.0,1.0,0.0,0.0,0.4,0.5,False
VDR-11345,HOST,0,NONE,0.0,0.0,2.0,0.0,0.6,0.5,False
LPT-10769,HOST,1,ENDPOINT,0.0,2.0,3.0,0.0,1.7,0.65,False
lpt-11941,HOST,0,NONE,0.0,0.0,0.0,0.0,0.0,0.5,False
VDR-11019,HOST,0,NONE,0.0,0.0,1.0,0.0,0.3,0.5,False
LPT-10321,HOST,0,NONE,0.0,2.0,2.0,0.0,1.4,0.5,False
ws-11624,HOST,0,NONE,0.0,0.0,0.0,0.0,0.0,0.5,False
WS-10625,HOST,1,ENDPOINT,0.0,1.0,3.0,0.0,1.3,0.65,False
LPT-11133,HOST,0,NONE,0.0,1.0,0.0,0.0,0.4,0.5,False
vdr-12191,HOST,0,NONE,0.0,1.0,0.0,0.0,0.4,0.5,False
WS_12633,HOST,0,NONE,0.0,0.0,0.0,0.0,0.0,0.5,False
ws-10817,HOST,0,NONE,0.0,1.0,0.0,0.0,0.4,0.5,False
lpt-11310,HOST,0,NONE,0.0,0.0,0.0,0.0,0.0,0.5,False
vdr-11532,HOST,0,NONE,0.0,0.0,0.0,0.0,0.0,0.5,False
VDR_12012,HOST,0,NONE,0.0,0.0,0.0,0.0,0.0,0.5,False
LPT-10858.corp.local,HOST,0,NONE,0.0,1.0,0.0,0.0,0.4,0.5,False
VDR-12012.,HOST,0,NONE,0.0,0.0,0.0,0.0,0.0,0.5,False
VDR-12814.corp.local,HOST,0,NONE,0.0,0.0,0.0,0.0,0.0,0.5,False
VDR-10778,HOST,1,ENDPOINT,0.0,1.0,5.0,0.0,1.9,0.65,False
VDR-11494,HOST,1,FIREWALL_DENY,0.0,4.0,1.0,0.0,1.9,0.65,False
WS-11384,HOST,0,NONE,0.0,0.0,1.0,0.0,0.3,0.5,False
ws-10893,HOST,0,NONE,0.0,1.0,0.0,0.0,0.4,0.5,False
vdr-11599,HOST,0,NONE,0.0,0.0,0.0,0.0,0.0,0.5,False
VDR-10527,HOST,1,ENDPOINT,0.0,2.0,6.0,0.0,2.6,0.65,False
LPT-10563,HOST,0,NONE,0.0,0.0,2.0,0.0,0.6,0.5,False
LPT_10210,HOST,0,NONE,0.0,0.0,0.0,0.0,0.0,0.5,False
LPT-11271.corp.local,HOST,0,NONE,0.0,0.0,0.0,0.0,0.0,0.5,False
LPT-11472,HOST,0,NONE,0.0,1.0,2.0,0.0,1.0,0.5,False
ws-10996,HOST,0,NONE,0.0,0.0,0.0,0.0,0.0,0.5,False
ws-12981,HOST,0,NONE,0.0,1.0,0.0,0.0,0.4,0.5,False
LPT_11030,HOST,0,NONE,0.0,0.0,0.0,0.0,0.0,0.5,False
lpt-11573,HOST,0,NONE,0.0,0.0,0.0,0.0,0.0,0.5,False
VDR-10132.corp.local,HOST,0,NONE,0.0,0.0,0.0,0.0,0.0,0.5,False
WS-12589,HOST,2,FIREWALL_DENY|ENDPOINT,0.0,3.0,5.0,0.0,2.7,0.8,True
vdr-12777,HOST,0,NONE,0.0,0.0,0.0,0.0,0.0,0.5,False
WS-12984,HOST,1,ENDPOINT,0.0,2.0,5.0,0.0,2.3,0.65,False
WS-11601,HOST,1,ENDPOINT,0.0,0.0,3.0,0.0,0.9,0.65,False
LPT-12703.corp.local,HOST,0,NONE,0.0,0.0,0.0,0.0,0.0,0.5,False
ws-10091,HOST,0,NONE,0.0,1.0,0.0,0.0,0.4,0.5,False
WS-11153,HOST,0,NONE,0.0,1.0,1.0,0.0,0.7,0.5,False
ws-10417,HOST,0,NONE,0.0,0.0,0.0,0.0,0.0,0.5,False
lpt-12541,HOST,0,NONE,0.0,0.0,0.0,0.0,0.0,0.5,False
VDR_12129,HOST,0,NONE,0.0,0.0,0.0,0.0,0.0,0.5,False
LPT_12538,HOST,0,NONE,0.0,1.0,0.0,0.0,0.4,0.5,False
VDR-12832.corp.local,HOST,0,NONE,0.0,0.0,0.0,0.0,0.0,0.5,False
LPT-11291.corp.local,HOST,0,NONE,0.0,0.0,0.0,0.0,0.0,0.5,False
VDR-11093.corp.local,HOST,0,NONE,0.0,0.0,0.0,0.0,0.0,0.5,False
LPT-10682,HOST,0,NONE,0.0,1.0,1.0,0.0,0.7,0.5,False
LPT-12329.corp.local,HOST,0,NONE,0.0,1.0,0.0,0.0,0.4,0.5,False
WS-11997,HOST,1,ENDPOINT,0.0,0.0,3.0,0.0,0.9,0.65,False
VDR-10353.corp.local,HOST,0,NONE,0.0,0.0,0.0,0.0,0.0,0.5,False
WS_12913,HOST,0,NONE,0.0,1.0,0.0,0.0,0.4,0.5,False
WS-10370,HOST,0,NONE,0.0,2.0,2.0,0.0,1.4,0.5,False
LPT-12231.corp.local,HOST,0,NONE,0.0,1.0,0.0,0.0,0.4,0.5,False
lpt-11522,HOST,0,NONE,0.0,0.0,0.0,0.0,0.0,0.5,False
ws-11223,HOST,0,NONE,0.0,0.0,0.0,0.0,0.0,0.5,False
VDR-10759.corp.local,HOST,0,NONE,0.0,1.0,0.0,0.0,0.4,0.5,False
VDR-11256,HOST,1,ENDPOINT,0.0,2.0,3.0,0.0,1.7,0.65,False
WS_10643,HOST,0,NONE,0.0,0.0,0.0,0.0,0.0,0.5,False
WS-10341,HOST,1,ENDPOINT,0.0,2.0,3.0,0.0,1.7,0.65,False
LPT-12597.,HOST,0,NONE,0.0,0.0,0.0,0.0,0.0,0.5,False
VDR-11007,HOST,2,FIREWALL_DENY|ENDPOINT,0.0,5.0,3.0,0.0,2.9,0.8,True
WS_10946,HOST,0,NONE,0.0,0.0,0.0,0.0,0.0,0.5,False
WS_10181,HOST,0,NONE,0.0,1.0,0.0,0.0,0.4,0.5,False
VDR-12373.corp.local,HOST,0,NONE,0.0,0.0,0.0,0.0,0.0,0.5,False
VDR-10316,HOST,1,ENDPOINT,0.0,2.0,4.0,0.0,2.0,0.65,False
WS-10243,HOST,1,ENDPOINT,0.0,1.0,6.0,0.0,2.2,0.65,False
LPT_12004,HOST,0,NONE,0.0,0.0,0.0,0.0,0.0,0.5,False
WS-10974,HOST,1,ENDPOINT,0.0,0.0,3.0,0.0,0.9,0.65,False
VDR_10326,HOST,0,NONE,0.0,0.0,0.0,0.0,0.0,0.5,False
vdr-11344,HOST,0,NONE,0.0,0.0,0.0,0.0,0.0,0.5,False
ws-12206,HOST,0,NONE,0.0,1.0,0.0,0.0,0.4,0.5,False
WS_12619,HOST,0,NONE,0.0,0.0,0.0,0.0,0.0,0.5,False
VDR-10208,HOST,1,ENDPOINT,0.0,0.0,3.0,0.0,0.9,0.65,False
LPT-10797,HOST,1,ENDPOINT,0.0,1.0,3.0,0.0,1.3,0.65,False
vdr-12184,HOST,0,NONE,0.0,0.0,0.0,0.0,0.0,0.5,False
LPT-10227.corp.local,HOST,0,NONE,0.0,0.0,0.0,0.0,0.0,0.5,False
WS-11354,HOST,1,FIREWALL_DENY,0.0,4.0,1.0,0.0,1.9,0.65,False
WS-11473.corp.local,HOST,0,NONE,0.0,1.0,0.0,0.0,0.4,0.5,False
VDR-11206.,HOST,0,NONE,0.0,0.0,0.0,0.0,0.0,0.5,False
VDR-10835.,HOST,0,NONE,0.0,0.0,0.0,0.0,0.0,0.5,False
lpt-12444,HOST,0,NONE,0.0,1.0,0.0,0.0,0.4,0.5,False
LPT-12202,HOST,1,ENDPOINT,0.0,1.0,5.0,0.0,1.9,0.65,False
VDR_12610,HOST,0,NONE,0.0,0.0,0.0,0.0,0.0,0.5,False
LPT-12223,HOST,1,FIREWALL_DENY,0.0,3.0,1.0,0.0,1.5,0.65,False
LPT-12029,HOST,1,FIREWALL_DENY,0.0,4.0,0.0,0.0,1.6,0.65,False
LPT-12973,HOST,1,ENDPOINT,0.0,0.0,4.0,0.0,1.2,0.65,False
LPT-11512.corp.local,HOST,0,NONE,0.0,0.0,0.0,0.0,0.0,0.5,False
VDR-12254.corp.local,HOST,0,NONE,0.0,1.0,0.0,0.0,0.4,0.5,False
WS-10397,HOST,1,ENDPOINT,0.0,1.0,3.0,0.0,1.3,0.65,False
WS_12319,HOST,0,NONE,0.0,1.0,0.0,0.0,0.4,0.5,False
WS-12999,HOST,2,FIREWALL_DENY|ENDPOINT,0.0,3.0,4.0,0.0,2.4,0.8,True
VDR_11237,HOST,0,NONE,0.0,0.0,0.0,0.0,0.0,0.5,False
LPT-10423,HOST,1,FIREWALL_DENY,0.0,3.0,1.0,0.0,1.5,0.65,False
LPT_11294,HOST,0,NONE,0.0,0.0,0.0,0.0,0.0,0.5,False
VDR-12820.corp.local,HOST,0,NONE,0.0,0.0,0.0,0.0,0.0,0.5,False
lpt-10850,HOST,0,NONE,0.0,0.0,0.0,0.0,0.0,0.5,False
WS_11957,HOST,0,NONE,0.0,0.0,0.0,0.0,0.0,0.5,False
WS-11878.corp.local,HOST,0,NONE,0.0,0.0,0.0,0.0,0.0,0.5,False
VDR_10462,HOST,0,NONE,0.0,1.0,0.0,0.0,0.4,0.5,False
ws-10749,HOST,0,NONE,0.0,0.0,0.0,0.0,0.0,0.5,False
WS-12047,HOST,0,NONE,0.0,2.0,1.0,0.0,1.1,0.5,False
WS-10397.,HOST,0,NONE,0.0,0.0,0.0,0.0,0.0,0.5,False
LPT-11116.corp.local,HOST,0,NONE,0.0,0.0,0.0,0.0,0.0,0.5,False
lpt-12372,HOST,0,NONE,0.0,0.0,0.0,0.0,0.0,0.5,False
lpt-12813,HOST,0,NONE,0.0,0.0,0.0,0.0,0.0,0.5,False
WS-10554,HOST,0,NONE,0.0,0.0,2.0,0.0,0.6,0.5,False
ws-11261,HOST,0,NONE,0.0,1.0,0.0,0.0,0.4,0.5,False
VDR_12148,HOST,0,NONE,0.0,1.0,0.0,0.0,0.4,0.5,False
lpt-10935,HOST,0,NONE,0.0,1.0,0.0,0.0,0.4,0.5,False
WS-10365,HOST,1,ENDPOINT,0.0,1.0,5.0,0.0,1.9,0.65,False
vdr-10231,HOST,1,FIREWALL_DENY,0.0,4.0,0.0,0.0,1.6,0.65,False
LPT-12829,HOST,0,NONE,0.0,2.0,0.0,0.0,0.8,0.5,False
LPT_12993,HOST,0,NONE,0.0,0.0,0.0,0.0,0.0,0.5,False
ws-12037,HOST,0,NONE,0.0,0.0,0.0,0.0,0.0,0.5,False
LPT_11511,HOST,0,NONE,0.0,0.0,0.0,0.0,0.0,0.5,False
VDR-10724.corp.local,HOST,0,NONE,0.0,0.0,0.0,0.0,0.0,0.5,False
VDR-12403,HOST,2,FIREWALL_DENY|ENDPOINT,0.0,4.0,4.0,0.0,2.8,0.8,True
ws-10979,HOST,0,NONE,0.0,0.0,0.0,0.0,0.0,0.5,False
LPT-11060,HOST,0,NONE,0.0,0.0,0.0,0.0,0.0,0.5,False
lpt-12323,HOST,0,NONE,0.0,0.0,0.0,0.0,0.0,0.5,False
WS-12855.corp.local,HOST,0,NONE,0.0,1.0,0.0,0.0,0.4,0.5,False
vdr-12017,HOST,0,NONE,0.0,2.0,0.0,0.0,0.8,0.5,False
vdr-11718,HOST,0,NONE,0.0,1.0,0.0,0.0,0.4,0.5,False
ws-12853,HOST,0,NONE,0.0,0.0,0.0,0.0,0.0,0.5,False
WS-12509.corp.local,HOST,0,NONE,0.0,0.0,0.0,0.0,0.0,0.5,False
vdr-11378,HOST,0,NONE,0.0,0.0,0.0,0.0,0.0,0.5,False
VDR_11375,HOST,0,NONE,0.0,0.0,0.0,0.0,0.0,0.5,False
WS-11986,HOST,0,NONE,0.0,0.0,1.0,0.0,0.3,0.5,False
WS-11154.corp.local,HOST,0,NONE,0.0,0.0,0.0,0.0,0.0,0.5,False
WS-11443,HOST,1,ENDPOINT,0.0,2.0,5.0,0.0,2.3,0.65,False
VDR-11935,HOST,1,ENDPOINT,0.0,1.0,4.0,0.0,1.6,0.65,False
WS_10610,HOST,0,NONE,0.0,0.0,0.0,0.0,0.0,0.5,False
ws-11079,HOST,0,NONE,0.0,1.0,0.0,0.0,0.4,0.5,False
WS_12790,HOST,0,NONE,0.0,0.0,0.0,0.0,0.0,0.5,False
WS_11516,HOST,0,NONE,0.0,0.0,0.0,0.0,0.0,0.5,False
lpt-10104,HOST,0,NONE,0.0,1.0,0.0,0.0,0.4,0.5,False
ws-10845,HOST,0,NONE,0.0,1.0,0.0,0.0,0.4,0.5,False
WS-10355,HOST,1,ENDPOINT,0.0,1.0,4.0,0.0,1.6,0.65,False
lpt-11679,HOST,0,NONE,0.0,0.0,0.0,0.0,0.0,0.5,False
WS-12715,HOST,0,NONE,0.0,1.0,0.0,0.0,0.4,0.5,False
ws-11437,HOST,0,NONE,0.0,1.0,0.0,0.0,0.4,0.5,False
WS-11041.corp.local,HOST,0,NONE,0.0,1.0,0.0,0.0,0.4,0.5,False
vdr-11266,HOST,0,NONE,0.0,0.0,0.0,0.0,0.0,0.5,False
WS-12162.corp.local,HOST,0,NONE,0.0,0.0,0.0,0.0,0.0,0.5,False
VDR-11273.corp.local,HOST,0,NONE,0.0,0.0,0.0,0.0,0.0,0.5,False
VDR-10312,HOST,0,NONE,0.0,1.0,1.0,0.0,0.7,0.5,False
vdr-10838,HOST,0,NONE,0.0,0.0,0.0,0.0,0.0,0.5,False
LPT-11792,HOST,1,FIREWALL_DENY,0.0,5.0,0.0,0.0,2.0,0.65,False
vdr-11095,HOST,0,NONE,0.0,0.0,0.0,0.0,0.0,0.5,False
vdr-11345,HOST,0,NONE,0.0,0.0,0.0,0.0,0.0,0.5,False
ws-10184,HOST,0,NONE,0.0,1.0,0.0,0.0,0.4,0.5,False
WS-10091.corp.local,HOST,0,NONE,0.0,0.0,0.0,0.0,0.0,0.5,False
LPT-10842.corp.local,HOST,0,NONE,0.0,1.0,0.0,0.0,0.4,0.5,False
lpt-10752,HOST,0,NONE,0.0,0.0,0.0,0.0,0.0,0.5,False
LPT_10719,HOST,0,NONE,0.0,0.0,0.0,0.0,0.0,0.5,False
VDR_12896,HOST,0,NONE,0.0,0.0,0.0,0.0,0.0,0.5,False
VDR-12279.corp.local,HOST,0,NONE,0.0,0.0,0.0,0.0,0.0,0.5,False
WS-12097.corp.local,HOST,0,NONE,0.0,1.0,0.0,0.0,0.4,0.5,False
ws-12988,HOST,0,NONE,0.0,1.0,0.0,0.0,0.4,0.5,False
WS-10610.corp.local,HOST,0,NONE,0.0,0.0,0.0,0.0,0.0,0.5,False
vdr-11128,HOST,0,NONE,0.0,0.0,0.0,0.0,0.0,0.5,False
WS_10213,HOST,0,NONE,0.0,1.0,0.0,0.0,0.4,0.5,False
LPT-11015.corp.local,HOST,0,NONE,0.0,1.0,0.0,0.0,0.4,0.5,False
ws-12518,HOST,0,NONE,0.0,1.0,0.0,0.0,0.4,0.5,False
LPT-10560,HOST,1,ENDPOINT,0.0,1.0,4.0,0.0,1.6,0.65,False
LPT-12616.corp.local,HOST,0,NONE,0.0,0.0,0.0,0.0,0.0,0.5,False
LPT-10290,HOST,1,ENDPOINT,0.0,0.0,5.0,0.0,1.5,0.65,False
LPT-10956,HOST,0,NONE,0.0,1.0,0.0,0.0,0.4,0.5,False
LPT_11373,HOST,0,NONE,0.0,0.0,0.0,0.0,0.0,0.5,False
LPT-11870.corp.local,HOST,0,NONE,0.0,1.0,0.0,0.0,0.4,0.5,False
LPT-11476.corp.local,HOST,0,NONE,0.0,0.0,0.0,0.0,0.0,0.5,False
WS-10686.corp.local,HOST,0,NONE,0.0,0.0,0.0,0.0,0.0,0.5,False
LPT-10944,HOST,2,FIREWALL_DENY|ENDPOINT,0.0,3.0,5.0,0.0,2.7,0.8,True
WS-10184,HOST,0,NONE,0.0,2.0,2.0,0.0,1.4,0.5,False
ws-10865,HOST,0,NONE,0.0,0.0,0.0,0.0,0.0,0.5,False
LPT_10909,HOST,0,NONE,0.0,0.0,0.0,0.0,0.0,0.5,False
lpt-11800,HOST,0,NONE,0.0,0.0,0.0,0.0,0.0,0.5,False
WS-12051,HOST,1,ENDPOINT,0.0,2.0,5.0,0.0,2.3,0.65,False
VDR-12781,HOST,1,ENDPOINT,0.0,1.0,3.0,0.0,1.3,0.65,False
VDR_11225,HOST,0,NONE,0.0,0.0,0.0,0.0,0.0,0.5,False
WS-12092,HOST,1,FIREWALL_DENY,0.0,3.0,1.0,0.0,1.5,0.65,False
VDR_10917,HOST,0,NONE,0.0,0.0,0.0,0.0,0.0,0.5,False
VDR-11694,HOST,1,ENDPOINT,0.0,2.0,4.0,0.0,2.0,0.65,False
VDR_10673,HOST,0,NONE,0.0,0.0,0.0,0.0,0.0,0.5,False
WS-12009,HOST,0,NONE,0.0,1.0,2.0,0.0,1.0,0.5,False
WS-10436,HOST,1,ENDPOINT,0.0,1.0,3.0,0.0,1.3,0.65,False
LPT-10985,HOST,1,ENDPOINT,0.0,1.0,3.0,0.0,1.3,0.65,False
WS-10574,HOST,1,ENDPOINT,0.0,2.0,4.0,0.0,2.0,0.65,False
vdr-10869,HOST,0,NONE,0.0,0.0,0.0,0.0,0.0,0.5,False
ws-10982,HOST,0,NONE,0.0,0.0,0.0,0.0,0.0,0.5,False
WS-10155,HOST,0,NONE,0.0,2.0,0.0,0.0,0.8,0.5,False
WS-10202.corp.local,HOST,0,NONE,0.0,0.0,0.0,0.0,0.0,0.5,False
LPT-10565,HOST,1,ENDPOINT,0.0,2.0,4.0,0.0,2.0,0.65,False
ws-11317,HOST,0,NONE,0.0,0.0,0.0,0.0,0.0,0.5,False
WS-10301.corp.local,HOST,0,NONE,0.0,1.0,0.0,0.0,0.4,0.5,False
LPT_11423,HOST,0,NONE,0.0,0.0,0.0,0.0,0.0,0.5,False
LPT-10183,HOST,0,NONE,0.0,2.0,0.0,0.0,0.8,0.5,False
VDR-12038,HOST,0,NONE,0.0,1.0,0.0,0.0,0.4,0.5,False
LPT_11704,HOST,0,NONE,0.0,0.0,0.0,0.0,0.0,0.5,False
LPT_11250,HOST,0,NONE,0.0,0.0,0.0,0.0,0.0,0.5,False
lpt-12538,HOST,0,NONE,0.0,0.0,0.0,0.0,0.0,0.5,False
LPT-10822,HOST,0,NONE,0.0,2.0,2.0,0.0,1.4,0.5,False
VDR_12875,HOST,0,NONE,0.0,0.0,0.0,0.0,0.0,0.5,False
LPT_12467,HOST,0,NONE,0.0,1.0,0.0,0.0,0.4,0.5,False
vdr-10340,HOST,0,NONE,0.0,0.0,0.0,0.0,0.0,0.5,False
WS-12468.corp.local,HOST,0,NONE,0.0,0.0,0.0,0.0,0.0,0.5,False
WS-10812,HOST,0,NONE,0.0,1.0,1.0,0.0,0.7,0.5,False
VDR-12025.corp.local,HOST,0,NONE,0.0,0.0,0.0,0.0,0.0,0.5,False
VDR_10346,HOST,0,NONE,0.0,0.0,0.0,0.0,0.0,0.5,False
lpt-11902,HOST,0,NONE,0.0,0.0,0.0,0.0,0.0,0.5,False
lpt-11178,HOST,0,NONE,0.0,1.0,0.0,0.0,0.4,0.5,False
VDR-10672,HOST,1,ENDPOINT,0.0,2.0,3.0,0.0,1.7,0.65,False
ws-11738,HOST,0,NONE,0.0,0.0,0.0,0.0,0.0,0.5,False
ws-10737,HOST,0,NONE,0.0,0.0,0.0,0.0,0.0,0.5,False
LPT-12635,HOST,2,FIREWALL_DENY|ENDPOINT,0.0,3.0,5.0,0.0,2.7,0.8,True
ws-11064,HOST,0,NONE,0.0,0.0,0.0,0.0,0.0,0.5,False
WS_10683,HOST,0,NONE,0.0,0.0,0.0,0.0,0.0,0.5,False
VDR_11083,HOST,0,NONE,0.0,0.0,0.0,0.0,0.0,0.5,False
vdr-12991,HOST,0,NONE,0.0,1.0,0.0,0.0,0.4,0.5,False
LPT-12066,HOST,1,ENDPOINT,0.0,2.0,4.0,0.0,2.0,0.65,False
LPT-12427,HOST,1,FIREWALL_DENY,0.0,3.0,2.0,0.0,1.8,0.65,False
lpt-12993,HOST,0,NONE,0.0,0.0,0.0,0.0,0.0,0.5,False
ws-10517,HOST,0,NONE,0.0,1.0,0.0,0.0,0.4,0.5,False
LPT-10782.corp.local,HOST,0,NONE,0.0,1.0,0.0,0.0,0.4,0.5,False
LPT-11163,HOST,1,ENDPOINT,0.0,1.0,4.0,0.0,1.6,0.65,False
ws-12878,HOST,0,NONE,0.0,1.0,0.0,0.0,0.4,0.5,False
LPT_10021,HOST,0,NONE,0.0,0.0,0.0,0.0,0.0,0.5,False
VDR-10919.corp.local,HOST,0,NONE,0.0,0.0,0.0,0.0,0.0,0.5,False
WS-11186,HOST,1,ENDPOINT,0.0,2.0,5.0,0.0,2.3,0.65,False
WS-11108.corp.local,HOST,0,NONE,0.0,1.0,0.0,0.0,0.4,0.5,False
LPT-12432,HOST,1,ENDPOINT,0.0,1.0,5.0,0.0,1.9,0.65,False
lpt-11789,HOST,0,NONE,0.0,0.0,0.0,0.0,0.0,0.5,False
LPT_10842,HOST,0,NONE,0.0,0.0,0.0,0.0,0.0,0.5,False
WS-10509,HOST,0,NONE,0.0,1.0,2.0,0.0,1.0,0.5,False
WS-12396,HOST,0,NONE,0.0,0.0,1.0,0.0,0.3,0.5,False
LPT-12305,HOST,0,NONE,0.0,1.0,1.0,0.0,0.7,0.5,False
ws-10933,HOST,0,NONE,0.0,0.0,0.0,0.0,0.0,0.5,False
VDR-10248,HOST,1,ENDPOINT,0.0,2.0,3.0,0.0,1.7,0.65,False
WS-10264,HOST,2,FIREWALL_DENY|ENDPOINT,0.0,3.0,4.0,0.0,2.4,0.8,True
lpt-12182,HOST,0,NONE,0.0,0.0,0.0,0.0,0.0,0.5,False
LPT_11178,HOST,0,NONE,0.0,0.0,0.0,0.0,0.0,0.5,False
LPT-11721,HOST,1,ENDPOINT,0.0,0.0,4.0,0.0,1.2,0.65,False
WS-12050.corp.local,HOST,0,NONE,0.0,0.0,0.0,0.0,0.0,0.5,False
lpt-11281,HOST,0,NONE,0.0,0.0,0.0,0.0,0.0,0.5,False
ws-10155,HOST,0,NONE,0.0,0.0,0.0,0.0,0.0,0.5,False
WS-11406,HOST,0,NONE,0.0,2.0,2.0,0.0,1.4,0.5,False
VDR-12284,HOST,0,NONE,0.0,1.0,2.0,0.0,1.0,0.5,False
WS_11865,HOST,0,NONE,0.0,0.0,0.0,0.0,0.0,0.5,False
WS_11809,HOST,0,NONE,0.0,0.0,0.0,0.0,0.0,0.5,False
LPT-10366,HOST,0,NONE,0.0,2.0,2.0,0.0,1.4,0.5,False
LPT_11903,HOST,0,NONE,0.0,0.0,0.0,0.0,0.0,0.5,False
lpt-12322,HOST,0,NONE,0.0,0.0,0.0,0.0,0.0,0.5,False
LPT-12110,HOST,1,ENDPOINT,0.0,1.0,6.0,0.0,2.2,0.65,False
WS-12266.corp.local,HOST,0,NONE,0.0,0.0,0.0,0.0,0.0,0.5,False
LPT-11101,HOST,0,NONE,0.0,1.0,2.0,0.0,1.0,0.5,False
LPT-12459.corp.local,HOST,0,NONE,0.0,0.0,0.0,0.0,0.0,0.5,False
LPT-11438.corp.local,HOST,0,NONE,0.0,1.0,0.0,0.0,0.4,0.5,False
ws-12361,HOST,0,NONE,0.0,2.0,0.0,0.0,0.8,0.5,False
vdr-12732,HOST,0,NONE,0.0,1.0,0.0,0.0,0.4,0.5,False
VDR_10743,HOST,0,NONE,0.0,0.0,0.0,0.0,0.0,0.5,False
lpt-10182,HOST,0,NONE,0.0,1.0,0.0,0.0,0.4,0.5,False
ws-11329,HOST,0,NONE,0.0,0.0,0.0,0.0,0.0,0.5,False
VDR_12131,HOST,0,NONE,0.0,1.0,0.0,0.0,0.4,0.5,False
WS-10632,HOST,0,NONE,0.0,1.0,1.0,0.0,0.7,0.5,False
LPT-10976.corp.local,HOST,0,NONE,0.0,0.0,0.0,0.0,0.0,0.5,False
LPT-11693,HOST,1,ENDPOINT,0.0,2.0,3.0,0.0,1.7,0.65,False
VDR_11729,HOST,0,NONE,0.0,0.0,0.0,0.0,0.0,0.5,False
LPT-12768.corp.local,HOST,0,NONE,0.0,0.0,0.0,0.0,0.0,0.5,False
vdr-10885,HOST,0,NONE,0.0,0.0,0.0,0.0,0.0,0.5,False
vdr-12040,HOST,0,NONE,0.0,0.0,0.0,0.0,0.0,0.5,False
lpt-12741,HOST,0,NONE,0.0,1.0,0.0,0.0,0.4,0.5,False
VDR-11157,HOST,0,NONE,0.0,0.0,2.0,0.0,0.6,0.5,False
LPT_12652,HOST,0,NONE,0.0,0.0,0.0,0.0,0.0,0.5,False
VDR_10329,HOST,0,NONE,0.0,0.0,0.0,0.0,0.0,0.5,False
ws-11985,HOST,0,NONE,0.0,0.0,0.0,0.0,0.0,0.5,False
LPT-12685,HOST,0,NONE,0.0,1.0,1.0,0.0,0.7,0.5,False
lpt-12612,HOST,0,NONE,0.0,0.0,0.0,0.0,0.0,0.5,False
lpt-10008,HOST,0,NONE,0.0,0.0,0.0,0.0,0.0,0.5,False
VDR_12972,HOST,0,NONE,0.0,0.0,0.0,0.0,0.0,0.5,False
LPT-11333,HOST,0,NONE,0.0,2.0,2.0,0.0,1.4,0.5,False
LPT-12321,HOST,0,NONE,0.0,1.0,1.0,0.0,0.7,0.5,False
WS-12261,HOST,1,FIREWALL_DENY,0.0,3.0,2.0,0.0,1.8,0.65,False
LPT-12528.corp.local,HOST,0,NONE,0.0,2.0,0.0,0.0,0.8,0.5,False
VDR-11090.corp.local,HOST,0,NONE,0.0,2.0,0.0,0.0,0.8,0.5,False
LPT-10199.corp.local,HOST,0,NONE,0.0,0.0,0.0,0.0,0.0,0.5,False
VDR-11445.corp.local,HOST,0,NONE,0.0,0.0,0.0,0.0,0.0,0.5,False
VDR-10562.corp.local,HOST,0,NONE,0.0,1.0,0.0,0.0,0.4,0.5,False
VDR-12602,HOST,1,ENDPOINT,0.0,1.0,5.0,0.0,1.9,0.65,False
WS-12742,HOST,0,NONE,0.0,2.0,1.0,0.0,1.1,0.5,False
LPT_11476,HOST,0,NONE,0.0,1.0,0.0,0.0,0.4,0.5,False
ws-10918,HOST,0,NONE,0.0,0.0,0.0,0.0,0.0,0.5,False
WS-11481,HOST,0,NONE,0.0,1.0,1.0,0.0,0.7,0.5,False
VDR-11404,HOST,1,ENDPOINT,0.0,2.0,3.0,0.0,1.7,0.65,False
LPT-12424,HOST,1,ENDPOINT,0.0,2.0,8.0,0.0,3.2,0.65,False
WS-10890,HOST,0,NONE,0.0,2.0,2.0,0.0,1.4,0.5,False
WS-12456,HOST,1,ENDPOINT,0.0,1.0,3.0,0.0,1.3,0.65,False
ws-10505,HOST,0,NONE,0.0,1.0,0.0,0.0,0.4,0.5,False
WS-11424.corp.local,HOST,0,NONE,0.0,0.0,0.0,0.0,0.0,0.5,False
VDR-11580.corp.local,HOST,0,NONE,0.0,0.0,0.0,0.0,0.0,0.5,False
LPT-12687.corp.local,HOST,0,NONE,0.0,0.0,0.0,0.0,0.0,0.5,False
ws-11073,HOST,0,NONE,0.0,1.0,0.0,0.0,0.4,0.5,False
WS_11430,HOST,0,NONE,0.0,0.0,0.0,0.0,0.0,0.5,False
VDR-10879,HOST,0,NONE,0.0,0.0,1.0,0.0,0.3,0.5,False
ws-10151,HOST,0,NONE,0.0,0.0,0.0,0.0,0.0,0.5,False
WS_12226,HOST,0,NONE,0.0,0.0,0.0,0.0,0.0,0.5,False
vdr-10861,HOST,0,NONE,0.0,0.0,0.0,0.0,0.0,0.5,False
LPT-10596,HOST,2,FIREWALL_DENY|ENDPOINT,0.0,4.0,3.0,0.0,2.5,0.8,True
LPT-11678.corp.local,HOST,0,NONE,0.0,0.0,0.0,0.0,0.0,0.5,False
WS-10115.corp.local,HOST,0,NONE,0.0,0.0,0.0,0.0,0.0,0.5,False
WS-10419,HOST,0,NONE,0.0,0.0,1.0,0.0,0.3,0.5,False
vdr-10230,HOST,0,NONE,0.0,0.0,0.0,0.0,0.0,0.5,False
ws-12682,HOST,0,NONE,0.0,1.0,0.0,0.0,0.4,0.5,False
LPT-12800,HOST,1,FIREWALL_DENY,0.0,3.0,2.0,0.0,1.8,0.65,False
VDR-10132,HOST,0,NONE,0.0,0.0,1.0,0.0,0.3,0.5,False
ws-10442,HOST,0,NONE,0.0,0.0,0.0,0.0,0.0,0.5,False
VDR-12142.corp.local,HOST,0,NONE,0.0,0.0,0.0,0.0,0.0,0.5,False
VDR_12436,HOST,0,NONE,0.0,0.0,0.0,0.0,0.0,0.5,False
LPT-10897,HOST,2,FIREWALL_DENY|ENDPOINT,0.0,3.0,3.0,0.0,2.1,0.8,True
WS-10417.corp.local,HOST,0,NONE,0.0,0.0,0.0,0.0,0.0,0.5,False
WS-10178,HOST,1,ENDPOINT,0.0,1.0,4.0,0.0,1.6,0.65,False
WS-10393,HOST,1,FIREWALL_DENY,0.0,4.0,2.0,0.0,2.2,0.65,False
WS-12446.corp.local,HOST,0,NONE,0.0,0.0,0.0,0.0,0.0,0.5,False
LPT-11534,HOST,0,NONE,0.0,1.0,2.0,0.0,1.0,0.5,False
LPT-11685.corp.local,HOST,0,NONE,0.0,0.0,0.0,0.0,0.0,0.5,False
VDR-11201,HOST,2,FIREWALL_DENY|ENDPOINT,0.0,3.0,3.0,0.0,2.1,0.8,True
lpt-12399,HOST,0,NONE,0.0,0.0,0.0,0.0,0.0,0.5,False
VDR-11747,HOST,0,NONE,0.0,2.0,0.0,0.0,0.8,0.5,False
vdr-11980,HOST,0,NONE,0.0,1.0,0.0,0.0,0.4,0.5,False
LPT-12351,HOST,0,NONE,0.0,1.0,1.0,0.0,0.7,0.5,False
LPT-12700.,HOST,0,NONE,0.0,0.0,0.0,0.0,0.0,0.5,False
LPT-11558.corp.local,HOST,0,NONE,0.0,0.0,0.0,0.0,0.0,0.5,False
WS-11444,HOST,2,FIREWALL_DENY|ENDPOINT,0.0,3.0,3.0,0.0,2.1,0.8,True
WS-11923.corp.local,HOST,0,NONE,0.0,0.0,0.0,0.0,0.0,0.5,False
VDR-12071,HOST,1,ENDPOINT,0.0,1.0,4.0,0.0,1.6,0.65,False
VDR-10421,HOST,1,ENDPOINT,0.0,0.0,4.0,0.0,1.2,0.65,False
VDR_11091,HOST,0,NONE,0.0,0.0,0.0,0.0,0.0,0.5,False
WS-10579.,HOST,0,NONE,0.0,0.0,0.0,0.0,0.0,0.5,False
WS_10252,HOST,0,NONE,0.0,0.0,0.0,0.0,0.0,0.5,False
LPT-10160.corp.local,HOST,0,NONE,0.0,1.0,0.0,0.0,0.4,0.5,False
vdr-10503,HOST,0,NONE,0.0,0.0,0.0,0.0,0.0,0.5,False
LPT-12907,HOST,1,ENDPOINT,0.0,1.0,3.0,0.0,1.3,0.65,False
LPT_11238,HOST,0,NONE,0.0,0.0,0.0,0.0,0.0,0.5,False
vdr-10458,HOST,0,NONE,0.0,0.0,0.0,0.0,0.0,0.5,False
VDR-12400,HOST,0,NONE,0.0,2.0,0.0,0.0,0.8,0.5,False
lpt-11115,HOST,0,NONE,0.0,1.0,0.0,0.0,0.4,0.5,False
LPT-11881,HOST,0,NONE,0.0,0.0,0.0,0.0,0.0,0.5,False
vdr-11338,HOST,0,NONE,0.0,1.0,0.0,0.0,0.4,0.5,False
WS_12449,HOST,0,NONE,0.0,0.0,0.0,0.0,0.0,0.5,False
LPT-12231.,HOST,0,NONE,0.0,0.0,0.0,0.0,0.0,0.5,False
LPT-10114,HOST,1,ENDPOINT,0.0,1.0,3.0,0.0,1.3,0.65,False
lpt-12985,HOST,0,NONE,0.0,0.0,0.0,0.0,0.0,0.5,False
LPT-10802,HOST,1,ENDPOINT,0.0,2.0,3.0,0.0,1.7,0.65,False
VDR-11094,HOST,1,ENDPOINT,0.0,1.0,3.0,0.0,1.3,0.65,False
WS-12953,HOST,1,ENDPOINT,0.0,2.0,4.0,0.0,2.0,0.65,False
LPT-11453,HOST,0,NONE,0.0,0.0,1.0,0.0,0.3,0.5,False
WS-11849,HOST,0,NONE,0.0,0.0,2.0,0.0,0.6,0.5,False
VDR-11378.corp.local,HOST,0,NONE,0.0,0.0,0.0,0.0,0.0,0.5,False
vdr-10778,HOST,0,NONE,0.0,0.0,0.0,0.0,0.0,0.5,False
WS-12822.corp.local,HOST,0,NONE,0.0,0.0,0.0,0.0,0.0,0.5,False
ws-11347,HOST,0,NONE,0.0,0.0,0.0,0.0,0.0,0.5,False
ws-10837,HOST,0,NONE,0.0,1.0,0.0,0.0,0.4,0.5,False
VDR-11283,HOST,0,NONE,0.0,2.0,2.0,0.0,1.4,0.5,False
VDR_12770,HOST,0,NONE,0.0,0.0,0.0,0.0,0.0,0.5,False
lpt-11908,HOST,0,NONE,0.0,0.0,0.0,0.0,0.0,0.5,False
VDR-11932,HOST,1,ENDPOINT,0.0,1.0,5.0,0.0,1.9,0.65,False
VDR-11892,HOST,0,NONE,0.0,2.0,2.0,0.0,1.4,0.5,False
LPT_11060,HOST,0,NONE,0.0,0.0,0.0,0.0,0.0,0.5,False
ws-10113,HOST,0,NONE,0.0,0.0,0.0,0.0,0.0,0.5,False
lpt-12597,HOST,0,NONE,0.0,0.0,0.0,0.0,0.0,0.5,False
VDR-10170,HOST,0,NONE,0.0,1.0,1.0,0.0,0.7,0.5,False
WS-11370.corp.local,HOST,0,NONE,0.0,0.0,0.0,0.0,0.0,0.5,False
WS_11670,HOST,0,NONE,0.0,0.0,0.0,0.0,0.0,0.5,False
LPT_11004,HOST,0,NONE,0.0,1.0,0.0,0.0,0.4,0.5,False
LPT_11282,HOST,0,NONE,0.0,0.0,0.0,0.0,0.0,0.5,False
WS-11944,HOST,0,NONE,0.0,1.0,2.0,0.0,1.0,0.5,False
WS-11672.corp.local,HOST,0,NONE,0.0,2.0,0.0,0.0,0.8,0.5,False
LPT-11322.corp.local,HOST,0,NONE,0.0,0.0,0.0,0.0,0.0,0.5,False
LPT_10217,HOST,0,NONE,0.0,0.0,0.0,0.0,0.0,0.5,False
LPT-12138,HOST,0,NONE,0.0,0.0,1.0,0.0,0.3,0.5,False
VDR_10533,HOST,0,NONE,0.0,0.0,0.0,0.0,0.0,0.5,False
VDR-10179,HOST,0,NONE,0.0,2.0,2.0,0.0,1.4,0.5,False
ws-11084,HOST,0,NONE,0.0,0.0,0.0,0.0,0.0,0.5,False
WS-11863,HOST,1,ENDPOINT,0.0,0.0,3.0,0.0,0.9,0.65,False
WS-10486.corp.local,HOST,0,NONE,0.0,1.0,0.0,0.0,0.4,0.5,False
VDR-10237.corp.local,HOST,0,NONE,0.0,0.0,0.0,0.0,0.0,0.5,False
VDR-10251,HOST,1,ENDPOINT,0.0,2.0,4.0,0.0,2.0,0.65,False
LPT-11908,HOST,1,ENDPOINT,0.0,2.0,5.0,0.0,2.3,0.65,False
WS-12799.corp.local,HOST,0,NONE,0.0,0.0,0.0,0.0,0.0,0.5,False
LPT_11057,HOST,0,NONE,0.0,0.0,0.0,0.0,0.0,0.5,False
lpt-12389,HOST,0,NONE,0.0,0.0,0.0,0.0,0.0,0.5,False
WS-11624,HOST,1,ENDPOINT,0.0,0.0,3.0,0.0,0.9,0.65,False
WS_12827,HOST,0,NONE,0.0,0.0,0.0,0.0,0.0,0.5,False
lpt-12201,HOST,0,NONE,0.0,1.0,0.0,0.0,0.4,0.5,False
LPT-12364.corp.local,HOST,0,NONE,0.0,0.0,0.0,0.0,0.0,0.5,False
ws-10078,HOST,0,NONE,0.0,2.0,0.0,0.0,0.8,0.5,False
WS_12576,HOST,0,NONE,0.0,0.0,0.0,0.0,0.0,0.5,False
WS_12931,HOST,0,NONE,0.0,0.0,0.0,0.0,0.0,0.5,False
VDR-11560.corp.local,HOST,0,NONE,0.0,0.0,0.0,0.0,0.0,0.5,False
lpt-11423,HOST,0,NONE,0.0,0.0,0.0,0.0,0.0,0.5,False
VDR_10314,HOST,0,NONE,0.0,1.0,0.0,0.0,0.4,0.5,False
LPT-10194,HOST,2,FIREWALL_DENY|ENDPOINT,0.0,4.0,3.0,0.0,2.5,0.8,True
VDR_11549,HOST,0,NONE,0.0,0.0,0.0,0.0,0.0,0.5,False
LPT-12783.,HOST,0,NONE,0.0,0.0,0.0,0.0,0.0,0.5,False
LPT-12583,HOST,2,FIREWALL_DENY|ENDPOINT,0.0,4.0,4.0,0.0,2.8,0.8,True
ws-11228,HOST,0,NONE,0.0,1.0,0.0,0.0,0.4,0.5,False
VDR_10170,HOST,0,NONE,0.0,0.0,0.0,0.0,0.0,0.5,False
WS-12915.corp.local,HOST,0,NONE,0.0,1.0,0.0,0.0,0.4,0.5,False
LPT-12029.corp.local,HOST,0,NONE,0.0,1.0,0.0,0.0,0.4,0.5,False
LPT_11552,HOST,0,NONE,0.0,1.0,0.0,0.0,0.4,0.5,False
WS-11725,HOST,0,NONE,0.0,1.0,2.0,0.0,1.0,0.5,False
LPT-12597.corp.local,HOST,0,NONE,0.0,2.0,0.0,0.0,0.8,0.5,False
LPT-11649,HOST,1,ENDPOINT,0.0,0.0,5.0,0.0,1.5,0.65,False
VDR_11822,HOST,0,NONE,0.0,1.0,0.0,0.0,0.4,0.5,False
vdr-10484,HOST,0,NONE,0.0,0.0,0.0,0.0,0.0,0.5,False
VDR-11585.corp.local,HOST,0,NONE,0.0,0.0,0.0,0.0,0.0,0.5,False
WS-10620,HOST,0,NONE,0.0,1.0,2.0,0.0,1.0,0.5,False
LPT_12640,HOST,0,NONE,0.0,1.0,0.0,0.0,0.4,0.5,False
LPT_12425,HOST,0,NONE,0.0,0.0,0.0,0.0,0.0,0.5,False
VDR-11556,HOST,1,ENDPOINT,0.0,2.0,3.0,0.0,1.7,0.65,False
lpt-12134,HOST,0,NONE,0.0,0.0,0.0,0.0,0.0,0.5,False
WS-12139,HOST,0,NONE,0.0,1.0,0.0,0.0,0.4,0.5,False
LPT-12608,HOST,1,ENDPOINT,0.0,0.0,3.0,0.0,0.9,0.65,False
WS-11939,HOST,0,NONE,0.0,0.0,1.0,0.0,0.3,0.5,False
VDR-11802,HOST,1,ENDPOINT,0.0,2.0,5.0,0.0,2.3,0.65,False
ws-11847,HOST,0,NONE,0.0,0.0,0.0,0.0,0.0,0.5,False
ws-12889,HOST,0,NONE,0.0,0.0,0.0,0.0,0.0,0.5,False
vdr-12499,HOST,0,NONE,0.0,0.0,0.0,0.0,0.0,0.5,False
VDR-10533,HOST,1,ENDPOINT,0.0,1.0,3.0,0.0,1.3,0.65,False
lpt-12211,HOST,0,NONE,0.0,0.0,0.0,0.0,0.0,0.5,False
WS_12214,HOST,0,NONE,0.0,1.0,0.0,0.0,0.4,0.5,False
lpt-12297,HOST,0,NONE,0.0,0.0,0.0,0.0,0.0,0.5,False
VDR_11445,HOST,0,NONE,0.0,0.0,0.0,0.0,0.0,0.5,False
VDR-11420.corp.local,HOST,0,NONE,0.0,0.0,0.0,0.0,0.0,0.5,False
LPT-10258.corp.local,HOST,0,NONE,0.0,0.0,0.0,0.0,0.0,0.5,False
VDR-10485,HOST,2,FIREWALL_DENY|ENDPOINT,0.0,3.0,8.0,0.0,3.6,0.8,True
WS-12092.corp.local,HOST,0,NONE,0.0,0.0,0.0,0.0,0.0,0.5,False
WS-12661,HOST,0,NONE,0.0,0.0,0.0,0.0,0.0,0.5,False
LPT_12169,HOST,0,NONE,0.0,0.0,0.0,0.0,0.0,0.5,False
ws-11545,HOST,0,NONE,0.0,0.0,0.0,0.0,0.0,0.5,False
WS_11362,HOST,0,NONE,0.0,0.0,0.0,0.0,0.0,0.5,False
VDR_10923,HOST,0,NONE,0.0,1.0,0.0,0.0,0.4,0.5,False
lpt-12965,HOST,0,NONE,0.0,0.0,0.0,0.0,0.0,0.5,False
LPT-12805,HOST,0,NONE,0.0,1.0,1.0,0.0,0.7,0.5,False
VDR-10795,HOST,1,FIREWALL_DENY,0.0,3.0,2.0,0.0,1.8,0.65,False
VDR_11494,HOST,0,NONE,0.0,0.0,0.0,0.0,0.0,0.5,False
LPT-11818,HOST,1,ENDPOINT,0.0,2.0,4.0,0.0,2.0,0.65,False
ws-12912,HOST,0,NONE,0.0,0.0,0.0,0.0,0.0,0.5,False
WS-10371.corp.local,HOST,0,NONE,0.0,1.0,0.0,0.0,0.4,0.5,False
WS-11621.corp.local,HOST,0,NONE,0.0,2.0,0.0,0.0,0.8,0.5,False
LPT-12008.corp.local,HOST,0,NONE,0.0,1.0,0.0,0.0,0.4,0.5,False
LPT-12636,HOST,1,ENDPOINT,0.0,1.0,5.0,0.0,1.9,0.65,False
WS-12791,HOST,0,NONE,0.0,1.0,1.0,0.0,0.7,0.5,False
WS_12938,HOST,0,NONE,0.0,0.0,0.0,0.0,0.0,0.5,False
WS-11733,HOST,1,ENDPOINT,0.0,1.0,3.0,0.0,1.3,0.65,False
vdr-12357,HOST,0,NONE,0.0,1.0,0.0,0.0,0.4,0.5,False
VDR-12464.corp.local,HOST,0,NONE,0.0,0.0,0.0,0.0,0.0,0.5,False
VDR-12159,HOST,0,NONE,0.0,2.0,0.0,0.0,0.8,0.5,False
VDR-11843,HOST,2,FIREWALL_DENY|ENDPOINT,0.0,3.0,4.0,0.0,2.4,0.8,True
ws-12529,HOST,0,NONE,0.0,0.0,0.0,0.0,0.0,0.5,False
WS-11078,HOST,1,ENDPOINT,0.0,2.0,3.0,0.0,1.7,0.65,False
WS_12172,HOST,0,NONE,0.0,0.0,0.0,0.0,0.0,0.5,False
ws-12446,HOST,0,NONE,0.0,0.0,0.0,0.0,0.0,0.5,False
lpt-12301,HOST,0,NONE,0.0,0.0,0.0,0.0,0.0,0.5,False
WS-10591.corp.local,HOST,0,NONE,0.0,1.0,0.0,0.0,0.4,0.5,False
VDR-10154,HOST,0,NONE,0.0,1.0,2.0,0.0,1.0,0.5,False
LPT-11960.,HOST,0,NONE,0.0,0.0,0.0,0.0,0.0,0.5,False
lpt-12779,HOST,0,NONE,0.0,1.0,0.0,0.0,0.4,0.5,False
WS_11347,HOST,0,NONE,0.0,0.0,0.0,0.0,0.0,0.5,False
LPT-10381,HOST,1,FIREWALL_DENY,0.0,3.0,2.0,0.0,1.8,0.65,False
VDR-12656.corp.local,HOST,0,NONE,0.0,1.0,0.0,0.0,0.4,0.5,False
VDR-12835.,HOST,0,NONE,0.0,0.0,0.0,0.0,0.0,0.5,False
VDR-12020,HOST,1,ENDPOINT,0.0,1.0,3.0,0.0,1.3,0.65,False
WS-10163.corp.local,HOST,0,NONE,0.0,0.0,0.0,0.0,0.0,0.5,False
WS-10540,HOST,1,ENDPOINT,0.0,1.0,3.0,0.0,1.3,0.65,False
lpt-11572,HOST,0,NONE,0.0,0.0,0.0,0.0,0.0,0.5,False
LPT-11998.corp.local,HOST,0,NONE,0.0,1.0,0.0,0.0,0.4,0.5,False
LPT-12026,HOST,0,NONE,0.0,1.0,1.0,0.0,0.7,0.5,False
LPT-12467,HOST,0,NONE,0.0,0.0,0.0,0.0,0.0,0.5,False
vdr-12121,HOST,0,NONE,0.0,0.0,0.0,0.0,0.0,0.5,False
VDR-11969,HOST,0,NONE,0.0,1.0,0.0,0.0,0.4,0.5,False
VDR_11479,HOST,0,NONE,0.0,1.0,0.0,0.0,0.4,0.5,False
VDR_11378,HOST,0,NONE,0.0,1.0,0.0,0.0,0.4,0.5,False
ws-10884,HOST,0,NONE,0.0,0.0,0.0,0.0,0.0,0.5,False
ws-10824,HOST,0,NONE,0.0,0.0,0.0,0.0,0.0,0.5,False
ws-12925,HOST,0,NONE,0.0,0.0,0.0,0.0,0.0,0.5,False
LPT-12314.corp.local,HOST,0,NONE,0.0,0.0,0.0,0.0,0.0,0.5,False
VDR-11832,HOST,0,NONE,0.0,0.0,2.0,0.0,0.6,0.5,False
VDR-12823,HOST,0,NONE,0.0,2.0,0.0,0.0,0.8,0.5,False
LPT-10047,HOST,0,NONE,0.0,0.0,2.0,0.0,0.6,0.5,False
ws-10045,HOST,0,NONE,0.0,0.0,0.0,0.0,0.0,0.5,False
vdr-12554,HOST,0,NONE,0.0,0.0,0.0,0.0,0.0,0.5,False
LPT-12586,HOST,1,FIREWALL_DENY,0.0,4.0,2.0,0.0,2.2,0.65,False
LPT-12476.corp.local,HOST,0,NONE,0.0,0.0,0.0,0.0,0.0,0.5,False
WS_11820,HOST,0,NONE,0.0,1.0,0.0,0.0,0.4,0.5,False
lpt-10939,HOST,0,NONE,0.0,0.0,0.0,0.0,0.0,0.5,False
LPT-11741,HOST,0,NONE,0.0,1.0,2.0,0.0,1.0,0.5,False
WS-10953,HOST,1,ENDPOINT,0.0,1.0,7.0,0.0,2.5,0.65,False
VDR_10296,HOST,0,NONE,0.0,0.0,0.0,0.0,0.0,0.5,False
vdr-10805,HOST,0,NONE,0.0,0.0,0.0,0.0,0.0,0.5,False
VDR-11610,HOST,1,ENDPOINT,0.0,2.0,4.0,0.0,2.0,0.65,False
VDR-12498,HOST,2,FIREWALL_DENY|ENDPOINT,0.0,4.0,4.0,0.0,2.8,0.8,True
WS_10280,HOST,0,NONE,0.0,0.0,0.0,0.0,0.0,0.5,False
VDR_12479,HOST,0,NONE,0.0,1.0,0.0,0.0,0.4,0.5,False
VDR_10029,HOST,0,NONE,0.0,1.0,0.0,0.0,0.4,0.5,False
LPT-12106.corp.local,HOST,0,NONE,0.0,1.0,0.0,0.0,0.4,0.5,False
WS-10916,HOST,1,ENDPOINT,0.0,2.0,4.0,0.0,2.0,0.65,False
WS-12544.,HOST,0,NONE,0.0,0.0,0.0,0.0,0.0,0.5,False
VDR-12734.corp.local,HOST,0,NONE,0.0,1.0,0.0,0.0,0.4,0.5,False
LPT_10775,HOST,0,NONE,0.0,0.0,0.0,0.0,0.0,0.5,False
WS-10665.corp.local,HOST,0,NONE,0.0,1.0,0.0,0.0,0.4,0.5,False
WS-12878.corp.local,HOST,0,NONE,0.0,0.0,0.0,0.0,0.0,0.5,False
WS_11839,HOST,0,NONE,0.0,0.0,0.0,0.0,0.0,0.5,False
LPT-12260.corp.local,HOST,0,NONE,0.0,1.0,0.0,0.0,0.4,0.5,False
lpt-11609,HOST,0,NONE,0.0,1.0,0.0,0.0,0.4,0.5,False
VDR-12455,HOST,1,FIREWALL_DENY,0.0,3.0,1.0,0.0,1.5,0.65,False
LPT-11485,HOST,0,NONE,0.0,2.0,2.0,0.0,1.4,0.5,False
LPT-11333.corp.local,HOST,0,NONE,0.0,0.0,0.0,0.0,0.0,0.5,False
lpt-12339,HOST,0,NONE,0.0,0.0,0.0,0.0,0.0,0.5,False
LPT-12355,HOST,1,ENDPOINT,0.0,1.0,4.0,0.0,1.6,0.65,False
VDR-10813,HOST,0,NONE,0.0,0.0,0.0,0.0,0.0,0.5,False
WS-10137.corp.local,HOST,0,NONE,0.0,0.0,0.0,0.0,0.0,0.5,False
lpt-12366,HOST,0,NONE,0.0,1.0,0.0,0.0,0.4,0.5,False
WS-10487,HOST,0,NONE,0.0,1.0,2.0,0.0,1.0,0.5,False
LPT-11710,HOST,0,NONE,0.0,1.0,1.0,0.0,0.7,0.5,False
ws-12194,HOST,0,NONE,0.0,0.0,0.0,0.0,0.0,0.5,False
LPT-11573.corp.local,HOST,0,NONE,0.0,1.0,0.0,0.0,0.4,0.5,False
WS-11671,HOST,1,ENDPOINT,0.0,1.0,3.0,0.0,1.3,0.65,False
vdr-11087,HOST,0,NONE,0.0,1.0,0.0,0.0,0.4,0.5,False
LPT-10235,HOST,0,NONE,0.0,1.0,2.0,0.0,1.0,0.5,False
LPT-12186,HOST,1,ENDPOINT,0.0,2.0,4.0,0.0,2.0,0.65,False
VDR-10209,HOST,1,ENDPOINT,0.0,1.0,4.0,0.0,1.6,0.65,False
ws-12531,HOST,0,NONE,0.0,0.0,0.0,0.0,0.0,0.5,False
WS-10760,HOST,0,NONE,0.0,2.0,1.0,0.0,1.1,0.5,False
ws-10313,HOST,0,NONE,0.0,1.0,0.0,0.0,0.4,0.5,False
ws-10574,HOST,0,NONE,0.0,0.0,0.0,0.0,0.0,0.5,False
LPT-12476,HOST,1,ENDPOINT,0.0,0.0,6.0,0.0,1.8,0.65,False
WS_10803,HOST,0,NONE,0.0,0.0,0.0,0.0,0.0,0.5,False
VDR_10489,HOST,0,NONE,0.0,0.0,0.0,0.0,0.0,0.5,False
WS-12236,HOST,0,NONE,0.0,1.0,2.0,0.0,1.0,0.5,False
vdr-10718,HOST,0,NONE,0.0,0.0,0.0,0.0,0.0,0.5,False
LPT_12444,HOST,0,NONE,0.0,1.0,0.0,0.0,0.4,0.5,False
ws-11315,HOST,0,NONE,0.0,0.0,0.0,0.0,0.0,0.5,False
vdr-10588,HOST,0,NONE,0.0,1.0,0.0,0.0,0.4,0.5,False
VDR-12859.corp.local,HOST,0,NONE,0.0,0.0,0.0,0.0,0.0,0.5,False
lpt-12639,HOST,0,NONE,0.0,0.0,0.0,0.0,0.0,0.5,False
VDR_12979,HOST,0,NONE,0.0,0.0,0.0,0.0,0.0,0.5,False
LPT-12615,HOST,0,NONE,0.0,1.0,1.0,0.0,0.7,0.5,False
LPT-12654,HOST,0,NONE,0.0,2.0,2.0,0.0,1.4,0.5,False
LPT-11048,HOST,1,ENDPOINT,0.0,0.0,5.0,0.0,1.5,0.65,False
WS-10534,HOST,2,FIREWALL_DENY|ENDPOINT,0.0,4.0,4.0,0.0,2.8,0.8,True
WS_12482,HOST,0,NONE,0.0,0.0,0.0,0.0,0.0,0.5,False
vdr-12185,HOST,0,NONE,0.0,0.0,0.0,0.0,0.0,0.5,False
WS-12232,HOST,0,NONE,0.0,1.0,2.0,0.0,1.0,0.5,False
LPT-10197,HOST,1,ENDPOINT,0.0,0.0,3.0,0.0,0.9,0.65,False
LPT-12620,HOST,1,ENDPOINT,0.0,0.0,4.0,0.0,1.2,0.65,False
VDR-10716.corp.local,HOST,0,NONE,0.0,0.0,0.0,0.0,0.0,0.5,False
lpt-12697,HOST,0,NONE,0.0,0.0,0.0,0.0,0.0,0.5,False
VDR_10357,HOST,0,NONE,0.0,0.0,0.0,0.0,0.0,0.5,False
ws-11737,HOST,0,NONE,0.0,0.0,0.0,0.0,0.0,0.5,False
WS_12637,HOST,0,NONE,0.0,0.0,0.0,0.0,0.0,0.5,False
LPT-11452,HOST,1,FIREWALL_DENY,0.0,3.0,0.0,0.0,1.2,0.65,False
lpt-11886,HOST,0,NONE,0.0,0.0,0.0,0.0,0.0,0.5,False
VDR-12750.corp.local,HOST,0,NONE,0.0,0.0,0.0,0.0,0.0,0.5,False
LPT-11700,HOST,1,FIREWALL_DENY,0.0,5.0,1.0,0.0,2.3,0.65,False
lpt-11705,HOST,0,NONE,0.0,0.0,0.0,0.0,0.0,0.5,False
WS_12632,HOST,0,NONE,0.0,0.0,0.0,0.0,0.0,0.5,False
LPT-12070,HOST,1,FIREWALL_DENY,0.0,4.0,2.0,0.0,2.2,0.65,False
WS_12853,HOST,0,NONE,0.0,0.0,0.0,0.0,0.0,0.5,False
ws-12849,HOST,0,NONE,0.0,0.0,0.0,0.0,0.0,0.5,False
LPT-12530,HOST,1,ENDPOINT,0.0,1.0,4.0,0.0,1.6,0.65,False
LPT-11788,HOST,1,ENDPOINT,0.0,2.0,4.0,0.0,2.0,0.65,False
WS-11026,HOST,0,NONE,0.0,0.0,2.0,0.0,0.6,0.5,False
VDR-10571.corp.local,HOST,0,NONE,0.0,0.0,0.0,0.0,0.0,0.5,False
WS-11430,HOST,1,FIREWALL_DENY,0.0,3.0,2.0,0.0,1.8,0.65,False
LPT-10046,HOST,1,ENDPOINT,0.0,1.0,3.0,0.0,1.3,0.65,False
WS-11159.corp.local,HOST,0,NONE,0.0,0.0,0.0,0.0,0.0,0.5,False
VDR-10019.,HOST,0,NONE,0.0,0.0,0.0,0.0,0.0,0.5,False
LPT-12951,HOST,0,NONE,0.0,0.0,2.0,0.0,0.6,0.5,False
ws-10720,HOST,0,NONE,0.0,1.0,0.0,0.0,0.4,0.5,False
VDR-11251.,HOST,0,NONE,0.0,0.0,0.0,0.0,0.0,0.5,False
WS_11474,HOST,0,NONE,0.0,1.0,0.0,0.0,0.4,0.5,False
vdr-11832,HOST,0,NONE,0.0,0.0,0.0,0.0,0.0,0.5,False
LPT-11866,HOST,0,NONE,0.0,0.0,2.0,0.0,0.6,0.5,False
WS-10332,HOST,0,NONE,0.0,0.0,2.0,0.0,0.6,0.5,False
lpt-12486,HOST,0,NONE,0.0,0.0,0.0,0.0,0.0,0.5,False
VDR_11099,HOST,0,NONE,0.0,0.0,0.0,0.0,0.0,0.5,False
vdr-10196,HOST,0,NONE,0.0,0.0,0.0,0.0,0.0,0.5,False
LPT-10637,HOST,1,ENDPOINT,0.0,1.0,7.0,0.0,2.5,0.65,False
WS-11868,HOST,0,NONE,0.0,2.0,0.0,0.0,0.8,0.5,False
WS_11849,HOST,0,NONE,0.0,0.0,0.0,0.0,0.0,0.5,False
VDR-12590.corp.local,HOST,0,NONE,0.0,0.0,0.0,0.0,0.0,0.5,False
LPT_10176,HOST,0,NONE,0.0,1.0,0.0,0.0,0.4,0.5,False
LPT-10275,HOST,0,NONE,0.0,0.0,1.0,0.0,0.3,0.5,False
WS-11143,HOST,1,ENDPOINT,0.0,2.0,3.0,0.0,1.7,0.65,False
lpt-10668,HOST,0,NONE,0.0,1.0,0.0,0.0,0.4,0.5,False
LPT-12786,HOST,1,ENDPOINT,0.0,2.0,3.0,0.0,1.7,0.65,False
LPT-12004,HOST,0,NONE,0.0,0.0,0.0,0.0,0.0,0.5,False
LPT-10901.corp.local,HOST,0,NONE,0.0,1.0,0.0,0.0,0.4,0.5,False
VDR-11433.corp.local,HOST,0,NONE,0.0,0.0,0.0,0.0,0.0,0.5,False
vdr-10756,HOST,0,NONE,0.0,0.0,0.0,0.0,0.0,0.5,False
VDR-10703.corp.local,HOST,0,NONE,0.0,0.0,0.0,0.0,0.0,0.5,False
LPT-12301.corp.local,HOST,0,NONE,0.0,0.0,0.0,0.0,0.0,0.5,False
VDR-11002.,HOST,0,NONE,0.0,0.0,0.0,0.0,0.0,0.5,False
LPT-10254.corp.local,HOST,0,NONE,0.0,1.0,0.0,0.0,0.4,0.5,False
WS-11994.corp.local,HOST,0,NONE,0.0,1.0,0.0,0.0,0.4,0.5,False
LPT-11050,HOST,1,ENDPOINT,0.0,2.0,4.0,0.0,2.0,0.65,False
LPT-10880,HOST,1,FIREWALL_DENY,0.0,4.0,1.0,0.0,1.9,0.65,False
WS-11067,HOST,1,ENDPOINT,0.0,0.0,9.0,0.0,2.7,0.65,False
WS-10367,HOST,0,NONE,0.0,1.0,1.0,0.0,0.7,0.5,False
vdr-11056,HOST,0,NONE,0.0,1.0,0.0,0.0,0.4,0.5,False
VDR-11963.corp.local,HOST,0,NONE,0.0,0.0,0.0,0.0,0.0,0.5,False
LPT_11561,HOST,0,NONE,0.0,1.0,0.0,0.0,0.4,0.5,False
VDR-11402.corp.local,HOST,0,NONE,0.0,0.0,0.0,0.0,0.0,0.5,False
WS-10774,HOST,0,NONE,0.0,1.0,2.0,0.0,1.0,0.5,False
LPT-10734,HOST,1,ENDPOINT,0.0,0.0,3.0,0.0,0.9,0.65,False
LPT-12289,HOST,0,NONE,0.0,0.0,1.0,0.0,0.3,0.5,False
lpt-11824,HOST,0,NONE,0.0,1.0,0.0,0.0,0.4,0.5,False
LPT-10311.corp.local,HOST,0,NONE,0.0,1.0,0.0,0.0,0.4,0.5,False
LPT-12503,HOST,1,ENDPOINT,0.0,0.0,3.0,0.0,0.9,0.65,False
VDR-12178,HOST,2,FIREWALL_DENY|ENDPOINT,0.0,4.0,5.0,0.0,3.1,0.8,True
LPT-12211.corp.local,HOST,0,NONE,0.0,0.0,0.0,0.0,0.0,0.5,False
ws-12876,HOST,0,NONE,0.0,1.0,0.0,0.0,0.4,0.5,False
LPT-12053,HOST,0,NONE,0.0,2.0,2.0,0.0,1.4,0.5,False
LPT-10860.corp.local,HOST,0,NONE,0.0,0.0,0.0,0.0,0.0,0.5,False
LPT-10157,HOST,0,NONE,0.0,1.0,2.0,0.0,1.0,0.5,False
LPT_12840,HOST,0,NONE,0.0,1.0,0.0,0.0,0.4,0.5,False
VDR-10222,HOST,2,FIREWALL_DENY|ENDPOINT,0.0,3.0,5.0,0.0,2.7,0.8,True
VDR-12552,HOST,1,ENDPOINT,0.0,0.0,3.0,0.0,0.9,0.65,False
WS-10996,HOST,0,NONE,0.0,0.0,2.0,0.0,0.6,0.5,False
WS-11987,HOST,0,NONE,0.0,2.0,1.0,0.0,1.1,0.5,False
VDR-12758.corp.local,HOST,0,NONE,0.0,0.0,0.0,0.0,0.0,0.5,False
WS_10578,HOST,0,NONE,0.0,0.0,0.0,0.0,0.0,0.5,False
WS-10445,HOST,1,ENDPOINT,0.0,0.0,4.0,0.0,1.2,0.65,False
LPT-11382.corp.local,HOST,0,NONE,0.0,1.0,0.0,0.0,0.4,0.5,False
WS-11719.corp.local,HOST,0,NONE,0.0,0.0,0.0,0.0,0.0,0.5,False
LPT-12053.corp.local,HOST,0,NONE,0.0,1.0,0.0,0.0,0.4,0.5,False
VDR_12882,HOST,0,NONE,0.0,0.0,0.0,0.0,0.0,0.5,False
ws-11497,HOST,0,NONE,0.0,0.0,0.0,0.0,0.0,0.5,False
WS-12895.corp.local,HOST,0,NONE,0.0,0.0,0.0,0.0,0.0,0.5,False
WS-12175,HOST,0,NONE,0.0,1.0,2.0,0.0,1.0,0.5,False
VDR_10110,HOST,0,NONE,0.0,0.0,0.0,0.0,0.0,0.5,False
vdr-12964,HOST,0,NONE,0.0,0.0,0.0,0.0,0.0,0.5,False
vdr-11493,HOST,0,NONE,0.0,0.0,0.0,0.0,0.0,0.5,False
WS_11523,HOST,0,NONE,0.0,0.0,0.0,0.0,0.0,0.5,False
WS_12028,HOST,0,NONE,0.0,0.0,0.0,0.0,0.0,0.5,False
WS-11301,HOST,0,NONE,0.0,2.0,2.0,0.0,1.4,0.5,False
LPT_11156,HOST,0,NONE,0.0,0.0,0.0,0.0,0.0,0.5,False
VDR-12130.corp.local,HOST,0,NONE,0.0,0.0,0.0,0.0,0.0,0.5,False
ws-10064,HOST,0,NONE,0.0,0.0,0.0,0.0,0.0,0.5,False
VDR-12627.corp.local,HOST,0,NONE,0.0,1.0,0.0,0.0,0.4,0.5,False
vdr-10233,HOST,0,NONE,0.0,2.0,0.0,0.0,0.8,0.5,False
ws-12449,HOST,0,NONE,0.0,0.0,0.0,0.0,0.0,0.5,False
LPT-11790.,HOST,0,NONE,0.0,0.0,0.0,0.0,0.0,0.5,False
LPT-10403.corp.local,HOST,0,NONE,0.0,0.0,0.0,0.0,0.0,0.5,False
ws-11854,HOST,0,NONE,0.0,0.0,0.0,0.0,0.0,0.5,False
LPT-10779.corp.local,HOST,0,NONE,0.0,0.0,0.0,0.0,0.0,0.5,False
ws-11713,HOST,0,NONE,0.0,2.0,0.0,0.0,0.8,0.5,False
WS-11370,HOST,0,NONE,0.0,0.0,1.0,0.0,0.3,0.5,False
WS-12632.corp.local,HOST,0,NONE,0.0,1.0,0.0,0.0,0.4,0.5,False
lpt-10003,HOST,0,NONE,0.0,0.0,0.0,0.0,0.0,0.5,False
WS-11547,HOST,0,NONE,0.0,2.0,2.0,0.0,1.4,0.5,False
WS-12728,HOST,1,FIREWALL_DENY,0.0,4.0,2.0,0.0,2.2,0.65,False
VDR_10315,HOST,0,NONE,0.0,0.0,0.0,0.0,0.0,0.5,False
vdr-10165,HOST,0,NONE,0.0,1.0,0.0,0.0,0.4,0.5,False
ws-11547,HOST,0,NONE,0.0,0.0,0.0,0.0,0.0,0.5,False
WS_11854,HOST,0,NONE,0.0,0.0,0.0,0.0,0.0,0.5,False
LPT_11786,HOST,0,NONE,0.0,0.0,0.0,0.0,0.0,0.5,False
ws-11461,HOST,0,NONE,0.0,0.0,0.0,0.0,0.0,0.5,False
VDR_12040,HOST,0,NONE,0.0,1.0,0.0,0.0,0.4,0.5,False
VDR-10922,HOST,0,NONE,0.0,0.0,1.0,0.0,0.3,0.5,False
LPT-10936,HOST,0,NONE,0.0,2.0,1.0,0.0,1.1,0.5,False
VDR-12209.corp.local,HOST,0,NONE,0.0,0.0,0.0,0.0,0.0,0.5,False
VDR-11177,HOST,1,ENDPOINT,0.0,0.0,3.0,0.0,0.9,0.65,False
vdr-10477,HOST,0,NONE,0.0,0.0,0.0,0.0,0.0,0.5,False
VDR-12243,HOST,1,ENDPOINT,0.0,1.0,3.0,0.0,1.3,0.65,False
vdr-12038,HOST,0,NONE,0.0,0.0,0.0,0.0,0.0,0.5,False
LPT-12582,HOST,0,NONE,0.0,2.0,2.0,0.0,1.4,0.5,False
lpt-11965,HOST,0,NONE,0.0,0.0,0.0,0.0,0.0,0.5,False
VDR_11629,HOST,0,NONE,0.0,1.0,0.0,0.0,0.4,0.5,False
LPT-10410,HOST,1,ENDPOINT,0.0,1.0,4.0,0.0,1.6,0.65,False
LPT-12807,HOST,0,NONE,0.0,0.0,2.0,0.0,0.6,0.5,False
vdr-11099,HOST,0,NONE,0.0,0.0,0.0,0.0,0.0,0.5,False
lpt-12768,HOST,0,NONE,0.0,0.0,0.0,0.0,0.0,0.5,False
VDR-10481,HOST,1,ENDPOINT,0.0,0.0,3.0,0.0,0.9,0.65,False
WS-10448,HOST,0,NONE,0.0,2.0,1.0,0.0,1.1,0.5,False
WS_11699,HOST,0,NONE,0.0,0.0,0.0,0.0,0.0,0.5,False
WS-12848.corp.local,HOST,0,NONE,0.0,0.0,0.0,0.0,0.0,0.5,False
LPT-12838.corp.local,HOST,0,NONE,0.0,0.0,0.0,0.0,0.0,0.5,False
WS-10468,HOST,1,ENDPOINT,0.0,2.0,4.0,0.0,2.0,0.65,False
WS_12164,HOST,0,NONE,0.0,0.0,0.0,0.0,0.0,0.5,False
WS-10385,HOST,1,ENDPOINT,0.0,2.0,4.0,0.0,2.0,0.65,False
VDR-12785,HOST,1,ENDPOINT,0.0,0.0,3.0,0.0,0.9,0.65,False
WS_12128,HOST,0,NONE,0.0,0.0,0.0,0.0,0.0,0.5,False
VDR-10314,HOST,1,ENDPOINT,0.0,1.0,4.0,0.0,1.6,0.65,False
WS-11542.corp.local,HOST,0,NONE,0.0,0.0,0.0,0.0,0.0,0.5,False
LPT-11244,HOST,0,NONE,0.0,1.0,1.0,0.0,0.7,0.5,False
LPT-10055.corp.local,HOST,0,NONE,0.0,0.0,0.0,0.0,0.0,0.5,False
VDR_11758,HOST,0,NONE,0.0,0.0,0.0,0.0,0.0,0.5,False
vdr-10659,HOST,0,NONE,0.0,1.0,0.0,0.0,0.4,0.5,False
vdr-10504,HOST,0,NONE,0.0,1.0,0.0,0.0,0.4,0.5,False
lpt-12375,HOST,0,NONE,0.0,0.0,0.0,0.0,0.0,0.5,False
WS-11828,HOST,0,NONE,0.0,1.0,2.0,0.0,1.0,0.5,False
LPT-10636,HOST,1,ENDPOINT,0.0,0.0,3.0,0.0,0.9,0.65,False
VDR-11676,HOST,0,NONE,0.0,0.0,1.0,0.0,0.3,0.5,False
LPT-11004,HOST,1,ENDPOINT,0.0,1.0,3.0,0.0,1.3,0.65,False
ws-10174,HOST,0,NONE,0.0,0.0,0.0,0.0,0.0,0.5,False
LPT-12182.corp.local,HOST,0,NONE,0.0,0.0,0.0,0.0,0.0,0.5,False
lpt-11183,HOST,0,NONE,0.0,0.0,0.0,0.0,0.0,0.5,False
WS-11974,HOST,1,ENDPOINT,0.0,1.0,5.0,0.0,1.9,0.65,False
ws-10241,HOST,0,NONE,0.0,0.0,0.0,0.0,0.0,0.5,False
LPT-10008,HOST,0,NONE,0.0,1.0,2.0,0.0,1.0,0.5,False
LPT-12644,HOST,1,ENDPOINT,0.0,2.0,3.0,0.0,1.7,0.65,False
WS_12217,HOST,0,NONE,0.0,1.0,0.0,0.0,0.4,0.5,False
LPT-11571,HOST,1,ENDPOINT,0.0,2.0,3.0,0.0,1.7,0.65,False
WS-11168,HOST,0,NONE,0.0,2.0,2.0,0.0,1.4,0.5,False
VDR-11224.,HOST,0,NONE,0.0,0.0,0.0,0.0,0.0,0.5,False
VDR-10903.corp.local,HOST,0,NONE,0.0,1.0,0.0,0.0,0.4,0.5,False
LPT-12985,HOST,1,ENDPOINT,0.0,1.0,3.0,0.0,1.3,0.65,False
vdr-11846,HOST,0,NONE,0.0,0.0,0.0,0.0,0.0,0.5,False
ws-12320,HOST,0,NONE,0.0,1.0,0.0,0.0,0.4,0.5,False
WS-10313.corp.local,HOST,0,NONE,0.0,0.0,0.0,0.0,0.0,0.5,False
vdr-10480,HOST,0,NONE,0.0,0.0,0.0,0.0,0.0,0.5,False
WS-10770,HOST,1,ENDPOINT,0.0,0.0,3.0,0.0,0.9,0.65,False
ws-10997,HOST,0,NONE,0.0,0.0,0.0,0.0,0.0,0.5,False
WS-12559,HOST,0,NONE,0.0,0.0,2.0,0.0,0.6,0.5,False
VDR-11277,HOST,0,NONE,0.0,0.0,0.0,0.0,0.0,0.5,False
VDR-12500.corp.local,HOST,0,NONE,0.0,1.0,0.0,0.0,0.4,0.5,False
WS_11553,HOST,0,NONE,0.0,0.0,0.0,0.0,0.0,0.5,False
WS-11171,HOST,1,ENDPOINT,0.0,1.0,4.0,0.0,1.6,0.65,False
lpt-12551,HOST,1,FIREWALL_DENY,0.0,3.0,0.0,0.0,1.2,0.65,False
LPT-12239,HOST,1,FIREWALL_DENY,0.0,5.0,2.0,0.0,2.6,0.65,False
vdr-11396,HOST,0,NONE,0.0,0.0,0.0,0.0,0.0,0.5,False
LPT-11616,HOST,0,NONE,0.0,2.0,2.0,0.0,1.4,0.5,False
WS_12742,HOST,0,NONE,0.0,0.0,0.0,0.0,0.0,0.5,False
VDR_11387,HOST,0,NONE,0.0,0.0,0.0,0.0,0.0,0.5,False
LPT-12280.corp.local,HOST,0,NONE,0.0,0.0,0.0,0.0,0.0,0.5,False
vdr-11150,HOST,0,NONE,0.0,1.0,0.0,0.0,0.4,0.5,False
VDR-11386,HOST,0,NONE,0.0,0.0,1.0,0.0,0.3,0.5,False
LPT-10636.corp.local,HOST,0,NONE,0.0,0.0,0.0,0.0,0.0,0.5,False
VDR-12308,HOST,0,NONE,0.0,0.0,2.0,0.0,0.6,0.5,False
VDR-12411,HOST,0,NONE,0.0,0.0,0.0,0.0,0.0,0.5,False
VDR-11002,HOST,0,NONE,0.0,2.0,0.0,0.0,0.8,0.5,False
WS_12295,HOST,0,NONE,0.0,0.0,0.0,0.0,0.0,0.5,False
lpt-10409,HOST,0,NONE,0.0,1.0,0.0,0.0,0.4,0.5,False
lpt-10777,HOST,0,NONE,0.0,0.0,0.0,0.0,0.0,0.5,False
LPT_10927,HOST,0,NONE,0.0,0.0,0.0,0.0,0.0,0.5,False
WS-10467,HOST,1,ENDPOINT,0.0,2.0,4.0,0.0,2.0,0.65,False
WS-12166,HOST,2,FIREWALL_DENY|ENDPOINT,0.0,4.0,3.0,0.0,2.5,0.8,True
ws-12172,HOST,0,NONE,0.0,0.0,0.0,0.0,0.0,0.5,False
LPT-12257.,HOST,0,NONE,0.0,0.0,0.0,0.0,0.0,0.5,False
LPT-11278,HOST,1,ENDPOINT,0.0,1.0,4.0,0.0,1.6,0.65,False
VDR-11377,HOST,0,NONE,0.0,2.0,2.0,0.0,1.4,0.5,False
VDR-10833.corp.local,HOST,0,NONE,0.0,2.0,0.0,0.0,0.8,0.5,False
VDR-12025,HOST,2,FIREWALL_DENY|ENDPOINT,0.0,3.0,5.0,0.0,2.7,0.8,True
WS-12794.corp.local,HOST,0,NONE,0.0,0.0,0.0,0.0,0.0,0.5,False
ws-10964,HOST,0,NONE,0.0,0.0,0.0,0.0,0.0,0.5,False
LPT_12321,HOST,0,NONE,0.0,1.0,0.0,0.0,0.4,0.5,False
WS-11756.corp.local,HOST,0,NONE,0.0,0.0,0.0,0.0,0.0,0.5,False
WS_10574,HOST,0,NONE,0.0,0.0,0.0,0.0,0.0,0.5,False
VDR-10203.corp.local,HOST,0,NONE,0.0,0.0,0.0,0.0,0.0,0.5,False
LPT-11753,HOST,1,ENDPOINT,0.0,1.0,3.0,0.0,1.3,0.65,False
LPT-11180,HOST,1,FIREWALL_DENY,0.0,3.0,0.0,0.0,1.2,0.65,False
VDR_11527,HOST,0,NONE,0.0,1.0,0.0,0.0,0.4,0.5,False
VDR-11618.corp.local,HOST,0,NONE,0.0,1.0,0.0,0.0,0.4,0.5,False
lpt-11164,HOST,0,NONE,0.0,0.0,0.0,0.0,0.0,0.5,False
vdr-11999,HOST,0,NONE,0.0,0.0,0.0,0.0,0.0,0.5,False
WS_11988,HOST,0,NONE,0.0,0.0,0.0,0.0,0.0,0.5,False
WS-11905,HOST,0,NONE,0.0,1.0,2.0,0.0,1.0,0.5,False
VDR-11610.corp.local,HOST,0,NONE,0.0,0.0,0.0,0.0,0.0,0.5,False
vdr-10386,HOST,0,NONE,0.0,0.0,0.0,0.0,0.0,0.5,False
VDR-10293.corp.local,HOST,0,NONE,0.0,0.0,0.0,0.0,0.0,0.5,False
LPT-11881.corp.local,HOST,0,NONE,0.0,1.0,0.0,0.0,0.4,0.5,False
VDR-12964,HOST,1,FIREWALL_DENY,0.0,3.0,1.0,0.0,1.5,0.65,False
LPT_10129,HOST,0,NONE,0.0,0.0,0.0,0.0,0.0,0.5,False
LPT_11311,HOST,0,NONE,0.0,0.0,0.0,0.0,0.0,0.5,False
vdr-11933,HOST,0,NONE,0.0,0.0,0.0,0.0,0.0,0.5,False
WS-12217.corp.local,HOST,0,NONE,0.0,0.0,0.0,0.0,0.0,0.5,False
LPT_11701,HOST,0,NONE,0.0,0.0,0.0,0.0,0.0,0.5,False
WS-12433,HOST,0,NONE,0.0,1.0,2.0,0.0,1.0,0.5,False
ws-10934,HOST,0,NONE,0.0,0.0,0.0,0.0,0.0,0.5,False
VDR-11665,HOST,1,ENDPOINT,0.0,1.0,4.0,0.0,1.6,0.65,False
WS-10078,HOST,0,NONE,0.0,1.0,1.0,0.0,0.7,0.5,False
VDR-11095,HOST,1,ENDPOINT,0.0,0.0,5.0,0.0,1.5,0.65,False
WS-10288,HOST,1,ENDPOINT,0.0,2.0,3.0,0.0,1.7,0.65,False
WS-10517,HOST,1,ENDPOINT,0.0,2.0,3.0,0.0,1.7,0.65,False
lpt-11149,HOST,0,NONE,0.0,0.0,0.0,0.0,0.0,0.5,False
VDR-11021.corp.local,HOST,0,NONE,0.0,1.0,0.0,0.0,0.4,0.5,False
LPT-10298,HOST,0,NONE,0.0,2.0,1.0,0.0,1.1,0.5,False
VDR_12254,HOST,0,NONE,0.0,0.0,0.0,0.0,0.0,0.5,False
WS-12189,HOST,0,NONE,0.0,1.0,1.0,0.0,0.7,0.5,False
LPT-10107.corp.local,HOST,0,NONE,0.0,0.0,0.0,0.0,0.0,0.5,False
VDR-10044,HOST,2,FIREWALL_DENY|ENDPOINT,0.0,4.0,4.0,0.0,2.8,0.8,True
VDR-10558,HOST,0,NONE,0.0,1.0,2.0,0.0,1.0,0.5,False
lpt-12640,HOST,0,NONE,0.0,1.0,0.0,0.0,0.4,0.5,False
ws-11243,HOST,0,NONE,0.0,0.0,0.0,0.0,0.0,0.5,False
VDR-11966,HOST,0,NONE,0.0,1.0,1.0,0.0,0.7,0.5,False
LPT-11398,HOST,1,FIREWALL_DENY,0.0,4.0,0.0,0.0,1.6,0.65,False
LPT_11005,HOST,0,NONE,0.0,0.0,0.0,0.0,0.0,0.5,False
LPT-12505,HOST,0,NONE,0.0,2.0,2.0,0.0,1.4,0.5,False
LPT-12718,HOST,1,ENDPOINT,0.0,2.0,4.0,0.0,2.0,0.65,False
WS-10999,HOST,0,NONE,0.0,2.0,2.0,0.0,1.4,0.5,False
VDR-10608.corp.local,HOST,0,NONE,0.0,0.0,0.0,0.0,0.0,0.5,False
ws-10586,HOST,0,NONE,0.0,1.0,0.0,0.0,0.4,0.5,False
LPT-10177,HOST,2,FIREWALL_DENY|ENDPOINT,0.0,4.0,3.0,0.0,2.5,0.8,True
VDR-12198.corp.local,HOST,0,NONE,0.0,0.0,0.0,0.0,0.0,0.5,False
WS-10564.,HOST,0,NONE,0.0,0.0,0.0,0.0,0.0,0.5,False
VDR-11297.corp.local,HOST,0,NONE,0.0,1.0,0.0,0.0,0.4,0.5,False
WS-11521.corp.local,HOST,0,NONE,0.0,0.0,0.0,0.0,0.0,0.5,False
LPT-12158.corp.local,HOST,0,NONE,0.0,0.0,0.0,0.0,0.0,0.5,False
LPT-11993,HOST,2,FIREWALL_DENY|ENDPOINT,0.0,3.0,3.0,0.0,2.1,0.8,True
VDR-12017,HOST,1,ENDPOINT,0.0,2.0,4.0,0.0,2.0,0.65,False
VDR-10925.corp.local,HOST,0,NONE,0.0,0.0,0.0,0.0,0.0,0.5,False
LPT-11097,HOST,0,NONE,0.0,0.0,1.0,0.0,0.3,0.5,False
LPT-11431,HOST,1,ENDPOINT,0.0,1.0,5.0,0.0,1.9,0.65,False
LPT-11234,HOST,1,ENDPOINT,0.0,1.0,6.0,0.0,2.2,0.65,False
VDR-12254,HOST,0,NONE,0.0,1.0,2.0,0.0,1.0,0.5,False
WS-11315.corp.local,HOST,0,NONE,0.0,0.0,0.0,0.0,0.0,0.5,False
VDR_10406,HOST,0,NONE,0.0,0.0,0.0,0.0,0.0,0.5,False
WS-10213,HOST,1,FIREWALL_DENY,0.0,4.0,1.0,0.0,1.9,0.65,False
vdr-10018,HOST,0,NONE,0.0,0.0,0.0,0.0,0.0,0.5,False
VDR-12453,HOST,0,NONE,0.0,0.0,0.0,0.0,0.0,0.5,False
WS-11336,HOST,1,ENDPOINT,0.0,2.0,6.0,0.0,2.6,0.65,False
VDR-10688.corp.local,HOST,0,NONE,0.0,0.0,0.0,0.0,0.0,0.5,False
lpt-10607,HOST,0,NONE,0.0,2.0,0.0,0.0,0.8,0.5,False
VDR-12781.corp.local,HOST,0,NONE,0.0,2.0,0.0,0.0,0.8,0.5,False
lpt-12364,HOST,0,NONE,0.0,1.0,0.0,0.0,0.4,0.5,False
ws-10665,HOST,0,NONE,0.0,0.0,0.0,0.0,0.0,0.5,False
WS-10569,HOST,1,ENDPOINT,0.0,0.0,4.0,0.0,1.2,0.65,False
VDR-12932.corp.local,HOST,0,NONE,0.0,0.0,0.0,0.0,0.0,0.5,False
VDR-12757,HOST,1,ENDPOINT,0.0,0.0,3.0,0.0,0.9,0.65,False
vdr-10736,HOST,0,NONE,0.0,1.0,0.0,0.0,0.4,0.5,False
LPT-10084,HOST,0,NONE,0.0,1.0,1.0,0.0,0.7,0.5,False
ws-11207,HOST,0,NONE,0.0,0.0,0.0,0.0,0.0,0.5,False
LPT-11689.corp.local,HOST,0,NONE,0.0,1.0,0.0,0.0,0.4,0.5,False
WS-12496.corp.local,HOST,0,NONE,0.0,1.0,0.0,0.0,0.4,0.5,False
LPT-10834.corp.local,HOST,0,NONE,0.0,0.0,0.0,0.0,0.0,0.5,False
WS-10476.corp.local,HOST,0,NONE,0.0,0.0,0.0,0.0,0.0,0.5,False
ws-12830,HOST,0,NONE,0.0,1.0,0.0,0.0,0.4,0.5,False
WS-10828,HOST,0,NONE,0.0,2.0,2.0,0.0,1.4,0.5,False
ws-10063,HOST,0,NONE,0.0,0.0,0.0,0.0,0.0,0.5,False
WS-10832,HOST,1,ENDPOINT,0.0,2.0,4.0,0.0,2.0,0.65,False
VDR-11307.,HOST,0,NONE,0.0,0.0,0.0,0.0,0.0,0.5,False
WS-11516.corp.local,HOST,0,NONE,0.0,0.0,0.0,0.0,0.0,0.5,False
LPT-12649.corp.local,HOST,0,NONE,0.0,2.0,0.0,0.0,0.8,0.5,False
LPT-10464,HOST,1,FIREWALL_DENY,0.0,4.0,2.0,0.0,2.2,0.65,False
ws-10324,HOST,0,NONE,0.0,0.0,0.0,0.0,0.0,0.5,False
ws-10117,HOST,0,NONE,0.0,0.0,0.0,0.0,0.0,0.5,False
WS-10150,HOST,1,ENDPOINT,0.0,0.0,3.0,0.0,0.9,0.65,False
vdr-12618,HOST,0,NONE,0.0,1.0,0.0,0.0,0.4,0.5,False
LPT-12962,HOST,0,NONE,0.0,0.0,0.0,0.0,0.0,0.5,False
VDR-10342.corp.local,HOST,0,NONE,0.0,0.0,0.0,0.0,0.0,0.5,False
VDR-10715.,HOST,0,NONE,0.0,0.0,0.0,0.0,0.0,0.5,False
WS-12701.corp.local,HOST,0,NONE,0.0,1.0,0.0,0.0,0.4,0.5,False
WS-10139,HOST,0,NONE,0.0,2.0,2.0,0.0,1.4,0.5,False
LPT_10390,HOST,0,NONE,0.0,0.0,0.0,0.0,0.0,0.5,False
WS-12833,HOST,1,ENDPOINT,0.0,2.0,7.0,0.0,2.9,0.65,False
LPT-12197.corp.local,HOST,0,NONE,0.0,0.0,0.0,0.0,0.0,0.5,False
WS_10393,HOST,0,NONE,0.0,1.0,0.0,0.0,0.4,0.5,False
WS-10394,HOST,2,FIREWALL_DENY|ENDPOINT,0.0,3.0,9.0,0.0,3.9,0.8,True
VDR-11090,HOST,1,ENDPOINT,0.0,2.0,3.0,0.0,1.7,0.65,False
LPT-11732,HOST,0,NONE,0.0,1.0,0.0,0.0,0.4,0.5,False
lpt-10423,HOST,0,NONE,0.0,0.0,0.0,0.0,0.0,0.5,False
LPT-10651.,HOST,0,NONE,0.0,0.0,0.0,0.0,0.0,0.5,False
LPT-12858,HOST,1,ENDPOINT,0.0,1.0,3.0,0.0,1.3,0.65,False
WS-10721,HOST,2,FIREWALL_DENY|ENDPOINT,0.0,3.0,3.0,0.0,2.1,0.8,True
VDR-10701.corp.local,HOST,0,NONE,0.0,0.0,0.0,0.0,0.0,0.5,False
WS-10000.corp.local,HOST,0,NONE,0.0,1.0,0.0,0.0,0.4,0.5,False
WS-10181,HOST,2,FIREWALL_DENY|ENDPOINT,0.0,3.0,3.0,0.0,2.1,0.8,True
WS-12912.corp.local,HOST,0,NONE,0.0,2.0,0.0,0.0,0.8,0.5,False
VDR_10631,HOST,0,NONE,0.0,0.0,0.0,0.0,0.0,0.5,False
WS-10632.corp.local,HOST,0,NONE,0.0,0.0,0.0,0.0,0.0,0.5,False
ws-12077,HOST,0,NONE,0.0,1.0,0.0,0.0,0.4,0.5,False
LPT-10259,HOST,0,NONE,0.0,1.0,2.0,0.0,1.0,0.5,False
LPT-12532,HOST,1,FIREWALL_DENY,0.0,4.0,1.0,0.0,1.9,0.65,False
WS_10916,HOST,0,NONE,0.0,0.0,0.0,0.0,0.0,0.5,False
WS-11207,HOST,1,FIREWALL_DENY,0.0,4.0,2.0,0.0,2.2,0.65,False
VDR_11932,HOST,0,NONE,0.0,1.0,0.0,0.0,0.4,0.5,False
LPT-12271,HOST,0,NONE,0.0,1.0,2.0,0.0,1.0,0.5,False
LPT-12147,HOST,1,FIREWALL_DENY,0.0,5.0,1.0,0.0,2.3,0.65,False
lpt-11357,HOST,0,NONE,0.0,1.0,0.0,0.0,0.4,0.5,False
vdr-11439,HOST,0,NONE,0.0,0.0,0.0,0.0,0.0,0.5,False
WS_10105,HOST,0,NONE,0.0,1.0,0.0,0.0,0.4,0.5,False
lpt-10755,HOST,0,NONE,0.0,0.0,0.0,0.0,0.0,0.5,False
ws-12359,HOST,0,NONE,0.0,0.0,0.0,0.0,0.0,0.5,False
VDR_12090,HOST,0,NONE,0.0,0.0,0.0,0.0,0.0,0.5,False
WS-10704,HOST,1,FIREWALL_DENY,0.0,5.0,1.0,0.0,2.3,0.65,False
LPT-10094.corp.local,HOST,0,NONE,0.0,0.0,0.0,0.0,0.0,0.5,False
LPT_12927,HOST,0,NONE,0.0,0.0,0.0,0.0,0.0,0.5,False
lpt-11209,HOST,0,NONE,0.0,0.0,0.0,0.0,0.0,0.5,False
LPT-10026,HOST,1,ENDPOINT,0.0,0.0,3.0,0.0,0.9,0.65,False
LPT-10058.corp.local,HOST,0,NONE,0.0,0.0,0.0,0.0,0.0,0.5,False
VDR-10192.corp.local,HOST,0,NONE,0.0,0.0,0.0,0.0,0.0,0.5,False
LPT_10286,HOST,0,NONE,0.0,0.0,0.0,0.0,0.0,0.5,False
ws-11424,HOST,0,NONE,0.0,0.0,0.0,0.0,0.0,0.5,False
LPT-10302.corp.local,HOST,0,NONE,0.0,0.0,0.0,0.0,0.0,0.5,False
ws-11159,HOST,0,NONE,0.0,1.0,0.0,0.0,0.4,0.5,False
WS-11467.corp.local,HOST,0,NONE,0.0,0.0,0.0,0.0,0.0,0.5,False
VDR-11855,HOST,0,NONE,0.0,1.0,2.0,0.0,1.0,0.5,False
VDR-12497,HOST,1,ENDPOINT,0.0,1.0,4.0,0.0,1.6,0.65,False
VDR-11302,HOST,1,ENDPOINT,0.0,0.0,4.0,0.0,1.2,0.65,False
WS-11000,HOST,1,FIREWALL_DENY,0.0,3.0,2.0,0.0,1.8,0.65,False
LPT_10001,HOST,0,NONE,0.0,0.0,0.0,0.0,0.0,0.5,False
VDR_10693,HOST,0,NONE,0.0,0.0,0.0,0.0,0.0,0.5,False
WS-10004,HOST,1,ENDPOINT,0.0,2.0,4.0,0.0,2.0,0.65,False
WS-11854,HOST,1,ENDPOINT,0.0,0.0,3.0,0.0,0.9,0.65,False
vdr-11989,HOST,0,NONE,0.0,1.0,0.0,0.0,0.4,0.5,False
lpt-10377,HOST,0,NONE,0.0,1.0,0.0,0.0,0.4,0.5,False
WS-10941.corp.local,HOST,0,NONE,0.0,0.0,0.0,0.0,0.0,0.5,False
lpt-12186,HOST,0,NONE,0.0,0.0,0.0,0.0,0.0,0.5,False
LPT-12795.corp.local,HOST,0,NONE,0.0,1.0,0.0,0.0,0.4,0.5,False
WS-12677.corp.local,HOST,0,NONE,0.0,0.0,0.0,0.0,0.0,0.5,False
LPT_10080,HOST,0,NONE,0.0,0.0,0.0,0.0,0.0,0.5,False
LPT-11173,HOST,1,ENDPOINT,0.0,0.0,3.0,0.0,0.9,0.65,False
VDR-12740.corp.local,HOST,0,NONE,0.0,0.0,0.0,0.0,0.0,0.5,False
VDR-10833,HOST,1,FIREWALL_DENY,0.0,5.0,2.0,0.0,2.6,0.65,False
LPT-11222,HOST,0,NONE,0.0,0.0,2.0,0.0,0.6,0.5,False
VDR-11142,HOST,1,FIREWALL_DENY,0.0,3.0,2.0,0.0,1.8,0.65,False
LPT-11457,HOST,0,NONE,0.0,0.0,0.0,0.0,0.0,0.5,False
WS-11079,HOST,1,ENDPOINT,0.0,1.0,4.0,0.0,1.6,0.65,False
WS-10617.corp.local,HOST,0,NONE,0.0,0.0,0.0,0.0,0.0,0.5,False
ws-12679,HOST,0,NONE,0.0,0.0,0.0,0.0,0.0,0.5,False
WS-11018,HOST,2,FIREWALL_DENY|ENDPOINT,0.0,3.0,3.0,0.0,2.1,0.8,True
LPT-10215,HOST,0,NONE,0.0,2.0,2.0,0.0,1.4,0.5,False
ws-12594,HOST,0,NONE,0.0,0.0,0.0,0.0,0.0,0.5,False
LPT_10777,HOST,0,NONE,0.0,0.0,0.0,0.0,0.0,0.5,False
VDR_10072,HOST,0,NONE,0.0,1.0,0.0,0.0,0.4,0.5,False
VDR-11537,HOST,1,ENDPOINT,0.0,0.0,4.0,0.0,1.2,0.65,False
VDR_10559,HOST,0,NONE,0.0,0.0,0.0,0.0,0.0,0.5,False
ws-12255,HOST,0,NONE,0.0,1.0,0.0,0.0,0.4,0.5,False
LPT-12884,HOST,1,FIREWALL_DENY,0.0,3.0,1.0,0.0,1.5,0.65,False
WS-11383,HOST,0,NONE,0.0,0.0,2.0,0.0,0.6,0.5,False
ws-10000,HOST,0,NONE,0.0,0.0,0.0,0.0,0.0,0.5,False
VDR_11318,HOST,0,NONE,0.0,0.0,0.0,0.0,0.0,0.5,False
WS-10174,HOST,1,ENDPOINT,0.0,1.0,3.0,0.0,1.3,0.65,False
VDR-12063,HOST,0,NONE,0.0,1.0,0.0,0.0,0.4,0.5,False
WS_12397,HOST,0,NONE,0.0,1.0,0.0,0.0,0.4,0.5,False
VDR-12270.corp.local,HOST,0,NONE,0.0,0.0,0.0,0.0,0.0,0.5,False
VDR_12776,HOST,0,NONE,0.0,1.0,0.0,0.0,0.4,0.5,False
vdr-11375,HOST,0,NONE,0.0,0.0,0.0,0.0,0.0,0.5,False
WS-12230,HOST,1,FIREWALL_DENY,0.0,5.0,1.0,0.0,2.3,0.65,False
WS-12720,HOST,0,NONE,0.0,0.0,2.0,0.0,0.6,0.5,False
VDR-10648.corp.local,HOST,0,NONE,0.0,0.0,0.0,0.0,0.0,0.5,False
LPT-12722,HOST,1,ENDPOINT,0.0,1.0,6.0,0.0,2.2,0.65,False
LPT-10654.corp.local,HOST,0,NONE,0.0,1.0,0.0,0.0,0.4,0.5,False
VDR-10603,HOST,1,ENDPOINT,0.0,1.0,4.0,0.0,1.6,0.65,False
lpt-10676,HOST,0,NONE,0.0,1.0,0.0,0.0,0.4,0.5,False
LPT_12721,HOST,0,NONE,0.0,0.0,0.0,0.0,0.0,0.5,False
lpt-12004,HOST,0,NONE,0.0,1.0,0.0,0.0,0.4,0.5,False
WS_10971,HOST,0,NONE,0.0,1.0,0.0,0.0,0.4,0.5,False
vdr-11046,HOST,0,NONE,0.0,0.0,0.0,0.0,0.0,0.5,False
WS-12925.corp.local,HOST,0,NONE,0.0,0.0,0.0,0.0,0.0,0.5,False
VDR-12693,HOST,1,ENDPOINT,0.0,1.0,3.0,0.0,1.3,0.65,False
WS-12548.corp.local,HOST,0,NONE,0.0,0.0,0.0,0.0,0.0,0.5,False
WS-10888,HOST,0,NONE,0.0,2.0,0.0,0.0,0.8,0.5,False
VDR_10801,HOST,0,NONE,0.0,0.0,0.0,0.0,0.0,0.5,False
WS-12344,HOST,0,NONE,0.0,0.0,1.0,0.0,0.3,0.5,False
WS-11759,HOST,1,FIREWALL_DENY,0.0,3.0,0.0,0.0,1.2,0.65,False
ws-10695,HOST,0,NONE,0.0,0.0,0.0,0.0,0.0,0.5,False
vdr-11012,HOST,0,NONE,0.0,1.0,0.0,0.0,0.4,0.5,False
VDR-11056,HOST,1,ENDPOINT,0.0,0.0,5.0,0.0,1.5,0.65,False
VDR-11697,HOST,0,NONE,0.0,1.0,2.0,0.0,1.0,0.5,False
ws-10408,HOST,0,NONE,0.0,1.0,0.0,0.0,0.4,0.5,False
VDR-12936,HOST,0,NONE,0.0,2.0,2.0,0.0,1.4,0.5,False
VDR-10124,HOST,0,NONE,0.0,1.0,2.0,0.0,1.0,0.5,False
LPT-10989.corp.local,HOST,0,NONE,0.0,0.0,0.0,0.0,0.0,0.5,False
VDR_10877,HOST,0,NONE,0.0,0.0,0.0,0.0,0.0,0.5,False
WS_12848,HOST,0,NONE,0.0,0.0,0.0,0.0,0.0,0.5,False
vdr-12591,HOST,0,NONE,0.0,1.0,0.0,0.0,0.4,0.5,False
VDR_12168,HOST,0,NONE,0.0,0.0,0.0,0.0,0.0,0.5,False
WS-10268,HOST,1,ENDPOINT,0.0,0.0,3.0,0.0,0.9,0.65,False
vdr-11930,HOST,0,NONE,0.0,0.0,0.0,0.0,0.0,0.5,False
lpt-12995,HOST,0,NONE,0.0,0.0,0.0,0.0,0.0,0.5,False
vdr-12130,HOST,0,NONE,0.0,0.0,0.0,0.0,0.0,0.5,False
VDR-12748.corp.local,HOST,0,NONE,0.0,0.0,0.0,0.0,0.0,0.5,False
LPT-10420.corp.local,HOST,0,NONE,0.0,1.0,0.0,0.0,0.4,0.5,False
vdr-10118,HOST,0,NONE,0.0,0.0,0.0,0.0,0.0,0.5,False
WS-10582,HOST,0,NONE,0.0,2.0,2.0,0.0,1.4,0.5,False
VDR-10877,HOST,1,FIREWALL_DENY,0.0,3.0,1.0,0.0,1.5,0.65,False
ws-11320,HOST,0,NONE,0.0,1.0,0.0,0.0,0.4,0.5,False
LPT-10452,HOST,0,NONE,0.0,0.0,1.0,0.0,0.3,0.5,False
ws-12064,HOST,0,NONE,0.0,0.0,0.0,0.0,0.0,0.5,False
WS-12742.corp.local,HOST,0,NONE,0.0,0.0,0.0,0.0,0.0,0.5,False
WS-11864.corp.local,HOST,0,NONE,0.0,1.0,0.0,0.0,0.4,0.5,False
LPT-10785.corp.local,HOST,0,NONE,0.0,0.0,0.0,0.0,0.0,0.5,False
WS-11867,HOST,1,ENDPOINT,0.0,1.0,4.0,0.0,1.6,0.65,False
LPT-11616.,HOST,0,NONE,0.0,0.0,0.0,0.0,0.0,0.5,False
LPT_11626,HOST,0,NONE,0.0,0.0,0.0,0.0,0.0,0.5,False
VDR-11117,HOST,2,FIREWALL_DENY|ENDPOINT,0.0,3.0,4.0,0.0,2.4,0.8,True
ws-12283,HOST,0,NONE,0.0,0.0,0.0,0.0,0.0,0.5,False
lpt-12871,HOST,0,NONE,0.0,0.0,0.0,0.0,0.0,0.5,False
ws-11893,HOST,0,NONE,0.0,1.0,0.0,0.0,0.4,0.5,False
WS_12556,HOST,0,NONE,0.0,0.0,0.0,0.0,0.0,0.5,False
VDR-11210.corp.local,HOST,0,NONE,0.0,0.0,0.0,0.0,0.0,0.5,False
LPT-11504,HOST,2,FIREWALL_DENY|ENDPOINT,0.0,3.0,3.0,0.0,2.1,0.8,True
LPT_11721,HOST,0,NONE,0.0,0.0,0.0,0.0,0.0,0.5,False
WS-11782,HOST,0,NONE,0.0,0.0,1.0,0.0,0.3,0.5,False
vdr-10499,HOST,0,NONE,0.0,1.0,0.0,0.0,0.4,0.5,False
WS-11687,HOST,1,ENDPOINT,0.0,0.0,5.0,0.0,1.5,0.65,False
WS_11897,HOST,0,NONE,0.0,0.0,0.0,0.0,0.0,0.5,False
LPT-11303,HOST,0,NONE,0.0,0.0,2.0,0.0,0.6,0.5,False
lpt-10227,HOST,0,NONE,0.0,0.0,0.0,0.0,0.0,0.5,False
LPT-12772.corp.local,HOST,0,NONE,0.0,0.0,0.0,0.0,0.0,0.5,False
LPT_12014,HOST,0,NONE,0.0,0.0,0.0,0.0,0.0,0.5,False
LPT-10318.corp.local,HOST,0,NONE,0.0,0.0,0.0,0.0,0.0,0.5,False
VDR-12404,HOST,0,NONE,0.0,1.0,2.0,0.0,1.0,0.5,False
LPT_11906,HOST,0,NONE,0.0,0.0,0.0,0.0,0.0,0.5,False
ws-10284,HOST,0,NONE,0.0,2.0,0.0,0.0,0.8,0.5,False
VDR-12352.corp.local,HOST,0,NONE,0.0,0.0,0.0,0.0,0.0,0.5,False
LPT-12947,HOST,0,NONE,0.0,1.0,2.0,0.0,1.0,0.5,False
LPT-12565.,HOST,0,NONE,0.0,0.0,0.0,0.0,0.0,0.5,False
vdr-11587,HOST,0,NONE,0.0,0.0,0.0,0.0,0.0,0.5,False
WS_10508,HOST,0,NONE,0.0,0.0,0.0,0.0,0.0,0.5,False
LPT-11200,HOST,1,FIREWALL_DENY,0.0,3.0,2.0,0.0,1.8,0.65,False
ws-12537,HOST,0,NONE,0.0,0.0,0.0,0.0,0.0,0.5,False
lpt-11546,HOST,0,NONE,0.0,0.0,0.0,0.0,0.0,0.5,False
VDR-12388,HOST,1,ENDPOINT,0.0,0.0,6.0,0.0,1.8,0.65,False
VDR-10614.corp.local,HOST,0,NONE,0.0,0.0,0.0,0.0,0.0,0.5,False
WS-10351,HOST,0,NONE,0.0,2.0,2.0,0.0,1.4,0.5,False
VDR_11032,HOST,0,NONE,0.0,0.0,0.0,0.0,0.0,0.5,False
lpt-10447,HOST,0,NONE,0.0,0.0,0.0,0.0,0.0,0.5,False
WS-12341.corp.local,HOST,0,NONE,0.0,0.0,0.0,0.0,0.0,0.5,False
WS_10747,HOST,0,NONE,0.0,0.0,0.0,0.0,0.0,0.5,False
LPT_10679,HOST,0,NONE,0.0,0.0,0.0,0.0,0.0,0.5,False
WS-10726,HOST,1,ENDPOINT,0.0,0.0,3.0,0.0,0.9,0.65,False
LPT-11862,HOST,1,ENDPOINT,0.0,0.0,7.0,0.0,2.1,0.65,False
WS-12172.corp.local,HOST,0,NONE,0.0,0.0,0.0,0.0,0.0,0.5,False
WS-10579,HOST,1,ENDPOINT,0.0,2.0,3.0,0.0,1.7,0.65,False
WS_11410,HOST,0,NONE,0.0,0.0,0.0,0.0,0.0,0.5,False
VDR_10514,HOST,0,NONE,0.0,1.0,0.0,0.0,0.4,0.5,False
LPT-12961.corp.local,HOST,0,NONE,0.0,2.0,0.0,0.0,0.8,0.5,False
VDR-12437.corp.local,HOST,0,NONE,0.0,0.0,0.0,0.0,0.0,0.5,False
WS-11248,HOST,0,NONE,0.0,0.0,1.0,0.0,0.3,0.5,False
LPT-12616,HOST,1,ENDPOINT,0.0,2.0,3.0,0.0,1.7,0.65,False
vdr-12058,HOST,0,NONE,0.0,0.0,0.0,0.0,0.0,0.5,False
WS-11759.corp.local,HOST,0,NONE,0.0,1.0,0.0,0.0,0.4,0.5,False
VDR-10300,HOST,1,ENDPOINT,0.0,1.0,6.0,0.0,2.2,0.65,False
lpt-12710,HOST,0,NONE,0.0,0.0,0.0,0.0,0.0,0.5,False
LPT_12730,HOST,0,NONE,0.0,0.0,0.0,0.0,0.0,0.5,False
ws-11835,HOST,0,NONE,0.0,1.0,0.0,0.0,0.4,0.5,False
LPT_10944,HOST,0,NONE,0.0,0.0,0.0,0.0,0.0,0.5,False
vdr-11653,HOST,0,NONE,0.0,0.0,0.0,0.0,0.0,0.5,False
VDR-12525,HOST,1,ENDPOINT,0.0,1.0,3.0,0.0,1.3,0.65,False
lpt-10122,HOST,0,NONE,0.0,0.0,0.0,0.0,0.0,0.5,False
ws-11686,HOST,0,NONE,0.0,1.0,0.0,0.0,0.4,0.5,False
WS-10675.corp.local,HOST,0,NONE,0.0,0.0,0.0,0.0,0.0,0.5,False
lpt-11753,HOST,0,NONE,0.0,0.0,0.0,0.0,0.0,0.5,False
WS_10625,HOST,0,NONE,0.0,0.0,0.0,0.0,0.0,0.5,False
LPT-11319.corp.local,HOST,0,NONE,0.0,0.0,0.0,0.0,0.0,0.5,False
WS-12443,HOST,1,ENDPOINT,0.0,1.0,3.0,0.0,1.3,0.65,False
vdr-12384,HOST,0,NONE,0.0,0.0,0.0,0.0,0.0,0.5,False
WS-10301.,HOST,0,NONE,0.0,0.0,0.0,0.0,0.0,0.5,False
VDR_10793,HOST,0,NONE,0.0,0.0,0.0,0.0,0.0,0.5,False
WS_11481,HOST,0,NONE,0.0,0.0,0.0,0.0,0.0,0.5,False
LPT-12611,HOST,0,NONE,0.0,1.0,1.0,0.0,0.7,0.5,False
LPT-12149.corp.local,HOST,0,NONE,0.0,2.0,0.0,0.0,0.8,0.5,False
VDR-10303,HOST,0,NONE,0.0,0.0,0.0,0.0,0.0,0.5,False
WS-12161,HOST,0,NONE,0.0,2.0,2.0,0.0,1.4,0.5,False
VDR-11961,HOST,0,NONE,0.0,0.0,2.0,0.0,0.6,0.5,False
LPT-12486,HOST,1,FIREWALL_DENY,0.0,4.0,1.0,0.0,1.9,0.65,False
VDR-10057.corp.local,HOST,0,NONE,0.0,0.0,0.0,0.0,0.0,0.5,False
VDR-10260,HOST,2,FIREWALL_DENY|ENDPOINT,0.0,5.0,3.0,0.0,2.9,0.8,True
LPT-11662,HOST,1,ENDPOINT,0.0,2.0,6.0,0.0,2.6,0.65,False
VDR_12480,HOST,0,NONE,0.0,1.0,0.0,0.0,0.4,0.5,False
VDR-11205,HOST,0,NONE,0.0,2.0,2.0,0.0,1.4,0.5,False
LPT-12961,HOST,1,ENDPOINT,0.0,1.0,3.0,0.0,1.3,0.65,False
WS_10467,HOST,0,NONE,0.0,0.0,0.0,0.0,0.0,0.5,False
WS-11410.corp.local,HOST,0,NONE,0.0,0.0,0.0,0.0,0.0,0.5,False
WS_11332,HOST,0,NONE,0.0,0.0,0.0,0.0,0.0,0.5,False
LPT-10054,HOST,1,ENDPOINT,0.0,1.0,3.0,0.0,1.3,0.65,False
VDR_10203,HOST,0,NONE,0.0,0.0,0.0,0.0,0.0,0.5,False
VDR-10532,HOST,1,ENDPOINT,0.0,1.0,3.0,0.0,1.3,0.65,False
WS-10422,HOST,2,FIREWALL_DENY|ENDPOINT,0.0,4.0,3.0,0.0,2.5,0.8,True
WS-12213.,HOST,0,NONE,0.0,0.0,0.0,0.0,0.0,0.5,False
VDR-12411.corp.local,HOST,0,NONE,0.0,0.0,0.0,0.0,0.0,0.5,False
ws-10180,HOST,0,NONE,0.0,1.0,0.0,0.0,0.4,0.5,False
WS-10836.,HOST,0,NONE,0.0,0.0,0.0,0.0,0.0,0.5,False
LPT_10547,HOST,0,NONE,0.0,0.0,0.0,0.0,0.0,0.5,False
LPT-12268,HOST,1,ENDPOINT,0.0,2.0,5.0,0.0,2.3,0.65,False
vdr-10132,HOST,0,NONE,0.0,0.0,0.0,0.0,0.0,0.5,False
LPT-12201.,HOST,0,NONE,0.0,0.0,0.0,0.0,0.0,0.5,False
WS_12194,HOST,0,NONE,0.0,1.0,0.0,0.0,0.4,0.5,False
ws-10747,HOST,0,NONE,0.0,0.0,0.0,0.0,0.0,0.5,False
LPT_10186,HOST,0,NONE,0.0,0.0,0.0,0.0,0.0,0.5,False
VDR_11328,HOST,0,NONE,0.0,0.0,0.0,0.0,0.0,0.5,False
lpt-10197,HOST,0,NONE,0.0,1.0,0.0,0.0,0.4,0.5,False
LPT-11149,HOST,0,NONE,0.0,1.0,1.0,0.0,0.7,0.5,False
VDR-12091,HOST,0,NONE,0.0,2.0,2.0,0.0,1.4,0.5,False
vdr-12490,HOST,0,NONE,0.0,0.0,0.0,0.0,0.0,0.5,False
ws-10059,HOST,0,NONE,0.0,0.0,0.0,0.0,0.0,0.5,False
WS_11223,HOST,0,NONE,0.0,0.0,0.0,0.0,0.0,0.5,False
lpt-11158,HOST,0,NONE,0.0,2.0,0.0,0.0,0.8,0.5,False
WS-10284,HOST,0,NONE,0.0,2.0,2.0,0.0,1.4,0.5,False
LPT-10668,HOST,2,FIREWALL_DENY|ENDPOINT,0.0,6.0,3.0,0.0,3.3,0.8,True
LPT-11029.corp.local,HOST,0,NONE,0.0,1.0,0.0,0.0,0.4,0.5,False
LPT-12998.,HOST,0,NONE,0.0,0.0,0.0,0.0,0.0,0.5,False
LPT-11178,HOST,2,FIREWALL_DENY|ENDPOINT,0.0,3.0,4.0,0.0,2.4,0.8,True
LPT_11784,HOST,0,NONE,0.0,1.0,0.0,0.0,0.4,0.5,False
WS-10430.corp.local,HOST,0,NONE,0.0,0.0,0.0,0.0,0.0,0.5,False
VDR-10756.corp.local,HOST,0,NONE,0.0,0.0,0.0,0.0,0.0,0.5,False
WS-11682,HOST,1,ENDPOINT,0.0,1.0,5.0,0.0,1.9,0.65,False
WS-10317,HOST,1,ENDPOINT,0.0,0.0,5.0,0.0,1.5,0.65,False
ws-12822,HOST,0,NONE,0.0,0.0,0.0,0.0,0.0,0.5,False
ws-10766,HOST,0,NONE,0.0,0.0,0.0,0.0,0.0,0.5,False
ws-12686,HOST,0,NONE,0.0,0.0,0.0,0.0,0.0,0.5,False
WS-11867.corp.local,HOST,0,NONE,0.0,0.0,0.0,0.0,0.0,0.5,False
lpt-11057,HOST,0,NONE,0.0,0.0,0.0,0.0,0.0,0.5,False
lpt-12381,HOST,0,NONE,0.0,1.0,0.0,0.0,0.4,0.5,False
LPT-12428.corp.local,HOST,0,NONE,0.0,1.0,0.0,0.0,0.4,0.5,False
LPT-12205,HOST,0,NONE,0.0,1.0,1.0,0.0,0.7,0.5,False
LPT-12056.corp.local,HOST,0,NONE,0.0,0.0,0.0,0.0,0.0,0.5,False
VDR-11999,HOST,2,FIREWALL_DENY|ENDPOINT,0.0,3.0,4.0,0.0,2.4,0.8,True
VDR-12030,HOST,2,FIREWALL_DENY|ENDPOINT,0.0,3.0,4.0,0.0,2.4,0.8,True
VDR-12573,HOST,0,NONE,0.0,1.0,1.0,0.0,0.7,0.5,False
LPT_10320,HOST,0,NONE,0.0,0.0,0.0,0.0,0.0,0.5,False
LPT-12714.corp.local,HOST,0,NONE,0.0,0.0,0.0,0.0,0.0,0.5,False
VDR-10024,HOST,0,NONE,0.0,0.0,1.0,0.0,0.3,0.5,False
VDR-11587,HOST,0,NONE,0.0,1.0,2.0,0.0,1.0,0.5,False
VDR-10458,HOST,1,FIREWALL_DENY,0.0,3.0,0.0,0.0,1.2,0.65,False
ws-12124,HOST,0,NONE,0.0,0.0,0.0,0.0,0.0,0.5,False
VDR-11555,HOST,0,NONE,0.0,0.0,1.0,0.0,0.3,0.5,False
LPT-12566,HOST,0,NONE,0.0,0.0,2.0,0.0,0.6,0.5,False
LPT-12962.corp.local,HOST,0,NONE,0.0,0.0,0.0,0.0,0.0,0.5,False
WS_12120,HOST,0,NONE,0.0,0.0,0.0,0.0,0.0,0.5,False
WS_10831,HOST,0,NONE,0.0,1.0,0.0,0.0,0.4,0.5,False
LPT-12681.corp.local,HOST,0,NONE,0.0,1.0,0.0,0.0,0.4,0.5,False
WS-10568.corp.local,HOST,0,NONE,0.0,1.0,0.0,0.0,0.4,0.5,False
lpt-10596,HOST,0,NONE,0.0,0.0,0.0,0.0,0.0,0.5,False
VDR_12423,HOST,0,NONE,0.0,0.0,0.0,0.0,0.0,0.5,False
VDR-10791,HOST,2,FIREWALL_DENY|ENDPOINT,0.0,4.0,3.0,0.0,2.5,0.8,True
WS-12952,HOST,0,NONE,0.0,0.0,0.0,0.0,0.0,0.5,False
VDR-10247,HOST,1,ENDPOINT,0.0,0.0,3.0,0.0,0.9,0.65,False
WS_12873,HOST,0,NONE,0.0,0.0,0.0,0.0,0.0,0.5,False
ws-11723,HOST,0,NONE,0.0,0.0,0.0,0.0,0.0,0.5,False
LPT-11024,HOST,1,ENDPOINT,0.0,1.0,7.0,0.0,2.5,0.65,False
VDR-10491,HOST,0,NONE,0.0,1.0,0.0,0.0,0.4,0.5,False
WS_10694,HOST,0,NONE,0.0,1.0,0.0,0.0,0.4,0.5,False
lpt-10609,HOST,0,NONE,0.0,0.0,0.0,0.0,0.0,0.5,False
lpt-11124,HOST,0,NONE,0.0,1.0,0.0,0.0,0.4,0.5,False
VDR-11930,HOST,1,ENDPOINT,0.0,0.0,3.0,0.0,0.9,0.65,False
ws-11365,HOST,0,NONE,0.0,0.0,0.0,0.0,0.0,0.5,False
VDR_11283,HOST,0,NONE,0.0,0.0,0.0,0.0,0.0,0.5,False
lpt-10590,HOST,0,NONE,0.0,0.0,0.0,0.0,0.0,0.5,False
ws-12862,HOST,0,NONE,0.0,0.0,0.0,0.0,0.0,0.5,False
WS-11865,HOST,1,ENDPOINT,0.0,1.0,5.0,0.0,1.9,0.65,False
LPT_10650,HOST,0,NONE,0.0,0.0,0.0,0.0,0.0,0.5,False
VDR-12526.,HOST,0,NONE,0.0,0.0,0.0,0.0,0.0,0.5,False
vdr-11942,HOST,0,NONE,0.0,1.0,0.0,0.0,0.4,0.5,False
WS_11108,HOST,0,NONE,0.0,0.0,0.0,0.0,0.0,0.5,False
WS-10707,HOST,2,FIREWALL_DENY|ENDPOINT,0.0,4.0,3.0,0.0,2.5,0.8,True
LPT-10254,HOST,1,ENDPOINT,0.0,2.0,3.0,0.0,1.7,0.65,False
LPT-11926,HOST,0,NONE,0.0,1.0,2.0,0.0,1.0,0.5,False
VDR_11495,HOST,0,NONE,0.0,1.0,0.0,0.0,0.4,0.5,False
WS-12716,HOST,1,ENDPOINT,0.0,1.0,4.0,0.0,1.6,0.65,False
LPT-10159,HOST,0,NONE,0.0,0.0,2.0,0.0,0.6,0.5,False
LPT-10003,HOST,1,ENDPOINT,0.0,2.0,5.0,0.0,2.3,0.65,False
LPT-12444,HOST,1,ENDPOINT,0.0,1.0,3.0,0.0,1.3,0.65,False
VDR_11510,HOST,0,NONE,0.0,0.0,0.0,0.0,0.0,0.5,False
LPT-10678,HOST,0,NONE,0.0,1.0,2.0,0.0,1.0,0.5,False
LPT-11789,HOST,0,NONE,0.0,1.0,2.0,0.0,1.0,0.5,False
VDR-10762,HOST,2,FIREWALL_DENY|ENDPOINT,0.0,6.0,3.0,0.0,3.3,0.8,True
vdr-10535,HOST,0,NONE,0.0,1.0,0.0,0.0,0.4,0.5,False
VDR_11074,HOST,0,NONE,0.0,0.0,0.0,0.0,0.0,0.5,False
LPT-12924,HOST,0,NONE,0.0,2.0,2.0,0.0,1.4,0.5,False
lpt-10891,HOST,0,NONE,0.0,0.0,0.0,0.0,0.0,0.5,False
LPT_10976,HOST,0,NONE,0.0,0.0,0.0,0.0,0.0,0.5,False
WS-12642.corp.local,HOST,0,NONE,0.0,0.0,0.0,0.0,0.0,0.5,False
LPT-12662,HOST,0,NONE,0.0,1.0,2.0,0.0,1.0,0.5,False
LPT-11085,HOST,0,NONE,0.0,1.0,2.0,0.0,1.0,0.5,False
LPT-11751.corp.local,HOST,0,NONE,0.0,0.0,0.0,0.0,0.0,0.5,False
lpt-11956,HOST,0,NONE,0.0,0.0,0.0,0.0,0.0,0.5,False
vdr-12160,HOST,0,NONE,0.0,0.0,0.0,0.0,0.0,0.5,False
lpt-12475,HOST,0,NONE,0.0,0.0,0.0,0.0,0.0,0.5,False
LPT-11995,HOST,1,ENDPOINT,0.0,1.0,6.0,0.0,2.2,0.65,False
WS-10695,HOST,1,ENDPOINT,0.0,0.0,3.0,0.0,0.9,0.65,False
vdr-10716,HOST,0,NONE,0.0,0.0,0.0,0.0,0.0,0.5,False
ws-11447,HOST,0,NONE,0.0,0.0,0.0,0.0,0.0,0.5,False
