sequence_id,entity_id,entity_type,sequence_type,start_time,end_time,duration_seconds,event_count,event_ids,source_datasets,temporal_window_minutes,sequence_confidence,sequence_strength,counter_evidence
SEQ-USR-1000,EMP10014,USER,GENERAL_ACTIVITY_SEQUENCE,2026-08-06 02:19:04+00:00,2026-08-06 03:13:28+00:00,3264,2,IAM00011997; IAM00018051,IAM,60,0.73,75.0,SINGLE_SOURCE_ONLY
SEQ-USR-1001,EMP10014,USER,GENERAL_ACTIVITY_SEQUENCE,2026-08-14 23:01:00+00:00,2026-08-15 00:00:00+00:00,3540,2,IAM00003112; IAM00017081,IAM,60,0.73,75.0,SINGLE_SOURCE_ONLY
SEQ-USR-1002,EMP10014,USER,GENERAL_ACTIVITY_SEQUENCE,2026-08-15 04:25:21+00:00,2026-08-15 05:05:20+00:00,2399,2,IAM00010841; IAM00005442,IAM,60,0.73,75.0,SINGLE_SOURCE_ONLY
SEQ-USR-1003,EMP10014,USER,GENERAL_ACTIVITY_SEQUENCE,2026-09-09 20:17:14+00:00,2026-09-09 21:02:00+00:00,2686,2,IAM00011351; IAM00010594,IAM,60,0.73,75.0,SINGLE_SOURCE_ONLY
SEQ-USR-1004,EMP10024,USER,AUTH_TO_ENDPOINT_ALERT,2026-09-06 14:27:24+00:00,2026-09-06 15:19:35+00:00,3131,2,EPA00006733; IAM00011211,IAM; Endpoint,60,0.88,100.0,NONE_OBSERVED
SEQ-USR-1005,EMP10044,USER,GENERAL_ACTIVITY_SEQUENCE,2026-07-09 00:00:00+00:00,2026-07-09 00:00:00+00:00,0,2,IAM00007231; IAM00019453,IAM,60,0.73,75.0,SINGLE_SOURCE_ONLY; IDENTICAL_TIMESTAMP_WINDOW
SEQ-USR-1006,EMP10044,USER,GENERAL_ACTIVITY_SEQUENCE,2026-08-04 20:46:00+00:00,2026-08-04 21:07:22+00:00,1282,2,IAM00002946; IAM00009238,IAM,60,0.73,75.0,SINGLE_SOURCE_ONLY
SEQ-USR-1007,EMP10044,USER,GENERAL_ACTIVITY_SEQUENCE,2026-08-17 00:00:00+00:00,2026-08-17 00:00:00+00:00,0,2,IAM00000475; IAM00013431,IAM,60,0.73,75.0,SINGLE_SOURCE_ONLY; IDENTICAL_TIMESTAMP_WINDOW
SEQ-USR-1008,EMP10044,USER,GENERAL_ACTIVITY_SEQUENCE,2026-08-22 17:08:14+00:00,2026-08-22 18:02:00+00:00,3226,2,IAM00013420; IAM00017158,IAM,60,0.73,75.0,SINGLE_SOURCE_ONLY
SEQ-USR-1009,EMP10044,USER,GENERAL_ACTIVITY_SEQUENCE,2026-08-23 00:00:00+00:00,2026-08-23 00:00:00+00:00,0,2,IAM00019704; IAM00019911,IAM,60,0.73,75.0,SINGLE_SOURCE_ONLY; IDENTICAL_TIMESTAMP_WINDOW
SEQ-USR-1010,EMP10044,USER,GENERAL_ACTIVITY_SEQUENCE,2026-08-23 16:46:21+00:00,2026-08-23 17:06:42+00:00,1221,2,IAM00002844; IAM00011894,IAM,60,0.73,75.0,SINGLE_SOURCE_ONLY
SEQ-USR-1011,EMP10052,USER,GENERAL_ACTIVITY_SEQUENCE,2026-01-08 00:00:00+00:00,2026-01-08 00:00:00+00:00,0,2,IAM00006237; IAM00013121,IAM,60,0.73,75.0,SINGLE_SOURCE_ONLY; IDENTICAL_TIMESTAMP_WINDOW
SEQ-USR-1012,EMP10052,USER,GENERAL_ACTIVITY_SEQUENCE,2026-08-06 19:21:11+00:00,2026-08-06 19:27:31+00:00,380,2,IAM00016034; IAM00013851,IAM,60,0.73,75.0,SINGLE_SOURCE_ONLY
SEQ-USR-1013,EMP10052,USER,GENERAL_ACTIVITY_SEQUENCE,2026-08-08 22:56:00+00:00,2026-08-08 23:39:36+00:00,2616,2,IAM00005723; IAM00017334,IAM,60,0.73,75.0,SINGLE_SOURCE_ONLY
SEQ-USR-1014,EMP10052,USER,GENERAL_ACTIVITY_SEQUENCE,2026-08-15 00:00:00+00:00,2026-08-15 00:00:00+00:00,0,2,IAM00008242; IAM00018134,IAM,60,0.73,75.0,SINGLE_SOURCE_ONLY; IDENTICAL_TIMESTAMP_WINDOW
SEQ-USR-1015,EMP10052,USER,GENERAL_ACTIVITY_SEQUENCE,2026-08-27 08:11:10+00:00,2026-08-27 09:10:33+00:00,3563,2,IAM00009990; IAM00010349,IAM,60,0.73,75.0,SINGLE_SOURCE_ONLY
SEQ-USR-1016,EMP10052,USER,GENERAL_ACTIVITY_SEQUENCE,2026-08-31 00:00:00+00:00,2026-08-31 00:00:00+00:00,0,2,IAM00002178; IAM00019512,IAM,60,0.73,75.0,SINGLE_SOURCE_ONLY; IDENTICAL_TIMESTAMP_WINDOW
SEQ-USR-1017,EMP10052,USER,GENERAL_ACTIVITY_SEQUENCE,2026-09-08 15:01:00+00:00,2026-09-08 15:32:53+00:00,1913,2,IAM00003453; IAM00014320,IAM,60,0.73,75.0,SINGLE_SOURCE_ONLY
SEQ-USR-1018,EMP10063,USER,GENERAL_ACTIVITY_SEQUENCE,2026-08-02 23:09:18+00:00,2026-08-03 00:00:00+00:00,3042,2,IAM00006605; IAM00011827,IAM,60,0.73,75.0,SINGLE_SOURCE_ONLY
SEQ-USR-1019,EMP10063,USER,GENERAL_ACTIVITY_SEQUENCE,2026-08-19 00:00:00+00:00,2026-08-19 00:00:00+00:00,0,2,IAM00003548; IAM00008537,IAM,60,0.73,75.0,SINGLE_SOURCE_ONLY; IDENTICAL_TIMESTAMP_WINDOW
SEQ-USR-1020,EMP10063,USER,GENERAL_ACTIVITY_SEQUENCE,2026-08-21 23:18:16+00:00,2026-08-22 00:00:00+00:00,2504,2,IAM00000982; IAM00000636,IAM,60,0.73,75.0,SINGLE_SOURCE_ONLY
SEQ-USR-1021,EMP10063,USER,GENERAL_ACTIVITY_SEQUENCE,2026-08-25 23:51:37+00:00,2026-08-26 00:00:00+00:00,503,2,IAM00006227; IAM00003770,IAM,60,0.73,75.0,SINGLE_SOURCE_ONLY
SEQ-USR-1022,EMP10077,USER,GENERAL_ACTIVITY_SEQUENCE,2026-08-29 18:21:38+00:00,2026-08-29 18:58:48+00:00,2230,2,IAM00000384; IAM00012707,IAM,60,0.73,75.0,SINGLE_SOURCE_ONLY
SEQ-USR-1023,EMP10085,USER,GENERAL_ACTIVITY_SEQUENCE,2026-08-25 00:00:00+00:00,2026-08-25 00:00:00+00:00,0,2,IAM00013110; IAM00013700,IAM,60,0.73,75.0,SINGLE_SOURCE_ONLY; IDENTICAL_TIMESTAMP_WINDOW
SEQ-USR-1024,EMP10119,USER,GENERAL_ACTIVITY_SEQUENCE,2026-08-31 23:25:39+00:00,2026-08-31 23:59:27+00:00,2028,2,IAM00005108; IAM00019620,IAM,60,0.73,75.0,SINGLE_SOURCE_ONLY
SEQ-USR-1025,EMP10125,USER,GENERAL_ACTIVITY_SEQUENCE,2026-08-14 00:00:00+00:00,2026-08-14 00:52:50+00:00,3170,2,IAM00002713; IAM00000150,IAM,60,0.73,75.0,SINGLE_SOURCE_ONLY
SEQ-USR-1026,EMP10152,USER,GENERAL_ACTIVITY_SEQUENCE,2026-08-07 00:00:00+00:00,2026-08-07 00:00:00+00:00,0,2,IAM00003910; IAM00006689,IAM,60,0.73,75.0,SINGLE_SOURCE_ONLY; IDENTICAL_TIMESTAMP_WINDOW
SEQ-USR-1027,EMP10152,USER,GENERAL_ACTIVITY_SEQUENCE,2026-08-11 06:20:45+00:00,2026-08-11 06:49:50+00:00,1745,2,IAM00013044; IAM00010129,IAM,60,0.73,75.0,SINGLE_SOURCE_ONLY
SEQ-USR-1028,EMP10152,USER,GENERAL_ACTIVITY_SEQUENCE,2026-08-16 00:00:00+00:00,2026-08-16 00:00:00+00:00,0,2,IAM00000463; IAM00016282,IAM,60,0.73,75.0,SINGLE_SOURCE_ONLY; IDENTICAL_TIMESTAMP_WINDOW
SEQ-USR-1029,EMP10152,USER,GENERAL_ACTIVITY_SEQUENCE,2026-08-21 15:32:34+00:00,2026-08-21 15:47:11+00:00,877,2,IAM00017513; IAM00007946,IAM,60,0.73,75.0,SINGLE_SOURCE_ONLY
SEQ-USR-1030,EMP10152,USER,GENERAL_ACTIVITY_SEQUENCE,2026-08-23 01:57:00+00:00,2026-08-23 02:26:04+00:00,1744,2,IAM00009045; IAM00014282,IAM,60,0.73,75.0,SINGLE_SOURCE_ONLY
SEQ-USR-1031,EMP10152,USER,GENERAL_ACTIVITY_SEQUENCE,2026-08-27 00:00:00+00:00,2026-08-27 00:46:23+00:00,2783,2,IAM00010848; IAM00017891,IAM,60,0.73,75.0,SINGLE_SOURCE_ONLY
SEQ-USR-1032,EMP10162,USER,AUTH_TO_ENDPOINT_ALERT,2026-08-29 00:00:00+00:00,2026-08-29 00:00:00+00:00,0,2,EPA00006477; IAM00006354,IAM; Endpoint,60,0.88,100.0,IDENTICAL_TIMESTAMP_WINDOW
SEQ-USR-1033,EMP10168,USER,GENERAL_ACTIVITY_SEQUENCE,2026-08-29 14:20:27+00:00,2026-08-29 14:39:25+00:00,1138,2,IAM00018685; IAM00018115,IAM,60,0.73,75.0,SINGLE_SOURCE_ONLY
SEQ-USR-1034,EMP10177,USER,GENERAL_ACTIVITY_SEQUENCE,2026-08-29 05:54:48+00:00,2026-08-29 06:02:00+00:00,432,2,IAM00008062; IAM00006796,IAM,60,0.73,75.0,SINGLE_SOURCE_ONLY
SEQ-USR-1035,EMP10190,USER,AUTH_TO_ENDPOINT_ALERT,2026-08-24 00:00:00+00:00,2026-08-24 00:00:00+00:00,0,2,EPA00006706; IAM00017539,IAM; Endpoint,60,0.88,100.0,IDENTICAL_TIMESTAMP_WINDOW
SEQ-USR-1036,EMP10194,USER,GENERAL_ACTIVITY_SEQUENCE,2026-08-13 23:37:27+00:00,2026-08-14 00:00:00+00:00,1353,2,IAM00013328; IAM00004776,IAM,60,0.73,75.0,SINGLE_SOURCE_ONLY
SEQ-USR-1037,EMP10194,USER,GENERAL_ACTIVITY_SEQUENCE,2026-08-14 06:33:07+00:00,2026-08-14 07:25:53+00:00,3166,2,IAM00012625; IAM00009863,IAM,60,0.73,75.0,SINGLE_SOURCE_ONLY
SEQ-USR-1038,EMP10194,USER,GENERAL_ACTIVITY_SEQUENCE,2026-08-22 00:00:00+00:00,2026-08-22 00:00:00+00:00,0,2,IAM00011670; IAM00014760,IAM,60,0.73,75.0,SINGLE_SOURCE_ONLY; IDENTICAL_TIMESTAMP_WINDOW
SEQ-USR-1039,EMP10194,USER,GENERAL_ACTIVITY_SEQUENCE,2026-08-24 10:27:06+00:00,2026-08-24 10:28:42+00:00,96,2,IAM00014165; IAM00007159,IAM,60,0.73,75.0,SINGLE_SOURCE_ONLY
SEQ-USR-1040,EMP10195,USER,GENERAL_ACTIVITY_SEQUENCE,2026-08-24 23:28:54+00:00,2026-08-25 00:00:00+00:00,1866,2,IAM00017662; IAM00012557,IAM,60,0.73,75.0,SINGLE_SOURCE_ONLY
SEQ-USR-1041,EMP10202,USER,GENERAL_ACTIVITY_SEQUENCE,2026-08-08 03:45:35+00:00,2026-08-08 04:43:15+00:00,3460,2,IAM00002280; IAM00002548,IAM,60,0.73,75.0,SINGLE_SOURCE_ONLY
SEQ-USR-1042,EMP10203,USER,GENERAL_ACTIVITY_SEQUENCE,2026-08-18 21:40:04+00:00,2026-08-18 21:50:50+00:00,646,2,IAM00013317; IAM00016345,IAM,60,0.73,75.0,SINGLE_SOURCE_ONLY
SEQ-USR-1043,EMP10203,USER,GENERAL_ACTIVITY_SEQUENCE,2026-08-21 09:29:13+00:00,2026-08-21 09:40:00+00:00,647,2,IAM00006771; IAM00001789,IAM,60,0.73,75.0,SINGLE_SOURCE_ONLY
SEQ-USR-1044,EMP10203,USER,GENERAL_ACTIVITY_SEQUENCE,2026-09-04 12:01:46+00:00,2026-09-04 12:28:13+00:00,1587,2,IAM00006498; IAM00005094,IAM,60,0.73,75.0,SINGLE_SOURCE_ONLY
SEQ-USR-1045,EMP10243,USER,AUTH_TO_ENDPOINT_ALERT,2026-08-07 23:10:01+00:00,2026-08-08 00:00:00+00:00,2999,2,IAM00004077; EPA00004996,IAM; Endpoint,60,0.88,100.0,NONE_OBSERVED
SEQ-USR-1046,EMP10251,USER,GENERAL_ACTIVITY_SEQUENCE,2026-08-01 00:00:00+00:00,2026-08-01 00:55:47+00:00,3347,2,IAM00004816; IAM00000155,IAM,60,0.73,75.0,SINGLE_SOURCE_ONLY
SEQ-USR-1047,EMP10251,USER,GENERAL_ACTIVITY_SEQUENCE,2026-08-13 07:24:40+00:00,2026-08-13 07:54:10+00:00,1770,2,IAM00015897; IAM00019796,IAM,60,0.73,75.0,SINGLE_SOURCE_ONLY
SEQ-USR-1048,EMP10251,USER,AUTH_TO_ENDPOINT_ALERT,2026-08-13 23:06:31+00:00,2026-08-13 23:46:00+00:00,2369,2,EPA00002321; IAM00001894,IAM; Endpoint,60,0.88,100.0,NONE_OBSERVED
SEQ-USR-1049,EMP10251,USER,GENERAL_ACTIVITY_SEQUENCE,2026-08-17 00:00:00+00:00,2026-08-17 00:00:00+00:00,0,2,IAM00011657; IAM00019387,IAM,60,0.73,75.0,SINGLE_SOURCE_ONLY; IDENTICAL_TIMESTAMP_WINDOW
SEQ-USR-1050,EMP10251,USER,GENERAL_ACTIVITY_SEQUENCE,2026-08-20 00:00:00+00:00,2026-08-20 00:00:00+00:00,0,2,IAM00001064; IAM00006632,IAM,60,0.73,75.0,SINGLE_SOURCE_ONLY; IDENTICAL_TIMESTAMP_WINDOW
SEQ-USR-1051,EMP10278,USER,GENERAL_ACTIVITY_SEQUENCE,2026-08-22 00:00:00+00:00,2026-08-22 00:00:00+00:00,0,2,IAM00000157; IAM00019882,IAM,60,0.73,75.0,SINGLE_SOURCE_ONLY; IDENTICAL_TIMESTAMP_WINDOW
SEQ-USR-1052,EMP10289,USER,GENERAL_ACTIVITY_SEQUENCE,2026-05-08 16:20:00+00:00,2026-05-08 16:59:00+00:00,2340,2,IAM00011864; IAM00002323,IAM,60,0.73,75.0,SINGLE_SOURCE_ONLY
SEQ-USR-1053,EMP10289,USER,GENERAL_ACTIVITY_SEQUENCE,2026-08-16 00:00:00+00:00,2026-08-16 00:00:00+00:00,0,2,IAM00002081; IAM00012786,IAM,60,0.73,75.0,SINGLE_SOURCE_ONLY; IDENTICAL_TIMESTAMP_WINDOW
SEQ-USR-1054,EMP10289,USER,GENERAL_ACTIVITY_SEQUENCE,2026-08-18 16:05:42+00:00,2026-08-18 16:35:03+00:00,1761,2,IAM00012088; IAM00009204,IAM,60,0.73,75.0,SINGLE_SOURCE_ONLY
SEQ-USR-1055,EMP10291,USER,GENERAL_ACTIVITY_SEQUENCE,2026-08-11 00:00:00+00:00,2026-08-11 00:00:00+00:00,0,2,IAM00007913; IAM00011385,IAM,60,0.73,75.0,SINGLE_SOURCE_ONLY; IDENTICAL_TIMESTAMP_WINDOW
SEQ-USR-1056,EMP10291,USER,GENERAL_ACTIVITY_SEQUENCE,2026-08-24 03:12:00+00:00,2026-08-24 03:40:17+00:00,1697,2,IAM00017661; IAM00003846,IAM,60,0.73,75.0,SINGLE_SOURCE_ONLY
SEQ-USR-1057,EMP10291,USER,GENERAL_ACTIVITY_SEQUENCE,2026-08-31 11:38:28+00:00,2026-08-31 12:30:00+00:00,3092,2,IAM00002679; IAM00007191,IAM,60,0.73,75.0,SINGLE_SOURCE_ONLY
SEQ-USR-1058,EMP10291,USER,GENERAL_ACTIVITY_SEQUENCE,2026-09-01 08:36:01+00:00,2026-09-01 09:03:17+00:00,1636,2,IAM00009401; IAM00013863,IAM,60,0.73,75.0,SINGLE_SOURCE_ONLY
SEQ-USR-1059,EMP10292,USER,AUTH_TO_ENDPOINT_ALERT,2026-08-20 13:15:01+00:00,2026-08-20 14:07:20+00:00,3139,2,IAM00010640; EPA00007963,IAM; Endpoint,60,0.88,100.0,NONE_OBSERVED
SEQ-USR-1060,EMP10296,USER,GENERAL_ACTIVITY_SEQUENCE,2026-08-02 23:07:58+00:00,2026-08-03 00:00:00+00:00,3122,2,IAM00004079; IAM00006522,IAM,60,0.73,75.0,SINGLE_SOURCE_ONLY
SEQ-USR-1061,EMP10296,USER,GENERAL_ACTIVITY_SEQUENCE,2026-08-09 00:00:00+00:00,2026-08-09 00:59:12+00:00,3552,3,IAM00013732; IAM00016749; IAM00014332,IAM,60,0.77,90.0,SINGLE_SOURCE_ONLY
SEQ-USR-1062,EMP10296,USER,GENERAL_ACTIVITY_SEQUENCE,2026-08-15 23:06:08+00:00,2026-08-16 00:00:00+00:00,3232,2,IAM00002153; IAM00009184,IAM,60,0.73,75.0,SINGLE_SOURCE_ONLY
SEQ-USR-1063,EMP10296,USER,GENERAL_ACTIVITY_SEQUENCE,2026-08-19 00:00:00+00:00,2026-08-19 00:00:00+00:00,0,2,IAM00002534; IAM00018672,IAM,60,0.73,75.0,SINGLE_SOURCE_ONLY; IDENTICAL_TIMESTAMP_WINDOW
SEQ-USR-1064,EMP10296,USER,GENERAL_ACTIVITY_SEQUENCE,2026-08-23 11:49:58+00:00,2026-08-23 12:23:24+00:00,2006,2,IAM00004081; IAM00019476,IAM,60,0.73,75.0,SINGLE_SOURCE_ONLY
SEQ-USR-1065,EMP10296,USER,GENERAL_ACTIVITY_SEQUENCE,2026-08-29 23:25:00+00:00,2026-08-30 00:00:00+00:00,2100,2,IAM00001499; IAM00019566,IAM,60,0.73,75.0,SINGLE_SOURCE_ONLY
SEQ-USR-1066,EMP10296,USER,GENERAL_ACTIVITY_SEQUENCE,2026-09-03 00:00:00+00:00,2026-09-03 00:00:00+00:00,0,2,IAM00011448; IAM00015059,IAM,60,0.73,75.0,SINGLE_SOURCE_ONLY; IDENTICAL_TIMESTAMP_WINDOW
SEQ-USR-1067,EMP10297,USER,AUTH_TO_ENDPOINT_ALERT,2026-08-16 03:10:54+00:00,2026-08-16 03:45:24+00:00,2070,2,EPA00007164; IAM00018999,IAM; Endpoint,60,0.88,100.0,NONE_OBSERVED
SEQ-USR-1068,EMP10298,USER,GENERAL_ACTIVITY_SEQUENCE,2026-07-08 05:31:00+00:00,2026-07-08 06:29:00+00:00,3480,2,IAM00009776; IAM00005088,IAM,60,0.73,75.0,SINGLE_SOURCE_ONLY
SEQ-USR-1069,EMP10298,USER,GENERAL_ACTIVITY_SEQUENCE,2026-08-12 00:00:00+00:00,2026-08-12 00:19:01+00:00,1141,2,IAM00010029; IAM00013316,IAM,60,0.73,75.0,SINGLE_SOURCE_ONLY
SEQ-USR-1070,EMP10298,USER,GENERAL_ACTIVITY_SEQUENCE,2026-08-17 02:42:56+00:00,2026-08-17 03:31:12+00:00,2896,2,IAM00006744; IAM00004505,IAM,60,0.73,75.0,SINGLE_SOURCE_ONLY
SEQ-USR-1071,EMP10298,USER,GENERAL_ACTIVITY_SEQUENCE,2026-08-27 00:00:00+00:00,2026-08-27 00:00:00+00:00,0,2,IAM00000523; IAM00005727,IAM,60,0.73,75.0,SINGLE_SOURCE_ONLY; IDENTICAL_TIMESTAMP_WINDOW
SEQ-USR-1072,EMP10298,USER,GENERAL_ACTIVITY_SEQUENCE,2026-08-31 00:00:00+00:00,2026-08-31 00:00:00+00:00,0,2,IAM00008303; IAM00009942,IAM,60,0.73,75.0,SINGLE_SOURCE_ONLY; IDENTICAL_TIMESTAMP_WINDOW
SEQ-USR-1073,EMP10298,USER,GENERAL_ACTIVITY_SEQUENCE,2026-09-08 20:01:30+00:00,2026-09-08 20:31:00+00:00,1770,2,IAM00001301; IAM00000932,IAM,60,0.73,75.0,SINGLE_SOURCE_ONLY
SEQ-USR-1074,EMP10321,USER,GENERAL_ACTIVITY_SEQUENCE,2026-08-15 04:05:31+00:00,2026-08-15 04:11:02+00:00,331,2,IAM00002841; IAM00015674,IAM,60,0.73,75.0,SINGLE_SOURCE_ONLY
SEQ-USR-1075,EMP10322,USER,GENERAL_ACTIVITY_SEQUENCE,2026-08-04 02:48:55+00:00,2026-08-04 03:39:17+00:00,3022,2,IAM00014020; IAM00015488,IAM,60,0.73,75.0,SINGLE_SOURCE_ONLY
SEQ-USR-1076,EMP10322,USER,GENERAL_ACTIVITY_SEQUENCE,2026-08-05 20:14:25+00:00,2026-08-05 20:28:18+00:00,833,2,IAM00008963; IAM00015483,IAM,60,0.73,75.0,SINGLE_SOURCE_ONLY
SEQ-USR-1077,EMP10322,USER,GENERAL_ACTIVITY_SEQUENCE,2026-08-10 00:00:00+00:00,2026-08-10 00:18:53+00:00,1133,2,IAM00000501; IAM00007433,IAM,60,0.73,75.0,SINGLE_SOURCE_ONLY
SEQ-USR-1078,EMP10322,USER,AUTH_TO_ENDPOINT_ALERT,2026-08-17 09:24:00+00:00,2026-08-17 09:36:21+00:00,741,2,EPA00006589; IAM00015534,IAM; Endpoint,60,0.88,100.0,NONE_OBSERVED
SEQ-USR-1079,EMP10322,USER,GENERAL_ACTIVITY_SEQUENCE,2026-08-18 00:16:06+00:00,2026-08-18 01:12:00+00:00,3354,2,IAM00011839; IAM00007105,IAM,60,0.73,75.0,SINGLE_SOURCE_ONLY
SEQ-USR-1080,EMP10322,USER,GENERAL_ACTIVITY_SEQUENCE,2026-08-18 10:33:14+00:00,2026-08-18 10:39:33+00:00,379,2,IAM00018323; IAM00011455,IAM,60,0.73,75.0,SINGLE_SOURCE_ONLY
SEQ-USR-1081,EMP10322,USER,GENERAL_ACTIVITY_SEQUENCE,2026-08-20 08:15:29+00:00,2026-08-20 08:47:23+00:00,1914,2,IAM00008649; IAM00002531,IAM,60,0.73,75.0,SINGLE_SOURCE_ONLY
SEQ-USR-1082,EMP10322,USER,GENERAL_ACTIVITY_SEQUENCE,2026-08-22 00:00:00+00:00,2026-08-22 00:00:00+00:00,0,2,IAM00002781; IAM00016685,IAM,60,0.73,75.0,SINGLE_SOURCE_ONLY; IDENTICAL_TIMESTAMP_WINDOW
SEQ-USR-1083,EMP10322,USER,GENERAL_ACTIVITY_SEQUENCE,2026-08-23 11:22:23+00:00,2026-08-23 11:59:40+00:00,2237,2,IAM00018317; IAM00008428,IAM,60,0.73,75.0,SINGLE_SOURCE_ONLY
SEQ-USR-1084,EMP10322,USER,GENERAL_ACTIVITY_SEQUENCE,2026-08-31 02:16:14+00:00,2026-08-31 02:52:15+00:00,2161,2,IAM00002918; IAM00017133,IAM,60,0.73,75.0,SINGLE_SOURCE_ONLY
SEQ-USR-1085,EMP10335,USER,GENERAL_ACTIVITY_SEQUENCE,2026-08-08 23:51:59+00:00,2026-08-09 00:00:00+00:00,481,2,IAM00006913; IAM00011507,IAM,60,0.73,75.0,SINGLE_SOURCE_ONLY
SEQ-USR-1086,EMP10361,USER,GENERAL_ACTIVITY_SEQUENCE,2026-08-24 19:33:11+00:00,2026-08-24 20:04:40+00:00,1889,2,IAM00000745; IAM00016098,IAM,60,0.73,75.0,SINGLE_SOURCE_ONLY
SEQ-USR-1087,EMP10393,USER,GENERAL_ACTIVITY_SEQUENCE,2026-08-14 00:00:00+00:00,2026-08-14 00:00:00+00:00,0,2,IAM00005541; IAM00008505,IAM,60,0.73,75.0,SINGLE_SOURCE_ONLY; IDENTICAL_TIMESTAMP_WINDOW
SEQ-USR-1088,EMP10393,USER,GENERAL_ACTIVITY_SEQUENCE,2026-08-25 17:45:26+00:00,2026-08-25 17:57:04+00:00,698,2,IAM00012105; IAM00008032,IAM,60,0.73,75.0,SINGLE_SOURCE_ONLY
SEQ-USR-1089,EMP10408,USER,GENERAL_ACTIVITY_SEQUENCE,2026-08-04 00:00:00+00:00,2026-08-04 00:11:29+00:00,689,2,IAM00001768; IAM00001252,IAM,60,0.73,75.0,SINGLE_SOURCE_ONLY
SEQ-USR-1090,EMP10408,USER,GENERAL_ACTIVITY_SEQUENCE,2026-08-25 00:00:00+00:00,2026-08-25 00:00:00+00:00,0,2,IAM00007900; IAM00018828,IAM,60,0.73,75.0,SINGLE_SOURCE_ONLY; IDENTICAL_TIMESTAMP_WINDOW
SEQ-USR-1091,EMP10408,USER,GENERAL_ACTIVITY_SEQUENCE,2026-08-29 23:49:13+00:00,2026-08-30 00:00:00+00:00,647,2,IAM00005865; IAM00001537,IAM,60,0.73,75.0,SINGLE_SOURCE_ONLY
SEQ-USR-1092,EMP10408,USER,GENERAL_ACTIVITY_SEQUENCE,2026-09-04 12:10:45+00:00,2026-09-04 12:33:15+00:00,1350,2,IAM00010575; IAM00004553,IAM,60,0.73,75.0,SINGLE_SOURCE_ONLY
SEQ-USR-1093,EMP10426,USER,GENERAL_ACTIVITY_SEQUENCE,2026-08-24 00:10:28+00:00,2026-08-24 01:04:50+00:00,3262,2,IAM00017608; IAM00003746,IAM,60,0.73,75.0,SINGLE_SOURCE_ONLY
SEQ-USR-1094,EMP10429,USER,GENERAL_ACTIVITY_SEQUENCE,2026-08-26 00:00:00+00:00,2026-08-26 00:00:00+00:00,0,2,EPA00007355; EPA00007380,Endpoint,60,0.73,75.0,SINGLE_SOURCE_ONLY; IDENTICAL_TIMESTAMP_WINDOW
SEQ-USR-1095,EMP10432,USER,AUTH_TO_ENDPOINT_ALERT,2026-08-20 14:08:23+00:00,2026-08-20 15:01:00+00:00,3157,2,IAM00001587; EPA00003474,IAM; Endpoint,60,0.88,100.0,NONE_OBSERVED
SEQ-USR-1096,EMP10450,USER,AUTH_TO_ENDPOINT_ALERT,2026-08-28 00:00:00+00:00,2026-08-28 01:00:00+00:00,3600,2,EPA00001944; IAM00017146,IAM; Endpoint,60,0.88,100.0,NONE_OBSERVED
SEQ-USR-1097,EMP10454,USER,GENERAL_ACTIVITY_SEQUENCE,2026-06-09 00:00:00+00:00,2026-06-09 00:00:00+00:00,0,2,IAM00005943; IAM00015955,IAM,60,0.73,75.0,SINGLE_SOURCE_ONLY; IDENTICAL_TIMESTAMP_WINDOW
SEQ-USR-1098,EMP10459,USER,GENERAL_ACTIVITY_SEQUENCE,2026-08-23 17:36:00+00:00,2026-08-23 18:08:43+00:00,1963,2,IAM00010370; IAM00015607,IAM,60,0.73,75.0,SINGLE_SOURCE_ONLY
SEQ-USR-1099,EMP10472,USER,GENERAL_ACTIVITY_SEQUENCE,2026-01-09 00:00:00+00:00,2026-01-09 00:00:00+00:00,0,2,IAM00000981; IAM00011897,IAM,60,0.73,75.0,SINGLE_SOURCE_ONLY; IDENTICAL_TIMESTAMP_WINDOW
SEQ-USR-1100,EMP10472,USER,GENERAL_ACTIVITY_SEQUENCE,2026-04-08 00:00:00+00:00,2026-04-08 00:00:00+00:00,0,2,IAM00008399; IAM00008455,IAM,60,0.73,75.0,SINGLE_SOURCE_ONLY; IDENTICAL_TIMESTAMP_WINDOW
SEQ-USR-1101,EMP10472,USER,GENERAL_ACTIVITY_SEQUENCE,2026-08-02 20:52:03+00:00,2026-08-02 20:52:26+00:00,23,2,IAM00014238; IAM00013796,IAM,60,0.73,75.0,SINGLE_SOURCE_ONLY
SEQ-USR-1102,EMP10472,USER,GENERAL_ACTIVITY_SEQUENCE,2026-08-03 00:00:00+00:00,2026-08-03 00:00:00+00:00,0,2,IAM00013278; IAM00015176,IAM,60,0.73,75.0,SINGLE_SOURCE_ONLY; IDENTICAL_TIMESTAMP_WINDOW
SEQ-USR-1103,EMP10472,USER,GENERAL_ACTIVITY_SEQUENCE,2026-08-04 07:06:46+00:00,2026-08-04 08:01:34+00:00,3288,2,IAM00003589; IAM00003883,IAM,60,0.73,75.0,SINGLE_SOURCE_ONLY
SEQ-USR-1104,EMP10472,USER,GENERAL_ACTIVITY_SEQUENCE,2026-08-31 06:34:00+00:00,2026-08-31 07:30:41+00:00,3401,2,IAM00019503; IAM00014040,IAM,60,0.73,75.0,SINGLE_SOURCE_ONLY
SEQ-USR-1105,EMP10477,USER,GENERAL_ACTIVITY_SEQUENCE,2026-08-17 04:04:15+00:00,2026-08-17 04:38:23+00:00,2048,2,IAM00018136; IAM00015305,IAM,60,0.73,75.0,SINGLE_SOURCE_ONLY
SEQ-USR-1106,EMP10478,USER,AUTH_TO_ENDPOINT_ALERT,2026-09-04 23:13:22+00:00,2026-09-05 00:00:00+00:00,2798,2,IAM00017669; EPA00006997,IAM; Endpoint,60,0.88,100.0,NONE_OBSERVED
SEQ-USR-1107,EMP10485,USER,GENERAL_ACTIVITY_SEQUENCE,2026-08-18 21:39:49+00:00,2026-08-18 22:22:06+00:00,2537,2,EPA00003695; EPA00007964,Endpoint,60,0.73,75.0,SINGLE_SOURCE_ONLY
SEQ-USR-1108,EMP10486,USER,GENERAL_ACTIVITY_SEQUENCE,2026-08-25 02:51:27+00:00,2026-08-25 02:57:26+00:00,359,2,EPA00000400; EPA00003704,Endpoint,60,0.73,75.0,SINGLE_SOURCE_ONLY
SEQ-USR-1109,EMP10513,USER,AUTH_TO_ENDPOINT_ALERT,2026-08-18 07:20:42+00:00,2026-08-18 08:14:36+00:00,3234,2,EPA00001807; IAM00007194,IAM; Endpoint,60,0.88,100.0,NONE_OBSERVED
SEQ-USR-1110,EMP10532,USER,GENERAL_ACTIVITY_SEQUENCE,2026-08-23 20:16:22+00:00,2026-08-23 20:42:24+00:00,1562,2,IAM00010620; IAM00013738,IAM,60,0.73,75.0,SINGLE_SOURCE_ONLY
SEQ-USR-1111,EMP10538,USER,GENERAL_ACTIVITY_SEQUENCE,2026-08-18 07:22:22+00:00,2026-08-18 08:13:32+00:00,3070,2,IAM00017328; IAM00015966,IAM,60,0.73,75.0,SINGLE_SOURCE_ONLY
SEQ-USR-1112,EMP10546,USER,AUTH_TO_ENDPOINT_ALERT,2026-09-02 00:00:00+00:00,2026-09-02 00:00:00+00:00,0,2,EPA00005385; IAM00008132,IAM; Endpoint,60,0.88,100.0,IDENTICAL_TIMESTAMP_WINDOW
SEQ-USR-1113,EMP10561,USER,GENERAL_ACTIVITY_SEQUENCE,2026-08-12 00:00:00+00:00,2026-08-12 00:00:00+00:00,0,2,IAM00000754; IAM00004657,IAM,60,0.73,75.0,SINGLE_SOURCE_ONLY; IDENTICAL_TIMESTAMP_WINDOW
SEQ-USR-1114,EMP10562,USER,GENERAL_ACTIVITY_SEQUENCE,2026-09-07 00:00:00+00:00,2026-09-07 00:22:17+00:00,1337,2,EPA00000787; EPA00006949,Endpoint,60,0.73,75.0,SINGLE_SOURCE_ONLY
SEQ-USR-1115,EMP10570,USER,AUTH_TO_ENDPOINT_ALERT,2026-08-15 00:00:00+00:00,2026-08-15 00:00:00+00:00,0,2,EPA00000353; IAM00004930,IAM; Endpoint,60,0.88,100.0,IDENTICAL_TIMESTAMP_WINDOW
SEQ-USR-1116,EMP10577,USER,GENERAL_ACTIVITY_SEQUENCE,2026-08-22 23:12:00+00:00,2026-08-23 00:00:00+00:00,2880,2,IAM00017947; IAM00000887,IAM,60,0.73,75.0,SINGLE_SOURCE_ONLY
SEQ-USR-1117,EMP10589,USER,AUTH_TO_ENDPOINT_ALERT,2026-09-08 00:00:00+00:00,2026-09-08 00:00:00+00:00,0,2,EPA00005698; IAM00000800,IAM; Endpoint,60,0.88,100.0,IDENTICAL_TIMESTAMP_WINDOW
SEQ-USR-1118,EMP10604,USER,AUTH_TO_ENDPOINT_ALERT,2026-08-22 00:00:00+00:00,2026-08-22 00:00:00+00:00,0,2,EPA00005432; IAM00016586,IAM; Endpoint,60,0.88,100.0,IDENTICAL_TIMESTAMP_WINDOW
SEQ-USR-1119,EMP10608,USER,GENERAL_ACTIVITY_SEQUENCE,2026-08-16 00:00:00+00:00,2026-08-16 00:00:00+00:00,0,2,IAM00000751; IAM00018718,IAM,60,0.73,75.0,SINGLE_SOURCE_ONLY; IDENTICAL_TIMESTAMP_WINDOW
SEQ-USR-1120,EMP10685,USER,AUTH_TO_ENDPOINT_ALERT,2026-08-07 00:00:00+00:00,2026-08-07 00:00:00+00:00,0,2,EPA00003480; IAM00007385,IAM; Endpoint,60,0.88,100.0,IDENTICAL_TIMESTAMP_WINDOW
SEQ-USR-1121,EMP10693,USER,AUTH_TO_ENDPOINT_ALERT,2026-08-26 17:22:20+00:00,2026-08-26 18:20:00+00:00,3460,2,EPA00004811; IAM00004558,IAM; Endpoint,60,0.88,100.0,NONE_OBSERVED
SEQ-USR-1122,EMP10695,USER,GENERAL_ACTIVITY_SEQUENCE,2026-08-20 00:00:00+00:00,2026-08-20 00:00:00+00:00,0,2,EPA00003035; EPA00003851,Endpoint,60,0.73,75.0,SINGLE_SOURCE_ONLY; IDENTICAL_TIMESTAMP_WINDOW
SEQ-USR-1123,EMP10699,USER,AUTH_TO_ENDPOINT_ALERT,2026-09-08 22:10:21+00:00,2026-09-08 23:06:14+00:00,3353,2,IAM00014839; EPA00000224,IAM; Endpoint,60,0.88,100.0,NONE_OBSERVED
SEQ-USR-1124,EMP10727,USER,AUTH_TO_ENDPOINT_ALERT,2026-08-21 14:05:39+00:00,2026-08-21 15:00:17+00:00,3278,2,EPA00002334; IAM00019321,IAM; Endpoint,60,0.88,100.0,NONE_OBSERVED
SEQ-USR-1125,EMP10727,USER,GENERAL_ACTIVITY_SEQUENCE,2026-08-25 00:00:00+00:00,2026-08-25 00:00:00+00:00,0,2,IAM00000350; IAM00004710,IAM,60,0.73,75.0,SINGLE_SOURCE_ONLY; IDENTICAL_TIMESTAMP_WINDOW
SEQ-USR-1126,EMP10727,USER,GENERAL_ACTIVITY_SEQUENCE,2026-08-31 00:00:00+00:00,2026-08-31 00:19:49+00:00,1189,2,IAM00010034; IAM00004515,IAM,60,0.73,75.0,SINGLE_SOURCE_ONLY
SEQ-USR-1127,EMP10727,USER,GENERAL_ACTIVITY_SEQUENCE,2026-09-07 23:40:52+00:00,2026-09-08 00:32:23+00:00,3091,2,IAM00011421; IAM00005327,IAM,60,0.73,75.0,SINGLE_SOURCE_ONLY
SEQ-USR-1128,EMP10746,USER,GENERAL_ACTIVITY_SEQUENCE,2026-03-09 00:00:00+00:00,2026-03-09 00:00:00+00:00,0,2,IAM00004357; IAM00009956,IAM,60,0.73,75.0,SINGLE_SOURCE_ONLY; IDENTICAL_TIMESTAMP_WINDOW
SEQ-USR-1129,EMP10746,USER,GENERAL_ACTIVITY_SEQUENCE,2026-08-04 09:31:34+00:00,2026-08-04 10:13:29+00:00,2515,2,IAM00000550; IAM00018125,IAM,60,0.73,75.0,SINGLE_SOURCE_ONLY
SEQ-USR-1130,EMP10746,USER,GENERAL_ACTIVITY_SEQUENCE,2026-08-04 23:19:28+00:00,2026-08-05 00:00:00+00:00,2432,2,IAM00013545; IAM00010013,IAM,60,0.73,75.0,SINGLE_SOURCE_ONLY
SEQ-USR-1131,EMP10746,USER,GENERAL_ACTIVITY_SEQUENCE,2026-08-17 00:00:00+00:00,2026-08-17 00:00:00+00:00,0,2,IAM00004365; IAM00006770,IAM,60,0.73,75.0,SINGLE_SOURCE_ONLY; IDENTICAL_TIMESTAMP_WINDOW
SEQ-USR-1132,EMP10746,USER,GENERAL_ACTIVITY_SEQUENCE,2026-08-18 23:10:00+00:00,2026-08-19 00:00:00+00:00,3000,2,IAM00011277; IAM00002236,IAM,60,0.73,75.0,SINGLE_SOURCE_ONLY
SEQ-USR-1133,EMP10746,USER,GENERAL_ACTIVITY_SEQUENCE,2026-08-21 12:23:37+00:00,2026-08-21 12:56:34+00:00,1977,2,IAM00016129; IAM00018260,IAM,60,0.73,75.0,SINGLE_SOURCE_ONLY
SEQ-USR-1134,EMP10754,USER,AUTH_TO_ENDPOINT_ALERT,2026-08-16 23:00:03+00:00,2026-08-17 00:00:00+00:00,3597,2,EPA00004769; IAM00011025,IAM; Endpoint,60,0.88,100.0,NONE_OBSERVED
SEQ-USR-1135,EMP10772,USER,GENERAL_ACTIVITY_SEQUENCE,2026-08-18 05:37:52+00:00,2026-08-18 06:10:42+00:00,1970,2,IAM00004814; IAM00012420,IAM,60,0.73,75.0,SINGLE_SOURCE_ONLY
SEQ-USR-1136,EMP10772,USER,GENERAL_ACTIVITY_SEQUENCE,2026-08-19 20:48:00+00:00,2026-08-19 21:29:23+00:00,2483,2,IAM00002335; IAM00001105,IAM,60,0.73,75.0,SINGLE_SOURCE_ONLY
SEQ-USR-1137,EMP10772,USER,GENERAL_ACTIVITY_SEQUENCE,2026-08-22 04:57:13+00:00,2026-08-22 05:52:00+00:00,3287,2,IAM00005476; IAM00002183,IAM,60,0.73,75.0,SINGLE_SOURCE_ONLY
SEQ-USR-1138,EMP10772,USER,GENERAL_ACTIVITY_SEQUENCE,2026-08-30 00:00:00+00:00,2026-08-30 00:00:00+00:00,0,2,IAM00005331; IAM00017694,IAM,60,0.73,75.0,SINGLE_SOURCE_ONLY; IDENTICAL_TIMESTAMP_WINDOW
SEQ-USR-1139,EMP10772,USER,GENERAL_ACTIVITY_SEQUENCE,2026-09-02 04:52:07+00:00,2026-09-02 05:51:49+00:00,3582,2,IAM00011312; IAM00009151,IAM,60,0.73,75.0,SINGLE_SOURCE_ONLY
SEQ-USR-1140,EMP10781,USER,GENERAL_ACTIVITY_SEQUENCE,2026-09-02 04:18:50+00:00,2026-09-02 05:15:57+00:00,3427,2,IAM00003050; IAM00000527,IAM,60,0.73,75.0,SINGLE_SOURCE_ONLY
SEQ-USR-1141,EMP10784,USER,AUTH_TO_ENDPOINT_ALERT,2026-08-14 00:32:28+00:00,2026-08-14 01:11:00+00:00,2312,2,EPA00004610; IAM00010685,IAM; Endpoint,60,0.88,100.0,NONE_OBSERVED
SEQ-USR-1142,EMP10824,USER,GENERAL_ACTIVITY_SEQUENCE,2026-09-07 14:16:23+00:00,2026-09-07 15:02:27+00:00,2764,2,IAM00000685; IAM00016574,IAM,60,0.73,75.0,SINGLE_SOURCE_ONLY
SEQ-USR-1143,EMP10825,USER,AUTH_TO_ENDPOINT_ALERT,2026-08-06 07:20:11+00:00,2026-08-06 08:10:22+00:00,3011,2,IAM00001078; EPA00000769,IAM; Endpoint,60,0.88,100.0,NONE_OBSERVED
SEQ-USR-1144,EMP10849,USER,AUTH_TO_ENDPOINT_ALERT,2026-08-09 18:06:22+00:00,2026-08-09 18:49:22+00:00,2580,2,EPA00005594; IAM00006172,IAM; Endpoint,60,0.88,100.0,NONE_OBSERVED
SEQ-USR-1145,EMP10862,USER,GENERAL_ACTIVITY_SEQUENCE,2026-08-16 10:59:37+00:00,2026-08-16 11:34:37+00:00,2100,2,IAM00015805; IAM00009769,IAM,60,0.73,75.0,SINGLE_SOURCE_ONLY
SEQ-USR-1146,EMP10875,USER,GENERAL_ACTIVITY_SEQUENCE,2026-08-17 12:21:05+00:00,2026-08-17 13:21:00+00:00,3595,2,IAM00007651; IAM00008219,IAM,60,0.73,75.0,SINGLE_SOURCE_ONLY
SEQ-USR-1147,EMP10881,USER,AUTH_TO_ENDPOINT_ALERT,2026-08-04 00:23:05+00:00,2026-08-04 00:59:39+00:00,2194,2,IAM00000763; EPA00006008,IAM; Endpoint,60,0.88,100.0,NONE_OBSERVED
SEQ-USR-1148,EMP10888,USER,GENERAL_ACTIVITY_SEQUENCE,2026-08-22 00:00:00+00:00,2026-08-22 00:00:00+00:00,0,2,IAM00014793; IAM00018226,IAM,60,0.73,75.0,SINGLE_SOURCE_ONLY; IDENTICAL_TIMESTAMP_WINDOW
SEQ-USR-1149,EMP10900,USER,GENERAL_ACTIVITY_SEQUENCE,2026-08-04 23:04:07+00:00,2026-08-05 00:00:00+00:00,3353,2,IAM00018364; IAM00000409,IAM,60,0.73,75.0,SINGLE_SOURCE_ONLY
SEQ-USR-1150,EMP10900,USER,GENERAL_ACTIVITY_SEQUENCE,2026-08-06 00:00:00+00:00,2026-08-06 00:00:00+00:00,0,2,IAM00003330; IAM00012567,IAM,60,0.73,75.0,SINGLE_SOURCE_ONLY; IDENTICAL_TIMESTAMP_WINDOW
SEQ-USR-1151,EMP10900,USER,GENERAL_ACTIVITY_SEQUENCE,2026-08-23 00:00:00+00:00,2026-08-23 00:28:49+00:00,1729,2,IAM00013770; IAM00013689,IAM,60,0.73,75.0,SINGLE_SOURCE_ONLY
SEQ-USR-1152,EMP10900,USER,GENERAL_ACTIVITY_SEQUENCE,2026-09-03 00:00:00+00:00,2026-09-03 00:00:00+00:00,0,2,IAM00003329; IAM00009794,IAM,60,0.73,75.0,SINGLE_SOURCE_ONLY; IDENTICAL_TIMESTAMP_WINDOW
SEQ-USR-1153,EMP10911,USER,GENERAL_ACTIVITY_SEQUENCE,2026-08-07 23:04:24+00:00,2026-08-08 00:00:00+00:00,3336,2,IAM00015888; IAM00011376,IAM,60,0.73,75.0,SINGLE_SOURCE_ONLY
SEQ-USR-1154,EMP10912,USER,AUTH_TO_ENDPOINT_ALERT,2026-08-02 00:00:00+00:00,2026-08-02 00:00:00+00:00,0,2,EPA00004669; IAM00011430,IAM; Endpoint,60,0.88,100.0,IDENTICAL_TIMESTAMP_WINDOW
SEQ-USR-1155,EMP10912,USER,AUTH_TO_ENDPOINT_ALERT,2026-08-04 23:36:09+00:00,2026-08-05 00:00:00+00:00,1431,2,IAM00018372; EPA00003262,IAM; Endpoint,60,0.88,100.0,NONE_OBSERVED
SEQ-USR-1156,EMP10912,USER,GENERAL_ACTIVITY_SEQUENCE,2026-08-07 14:18:46+00:00,2026-08-07 14:35:58+00:00,1032,2,IAM00004835; IAM00016342,IAM,60,0.73,75.0,SINGLE_SOURCE_ONLY
SEQ-USR-1157,EMP10912,USER,GENERAL_ACTIVITY_SEQUENCE,2026-08-22 13:52:13+00:00,2026-08-22 14:02:24+00:00,611,2,IAM00014108; IAM00003749,IAM,60,0.73,75.0,SINGLE_SOURCE_ONLY
SEQ-USR-1158,EMP10914,USER,AUTH_TO_ENDPOINT_ALERT,2026-08-27 00:00:00+00:00,2026-08-27 00:00:00+00:00,0,2,EPA00005312; IAM00019970,IAM; Endpoint,60,0.88,100.0,IDENTICAL_TIMESTAMP_WINDOW
SEQ-USR-1159,EMP10939,USER,AUTH_TO_ENDPOINT_ALERT,2026-08-30 00:00:00+00:00,2026-08-30 00:00:00+00:00,0,2,EPA00002981; IAM00005503,IAM; Endpoint,60,0.88,100.0,IDENTICAL_TIMESTAMP_WINDOW
SEQ-USR-1160,EMP10985,USER,GENERAL_ACTIVITY_SEQUENCE,2026-08-08 00:00:00+00:00,2026-08-08 00:00:00+00:00,0,2,IAM00012756; IAM00015816,IAM,60,0.73,75.0,SINGLE_SOURCE_ONLY; IDENTICAL_TIMESTAMP_WINDOW
SEQ-USR-1161,EMP10992,USER,GENERAL_ACTIVITY_SEQUENCE,2026-08-08 21:21:35+00:00,2026-08-08 21:27:22+00:00,347,2,IAM00004906; IAM00016842,IAM,60,0.73,75.0,SINGLE_SOURCE_ONLY
SEQ-USR-1162,EMP11001,USER,GENERAL_ACTIVITY_SEQUENCE,2026-08-08 20:33:14+00:00,2026-08-08 21:05:57+00:00,1963,2,IAM00017300; IAM00007973,IAM,60,0.73,75.0,SINGLE_SOURCE_ONLY
SEQ-USR-1163,EMP11001,USER,GENERAL_ACTIVITY_SEQUENCE,2026-08-13 00:00:00+00:00,2026-08-13 00:00:00+00:00,0,2,IAM00001177; IAM00015630,IAM,60,0.73,75.0,SINGLE_SOURCE_ONLY; IDENTICAL_TIMESTAMP_WINDOW
SEQ-USR-1164,EMP11001,USER,GENERAL_ACTIVITY_SEQUENCE,2026-08-23 00:00:00+00:00,2026-08-23 00:35:45+00:00,2145,2,IAM00011568; IAM00016195,IAM,60,0.73,75.0,SINGLE_SOURCE_ONLY
SEQ-USR-1165,EMP11001,USER,GENERAL_ACTIVITY_SEQUENCE,2026-08-25 00:00:00+00:00,2026-08-25 00:00:00+00:00,0,2,IAM00004478; IAM00014779,IAM,60,0.73,75.0,SINGLE_SOURCE_ONLY; IDENTICAL_TIMESTAMP_WINDOW
SEQ-USR-1166,EMP11001,USER,GENERAL_ACTIVITY_SEQUENCE,2026-08-26 14:09:00+00:00,2026-08-26 14:42:42+00:00,2022,2,IAM00005347; IAM00016398,IAM,60,0.73,75.0,SINGLE_SOURCE_ONLY
SEQ-USR-1167,EMP11001,USER,GENERAL_ACTIVITY_SEQUENCE,2026-08-28 18:35:27+00:00,2026-08-28 19:18:57+00:00,2610,2,IAM00012051; IAM00016120,IAM,60,0.73,75.0,SINGLE_SOURCE_ONLY
SEQ-USR-1168,EMP11001,USER,GENERAL_ACTIVITY_SEQUENCE,2026-08-31 09:55:00+00:00,2026-08-31 10:42:15+00:00,2835,2,IAM00008824; IAM00009504,IAM,60,0.73,75.0,SINGLE_SOURCE_ONLY
SEQ-USR-1169,EMP11001,USER,GENERAL_ACTIVITY_SEQUENCE,2026-09-08 23:01:00+00:00,2026-09-09 00:00:00+00:00,3540,2,IAM00004238; IAM00013662,IAM,60,0.73,75.0,SINGLE_SOURCE_ONLY
SEQ-USR-1170,EMP11005,USER,GENERAL_ACTIVITY_SEQUENCE,2026-06-09 00:00:00+00:00,2026-06-09 00:00:00+00:00,0,2,IAM00005494; IAM00010691,IAM,60,0.73,75.0,SINGLE_SOURCE_ONLY; IDENTICAL_TIMESTAMP_WINDOW
SEQ-USR-1171,EMP11005,USER,GENERAL_ACTIVITY_SEQUENCE,2026-08-28 00:40:14+00:00,2026-08-28 00:53:34+00:00,800,2,IAM00016479; IAM00008765,IAM,60,0.73,75.0,SINGLE_SOURCE_ONLY
SEQ-USR-1172,EMP11005,USER,GENERAL_ACTIVITY_SEQUENCE,2026-09-02 14:58:22+00:00,2026-09-02 15:40:52+00:00,2550,2,IAM00013646; IAM00008001,IAM,60,0.73,75.0,SINGLE_SOURCE_ONLY
SEQ-USR-1173,EMP11006,USER,AUTH_TO_ENDPOINT_ALERT,2026-08-28 00:00:00+00:00,2026-08-28 00:00:00+00:00,0,2,EPA00001364; IAM00002327,IAM; Endpoint,60,0.88,100.0,IDENTICAL_TIMESTAMP_WINDOW
SEQ-USR-1174,EMP11007,USER,AUTH_TO_ENDPOINT_ALERT,2026-08-21 23:31:44+00:00,2026-08-22 00:00:00+00:00,1696,2,EPA00006324; IAM00003723,IAM; Endpoint,60,0.88,100.0,NONE_OBSERVED
SEQ-USR-1175,EMP11026,USER,GENERAL_ACTIVITY_SEQUENCE,2026-03-09 00:00:00+00:00,2026-03-09 00:00:00+00:00,0,2,IAM00011167; IAM00019786,IAM,60,0.73,75.0,SINGLE_SOURCE_ONLY; IDENTICAL_TIMESTAMP_WINDOW
SEQ-USR-1176,EMP11039,USER,GENERAL_ACTIVITY_SEQUENCE,2026-08-28 13:50:05+00:00,2026-08-28 14:16:00+00:00,1555,2,IAM00001517; IAM00016545,IAM,60,0.73,75.0,SINGLE_SOURCE_ONLY
SEQ-USR-1177,EMP11059,USER,AUTH_TO_ENDPOINT_ALERT,2026-09-08 08:58:42+00:00,2026-09-08 09:26:00+00:00,1638,2,IAM00015785; EPA00000722,IAM; Endpoint,60,0.88,100.0,NONE_OBSERVED
SEQ-USR-1178,EMP11061,USER,AUTH_TO_ENDPOINT_ALERT,2026-08-15 06:30:11+00:00,2026-08-15 06:53:55+00:00,1424,2,EPA00001389; IAM00004992,IAM; Endpoint,60,0.88,100.0,NONE_OBSERVED
SEQ-USR-1179,EMP11067,USER,GENERAL_ACTIVITY_SEQUENCE,2026-08-02 00:00:00+00:00,2026-08-02 00:00:00+00:00,0,2,EPA00003161; EPA00007784,Endpoint,60,0.73,75.0,SINGLE_SOURCE_ONLY; IDENTICAL_TIMESTAMP_WINDOW
SEQ-USR-1180,EMP11073,USER,GENERAL_ACTIVITY_SEQUENCE,2026-08-10 22:38:36+00:00,2026-08-10 23:22:46+00:00,2650,2,IAM00007606; IAM00012077,IAM,60,0.73,75.0,SINGLE_SOURCE_ONLY
SEQ-USR-1181,EMP11073,USER,GENERAL_ACTIVITY_SEQUENCE,2026-08-13 00:00:00+00:00,2026-08-13 00:38:55+00:00,2335,2,IAM00008015; IAM00001703,IAM,60,0.73,75.0,SINGLE_SOURCE_ONLY
SEQ-USR-1182,EMP11073,USER,GENERAL_ACTIVITY_SEQUENCE,2026-08-19 00:07:01+00:00,2026-08-19 00:21:41+00:00,880,2,IAM00007795; IAM00011086,IAM,60,0.73,75.0,SINGLE_SOURCE_ONLY
SEQ-USR-1183,EMP11073,USER,GENERAL_ACTIVITY_SEQUENCE,2026-09-01 09:47:29+00:00,2026-09-01 10:24:26+00:00,2217,4,IAM00014963; IAM00009458; IAM00011062; IAM00013188,IAM,60,0.81,100.0,SINGLE_SOURCE_ONLY
SEQ-USR-1184,EMP11073,USER,GENERAL_ACTIVITY_SEQUENCE,2026-09-03 09:20:11+00:00,2026-09-03 09:26:25+00:00,374,2,IAM00014349; IAM00009298,IAM,60,0.73,75.0,SINGLE_SOURCE_ONLY
SEQ-USR-1185,EMP11073,USER,GENERAL_ACTIVITY_SEQUENCE,2026-09-09 06:50:00+00:00,2026-09-09 06:57:47+00:00,467,2,IAM00002660; IAM00012414,IAM,60,0.73,75.0,SINGLE_SOURCE_ONLY
SEQ-USR-1186,EMP11081,USER,GENERAL_ACTIVITY_SEQUENCE,2026-08-13 14:01:35+00:00,2026-08-13 14:20:00+00:00,1105,2,IAM00009483; IAM00013030,IAM,60,0.73,75.0,SINGLE_SOURCE_ONLY
SEQ-USR-1187,EMP11090,USER,GENERAL_ACTIVITY_SEQUENCE,2026-06-09 00:00:00+00:00,2026-06-09 00:00:00+00:00,0,2,IAM00011956; IAM00013144,IAM,60,0.73,75.0,SINGLE_SOURCE_ONLY; IDENTICAL_TIMESTAMP_WINDOW
SEQ-USR-1188,EMP11090,USER,AUTH_TO_ENDPOINT_ALERT,2026-08-03 00:00:00+00:00,2026-08-03 00:00:00+00:00,0,2,EPA00007563; IAM00014570,IAM; Endpoint,60,0.88,100.0,IDENTICAL_TIMESTAMP_WINDOW
SEQ-USR-1189,EMP11090,USER,GENERAL_ACTIVITY_SEQUENCE,2026-08-05 22:25:07+00:00,2026-08-05 22:51:04+00:00,1557,2,IAM00002498; IAM00012034,IAM,60,0.73,75.0,SINGLE_SOURCE_ONLY
SEQ-USR-1190,EMP11090,USER,GENERAL_ACTIVITY_SEQUENCE,2026-08-26 11:58:00+00:00,2026-08-26 12:13:00+00:00,900,2,IAM00017003; IAM00000589,IAM,60,0.73,75.0,SINGLE_SOURCE_ONLY
SEQ-USR-1191,EMP11117,USER,GENERAL_ACTIVITY_SEQUENCE,2026-01-09 00:00:00+00:00,2026-01-09 00:00:00+00:00,0,2,IAM00004700; IAM00008476,IAM,60,0.73,75.0,SINGLE_SOURCE_ONLY; IDENTICAL_TIMESTAMP_WINDOW
SEQ-USR-1192,EMP11117,USER,GENERAL_ACTIVITY_SEQUENCE,2026-08-01 18:06:48+00:00,2026-08-01 19:00:44+00:00,3236,2,IAM00019249; IAM00005308,IAM,60,0.73,75.0,SINGLE_SOURCE_ONLY
SEQ-USR-1193,EMP11117,USER,AUTH_TO_ENDPOINT_ALERT,2026-08-06 13:25:11+00:00,2026-08-06 13:30:27+00:00,316,2,EPA00006075; IAM00004668,IAM; Endpoint,60,0.88,100.0,NONE_OBSERVED
SEQ-USR-1194,EMP11117,USER,GENERAL_ACTIVITY_SEQUENCE,2026-08-13 23:33:39+00:00,2026-08-14 00:00:00+00:00,1581,2,IAM00008051; IAM00006537,IAM,60,0.73,75.0,SINGLE_SOURCE_ONLY
SEQ-USR-1195,EMP11117,USER,GENERAL_ACTIVITY_SEQUENCE,2026-08-16 00:00:00+00:00,2026-08-16 00:00:00+00:00,0,2,IAM00004113; IAM00011943,IAM,60,0.73,75.0,SINGLE_SOURCE_ONLY; IDENTICAL_TIMESTAMP_WINDOW
SEQ-USR-1196,EMP11117,USER,GENERAL_ACTIVITY_SEQUENCE,2026-08-24 16:23:39+00:00,2026-08-24 16:57:31+00:00,2032,2,IAM00016588; IAM00005388,IAM,60,0.73,75.0,SINGLE_SOURCE_ONLY
SEQ-USR-1197,EMP11117,USER,GENERAL_ACTIVITY_SEQUENCE,2026-08-30 01:31:20+00:00,2026-08-30 02:16:13+00:00,2693,2,IAM00010057; IAM00007268,IAM,60,0.73,75.0,SINGLE_SOURCE_ONLY
SEQ-USR-1198,EMP11121,USER,AUTH_TO_ENDPOINT_ALERT,2026-08-17 00:00:00+00:00,2026-08-17 00:38:35+00:00,2315,2,IAM00011789; EPA00004780,IAM; Endpoint,60,0.88,100.0,NONE_OBSERVED
SEQ-USR-1199,EMP11123,USER,AUTH_TO_ENDPOINT_ALERT,2026-08-14 00:57:55+00:00,2026-08-14 01:26:55+00:00,1740,2,EPA00006759; IAM00011770,IAM; Endpoint,60,0.88,100.0,NONE_OBSERVED
SEQ-USR-1200,EMP11138,USER,GENERAL_ACTIVITY_SEQUENCE,2026-08-21 00:00:00+00:00,2026-08-21 00:00:00+00:00,0,2,IAM00006525; IAM00017076,IAM,60,0.73,75.0,SINGLE_SOURCE_ONLY; IDENTICAL_TIMESTAMP_WINDOW
SEQ-USR-1201,EMP11170,USER,GENERAL_ACTIVITY_SEQUENCE,2026-08-08 03:24:18+00:00,2026-08-08 03:39:00+00:00,882,2,IAM00011994; IAM00014658,IAM,60,0.73,75.0,SINGLE_SOURCE_ONLY
SEQ-USR-1202,EMP11190,USER,GENERAL_ACTIVITY_SEQUENCE,2026-08-09 00:00:00+00:00,2026-08-09 00:00:00+00:00,0,2,IAM00013260; IAM00017918,IAM,60,0.73,75.0,SINGLE_SOURCE_ONLY; IDENTICAL_TIMESTAMP_WINDOW
SEQ-USR-1203,EMP11190,USER,GENERAL_ACTIVITY_SEQUENCE,2026-08-17 20:16:06+00:00,2026-08-17 21:06:41+00:00,3035,2,IAM00018254; IAM00008711,IAM,60,0.73,75.0,SINGLE_SOURCE_ONLY
SEQ-USR-1204,EMP11190,USER,GENERAL_ACTIVITY_SEQUENCE,2026-09-02 17:41:18+00:00,2026-09-02 18:34:46+00:00,3208,2,IAM00012162; IAM00004440,IAM,60,0.73,75.0,SINGLE_SOURCE_ONLY
SEQ-USR-1205,EMP11201,USER,GENERAL_ACTIVITY_SEQUENCE,2026-09-04 06:41:00+00:00,2026-09-04 06:57:25+00:00,985,2,EPA00000742; EPA00003784,Endpoint,60,0.73,75.0,SINGLE_SOURCE_ONLY
SEQ-USR-1206,EMP11205,USER,GENERAL_ACTIVITY_SEQUENCE,2026-08-03 23:45:10+00:00,2026-08-04 00:30:24+00:00,2714,2,IAM00017065; IAM00014791,IAM,60,0.73,75.0,SINGLE_SOURCE_ONLY
SEQ-USR-1207,EMP11211,USER,AUTH_TO_ENDPOINT_ALERT,2026-09-03 09:25:43+00:00,2026-09-03 09:54:15+00:00,1712,2,IAM00014102; EPA00001040,IAM; Endpoint,60,0.88,100.0,NONE_OBSERVED
SEQ-USR-1208,EMP11226,USER,GENERAL_ACTIVITY_SEQUENCE,2026-08-02 08:12:04+00:00,2026-08-02 09:08:12+00:00,3368,2,IAM00013243; IAM00019170,IAM,60,0.73,75.0,SINGLE_SOURCE_ONLY
SEQ-USR-1209,EMP11226,USER,GENERAL_ACTIVITY_SEQUENCE,2026-08-25 06:21:49+00:00,2026-08-25 06:58:49+00:00,2220,2,IAM00002220; IAM00016581,IAM,60,0.73,75.0,SINGLE_SOURCE_ONLY
SEQ-USR-1210,EMP11226,USER,GENERAL_ACTIVITY_SEQUENCE,2026-09-06 20:12:30+00:00,2026-09-06 20:44:38+00:00,1928,2,IAM00016241; IAM00002900,IAM,60,0.73,75.0,SINGLE_SOURCE_ONLY
SEQ-USR-1211,EMP11241,USER,AUTH_TO_ENDPOINT_ALERT,2026-08-11 00:00:00+00:00,2026-08-11 00:00:00+00:00,0,2,EPA00006980; IAM00013914,IAM; Endpoint,60,0.88,100.0,IDENTICAL_TIMESTAMP_WINDOW
SEQ-USR-1212,EMP11241,USER,GENERAL_ACTIVITY_SEQUENCE,2026-08-13 00:19:00+00:00,2026-08-13 00:31:39+00:00,759,2,IAM00006438; IAM00007599,IAM,60,0.73,75.0,SINGLE_SOURCE_ONLY
SEQ-USR-1213,EMP11241,USER,AUTH_TO_ENDPOINT_ALERT,2026-08-25 23:40:29+00:00,2026-08-26 00:00:00+00:00,1171,2,EPA00000738; IAM00014172,IAM; Endpoint,60,0.88,100.0,NONE_OBSERVED
SEQ-USR-1214,EMP11241,USER,GENERAL_ACTIVITY_SEQUENCE,2026-09-08 00:00:00+00:00,2026-09-08 00:00:00+00:00,0,2,IAM00011573; IAM00016938,IAM,60,0.73,75.0,SINGLE_SOURCE_ONLY; IDENTICAL_TIMESTAMP_WINDOW
SEQ-USR-1215,EMP11249,USER,GENERAL_ACTIVITY_SEQUENCE,2026-08-26 22:28:39+00:00,2026-08-26 22:40:56+00:00,737,2,IAM00003082; IAM00005783,IAM,60,0.73,75.0,SINGLE_SOURCE_ONLY
SEQ-USR-1216,EMP11267,USER,GENERAL_ACTIVITY_SEQUENCE,2026-08-11 01:12:21+00:00,2026-08-11 01:51:26+00:00,2345,2,IAM00008577; IAM00013563,IAM,60,0.73,75.0,SINGLE_SOURCE_ONLY
SEQ-USR-1217,EMP11272,USER,AUTH_TO_ENDPOINT_ALERT,2026-08-28 06:11:41+00:00,2026-08-28 06:16:40+00:00,299,2,IAM00002537; EPA00001543,IAM; Endpoint,60,0.88,100.0,NONE_OBSERVED
SEQ-USR-1218,EMP11298,USER,GENERAL_ACTIVITY_SEQUENCE,2026-08-03 00:00:00+00:00,2026-08-03 00:09:50+00:00,590,2,IAM00012901; IAM00016931,IAM,60,0.73,75.0,SINGLE_SOURCE_ONLY
SEQ-USR-1219,EMP11298,USER,GENERAL_ACTIVITY_SEQUENCE,2026-08-13 23:24:07+00:00,2026-08-14 00:00:00+00:00,2153,2,IAM00007272; IAM00018586,IAM,60,0.73,75.0,SINGLE_SOURCE_ONLY
SEQ-USR-1220,EMP11298,USER,GENERAL_ACTIVITY_SEQUENCE,2026-08-23 20:09:53+00:00,2026-08-23 21:08:56+00:00,3543,2,IAM00012810; IAM00011913,IAM,60,0.73,75.0,SINGLE_SOURCE_ONLY
SEQ-USR-1221,EMP11298,USER,GENERAL_ACTIVITY_SEQUENCE,2026-08-25 11:58:57+00:00,2026-08-25 12:15:21+00:00,984,2,IAM00012008; IAM00010490,IAM,60,0.73,75.0,SINGLE_SOURCE_ONLY
SEQ-USR-1222,EMP11298,USER,GENERAL_ACTIVITY_SEQUENCE,2026-08-29 01:13:23+00:00,2026-08-29 01:33:08+00:00,1185,2,IAM00005116; IAM00006188,IAM,60,0.73,75.0,SINGLE_SOURCE_ONLY
SEQ-USR-1223,EMP11313,USER,GENERAL_ACTIVITY_SEQUENCE,2026-08-25 09:47:07+00:00,2026-08-25 10:13:48+00:00,1601,2,EPA00003785; EPA00006294,Endpoint,60,0.73,75.0,SINGLE_SOURCE_ONLY
SEQ-USR-1224,EMP11322,USER,GENERAL_ACTIVITY_SEQUENCE,2026-08-05 00:00:00+00:00,2026-08-05 00:16:24+00:00,984,2,EPA00000604; EPA00004968,Endpoint,60,0.73,75.0,SINGLE_SOURCE_ONLY
SEQ-USR-1225,EMP11357,USER,GENERAL_ACTIVITY_SEQUENCE,2026-08-01 00:00:00+00:00,2026-08-01 00:16:51+00:00,1011,2,IAM00014139; IAM00004304,IAM,60,0.73,75.0,SINGLE_SOURCE_ONLY
SEQ-USR-1226,EMP11357,USER,GENERAL_ACTIVITY_SEQUENCE,2026-08-07 04:40:52+00:00,2026-08-07 05:27:36+00:00,2804,2,IAM00000003; IAM00016673,IAM,60,0.73,75.0,SINGLE_SOURCE_ONLY
SEQ-USR-1227,EMP11357,USER,GENERAL_ACTIVITY_SEQUENCE,2026-08-15 00:00:00+00:00,2026-08-15 00:00:00+00:00,0,2,IAM00008458; IAM00019718,IAM,60,0.73,75.0,SINGLE_SOURCE_ONLY; IDENTICAL_TIMESTAMP_WINDOW
SEQ-USR-1228,EMP11359,USER,GENERAL_ACTIVITY_SEQUENCE,2026-08-02 17:35:57+00:00,2026-08-02 18:04:20+00:00,1703,2,IAM00016384; IAM00018106,IAM,60,0.73,75.0,SINGLE_SOURCE_ONLY
SEQ-USR-1229,EMP11359,USER,GENERAL_ACTIVITY_SEQUENCE,2026-08-05 23:12:06+00:00,2026-08-06 00:00:00+00:00,2874,2,IAM00000218; IAM00010117,IAM,60,0.73,75.0,SINGLE_SOURCE_ONLY
SEQ-USR-1230,EMP11359,USER,GENERAL_ACTIVITY_SEQUENCE,2026-08-08 00:00:00+00:00,2026-08-08 00:00:00+00:00,0,2,IAM00003622; IAM00016323,IAM,60,0.73,75.0,SINGLE_SOURCE_ONLY; IDENTICAL_TIMESTAMP_WINDOW
SEQ-USR-1231,EMP11359,USER,GENERAL_ACTIVITY_SEQUENCE,2026-08-11 02:33:44+00:00,2026-08-11 02:38:25+00:00,281,2,IAM00009992; IAM00001159,IAM,60,0.73,75.0,SINGLE_SOURCE_ONLY
SEQ-USR-1232,EMP11359,USER,GENERAL_ACTIVITY_SEQUENCE,2026-08-13 01:29:00+00:00,2026-08-13 01:31:27+00:00,147,2,IAM00015695; IAM00005068,IAM,60,0.73,75.0,SINGLE_SOURCE_ONLY
SEQ-USR-1233,EMP11359,USER,GENERAL_ACTIVITY_SEQUENCE,2026-08-27 04:43:33+00:00,2026-08-27 04:57:00+00:00,807,2,IAM00019039; IAM00004316,IAM,60,0.73,75.0,SINGLE_SOURCE_ONLY
SEQ-USR-1234,EMP11360,USER,GENERAL_ACTIVITY_SEQUENCE,2026-08-06 11:58:36+00:00,2026-08-06 12:36:42+00:00,2286,2,IAM00012087; IAM00001441,IAM,60,0.73,75.0,SINGLE_SOURCE_ONLY
SEQ-USR-1235,EMP11360,USER,GENERAL_ACTIVITY_SEQUENCE,2026-08-24 19:47:38+00:00,2026-08-24 20:25:48+00:00,2290,2,IAM00006747; IAM00015962,IAM,60,0.73,75.0,SINGLE_SOURCE_ONLY
SEQ-USR-1236,EMP11360,USER,GENERAL_ACTIVITY_SEQUENCE,2026-08-30 00:00:00+00:00,2026-08-30 00:00:00+00:00,0,2,IAM00002677; IAM00015781,IAM,60,0.73,75.0,SINGLE_SOURCE_ONLY; IDENTICAL_TIMESTAMP_WINDOW
SEQ-USR-1237,EMP11360,USER,GENERAL_ACTIVITY_SEQUENCE,2026-09-05 13:59:58+00:00,2026-09-05 14:30:54+00:00,1856,2,IAM00005843; IAM00019328,IAM,60,0.73,75.0,SINGLE_SOURCE_ONLY
SEQ-USR-1238,EMP11361,USER,AUTH_TO_ENDPOINT_ALERT,2026-08-08 23:36:44+00:00,2026-08-09 00:00:00+00:00,1396,2,EPA00003361; IAM00002473,IAM; Endpoint,60,0.88,100.0,NONE_OBSERVED
SEQ-USR-1239,EMP11365,USER,AUTH_TO_ENDPOINT_ALERT,2026-09-05 00:00:00+00:00,2026-09-05 00:00:00+00:00,0,2,EPA00005835; IAM00012678,IAM; Endpoint,60,0.88,100.0,IDENTICAL_TIMESTAMP_WINDOW
SEQ-USR-1240,EMP11378,USER,GENERAL_ACTIVITY_SEQUENCE,2026-08-18 23:01:50+00:00,2026-08-18 23:33:28+00:00,1898,2,IAM00016536; IAM00000640,IAM,60,0.73,75.0,SINGLE_SOURCE_ONLY
SEQ-USR-1241,EMP11381,USER,AUTH_TO_ENDPOINT_ALERT,2026-08-30 05:43:00+00:00,2026-08-30 05:51:28+00:00,508,2,EPA00001647; IAM00013574,IAM; Endpoint,60,0.88,100.0,NONE_OBSERVED
SEQ-USR-1242,EMP11390,USER,GENERAL_ACTIVITY_SEQUENCE,2026-08-24 00:00:00+00:00,2026-08-24 00:00:00+00:00,0,2,IAM00006223; IAM00016650,IAM,60,0.73,75.0,SINGLE_SOURCE_ONLY; IDENTICAL_TIMESTAMP_WINDOW
SEQ-USR-1243,EMP11393,USER,GENERAL_ACTIVITY_SEQUENCE,2026-08-16 12:28:39+00:00,2026-08-16 12:44:50+00:00,971,2,IAM00008678; IAM00006586,IAM,60,0.73,75.0,SINGLE_SOURCE_ONLY
SEQ-USR-1244,EMP11411,USER,GENERAL_ACTIVITY_SEQUENCE,2026-08-12 16:25:41+00:00,2026-08-12 17:09:25+00:00,2624,3,IAM00013741; IAM00017967; IAM00012992,IAM,60,0.77,90.0,SINGLE_SOURCE_ONLY
SEQ-USR-1245,EMP11411,USER,AUTH_TO_ENDPOINT_ALERT,2026-08-13 00:00:00+00:00,2026-08-13 00:34:00+00:00,2040,3,IAM00003720; IAM00005340; EPA00001579,IAM; Endpoint,60,0.92,100.0,NONE_OBSERVED
SEQ-USR-1246,EMP11411,USER,GENERAL_ACTIVITY_SEQUENCE,2026-08-17 23:25:21+00:00,2026-08-18 00:00:00+00:00,2079,2,IAM00000087; IAM00014011,IAM,60,0.73,75.0,SINGLE_SOURCE_ONLY
SEQ-USR-1247,EMP11411,USER,GENERAL_ACTIVITY_SEQUENCE,2026-08-25 06:02:01+00:00,2026-08-25 06:14:26+00:00,745,2,IAM00010950; IAM00001411,IAM,60,0.73,75.0,SINGLE_SOURCE_ONLY
SEQ-USR-1248,EMP11426,USER,GENERAL_ACTIVITY_SEQUENCE,2026-08-15 00:00:00+00:00,2026-08-15 00:00:00+00:00,0,2,IAM00003943; IAM00010715,IAM,60,0.73,75.0,SINGLE_SOURCE_ONLY; IDENTICAL_TIMESTAMP_WINDOW
SEQ-USR-1249,EMP11427,USER,GENERAL_ACTIVITY_SEQUENCE,2026-08-30 23:24:00+00:00,2026-08-31 00:00:00+00:00,2160,2,IAM00017909; IAM00000804,IAM,60,0.73,75.0,SINGLE_SOURCE_ONLY
SEQ-USR-1250,EMP11440,USER,AUTH_TO_ENDPOINT_ALERT,2026-08-15 23:49:37+00:00,2026-08-16 00:00:00+00:00,623,2,EPA00000520; IAM00007786,IAM; Endpoint,60,0.88,100.0,NONE_OBSERVED
SEQ-USR-1251,EMP11447,USER,GENERAL_ACTIVITY_SEQUENCE,2026-09-08 00:00:00+00:00,2026-09-08 00:00:00+00:00,0,2,IAM00003860; IAM00005061,IAM,60,0.73,75.0,SINGLE_SOURCE_ONLY; IDENTICAL_TIMESTAMP_WINDOW
SEQ-USR-1252,EMP11469,USER,AUTH_TO_ENDPOINT_ALERT,2026-08-08 22:18:00+00:00,2026-08-08 23:13:55+00:00,3355,2,EPA00003924; IAM00002583,IAM; Endpoint,60,0.88,100.0,NONE_OBSERVED
SEQ-USR-1253,EMP11505,USER,GENERAL_ACTIVITY_SEQUENCE,2026-08-30 23:40:56+00:00,2026-08-31 00:00:00+00:00,1144,2,IAM00006474; IAM00003150,IAM,60,0.73,75.0,SINGLE_SOURCE_ONLY
SEQ-USR-1254,EMP11507,USER,AUTH_TO_ENDPOINT_ALERT,2026-08-22 00:00:00+00:00,2026-08-22 00:59:45+00:00,3585,2,IAM00010536; EPA00000497,IAM; Endpoint,60,0.88,100.0,NONE_OBSERVED
SEQ-USR-1255,EMP11512,USER,GENERAL_ACTIVITY_SEQUENCE,2026-08-07 19:52:09+00:00,2026-08-07 20:22:50+00:00,1841,2,IAM00015476; IAM00008910,IAM,60,0.73,75.0,SINGLE_SOURCE_ONLY
SEQ-USR-1256,EMP11520,USER,GENERAL_ACTIVITY_SEQUENCE,2026-09-04 00:26:33+00:00,2026-09-04 00:33:24+00:00,411,2,IAM00009032; IAM00014187,IAM,60,0.73,75.0,SINGLE_SOURCE_ONLY
SEQ-USR-1257,EMP11543,USER,GENERAL_ACTIVITY_SEQUENCE,2026-08-15 15:11:00+00:00,2026-08-15 15:57:00+00:00,2760,2,IAM00015330; IAM00016631,IAM,60,0.73,75.0,SINGLE_SOURCE_ONLY
SEQ-USR-1258,EMP11547,USER,GENERAL_ACTIVITY_SEQUENCE,2026-08-11 22:52:36+00:00,2026-08-11 23:43:05+00:00,3029,2,IAM00016249; IAM00010839,IAM,60,0.73,75.0,SINGLE_SOURCE_ONLY
SEQ-USR-1259,EMP11547,USER,GENERAL_ACTIVITY_SEQUENCE,2026-08-12 23:25:08+00:00,2026-08-13 00:00:00+00:00,2092,2,IAM00008390; IAM00010003,IAM,60,0.73,75.0,SINGLE_SOURCE_ONLY
SEQ-USR-1260,EMP11547,USER,GENERAL_ACTIVITY_SEQUENCE,2026-08-20 18:32:00+00:00,2026-08-20 19:25:00+00:00,3180,2,IAM00017772; IAM00015294,IAM,60,0.73,75.0,SINGLE_SOURCE_ONLY
SEQ-USR-1261,EMP11547,USER,GENERAL_ACTIVITY_SEQUENCE,2026-08-25 08:47:40+00:00,2026-08-25 09:27:16+00:00,2376,2,IAM00003402; IAM00004430,IAM,60,0.73,75.0,SINGLE_SOURCE_ONLY
SEQ-USR-1262,EMP11547,USER,GENERAL_ACTIVITY_SEQUENCE,2026-08-30 10:51:05+00:00,2026-08-30 11:20:42+00:00,1777,2,IAM00003501; IAM00001149,IAM,60,0.73,75.0,SINGLE_SOURCE_ONLY
SEQ-USR-1263,EMP11547,USER,GENERAL_ACTIVITY_SEQUENCE,2026-09-05 00:00:00+00:00,2026-09-05 00:00:00+00:00,0,2,IAM00001786; IAM00010015,IAM,60,0.73,75.0,SINGLE_SOURCE_ONLY; IDENTICAL_TIMESTAMP_WINDOW
SEQ-USR-1264,EMP11547,USER,GENERAL_ACTIVITY_SEQUENCE,2026-09-06 21:10:10+00:00,2026-09-06 21:59:44+00:00,2974,2,IAM00018712; IAM00016565,IAM,60,0.73,75.0,SINGLE_SOURCE_ONLY
SEQ-USR-1265,EMP11574,USER,GENERAL_ACTIVITY_SEQUENCE,2026-08-05 14:13:17+00:00,2026-08-05 14:27:08+00:00,831,2,IAM00002014; IAM00014777,IAM,60,0.73,75.0,SINGLE_SOURCE_ONLY
SEQ-USR-1266,EMP11583,USER,GENERAL_ACTIVITY_SEQUENCE,2026-04-08 00:00:00+00:00,2026-04-08 00:51:00+00:00,3060,2,IAM00004959; IAM00017283,IAM,60,0.73,75.0,SINGLE_SOURCE_ONLY
SEQ-USR-1267,EMP11583,USER,GENERAL_ACTIVITY_SEQUENCE,2026-08-04 00:51:07+00:00,2026-08-04 01:37:12+00:00,2765,2,IAM00014473; IAM00010943,IAM,60,0.73,75.0,SINGLE_SOURCE_ONLY
SEQ-USR-1268,EMP11583,USER,GENERAL_ACTIVITY_SEQUENCE,2026-08-28 00:04:01+00:00,2026-08-28 00:19:23+00:00,922,2,IAM00004080; IAM00014714,IAM,60,0.73,75.0,SINGLE_SOURCE_ONLY
SEQ-USR-1269,EMP11600,USER,GENERAL_ACTIVITY_SEQUENCE,2026-08-08 00:00:00+00:00,2026-08-08 00:00:00+00:00,0,2,IAM00011300; IAM00017054,IAM,60,0.73,75.0,SINGLE_SOURCE_ONLY; IDENTICAL_TIMESTAMP_WINDOW
SEQ-USR-1270,EMP11600,USER,GENERAL_ACTIVITY_SEQUENCE,2026-09-09 00:00:00+00:00,2026-09-09 00:00:00+00:00,0,2,IAM00011703; IAM00018147,IAM,60,0.73,75.0,SINGLE_SOURCE_ONLY; IDENTICAL_TIMESTAMP_WINDOW
SEQ-USR-1271,EMP11611,USER,AUTH_TO_ENDPOINT_ALERT,2026-08-12 23:39:32+00:00,2026-08-13 00:00:00+00:00,1228,2,EPA00003713; IAM00019804,IAM; Endpoint,60,0.88,100.0,NONE_OBSERVED
SEQ-USR-1272,EMP11663,USER,AUTH_TO_ENDPOINT_ALERT,2026-08-01 00:00:00+00:00,2026-08-01 00:00:00+00:00,0,2,EPA00001723; IAM00001755,IAM; Endpoint,60,0.88,100.0,IDENTICAL_TIMESTAMP_WINDOW
SEQ-USR-1273,EMP11665,USER,GENERAL_ACTIVITY_SEQUENCE,2026-08-16 00:00:00+00:00,2026-08-16 00:00:00+00:00,0,2,IAM00000802; IAM00013190,IAM,60,0.73,75.0,SINGLE_SOURCE_ONLY; IDENTICAL_TIMESTAMP_WINDOW
SEQ-USR-1274,EMP11665,USER,GENERAL_ACTIVITY_SEQUENCE,2026-08-18 13:29:31+00:00,2026-08-18 13:44:11+00:00,880,2,IAM00014582; IAM00011473,IAM,60,0.73,75.0,SINGLE_SOURCE_ONLY
SEQ-USR-1275,EMP11665,USER,GENERAL_ACTIVITY_SEQUENCE,2026-08-31 00:00:00+00:00,2026-08-31 00:00:00+00:00,0,2,IAM00001728; IAM00012953,IAM,60,0.73,75.0,SINGLE_SOURCE_ONLY; IDENTICAL_TIMESTAMP_WINDOW
SEQ-USR-1276,EMP11712,USER,GENERAL_ACTIVITY_SEQUENCE,2026-08-06 10:35:32+00:00,2026-08-06 10:58:00+00:00,1348,2,EPA00004242; EPA00004394,Endpoint,60,0.73,75.0,SINGLE_SOURCE_ONLY
SEQ-USR-1277,EMP11719,USER,GENERAL_ACTIVITY_SEQUENCE,2026-08-24 00:00:00+00:00,2026-08-24 00:00:00+00:00,0,2,IAM00005254; IAM00016446,IAM,60,0.73,75.0,SINGLE_SOURCE_ONLY; IDENTICAL_TIMESTAMP_WINDOW
SEQ-USR-1278,EMP11725,USER,AUTH_TO_ENDPOINT_ALERT,2026-08-20 04:45:06+00:00,2026-08-20 05:40:00+00:00,3294,2,IAM00009201; EPA00006671,IAM; Endpoint,60,0.88,100.0,NONE_OBSERVED
SEQ-USR-1279,EMP11733,USER,AUTH_TO_ENDPOINT_ALERT,2026-08-28 23:29:13+00:00,2026-08-29 00:00:00+00:00,1847,2,IAM00012061; EPA00005792,IAM; Endpoint,60,0.88,100.0,NONE_OBSERVED
SEQ-USR-1280,EMP11763,USER,GENERAL_ACTIVITY_SEQUENCE,2026-08-15 18:18:00+00:00,2026-08-15 18:27:45+00:00,585,2,IAM00005095; IAM00002064,IAM,60,0.73,75.0,SINGLE_SOURCE_ONLY
SEQ-USR-1281,EMP11763,USER,GENERAL_ACTIVITY_SEQUENCE,2026-08-19 00:00:00+00:00,2026-08-19 00:00:00+00:00,0,2,IAM00007200; IAM00017653,IAM,60,0.73,75.0,SINGLE_SOURCE_ONLY; IDENTICAL_TIMESTAMP_WINDOW
SEQ-USR-1282,EMP11763,USER,GENERAL_ACTIVITY_SEQUENCE,2026-08-25 02:07:57+00:00,2026-08-25 02:46:26+00:00,2309,2,IAM00013438; IAM00004016,IAM,60,0.73,75.0,SINGLE_SOURCE_ONLY
SEQ-USR-1283,EMP11786,USER,GENERAL_ACTIVITY_SEQUENCE,2026-09-02 00:00:00+00:00,2026-09-02 00:00:00+00:00,0,2,EPA00005441; EPA00006012,Endpoint,60,0.73,75.0,SINGLE_SOURCE_ONLY; IDENTICAL_TIMESTAMP_WINDOW
SEQ-USR-1284,EMP11801,USER,GENERAL_ACTIVITY_SEQUENCE,2026-08-01 01:38:07+00:00,2026-08-01 01:59:56+00:00,1309,2,IAM00004907; IAM00016691,IAM,60,0.73,75.0,SINGLE_SOURCE_ONLY
SEQ-USR-1285,EMP11801,USER,GENERAL_ACTIVITY_SEQUENCE,2026-08-17 00:00:00+00:00,2026-08-17 00:00:00+00:00,0,2,IAM00008072; IAM00011772,IAM,60,0.73,75.0,SINGLE_SOURCE_ONLY; IDENTICAL_TIMESTAMP_WINDOW
SEQ-USR-1286,EMP11801,USER,GENERAL_ACTIVITY_SEQUENCE,2026-08-27 00:00:00+00:00,2026-08-27 00:08:01+00:00,481,2,IAM00004892; IAM00005197,IAM,60,0.73,75.0,SINGLE_SOURCE_ONLY
SEQ-USR-1287,EMP11801,USER,GENERAL_ACTIVITY_SEQUENCE,2026-08-28 00:00:00+00:00,2026-08-28 00:53:06+00:00,3186,2,IAM00006995; IAM00006168,IAM,60,0.73,75.0,SINGLE_SOURCE_ONLY
SEQ-USR-1288,EMP11814,USER,AUTH_TO_ENDPOINT_ALERT,2026-08-12 12:55:20+00:00,2026-08-12 13:50:36+00:00,3316,2,EPA00001677; IAM00009862,IAM; Endpoint,60,0.88,100.0,NONE_OBSERVED
SEQ-USR-1289,EMP11817,USER,GENERAL_ACTIVITY_SEQUENCE,2026-08-07 23:22:52+00:00,2026-08-07 23:23:26+00:00,34,2,IAM00010047; IAM00008883,IAM,60,0.73,75.0,SINGLE_SOURCE_ONLY
SEQ-USR-1290,EMP11817,USER,GENERAL_ACTIVITY_SEQUENCE,2026-08-20 19:14:03+00:00,2026-08-20 19:31:04+00:00,1021,2,IAM00010172; IAM00006387,IAM,60,0.73,75.0,SINGLE_SOURCE_ONLY
SEQ-USR-1291,EMP11817,USER,GENERAL_ACTIVITY_SEQUENCE,2026-08-29 00:00:00+00:00,2026-08-29 00:00:00+00:00,0,2,IAM00004483; IAM00017387,IAM,60,0.73,75.0,SINGLE_SOURCE_ONLY; IDENTICAL_TIMESTAMP_WINDOW
SEQ-USR-1292,EMP11817,USER,GENERAL_ACTIVITY_SEQUENCE,2026-09-08 06:10:03+00:00,2026-09-08 06:49:02+00:00,2339,2,IAM00003383; IAM00002979,IAM,60,0.73,75.0,SINGLE_SOURCE_ONLY
SEQ-USR-1293,EMP11914,USER,GENERAL_ACTIVITY_SEQUENCE,2026-08-29 15:40:40+00:00,2026-08-29 16:19:08+00:00,2308,2,IAM00006410; IAM00005289,IAM,60,0.73,75.0,SINGLE_SOURCE_ONLY
SEQ-USR-1294,EMP11929,USER,GENERAL_ACTIVITY_SEQUENCE,2026-08-28 00:00:00+00:00,2026-08-28 00:47:27+00:00,2847,2,IAM00012443; IAM00009262,IAM,60,0.73,75.0,SINGLE_SOURCE_ONLY
SEQ-USR-1295,EMP11937,USER,AUTH_TO_ENDPOINT_ALERT,2026-08-16 18:22:00+00:00,2026-08-16 19:19:00+00:00,3420,2,EPA00000770; IAM00010781,IAM; Endpoint,60,0.88,100.0,NONE_OBSERVED
SEQ-USR-1296,EMP11951,USER,AUTH_TO_ENDPOINT_ALERT,2026-08-08 00:00:00+00:00,2026-08-08 00:29:00+00:00,1740,2,IAM00000872; EPA00007299,IAM; Endpoint,60,0.88,100.0,NONE_OBSERVED
SEQ-USR-1297,EMP12000,USER,AUTH_TO_ENDPOINT_ALERT,2026-08-04 19:39:00+00:00,2026-08-04 19:43:56+00:00,296,2,EPA00003416; IAM00008049,IAM; Endpoint,60,0.88,100.0,NONE_OBSERVED
SEQ-USR-1298,EMP12032,USER,GENERAL_ACTIVITY_SEQUENCE,2026-08-22 00:00:00+00:00,2026-08-22 00:33:23+00:00,2003,2,IAM00018962; IAM00009960,IAM,60,0.73,75.0,SINGLE_SOURCE_ONLY
SEQ-USR-1299,EMP12035,USER,AUTH_TO_ENDPOINT_ALERT,2026-08-01 17:13:36+00:00,2026-08-01 17:35:00+00:00,1284,2,IAM00004175; EPA00001185,IAM; Endpoint,60,0.88,100.0,NONE_OBSERVED
SEQ-USR-1300,EMP12037,USER,AUTH_TO_ENDPOINT_ALERT,2026-09-02 00:00:00+00:00,2026-09-02 00:11:44+00:00,704,2,EPA00000495; IAM00013630,IAM; Endpoint,60,0.88,100.0,NONE_OBSERVED
SEQ-USR-1301,EMP12049,USER,GENERAL_ACTIVITY_SEQUENCE,2026-08-08 06:36:31+00:00,2026-08-08 07:29:00+00:00,3149,2,IAM00012272; IAM00013601,IAM,60,0.73,75.0,SINGLE_SOURCE_ONLY
SEQ-USR-1302,EMP12066,USER,GENERAL_ACTIVITY_SEQUENCE,2026-08-21 00:00:00+00:00,2026-08-21 00:45:54+00:00,2754,2,IAM00000439; IAM00005649,IAM,60,0.73,75.0,SINGLE_SOURCE_ONLY
SEQ-USR-1303,EMP12067,USER,GENERAL_ACTIVITY_SEQUENCE,2026-08-12 18:00:58+00:00,2026-08-12 18:29:10+00:00,1692,2,IAM00017075; IAM00018187,IAM,60,0.73,75.0,SINGLE_SOURCE_ONLY
SEQ-USR-1304,EMP12083,USER,AUTH_TO_ENDPOINT_ALERT,2026-09-08 19:09:02+00:00,2026-09-08 19:51:34+00:00,2552,2,EPA00002608; IAM00005130,IAM; Endpoint,60,0.88,100.0,NONE_OBSERVED
SEQ-USR-1305,EMP12086,USER,AUTH_TO_ENDPOINT_ALERT,2026-08-01 00:00:00+00:00,2026-08-01 00:00:00+00:00,0,2,EPA00005877; IAM00017254,IAM; Endpoint,60,0.88,100.0,IDENTICAL_TIMESTAMP_WINDOW
SEQ-USR-1306,EMP12088,USER,AUTH_TO_ENDPOINT_ALERT,2026-08-21 22:39:40+00:00,2026-08-21 23:33:04+00:00,3204,2,EPA00007007; IAM00019535,IAM; Endpoint,60,0.88,100.0,NONE_OBSERVED
SEQ-USR-1307,EMP12098,USER,GENERAL_ACTIVITY_SEQUENCE,2026-08-30 06:42:19+00:00,2026-08-30 06:48:10+00:00,351,2,IAM00001337; IAM00011675,IAM,60,0.73,75.0,SINGLE_SOURCE_ONLY
SEQ-USR-1308,EMP12099,USER,AUTH_TO_ENDPOINT_ALERT,2026-08-09 13:27:00+00:00,2026-08-09 14:24:00+00:00,3420,2,EPA00005330; IAM00016960,IAM; Endpoint,60,0.88,100.0,NONE_OBSERVED
SEQ-USR-1309,EMP12110,USER,AUTH_TO_ENDPOINT_ALERT,2026-08-12 08:26:21+00:00,2026-08-12 08:57:27+00:00,1866,2,EPA00000057; IAM00016562,IAM; Endpoint,60,0.88,100.0,NONE_OBSERVED
SEQ-USR-1310,EMP12111,USER,GENERAL_ACTIVITY_SEQUENCE,2026-08-11 14:06:22+00:00,2026-08-11 14:18:25+00:00,723,2,IAM00019462; IAM00017546,IAM,60,0.73,75.0,SINGLE_SOURCE_ONLY
SEQ-USR-1311,EMP12111,USER,GENERAL_ACTIVITY_SEQUENCE,2026-08-15 20:11:41+00:00,2026-08-15 21:09:44+00:00,3483,2,IAM00019689; IAM00002344,IAM,60,0.73,75.0,SINGLE_SOURCE_ONLY
SEQ-USR-1312,EMP12111,USER,AUTH_TO_ENDPOINT_ALERT,2026-08-17 18:28:45+00:00,2026-08-17 18:56:00+00:00,1635,2,IAM00019863; EPA00005789,IAM; Endpoint,60,0.88,100.0,NONE_OBSERVED
SEQ-USR-1313,EMP12113,USER,GENERAL_ACTIVITY_SEQUENCE,2026-08-04 09:33:01+00:00,2026-08-04 09:51:59+00:00,1138,2,IAM00019501; IAM00012333,IAM,60,0.73,75.0,SINGLE_SOURCE_ONLY
SEQ-USR-1314,EMP12113,USER,GENERAL_ACTIVITY_SEQUENCE,2026-08-13 23:41:56+00:00,2026-08-14 00:00:00+00:00,1084,2,IAM00011008; IAM00019622,IAM,60,0.73,75.0,SINGLE_SOURCE_ONLY
SEQ-USR-1315,EMP12113,USER,GENERAL_ACTIVITY_SEQUENCE,2026-08-15 06:50:11+00:00,2026-08-15 07:31:46+00:00,2495,2,IAM00007432; IAM00013486,IAM,60,0.73,75.0,SINGLE_SOURCE_ONLY
SEQ-USR-1316,EMP12113,USER,GENERAL_ACTIVITY_SEQUENCE,2026-08-22 09:03:19+00:00,2026-08-22 09:44:00+00:00,2441,2,IAM00016648; IAM00005553,IAM,60,0.73,75.0,SINGLE_SOURCE_ONLY
SEQ-USR-1317,EMP12113,USER,GENERAL_ACTIVITY_SEQUENCE,2026-08-31 05:13:00+00:00,2026-08-31 05:49:54+00:00,2214,2,IAM00011809; IAM00018206,IAM,60,0.73,75.0,SINGLE_SOURCE_ONLY
SEQ-USR-1318,EMP12120,USER,AUTH_TO_ENDPOINT_ALERT,2026-09-01 09:52:18+00:00,2026-09-01 10:25:23+00:00,1985,2,EPA00006343; IAM00006821,IAM; Endpoint,60,0.88,100.0,NONE_OBSERVED
SEQ-USR-1319,EMP12144,USER,GENERAL_ACTIVITY_SEQUENCE,2026-08-31 18:20:13+00:00,2026-08-31 18:28:30+00:00,497,2,IAM00000908; IAM00013038,IAM,60,0.73,75.0,SINGLE_SOURCE_ONLY
SEQ-USR-1320,EMP12174,USER,AUTH_TO_ENDPOINT_ALERT,2026-09-02 05:17:52+00:00,2026-09-02 06:10:41+00:00,3169,2,EPA00003796; IAM00012064,IAM; Endpoint,60,0.88,100.0,NONE_OBSERVED
SEQ-USR-1321,EMP12193,USER,GENERAL_ACTIVITY_SEQUENCE,2026-08-12 20:36:25+00:00,2026-08-12 21:03:50+00:00,1645,2,EPA00006204; EPA00003191,Endpoint,60,0.73,75.0,SINGLE_SOURCE_ONLY
SEQ-USR-1322,EMP12206,USER,GENERAL_ACTIVITY_SEQUENCE,2026-07-08 00:00:00+00:00,2026-07-08 00:00:00+00:00,0,2,IAM00002976; IAM00005403,IAM,60,0.73,75.0,SINGLE_SOURCE_ONLY; IDENTICAL_TIMESTAMP_WINDOW
SEQ-USR-1323,EMP12214,USER,AUTH_TO_ENDPOINT_ALERT,2026-08-26 00:00:00+00:00,2026-08-26 00:00:00+00:00,0,2,EPA00001191; IAM00004889,IAM; Endpoint,60,0.88,100.0,IDENTICAL_TIMESTAMP_WINDOW
SEQ-USR-1324,EMP12232,USER,AUTH_TO_ENDPOINT_ALERT,2026-08-05 00:00:00+00:00,2026-08-05 00:00:00+00:00,0,2,EPA00002104; IAM00002109,IAM; Endpoint,60,0.88,100.0,IDENTICAL_TIMESTAMP_WINDOW
SEQ-USR-1325,EMP12234,USER,AUTH_TO_ENDPOINT_ALERT,2026-09-05 14:16:26+00:00,2026-09-05 14:46:40+00:00,1814,2,EPA00003727; IAM00003209,IAM; Endpoint,60,0.88,100.0,NONE_OBSERVED
SEQ-USR-1326,EMP12253,USER,GENERAL_ACTIVITY_SEQUENCE,2026-08-18 20:46:35+00:00,2026-08-18 20:49:09+00:00,154,2,IAM00002862; IAM00001051,IAM,60,0.73,75.0,SINGLE_SOURCE_ONLY
SEQ-USR-1327,EMP12254,USER,GENERAL_ACTIVITY_SEQUENCE,2026-08-09 00:00:00+00:00,2026-08-09 00:00:00+00:00,0,2,IAM00001531; IAM00009774,IAM,60,0.73,75.0,SINGLE_SOURCE_ONLY; IDENTICAL_TIMESTAMP_WINDOW
SEQ-USR-1328,EMP12255,USER,GENERAL_ACTIVITY_SEQUENCE,2026-02-08 00:00:00+00:00,2026-02-08 00:00:00+00:00,0,2,IAM00010282; IAM00018522,IAM,60,0.73,75.0,SINGLE_SOURCE_ONLY; IDENTICAL_TIMESTAMP_WINDOW
SEQ-USR-1329,EMP12294,USER,AUTH_TO_ENDPOINT_ALERT,2026-08-16 00:00:00+00:00,2026-08-16 00:01:38+00:00,98,2,IAM00011224; EPA00006751,IAM; Endpoint,60,0.88,100.0,NONE_OBSERVED
SEQ-USR-1330,EMP12316,USER,AUTH_TO_ENDPOINT_ALERT,2026-08-27 12:42:19+00:00,2026-08-27 13:10:31+00:00,1692,2,EPA00004627; IAM00017841,IAM; Endpoint,60,0.88,100.0,NONE_OBSERVED
SEQ-USR-1331,EMP12319,USER,GENERAL_ACTIVITY_SEQUENCE,2026-08-08 16:14:01+00:00,2026-08-08 16:40:18+00:00,1577,2,EPA00006505; EPA00004437,Endpoint,60,0.73,75.0,SINGLE_SOURCE_ONLY
SEQ-USR-1332,EMP12319,USER,GENERAL_ACTIVITY_SEQUENCE,2026-09-07 09:02:18+00:00,2026-09-07 09:28:17+00:00,1559,2,IAM00004346; IAM00008237,IAM,60,0.73,75.0,SINGLE_SOURCE_ONLY
SEQ-USR-1333,EMP12337,USER,GENERAL_ACTIVITY_SEQUENCE,2026-08-22 09:11:00+00:00,2026-08-22 09:47:27+00:00,2187,2,IAM00006374; IAM00014688,IAM,60,0.73,75.0,SINGLE_SOURCE_ONLY
SEQ-USR-1334,EMP12345,USER,AUTH_TO_ENDPOINT_ALERT,2026-09-02 01:29:51+00:00,2026-09-02 02:27:00+00:00,3429,2,IAM00000663; EPA00005633,IAM; Endpoint,60,0.88,100.0,NONE_OBSERVED
SEQ-USR-1335,EMP12364,USER,GENERAL_ACTIVITY_SEQUENCE,2026-08-20 15:13:53+00:00,2026-08-20 16:00:11+00:00,2778,2,IAM00011925; IAM00010975,IAM,60,0.73,75.0,SINGLE_SOURCE_ONLY
SEQ-USR-1336,EMP12368,USER,GENERAL_ACTIVITY_SEQUENCE,2026-08-22 00:00:00+00:00,2026-08-22 00:34:54+00:00,2094,2,IAM00002223; IAM00001830,IAM,60,0.73,75.0,SINGLE_SOURCE_ONLY
SEQ-USR-1337,EMP12370,USER,GENERAL_ACTIVITY_SEQUENCE,2026-08-04 23:33:29+00:00,2026-08-05 00:00:00+00:00,1591,2,IAM00006199; IAM00014376,IAM,60,0.73,75.0,SINGLE_SOURCE_ONLY
SEQ-USR-1338,EMP12372,USER,GENERAL_ACTIVITY_SEQUENCE,2026-09-06 23:45:31+00:00,2026-09-07 00:00:00+00:00,869,2,EPA00001732; EPA00007827,Endpoint,60,0.73,75.0,SINGLE_SOURCE_ONLY
SEQ-USR-1339,EMP12407,USER,AUTH_TO_ENDPOINT_ALERT,2026-08-09 14:52:55+00:00,2026-08-09 15:12:02+00:00,1147,2,IAM00006283; EPA00006990,IAM; Endpoint,60,0.88,100.0,NONE_OBSERVED
SEQ-USR-1340,EMP12418,USER,GENERAL_ACTIVITY_SEQUENCE,2026-08-02 04:41:30+00:00,2026-08-02 04:45:47+00:00,257,2,IAM00008590; IAM00006107,IAM,60,0.73,75.0,SINGLE_SOURCE_ONLY
SEQ-USR-1341,EMP12418,USER,GENERAL_ACTIVITY_SEQUENCE,2026-08-08 04:01:00+00:00,2026-08-08 04:31:16+00:00,1816,2,IAM00001193; IAM00005799,IAM,60,0.73,75.0,SINGLE_SOURCE_ONLY
SEQ-USR-1342,EMP12418,USER,GENERAL_ACTIVITY_SEQUENCE,2026-08-13 00:00:00+00:00,2026-08-13 00:59:27+00:00,3567,3,IAM00010643; IAM00015425; IAM00008717,IAM,60,0.77,90.0,SINGLE_SOURCE_ONLY
SEQ-USR-1343,EMP12418,USER,GENERAL_ACTIVITY_SEQUENCE,2026-08-18 20:27:24+00:00,2026-08-18 20:51:53+00:00,1469,2,IAM00002971; IAM00015391,IAM,60,0.73,75.0,SINGLE_SOURCE_ONLY
SEQ-USR-1344,EMP12418,USER,GENERAL_ACTIVITY_SEQUENCE,2026-08-18 23:37:25+00:00,2026-08-19 00:00:00+00:00,1355,2,IAM00014290; IAM00002899,IAM,60,0.73,75.0,SINGLE_SOURCE_ONLY
SEQ-USR-1345,EMP12418,USER,GENERAL_ACTIVITY_SEQUENCE,2026-08-26 04:34:00+00:00,2026-08-26 04:46:52+00:00,772,2,IAM00003498; IAM00017976,IAM,60,0.73,75.0,SINGLE_SOURCE_ONLY
SEQ-USR-1346,EMP12418,USER,GENERAL_ACTIVITY_SEQUENCE,2026-08-30 00:00:00+00:00,2026-08-30 00:00:00+00:00,0,2,IAM00000880; IAM00014220,IAM,60,0.73,75.0,SINGLE_SOURCE_ONLY; IDENTICAL_TIMESTAMP_WINDOW
SEQ-USR-1347,EMP12418,USER,GENERAL_ACTIVITY_SEQUENCE,2026-08-30 13:21:34+00:00,2026-08-30 13:22:00+00:00,26,2,IAM00002190; IAM00012282,IAM,60,0.73,75.0,SINGLE_SOURCE_ONLY
SEQ-USR-1348,EMP12418,USER,GENERAL_ACTIVITY_SEQUENCE,2026-08-31 00:00:00+00:00,2026-08-31 00:00:00+00:00,0,2,IAM00000364; IAM00011147,IAM,60,0.73,75.0,SINGLE_SOURCE_ONLY; IDENTICAL_TIMESTAMP_WINDOW
SEQ-USR-1349,EMP12420,USER,AUTH_TO_ENDPOINT_ALERT,2026-08-29 23:41:00+00:00,2026-08-30 00:00:00+00:00,1140,2,IAM00015077; EPA00002217,IAM; Endpoint,60,0.88,100.0,NONE_OBSERVED
SEQ-USR-1350,EMP12422,USER,GENERAL_ACTIVITY_SEQUENCE,2026-08-06 00:00:00+00:00,2026-08-06 00:56:45+00:00,3405,2,EPA00000108; EPA00006538,Endpoint,60,0.73,75.0,SINGLE_SOURCE_ONLY
SEQ-USR-1351,EMP12425,USER,GENERAL_ACTIVITY_SEQUENCE,2026-08-20 05:45:59+00:00,2026-08-20 06:31:50+00:00,2751,2,IAM00005744; IAM00010678,IAM,60,0.73,75.0,SINGLE_SOURCE_ONLY
SEQ-USR-1352,EMP12425,USER,GENERAL_ACTIVITY_SEQUENCE,2026-08-21 10:57:00+00:00,2026-08-21 11:46:39+00:00,2979,2,IAM00018333; IAM00008512,IAM,60,0.73,75.0,SINGLE_SOURCE_ONLY
SEQ-USR-1353,EMP12425,USER,GENERAL_ACTIVITY_SEQUENCE,2026-08-23 02:55:49+00:00,2026-08-23 03:15:00+00:00,1151,2,IAM00009689; IAM00000587,IAM,60,0.73,75.0,SINGLE_SOURCE_ONLY
SEQ-USR-1354,EMP12425,USER,AUTH_TO_ENDPOINT_ALERT,2026-08-30 05:04:18+00:00,2026-08-30 05:15:36+00:00,678,2,IAM00014160; EPA00007424,IAM; Endpoint,60,0.88,100.0,NONE_OBSERVED
SEQ-USR-1355,EMP12425,USER,GENERAL_ACTIVITY_SEQUENCE,2026-09-08 23:48:17+00:00,2026-09-08 23:48:38+00:00,21,2,IAM00001665; IAM00004072,IAM,60,0.73,75.0,SINGLE_SOURCE_ONLY
SEQ-USR-1356,EMP12464,USER,GENERAL_ACTIVITY_SEQUENCE,2026-08-07 20:40:28+00:00,2026-08-07 21:29:48+00:00,2960,2,EPA00003077; EPA00004969,Endpoint,60,0.73,75.0,SINGLE_SOURCE_ONLY
SEQ-USR-1357,EMP12505,USER,GENERAL_ACTIVITY_SEQUENCE,2026-08-09 00:00:00+00:00,2026-08-09 00:00:00+00:00,0,2,IAM00013615; IAM00015182,IAM,60,0.73,75.0,SINGLE_SOURCE_ONLY; IDENTICAL_TIMESTAMP_WINDOW
SEQ-USR-1358,EMP12505,USER,GENERAL_ACTIVITY_SEQUENCE,2026-08-15 12:42:50+00:00,2026-08-15 12:55:32+00:00,762,2,IAM00000225; IAM00012363,IAM,60,0.73,75.0,SINGLE_SOURCE_ONLY
SEQ-USR-1359,EMP12505,USER,GENERAL_ACTIVITY_SEQUENCE,2026-08-23 11:02:30+00:00,2026-08-23 11:14:00+00:00,690,2,IAM00001140; IAM00009928,IAM,60,0.73,75.0,SINGLE_SOURCE_ONLY
SEQ-USR-1360,EMP12505,USER,GENERAL_ACTIVITY_SEQUENCE,2026-08-26 23:13:47+00:00,2026-08-27 00:00:00+00:00,2773,2,IAM00015309; IAM00006674,IAM,60,0.73,75.0,SINGLE_SOURCE_ONLY
SEQ-USR-1361,EMP12516,USER,GENERAL_ACTIVITY_SEQUENCE,2026-08-14 17:33:32+00:00,2026-08-14 17:59:27+00:00,1555,2,IAM00000893; IAM00014920,IAM,60,0.73,75.0,SINGLE_SOURCE_ONLY
SEQ-USR-1362,EMP12537,USER,AUTH_TO_ENDPOINT_ALERT,2026-08-25 04:16:50+00:00,2026-08-25 04:32:00+00:00,910,2,EPA00005070; IAM00014214,IAM; Endpoint,60,0.88,100.0,NONE_OBSERVED
SEQ-USR-1363,EMP12546,USER,GENERAL_ACTIVITY_SEQUENCE,2026-09-02 00:00:00+00:00,2026-09-02 00:08:14+00:00,494,2,IAM00019536; IAM00006836,IAM,60,0.73,75.0,SINGLE_SOURCE_ONLY
SEQ-USR-1364,EMP12559,USER,GENERAL_ACTIVITY_SEQUENCE,2026-09-04 14:20:42+00:00,2026-09-04 14:40:23+00:00,1181,2,IAM00015575; IAM00019072,IAM,60,0.73,75.0,SINGLE_SOURCE_ONLY
SEQ-USR-1365,EMP12561,USER,GENERAL_ACTIVITY_SEQUENCE,2026-08-29 18:25:00+00:00,2026-08-29 19:13:00+00:00,2880,2,EPA00007525; EPA00006555,Endpoint,60,0.73,75.0,SINGLE_SOURCE_ONLY
SEQ-USR-1366,EMP12567,USER,GENERAL_ACTIVITY_SEQUENCE,2026-08-13 00:00:00+00:00,2026-08-13 00:00:00+00:00,0,2,IAM00000496; IAM00005214,IAM,60,0.73,75.0,SINGLE_SOURCE_ONLY; IDENTICAL_TIMESTAMP_WINDOW
SEQ-USR-1367,EMP12567,USER,GENERAL_ACTIVITY_SEQUENCE,2026-08-13 07:24:43+00:00,2026-08-13 07:37:39+00:00,776,2,IAM00000714; IAM00017573,IAM,60,0.73,75.0,SINGLE_SOURCE_ONLY
SEQ-USR-1368,EMP12567,USER,GENERAL_ACTIVITY_SEQUENCE,2026-08-15 00:00:00+00:00,2026-08-15 00:00:00+00:00,0,2,IAM00005559; IAM00010764,IAM,60,0.73,75.0,SINGLE_SOURCE_ONLY; IDENTICAL_TIMESTAMP_WINDOW
SEQ-USR-1369,EMP12567,USER,GENERAL_ACTIVITY_SEQUENCE,2026-08-16 04:17:22+00:00,2026-08-16 05:00:25+00:00,2583,2,IAM00012126; IAM00002982,IAM,60,0.73,75.0,SINGLE_SOURCE_ONLY
SEQ-USR-1370,EMP12567,USER,AUTH_TO_ENDPOINT_ALERT,2026-08-28 00:00:00+00:00,2026-08-28 00:00:00+00:00,0,2,EPA00001627; IAM00003733,IAM; Endpoint,60,0.88,100.0,IDENTICAL_TIMESTAMP_WINDOW
SEQ-USR-1371,EMP12579,USER,GENERAL_ACTIVITY_SEQUENCE,2026-03-09 00:00:00+00:00,2026-03-09 00:00:00+00:00,0,2,IAM00004926; IAM00016372,IAM,60,0.73,75.0,SINGLE_SOURCE_ONLY; IDENTICAL_TIMESTAMP_WINDOW
SEQ-USR-1372,EMP12579,USER,GENERAL_ACTIVITY_SEQUENCE,2026-08-03 00:00:00+00:00,2026-08-03 00:25:13+00:00,1513,2,IAM00005367; IAM00012951,IAM,60,0.73,75.0,SINGLE_SOURCE_ONLY
SEQ-USR-1373,EMP12579,USER,GENERAL_ACTIVITY_SEQUENCE,2026-08-10 17:56:47+00:00,2026-08-10 18:38:50+00:00,2523,2,IAM00003407; IAM00005927,IAM,60,0.73,75.0,SINGLE_SOURCE_ONLY
SEQ-USR-1374,EMP12579,USER,GENERAL_ACTIVITY_SEQUENCE,2026-08-13 04:42:39+00:00,2026-08-13 05:29:33+00:00,2814,2,IAM00007603; IAM00009497,IAM,60,0.73,75.0,SINGLE_SOURCE_ONLY
SEQ-USR-1375,EMP12579,USER,GENERAL_ACTIVITY_SEQUENCE,2026-08-19 23:06:52+00:00,2026-08-20 00:00:00+00:00,3188,2,IAM00005152; IAM00001928,IAM,60,0.73,75.0,SINGLE_SOURCE_ONLY
SEQ-USR-1376,EMP12579,USER,GENERAL_ACTIVITY_SEQUENCE,2026-09-07 02:53:40+00:00,2026-09-07 03:13:35+00:00,1195,2,IAM00018621; IAM00014810,IAM,60,0.73,75.0,SINGLE_SOURCE_ONLY
SEQ-USR-1377,EMP12580,USER,AUTH_TO_ENDPOINT_ALERT,2026-08-27 23:58:11+00:00,2026-08-28 00:36:40+00:00,2309,3,EPA00005273; EPA00000322; IAM00018576,IAM; Endpoint,60,0.92,100.0,NONE_OBSERVED
SEQ-USR-1378,EMP12603,USER,GENERAL_ACTIVITY_SEQUENCE,2026-04-09 00:00:00+00:00,2026-04-09 00:00:00+00:00,0,2,IAM00015299; IAM00015866,IAM,60,0.73,75.0,SINGLE_SOURCE_ONLY; IDENTICAL_TIMESTAMP_WINDOW
SEQ-USR-1379,EMP12603,USER,GENERAL_ACTIVITY_SEQUENCE,2026-08-16 06:25:39+00:00,2026-08-16 06:38:00+00:00,741,2,IAM00009325; IAM00013791,IAM,60,0.73,75.0,SINGLE_SOURCE_ONLY
SEQ-USR-1380,EMP12603,USER,GENERAL_ACTIVITY_SEQUENCE,2026-08-16 10:12:24+00:00,2026-08-16 10:32:32+00:00,1208,2,IAM00016466; IAM00019473,IAM,60,0.73,75.0,SINGLE_SOURCE_ONLY
SEQ-USR-1381,EMP12603,USER,GENERAL_ACTIVITY_SEQUENCE,2026-08-22 17:23:10+00:00,2026-08-22 18:03:00+00:00,2390,2,IAM00008882; IAM00010534,IAM,60,0.73,75.0,SINGLE_SOURCE_ONLY
SEQ-USR-1382,EMP12603,USER,GENERAL_ACTIVITY_SEQUENCE,2026-08-31 11:22:38+00:00,2026-08-31 11:36:00+00:00,802,2,IAM00012532; IAM00018227,IAM,60,0.73,75.0,SINGLE_SOURCE_ONLY
SEQ-USR-1383,EMP12607,USER,GENERAL_ACTIVITY_SEQUENCE,2026-08-25 15:55:32+00:00,2026-08-25 16:50:59+00:00,3327,2,IAM00016987; IAM00011255,IAM,60,0.73,75.0,SINGLE_SOURCE_ONLY
SEQ-USR-1384,EMP12671,USER,AUTH_TO_ENDPOINT_ALERT,2026-08-11 00:00:00+00:00,2026-08-11 00:00:00+00:00,0,2,EPA00000316; IAM00000683,IAM; Endpoint,60,0.88,100.0,IDENTICAL_TIMESTAMP_WINDOW
SEQ-USR-1385,EMP12695,USER,GENERAL_ACTIVITY_SEQUENCE,2026-08-01 23:04:21+00:00,2026-08-02 00:00:00+00:00,3339,2,IAM00003705; IAM00007128,IAM,60,0.73,75.0,SINGLE_SOURCE_ONLY
SEQ-USR-1386,EMP12698,USER,AUTH_TO_ENDPOINT_ALERT,2026-09-07 10:38:40+00:00,2026-09-07 11:34:53+00:00,3373,2,EPA00001730; IAM00018765,IAM; Endpoint,60,0.88,100.0,NONE_OBSERVED
SEQ-USR-1387,EMP12701,USER,GENERAL_ACTIVITY_SEQUENCE,2026-09-05 23:26:08+00:00,2026-09-06 00:00:00+00:00,2032,2,IAM00013931; IAM00014662,IAM,60,0.73,75.0,SINGLE_SOURCE_ONLY
SEQ-USR-1388,EMP12702,USER,AUTH_TO_ENDPOINT_ALERT,2026-09-04 15:54:04+00:00,2026-09-04 16:00:39+00:00,395,2,IAM00013627; EPA00001216,IAM; Endpoint,60,0.88,100.0,NONE_OBSERVED
SEQ-USR-1389,EMP12703,USER,GENERAL_ACTIVITY_SEQUENCE,2026-08-28 00:00:00+00:00,2026-08-28 00:00:00+00:00,0,2,IAM00008632; IAM00014818,IAM,60,0.73,75.0,SINGLE_SOURCE_ONLY; IDENTICAL_TIMESTAMP_WINDOW
SEQ-USR-1390,EMP12704,USER,AUTH_TO_ENDPOINT_ALERT,2026-08-04 01:25:55+00:00,2026-08-04 01:52:08+00:00,1573,2,IAM00009896; EPA00007482,IAM; Endpoint,60,0.88,100.0,NONE_OBSERVED
SEQ-USR-1391,EMP12729,USER,GENERAL_ACTIVITY_SEQUENCE,2026-08-09 00:00:00+00:00,2026-08-09 00:00:00+00:00,0,2,IAM00000604; IAM00013751,IAM,60,0.73,75.0,SINGLE_SOURCE_ONLY; IDENTICAL_TIMESTAMP_WINDOW
SEQ-USR-1392,EMP12735,USER,GENERAL_ACTIVITY_SEQUENCE,2026-08-14 14:27:09+00:00,2026-08-14 14:47:00+00:00,1191,2,IAM00005822; IAM00007978,IAM,60,0.73,75.0,SINGLE_SOURCE_ONLY
SEQ-USR-1393,EMP12738,USER,GENERAL_ACTIVITY_SEQUENCE,2026-08-15 23:49:23+00:00,2026-08-16 00:00:00+00:00,637,2,IAM00004284; IAM00005704,IAM,60,0.73,75.0,SINGLE_SOURCE_ONLY
SEQ-USR-1394,EMP12738,USER,GENERAL_ACTIVITY_SEQUENCE,2026-08-17 00:00:00+00:00,2026-08-17 00:00:00+00:00,0,2,IAM00003183; IAM00014768,IAM,60,0.73,75.0,SINGLE_SOURCE_ONLY; IDENTICAL_TIMESTAMP_WINDOW
SEQ-USR-1395,EMP12738,USER,GENERAL_ACTIVITY_SEQUENCE,2026-09-09 05:44:43+00:00,2026-09-09 06:07:28+00:00,1365,2,IAM00011181; IAM00007608,IAM,60,0.73,75.0,SINGLE_SOURCE_ONLY
SEQ-USR-1396,EMP12745,USER,GENERAL_ACTIVITY_SEQUENCE,2026-09-09 02:56:32+00:00,2026-09-09 03:21:00+00:00,1468,2,IAM00013536; IAM00008885,IAM,60,0.73,75.0,SINGLE_SOURCE_ONLY
SEQ-USR-1397,EMP12747,USER,GENERAL_ACTIVITY_SEQUENCE,2026-08-21 00:00:00+00:00,2026-08-21 00:00:00+00:00,0,2,IAM00014764; IAM00017717,IAM,60,0.73,75.0,SINGLE_SOURCE_ONLY; IDENTICAL_TIMESTAMP_WINDOW
SEQ-USR-1398,EMP12750,USER,AUTH_TO_ENDPOINT_ALERT,2026-08-07 00:00:00+00:00,2026-08-07 00:00:00+00:00,0,2,EPA00006434; IAM00000494,IAM; Endpoint,60,0.88,100.0,IDENTICAL_TIMESTAMP_WINDOW
SEQ-USR-1399,EMP12761,USER,AUTH_TO_ENDPOINT_ALERT,2026-08-09 19:22:29+00:00,2026-08-09 20:18:54+00:00,3385,2,IAM00011840; EPA00002364,IAM; Endpoint,60,0.88,100.0,NONE_OBSERVED
SEQ-USR-1400,EMP12776,USER,GENERAL_ACTIVITY_SEQUENCE,2026-08-14 00:00:00+00:00,2026-08-14 00:00:00+00:00,0,2,IAM00003845; IAM00009665,IAM,60,0.73,75.0,SINGLE_SOURCE_ONLY; IDENTICAL_TIMESTAMP_WINDOW
SEQ-USR-1401,EMP12776,USER,GENERAL_ACTIVITY_SEQUENCE,2026-08-15 00:00:00+00:00,2026-08-15 00:00:00+00:00,0,2,IAM00001431; IAM00001711,IAM,60,0.73,75.0,SINGLE_SOURCE_ONLY; IDENTICAL_TIMESTAMP_WINDOW
SEQ-USR-1402,EMP12776,USER,GENERAL_ACTIVITY_SEQUENCE,2026-12-08 00:00:00+00:00,2026-12-08 00:00:00+00:00,0,2,IAM00000171; IAM00002905,IAM,60,0.73,75.0,SINGLE_SOURCE_ONLY; IDENTICAL_TIMESTAMP_WINDOW
SEQ-USR-1403,EMP12807,USER,GENERAL_ACTIVITY_SEQUENCE,2026-08-06 00:00:00+00:00,2026-08-06 00:37:08+00:00,2228,2,IAM00007379; IAM00013680,IAM,60,0.73,75.0,SINGLE_SOURCE_ONLY
SEQ-USR-1404,EMP12810,USER,GENERAL_ACTIVITY_SEQUENCE,2026-08-18 00:00:00+00:00,2026-08-18 00:57:06+00:00,3426,2,IAM00001247; IAM00004507,IAM,60,0.73,75.0,SINGLE_SOURCE_ONLY
SEQ-USR-1405,EMP12810,USER,GENERAL_ACTIVITY_SEQUENCE,2026-08-21 04:16:00+00:00,2026-08-21 05:00:52+00:00,2692,2,IAM00011666; IAM00011413,IAM,60,0.73,75.0,SINGLE_SOURCE_ONLY
SEQ-USR-1406,EMP12820,USER,GENERAL_ACTIVITY_SEQUENCE,2026-08-16 06:32:41+00:00,2026-08-16 07:32:00+00:00,3559,2,EPA00003599; EPA00003969,Endpoint,60,0.73,75.0,SINGLE_SOURCE_ONLY
SEQ-USR-1407,EMP12825,USER,AUTH_TO_ENDPOINT_ALERT,2026-08-03 00:00:00+00:00,2026-08-03 00:00:00+00:00,0,2,EPA00005021; IAM00013890,IAM; Endpoint,60,0.88,100.0,IDENTICAL_TIMESTAMP_WINDOW
SEQ-USR-1408,EMP12826,USER,AUTH_TO_ENDPOINT_ALERT,2026-08-14 03:55:45+00:00,2026-08-14 03:56:41+00:00,56,2,EPA00003560; IAM00000477,IAM; Endpoint,60,0.88,100.0,NONE_OBSERVED
SEQ-USR-1409,EMP12826,USER,AUTH_TO_ENDPOINT_ALERT,2026-08-19 14:10:03+00:00,2026-08-19 14:43:43+00:00,2020,2,IAM00017208; EPA00004224,IAM; Endpoint,60,0.88,100.0,NONE_OBSERVED
SEQ-USR-1410,EMP12851,USER,GENERAL_ACTIVITY_SEQUENCE,2026-08-12 19:25:12+00:00,2026-08-12 20:21:59+00:00,3407,2,IAM00003162; IAM00009412,IAM,60,0.73,75.0,SINGLE_SOURCE_ONLY
SEQ-USR-1411,EMP12858,USER,AUTH_TO_ENDPOINT_ALERT,2026-09-01 23:13:00+00:00,2026-09-02 00:00:00+00:00,2820,2,EPA00000134; IAM00000612,IAM; Endpoint,60,0.88,100.0,NONE_OBSERVED
SEQ-USR-1412,EMP12895,USER,GENERAL_ACTIVITY_SEQUENCE,2026-08-08 00:00:00+00:00,2026-08-08 00:00:00+00:00,0,2,IAM00008425; IAM00008771,IAM,60,0.73,75.0,SINGLE_SOURCE_ONLY; IDENTICAL_TIMESTAMP_WINDOW
SEQ-USR-1413,EMP12895,USER,GENERAL_ACTIVITY_SEQUENCE,2026-08-13 23:59:46+00:00,2026-08-14 00:00:00+00:00,14,2,IAM00003530; IAM00000039,IAM,60,0.73,75.0,SINGLE_SOURCE_ONLY
SEQ-USR-1414,EMP12895,USER,GENERAL_ACTIVITY_SEQUENCE,2026-08-16 23:38:29+00:00,2026-08-17 00:01:19+00:00,1370,2,IAM00006571; IAM00003081,IAM,60,0.73,75.0,SINGLE_SOURCE_ONLY
SEQ-USR-1415,EMP12895,USER,GENERAL_ACTIVITY_SEQUENCE,2026-08-22 00:00:00+00:00,2026-08-22 00:13:45+00:00,825,2,IAM00009838; IAM00014421,IAM,60,0.73,75.0,SINGLE_SOURCE_ONLY
SEQ-USR-1416,EMP12901,USER,GENERAL_ACTIVITY_SEQUENCE,2026-03-08 00:00:00+00:00,2026-03-08 00:00:00+00:00,0,3,IAM00011257; IAM00018809; IAM00019880,IAM,60,0.77,90.0,SINGLE_SOURCE_ONLY; IDENTICAL_TIMESTAMP_WINDOW
SEQ-USR-1417,EMP12901,USER,GENERAL_ACTIVITY_SEQUENCE,2026-08-08 13:58:15+00:00,2026-08-08 14:18:10+00:00,1195,2,IAM00015397; IAM00004234,IAM,60,0.73,75.0,SINGLE_SOURCE_ONLY
SEQ-USR-1418,EMP12901,USER,GENERAL_ACTIVITY_SEQUENCE,2026-08-17 00:00:00+00:00,2026-08-17 00:00:00+00:00,0,2,IAM00000964; IAM00013736,IAM,60,0.73,75.0,SINGLE_SOURCE_ONLY; IDENTICAL_TIMESTAMP_WINDOW
SEQ-USR-1419,EMP12901,USER,GENERAL_ACTIVITY_SEQUENCE,2026-09-03 18:11:22+00:00,2026-09-03 18:48:40+00:00,2238,2,IAM00011332; IAM00006175,IAM,60,0.73,75.0,SINGLE_SOURCE_ONLY
SEQ-USR-1420,EMP12916,USER,AUTH_TO_ENDPOINT_ALERT,2026-09-08 00:00:00+00:00,2026-09-08 00:00:00+00:00,0,2,EPA00005862; IAM00006190,IAM; Endpoint,60,0.88,100.0,IDENTICAL_TIMESTAMP_WINDOW
SEQ-USR-1421,EMP12943,USER,AUTH_TO_ENDPOINT_ALERT,2026-08-21 23:08:07+00:00,2026-08-22 00:00:00+00:00,3113,2,IAM00003456; EPA00001842,IAM; Endpoint,60,0.88,100.0,NONE_OBSERVED
SEQ-USR-1422,EMP12946,USER,GENERAL_ACTIVITY_SEQUENCE,2026-08-29 14:41:56+00:00,2026-08-29 15:18:11+00:00,2175,2,IAM00015868; IAM00007355,IAM,60,0.73,75.0,SINGLE_SOURCE_ONLY
SEQ-USR-1423,EMP12960,USER,GENERAL_ACTIVITY_SEQUENCE,2026-08-11 00:00:00+00:00,2026-08-11 00:44:18+00:00,2658,2,EPA00004162; EPA00003699,Endpoint,60,0.73,75.0,SINGLE_SOURCE_ONLY
SEQ-USR-1424,Unknown,USER,GENERAL_ACTIVITY_SEQUENCE,2026-01-08 00:00:00+00:00,2026-01-08 00:43:00+00:00,2580,61,FW000000386; FW000000550; FW000001102; FW000001700; FW000004370; FW000004555; FW000005614; FW000005721; FW000005944; FW000006178; FW000006383; FW000008152; FW000008271; FW000010180; FW000010272; FW000011299; FW000011422; FW000011719; FW000012308; FW000012545; FW000013103; FW000013299; FW000013503; FW000016218; FW000016443; FW000016973; FW000017090; FW000017202; FW000017389; FW000017489; FW000017822; FW000017826; FW000018367; FW000019447; FW000020121; FW000020368; FW000020740; FW000021739; FW000022902; FW000022905; FW000023485; FW000023717; FW000024378; FW000024393; FW000025363; FW000026248; FW000026734; FW000026798; FW000028224; FW000028425; FW000028639; FW000028725; FW000029273; FW000029287; FW000029365; FW000029637; FW000029750; FW000029768; FW000029906; FW000015826; FW000012475,Firewall,60,0.85,100.0,SINGLE_SOURCE_ONLY
SEQ-USR-1425,Unknown,USER,GENERAL_ACTIVITY_SEQUENCE,2026-01-08 01:31:00+00:00,2026-01-08 02:09:00+00:00,2280,8,FW000009563; FW000024203; FW000007479; FW000029914; FW000024983; FW000022809; FW000001520; FW000002491,Firewall,60,0.85,100.0,SINGLE_SOURCE_ONLY
SEQ-USR-1426,Unknown,USER,GENERAL_ACTIVITY_SEQUENCE,2026-01-08 02:47:00+00:00,2026-01-08 03:45:00+00:00,3480,6,FW000008290; FW000008042; FW000020138; FW000023976; FW000009062; FW000014922,Firewall,60,0.85,100.0,SINGLE_SOURCE_ONLY
SEQ-USR-1427,Unknown,USER,GENERAL_ACTIVITY_SEQUENCE,2026-01-08 04:02:00+00:00,2026-01-08 04:15:00+00:00,780,3,FW000007318; FW000021732; FW000002943,Firewall,60,0.77,90.0,SINGLE_SOURCE_ONLY
SEQ-USR-1428,Unknown,USER,GENERAL_ACTIVITY_SEQUENCE,2026-01-08 05:13:00+00:00,2026-01-08 06:04:00+00:00,3060,3,FW000024313; FW000008556; FW000016976,Firewall,60,0.77,90.0,SINGLE_SOURCE_ONLY
SEQ-USR-1429,Unknown,USER,GENERAL_ACTIVITY_SEQUENCE,2026-01-08 06:38:00+00:00,2026-01-08 07:35:00+00:00,3420,7,FW000015392; FW000010793; FW000006266; FW000000538; FW000009008; FW000029467; FW000006440,Firewall,60,0.85,100.0,SINGLE_SOURCE_ONLY
SEQ-USR-1430,Unknown,USER,GENERAL_ACTIVITY_SEQUENCE,2026-01-08 07:48:00+00:00,2026-01-08 08:47:00+00:00,3540,5,FW000015056; FW000010826; FW000024183; FW000005167; FW000017899,Firewall,60,0.85,100.0,SINGLE_SOURCE_ONLY
SEQ-USR-1431,Unknown,USER,GENERAL_ACTIVITY_SEQUENCE,2026-01-08 08:55:00+00:00,2026-01-08 09:49:00+00:00,3240,5,FW000000978; FW000024596; FW000028565; FW000020171; FW000009261,Firewall,60,0.85,100.0,SINGLE_SOURCE_ONLY
SEQ-USR-1432,Unknown,USER,GENERAL_ACTIVITY_SEQUENCE,2026-01-08 09:56:00+00:00,2026-01-08 10:55:00+00:00,3540,5,FW000014362; FW000010113; FW000007003; FW000025684; FW000013982,Firewall,60,0.85,100.0,SINGLE_SOURCE_ONLY
SEQ-USR-1433,Unknown,USER,GENERAL_ACTIVITY_SEQUENCE,2026-01-08 10:57:00+00:00,2026-01-08 11:14:00+00:00,1020,4,FW000024467; FW000016203; FW000017679; FW000001612,Firewall,60,0.81,100.0,SINGLE_SOURCE_ONLY
SEQ-USR-1434,Unknown,USER,GENERAL_ACTIVITY_SEQUENCE,2026-01-08 12:00:00+00:00,2026-01-08 12:49:00+00:00,2940,5,FW000004510; FW000009516; FW000021501; FW000019146; FW000006727,Firewall,60,0.85,100.0,SINGLE_SOURCE_ONLY
SEQ-USR-1435,Unknown,USER,GENERAL_ACTIVITY_SEQUENCE,2026-01-08 13:21:00+00:00,2026-01-08 14:14:00+00:00,3180,7,FW000023654; FW000026867; FW000009222; FW000006607; FW000015084; FW000003643; FW000022282,Firewall,60,0.85,100.0,SINGLE_SOURCE_ONLY
SEQ-USR-1436,Unknown,USER,GENERAL_ACTIVITY_SEQUENCE,2026-01-08 14:42:00+00:00,2026-01-08 15:39:00+00:00,3420,4,FW000029569; FW000016520; FW000018659; FW000009042,Firewall,60,0.81,100.0,SINGLE_SOURCE_ONLY
SEQ-USR-1437,Unknown,USER,GENERAL_ACTIVITY_SEQUENCE,2026-01-08 15:50:00+00:00,2026-01-08 16:50:00+00:00,3600,10,FW000025106; FW000005098; FW000003769; FW000012992; FW000026606; FW000029129; FW000007728; FW000027803; FW000004918; FW000000019,Firewall,60,0.85,100.0,SINGLE_SOURCE_ONLY
SEQ-USR-1438,Unknown,USER,GENERAL_ACTIVITY_SEQUENCE,2026-01-08 17:02:00+00:00,2026-01-08 17:27:00+00:00,1500,6,FW000010291; FW000000970; FW000026999; FW000005172; FW000027675; FW000025190,Firewall,60,0.85,100.0,SINGLE_SOURCE_ONLY
SEQ-USR-1439,Unknown,USER,GENERAL_ACTIVITY_SEQUENCE,2026-01-08 18:04:00+00:00,2026-01-08 18:37:00+00:00,1980,3,FW000001278; FW000020158; FW000004009,Firewall,60,0.77,90.0,SINGLE_SOURCE_ONLY
SEQ-USR-1440,Unknown,USER,GENERAL_ACTIVITY_SEQUENCE,2026-01-08 19:06:00+00:00,2026-01-08 20:06:00+00:00,3600,8,FW000014784; FW000018565; FW000023723; FW000011629; FW000007935; FW000005752; FW000022261; FW000004000,Firewall,60,0.85,100.0,SINGLE_SOURCE_ONLY
SEQ-USR-1441,Unknown,USER,GENERAL_ACTIVITY_SEQUENCE,2026-01-08 20:08:00+00:00,2026-01-08 21:02:00+00:00,3240,6,FW000006347; FW000029880; FW000029643; FW000013017; FW000008837; FW000020949,Firewall,60,0.85,100.0,SINGLE_SOURCE_ONLY
SEQ-USR-1442,Unknown,USER,GENERAL_ACTIVITY_SEQUENCE,2026-01-08 21:52:00+00:00,2026-01-08 22:52:00+00:00,3600,6,FW000010812; FW000029389; FW000020330; FW000017914; FW000016116; FW000006202,Firewall,60,0.85,100.0,SINGLE_SOURCE_ONLY
SEQ-USR-1443,Unknown,USER,GENERAL_ACTIVITY_SEQUENCE,2026-01-08 23:31:00+00:00,2026-01-09 00:30:00+00:00,3540,72,FW000021583; FW000024682; FW000003384; FW000000076; FW000000499; FW000001307; FW000001458; FW000001671; FW000002366; FW000002613; FW000002904; FW000002930; FW000003163; FW000003179; FW000003834; FW000004193; FW000005344; FW000005594; FW000005606; FW000006484; FW000006719; FW000006745; FW000007748; FW000008095; FW000008836; FW000009047; FW000009660; FW000009867; FW000009984; FW000010203; FW000010840; FW000011095; FW000011221; FW000012632; FW000013994; FW000015607; FW000015608; FW000015777; FW000016647; FW000016747; FW000017797; FW000018566; FW000018792; FW000018919; FW000019040; FW000019067; FW000019326; FW000019626; FW000020178; FW000020308; FW000021103; FW000021202; FW000021835; FW000022212; FW000022241; FW000022295; FW000022367; FW000022516; FW000022951; FW000022954; FW000023321; FW000023503; FW000024160; FW000025556; FW000027323; FW000027505; FW000028033; FW000028477; FW000028815; FW000029998; FW000024833; FW000020045,Firewall,60,0.85,100.0,SINGLE_SOURCE_ONLY
SEQ-USR-1444,Unknown,USER,GENERAL_ACTIVITY_SEQUENCE,2026-01-09 00:33:00+00:00,2026-01-09 01:03:00+00:00,1800,3,FW000019349; FW000011161; FW000027441,Firewall,60,0.77,90.0,SINGLE_SOURCE_ONLY
SEQ-USR-1445,Unknown,USER,GENERAL_ACTIVITY_SEQUENCE,2026-01-09 01:34:00+00:00,2026-01-09 02:32:00+00:00,3480,5,FW000011228; FW000008595; FW000010658; FW000017709; FW000009709,Firewall,60,0.85,100.0,SINGLE_SOURCE_ONLY
SEQ-USR-1446,Unknown,USER,GENERAL_ACTIVITY_SEQUENCE,2026-01-09 02:35:00+00:00,2026-01-09 03:31:00+00:00,3360,5,FW000029959; FW000026334; FW000010507; FW000009555; FW000027518,Firewall,60,0.85,100.0,SINGLE_SOURCE_ONLY
SEQ-USR-1447,Unknown,USER,GENERAL_ACTIVITY_SEQUENCE,2026-01-09 04:06:00+00:00,2026-01-09 05:06:00+00:00,3600,4,FW000028079; FW000003390; FW000018504; FW000005966,Firewall,60,0.81,100.0,SINGLE_SOURCE_ONLY
SEQ-USR-1448,Unknown,USER,GENERAL_ACTIVITY_SEQUENCE,2026-01-09 05:10:00+00:00,2026-01-09 06:03:00+00:00,3180,6,FW000018299; FW000014977; FW000018952; FW000016382; FW000026525; FW000023848,Firewall,60,0.85,100.0,SINGLE_SOURCE_ONLY
SEQ-USR-1449,Unknown,USER,GENERAL_ACTIVITY_SEQUENCE,2026-01-09 06:17:00+00:00,2026-01-09 07:00:00+00:00,2580,6,FW000007954; FW000023899; FW000006246; FW000002418; FW000005753; FW000018170,Firewall,60,0.85,100.0,SINGLE_SOURCE_ONLY
SEQ-USR-1450,Unknown,USER,GENERAL_ACTIVITY_SEQUENCE,2026-01-09 07:38:00+00:00,2026-01-09 08:31:00+00:00,3180,5,FW000006586; FW000008112; FW000018979; FW000018412; FW000023930,Firewall,60,0.85,100.0,SINGLE_SOURCE_ONLY
SEQ-USR-1451,Unknown,USER,GENERAL_ACTIVITY_SEQUENCE,2026-01-09 08:55:00+00:00,2026-01-09 09:36:00+00:00,2460,5,FW000005005; FW000017581; FW000022680; FW000020560; FW000020759,Firewall,60,0.85,100.0,SINGLE_SOURCE_ONLY
SEQ-USR-1452,Unknown,USER,GENERAL_ACTIVITY_SEQUENCE,2026-01-09 10:00:00+00:00,2026-01-09 10:55:00+00:00,3300,7,FW000007340; FW000027386; FW000000953; FW000000975; FW000025582; FW000012057; FW000028563,Firewall,60,0.85,100.0,SINGLE_SOURCE_ONLY
SEQ-USR-1453,Unknown,USER,GENERAL_ACTIVITY_SEQUENCE,2026-01-09 11:12:00+00:00,2026-01-09 11:17:00+00:00,300,2,FW000029987; FW000018224,Firewall,60,0.73,75.0,SINGLE_SOURCE_ONLY
SEQ-USR-1454,Unknown,USER,GENERAL_ACTIVITY_SEQUENCE,2026-01-09 12:48:00+00:00,2026-01-09 13:40:00+00:00,3120,2,FW000019516; FW000015472,Firewall,60,0.73,75.0,SINGLE_SOURCE_ONLY
SEQ-USR-1455,Unknown,USER,GENERAL_ACTIVITY_SEQUENCE,2026-01-09 13:52:00+00:00,2026-01-09 14:49:00+00:00,3420,6,FW000007373; FW000004877; FW000014496; FW000012622; FW000020651; FW000017092,Firewall,60,0.85,100.0,SINGLE_SOURCE_ONLY
SEQ-USR-1456,Unknown,USER,GENERAL_ACTIVITY_SEQUENCE,2026-01-09 15:13:00+00:00,2026-01-09 15:44:00+00:00,1860,6,FW000027047; FW000016420; FW000019443; FW000021251; FW000020955; FW000007636,Firewall,60,0.85,100.0,SINGLE_SOURCE_ONLY
SEQ-USR-1457,Unknown,USER,GENERAL_ACTIVITY_SEQUENCE,2026-01-09 16:20:00+00:00,2026-01-09 17:13:00+00:00,3180,4,FW000008659; FW000021938; FW000006280; FW000000719,Firewall,60,0.81,100.0,SINGLE_SOURCE_ONLY
SEQ-USR-1458,Unknown,USER,GENERAL_ACTIVITY_SEQUENCE,2026-01-09 18:05:00+00:00,2026-01-09 19:05:00+00:00,3600,10,FW000011633; FW000009665; FW000012597; FW000001036; FW000021205; FW000014583; FW000018681; FW000008281; FW000026245; FW000007045,Firewall,60,0.85,100.0,SINGLE_SOURCE_ONLY
SEQ-USR-1459,Unknown,USER,GENERAL_ACTIVITY_SEQUENCE,2026-01-09 19:19:00+00:00,2026-01-09 20:09:00+00:00,3000,7,FW000029773; FW000022085; FW000011309; FW000002384; FW000020635; FW000029704; FW000019064,Firewall,60,0.85,100.0,SINGLE_SOURCE_ONLY
SEQ-USR-1460,Unknown,USER,GENERAL_ACTIVITY_SEQUENCE,2026-01-09 20:28:00+00:00,2026-01-09 21:15:00+00:00,2820,6,FW000013649; FW000013602; FW000029779; FW000021977; FW000004533; FW000005270,Firewall,60,0.85,100.0,SINGLE_SOURCE_ONLY
SEQ-USR-1461,Unknown,USER,GENERAL_ACTIVITY_SEQUENCE,2026-01-09 21:45:00+00:00,2026-01-09 22:30:00+00:00,2700,3,FW000022432; FW000006449; FW000023428,Firewall,60,0.77,90.0,SINGLE_SOURCE_ONLY
SEQ-USR-1462,Unknown,USER,GENERAL_ACTIVITY_SEQUENCE,2026-01-09 23:06:00+00:00,2026-01-09 23:55:00+00:00,2940,7,FW000021199; FW000014237; FW000013403; FW000005641; FW000029641; FW000020676; FW000025818,Firewall,60,0.85,100.0,SINGLE_SOURCE_ONLY
SEQ-USR-1463,Unknown,USER,GENERAL_ACTIVITY_SEQUENCE,2026-02-08 00:00:00+00:00,2026-02-08 00:49:00+00:00,2940,55,FW000001338; FW000003307; FW000003534; FW000004046; FW000004135; FW000004891; FW000005307; FW000005441; FW000005631; FW000006914; FW000007555; FW000007947; FW000008024; FW000008151; FW000009215; FW000009269; FW000009704; FW000009791; FW000009921; FW000010589; FW000011901; FW000012049; FW000012371; FW000012827; FW000013367; FW000014664; FW000014836; FW000015325; FW000015617; FW000016342; FW000016402; FW000016593; FW000016786; FW000017161; FW000017533; FW000017597; FW000018501; FW000018698; FW000019247; FW000019604; FW000019769; FW000021266; FW000022251; FW000023134; FW000023453; FW000024166; FW000024660; FW000025350; FW000029262; FW000029352; FW000029981; FW000003734; FW000015838; FW000006034; FW000026718,Firewall,60,0.85,100.0,SINGLE_SOURCE_ONLY
SEQ-USR-1464,Unknown,USER,GENERAL_ACTIVITY_SEQUENCE,2026-02-08 01:05:00+00:00,2026-02-08 01:59:00+00:00,3240,9,FW000015349; FW000019798; FW000025442; FW000023650; FW000026219; FW000022776; FW000017332; FW000021481; FW000004987,Firewall,60,0.85,100.0,SINGLE_SOURCE_ONLY
SEQ-USR-1465,Unknown,USER,GENERAL_ACTIVITY_SEQUENCE,2026-02-08 02:11:00+00:00,2026-02-08 02:45:00+00:00,2040,4,FW000024966; FW000001624; FW000009800; FW000003400,Firewall,60,0.81,100.0,SINGLE_SOURCE_ONLY
SEQ-USR-1466,Unknown,USER,GENERAL_ACTIVITY_SEQUENCE,2026-02-08 03:14:00+00:00,2026-02-08 03:50:00+00:00,2160,5,FW000023524; FW000015160; FW000002592; FW000007093; FW000028327,Firewall,60,0.85,100.0,SINGLE_SOURCE_ONLY
SEQ-USR-1467,Unknown,USER,GENERAL_ACTIVITY_SEQUENCE,2026-02-08 04:25:00+00:00,2026-02-08 05:04:00+00:00,2340,4,FW000013072; FW000025389; FW000003303; FW000025981,Firewall,60,0.81,100.0,SINGLE_SOURCE_ONLY
SEQ-USR-1468,Unknown,USER,GENERAL_ACTIVITY_SEQUENCE,2026-02-08 05:26:00+00:00,2026-02-08 06:24:00+00:00,3480,7,FW000026115; FW000026989; FW000028153; FW000012388; FW000011640; FW000011562; FW000005447,Firewall,60,0.85,100.0,SINGLE_SOURCE_ONLY
SEQ-USR-1469,Unknown,USER,GENERAL_ACTIVITY_SEQUENCE,2026-02-08 06:47:00+00:00,2026-02-08 07:01:00+00:00,840,2,FW000001695; FW000028751,Firewall,60,0.73,75.0,SINGLE_SOURCE_ONLY
SEQ-USR-1470,Unknown,USER,GENERAL_ACTIVITY_SEQUENCE,2026-02-08 07:49:00+00:00,2026-02-08 08:40:00+00:00,3060,4,FW000015908; FW000004182; FW000028694; FW000005811,Firewall,60,0.81,100.0,SINGLE_SOURCE_ONLY
SEQ-USR-1471,Unknown,USER,GENERAL_ACTIVITY_SEQUENCE,2026-02-08 09:11:00+00:00,2026-02-08 10:05:00+00:00,3240,6,FW000025875; FW000023431; FW000006515; FW000021956; FW000006335; FW000008183,Firewall,60,0.85,100.0,SINGLE_SOURCE_ONLY
SEQ-USR-1472,Unknown,USER,GENERAL_ACTIVITY_SEQUENCE,2026-02-08 10:20:00+00:00,2026-02-08 10:43:00+00:00,1380,2,FW000008569; FW000025855,Firewall,60,0.73,75.0,SINGLE_SOURCE_ONLY
SEQ-USR-1473,Unknown,USER,GENERAL_ACTIVITY_SEQUENCE,2026-02-08 11:21:00+00:00,2026-02-08 12:14:00+00:00,3180,8,FW000027504; FW000022366; FW000009060; FW000027338; FW000007413; FW000011303; FW000019603; FW000022267,Firewall,60,0.85,100.0,SINGLE_SOURCE_ONLY
SEQ-USR-1474,Unknown,USER,GENERAL_ACTIVITY_SEQUENCE,2026-02-08 12:26:00+00:00,2026-02-08 13:16:00+00:00,3000,6,FW000016761; FW000014425; FW000016903; FW000018462; FW000005562; FW000009190,Firewall,60,0.85,100.0,SINGLE_SOURCE_ONLY
SEQ-USR-1475,Unknown,USER,GENERAL_ACTIVITY_SEQUENCE,2026-02-08 13:28:00+00:00,2026-02-08 14:02:00+00:00,2040,4,FW000026305; FW000015641; FW000027594; FW000005980,Firewall,60,0.81,100.0,SINGLE_SOURCE_ONLY
SEQ-USR-1476,Unknown,USER,GENERAL_ACTIVITY_SEQUENCE,2026-02-08 14:30:00+00:00,2026-02-08 15:16:00+00:00,2760,6,FW000028007; FW000027982; FW000009456; FW000008620; FW000017955; FW000003456,Firewall,60,0.85,100.0,SINGLE_SOURCE_ONLY
SEQ-USR-1477,Unknown,USER,GENERAL_ACTIVITY_SEQUENCE,2026-02-08 15:39:00+00:00,2026-02-08 16:23:00+00:00,2640,3,FW000011513; FW000011063; FW000005181,Firewall,60,0.77,90.0,SINGLE_SOURCE_ONLY
SEQ-USR-1478,Unknown,USER,GENERAL_ACTIVITY_SEQUENCE,2026-02-08 16:40:00+00:00,2026-02-08 17:28:00+00:00,2880,4,FW000008477; FW000014796; FW000021353; FW000019559,Firewall,60,0.81,100.0,SINGLE_SOURCE_ONLY
SEQ-USR-1479,Unknown,USER,GENERAL_ACTIVITY_SEQUENCE,2026-02-08 18:12:00+00:00,2026-02-08 18:24:00+00:00,720,3,FW000016785; FW000007799; FW000014165,Firewall,60,0.77,90.0,SINGLE_SOURCE_ONLY
SEQ-USR-1480,Unknown,USER,GENERAL_ACTIVITY_SEQUENCE,2026-02-08 19:28:00+00:00,2026-02-08 20:19:00+00:00,3060,3,FW000011821; FW000015578; FW000021882,Firewall,60,0.77,90.0,SINGLE_SOURCE_ONLY
SEQ-USR-1481,Unknown,USER,GENERAL_ACTIVITY_SEQUENCE,2026-02-08 20:34:00+00:00,2026-02-08 21:19:00+00:00,2700,5,FW000007087; FW000015618; FW000006400; FW000025131; FW000020987,Firewall,60,0.85,100.0,SINGLE_SOURCE_ONLY
SEQ-USR-1482,Unknown,USER,GENERAL_ACTIVITY_SEQUENCE,2026-02-08 21:43:00+00:00,2026-02-08 22:29:00+00:00,2760,8,FW000006663; FW000008348; FW000005343; FW000019276; FW000005777; FW000022811; FW000004781; FW000009363,Firewall,60,0.85,100.0,SINGLE_SOURCE_ONLY
SEQ-USR-1483,Unknown,USER,GENERAL_ACTIVITY_SEQUENCE,2026-02-08 22:52:00+00:00,2026-02-08 23:50:00+00:00,3480,8,FW000012759; FW000004164; FW000028080; FW000001244; FW000008278; FW000004876; FW000004198; FW000019009,Firewall,60,0.85,100.0,SINGLE_SOURCE_ONLY
SEQ-USR-1484,Unknown,USER,GENERAL_ACTIVITY_SEQUENCE,2026-02-09 00:00:00+00:00,2026-02-09 00:50:00+00:00,3000,65,FW000000232; FW000001693; FW000003126; FW000004123; FW000004570; FW000004702; FW000004747; FW000005871; FW000006245; FW000006273; FW000006541; FW000006801; FW000007379; FW000008664; FW000009531; FW000009754; FW000010068; FW000010354; FW000010911; FW000011003; FW000011402; FW000011631; FW000012415; FW000012581; FW000012902; FW000013260; FW000013361; FW000013896; FW000014623; FW000014676; FW000015757; FW000016042; FW000016318; FW000016352; FW000016416; FW000016518; FW000017266; FW000017295; FW000017339; FW000017870; FW000018810; FW000019041; FW000019390; FW000019656; FW000020866; FW000021818; FW000023735; FW000024002; FW000024128; FW000024721; FW000024970; FW000025251; FW000025304; FW000025401; FW000025661; FW000027615; FW000027720; FW000028516; FW000029103; FW000029744; FW000029873; FW000002772; FW000007297; FW000010541; FW000029305,Firewall,60,0.85,100.0,SINGLE_SOURCE_ONLY
SEQ-USR-1485,Unknown,USER,GENERAL_ACTIVITY_SEQUENCE,2026-02-09 01:06:00+00:00,2026-02-09 01:57:00+00:00,3060,2,FW000013876; FW000002668,Firewall,60,0.73,75.0,SINGLE_SOURCE_ONLY
SEQ-USR-1486,Unknown,USER,GENERAL_ACTIVITY_SEQUENCE,2026-02-09 02:11:00+00:00,2026-02-09 02:45:00+00:00,2040,7,FW000003255; FW000013688; FW000011179; FW000026580; FW000008145; FW000014122; FW000002083,Firewall,60,0.85,100.0,SINGLE_SOURCE_ONLY
SEQ-USR-1487,Unknown,USER,GENERAL_ACTIVITY_SEQUENCE,2026-02-09 03:19:00+00:00,2026-02-09 04:19:00+00:00,3600,8,FW000029544; FW000020693; FW000007584; FW000021308; FW000008506; FW000009635; FW000028190; FW000015287,Firewall,60,0.85,100.0,SINGLE_SOURCE_ONLY
SEQ-USR-1488,Unknown,USER,GENERAL_ACTIVITY_SEQUENCE,2026-02-09 04:25:00+00:00,2026-02-09 05:23:00+00:00,3480,3,FW000028845; FW000009548; FW000026552,Firewall,60,0.77,90.0,SINGLE_SOURCE_ONLY
SEQ-USR-1489,Unknown,USER,GENERAL_ACTIVITY_SEQUENCE,2026-02-09 05:41:00+00:00,2026-02-09 06:07:00+00:00,1560,3,FW000023390; FW000016804; FW000015863,Firewall,60,0.77,90.0,SINGLE_SOURCE_ONLY
SEQ-USR-1490,Unknown,USER,GENERAL_ACTIVITY_SEQUENCE,2026-02-09 06:46:00+00:00,2026-02-09 07:45:00+00:00,3540,10,FW000017763; FW000029903; FW000015982; FW000026714; FW000010994; FW000021412; FW000002856; FW000001089; FW000022537; FW000018915,Firewall,60,0.85,100.0,SINGLE_SOURCE_ONLY
SEQ-USR-1491,Unknown,USER,GENERAL_ACTIVITY_SEQUENCE,2026-02-09 07:51:00+00:00,2026-02-09 08:34:00+00:00,2580,5,FW000028899; FW000028775; FW000029479; FW000007284; FW000000017,Firewall,60,0.85,100.0,SINGLE_SOURCE_ONLY
SEQ-USR-1492,Unknown,USER,GENERAL_ACTIVITY_SEQUENCE,2026-02-09 08:54:00+00:00,2026-02-09 09:30:00+00:00,2160,6,FW000007007; FW000017022; FW000024076; FW000017282; FW000014950; FW000014565,Firewall,60,0.85,100.0,SINGLE_SOURCE_ONLY
SEQ-USR-1493,Unknown,USER,GENERAL_ACTIVITY_SEQUENCE,2026-02-09 10:00:00+00:00,2026-02-09 10:44:00+00:00,2640,4,FW000011217; FW000029697; FW000009582; FW000000670,Firewall,60,0.81,100.0,SINGLE_SOURCE_ONLY
SEQ-USR-1494,Unknown,USER,GENERAL_ACTIVITY_SEQUENCE,2026-02-09 11:29:00+00:00,2026-02-09 12:07:00+00:00,2280,6,FW000015800; FW000019022; FW000016614; FW000001733; FW000017947; FW000015974,Firewall,60,0.85,100.0,SINGLE_SOURCE_ONLY
SEQ-USR-1495,Unknown,USER,GENERAL_ACTIVITY_SEQUENCE,2026-02-09 12:37:00+00:00,2026-02-09 13:28:00+00:00,3060,4,FW000004662; FW000015882; FW000001062; FW000008397,Firewall,60,0.81,100.0,SINGLE_SOURCE_ONLY
SEQ-USR-1496,Unknown,USER,GENERAL_ACTIVITY_SEQUENCE,2026-02-09 13:42:00+00:00,2026-02-09 14:39:00+00:00,3420,6,FW000000818; FW000022830; FW000014581; FW000000556; FW000005926; FW000022983,Firewall,60,0.85,100.0,SINGLE_SOURCE_ONLY
SEQ-USR-1497,Unknown,USER,GENERAL_ACTIVITY_SEQUENCE,2026-02-09 14:47:00+00:00,2026-02-09 15:15:00+00:00,1680,4,FW000012630; FW000021051; FW000006519; FW000016658,Firewall,60,0.81,100.0,SINGLE_SOURCE_ONLY
SEQ-USR-1498,Unknown,USER,GENERAL_ACTIVITY_SEQUENCE,2026-02-09 15:52:00+00:00,2026-02-09 16:51:00+00:00,3540,5,FW000002462; FW000001716; FW000020411; FW000028683; FW000000868,Firewall,60,0.85,100.0,SINGLE_SOURCE_ONLY
SEQ-USR-1499,Unknown,USER,GENERAL_ACTIVITY_SEQUENCE,2026-02-09 17:17:00+00:00,2026-02-09 17:47:00+00:00,1800,4,FW000015926; FW000002952; FW000017803; FW000014891,Firewall,60,0.81,100.0,SINGLE_SOURCE_ONLY
SEQ-USR-1500,Unknown,USER,GENERAL_ACTIVITY_SEQUENCE,2026-02-09 18:32:00+00:00,2026-02-09 19:26:00+00:00,3240,6,FW000014463; FW000021668; FW000027614; FW000029617; FW000003091; FW000025099,Firewall,60,0.85,100.0,SINGLE_SOURCE_ONLY
SEQ-USR-1501,Unknown,USER,GENERAL_ACTIVITY_SEQUENCE,2026-02-09 19:50:00+00:00,2026-02-09 20:20:00+00:00,1800,5,FW000003347; FW000018298; FW000016466; FW000018292; FW000016941,Firewall,60,0.85,100.0,SINGLE_SOURCE_ONLY
SEQ-USR-1502,Unknown,USER,GENERAL_ACTIVITY_SEQUENCE,2026-02-09 20:57:00+00:00,2026-02-09 21:57:00+00:00,3600,4,FW000012140; FW000020518; FW000023082; FW000005267,Firewall,60,0.81,100.0,SINGLE_SOURCE_ONLY
SEQ-USR-1503,Unknown,USER,GENERAL_ACTIVITY_SEQUENCE,2026-02-09 22:09:00+00:00,2026-02-09 22:58:00+00:00,2940,5,FW000023760; FW000012399; FW000016259; FW000023063; FW000003359,Firewall,60,0.85,100.0,SINGLE_SOURCE_ONLY
SEQ-USR-1504,Unknown,USER,GENERAL_ACTIVITY_SEQUENCE,2026-02-09 23:14:00+00:00,2026-02-09 23:35:00+00:00,1260,2,FW000010092; FW000027325,Firewall,60,0.73,75.0,SINGLE_SOURCE_ONLY
SEQ-USR-1505,Unknown,USER,GENERAL_ACTIVITY_SEQUENCE,2026-03-08 00:00:00+00:00,2026-03-08 00:04:00+00:00,240,70,FW000000370; FW000000819; FW000001405; FW000001950; FW000001956; FW000003469; FW000003476; FW000003670; FW000003987; FW000004081; FW000004154; FW000004299; FW000004705; FW000004870; FW000005257; FW000005528; FW000006981; FW000007129; FW000007180; FW000008159; FW000008539; FW000009158; FW000010639; FW000010646; FW000011497; FW000011547; FW000012151; FW000012266; FW000013762; FW000013841; FW000013887; FW000014348; FW000015203; FW000015898; FW000016310; FW000016439; FW000016442; FW000016737; FW000017355; FW000017531; FW000018152; FW000018572; FW000019488; FW000020063; FW000021037; FW000021138; FW000021641; FW000021760; FW000021779; FW000021969; FW000022561; FW000022837; FW000023755; FW000024030; FW000024134; FW000024235; FW000024536; FW000024651; FW000025225; FW000025230; FW000025940; FW000026892; FW000027067; FW000027860; FW000028144; FW000029160; FW000029545; FW000029547; FW000029664; FW000014747,Firewall,60,0.85,100.0,SINGLE_SOURCE_ONLY
SEQ-USR-1506,Unknown,USER,GENERAL_ACTIVITY_SEQUENCE,2026-03-08 01:34:00+00:00,2026-03-08 02:33:00+00:00,3540,8,FW000029031; FW000018101; FW000001357; FW000003352; FW000015230; FW000015818; FW000024741; FW000000982,Firewall,60,0.85,100.0,SINGLE_SOURCE_ONLY
SEQ-USR-1507,Unknown,USER,GENERAL_ACTIVITY_SEQUENCE,2026-03-08 02:56:00+00:00,2026-03-08 03:35:00+00:00,2340,3,FW000028714; FW000001943; FW000015069,Firewall,60,0.77,90.0,SINGLE_SOURCE_ONLY
SEQ-USR-1508,Unknown,USER,GENERAL_ACTIVITY_SEQUENCE,2026-03-08 04:23:00+00:00,2026-03-08 05:19:00+00:00,3360,6,FW000019857; FW000002807; FW000020357; FW000007679; FW000026658; FW000012031,Firewall,60,0.85,100.0,SINGLE_SOURCE_ONLY
SEQ-USR-1509,Unknown,USER,GENERAL_ACTIVITY_SEQUENCE,2026-03-08 05:35:00+00:00,2026-03-08 05:57:00+00:00,1320,3,FW000025062; FW000002781; FW000009832,Firewall,60,0.77,90.0,SINGLE_SOURCE_ONLY
SEQ-USR-1510,Unknown,USER,GENERAL_ACTIVITY_SEQUENCE,2026-03-08 06:39:00+00:00,2026-03-08 07:25:00+00:00,2760,4,FW000003159; FW000007341; FW000006182; FW000005092,Firewall,60,0.81,100.0,SINGLE_SOURCE_ONLY
SEQ-USR-1511,Unknown,USER,GENERAL_ACTIVITY_SEQUENCE,2026-03-08 07:46:00+00:00,2026-03-08 08:45:00+00:00,3540,8,FW000029079; FW000007016; FW000022013; FW000009065; FW000002617; FW000025781; FW000015404; FW000018325,Firewall,60,0.85,100.0,SINGLE_SOURCE_ONLY
SEQ-USR-1512,Unknown,USER,GENERAL_ACTIVITY_SEQUENCE,2026-03-08 09:16:00+00:00,2026-03-08 09:55:00+00:00,2340,3,FW000020359; FW000012980; FW000029316,Firewall,60,0.77,90.0,SINGLE_SOURCE_ONLY
SEQ-USR-1513,Unknown,USER,GENERAL_ACTIVITY_SEQUENCE,2026-03-08 10:21:00+00:00,2026-03-08 10:56:00+00:00,2100,3,FW000010505; FW000002295; FW000000656,Firewall,60,0.77,90.0,SINGLE_SOURCE_ONLY
SEQ-USR-1514,Unknown,USER,GENERAL_ACTIVITY_SEQUENCE,2026-03-08 11:36:00+00:00,2026-03-08 12:09:00+00:00,1980,7,FW000014473; FW000017600; FW000002354; FW000003924; FW000008456; FW000002505; FW000019577,Firewall,60,0.85,100.0,SINGLE_SOURCE_ONLY
SEQ-USR-1515,Unknown,USER,GENERAL_ACTIVITY_SEQUENCE,2026-03-08 12:37:00+00:00,2026-03-08 13:19:00+00:00,2520,4,FW000003168; FW000002687; FW000013708; FW000009868,Firewall,60,0.81,100.0,SINGLE_SOURCE_ONLY
SEQ-USR-1516,Unknown,USER,GENERAL_ACTIVITY_SEQUENCE,2026-03-08 13:48:00+00:00,2026-03-08 14:38:00+00:00,3000,7,FW000007149; FW000007272; FW000012183; FW000024895; FW000020900; FW000001934; FW000022438,Firewall,60,0.85,100.0,SINGLE_SOURCE_ONLY
SEQ-USR-1517,Unknown,USER,GENERAL_ACTIVITY_SEQUENCE,2026-03-08 15:06:00+00:00,2026-03-08 16:04:00+00:00,3480,6,FW000010271; FW000022051; FW000020019; FW000000669; FW000008700; FW000024769,Firewall,60,0.85,100.0,SINGLE_SOURCE_ONLY
SEQ-USR-1518,Unknown,USER,GENERAL_ACTIVITY_SEQUENCE,2026-03-08 16:10:00+00:00,2026-03-08 17:09:00+00:00,3540,6,FW000006368; FW000000353; FW000011887; FW000027280; FW000009380; FW000027917,Firewall,60,0.85,100.0,SINGLE_SOURCE_ONLY
SEQ-USR-1519,Unknown,USER,GENERAL_ACTIVITY_SEQUENCE,2026-03-08 17:16:00+00:00,2026-03-08 18:11:00+00:00,3300,7,FW000001665; FW000022349; FW000001649; FW000004259; FW000005266; FW000022186; FW000028925,Firewall,60,0.85,100.0,SINGLE_SOURCE_ONLY
SEQ-USR-1520,Unknown,USER,GENERAL_ACTIVITY_SEQUENCE,2026-03-08 20:05:00+00:00,2026-03-08 20:52:00+00:00,2820,10,FW000010868; FW000011098; FW000001827; FW000028351; FW000017912; FW000019288; FW000001847; FW000000714; FW000019104; FW000019615,Firewall,60,0.85,100.0,SINGLE_SOURCE_ONLY
SEQ-USR-1521,Unknown,USER,GENERAL_ACTIVITY_SEQUENCE,2026-03-08 21:10:00+00:00,2026-03-08 22:03:00+00:00,3180,4,FW000022050; FW000027406; FW000008417; FW000023305,Firewall,60,0.81,100.0,SINGLE_SOURCE_ONLY
SEQ-USR-1522,Unknown,USER,GENERAL_ACTIVITY_SEQUENCE,2026-03-08 22:18:00+00:00,2026-03-08 22:45:00+00:00,1620,4,FW000012240; FW000006928; FW000000560; FW000024430,Firewall,60,0.81,100.0,SINGLE_SOURCE_ONLY
SEQ-USR-1523,Unknown,USER,GENERAL_ACTIVITY_SEQUENCE,2026-03-08 23:41:00+00:00,2026-03-09 00:31:00+00:00,3000,59,FW000027258; FW000005950; FW000000336; FW000000577; FW000000775; FW000001299; FW000001781; FW000002068; FW000002492; FW000002588; FW000003651; FW000003652; FW000004121; FW000004158; FW000004839; FW000005603; FW000006524; FW000007143; FW000007467; FW000007534; FW000007655; FW000008763; FW000010348; FW000010356; FW000010579; FW000010725; FW000011755; FW000012189; FW000013188; FW000013449; FW000013970; FW000015699; FW000016571; FW000017540; FW000017811; FW000017933; FW000018733; FW000020294; FW000021065; FW000022054; FW000022058; FW000022743; FW000022884; FW000023278; FW000023834; FW000023997; FW000024167; FW000024495; FW000025513; FW000025722; FW000025894; FW000025947; FW000026509; FW000027311; FW000029488; FW000029576; FW000008479; FW000027281; FW000027525,Firewall,60,0.85,100.0,SINGLE_SOURCE_ONLY
SEQ-USR-1524,Unknown,USER,GENERAL_ACTIVITY_SEQUENCE,2026-03-09 00:44:00+00:00,2026-03-09 01:34:00+00:00,3000,6,FW000002228; FW000018461; FW000024506; FW000027961; FW000025036; FW000025678,Firewall,60,0.85,100.0,SINGLE_SOURCE_ONLY
SEQ-USR-1525,Unknown,USER,GENERAL_ACTIVITY_SEQUENCE,2026-03-09 01:51:00+00:00,2026-03-09 02:41:00+00:00,3000,7,FW000024163; FW000008634; FW000014485; FW000001752; FW000011103; FW000013894; FW000022682,Firewall,60,0.85,100.0,SINGLE_SOURCE_ONLY
SEQ-USR-1526,Unknown,USER,GENERAL_ACTIVITY_SEQUENCE,2026-03-09 02:56:00+00:00,2026-03-09 03:14:00+00:00,1080,4,FW000012091; FW000026652; FW000004213; FW000023803,Firewall,60,0.81,100.0,SINGLE_SOURCE_ONLY
SEQ-USR-1527,Unknown,USER,GENERAL_ACTIVITY_SEQUENCE,2026-03-09 03:58:00+00:00,2026-03-09 04:53:00+00:00,3300,6,FW000022328; FW000020110; FW000023812; FW000017021; FW000015688; FW000021830,Firewall,60,0.85,100.0,SINGLE_SOURCE_ONLY
SEQ-USR-1528,Unknown,USER,GENERAL_ACTIVITY_SEQUENCE,2026-03-09 04:59:00+00:00,2026-03-09 05:50:00+00:00,3060,4,FW000008347; FW000021864; FW000001568; FW000007972,Firewall,60,0.81,100.0,SINGLE_SOURCE_ONLY
SEQ-USR-1529,Unknown,USER,GENERAL_ACTIVITY_SEQUENCE,2026-03-09 06:07:00+00:00,2026-03-09 06:48:00+00:00,2460,5,FW000010949; FW000019136; FW000005353; FW000011150; FW000027954,Firewall,60,0.85,100.0,SINGLE_SOURCE_ONLY
SEQ-USR-1530,Unknown,USER,GENERAL_ACTIVITY_SEQUENCE,2026-03-09 07:16:00+00:00,2026-03-09 08:04:00+00:00,2880,3,FW000022570; FW000027313; FW000004803,Firewall,60,0.77,90.0,SINGLE_SOURCE_ONLY
SEQ-USR-1531,Unknown,USER,GENERAL_ACTIVITY_SEQUENCE,2026-03-09 08:19:00+00:00,2026-03-09 09:17:00+00:00,3480,5,FW000019596; FW000002185; FW000000543; FW000008687; FW000028874,Firewall,60,0.85,100.0,SINGLE_SOURCE_ONLY
SEQ-USR-1532,Unknown,USER,GENERAL_ACTIVITY_SEQUENCE,2026-03-09 09:33:00+00:00,2026-03-09 10:26:00+00:00,3180,4,FW000022188; FW000003129; FW000023770; FW000001150,Firewall,60,0.81,100.0,SINGLE_SOURCE_ONLY
SEQ-USR-1533,Unknown,USER,GENERAL_ACTIVITY_SEQUENCE,2026-03-09 10:38:00+00:00,2026-03-09 11:36:00+00:00,3480,6,FW000001726; FW000001066; FW000020066; FW000011383; FW000003989; FW000029546,Firewall,60,0.85,100.0,SINGLE_SOURCE_ONLY
SEQ-USR-1534,Unknown,USER,GENERAL_ACTIVITY_SEQUENCE,2026-03-09 11:39:00+00:00,2026-03-09 12:30:00+00:00,3060,9,FW000019410; FW000016561; FW000024372; FW000002845; FW000006807; FW000013168; FW000010215; FW000024988; FW000010185,Firewall,60,0.85,100.0,SINGLE_SOURCE_ONLY
SEQ-USR-1535,Unknown,USER,GENERAL_ACTIVITY_SEQUENCE,2026-03-09 12:49:00+00:00,2026-03-09 13:30:00+00:00,2460,7,FW000018560; FW000024578; FW000029615; FW000028402; FW000006763; FW000025921; FW000014837,Firewall,60,0.85,100.0,SINGLE_SOURCE_ONLY
SEQ-USR-1536,Unknown,USER,GENERAL_ACTIVITY_SEQUENCE,2026-03-09 13:58:00+00:00,2026-03-09 14:49:00+00:00,3060,6,FW000013566; FW000017851; FW000014146; FW000028967; FW000021018; FW000021302,Firewall,60,0.85,100.0,SINGLE_SOURCE_ONLY
SEQ-USR-1537,Unknown,USER,GENERAL_ACTIVITY_SEQUENCE,2026-03-09 15:21:00+00:00,2026-03-09 16:01:00+00:00,2400,4,FW000022999; FW000019193; FW000015504; FW000024184,Firewall,60,0.81,100.0,SINGLE_SOURCE_ONLY
SEQ-USR-1538,Unknown,USER,GENERAL_ACTIVITY_SEQUENCE,2026-03-09 16:31:00+00:00,2026-03-09 16:54:00+00:00,1380,2,FW000000793; FW000000552,Firewall,60,0.73,75.0,SINGLE_SOURCE_ONLY
SEQ-USR-1539,Unknown,USER,GENERAL_ACTIVITY_SEQUENCE,2026-03-09 18:39:00+00:00,2026-03-09 19:30:00+00:00,3060,6,FW000022179; FW000026902; FW000007819; FW000003083; FW000017178; FW000024197,Firewall,60,0.85,100.0,SINGLE_SOURCE_ONLY
SEQ-USR-1540,Unknown,USER,GENERAL_ACTIVITY_SEQUENCE,2026-03-09 19:49:00+00:00,2026-03-09 20:24:00+00:00,2100,8,FW000003272; FW000006267; FW000015046; FW000009768; FW000026560; FW000020299; FW000008167; FW000021508,Firewall,60,0.85,100.0,SINGLE_SOURCE_ONLY
SEQ-USR-1541,Unknown,USER,GENERAL_ACTIVITY_SEQUENCE,2026-03-09 21:32:00+00:00,2026-03-09 22:19:00+00:00,2820,7,FW000028863; FW000026218; FW000012440; FW000024772; FW000014593; FW000017231; FW000010801,Firewall,60,0.85,100.0,SINGLE_SOURCE_ONLY
SEQ-USR-1542,Unknown,USER,GENERAL_ACTIVITY_SEQUENCE,2026-03-09 22:41:00+00:00,2026-03-09 23:18:00+00:00,2220,3,FW000011467; FW000007804; FW000000717,Firewall,60,0.77,90.0,SINGLE_SOURCE_ONLY
SEQ-USR-1543,Unknown,USER,GENERAL_ACTIVITY_SEQUENCE,2026-03-09 23:54:00+00:00,2026-03-09 23:54:00+00:00,0,2,FW000015279; FW000027146,Firewall,60,0.73,75.0,SINGLE_SOURCE_ONLY; IDENTICAL_TIMESTAMP_WINDOW
SEQ-USR-1544,Unknown,USER,GENERAL_ACTIVITY_SEQUENCE,2026-04-08 00:00:00+00:00,2026-04-08 00:55:00+00:00,3300,70,FW000000191; FW000000382; FW000000827; FW000000858; FW000001079; FW000001369; FW000001487; FW000001748; FW000002541; FW000002626; FW000003719; FW000004554; FW000005354; FW000005384; FW000006511; FW000006704; FW000006821; FW000006835; FW000007163; FW000007585; FW000007734; FW000008554; FW000008874; FW000009013; FW000009454; FW000009569; FW000010136; FW000010586; FW000010976; FW000011153; FW000011381; FW000013331; FW000013942; FW000014375; FW000014466; FW000014588; FW000015191; FW000016367; FW000016418; FW000016896; FW000016962; FW000017018; FW000017419; FW000017823; FW000017857; FW000018876; FW000019676; FW000020629; FW000021738; FW000022122; FW000022300; FW000022988; FW000023264; FW000023702; FW000024079; FW000024181; FW000024324; FW000025547; FW000026371; FW000026833; FW000026874; FW000026928; FW000028604; FW000029230; FW000009307; FW000025065; FW000000892; FW000019509; FW000024712; FW000006451,Firewall,60,0.85,100.0,SINGLE_SOURCE_ONLY
SEQ-USR-1545,Unknown,USER,GENERAL_ACTIVITY_SEQUENCE,2026-04-08 01:01:00+00:00,2026-04-08 01:42:00+00:00,2460,3,FW000014973; FW000014677; FW000015872,Firewall,60,0.77,90.0,SINGLE_SOURCE_ONLY
SEQ-USR-1546,Unknown,USER,GENERAL_ACTIVITY_SEQUENCE,2026-04-08 02:07:00+00:00,2026-04-08 02:38:00+00:00,1860,2,FW000003968; FW000004307,Firewall,60,0.73,75.0,SINGLE_SOURCE_ONLY
SEQ-USR-1547,Unknown,USER,GENERAL_ACTIVITY_SEQUENCE,2026-04-08 03:34:00+00:00,2026-04-08 04:32:00+00:00,3480,7,FW000010683; FW000025639; FW000025198; FW000026433; FW000001438; FW000020287; FW000023543,Firewall,60,0.85,100.0,SINGLE_SOURCE_ONLY
SEQ-USR-1548,Unknown,USER,GENERAL_ACTIVITY_SEQUENCE,2026-04-08 04:44:00+00:00,2026-04-08 05:33:00+00:00,2940,5,FW000006865; FW000016136; FW000019414; FW000024544; FW000014948,Firewall,60,0.85,100.0,SINGLE_SOURCE_ONLY
SEQ-USR-1549,Unknown,USER,GENERAL_ACTIVITY_SEQUENCE,2026-04-08 05:46:00+00:00,2026-04-08 06:44:00+00:00,3480,5,FW000007174; FW000029435; FW000003351; FW000000683; FW000026675,Firewall,60,0.85,100.0,SINGLE_SOURCE_ONLY
SEQ-USR-1550,Unknown,USER,GENERAL_ACTIVITY_SEQUENCE,2026-04-08 07:05:00+00:00,2026-04-08 07:59:00+00:00,3240,7,FW000008343; FW000016251; FW000005137; FW000014624; FW000024064; FW000021495; FW000019198,Firewall,60,0.85,100.0,SINGLE_SOURCE_ONLY
SEQ-USR-1551,Unknown,USER,GENERAL_ACTIVITY_SEQUENCE,2026-04-08 08:17:00+00:00,2026-04-08 08:56:00+00:00,2340,4,FW000018653; FW000004838; FW000024081; FW000026626,Firewall,60,0.81,100.0,SINGLE_SOURCE_ONLY
SEQ-USR-1552,Unknown,USER,GENERAL_ACTIVITY_SEQUENCE,2026-04-08 09:21:00+00:00,2026-04-08 10:18:00+00:00,3420,7,FW000018168; FW000024251; FW000029161; FW000000250; FW000023008; FW000027783; FW000022877,Firewall,60,0.85,100.0,SINGLE_SOURCE_ONLY
SEQ-USR-1553,Unknown,USER,GENERAL_ACTIVITY_SEQUENCE,2026-04-08 10:26:00+00:00,2026-04-08 11:24:00+00:00,3480,7,FW000018246; FW000006799; FW000029166; FW000014919; FW000020098; FW000015259; FW000025709,Firewall,60,0.85,100.0,SINGLE_SOURCE_ONLY
SEQ-USR-1554,Unknown,USER,GENERAL_ACTIVITY_SEQUENCE,2026-04-08 11:33:00+00:00,2026-04-08 12:32:00+00:00,3540,5,FW000012760; FW000026995; FW000007564; FW000022714; FW000029065,Firewall,60,0.85,100.0,SINGLE_SOURCE_ONLY
SEQ-USR-1555,Unknown,USER,GENERAL_ACTIVITY_SEQUENCE,2026-04-08 12:34:00+00:00,2026-04-08 13:16:00+00:00,2520,7,FW000029872; FW000001104; FW000028160; FW000011128; FW000011630; FW000017696; FW000005364,Firewall,60,0.85,100.0,SINGLE_SOURCE_ONLY
SEQ-USR-1556,Unknown,USER,GENERAL_ACTIVITY_SEQUENCE,2026-04-08 13:41:00+00:00,2026-04-08 14:37:00+00:00,3360,4,FW000024068; FW000005191; FW000021804; FW000012845,Firewall,60,0.81,100.0,SINGLE_SOURCE_ONLY
SEQ-USR-1557,Unknown,USER,GENERAL_ACTIVITY_SEQUENCE,2026-04-08 14:45:00+00:00,2026-04-08 15:31:00+00:00,2760,5,FW000007637; FW000013821; FW000006730; FW000022854; FW000026016,Firewall,60,0.85,100.0,SINGLE_SOURCE_ONLY
SEQ-USR-1558,Unknown,USER,GENERAL_ACTIVITY_SEQUENCE,2026-04-08 16:14:00+00:00,2026-04-08 17:04:00+00:00,3000,4,FW000019788; FW000016987; FW000022482; FW000000009,Firewall,60,0.81,100.0,SINGLE_SOURCE_ONLY
SEQ-USR-1559,Unknown,USER,GENERAL_ACTIVITY_SEQUENCE,2026-04-08 17:35:00+00:00,2026-04-08 17:49:00+00:00,840,3,FW000016750; FW000006646; FW000021832,Firewall,60,0.77,90.0,SINGLE_SOURCE_ONLY
SEQ-USR-1560,Unknown,USER,GENERAL_ACTIVITY_SEQUENCE,2026-04-08 18:48:00+00:00,2026-04-08 19:45:00+00:00,3420,6,FW000008192; FW000009544; FW000007375; FW000001884; FW000005029; FW000023551,Firewall,60,0.85,100.0,SINGLE_SOURCE_ONLY
SEQ-USR-1561,Unknown,USER,GENERAL_ACTIVITY_SEQUENCE,2026-04-08 19:49:00+00:00,2026-04-08 20:43:00+00:00,3240,4,FW000026727; FW000001849; FW000004012; FW000009311,Firewall,60,0.81,100.0,SINGLE_SOURCE_ONLY
SEQ-USR-1562,Unknown,USER,GENERAL_ACTIVITY_SEQUENCE,2026-04-08 20:52:00+00:00,2026-04-08 21:37:00+00:00,2700,5,FW000002011; FW000024424; FW000017459; FW000021836; FW000001538,Firewall,60,0.85,100.0,SINGLE_SOURCE_ONLY
SEQ-USR-1563,Unknown,USER,GENERAL_ACTIVITY_SEQUENCE,2026-04-08 21:58:00+00:00,2026-04-08 22:48:00+00:00,3000,3,FW000012433; FW000012766; FW000004912,Firewall,60,0.77,90.0,SINGLE_SOURCE_ONLY
SEQ-USR-1564,Unknown,USER,GENERAL_ACTIVITY_SEQUENCE,2026-04-08 23:07:00+00:00,2026-04-09 00:00:00+00:00,3180,59,FW000002846; FW000028318; FW000029500; FW000022630; FW000026183; FW000010124; FW000004478; FW000002030; FW000002590; FW000002741; FW000002966; FW000005175; FW000005973; FW000006212; FW000006549; FW000006734; FW000007039; FW000008189; FW000009913; FW000011139; FW000011320; FW000011559; FW000011858; FW000012956; FW000013160; FW000013368; FW000014121; FW000014850; FW000015050; FW000015110; FW000015245; FW000015935; FW000017818; FW000017904; FW000018305; FW000019205; FW000019300; FW000020030; FW000020096; FW000020779; FW000021136; FW000021396; FW000021549; FW000021993; FW000022466; FW000023259; FW000023425; FW000024129; FW000024804; FW000024842; FW000025024; FW000025964; FW000026924; FW000027179; FW000027382; FW000027700; FW000028239; FW000029193; FW000029595,Firewall,60,0.85,100.0,SINGLE_SOURCE_ONLY
SEQ-USR-1565,Unknown,USER,GENERAL_ACTIVITY_SEQUENCE,2026-04-09 00:13:00+00:00,2026-04-09 00:52:00+00:00,2340,3,FW000025469; FW000019244; FW000019942,Firewall,60,0.77,90.0,SINGLE_SOURCE_ONLY
SEQ-USR-1566,Unknown,USER,GENERAL_ACTIVITY_SEQUENCE,2026-04-09 01:22:00+00:00,2026-04-09 02:00:00+00:00,2280,6,FW000003556; FW000018516; FW000003808; FW000022906; FW000003822; FW000017821,Firewall,60,0.85,100.0,SINGLE_SOURCE_ONLY
SEQ-USR-1567,Unknown,USER,GENERAL_ACTIVITY_SEQUENCE,2026-04-09 02:27:00+00:00,2026-04-09 03:20:00+00:00,3180,6,FW000013940; FW000007017; FW000008185; FW000025874; FW000017433; FW000018776,Firewall,60,0.85,100.0,SINGLE_SOURCE_ONLY
SEQ-USR-1568,Unknown,USER,GENERAL_ACTIVITY_SEQUENCE,2026-04-09 03:42:00+00:00,2026-04-09 04:23:00+00:00,2460,7,FW000009400; FW000025858; FW000020791; FW000014314; FW000029258; FW000028095; FW000029431,Firewall,60,0.85,100.0,SINGLE_SOURCE_ONLY
SEQ-USR-1569,Unknown,USER,GENERAL_ACTIVITY_SEQUENCE,2026-04-09 05:11:00+00:00,2026-04-09 05:25:00+00:00,840,4,FW000004722; FW000008998; FW000022298; FW000012926,Firewall,60,0.81,100.0,SINGLE_SOURCE_ONLY
SEQ-USR-1570,Unknown,USER,GENERAL_ACTIVITY_SEQUENCE,2026-04-09 06:28:00+00:00,2026-04-09 06:52:00+00:00,1440,4,FW000002315; FW000020647; FW000013755; FW000028736,Firewall,60,0.81,100.0,SINGLE_SOURCE_ONLY
SEQ-USR-1571,Unknown,USER,GENERAL_ACTIVITY_SEQUENCE,2026-04-09 07:33:00+00:00,2026-04-09 08:27:00+00:00,3240,3,FW000026341; FW000011440; FW000016297,Firewall,60,0.77,90.0,SINGLE_SOURCE_ONLY
SEQ-USR-1572,Unknown,USER,GENERAL_ACTIVITY_SEQUENCE,2026-04-09 08:35:00+00:00,2026-04-09 09:33:00+00:00,3480,7,FW000017378; FW000000644; FW000001381; FW000001837; FW000016840; FW000012045; FW000014243,Firewall,60,0.85,100.0,SINGLE_SOURCE_ONLY
SEQ-USR-1573,Unknown,USER,GENERAL_ACTIVITY_SEQUENCE,2026-04-09 09:51:00+00:00,2026-04-09 10:48:00+00:00,3420,4,FW000026795; FW000017331; FW000024752; FW000028985,Firewall,60,0.81,100.0,SINGLE_SOURCE_ONLY
SEQ-USR-1574,Unknown,USER,GENERAL_ACTIVITY_SEQUENCE,2026-04-09 10:59:00+00:00,2026-04-09 11:22:00+00:00,1380,4,FW000019696; FW000007643; FW000017224; FW000014267,Firewall,60,0.81,100.0,SINGLE_SOURCE_ONLY
SEQ-USR-1575,Unknown,USER,GENERAL_ACTIVITY_SEQUENCE,2026-04-09 12:03:00+00:00,2026-04-09 12:57:00+00:00,3240,4,FW000028989; FW000006672; FW000011243; FW000006089,Firewall,60,0.81,100.0,SINGLE_SOURCE_ONLY
SEQ-USR-1576,Unknown,USER,GENERAL_ACTIVITY_SEQUENCE,2026-04-09 13:27:00+00:00,2026-04-09 14:26:00+00:00,3540,4,FW000010049; FW000000064; FW000013926; FW000020818,Firewall,60,0.81,100.0,SINGLE_SOURCE_ONLY
SEQ-USR-1577,Unknown,USER,GENERAL_ACTIVITY_SEQUENCE,2026-04-09 14:41:00+00:00,2026-04-09 15:32:00+00:00,3060,8,FW000016279; FW000017529; FW000005532; FW000004959; FW000015640; FW000029088; FW000027658; FW000001409,Firewall,60,0.85,100.0,SINGLE_SOURCE_ONLY
SEQ-USR-1578,Unknown,USER,GENERAL_ACTIVITY_SEQUENCE,2026-04-09 15:48:00+00:00,2026-04-09 16:30:00+00:00,2520,6,FW000022310; FW000000443; FW000020089; FW000028406; FW000029780; FW000024602,Firewall,60,0.85,100.0,SINGLE_SOURCE_ONLY
SEQ-USR-1579,Unknown,USER,GENERAL_ACTIVITY_SEQUENCE,2026-04-09 16:50:00+00:00,2026-04-09 17:45:00+00:00,3300,8,FW000013087; FW000027126; FW000005881; FW000018366; FW000001235; FW000002730; FW000023693; FW000026869,Firewall,60,0.85,100.0,SINGLE_SOURCE_ONLY
SEQ-USR-1580,Unknown,USER,GENERAL_ACTIVITY_SEQUENCE,2026-04-09 17:55:00+00:00,2026-04-09 18:54:00+00:00,3540,6,FW000012267; FW000020441; FW000004748; FW000012989; FW000020660; FW000016313,Firewall,60,0.85,100.0,SINGLE_SOURCE_ONLY
SEQ-USR-1581,Unknown,USER,GENERAL_ACTIVITY_SEQUENCE,2026-04-09 19:09:00+00:00,2026-04-09 20:07:00+00:00,3480,6,FW000006228; FW000015364; FW000024648; FW000015947; FW000005492; FW000013744,Firewall,60,0.85,100.0,SINGLE_SOURCE_ONLY
SEQ-USR-1582,Unknown,USER,GENERAL_ACTIVITY_SEQUENCE,2026-04-09 20:20:00+00:00,2026-04-09 20:36:00+00:00,960,2,FW000029747; FW000010432,Firewall,60,0.73,75.0,SINGLE_SOURCE_ONLY
SEQ-USR-1583,Unknown,USER,GENERAL_ACTIVITY_SEQUENCE,2026-04-09 21:24:00+00:00,2026-04-09 21:50:00+00:00,1560,2,FW000026540; FW000023675,Firewall,60,0.73,75.0,SINGLE_SOURCE_ONLY
SEQ-USR-1584,Unknown,USER,GENERAL_ACTIVITY_SEQUENCE,2026-04-09 22:55:00+00:00,2026-04-09 23:55:00+00:00,3600,3,FW000013278; FW000022421; FW000012116,Firewall,60,0.77,90.0,SINGLE_SOURCE_ONLY
SEQ-USR-1585,Unknown,USER,GENERAL_ACTIVITY_SEQUENCE,2026-05-08 00:00:00+00:00,2026-05-08 00:48:00+00:00,2880,68,FW000000223; FW000000588; FW000000836; FW000001026; FW000001116; FW000002114; FW000002439; FW000002468; FW000002556; FW000003279; FW000003850; FW000004142; FW000004348; FW000004962; FW000005458; FW000006162; FW000006808; FW000006810; FW000007669; FW000008284; FW000008395; FW000008450; FW000008465; FW000008862; FW000009216; FW000009581; FW000010482; FW000011265; FW000011653; FW000012148; FW000012634; FW000013184; FW000013855; FW000014976; FW000015036; FW000015867; FW000016160; FW000016293; FW000016588; FW000016947; FW000017095; FW000017417; FW000017641; FW000018460; FW000018800; FW000018968; FW000018994; FW000019264; FW000019949; FW000020867; FW000022078; FW000022545; FW000024723; FW000024921; FW000024993; FW000025287; FW000025292; FW000025837; FW000026959; FW000027739; FW000027776; FW000028927; FW000029543; FW000026942; FW000011911; FW000003772; FW000011882; FW000010255,Firewall,60,0.85,100.0,SINGLE_SOURCE_ONLY
SEQ-USR-1586,Unknown,USER,GENERAL_ACTIVITY_SEQUENCE,2026-05-08 01:54:00+00:00,2026-05-08 02:53:00+00:00,3540,7,FW000003433; FW000023084; FW000014198; FW000001192; FW000029172; FW000007969; FW000012698,Firewall,60,0.85,100.0,SINGLE_SOURCE_ONLY
SEQ-USR-1587,Unknown,USER,GENERAL_ACTIVITY_SEQUENCE,2026-05-08 02:58:00+00:00,2026-05-08 03:50:00+00:00,3120,5,FW000015239; FW000019761; FW000007012; FW000010087; FW000017160,Firewall,60,0.85,100.0,SINGLE_SOURCE_ONLY
SEQ-USR-1588,Unknown,USER,GENERAL_ACTIVITY_SEQUENCE,2026-05-08 03:59:00+00:00,2026-05-08 04:54:00+00:00,3300,6,FW000001997; FW000017856; FW000011154; FW000002950; FW000005317; FW000013189,Firewall,60,0.85,100.0,SINGLE_SOURCE_ONLY
SEQ-USR-1589,Unknown,USER,GENERAL_ACTIVITY_SEQUENCE,2026-05-08 05:15:00+00:00,2026-05-08 06:11:00+00:00,3360,4,FW000002351; FW000017748; FW000029367; FW000024850,Firewall,60,0.81,100.0,SINGLE_SOURCE_ONLY
SEQ-USR-1590,Unknown,USER,GENERAL_ACTIVITY_SEQUENCE,2026-05-08 06:22:00+00:00,2026-05-08 07:19:00+00:00,3420,5,FW000027345; FW000004288; FW000004945; FW000009313; FW000006989,Firewall,60,0.85,100.0,SINGLE_SOURCE_ONLY
SEQ-USR-1591,Unknown,USER,GENERAL_ACTIVITY_SEQUENCE,2026-05-08 07:26:00+00:00,2026-05-08 08:12:00+00:00,2760,6,FW000021038; FW000026022; FW000001626; FW000024590; FW000025015; FW000022727,Firewall,60,0.85,100.0,SINGLE_SOURCE_ONLY
SEQ-USR-1592,Unknown,USER,GENERAL_ACTIVITY_SEQUENCE,2026-05-08 09:09:00+00:00,2026-05-08 09:46:00+00:00,2220,4,FW000017609; FW000018111; FW000020763; FW000017591,Firewall,60,0.81,100.0,SINGLE_SOURCE_ONLY
SEQ-USR-1593,Unknown,USER,GENERAL_ACTIVITY_SEQUENCE,2026-05-08 10:19:00+00:00,2026-05-08 11:09:00+00:00,3000,8,FW000028463; FW000004183; FW000009097; FW000013482; FW000023244; FW000024984; FW000016011; FW000008745,Firewall,60,0.85,100.0,SINGLE_SOURCE_ONLY
SEQ-USR-1594,Unknown,USER,GENERAL_ACTIVITY_SEQUENCE,2026-05-08 11:23:00+00:00,2026-05-08 12:20:00+00:00,3420,6,FW000006211; FW000025848; FW000002863; FW000005420; FW000023948; FW000020884,Firewall,60,0.85,100.0,SINGLE_SOURCE_ONLY
SEQ-USR-1595,Unknown,USER,GENERAL_ACTIVITY_SEQUENCE,2026-05-08 12:25:00+00:00,2026-05-08 13:13:00+00:00,2880,6,FW000000467; FW000014813; FW000015846; FW000026471; FW000013253; FW000010244,Firewall,60,0.85,100.0,SINGLE_SOURCE_ONLY
SEQ-USR-1596,Unknown,USER,GENERAL_ACTIVITY_SEQUENCE,2026-05-08 13:42:00+00:00,2026-05-08 14:34:00+00:00,3120,4,FW000015140; FW000015559; FW000009765; FW000010101,Firewall,60,0.81,100.0,SINGLE_SOURCE_ONLY
SEQ-USR-1597,Unknown,USER,GENERAL_ACTIVITY_SEQUENCE,2026-05-08 14:55:00+00:00,2026-05-08 15:54:00+00:00,3540,8,FW000012596; FW000028468; FW000009129; FW000028957; FW000007266; FW000010544; FW000017265; FW000003041,Firewall,60,0.85,100.0,SINGLE_SOURCE_ONLY
SEQ-USR-1598,Unknown,USER,GENERAL_ACTIVITY_SEQUENCE,2026-05-08 16:10:00+00:00,2026-05-08 16:37:00+00:00,1620,4,FW000024898; FW000026247; FW000006157; FW000026244,Firewall,60,0.81,100.0,SINGLE_SOURCE_ONLY
SEQ-USR-1599,Unknown,USER,GENERAL_ACTIVITY_SEQUENCE,2026-05-08 17:26:00+00:00,2026-05-08 18:25:00+00:00,3540,10,FW000009378; FW000028996; FW000009618; FW000003640; FW000027260; FW000018064; FW000014526; FW000006074; FW000009204; FW000006015,Firewall,60,0.85,100.0,SINGLE_SOURCE_ONLY
SEQ-USR-1600,Unknown,USER,GENERAL_ACTIVITY_SEQUENCE,2026-05-08 18:31:00+00:00,2026-05-08 19:31:00+00:00,3600,8,FW000027877; FW000026706; FW000026146; FW000009492; FW000005180; FW000003107; FW000006506; FW000022574,Firewall,60,0.85,100.0,SINGLE_SOURCE_ONLY
SEQ-USR-1601,Unknown,USER,GENERAL_ACTIVITY_SEQUENCE,2026-05-08 19:54:00+00:00,2026-05-08 20:17:00+00:00,1380,3,FW000027092; FW000015085; FW000020506,Firewall,60,0.77,90.0,SINGLE_SOURCE_ONLY
SEQ-USR-1602,Unknown,USER,GENERAL_ACTIVITY_SEQUENCE,2026-05-08 21:04:00+00:00,2026-05-08 21:41:00+00:00,2220,6,FW000009124; FW000027163; FW000027377; FW000023426; FW000027611; FW000013824,Firewall,60,0.85,100.0,SINGLE_SOURCE_ONLY
SEQ-USR-1603,Unknown,USER,GENERAL_ACTIVITY_SEQUENCE,2026-05-08 22:08:00+00:00,2026-05-08 22:47:00+00:00,2340,7,FW000029691; FW000001146; FW000016193; FW000004727; FW000000425; FW000002740; FW000008345,Firewall,60,0.85,100.0,SINGLE_SOURCE_ONLY
SEQ-USR-1604,Unknown,USER,GENERAL_ACTIVITY_SEQUENCE,2026-05-08 23:38:00+00:00,2026-05-09 00:38:00+00:00,3600,70,FW000015476; FW000005693; FW000020852; FW000027856; FW000000037; FW000000189; FW000000208; FW000000241; FW000001914; FW000001924; FW000002100; FW000002331; FW000002405; FW000002828; FW000003786; FW000004453; FW000005120; FW000005890; FW000006193; FW000006199; FW000006467; FW000006587; FW000006717; FW000007398; FW000008356; FW000008360; FW000008558; FW000009287; FW000011223; FW000011348; FW000012447; FW000013142; FW000013296; FW000013342; FW000014437; FW000016230; FW000016356; FW000016366; FW000016576; FW000016961; FW000017311; FW000018081; FW000018125; FW000018808; FW000019275; FW000019642; FW000019649; FW000019736; FW000019907; FW000020235; FW000020996; FW000021029; FW000021046; FW000021686; FW000021778; FW000022354; FW000022356; FW000022768; FW000023206; FW000023352; FW000023767; FW000023892; FW000024348; FW000025104; FW000025217; FW000025693; FW000026486; FW000026841; FW000003958; FW000026911,Firewall,60,0.85,100.0,SINGLE_SOURCE_ONLY
SEQ-USR-1605,Unknown,USER,GENERAL_ACTIVITY_SEQUENCE,2026-05-09 00:40:00+00:00,2026-05-09 01:09:00+00:00,1740,4,FW000017895; FW000011785; FW000028513; FW000014200,Firewall,60,0.81,100.0,SINGLE_SOURCE_ONLY
SEQ-USR-1606,Unknown,USER,GENERAL_ACTIVITY_SEQUENCE,2026-05-09 01:46:00+00:00,2026-05-09 02:30:00+00:00,2640,5,FW000028761; FW000009727; FW000006953; FW000028199; FW000010492,Firewall,60,0.85,100.0,SINGLE_SOURCE_ONLY
SEQ-USR-1607,Unknown,USER,GENERAL_ACTIVITY_SEQUENCE,2026-05-09 03:07:00+00:00,2026-05-09 03:50:00+00:00,2580,7,FW000011073; FW000023883; FW000013638; FW000005385; FW000001270; FW000006969; FW000023879,Firewall,60,0.85,100.0,SINGLE_SOURCE_ONLY
SEQ-USR-1608,Unknown,USER,GENERAL_ACTIVITY_SEQUENCE,2026-05-09 04:24:00+00:00,2026-05-09 05:19:00+00:00,3300,8,FW000000266; FW000016140; FW000019137; FW000006645; FW000010304; FW000006862; FW000003191; FW000011970,Firewall,60,0.85,100.0,SINGLE_SOURCE_ONLY
SEQ-USR-1609,Unknown,USER,GENERAL_ACTIVITY_SEQUENCE,2026-05-09 05:26:00+00:00,2026-05-09 06:01:00+00:00,2100,4,FW000027549; FW000022514; FW000027232; FW000027418,Firewall,60,0.81,100.0,SINGLE_SOURCE_ONLY
SEQ-USR-1610,Unknown,USER,GENERAL_ACTIVITY_SEQUENCE,2026-05-09 06:28:00+00:00,2026-05-09 07:16:00+00:00,2880,4,FW000016680; FW000022469; FW000026389; FW000002759,Firewall,60,0.81,100.0,SINGLE_SOURCE_ONLY
SEQ-USR-1611,Unknown,USER,GENERAL_ACTIVITY_SEQUENCE,2026-05-09 08:15:00+00:00,2026-05-09 09:14:00+00:00,3540,7,FW000018703; FW000017686; FW000024909; FW000013119; FW000025488; FW000011899; FW000006364,Firewall,60,0.85,100.0,SINGLE_SOURCE_ONLY
SEQ-USR-1612,Unknown,USER,GENERAL_ACTIVITY_SEQUENCE,2026-05-09 09:17:00+00:00,2026-05-09 10:15:00+00:00,3480,5,FW000014533; FW000000270; FW000009641; FW000007873; FW000029448,Firewall,60,0.85,100.0,SINGLE_SOURCE_ONLY
SEQ-USR-1613,Unknown,USER,GENERAL_ACTIVITY_SEQUENCE,2026-05-09 10:19:00+00:00,2026-05-09 11:18:00+00:00,3540,7,FW000009242; FW000028506; FW000012867; FW000004384; FW000022207; FW000025805; FW000017257,Firewall,60,0.85,100.0,SINGLE_SOURCE_ONLY
SEQ-USR-1614,Unknown,USER,GENERAL_ACTIVITY_SEQUENCE,2026-05-09 11:28:00+00:00,2026-05-09 12:26:00+00:00,3480,4,FW000004602; FW000010998; FW000027189; FW000000363,Firewall,60,0.81,100.0,SINGLE_SOURCE_ONLY
SEQ-USR-1615,Unknown,USER,GENERAL_ACTIVITY_SEQUENCE,2026-05-09 12:59:00+00:00,2026-05-09 13:44:00+00:00,2700,5,FW000001999; FW000000302; FW000012020; FW000006062; FW000007980,Firewall,60,0.85,100.0,SINGLE_SOURCE_ONLY
SEQ-USR-1616,Unknown,USER,GENERAL_ACTIVITY_SEQUENCE,2026-05-09 14:05:00+00:00,2026-05-09 14:44:00+00:00,2340,4,FW000019739; FW000007483; FW000009091; FW000027876,Firewall,60,0.81,100.0,SINGLE_SOURCE_ONLY
SEQ-USR-1617,Unknown,USER,GENERAL_ACTIVITY_SEQUENCE,2026-05-09 15:31:00+00:00,2026-05-09 16:24:00+00:00,3180,6,FW000003134; FW000018418; FW000016128; FW000017742; FW000016910; FW000002721,Firewall,60,0.85,100.0,SINGLE_SOURCE_ONLY
SEQ-USR-1618,Unknown,USER,GENERAL_ACTIVITY_SEQUENCE,2026-05-09 16:52:00+00:00,2026-05-09 17:10:00+00:00,1080,3,FW000002300; FW000006396; FW000003080,Firewall,60,0.77,90.0,SINGLE_SOURCE_ONLY
SEQ-USR-1619,Unknown,USER,GENERAL_ACTIVITY_SEQUENCE,2026-05-09 18:09:00+00:00,2026-05-09 19:01:00+00:00,3120,10,FW000008776; FW000029130; FW000022453; FW000008014; FW000018193; FW000023588; FW000006082; FW000011577; FW000024185; FW000028289,Firewall,60,0.85,100.0,SINGLE_SOURCE_ONLY
SEQ-USR-1620,Unknown,USER,GENERAL_ACTIVITY_SEQUENCE,2026-05-09 19:15:00+00:00,2026-05-09 20:10:00+00:00,3300,6,FW000006004; FW000011698; FW000023106; FW000023582; FW000007067; FW000019852,Firewall,60,0.85,100.0,SINGLE_SOURCE_ONLY
SEQ-USR-1621,Unknown,USER,GENERAL_ACTIVITY_SEQUENCE,2026-05-09 20:22:00+00:00,2026-05-09 20:44:00+00:00,1320,5,FW000005858; FW000005050; FW000015249; FW000022835; FW000013400,Firewall,60,0.85,100.0,SINGLE_SOURCE_ONLY
SEQ-USR-1622,Unknown,USER,GENERAL_ACTIVITY_SEQUENCE,2026-05-09 21:28:00+00:00,2026-05-09 22:25:00+00:00,3420,8,FW000018889; FW000015314; FW000018234; FW000023497; FW000002215; FW000013337; FW000027114; FW000011867,Firewall,60,0.85,100.0,SINGLE_SOURCE_ONLY
SEQ-USR-1623,Unknown,USER,GENERAL_ACTIVITY_SEQUENCE,2026-05-09 22:39:00+00:00,2026-05-09 23:19:00+00:00,2400,7,FW000004114; FW000023101; FW000009484; FW000025161; FW000011446; FW000015876; FW000001903,Firewall,60,0.85,100.0,SINGLE_SOURCE_ONLY
SEQ-USR-1624,Unknown,USER,GENERAL_ACTIVITY_SEQUENCE,2026-06-08 00:00:00+00:00,2026-06-08 00:45:00+00:00,2700,61,FW000000360; FW000001094; FW000001354; FW000001424; FW000001493; FW000001702; FW000002708; FW000002965; FW000003993; FW000004806; FW000005056; FW000005087; FW000005333; FW000005634; FW000008285; FW000008940; FW000009074; FW000009381; FW000010144; FW000010407; FW000011531; FW000012287; FW000012375; FW000013058; FW000013378; FW000013433; FW000013577; FW000013651; FW000014296; FW000014399; FW000014460; FW000014508; FW000014618; FW000015540; FW000015626; FW000016812; FW000017168; FW000018190; FW000018326; FW000019765; FW000020495; FW000022119; FW000022876; FW000023661; FW000023940; FW000024040; FW000024982; FW000025233; FW000026538; FW000026856; FW000027036; FW000027064; FW000027640; FW000027953; FW000028394; FW000016498; FW000007891; FW000020313; FW000024473; FW000028757; FW000024120,Firewall,60,0.85,100.0,SINGLE_SOURCE_ONLY
SEQ-USR-1625,Unknown,USER,GENERAL_ACTIVITY_SEQUENCE,2026-06-08 01:22:00+00:00,2026-06-08 02:13:00+00:00,3060,5,FW000023617; FW000016078; FW000002377; FW000003031; FW000011818,Firewall,60,0.85,100.0,SINGLE_SOURCE_ONLY
SEQ-USR-1626,Unknown,USER,GENERAL_ACTIVITY_SEQUENCE,2026-06-08 02:46:00+00:00,2026-06-08 03:29:00+00:00,2580,2,FW000003694; FW000024640,Firewall,60,0.73,75.0,SINGLE_SOURCE_ONLY
SEQ-USR-1627,Unknown,USER,GENERAL_ACTIVITY_SEQUENCE,2026-06-08 03:53:00+00:00,2026-06-08 04:43:00+00:00,3000,5,FW000001661; FW000023160; FW000014305; FW000018396; FW000003897,Firewall,60,0.85,100.0,SINGLE_SOURCE_ONLY
SEQ-USR-1628,Unknown,USER,GENERAL_ACTIVITY_SEQUENCE,2026-06-08 04:57:00+00:00,2026-06-08 05:37:00+00:00,2400,4,FW000016292; FW000018669; FW000003661; FW000014666,Firewall,60,0.81,100.0,SINGLE_SOURCE_ONLY
SEQ-USR-1629,Unknown,USER,GENERAL_ACTIVITY_SEQUENCE,2026-06-08 06:36:00+00:00,2026-06-08 07:19:00+00:00,2580,6,FW000020846; FW000004503; FW000018779; FW000007901; FW000002472; FW000029231,Firewall,60,0.85,100.0,SINGLE_SOURCE_ONLY
SEQ-USR-1630,Unknown,USER,GENERAL_ACTIVITY_SEQUENCE,2026-06-08 07:39:00+00:00,2026-06-08 08:20:00+00:00,2460,6,FW000029240; FW000022441; FW000015680; FW000017695; FW000016725; FW000021866,Firewall,60,0.85,100.0,SINGLE_SOURCE_ONLY
SEQ-USR-1631,Unknown,USER,GENERAL_ACTIVITY_SEQUENCE,2026-06-08 08:40:00+00:00,2026-06-08 09:20:00+00:00,2400,5,FW000020152; FW000011850; FW000005484; FW000007919; FW000005479,Firewall,60,0.85,100.0,SINGLE_SOURCE_ONLY
SEQ-USR-1632,Unknown,USER,GENERAL_ACTIVITY_SEQUENCE,2026-06-08 09:54:00+00:00,2026-06-08 10:39:00+00:00,2700,3,FW000028279; FW000024140; FW000029454,Firewall,60,0.77,90.0,SINGLE_SOURCE_ONLY
SEQ-USR-1633,Unknown,USER,GENERAL_ACTIVITY_SEQUENCE,2026-06-08 11:09:00+00:00,2026-06-08 11:49:00+00:00,2400,9,FW000003049; FW000023377; FW000001540; FW000015635; FW000022508; FW000014423; FW000013194; FW000024582; FW000014430,Firewall,60,0.85,100.0,SINGLE_SOURCE_ONLY
SEQ-USR-1634,Unknown,USER,GENERAL_ACTIVITY_SEQUENCE,2026-06-08 12:11:00+00:00,2026-06-08 12:48:00+00:00,2220,6,FW000014388; FW000006210; FW000007956; FW000008443; FW000002134; FW000007791,Firewall,60,0.85,100.0,SINGLE_SOURCE_ONLY
SEQ-USR-1635,Unknown,USER,GENERAL_ACTIVITY_SEQUENCE,2026-06-08 13:17:00+00:00,2026-06-08 13:59:00+00:00,2520,4,FW000024470; FW000013388; FW000009849; FW000022853,Firewall,60,0.81,100.0,SINGLE_SOURCE_ONLY
SEQ-USR-1636,Unknown,USER,GENERAL_ACTIVITY_SEQUENCE,2026-06-08 14:32:00+00:00,2026-06-08 15:18:00+00:00,2760,4,FW000020551; FW000017592; FW000003741; FW000025361,Firewall,60,0.81,100.0,SINGLE_SOURCE_ONLY
SEQ-USR-1637,Unknown,USER,GENERAL_ACTIVITY_SEQUENCE,2026-06-08 15:34:00+00:00,2026-06-08 15:35:00+00:00,60,2,FW000011248; FW000009144,Firewall,60,0.73,75.0,SINGLE_SOURCE_ONLY
SEQ-USR-1638,Unknown,USER,GENERAL_ACTIVITY_SEQUENCE,2026-06-08 16:36:00+00:00,2026-06-08 17:35:00+00:00,3540,4,FW000012700; FW000019580; FW000026805; FW000022268,Firewall,60,0.81,100.0,SINGLE_SOURCE_ONLY
SEQ-USR-1639,Unknown,USER,GENERAL_ACTIVITY_SEQUENCE,2026-06-08 17:41:00+00:00,2026-06-08 18:38:00+00:00,3420,4,FW000011556; FW000028662; FW000020400; FW000028464,Firewall,60,0.81,100.0,SINGLE_SOURCE_ONLY
SEQ-USR-1640,Unknown,USER,GENERAL_ACTIVITY_SEQUENCE,2026-06-08 19:05:00+00:00,2026-06-08 20:04:00+00:00,3540,7,FW000022299; FW000026607; FW000017271; FW000002802; FW000022284; FW000006662; FW000020364,Firewall,60,0.85,100.0,SINGLE_SOURCE_ONLY
SEQ-USR-1641,Unknown,USER,GENERAL_ACTIVITY_SEQUENCE,2026-06-08 20:29:00+00:00,2026-06-08 21:26:00+00:00,3420,6,FW000017382; FW000008483; FW000022774; FW000018864; FW000023987; FW000010809,Firewall,60,0.85,100.0,SINGLE_SOURCE_ONLY
SEQ-USR-1642,Unknown,USER,GENERAL_ACTIVITY_SEQUENCE,2026-06-08 21:38:00+00:00,2026-06-08 22:37:00+00:00,3540,8,FW000017492; FW000025750; FW000024423; FW000020356; FW000001976; FW000021829; FW000024885; FW000016113,Firewall,60,0.85,100.0,SINGLE_SOURCE_ONLY
SEQ-USR-1643,Unknown,USER,GENERAL_ACTIVITY_SEQUENCE,2026-06-08 22:39:00+00:00,2026-06-08 23:26:00+00:00,2820,5,FW000001156; FW000021056; FW000005909; FW000005760; FW000019073,Firewall,60,0.85,100.0,SINGLE_SOURCE_ONLY
SEQ-USR-1644,Unknown,USER,GENERAL_ACTIVITY_SEQUENCE,2026-06-08 23:51:00+00:00,2026-06-09 00:32:00+00:00,2460,71,FW000014727; FW000002728; FW000000136; FW000000691; FW000001296; FW000001628; FW000002130; FW000002535; FW000002632; FW000003074; FW000003940; FW000004393; FW000005207; FW000005438; FW000006100; FW000006651; FW000006760; FW000006802; FW000008084; FW000008350; FW000008604; FW000009116; FW000009683; FW000009722; FW000010072; FW000010242; FW000010592; FW000011123; FW000011576; FW000011884; FW000012811; FW000012875; FW000013834; FW000013859; FW000014080; FW000014151; FW000014988; FW000015339; FW000015468; FW000016419; FW000016731; FW000017604; FW000018282; FW000019348; FW000020393; FW000020574; FW000020926; FW000022888; FW000022908; FW000022927; FW000023203; FW000023213; FW000023394; FW000023875; FW000023954; FW000024092; FW000024096; FW000024248; FW000025205; FW000025821; FW000028081; FW000028087; FW000028094; FW000028658; FW000028726; FW000028873; FW000029332; FW000029525; FW000029813; FW000029901; FW000012026,Firewall,60,0.85,100.0,SINGLE_SOURCE_ONLY
SEQ-USR-1645,Unknown,USER,GENERAL_ACTIVITY_SEQUENCE,2026-06-09 00:56:00+00:00,2026-06-09 01:43:00+00:00,2820,7,FW000024039; FW000022490; FW000029868; FW000025174; FW000007196; FW000003971; FW000005007,Firewall,60,0.85,100.0,SINGLE_SOURCE_ONLY
SEQ-USR-1646,Unknown,USER,GENERAL_ACTIVITY_SEQUENCE,2026-06-09 02:01:00+00:00,2026-06-09 02:46:00+00:00,2700,4,FW000000642; FW000012812; FW000014958; FW000014491,Firewall,60,0.81,100.0,SINGLE_SOURCE_ONLY
SEQ-USR-1647,Unknown,USER,GENERAL_ACTIVITY_SEQUENCE,2026-06-09 03:20:00+00:00,2026-06-09 03:42:00+00:00,1320,4,FW000009395; FW000018580; FW000000375; FW000020245,Firewall,60,0.81,100.0,SINGLE_SOURCE_ONLY
SEQ-USR-1648,Unknown,USER,GENERAL_ACTIVITY_SEQUENCE,2026-06-09 04:42:00+00:00,2026-06-09 05:36:00+00:00,3240,3,FW000021963; FW000028689; FW000011296,Firewall,60,0.77,90.0,SINGLE_SOURCE_ONLY
SEQ-USR-1649,Unknown,USER,GENERAL_ACTIVITY_SEQUENCE,2026-06-09 06:07:00+00:00,2026-06-09 07:01:00+00:00,3240,8,FW000017712; FW000013594; FW000019733; FW000023190; FW000021247; FW000023852; FW000004184; FW000020394,Firewall,60,0.85,100.0,SINGLE_SOURCE_ONLY
SEQ-USR-1650,Unknown,USER,GENERAL_ACTIVITY_SEQUENCE,2026-06-09 07:16:00+00:00,2026-06-09 08:01:00+00:00,2700,9,FW000008928; FW000000332; FW000015003; FW000023644; FW000013369; FW000004214; FW000023208; FW000012641; FW000027496,Firewall,60,0.85,100.0,SINGLE_SOURCE_ONLY
SEQ-USR-1651,Unknown,USER,GENERAL_ACTIVITY_SEQUENCE,2026-06-09 08:31:00+00:00,2026-06-09 09:09:00+00:00,2280,4,FW000022943; FW000003543; FW000019803; FW000015894,Firewall,60,0.81,100.0,SINGLE_SOURCE_ONLY
SEQ-USR-1652,Unknown,USER,GENERAL_ACTIVITY_SEQUENCE,2026-06-09 09:54:00+00:00,2026-06-09 10:41:00+00:00,2820,3,FW000010022; FW000011641; FW000010935,Firewall,60,0.77,90.0,SINGLE_SOURCE_ONLY
SEQ-USR-1653,Unknown,USER,GENERAL_ACTIVITY_SEQUENCE,2026-06-09 10:57:00+00:00,2026-06-09 11:17:00+00:00,1200,2,FW000022440; FW000019623,Firewall,60,0.73,75.0,SINGLE_SOURCE_ONLY
SEQ-USR-1654,Unknown,USER,GENERAL_ACTIVITY_SEQUENCE,2026-06-09 12:01:00+00:00,2026-06-09 12:34:00+00:00,1980,6,FW000012217; FW000006559; FW000010175; FW000024193; FW000022723; FW000021250,Firewall,60,0.85,100.0,SINGLE_SOURCE_ONLY
SEQ-USR-1655,Unknown,USER,GENERAL_ACTIVITY_SEQUENCE,2026-06-09 13:15:00+00:00,2026-06-09 13:57:00+00:00,2520,6,FW000011865; FW000006242; FW000012981; FW000013897; FW000019624; FW000008981,Firewall,60,0.85,100.0,SINGLE_SOURCE_ONLY
SEQ-USR-1656,Unknown,USER,GENERAL_ACTIVITY_SEQUENCE,2026-06-09 14:35:00+00:00,2026-06-09 14:58:00+00:00,1380,3,FW000018902; FW000008387; FW000007374,Firewall,60,0.77,90.0,SINGLE_SOURCE_ONLY
SEQ-USR-1657,Unknown,USER,GENERAL_ACTIVITY_SEQUENCE,2026-06-09 16:01:00+00:00,2026-06-09 16:55:00+00:00,3240,4,FW000026242; FW000012441; FW000020074; FW000023975,Firewall,60,0.81,100.0,SINGLE_SOURCE_ONLY
SEQ-USR-1658,Unknown,USER,GENERAL_ACTIVITY_SEQUENCE,2026-06-09 17:05:00+00:00,2026-06-09 17:26:00+00:00,1260,2,FW000017336; FW000002666,Firewall,60,0.73,75.0,SINGLE_SOURCE_ONLY
SEQ-USR-1659,Unknown,USER,GENERAL_ACTIVITY_SEQUENCE,2026-06-09 18:35:00+00:00,2026-06-09 19:31:00+00:00,3360,11,FW000000915; FW000021090; FW000023937; FW000003540; FW000004265; FW000017601; FW000005363; FW000019211; FW000004928; FW000021688; FW000006360,Firewall,60,0.85,100.0,SINGLE_SOURCE_ONLY
SEQ-USR-1660,Unknown,USER,GENERAL_ACTIVITY_SEQUENCE,2026-06-09 19:43:00+00:00,2026-06-09 20:39:00+00:00,3360,9,FW000000755; FW000019140; FW000018062; FW000017348; FW000021550; FW000023981; FW000026398; FW000015490; FW000027972,Firewall,60,0.85,100.0,SINGLE_SOURCE_ONLY
SEQ-USR-1661,Unknown,USER,GENERAL_ACTIVITY_SEQUENCE,2026-06-09 20:47:00+00:00,2026-06-09 21:36:00+00:00,2940,7,FW000003269; FW000021008; FW000007323; FW000007587; FW000025227; FW000007400; FW000015893,Firewall,60,0.85,100.0,SINGLE_SOURCE_ONLY
SEQ-USR-1662,Unknown,USER,GENERAL_ACTIVITY_SEQUENCE,2026-06-09 22:13:00+00:00,2026-06-09 22:58:00+00:00,2700,3,FW000006703; FW000010387; FW000001961,Firewall,60,0.77,90.0,SINGLE_SOURCE_ONLY
SEQ-USR-1663,Unknown,USER,GENERAL_ACTIVITY_SEQUENCE,2026-06-09 23:25:00+00:00,2026-06-09 23:57:00+00:00,1920,3,FW000011024; FW000009086; FW000016411,Firewall,60,0.77,90.0,SINGLE_SOURCE_ONLY
SEQ-USR-1664,Unknown,USER,GENERAL_ACTIVITY_SEQUENCE,2026-07-08 00:00:00+00:00,2026-07-08 00:54:00+00:00,3240,77,FW000000589; FW000001346; FW000001457; FW000001504; FW000001663; FW000001721; FW000002672; FW000002789; FW000003354; FW000003788; FW000004030; FW000004364; FW000005522; FW000006070; FW000006716; FW000006781; FW000006946; FW000009076; FW000010447; FW000010456; FW000010768; FW000011323; FW000011672; FW000011895; FW000011898; FW000013710; FW000013802; FW000013847; FW000014189; FW000014470; FW000014980; FW000015042; FW000015962; FW000016911; FW000017871; FW000018402; FW000018409; FW000018421; FW000018725; FW000019457; FW000019464; FW000020129; FW000020193; FW000021565; FW000021578; FW000022141; FW000023531; FW000023596; FW000024361; FW000024507; FW000024516; FW000024553; FW000024572; FW000024710; FW000024896; FW000024910; FW000024976; FW000025798; FW000025862; FW000026065; FW000026161; FW000026663; FW000027090; FW000027119; FW000027535; FW000027922; FW000028228; FW000028417; FW000028588; FW000029584; FW000011854; FW000014167; FW000016337; FW000000279; FW000026404; FW000024620; FW000016652,Firewall,60,0.85,100.0,SINGLE_SOURCE_ONLY
SEQ-USR-1665,Unknown,USER,GENERAL_ACTIVITY_SEQUENCE,2026-07-08 01:17:00+00:00,2026-07-08 01:58:00+00:00,2460,4,FW000001873; FW000020396; FW000020413; FW000023131,Firewall,60,0.81,100.0,SINGLE_SOURCE_ONLY
SEQ-USR-1666,Unknown,USER,GENERAL_ACTIVITY_SEQUENCE,2026-07-08 02:20:00+00:00,2026-07-08 03:19:00+00:00,3540,5,FW000027678; FW000003270; FW000028068; FW000028766; FW000000806,Firewall,60,0.85,100.0,SINGLE_SOURCE_ONLY
SEQ-USR-1667,Unknown,USER,GENERAL_ACTIVITY_SEQUENCE,2026-07-08 03:30:00+00:00,2026-07-08 04:29:00+00:00,3540,5,FW000020666; FW000004968; FW000025214; FW000011207; FW000029621,Firewall,60,0.85,100.0,SINGLE_SOURCE_ONLY
SEQ-USR-1668,Unknown,USER,GENERAL_ACTIVITY_SEQUENCE,2026-07-08 04:35:00+00:00,2026-07-08 05:29:00+00:00,3240,5,FW000024023; FW000022185; FW000007569; FW000018660; FW000009629,Firewall,60,0.85,100.0,SINGLE_SOURCE_ONLY
SEQ-USR-1669,Unknown,USER,GENERAL_ACTIVITY_SEQUENCE,2026-07-08 06:13:00+00:00,2026-07-08 07:03:00+00:00,3000,6,FW000025899; FW000026403; FW000003856; FW000012695; FW000014689; FW000023492,Firewall,60,0.85,100.0,SINGLE_SOURCE_ONLY
SEQ-USR-1670,Unknown,USER,GENERAL_ACTIVITY_SEQUENCE,2026-07-08 07:21:00+00:00,2026-07-08 08:18:00+00:00,3420,5,FW000019573; FW000005208; FW000026485; FW000012599; FW000013462,Firewall,60,0.85,100.0,SINGLE_SOURCE_ONLY
SEQ-USR-1671,Unknown,USER,GENERAL_ACTIVITY_SEQUENCE,2026-07-08 08:24:00+00:00,2026-07-08 09:24:00+00:00,3600,5,FW000012988; FW000016686; FW000023252; FW000017310; FW000014869,Firewall,60,0.85,100.0,SINGLE_SOURCE_ONLY
SEQ-USR-1672,Unknown,USER,GENERAL_ACTIVITY_SEQUENCE,2026-07-08 09:29:00+00:00,2026-07-08 10:26:00+00:00,3420,7,FW000026771; FW000021608; FW000026847; FW000008946; FW000027012; FW000021566; FW000022558,Firewall,60,0.85,100.0,SINGLE_SOURCE_ONLY
SEQ-USR-1673,Unknown,USER,GENERAL_ACTIVITY_SEQUENCE,2026-07-08 10:45:00+00:00,2026-07-08 11:32:00+00:00,2820,7,FW000018363; FW000006056; FW000013672; FW000006846; FW000000630; FW000005316; FW000012428,Firewall,60,0.85,100.0,SINGLE_SOURCE_ONLY
SEQ-USR-1674,Unknown,USER,GENERAL_ACTIVITY_SEQUENCE,2026-07-08 11:47:00+00:00,2026-07-08 12:39:00+00:00,3120,5,FW000021805; FW000025192; FW000005034; FW000001885; FW000025491,Firewall,60,0.85,100.0,SINGLE_SOURCE_ONLY
SEQ-USR-1675,Unknown,USER,GENERAL_ACTIVITY_SEQUENCE,2026-07-08 12:55:00+00:00,2026-07-08 13:26:00+00:00,1860,3,FW000007480; FW000028143; FW000004457,Firewall,60,0.77,90.0,SINGLE_SOURCE_ONLY
SEQ-USR-1676,Unknown,USER,GENERAL_ACTIVITY_SEQUENCE,2026-07-08 14:27:00+00:00,2026-07-08 15:11:00+00:00,2640,3,FW000008565; FW000009857; FW000017225,Firewall,60,0.77,90.0,SINGLE_SOURCE_ONLY
SEQ-USR-1677,Unknown,USER,GENERAL_ACTIVITY_SEQUENCE,2026-07-08 15:42:00+00:00,2026-07-08 16:39:00+00:00,3420,8,FW000006878; FW000026916; FW000001640; FW000012147; FW000019929; FW000018327; FW000001109; FW000008056,Firewall,60,0.85,100.0,SINGLE_SOURCE_ONLY
SEQ-USR-1678,Unknown,USER,GENERAL_ACTIVITY_SEQUENCE,2026-07-08 16:50:00+00:00,2026-07-08 17:30:00+00:00,2400,5,FW000028774; FW000019636; FW000010560; FW000001210; FW000009869,Firewall,60,0.85,100.0,SINGLE_SOURCE_ONLY
SEQ-USR-1679,Unknown,USER,GENERAL_ACTIVITY_SEQUENCE,2026-07-08 17:54:00+00:00,2026-07-08 18:49:00+00:00,3300,4,FW000015107; FW000004378; FW000022044; FW000022739,Firewall,60,0.81,100.0,SINGLE_SOURCE_ONLY
SEQ-USR-1680,Unknown,USER,GENERAL_ACTIVITY_SEQUENCE,2026-07-08 18:58:00+00:00,2026-07-08 19:46:00+00:00,2880,4,FW000010742; FW000017693; FW000013165; FW000020929,Firewall,60,0.81,100.0,SINGLE_SOURCE_ONLY
SEQ-USR-1681,Unknown,USER,GENERAL_ACTIVITY_SEQUENCE,2026-07-08 19:59:00+00:00,2026-07-08 20:46:00+00:00,2820,3,FW000002750; FW000027694; FW000009064,Firewall,60,0.77,90.0,SINGLE_SOURCE_ONLY
SEQ-USR-1682,Unknown,USER,GENERAL_ACTIVITY_SEQUENCE,2026-07-08 21:00:00+00:00,2026-07-08 21:59:00+00:00,3540,8,FW000026029; FW000002385; FW000002131; FW000003072; FW000004076; FW000020142; FW000015388; FW000015417,Firewall,60,0.85,100.0,SINGLE_SOURCE_ONLY
SEQ-USR-1683,Unknown,USER,GENERAL_ACTIVITY_SEQUENCE,2026-07-08 22:38:00+00:00,2026-07-08 23:23:00+00:00,2700,6,FW000026964; FW000019689; FW000021994; FW000013047; FW000016202; FW000008661,Firewall,60,0.85,100.0,SINGLE_SOURCE_ONLY
SEQ-USR-1684,Unknown,USER,GENERAL_ACTIVITY_SEQUENCE,2026-07-08 23:48:00+00:00,2026-07-09 00:34:00+00:00,2760,68,FW000012932; FW000004914; FW000000895; FW000000985; FW000001219; FW000002326; FW000002681; FW000002788; FW000002838; FW000003706; FW000004286; FW000004489; FW000004592; FW000005524; FW000006356; FW000006385; FW000006534; FW000007285; FW000007459; FW000007481; FW000008028; FW000008911; FW000009376; FW000009708; FW000009796; FW000010418; FW000011328; FW000012133; FW000012624; FW000013155; FW000013248; FW000013330; FW000014711; FW000015311; FW000015533; FW000015604; FW000015916; FW000016212; FW000016575; FW000016734; FW000016822; FW000017476; FW000017884; FW000018132; FW000018851; FW000019312; FW000020161; FW000020767; FW000021185; FW000021278; FW000021365; FW000022485; FW000022527; FW000022690; FW000022808; FW000023576; FW000024226; FW000024838; FW000025040; FW000025600; FW000025801; FW000026101; FW000026754; FW000027181; FW000027191; FW000028045; FW000029700; FW000001549,Firewall,60,0.85,100.0,SINGLE_SOURCE_ONLY
SEQ-USR-1685,Unknown,USER,GENERAL_ACTIVITY_SEQUENCE,2026-07-09 02:06:00+00:00,2026-07-09 03:02:00+00:00,3360,6,FW000018748; FW000019352; FW000014145; FW000017073; FW000025467; FW000008538,Firewall,60,0.85,100.0,SINGLE_SOURCE_ONLY
SEQ-USR-1686,Unknown,USER,GENERAL_ACTIVITY_SEQUENCE,2026-07-09 03:44:00+00:00,2026-07-09 04:34:00+00:00,3000,6,FW000026865; FW000009295; FW000019271; FW000000967; FW000017263; FW000000245,Firewall,60,0.85,100.0,SINGLE_SOURCE_ONLY
SEQ-USR-1687,Unknown,USER,GENERAL_ACTIVITY_SEQUENCE,2026-07-09 04:49:00+00:00,2026-07-09 05:47:00+00:00,3480,5,FW000018257; FW000027966; FW000012265; FW000026197; FW000004819,Firewall,60,0.85,100.0,SINGLE_SOURCE_ONLY
SEQ-USR-1688,Unknown,USER,GENERAL_ACTIVITY_SEQUENCE,2026-07-09 06:00:00+00:00,2026-07-09 06:36:00+00:00,2160,5,FW000014771; FW000021567; FW000006457; FW000008460; FW000009760,Firewall,60,0.85,100.0,SINGLE_SOURCE_ONLY
SEQ-USR-1689,Unknown,USER,GENERAL_ACTIVITY_SEQUENCE,2026-07-09 07:19:00+00:00,2026-07-09 08:19:00+00:00,3600,8,FW000014244; FW000001984; FW000021155; FW000025996; FW000019235; FW000008960; FW000004574; FW000027531,Firewall,60,0.85,100.0,SINGLE_SOURCE_ONLY
SEQ-USR-1690,Unknown,USER,GENERAL_ACTIVITY_SEQUENCE,2026-07-09 08:27:00+00:00,2026-07-09 09:25:00+00:00,3480,8,FW000004092; FW000027016; FW000005654; FW000015244; FW000014985; FW000008012; FW000028234; FW000011819,Firewall,60,0.85,100.0,SINGLE_SOURCE_ONLY
SEQ-USR-1691,Unknown,USER,GENERAL_ACTIVITY_SEQUENCE,2026-07-09 09:36:00+00:00,2026-07-09 10:26:00+00:00,3000,5,FW000015900; FW000004283; FW000019042; FW000019770; FW000018189,Firewall,60,0.85,100.0,SINGLE_SOURCE_ONLY
SEQ-USR-1692,Unknown,USER,GENERAL_ACTIVITY_SEQUENCE,2026-07-09 10:42:00+00:00,2026-07-09 11:33:00+00:00,3060,4,FW000024277; FW000022534; FW000010027; FW000011205,Firewall,60,0.81,100.0,SINGLE_SOURCE_ONLY
SEQ-USR-1693,Unknown,USER,GENERAL_ACTIVITY_SEQUENCE,2026-07-09 11:44:00+00:00,2026-07-09 12:40:00+00:00,3360,13,FW000007614; FW000017356; FW000028504; FW000006275; FW000022363; FW000022199; FW000022650; FW000018115; FW000026685; FW000000869; FW000020533; FW000002582; FW000016058,Firewall,60,0.85,100.0,SINGLE_SOURCE_ONLY
SEQ-USR-1694,Unknown,USER,GENERAL_ACTIVITY_SEQUENCE,2026-07-09 12:58:00+00:00,2026-07-09 13:36:00+00:00,2280,11,FW000016607; FW000009611; FW000008796; FW000010561; FW000024873; FW000004537; FW000005543; FW000018415; FW000028805; FW000014209; FW000001591,Firewall,60,0.85,100.0,SINGLE_SOURCE_ONLY
SEQ-USR-1695,Unknown,USER,GENERAL_ACTIVITY_SEQUENCE,2026-07-09 14:52:00+00:00,2026-07-09 15:46:00+00:00,3240,9,FW000028769; FW000010576; FW000029979; FW000003087; FW000027132; FW000024866; FW000026898; FW000004865; FW000016933,Firewall,60,0.85,100.0,SINGLE_SOURCE_ONLY
SEQ-USR-1696,Unknown,USER,GENERAL_ACTIVITY_SEQUENCE,2026-07-09 16:26:00+00:00,2026-07-09 17:12:00+00:00,2760,8,FW000011581; FW000019212; FW000006774; FW000017071; FW000004404; FW000028138; FW000017877; FW000027453,Firewall,60,0.85,100.0,SINGLE_SOURCE_ONLY
SEQ-USR-1697,Unknown,USER,GENERAL_ACTIVITY_SEQUENCE,2026-07-09 17:40:00+00:00,2026-07-09 18:32:00+00:00,3120,4,FW000023301; FW000004789; FW000002225; FW000000295,Firewall,60,0.81,100.0,SINGLE_SOURCE_ONLY
SEQ-USR-1698,Unknown,USER,GENERAL_ACTIVITY_SEQUENCE,2026-07-09 18:49:00+00:00,2026-07-09 19:32:00+00:00,2580,5,FW000020965; FW000022455; FW000002783; FW000017513; FW000025532,Firewall,60,0.85,100.0,SINGLE_SOURCE_ONLY
SEQ-USR-1699,Unknown,USER,GENERAL_ACTIVITY_SEQUENCE,2026-07-09 20:37:00+00:00,2026-07-09 21:00:00+00:00,1380,4,FW000022788; FW000019868; FW000014669; FW000022208,Firewall,60,0.81,100.0,SINGLE_SOURCE_ONLY
SEQ-USR-1700,Unknown,USER,GENERAL_ACTIVITY_SEQUENCE,2026-07-09 21:43:00+00:00,2026-07-09 22:28:00+00:00,2700,4,FW000019685; FW000017795; FW000023205; FW000020504,Firewall,60,0.81,100.0,SINGLE_SOURCE_ONLY
SEQ-USR-1701,Unknown,USER,GENERAL_ACTIVITY_SEQUENCE,2026-07-09 22:45:00+00:00,2026-07-09 23:38:00+00:00,3180,3,FW000023315; FW000016625; FW000023868,Firewall,60,0.77,90.0,SINGLE_SOURCE_ONLY
SEQ-USR-1702,Unknown,USER,GENERAL_ACTIVITY_SEQUENCE,2026-08-01 00:00:00+00:00,2026-08-01 00:56:28+00:00,3388,76,FW000000431; FW000000466; FW000000583; FW000001012; FW000001014; FW000002881; FW000002914; FW000003057; FW000003079; FW000003313; FW000003876; FW000004156; FW000004751; FW000004767; FW000005012; FW000005412; FW000006231; FW000006256; FW000006473; FW000006480; FW000006496; FW000006940; FW000007187; FW000007510; FW000007991; FW000008337; FW000008510; FW000008631; FW000008696; FW000009943; FW000010321; FW000010892; FW000011425; FW000011760; FW000012324; FW000012514; FW000012571; FW000012825; FW000013131; FW000015117; FW000017141; FW000017368; FW000017671; FW000017725; FW000019441; FW000019643; FW000020890; FW000022604; FW000024515; FW000024787; FW000025800; FW000025859; FW000027639; FW000028027; FW000028320; FW000029148; FW000029163; FW000029531; FW000029953; FW000028486; FW000008457; FW000012155; FW000001073; FW000028818; FW000001747; FW000014002; FW000009663; FW000019793; FW000010133; FW000024951; FW000017565; FW000013456; FW000005061; FW000024368; FW000005156; FW000020162,Firewall,60,0.85,100.0,SINGLE_SOURCE_ONLY
SEQ-USR-1703,Unknown,USER,GENERAL_ACTIVITY_SEQUENCE,2026-08-01 01:09:34+00:00,2026-08-01 02:08:24+00:00,3530,12,FW000004532; FW000017737; FW000001124; FW000028991; FW000027756; FW000021102; FW000003524; FW000026809; FW000006967; FW000000531; FW000005201; FW000009861,Firewall,60,0.85,100.0,SINGLE_SOURCE_ONLY
SEQ-USR-1704,Unknown,USER,GENERAL_ACTIVITY_SEQUENCE,2026-08-01 02:18:19+00:00,2026-08-01 03:17:14+00:00,3535,14,FW000017937; FW000004631; FW000024639; FW000022480; FW000012755; FW000013947; FW000019818; FW000000474; FW000014878; FW000020909; FW000024788; FW000000548; FW000020078; FW000007262,Firewall,60,0.85,100.0,SINGLE_SOURCE_ONLY
SEQ-USR-1705,Unknown,USER,GENERAL_ACTIVITY_SEQUENCE,2026-08-01 03:18:49+00:00,2026-08-01 04:17:11+00:00,3502,19,FW000005278; FW000012318; FW000029650; FW000016184; FW000016301; FW000024156; FW000020127; FW000010845; FW000022919; FW000000155; FW000014025; FW000004230; FW000023473; FW000012878; FW000009471; FW000008689; FW000007594; FW000027642; FW000012085,Firewall,60,0.85,100.0,SINGLE_SOURCE_ONLY
SEQ-USR-1706,Unknown,USER,GENERAL_ACTIVITY_SEQUENCE,2026-08-01 04:19:52+00:00,2026-08-01 05:17:21+00:00,3449,19,FW000026948; FW000024256; FW000004669; FW000011725; FW000005994; FW000017377; FW000002020; FW000015996; FW000001247; FW000020233; FW000005985; FW000001843; FW000027810; FW000016155; FW000018730; FW000001505; FW000017009; FW000022484; FW000018916,Firewall,60,0.85,100.0,SINGLE_SOURCE_ONLY
SEQ-USR-1707,Unknown,USER,GENERAL_ACTIVITY_SEQUENCE,2026-08-01 05:20:40+00:00,2026-08-01 06:12:27+00:00,3107,15,FW000006217; FW000005629; FW000003805; FW000003975; FW000019629; FW000009021; FW000012948; FW000008375; FW000015523; FW000015544; FW000025295; FW000016165; FW000008079; FW000016016; FW000020026,Firewall,60,0.85,100.0,SINGLE_SOURCE_ONLY
SEQ-USR-1708,Unknown,USER,GENERAL_ACTIVITY_SEQUENCE,2026-08-01 06:23:01+00:00,2026-08-01 07:22:53+00:00,3592,17,FW000020637; FW000025948; FW000016265; FW000026879; FW000025383; FW000005948; FW000008393; FW000020298; FW000002999; FW000025763; FW000006284; FW000018069; FW000004349; FW000010374; FW000018077; FW000027589; FW000000199,Firewall,60,0.85,100.0,SINGLE_SOURCE_ONLY
SEQ-USR-1709,Unknown,USER,GENERAL_ACTIVITY_SEQUENCE,2026-08-01 07:31:22+00:00,2026-08-01 08:31:11+00:00,3589,20,FW000003878; FW000003454; FW000015370; FW000016934; FW000012284; FW000007737; FW000020924; FW000009452; FW000001125; FW000026945; FW000010220; FW000015706; FW000015262; FW000000068; FW000002451; FW000011944; FW000029155; FW000024616; FW000008577; FW000025833,Firewall,60,0.85,100.0,SINGLE_SOURCE_ONLY
SEQ-USR-1710,Unknown,USER,GENERAL_ACTIVITY_SEQUENCE,2026-08-01 08:31:27+00:00,2026-08-01 09:30:59+00:00,3572,19,FW000016144; FW000028219; FW000025268; FW000023179; FW000005652; FW000002246; FW000004540; FW000012598; FW000005586; FW000027554; FW000011823; FW000026261; FW000019707; FW000004696; FW000010749; FW000029955; FW000013980; FW000011976; FW000002349,Firewall,60,0.85,100.0,SINGLE_SOURCE_ONLY
SEQ-USR-1711,Unknown,USER,GENERAL_ACTIVITY_SEQUENCE,2026-08-01 09:34:14+00:00,2026-08-01 10:30:22+00:00,3368,23,FW000028560; FW000021271; FW000020733; FW000009990; FW000025576; FW000028941; FW000022401; FW000019646; FW000006230; FW000014981; FW000018238; FW000019723; FW000001732; FW000026770; FW000003218; FW000011373; FW000023452; FW000000617; FW000029392; FW000001892; FW000019814; FW000026733; FW000021170,Firewall,60,0.85,100.0,SINGLE_SOURCE_ONLY
SEQ-USR-1712,Unknown,USER,GENERAL_ACTIVITY_SEQUENCE,2026-08-01 10:34:33+00:00,2026-08-01 11:32:51+00:00,3498,15,FW000022843; FW000010257; FW000014559; FW000025080; FW000009557; FW000018746; FW000012015; FW000014660; FW000016909; FW000012925; FW000002565; FW000025181; FW000006691; FW000010941; FW000026829,Firewall,60,0.85,100.0,SINGLE_SOURCE_ONLY
SEQ-USR-1713,Unknown,USER,GENERAL_ACTIVITY_SEQUENCE,2026-08-01 11:35:24+00:00,2026-08-01 12:26:59+00:00,3095,11,FW000029447; FW000003073; FW000016790; FW000014885; FW000002400; FW000004796; FW000018078; FW000019204; FW000029197; FW000010988; FW000012141,Firewall,60,0.85,100.0,SINGLE_SOURCE_ONLY
SEQ-USR-1714,Unknown,USER,GENERAL_ACTIVITY_SEQUENCE,2026-08-01 12:36:20+00:00,2026-08-01 13:36:02+00:00,3582,17,FW000000319; FW000002275; FW000002093; FW000011263; FW000024600; FW000014187; FW000018334; FW000022262; FW000028589; FW000004310; FW000001831; FW000029978; FW000022846; FW000029587; FW000008677; FW000019728; FW000023536,Firewall,60,0.85,100.0,SINGLE_SOURCE_ONLY
SEQ-USR-1715,Unknown,USER,GENERAL_ACTIVITY_SEQUENCE,2026-08-01 13:38:23+00:00,2026-08-01 14:35:21+00:00,3418,17,FW000005915; FW000000317; FW000006585; FW000024391; FW000006603; FW000021741; FW000029638; FW000009121; FW000003127; FW000001056; FW000012750; FW000006463; FW000027791; FW000016858; FW000002537; FW000016285; FW000015945,Firewall,60,0.85,100.0,SINGLE_SOURCE_ONLY
SEQ-USR-1716,Unknown,USER,GENERAL_ACTIVITY_SEQUENCE,2026-08-01 14:38:48+00:00,2026-08-01 15:33:49+00:00,3301,10,FW000005037; FW000023656; FW000004915; FW000003459; FW000003061; FW000009203; FW000001989; FW000015561; FW000028218; FW000000129,Firewall,60,0.85,100.0,SINGLE_SOURCE_ONLY
SEQ-USR-1717,Unknown,USER,GENERAL_ACTIVITY_SEQUENCE,2026-08-01 15:40:54+00:00,2026-08-01 16:40:29+00:00,3575,18,FW000022512; FW000015088; FW000006233; FW000012661; FW000026449; FW000028762; FW000029860; FW000023903; FW000010980; FW000013123; FW000005279; FW000003304; FW000018473; FW000003551; FW000015534; FW000026367; FW000002892; FW000020213,Firewall,60,0.85,100.0,SINGLE_SOURCE_ONLY
SEQ-USR-1718,Unknown,USER,GENERAL_ACTIVITY_SEQUENCE,2026-08-01 16:50:55+00:00,2026-08-01 17:50:26+00:00,3571,17,FW000008753; FW000015136; FW000007053; FW000029732; FW000015284; FW000005986; FW000000686; FW000017403; FW000011219; FW000002233; FW000004756; FW000025075; FW000020425; FW000000383; FW000015377; FW000014183; FW000003523,Firewall,60,0.85,100.0,SINGLE_SOURCE_ONLY
SEQ-USR-1719,Unknown,USER,GENERAL_ACTIVITY_SEQUENCE,2026-08-01 17:54:19+00:00,2026-08-01 18:53:47+00:00,3568,20,FW000020735; FW000012841; FW000020806; FW000010314; FW000026813; FW000006629; FW000017596; FW000005529; FW000005499; FW000002070; FW000014458; FW000024677; FW000021810; FW000025590; FW000002015; FW000015252; FW000018191; FW000005213; FW000001709; FW000002487,Firewall,60,0.85,100.0,SINGLE_SOURCE_ONLY
SEQ-USR-1720,Unknown,USER,GENERAL_ACTIVITY_SEQUENCE,2026-08-01 19:03:14+00:00,2026-08-01 20:01:22+00:00,3488,21,FW000024034; FW000014050; FW000022780; FW000014300; FW000026057; FW000028086; FW000025728; FW000000488; FW000002005; FW000027695; FW000025045; FW000001447; FW000025481; FW000022452; FW000014992; FW000003282; FW000016459; FW000011477; FW000008993; FW000001118; FW000010914,Firewall,60,0.85,100.0,SINGLE_SOURCE_ONLY
SEQ-USR-1721,Unknown,USER,GENERAL_ACTIVITY_SEQUENCE,2026-08-01 20:03:42+00:00,2026-08-01 21:02:23+00:00,3521,21,FW000005549; FW000019695; FW000008806; FW000000923; FW000022547; FW000014347; FW000029466; FW000025525; FW000022190; FW000002255; FW000025738; FW000011522; FW000021932; FW000013297; FW000023198; FW000008561; FW000023069; FW000025881; FW000010266; FW000014751; FW000001013,Firewall,60,0.85,100.0,SINGLE_SOURCE_ONLY
SEQ-USR-1722,Unknown,USER,GENERAL_ACTIVITY_SEQUENCE,2026-08-01 21:05:21+00:00,2026-08-01 22:02:48+00:00,3447,14,FW000008120; FW000028336; FW000008468; FW000024057; FW000006925; FW000000547; FW000004022; FW000007424; FW000012600; FW000007289; FW000006510; FW000020273; FW000024960; FW000017208,Firewall,60,0.85,100.0,SINGLE_SOURCE_ONLY
SEQ-USR-1723,Unknown,USER,GENERAL_ACTIVITY_SEQUENCE,2026-08-01 22:19:36+00:00,2026-08-01 23:18:21+00:00,3525,16,FW000004565; FW000019095; FW000010923; FW000029620; FW000017503; FW000014249; FW000017452; FW000028063; FW000025067; FW000017839; FW000003919; FW000029198; FW000013673; FW000020449; FW000021699; FW000008867,Firewall,60,0.85,100.0,SINGLE_SOURCE_ONLY
SEQ-USR-1724,Unknown,USER,GENERAL_ACTIVITY_SEQUENCE,2026-08-01 23:24:51+00:00,2026-08-02 00:20:20+00:00,3329,64,FW000021083; FW000020380; FW000026164; FW000026913; FW000012448; FW000012129; FW000009679; FW000022423; FW000020061; FW000011269; FW000000441; FW000000822; FW000001159; FW000001332; FW000001410; FW000003794; FW000004001; FW000004692; FW000005150; FW000006365; FW000006830; FW000007184; FW000008526; FW000010792; FW000011249; FW000011642; FW000013343; FW000013606; FW000013624; FW000015127; FW000017580; FW000018070; FW000018102; FW000018507; FW000018965; FW000019497; FW000020349; FW000020571; FW000020984; FW000021697; FW000022365; FW000023014; FW000023713; FW000023743; FW000024325; FW000024722; FW000024749; FW000024852; FW000025016; FW000025281; FW000025733; FW000026293; FW000026419; FW000026622; FW000026853; FW000027252; FW000028862; FW000029347; FW000029399; FW000004274; FW000008730; FW000007513; FW000027332; FW000005340,Firewall,60,0.85,100.0,SINGLE_SOURCE_ONLY
SEQ-USR-1725,Unknown,USER,GENERAL_ACTIVITY_SEQUENCE,2026-08-02 00:29:33+00:00,2026-08-02 01:27:59+00:00,3506,11,FW000014675; FW000023184; FW000005859; FW000022417; FW000027454; FW000020942; FW000000283; FW000000693; FW000005011; FW000021909; FW000022137,Firewall,60,0.85,100.0,SINGLE_SOURCE_ONLY
SEQ-USR-1726,Unknown,USER,GENERAL_ACTIVITY_SEQUENCE,2026-08-02 01:29:51+00:00,2026-08-02 02:26:50+00:00,3419,14,FW000003343; FW000015849; FW000007786; FW000029277; FW000006315; FW000028244; FW000026446; FW000016771; FW000003468; FW000010600; FW000013843; FW000025909; FW000000592; FW000004857,Firewall,60,0.85,100.0,SINGLE_SOURCE_ONLY
SEQ-USR-1727,Unknown,USER,GENERAL_ACTIVITY_SEQUENCE,2026-08-02 02:37:58+00:00,2026-08-02 03:37:19+00:00,3561,17,FW000015592; FW000012765; FW000019008; FW000027838; FW000007518; FW000009166; FW000001859; FW000009237; FW000016549; FW000001198; FW000007364; FW000005620; FW000026657; FW000018846; FW000009246; FW000009701; FW000000378,Firewall,60,0.85,100.0,SINGLE_SOURCE_ONLY
SEQ-USR-1728,Unknown,USER,GENERAL_ACTIVITY_SEQUENCE,2026-08-02 03:42:59+00:00,2026-08-02 04:41:29+00:00,3510,19,FW000003226; FW000004926; FW000006889; FW000026844; FW000028427; FW000016657; FW000011693; FW000005904; FW000022587; FW000019575; FW000025696; FW000025127; FW000007286; FW000007132; FW000022531; FW000022693; FW000027479; FW000010006; FW000006370,Firewall,60,0.85,100.0,SINGLE_SOURCE_ONLY
SEQ-USR-1729,Unknown,USER,GENERAL_ACTIVITY_SEQUENCE,2026-08-02 04:45:18+00:00,2026-08-02 05:42:32+00:00,3434,16,FW000026987; FW000025915; FW000013506; FW000000850; FW000024268; FW000012245; FW000013812; FW000028966; FW000020326; FW000004958; FW000006966; FW000028852; FW000010345; FW000017606; FW000028332; FW000018171,Firewall,60,0.85,100.0,SINGLE_SOURCE_ONLY
SEQ-USR-1730,Unknown,USER,GENERAL_ACTIVITY_SEQUENCE,2026-08-02 05:46:23+00:00,2026-08-02 06:44:50+00:00,3507,16,FW000010943; FW000023904; FW000007758; FW000018977; FW000016052; FW000014569; FW000028595; FW000015609; FW000028754; FW000021458; FW000028724; FW000016792; FW000015724; FW000011851; FW000028022; FW000007378,Firewall,60,0.85,100.0,SINGLE_SOURCE_ONLY
SEQ-USR-1731,Unknown,USER,GENERAL_ACTIVITY_SEQUENCE,2026-08-02 06:47:27+00:00,2026-08-02 07:43:55+00:00,3388,13,FW000000600; FW000003089; FW000026260; FW000012669; FW000005487; FW000014552; FW000017941; FW000013382; FW000005227; FW000019519; FW000012654; FW000002990; FW000020581,Firewall,60,0.85,100.0,SINGLE_SOURCE_ONLY
SEQ-USR-1732,Unknown,USER,GENERAL_ACTIVITY_SEQUENCE,2026-08-02 07:51:53+00:00,2026-08-02 08:49:59+00:00,3486,16,FW000021819; FW000001656; FW000006465; FW000027892; FW000029335; FW000004837; FW000017083; FW000010740; FW000028432; FW000014830; FW000027269; FW000020214; FW000021085; FW000008043; FW000021129; FW000028869,Firewall,60,0.85,100.0,SINGLE_SOURCE_ONLY
SEQ-USR-1733,Unknown,USER,GENERAL_ACTIVITY_SEQUENCE,2026-08-02 08:52:10+00:00,2026-08-02 09:50:16+00:00,3486,13,FW000009806; FW000009142; FW000029997; FW000016471; FW000014598; FW000021020; FW000018823; FW000017324; FW000029203; FW000004032; FW000014106; FW000011738; FW000009398,Firewall,60,0.85,100.0,SINGLE_SOURCE_ONLY
SEQ-USR-1734,Unknown,USER,GENERAL_ACTIVITY_SEQUENCE,2026-08-02 09:54:34+00:00,2026-08-02 10:44:07+00:00,2973,17,FW000016023; FW000021380; FW000029946; FW000002854; FW000002796; FW000027712; FW000012586; FW000029444; FW000017253; FW000028641; FW000018802; FW000025673; FW000009784; FW000014092; FW000012498; FW000006099; FW000012543,Firewall,60,0.85,100.0,SINGLE_SOURCE_ONLY
SEQ-USR-1735,Unknown,USER,GENERAL_ACTIVITY_SEQUENCE,2026-08-02 10:58:45+00:00,2026-08-02 11:54:43+00:00,3358,12,FW000002650; FW000027770; FW000017790; FW000021147; FW000024131; FW000005130; FW000022712; FW000024638; FW000024617; FW000029983; FW000002902; FW000026030,Firewall,60,0.85,100.0,SINGLE_SOURCE_ONLY
SEQ-USR-1736,Unknown,USER,GENERAL_ACTIVITY_SEQUENCE,2026-08-02 11:59:00+00:00,2026-08-02 12:56:41+00:00,3461,12,FW000011137; FW000027853; FW000028968; FW000018173; FW000007516; FW000029175; FW000001704; FW000013769; FW000007881; FW000003298; FW000009821; FW000027563,Firewall,60,0.85,100.0,SINGLE_SOURCE_ONLY
SEQ-USR-1737,Unknown,USER,GENERAL_ACTIVITY_SEQUENCE,2026-08-02 13:02:23+00:00,2026-08-02 13:58:42+00:00,3379,9,FW000000680; FW000009915; FW000005272; FW000014918; FW000027630; FW000014914; FW000005282; FW000026056; FW000027331,Firewall,60,0.85,100.0,SINGLE_SOURCE_ONLY
SEQ-USR-1738,Unknown,USER,GENERAL_ACTIVITY_SEQUENCE,2026-08-02 14:02:41+00:00,2026-08-02 14:44:18+00:00,2497,10,FW000009050; FW000027864; FW000013996; FW000019906; FW000011347; FW000019455; FW000027564; FW000003963; FW000000218; FW000017291,Firewall,60,0.85,100.0,SINGLE_SOURCE_ONLY
SEQ-USR-1739,Unknown,USER,GENERAL_ACTIVITY_SEQUENCE,2026-08-02 15:02:57+00:00,2026-08-02 16:01:23+00:00,3506,23,FW000007091; FW000002938; FW000007453; FW000019492; FW000007486; FW000023864; FW000011144; FW000014959; FW000014826; FW000015889; FW000029250; FW000001114; FW000017186; FW000008500; FW000027532; FW000010667; FW000029069; FW000010542; FW000015424; FW000018336; FW000018740; FW000013811; FW000003244,Firewall,60,0.85,100.0,SINGLE_SOURCE_ONLY
SEQ-USR-1740,Unknown,USER,GENERAL_ACTIVITY_SEQUENCE,2026-08-02 16:06:00+00:00,2026-08-02 17:01:50+00:00,3350,21,FW000013302; FW000016965; FW000001603; FW000003415; FW000018907; FW000020488; FW000000376; FW000021150; FW000000750; FW000018425; FW000018333; FW000017276; FW000017050; FW000023272; FW000008102; FW000027340; FW000012495; FW000026759; FW000017905; FW000014649; FW000019825,Firewall,60,0.85,100.0,SINGLE_SOURCE_ONLY
SEQ-USR-1741,Unknown,USER,GENERAL_ACTIVITY_SEQUENCE,2026-08-02 17:09:45+00:00,2026-08-02 18:00:42+00:00,3057,13,FW000013244; FW000028004; FW000026744; FW000024395; FW000010789; FW000015214; FW000028638; FW000007921; FW000011261; FW000026564; FW000020423; FW000013903; FW000026843,Firewall,60,0.85,100.0,SINGLE_SOURCE_ONLY
SEQ-USR-1742,Unknown,USER,GENERAL_ACTIVITY_SEQUENCE,2026-08-02 18:13:01+00:00,2026-08-02 19:11:28+00:00,3507,19,FW000018897; FW000019505; FW000015429; FW000008513; FW000007294; FW000025662; FW000014704; FW000023901; FW000003327; FW000019154; FW000028371; FW000023225; FW000015297; FW000011165; FW000011623; FW000001681; FW000027909; FW000025623; FW000002945,Firewall,60,0.85,100.0,SINGLE_SOURCE_ONLY
SEQ-USR-1743,Unknown,USER,GENERAL_ACTIVITY_SEQUENCE,2026-08-02 19:20:30+00:00,2026-08-02 20:19:21+00:00,3531,13,FW000010623; FW000013494; FW000006215; FW000020712; FW000018268; FW000016314; FW000029218; FW000019078; FW000009472; FW000022369; FW000024225; FW000019780; FW000028179,Firewall,60,0.85,100.0,SINGLE_SOURCE_ONLY
SEQ-USR-1744,Unknown,USER,GENERAL_ACTIVITY_SEQUENCE,2026-08-02 20:20:52+00:00,2026-08-02 21:16:46+00:00,3354,18,FW000028711; FW000027071; FW000015094; FW000010896; FW000022728; FW000005599; FW000012705; FW000018697; FW000011609; FW000021054; FW000010767; FW000023695; FW000004708; FW000017697; FW000004632; FW000026702; FW000010593; FW000000551,Firewall,60,0.85,100.0,SINGLE_SOURCE_ONLY
SEQ-USR-1745,Unknown,USER,GENERAL_ACTIVITY_SEQUENCE,2026-08-02 21:21:00+00:00,2026-08-02 22:20:26+00:00,3566,11,FW000007938; FW000024950; FW000011787; FW000005144; FW000025143; FW000010744; FW000013987; FW000027066; FW000014699; FW000016653; FW000026514,Firewall,60,0.85,100.0,SINGLE_SOURCE_ONLY
SEQ-USR-1746,Unknown,USER,GENERAL_ACTIVITY_SEQUENCE,2026-08-02 22:22:01+00:00,2026-08-02 23:20:17+00:00,3496,13,FW000029319; FW000010258; FW000021012; FW000029728; FW000028309; FW000014884; FW000029740; FW000021802; FW000001176; FW000003950; FW000018942; FW000002803; FW000020850,Firewall,60,0.85,100.0,SINGLE_SOURCE_ONLY
SEQ-USR-1747,Unknown,USER,GENERAL_ACTIVITY_SEQUENCE,2026-08-02 23:29:46+00:00,2026-08-03 00:27:41+00:00,3475,75,FW000015772; FW000019014; FW000022815; FW000019361; FW000024592; FW000028960; FW000003774; FW000027336; FW000010790; FW000020480; FW000000321; FW000000918; FW000001032; FW000001445; FW000001854; FW000001865; FW000002350; FW000002417; FW000003846; FW000004036; FW000004941; FW000005767; FW000005830; FW000006481; FW000006644; FW000007185; FW000007395; FW000008428; FW000009767; FW000010399; FW000010558; FW000011029; FW000011055; FW000011388; FW000012098; FW000012387; FW000012445; FW000012892; FW000013287; FW000013833; FW000015973; FW000016105; FW000016818; FW000016949; FW000017106; FW000017349; FW000017521; FW000017572; FW000018481; FW000018956; FW000021314; FW000022042; FW000022143; FW000022881; FW000023141; FW000023627; FW000023764; FW000024533; FW000026174; FW000026692; FW000027979; FW000028248; FW000028569; FW000029800; FW000029927; FW000014501; FW000013351; FW000022535; FW000016375; FW000004330; FW000017424; FW000027736; FW000009645; FW000027760; FW000020675,Firewall,60,0.85,100.0,SINGLE_SOURCE_ONLY
SEQ-USR-1748,Unknown,USER,GENERAL_ACTIVITY_SEQUENCE,2026-08-03 00:33:34+00:00,2026-08-03 01:24:53+00:00,3079,15,FW000024099; FW000006042; FW000025175; FW000016952; FW000002939; FW000005475; FW000010346; FW000017054; FW000016351; FW000013955; FW000029429; FW000006371; FW000026600; FW000010017; FW000024757,Firewall,60,0.85,100.0,SINGLE_SOURCE_ONLY
SEQ-USR-1749,Unknown,USER,GENERAL_ACTIVITY_SEQUENCE,2026-08-03 01:35:38+00:00,2026-08-03 02:35:35+00:00,3597,12,FW000016395; FW000026705; FW000008384; FW000002143; FW000003510; FW000010261; FW000023451; FW000004666; FW000015736; FW000020950; FW000010210; FW000023960,Firewall,60,0.85,100.0,SINGLE_SOURCE_ONLY
SEQ-USR-1750,Unknown,USER,GENERAL_ACTIVITY_SEQUENCE,2026-08-03 02:40:04+00:00,2026-08-03 03:29:34+00:00,2970,12,FW000026743; FW000022019; FW000014421; FW000008227; FW000005003; FW000015289; FW000006408; FW000020865; FW000026119; FW000011968; FW000002195; FW000027517,Firewall,60,0.85,100.0,SINGLE_SOURCE_ONLY
SEQ-USR-1751,Unknown,USER,GENERAL_ACTIVITY_SEQUENCE,2026-08-03 03:40:53+00:00,2026-08-03 04:40:20+00:00,3567,23,FW000008458; FW000008021; FW000018626; FW000022989; FW000011409; FW000004525; FW000019561; FW000009340; FW000015815; FW000022647; FW000012814; FW000024122; FW000001336; FW000024686; FW000015942; FW000007169; FW000009252; FW000018874; FW000021198; FW000022767; FW000007745; FW000012782; FW000000641,Firewall,60,0.85,100.0,SINGLE_SOURCE_ONLY
SEQ-USR-1752,Unknown,USER,GENERAL_ACTIVITY_SEQUENCE,2026-08-03 04:42:24+00:00,2026-08-03 05:37:00+00:00,3276,19,FW000021455; FW000007521; FW000024995; FW000013835; FW000029598; FW000009312; FW000021783; FW000004578; FW000009810; FW000025607; FW000015991; FW000020336; FW000026520; FW000013711; FW000001607; FW000025725; FW000001374; FW000000291; FW000026997,Firewall,60,0.85,100.0,SINGLE_SOURCE_ONLY
SEQ-USR-1753,Unknown,USER,GENERAL_ACTIVITY_SEQUENCE,2026-08-03 05:46:46+00:00,2026-08-03 06:46:31+00:00,3585,18,FW000019333; FW000020556; FW000013665; FW000001586; FW000008535; FW000001318; FW000029094; FW000014410; FW000015786; FW000010833; FW000028954; FW000018211; FW000006146; FW000024668; FW000026646; FW000009470; FW000002332; FW000013779,Firewall,60,0.85,100.0,SINGLE_SOURCE_ONLY
SEQ-USR-1754,Unknown,USER,GENERAL_ACTIVITY_SEQUENCE,2026-08-03 06:53:41+00:00,2026-08-03 07:51:20+00:00,3459,16,FW000019055; FW000023098; FW000023836; FW000015715; FW000010652; FW000000672; FW000005322; FW000003626; FW000020918; FW000029106; FW000029007; FW000029630; FW000029295; FW000022408; FW000003032; FW000015634,Firewall,60,0.85,100.0,SINGLE_SOURCE_ONLY
SEQ-USR-1755,Unknown,USER,GENERAL_ACTIVITY_SEQUENCE,2026-08-03 07:54:20+00:00,2026-08-03 08:48:01+00:00,3221,20,FW000022703; FW000029961; FW000023413; FW000014207; FW000015447; FW000009693; FW000001376; FW000011140; FW000003533; FW000026062; FW000014635; FW000009052; FW000000796; FW000000328; FW000008974; FW000004716; FW000001429; FW000019692; FW000024332; FW000001501,Firewall,60,0.85,100.0,SINGLE_SOURCE_ONLY
SEQ-USR-1756,Unknown,USER,GENERAL_ACTIVITY_SEQUENCE,2026-08-03 09:04:11+00:00,2026-08-03 10:02:46+00:00,3515,19,FW000029931; FW000013109; FW000002562; FW000011565; FW000024463; FW000000647; FW000004979; FW000029900; FW000011311; FW000020002; FW000013746; FW000025135; FW000003865; FW000016665; FW000018309; FW000010028; FW000005724; FW000022633; FW000008846,Firewall,60,0.85,100.0,SINGLE_SOURCE_ONLY
SEQ-USR-1757,Unknown,USER,GENERAL_ACTIVITY_SEQUENCE,2026-08-03 10:04:27+00:00,2026-08-03 11:02:39+00:00,3492,23,FW000005633; FW000025445; FW000023920; FW000021300; FW000022819; FW000019608; FW000008122; FW000012546; FW000012368; FW000006120; FW000026556; FW000009799; FW000012935; FW000026001; FW000023228; FW000016237; FW000001253; FW000004879; FW000025285; FW000006220; FW000010260; FW000011338; FW000007498,Firewall,60,0.85,100.0,SINGLE_SOURCE_ONLY
SEQ-USR-1758,Unknown,USER,GENERAL_ACTIVITY_SEQUENCE,2026-08-03 11:11:46+00:00,2026-08-03 12:10:37+00:00,3531,15,FW000014867; FW000026193; FW000002219; FW000027733; FW000006859; FW000004118; FW000013381; FW000022146; FW000013979; FW000012082; FW000029787; FW000026750; FW000005080; FW000000437; FW000023992,Firewall,60,0.85,100.0,SINGLE_SOURCE_ONLY
SEQ-USR-1759,Unknown,USER,GENERAL_ACTIVITY_SEQUENCE,2026-08-03 12:14:46+00:00,2026-08-03 13:13:07+00:00,3501,18,FW000005439; FW000028553; FW000026431; FW000008841; FW000029719; FW000024289; FW000011466; FW000011864; FW000002432; FW000026574; FW000001263; FW000022865; FW000001055; FW000022072; FW000025283; FW000006881; FW000021789; FW000017314,Firewall,60,0.85,100.0,SINGLE_SOURCE_ONLY
SEQ-USR-1760,Unknown,USER,GENERAL_ACTIVITY_SEQUENCE,2026-08-03 13:15:15+00:00,2026-08-03 13:59:34+00:00,2659,17,FW000003287; FW000001754; FW000025173; FW000004991; FW000015847; FW000020498; FW000028707; FW000029821; FW000017840; FW000017723; FW000004901; FW000001241; FW000017740; FW000000329; FW000005493; FW000015448; FW000007004,Firewall,60,0.85,100.0,SINGLE_SOURCE_ONLY
SEQ-USR-1761,Unknown,USER,GENERAL_ACTIVITY_SEQUENCE,2026-08-03 14:16:21+00:00,2026-08-03 15:05:43+00:00,2962,15,FW000029767; FW000004591; FW000017642; FW000015758; FW000005060; FW000013513; FW000016763; FW000005617; FW000016025; FW000000562; FW000023709; FW000024145; FW000019842; FW000023299; FW000016967,Firewall,60,0.85,100.0,SINGLE_SOURCE_ONLY
SEQ-USR-1762,Unknown,USER,GENERAL_ACTIVITY_SEQUENCE,2026-08-03 15:16:32+00:00,2026-08-03 16:15:27+00:00,3535,11,FW000008943; FW000024366; FW000022037; FW000016079; FW000013128; FW000003863; FW000018084; FW000025150; FW000024143; FW000012460; FW000027208,Firewall,60,0.85,100.0,SINGLE_SOURCE_ONLY
SEQ-USR-1763,Unknown,USER,GENERAL_ACTIVITY_SEQUENCE,2026-08-03 16:16:40+00:00,2026-08-03 17:08:23+00:00,3103,11,FW000026630; FW000022784; FW000004493; FW000012470; FW000025523; FW000021713; FW000016413; FW000013372; FW000016809; FW000005262; FW000022929,Firewall,60,0.85,100.0,SINGLE_SOURCE_ONLY
SEQ-USR-1764,Unknown,USER,GENERAL_ACTIVITY_SEQUENCE,2026-08-03 17:18:43+00:00,2026-08-03 18:14:55+00:00,3372,17,FW000014202; FW000006755; FW000010438; FW000023469; FW000028918; FW000027468; FW000019895; FW000029848; FW000014123; FW000013364; FW000006848; FW000001021; FW000010955; FW000029183; FW000026266; FW000015754; FW000023984,Firewall,60,0.85,100.0,SINGLE_SOURCE_ONLY
SEQ-USR-1765,Unknown,USER,GENERAL_ACTIVITY_SEQUENCE,2026-08-03 18:19:36+00:00,2026-08-03 19:17:22+00:00,3466,13,FW000008833; FW000002596; FW000024577; FW000011845; FW000020945; FW000009462; FW000026612; FW000027342; FW000029040; FW000001478; FW000021105; FW000006762; FW000028426,Firewall,60,0.85,100.0,SINGLE_SOURCE_ONLY
SEQ-USR-1766,Unknown,USER,GENERAL_ACTIVITY_SEQUENCE,2026-08-03 19:20:41+00:00,2026-08-03 20:19:22+00:00,3521,18,FW000006823; FW000014668; FW000026345; FW000012410; FW000024670; FW000011896; FW000017831; FW000010288; FW000026489; FW000005727; FW000011108; FW000016927; FW000014936; FW000010464; FW000019995; FW000018760; FW000009181; FW000011648,Firewall,60,0.85,100.0,SINGLE_SOURCE_ONLY
SEQ-USR-1767,Unknown,USER,GENERAL_ACTIVITY_SEQUENCE,2026-08-03 20:22:55+00:00,2026-08-03 21:20:50+00:00,3475,12,FW000006772; FW000026203; FW000013210; FW000004129; FW000009515; FW000016489; FW000019062; FW000006746; FW000026789; FW000022826; FW000007126; FW000006137,Firewall,60,0.85,100.0,SINGLE_SOURCE_ONLY
SEQ-USR-1768,Unknown,USER,GENERAL_ACTIVITY_SEQUENCE,2026-08-03 21:23:37+00:00,2026-08-03 22:21:29+00:00,3472,17,FW000008826; FW000002203; FW000007543; FW000005889; FW000014605; FW000027458; FW000028712; FW000027677; FW000011254; FW000017045; FW000028303; FW000000555; FW000010033; FW000002192; FW000007147; FW000019084; FW000023632,Firewall,60,0.85,100.0,SINGLE_SOURCE_ONLY
SEQ-USR-1769,Unknown,USER,GENERAL_ACTIVITY_SEQUENCE,2026-08-03 22:24:31+00:00,2026-08-03 23:19:09+00:00,3278,13,FW000025790; FW000024621; FW000007031; FW000011324; FW000000549; FW000003525; FW000002875; FW000008074; FW000005372; FW000028786; FW000028759; FW000028096; FW000003143,Firewall,60,0.85,100.0,SINGLE_SOURCE_ONLY
SEQ-USR-1770,Unknown,USER,GENERAL_ACTIVITY_SEQUENCE,2026-08-03 23:24:44+00:00,2026-08-04 00:23:39+00:00,3535,55,FW000028487; FW000015774; FW000000252; FW000004792; FW000014210; FW000023283; FW000018548; FW000016775; FW000001304; FW000026370; FW000000065; FW000000277; FW000001736; FW000002558; FW000002801; FW000003009; FW000003564; FW000003739; FW000004306; FW000004331; FW000004542; FW000005146; FW000005530; FW000007355; FW000008660; FW000009412; FW000009878; FW000010672; FW000012492; FW000013235; FW000014263; FW000014424; FW000014757; FW000014785; FW000014972; FW000015026; FW000016438; FW000017085; FW000017487; FW000017599; FW000018184; FW000019252; FW000019345; FW000019496; FW000020023; FW000023542; FW000024017; FW000024238; FW000024431; FW000028670; FW000028884; FW000000988; FW000008546; FW000002306; FW000012401,Firewall,60,0.85,100.0,SINGLE_SOURCE_ONLY
SEQ-USR-1771,Unknown,USER,GENERAL_ACTIVITY_SEQUENCE,2026-08-04 00:29:06+00:00,2026-08-04 01:20:55+00:00,3109,13,FW000018649; FW000025444; FW000021687; FW000002671; FW000025776; FW000011848; FW000012724; FW000018026; FW000007854; FW000025325; FW000029613; FW000025975; FW000000142,Firewall,60,0.85,100.0,SINGLE_SOURCE_ONLY
SEQ-USR-1772,Unknown,USER,GENERAL_ACTIVITY_SEQUENCE,2026-08-04 01:29:19+00:00,2026-08-04 02:27:36+00:00,3497,17,FW000025437; FW000000472; FW000000235; FW000015058; FW000004530; FW000027003; FW000004107; FW000016526; FW000021286; FW000020746; FW000017187; FW000018123; FW000007028; FW000006188; FW000012261; FW000004794; FW000016773,Firewall,60,0.85,100.0,SINGLE_SOURCE_ONLY
SEQ-USR-1773,Unknown,USER,GENERAL_ACTIVITY_SEQUENCE,2026-08-04 02:29:43+00:00,2026-08-04 03:28:52+00:00,3549,14,FW000028888; FW000002218; FW000012279; FW000002764; FW000014068; FW000009349; FW000011216; FW000012188; FW000011805; FW000018275; FW000008115; FW000026490; FW000006350; FW000014306,Firewall,60,0.85,100.0,SINGLE_SOURCE_ONLY
SEQ-USR-1774,Unknown,USER,GENERAL_ACTIVITY_SEQUENCE,2026-08-04 03:38:09+00:00,2026-08-04 04:18:59+00:00,2450,11,FW000023226; FW000011016; FW000026649; FW000001479; FW000008809; FW000009633; FW000006818; FW000029422; FW000022806; FW000004714; FW000000049,Firewall,60,0.85,100.0,SINGLE_SOURCE_ONLY
SEQ-USR-1775,Unknown,USER,GENERAL_ACTIVITY_SEQUENCE,2026-08-04 04:43:49+00:00,2026-08-04 05:42:30+00:00,3521,21,FW000005310; FW000025431; FW000006226; FW000024863; FW000020432; FW000011049; FW000023254; FW000021807; FW000020952; FW000006858; FW000008329; FW000011984; FW000010048; FW000011722; FW000009028; FW000018766; FW000020088; FW000018291; FW000001284; FW000028732; FW000011126,Firewall,60,0.85,100.0,SINGLE_SOURCE_ONLY
SEQ-USR-1776,Unknown,USER,GENERAL_ACTIVITY_SEQUENCE,2026-08-04 05:49:33+00:00,2026-08-04 06:44:29+00:00,3296,16,FW000007331; FW000020768; FW000026576; FW000016353; FW000025669; FW000006963; FW000023673; FW000019776; FW000019481; FW000027271; FW000010343; FW000023078; FW000003186; FW000021869; FW000006318; FW000022822,Firewall,60,0.85,100.0,SINGLE_SOURCE_ONLY
SEQ-USR-1777,Unknown,USER,GENERAL_ACTIVITY_SEQUENCE,2026-08-04 06:53:43+00:00,2026-08-04 07:52:59+00:00,3556,14,FW000023380; FW000015112; FW000007769; FW000021703; FW000029982; FW000017646; FW000012559; FW000023316; FW000009299; FW000002909; FW000023263; FW000029867; FW000011808; FW000026572,Firewall,60,0.85,100.0,SINGLE_SOURCE_ONLY
SEQ-USR-1778,Unknown,USER,GENERAL_ACTIVITY_SEQUENCE,2026-08-04 08:07:06+00:00,2026-08-04 08:52:52+00:00,2746,19,FW000011846; FW000013215; FW000010562; FW000029489; FW000003056; FW000026925; FW000017775; FW000007640; FW000001322; FW000022116; FW000026545; FW000019156; FW000029005; FW000023153; FW000013108; FW000017473; FW000018584; FW000020730; FW000006811,Firewall,60,0.85,100.0,SINGLE_SOURCE_ONLY
SEQ-USR-1779,Unknown,USER,GENERAL_ACTIVITY_SEQUENCE,2026-08-04 09:22:55+00:00,2026-08-04 10:21:10+00:00,3495,18,FW000010500; FW000005754; FW000019155; FW000018010; FW000001230; FW000023011; FW000017892; FW000028377; FW000006514; FW000010620; FW000028189; FW000005864; FW000021494; FW000015993; FW000007630; FW000020406; FW000017163; FW000024540,Firewall,60,0.85,100.0,SINGLE_SOURCE_ONLY
SEQ-USR-1780,Unknown,USER,GENERAL_ACTIVITY_SEQUENCE,2026-08-04 10:34:39+00:00,2026-08-04 11:31:09+00:00,3390,14,FW000011940; FW000012733; FW000025654; FW000002593; FW000018053; FW000028112; FW000024389; FW000009510; FW000009793; FW000028137; FW000024102; FW000010608; FW000015321; FW000019538,Firewall,60,0.85,100.0,SINGLE_SOURCE_ONLY
SEQ-USR-1781,Unknown,USER,GENERAL_ACTIVITY_SEQUENCE,2026-08-04 11:44:06+00:00,2026-08-04 12:29:01+00:00,2695,12,FW000016308; FW000027730; FW000009550; FW000020906; FW000005359; FW000018943; FW000004476; FW000018986; FW000006216; FW000021218; FW000013575; FW000001670,Firewall,60,0.85,100.0,SINGLE_SOURCE_ONLY
SEQ-USR-1782,Unknown,USER,GENERAL_ACTIVITY_SEQUENCE,2026-08-04 12:45:22+00:00,2026-08-04 13:41:52+00:00,3390,18,FW000027606; FW000023193; FW000029552; FW000019729; FW000015651; FW000024685; FW000009088; FW000025302; FW000021979; FW000008589; FW000009266; FW000007158; FW000000034; FW000026631; FW000019581; FW000025001; FW000017827; FW000018449,Firewall,60,0.85,100.0,SINGLE_SOURCE_ONLY
SEQ-USR-1783,Unknown,USER,GENERAL_ACTIVITY_SEQUENCE,2026-08-04 13:46:00+00:00,2026-08-04 14:43:46+00:00,3466,17,FW000007810; FW000004995; FW000025659; FW000005301; FW000023584; FW000019188; FW000009932; FW000000300; FW000010504; FW000025663; FW000009255; FW000014532; FW000000546; FW000028764; FW000022969; FW000005426; FW000009194,Firewall,60,0.85,100.0,SINGLE_SOURCE_ONLY
SEQ-USR-1784,Unknown,USER,GENERAL_ACTIVITY_SEQUENCE,2026-08-04 14:46:19+00:00,2026-08-04 15:43:29+00:00,3430,14,FW000004149; FW000011227; FW000018809; FW000004804; FW000008623; FW000012504; FW000003445; FW000027004; FW000017874; FW000016061; FW000009000; FW000003331; FW000027850; FW000005366,Firewall,60,0.85,100.0,SINGLE_SOURCE_ONLY
SEQ-USR-1785,Unknown,USER,GENERAL_ACTIVITY_SEQUENCE,2026-08-04 15:51:39+00:00,2026-08-04 16:47:28+00:00,3349,22,FW000005666; FW000029752; FW000026046; FW000020930; FW000021232; FW000023657; FW000021166; FW000005542; FW000004967; FW000026286; FW000007490; FW000000447; FW000004752; FW000020817; FW000002880; FW000017006; FW000016860; FW000000794; FW000007228; FW000012374; FW000025303; FW000003193,Firewall,60,0.85,100.0,SINGLE_SOURCE_ONLY
SEQ-USR-1786,Unknown,USER,GENERAL_ACTIVITY_SEQUENCE,2026-08-04 16:53:13+00:00,2026-08-04 17:48:05+00:00,3292,12,FW000012693; FW000022203; FW000016312; FW000024152; FW000007380; FW000007588; FW000012194; FW000004152; FW000000654; FW000000032; FW000010389; FW000029015,Firewall,60,0.85,100.0,SINGLE_SOURCE_ONLY
SEQ-USR-1787,Unknown,USER,GENERAL_ACTIVITY_SEQUENCE,2026-08-04 18:06:25+00:00,2026-08-04 18:55:07+00:00,2922,17,FW000002140; FW000018335; FW000028034; FW000013528; FW000023409; FW000012295; FW000012250; FW000015671; FW000005193; FW000004243; FW000013705; FW000015771; FW000011646; FW000024727; FW000018387; FW000015522; FW000013346,Firewall,60,0.85,100.0,SINGLE_SOURCE_ONLY
SEQ-USR-1788,Unknown,USER,GENERAL_ACTIVITY_SEQUENCE,2026-08-04 19:13:47+00:00,2026-08-04 20:08:08+00:00,3261,19,FW000027732; FW000008818; FW000004407; FW000003216; FW000017482; FW000027617; FW000009568; FW000026209; FW000021052; FW000017902; FW000027374; FW000017386; FW000022070; FW000015474; FW000017815; FW000018833; FW000027629; FW000018704; FW000028339,Firewall,60,0.85,100.0,SINGLE_SOURCE_ONLY
SEQ-USR-1789,Unknown,USER,GENERAL_ACTIVITY_SEQUENCE,2026-08-04 20:16:01+00:00,2026-08-04 21:14:21+00:00,3500,15,FW000009305; FW000019764; FW000013479; FW000001529; FW000029804; FW000025811; FW000020055; FW000003480; FW000020284; FW000020196; FW000011141; FW000006327; FW000020230; FW000020527; FW000026099,Firewall,60,0.85,100.0,SINGLE_SOURCE_ONLY
SEQ-USR-1790,Unknown,USER,GENERAL_ACTIVITY_SEQUENCE,2026-08-04 21:21:28+00:00,2026-08-04 22:21:13+00:00,3585,14,FW000028258; FW000006092; FW000001564; FW000002528; FW000007831; FW000005433; FW000022218; FW000020736; FW000016507; FW000012376; FW000012616; FW000025086; FW000001009; FW000028997,Firewall,60,0.85,100.0,SINGLE_SOURCE_ONLY
SEQ-USR-1791,Unknown,USER,GENERAL_ACTIVITY_SEQUENCE,2026-08-04 22:22:13+00:00,2026-08-04 23:15:33+00:00,3200,11,FW000017508; FW000002766; FW000028531; FW000001003; FW000013521; FW000018128; FW000025886; FW000016693; FW000021799; FW000022083; FW000025297,Firewall,60,0.85,100.0,SINGLE_SOURCE_ONLY
SEQ-USR-1792,Unknown,USER,GENERAL_ACTIVITY_SEQUENCE,2026-08-04 23:27:27+00:00,2026-08-05 00:27:18+00:00,3591,82,FW000007514; FW000008997; FW000019169; FW000023647; FW000022454; FW000007866; FW000000349; FW000001959; FW000002198; FW000002298; FW000002655; FW000002690; FW000003369; FW000003746; FW000004061; FW000004252; FW000004643; FW000004724; FW000005142; FW000005467; FW000005761; FW000005949; FW000006018; FW000006206; FW000006254; FW000006373; FW000006867; FW000008177; FW000009095; FW000009429; FW000009651; FW000009803; FW000009908; FW000009909; FW000010239; FW000010939; FW000011230; FW000011546; FW000011883; FW000012683; FW000013714; FW000014744; FW000014896; FW000015663; FW000016508; FW000017505; FW000017612; FW000018065; FW000019570; FW000020414; FW000021059; FW000021277; FW000021375; FW000021401; FW000022260; FW000022326; FW000022507; FW000022765; FW000023555; FW000024471; FW000024906; FW000027224; FW000027628; FW000027673; FW000027975; FW000028408; FW000028653; FW000029149; FW000029344; FW000029737; FW000029763; FW000012668; FW000028015; FW000024526; FW000028347; FW000020672; FW000009732; FW000028166; FW000026931; FW000007167; FW000025674; FW000019325,Firewall,60,0.85,100.0,SINGLE_SOURCE_ONLY
SEQ-USR-1793,Unknown,USER,GENERAL_ACTIVITY_SEQUENCE,2026-08-05 00:28:04+00:00,2026-08-05 01:22:57+00:00,3293,21,FW000000584; FW000013323; FW000007335; FW000009016; FW000008409; FW000028781; FW000027847; FW000001500; FW000004146; FW000006962; FW000020450; FW000028776; FW000018656; FW000009843; FW000009256; FW000006890; FW000015286; FW000025585; FW000016615; FW000027609; FW000024287,Firewall,60,0.85,100.0,SINGLE_SOURCE_ONLY
SEQ-USR-1794,Unknown,USER,GENERAL_ACTIVITY_SEQUENCE,2026-08-05 01:35:39+00:00,2026-08-05 02:08:20+00:00,1961,6,FW000017942; FW000027568; FW000021625; FW000004261; FW000004260; FW000009967,Firewall,60,0.85,100.0,SINGLE_SOURCE_ONLY
SEQ-USR-1795,Unknown,USER,GENERAL_ACTIVITY_SEQUENCE,2026-08-05 02:38:17+00:00,2026-08-05 03:35:34+00:00,3437,14,FW000020260; FW000001846; FW000007223; FW000013112; FW000003373; FW000021680; FW000018492; FW000000659; FW000015157; FW000003471; FW000024267; FW000023983; FW000009032; FW000011741,Firewall,60,0.85,100.0,SINGLE_SOURCE_ONLY
SEQ-USR-1796,Unknown,USER,GENERAL_ACTIVITY_SEQUENCE,2026-08-05 04:09:47+00:00,2026-08-05 05:01:22+00:00,3095,14,FW000027959; FW000017873; FW000002096; FW000017777; FW000016018; FW000009139; FW000011511; FW000017308; FW000019904; FW000013749; FW000013495; FW000015742; FW000021951; FW000000910,Firewall,60,0.85,100.0,SINGLE_SOURCE_ONLY
SEQ-USR-1797,Unknown,USER,GENERAL_ACTIVITY_SEQUENCE,2026-08-05 05:11:56+00:00,2026-08-05 06:03:24+00:00,3088,20,FW000014109; FW000004864; FW000025042; FW000004317; FW000020739; FW000026155; FW000004885; FW000015520; FW000008141; FW000003412; FW000009450; FW000003040; FW000020052; FW000007172; FW000028485; FW000029702; FW000028090; FW000019218; FW000020537; FW000016324,Firewall,60,0.85,100.0,SINGLE_SOURCE_ONLY
SEQ-USR-1798,Unknown,USER,GENERAL_ACTIVITY_SEQUENCE,2026-08-05 06:19:31+00:00,2026-08-05 07:15:13+00:00,3342,13,FW000002158; FW000020153; FW000014582; FW000017435; FW000026548; FW000022443; FW000011326; FW000000419; FW000020780; FW000027098; FW000015610; FW000005648; FW000008340,Firewall,60,0.85,100.0,SINGLE_SOURCE_ONLY
SEQ-USR-1799,Unknown,USER,GENERAL_ACTIVITY_SEQUENCE,2026-08-05 07:24:46+00:00,2026-08-05 08:22:07+00:00,3441,15,FW000025581; FW000000971; FW000006049; FW000019781; FW000013526; FW000000925; FW000000247; FW000011869; FW000004112; FW000012033; FW000011412; FW000005390; FW000013766; FW000028208; FW000009046,Firewall,60,0.85,100.0,SINGLE_SOURCE_ONLY
SEQ-USR-1800,Unknown,USER,GENERAL_ACTIVITY_SEQUENCE,2026-08-05 08:24:52+00:00,2026-08-05 09:19:26+00:00,3274,24,FW000022717; FW000006625; FW000010787; FW000016642; FW000029540; FW000003259; FW000015691; FW000013407; FW000018391; FW000029736; FW000026441; FW000025968; FW000014318; FW000021419; FW000004938; FW000013605; FW000009721; FW000013436; FW000005414; FW000029893; FW000019298; FW000005677; FW000021270; FW000014197,Firewall,60,0.85,100.0,SINGLE_SOURCE_ONLY
SEQ-USR-1801,Unknown,USER,GENERAL_ACTIVITY_SEQUENCE,2026-08-05 09:29:30+00:00,2026-08-05 10:23:34+00:00,3244,11,FW000024641; FW000029539; FW000010357; FW000010331; FW000020340; FW000000125; FW000006504; FW000003720; FW000005681; FW000009273; FW000021387,Firewall,60,0.85,100.0,SINGLE_SOURCE_ONLY
SEQ-USR-1802,Unknown,USER,GENERAL_ACTIVITY_SEQUENCE,2026-08-05 10:33:15+00:00,2026-08-05 11:32:00+00:00,3525,15,FW000026463; FW000024987; FW000026963; FW000022715; FW000018570; FW000029640; FW000000677; FW000005741; FW000029341; FW000007634; FW000026312; FW000012359; FW000011783; FW000012483; FW000002243,Firewall,60,0.85,100.0,SINGLE_SOURCE_ONLY
SEQ-USR-1803,Unknown,USER,GENERAL_ACTIVITY_SEQUENCE,2026-08-05 11:37:22+00:00,2026-08-05 12:33:45+00:00,3383,19,FW000017706; FW000013520; FW000024306; FW000007440; FW000009457; FW000023339; FW000001769; FW000005553; FW000025412; FW000027319; FW000023445; FW000008026; FW000010341; FW000012628; FW000012395; FW000016512; FW000026429; FW000013992; FW000021234,Firewall,60,0.85,100.0,SINGLE_SOURCE_ONLY
SEQ-USR-1804,Unknown,USER,GENERAL_ACTIVITY_SEQUENCE,2026-08-05 12:38:46+00:00,2026-08-05 13:37:57+00:00,3551,17,FW000000946; FW000005877; FW000017448; FW000027499; FW000006432; FW000029864; FW000006185; FW000009942; FW000029360; FW000002780; FW000017805; FW000029138; FW000017019; FW000022219; FW000017032; FW000002563; FW000021196,Firewall,60,0.85,100.0,SINGLE_SOURCE_ONLY
SEQ-USR-1805,Unknown,USER,GENERAL_ACTIVITY_SEQUENCE,2026-08-05 13:43:30+00:00,2026-08-05 14:36:08+00:00,3158,18,FW000018466; FW000014190; FW000024132; FW000028404; FW000003096; FW000004713; FW000013261; FW000021694; FW000004520; FW000022405; FW000023009; FW000010856; FW000001506; FW000019093; FW000023085; FW000026413; FW000005932; FW000002464,Firewall,60,0.85,100.0,SINGLE_SOURCE_ONLY
SEQ-USR-1806,Unknown,USER,GENERAL_ACTIVITY_SEQUENCE,2026-08-05 14:44:09+00:00,2026-08-05 15:39:53+00:00,3344,16,FW000017662; FW000002292; FW000029806; FW000027487; FW000006194; FW000004907; FW000019503; FW000014260; FW000003161; FW000016172; FW000023343; FW000023338; FW000021467; FW000000766; FW000004194; FW000009507,Firewall,60,0.85,100.0,SINGLE_SOURCE_ONLY
SEQ-USR-1807,Unknown,USER,GENERAL_ACTIVITY_SEQUENCE,2026-08-05 15:47:38+00:00,2026-08-05 16:43:42+00:00,3364,20,FW000029016; FW000012852; FW000008060; FW000001239; FW000002714; FW000014269; FW000014414; FW000023880; FW000021900; FW000009092; FW000006552; FW000028768; FW000019267; FW000021181; FW000023999; FW000016908; FW000001139; FW000028474; FW000023161; FW000018133,Firewall,60,0.85,100.0,SINGLE_SOURCE_ONLY
SEQ-USR-1808,Unknown,USER,GENERAL_ACTIVITY_SEQUENCE,2026-08-05 16:53:49+00:00,2026-08-05 17:50:57+00:00,3428,16,FW000011417; FW000014408; FW000012820; FW000003657; FW000021887; FW000026290; FW000019355; FW000011245; FW000016729; FW000007702; FW000005961; FW000006523; FW000013477; FW000029717; FW000002787; FW000028794,Firewall,60,0.85,100.0,SINGLE_SOURCE_ONLY
SEQ-USR-1809,Unknown,USER,GENERAL_ACTIVITY_SEQUENCE,2026-08-05 17:55:44+00:00,2026-08-05 18:55:39+00:00,3595,15,FW000023459; FW000016828; FW000005534; FW000013429; FW000021442; FW000012951; FW000002322; FW000022730; FW000020690; FW000005612; FW000000465; FW000029975; FW000018896; FW000001810; FW000024286,Firewall,60,0.85,100.0,SINGLE_SOURCE_ONLY
SEQ-USR-1810,Unknown,USER,GENERAL_ACTIVITY_SEQUENCE,2026-08-05 19:04:53+00:00,2026-08-05 20:02:35+00:00,3462,18,FW000012131; FW000002637; FW000014834; FW000013725; FW000016505; FW000013458; FW000005935; FW000000074; FW000007220; FW000016096; FW000007278; FW000021852; FW000028211; FW000026468; FW000024555; FW000010691; FW000020168; FW000003597,Firewall,60,0.85,100.0,SINGLE_SOURCE_ONLY
SEQ-USR-1811,Unknown,USER,GENERAL_ACTIVITY_SEQUENCE,2026-08-05 20:10:53+00:00,2026-08-05 21:06:37+00:00,3344,17,FW000002704; FW000004246; FW000007949; FW000019639; FW000029556; FW000012317; FW000019406; FW000023510; FW000028288; FW000025878; FW000001687; FW000013941; FW000024221; FW000016464; FW000002395; FW000012680; FW000018796,Firewall,60,0.85,100.0,SINGLE_SOURCE_ONLY
SEQ-USR-1812,Unknown,USER,GENERAL_ACTIVITY_SEQUENCE,2026-08-05 21:15:12+00:00,2026-08-05 22:14:49+00:00,3577,22,FW000027455; FW000023719; FW000017915; FW000011915; FW000005350; FW000022209; FW000018175; FW000023499; FW000006299; FW000016482; FW000018930; FW000021569; FW000013756; FW000007047; FW000004345; FW000017316; FW000018651; FW000002686; FW000008000; FW000013221; FW000003819; FW000019666,Firewall,60,0.85,100.0,SINGLE_SOURCE_ONLY
SEQ-USR-1813,Unknown,USER,GENERAL_ACTIVITY_SEQUENCE,2026-08-05 22:22:53+00:00,2026-08-05 23:20:37+00:00,3464,20,FW000018495; FW000026982; FW000029759; FW000008295; FW000019902; FW000008629; FW000027256; FW000005698; FW000010376; FW000012139; FW000015662; FW000006922; FW000006680; FW000029487; FW000027988; FW000024396; FW000007984; FW000018457; FW000026496; FW000010861,Firewall,60,0.85,100.0,SINGLE_SOURCE_ONLY
SEQ-USR-1814,Unknown,USER,GENERAL_ACTIVITY_SEQUENCE,2026-08-05 23:33:17+00:00,2026-08-06 00:23:24+00:00,3007,80,FW000029442; FW000020826; FW000000377; FW000029911; FW000006530; FW000016123; FW000009482; FW000011200; FW000001312; FW000000262; FW000000296; FW000000315; FW000001282; FW000001492; FW000001578; FW000001683; FW000001786; FW000002077; FW000003441; FW000004200; FW000005776; FW000006464; FW000006749; FW000008223; FW000008237; FW000008995; FW000009227; FW000009348; FW000009574; FW000010218; FW000010603; FW000010778; FW000011527; FW000013544; FW000014416; FW000014475; FW000014489; FW000014503; FW000014713; FW000015109; FW000015599; FW000015702; FW000016046; FW000017281; FW000017490; FW000017520; FW000018498; FW000018601; FW000018696; FW000018774; FW000019351; FW000020520; FW000021026; FW000021588; FW000021691; FW000021774; FW000022265; FW000022337; FW000023282; FW000023324; FW000023420; FW000023939; FW000024373; FW000024407; FW000024768; FW000025263; FW000026737; FW000026824; FW000027472; FW000027839; FW000028266; FW000028359; FW000028631; FW000028987; FW000029101; FW000002420; FW000028449; FW000002908; FW000014530; FW000004104,Firewall,60,0.85,100.0,SINGLE_SOURCE_ONLY
SEQ-USR-1815,Unknown,USER,GENERAL_ACTIVITY_SEQUENCE,2026-08-06 00:36:43+00:00,2026-08-06 01:35:11+00:00,3508,12,FW000008416; FW000011803; FW000007602; FW000019663; FW000001428; FW000025220; FW000004951; FW000014602; FW000002032; FW000028106; FW000020497; FW000019100,Firewall,60,0.85,100.0,SINGLE_SOURCE_ONLY
SEQ-USR-1816,Unknown,USER,GENERAL_ACTIVITY_SEQUENCE,2026-08-06 02:02:27+00:00,2026-08-06 02:58:55+00:00,3388,13,FW000015732; FW000005490; FW000006673; FW000008724; FW000019610; FW000010308; FW000021512; FW000001743; FW000028364; FW000007867; FW000025259; FW000014322; FW000022064,Firewall,60,0.85,100.0,SINGLE_SOURCE_ONLY
SEQ-USR-1817,Unknown,USER,GENERAL_ACTIVITY_SEQUENCE,2026-08-06 03:09:03+00:00,2026-08-06 03:55:10+00:00,2767,15,FW000021801; FW000006461; FW000018095; FW000002529; FW000005162; FW000028532; FW000002511; FW000015070; FW000026849; FW000000322; FW000007097; FW000016022; FW000020707; FW000029866; FW000011484,Firewall,60,0.85,100.0,SINGLE_SOURCE_ONLY
SEQ-USR-1818,Unknown,USER,GENERAL_ACTIVITY_SEQUENCE,2026-08-06 04:16:29+00:00,2026-08-06 05:11:54+00:00,3325,19,FW000011037; FW000023060; FW000020240; FW000012419; FW000015126; FW000004319; FW000024574; FW000020843; FW000027787; FW000010138; FW000011668; FW000016612; FW000005324; FW000007002; FW000014116; FW000002768; FW000007688; FW000025486; FW000021596,Firewall,60,0.85,100.0,SINGLE_SOURCE_ONLY
SEQ-USR-1819,Unknown,USER,GENERAL_ACTIVITY_SEQUENCE,2026-08-06 05:17:49+00:00,2026-08-06 05:59:31+00:00,2502,18,FW000016712; FW000016916; FW000008048; FW000017630; FW000015717; FW000007701; FW000028498; FW000002378; FW000006313; FW000018673; FW000022160; FW000026729; FW000026319; FW000000703; FW000012429; FW000020309; FW000019046; FW000001448,Firewall,60,0.85,100.0,SINGLE_SOURCE_ONLY
SEQ-USR-1820,Unknown,USER,GENERAL_ACTIVITY_SEQUENCE,2026-08-06 06:25:06+00:00,2026-08-06 07:24:30+00:00,3564,13,FW000007273; FW000014118; FW000028019; FW000016572; FW000012014; FW000026528; FW000015841; FW000022172; FW000029930; FW000008827; FW000005953; FW000007030; FW000021606,Firewall,60,0.85,100.0,SINGLE_SOURCE_ONLY
SEQ-USR-1821,Unknown,USER,GENERAL_ACTIVITY_SEQUENCE,2026-08-06 07:29:03+00:00,2026-08-06 08:28:07+00:00,3544,15,FW000007829; FW000005852; FW000016029; FW000003237; FW000026907; FW000008654; FW000005552; FW000027777; FW000005564; FW000026048; FW000029139; FW000011966; FW000009736; FW000029937; FW000001942,Firewall,60,0.85,100.0,SINGLE_SOURCE_ONLY
SEQ-USR-1822,Unknown,USER,GENERAL_ACTIVITY_SEQUENCE,2026-08-06 08:30:29+00:00,2026-08-06 09:27:39+00:00,3430,16,FW000009220; FW000014724; FW000000081; FW000029071; FW000006058; FW000001083; FW000026210; FW000025446; FW000004357; FW000000873; FW000017866; FW000024609; FW000026823; FW000027636; FW000029119; FW000027483,Firewall,60,0.85,100.0,SINGLE_SOURCE_ONLY
SEQ-USR-1823,Unknown,USER,GENERAL_ACTIVITY_SEQUENCE,2026-08-06 09:30:46+00:00,2026-08-06 10:28:08+00:00,3442,21,FW000026896; FW000025928; FW000010176; FW000007095; FW000029995; FW000005952; FW000028139; FW000000229; FW000017753; FW000013687; FW000017132; FW000008059; FW000022711; FW000014302; FW000011363; FW000023030; FW000008316; FW000022600; FW000005703; FW000028643; FW000010483,Firewall,60,0.85,100.0,SINGLE_SOURCE_ONLY
SEQ-USR-1824,Unknown,USER,GENERAL_ACTIVITY_SEQUENCE,2026-08-06 10:30:54+00:00,2026-08-06 11:27:49+00:00,3415,12,FW000023421; FW000009954; FW000007213; FW000015381; FW000008132; FW000006622; FW000007762; FW000029229; FW000010885; FW000015769; FW000027367; FW000018243,Firewall,60,0.85,100.0,SINGLE_SOURCE_ONLY
SEQ-USR-1825,Unknown,USER,GENERAL_ACTIVITY_SEQUENCE,2026-08-06 11:36:56+00:00,2026-08-06 12:34:37+00:00,3461,24,FW000005380; FW000009536; FW000003221; FW000026664; FW000006944; FW000014112; FW000003004; FW000001635; FW000004856; FW000009731; FW000018395; FW000028411; FW000027227; FW000026442; FW000005908; FW000015639; FW000014673; FW000023900; FW000017352; FW000007545; FW000025121; FW000001382; FW000011000; FW000010100,Firewall,60,0.85,100.0,SINGLE_SOURCE_ONLY
SEQ-USR-1826,Unknown,USER,GENERAL_ACTIVITY_SEQUENCE,2026-08-06 12:45:40+00:00,2026-08-06 13:45:28+00:00,3588,12,FW000008485; FW000024608; FW000012881; FW000027447; FW000024028; FW000019072; FW000002978; FW000022358; FW000012531; FW000023603; FW000012525; FW000013969,Firewall,60,0.85,100.0,SINGLE_SOURCE_ONLY
SEQ-USR-1827,Unknown,USER,GENERAL_ACTIVITY_SEQUENCE,2026-08-06 14:02:45+00:00,2026-08-06 14:53:09+00:00,3024,8,FW000010788; FW000011157; FW000000117; FW000024434; FW000009901; FW000006694; FW000005394; FW000001469,Firewall,60,0.85,100.0,SINGLE_SOURCE_ONLY
SEQ-USR-1828,Unknown,USER,GENERAL_ACTIVITY_SEQUENCE,2026-08-06 15:17:59+00:00,2026-08-06 16:12:32+00:00,3273,21,FW000013211; FW000008906; FW000022624; FW000005523; FW000027460; FW000028615; FW000015738; FW000014389; FW000020276; FW000028787; FW000019433; FW000005369; FW000029996; FW000023662; FW000001081; FW000002224; FW000029625; FW000025524; FW000021206; FW000009630; FW000011462,Firewall,60,0.85,100.0,SINGLE_SOURCE_ONLY
SEQ-USR-1829,Unknown,USER,GENERAL_ACTIVITY_SEQUENCE,2026-08-06 16:29:01+00:00,2026-08-06 17:23:46+00:00,3285,19,FW000015909; FW000007071; FW000010024; FW000000983; FW000023236; FW000008621; FW000017908; FW000004383; FW000001076; FW000005893; FW000022447; FW000003224; FW000001673; FW000019660; FW000012915; FW000029690; FW000013306; FW000004268; FW000005976,Firewall,60,0.85,100.0,SINGLE_SOURCE_ONLY
SEQ-USR-1830,Unknown,USER,GENERAL_ACTIVITY_SEQUENCE,2026-08-06 17:34:27+00:00,2026-08-06 18:32:15+00:00,3468,18,FW000025586; FW000026009; FW000008116; FW000029371; FW000013167; FW000002649; FW000027197; FW000002266; FW000007415; FW000009329; FW000006909; FW000010342; FW000020008; FW000024887; FW000020494; FW000019811; FW000019182; FW000014606,Firewall,60,0.85,100.0,SINGLE_SOURCE_ONLY
SEQ-USR-1831,Unknown,USER,GENERAL_ACTIVITY_SEQUENCE,2026-08-06 18:44:52+00:00,2026-08-06 19:42:24+00:00,3452,10,FW000003248; FW000025250; FW000004074; FW000002408; FW000011978; FW000020304; FW000019872; FW000009238; FW000017219; FW000013690,Firewall,60,0.85,100.0,SINGLE_SOURCE_ONLY
SEQ-USR-1832,Unknown,USER,GENERAL_ACTIVITY_SEQUENCE,2026-08-06 19:48:09+00:00,2026-08-06 20:45:36+00:00,3447,20,FW000027303; FW000001243; FW000027048; FW000003387; FW000015925; FW000013397; FW000024050; FW000027862; FW000025255; FW000017845; FW000004020; FW000016636; FW000009762; FW000012228; FW000008597; FW000006782; FW000008536; FW000029562; FW000015433; FW000002150,Firewall,60,0.85,100.0,SINGLE_SOURCE_ONLY
SEQ-USR-1833,Unknown,USER,GENERAL_ACTIVITY_SEQUENCE,2026-08-06 20:49:22+00:00,2026-08-06 21:43:51+00:00,3269,19,FW000013441; FW000005192; FW000027121; FW000021144; FW000018174; FW000024245; FW000018067; FW000000067; FW000014094; FW000029663; FW000010921; FW000021752; FW000001302; FW000022151; FW000020653; FW000009684; FW000002710; FW000015703; FW000006326,Firewall,60,0.85,100.0,SINGLE_SOURCE_ONLY
SEQ-USR-1834,Unknown,USER,GENERAL_ACTIVITY_SEQUENCE,2026-08-06 21:49:44+00:00,2026-08-06 22:42:56+00:00,3192,15,FW000007156; FW000018075; FW000006192; FW000017315; FW000019757; FW000002109; FW000011210; FW000016751; FW000027556; FW000006415; FW000016906; FW000009413; FW000021055; FW000002941; FW000001979,Firewall,60,0.85,100.0,SINGLE_SOURCE_ONLY
SEQ-USR-1835,Unknown,USER,GENERAL_ACTIVITY_SEQUENCE,2026-08-06 22:55:38+00:00,2026-08-06 23:52:58+00:00,3440,16,FW000003655; FW000015131; FW000002954; FW000022110; FW000028492; FW000022761; FW000024215; FW000015778; FW000005485; FW000025002; FW000024652; FW000027596; FW000004387; FW000020565; FW000018383; FW000004428,Firewall,60,0.85,100.0,SINGLE_SOURCE_ONLY
SEQ-USR-1836,Unknown,USER,GENERAL_ACTIVITY_SEQUENCE,2026-08-06 23:59:53+00:00,2026-08-07 00:57:18+00:00,3445,83,FW000025499; FW000000361; FW000001290; FW000001300; FW000001910; FW000002501; FW000004833; FW000005334; FW000005449; FW000005567; FW000005895; FW000006296; FW000007434; FW000007523; FW000008054; FW000008432; FW000008748; FW000009055; FW000009309; FW000009425; FW000009995; FW000010275; FW000010630; FW000010631; FW000011676; FW000011686; FW000012413; FW000013023; FW000013024; FW000013073; FW000013197; FW000013263; FW000013706; FW000014097; FW000014281; FW000015300; FW000015506; FW000015564; FW000015842; FW000016326; FW000016827; FW000017091; FW000017898; FW000018015; FW000019082; FW000019192; FW000019411; FW000019495; FW000020540; FW000021127; FW000021366; FW000021499; FW000021672; FW000021925; FW000022165; FW000022248; FW000022308; FW000022781; FW000023793; FW000024153; FW000024162; FW000024459; FW000024589; FW000025714; FW000026147; FW000026213; FW000027379; FW000027758; FW000027890; FW000028157; FW000028715; FW000029029; FW000029091; FW000029192; FW000000742; FW000000103; FW000016570; FW000027538; FW000000979; FW000015051; FW000029449; FW000004720; FW000010724,Firewall,60,0.85,100.0,SINGLE_SOURCE_ONLY
SEQ-USR-1837,Unknown,USER,GENERAL_ACTIVITY_SEQUENCE,2026-08-07 01:03:41+00:00,2026-08-07 02:00:56+00:00,3435,14,FW000027376; FW000005327; FW000020310; FW000015154; FW000006290; FW000029141; FW000028590; FW000013453; FW000007601; FW000000841; FW000019905; FW000005862; FW000017579; FW000003097,Firewall,60,0.85,100.0,SINGLE_SOURCE_ONLY
SEQ-USR-1838,Unknown,USER,GENERAL_ACTIVITY_SEQUENCE,2026-08-07 02:07:15+00:00,2026-08-07 03:03:53+00:00,3398,18,FW000001491; FW000012432; FW000024527; FW000019827; FW000022710; FW000002368; FW000026478; FW000002948; FW000012467; FW000005747; FW000021210; FW000029189; FW000027068; FW000008240; FW000017109; FW000016982; FW000013016; FW000014822,Firewall,60,0.85,100.0,SINGLE_SOURCE_ONLY
SEQ-USR-1839,Unknown,USER,GENERAL_ACTIVITY_SEQUENCE,2026-08-07 03:10:37+00:00,2026-08-07 04:06:24+00:00,3347,16,FW000023634; FW000025945; FW000026215; FW000014366; FW000018899; FW000013411; FW000003491; FW000018838; FW000010057; FW000021917; FW000000424; FW000024642; FW000010276; FW000027122; FW000013539; FW000014216,Firewall,60,0.85,100.0,SINGLE_SOURCE_ONLY
SEQ-USR-1840,Unknown,USER,GENERAL_ACTIVITY_SEQUENCE,2026-08-07 04:12:41+00:00,2026-08-07 05:03:35+00:00,3054,23,FW000009355; FW000017031; FW000027035; FW000019574; FW000002754; FW000020864; FW000019153; FW000010000; FW000027600; FW000023655; FW000008182; FW000005587; FW000026720; FW000024715; FW000013154; FW000021325; FW000016698; FW000001419; FW000022306; FW000024872; FW000007755; FW000018124; FW000004648,Firewall,60,0.85,100.0,SINGLE_SOURCE_ONLY
SEQ-USR-1841,Unknown,USER,GENERAL_ACTIVITY_SEQUENCE,2026-08-07 05:24:58+00:00,2026-08-07 06:24:56+00:00,3598,18,FW000003257; FW000018359; FW000029359; FW000027369; FW000019817; FW000014809; FW000018638; FW000028554; FW000009616; FW000022556; FW000019502; FW000014252; FW000020091; FW000015549; FW000021469; FW000013357; FW000000120; FW000000859,Firewall,60,0.85,100.0,SINGLE_SOURCE_ONLY
SEQ-USR-1842,Unknown,USER,GENERAL_ACTIVITY_SEQUENCE,2026-08-07 06:26:49+00:00,2026-08-07 07:23:58+00:00,3429,17,FW000001238; FW000018083; FW000014241; FW000016708; FW000011270; FW000012342; FW000020285; FW000018068; FW000020517; FW000011443; FW000007456; FW000027978; FW000000061; FW000017491; FW000028186; FW000000837; FW000006043,Firewall,60,0.85,100.0,SINGLE_SOURCE_ONLY
SEQ-USR-1843,Unknown,USER,GENERAL_ACTIVITY_SEQUENCE,2026-08-07 07:32:16+00:00,2026-08-07 08:30:40+00:00,3504,14,FW000024551; FW000028105; FW000027868; FW000009030; FW000000369; FW000024236; FW000028877; FW000003866; FW000025000; FW000001577; FW000021424; FW000007222; FW000004368; FW000002639,Firewall,60,0.85,100.0,SINGLE_SOURCE_ONLY
SEQ-USR-1844,Unknown,USER,GENERAL_ACTIVITY_SEQUENCE,2026-08-07 08:37:18+00:00,2026-08-07 09:31:12+00:00,3234,11,FW000027366; FW000026308; FW000029154; FW000024835; FW000010284; FW000018411; FW000009887; FW000002204; FW000001132; FW000025458; FW000011745,Firewall,60,0.85,100.0,SINGLE_SOURCE_ONLY
SEQ-USR-1845,Unknown,USER,GENERAL_ACTIVITY_SEQUENCE,2026-08-07 09:41:58+00:00,2026-08-07 10:41:23+00:00,3565,18,FW000009045; FW000000261; FW000000041; FW000001473; FW000018060; FW000003294; FW000001187; FW000000699; FW000011776; FW000000653; FW000008022; FW000028413; FW000007029; FW000022935; FW000014802; FW000019422; FW000007992; FW000008073,Firewall,60,0.85,100.0,SINGLE_SOURCE_ONLY
SEQ-USR-1846,Unknown,USER,GENERAL_ACTIVITY_SEQUENCE,2026-08-07 10:45:08+00:00,2026-08-07 11:43:45+00:00,3517,12,FW000005063; FW000011429; FW000003440; FW000016667; FW000029516; FW000027361; FW000005095; FW000008902; FW000024138; FW000011284; FW000012212; FW000022554,Firewall,60,0.85,100.0,SINGLE_SOURCE_ONLY
SEQ-USR-1847,Unknown,USER,GENERAL_ACTIVITY_SEQUENCE,2026-08-07 11:45:56+00:00,2026-08-07 12:42:32+00:00,3396,11,FW000015839; FW000006723; FW000025342; FW000014943; FW000021378; FW000001714; FW000029050; FW000005068; FW000024310; FW000007580; FW000001645,Firewall,60,0.85,100.0,SINGLE_SOURCE_ONLY
SEQ-USR-1848,Unknown,USER,GENERAL_ACTIVITY_SEQUENCE,2026-08-07 12:46:02+00:00,2026-08-07 13:37:06+00:00,3064,17,FW000010993; FW000011877; FW000000221; FW000004740; FW000023550; FW000017806; FW000023829; FW000000834; FW000014551; FW000013336; FW000020132; FW000006687; FW000021246; FW000015353; FW000011868; FW000021726; FW000024317,Firewall,60,0.85,100.0,SINGLE_SOURCE_ONLY
SEQ-USR-1849,Unknown,USER,GENERAL_ACTIVITY_SEQUENCE,2026-08-07 13:53:22+00:00,2026-08-07 14:50:50+00:00,3448,18,FW000028924; FW000012900; FW000019220; FW000012769; FW000022456; FW000021965; FW000025788; FW000010127; FW000015485; FW000025536; FW000025316; FW000001060; FW000022982; FW000026003; FW000021908; FW000023073; FW000016117; FW000024280,Firewall,60,0.85,100.0,SINGLE_SOURCE_ONLY
SEQ-USR-1850,Unknown,USER,GENERAL_ACTIVITY_SEQUENCE,2026-08-07 14:54:39+00:00,2026-08-07 15:54:15+00:00,3576,17,FW000022007; FW000004640; FW000015273; FW000014729; FW000004985; FW000000865; FW000010547; FW000023935; FW000021609; FW000001112; FW000001894; FW000014444; FW000020081; FW000027561; FW000001092; FW000000825; FW000021262,Firewall,60,0.85,100.0,SINGLE_SOURCE_ONLY
SEQ-USR-1851,Unknown,USER,GENERAL_ACTIVITY_SEQUENCE,2026-08-07 15:55:38+00:00,2026-08-07 16:55:05+00:00,3567,21,FW000003905; FW000012184; FW000017950; FW000011148; FW000007567; FW000005899; FW000011703; FW000013019; FW000011622; FW000028169; FW000018131; FW000020370; FW000016119; FW000025602; FW000020643; FW000003920; FW000015856; FW000005118; FW000014215; FW000000828; FW000005608,Firewall,60,0.85,100.0,SINGLE_SOURCE_ONLY
SEQ-USR-1852,Unknown,USER,GENERAL_ACTIVITY_SEQUENCE,2026-08-07 16:55:42+00:00,2026-08-07 17:55:19+00:00,3577,13,FW000020535; FW000007099; FW000004550; FW000011382; FW000029935; FW000000057; FW000022428; FW000003249; FW000007862; FW000002551; FW000008607; FW000025398; FW000008232,Firewall,60,0.85,100.0,SINGLE_SOURCE_ONLY
SEQ-USR-1853,Unknown,USER,GENERAL_ACTIVITY_SEQUENCE,2026-08-07 18:00:35+00:00,2026-08-07 18:57:37+00:00,3422,28,FW000024816; FW000009356; FW000001391; FW000028568; FW000003223; FW000016597; FW000001421; FW000028693; FW000024295; FW000020025; FW000016506; FW000024126; FW000022361; FW000023104; FW000006064; FW000009566; FW000007927; FW000011423; FW000000707; FW000023604; FW000020601; FW000003618; FW000024661; FW000006766; FW000023869; FW000003125; FW000010134; FW000006407,Firewall,60,0.85,100.0,SINGLE_SOURCE_ONLY
SEQ-USR-1854,Unknown,USER,GENERAL_ACTIVITY_SEQUENCE,2026-08-07 19:04:04+00:00,2026-08-07 20:01:35+00:00,3451,14,FW000024803; FW000017589; FW000022852; FW000018562; FW000010305; FW000020203; FW000009229; FW000007035; FW000026741; FW000011160; FW000004170; FW000001108; FW000000407; FW000005540,Firewall,60,0.85,100.0,SINGLE_SOURCE_ONLY
SEQ-USR-1855,Unknown,USER,GENERAL_ACTIVITY_SEQUENCE,2026-08-07 20:09:46+00:00,2026-08-07 21:08:54+00:00,3548,16,FW000016618; FW000002447; FW000003757; FW000026144; FW000024365; FW000018159; FW000020765; FW000003852; FW000022433; FW000018781; FW000023739; FW000013550; FW000008717; FW000023074; FW000010366; FW000000624,Firewall,60,0.85,100.0,SINGLE_SOURCE_ONLY
SEQ-USR-1856,Unknown,USER,GENERAL_ACTIVITY_SEQUENCE,2026-08-07 21:11:19+00:00,2026-08-07 21:46:21+00:00,2102,9,FW000001283; FW000013071; FW000027879; FW000016135; FW000008782; FW000007086; FW000001093; FW000029311; FW000001907,Firewall,60,0.85,100.0,SINGLE_SOURCE_ONLY
SEQ-USR-1857,Unknown,USER,GENERAL_ACTIVITY_SEQUENCE,2026-08-07 22:12:29+00:00,2026-08-07 23:07:53+00:00,3324,15,FW000004479; FW000025783; FW000028826; FW000013104; FW000009453; FW000023731; FW000013356; FW000025949; FW000026411; FW000026709; FW000017444; FW000026351; FW000029909; FW000018702; FW000000651,Firewall,60,0.85,100.0,SINGLE_SOURCE_ONLY
SEQ-USR-1858,Unknown,USER,GENERAL_ACTIVITY_SEQUENCE,2026-08-07 23:13:56+00:00,2026-08-08 00:05:55+00:00,3119,133,FW000007985; FW000013953; FW000010766; FW000011729; FW000003914; FW000014768; FW000022813; FW000007619; FW000005281; FW000000008; FW000000571; FW000000839; FW000001151; FW000001620; FW000001818; FW000001845; FW000003090; FW000003239; FW000003574; FW000003660; FW000003970; FW000004824; FW000004845; FW000004860; FW000004893; FW000005383; FW000005423; FW000005923; FW000006768; FW000006839; FW000007166; FW000007593; FW000007661; FW000007818; FW000007946; FW000008036; FW000008110; FW000008327; FW000008771; FW000008889; FW000008972; FW000009296; FW000009781; FW000009858; FW000010229; FW000010731; FW000010798; FW000011085; FW000011432; FW000011754; FW000011904; FW000012296; FW000012379; FW000012727; FW000012876; FW000012922; FW000012961; FW000013094; FW000013157; FW000013311; FW000013889; FW000014963; FW000015016; FW000015701; FW000015723; FW000016073; FW000016371; FW000017222; FW000017989; FW000018134; FW000018156; FW000018267; FW000018574; FW000018777; FW000018860; FW000018974; FW000019038; FW000019132; FW000019138; FW000019658; FW000020011; FW000020387; FW000020760; FW000020876; FW000021100; FW000021123; FW000021457; FW000021729; FW000021762; FW000021879; FW000021912; FW000021919; FW000021942; FW000022011; FW000022109; FW000022126; FW000022473; FW000023057; FW000023088; FW000023297; FW000023518; FW000023577; FW000024020; FW000024055; FW000024090; FW000024164; FW000024244; FW000024291; FW000024571; FW000024947; FW000025054; FW000025103; FW000025231; FW000025555; FW000026267; FW000026566; FW000026787; FW000026826; FW000026937; FW000027188; FW000027400; FW000027574; FW000027928; FW000028471; FW000028678; FW000028971; FW000029667; FW000029742; FW000029765; FW000029771; FW000029862; FW000027178; FW000005712,Firewall,60,0.85,100.0,SINGLE_SOURCE_ONLY
SEQ-USR-1859,Unknown,USER,GENERAL_ACTIVITY_SEQUENCE,2026-08-08 00:15:14+00:00,2026-08-08 01:13:14+00:00,3480,25,FW000000739; FW000018344; FW000000411; FW000018388; FW000007673; FW000020815; FW000020953; FW000022073; FW000018145; FW000000823; FW000019948; FW000013612; FW000020434; FW000007057; FW000006441; FW000001508; FW000023679; FW000007146; FW000027579; FW000029328; FW000021224; FW000011405; FW000017996; FW000021031; FW000029551,Firewall,60,0.85,100.0,SINGLE_SOURCE_ONLY
SEQ-USR-1860,Unknown,USER,GENERAL_ACTIVITY_SEQUENCE,2026-08-08 01:24:58+00:00,2026-08-08 02:22:20+00:00,3442,17,FW000019245; FW000007942; FW000017516; FW000004468; FW000018354; FW000024298; FW000018716; FW000021099; FW000007295; FW000014510; FW000026830; FW000007962; FW000025189; FW000025478; FW000017734; FW000005318; FW000005715,Firewall,60,0.85,100.0,SINGLE_SOURCE_ONLY
SEQ-USR-1861,Unknown,USER,GENERAL_ACTIVITY_SEQUENCE,2026-08-08 02:27:20+00:00,2026-08-08 03:26:00+00:00,3520,32,FW000003634; FW000022878; FW000005131; FW000008944; FW000009151; FW000023607; FW000025454; FW000026019; FW000000487; FW000003138; FW000020046; FW000026575; FW000020947; FW000012386; FW000022997; FW000009602; FW000012560; FW000010520; FW000000091; FW000007582; FW000028717; FW000026986; FW000002208; FW000022676; FW000004220; FW000003521; FW000010494; FW000002888; FW000022302; FW000017918; FW000014180; FW000013241,Firewall,60,0.85,100.0,SINGLE_SOURCE_ONLY
SEQ-USR-1862,Unknown,USER,GENERAL_ACTIVITY_SEQUENCE,2026-08-08 03:28:00+00:00,2026-08-08 04:28:00+00:00,3600,26,FW000009863; FW000019340; FW000000563; FW000000046; FW000028490; FW000019317; FW000001993; FW000001777; FW000015652; FW000025757; FW000029453; FW000010467; FW000005389; FW000014162; FW000002688; FW000025612; FW000022688; FW000015331; FW000018878; FW000014365; FW000014770; FW000015373; FW000019335; FW000004163; FW000016783; FW000004946,Firewall,60,0.85,100.0,SINGLE_SOURCE_ONLY
SEQ-USR-1863,Unknown,USER,GENERAL_ACTIVITY_SEQUENCE,2026-08-08 04:31:00+00:00,2026-08-08 05:29:01+00:00,3481,21,FW000012753; FW000011875; FW000009647; FW000013173; FW000015187; FW000020238; FW000006450; FW000015584; FW000009185; FW000026689; FW000024859; FW000009291; FW000017205; FW000020721; FW000009402; FW000002151; FW000003185; FW000007131; FW000024110; FW000007073; FW000011345,Firewall,60,0.85,100.0,SINGLE_SOURCE_ONLY
SEQ-USR-1864,Unknown,USER,GENERAL_ACTIVITY_SEQUENCE,2026-08-08 05:39:58+00:00,2026-08-08 06:38:49+00:00,3531,20,FW000009315; FW000009668; FW000003855; FW000021113; FW000013842; FW000011873; FW000000763; FW000005892; FW000023447; FW000025531; FW000006214; FW000024307; FW000027534; FW000025149; FW000021152; FW000011225; FW000009393; FW000027283; FW000016015; FW000008010,Firewall,60,0.85,100.0,SINGLE_SOURCE_ONLY
SEQ-USR-1865,Unknown,USER,GENERAL_ACTIVITY_SEQUENCE,2026-08-08 06:41:00+00:00,2026-08-08 07:39:04+00:00,3484,20,FW000021071; FW000010234; FW000007622; FW000021244; FW000008779; FW000005717; FW000013832; FW000008162; FW000003410; FW000028476; FW000024210; FW000015658; FW000002245; FW000007849; FW000020685; FW000006052; FW000025483; FW000024108; FW000027632; FW000029600,Firewall,60,0.85,100.0,SINGLE_SOURCE_ONLY
SEQ-USR-1866,Unknown,USER,GENERAL_ACTIVITY_SEQUENCE,2026-08-08 07:42:33+00:00,2026-08-08 08:42:02+00:00,3569,22,FW000024484; FW000013243; FW000007151; FW000004637; FW000012810; FW000004793; FW000022687; FW000010719; FW000013038; FW000007931; FW000011536; FW000012678; FW000026884; FW000029942; FW000019727; FW000022380; FW000004982; FW000009446; FW000019960; FW000017493; FW000013251; FW000013573,Firewall,60,0.85,100.0,SINGLE_SOURCE_ONLY
SEQ-USR-1867,Unknown,USER,GENERAL_ACTIVITY_SEQUENCE,2026-08-08 08:46:00+00:00,2026-08-08 09:43:46+00:00,3466,16,FW000008977; FW000001387; FW000000631; FW000028310; FW000022022; FW000021084; FW000008047; FW000002176; FW000016631; FW000005033; FW000012252; FW000028390; FW000022278; FW000008293; FW000003325; FW000006322,Firewall,60,0.85,100.0,SINGLE_SOURCE_ONLY
SEQ-USR-1868,Unknown,USER,GENERAL_ACTIVITY_SEQUENCE,2026-08-08 09:46:21+00:00,2026-08-08 10:46:00+00:00,3579,15,FW000024318; FW000006248; FW000016796; FW000012751; FW000027432; FW000013895; FW000001833; FW000013267; FW000027790; FW000029490; FW000021097; FW000010715; FW000020206; FW000028556; FW000015357,Firewall,60,0.85,100.0,SINGLE_SOURCE_ONLY
SEQ-USR-1869,Unknown,USER,GENERAL_ACTIVITY_SEQUENCE,2026-08-08 10:46:54+00:00,2026-08-08 11:42:40+00:00,3346,26,FW000000145; FW000029446; FW000007342; FW000014523; FW000011118; FW000010402; FW000006824; FW000008957; FW000020628; FW000020823; FW000029070; FW000005357; FW000017901; FW000020825; FW000023821; FW000002301; FW000020165; FW000006682; FW000021237; FW000006872; FW000013971; FW000014038; FW000002073; FW000012060; FW000025578; FW000027363,Firewall,60,0.85,100.0,SINGLE_SOURCE_ONLY
SEQ-USR-1870,Unknown,USER,GENERAL_ACTIVITY_SEQUENCE,2026-08-08 11:51:00+00:00,2026-08-08 12:50:03+00:00,3543,22,FW000002544; FW000020662; FW000025005; FW000011431; FW000013459; FW000005189; FW000028103; FW000003677; FW000012277; FW000011634; FW000026643; FW000014381; FW000012863; FW000028702; FW000021504; FW000005116; FW000003617; FW000012824; FW000022504; FW000010442; FW000000829; FW000010902,Firewall,60,0.85,100.0,SINGLE_SOURCE_ONLY
SEQ-USR-1871,Unknown,USER,GENERAL_ACTIVITY_SEQUENCE,2026-08-08 12:54:00+00:00,2026-08-08 13:52:40+00:00,3520,16,FW000025802; FW000005842; FW000012794; FW000018618; FW000015060; FW000027624; FW000013533; FW000003444; FW000022489; FW000014045; FW000017436; FW000013498; FW000024314; FW000012776; FW000026888; FW000011071,Firewall,60,0.85,100.0,SINGLE_SOURCE_ONLY
SEQ-USR-1872,Unknown,USER,GENERAL_ACTIVITY_SEQUENCE,2026-08-08 13:54:29+00:00,2026-08-08 14:53:00+00:00,3511,16,FW000016586; FW000014317; FW000005716; FW000021670; FW000000770; FW000006729; FW000004861; FW000020969; FW000004516; FW000000268; FW000027128; FW000013827; FW000004851; FW000016527; FW000026313; FW000006869,Firewall,60,0.85,100.0,SINGLE_SOURCE_ONLY
SEQ-USR-1873,Unknown,USER,GENERAL_ACTIVITY_SEQUENCE,2026-08-08 14:56:54+00:00,2026-08-08 15:56:05+00:00,3551,15,FW000018929; FW000008924; FW000002065; FW000009778; FW000024141; FW000012273; FW000011192; FW000019987; FW000013118; FW000005471; FW000027467; FW000002982; FW000002411; FW000010681; FW000022591,Firewall,60,0.85,100.0,SINGLE_SOURCE_ONLY
SEQ-USR-1874,Unknown,USER,GENERAL_ACTIVITY_SEQUENCE,2026-08-08 16:01:26+00:00,2026-08-08 16:59:24+00:00,3478,26,FW000009467; FW000008310; FW000000871; FW000022347; FW000007683; FW000006319; FW000005275; FW000012745; FW000015497; FW000005345; FW000013328; FW000017878; FW000005235; FW000017320; FW000007981; FW000012339; FW000005461; FW000014079; FW000028011; FW000025807; FW000005704; FW000023037; FW000013798; FW000011679; FW000017992; FW000011290,Firewall,60,0.85,100.0,SINGLE_SOURCE_ONLY
SEQ-USR-1875,Unknown,USER,GENERAL_ACTIVITY_SEQUENCE,2026-08-08 17:03:00+00:00,2026-08-08 18:00:44+00:00,3464,26,FW000024525; FW000018527; FW000015545; FW000016637; FW000022320; FW000005494; FW000027359; FW000008312; FW000000152; FW000007840; FW000013951; FW000029703; FW000016454; FW000004758; FW000019936; FW000026749; FW000016541; FW000002133; FW000007176; FW000012649; FW000003637; FW000004379; FW000028457; FW000012075; FW000021104; FW000009068,Firewall,60,0.85,100.0,SINGLE_SOURCE_ONLY
SEQ-USR-1876,Unknown,USER,GENERAL_ACTIVITY_SEQUENCE,2026-08-08 18:08:52+00:00,2026-08-08 19:08:45+00:00,3593,19,FW000001164; FW000008445; FW000013782; FW000007715; FW000019801; FW000002539; FW000008813; FW000015358; FW000022496; FW000024333; FW000028349; FW000027270; FW000025903; FW000011258; FW000028607; FW000009171; FW000001947; FW000023481; FW000012298,Firewall,60,0.85,100.0,SINGLE_SOURCE_ONLY
SEQ-USR-1877,Unknown,USER,GENERAL_ACTIVITY_SEQUENCE,2026-08-08 19:11:34+00:00,2026-08-08 20:09:00+00:00,3446,22,FW000008449; FW000028262; FW000026451; FW000010559; FW000001485; FW000028203; FW000006068; FW000022791; FW000009280; FW000026965; FW000003702; FW000029646; FW000004795; FW000007897; FW000027508; FW000029485; FW000000715; FW000024720; FW000025929; FW000013923; FW000002829; FW000008363,Firewall,60,0.85,100.0,SINGLE_SOURCE_ONLY
SEQ-USR-1878,Unknown,USER,GENERAL_ACTIVITY_SEQUENCE,2026-08-08 20:13:00+00:00,2026-08-08 21:09:23+00:00,3383,17,FW000017804; FW000016138; FW000014169; FW000003854; FW000016053; FW000001199; FW000026453; FW000011476; FW000022894; FW000007183; FW000005311; FW000000797; FW000019254; FW000019091; FW000026557; FW000009720; FW000028021,Firewall,60,0.85,100.0,SINGLE_SOURCE_ONLY
SEQ-USR-1879,Unknown,USER,GENERAL_ACTIVITY_SEQUENCE,2026-08-08 21:27:00+00:00,2026-08-08 22:25:47+00:00,3527,27,FW000017305; FW000014328; FW000022325; FW000012494; FW000009359; FW000021755; FW000003885; FW000011706; FW000001685; FW000019900; FW000009473; FW000026142; FW000006060; FW000020784; FW000011947; FW000023538; FW000012216; FW000029169; FW000012588; FW000012029; FW000023114; FW000028998; FW000024756; FW000017218; FW000017931; FW000024498; FW000028313,Firewall,60,0.85,100.0,SINGLE_SOURCE_ONLY
SEQ-USR-1880,Unknown,USER,GENERAL_ACTIVITY_SEQUENCE,2026-08-08 22:30:00+00:00,2026-08-08 23:27:00+00:00,3420,18,FW000015729; FW000026940; FW000017559; FW000024327; FW000006958; FW000022232; FW000000036; FW000015122; FW000000789; FW000001085; FW000005198; FW000008618; FW000003190; FW000016175; FW000026852; FW000023986; FW000002621; FW000015568,Firewall,60,0.85,100.0,SINGLE_SOURCE_ONLY
SEQ-USR-1881,Unknown,USER,GENERAL_ACTIVITY_SEQUENCE,2026-08-08 23:32:00+00:00,2026-08-09 00:30:00+00:00,3480,151,FW000005252; FW000023684; FW000010839; FW000021743; FW000022288; FW000021409; FW000009773; FW000000060; FW000027801; FW000011840; FW000012383; FW000004514; FW000017384; FW000011853; FW000019286; FW000015466; FW000004842; FW000000158; FW000000324; FW000000690; FW000000852; FW000001029; FW000001212; FW000001257; FW000001404; FW000001514; FW000001592; FW000001904; FW000002021; FW000002767; FW000002860; FW000003023; FW000003206; FW000004029; FW000004059; FW000004155; FW000004271; FW000004448; FW000004494; FW000004668; FW000004812; FW000005016; FW000005352; FW000005473; FW000006023; FW000006309; FW000006476; FW000006502; FW000006641; FW000007548; FW000007676; FW000007684; FW000008365; FW000008605; FW000008749; FW000009133; FW000009205; FW000009540; FW000009626; FW000009850; FW000010425; FW000010755; FW000011102; FW000011305; FW000011515; FW000011643; FW000011651; FW000011763; FW000012099; FW000012542; FW000012563; FW000012580; FW000012725; FW000013004; FW000013027; FW000013041; FW000013106; FW000013292; FW000013518; FW000013852; FW000013973; FW000014436; FW000014726; FW000014728; FW000015775; FW000015930; FW000015999; FW000016158; FW000016547; FW000016581; FW000016634; FW000016643; FW000016859; FW000016866; FW000017486; FW000017756; FW000017995; FW000018138; FW000018230; FW000018372; FW000018675; FW000018769; FW000019226; FW000020018; FW000020148; FW000020246; FW000020258; FW000020351; FW000020764; FW000021414; FW000021525; FW000021634; FW000021765; FW000021820; FW000021978; FW000022010; FW000022084; FW000022112; FW000022231; FW000022848; FW000023207; FW000023881; FW000024109; FW000024195; FW000024427; FW000025830; FW000025982; FW000026482; FW000026656; FW000026901; FW000027140; FW000027261; FW000027312; FW000028098; FW000028167; FW000028294; FW000028304; FW000029072; FW000029200; FW000013362; FW000027469; FW000011928; FW000003580; FW000001054; FW000009389; FW000006926; FW000003043; FW000004764; FW000011456; FW000004228; FW000013591,Firewall,60,0.85,100.0,SINGLE_SOURCE_ONLY
SEQ-USR-1882,Unknown,USER,GENERAL_ACTIVITY_SEQUENCE,2026-08-09 00:36:12+00:00,2026-08-09 01:33:22+00:00,3430,15,FW000027802; FW000024546; FW000023635; FW000002542; FW000026620; FW000019213; FW000012836; FW000019630; FW000016332; FW000029501; FW000016740; FW000015992; FW000023232; FW000029550; FW000009352,Firewall,60,0.85,100.0,SINGLE_SOURCE_ONLY
SEQ-USR-1883,Unknown,USER,GENERAL_ACTIVITY_SEQUENCE,2026-08-09 01:37:48+00:00,2026-08-09 02:32:37+00:00,3289,22,FW000015870; FW000000966; FW000007337; FW000028499; FW000027078; FW000009206; FW000022390; FW000025122; FW000025646; FW000016620; FW000026850; FW000001718; FW000007096; FW000028743; FW000001552; FW000029415; FW000026098; FW000028461; FW000009063; FW000027569; FW000017135; FW000002171,Firewall,60,0.85,100.0,SINGLE_SOURCE_ONLY
SEQ-USR-1884,Unknown,USER,GENERAL_ACTIVITY_SEQUENCE,2026-08-09 02:38:00+00:00,2026-08-09 03:35:00+00:00,3420,18,FW000011273; FW000012438; FW000000187; FW000007977; FW000022191; FW000018240; FW000026704; FW000029588; FW000012676; FW000018751; FW000005694; FW000002072; FW000004014; FW000005917; FW000028003; FW000015181; FW000010739; FW000027037,Firewall,60,0.85,100.0,SINGLE_SOURCE_ONLY
SEQ-USR-1885,Unknown,USER,GENERAL_ACTIVITY_SEQUENCE,2026-08-09 03:41:39+00:00,2026-08-09 04:38:00+00:00,3381,22,FW000003200; FW000002571; FW000019403; FW000022674; FW000007214; FW000006715; FW000019582; FW000025539; FW000000889; FW000027089; FW000012196; FW000019903; FW000016542; FW000011441; FW000022301; FW000018413; FW000008301; FW000020646; FW000028043; FW000004148; FW000017844; FW000000684,Firewall,60,0.85,100.0,SINGLE_SOURCE_ONLY
SEQ-USR-1886,Unknown,USER,GENERAL_ACTIVITY_SEQUENCE,2026-08-09 04:44:06+00:00,2026-08-09 05:42:05+00:00,3479,23,FW000029616; FW000010965; FW000017757; FW000010253; FW000010293; FW000022955; FW000019189; FW000027751; FW000008226; FW000011652; FW000004753; FW000011096; FW000027190; FW000018116; FW000014309; FW000006109; FW000006287; FW000002548; FW000029874; FW000000462; FW000011822; FW000021239; FW000005238,Firewall,60,0.85,100.0,SINGLE_SOURCE_ONLY
SEQ-USR-1887,Unknown,USER,GENERAL_ACTIVITY_SEQUENCE,2026-08-09 05:49:00+00:00,2026-08-09 06:35:00+00:00,2760,26,FW000013960; FW000020254; FW000020159; FW000024956; FW000028750; FW000024831; FW000015254; FW000002774; FW000009689; FW000024655; FW000021946; FW000026722; FW000003627; FW000010506; FW000028667; FW000013271; FW000020698; FW000007497; FW000021530; FW000002434; FW000028382; FW000015413; FW000000712; FW000013120; FW000023714; FW000014149,Firewall,60,0.85,100.0,SINGLE_SOURCE_ONLY
SEQ-USR-1888,Unknown,USER,GENERAL_ACTIVITY_SEQUENCE,2026-08-09 06:51:31+00:00,2026-08-09 07:50:52+00:00,3561,21,FW000011726; FW000004405; FW000029654; FW000011757; FW000026837; FW000001402; FW000005764; FW000014752; FW000000311; FW000010625; FW000008362; FW000023840; FW000009648; FW000013592; FW000004358; FW000005260; FW000002870; FW000002426; FW000002066; FW000005942; FW000012137,Firewall,60,0.85,100.0,SINGLE_SOURCE_ONLY
SEQ-USR-1889,Unknown,USER,GENERAL_ACTIVITY_SEQUENCE,2026-08-09 07:52:52+00:00,2026-08-09 08:51:10+00:00,3498,33,FW000023158; FW000008805; FW000008104; FW000007559; FW000005510; FW000029182; FW000016142; FW000022643; FW000026613; FW000006249; FW000023076; FW000000026; FW000018100; FW000001805; FW000026983; FW000015394; FW000025239; FW000018000; FW000018278; FW000002720; FW000029048; FW000015224; FW000018242; FW000006386; FW000009593; FW000017552; FW000011208; FW000023229; FW000015105; FW000010443; FW000001523; FW000017982; FW000025416,Firewall,60,0.85,100.0,SINGLE_SOURCE_ONLY
SEQ-USR-1890,Unknown,USER,GENERAL_ACTIVITY_SEQUENCE,2026-08-09 08:54:00+00:00,2026-08-09 09:53:00+00:00,3540,30,FW000009998; FW000022383; FW000003111; FW000001863; FW000015749; FW000005765; FW000015274; FW000028277; FW000028036; FW000013217; FW000029724; FW000028325; FW000012797; FW000025332; FW000012323; FW000015257; FW000028790; FW000007334; FW000003486; FW000011605; FW000003494; FW000025701; FW000020107; FW000017120; FW000004776; FW000025266; FW000015401; FW000003349; FW000009143; FW000009011,Firewall,60,0.85,100.0,SINGLE_SOURCE_ONLY
SEQ-USR-1891,Unknown,USER,GENERAL_ACTIVITY_SEQUENCE,2026-08-09 10:00:17+00:00,2026-08-09 10:59:57+00:00,3580,22,FW000028660; FW000010791; FW000001468; FW000022883; FW000025900; FW000007419; FW000029147; FW000016162; FW000013677; FW000001797; FW000027212; FW000005405; FW000014219; FW000016589; FW000011525; FW000001234; FW000023090; FW000023765; FW000003631; FW000016031; FW000015997; FW000000344,Firewall,60,0.85,100.0,SINGLE_SOURCE_ONLY
SEQ-USR-1892,Unknown,USER,GENERAL_ACTIVITY_SEQUENCE,2026-08-09 11:09:15+00:00,2026-08-09 12:04:46+00:00,3331,28,FW000017650; FW000009621; FW000011399; FW000015902; FW000006330; FW000005769; FW000001771; FW000026645; FW000025797; FW000019994; FW000003604; FW000024796; FW000028772; FW000010206; FW000028392; FW000009071; FW000018386; FW000015726; FW000020892; FW000017156; FW000017166; FW000025808; FW000013891; FW000013295; FW000019715; FW000017987; FW000029713; FW000017862,Firewall,60,0.85,100.0,SINGLE_SOURCE_ONLY
SEQ-USR-1893,Unknown,USER,GENERAL_ACTIVITY_SEQUENCE,2026-08-09 12:14:00+00:00,2026-08-09 13:14:00+00:00,3600,21,FW000008121; FW000026347; FW000026167; FW000015766; FW000025715; FW000001692; FW000003815; FW000010311; FW000010330; FW000000876; FW000012190; FW000008990; FW000000557; FW000022840; FW000016556; FW000011692; FW000025432; FW000000851; FW000015783; FW000027193; FW000021197,Firewall,60,0.85,100.0,SINGLE_SOURCE_ONLY
SEQ-USR-1894,Unknown,USER,GENERAL_ACTIVITY_SEQUENCE,2026-08-09 13:15:30+00:00,2026-08-09 14:13:07+00:00,3457,21,FW000024815; FW000022859; FW000029594; FW000020275; FW000014971; FW000023001; FW000002985; FW000005820; FW000012999; FW000012715; FW000017344; FW000001155; FW000016986; FW000016124; FW000005750; FW000021069; FW000024349; FW000003507; FW000009535; FW000026701; FW000015305,Firewall,60,0.85,100.0,SINGLE_SOURCE_ONLY
SEQ-USR-1895,Unknown,USER,GENERAL_ACTIVITY_SEQUENCE,2026-08-09 14:15:31+00:00,2026-08-09 15:13:27+00:00,3476,17,FW000028857; FW000005382; FW000018215; FW000009436; FW000029320; FW000020094; FW000014062; FW000019897; FW000015387; FW000008354; FW000028514; FW000026086; FW000008373; FW000011364; FW000011164; FW000010987; FW000003252,Firewall,60,0.85,100.0,SINGLE_SOURCE_ONLY
SEQ-USR-1896,Unknown,USER,GENERAL_ACTIVITY_SEQUENCE,2026-08-09 15:16:49+00:00,2026-08-09 16:15:33+00:00,3524,16,FW000006698; FW000017688; FW000014570; FW000008637; FW000003416; FW000026788; FW000027428; FW000007900; FW000020946; FW000020549; FW000025193; FW000018862; FW000024036; FW000028626; FW000010363; FW000000919,Firewall,60,0.85,100.0,SINGLE_SOURCE_ONLY
SEQ-USR-1897,Unknown,USER,GENERAL_ACTIVITY_SEQUENCE,2026-08-09 16:21:00+00:00,2026-08-09 17:18:36+00:00,3456,23,FW000016735; FW000022735; FW000028692; FW000001330; FW000023033; FW000029204; FW000027391; FW000029846; FW000002608; FW000012025; FW000000831; FW000002691; FW000005615; FW000025279; FW000002163; FW000015336; FW000023838; FW000027299; FW000028627; FW000018025; FW000017635; FW000000568; FW000007524,Firewall,60,0.85,100.0,SINGLE_SOURCE_ONLY
SEQ-USR-1898,Unknown,USER,GENERAL_ACTIVITY_SEQUENCE,2026-08-09 17:29:00+00:00,2026-08-09 18:28:07+00:00,3547,15,FW000018247; FW000005812; FW000004176; FW000017329; FW000015435; FW000011241; FW000002667; FW000026025; FW000005657; FW000022691; FW000014276; FW000027056; FW000010279; FW000012949; FW000021117,Firewall,60,0.85,100.0,SINGLE_SOURCE_ONLY
SEQ-USR-1899,Unknown,USER,GENERAL_ACTIVITY_SEQUENCE,2026-08-09 18:31:24+00:00,2026-08-09 19:29:35+00:00,3491,26,FW000026731; FW000024521; FW000015022; FW000003395; FW000015650; FW000007606; FW000007101; FW000002859; FW000023683; FW000004571; FW000000532; FW000019141; FW000022636; FW000023861; FW000011212; FW000000795; FW000002207; FW000008126; FW000019724; FW000021483; FW000020436; FW000000099; FW000022123; FW000003422; FW000029451; FW000008834,Firewall,60,0.85,100.0,SINGLE_SOURCE_ONLY
SEQ-USR-1900,Unknown,USER,GENERAL_ACTIVITY_SEQUENCE,2026-08-09 19:36:23+00:00,2026-08-09 20:33:00+00:00,3397,21,FW000026760; FW000001799; FW000018196; FW000018490; FW000004376; FW000004430; FW000025914; FW000010044; FW000018352; FW000017980; FW000018567; FW000007022; FW000006180; FW000029974; FW000005660; FW000004701; FW000012834; FW000026868; FW000017075; FW000025492; FW000025614,Firewall,60,0.85,100.0,SINGLE_SOURCE_ONLY
SEQ-USR-1901,Unknown,USER,GENERAL_ACTIVITY_SEQUENCE,2026-08-09 20:37:22+00:00,2026-08-09 21:36:00+00:00,3518,16,FW000019431; FW000006897; FW000017323; FW000008931; FW000026262; FW000027970; FW000007768; FW000001629; FW000024271; FW000018476; FW000001039; FW000002092; FW000015097; FW000022129; FW000012675; FW000010303,Firewall,60,0.85,100.0,SINGLE_SOURCE_ONLY
SEQ-USR-1902,Unknown,USER,GENERAL_ACTIVITY_SEQUENCE,2026-08-09 21:38:10+00:00,2026-08-09 22:36:35+00:00,3505,25,FW000004217; FW000018627; FW000012897; FW000007036; FW000015563; FW000021188; FW000013276; FW000018483; FW000009556; FW000001197; FW000008908; FW000009624; FW000005865; FW000024922; FW000028950; FW000002500; FW000009724; FW000021792; FW000025675; FW000016863; FW000029706; FW000015532; FW000000004; FW000001308; FW000024959,Firewall,60,0.85,100.0,SINGLE_SOURCE_ONLY
SEQ-USR-1903,Unknown,USER,GENERAL_ACTIVITY_SEQUENCE,2026-08-09 22:38:46+00:00,2026-08-09 23:27:00+00:00,2894,24,FW000029143; FW000008294; FW000023678; FW000017978; FW000019373; FW000002989; FW000018149; FW000017770; FW000015879; FW000005443; FW000028308; FW000012414; FW000017867; FW000011339; FW000016254; FW000010557; FW000024224; FW000004868; FW000010493; FW000014743; FW000011122; FW000028610; FW000011923; FW000022623,Firewall,60,0.85,100.0,SINGLE_SOURCE_ONLY
SEQ-USR-1904,Unknown,USER,GENERAL_ACTIVITY_SEQUENCE,2026-08-09 23:40:15+00:00,2026-08-10 00:36:55+00:00,3400,76,FW000023967; FW000006494; FW000021027; FW000015237; FW000027075; FW000000633; FW000000706; FW000001245; FW000001268; FW000002473; FW000003093; FW000003358; FW000003714; FW000003917; FW000004908; FW000005732; FW000006935; FW000007175; FW000007312; FW000007484; FW000008063; FW000008208; FW000008307; FW000008552; FW000008788; FW000008878; FW000009294; FW000009930; FW000010058; FW000010274; FW000010378; FW000010903; FW000011052; FW000011751; FW000011843; FW000013373; FW000014567; FW000015660; FW000015829; FW000017639; FW000017760; FW000017972; FW000018237; FW000018782; FW000020855; FW000021772; FW000021884; FW000021987; FW000022446; FW000022626; FW000022904; FW000023733; FW000024015; FW000024150; FW000024302; FW000024339; FW000024693; FW000024775; FW000024907; FW000025307; FW000025896; FW000026008; FW000026392; FW000026465; FW000026481; FW000027659; FW000028713; FW000028807; FW000028984; FW000011829; FW000005936; FW000013731; FW000015470; FW000029990; FW000019923; FW000004677,Firewall,60,0.85,100.0,SINGLE_SOURCE_ONLY
SEQ-USR-1905,Unknown,USER,GENERAL_ACTIVITY_SEQUENCE,2026-08-10 00:41:14+00:00,2026-08-10 01:30:06+00:00,2932,12,FW000024217; FW000015855; FW000021796; FW000028154; FW000018502; FW000007869; FW000016604; FW000000950; FW000006030; FW000002580; FW000018547; FW000021552,Firewall,60,0.85,100.0,SINGLE_SOURCE_ONLY
SEQ-USR-1906,Unknown,USER,GENERAL_ACTIVITY_SEQUENCE,2026-08-10 01:46:58+00:00,2026-08-10 02:46:21+00:00,3563,18,FW000024932; FW000027918; FW000028373; FW000028076; FW000018222; FW000014680; FW000012970; FW000012334; FW000002080; FW000006032; FW000020048; FW000014843; FW000005618; FW000011277; FW000026586; FW000014256; FW000003845; FW000019877,Firewall,60,0.85,100.0,SINGLE_SOURCE_ONLY
SEQ-USR-1907,Unknown,USER,GENERAL_ACTIVITY_SEQUENCE,2026-08-10 02:50:33+00:00,2026-08-10 03:45:43+00:00,3310,22,FW000020253; FW000001344; FW000007517; FW000028740; FW000000045; FW000009897; FW000023925; FW000011424; FW000013860; FW000017300; FW000026994; FW000005436; FW000012427; FW000029331; FW000013752; FW000027301; FW000029840; FW000022786; FW000008886; FW000012697; FW000024684; FW000027276,Firewall,60,0.85,100.0,SINGLE_SOURCE_ONLY
SEQ-USR-1908,Unknown,USER,GENERAL_ACTIVITY_SEQUENCE,2026-08-10 03:53:11+00:00,2026-08-10 04:52:58+00:00,3587,12,FW000003700; FW000013236; FW000009335; FW000010666; FW000026346; FW000009426; FW000007100; FW000015442; FW000024669; FW000019545; FW000012088; FW000005280,Firewall,60,0.85,100.0,SINGLE_SOURCE_ONLY
SEQ-USR-1909,Unknown,USER,GENERAL_ACTIVITY_SEQUENCE,2026-08-10 04:59:34+00:00,2026-08-10 05:49:46+00:00,3012,9,FW000010352; FW000013447; FW000029568; FW000006397; FW000017948; FW000005249; FW000009687; FW000003779; FW000006271,Firewall,60,0.85,100.0,SINGLE_SOURCE_ONLY
SEQ-USR-1910,Unknown,USER,GENERAL_ACTIVITY_SEQUENCE,2026-08-10 06:07:27+00:00,2026-08-10 07:02:46+00:00,3319,18,FW000004160; FW000015040; FW000025434; FW000008009; FW000021992; FW000000350; FW000021324; FW000013035; FW000005452; FW000010521; FW000012541; FW000020331; FW000024746; FW000022893; FW000003102; FW000007019; FW000009354; FW000009815,Firewall,60,0.85,100.0,SINGLE_SOURCE_ONLY
SEQ-USR-1911,Unknown,USER,GENERAL_ACTIVITY_SEQUENCE,2026-08-10 07:13:57+00:00,2026-08-10 08:10:27+00:00,3390,26,FW000022577; FW000006592; FW000009332; FW000008685; FW000010453; FW000019486; FW000004900; FW000021376; FW000003039; FW000028254; FW000008090; FW000011591; FW000003713; FW000025041; FW000003117; FW000020021; FW000029622; FW000013325; FW000012285; FW000002018; FW000021134; FW000010571; FW000012608; FW000000214; FW000024748; FW000023998,Firewall,60,0.85,100.0,SINGLE_SOURCE_ONLY
SEQ-USR-1912,Unknown,USER,GENERAL_ACTIVITY_SEQUENCE,2026-08-10 08:14:02+00:00,2026-08-10 09:13:53+00:00,3591,19,FW000000585; FW000019069; FW000014259; FW000020863; FW000006924; FW000017338; FW000001160; FW000017098; FW000001105; FW000023013; FW000009343; FW000021425; FW000013457; FW000007113; FW000017254; FW000014657; FW000013567; FW000014420; FW000013294,Firewall,60,0.85,100.0,SINGLE_SOURCE_ONLY
SEQ-USR-1913,Unknown,USER,GENERAL_ACTIVITY_SEQUENCE,2026-08-10 09:18:46+00:00,2026-08-10 10:17:26+00:00,3520,15,FW000008032; FW000012431; FW000006402; FW000009384; FW000027443; FW000003068; FW000013516; FW000000085; FW000021558; FW000010872; FW000010876; FW000020062; FW000002960; FW000026434; FW000022615,Firewall,60,0.85,100.0,SINGLE_SOURCE_ONLY
SEQ-USR-1914,Unknown,USER,GENERAL_ACTIVITY_SEQUENCE,2026-08-10 10:19:02+00:00,2026-08-10 11:10:45+00:00,3103,14,FW000028552; FW000015673; FW000001007; FW000013641; FW000005004; FW000024038; FW000014033; FW000028922; FW000020399; FW000027623; FW000018877; FW000024975; FW000013116; FW000009797,Firewall,60,0.85,100.0,SINGLE_SOURCE_ONLY
SEQ-USR-1915,Unknown,USER,GENERAL_ACTIVITY_SEQUENCE,2026-08-10 11:24:57+00:00,2026-08-10 12:21:54+00:00,3417,21,FW000020553; FW000022510; FW000009528; FW000011355; FW000017629; FW000003067; FW000015912; FW000025406; FW000029396; FW000006902; FW000005135; FW000010400; FW000008560; FW000023310; FW000004538; FW000026076; FW000021357; FW000022669; FW000001902; FW000023801; FW000005845,Firewall,60,0.85,100.0,SINGLE_SOURCE_ONLY
SEQ-USR-1916,Unknown,USER,GENERAL_ACTIVITY_SEQUENCE,2026-08-10 12:26:57+00:00,2026-08-10 13:25:36+00:00,3519,17,FW000028291; FW000018790; FW000019190; FW000000303; FW000013815; FW000009669; FW000004984; FW000026186; FW000026032; FW000029167; FW000016344; FW000028334; FW000004071; FW000022953; FW000020645; FW000027202; FW000017515,Firewall,60,0.85,100.0,SINGLE_SOURCE_ONLY
SEQ-USR-1917,Unknown,USER,GENERAL_ACTIVITY_SEQUENCE,2026-08-10 13:31:49+00:00,2026-08-10 14:30:56+00:00,3547,17,FW000023400; FW000021310; FW000021094; FW000022374; FW000023182; FW000012918; FW000002117; FW000011401; FW000009644; FW000015798; FW000014042; FW000016582; FW000029260; FW000021422; FW000001175; FW000008678; FW000015995,Firewall,60,0.85,100.0,SINGLE_SOURCE_ONLY
SEQ-USR-1918,Unknown,USER,GENERAL_ACTIVITY_SEQUENCE,2026-08-10 14:36:44+00:00,2026-08-10 15:31:25+00:00,3281,17,FW000026296; FW000006732; FW000013060; FW000014288; FW000009480; FW000022184; FW000023549; FW000024569; FW000016468; FW000003291; FW000010627; FW000029515; FW000025356; FW000018699; FW000015648; FW000027062; FW000021813,Firewall,60,0.85,100.0,SINGLE_SOURCE_ONLY
SEQ-USR-1919,Unknown,USER,GENERAL_ACTIVITY_SEQUENCE,2026-08-10 15:37:14+00:00,2026-08-10 16:31:21+00:00,3247,13,FW000017692; FW000019651; FW000006073; FW000004745; FW000022870; FW000029661; FW000006427; FW000013180; FW000000088; FW000004774; FW000025043; FW000018228; FW000006489,Firewall,60,0.85,100.0,SINGLE_SOURCE_ONLY
SEQ-USR-1920,Unknown,USER,GENERAL_ACTIVITY_SEQUENCE,2026-08-10 16:37:32+00:00,2026-08-10 17:36:06+00:00,3514,16,FW000018589; FW000029504; FW000029917; FW000023795; FW000011561; FW000019762; FW000007808; FW000021333; FW000009154; FW000008173; FW000027804; FW000016177; FW000014058; FW000015345; FW000022702; FW000023249,Firewall,60,0.85,100.0,SINGLE_SOURCE_ONLY
SEQ-USR-1921,Unknown,USER,GENERAL_ACTIVITY_SEQUENCE,2026-08-10 17:37:53+00:00,2026-08-10 18:33:56+00:00,3363,14,FW000015989; FW000004041; FW000028263; FW000005315; FW000009529; FW000005102; FW000001634; FW000018605; FW000028832; FW000025514; FW000019324; FW000020122; FW000027957; FW000016173,Firewall,60,0.85,100.0,SINGLE_SOURCE_ONLY
SEQ-USR-1922,Unknown,USER,GENERAL_ACTIVITY_SEQUENCE,2026-08-10 18:39:34+00:00,2026-08-10 19:34:51+00:00,3317,17,FW000027097; FW000010455; FW000001674; FW000002390; FW000018650; FW000002197; FW000001953; FW000000196; FW000008947; FW000019077; FW000027497; FW000028898; FW000029086; FW000024213; FW000013485; FW000015439; FW000014075,Firewall,60,0.85,100.0,SINGLE_SOURCE_ONLY
SEQ-USR-1923,Unknown,USER,GENERAL_ACTIVITY_SEQUENCE,2026-08-10 19:39:35+00:00,2026-08-10 20:32:42+00:00,3187,17,FW000028055; FW000009542; FW000011147; FW000014331; FW000019474; FW000017013; FW000008358; FW000000802; FW000005190; FW000008062; FW000028798; FW000019937; FW000002944; FW000009485; FW000029003; FW000008586; FW000025218,Firewall,60,0.85,100.0,SINGLE_SOURCE_ONLY
SEQ-USR-1924,Unknown,USER,GENERAL_ACTIVITY_SEQUENCE,2026-08-10 20:41:52+00:00,2026-08-10 21:39:23+00:00,3451,9,FW000008051; FW000026527; FW000004088; FW000007428; FW000003446; FW000023580; FW000017830; FW000012805; FW000027680,Firewall,60,0.85,100.0,SINGLE_SOURCE_ONLY
SEQ-USR-1925,Unknown,USER,GENERAL_ACTIVITY_SEQUENCE,2026-08-10 21:41:58+00:00,2026-08-10 22:41:54+00:00,3596,21,FW000015812; FW000018109; FW000009503; FW000026524; FW000025180; FW000024072; FW000018700; FW000000527; FW000013684; FW000014920; FW000023178; FW000000539; FW000004786; FW000012681; FW000014797; FW000013997; FW000001985; FW000015692; FW000019513; FW000008389; FW000026659,Firewall,60,0.85,100.0,SINGLE_SOURCE_ONLY
SEQ-USR-1926,Unknown,USER,GENERAL_ACTIVITY_SEQUENCE,2026-08-10 22:49:00+00:00,2026-08-10 23:46:28+00:00,3448,18,FW000029675; FW000001423; FW000002883; FW000003301; FW000017273; FW000005048; FW000014041; FW000029205; FW000026537; FW000024304; FW000019353; FW000025726; FW000025219; FW000001978; FW000021404; FW000001631; FW000002063; FW000027073,Firewall,60,0.85,100.0,SINGLE_SOURCE_ONLY
SEQ-USR-1927,Unknown,USER,GENERAL_ACTIVITY_SEQUENCE,2026-08-10 23:49:59+00:00,2026-08-11 00:45:56+00:00,3357,78,FW000020177; FW000018453; FW000027641; FW000000364; FW000001994; FW000000200; FW000000398; FW000000522; FW000000709; FW000000812; FW000002196; FW000002235; FW000003967; FW000005194; FW000005195; FW000005331; FW000005796; FW000006679; FW000007211; FW000008202; FW000009608; FW000009790; FW000009829; FW000010129; FW000010289; FW000011537; FW000011575; FW000011618; FW000011838; FW000012282; FW000013064; FW000013422; FW000014101; FW000014441; FW000016007; FW000016120; FW000016705; FW000016759; FW000017524; FW000018219; FW000018338; FW000018554; FW000018771; FW000019854; FW000019939; FW000021191; FW000021661; FW000021736; FW000022397; FW000023482; FW000025009; FW000025362; FW000025842; FW000025898; FW000026111; FW000026529; FW000026543; FW000026602; FW000026920; FW000027102; FW000027103; FW000027819; FW000027902; FW000027987; FW000028621; FW000029632; FW000023830; FW000007482; FW000014372; FW000019318; FW000017945; FW000028025; FW000000664; FW000027971; FW000025374; FW000028459; FW000001782; FW000016051,Firewall,60,0.85,100.0,SINGLE_SOURCE_ONLY
SEQ-USR-1928,Unknown,USER,GENERAL_ACTIVITY_SEQUENCE,2026-08-11 00:50:00+00:00,2026-08-11 01:49:04+00:00,3544,19,FW000008912; FW000026687; FW000001414; FW000007923; FW000010997; FW000016049; FW000015720; FW000008743; FW000026634; FW000019048; FW000002547; FW000020957; FW000006167; FW000010254; FW000018373; FW000003675; FW000007779; FW000027821; FW000015095,Firewall,60,0.85,100.0,SINGLE_SOURCE_ONLY
SEQ-USR-1929,Unknown,USER,GENERAL_ACTIVITY_SEQUENCE,2026-08-11 01:56:25+00:00,2026-08-11 02:50:49+00:00,3264,14,FW000028482; FW000027939; FW000007882; FW000002381; FW000009301; FW000027070; FW000026428; FW000013298; FW000022120; FW000021248; FW000017735; FW000022753; FW000016393; FW000025408,Firewall,60,0.85,100.0,SINGLE_SOURCE_ONLY
SEQ-USR-1930,Unknown,USER,GENERAL_ACTIVITY_SEQUENCE,2026-08-11 02:57:06+00:00,2026-08-11 03:56:56+00:00,3590,22,FW000003070; FW000020919; FW000017644; FW000009812; FW000018280; FW000002209; FW000025829; FW000024534; FW000008999; FW000006442; FW000027552; FW000029932; FW000004294; FW000024253; FW000012976; FW000026611; FW000026390; FW000013033; FW000006406; FW000019721; FW000007078; FW000029684,Firewall,60,0.85,100.0,SINGLE_SOURCE_ONLY
SEQ-USR-1931,Unknown,USER,GENERAL_ACTIVITY_SEQUENCE,2026-08-11 04:06:38+00:00,2026-08-11 05:06:04+00:00,3566,18,FW000015488; FW000018426; FW000014823; FW000026148; FW000013830; FW000018927; FW000027226; FW000006444; FW000006868; FW000025493; FW000007833; FW000000408; FW000014486; FW000024312; FW000021208; FW000017535; FW000029735; FW000009478,Firewall,60,0.85,100.0,SINGLE_SOURCE_ONLY
SEQ-USR-1932,Unknown,USER,GENERAL_ACTIVITY_SEQUENCE,2026-08-11 05:09:36+00:00,2026-08-11 05:59:07+00:00,2971,11,FW000000273; FW000000799; FW000015965; FW000001215; FW000010498; FW000017416; FW000029178; FW000005088; FW000011842; FW000014782; FW000007937,Firewall,60,0.85,100.0,SINGLE_SOURCE_ONLY
SEQ-USR-1933,Unknown,USER,GENERAL_ACTIVITY_SEQUENCE,2026-08-11 06:09:51+00:00,2026-08-11 07:09:19+00:00,3568,16,FW000005370; FW000027932; FW000019471; FW000025028; FW000002102; FW000024990; FW000024659; FW000009606; FW000022429; FW000013249; FW000017722; FW000018739; FW000024941; FW000016167; FW000005111; FW000013450,Firewall,60,0.85,100.0,SINGLE_SOURCE_ONLY
SEQ-USR-1934,Unknown,USER,GENERAL_ACTIVITY_SEQUENCE,2026-08-11 07:10:52+00:00,2026-08-11 08:06:17+00:00,3325,19,FW000018066; FW000006352; FW000029035; FW000027138; FW000019838; FW000029285; FW000010237; FW000020933; FW000015871; FW000029292; FW000024340; FW000022860; FW000008430; FW000008648; FW000022595; FW000026962; FW000029289; FW000027266; FW000015443,Firewall,60,0.85,100.0,SINGLE_SOURCE_ONLY
SEQ-USR-1935,Unknown,USER,GENERAL_ACTIVITY_SEQUENCE,2026-08-11 08:15:06+00:00,2026-08-11 09:02:12+00:00,2826,15,FW000004836; FW000006780; FW000000772; FW000000395; FW000026311; FW000004894; FW000012808; FW000023398; FW000029055; FW000006915; FW000021175; FW000024264; FW000021169; FW000008752; FW000009695,Firewall,60,0.85,100.0,SINGLE_SOURCE_ONLY
SEQ-USR-1936,Unknown,USER,GENERAL_ACTIVITY_SEQUENCE,2026-08-11 09:21:28+00:00,2026-08-11 10:03:44+00:00,2536,12,FW000011046; FW000029073; FW000002998; FW000004226; FW000016978; FW000016907; FW000011678; FW000014395; FW000003022; FW000003875; FW000026027; FW000016449,Firewall,60,0.85,100.0,SINGLE_SOURCE_ONLY
SEQ-USR-1937,Unknown,USER,GENERAL_ACTIVITY_SEQUENCE,2026-08-11 10:21:51+00:00,2026-08-11 11:11:29+00:00,2978,10,FW000006912; FW000008246; FW000007792; FW000003324; FW000005900; FW000025388; FW000019848; FW000006918; FW000003679; FW000027238,Firewall,60,0.85,100.0,SINGLE_SOURCE_ONLY
SEQ-USR-1938,Unknown,USER,GENERAL_ACTIVITY_SEQUENCE,2026-08-11 11:22:34+00:00,2026-08-11 12:21:58+00:00,3564,18,FW000017478; FW000023597; FW000000255; FW000012554; FW000017152; FW000021236; FW000017011; FW000010662; FW000025906; FW000015116; FW000009929; FW000022961; FW000028439; FW000013836; FW000010429; FW000029505; FW000005058; FW000020329,Firewall,60,0.85,100.0,SINGLE_SOURCE_ONLY
SEQ-USR-1939,Unknown,USER,GENERAL_ACTIVITY_SEQUENCE,2026-08-11 12:24:19+00:00,2026-08-11 13:17:46+00:00,3207,14,FW000021293; FW000028000; FW000018358; FW000008467; FW000023255; FW000021955; FW000029383; FW000027958; FW000019693; FW000001389; FW000016802; FW000010379; FW000018976; FW000022684,Firewall,60,0.85,100.0,SINGLE_SOURCE_ONLY
SEQ-USR-1940,Unknown,USER,GENERAL_ACTIVITY_SEQUENCE,2026-08-11 13:25:57+00:00,2026-08-11 14:23:33+00:00,3456,16,FW000011731; FW000017450; FW000022804; FW000002527; FW000002866; FW000023725; FW000021195; FW000022487; FW000006307; FW000011798; FW000021010; FW000019506; FW000011980; FW000012997; FW000013829; FW000029125,Firewall,60,0.85,100.0,SINGLE_SOURCE_ONLY
SEQ-USR-1941,Unknown,USER,GENERAL_ACTIVITY_SEQUENCE,2026-08-11 14:52:21+00:00,2026-08-11 15:51:05+00:00,3524,17,FW000025631; FW000004308; FW000001933; FW000009491; FW000007657; FW000016717; FW000009818; FW000022568; FW000027246; FW000018998; FW000026893; FW000019520; FW000014349; FW000000687; FW000003203; FW000022136; FW000001134,Firewall,60,0.85,100.0,SINGLE_SOURCE_ONLY
SEQ-USR-1942,Unknown,USER,GENERAL_ACTIVITY_SEQUENCE,2026-08-11 15:53:54+00:00,2026-08-11 16:49:34+00:00,3340,13,FW000016072; FW000001482; FW000027669; FW000003983; FW000011264; FW000017110; FW000016932; FW000016063; FW000023112; FW000003623; FW000005579; FW000023853; FW000029748,Firewall,60,0.85,100.0,SINGLE_SOURCE_ONLY
SEQ-USR-1943,Unknown,USER,GENERAL_ACTIVITY_SEQUENCE,2026-08-11 16:55:10+00:00,2026-08-11 17:52:21+00:00,3431,18,FW000014633; FW000026628; FW000020481; FW000023412; FW000000164; FW000021848; FW000023784; FW000022255; FW000024406; FW000008002; FW000008829; FW000023831; FW000026716; FW000002352; FW000020070; FW000005907; FW000013220; FW000016558,Firewall,60,0.85,100.0,SINGLE_SOURCE_ONLY
SEQ-USR-1944,Unknown,USER,GENERAL_ACTIVITY_SEQUENCE,2026-08-11 17:55:48+00:00,2026-08-11 18:53:01+00:00,3433,16,FW000029135; FW000008984; FW000008072; FW000017335; FW000016355; FW000024146; FW000027921; FW000009318; FW000013740; FW000005205; FW000014266; FW000025071; FW000022800; FW000014427; FW000000590; FW000014093,Firewall,60,0.85,100.0,SINGLE_SOURCE_ONLY
SEQ-USR-1945,Unknown,USER,GENERAL_ACTIVITY_SEQUENCE,2026-08-11 18:59:47+00:00,2026-08-11 19:58:40+00:00,3533,15,FW000022956; FW000014407; FW000024263; FW000018987; FW000003463; FW000022501; FW000021225; FW000007695; FW000002297; FW000027827; FW000001470; FW000012146; FW000014603; FW000001182; FW000008898,Firewall,60,0.85,100.0,SINGLE_SOURCE_ONLY
SEQ-USR-1946,Unknown,USER,GENERAL_ACTIVITY_SEQUENCE,2026-08-11 20:00:24+00:00,2026-08-11 20:56:18+00:00,3354,20,FW000019985; FW000023323; FW000001367; FW000018861; FW000005708; FW000001561; FW000011766; FW000021964; FW000001071; FW000017865; FW000001598; FW000019404; FW000011670; FW000011775; FW000017986; FW000017594; FW000014753; FW000000169; FW000009524; FW000018973,Firewall,60,0.85,100.0,SINGLE_SOURCE_ONLY
SEQ-USR-1947,Unknown,USER,GENERAL_ACTIVITY_SEQUENCE,2026-08-11 21:03:44+00:00,2026-08-11 22:00:02+00:00,3378,13,FW000004102; FW000005974; FW000015656; FW000022937; FW000014253; FW000025146; FW000008044; FW000027371; FW000007102; FW000014329; FW000014654; FW000024292; FW000027413,Firewall,60,0.85,100.0,SINGLE_SOURCE_ONLY
SEQ-USR-1948,Unknown,USER,GENERAL_ACTIVITY_SEQUENCE,2026-08-11 22:06:16+00:00,2026-08-11 23:02:01+00:00,3345,12,FW000027567; FW000000304; FW000021865; FW000003406; FW000011889; FW000008282; FW000015964; FW000015270; FW000012789; FW000000749; FW000028864; FW000026553,Firewall,60,0.85,100.0,SINGLE_SOURCE_ONLY
SEQ-USR-1949,Unknown,USER,GENERAL_ACTIVITY_SEQUENCE,2026-08-11 23:14:32+00:00,2026-08-12 00:14:16+00:00,3584,83,FW000016112; FW000027410; FW000000867; FW000026326; FW000004159; FW000022546; FW000025167; FW000007712; FW000013909; FW000029644; FW000000404; FW000000741; FW000000961; FW000001097; FW000001815; FW000002509; FW000002644; FW000003573; FW000003653; FW000003690; FW000004295; FW000004390; FW000005200; FW000005651; FW000006186; FW000006251; FW000006477; FW000006844; FW000007251; FW000007795; FW000008160; FW000009835; FW000009918; FW000009966; FW000010650; FW000011087; FW000011156; FW000012579; FW000013001; FW000013020; FW000013202; FW000014340; FW000014553; FW000014725; FW000014866; FW000015006; FW000015580; FW000015971; FW000016133; FW000017656; FW000017658; FW000017891; FW000018827; FW000020095; FW000020257; FW000020281; FW000020327; FW000020354; FW000021700; FW000021757; FW000023097; FW000023200; FW000023370; FW000023385; FW000023618; FW000023649; FW000024172; FW000024644; FW000024939; FW000025326; FW000025666; FW000025905; FW000025913; FW000027282; FW000027667; FW000028039; FW000028093; FW000028488; FW000029336; FW000029400; FW000027412; FW000008381; FW000028913,Firewall,60,0.85,100.0,SINGLE_SOURCE_ONLY
SEQ-USR-1950,Unknown,USER,GENERAL_ACTIVITY_SEQUENCE,2026-08-12 00:15:44+00:00,2026-08-12 01:15:22+00:00,3578,14,FW000018607; FW000005417; FW000012890; FW000014449; FW000025584; FW000004470; FW000028013; FW000011294; FW000012626; FW000017065; FW000026274; FW000006512; FW000027165; FW000022770,Firewall,60,0.85,100.0,SINGLE_SOURCE_ONLY
SEQ-USR-1951,Unknown,USER,GENERAL_ACTIVITY_SEQUENCE,2026-08-12 01:16:34+00:00,2026-08-12 02:12:36+00:00,3362,12,FW000018544; FW000020573; FW000003335; FW000005788; FW000017397; FW000014406; FW000003162; FW000007930; FW000002496; FW000018818; FW000004229; FW000014681,Firewall,60,0.85,100.0,SINGLE_SOURCE_ONLY
SEQ-USR-1952,Unknown,USER,GENERAL_ACTIVITY_SEQUENCE,2026-08-12 02:16:57+00:00,2026-08-12 03:16:43+00:00,3586,20,FW000029061; FW000016408; FW000022032; FW000029463; FW000000864; FW000026668; FW000000415; FW000007895; FW000000866; FW000027279; FW000019450; FW000001184; FW000015759; FW000014642; FW000029030; FW000010197; FW000022681; FW000020348; FW000028634; FW000021355,Firewall,60,0.85,100.0,SINGLE_SOURCE_ONLY
SEQ-USR-1953,Unknown,USER,GENERAL_ACTIVITY_SEQUENCE,2026-08-12 03:20:12+00:00,2026-08-12 04:10:17+00:00,3005,17,FW000016920; FW000009974; FW000012692; FW000012813; FW000010948; FW000029670; FW000012215; FW000022885; FW000015866; FW000020804; FW000018379; FW000008105; FW000000161; FW000029011; FW000013288; FW000025270; FW000017704,Firewall,60,0.85,100.0,SINGLE_SOURCE_ONLY
SEQ-USR-1954,Unknown,USER,GENERAL_ACTIVITY_SEQUENCE,2026-08-12 04:34:29+00:00,2026-08-12 05:31:38+00:00,3429,13,FW000007777; FW000029999; FW000010746; FW000018999; FW000006430; FW000008713; FW000020125; FW000006429; FW000017063; FW000014325; FW000028586; FW000024664; FW000016960,Firewall,60,0.85,100.0,SINGLE_SOURCE_ONLY
SEQ-USR-1955,Unknown,USER,GENERAL_ACTIVITY_SEQUENCE,2026-08-12 05:37:17+00:00,2026-08-12 06:33:55+00:00,3398,9,FW000027832; FW000027105; FW000021616; FW000001320; FW000015562; FW000028799; FW000001927; FW000012313; FW000025856,Firewall,60,0.85,100.0,SINGLE_SOURCE_ONLY
SEQ-USR-1956,Unknown,USER,GENERAL_ACTIVITY_SEQUENCE,2026-08-12 06:37:43+00:00,2026-08-12 07:36:27+00:00,3524,13,FW000004072; FW000019717; FW000008567; FW000000572; FW000002004; FW000006671; FW000011419; FW000004704; FW000008004; FW000015145; FW000000166; FW000019612; FW000011502,Firewall,60,0.85,100.0,SINGLE_SOURCE_ONLY
SEQ-USR-1957,Unknown,USER,GENERAL_ACTIVITY_SEQUENCE,2026-08-12 07:38:14+00:00,2026-08-12 08:37:38+00:00,3564,16,FW000028578; FW000023467; FW000020318; FW000004481; FW000027175; FW000026237; FW000001935; FW000006029; FW000002665; FW000019522; FW000012770; FW000002739; FW000029854; FW000025128; FW000013334; FW000021797,Firewall,60,0.85,100.0,SINGLE_SOURCE_ONLY
SEQ-USR-1958,Unknown,USER,GENERAL_ACTIVITY_SEQUENCE,2026-08-12 08:44:14+00:00,2026-08-12 09:40:50+00:00,3396,15,FW000007141; FW000003253; FW000009495; FW000018255; FW000000754; FW000020887; FW000019593; FW000007110; FW000016819; FW000018202; FW000016841; FW000025403; FW000029267; FW000012230; FW000017442,Firewall,60,0.85,100.0,SINGLE_SOURCE_ONLY
SEQ-USR-1959,Unknown,USER,GENERAL_ACTIVITY_SEQUENCE,2026-08-12 09:49:50+00:00,2026-08-12 10:49:05+00:00,3555,11,FW000015781; FW000001517; FW000005451; FW000023638; FW000023718; FW000028175; FW000012468; FW000008527; FW000004058; FW000009274; FW000004935,Firewall,60,0.85,100.0,SINGLE_SOURCE_ONLY
SEQ-USR-1960,Unknown,USER,GENERAL_ACTIVITY_SEQUENCE,2026-08-12 10:50:39+00:00,2026-08-12 11:46:06+00:00,3327,17,FW000028049; FW000006700; FW000025780; FW000004965; FW000024461; FW000005591; FW000002119; FW000022656; FW000004775; FW000002009; FW000012677; FW000011510; FW000026192; FW000016146; FW000021656; FW000016244; FW000023539,Firewall,60,0.85,100.0,SINGLE_SOURCE_ONLY
SEQ-USR-1961,Unknown,USER,GENERAL_ACTIVITY_SEQUENCE,2026-08-12 11:52:04+00:00,2026-08-12 12:49:21+00:00,3437,17,FW000029038; FW000001240; FW000023858; FW000023002; FW000028538; FW000006241; FW000000675; FW000002874; FW000008638; FW000021207; FW000005611; FW000005057; FW000002921; FW000011300; FW000023383; FW000018004; FW000012520,Firewall,60,0.85,100.0,SINGLE_SOURCE_ONLY
SEQ-USR-1962,Unknown,USER,GENERAL_ACTIVITY_SEQUENCE,2026-08-12 12:53:21+00:00,2026-08-12 13:47:34+00:00,3253,14,FW000008542; FW000004423; FW000023237; FW000008879; FW000002287; FW000005393; FW000000326; FW000009777; FW000019881; FW000011601; FW000028673; FW000024299; FW000007660; FW000021787,Firewall,60,0.85,100.0,SINGLE_SOURCE_ONLY
SEQ-USR-1963,Unknown,USER,GENERAL_ACTIVITY_SEQUENCE,2026-08-12 13:53:31+00:00,2026-08-12 14:35:10+00:00,2499,14,FW000017560; FW000003616; FW000008799; FW000018098; FW000020197; FW000011841; FW000019011; FW000027626; FW000012016; FW000012904; FW000025865; FW000014812; FW000027772; FW000017824,Firewall,60,0.85,100.0,SINGLE_SOURCE_ONLY
SEQ-USR-1964,Unknown,USER,GENERAL_ACTIVITY_SEQUENCE,2026-08-12 14:53:33+00:00,2026-08-12 15:51:16+00:00,3463,15,FW000025962; FW000015477; FW000025889; FW000010306; FW000024933; FW000020824; FW000004615; FW000012393; FW000023934; FW000022614; FW000007581; FW000027445; FW000003088; FW000018087; FW000011130,Firewall,60,0.85,100.0,SINGLE_SOURCE_ONLY
SEQ-USR-1965,Unknown,USER,GENERAL_ACTIVITY_SEQUENCE,2026-08-12 16:01:45+00:00,2026-08-12 17:00:02+00:00,3497,16,FW000020312; FW000013799; FW000024728; FW000020490; FW000006980; FW000026153; FW000005435; FW000026224; FW000007200; FW000001342; FW000028367; FW000014264; FW000005019; FW000000705; FW000011074; FW000014206,Firewall,60,0.85,100.0,SINGLE_SOURCE_ONLY
SEQ-USR-1966,Unknown,USER,GENERAL_ACTIVITY_SEQUENCE,2026-08-12 17:04:03+00:00,2026-08-12 17:57:57+00:00,3234,21,FW000022913; FW000027621; FW000006616; FW000008690; FW000003260; FW000025740; FW000002684; FW000013500; FW000021156; FW000026241; FW000020983; FW000000137; FW000027507; FW000028596; FW000008892; FW000028632; FW000025035; FW000017204; FW000000939; FW000021636; FW000012840,Firewall,60,0.85,100.0,SINGLE_SOURCE_ONLY
SEQ-USR-1967,Unknown,USER,GENERAL_ACTIVITY_SEQUENCE,2026-08-12 18:07:01+00:00,2026-08-12 19:05:54+00:00,3533,13,FW000021543; FW000022638; FW000019563; FW000020269; FW000006527; FW000003211; FW000023734; FW000021045; FW000029377; FW000019965; FW000006495; FW000016289; FW000011553,Firewall,60,0.85,100.0,SINGLE_SOURCE_ONLY
SEQ-USR-1968,Unknown,USER,GENERAL_ACTIVITY_SEQUENCE,2026-08-12 19:10:31+00:00,2026-08-12 20:07:45+00:00,3434,13,FW000005990; FW000008641; FW000005863; FW000014763; FW000018868; FW000022065; FW000003461; FW000029820; FW000027661; FW000010536; FW000022340; FW000018917; FW000001471,Firewall,60,0.85,100.0,SINGLE_SOURCE_ONLY
SEQ-USR-1969,Unknown,USER,GENERAL_ACTIVITY_SEQUENCE,2026-08-12 20:11:13+00:00,2026-08-12 21:10:52+00:00,3579,18,FW000015765; FW000023613; FW000017149; FW000003871; FW000011860; FW000028438; FW000013553; FW000018371; FW000011939; FW000024100; FW000013944; FW000001667; FW000019429; FW000009374; FW000001657; FW000024519; FW000000564; FW000005884,Firewall,60,0.85,100.0,SINGLE_SOURCE_ONLY
SEQ-USR-1970,Unknown,USER,GENERAL_ACTIVITY_SEQUENCE,2026-08-12 21:12:40+00:00,2026-08-12 22:12:39+00:00,3599,20,FW000000272; FW000022435; FW000015486; FW000019113; FW000005945; FW000014320; FW000001315; FW000014737; FW000005336; FW000015233; FW000021527; FW000012425; FW000007064; FW000026229; FW000006401; FW000016470; FW000016339; FW000023516; FW000011322; FW000018890,Firewall,60,0.85,100.0,SINGLE_SOURCE_ONLY
SEQ-USR-1971,Unknown,USER,GENERAL_ACTIVITY_SEQUENCE,2026-08-12 22:24:06+00:00,2026-08-12 23:21:10+00:00,3424,11,FW000004500; FW000006191; FW000013525; FW000012007; FW000029988; FW000009082; FW000017399; FW000024095; FW000016881; FW000009866; FW000027448,Firewall,60,0.85,100.0,SINGLE_SOURCE_ONLY
SEQ-USR-1972,Unknown,USER,GENERAL_ACTIVITY_SEQUENCE,2026-08-12 23:26:41+00:00,2026-08-13 00:24:00+00:00,3439,122,FW000017227; FW000026348; FW000023026; FW000006638; FW000026822; FW000026512; FW000002181; FW000022445; FW000008994; FW000000047; FW000000338; FW000000718; FW000001096; FW000001557; FW000002633; FW000002968; FW000003340; FW000003488; FW000003648; FW000004584; FW000004729; FW000004743; FW000004841; FW000006542; FW000006657; FW000007765; FW000007905; FW000008191; FW000008390; FW000008436; FW000008774; FW000008856; FW000009131; FW000009327; FW000009416; FW000009511; FW000009740; FW000010063; FW000010350; FW000011335; FW000011588; FW000012174; FW000012472; FW000012611; FW000014005; FW000014152; FW000014164; FW000014527; FW000014671; FW000014761; FW000014808; FW000015220; FW000015451; FW000015636; FW000015682; FW000015727; FW000016377; FW000016723; FW000016755; FW000017229; FW000017277; FW000017371; FW000017480; FW000017956; FW000018712; FW000018920; FW000019127; FW000019215; FW000019777; FW000019849; FW000020050; FW000020333; FW000020453; FW000020596; FW000020911; FW000021329; FW000021532; FW000021546; FW000021655; FW000021861; FW000021897; FW000021923; FW000021982; FW000022018; FW000022234; FW000022290; FW000022789; FW000023281; FW000023311; FW000023996; FW000024135; FW000024199; FW000024432; FW000024466; FW000024605; FW000025256; FW000025553; FW000025587; FW000025610; FW000025895; FW000026145; FW000026723; FW000027344; FW000027368; FW000027625; FW000027916; FW000028059; FW000028121; FW000028147; FW000028265; FW000028534; FW000028540; FW000028865; FW000028908; FW000029517; FW000025396; FW000009223; FW000022115; FW000019435; FW000027343; FW000004300; FW000022814,Firewall,60,0.85,100.0,SINGLE_SOURCE_ONLY
SEQ-USR-1973,Unknown,USER,GENERAL_ACTIVITY_SEQUENCE,2026-08-13 00:27:00+00:00,2026-08-13 01:22:00+00:00,3300,16,FW000019684; FW000002173; FW000012149; FW000008197; FW000001932; FW000019476; FW000021621; FW000026127; FW000025923; FW000001441; FW000001028; FW000026461; FW000008412; FW000009981; FW000002980; FW000006961,Firewall,60,0.85,100.0,SINGLE_SOURCE_ONLY
SEQ-USR-1974,Unknown,USER,GENERAL_ACTIVITY_SEQUENCE,2026-08-13 01:32:37+00:00,2026-08-13 02:31:27+00:00,3530,24,FW000001316; FW000013335; FW000003608; FW000022949; FW000028275; FW000028868; FW000026236; FW000026559; FW000001100; FW000026401; FW000028433; FW000022979; FW000025588; FW000010290; FW000024105; FW000022922; FW000029426; FW000013347; FW000000116; FW000021433; FW000011727; FW000001842; FW000029926; FW000017198,Firewall,60,0.85,100.0,SINGLE_SOURCE_ONLY
SEQ-USR-1975,Unknown,USER,GENERAL_ACTIVITY_SEQUENCE,2026-08-13 02:34:52+00:00,2026-08-13 03:33:08+00:00,3496,20,FW000010008; FW000020939; FW000022724; FW000029837; FW000011281; FW000019070; FW000026815; FW000008201; FW000000694; FW000028542; FW000022166; FW000020586; FW000028226; FW000007014; FW000027737; FW000001250; FW000016426; FW000007558; FW000023800; FW000003413,Firewall,60,0.85,100.0,SINGLE_SOURCE_ONLY
SEQ-USR-1976,Unknown,USER,GENERAL_ACTIVITY_SEQUENCE,2026-08-13 03:37:48+00:00,2026-08-13 04:36:00+00:00,3492,12,FW000010032; FW000012838; FW000000883; FW000028024; FW000029441; FW000028616; FW000023271; FW000016690; FW000000087; FW000027965; FW000005959; FW000017997,Firewall,60,0.85,100.0,SINGLE_SOURCE_ONLY
SEQ-USR-1977,Unknown,USER,GENERAL_ACTIVITY_SEQUENCE,2026-08-13 04:38:00+00:00,2026-08-13 05:35:00+00:00,3420,15,FW000003547; FW000008934; FW000018990; FW000014246; FW000010642; FW000028107; FW000002461; FW000010780; FW000021722; FW000026672; FW000003184; FW000024419; FW000029492; FW000014352; FW000003539,Firewall,60,0.85,100.0,SINGLE_SOURCE_ONLY
SEQ-USR-1978,Unknown,USER,GENERAL_ACTIVITY_SEQUENCE,2026-08-13 05:40:01+00:00,2026-08-13 06:38:00+00:00,3479,17,FW000005290; FW000014871; FW000014113; FW000008242; FW000021837; FW000011790; FW000013280; FW000020439; FW000021301; FW000020787; FW000018183; FW000015421; FW000026259; FW000022506; FW000018964; FW000019019; FW000001451,Firewall,60,0.85,100.0,SINGLE_SOURCE_ONLY
SEQ-USR-1979,Unknown,USER,GENERAL_ACTIVITY_SEQUENCE,2026-08-13 06:44:27+00:00,2026-08-13 07:44:00+00:00,3573,16,FW000021393; FW000011737; FW000022464; FW000024754; FW000028529; FW000027199; FW000027465; FW000009607; FW000012508; FW000012946; FW000017887; FW000029841; FW000003372; FW000013040; FW000009986; FW000004518,Firewall,60,0.85,100.0,SINGLE_SOURCE_ONLY
SEQ-USR-1980,Unknown,USER,GENERAL_ACTIVITY_SEQUENCE,2026-08-13 07:48:00+00:00,2026-08-13 08:47:04+00:00,3544,21,FW000023688; FW000027010; FW000022238; FW000000016; FW000003860; FW000010333; FW000021148; FW000020419; FW000014539; FW000010577; FW000027765; FW000016629; FW000017060; FW000023965; FW000025564; FW000013198; FW000015696; FW000019081; FW000005912; FW000005550; FW000005171,Firewall,60,0.85,100.0,SINGLE_SOURCE_ONLY
SEQ-USR-1981,Unknown,USER,GENERAL_ACTIVITY_SEQUENCE,2026-08-13 08:58:00+00:00,2026-08-13 09:57:55+00:00,3595,27,FW000017283; FW000009440; FW000027292; FW000021712; FW000027251; FW000017936; FW000009302; FW000018376; FW000026300; FW000003005; FW000008882; FW000014900; FW000021535; FW000015853; FW000026591; FW000013630; FW000020694; FW000028609; FW000026784; FW000022762; FW000023686; FW000016159; FW000015536; FW000008299; FW000003115; FW000011349; FW000018040,Firewall,60,0.85,100.0,SINGLE_SOURCE_ONLY
SEQ-USR-1982,Unknown,USER,GENERAL_ACTIVITY_SEQUENCE,2026-08-13 09:59:27+00:00,2026-08-13 10:59:00+00:00,3573,24,FW000013914; FW000019535; FW000029237; FW000003599; FW000016514; FW000011321; FW000017618; FW000004460; FW000018922; FW000008726; FW000016557; FW000000582; FW000015643; FW000018880; FW000021577; FW000012728; FW000011764; FW000019427; FW000015258; FW000014239; FW000005129; FW000026807; FW000005391; FW000013257,Firewall,60,0.85,100.0,SINGLE_SOURCE_ONLY
SEQ-USR-1983,Unknown,USER,GENERAL_ACTIVITY_SEQUENCE,2026-08-13 11:03:56+00:00,2026-08-13 11:55:00+00:00,3064,19,FW000009434; FW000012665; FW000018094; FW000004563; FW000028436; FW000021784; FW000015341; FW000007772; FW000019953; FW000004866; FW000022247; FW000028255; FW000020447; FW000022409; FW000025176; FW000014880; FW000026953; FW000018981; FW000025078,Firewall,60,0.85,100.0,SINGLE_SOURCE_ONLY
SEQ-USR-1984,Unknown,USER,GENERAL_ACTIVITY_SEQUENCE,2026-08-13 12:08:32+00:00,2026-08-13 13:06:00+00:00,3448,23,FW000001251; FW000012785; FW000022829; FW000029534; FW000028651; FW000008094; FW000018829; FW000017255; FW000016862; FW000011879; FW000001998; FW000015332; FW000008035; FW000001411; FW000019774; FW000000900; FW000013124; FW000014558; FW000019236; FW000009293; FW000027830; FW000011407; FW000020703,Firewall,60,0.85,100.0,SINGLE_SOURCE_ONLY
SEQ-USR-1985,Unknown,USER,GENERAL_ACTIVITY_SEQUENCE,2026-08-13 13:17:16+00:00,2026-08-13 14:10:35+00:00,3199,21,FW000010894; FW000022661; FW000029342; FW000003579; FW000017547; FW000020894; FW000014431; FW000006688; FW000002259; FW000002578; FW000029080; FW000024214; FW000006458; FW000018949; FW000019725; FW000014047; FW000012203; FW000028220; FW000000451; FW000020743; FW000024063,Firewall,60,0.85,100.0,SINGLE_SOURCE_ONLY
SEQ-USR-1986,Unknown,USER,GENERAL_ACTIVITY_SEQUENCE,2026-08-13 14:18:41+00:00,2026-08-13 15:15:14+00:00,3393,22,FW000011111; FW000028046; FW000017212; FW000013240; FW000018588; FW000024703; FW000020219; FW000004381; FW000020012; FW000009219; FW000012844; FW000017057; FW000019061; FW000022254; FW000026567; FW000018385; FW000001764; FW000019632; FW000008812; FW000012987; FW000008692; FW000026208,Firewall,60,0.85,100.0,SINGLE_SOURCE_ONLY
SEQ-USR-1987,Unknown,USER,GENERAL_ACTIVITY_SEQUENCE,2026-08-13 15:20:00+00:00,2026-08-13 16:17:57+00:00,3477,19,FW000015210; FW000024442; FW000018141; FW000004188; FW000000607; FW000025269; FW000012316; FW000023061; FW000027008; FW000004316; FW000029124; FW000014168; FW000015295; FW000010708; FW000010296; FW000015553; FW000003811; FW000022548; FW000015052,Firewall,60,0.85,100.0,SINGLE_SOURCE_ONLY
SEQ-USR-1988,Unknown,USER,GENERAL_ACTIVITY_SEQUENCE,2026-08-13 16:24:47+00:00,2026-08-13 17:17:06+00:00,3139,23,FW000014498; FW000003642; FW000014848; FW000014868; FW000008355; FW000022033; FW000028130; FW000027752; FW000011533; FW000008695; FW000026102; FW000023665; FW000004280; FW000006293; FW000001236; FW000003256; FW000011908; FW000014783; FW000017268; FW000018233; FW000016196; FW000014904; FW000023333,Firewall,60,0.85,100.0,SINGLE_SOURCE_ONLY
SEQ-USR-1989,Unknown,USER,GENERAL_ACTIVITY_SEQUENCE,2026-08-13 17:25:52+00:00,2026-08-13 18:25:44+00:00,3592,19,FW000023220; FW000023917; FW000014316; FW000008422; FW000010158; FW000028429; FW000028383; FW000028674; FW000027041; FW000016975; FW000003371; FW000016403; FW000015877; FW000012034; FW000026588; FW000011960; FW000002091; FW000021282; FW000009366,Firewall,60,0.85,100.0,SINGLE_SOURCE_ONLY
SEQ-USR-1990,Unknown,USER,GENERAL_ACTIVITY_SEQUENCE,2026-08-13 18:39:00+00:00,2026-08-13 19:38:09+00:00,3549,25,FW000002051; FW000011955; FW000012370; FW000017780; FW000024980; FW000018940; FW000003261; FW000012916; FW000018147; FW000004372; FW000003986; FW000018041; FW000028636; FW000017262; FW000001177; FW000004168; FW000019834; FW000029894; FW000024520; FW000006164; FW000006065; FW000019316; FW000028388; FW000002061; FW000015730,Firewall,60,0.85,100.0,SINGLE_SOURCE_ONLY
SEQ-USR-1991,Unknown,USER,GENERAL_ACTIVITY_SEQUENCE,2026-08-13 19:39:24+00:00,2026-08-13 20:36:10+00:00,3406,22,FW000015211; FW000019915; FW000028110; FW000022968; FW000008241; FW000004676; FW000024541; FW000017317; FW000009654; FW000013121; FW000020641; FW000029122; FW000026492; FW000007165; FW000017958; FW000026799; FW000016791; FW000011362; FW000021660; FW000000692; FW000028384; FW000009019,Firewall,60,0.85,100.0,SINGLE_SOURCE_ONLY
SEQ-USR-1992,Unknown,USER,GENERAL_ACTIVITY_SEQUENCE,2026-08-13 20:40:00+00:00,2026-08-13 21:37:20+00:00,3440,30,FW000020314; FW000022233; FW000022103; FW000005520; FW000011134; FW000010091; FW000007828; FW000006635; FW000013938; FW000017167; FW000004976; FW000023395; FW000002115; FW000020212; FW000025870; FW000001047; FW000008529; FW000015149; FW000024009; FW000011595; FW000006277; FW000001145; FW000003699; FW000015918; FW000001957; FW000002277; FW000028414; FW000021158; FW000017409; FW000012301,Firewall,60,0.85,100.0,SINGLE_SOURCE_ONLY
SEQ-USR-1993,Unknown,USER,GENERAL_ACTIVITY_SEQUENCE,2026-08-13 21:40:23+00:00,2026-08-13 22:27:55+00:00,2852,10,FW000026777; FW000000725; FW000015994; FW000013375; FW000019869; FW000009752; FW000024998; FW000025652; FW000000504; FW000022245,Firewall,60,0.85,100.0,SINGLE_SOURCE_ONLY
SEQ-USR-1994,Unknown,USER,GENERAL_ACTIVITY_SEQUENCE,2026-08-13 22:50:00+00:00,2026-08-13 23:49:57+00:00,3597,28,FW000009488; FW000004504; FW000028988; FW000015320; FW000002813; FW000006550; FW000025847; FW000006792; FW000023874; FW000009575; FW000020680; FW000020428; FW000015694; FW000028198; FW000024878; FW000022281; FW000023957; FW000006000; FW000023651; FW000021213; FW000015078; FW000014575; FW000029115; FW000026900; FW000002609; FW000022334; FW000021109; FW000005571,Firewall,60,0.85,100.0,SINGLE_SOURCE_ONLY
SEQ-USR-1995,Unknown,USER,GENERAL_ACTIVITY_SEQUENCE,2026-08-13 23:59:14+00:00,2026-08-14 00:57:04+00:00,3470,161,FW000009054; FW000000220; FW000000225; FW000000254; FW000000288; FW000000325; FW000000842; FW000000847; FW000000987; FW000001167; FW000001584; FW000001651; FW000002205; FW000002372; FW000002760; FW000002771; FW000002882; FW000003063; FW000003458; FW000003499; FW000003948; FW000004066; FW000004872; FW000005026; FW000005221; FW000005404; FW000006788; FW000006789; FW000006850; FW000006968; FW000007204; FW000007359; FW000007421; FW000007439; FW000007544; FW000008205; FW000008228; FW000008598; FW000008611; FW000008613; FW000008703; FW000009208; FW000009250; FW000009405; FW000009600; FW000009961; FW000010089; FW000010178; FW000010382; FW000010486; FW000010846; FW000011031; FW000011076; FW000011637; FW000011792; FW000012000; FW000012424; FW000012430; FW000012607; FW000012639; FW000012787; FW000012830; FW000013349; FW000014081; FW000014160; FW000014248; FW000015001; FW000015005; FW000015079; FW000015158; FW000015174; FW000015302; FW000015831; FW000015861; FW000016486; FW000016599; FW000016993; FW000018302; FW000018467; FW000018643; FW000018849; FW000019258; FW000019669; FW000019737; FW000019968; FW000019982; FW000020034; FW000020150; FW000020223; FW000020472; FW000020910; FW000020914; FW000021164; FW000021456; FW000021514; FW000021675; FW000022152; FW000022468; FW000022679; FW000023058; FW000023641; FW000024363; FW000024451; FW000024496; FW000025076; FW000025089; FW000025151; FW000025153; FW000025194; FW000025418; FW000025834; FW000026054; FW000026105; FW000026163; FW000026292; FW000026330; FW000027022; FW000027364; FW000027684; FW000027768; FW000028570; FW000028585; FW000028629; FW000029018; FW000029026; FW000029076; FW000029217; FW000029279; FW000029648; FW000029954; FW000029960; FW000029986; FW000029993; FW000028396; FW000021484; FW000013444; FW000019482; FW000026010; FW000007826; FW000008442; FW000004347; FW000008954; FW000009766; FW000025603; FW000012237; FW000028885; FW000022242; FW000015505; FW000017388; FW000020475; FW000007401; FW000026599; FW000022289; FW000007055; FW000005337; FW000028077; FW000014574; FW000003615; FW000007888; FW000006156; FW000013929,Firewall,60,0.85,100.0,SINGLE_SOURCE_ONLY
SEQ-USR-1996,Unknown,USER,GENERAL_ACTIVITY_SEQUENCE,2026-08-14 01:04:00+00:00,2026-08-14 02:03:50+00:00,3590,26,FW000010570; FW000020536; FW000024098; FW000007406; FW000001744; FW000023129; FW000022472; FW000003674; FW000016788; FW000010844; FW000017766; FW000025404; FW000003432; FW000023289; FW000006176; FW000013417; FW000023233; FW000028892; FW000018542; FW000028232; FW000011351; FW000015622; FW000005786; FW000015890; FW000011445; FW000003234,Firewall,60,0.85,100.0,SINGLE_SOURCE_ONLY
SEQ-USR-1997,Unknown,USER,GENERAL_ACTIVITY_SEQUENCE,2026-08-14 02:07:37+00:00,2026-08-14 03:06:03+00:00,3506,21,FW000026421; FW000011268; FW000004342; FW000010599; FW000011415; FW000007270; FW000029378; FW000028657; FW000009585; FW000007617; FW000008939; FW000002947; FW000000178; FW000021352; FW000028044; FW000007625; FW000007955; FW000023312; FW000007075; FW000021043; FW000003212,Firewall,60,0.85,100.0,SINGLE_SOURCE_ONLY
SEQ-USR-1998,Unknown,USER,GENERAL_ACTIVITY_SEQUENCE,2026-08-14 03:10:18+00:00,2026-08-14 04:10:00+00:00,3582,24,FW000013010; FW000026903; FW000026225; FW000012703; FW000004561; FW000019281; FW000009163; FW000018708; FW000019672; FW000026388; FW000025888; FW000019122; FW000024223; FW000003708; FW000024161; FW000011847; FW000007307; FW000029393; FW000016787; FW000021009; FW000015454; FW000019229; FW000023628; FW000027187,Firewall,60,0.85,100.0,SINGLE_SOURCE_ONLY
SEQ-USR-1999,Unknown,USER,GENERAL_ACTIVITY_SEQUENCE,2026-08-14 04:16:52+00:00,2026-08-14 05:16:00+00:00,3548,30,FW000020117; FW000001544; FW000018609; FW000017002; FW000018639; FW000010882; FW000011921; FW000002959; FW000027766; FW000020649; FW000011827; FW000027151; FW000018602; FW000028825; FW000026730; FW000024200; FW000010160; FW000003581; FW000017517; FW000011951; FW000011837; FW000000207; FW000014895; FW000013443; FW000005291; FW000013305; FW000007445; FW000000768; FW000029607; FW000004829,Firewall,60,0.85,100.0,SINGLE_SOURCE_ONLY
SEQ-USR-2000,Unknown,USER,GENERAL_ACTIVITY_SEQUENCE,2026-08-14 05:18:00+00:00,2026-08-14 06:14:05+00:00,3365,30,FW000007491; FW000010626; FW000009712; FW000010583; FW000002423; FW000018530; FW000004360; FW000019956; FW000001585; FW000018052; FW000004898; FW000018611; FW000011655; FW000029944; FW000029745; FW000009040; FW000012861; FW000023667; FW000015923; FW000016115; FW000002276; FW000025936; FW000006693; FW000000650; FW000004589; FW000011667; FW000025658; FW000002374; FW000024622; FW000027388,Firewall,60,0.85,100.0,SINGLE_SOURCE_ONLY
SEQ-USR-2001,Unknown,USER,GENERAL_ACTIVITY_SEQUENCE,2026-08-14 06:18:57+00:00,2026-08-14 07:15:05+00:00,3368,21,FW000009023; FW000022276; FW000011182; FW000000167; FW000012589; FW000007127; FW000020538; FW000003047; FW000002358; FW000013524; FW000012437; FW000003544; FW000025480; FW000002467; FW000022755; FW000024865; FW000010660; FW000024610; FW000025152; FW000008255; FW000006910,Firewall,60,0.85,100.0,SINGLE_SOURCE_ONLY
SEQ-USR-2002,Unknown,USER,GENERAL_ACTIVITY_SEQUENCE,2026-08-14 07:19:00+00:00,2026-08-14 08:16:00+00:00,3420,22,FW000025280; FW000010569; FW000026002; FW000007529; FW000013093; FW000023270; FW000021954; FW000006710; FW000022677; FW000002183; FW000003036; FW000020262; FW000003884; FW000011717; FW000017984; FW000005656; FW000006376; FW000016255; FW000013105; FW000025436; FW000024913; FW000027028,Firewall,60,0.85,100.0,SINGLE_SOURCE_ONLY
SEQ-USR-2003,Unknown,USER,GENERAL_ACTIVITY_SEQUENCE,2026-08-14 08:20:17+00:00,2026-08-14 09:18:29+00:00,3492,16,FW000017412; FW000008252; FW000018113; FW000013633; FW000011557; FW000016684; FW000029366; FW000020204; FW000016546; FW000006572; FW000021644; FW000018377; FW000003632; FW000011969; FW000020679; FW000022565,Firewall,60,0.85,100.0,SINGLE_SOURCE_ONLY
SEQ-USR-2004,Unknown,USER,GENERAL_ACTIVITY_SEQUENCE,2026-08-14 09:22:00+00:00,2026-08-14 10:20:00+00:00,3480,29,FW000002388; FW000007328; FW000020623; FW000010112; FW000025528; FW000006342; FW000007604; FW000012857; FW000011521; FW000027792; FW000004388; FW000000845; FW000023989; FW000028648; FW000026406; FW000003033; FW000023275; FW000007877; FW000020777; FW000001570; FW000010795; FW000000914; FW000026323; FW000006470; FW000029049; FW000011534; FW000000533; FW000010427; FW000008708,Firewall,60,0.85,100.0,SINGLE_SOURCE_ONLY
SEQ-USR-2005,Unknown,USER,GENERAL_ACTIVITY_SEQUENCE,2026-08-14 10:29:08+00:00,2026-08-14 11:24:00+00:00,3292,17,FW000028176; FW000023669; FW000025459; FW000012866; FW000015147; FW000024501; FW000025376; FW000013333; FW000027858; FW000018687; FW000019800; FW000006207; FW000029228; FW000010574; FW000000783; FW000016857; FW000025466,Firewall,60,0.85,100.0,SINGLE_SOURCE_ONLY
SEQ-USR-2006,Unknown,USER,GENERAL_ACTIVITY_SEQUENCE,2026-08-14 11:29:28+00:00,2026-08-14 12:28:00+00:00,3512,15,FW000013068; FW000007263; FW000014132; FW000004233; FW000010052; FW000022991; FW000017207; FW000018392; FW000023326; FW000013130; FW000024045; FW000002016; FW000007976; FW000011587; FW000028109,Firewall,60,0.85,100.0,SINGLE_SOURCE_ONLY
SEQ-USR-2007,Unknown,USER,GENERAL_ACTIVITY_SEQUENCE,2026-08-14 12:35:00+00:00,2026-08-14 13:32:00+00:00,3420,21,FW000019863; FW000016473; FW000022121; FW000018419; FW000006674; FW000020724; FW000022838; FW000004858; FW000001867; FW000002431; FW000012502; FW000013783; FW000021296; FW000020250; FW000014008; FW000023754; FW000005051; FW000015987; FW000001495; FW000005597; FW000024212,Firewall,60,0.85,100.0,SINGLE_SOURCE_ONLY
SEQ-USR-2008,Unknown,USER,GENERAL_ACTIVITY_SEQUENCE,2026-08-14 13:36:01+00:00,2026-08-14 14:35:52+00:00,3591,20,FW000013293; FW000002079; FW000006855; FW000022583; FW000023941; FW000027927; FW000004166; FW000019274; FW000007563; FW000009957; FW000024182; FW000023520; FW000001763; FW000024188; FW000008822; FW000027923; FW000009198; FW000006421; FW000028287; FW000016898,Firewall,60,0.85,100.0,SINGLE_SOURCE_ONLY
SEQ-USR-2009,Unknown,USER,GENERAL_ACTIVITY_SEQUENCE,2026-08-14 14:36:15+00:00,2026-08-14 15:35:00+00:00,3525,26,FW000024708; FW000028379; FW000015317; FW000008781; FW000024421; FW000025633; FW000026810; FW000009825; FW000025286; FW000000917; FW000002514; FW000023376; FW000010170; FW000018319; FW000018340; FW000010808; FW000021962; FW000009057; FW000027519; FW000013270; FW000000475; FW000000108; FW000021476; FW000016399; FW000012107; FW000010821,Firewall,60,0.85,100.0,SINGLE_SOURCE_ONLY
SEQ-USR-2010,Unknown,USER,GENERAL_ACTIVITY_SEQUENCE,2026-08-14 15:41:02+00:00,2026-08-14 16:40:00+00:00,3538,22,FW000027998; FW000019400; FW000000184; FW000017292; FW000015575; FW000006103; FW000019969; FW000000299; FW000001095; FW000016330; FW000026089; FW000016872; FW000019640; FW000004137; FW000004932; FW000002516; FW000004634; FW000008261; FW000014835; FW000006173; FW000028699; FW000019004,Firewall,60,0.85,100.0,SINGLE_SOURCE_ONLY
SEQ-USR-2011,Unknown,USER,GENERAL_ACTIVITY_SEQUENCE,2026-08-14 16:42:10+00:00,2026-08-14 17:40:52+00:00,3522,15,FW000001841; FW000029838; FW000006013; FW000008616; FW000021362; FW000009251; FW000005598; FW000025546; FW000023936; FW000023191; FW000014528; FW000019673; FW000009794; FW000008961; FW000009948,Firewall,60,0.85,100.0,SINGLE_SOURCE_ONLY
SEQ-USR-2012,Unknown,USER,GENERAL_ACTIVITY_SEQUENCE,2026-08-14 17:43:23+00:00,2026-08-14 18:43:00+00:00,3577,19,FW000027645; FW000006567; FW000026507; FW000000513; FW000015132; FW000006046; FW000027873; FW000025129; FW000028640; FW000025717; FW000022521; FW000024103; FW000025157; FW000025456; FW000004746; FW000001136; FW000024914; FW000003904; FW000012160,Firewall,60,0.85,100.0,SINGLE_SOURCE_ONLY
SEQ-USR-2013,Unknown,USER,GENERAL_ACTIVITY_SEQUENCE,2026-08-14 18:48:57+00:00,2026-08-14 19:47:00+00:00,3483,10,FW000027920; FW000022970; FW000009276; FW000025747; FW000000020; FW000017707; FW000008453; FW000010315; FW000008484; FW000010964,Firewall,60,0.85,100.0,SINGLE_SOURCE_ONLY
SEQ-USR-2014,Unknown,USER,GENERAL_ACTIVITY_SEQUENCE,2026-08-14 19:58:00+00:00,2026-08-14 20:58:00+00:00,3600,20,FW000008101; FW000022230; FW000027571; FW000016445; FW000004921; FW000023631; FW000011001; FW000015425; FW000025494; FW000027401; FW000020325; FW000002450; FW000027741; FW000020097; FW000005829; FW000028675; FW000029707; FW000007383; FW000007541; FW000005879,Firewall,60,0.85,100.0,SINGLE_SOURCE_ONLY
SEQ-USR-2015,Unknown,USER,GENERAL_ACTIVITY_SEQUENCE,2026-08-14 21:01:28+00:00,2026-08-14 22:01:04+00:00,3576,21,FW000009108; FW000006618; FW000017575; FW000007570; FW000025565; FW000028405; FW000003246; FW000026257; FW000029437; FW000021731; FW000028447; FW000021681; FW000007693; FW000028961; FW000017064; FW000027520; FW000007077; FW000027464; FW000001400; FW000013748; FW000021768,Firewall,60,0.85,100.0,SINGLE_SOURCE_ONLY
SEQ-USR-2016,Unknown,USER,GENERAL_ACTIVITY_SEQUENCE,2026-08-14 22:13:43+00:00,2026-08-14 23:13:00+00:00,3557,21,FW000014472; FW000000824; FW000002868; FW000010794; FW000008367; FW000004801; FW000011767; FW000008245; FW000027357; FW000026078; FW000026036; FW000011198; FW000007474; FW000004759; FW000026542; FW000020407; FW000027207; FW000009111; FW000013077; FW000006991; FW000016086,Firewall,60,0.85,100.0,SINGLE_SOURCE_ONLY
SEQ-USR-2017,Unknown,USER,GENERAL_ACTIVITY_SEQUENCE,2026-08-14 23:14:00+00:00,2026-08-15 00:13:04+00:00,3544,152,FW000012936; FW000002443; FW000012673; FW000008617; FW000016043; FW000022459; FW000020655; FW000019195; FW000015530; FW000028338; FW000014982; FW000025583; FW000027786; FW000014712; FW000009788; FW000000110; FW000000114; FW000000587; FW000000759; FW000001165; FW000001183; FW000001375; FW000001686; FW000001717; FW000001877; FW000002088; FW000002248; FW000002343; FW000002422; FW000002932; FW000003086; FW000003153; FW000003292; FW000003330; FW000003363; FW000003512; FW000003554; FW000004177; FW000004179; FW000004495; FW000004560; FW000004658; FW000004766; FW000004904; FW000005112; FW000005825; FW000006141; FW000006170; FW000006493; FW000007128; FW000007430; FW000007667; FW000008435; FW000008622; FW000008630; FW000008913; FW000009258; FW000010318; FW000010555; FW000010916; FW000011494; FW000011999; FW000012247; FW000012372; FW000012474; FW000012556; FW000012801; FW000012879; FW000012982; FW000013076; FW000013126; FW000013132; FW000013245; FW000013696; FW000013826; FW000014103; FW000014621; FW000014634; FW000014994; FW000015091; FW000015173; FW000015426; FW000015591; FW000016064; FW000016463; FW000016679; FW000016696; FW000016971; FW000017072; FW000017703; FW000017964; FW000018034; FW000018608; FW000018667; FW000018671; FW000018690; FW000018726; FW000018941; FW000019075; FW000019157; FW000019346; FW000019490; FW000019576; FW000020079; FW000020200; FW000020435; FW000020670; FW000021356; FW000021590; FW000021692; FW000021758; FW000022270; FW000022478; FW000023006; FW000023042; FW000023125; FW000023515; FW000023557; FW000023846; FW000024613; FW000025004; FW000025130; FW000025330; FW000025450; FW000026457; FW000026930; FW000027086; FW000027267; FW000027393; FW000027666; FW000027903; FW000028165; FW000028274; FW000028344; FW000028360; FW000028452; FW000028456; FW000028789; FW000029000; FW000029355; FW000029450; FW000029533; FW000029633; FW000029790; FW000006577; FW000025351; FW000021702; FW000015444; FW000018569; FW000012263; FW000029766; FW000027990,Firewall,60,0.85,100.0,SINGLE_SOURCE_ONLY
SEQ-USR-2018,Unknown,USER,GENERAL_ACTIVITY_SEQUENCE,2026-08-15 00:23:04+00:00,2026-08-15 01:22:00+00:00,3536,21,FW000006424; FW000015134; FW000002976; FW000013136; FW000019356; FW000017383; FW000026128; FW000012532; FW000028721; FW000016669; FW000015764; FW000002123; FW000024220; FW000000040; FW000005081; FW000014333; FW000015409; FW000014765; FW000011529; FW000023266; FW000013776,Firewall,60,0.85,100.0,SINGLE_SOURCE_ONLY
SEQ-USR-2019,Unknown,USER,GENERAL_ACTIVITY_SEQUENCE,2026-08-15 01:24:39+00:00,2026-08-15 02:24:00+00:00,3561,22,FW000020292; FW000000924; FW000010883; FW000014063; FW000008298; FW000021176; FW000021466; FW000013065; FW000016545; FW000020244; FW000023715; FW000012048; FW000006606; FW000013939; FW000020634; FW000029656; FW000002355; FW000009735; FW000013012; FW000015000; FW000023361; FW000012914,Firewall,60,0.85,100.0,SINGLE_SOURCE_ONLY
SEQ-USR-2020,Unknown,USER,GENERAL_ACTIVITY_SEQUENCE,2026-08-15 02:27:00+00:00,2026-08-15 03:26:00+00:00,3540,14,FW000019454; FW000021711; FW000008916; FW000001869; FW000007280; FW000007470; FW000013289; FW000007682; FW000009713; FW000028916; FW000029340; FW000028009; FW000001610; FW000019184,Firewall,60,0.85,100.0,SINGLE_SOURCE_ONLY
SEQ-USR-2021,Unknown,USER,GENERAL_ACTIVITY_SEQUENCE,2026-08-15 03:27:55+00:00,2026-08-15 04:27:17+00:00,3562,14,FW000025792; FW000016028; FW000025529; FW000026500; FW000025235; FW000000561; FW000005775; FW000008481; FW000023884; FW000005804; FW000000604; FW000028785; FW000006770; FW000019753,Firewall,60,0.85,100.0,SINGLE_SOURCE_ONLY
SEQ-USR-2022,Unknown,USER,GENERAL_ACTIVITY_SEQUENCE,2026-08-15 04:35:00+00:00,2026-08-15 05:34:00+00:00,3540,15,FW000018606; FW000025213; FW000000204; FW000022493; FW000013097; FW000000307; FW000007578; FW000029530; FW000001852; FW000009900; FW000029202; FW000002605; FW000013780; FW000025647; FW000014541,Firewall,60,0.85,100.0,SINGLE_SOURCE_ONLY
SEQ-USR-2023,Unknown,USER,GENERAL_ACTIVITY_SEQUENCE,2026-08-15 05:43:11+00:00,2026-08-15 06:41:31+00:00,3500,17,FW000005161; FW000010373; FW000001214; FW000027683; FW000011835; FW000022947; FW000014371; FW000017647; FW000005108; FW000008398; FW000003825; FW000012120; FW000027583; FW000027775; FW000028206; FW000022228; FW000025148,Firewall,60,0.85,100.0,SINGLE_SOURCE_ONLY
SEQ-USR-2024,Unknown,USER,GENERAL_ACTIVITY_SEQUENCE,2026-08-15 06:46:01+00:00,2026-08-15 07:43:00+00:00,3419,19,FW000013646; FW000026066; FW000005851; FW000019307; FW000028205; FW000011720; FW000004983; FW000013763; FW000016536; FW000021624; FW000008729; FW000014863; FW000001600; FW000008907; FW000021524; FW000020306; FW000029254; FW000021219; FW000017684,Firewall,60,0.85,100.0,SINGLE_SOURCE_ONLY
SEQ-USR-2025,Unknown,USER,GENERAL_ACTIVITY_SEQUENCE,2026-08-15 07:47:03+00:00,2026-08-15 08:43:27+00:00,3384,21,FW000024428; FW000002606; FW000017993; FW000022797; FW000003241; FW000015010; FW000023533; FW000004048; FW000008757; FW000027106; FW000006426; FW000008760; FW000019370; FW000022890; FW000002303; FW000024082; FW000011083; FW000027422; FW000019708; FW000002480; FW000005979,Firewall,60,0.85,100.0,SINGLE_SOURCE_ONLY
SEQ-USR-2026,Unknown,USER,GENERAL_ACTIVITY_SEQUENCE,2026-08-15 08:48:43+00:00,2026-08-15 09:46:00+00:00,3437,14,FW000013088; FW000022635; FW000012711; FW000010713; FW000021215; FW000023882; FW000006240; FW000005846; FW000004862; FW000022923; FW000018231; FW000017453; FW000012101; FW000019366,Firewall,60,0.85,100.0,SINGLE_SOURCE_ONLY
SEQ-USR-2027,Unknown,USER,GENERAL_ACTIVITY_SEQUENCE,2026-08-15 09:51:15+00:00,2026-08-15 10:50:29+00:00,3554,30,FW000009952; FW000008451; FW000029877; FW000026107; FW000028878; FW000012734; FW000000848; FW000018140; FW000007105; FW000009232; FW000014323; FW000029557; FW000028164; FW000024029; FW000013950; FW000025794; FW000001341; FW000020552; FW000024905; FW000008313; FW000010690; FW000027845; FW000024730; FW000010905; FW000018586; FW000010064; FW000016504; FW000018921; FW000010489; FW000021960,Firewall,60,0.85,100.0,SINGLE_SOURCE_ONLY
SEQ-USR-2028,Unknown,USER,GENERAL_ACTIVITY_SEQUENCE,2026-08-15 10:55:05+00:00,2026-08-15 11:51:00+00:00,3355,21,FW000008103; FW000009464; FW000021926; FW000003421; FW000026302; FW000012354; FW000025765; FW000029174; FW000003306; FW000023355; FW000019117; FW000024347; FW000029507; FW000027951; FW000017561; FW000004788; FW000029992; FW000020305; FW000021953; FW000017553; FW000020086,Firewall,60,0.85,100.0,SINGLE_SOURCE_ONLY
SEQ-USR-2029,Unknown,USER,GENERAL_ACTIVITY_SEQUENCE,2026-08-15 11:56:49+00:00,2026-08-15 12:54:13+00:00,3444,22,FW000004339; FW000022008; FW000022931; FW000025339; FW000015275; FW000008576; FW000021922; FW000019449; FW000006891; FW000026310; FW000020960; FW000024901; FW000026971; FW000000144; FW000026122; FW000013650; FW000023933; FW000015137; FW000017104; FW000020975; FW000026885; FW000006344,Firewall,60,0.85,100.0,SINGLE_SOURCE_ONLY
SEQ-USR-2030,Unknown,USER,GENERAL_ACTIVITY_SEQUENCE,2026-08-15 12:59:56+00:00,2026-08-15 13:53:10+00:00,3194,28,FW000004844; FW000023214; FW000001669; FW000013975; FW000010132; FW000022387; FW000015888; FW000018355; FW000002744; FW000012664; FW000005885; FW000012780; FW000018908; FW000023292; FW000018963; FW000025197; FW000027005; FW000005516; FW000018487; FW000005054; FW000024342; FW000004216; FW000019256; FW000026165; FW000017422; FW000015906; FW000023248; FW000019289,Firewall,60,0.85,100.0,SINGLE_SOURCE_ONLY
SEQ-USR-2031,Unknown,USER,GENERAL_ACTIVITY_SEQUENCE,2026-08-15 14:01:00+00:00,2026-08-15 14:59:00+00:00,3480,18,FW000015121; FW000014319; FW000020833; FW000027050; FW000001399; FW000020073; FW000010241; FW000024523; FW000003094; FW000028072; FW000024174; FW000026217; FW000021410; FW000001834; FW000023783; FW000016565; FW000018923; FW000001027,Firewall,60,0.85,100.0,SINGLE_SOURCE_ONLY
SEQ-USR-2032,Unknown,USER,GENERAL_ACTIVITY_SEQUENCE,2026-08-15 15:03:16+00:00,2026-08-15 16:00:00+00:00,3404,10,FW000024943; FW000026781; FW000018958; FW000021790; FW000029842; FW000001406; FW000009898; FW000006761; FW000011989; FW000008652,Firewall,60,0.85,100.0,SINGLE_SOURCE_ONLY
SEQ-USR-2033,Unknown,USER,GENERAL_ACTIVITY_SEQUENCE,2026-08-15 16:05:00+00:00,2026-08-15 17:03:00+00:00,3480,14,FW000009113; FW000017651; FW000013488; FW000020179; FW000029306; FW000012158; FW000008076; FW000000337; FW000009259; FW000019297; FW000007714; FW000027608; FW000011430; FW000023610,Firewall,60,0.85,100.0,SINGLE_SOURCE_ONLY
SEQ-USR-2034,Unknown,USER,GENERAL_ACTIVITY_SEQUENCE,2026-08-15 17:10:00+00:00,2026-08-15 18:00:16+00:00,3016,12,FW000018747; FW000008761; FW000012500; FW000001762; FW000020895; FW000002555; FW000007317; FW000025672; FW000003941; FW000001269; FW000002280; FW000027689,Firewall,60,0.85,100.0,SINGLE_SOURCE_ONLY
SEQ-USR-2035,Unknown,USER,GENERAL_ACTIVITY_SEQUENCE,2026-08-15 18:12:08+00:00,2026-08-15 19:11:00+00:00,3532,12,FW000012144; FW000014391; FW000015065; FW000003389; FW000023253; FW000017546; FW000011733; FW000001911; FW000028735; FW000017293; FW000018350; FW000021860,Firewall,60,0.85,100.0,SINGLE_SOURCE_ONLY
SEQ-USR-2036,Unknown,USER,GENERAL_ACTIVITY_SEQUENCE,2026-08-15 19:20:26+00:00,2026-08-15 20:20:02+00:00,3576,16,FW000013394; FW000009009; FW000021607; FW000029298; FW000002576; FW000021438; FW000017192; FW000025495; FW000010205; FW000029962; FW000028237; FW000025278; FW000012469; FW000009283; FW000016236; FW000024904,Firewall,60,0.85,100.0,SINGLE_SOURCE_ONLY
SEQ-USR-2037,Unknown,USER,GENERAL_ACTIVITY_SEQUENCE,2026-08-15 20:24:00+00:00,2026-08-15 21:16:48+00:00,3168,24,FW000007836; FW000011330; FW000013061; FW000020156; FW000002273; FW000024260; FW000008887; FW000006750; FW000007507; FW000011121; FW000004653; FW000017365; FW000000182; FW000013233; FW000029110; FW000015104; FW000008364; FW000006201; FW000011936; FW000015805; FW000019470; FW000025101; FW000004610; FW000018525,Firewall,60,0.85,100.0,SINGLE_SOURCE_ONLY
SEQ-USR-2038,Unknown,USER,GENERAL_ACTIVITY_SEQUENCE,2026-08-15 21:34:43+00:00,2026-08-15 22:26:00+00:00,3077,17,FW000006886; FW000004136; FW000013999; FW000025617; FW000015512; FW000004456; FW000021222; FW000020278; FW000020893; FW000011997; FW000007950; FW000008932; FW000026927; FW000011990; FW000004730; FW000009197; FW000001385,Firewall,60,0.85,100.0,SINGLE_SOURCE_ONLY
SEQ-USR-2039,Unknown,USER,GENERAL_ACTIVITY_SEQUENCE,2026-08-15 22:34:56+00:00,2026-08-15 23:34:31+00:00,3575,19,FW000018208; FW000012397; FW000002124; FW000012663; FW000005563; FW000007878; FW000018151; FW000017343; FW000017354; FW000004459; FW000023204; FW000023950; FW000009924; FW000023407; FW000023902; FW000019209; FW000016427; FW000004201; FW000010015,Firewall,60,0.85,100.0,SINGLE_SOURCE_ONLY
SEQ-USR-2040,Unknown,USER,GENERAL_ACTIVITY_SEQUENCE,2026-08-15 23:38:15+00:00,2026-08-16 00:34:49+00:00,3394,159,FW000000405; FW000026063; FW000004488; FW000022339; FW000022746; FW000002724; FW000028306; FW000000485; FW000000884; FW000000956; FW000001130; FW000001171; FW000001221; FW000001343; FW000001512; FW000001962; FW000001991; FW000002969; FW000003183; FW000003232; FW000003281; FW000003322; FW000003635; FW000003927; FW000003951; FW000004251; FW000004738; FW000004741; FW000004874; FW000005151; FW000005714; FW000006021; FW000006071; FW000006337; FW000006447; FW000006452; FW000006816; FW000006894; FW000006916; FW000007112; FW000007306; FW000007392; FW000007455; FW000007508; FW000007699; FW000008039; FW000008476; FW000008762; FW000009037; FW000009067; FW000009437; FW000009547; FW000009590; FW000010199; FW000010850; FW000011013; FW000011244; FW000011663; FW000011781; FW000012125; FW000012185; FW000012270; FW000012510; FW000012798; FW000012975; FW000013404; FW000013709; FW000014310; FW000014459; FW000014661; FW000014788; FW000014844; FW000014923; FW000014969; FW000014983; FW000015080; FW000015123; FW000015493; FW000015780; FW000016264; FW000016329; FW000016516; FW000016768; FW000016879; FW000016889; FW000017084; FW000017239; FW000017345; FW000017441; FW000017460; FW000017717; FW000017721; FW000018259; FW000018556; FW000018744; FW000018757; FW000018883; FW000018996; FW000019259; FW000019384; FW000019617; FW000019785; FW000020659; FW000020665; FW000020699; FW000020848; FW000021028; FW000021074; FW000021435; FW000021838; FW000021902; FW000022311; FW000022451; FW000022529; FW000022601; FW000023317; FW000023488; FW000023895; FW000024008; FW000024035; FW000024218; FW000024336; FW000024560; FW000024942; FW000025137; FW000025839; FW000025980; FW000026125; FW000026683; FW000026765; FW000026825; FW000026958; FW000027286; FW000027322; FW000027427; FW000027685; FW000028297; FW000028412; FW000028494; FW000028619; FW000028810; FW000028919; FW000029286; FW000029518; FW000029857; FW000019151; FW000007651; FW000006825; FW000022580; FW000019094; FW000005041; FW000024119; FW000007749; FW000014324; FW000027896; FW000012888; FW000022439; FW000004108; FW000023611,Firewall,60,0.85,100.0,SINGLE_SOURCE_ONLY
SEQ-USR-2041,Unknown,USER,GENERAL_ACTIVITY_SEQUENCE,2026-08-16 00:38:46+00:00,2026-08-16 01:37:11+00:00,3505,23,FW000020456; FW000019310; FW000005903; FW000014655; FW000004034; FW000016429; FW000019386; FW000009127; FW000029397; FW000028319; FW000025310; FW000005832; FW000026253; FW000029602; FW000001415; FW000009145; FW000003099; FW000020282; FW000006302; FW000026876; FW000001256; FW000029413; FW000029112,Firewall,60,0.85,100.0,SINGLE_SOURCE_ONLY
SEQ-USR-2042,Unknown,USER,GENERAL_ACTIVITY_SEQUENCE,2026-08-16 01:40:28+00:00,2026-08-16 02:39:47+00:00,3559,27,FW000029078; FW000028356; FW000018198; FW000019876; FW000009498; FW000026708; FW000002821; FW000015227; FW000026425; FW000002304; FW000012582; FW000028467; FW000003247; FW000003709; FW000003429; FW000026905; FW000008080; FW000023290; FW000001636; FW000023712; FW000015462; FW000029775; FW000005675; FW000015795; FW000010738; FW000029304; FW000028709,Firewall,60,0.85,100.0,SINGLE_SOURCE_ONLY
SEQ-USR-2043,Unknown,USER,GENERAL_ACTIVITY_SEQUENCE,2026-08-16 02:44:53+00:00,2026-08-16 03:43:30+00:00,3517,25,FW000001928; FW000025677; FW000002587; FW000013754; FW000015586; FW000025460; FW000017774; FW000002901; FW000028014; FW000000198; FW000028824; FW000012195; FW000010273; FW000023441; FW000013237; FW000006536; FW000021119; FW000011337; FW000015383; FW000029213; FW000010491; FW000019090; FW000001915; FW000001968; FW000022368,Firewall,60,0.85,100.0,SINGLE_SOURCE_ONLY
SEQ-USR-2044,Unknown,USER,GENERAL_ACTIVITY_SEQUENCE,2026-08-16 03:54:33+00:00,2026-08-16 04:54:22+00:00,3589,25,FW000009128; FW000007444; FW000027652; FW000011657; FW000021898; FW000020264; FW000020418; FW000020031; FW000001099; FW000002023; FW000026455; FW000004449; FW000016477; FW000002840; FW000021315; FW000000096; FW000001034; FW000016959; FW000013743; FW000006560; FW000027315; FW000028837; FW000001265; FW000022651; FW000014599,Firewall,60,0.85,100.0,SINGLE_SOURCE_ONLY
SEQ-USR-2045,Unknown,USER,GENERAL_ACTIVITY_SEQUENCE,2026-08-16 04:55:00+00:00,2026-08-16 05:44:33+00:00,2973,20,FW000007390; FW000014557; FW000009469; FW000016287; FW000016633; FW000018753; FW000002526; FW000020793; FW000012042; FW000027077; FW000020010; FW000021002; FW000007368; FW000026609; FW000027431; FW000003518; FW000013949; FW000005734; FW000026021; FW000027883,Firewall,60,0.85,100.0,SINGLE_SOURCE_ONLY
SEQ-USR-2046,Unknown,USER,GENERAL_ACTIVITY_SEQUENCE,2026-08-16 06:00:46+00:00,2026-08-16 07:00:32+00:00,3586,15,FW000027981; FW000004582; FW000021742; FW000013586; FW000018112; FW000022738; FW000019152; FW000022640; FW000002792; FW000009730; FW000018260; FW000012619; FW000023945; FW000015125; FW000020000,Firewall,60,0.85,100.0,SINGLE_SOURCE_ONLY
SEQ-USR-2047,Unknown,USER,GENERAL_ACTIVITY_SEQUENCE,2026-08-16 07:04:38+00:00,2026-08-16 08:02:35+00:00,3477,22,FW000019935; FW000028802; FW000003692; FW000011796; FW000018535; FW000014337; FW000010807; FW000012003; FW000022779; FW000026417; FW000000259; FW000009458; FW000019210; FW000010039; FW000029792; FW000024798; FW000010496; FW000015642; FW000023378; FW000020302; FW000009937; FW000013535,Firewall,60,0.85,100.0,SINGLE_SOURCE_ONLY
SEQ-USR-2048,Unknown,USER,GENERAL_ACTIVITY_SEQUENCE,2026-08-16 08:04:51+00:00,2026-08-16 09:04:48+00:00,3597,18,FW000011166; FW000021593; FW000021877; FW000027501; FW000026627; FW000001161; FW000012883; FW000010781; FW000007256; FW000020754; FW000020422; FW000016580; FW000009093; FW000010252; FW000004609; FW000021573; FW000002647; FW000015463,Firewall,60,0.85,100.0,SINGLE_SOURCE_ONLY
SEQ-USR-2049,Unknown,USER,GENERAL_ACTIVITY_SEQUENCE,2026-08-16 09:08:08+00:00,2026-08-16 10:02:31+00:00,3263,19,FW000014939; FW000013686; FW000023201; FW000024204; FW000009156; FW000027326; FW000026466; FW000001740; FW000007672; FW000021690; FW000000816; FW000003911; FW000004420; FW000023559; FW000009043; FW000019360; FW000015499; FW000019037; FW000017261,Firewall,60,0.85,100.0,SINGLE_SOURCE_ONLY
SEQ-USR-2050,Unknown,USER,GENERAL_ACTIVITY_SEQUENCE,2026-08-16 10:18:00+00:00,2026-08-16 11:18:00+00:00,3600,20,FW000005483; FW000010776; FW000013739; FW000003404; FW000011974; FW000010757; FW000019430; FW000017357; FW000026992; FW000023859; FW000029037; FW000006584; FW000010748; FW000021177; FW000010073; FW000022559; FW000028128; FW000027254; FW000014156; FW000025820,Firewall,60,0.85,100.0,SINGLE_SOURCE_ONLY
SEQ-USR-2051,Unknown,USER,GENERAL_ACTIVITY_SEQUENCE,2026-08-16 11:19:00+00:00,2026-08-16 12:18:09+00:00,3549,25,FW000021896; FW000018039; FW000018200; FW000027831; FW000001058; FW000022895; FW000016915; FW000007735; FW000029380; FW000015030; FW000014636; FW000001359; FW000024654; FW000029181; FW000002658; FW000024773; FW000001129; FW000016100; FW000028229; FW000023092; FW000005244; FW000010458; FW000007896; FW000018297; FW000002984,Firewall,60,0.85,100.0,SINGLE_SOURCE_ONLY
SEQ-USR-2052,Unknown,USER,GENERAL_ACTIVITY_SEQUENCE,2026-08-16 12:20:35+00:00,2026-08-16 13:19:00+00:00,3505,23,FW000028298; FW000014720; FW000019657; FW000023123; FW000018871; FW000017497; FW000010624; FW000025449; FW000028767; FW000012721; FW000015920; FW000025243; FW000005866; FW000004301; FW000028665; FW000000127; FW000024400; FW000002230; FW000023824; FW000018749; FW000001745; FW000025942; FW000021555,Firewall,60,0.85,100.0,SINGLE_SOURCE_ONLY
SEQ-USR-2053,Unknown,USER,GENERAL_ACTIVITY_SEQUENCE,2026-08-16 13:22:00+00:00,2026-08-16 14:21:00+00:00,3540,19,FW000018330; FW000015041; FW000006232; FW000021970; FW000008744; FW000018745; FW000024505; FW000029902; FW000008129; FW000018314; FW000018122; FW000008825; FW000004822; FW000020610; FW000016511; FW000000335; FW000017523; FW000011606; FW000024450,Firewall,60,0.85,100.0,SINGLE_SOURCE_ONLY
SEQ-USR-2054,Unknown,USER,GENERAL_ACTIVITY_SEQUENCE,2026-08-16 14:29:37+00:00,2026-08-16 15:29:08+00:00,3571,28,FW000026977; FW000014270; FW000000194; FW000002337; FW000025534; FW000014157; FW000025629; FW000008525; FW000007267; FW000001765; FW000021745; FW000008674; FW000013729; FW000010319; FW000019804; FW000019795; FW000003898; FW000002054; FW000004496; FW000007370; FW000024060; FW000026324; FW000008894; FW000015398; FW000023379; FW000004412; FW000002979; FW000004296,Firewall,60,0.85,100.0,SINGLE_SOURCE_ONLY
SEQ-USR-2055,Unknown,USER,GENERAL_ACTIVITY_SEQUENCE,2026-08-16 15:37:00+00:00,2026-08-16 16:29:26+00:00,3146,14,FW000005268; FW000010760; FW000022491; FW000003362; FW000006933; FW000014020; FW000000605; FW000014233; FW000026791; FW000016921; FW000002321; FW000006123; FW000016098; FW000018063,Firewall,60,0.85,100.0,SINGLE_SOURCE_ONLY
SEQ-USR-2056,Unknown,USER,GENERAL_ACTIVITY_SEQUENCE,2026-08-16 16:40:00+00:00,2026-08-16 17:37:56+00:00,3476,19,FW000023707; FW000028978; FW000020993; FW000009245; FW000011748; FW000021867; FW000024626; FW000029263; FW000014907; FW000022918; FW000018546; FW000028518; FW000011600; FW000016499; FW000017614; FW000026636; FW000022517; FW000026951; FW000006870,Firewall,60,0.85,100.0,SINGLE_SOURCE_ONLY
SEQ-USR-2057,Unknown,USER,GENERAL_ACTIVITY_SEQUENCE,2026-08-16 17:41:00+00:00,2026-08-16 18:31:56+00:00,3056,23,FW000028700; FW000012170; FW000019694; FW000006403; FW000027482; FW000010459; FW000004145; FW000026752; FW000020467; FW000023509; FW000016501; FW000025605; FW000022857; FW000005515; FW000005800; FW000009976; FW000028264; FW000008361; FW000024054; FW000029120; FW000009939; FW000021021; FW000009383,Firewall,60,0.85,100.0,SINGLE_SOURCE_ONLY
SEQ-USR-2058,Unknown,USER,GENERAL_ACTIVITY_SEQUENCE,2026-08-16 18:41:37+00:00,2026-08-16 19:40:29+00:00,3532,23,FW000001350; FW000019784; FW000007646; FW000019423; FW000013030; FW000013908; FW000015077; FW000004715; FW000002435; FW000027395; FW000022132; FW000028661; FW000011894; FW000021862; FW000026721; FW000018496; FW000004197; FW000025606; FW000018661; FW000020085; FW000022760; FW000003724; FW000012807,Firewall,60,0.85,100.0,SINGLE_SOURCE_ONLY
SEQ-USR-2059,Unknown,USER,GENERAL_ACTIVITY_SEQUENCE,2026-08-16 19:45:04+00:00,2026-08-16 20:42:00+00:00,3416,17,FW000014686; FW000009090; FW000004049; FW000009729; FW000024061; FW000025716; FW000016222; FW000018503; FW000029895; FW000001319; FW000028917; FW000007178; FW000022524; FW000009873; FW000011597; FW000007754; FW000020402,Firewall,60,0.85,100.0,SINGLE_SOURCE_ONLY
SEQ-USR-2060,Unknown,USER,GENERAL_ACTIVITY_SEQUENCE,2026-08-16 20:55:08+00:00,2026-08-16 21:53:19+00:00,3491,22,FW000011501; FW000016888; FW000029687; FW000028594; FW000025745; FW000019997; FW000005209; FW000024871; FW000025221; FW000003879; FW000028614; FW000009541; FW000023581; FW000018008; FW000021548; FW000011078; FW000025545; FW000006257; FW000028345; FW000027045; FW000008517; FW000018329,Firewall,60,0.85,100.0,SINGLE_SOURCE_ONLY
SEQ-USR-2061,Unknown,USER,GENERAL_ACTIVITY_SEQUENCE,2026-08-16 21:58:57+00:00,2026-08-16 22:50:33+00:00,3096,16,FW000003538; FW000021448; FW000029688; FW000006678; FW000027748; FW000002685; FW000010295; FW000029434; FW000014086; FW000022499; FW000007663; FW000001806; FW000024845; FW000000011; FW000004521; FW000011910,Firewall,60,0.85,100.0,SINGLE_SOURCE_ONLY
SEQ-USR-2062,Unknown,USER,GENERAL_ACTIVITY_SEQUENCE,2026-08-16 23:00:31+00:00,2026-08-17 00:00:17+00:00,3586,134,FW000027157; FW000017447; FW000029712; FW000012828; FW000029655; FW000013117; FW000002634; FW000021491; FW000018294; FW000009253; FW000023186; FW000020378; FW000015229; FW000004454; FW000013551; FW000022798; FW000023448; FW000017243; FW000020430; FW000000832; FW000000489; FW000004315; FW000026483; FW000002347; FW000001442; FW000001477; FW000000258; FW000000347; FW000000390; FW000000902; FW000001186; FW000001466; FW000001625; FW000001963; FW000002705; FW000002889; FW000003453; FW000003647; FW000003870; FW000003912; FW000004144; FW000004180; FW000004447; FW000004736; FW000005021; FW000005402; FW000005817; FW000006174; FW000007050; FW000007348; FW000007436; FW000008050; FW000008256; FW000008328; FW000008681; FW000008868; FW000009098; FW000009226; FW000009527; FW000010282; FW000010564; FW000010962; FW000011504; FW000011520; FW000011958; FW000012012; FW000012092; FW000012521; FW000012696; FW000012701; FW000013390; FW000013438; FW000013505; FW000013613; FW000013678; FW000013850; FW000014143; FW000014175; FW000014561; FW000014791; FW000015087; FW000015114; FW000015280; FW000015531; FW000015606; FW000015627; FW000016210; FW000016248; FW000016645; FW000017183; FW000017638; FW000017935; FW000018290; FW000018594; FW000019035; FW000019653; FW000020184; FW000020503; FW000021369; FW000021451; FW000021849; FW000021858; FW000022063; FW000022350; FW000022523; FW000023345; FW000023347; FW000023747; FW000023944; FW000024301; FW000024489; FW000024646; FW000024761; FW000024894; FW000024919; FW000025470; FW000025708; FW000026051; FW000026081; FW000026513; FW000026539; FW000026918; FW000027054; FW000027219; FW000027348; FW000027423; FW000027692; FW000027710; FW000028035; FW000028223; FW000029098; FW000029381; FW000029705; FW000028078,Firewall,60,0.85,100.0,SINGLE_SOURCE_ONLY
SEQ-USR-2063,Unknown,USER,GENERAL_ACTIVITY_SEQUENCE,2026-08-17 00:02:00+00:00,2026-08-17 01:02:00+00:00,3600,24,FW000005491; FW000027250; FW000027992; FW000026284; FW000009886; FW000002805; FW000008511; FW000001560; FW000007764; FW000003782; FW000029363; FW000026233; FW000020589; FW000022145; FW000017883; FW000002517; FW000006843; FW000016397; FW000027610; FW000026178; FW000025066; FW000021163; FW000003943; FW000015076,Firewall,60,0.85,100.0,SINGLE_SOURCE_ONLY
SEQ-USR-2064,Unknown,USER,GENERAL_ACTIVITY_SEQUENCE,2026-08-17 01:03:01+00:00,2026-08-17 02:02:26+00:00,3565,19,FW000010706; FW000005312; FW000017148; FW000021822; FW000001222; FW000002962; FW000021920; FW000005476; FW000019547; FW000011237; FW000021983; FW000029131; FW000015571; FW000005937; FW000010212; FW000012644; FW000015869; FW000029871; FW000021341,Firewall,60,0.85,100.0,SINGLE_SOURCE_ONLY
SEQ-USR-2065,Unknown,USER,GENERAL_ACTIVITY_SEQUENCE,2026-08-17 02:04:00+00:00,2026-08-17 03:03:32+00:00,3572,25,FW000008975; FW000009391; FW000024107; FW000019291; FW000004202; FW000004018; FW000008378; FW000015542; FW000005802; FW000017258; FW000028737; FW000006262; FW000015135; FW000000231; FW000010582; FW000028926; FW000014087; FW000012333; FW000028566; FW000021906; FW000025257; FW000008169; FW000008263; FW000029674; FW000027842,Firewall,60,0.85,100.0,SINGLE_SOURCE_ONLY
SEQ-USR-2066,Unknown,USER,GENERAL_ACTIVITY_SEQUENCE,2026-08-17 03:25:00+00:00,2026-08-17 04:22:28+00:00,3448,16,FW000007744; FW000021941; FW000007535; FW000008980; FW000014596; FW000010867; FW000025274; FW000011231; FW000009209; FW000011372; FW000013581; FW000024584; FW000025498; FW000010568; FW000010610; FW000017645,Firewall,60,0.85,100.0,SINGLE_SOURCE_ONLY
SEQ-USR-2067,Unknown,USER,GENERAL_ACTIVITY_SEQUENCE,2026-08-17 04:26:00+00:00,2026-08-17 05:22:20+00:00,3380,21,FW000029236; FW000002800; FW000027169; FW000020290; FW000011065; FW000016189; FW000024780; FW000027466; FW000024426; FW000012659; FW000001589; FW000011627; FW000017347; FW000008766; FW000015156; FW000001443; FW000016490; FW000014000; FW000025748; FW000000689; FW000010512,Firewall,60,0.85,100.0,SINGLE_SOURCE_ONLY
SEQ-USR-2068,Unknown,USER,GENERAL_ACTIVITY_SEQUENCE,2026-08-17 05:34:31+00:00,2026-08-17 06:30:00+00:00,3329,19,FW000015456; FW000021777; FW000028117; FW000028509; FW000023653; FW000004232; FW000008148; FW000014993; FW000018685; FW000010193; FW000017576; FW000006765; FW000012458; FW000015304; FW000023788; FW000026603; FW000024619; FW000005348; FW000027618,Firewall,60,0.85,100.0,SINGLE_SOURCE_ONLY
SEQ-USR-2069,Unknown,USER,GENERAL_ACTIVITY_SEQUENCE,2026-08-17 06:40:46+00:00,2026-08-17 07:38:55+00:00,3489,27,FW000004421; FW000007561; FW000004878; FW000029188; FW000007851; FW000008438; FW000020853; FW000017351; FW000004728; FW000026179; FW000006378; FW000024603; FW000018059; FW000021149; FW000023120; FW000027863; FW000018144; FW000029869; FW000024222; FW000001327; FW000021047; FW000013753; FW000026287; FW000016776; FW000009271; FW000004694; FW000024006,Firewall,60,0.85,100.0,SINGLE_SOURCE_ONLY
SEQ-USR-2070,Unknown,USER,GENERAL_ACTIVITY_SEQUENCE,2026-08-17 07:42:41+00:00,2026-08-17 08:37:00+00:00,3259,21,FW000013719; FW000018636; FW000025681; FW000028600; FW000002987; FW000021841; FW000006019; FW000012880; FW000011214; FW000006590; FW000009160; FW000014628; FW000003139; FW000025053; FW000012837; FW000009819; FW000016929; FW000005185; FW000022400; FW000015458; FW000005374,Firewall,60,0.85,100.0,SINGLE_SOURCE_ONLY
SEQ-USR-2071,Unknown,USER,GENERAL_ACTIVITY_SEQUENCE,2026-08-17 08:44:56+00:00,2026-08-17 09:44:29+00:00,3573,17,FW000019594; FW000013935; FW000008251; FW000008408; FW000014537; FW000013034; FW000006893; FW000004960; FW000003722; FW000013728; FW000006054; FW000020732; FW000029776; FW000028579; FW000016228; FW000002493; FW000026745,Firewall,60,0.85,100.0,SINGLE_SOURCE_ONLY
SEQ-USR-2072,Unknown,USER,GENERAL_ACTIVITY_SEQUENCE,2026-08-17 09:46:12+00:00,2026-08-17 10:45:17+00:00,3545,15,FW000000490; FW000008326; FW000007425; FW000000696; FW000004583; FW000010445; FW000026712; FW000018347; FW000007595; FW000005045; FW000013882; FW000027489; FW000004636; FW000004974; FW000021140,Firewall,60,0.85,100.0,SINGLE_SOURCE_ONLY
SEQ-USR-2073,Unknown,USER,GENERAL_ACTIVITY_SEQUENCE,2026-08-17 10:46:39+00:00,2026-08-17 11:45:43+00:00,3544,25,FW000014775; FW000023642; FW000018691; FW000012718; FW000008807; FW000015852; FW000010841; FW000027222; FW000014135; FW000005835; FW000010285; FW000004647; FW000019477; FW000003321; FW000027152; FW000014251; FW000023922; FW000026562; FW000001784; FW000022751; FW000020731; FW000001988; FW000006126; FW000028684; FW000009751,Firewall,60,0.85,100.0,SINGLE_SOURCE_ONLY
SEQ-USR-2074,Unknown,USER,GENERAL_ACTIVITY_SEQUENCE,2026-08-17 11:49:17+00:00,2026-08-17 12:49:13+00:00,3596,24,FW000015393; FW000007611; FW000019424; FW000028295; FW000000271; FW000021845; FW000003678; FW000002937; FW000016404; FW000017800; FW000011274; FW000003823; FW000018505; FW000028162; FW000021168; FW000014465; FW000007820; FW000020474; FW000009703; FW000004473; FW000016600; FW000023095; FW000009586; FW000017066,Firewall,60,0.85,100.0,SINGLE_SOURCE_ONLY
SEQ-USR-2075,Unknown,USER,GENERAL_ACTIVITY_SEQUENCE,2026-08-17 12:51:00+00:00,2026-08-17 13:50:27+00:00,3567,21,FW000010171; FW000018633; FW000002929; FW000006735; FW000012426; FW000026694; FW000006501; FW000012346; FW000024048; FW000009444; FW000009362; FW000009077; FW000005838; FW000023646; FW000016769; FW000024053; FW000004667; FW000004079; FW000023966; FW000006057; FW000020585,Firewall,60,0.85,100.0,SINGLE_SOURCE_ONLY
SEQ-USR-2076,Unknown,USER,GENERAL_ACTIVITY_SEQUENCE,2026-08-17 13:52:32+00:00,2026-08-17 14:47:00+00:00,3268,19,FW000019710; FW000004754; FW000019065; FW000003299; FW000024681; FW000029521; FW000028946; FW000010109; FW000021855; FW000028551; FW000001293; FW000018048; FW000029364; FW000020608; FW000009650; FW000003450; FW000026870; FW000018713; FW000019759,Firewall,60,0.85,100.0,SINGLE_SOURCE_ONLY
SEQ-USR-2077,Unknown,USER,GENERAL_ACTIVITY_SEQUENCE,2026-08-17 14:55:24+00:00,2026-08-17 15:54:27+00:00,3543,25,FW000018674; FW000003835; FW000020555; FW000026124; FW000021111; FW000007620; FW000022668; FW000009552; FW000023744; FW000015936; FW000003243; FW000012229; FW000007997; FW000015784; FW000011215; FW000024937; FW000007572; FW000026695; FW000019675; FW000017564; FW000005224; FW000008149; FW000022757; FW000019853; FW000029799,Firewall,60,0.85,100.0,SINGLE_SOURCE_ONLY
SEQ-USR-2078,Unknown,USER,GENERAL_ACTIVITY_SEQUENCE,2026-08-17 15:58:00+00:00,2026-08-17 16:57:18+00:00,3558,20,FW000007155; FW000020880; FW000023991; FW000016103; FW000009320; FW000010907; FW000006681; FW000019099; FW000015664; FW000029951; FW000006558; FW000023894; FW000022509; FW000019013; FW000001434; FW000014518; FW000012167; FW000001254; FW000009763; FW000023664,Firewall,60,0.85,100.0,SINGLE_SOURCE_ONLY
SEQ-USR-2079,Unknown,USER,GENERAL_ACTIVITY_SEQUENCE,2026-08-17 16:59:21+00:00,2026-08-17 17:58:38+00:00,3557,18,FW000024091; FW000008109; FW000025473; FW000025997; FW000017634; FW000002312; FW000007326; FW000027721; FW000011152; FW000010238; FW000013946; FW000012842; FW000007605; FW000027515; FW000025771; FW000022481; FW000016274; FW000010687,Firewall,60,0.85,100.0,SINGLE_SOURCE_ONLY
SEQ-USR-2080,Unknown,USER,GENERAL_ACTIVITY_SEQUENCE,2026-08-17 18:05:25+00:00,2026-08-17 19:03:43+00:00,3498,22,FW000004324; FW000023374; FW000000094; FW000008684; FW000010012; FW000002412; FW000025051; FW000019732; FW000022398; FW000000496; FW000016930; FW000009168; FW000002334; FW000009678; FW000029788; FW000005600; FW000023677; FW000003561; FW000016995; FW000015822; FW000001730; FW000012491,Firewall,60,0.85,100.0,SINGLE_SOURCE_ONLY
SEQ-USR-2081,Unknown,USER,GENERAL_ACTIVITY_SEQUENCE,2026-08-17 19:07:13+00:00,2026-08-17 20:05:21+00:00,3488,24,FW000026017; FW000029861; FW000010502; FW000029913; FW000003487; FW000008212; FW000015054; FW000000115; FW000007817; FW000028136; FW000001920; FW000009931; FW000016538; FW000027162; FW000023568; FW000001474; FW000025409; FW000001738; FW000003268; FW000003613; FW000018012; FW000021892; FW000017771; FW000010326,Firewall,60,0.85,100.0,SINGLE_SOURCE_ONLY
SEQ-USR-2082,Unknown,USER,GENERAL_ACTIVITY_SEQUENCE,2026-08-17 20:08:48+00:00,2026-08-17 21:08:45+00:00,3597,25,FW000020189; FW000016767; FW000001850; FW000024398; FW000008521; FW000011761; FW000009820; FW000012406; FW000025729; FW000022584; FW000012764; FW000015832; FW000010437; FW000020622; FW000028558; FW000014645; FW000010479; FW000029445; FW000020033; FW000025880; FW000023363; FW000007874; FW000013983; FW000025890; FW000027529,Firewall,60,0.85,100.0,SINGLE_SOURCE_ONLY
SEQ-USR-2083,Unknown,USER,GENERAL_ACTIVITY_SEQUENCE,2026-08-17 21:12:08+00:00,2026-08-17 22:11:32+00:00,3564,19,FW000017040; FW000006353; FW000000542; FW000012835; FW000027585; FW000001647; FW000000697; FW000018432; FW000002469; FW000027977; FW000003309; FW000000213; FW000002519; FW000013627; FW000029042; FW000006879; FW000009094; FW000019402; FW000003710,Firewall,60,0.85,100.0,SINGLE_SOURCE_ONLY
SEQ-USR-2084,Unknown,USER,GENERAL_ACTIVITY_SEQUENCE,2026-08-17 22:19:30+00:00,2026-08-17 23:16:18+00:00,3408,23,FW000010440; FW000024936; FW000015356; FW000018380; FW000021130; FW000018568; FW000018842; FW000025885; FW000007889; FW000028129; FW000000957; FW000010487; FW000025501; FW000002836; FW000005288; FW000011551; FW000009672; FW000005860; FW000009463; FW000024457; FW000000909; FW000000237; FW000027968,Firewall,60,0.85,100.0,SINGLE_SOURCE_ONLY
SEQ-USR-2085,Unknown,USER,GENERAL_ACTIVITY_SEQUENCE,2026-08-17 23:24:24+00:00,2026-08-18 00:23:00+00:00,3516,124,FW000026935; FW000015529; FW000026660; FW000001213; FW000011072; FW000007063; FW000005396; FW000004406; FW000024755; FW000017970; FW000029227; FW000009316; FW000000219; FW000000260; FW000000454; FW000000459; FW000000726; FW000000972; FW000001829; FW000001838; FW000002701; FW000002765; FW000002896; FW000003058; FW000003277; FW000003503; FW000004028; FW000004094; FW000004127; FW000004242; FW000005203; FW000005299; FW000006040; FW000007084; FW000007260; FW000007319; FW000007746; FW000007855; FW000008568; FW000009390; FW000009637; FW000009988; FW000010824; FW000011042; FW000011450; FW000011674; FW000011724; FW000011870; FW000012122; FW000012409; FW000013153; FW000013274; FW000013501; FW000013666; FW000013679; FW000013884; FW000014182; FW000014856; FW000014934; FW000015225; FW000016195; FW000016495; FW000016732; FW000016753; FW000016847; FW000016988; FW000017128; FW000017302; FW000018148; FW000018235; FW000018761; FW000018911; FW000018926; FW000019059; FW000019263; FW000019508; FW000019790; FW000019879; FW000020415; FW000021203; FW000021258; FW000021603; FW000022045; FW000022420; FW000022987; FW000023016; FW000023132; FW000023332; FW000023663; FW000023750; FW000024051; FW000024259; FW000024449; FW000024697; FW000025156; FW000025309; FW000025394; FW000026194; FW000026448; FW000026495; FW000026497; FW000026547; FW000026619; FW000026875; FW000026988; FW000027591; FW000027650; FW000027742; FW000027778; FW000028378; FW000028672; FW000028731; FW000028911; FW000029044; FW000029274; FW000029303; FW000010915; FW000022802; FW000012173; FW000021618; FW000000130; FW000013723; FW000023757; FW000016197,Firewall,60,0.85,100.0,SINGLE_SOURCE_ONLY
SEQ-USR-2086,Unknown,USER,GENERAL_ACTIVITY_SEQUENCE,2026-08-18 00:27:50+00:00,2026-08-18 01:27:16+00:00,3566,24,FW000005992; FW000017932; FW000020668; FW000013772; FW000025477; FW000028559; FW000004070; FW000008078; FW000015369; FW000025560; FW000028505; FW000001101; FW000026549; FW000019719; FW000025852; FW000026839; FW000024201; FW000010869; FW000026725; FW000009100; FW000002291; FW000013806; FW000021473; FW000029272,Firewall,60,0.85,100.0,SINGLE_SOURCE_ONLY
SEQ-USR-2087,Unknown,USER,GENERAL_ACTIVITY_SEQUENCE,2026-08-18 01:29:01+00:00,2026-08-18 02:25:51+00:00,3410,9,FW000016555; FW000003900; FW000025963; FW000029368; FW000014789; FW000014806; FW000026840; FW000014659; FW000008478,Firewall,60,0.85,100.0,SINGLE_SOURCE_ONLY
SEQ-USR-2088,Unknown,USER,GENERAL_ACTIVITY_SEQUENCE,2026-08-18 02:30:10+00:00,2026-08-18 03:23:00+00:00,3170,21,FW000020916; FW000027581; FW000007751; FW000008368; FW000011056; FW000012885; FW000028872; FW000009982; FW000006906; FW000010699; FW000017876; FW000015322; FW000021696; FW000026349; FW000008668; FW000015278; FW000006983; FW000002623; FW000020896; FW000015310; FW000002241,Firewall,60,0.85,100.0,SINGLE_SOURCE_ONLY
SEQ-USR-2089,Unknown,USER,GENERAL_ACTIVITY_SEQUENCE,2026-08-18 03:31:07+00:00,2026-08-18 04:24:27+00:00,3200,14,FW000015851; FW000011486; FW000005839; FW000025995; FW000012314; FW000025421; FW000012065; FW000024503; FW000004329; FW000012874; FW000013885; FW000024706; FW000008415; FW000024477,Firewall,60,0.85,100.0,SINGLE_SOURCE_ONLY
SEQ-USR-2090,Unknown,USER,GENERAL_ACTIVITY_SEQUENCE,2026-08-18 04:31:25+00:00,2026-08-18 05:30:00+00:00,3515,34,FW000002925; FW000002599; FW000022875; FW000021939; FW000007914; FW000016865; FW000010147; FW000023591; FW000027245; FW000009782; FW000001553; FW000019916; FW000002424; FW000021395; FW000000505; FW000021728; FW000008820; FW000019566; FW000010501; FW000005797; FW000026113; FW000018772; FW000008896; FW000001973; FW000016517; FW000012565; FW000024460; FW000007835; FW000026108; FW000017595; FW000004138; FW000016323; FW000027836; FW000008336,Firewall,60,0.85,100.0,SINGLE_SOURCE_ONLY
SEQ-USR-2091,Unknown,USER,GENERAL_ACTIVITY_SEQUENCE,2026-08-18 05:33:41+00:00,2026-08-18 06:33:00+00:00,3559,18,FW000008011; FW000002001; FW000022544; FW000009039; FW000024252; FW000029645; FW000008180; FW000027999; FW000010990; FW000022127; FW000002333; FW000015714; FW000027046; FW000002808; FW000028380; FW000010059; FW000011952; FW000027390,Firewall,60,0.85,100.0,SINGLE_SOURCE_ONLY
SEQ-USR-2092,Unknown,USER,GENERAL_ACTIVITY_SEQUENCE,2026-08-18 06:36:00+00:00,2026-08-18 07:34:00+00:00,3480,27,FW000011718; FW000020183; FW000017820; FW000028788; FW000014353; FW000000185; FW000021793; FW000017327; FW000001571; FW000016004; FW000007843; FW000027668; FW000029387; FW000025183; FW000012686; FW000017708; FW000021620; FW000011018; FW000013301; FW000006409; FW000016532; FW000011218; FW000020403; FW000000479; FW000014082; FW000023849; FW000025799,Firewall,60,0.85,100.0,SINGLE_SOURCE_ONLY
SEQ-USR-2093,Unknown,USER,GENERAL_ACTIVITY_SEQUENCE,2026-08-18 07:47:35+00:00,2026-08-18 08:42:51+00:00,3316,19,FW000029051; FW000015208; FW000013961; FW000024335; FW000025950; FW000011584; FW000009816; FW000010910; FW000009114; FW000005905; FW000008735; FW000016699; FW000017568; FW000025070; FW000021967; FW000015931; FW000023375; FW000002858; FW000017593,Firewall,60,0.85,100.0,SINGLE_SOURCE_ONLY
SEQ-USR-2094,Unknown,USER,GENERAL_ACTIVITY_SEQUENCE,2026-08-18 08:55:00+00:00,2026-08-18 09:54:51+00:00,3591,27,FW000017750; FW000025168; FW000027264; FW000021709; FW000012584; FW000000267; FW000001173; FW000017455; FW000010259; FW000028073; FW000029483; FW000004181; FW000014556; FW000005913; FW000024911; FW000002935; FW000003164; FW000024888; FW000028685; FW000013044; FW000001881; FW000010368; FW000029919; FW000007488; FW000008338; FW000012507; FW000028936,Firewall,60,0.85,100.0,SINGLE_SOURCE_ONLY
SEQ-USR-2095,Unknown,USER,GENERAL_ACTIVITY_SEQUENCE,2026-08-18 10:00:00+00:00,2026-08-18 10:58:40+00:00,3520,23,FW000010093; FW000020845; FW000001601; FW000017963; FW000008606; FW000016432; FW000002014; FW000018526; FW000029921; FW000016350; FW000008626; FW000008410; FW000012336; FW000019005; FW000020261; FW000013906; FW000025642; FW000013564; FW000027665; FW000012743; FW000007218; FW000024448; FW000021564,Firewall,60,0.85,100.0,SINGLE_SOURCE_ONLY
SEQ-USR-2096,Unknown,USER,GENERAL_ACTIVITY_SEQUENCE,2026-08-18 11:03:39+00:00,2026-08-18 11:58:02+00:00,3263,14,FW000016104; FW000016958; FW000028650; FW000021657; FW000028183; FW000019789; FW000020630; FW000006832; FW000026096; FW000023165; FW000009029; FW000017038; FW000001486; FW000002654,Firewall,60,0.85,100.0,SINGLE_SOURCE_ONLY
SEQ-USR-2097,Unknown,USER,GENERAL_ACTIVITY_SEQUENCE,2026-08-18 12:04:58+00:00,2026-08-18 13:03:04+00:00,3486,19,FW000015190; FW000012779; FW000019655; FW000005292; FW000010474; FW000007626; FW000022579; FW000021230; FW000021098; FW000001388; FW000020522; FW000027555; FW000014560; FW000012244; FW000030000; FW000011235; FW000018872; FW000019927; FW000006285,Firewall,60,0.85,100.0,SINGLE_SOURCE_ONLY
SEQ-USR-2098,Unknown,USER,GENERAL_ACTIVITY_SEQUENCE,2026-08-18 13:06:00+00:00,2026-08-18 14:01:26+00:00,3326,22,FW000003081; FW000027774; FW000013470; FW000002857; FW000010415; FW000016844; FW000003663; FW000002503; FW000013697; FW000025063; FW000011555; FW000014516; FW000003035; FW000029522; FW000025766; FW000016316; FW000002274; FW000003505; FW000023456; FW000005070; FW000020547; FW000020471,Firewall,60,0.85,100.0,SINGLE_SOURCE_ONLY
SEQ-USR-2099,Unknown,USER,GENERAL_ACTIVITY_SEQUENCE,2026-08-18 14:06:53+00:00,2026-08-18 15:05:51+00:00,3538,31,FW000022319; FW000008352; FW000018360; FW000021292; FW000003736; FW000006096; FW000010190; FW000000989; FW000025907; FW000026088; FW000012192; FW000019945; FW000001761; FW000008804; FW000002240; FW000016099; FW000009136; FW000014519; FW000019641; FW000011394; FW000017652; FW000025520; FW000004573; FW000011448; FW000023854; FW000015535; FW000023676; FW000007520; FW000025724; FW000019025; FW000005826,Firewall,60,0.85,100.0,SINGLE_SOURCE_ONLY
SEQ-USR-2100,Unknown,USER,GENERAL_ACTIVITY_SEQUENCE,2026-08-18 15:08:00+00:00,2026-08-18 16:05:41+00:00,3461,26,FW000024394; FW000009241; FW000013490; FW000004852; FW000020182; FW000005187; FW000000758; FW000014285; FW000025393; FW000022731; FW000016842; FW000028197; FW000008570; FW000017440; FW000011194; FW000004690; FW000005093; FW000004256; FW000001556; FW000015582; FW000021627; FW000014203; FW000010700; FW000020745; FW000023888; FW000007898,Firewall,60,0.85,100.0,SINGLE_SOURCE_ONLY
SEQ-USR-2101,Unknown,USER,GENERAL_ACTIVITY_SEQUENCE,2026-08-18 16:11:57+00:00,2026-08-18 17:07:00+00:00,3303,23,FW000010114; FW000017957; FW000005247; FW000020072; FW000008332; FW000009741; FW000029168; FW000024823; FW000023329; FW000002457; FW000017683; FW000023430; FW000001204; FW000016074; FW000018269; FW000000359; FW000029184; FW000023471; FW000009262; FW000002743; FW000028974; FW000002364; FW000020003,Firewall,60,0.85,100.0,SINGLE_SOURCE_ONLY
SEQ-USR-2102,Unknown,USER,GENERAL_ACTIVITY_SEQUENCE,2026-08-18 17:14:21+00:00,2026-08-18 18:10:00+00:00,3339,29,FW000017101; FW000005963; FW000001325; FW000024543; FW000016714; FW000016358; FW000024696; FW000011673; FW000016919; FW000014626; FW000015958; FW000022205; FW000006142; FW000002122; FW000028241; FW000015719; FW000018967; FW000012791; FW000003396; FW000012119; FW000028142; FW000009969; FW000010963; FW000010730; FW000006565; FW000003731; FW000000301; FW000020644; FW000003611,Firewall,60,0.85,100.0,SINGLE_SOURCE_ONLY
SEQ-USR-2103,Unknown,USER,GENERAL_ACTIVITY_SEQUENCE,2026-08-18 18:16:37+00:00,2026-08-18 19:16:26+00:00,3589,26,FW000000614; FW000024187; FW000018901; FW000027506; FW000022155; FW000012290; FW000019625; FW000026895; FW000022957; FW000009904; FW000007188; FW000010200; FW000003763; FW000003869; FW000029714; FW000023752; FW000024528; FW000018499; FW000000735; FW000014741; FW000004622; FW000002559; FW000012454; FW000021958; FW000021904; FW000000899,Firewall,60,0.85,100.0,SINGLE_SOURCE_ONLY
SEQ-USR-2104,Unknown,USER,GENERAL_ACTIVITY_SEQUENCE,2026-08-18 19:17:19+00:00,2026-08-18 20:15:25+00:00,3486,20,FW000007275; FW000023612; FW000021209; FW000011343; FW000024957; FW000025358; FW000026400; FW000008966; FW000021161; FW000027099; FW000021360; FW000028729; FW000020728; FW000006826; FW000019268; FW000019475; FW000001091; FW000003639; FW000017418; FW000003174,Firewall,60,0.85,100.0,SINGLE_SOURCE_ONLY
SEQ-USR-2105,Unknown,USER,GENERAL_ACTIVITY_SEQUENCE,2026-08-18 20:18:18+00:00,2026-08-18 21:13:31+00:00,3313,13,FW000021058; FW000014674; FW000021650; FW000025727; FW000017812; FW000007653; FW000023871; FW000015807; FW000026412; FW000013474; FW000002148; FW000003784; FW000029502,Firewall,60,0.85,100.0,SINGLE_SOURCE_ONLY
SEQ-USR-2106,Unknown,USER,GENERAL_ACTIVITY_SEQUENCE,2026-08-18 21:20:00+00:00,2026-08-18 22:17:57+00:00,3477,24,FW000005462; FW000004474; FW000008555; FW000001853; FW000001017; FW000014426; FW000021465; FW000023091; FW000002869; FW000010161; FW000016118; FW000018992; FW000002311; FW000017159; FW000008087; FW000029373; FW000012207; FW000001886; FW000013062; FW000008218; FW000008220; FW000007150; FW000016336; FW000026359,Firewall,60,0.85,100.0,SINGLE_SOURCE_ONLY
SEQ-USR-2107,Unknown,USER,GENERAL_ACTIVITY_SEQUENCE,2026-08-18 22:20:59+00:00,2026-08-18 23:14:00+00:00,3181,18,FW000013092; FW000001819; FW000018978; FW000028145; FW000012206; FW000005204; FW000000421; FW000028582; FW000000007; FW000006736; FW000029423; FW000010697; FW000011907; FW000013341; FW000010394; FW000017472; FW000009397; FW000002257,Firewall,60,0.85,100.0,SINGLE_SOURCE_ONLY
SEQ-USR-2108,Unknown,USER,GENERAL_ACTIVITY_SEQUENCE,2026-08-18 23:23:24+00:00,2026-08-19 00:23:09+00:00,3585,144,FW000013718; FW000025809; FW000010431; FW000008164; FW000000524; FW000013159; FW000005442; FW000012638; FW000027643; FW000004161; FW000026906; FW000006047; FW000026597; FW000017668; FW000024472; FW000000160; FW000000314; FW000000358; FW000000401; FW000000764; FW000001042; FW000001444; FW000001490; FW000001531; FW000002160; FW000002370; FW000002751; FW000002923; FW000003137; FW000003449; FW000003888; FW000004024; FW000004185; FW000004212; FW000004221; FW000004236; FW000004603; FW000004942; FW000005179; FW000005496; FW000005575; FW000005647; FW000005925; FW000006454; FW000006556; FW000006751; FW000007610; FW000007910; FW000008318; FW000008522; FW000009367; FW000009423; FW000009780; FW000010013; FW000010247; FW000010450; FW000010765; FW000011061; FW000011318; FW000011435; FW000011463; FW000011469; FW000011735; FW000011892; FW000012166; FW000012274; FW000012459; FW000012911; FW000013203; FW000013416; FW000013675; FW000014166; FW000014231; FW000014334; FW000014568; FW000014591; FW000014616; FW000014974; FW000015513; FW000015569; FW000015681; FW000016003; FW000016012; FW000016345; FW000016387; FW000016584; FW000016663; FW000016968; FW000017169; FW000017249; FW000017299; FW000017458; FW000017598; FW000017608; FW000017726; FW000017802; FW000018002; FW000018858; FW000019638; FW000019829; FW000020389; FW000020433; FW000020631; FW000020725; FW000020857; FW000021192; FW000021388; FW000021809; FW000022077; FW000022393; FW000022431; FW000022824; FW000023027; FW000023154; FW000023159; FW000023296; FW000024044; FW000024158; FW000024381; FW000024414; FW000024753; FW000025329; FW000025943; FW000026071; FW000026283; FW000026857; FW000027512; FW000028214; FW000028727; FW000028841; FW000029077; FW000029145; FW000029201; FW000029651; FW000029809; FW000029853; FW000029966; FW000011021; FW000023592; FW000003929; FW000024411; FW000013242; FW000014562; FW000012446,Firewall,60,0.85,100.0,SINGLE_SOURCE_ONLY
SEQ-USR-2109,Unknown,USER,GENERAL_ACTIVITY_SEQUENCE,2026-08-19 00:24:18+00:00,2026-08-19 01:23:41+00:00,3563,26,FW000015667; FW000013837; FW000003504; FW000028041; FW000001368; FW000018029; FW000018006; FW000009284; FW000016047; FW000016476; FW000016870; FW000019932; FW000014088; FW000020681; FW000003633; FW000013880; FW000005314; FW000004492; FW000009580; FW000018110; FW000004821; FW000016912; FW000000840; FW000023566; FW000004444; FW000027274,Firewall,60,0.85,100.0,SINGLE_SOURCE_ONLY
SEQ-USR-2110,Unknown,USER,GENERAL_ACTIVITY_SEQUENCE,2026-08-19 01:25:42+00:00,2026-08-19 02:22:17+00:00,3395,23,FW000028511; FW000010281; FW000028890; FW000011368; FW000025933; FW000025954; FW000015467; FW000016639; FW000023174; FW000007860; FW000016513; FW000020277; FW000014750; FW000020076; FW000008581; FW000001408; FW000029346; FW000018093; FW000011007; FW000010565; FW000007797; FW000005970; FW000009657,Firewall,60,0.85,100.0,SINGLE_SOURCE_ONLY
SEQ-USR-2111,Unknown,USER,GENERAL_ACTIVITY_SEQUENCE,2026-08-19 02:28:03+00:00,2026-08-19 03:27:52+00:00,3589,18,FW000029731; FW000029589; FW000025670; FW000015654; FW000025140; FW000029066; FW000020131; FW000017890; FW000010751; FW000029330; FW000014721; FW000024965; FW000012276; FW000017557; FW000029972; FW000021377; FW000026555; FW000025305,Firewall,60,0.85,100.0,SINGLE_SOURCE_ONLY
SEQ-USR-2112,Unknown,USER,GENERAL_ACTIVITY_SEQUENCE,2026-08-19 03:54:45+00:00,2026-08-19 04:50:00+00:00,3315,15,FW000015516; FW000014361; FW000019241; FW000020648; FW000014476; FW000014790; FW000027491; FW000006260; FW000011204; FW000007327; FW000029815; FW000026654; FW000008545; FW000008740; FW000005910,Firewall,60,0.85,100.0,SINGLE_SOURCE_ONLY
SEQ-USR-2113,Unknown,USER,GENERAL_ACTIVITY_SEQUENCE,2026-08-19 04:56:49+00:00,2026-08-19 05:49:02+00:00,3133,23,FW000021280; FW000027702; FW000011255; FW000027185; FW000002762; FW000026082; FW000005138; FW000013432; FW000016832; FW000001266; FW000001427; FW000008767; FW000001990; FW000025977; FW000022842; FW000026368; FW000000944; FW000017691; FW000003443; FW000017483; FW000025126; FW000001355; FW000000511,Firewall,60,0.85,100.0,SINGLE_SOURCE_ONLY
SEQ-USR-2114,Unknown,USER,GENERAL_ACTIVITY_SEQUENCE,2026-08-19 06:02:17+00:00,2026-08-19 06:57:00+00:00,3283,15,FW000010169; FW000020255; FW000025184; FW000004415; FW000014573; FW000022322; FW000014700; FW000018592; FW000011979; FW000013671; FW000007246; FW000029395; FW000001919; FW000021748; FW000016503,Firewall,60,0.85,100.0,SINGLE_SOURCE_ONLY
SEQ-USR-2115,Unknown,USER,GENERAL_ACTIVITY_SEQUENCE,2026-08-19 07:07:00+00:00,2026-08-19 08:07:00+00:00,3600,18,FW000008548; FW000007968; FW000026808; FW000024588; FW000002895; FW000020982; FW000016688; FW000008323; FW000000657; FW000015261; FW000022886; FW000014223; FW000006564; FW000004606; FW000011498; FW000013848; FW000014651; FW000025628,Firewall,60,0.85,100.0,SINGLE_SOURCE_ONLY
SEQ-USR-2116,Unknown,USER,GENERAL_ACTIVITY_SEQUENCE,2026-08-19 08:07:35+00:00,2026-08-19 09:00:00+00:00,3145,13,FW000023258; FW000001948; FW000025651; FW000029769; FW000011495; FW000029564; FW000025924; FW000019066; FW000013423; FW000012466; FW000026276; FW000019242; FW000021786,Firewall,60,0.85,100.0,SINGLE_SOURCE_ONLY
SEQ-USR-2117,Unknown,USER,GENERAL_ACTIVITY_SEQUENCE,2026-08-19 09:10:45+00:00,2026-08-19 09:58:33+00:00,2868,19,FW000006169; FW000000426; FW000005930; FW000006901; FW000001814; FW000000313; FW000005906; FW000021459; FW000023262; FW000007556; FW000011202; FW000021871; FW000020902; FW000028844; FW000008978; FW000009837; FW000027373; FW000027551; FW000020988,Firewall,60,0.85,100.0,SINGLE_SOURCE_ONLY
SEQ-USR-2118,Unknown,USER,GENERAL_ACTIVITY_SEQUENCE,2026-08-19 10:17:00+00:00,2026-08-19 11:16:00+00:00,3540,23,FW000005220; FW000024767; FW000017237; FW000002164; FW000025917; FW000021450; FW000018500; FW000001494; FW000027477; FW000012221; FW000010327; FW000021592; FW000023523; FW000021770; FW000025718; FW000015797; FW000014546; FW000016488; FW000005794; FW000024500; FW000007311; FW000027919; FW000029808,Firewall,60,0.85,100.0,SINGLE_SOURCE_ONLY
SEQ-USR-2119,Unknown,USER,GENERAL_ACTIVITY_SEQUENCE,2026-08-19 11:18:00+00:00,2026-08-19 12:10:35+00:00,3155,18,FW000018452; FW000006675; FW000003489; FW000005397; FW000015106; FW000016577; FW000002199; FW000007902; FW000000999; FW000020888; FW000027898; FW000027444; FW000025110; FW000016258; FW000001513; FW000026938; FW000013738; FW000004539,Firewall,60,0.85,100.0,SINGLE_SOURCE_ONLY
SEQ-USR-2120,Unknown,USER,GENERAL_ACTIVITY_SEQUENCE,2026-08-19 12:19:22+00:00,2026-08-19 13:13:00+00:00,3218,16,FW000025262; FW000019379; FW000002226; FW000005939; FW000019562; FW000015808; FW000008006; FW000005957; FW000020842; FW000020343; FW000022333; FW000003008; FW000016174; FW000005157; FW000008207; FW000026196,Firewall,60,0.85,100.0,SINGLE_SOURCE_ONLY
SEQ-USR-2121,Unknown,USER,GENERAL_ACTIVITY_SEQUENCE,2026-08-19 13:19:43+00:00,2026-08-19 14:17:37+00:00,3474,24,FW000007551; FW000008276; FW000016090; FW000011067; FW000014213; FW000009447; FW000016913; FW000011389; FW000023927; FW000029109; FW000028601; FW000002826; FW000004527; FW000005995; FW000013143; FW000028932; FW000003862; FW000021637; FW000009072; FW000017201; FW000009933; FW000029398; FW000005039; FW000013015,Firewall,60,0.85,100.0,SINGLE_SOURCE_ONLY
SEQ-USR-2122,Unknown,USER,GENERAL_ACTIVITY_SEQUENCE,2026-08-19 14:23:00+00:00,2026-08-19 15:18:52+00:00,3352,16,FW000023598; FW000016493; FW000028326; FW000014542; FW000001086; FW000013185; FW000021022; FW000013469; FW000017195; FW000004153; FW000023562; FW000005632; FW000024557; FW000008086; FW000019750; FW000011782,Firewall,60,0.85,100.0,SINGLE_SOURCE_ONLY
SEQ-USR-2123,Unknown,USER,GENERAL_ACTIVITY_SEQUENCE,2026-08-19 15:24:00+00:00,2026-08-19 16:21:09+00:00,3429,21,FW000026587; FW000013007; FW000017124; FW000020345; FW000002156; FW000016194; FW000012612; FW000015614; FW000003934; FW000011774; FW000000661; FW000015082; FW000011180; FW000012775; FW000017545; FW000029751; FW000025542; FW000008247; FW000024440; FW000009813; FW000006090,Firewall,60,0.85,100.0,SINGLE_SOURCE_ONLY
SEQ-USR-2124,Unknown,USER,GENERAL_ACTIVITY_SEQUENCE,2026-08-19 16:25:57+00:00,2026-08-19 17:25:14+00:00,3557,17,FW000021261; FW000019511; FW000008670; FW000005055; FW000011791; FW000024497; FW000017039; FW000019618; FW000017321; FW000012300; FW000025336; FW000005153; FW000028747; FW000017049; FW000009078; FW000026515; FW000016789,Firewall,60,0.85,100.0,SINGLE_SOURCE_ONLY
SEQ-USR-2125,Unknown,USER,GENERAL_ACTIVITY_SEQUENCE,2026-08-19 17:31:28+00:00,2026-08-19 18:31:00+00:00,3572,29,FW000011276; FW000014235; FW000014898; FW000007790; FW000000761; FW000024357; FW000002253; FW000003142; FW000016951; FW000000743; FW000014326; FW000024237; FW000007813; FW000019306; FW000010733; FW000027000; FW000012018; FW000008885; FW000029801; FW000006144; FW000026735; FW000022138; FW000005119; FW000007960; FW000023028; FW000001075; FW000027017; FW000022027; FW000024819,Firewall,60,0.85,100.0,SINGLE_SOURCE_ONLY
SEQ-USR-2126,Unknown,USER,GENERAL_ACTIVITY_SEQUENCE,2026-08-19 18:37:38+00:00,2026-08-19 19:29:52+00:00,3134,15,FW000001912; FW000017625; FW000020461; FW000005650; FW000007494; FW000013856; FW000016017; FW000010054; FW000014297; FW000002486; FW000016764; FW000012672; FW000004487; FW000009920; FW000021665,Firewall,60,0.85,100.0,SINGLE_SOURCE_ONLY
SEQ-USR-2127,Unknown,USER,GENERAL_ACTIVITY_SEQUENCE,2026-08-19 19:38:47+00:00,2026-08-19 20:38:33+00:00,3586,24,FW000022096; FW000026820; FW000009928; FW000023804; FW000023921; FW000028416; FW000023968; FW000006379; FW000028316; FW000001840; FW000009310; FW000013048; FW000022286; FW000012873; FW000018162; FW000021478; FW000011624; FW000002086; FW000021788; FW000023817; FW000012957; FW000002220; FW000017746; FW000022269,Firewall,60,0.85,100.0,SINGLE_SOURCE_ONLY
SEQ-USR-2128,Unknown,USER,GENERAL_ACTIVITY_SEQUENCE,2026-08-19 20:44:54+00:00,2026-08-19 21:43:51+00:00,3537,26,FW000004258; FW000021886; FW000012400; FW000005024; FW000014509; FW000009122; FW000022479; FW000009801; FW000029041; FW000024797; FW000011543; FW000016002; FW000003437; FW000011626; FW000021826; FW000018701; FW000011023; FW000000106; FW000013285; FW000005748; FW000018245; FW000011828; FW000000342; FW000002997; FW000011571; FW000014148,Firewall,60,0.85,100.0,SINGLE_SOURCE_ONLY
SEQ-USR-2129,Unknown,USER,GENERAL_ACTIVITY_SEQUENCE,2026-08-19 21:48:26+00:00,2026-08-19 22:47:00+00:00,3514,17,FW000027430; FW000025323; FW000005086; FW000003922; FW000022678; FW000029835; FW000013863; FW000020539; FW000005453; FW000028284; FW000012832; FW000008669; FW000007277; FW000018262; FW000011136; FW000020582; FW000027383,Firewall,60,0.85,100.0,SINGLE_SOURCE_ONLY
SEQ-USR-2130,Unknown,USER,GENERAL_ACTIVITY_SEQUENCE,2026-08-19 22:50:26+00:00,2026-08-19 23:46:08+00:00,3342,26,FW000026866; FW000025522; FW000006863; FW000007296; FW000001127; FW000029473; FW000021949; FW000026821; FW000009576; FW000009892; FW000008421; FW000008472; FW000018536; FW000021930; FW000021080; FW000026644; FW000012614; FW000023773; FW000000427; FW000027295; FW000009944; FW000023140; FW000006084; FW000001528; FW000000907; FW000027244,Firewall,60,0.85,100.0,SINGLE_SOURCE_ONLY
SEQ-USR-2131,Unknown,USER,GENERAL_ACTIVITY_SEQUENCE,2026-08-19 23:50:44+00:00,2026-08-20 00:46:07+00:00,3323,117,FW000019688; FW000025344; FW000006613; FW000024946; FW000002745; FW000000014; FW000000510; FW000000150; FW000000676; FW000000992; FW000001020; FW000001395; FW000001460; FW000001727; FW000002244; FW000002436; FW000002778; FW000002974; FW000003169; FW000003586; FW000004425; FW000005035; FW000005286; FW000005931; FW000006435; FW000006491; FW000006503; FW000006614; FW000006725; FW000007130; FW000007271; FW000007953; FW000008215; FW000008357; FW000008533; FW000008693; FW000008721; FW000008798; FW000009048; FW000009147; FW000009483; FW000009847; FW000010105; FW000010358; FW000010827; FW000010899; FW000010989; FW000011447; FW000011924; FW000012041; FW000012062; FW000012080; FW000012164; FW000012345; FW000012907; FW000013149; FW000013156; FW000013182; FW000013930; FW000013958; FW000014255; FW000014290; FW000015977; FW000016060; FW000016606; FW000017081; FW000017543; FW000017562; FW000017578; FW000018534; FW000019056; FW000019627; FW000020307; FW000020849; FW000021429; FW000021439; FW000021449; FW000021872; FW000022864; FW000023128; FW000023344; FW000023480; FW000024115; FW000024227; FW000024547; FW000024599; FW000024764; FW000025047; FW000025314; FW000025951; FW000026198; FW000026372; FW000026814; FW000026946; FW000027375; FW000027408; FW000027498; FW000027866; FW000027906; FW000028060; FW000028315; FW000028687; FW000029506; FW000029537; FW000029783; FW000009871; FW000010737; FW000019652; FW000013571; FW000007351; FW000014780; FW000007908; FW000004087; FW000014089; FW000026092; FW000000857; FW000029823,Firewall,60,0.85,100.0,SINGLE_SOURCE_ONLY
SEQ-USR-2132,Unknown,USER,GENERAL_ACTIVITY_SEQUENCE,2026-08-20 00:51:01+00:00,2026-08-20 01:50:39+00:00,3578,26,FW000024379; FW000023741; FW000002841; FW000012615; FW000017855; FW000028886; FW000018074; FW000025254; FW000002819; FW000016041; FW000009775; FW000004328; FW000010086; FW000019074; FW000018859; FW000029455; FW000020570; FW000002329; FW000019174; FW000000444; FW000010095; FW000000092; FW000007446; FW000017971; FW000002146; FW000015837,Firewall,60,0.85,100.0,SINGLE_SOURCE_ONLY
SEQ-USR-2133,Unknown,USER,GENERAL_ACTIVITY_SEQUENCE,2026-08-20 01:57:01+00:00,2026-08-20 02:42:05+00:00,2704,10,FW000021617; FW000004437; FW000005790; FW000016263; FW000003979; FW000000509; FW000019314; FW000021264; FW000009940; FW000016380,Firewall,60,0.85,100.0,SINGLE_SOURCE_ONLY
SEQ-USR-2134,Unknown,USER,GENERAL_ACTIVITY_SEQUENCE,2026-08-20 03:02:19+00:00,2026-08-20 04:01:13+00:00,3534,16,FW000020941; FW000004847; FW000003411; FW000026187; FW000017289; FW000023067; FW000020524; FW000003553; FW000001590; FW000022465; FW000002382; FW000021674; FW000026571; FW000023468; FW000027018; FW000003853,Firewall,60,0.85,100.0,SINGLE_SOURCE_ONLY
SEQ-USR-2135,Unknown,USER,GENERAL_ACTIVITY_SEQUENCE,2026-08-20 04:06:54+00:00,2026-08-20 05:06:47+00:00,3593,24,FW000004077; FW000019391; FW000024570; FW000014433; FW000015460; FW000020658; FW000023422; FW000024954; FW000029793; FW000029343; FW000008204; FW000020714; FW000011288; FW000000089; FW000012046; FW000004791; FW000006418; FW000013877; FW000024354; FW000012047; FW000007203; FW000025836; FW000004660; FW000014159,Firewall,60,0.85,100.0,SINGLE_SOURCE_ONLY
SEQ-USR-2136,Unknown,USER,GENERAL_ACTIVITY_SEQUENCE,2026-08-20 05:06:57+00:00,2026-08-20 06:00:13+00:00,3196,17,FW000006175; FW000011203; FW000029795; FW000021254; FW000011964; FW000015975; FW000015552; FW000016800; FW000024422; FW000014172; FW000018648; FW000005133; FW000026427; FW000024839; FW000014829; FW000010954; FW000003531,Firewall,60,0.85,100.0,SINGLE_SOURCE_ONLY
SEQ-USR-2137,Unknown,USER,GENERAL_ACTIVITY_SEQUENCE,2026-08-20 06:12:00+00:00,2026-08-20 07:11:49+00:00,3589,21,FW000000391; FW000000886; FW000020242; FW000005659; FW000005183; FW000016220; FW000006936; FW000027320; FW000028822; FW000014928; FW000013736; FW000017122; FW000028901; FW000025841; FW000000210; FW000021440; FW000022180; FW000013208; FW000014975; FW000018508; FW000010317,Firewall,60,0.85,100.0,SINGLE_SOURCE_ONLY
SEQ-USR-2138,Unknown,USER,GENERAL_ACTIVITY_SEQUENCE,2026-08-20 07:12:52+00:00,2026-08-20 08:11:38+00:00,3526,16,FW000000911; FW000008601; FW000020612; FW000023905; FW000021284; FW000008854; FW000027747; FW000019600; FW000028801; FW000020103; FW000010926; FW000019950; FW000025515; FW000027582; FW000021707; FW000006904,Firewall,60,0.85,100.0,SINGLE_SOURCE_ONLY
SEQ-USR-2139,Unknown,USER,GENERAL_ACTIVITY_SEQUENCE,2026-08-20 08:16:26+00:00,2026-08-20 09:14:00+00:00,3454,36,FW000015899; FW000029464; FW000016681; FW000002488; FW000000323; FW000008635; FW000001519; FW000009896; FW000013079; FW000029496; FW000019371; FW000021132; FW000010550; FW000012723; FW000001866; FW000023330; FW000018437; FW000005228; FW000028454; FW000006699; FW000029683; FW000001706; FW000009070; FW000022581; FW000000484; FW000010166; FW000026819; FW000016569; FW000022500; FW000008165; FW000012023; FW000008732; FW000029811; FW000021626; FW000009281; FW000005896,Firewall,60,0.85,100.0,SINGLE_SOURCE_ONLY
SEQ-USR-2140,Unknown,USER,GENERAL_ACTIVITY_SEQUENCE,2026-08-20 09:19:08+00:00,2026-08-20 10:16:48+00:00,3460,29,FW000024679; FW000011472; FW000006428; FW000025400; FW000029948; FW000019779; FW000003386; FW000016496; FW000004607; FW000018904; FW000028465; FW000001295; FW000007537; FW000015791; FW000024124; FW000015292; FW000005099; FW000010125; FW000003515; FW000004190; FW000025901; FW000013508; FW000000535; FW000004281; FW000029403; FW000024897; FW000015023; FW000001422; FW000012306,Firewall,60,0.85,100.0,SINGLE_SOURCE_ONLY
SEQ-USR-2141,Unknown,USER,GENERAL_ACTIVITY_SEQUENCE,2026-08-20 10:22:20+00:00,2026-08-20 11:18:49+00:00,3389,25,FW000020176; FW000028182; FW000013246; FW000026033; FW000021863; FW000024786; FW000009297; FW000022497; FW000018519; FW000012688; FW000025944; FW000004577; FW000021125; FW000011981; FW000012055; FW000021189; FW000008709; FW000027321; FW000019342; FW000021160; FW000014338; FW000021067; FW000016823; FW000007876; FW000021049,Firewall,60,0.85,100.0,SINGLE_SOURCE_ONLY
SEQ-USR-2142,Unknown,USER,GENERAL_ACTIVITY_SEQUENCE,2026-08-20 11:27:00+00:00,2026-08-20 12:20:06+00:00,3186,22,FW000020315; FW000021287; FW000009022; FW000006410; FW000004832; FW000009787; FW000015142; FW000015491; FW000020377; FW000007410; FW000017541; FW000012738; FW000021905; FW000026230; FW000024900; FW000024793; FW000000518; FW000011082; FW000023704; FW000000449; FW000002234; FW000020805,Firewall,60,0.85,100.0,SINGLE_SOURCE_ONLY
SEQ-USR-2143,Unknown,USER,GENERAL_ACTIVITY_SEQUENCE,2026-08-20 12:30:05+00:00,2026-08-20 13:26:00+00:00,3355,17,FW000007928; FW000013043; FW000003500; FW000006776; FW000004567; FW000019487; FW000001080; FW000001437; FW000008309; FW000021242; FW000013609; FW000013239; FW000017975; FW000004351; FW000024808; FW000013857; FW000015632,Firewall,60,0.85,100.0,SINGLE_SOURCE_ONLY
SEQ-USR-2144,Unknown,USER,GENERAL_ACTIVITY_SEQUENCE,2026-08-20 13:31:02+00:00,2026-08-20 14:31:00+00:00,3598,29,FW000002478; FW000000025; FW000018663; FW000028342; FW000029826; FW000027576; FW000018865; FW000029111; FW000008195; FW000024698; FW000000813; FW000022216; FW000006067; FW000013625; FW000028881; FW000005541; FW000011632; FW000018439; FW000018430; FW000010986; FW000005928; FW000006636; FW000011878; FW000011064; FW000017290; FW000011830; FW000020352; FW000002659; FW000029796,Firewall,60,0.85,100.0,SINGLE_SOURCE_ONLY
SEQ-USR-2145,Unknown,USER,GENERAL_ACTIVITY_SEQUENCE,2026-08-20 14:35:11+00:00,2026-08-20 15:35:07+00:00,3596,19,FW000001152; FW000006166; FW000020534; FW000008591; FW000019601; FW000004671; FW000007033; FW000004043; FW000005635; FW000015164; FW000009006; FW000015854; FW000008008; FW000007763; FW000006020; FW000001909; FW000006289; FW000019304; FW000016423,Firewall,60,0.85,100.0,SINGLE_SOURCE_ONLY
SEQ-USR-2146,Unknown,USER,GENERAL_ACTIVITY_SEQUENCE,2026-08-20 15:36:33+00:00,2026-08-20 16:36:00+00:00,3567,26,FW000021066; FW000005105; FW000010428; FW000025318; FW000016704; FW000003452; FW000024315; FW000018714; FW000010675; FW000003895; FW000018356; FW000028949; FW000009675; FW000018274; FW000018578; FW000022057; FW000021087; FW000004712; FW000015601; FW000025700; FW000014313; FW000000053; FW000007162; FW000011661; FW000027171; FW000009058,Firewall,60,0.85,100.0,SINGLE_SOURCE_ONLY
SEQ-USR-2147,Unknown,USER,GENERAL_ACTIVITY_SEQUENCE,2026-08-20 16:39:00+00:00,2026-08-20 17:37:48+00:00,3528,22,FW000015062; FW000003689; FW000027657; FW000008996; FW000024899; FW000014876; FW000002356; FW000001741; FW000014515; FW000021416; FW000021126; FW000007880; FW000029134; FW000014227; FW000009344; FW000001646; FW000023844; FW000001895; FW000027771; FW000026662; FW000025248; FW000024738,Firewall,60,0.85,100.0,SINGLE_SOURCE_ONLY
SEQ-USR-2148,Unknown,USER,GENERAL_ACTIVITY_SEQUENCE,2026-08-20 17:51:43+00:00,2026-08-20 18:51:37+00:00,3594,23,FW000003756; FW000015924; FW000010168; FW000007309; FW000009583; FW000018023; FW000017215; FW000013691; FW000022105; FW000019558; FW000015312; FW000020613; FW000011451; FW000021666; FW000028593; FW000019354; FW000004445; FW000018407; FW000019856; FW000022553; FW000021382; FW000019886; FW000020600,Firewall,60,0.85,100.0,SINGLE_SOURCE_ONLY
SEQ-USR-2149,Unknown,USER,GENERAL_ACTIVITY_SEQUENCE,2026-08-20 18:56:00+00:00,2026-08-20 19:52:19+00:00,3379,19,FW000029772; FW000027910; FW000009842; FW000028050; FW000028656; FW000022147; FW000029764; FW000013502; FW000018738; FW000026967; FW000013310; FW000022047; FW000005809; FW000015207; FW000010337; FW000006024; FW000027822; FW000023359; FW000023969,Firewall,60,0.85,100.0,SINGLE_SOURCE_ONLY
SEQ-USR-2150,Unknown,USER,GENERAL_ACTIVITY_SEQUENCE,2026-08-20 19:57:48+00:00,2026-08-20 20:57:25+00:00,3577,20,FW000002629; FW000011391; FW000013045; FW000000035; FW000025060; FW000029969; FW000027029; FW000023217; FW000007293; FW000027425; FW000009494; FW000013984; FW000028168; FW000029176; FW000007596; FW000014011; FW000021918; FW000003485; FW000020090; FW000006708,Firewall,60,0.85,100.0,SINGLE_SOURCE_ONLY
SEQ-USR-2151,Unknown,USER,GENERAL_ACTIVITY_SEQUENCE,2026-08-20 21:00:30+00:00,2026-08-20 21:56:00+00:00,3330,20,FW000023687; FW000015988; FW000018192; FW000026103; FW000024565; FW000020615; FW000004284; FW000028114; FW000026040; FW000013576; FW000001113; FW000019396; FW000022092; FW000024229; FW000023068; FW000023065; FW000021267; FW000023710; FW000006576; FW000000002,Firewall,60,0.85,100.0,SINGLE_SOURCE_ONLY
SEQ-USR-2152,Unknown,USER,GENERAL_ACTIVITY_SEQUENCE,2026-08-20 22:06:00+00:00,2026-08-20 22:59:00+00:00,3180,18,FW000012998; FW000009860; FW000019501; FW000008045; FW000017481; FW000024189; FW000008844; FW000016778; FW000007320; FW000019217; FW000007346; FW000006238; FW000000077; FW000017362; FW000019139; FW000003990; FW000010951; FW000024778,Firewall,60,0.85,100.0,SINGLE_SOURCE_ONLY
SEQ-USR-2153,Unknown,USER,GENERAL_ACTIVITY_SEQUENCE,2026-08-20 23:08:14+00:00,2026-08-21 00:00:00+00:00,3106,152,FW000015690; FW000018005; FW000010806; FW000026671; FW000023857; FW000008590; FW000026333; FW000002289; FW000025822; FW000013207; FW000014490; FW000027993; FW000023915; FW000000075; FW000024462; FW000007964; FW000020962; FW000001201; FW000001809; FW000017372; FW000000054; FW000000163; FW000000292; FW000000436; FW000000477; FW000000593; FW000000682; FW000001082; FW000001547; FW000001565; FW000001638; FW000001773; FW000002357; FW000002428; FW000003189; FW000003219; FW000003375; FW000003513; FW000003563; FW000003583; FW000003592; FW000003969; FW000004366; FW000004401; FW000004707; FW000004811; FW000004818; FW000005000; FW000005371; FW000005400; FW000005411; FW000005643; FW000005695; FW000005891; FW000006135; FW000006626; FW000006976; FW000007148; FW000007451; FW000007457; FW000007463; FW000007750; FW000008267; FW000009053; FW000009265; FW000009476; FW000010020; FW000010720; FW000010924; FW000010937; FW000011162; FW000011292; FW000011604; FW000011645; FW000011656; FW000011675; FW000011973; FW000012095; FW000012121; FW000012310; FW000013056; FW000013272; FW000013366; FW000013437; FW000013464; FW000013647; FW000013742; FW000013751; FW000013904; FW000014030; FW000014794; FW000015175; FW000015917; FW000016544; FW000016777; FW000017151; FW000017188; FW000017411; FW000017900; FW000018404; FW000018443; FW000018454; FW000018521; FW000018831; FW000018972; FW000018983; FW000019172; FW000019200; FW000019344; FW000019591; FW000019714; FW000020516; FW000020715; FW000020829; FW000021075; FW000021114; FW000021143; FW000021153; FW000021648; FW000021716; FW000021756; FW000021891; FW000022237; FW000022476; FW000022861; FW000022993; FW000023036; FW000023066; FW000023404; FW000023863; FW000023970; FW000024594; FW000024656; FW000024893; FW000025313; FW000025803; FW000025814; FW000025941; FW000026154; FW000026188; FW000026726; FW000026792; FW000027031; FW000027039; FW000027595; FW000027662; FW000028150; FW000028478; FW000028797; FW000029020; FW000029570; FW000029699,Firewall,60,0.85,100.0,SINGLE_SOURCE_ONLY
SEQ-USR-2154,Unknown,USER,GENERAL_ACTIVITY_SEQUENCE,2026-08-21 00:15:31+00:00,2026-08-21 01:15:09+00:00,3578,24,FW000020710; FW000027869; FW000026014; FW000015234; FW000024822; FW000023257; FW000018142; FW000011542; FW000001123; FW000027288; FW000010123; FW000025958; FW000024345; FW000028993; FW000029994; FW000029541; FW000014032; FW000006033; FW000005605; FW000015089; FW000016635; FW000009691; FW000010634; FW000020569,Firewall,60,0.85,100.0,SINGLE_SOURCE_ONLY
SEQ-USR-2155,Unknown,USER,GENERAL_ACTIVITY_SEQUENCE,2026-08-21 01:15:34+00:00,2026-08-21 02:09:43+00:00,3249,21,FW000017519; FW000020339; FW000009947; FW000016055; FW000027009; FW000019595; FW000023087; FW000023384; FW000025055; FW000009795; FW000007801; FW000008509; FW000025826; FW000011788; FW000004278; FW000014450; FW000018431; FW000009759; FW000001361; FW000017367; FW000015346,Firewall,60,0.85,100.0,SINGLE_SOURCE_ONLY
SEQ-USR-2156,Unknown,USER,GENERAL_ACTIVITY_SEQUENCE,2026-08-21 02:16:28+00:00,2026-08-21 03:11:06+00:00,3278,16,FW000028620; FW000008579; FW000029294; FW000021443; FW000002278; FW000000781; FW000015830; FW000006707; FW000008756; FW000020652; FW000016676; FW000000596; FW000011509; FW000011886; FW000006507; FW000028230,Firewall,60,0.85,100.0,SINGLE_SOURCE_ONLY
SEQ-USR-2157,Unknown,USER,GENERAL_ACTIVITY_SEQUENCE,2026-08-21 03:17:01+00:00,2026-08-21 04:05:00+00:00,2879,14,FW000029339; FW000028536; FW000017016; FW000008573; FW000000800; FW000020604; FW000002281; FW000009824; FW000000626; FW000006235; FW000022294; FW000027304; FW000016320; FW000026835,Firewall,60,0.85,100.0,SINGLE_SOURCE_ONLY
SEQ-USR-2158,Unknown,USER,GENERAL_ACTIVITY_SEQUENCE,2026-08-21 04:18:06+00:00,2026-08-21 05:15:00+00:00,3414,28,FW000008341; FW000014872; FW000018954; FW000019120; FW000005993; FW000019053; FW000004913; FW000026344; FW000026391; FW000012537; FW000020470; FW000009207; FW000026827; FW000014378; FW000011707; FW000029402; FW000028301; FW000026633; FW000003267; FW000027330; FW000008238; FW000009804; FW000017573; FW000005094; FW000016613; FW000000896; FW000006757; FW000009247,Firewall,60,0.85,100.0,SINGLE_SOURCE_ONLY
SEQ-USR-2159,Unknown,USER,GENERAL_ACTIVITY_SEQUENCE,2026-08-21 05:21:48+00:00,2026-08-21 06:20:15+00:00,3507,25,FW000012768; FW000026477; FW000022402; FW000017636; FW000028760; FW000026573; FW000020860; FW000023080; FW000005308; FW000010156; FW000016566; FW000005868; FW000004687; FW000008229; FW000002620; FW000003766; FW000008019; FW000016779; FW000000574; FW000021430; FW000028912; FW000024518; FW000005376; FW000025730; FW000015251,Firewall,60,0.85,100.0,SINGLE_SOURCE_ONLY
SEQ-USR-2160,Unknown,USER,GENERAL_ACTIVITY_SEQUENCE,2026-08-21 06:23:27+00:00,2026-08-21 07:17:34+00:00,3247,19,FW000024558; FW000010832; FW000016434; FW000022920; FW000009992; FW000005722; FW000001639; FW000007224; FW000002222; FW000015446; FW000015406; FW000015756; FW000006264; FW000016624; FW000006300; FW000024123; FW000005968; FW000016942; FW000001384,Firewall,60,0.85,100.0,SINGLE_SOURCE_ONLY
SEQ-USR-2161,Unknown,USER,GENERAL_ACTIVITY_SEQUENCE,2026-08-21 07:25:12+00:00,2026-08-21 08:25:00+00:00,3588,17,FW000017998; FW000007887; FW000004723; FW000025145; FW000001632; FW000004635; FW000001170; FW000020220; FW000023637; FW000012927; FW000013096; FW000005107; FW000002956; FW000024880; FW000003685; FW000011340; FW000029825,Firewall,60,0.85,100.0,SINGLE_SOURCE_ONLY
SEQ-USR-2162,Unknown,USER,GENERAL_ACTIVITY_SEQUENCE,2026-08-21 08:33:54+00:00,2026-08-21 09:19:37+00:00,2743,12,FW000017682; FW000026707; FW000021017; FW000010121; FW000019946; FW000020691; FW000027855; FW000025540; FW000009792; FW000024285; FW000025397; FW000010042,Firewall,60,0.85,100.0,SINGLE_SOURCE_ONLY
SEQ-USR-2163,Unknown,USER,GENERAL_ACTIVITY_SEQUENCE,2026-08-21 09:36:14+00:00,2026-08-21 10:35:00+00:00,3526,19,FW000021791; FW000029151; FW000014609; FW000016137; FW000010187; FW000011350; FW000008463; FW000021599; FW000019425; FW000003339; FW000004927; FW000005321; FW000006979; FW000020636; FW000020917; FW000009169; FW000025970; FW000022827; FW000026035,Firewall,60,0.85,100.0,SINGLE_SOURCE_ONLY
SEQ-USR-2164,Unknown,USER,GENERAL_ACTIVITY_SEQUENCE,2026-08-21 10:39:00+00:00,2026-08-21 11:36:24+00:00,3444,20,FW000023622; FW000009041; FW000019179; FW000004863; FW000019536; FW000008319; FW000024065; FW000006423; FW000026991; FW000018839; FW000019015; FW000002682; FW000014947; FW000003497; FW000017463; FW000029170; FW000007191; FW000009889; FW000010227; FW000022175,Firewall,60,0.85,100.0,SINGLE_SOURCE_ONLY
SEQ-USR-2165,Unknown,USER,GENERAL_ACTIVITY_SEQUENCE,2026-08-21 11:39:42+00:00,2026-08-21 12:39:00+00:00,3558,20,FW000017979; FW000002363; FW000007206; FW000028354; FW000000570; FW000019583; FW000022375; FW000028252; FW000021814; FW000006252; FW000006110; FW000029984; FW000008419; FW000019913; FW000016590; FW000027687; FW000010041; FW000029224; FW000011414; FW000024662,Firewall,60,0.85,100.0,SINGLE_SOURCE_ONLY
SEQ-USR-2166,Unknown,USER,GENERAL_ACTIVITY_SEQUENCE,2026-08-21 12:40:24+00:00,2026-08-21 13:40:14+00:00,3590,25,FW000025703; FW000025573; FW000001848; FW000006833; FW000017622; FW000025105; FW000018207; FW000005505; FW000026756; FW000026264; FW000002379; FW000026189; FW000027755; FW000002806; FW000010162; FW000014051; FW000024326; FW000004656; FW000021088; FW000019071; FW000000935; FW000028042; FW000011487; FW000004742; FW000012328,Firewall,60,0.85,100.0,SINGLE_SOURCE_ONLY
SEQ-USR-2167,Unknown,USER,GENERAL_ACTIVITY_SEQUENCE,2026-08-21 13:42:22+00:00,2026-08-21 14:34:48+00:00,3146,29,FW000001046; FW000025165; FW000026828; FW000028770; FW000000176; FW000027996; FW000005625; FW000020577; FW000021773; FW000027229; FW000016082; FW000026505; FW000012519; FW000002953; FW000028104; FW000000949; FW000006297; FW000029494; FW000023813; FW000002763; FW000024690; FW000005853; FW000016856; FW000000665; FW000000540; FW000011176; FW000021367; FW000014140; FW000025558,Firewall,60,0.85,100.0,SINGLE_SOURCE_ONLY
SEQ-USR-2168,Unknown,USER,GENERAL_ACTIVITY_SEQUENCE,2026-08-21 14:46:16+00:00,2026-08-21 15:26:00+00:00,2384,20,FW000001334; FW000017469; FW000022611; FW000008884; FW000008400; FW000003132; FW000006128; FW000005621; FW000027083; FW000004467; FW000002210; FW000015828; FW000000760; FW000027913; FW000028407; FW000011993; FW000005446; FW000016328; FW000025620; FW000003625,Firewall,60,0.85,100.0,SINGLE_SOURCE_ONLY
SEQ-USR-2169,Unknown,USER,GENERAL_ACTIVITY_SEQUENCE,2026-08-21 15:46:17+00:00,2026-08-21 16:45:52+00:00,3575,25,FW000022346; FW000024545; FW000013309; FW000002194; FW000018416; FW000019301; FW000023494; FW000008064; FW000007982; FW000014044; FW000014653; FW000027749; FW000001826; FW000018603; FW000013964; FW000012106; FW000014968; FW000017244; FW000000352; FW000029059; FW000005711; FW000020362; FW000010977; FW000003780; FW000014886,Firewall,60,0.85,100.0,SINGLE_SOURCE_ONLY
SEQ-USR-2170,Unknown,USER,GENERAL_ACTIVITY_SEQUENCE,2026-08-21 16:50:44+00:00,2026-08-21 17:50:06+00:00,3562,20,FW000002421; FW000008897; FW000012450; FW000012367; FW000024233; FW000029968; FW000021682; FW000024774; FW000016421; FW000024785; FW000000811; FW000023977; FW000006130; FW000013329; FW000005706; FW000007656; FW000025506; FW000013804; FW000008715; FW000027800,Firewall,60,0.85,100.0,SINGLE_SOURCE_ONLY
SEQ-USR-2171,Unknown,USER,GENERAL_ACTIVITY_SEQUENCE,2026-08-21 17:51:15+00:00,2026-08-21 18:51:07+00:00,3592,15,FW000006443; FW000010414; FW000006822; FW000002569; FW000010648; FW000028083; FW000012176; FW000016296; FW000007177; FW000023405; FW000023288; FW000025853; FW000029781; FW000008971; FW000023044,Firewall,60,0.85,100.0,SINGLE_SOURCE_ONLY
SEQ-USR-2172,Unknown,USER,GENERAL_ACTIVITY_SEQUENCE,2026-08-21 18:52:00+00:00,2026-08-21 19:46:41+00:00,3281,16,FW000013247; FW000008333; FW000029045; FW000022665; FW000011934; FW000027558; FW000005084; FW000026655; FW000021511; FW000017326; FW000011233; FW000007631; FW000022530; FW000023466; FW000005667; FW000006718,Firewall,60,0.85,100.0,SINGLE_SOURCE_ONLY
SEQ-USR-2173,Unknown,USER,GENERAL_ACTIVITY_SEQUENCE,2026-08-21 19:58:42+00:00,2026-08-21 20:54:31+00:00,3349,23,FW000015399; FW000001333; FW000021717; FW000020807; FW000017637; FW000007475; FW000027234; FW000022169; FW000028691; FW000005358; FW000026023; FW000026175; FW000021263; FW000022976; FW000011068; FW000002510; FW000025497; FW000013013; FW000021579; FW000015405; FW000002661; FW000003650; FW000014786,Firewall,60,0.85,100.0,SINGLE_SOURCE_ONLY
SEQ-USR-2174,Unknown,USER,GENERAL_ACTIVITY_SEQUENCE,2026-08-21 20:59:22+00:00,2026-08-21 21:59:00+00:00,3578,17,FW000024630; FW000026085; FW000022258; FW000026854; FW000015098; FW000024416; FW000024979; FW000010752; FW000001351; FW000016626; FW000012416; FW000029275; FW000025845; FW000022296; FW000021507; FW000028765; FW000021571,Firewall,60,0.85,100.0,SINGLE_SOURCE_ONLY
SEQ-USR-2175,Unknown,USER,GENERAL_ACTIVITY_SEQUENCE,2026-08-21 22:02:00+00:00,2026-08-21 22:56:21+00:00,3261,16,FW000022424; FW000020757; FW000007864; FW000018266; FW000010527; FW000029039; FW000001401; FW000002886; FW000011596; FW000009756; FW000017116; FW000013455; FW000029881; FW000029657; FW000014594; FW000014315,Firewall,60,0.85,100.0,SINGLE_SOURCE_ONLY
SEQ-USR-2176,Unknown,USER,GENERAL_ACTIVITY_SEQUENCE,2026-08-21 23:03:29+00:00,2026-08-22 00:00:00+00:00,3391,175,FW000021827; FW000021274; FW000008081; FW000005367; FW000017974; FW000018155; FW000024273; FW000023534; FW000022733; FW000010340; FW000023124; FW000001608; FW000001783; FW000021570; FW000017350; FW000009173; FW000014452; FW000014488; FW000015073; FW000006031; FW000010543; FW000008475; FW000018342; FW000020938; FW000025992; FW000018617; FW000015768; FW000001403; FW000001707; FW000001770; FW000001898; FW000001965; FW000002184; FW000002415; FW000002495; FW000002597; FW000002753; FW000003016; FW000003019; FW000003209; FW000003296; FW000003839; FW000003939; FW000004051; FW000004084; FW000004356; FW000004485; FW000004650; FW000004849; FW000005121; FW000005265; FW000005596; FW000005638; FW000005639; FW000005831; FW000005954; FW000006198; FW000006361; FW000006509; FW000007316; FW000007462; FW000007706; FW000007890; FW000008031; FW000008092; FW000008200; FW000008275; FW000008881; FW000008988; FW000009033; FW000009726; FW000009802; FW000009809; FW000010300; FW000010578; FW000010838; FW000010971; FW000011132; FW000011316; FW000011890; FW000011956; FW000012127; FW000012180; FW000012378; FW000012456; FW000012627; FW000012737; FW000012966; FW000012986; FW000013046; FW000013442; FW000013589; FW000013637; FW000013808; FW000013976; FW000013990; FW000014052; FW000014380; FW000014531; FW000014540; FW000014578; FW000014589; FW000014696; FW000014890; FW000015500; FW000015611; FW000015932; FW000015966; FW000016085; FW000016187; FW000016319; FW000016595; FW000016709; FW000016807; FW000016853; FW000017053; FW000018509; FW000018672; FW000018677; FW000018780; FW000018834; FW000019026; FW000019052; FW000019142; FW000019323; FW000019543; FW000019553; FW000019686; FW000019771; FW000019791; FW000020041; FW000020137; FW000020187; FW000020207; FW000020210; FW000020279; FW000020567; FW000020576; FW000020797; FW000020856; FW000021211; FW000021885; FW000022149; FW000022483; FW000022617; FW000022641; FW000023110; FW000023328; FW000023689; FW000023745; FW000024117; FW000024173; FW000025589; FW000025720; FW000025998; FW000026038; FW000026834; FW000027350; FW000027493; FW000027637; FW000027854; FW000027930; FW000027941; FW000028286; FW000028335; FW000028370; FW000028803; FW000028827; FW000028860; FW000029207; FW000029511; FW000029614; FW000029789; FW000029829; FW000029883,Firewall,60,0.85,100.0,SINGLE_SOURCE_ONLY
SEQ-USR-2177,Unknown,USER,GENERAL_ACTIVITY_SEQUENCE,2026-08-22 00:06:30+00:00,2026-08-22 01:06:29+00:00,3599,21,FW000005127; FW000004903; FW000009364; FW000025357; FW000028867; FW000007171; FW000014120; FW000007863; FW000018118; FW000023819; FW000027002; FW000001929; FW000007308; FW000012557; FW000021510; FW000005997; FW000003075; FW000017171; FW000016362; FW000004999; FW000022448,Firewall,60,0.85,100.0,SINGLE_SOURCE_ONLY
SEQ-USR-2178,Unknown,USER,GENERAL_ACTIVITY_SEQUENCE,2026-08-22 01:06:44+00:00,2026-08-22 02:05:04+00:00,3500,27,FW000020501; FW000021068; FW000014632; FW000002217; FW000001194; FW000022539; FW000002211; FW000004887; FW000014648; FW000025011; FW000007107; FW000011807; FW000007909; FW000020101; FW000005437; FW000013807; FW000018550; FW000015814; FW000018209; FW000014986; FW000024385; FW000003998; FW000029939; FW000007201; FW000010680; FW000007944; FW000005319,Firewall,60,0.85,100.0,SINGLE_SOURCE_ONLY
SEQ-USR-2179,Unknown,USER,GENERAL_ACTIVITY_SEQUENCE,2026-08-22 02:07:00+00:00,2026-08-22 03:07:00+00:00,3600,17,FW000004765; FW000015200; FW000016114; FW000012871; FW000022377; FW000010889; FW000015004; FW000002926; FW000021089; FW000007784; FW000004869; FW000006649; FW000012473; FW000018959; FW000000190; FW000021878; FW000005840,Firewall,60,0.85,100.0,SINGLE_SOURCE_ONLY
SEQ-USR-2180,Unknown,USER,GENERAL_ACTIVITY_SEQUENCE,2026-08-22 03:07:52+00:00,2026-08-22 04:05:29+00:00,3457,21,FW000002238; FW000024139; FW000002268; FW000012920; FW000001566; FW000027708; FW000014511; FW000025927; FW000002775; FW000002353; FW000022206; FW000016701; FW000000006; FW000024250; FW000022540; FW000017816; FW000013845; FW000014658; FW000023897; FW000022066; FW000016181,Firewall,60,0.85,100.0,SINGLE_SOURCE_ONLY
SEQ-USR-2181,Unknown,USER,GENERAL_ACTIVITY_SEQUENCE,2026-08-22 04:10:22+00:00,2026-08-22 05:07:57+00:00,3455,19,FW000011201; FW000024480; FW000002600; FW000027767; FW000006081; FW000027872; FW000020505; FW000006492; FW000021943; FW000012299; FW000004305; FW000002833; FW000005504; FW000009441; FW000015616; FW000028780; FW000020594; FW000019510; FW000024362,Firewall,60,0.85,100.0,SINGLE_SOURCE_ONLY
SEQ-USR-2182,Unknown,USER,GENERAL_ACTIVITY_SEQUENCE,2026-08-22 05:11:56+00:00,2026-08-22 06:11:00+00:00,3544,15,FW000011852; FW000008118; FW000016341; FW000001498; FW000003693; FW000014128; FW000028668; FW000024080; FW000019549; FW000020998; FW000002201; FW000029406; FW000027699; FW000023320; FW000024611,Firewall,60,0.85,100.0,SINGLE_SOURCE_ONLY
SEQ-USR-2183,Unknown,USER,GENERAL_ACTIVITY_SEQUENCE,2026-08-22 06:14:00+00:00,2026-08-22 07:12:54+00:00,3534,19,FW000003981; FW000023851; FW000011314; FW000008486; FW000008845; FW000002699; FW000003069; FW000011035; FW000000500; FW000019810; FW000001430; FW000023256; FW000025512; FW000010419; FW000009805; FW000022378; FW000015290; FW000016531; FW000018905,Firewall,60,0.85,100.0,SINGLE_SOURCE_ONLY
SEQ-USR-2184,Unknown,USER,GENERAL_ACTIVITY_SEQUENCE,2026-08-22 07:15:25+00:00,2026-08-22 08:03:37+00:00,2892,14,FW000029558; FW000018811; FW000007607; FW000001532; FW000005580; FW000001439; FW000014697; FW000013170; FW000023216; FW000003803; FW000017889; FW000013082; FW000004240; FW000014622,Firewall,60,0.85,100.0,SINGLE_SOURCE_ONLY
SEQ-USR-2185,Unknown,USER,GENERAL_ACTIVITY_SEQUENCE,2026-08-22 08:17:11+00:00,2026-08-22 09:06:25+00:00,2954,11,FW000017432; FW000003536; FW000004234; FW000021538; FW000026518; FW000015009; FW000021952; FW000011615; FW000025567; FW000014610; FW000007352,Firewall,60,0.85,100.0,SINGLE_SOURCE_ONLY
SEQ-USR-2186,Unknown,USER,GENERAL_ACTIVITY_SEQUENCE,2026-08-22 09:17:30+00:00,2026-08-22 10:15:00+00:00,3450,15,FW000029477; FW000010335; FW000026890; FW000006849; FW000019044; FW000002643; FW000009130; FW000007742; FW000020215; FW000010268; FW000027053; FW000013658; FW000001900; FW000014084; FW000016461,Firewall,60,0.85,100.0,SINGLE_SOURCE_ONLY
SEQ-USR-2187,Unknown,USER,GENERAL_ACTIVITY_SEQUENCE,2026-08-22 10:18:02+00:00,2026-08-22 11:18:00+00:00,3598,19,FW000026993; FW000016724; FW000002798; FW000013785; FW000002616; FW000021122; FW000022832; FW000010460; FW000018433; FW000005729; FW000017154; FW000029191; FW000005918; FW000014007; FW000021611; FW000003273; FW000011594; FW000010572; FW000013374,Firewall,60,0.85,100.0,SINGLE_SOURCE_ONLY
SEQ-USR-2188,Unknown,USER,GENERAL_ACTIVITY_SEQUENCE,2026-08-22 11:18:59+00:00,2026-08-22 12:16:02+00:00,3423,22,FW000010476; FW000005592; FW000027946; FW000003285; FW000020288; FW000007061; FW000009325; FW000019223; FW000015518; FW000013303; FW000029019; FW000003793; FW000021128; FW000024705; FW000013512; FW000003952; FW000020057; FW000016798; FW000025979; FW000019622; FW000015538; FW000018019,Firewall,60,0.85,100.0,SINGLE_SOURCE_ONLY
SEQ-USR-2189,Unknown,USER,GENERAL_ACTIVITY_SEQUENCE,2026-08-22 12:25:00+00:00,2026-08-22 13:20:15+00:00,3315,13,FW000001417; FW000009959; FW000020412; FW000007608; FW000010552; FW000009745; FW000024093; FW000008473; FW000011488; FW000021079; FW000000442; FW000003187; FW000025939,Firewall,60,0.85,100.0,SINGLE_SOURCE_ONLY
SEQ-USR-2190,Unknown,USER,GENERAL_ACTIVITY_SEQUENCE,2026-08-22 13:28:41+00:00,2026-08-22 14:27:00+00:00,3499,18,FW000011530; FW000009934; FW000003007; FW000012200; FW000000460; FW000014383; FW000012402; FW000012126; FW000029136; FW000003498; FW000025017; FW000024643; FW000009749; FW000001875; FW000013430; FW000007707; FW000005264; FW000001654,Firewall,60,0.85,100.0,SINGLE_SOURCE_ONLY
SEQ-USR-2191,Unknown,USER,GENERAL_ACTIVITY_SEQUENCE,2026-08-22 14:34:00+00:00,2026-08-22 15:29:27+00:00,3327,18,FW000028848; FW000022732; FW000009379; FW000013164; FW000000482; FW000012923; FW000028032; FW000028056; FW000008632; FW000013632; FW000015298; FW000029963; FW000018622; FW000024047; FW000013993; FW000018438; FW000008259; FW000002614,Firewall,60,0.85,100.0,SINGLE_SOURCE_ONLY
SEQ-USR-2192,Unknown,USER,GENERAL_ACTIVITY_SEQUENCE,2026-08-22 15:34:32+00:00,2026-08-22 16:28:04+00:00,3212,26,FW000012242; FW000016622; FW000024653; FW000004015; FW000029832; FW000004783; FW000016109; FW000022605; FW000000124; FW000022526; FW000023519; FW000008765; FW000014967; FW000017539; FW000015099; FW000009003; FW000018033; FW000001983; FW000026793; FW000023860; FW000018482; FW000023855; FW000000880; FW000010484; FW000003732; FW000023525,Firewall,60,0.85,100.0,SINGLE_SOURCE_ONLY
SEQ-USR-2193,Unknown,USER,GENERAL_ACTIVITY_SEQUENCE,2026-08-22 16:37:00+00:00,2026-08-22 17:37:00+00:00,3600,25,FW000025978; FW000002534; FW000002749; FW000015255; FW000019415; FW000024949; FW000013715; FW000029232; FW000012178; FW000001882; FW000021462; FW000025023; FW000009385; FW000017285; FW000010454; FW000025687; FW000020054; FW000018271; FW000006025; FW000005589; FW000010701; FW000011991; FW000026256; FW000015288; FW000026605,Firewall,60,0.85,100.0,SINGLE_SOURCE_ONLY
SEQ-USR-2194,Unknown,USER,GENERAL_ACTIVITY_SEQUENCE,2026-08-22 17:39:51+00:00,2026-08-22 18:37:57+00:00,3486,28,FW000010656; FW000013920; FW000013991; FW000000491; FW000009587; FW000027644; FW000013662; FW000021398; FW000012939; FW000020124; FW000009649; FW000014769; FW000024811; FW000010741; FW000002842; FW000022734; FW000011238; FW000004056; FW000023726; FW000027184; FW000010705; FW000009431; FW000026696; FW000017981; FW000009613; FW000021995; FW000028522; FW000001835,Firewall,60,0.85,100.0,SINGLE_SOURCE_ONLY
SEQ-USR-2195,Unknown,USER,GENERAL_ACTIVITY_SEQUENCE,2026-08-22 18:42:33+00:00,2026-08-22 19:40:55+00:00,3502,22,FW000026862; FW000004513; FW000025568; FW000010470; FW000002264; FW000011669; FW000002085; FW000026541; FW000014535; FW000013653; FW000020130; FW000010324; FW000013000; FW000025916; FW000027530; FW000012292; FW000007324; FW000021689; FW000004846; FW000028876; FW000008128; FW000025380,Firewall,60,0.85,100.0,SINGLE_SOURCE_ONLY
SEQ-USR-2196,Unknown,USER,GENERAL_ACTIVITY_SEQUENCE,2026-08-22 19:48:54+00:00,2026-08-22 20:48:05+00:00,3551,21,FW000029085; FW000011436; FW000023309; FW000016087; FW000008061; FW000021602; FW000018906; FW000004992; FW000023526; FW000010301; FW000029052; FW000009674; FW000014321; FW000014739; FW000016539; FW000016835; FW000001722; FW000029362; FW000007993; FW000014370; FW000000968,Firewall,60,0.85,100.0,SINGLE_SOURCE_ONLY
SEQ-USR-2197,Unknown,USER,GENERAL_ACTIVITY_SEQUENCE,2026-08-22 20:49:20+00:00,2026-08-22 21:49:15+00:00,3595,22,FW000029284; FW000027719; FW000015264; FW000025686; FW000010135; FW000021332; FW000020068; FW000007639; FW000012666; FW000026863; FW000008376; FW000023850; FW000012079; FW000000530; FW000028783; FW000004150; FW000017754; FW000017130; FW000017603; FW000005109; FW000000581; FW000024337,Firewall,60,0.85,100.0,SINGLE_SOURCE_ONLY
SEQ-USR-2198,Unknown,USER,GENERAL_ACTIVITY_SEQUENCE,2026-08-22 22:03:00+00:00,2026-08-22 23:02:24+00:00,3564,18,FW000022470; FW000004972; FW000007381; FW000007199; FW000011047; FW000022683; FW000014629; FW000006261; FW000003376; FW000027135; FW000019097; FW000009036; FW000013523; FW000021370; FW000013319; FW000017217; FW000018285; FW000017534,Firewall,60,0.85,100.0,SINGLE_SOURCE_ONLY
SEQ-USR-2199,Unknown,USER,GENERAL_ACTIVITY_SEQUENCE,2026-08-22 23:10:52+00:00,2026-08-23 00:04:36+00:00,3224,138,FW000009465; FW000015494; FW000007305; FW000020316; FW000007000; FW000003559; FW000001413; FW000012702; FW000022924; FW000008910; FW000019250; FW000023172; FW000012710; FW000020861; FW000009526; FW000000777; FW000001038; FW000001098; FW000001641; FW000002285; FW000002550; FW000002852; FW000002951; FW000003802; FW000004078; FW000004313; FW000004320; FW000004355; FW000005212; FW000005444; FW000005738; FW000005762; FW000005801; FW000006001; FW000006075; FW000006329; FW000006744; FW000006829; FW000007006; FW000007038; FW000007437; FW000007533; FW000007560; FW000007603; FW000007720; FW000008624; FW000008686; FW000008815; FW000009141; FW000009324; FW000009798; FW000010362; FW000010424; FW000010441; FW000010727; FW000011361; FW000011470; FW000011572; FW000012487; FW000012553; FW000012648; FW000012822; FW000012833; FW000013098; FW000013191; FW000013480; FW000013919; FW000014718; FW000014906; FW000015192; FW000015605; FW000015857; FW000016281; FW000016700; FW000016739; FW000016757; FW000016924; FW000016989; FW000017738; FW000018061; FW000018227; FW000018384; FW000018555; FW000018993; FW000019703; FW000019734; FW000019741; FW000019754; FW000019807; FW000019836; FW000020360; FW000020875; FW000021019; FW000021044; FW000021142; FW000021413; FW000021490; FW000021541; FW000021782; FW000022034; FW000022418; FW000022560; FW000022597; FW000022610; FW000022672; FW000022722; FW000022787; FW000023127; FW000023414; FW000024059; FW000024278; FW000024383; FW000024567; FW000024683; FW000025012; FW000025022; FW000025037; FW000025172; FW000025598; FW000025784; FW000026501; FW000026910; FW000026947; FW000027183; FW000027586; FW000027940; FW000028177; FW000028870; FW000028929; FW000029146; FW000029458; FW000029512; FW000029761; FW000029797; FW000029831; FW000029950; FW000002380; FW000025277,Firewall,60,0.85,100.0,SINGLE_SOURCE_ONLY
SEQ-USR-2200,Unknown,USER,GENERAL_ACTIVITY_SEQUENCE,2026-08-23 00:11:23+00:00,2026-08-23 01:07:41+00:00,3378,20,FW000019002; FW000007526; FW000013179; FW000024049; FW000017834; FW000016302; FW000025032; FW000000745; FW000000606; FW000024266; FW000020964; FW000003025; FW000016374; FW000007349; FW000006112; FW000011927; FW000002522; FW000018137; FW000015598; FW000028704,Firewall,60,0.85,100.0,SINGLE_SOURCE_ONLY
SEQ-USR-2201,Unknown,USER,GENERAL_ACTIVITY_SEQUENCE,2026-08-23 01:12:36+00:00,2026-08-23 02:10:55+00:00,3499,13,FW000021733; FW000003995; FW000010945; FW000012022; FW000013854; FW000029123; FW000004477; FW000013639; FW000021165; FW000016455; FW000015201; FW000011059; FW000003312,Firewall,60,0.85,100.0,SINGLE_SOURCE_ONLY
SEQ-USR-2202,Unknown,USER,GENERAL_ACTIVITY_SEQUENCE,2026-08-23 02:13:27+00:00,2026-08-23 03:13:07+00:00,3580,22,FW000011011; FW000000453; FW000024165; FW000000817; FW000003582; FW000022253; FW000005044; FW000018642; FW000018543; FW000011554; FW000008025; FW000007215; FW000023443; FW000006229; FW000005819; FW000026376; FW000013791; FW000026773; FW000024836; FW000016071; FW000002099; FW000017034,Firewall,60,0.85,100.0,SINGLE_SOURCE_ONLY
SEQ-USR-2203,Unknown,USER,GENERAL_ACTIVITY_SEQUENCE,2026-08-23 03:20:09+00:00,2026-08-23 04:19:58+00:00,3589,17,FW000020172; FW000010183; FW000000228; FW000010179; FW000027886; FW000025029; FW000011138; FW000024000; FW000016213; FW000015835; FW000024805; FW000010404; FW000013089; FW000014506; FW000005177; FW000023022; FW000002465,Firewall,60,0.85,100.0,SINGLE_SOURCE_ONLY
SEQ-USR-2204,Unknown,USER,GENERAL_ACTIVITY_SEQUENCE,2026-08-23 04:22:00+00:00,2026-08-23 05:13:10+00:00,3070,24,FW000029239; FW000008543; FW000010495; FW000019671; FW000022586; FW000016036; FW000023243; FW000020752; FW000009879; FW000006114; FW000028123; FW000024334; FW000025946; FW000011169; FW000022091; FW000006072; FW000009285; FW000007040; FW000012030; FW000012205; FW000014343; FW000028575; FW000015193; FW000007759,Firewall,60,0.85,100.0,SINGLE_SOURCE_ONLY
SEQ-USR-2205,Unknown,USER,GENERAL_ACTIVITY_SEQUENCE,2026-08-23 05:38:55+00:00,2026-08-23 06:37:53+00:00,3538,21,FW000027880; FW000021154; FW000019287; FW000012796; FW000025426; FW000019748; FW000017842; FW000020225; FW000021676; FW000027612; FW000001362; FW000020146; FW000002823; FW000006794; FW000004545; FW000010909; FW000015834; FW000004173; FW000017010; FW000023867; FW000002489,Firewall,60,0.85,100.0,SINGLE_SOURCE_ONLY
SEQ-USR-2206,Unknown,USER,GENERAL_ACTIVITY_SEQUENCE,2026-08-23 06:45:36+00:00,2026-08-23 07:45:00+00:00,3564,20,FW000020437; FW000023053; FW000012806; FW000020775; FW000015309; FW000022700; FW000007427; FW000025031; FW000006667; FW000015537; FW000010023; FW000003960; FW000017203; FW000017677; FW000009117; FW000001855; FW000023291; FW000023567; FW000001812; FW000006860,Firewall,60,0.85,100.0,SINGLE_SOURCE_ONLY
SEQ-USR-2207,Unknown,USER,GENERAL_ACTIVITY_SEQUENCE,2026-08-23 07:46:01+00:00,2026-08-23 08:43:00+00:00,3419,11,FW000026177; FW000023711; FW000022081; FW000002040; FW000003426; FW000007761; FW000015885; FW000018009; FW000018286; FW000003071; FW000019112,Firewall,60,0.85,100.0,SINGLE_SOURCE_ONLY
SEQ-USR-2208,Unknown,USER,GENERAL_ACTIVITY_SEQUENCE,2026-08-23 08:48:00+00:00,2026-08-23 09:44:00+00:00,3360,20,FW000019364; FW000023797; FW000022671; FW000011916; FW000004016; FW000022324; FW000025579; FW000008023; FW000002591; FW000022095; FW000006094; FW000014142; FW000025632; FW000007074; FW000028191; FW000027116; FW000017223; FW000028739; FW000015418; FW000006737,Firewall,60,0.85,100.0,SINGLE_SOURCE_ONLY
SEQ-USR-2209,Unknown,USER,GENERAL_ACTIVITY_SEQUENCE,2026-08-23 09:51:12+00:00,2026-08-23 10:46:12+00:00,3300,15,FW000025986; FW000025163; FW000005626; FW000024649; FW000013147; FW000008667; FW000015972; FW000005173; FW000025453; FW000025430; FW000010702; FW000012161; FW000020961; FW000017020; FW000023779,Firewall,60,0.85,100.0,SINGLE_SOURCE_ONLY
SEQ-USR-2210,Unknown,USER,GENERAL_ACTIVITY_SEQUENCE,2026-08-23 10:55:00+00:00,2026-08-23 11:52:44+00:00,3464,29,FW000025987; FW000001111; FW000011658; FW000004755; FW000009201; FW000002839; FW000001463; FW000026281; FW000019821; FW000001503; FW000002177; FW000024464; FW000010444; FW000008077; FW000004642; FW000026176; FW000000821; FW000005521; FW000009715; FW000000293; FW000010267; FW000023624; FW000004633; FW000023148; FW000006670; FW000019003; FW000027950; FW000013962; FW000029417,Firewall,60,0.85,100.0,SINGLE_SOURCE_ONLY
SEQ-USR-2211,Unknown,USER,GENERAL_ACTIVITY_SEQUENCE,2026-08-23 11:55:44+00:00,2026-08-23 12:55:00+00:00,3556,22,FW000015315; FW000012210; FW000029859; FW000013767; FW000024323; FW000017113; FW000013086; FW000006269; FW000000506; FW000000809; FW000024083; FW000017960; FW000010677; FW000005245; FW000010408; FW000017782; FW000011589; FW000016245; FW000017966; FW000014199; FW000003428; FW000001936,Firewall,60,0.85,100.0,SINGLE_SOURCE_ONLY
SEQ-USR-2212,Unknown,USER,GENERAL_ACTIVITY_SEQUENCE,2026-08-23 12:57:07+00:00,2026-08-23 13:56:11+00:00,3544,19,FW000013484; FW000024392; FW000024021; FW000028937; FW000011014; FW000019880; FW000008742; FW000026812; FW000014100; FW000018914; FW000024281; FW000019826; FW000016752; FW000024952; FW000020873; FW000015619; FW000005674; FW000028523; FW000005066,Firewall,60,0.85,100.0,SINGLE_SOURCE_ONLY
SEQ-USR-2213,Unknown,USER,GENERAL_ACTIVITY_SEQUENCE,2026-08-23 14:03:44+00:00,2026-08-23 15:02:43+00:00,3539,16,FW000007042; FW000000553; FW000002453; FW000020584; FW000028305; FW000004343; FW000003818; FW000027937; FW000023681; FW000005755; FW000023048; FW000018020; FW000029668; FW000013363; FW000015733; FW000018629,Firewall,60,0.85,100.0,SINGLE_SOURCE_ONLY
SEQ-USR-2214,Unknown,USER,GENERAL_ACTIVITY_SEQUENCE,2026-08-23 15:07:00+00:00,2026-08-23 16:06:00+00:00,3540,15,FW000007321; FW000014279; FW000028333; FW000011077; FW000028530; FW000000327; FW000018146; FW000018036; FW000008701; FW000025601; FW000005500; FW000013148; FW000022386; FW000025530; FW000023322,Firewall,60,0.85,100.0,SINGLE_SOURCE_ONLY
SEQ-USR-2215,Unknown,USER,GENERAL_ACTIVITY_SEQUENCE,2026-08-23 16:10:18+00:00,2026-08-23 17:07:00+00:00,3402,21,FW000028557; FW000022862; FW000002438; FW000009831; FW000008937; FW000026952; FW000007861; FW000012168; FW000014225; FW000015845; FW000010999; FW000001217; FW000003438; FW000027984; FW000015566; FW000000878; FW000001360; FW000023007; FW000007237; FW000004930; FW000017784,Firewall,60,0.85,100.0,SINGLE_SOURCE_ONLY
SEQ-USR-2216,Unknown,USER,GENERAL_ACTIVITY_SEQUENCE,2026-08-23 17:16:48+00:00,2026-08-23 18:16:46+00:00,3598,14,FW000015743; FW000024645; FW000015887; FW000022336; FW000025872; FW000023449; FW000021297; FW000007824; FW000013704; FW000001416; FW000026354; FW000024930; FW000025097; FW000012496,Firewall,60,0.85,100.0,SINGLE_SOURCE_ONLY
SEQ-USR-2217,Unknown,USER,GENERAL_ACTIVITY_SEQUENCE,2026-08-23 18:21:45+00:00,2026-08-23 19:19:28+00:00,3463,32,FW000004332; FW000021759; FW000027107; FW000017270; FW000000107; FW000024001; FW000014962; FW000011524; FW000009877; FW000016843; FW000018417; FW000025793; FW000024019; FW000011329; FW000024246; FW000001792; FW000024086; FW000017924; FW000000736; FW000006800; FW000014222; FW000008492; FW000020607; FW000029678; FW000010365; FW000025355; FW000009617; FW000010002; FW000016290; FW000027206; FW000026243; FW000007970,Firewall,60,0.85,100.0,SINGLE_SOURCE_ONLY
SEQ-USR-2218,Unknown,USER,GENERAL_ACTIVITY_SEQUENCE,2026-08-23 19:22:00+00:00,2026-08-23 20:21:10+00:00,3550,25,FW000025083; FW000022477; FW000019782; FW000022673; FW000015913; FW000023988; FW000023348; FW000027513; FW000013475; FW000013509; FW000013724; FW000025199; FW000005971; FW000029508; FW000012533; FW000028317; FW000009882; FW000008426; FW000011902; FW000012341; FW000023094; FW000024106; FW000001258; FW000028748; FW000007168,Firewall,60,0.85,100.0,SINGLE_SOURCE_ONLY
SEQ-USR-2219,Unknown,USER,GENERAL_ACTIVITY_SEQUENCE,2026-08-23 20:25:20+00:00,2026-08-23 21:18:23+00:00,3183,19,FW000012762; FW000011682; FW000016389; FW000017284; FW000006712; FW000003151; FW000011491; FW000021407; FW000020566; FW000026775; FW000019383; FW000015794; FW000014810; FW000013259; FW000017058; FW000020332; FW000004989; FW000011181; FW000012156,Firewall,60,0.85,100.0,SINGLE_SOURCE_ONLY
SEQ-USR-2220,Unknown,USER,GENERAL_ACTIVITY_SEQUENCE,2026-08-23 21:27:08+00:00,2026-08-23 22:16:24+00:00,2956,19,FW000009401; FW000013511; FW000017939; FW000003681; FW000005232; FW000011171; FW000013418; FW000005459; FW000023666; FW000005679; FW000001023; FW000024454; FW000029309; FW000016306; FW000021281; FW000015179; FW000010204; FW000026328; FW000017590,Firewall,60,0.85,100.0,SINGLE_SOURCE_ONLY
SEQ-USR-2221,Unknown,USER,GENERAL_ACTIVITY_SEQUENCE,2026-08-23 22:29:46+00:00,2026-08-23 23:24:23+00:00,3277,22,FW000000463; FW000005676; FW000015946; FW000029247; FW000020907; FW000002237; FW000012017; FW000002928; FW000021533; FW000027352; FW000004427; FW000020113; FW000017272; FW000010280; FW000028574; FW000018180; FW000001858; FW000003836; FW000028127; FW000024282; FW000027378; FW000006709,Firewall,60,0.85,100.0,SINGLE_SOURCE_ONLY
SEQ-USR-2222,Unknown,USER,GENERAL_ACTIVITY_SEQUENCE,2026-08-23 23:35:31+00:00,2026-08-24 00:34:46+00:00,3555,146,FW000009323; FW000006453; FW000025665; FW000012322; FW000025704; FW000017681; FW000015796; FW000010116; FW000000820; FW000000998; FW000002045; FW000002169; FW000002200; FW000002262; FW000002942; FW000003366; FW000003528; FW000003764; FW000003892; FW000003972; FW000004369; FW000004544; FW000005507; FW000005685; FW000006151; FW000006179; FW000006399; FW000006499; FW000006640; FW000006795; FW000007025; FW000007041; FW000007079; FW000007115; FW000007365; FW000007911; FW000008406; FW000008716; FW000008736; FW000008986; FW000009005; FW000009149; FW000009211; FW000009632; FW000009826; FW000009945; FW000009950; FW000009980; FW000010040; FW000010202; FW000010230; FW000010316; FW000011564; FW000011700; FW000012420; FW000012804; FW000013111; FW000013358; FW000013595; FW000014271; FW000014291; FW000014304; FW000014307; FW000014386; FW000014611; FW000014730; FW000015185; FW000015335; FW000015657; FW000016054; FW000016149; FW000016628; FW000017428; FW000017838; FW000017841; FW000018229; FW000018447; FW000018679; FW000018764; FW000019161; FW000019436; FW000019438; FW000020051; FW000020105; FW000020303; FW000020747; FW000020870; FW000020871; FW000021034; FW000021171; FW000021399; FW000021463; FW000021582; FW000022892; FW000023121; FW000023544; FW000024007; FW000024071; FW000024657; FW000024663; FW000024687; FW000024739; FW000024860; FW000025049; FW000025057; FW000025120; FW000025138; FW000025385; FW000025510; FW000025785; FW000025840; FW000025867; FW000025879; FW000025965; FW000026044; FW000026094; FW000026632; FW000026732; FW000027030; FW000027117; FW000027789; FW000027829; FW000027834; FW000027908; FW000028102; FW000028181; FW000028346; FW000029022; FW000029093; FW000029715; FW000029870; FW000029923; FW000028879; FW000013454; FW000017089; FW000000625; FW000007841; FW000019587; FW000023595; FW000010118; FW000020546; FW000006129; FW000014379; FW000023346; FW000001090; FW000019419,Firewall,60,0.85,100.0,SINGLE_SOURCE_ONLY
SEQ-USR-2223,Unknown,USER,GENERAL_ACTIVITY_SEQUENCE,2026-08-24 00:36:00+00:00,2026-08-24 01:35:51+00:00,3591,21,FW000004143; FW000028940; FW000028299; FW000001897; FW000001807; FW000000226; FW000016670; FW000010071; FW000027196; FW000003490; FW000014018; FW000009239; FW000021576; FW000009196; FW000028652; FW000002407; FW000026173; FW000029536; FW000002601; FW000025571; FW000016227,Firewall,60,0.85,100.0,SINGLE_SOURCE_ONLY
SEQ-USR-2224,Unknown,USER,GENERAL_ACTIVITY_SEQUENCE,2026-08-24 01:44:54+00:00,2026-08-24 02:40:31+00:00,3337,14,FW000013963; FW000001588; FW000006521; FW000014929; FW000027486; FW000017177; FW000019463; FW000017583; FW000020618; FW000022701; FW000009125; FW000012944; FW000000244; FW000029749,Firewall,60,0.85,100.0,SINGLE_SOURCE_ONLY
SEQ-USR-2225,Unknown,USER,GENERAL_ACTIVITY_SEQUENCE,2026-08-24 02:48:31+00:00,2026-08-24 03:47:10+00:00,3519,17,FW000015597; FW000011190; FW000016485; FW000000374; FW000018854; FW000008704; FW000015881; FW000011004; FW000006711; FW000017099; FW000023139; FW000008863; FW000018169; FW000023985; FW000009267; FW000029382; FW000029577,Firewall,60,0.85,100.0,SINGLE_SOURCE_ONLY
SEQ-USR-2226,Unknown,USER,GENERAL_ACTIVITY_SEQUENCE,2026-08-24 03:49:43+00:00,2026-08-24 04:47:00+00:00,3437,24,FW000009479; FW000015659; FW000010884; FW000002850; FW000026083; FW000012220; FW000017027; FW000029592; FW000009917; FW000024629; FW000003721; FW000018035; FW000017670; FW000001652; FW000010047; FW000009808; FW000024607; FW000016893; FW000029774; FW000012163; FW000004557; FW000027607; FW000000927; FW000020686,Firewall,60,0.85,100.0,SINGLE_SOURCE_ONLY
SEQ-USR-2227,Unknown,USER,GENERAL_ACTIVITY_SEQUENCE,2026-08-24 04:51:00+00:00,2026-08-24 05:48:06+00:00,3426,19,FW000021411; FW000028942; FW000006147; FW000006055; FW000016887; FW000018590; FW000002440; FW000004402; FW000021303; FW000005824; FW000012382; FW000027620; FW000029710; FW000026405; FW000008168; FW000013190; FW000003783; FW000027130; FW000010852,Firewall,60,0.85,100.0,SINGLE_SOURCE_ONLY
SEQ-USR-2228,Unknown,USER,GENERAL_ACTIVITY_SEQUENCE,2026-08-24 05:52:02+00:00,2026-08-24 06:44:52+00:00,3170,22,FW000006500; FW000012758; FW000018225; FW000007883; FW000025953; FW000003747; FW000019887; FW000000671; FW000014688; FW000009662; FW000001891; FW000015489; FW000023590; FW000007409; FW000015271; FW000019387; FW000006837; FW000000526; FW000006931; FW000023963; FW000018721; FW000007232,Firewall,60,0.85,100.0,SINGLE_SOURCE_ONLY
SEQ-USR-2229,Unknown,USER,GENERAL_ACTIVITY_SEQUENCE,2026-08-24 06:56:11+00:00,2026-08-24 07:55:04+00:00,3533,21,FW000024869; FW000018845; FW000014461; FW000001352; FW000008891; FW000005481; FW000022475; FW000014816; FW000018239; FW000013313; FW000001031; FW000014434; FW000011070; FW000019917; FW000006083; FW000008942; FW000028500; FW000017843; FW000010393; FW000004940; FW000002837,Firewall,60,0.85,100.0,SINGLE_SOURCE_ONLY
SEQ-USR-2230,Unknown,USER,GENERAL_ACTIVITY_SEQUENCE,2026-08-24 07:59:55+00:00,2026-08-24 08:58:52+00:00,3537,19,FW000001946; FW000009643; FW000003909; FW000022246; FW000013685; FW000018353; FW000019843; FW000020375; FW000013794; FW000019395; FW000007236; FW000022772; FW000029034; FW000029791; FW000017280; FW000016746; FW000024927; FW000001766; FW000008272,Firewall,60,0.85,100.0,SINGLE_SOURCE_ONLY
SEQ-USR-2231,Unknown,USER,GENERAL_ACTIVITY_SEQUENCE,2026-08-24 09:05:07+00:00,2026-08-24 10:03:50+00:00,3523,27,FW000015751; FW000011479; FW000018013; FW000021980; FW000003932; FW000023043; FW000004600; FW000000147; FW000023137; FW000003308; FW000005886; FW000011107; FW000023418; FW000000274; FW000006145; FW000026544; FW000010223; FW000008497; FW000009714; FW000028159; FW000020633; FW000013427; FW000009187; FW000029199; FW000029164; FW000001174; FW000005456,Firewall,60,0.85,100.0,SINGLE_SOURCE_ONLY
SEQ-USR-2232,Unknown,USER,GENERAL_ACTIVITY_SEQUENCE,2026-08-24 10:06:49+00:00,2026-08-24 10:59:53+00:00,3184,19,FW000026474; FW000014608; FW000026926; FW000017885; FW000008853; FW000009747; FW000006172; FW000004719; FW000018597; FW000010982; FW000020885; FW000023816; FW000014579; FW000002589; FW000014247; FW000022371; FW000027688; FW000015629; FW000017710,Firewall,60,0.85,100.0,SINGLE_SOURCE_ONLY
SEQ-USR-2233,Unknown,USER,GENERAL_ACTIVITY_SEQUENCE,2026-08-24 11:09:00+00:00,2026-08-24 12:07:00+00:00,3480,17,FW000022388; FW000019196; FW000017391; FW000029938; FW000023615; FW000008640; FW000000905; FW000014764; FW000021536; FW000003135; FW000002095; FW000016331; FW000027691; FW000009314; FW000011516; FW000005768; FW000021291,Firewall,60,0.85,100.0,SINGLE_SOURCE_ONLY
SEQ-USR-2234,Unknown,USER,GENERAL_ACTIVITY_SEQUENCE,2026-08-24 12:10:59+00:00,2026-08-24 13:09:54+00:00,3535,20,FW000008770; FW000003368; FW000005689; FW000027289; FW000004130; FW000024848; FW000009304; FW000002508; FW000018393; FW000020408; FW000009432; FW000020995; FW000004966; FW000011590; FW000002430; FW000012499; FW000017675; FW000014520; FW000007438; FW000015746,Firewall,60,0.85,100.0,SINGLE_SOURCE_ONLY
SEQ-USR-2235,Unknown,USER,GENERAL_ACTIVITY_SEQUENCE,2026-08-24 13:11:54+00:00,2026-08-24 14:10:43+00:00,3529,27,FW000002891; FW000023502; FW000024709; FW000013839; FW000003529; FW000025782; FW000015981; FW000016781; FW000009964; FW000028185; FW000021513; FW000005406; FW000019347; FW000014110; FW000023573; FW000018331; FW000020205; FW000005841; FW000002128; FW000009368; FW000009642; FW000005342; FW000008383; FW000004814; FW000022404; FW000002449; FW000023304,Firewall,60,0.85,100.0,SINGLE_SOURCE_ONLY
SEQ-USR-2236,Unknown,USER,GENERAL_ACTIVITY_SEQUENCE,2026-08-24 14:21:42+00:00,2026-08-24 15:21:40+00:00,3598,20,FW000023558; FW000014672; FW000001839; FW000002703; FW000011903; FW000025655; FW000011779; FW000005379; FW000026410; FW000017745; FW000005297; FW000026517; FW000027446; FW000014096; FW000011012; FW000006791; FW000008424; FW000014193; FW000028723; FW000018199,Firewall,60,0.85,100.0,SINGLE_SOURCE_ONLY
SEQ-USR-2237,Unknown,USER,GENERAL_ACTIVITY_SEQUENCE,2026-08-24 15:22:22+00:00,2026-08-24 16:20:41+00:00,3499,23,FW000018310; FW000029573; FW000018945; FW000012995; FW000016014; FW000010097; FW000027794; FW000021718; FW000004263; FW000028613; FW000028905; FW000002810; FW000002258; FW000011129; FW000014708; FW000010384; FW000000042; FW000019309; FW000002044; FW000006702; FW000013875; FW000019758; FW000022896,Firewall,60,0.85,100.0,SINGLE_SOURCE_ONLY
SEQ-USR-2238,Unknown,USER,GENERAL_ACTIVITY_SEQUENCE,2026-08-24 16:22:37+00:00,2026-08-24 17:16:35+00:00,3238,15,FW000006258; FW000014714; FW000027360; FW000000618; FW000019865; FW000020923; FW000002676; FW000027249; FW000025390; FW000011811; FW000024241; FW000004517; FW000019613; FW000007805; FW000003762,Firewall,60,0.85,100.0,SINGLE_SOURCE_ONLY
SEQ-USR-2239,Unknown,USER,GENERAL_ACTIVITY_SEQUENCE,2026-08-24 17:25:37+00:00,2026-08-24 18:23:54+00:00,3497,12,FW000000751; FW000014984; FW000020334; FW000029105; FW000029256; FW000009558; FW000017468; FW000020958; FW000024711; FW000015120; FW000003242; FW000027278,Firewall,60,0.85,100.0,SINGLE_SOURCE_ONLY
SEQ-USR-2240,Unknown,USER,GENERAL_ACTIVITY_SEQUENCE,2026-08-24 18:28:08+00:00,2026-08-24 19:26:49+00:00,3521,15,FW000001587; FW000029220; FW000018632; FW000005073; FW000010053; FW000016820; FW000005574; FW000006658; FW000028437; FW000012860; FW000004695; FW000026120; FW000004933; FW000015057; FW000025319,Firewall,60,0.85,100.0,SINGLE_SOURCE_ONLY
SEQ-USR-2241,Unknown,USER,GENERAL_ACTIVITY_SEQUENCE,2026-08-24 19:28:10+00:00,2026-08-24 20:27:09+00:00,3539,22,FW000017938; FW000012463; FW000015631; FW000019813; FW000006930; FW000027210; FW000027170; FW000000071; FW000008401; FW000008158; FW000029081; FW000001496; FW000003448; FW000014845; FW000003882; FW000010262; FW000012315; FW000023415; FW000014133; FW000020036; FW000016168; FW000004187,Firewall,60,0.85,100.0,SINGLE_SOURCE_ONLY
SEQ-USR-2242,Unknown,USER,GENERAL_ACTIVITY_SEQUENCE,2026-08-24 20:29:16+00:00,2026-08-24 21:28:59+00:00,3583,18,FW000024458; FW000006253; FW000001371; FW000008379; FW000023585; FW000001397; FW000014756; FW000003014; FW000013183; FW000025860; FW000016874; FW000029308; FW000010222; FW000000392; FW000004508; FW000025429; FW000019249; FW000017394,Firewall,60,0.85,100.0,SINGLE_SOURCE_ONLY
SEQ-USR-2243,Unknown,USER,GENERAL_ACTIVITY_SEQUENCE,2026-08-24 21:32:06+00:00,2026-08-24 22:32:00+00:00,3594,18,FW000005682; FW000022887; FW000026181; FW000015359; FW000010214; FW000023083; FW000018194; FW000007001; FW000027740; FW000011747; FW000026342; FW000029268; FW000016551; FW000007195; FW000027060; FW000003326; FW000023501; FW000023302,Firewall,60,0.85,100.0,SINGLE_SOURCE_ONLY
SEQ-USR-2244,Unknown,USER,GENERAL_ACTIVITY_SEQUENCE,2026-08-24 22:47:35+00:00,2026-08-24 23:45:00+00:00,3445,21,FW000003160; FW000000652; FW000010567; FW000023782; FW000015862; FW000019602; FW000024849; FW000028134; FW000003207; FW000010969; FW000003738; FW000013448; FW000026185; FW000001449; FW000007343; FW000024180; FW000006389; FW000013187; FW000016349; FW000013428; FW000016147,Firewall,60,0.85,100.0,SINGLE_SOURCE_ONLY
SEQ-USR-2245,Unknown,USER,GENERAL_ACTIVITY_SEQUENCE,2026-08-24 23:53:40+00:00,2026-08-25 00:53:00+00:00,3560,139,FW000003804; FW000016596; FW000022108; FW000020102; FW000013209; FW000028896; FW000000243; FW000001349; FW000001440; FW000001728; FW000001774; FW000001874; FW000002012; FW000002247; FW000002470; FW000002475; FW000002479; FW000002861; FW000003345; FW000003668; FW000003749; FW000003849; FW000004241; FW000004417; FW000004568; FW000004939; FW000005043; FW000005085; FW000005248; FW000006204; FW000006213; FW000006341; FW000006391; FW000006609; FW000006634; FW000007065; FW000007212; FW000007238; FW000007609; FW000007705; FW000008163; FW000008306; FW000008493; FW000008514; FW000008563; FW000008843; FW000009394; FW000009622; FW000009853; FW000010001; FW000010155; FW000010516; FW000010836; FW000010995; FW000011105; FW000011874; FW000012281; FW000012398; FW000012443; FW000012717; FW000012735; FW000013158; FW000013664; FW000013747; FW000013818; FW000013865; FW000013905; FW000014076; FW000014514; FW000014692; FW000015397; FW000015416; FW000015556; FW000015579; FW000015595; FW000016890; FW000017613; FW000018088; FW000018463; FW000018630; FW000018670; FW000018741; FW000018817; FW000019080; FW000019745; FW000020485; FW000020611; FW000020750; FW000020841; FW000020905; FW000021363; FW000021502; FW000021542; FW000021653; FW000021817; FW000021984; FW000022030; FW000022161; FW000022407; FW000022549; FW000022782; FW000023024; FW000023045; FW000023239; FW000023535; FW000023545; FW000023671; FW000024513; FW000024948; FW000025353; FW000025364; FW000025533; FW000025991; FW000026420; FW000026980; FW000027236; FW000027528; FW000028100; FW000028746; FW000029433; FW000029563; FW000029722; FW000029973; FW000012204; FW000008334; FW000019133; FW000022425; FW000027723; FW000003141; FW000023512; FW000029608; FW000017985; FW000007056; FW000009496; FW000006956; FW000000428; FW000028493; FW000010703; FW000029755,Firewall,60,0.85,100.0,SINGLE_SOURCE_ONLY
SEQ-USR-2246,Unknown,USER,GENERAL_ACTIVITY_SEQUENCE,2026-08-25 00:57:29+00:00,2026-08-25 01:56:41+00:00,3552,12,FW000024825; FW000025608; FW000009591; FW000019541; FW000017439; FW000003474; FW000016322; FW000017406; FW000002919; FW000015968; FW000021839; FW000007727,Firewall,60,0.85,100.0,SINGLE_SOURCE_ONLY
SEQ-USR-2247,Unknown,USER,GENERAL_ACTIVITY_SEQUENCE,2026-08-25 01:59:35+00:00,2026-08-25 02:59:00+00:00,3565,21,FW000019546; FW000004564; FW000020431; FW000022458; FW000012303; FW000013881; FW000014054; FW000012994; FW000011352; FW000006676; FW000004911; FW000010871; FW000000874; FW000001574; FW000017153; FW000007856; FW000009326; FW000029252; FW000027063; FW000014536; FW000011247,Firewall,60,0.85,100.0,SINGLE_SOURCE_ONLY
SEQ-USR-2248,Unknown,USER,GENERAL_ACTIVITY_SEQUENCE,2026-08-25 02:59:41+00:00,2026-08-25 03:59:00+00:00,3559,23,FW000009189; FW000025046; FW000001035; FW000024832; FW000001606; FW000023827; FW000000778; FW000026921; FW000029910; FW000006939; FW000004919; FW000025365; FW000007870; FW000008857; FW000021298; FW000008176; FW000011315; FW000029165; FW000016904; FW000012667; FW000009564; FW000016483; FW000006196,Firewall,60,0.85,100.0,SINGLE_SOURCE_ONLY
SEQ-USR-2249,Unknown,USER,GENERAL_ACTIVITY_SEQUENCE,2026-08-25 04:04:39+00:00,2026-08-25 05:00:11+00:00,3332,19,FW000025271; FW000002314; FW000026917; FW000003955; FW000023102; FW000025249; FW000009407; FW000027298; FW000014703; FW000013286; FW000015666; FW000003051; FW000017798; FW000019952; FW000021042; FW000012854; FW000007209; FW000002573; FW000006938,Firewall,60,0.85,100.0,SINGLE_SOURCE_ONLY
SEQ-USR-2250,Unknown,USER,GENERAL_ACTIVITY_SEQUENCE,2026-08-25 05:07:41+00:00,2026-08-25 05:57:00+00:00,2959,20,FW000008454; FW000013478; FW000000233; FW000027131; FW000021505; FW000014580; FW000006568; FW000009562; FW000022372; FW000017296; FW000012019; FW000022467; FW000025260; FW000012790; FW000024890; FW000002988; FW000029509; FW000004892; FW000005537; FW000019418,Firewall,60,0.85,100.0,SINGLE_SOURCE_ONLY
SEQ-USR-2251,Unknown,USER,GENERAL_ACTIVITY_SEQUENCE,2026-08-25 06:11:06+00:00,2026-08-25 07:07:49+00:00,3403,17,FW000025311; FW000019833; FW000021371; FW000021259; FW000021594; FW000021868; FW000029270; FW000012201; FW000028443; FW000005114; FW000008750; FW000019374; FW000028243; FW000012480; FW000004039; FW000017194; FW000005386,Firewall,60,0.85,100.0,SINGLE_SOURCE_ONLY
SEQ-USR-2252,Unknown,USER,GENERAL_ACTIVITY_SEQUENCE,2026-08-25 07:11:11+00:00,2026-08-25 08:10:12+00:00,3541,25,FW000010974; FW000018378; FW000008359; FW000011538; FW000015986; FW000018493; FW000025464; FW000027061; FW000021162; FW000013965; FW000026533; FW000022321; FW000019397; FW000002028; FW000018549; FW000000830; FW000000977; FW000016183; FW000014373; FW000017387; FW000013758; FW000020944; FW000006861; FW000005914; FW000001420,Firewall,60,0.85,100.0,SINGLE_SOURCE_ONLY
SEQ-USR-2253,Unknown,USER,GENERAL_ACTIVITY_SEQUENCE,2026-08-25 08:13:10+00:00,2026-08-25 09:12:00+00:00,3530,25,FW000019975; FW000022252; FW000021534; FW000004963; FW000024171; FW000014820; FW000001711; FW000014978; FW000001030; FW000009525; FW000010596; FW000014595; FW000019407; FW000022005; FW000003118; FW000026653; FW000017369; FW000008100; FW000027335; FW000024552; FW000002059; FW000028584; FW000023209; FW000017690; FW000004375,Firewall,60,0.85,100.0,SINGLE_SOURCE_ONLY
SEQ-USR-2254,Unknown,USER,GENERAL_ACTIVITY_SEQUENCE,2026-08-25 09:14:25+00:00,2026-08-25 10:09:01+00:00,3276,16,FW000025516; FW000020528; FW000014136; FW000003576; FW000017648; FW000023839; FW000013917; FW000008217; FW000021497; FW000006905; FW000018918; FW000014733; FW000020836; FW000020796; FW000029863; FW000028257,Firewall,60,0.85,100.0,SINGLE_SOURCE_ONLY
SEQ-USR-2255,Unknown,USER,GENERAL_ACTIVITY_SEQUENCE,2026-08-25 10:19:37+00:00,2026-08-25 11:18:00+00:00,3503,19,FW000023837; FW000026074; FW000007886; FW000022938; FW000025973; FW000008992; FW000009105; FW000008230; FW000028630; FW000017654; FW000014287; FW000003555; FW000013986; FW000027100; FW000006845; FW000018863; FW000024824; FW000005960; FW000006864,Firewall,60,0.85,100.0,SINGLE_SOURCE_ONLY
SEQ-USR-2256,Unknown,USER,GENERAL_ACTIVITY_SEQUENCE,2026-08-25 11:22:05+00:00,2026-08-25 12:16:00+00:00,3235,25,FW000028893; FW000026436; FW000009233; FW000012348; FW000010854; FW000003501; FW000000863; FW000014614; FW000028703; FW000006469; FW000026090; FW000000162; FW000023865; FW000009718; FW000017287; FW000019058; FW000022820; FW000013005; FW000022131; FW000004784; FW000017588; FW000028889; FW000019032; FW000007638; FW000017659,Firewall,60,0.85,100.0,SINGLE_SOURCE_ONLY
SEQ-USR-2257,Unknown,USER,GENERAL_ACTIVITY_SEQUENCE,2026-08-25 12:23:24+00:00,2026-08-25 13:22:10+00:00,3526,24,FW000003726; FW000025052; FW000003103; FW000026972; FW000009468; FW000003656; FW000011346; FW000027038; FW000006117; FW000002397; FW000014938; FW000002125; FW000009938; FW000027717; FW000012928; FW000024121; FW000026755; FW000007448; FW000002003; FW000024155; FW000020568; FW000006880; FW000018538; FW000010196,Firewall,60,0.85,100.0,SINGLE_SOURCE_ONLY
SEQ-USR-2258,Unknown,USER,GENERAL_ACTIVITY_SEQUENCE,2026-08-25 13:26:00+00:00,2026-08-25 14:24:06+00:00,3486,20,FW000012640; FW000021509; FW000020241; FW000024862; FW000014221; FW000006548; FW000016238; FW000021936; FW000024376; FW000018894; FW000010468; FW000015969; FW000015344; FW000020027; FW000024276; FW000018172; FW000028389; FW000010934; FW000000385; FW000029194,Firewall,60,0.85,100.0,SINGLE_SOURCE_ONLY
SEQ-USR-2259,Unknown,USER,GENERAL_ACTIVITY_SEQUENCE,2026-08-25 14:30:00+00:00,2026-08-25 15:24:11+00:00,3251,18,FW000006531; FW000025367; FW000000070; FW000022602; FW000019544; FW000018317; FW000026491; FW000012390; FW000006580; FW000023023; FW000005545; FW000021667; FW000007713; FW000016282; FW000016396; FW000000297; FW000020708; FW000014945,Firewall,60,0.85,100.0,SINGLE_SOURCE_ONLY
SEQ-USR-2260,Unknown,USER,GENERAL_ACTIVITY_SEQUENCE,2026-08-25 15:30:30+00:00,2026-08-25 16:30:00+00:00,3570,19,FW000010019; FW000020935; FW000023144; FW000000948; FW000016405; FW000018686; FW000015817; FW000004322; FW000028215; FW000012001; FW000024219; FW000010947; FW000006555; FW000024142; FW000018882; FW000021875; FW000029847; FW000017678; FW000022942,Firewall,60,0.85,100.0,SINGLE_SOURCE_ONLY
SEQ-USR-2261,Unknown,USER,GENERAL_ACTIVITY_SEQUENCE,2026-08-25 16:32:36+00:00,2026-08-25 17:28:53+00:00,3377,17,FW000027327; FW000005619; FW000016502; FW000015621; FW000004497; FW000008434; FW000004007; FW000025039; FW000008549; FW000014438; FW000023192; FW000019678; FW000003621; FW000010822; FW000024750; FW000003945; FW000019870,Firewall,60,0.85,100.0,SINGLE_SOURCE_ONLY
SEQ-USR-2262,Unknown,USER,GENERAL_ACTIVITY_SEQUENCE,2026-08-25 17:39:30+00:00,2026-08-25 18:34:59+00:00,3329,33,FW000013628; FW000013435; FW000027380; FW000026800; FW000021574; FW000021601; FW000028475; FW000004524; FW000029412; FW000002126; FW000014799; FW000021751; FW000002441; FW000023341; FW000003402; FW000029300; FW000029520; FW000029462; FW000010693; FW000007838; FW000022851; FW000010488; FW000022178; FW000005454; FW000015330; FW000000891; FW000005584; FW000005873; FW000026780; FW000011619; FW000019369; FW000017714; FW000026291,Firewall,60,0.85,100.0,SINGLE_SOURCE_ONLY
SEQ-USR-2263,Unknown,USER,GENERAL_ACTIVITY_SEQUENCE,2026-08-25 18:41:01+00:00,2026-08-25 19:37:00+00:00,3359,19,FW000016834; FW000001658; FW000024733; FW000007599; FW000028151; FW000020167; FW000022785; FW000018090; FW000021764; FW000028247; FW000019257; FW000005326; FW000003886; FW000015150; FW000013370; FW000029585; FW000026454; FW000004601; FW000019054,Firewall,60,0.85,100.0,SINGLE_SOURCE_ONLY
SEQ-USR-2264,Unknown,USER,GENERAL_ACTIVITY_SEQUENCE,2026-08-25 19:42:27+00:00,2026-08-25 20:40:14+00:00,3467,21,FW000012257; FW000023575; FW000022168; FW000015593; FW000015940; FW000018924; FW000015361; FW000028273; FW000022873; FW000020379; FW000018357; FW000028307; FW000004134; FW000023314; FW000014803; FW000014842; FW000014299; FW000013588; FW000019526; FW000024923; FW000006153,Firewall,60,0.85,100.0,SINGLE_SOURCE_ONLY
SEQ-USR-2265,Unknown,USER,GENERAL_ACTIVITY_SEQUENCE,2026-08-25 20:51:07+00:00,2026-08-25 21:49:16+00:00,3489,24,FW000012043; FW000008566; FW000018436; FW000003601; FW000000959; FW000028625; FW000001558; FW000019163; FW000007015; FW000025162; FW000018970; FW000022098; FW000028973; FW000015570; FW000019372; FW000027546; FW000018934; FW000007704; FW000028835; FW000009188; FW000001398; FW000015213; FW000021720; FW000023047,Firewall,60,0.85,100.0,SINGLE_SOURCE_ONLY
SEQ-USR-2266,Unknown,USER,GENERAL_ACTIVITY_SEQUENCE,2026-08-25 21:53:00+00:00,2026-08-25 22:49:32+00:00,3392,26,FW000006132; FW000018623; FW000028200; FW000015484; FW000027784; FW000021968; FW000001208; FW000010104; FW000017967; FW000017854; FW000026719; FW000000263; FW000025873; FW000007046; FW000002139; FW000029223; FW000002640; FW000006306; FW000022990; FW000001267; FW000014004; FW000019828; FW000025682; FW000005197; FW000025212; FW000023806,Firewall,60,0.85,100.0,SINGLE_SOURCE_ONLY
SEQ-USR-2267,Unknown,USER,GENERAL_ACTIVITY_SEQUENCE,2026-08-25 23:08:07+00:00,2026-08-26 00:08:00+00:00,3593,125,FW000000174; FW000007922; FW000010591; FW000014715; FW000015674; FW000022307; FW000006701; FW000008562; FW000023238; FW000025107; FW000016711; FW000009119; FW000008317; FW000000264; FW000014204; FW000013579; FW000010102; FW000006301; FW000000345; FW000000774; FW000001348; FW000001483; FW000001579; FW000001945; FW000002006; FW000002693; FW000002725; FW000002818; FW000002899; FW000002933; FW000002993; FW000003085; FW000003215; FW000003455; FW000003716; FW000003725; FW000004068; FW000004100; FW000004438; FW000004850; FW000005038; FW000005069; FW000005398; FW000005502; FW000005669; FW000006161; FW000006413; FW000006579; FW000006596; FW000006790; FW000007190; FW000007423; FW000007696; FW000007957; FW000008034; FW000008140; FW000008524; FW000008888; FW000009422; FW000009424; FW000009443; FW000009592; FW000009841; FW000010011; FW000010122; FW000010269; FW000010359; FW000010771; FW000011628; FW000011825; FW000011987; FW000012335; FW000012602; FW000012707; FW000012821; FW000012990; FW000013546; FW000013726; FW000014650; FW000014738; FW000015901; FW000015990; FW000016037; FW000016200; FW000016587; FW000016608; FW000016726; FW000016969; FW000017306; FW000018007; FW000018135; FW000018405; FW000018510; FW000018559; FW000019103; FW000019134; FW000020134; FW000020259; FW000020783; FW000020954; FW000021093; FW000021252; FW000021901; FW000022124; FW000023195; FW000023215; FW000023758; FW000024097; FW000024790; FW000024813; FW000025844; FW000025892; FW000026172; FW000026268; FW000026618; FW000026955; FW000027293; FW000027539; FW000028122; FW000028686; FW000029388; FW000029601; FW000029890; FW000022522; FW000028598,Firewall,60,0.85,100.0,SINGLE_SOURCE_ONLY
SEQ-USR-2268,Unknown,USER,GENERAL_ACTIVITY_SEQUENCE,2026-08-26 00:11:36+00:00,2026-08-26 01:11:33+00:00,3597,34,FW000023167; FW000007785; FW000005199; FW000015453; FW000017147; FW000019823; FW000021635; FW000014997; FW000017510; FW000027605; FW000017199; FW000008053; FW000005713; FW000023993; FW000018370; FW000025746; FW000024380; FW000015539; FW000002879; FW000003889; FW000029162; FW000006637; FW000008198; FW000006632; FW000011493; FW000016388; FW000004239; FW000011468; FW000005305; FW000005965; FW000011800; FW000000278; FW000028462; FW000006873,Firewall,60,0.85,100.0,SINGLE_SOURCE_ONLY
SEQ-USR-2269,Unknown,USER,GENERAL_ACTIVITY_SEQUENCE,2026-08-26 01:17:47+00:00,2026-08-26 02:15:29+00:00,3462,21,FW000026182; FW000003214; FW000026024; FW000024293; FW000011690; FW000025448; FW000023527; FW000003136; FW000015319; FW000001052; FW000018612; FW000001653; FW000004512; FW000013773; FW000011359; FW000025187; FW000000351; FW000018445; FW000005876; FW000006195; FW000008904,Firewall,60,0.85,100.0,SINGLE_SOURCE_ONLY
SEQ-USR-2270,Unknown,USER,GENERAL_ACTIVITY_SEQUENCE,2026-08-26 02:20:00+00:00,2026-08-26 03:19:00+00:00,3540,21,FW000014277; FW000013597; FW000011344; FW000010633; FW000021487; FW000001323; FW000018458; FW000008672; FW000012327; FW000025369; FW000028207; FW000001970; FW000026139; FW000001383; FW000023556; FW000019850; FW000019378; FW000009353; FW000024159; FW000021870; FW000010236,Firewall,60,0.85,100.0,SINGLE_SOURCE_ONLY
SEQ-USR-2271,Unknown,USER,GENERAL_ACTIVITY_SEQUENCE,2026-08-26 03:20:54+00:00,2026-08-26 04:16:45+00:00,3351,17,FW000028744; FW000005339; FW000023327; FW000006815; FW000020395; FW000001314; FW000025282; FW000010421; FW000020374; FW000006263; FW000026443; FW000007460; FW000008089; FW000010189; FW000002116; FW000011332; FW000018676,Firewall,60,0.85,100.0,SINGLE_SOURCE_ONLY
SEQ-USR-2272,Unknown,USER,GENERAL_ACTIVITY_SEQUENCE,2026-08-26 04:24:12+00:00,2026-08-26 05:20:03+00:00,3351,17,FW000013774; FW000024494; FW000022933; FW000003619; FW000014482; FW000026170; FW000008274; FW000029100; FW000005509; FW000004627; FW000015299; FW000005332; FW000026864; FW000006374; FW000004886; FW000016923; FW000008816,Firewall,60,0.85,100.0,SINGLE_SOURCE_ONLY
SEQ-USR-2273,Unknown,USER,GENERAL_ACTIVITY_SEQUENCE,2026-08-26 05:27:20+00:00,2026-08-26 06:27:13+00:00,3593,13,FW000011178; FW000025517; FW000017733; FW000020486; FW000011384; FW000018400; FW000013913; FW000004262; FW000020361; FW000017426; FW000022980; FW000003383; FW000013720,Firewall,60,0.85,100.0,SINGLE_SOURCE_ONLY
SEQ-USR-2274,Unknown,USER,GENERAL_ACTIVITY_SEQUENCE,2026-08-26 06:35:34+00:00,2026-08-26 07:34:27+00:00,3533,23,FW000013282; FW000025289; FW000002646; FW000017976; FW000018801; FW000028281; FW000017716; FW000012903; FW000020469; FW000028296; FW000012656; FW000027557; FW000012601; FW000007464; FW000029491; FW000024539; FW000009789; FW000004509; FW000017438; FW000024576; FW000022170; FW000009210; FW000005074,Firewall,60,0.85,100.0,SINGLE_SOURCE_ONLY
SEQ-USR-2275,Unknown,USER,GENERAL_ACTIVITY_SEQUENCE,2026-08-26 07:43:16+00:00,2026-08-26 08:40:52+00:00,3456,18,FW000012142; FW000008714; FW000028608; FW000000289; FW000024762; FW000024037; FW000012621; FW000011963; FW000005170; FW000007943; FW000022694; FW000028891; FW000021471; FW000025723; FW000005079; FW000020974; FW000023369; FW000018126,Firewall,60,0.85,100.0,SINGLE_SOURCE_ONLY
SEQ-USR-2276,Unknown,USER,GENERAL_ACTIVITY_SEQUENCE,2026-08-26 08:47:01+00:00,2026-08-26 09:34:56+00:00,2875,22,FW000001305; FW000017574; FW000020263; FW000003956; FW000001672; FW000009530; FW000014072; FW000029711; FW000022014; FW000023340; FW000011295; FW000012238; FW000005448; FW000024309; FW000027440; FW000013568; FW000000186; FW000028435; FW000024303; FW000015875; FW000018935; FW000024731,Firewall,60,0.85,100.0,SINGLE_SOURCE_ONLY
SEQ-USR-2277,Unknown,USER,GENERAL_ACTIVITY_SEQUENCE,2026-08-26 09:50:00+00:00,2026-08-26 10:42:31+00:00,3151,24,FW000012412; FW000008850; FW000008020; FW000009200; FW000020664; FW000013230; FW000028512; FW000027945; FW000025211; FW000025864; FW000014191; FW000019704; FW000028213; FW000021844; FW000020674; FW000026365; FW000006274; FW000001597; FW000020713; FW000020009; FW000027241; FW000005253; FW000024475; FW000028120,Firewall,60,0.85,100.0,SINGLE_SOURCE_ONLY
SEQ-USR-2278,Unknown,USER,GENERAL_ACTIVITY_SEQUENCE,2026-08-26 10:53:10+00:00,2026-08-26 11:52:52+00:00,3582,15,FW000024388; FW000013998; FW000018420; FW000012722; FW000001516; FW000013493; FW000023553; FW000005723; FW000010609; FW000007292; FW000026060; FW000021312; FW000010416; FW000026399; FW000009694,Firewall,60,0.85,100.0,SINGLE_SOURCE_ONLY
SEQ-USR-2279,Unknown,USER,GENERAL_ACTIVITY_SEQUENCE,2026-08-26 11:55:14+00:00,2026-08-26 12:54:14+00:00,3540,21,FW000010859; FW000011120; FW000014798; FW000007058; FW000020669; FW000026258; FW000001131; FW000018936; FW000021825; FW000008254; FW000018803; FW000020986; FW000008791; FW000018812; FW000011325; FW000006152; FW000012434; FW000024056; FW000023367; FW000029246; FW000010472,Firewall,60,0.85,100.0,SINGLE_SOURCE_ONLY
SEQ-USR-2280,Unknown,USER,GENERAL_ACTIVITY_SEQUENCE,2026-08-26 12:55:39+00:00,2026-08-26 13:52:47+00:00,3428,16,FW000016121; FW000014245; FW000011871; FW000000833; FW000002927; FW000021921; FW000006328; FW000025195; FW000027781; FW000007698; FW000024945; FW000026635; FW000027164; FW000001206; FW000001536; FW000000330,Firewall,60,0.85,100.0,SINGLE_SOURCE_ONLY
SEQ-USR-2281,Unknown,USER,GENERAL_ACTIVITY_SEQUENCE,2026-08-26 14:00:32+00:00,2026-08-26 14:58:54+00:00,3502,16,FW000027895; FW000029478; FW000023175; FW000013223; FW000024062; FW000021000; FW000021528; FW000003659; FW000028495; FW000007709; FW000015215; FW000003622; FW000000711; FW000021695; FW000013892; FW000002112,Firewall,60,0.85,100.0,SINGLE_SOURCE_ONLY
SEQ-USR-2282,Unknown,USER,GENERAL_ACTIVITY_SEQUENCE,2026-08-26 15:02:06+00:00,2026-08-26 16:01:59+00:00,3593,24,FW000022038; FW000002477; FW000012134; FW000010893; FW000010174; FW000015951; FW000013552; FW000010784; FW000022963; FW000016288; FW000026608; FW000015064; FW000006882; FW000011660; FW000029325; FW000003157; FW000012319; FW000025284; FW000016457; FW000003177; FW000022571; FW000012968; FW000005155; FW000028907,Firewall,60,0.85,100.0,SINGLE_SOURCE_ONLY
SEQ-USR-2283,Unknown,USER,GENERAL_ACTIVITY_SEQUENCE,2026-08-26 16:05:03+00:00,2026-08-26 17:03:37+00:00,3514,16,FW000000456; FW000028403; FW000008658; FW000005082; FW000021120; FW000014195; FW000001317; FW000012942; FW000019662; FW000028533; FW000021833; FW000021217; FW000005429; FW000019512; FW000005030; FW000013145,Firewall,60,0.85,100.0,SINGLE_SOURCE_ONLY
SEQ-USR-2284,Unknown,USER,GENERAL_ACTIVITY_SEQUENCE,2026-08-26 17:05:13+00:00,2026-08-26 18:02:00+00:00,3407,14,FW000018513; FW000007767; FW000003017; FW000026764; FW000024041; FW000029844; FW000023914; FW000020397; FW000016277; FW000028099; FW000008574; FW000004639; FW000023691; FW000009636,Firewall,60,0.85,100.0,SINGLE_SOURCE_ONLY
SEQ-USR-2285,Unknown,USER,GENERAL_ACTIVITY_SEQUENCE,2026-08-26 18:07:40+00:00,2026-08-26 19:05:52+00:00,3492,19,FW000003145; FW000026373; FW000026861; FW000024672; FW000024529; FW000002871; FW000022882; FW000012235; FW000021415; FW000001329; FW000001604; FW000004808; FW000012858; FW000012877; FW000011045; FW000011464; FW000021806; FW000014067; FW000028419,Firewall,60,0.85,100.0,SINGLE_SOURCE_ONLY
SEQ-USR-2286,Unknown,USER,GENERAL_ACTIVITY_SEQUENCE,2026-08-26 19:09:26+00:00,2026-08-26 20:05:00+00:00,3334,18,FW000004008; FW000028800; FW000018575; FW000027484; FW000010616; FW000008633; FW000001157; FW000022357; FW000016662; FW000012799; FW000014234; FW000008649; FW000010263; FW000008065; FW000022752; FW000024579; FW000001261; FW000006466,Firewall,60,0.85,100.0,SINGLE_SOURCE_ONLY
SEQ-USR-2287,Unknown,USER,GENERAL_ACTIVITY_SEQUENCE,2026-08-26 20:11:00+00:00,2026-08-26 21:08:28+00:00,3448,22,FW000013621; FW000000875; FW000007140; FW000019036; FW000006895; FW000004536; FW000006265; FW000020627; FW000029075; FW000026246; FW000026227; FW000020482; FW000009888; FW000013006; FW000027653; FW000015492; FW000016956; FW000018362; FW000003397; FW000025267; FW000016861; FW000001756,Firewall,60,0.85,100.0,SINGLE_SOURCE_ONLY
SEQ-USR-2288,Unknown,USER,GENERAL_ACTIVITY_SEQUENCE,2026-08-26 21:12:33+00:00,2026-08-26 22:11:28+00:00,3535,23,FW000022394; FW000024151; FW000001394; FW000008935; FW000023728; FW000026996; FW000027663; FW000025124; FW000028666; FW000017026; FW000006143; FW000029014; FW000007904; FW000020951; FW000003466; FW000023177; FW000017408; FW000029211; FW000019047; FW000000955; FW000010950; FW000024549; FW000017676,Firewall,60,0.85,100.0,SINGLE_SOURCE_ONLY
SEQ-USR-2289,Unknown,USER,GENERAL_ACTIVITY_SEQUENCE,2026-08-26 22:12:39+00:00,2026-08-26 23:08:14+00:00,3335,16,FW000000610; FW000018042; FW000006643; FW000010065; FW000022823; FW000014989; FW000001190; FW000028970; FW000028469; FW000029153; FW000002271; FW000028847; FW000009260; FW000024465; FW000019555; FW000016001,Firewall,60,0.85,100.0,SINGLE_SOURCE_ONLY
SEQ-USR-2290,Unknown,USER,GENERAL_ACTIVITY_SEQUENCE,2026-08-26 23:15:28+00:00,2026-08-27 00:03:15+00:00,2867,126,FW000014141; FW000003105; FW000011695; FW000022068; FW000019170; FW000012364; FW000025405; FW000027488; FW000020758; FW000002404; FW000015558; FW000002855; FW000024692; FW000004505; FW000000062; FW000000265; FW000000275; FW000000393; FW000000440; FW000000710; FW000000990; FW000001084; FW000001180; FW000001328; FW000001476; FW000001548; FW000002660; FW000002862; FW000003320; FW000003353; FW000003686; FW000003773; FW000003883; FW000004472; FW000004686; FW000005972; FW000006773; FW000006812; FW000006987; FW000007675; FW000007807; FW000007917; FW000008066; FW000008464; FW000008575; FW000008592; FW000009686; FW000009717; FW000009880; FW000010021; FW000010051; FW000010111; FW000010695; FW000010762; FW000011635; FW000011769; FW000011794; FW000012713; FW000012823; FW000013036; FW000013140; FW000013549; FW000013617; FW000013700; FW000013816; FW000013879; FW000014006; FW000014048; FW000014600; FW000014879; FW000014899; FW000015153; FW000015391; FW000015457; FW000015503; FW000015508; FW000016081; FW000016298; FW000016321; FW000016436; FW000016638; FW000017267; FW000017549; FW000018047; FW000018105; FW000018866; FW000018971; FW000019012; FW000019051; FW000019315; FW000019565; FW000019611; FW000019616; FW000019967; FW000020100; FW000020133; FW000020398; FW000020443; FW000020822; FW000021631; FW000021669; FW000021824; FW000023077; FW000023122; FW000023537; FW000023645; FW000024170; FW000024688; FW000025061; FW000025343; FW000025519; FW000025918; FW000025967; FW000026116; FW000026364; FW000026534; FW000026546; FW000026772; FW000026801; FW000028688; FW000028834; FW000028953; FW000029425; FW000029538; FW000014748; FW000015548,Firewall,60,0.85,100.0,SINGLE_SOURCE_ONLY
SEQ-USR-2291,Unknown,USER,GENERAL_ACTIVITY_SEQUENCE,2026-08-27 00:16:16+00:00,2026-08-27 01:16:00+00:00,3584,25,FW000024676; FW000007137; FW000026168; FW000001285; FW000012977; FW000017764; FW000023457; FW000025341; FW000001137; FW000021684; FW000011232; FW000022538; FW000006562; FW000029693; FW000016695; FW000009919; FW000016083; FW000004655; FW000020695; FW000027494; FW000014422; FW000003317; FW000005526; FW000027314; FW000026141,Firewall,60,0.85,100.0,SINGLE_SOURCE_ONLY
SEQ-USR-2292,Unknown,USER,GENERAL_ACTIVITY_SEQUENCE,2026-08-27 01:17:43+00:00,2026-08-27 02:17:30+00:00,3587,22,FW000015528; FW000010913; FW000018022; FW000029480; FW000022971; FW000010908; FW000012947; FW000007265; FW000010480; FW000009772; FW000027962; FW000021894; FW000014637; FW000021769; FW000016563; FW000026642; FW000014965; FW000004978; FW000007198; FW000029090; FW000015843; FW000021888,Firewall,60,0.85,100.0,SINGLE_SOURCE_ONLY
SEQ-USR-2293,Unknown,USER,GENERAL_ACTIVITY_SEQUENCE,2026-08-27 02:32:00+00:00,2026-08-27 03:26:49+00:00,3289,22,FW000028733; FW000021001; FW000015075; FW000011341; FW000013467; FW000017689; FW000018867; FW000026137; FW000025550; FW000019899; FW000014875; FW000022338; FW000009776; FW000007565; FW000018723; FW000012906; FW000002557; FW000016668; FW000025136; FW000022006; FW000027602; FW000000118,Firewall,60,0.85,100.0,SINGLE_SOURCE_ONLY
SEQ-USR-2294,Unknown,USER,GENERAL_ACTIVITY_SEQUENCE,2026-08-27 03:47:00+00:00,2026-08-27 04:40:47+00:00,3227,17,FW000003274; FW000012477; FW000005744; FW000007450; FW000028397; FW000006951; FW000000969; FW000014429; FW000009881; FW000027243; FW000015267; FW000018108; FW000024412; FW000005416; FW000018824; FW000006127; FW000010674,Firewall,60,0.85,100.0,SINGLE_SOURCE_ONLY
SEQ-USR-2295,Unknown,USER,GENERAL_ACTIVITY_SEQUENCE,2026-08-27 04:48:00+00:00,2026-08-27 05:43:09+00:00,3309,16,FW000020424; FW000021285; FW000022639; FW000029064; FW000006834; FW000016152; FW000005432; FW000014064; FW000019621; FW000026075; FW000011560; FW000016462; FW000009963; FW000022150; FW000028450; FW000013596,Firewall,60,0.85,100.0,SINGLE_SOURCE_ONLY
SEQ-USR-2296,Unknown,USER,GENERAL_ACTIVITY_SEQUENCE,2026-08-27 05:50:30+00:00,2026-08-27 06:42:22+00:00,3112,20,FW000000727; FW000020723; FW000013273; FW000029323; FW000022644; FW000000922; FW000025207; FW000012421; FW000000525; FW000006105; FW000009486; FW000013252; FW000020788; FW000024179; FW000029354; FW000026234; FW000026156; FW000026254; FW000010640; FW000006630,Firewall,60,0.85,100.0,SINGLE_SOURCE_ONLY
SEQ-USR-2297,Unknown,USER,GENERAL_ACTIVITY_SEQUENCE,2026-08-27 07:02:36+00:00,2026-08-27 08:00:00+00:00,3444,16,FW000013608; FW000017370; FW000008964; FW000027141; FW000021642; FW000023639; FW000002294; FW000012855; FW000008049; FW000016169; FW000012389; FW000022076; FW000000493; FW000002912; FW000026776; FW000015375,Firewall,60,0.85,100.0,SINGLE_SOURCE_ONLY
SEQ-USR-2298,Unknown,USER,GENERAL_ACTIVITY_SEQUENCE,2026-08-27 08:07:14+00:00,2026-08-27 09:06:57+00:00,3583,20,FW000000285; FW000014584; FW000011786; FW000013258; FW000012193; FW000003378; FW000002108; FW000002758; FW000003148; FW000013018; FW000029010; FW000019208; FW000002777; FW000019203; FW000017619; FW000024742; FW000008819; FW000029666; FW000002159; FW000012373,Firewall,60,0.85,100.0,SINGLE_SOURCE_ONLY
SEQ-USR-2299,Unknown,USER,GENERAL_ACTIVITY_SEQUENCE,2026-08-27 09:08:13+00:00,2026-08-27 10:07:00+00:00,3527,26,FW000007219; FW000005763; FW000006720; FW000003018; FW000021876; FW000026480; FW000029324; FW000019548; FW000028483; FW000015833; FW000016273; FW000002466; FW000006045; FW000006338; FW000026383; FW000004884; FW000013446; FW000006668; FW000003550; FW000015950; FW000025812; FW000006053; FW000016553; FW000012179; FW000004902; FW000002212,Firewall,60,0.85,100.0,SINGLE_SOURCE_ONLY
SEQ-USR-2300,Unknown,USER,GENERAL_ACTIVITY_SEQUENCE,2026-08-27 10:08:57+00:00,2026-08-27 11:04:40+00:00,3343,17,FW000007332; FW000001602; FW000010959; FW000011044; FW000002812; FW000023602; FW000015277; FW000002076; FW000017953; FW000020928; FW000001069; FW000016733; FW000017067; FW000019809; FW000010958; FW000018027; FW000019878,Firewall,60,0.85,100.0,SINGLE_SOURCE_ONLY
SEQ-USR-2301,Unknown,USER,GENERAL_ACTIVITY_SEQUENCE,2026-08-27 11:09:27+00:00,2026-08-27 11:51:49+00:00,2542,12,FW000018423; FW000008949; FW000023578; FW000009894; FW000027429; FW000022055; FW000015268; FW000004649; FW000007589; FW000009839; FW000014670; FW000007243,Firewall,60,0.85,100.0,SINGLE_SOURCE_ONLY
SEQ-USR-2302,Unknown,USER,GENERAL_ACTIVITY_SEQUENCE,2026-08-27 12:16:41+00:00,2026-08-27 13:16:01+00:00,3560,17,FW000010523; FW000018980; FW000016338; FW000013682; FW000005163; FW000010334; FW000015921; FW000000461; FW000003431; FW000017337; FW000007576; FW000001226; FW000009254; FW000029626; FW000009225; FW000004543; FW000028350,Firewall,60,0.85,100.0,SINGLE_SOURCE_ONLY
SEQ-USR-2303,Unknown,USER,GENERAL_ACTIVITY_SEQUENCE,2026-08-27 13:17:46+00:00,2026-08-27 14:16:32+00:00,3526,23,FW000000455; FW000007495; FW000014905; FW000009682; FW000013080; FW000022657; FW000019521; FW000014335; FW000001739; FW000013445; FW000019173; FW000022542; FW000020948; FW000003427; FW000005536; FW000022359; FW000029157; FW000012501; FW000003777; FW000002401; FW000020024; FW000028547; FW000016180,Firewall,60,0.85,100.0,SINGLE_SOURCE_ONLY
SEQ-USR-2304,Unknown,USER,GENERAL_ACTIVITY_SEQUENCE,2026-08-27 14:21:20+00:00,2026-08-27 15:18:41+00:00,3441,16,FW000017238; FW000013888; FW000008371; FW000003620; FW000000702; FW000024202; FW000026152; FW000017434; FW000017252; FW000011206; FW000016797; FW000014445; FW000007893; FW000029957; FW000015675; FW000023342,Firewall,60,0.85,100.0,SINGLE_SOURCE_ONLY
SEQ-USR-2305,Unknown,USER,GENERAL_ACTIVITY_SEQUENCE,2026-08-27 15:21:35+00:00,2026-08-27 16:20:00+00:00,3505,28,FW000014186; FW000013496; FW000007816; FW000016188; FW000020766; FW000002797; FW000023478; FW000016885; FW000025643; FW000028374; FW000001539; FW000016867; FW000017620; FW000008262; FW000020968; FW000003472; FW000018891; FW000026914; FW000022291; FW000018469; FW000009640; FW000007298; FW000025178; FW000024678; FW000010764; FW000020271; FW000017051; FW000001541,Firewall,60,0.85,100.0,SINGLE_SOURCE_ONLY
SEQ-USR-2306,Unknown,USER,GENERAL_ACTIVITY_SEQUENCE,2026-08-27 16:35:42+00:00,2026-08-27 17:29:00+00:00,3198,26,FW000023387; FW000013945; FW000012950; FW000012847; FW000021873; FW000020405; FW000024530; FW000020038; FW000014979; FW000014762; FW000000211; FW000003124; FW000003336; FW000002776; FW000025819; FW000022879; FW000026531; FW000004408; FW000007153; FW000005991; FW000019098; FW000020844; FW000022061; FW000018615; FW000000792; FW000004717,Firewall,60,0.85,100.0,SINGLE_SOURCE_ONLY
SEQ-USR-2307,Unknown,USER,GENERAL_ACTIVITY_SEQUENCE,2026-08-27 17:37:35+00:00,2026-08-27 18:34:17+00:00,3402,19,FW000024586; FW000005870; FW000000503; FW000025638; FW000001796; FW000006841; FW000011188; FW000022313; FW000003595; FW000004820; FW000022793; FW000005793; FW000022764; FW000012181; FW000026860; FW000004998; FW000010728; FW000011104; FW000011888,Firewall,60,0.85,100.0,SINGLE_SOURCE_ONLY
SEQ-USR-2308,Unknown,USER,GENERAL_ACTIVITY_SEQUENCE,2026-08-27 18:38:00+00:00,2026-08-27 19:38:00+00:00,3600,24,FW000025653; FW000019572; FW000001666; FW000011856; FW000026758; FW000015840; FW000015721; FW000027096; FW000024732; FW000026338; FW000000964; FW000028645; FW000001181; FW000017863; FW000000216; FW000021659; FW000008811; FW000010904; FW000012143; FW000028921; FW000000698; FW000017623; FW000011518; FW000028141,Firewall,60,0.85,100.0,SINGLE_SOURCE_ONLY
SEQ-USR-2309,Unknown,USER,GENERAL_ACTIVITY_SEQUENCE,2026-08-27 19:39:23+00:00,2026-08-27 20:37:24+00:00,3481,22,FW000017191; FW000004698; FW000015222; FW000000771; FW000025288; FW000013582; FW000014201; FW000004292; FW000025073; FW000020502; FW000015793; FW000017197; FW000028448; FW000020692; FW000025989; FW000002692; FW000021474; FW000008188; FW000018160; FW000001964; FW000019892; FW000027867,Firewall,60,0.85,100.0,SINGLE_SOURCE_ONLY
SEQ-USR-2310,Unknown,USER,GENERAL_ACTIVITY_SEQUENCE,2026-08-27 20:40:47+00:00,2026-08-27 21:38:01+00:00,3434,21,FW000010842; FW000024417; FW000024714; FW000019822; FW000026550; FW000010329; FW000022353; FW000018717; FW000015139; FW000001908; FW000006133; FW000016522; FW000015914; FW000009421; FW000014268; FW000016340; FW000018825; FW000011573; FW000001050; FW000011427; FW000023145,Firewall,60,0.85,100.0,SINGLE_SOURCE_ONLY
SEQ-USR-2311,Unknown,USER,GENERAL_ACTIVITY_SEQUENCE,2026-08-27 21:41:42+00:00,2026-08-27 22:41:27+00:00,3585,21,FW000015483; FW000020599; FW000024931; FW000006422; FW000004855; FW000008578; FW000024666; FW000016742; FW000021537; FW000010732; FW000021610; FW000016148; FW000019359; FW000018852; FW000009350; FW000010067; FW000023234; FW000027015; FW000021427; FW000028422; FW000000320,Firewall,60,0.85,100.0,SINGLE_SOURCE_ONLY
SEQ-USR-2312,Unknown,USER,GENERAL_ACTIVITY_SEQUENCE,2026-08-27 22:42:00+00:00,2026-08-27 23:41:35+00:00,3575,19,FW000011753; FW000025759; FW000010580; FW000010313; FW000009770; FW000012103; FW000018076; FW000019755; FW000022331; FW000022102; FW000015679; FW000003318; FW000000937; FW000024066; FW000028690; FW000021243; FW000028833; FW000000063; FW000015218,Firewall,60,0.85,100.0,SINGLE_SOURCE_ONLY
SEQ-USR-2313,Unknown,USER,GENERAL_ACTIVITY_SEQUENCE,2026-08-27 23:42:43+00:00,2026-08-28 00:40:59+00:00,3496,141,FW000026352; FW000002885; FW000004931; FW000023887; FW000012435; FW000020859; FW000000367; FW000000565; FW000000608; FW000000639; FW000000660; FW000001158; FW000001633; FW000001691; FW000001944; FW000002448; FW000002696; FW000003435; FW000003605; FW000003737; FW000003800; FW000003813; FW000003821; FW000004575; FW000004929; FW000005517; FW000005686; FW000006334; FW000006756; FW000006797; FW000007248; FW000007279; FW000007362; FW000007809; FW000007996; FW000008394; FW000008399; FW000008498; FW000008718; FW000008720; FW000008814; FW000008848; FW000009614; FW000010046; FW000010148; FW000010413; FW000010857; FW000011009; FW000011053; FW000011287; FW000011319; FW000011541; FW000011650; FW000011694; FW000011750; FW000012289; FW000012503; FW000012685; FW000012953; FW000013050; FW000013200; FW000013380; FW000013514; FW000013611; FW000013692; FW000013849; FW000014228; FW000014467; FW000014749; FW000014755; FW000014846; FW000014926; FW000015572; FW000016616; FW000016876; FW000016884; FW000017184; FW000017269; FW000017318; FW000017470; FW000017743; FW000017926; FW000018408; FW000018451; FW000018828; FW000019029; FW000019469; FW000019720; FW000019955; FW000019970; FW000020064; FW000020457; FW000020548; FW000020580; FW000020819; FW000021498; FW000021823; FW000021911; FW000022304; FW000022613; FW000023118; FW000023280; FW000024288; FW000024636; FW000025087; FW000025159; FW000025463; FW000025597; FW000026045; FW000026050; FW000026112; FW000026336; FW000026387; FW000027290; FW000027835; FW000028029; FW000028479; FW000029067; FW000029327; FW000029369; FW000029805; FW000029876; FW000013871; FW000013021; FW000020813; FW000016567; FW000012795; FW000027511; FW000011687; FW000001939; FW000009357; FW000020006; FW000004215; FW000006468; FW000013471; FW000010689; FW000002604; FW000018444; FW000003109; FW000002531; FW000006621,Firewall,60,0.85,100.0,SINGLE_SOURCE_ONLY
SEQ-USR-2314,Unknown,USER,GENERAL_ACTIVITY_SEQUENCE,2026-08-28 00:47:53+00:00,2026-08-28 01:47:00+00:00,3547,24,FW000024305; FW000002008; FW000021638; FW000022283; FW000007023; FW000000331; FW000016478; FW000024770; FW000001768; FW000024650; FW000016250; FW000003155; FW000029912; FW000003078; FW000009710; FW000012940; FW000006080; FW000024637; FW000028132; FW000027679; FW000017297; FW000002293; FW000027553; FW000021423,Firewall,60,0.85,100.0,SINGLE_SOURCE_ONLY
SEQ-USR-2315,Unknown,USER,GENERAL_ACTIVITY_SEQUENCE,2026-08-28 01:48:32+00:00,2026-08-28 02:48:02+00:00,3570,19,FW000005757; FW000001888; FW000014003; FW000027795; FW000004769; FW000027495; FW000026377; FW000008587; FW000022513; FW000011866; FW000025507; FW000016269; FW000003745; FW000000028; FW000020077; FW000022002; FW000010643; FW000008441; FW000013943,Firewall,60,0.85,100.0,SINGLE_SOURCE_ONLY
SEQ-USR-2316,Unknown,USER,GENERAL_ACTIVITY_SEQUENCE,2026-08-28 02:49:21+00:00,2026-08-28 03:49:19+00:00,3598,15,FW000025428; FW000009854; FW000016009; FW000008905; FW000028097; FW000012002; FW000018884; FW000015672; FW000017012; FW000006414; FW000021857; FW000000701; FW000017741; FW000020978; FW000012731,Firewall,60,0.85,100.0,SINGLE_SOURCE_ONLY
SEQ-USR-2317,Unknown,USER,GENERAL_ACTIVITY_SEQUENCE,2026-08-28 03:52:34+00:00,2026-08-28 04:41:07+00:00,2913,21,FW000010799; FW000017859; FW000004062; FW000011996; FW000012732; FW000017729; FW000024413; FW000008869; FW000012280; FW000021299; FW000022986; FW000008636; FW000026464; FW000001720; FW000014078; FW000024371; FW000018961; FW000000765; FW000027915; FW000009500; FW000000417,Firewall,60,0.85,100.0,SINGLE_SOURCE_ONLY
SEQ-USR-2318,Unknown,USER,GENERAL_ACTIVITY_SEQUENCE,2026-08-28 04:55:00+00:00,2026-08-28 05:55:00+00:00,3600,29,FW000007857; FW000009895; FW000014502; FW000009278; FW000014368; FW000023532; FW000021761; FW000009370; FW000003591; FW000004141; FW000002138; FW000008976; FW000015927; FW000006063; FW000006336; FW000015960; FW000014897; FW000017701; FW000000139; FW000008257; FW000021386; FW000013831; FW000000282; FW000015348; FW000023149; FW000016886; FW000019890; FW000029513; FW000024680,Firewall,60,0.85,100.0,SINGLE_SOURCE_ONLY
SEQ-USR-2319,Unknown,USER,GENERAL_ACTIVITY_SEQUENCE,2026-08-28 05:56:03+00:00,2026-08-28 06:51:46+00:00,3343,24,FW000020772; FW000002166; FW000006136; FW000001941; FW000026768; FW000017680; FW000012763; FW000019766; FW000021563; FW000005419; FW000021190; FW000018428; FW000014014; FW000006259; FW000008909; FW000015068; FW000004063; FW000006005; FW000013291; FW000023062; FW000013787; FW000017001; FW000021990; FW000004410,Firewall,60,0.85,100.0,SINGLE_SOURCE_ONLY
SEQ-USR-2320,Unknown,USER,GENERAL_ACTIVITY_SEQUENCE,2026-08-28 07:00:18+00:00,2026-08-28 07:57:00+00:00,3402,26,FW000005854; FW000015184; FW000010128; FW000018263; FW000025813; FW000009333; FW000011954; FW000009652; FW000004871; FW000017025; FW000017361; FW000018485; FW000022645; FW000026956; FW000015324; FW000009183; FW000001435; FW000010018; FW000006934; FW000003104; FW000026361; FW000024765; FW000010528; FW000004371; FW000015655; FW000018528,Firewall,60,0.85,100.0,SINGLE_SOURCE_ONLY
SEQ-USR-2321,Unknown,USER,GENERAL_ACTIVITY_SEQUENCE,2026-08-28 08:01:00+00:00,2026-08-28 08:54:00+00:00,3180,17,FW000016914; FW000015434; FW000029879; FW000018226; FW000010750; FW000006740; FW000026936; FW000003037; FW000008448; FW000015810; FW000020656; FW000003750; FW000007590; FW000005779; FW000012403; FW000023417; FW000016361,Firewall,60,0.85,100.0,SINGLE_SOURCE_ONLY
SEQ-USR-2322,Unknown,USER,GENERAL_ACTIVITY_SEQUENCE,2026-08-28 09:02:00+00:00,2026-08-28 09:59:00+00:00,3420,28,FW000014902; FW000001751; FW000024667; FW000009159; FW000023508; FW000022695; FW000016659; FW000019664; FW000004949; FW000002047; FW000009910; FW000010515; FW000024694; FW000000346; FW000014021; FW000000704; FW000002313; FW000022889; FW000025471; FW000024879; FW000004057; FW000009027; FW000019111; FW000029757; FW000015878; FW000029024; FW000026934; FW000023873,Firewall,60,0.85,100.0,SINGLE_SOURCE_ONLY
SEQ-USR-2323,Unknown,USER,GENERAL_ACTIVITY_SEQUENCE,2026-08-28 10:04:07+00:00,2026-08-28 10:49:00+00:00,2693,21,FW000004611; FW000026249; FW000006557; FW000017415; FW000018315; FW000014889; FW000013452; FW000015792; FW000012154; FW000018479; FW000009504; FW000000603; FW000022775; FW000014478; FW000012539; FW000024870; FW000021007; FW000029329; FW000019147; FW000020564; FW000016373,Firewall,60,0.85,100.0,SINGLE_SOURCE_ONLY
SEQ-USR-2324,Unknown,USER,GENERAL_ACTIVITY_SEQUENCE,2026-08-28 11:05:52+00:00,2026-08-28 12:04:00+00:00,3488,22,FW000010897; FW000009958; FW000026357; FW000026306; FW000021061; FW000010932; FW000002717; FW000006771; FW000003991; FW000008609; FW000019527; FW000011900; FW000009659; FW000025611; FW000007152; FW000017220; FW000016176; FW000005782; FW000004562; FW000012913; FW000024799; FW000008239,Firewall,60,0.85,100.0,SINGLE_SOURCE_ONLY
SEQ-USR-2325,Unknown,USER,GENERAL_ACTIVITY_SEQUENCE,2026-08-28 12:06:00+00:00,2026-08-28 13:04:08+00:00,3488,16,FW000007920; FW000028508; FW000013793; FW000024255; FW000024284; FW000024841; FW000021226; FW000016574; FW000004395; FW000002843; FW000019584; FW000005159; FW000025758; FW000023146; FW000020915; FW000017413,Firewall,60,0.85,100.0,SINGLE_SOURCE_ONLY
SEQ-USR-2326,Unknown,USER,GENERAL_ACTIVITY_SEQUENCE,2026-08-28 13:07:14+00:00,2026-08-28 14:04:48+00:00,3454,18,FW000009087; FW000029933; FW000006281; FW000020542; FW000016850; FW000023807; FW000004934; FW000018494; FW000025609; FW000025580; FW000023240; FW000005735; FW000007235; FW000004392; FW000018270; FW000013727; FW000019448; FW000026838,Firewall,60,0.85,100.0,SINGLE_SOURCE_ONLY
SEQ-USR-2327,Unknown,USER,GENERAL_ACTIVITY_SEQUENCE,2026-08-28 14:07:39+00:00,2026-08-28 15:05:31+00:00,3472,27,FW000007122; FW000010145; FW000018720; FW000026713; FW000001787; FW000021544; FW000012590; FW000011863; FW000004464; FW000007227; FW000011545; FW000023210; FW000009337; FW000022697; FW000011839; FW000028894; FW000014403; FW000013669; FW000013162; FW000005792; FW000025956; FW000009386; FW000014415; FW000028340; FW000017126; FW000021320; FW000028618,Firewall,60,0.85,100.0,SINGLE_SOURCE_ONLY
SEQ-USR-2328,Unknown,USER,GENERAL_ACTIVITY_SEQUENCE,2026-08-28 15:23:00+00:00,2026-08-28 16:20:26+00:00,3446,21,FW000007871; FW000018252; FW000010940; FW000005718; FW000020440; FW000006247; FW000003447; FW000014513; FW000020140; FW000023100; FW000004126; FW000011313; FW000007975; FW000009075; FW000017117; FW000026858; FW000025985; FW000025823; FW000020353; FW000021622; FW000015231,Firewall,60,0.85,100.0,SINGLE_SOURCE_ONLY
SEQ-USR-2329,Unknown,USER,GENERAL_ACTIVITY_SEQUENCE,2026-08-28 16:26:00+00:00,2026-08-28 17:19:41+00:00,3221,22,FW000020891; FW000009518; FW000008179; FW000023878; FW000023513; FW000027435; FW000020558; FW000004099; FW000004055; FW000007477; FW000011327; FW000011583; FW000006171; FW000014607; FW000015961; FW000008370; FW000024351; FW000010968; FW000007210; FW000019491; FW000010003; FW000029133,Firewall,60,0.85,100.0,SINGLE_SOURCE_ONLY
SEQ-USR-2330,Unknown,USER,GENERAL_ACTIVITY_SEQUENCE,2026-08-28 17:28:16+00:00,2026-08-28 18:27:52+00:00,3576,22,FW000009822; FW000005867; FW000009771; FW000000801; FW000016094; FW000016431; FW000024876; FW000015113; FW000004069; FW000028507; FW000001191; FW000028278; FW000019609; FW000003258; FW000018348; FW000027956; FW000026042; FW000028386; FW000028603; FW000011406; FW000026818; FW000002129,Firewall,60,0.85,100.0,SINGLE_SOURCE_ONLY
SEQ-USR-2331,Unknown,USER,GENERAL_ACTIVITY_SEQUENCE,2026-08-28 18:29:32+00:00,2026-08-28 19:25:51+00:00,3379,27,FW000002898; FW000010956; FW000029652; FW000000861; FW000021753; FW000004817; FW000010556; FW000012108; FW000001281; FW000025952; FW000000024; FW000019783; FW000024917; FW000011093; FW000013332; FW000025574; FW000017312; FW000020350; FW000021428; FW000029928; FW000012404; FW000016957; FW000023433; FW000019974; FW000024587; FW000017713; FW000018557,Firewall,60,0.85,100.0,SINGLE_SOURCE_ONLY
SEQ-USR-2332,Unknown,USER,GENERAL_ACTIVITY_SEQUENCE,2026-08-28 19:30:40+00:00,2026-08-28 20:28:56+00:00,3496,25,FW000020550; FW000024058; FW000015337; FW000011550; FW000027026; FW000026084; FW000012736; FW000022021; FW000018836; FW000022718; FW000018989; FW000013393; FW000025974; FW000004685; FW000005644; FW000008938; FW000015228; FW000012574; FW000026318; FW000023847; FW000007261; FW000000141; FW000005072; FW000003775; FW000024938,Firewall,60,0.85,100.0,SINGLE_SOURCE_ONLY
SEQ-USR-2333,Unknown,USER,GENERAL_ACTIVITY_SEQUENCE,2026-08-28 20:35:00+00:00,2026-08-28 21:32:43+00:00,3463,19,FW000024725; FW000004302; FW000016825; FW000029606; FW000003930; FW000025656; FW000026228; FW000011420; FW000019329; FW000027754; FW000018018; FW000014413; FW000024343; FW000020128; FW000013676; FW000023608; FW000027536; FW000010704; FW000010551,Firewall,60,0.85,100.0,SINGLE_SOURCE_ONLY
SEQ-USR-2334,Unknown,USER,GENERAL_ACTIVITY_SEQUENCE,2026-08-28 21:36:07+00:00,2026-08-28 22:35:20+00:00,3553,26,FW000028053; FW000009968; FW000022833; FW000002458; FW000029264; FW000002463; FW000004314; FW000002167; FW000001407; FW000022153; FW000029087; FW000018514; FW000002900; FW000025664; FW000011770; FW000025098; FW000021391; FW000004576; FW000015819; FW000013759; FW000028543; FW000018805; FW000023643; FW000012321; FW000022244; FW000001255,Firewall,60,0.85,100.0,SINGLE_SOURCE_ONLY
SEQ-USR-2335,Unknown,USER,GENERAL_ACTIVITY_SEQUENCE,2026-08-28 22:36:21+00:00,2026-08-28 23:33:50+00:00,3449,18,FW000028962; FW000025838; FW000015806; FW000003997; FW000028659; FW000010371; FW000024889; FW000029599; FW000000947; FW000004835; FW000006942; FW000003667; FW000021173; FW000017807; FW000026604; FW000005696; FW000012124; FW000007616,Firewall,60,0.85,100.0,SINGLE_SOURCE_ONLY
SEQ-USR-2336,Unknown,USER,GENERAL_ACTIVITY_SEQUENCE,2026-08-28 23:37:09+00:00,2026-08-29 00:35:49+00:00,3520,157,FW000002958; FW000017157; FW000002848; FW000010665; FW000027726; FW000003011; FW000014390; FW000000100; FW000000483; FW000000486; FW000000523; FW000000844; FW000000882; FW000000980; FW000001906; FW000002383; FW000002619; FW000003146; FW000003182; FW000003414; FW000003596; FW000003830; FW000003974; FW000004269; FW000004596; FW000004725; FW000005126; FW000005338; FW000005680; FW000006134; FW000006738; FW000007329; FW000007408; FW000007783; FW000008001; FW000008005; FW000008166; FW000008187; FW000008270; FW000008901; FW000009263; FW000009589; FW000010055; FW000010141; FW000010207; FW000010647; FW000010659; FW000010901; FW000010944; FW000010979; FW000011124; FW000011184; FW000011336; FW000011481; FW000011649; FW000011967; FW000012136; FW000012165; FW000012211; FW000012325; FW000013192; FW000013805; FW000013820; FW000013907; FW000013915; FW000014077; FW000014612; FW000015301; FW000015384; FW000015449; FW000015526; FW000015709; FW000015811; FW000016231; FW000016243; FW000016936; FW000016980; FW000017379; FW000017792; FW000017928; FW000017988; FW000019116; FW000019682; FW000019861; FW000020390; FW000020478; FW000020687; FW000020936; FW000021041; FW000021454; FW000021486; FW000021794; FW000022048; FW000022315; FW000022566; FW000022620; FW000022658; FW000022719; FW000023454; FW000023620; FW000024635; FW000024702; FW000024735; FW000024800; FW000025290; FW000025293; FW000025347; FW000025615; FW000025796; FW000026047; FW000026061; FW000026110; FW000026199; FW000026269; FW000026422; FW000026493; FW000026551; FW000026648; FW000027076; FW000027145; FW000027177; FW000027216; FW000027253; FW000027277; FW000027381; FW000027399; FW000027421; FW000027459; FW000027861; FW000027897; FW000028149; FW000028201; FW000028290; FW000028430; FW000028545; FW000028831; FW000028938; FW000028943; FW000029095; FW000029566; FW000013134; FW000022140; FW000010729; FW000014179; FW000029472; FW000016833; FW000011158; FW000022495; FW000017768; FW000005784; FW000012476; FW000022488; FW000022763; FW000007387; FW000006786; FW000028259; FW000018484,Firewall,60,0.85,100.0,SINGLE_SOURCE_ONLY
SEQ-USR-2337,Unknown,USER,GENERAL_ACTIVITY_SEQUENCE,2026-08-29 00:45:58+00:00,2026-08-29 01:43:17+00:00,3439,18,FW000015378; FW000029186; FW000014208; FW000021460; FW000005773; FW000028811; FW000001172; FW000026681; FW000002049; FW000017015; FW000011579; FW000015209; FW000003980; FW000006985; FW000008349; FW000014471; FW000011358; FW000004980,Firewall,60,0.85,100.0,SINGLE_SOURCE_ONLY
SEQ-USR-2338,Unknown,USER,GENERAL_ACTIVITY_SEQUENCE,2026-08-29 01:54:36+00:00,2026-08-29 02:54:15+00:00,3579,20,FW000027537; FW000015180; FW000000729; FW000018582; FW000014394; FW000021418; FW000007192; FW000011242; FW000025142; FW000020990; FW000026232; FW000005425; FW000001229; FW000021678; FW000003589; FW000020039; FW000003152; FW000017813; FW000027384; FW000018635,Firewall,60,0.85,100.0,SINGLE_SOURCE_ONLY
SEQ-USR-2339,Unknown,USER,GENERAL_ACTIVITY_SEQUENCE,2026-08-29 02:57:00+00:00,2026-08-29 03:55:13+00:00,3493,19,FW000017544; FW000001061; FW000005940; FW000028935; FW000001425; FW000001913; FW000013768; FW000008983; FW000005283; FW000011861; FW000027912; FW000013560; FW000002074; FW000011532; FW000018450; FW000001070; FW000029730; FW000020626; FW000012444,Firewall,60,0.85,100.0,SINGLE_SOURCE_ONLY
SEQ-USR-2340,Unknown,USER,GENERAL_ACTIVITY_SEQUENCE,2026-08-29 03:59:21+00:00,2026-08-29 04:57:57+00:00,3516,28,FW000005298; FW000009979; FW000008544; FW000007612; FW000007024; FW000000762; FW000007124; FW000000084; FW000018223; FW000026880; FW000002890; FW000015716; FW000010452; FW000013205; FW000017242; FW000012418; FW000019485; FW000015266; FW000007358; FW000003646; FW000021907; FW000026140; FW000028730; FW000019096; FW000001271; FW000016400; FW000019367; FW000005078,Firewall,60,0.85,100.0,SINGLE_SOURCE_ONLY
SEQ-USR-2341,Unknown,USER,GENERAL_ACTIVITY_SEQUENCE,2026-08-29 05:00:00+00:00,2026-08-29 05:59:58+00:00,3598,22,FW000006438; FW000007313; FW000003271; FW000027884; FW000027221; FW000006911; FW000000476; FW000021503; FW000027725; FW000010602; FW000015638; FW000020154; FW000008945; FW000001044; FW000022725; FW000018724; FW000020897; FW000000122; FW000020921; FW000019523; FW000015329; FW000006540,Firewall,60,0.85,100.0,SINGLE_SOURCE_ONLY
SEQ-USR-2342,Unknown,USER,GENERAL_ACTIVITY_SEQUENCE,2026-08-29 06:03:00+00:00,2026-08-29 07:02:27+00:00,3567,22,FW000015647; FW000017461; FW000011478; FW000022950; FW000011654; FW000011434; FW000013268; FW000012538; FW000022721; FW000026762; FW000020335; FW000010613; FW000007432; FW000003391; FW000029021; FW000004002; FW000011027; FW000003577; FW000003923; FW000017551; FW000009066; FW000003493,Firewall,60,0.85,100.0,SINGLE_SOURCE_ONLY
SEQ-USR-2343,Unknown,USER,GENERAL_ACTIVITY_SEQUENCE,2026-08-29 07:03:54+00:00,2026-08-29 08:01:23+00:00,3449,16,FW000022750; FW000006085; FW000025069; FW000003831; FW000015813; FW000005548; FW000008470; FW000000058; FW000021172; FW000029845; FW000003602; FW000018154; FW000021735; FW000021913; FW000007109; FW000023041,Firewall,60,0.85,100.0,SINGLE_SOURCE_ONLY
SEQ-USR-2344,Unknown,USER,GENERAL_ACTIVITY_SEQUENCE,2026-08-29 08:05:38+00:00,2026-08-29 09:01:18+00:00,3340,19,FW000016849; FW000027347; FW000012471; FW000009685; FW000023403; FW000001153; FW000002612; FW000001794; FW000026432; FW000014859; FW000017869; FW000005503; FW000016964; FW000008106; FW000019214; FW000007574; FW000014261; FW000027385; FW000010339,Firewall,60,0.85,100.0,SINGLE_SOURCE_ONLY
SEQ-USR-2345,Unknown,USER,GENERAL_ACTIVITY_SEQUENCE,2026-08-29 09:06:04+00:00,2026-08-29 10:01:00+00:00,3296,27,FW000010590; FW000014443; FW000027365; FW000014825; FW000007929; FW000029887; FW000012222; FW000002995; FW000021221; FW000023427; FW000028210; FW000007372; FW000017861; FW000024719; FW000022713; FW000023808; FW000027779; FW000029118; FW000021847; FW000022389; FW000018640; FW000001573; FW000011598; FW000014864; FW000009182; FW000004813; FW000026585,Firewall,60,0.85,100.0,SINGLE_SOURCE_ONLY
SEQ-USR-2346,Unknown,USER,GENERAL_ACTIVITY_SEQUENCE,2026-08-29 10:08:00+00:00,2026-08-29 11:02:00+00:00,3240,21,FW000008297; FW000028541; FW000019891; FW000007407; FW000028990; FW000023648; FW000021972; FW000024390; FW000022071; FW000016741; FW000020820; FW000020347; FW000003238; FW000023886; FW000018117; FW000029875; FW000015389; FW000010143; FW000002786; FW000024548; FW000003593,Firewall,60,0.85,100.0,SINGLE_SOURCE_ONLY
SEQ-USR-2347,Unknown,USER,GENERAL_ACTIVITY_SEQUENCE,2026-08-29 11:16:01+00:00,2026-08-29 12:14:24+00:00,3503,20,FW000015590; FW000012846; FW000003205; FW000016450; FW000008821; FW000014432; FW000024487; FW000003451; FW000004124; FW000001713; FW000010895; FW000008697; FW000006518; FW000017279; FW000014074; FW000028038; FW000012153; FW000005565; FW000017466; FW000029410,Firewall,60,0.85,100.0,SINGLE_SOURCE_ONLY
SEQ-USR-2348,Unknown,USER,GENERAL_ACTIVITY_SEQUENCE,2026-08-29 12:18:00+00:00,2026-08-29 13:16:00+00:00,3480,17,FW000016317; FW000017567; FW000001554; FW000000128; FW000004374; FW000003844; FW000014625; FW000009883; FW000027833; FW000000612; FW000027935; FW000014912; FW000009308; FW000006778; FW000022148; FW000023877; FW000005951,Firewall,60,0.85,100.0,SINGLE_SOURCE_ONLY
SEQ-USR-2349,Unknown,USER,GENERAL_ACTIVITY_SEQUENCE,2026-08-29 13:18:13+00:00,2026-08-29 14:18:00+00:00,3587,16,FW000008786; FW000020614; FW000028212; FW000000348; FW000017146; FW000007951; FW000007635; FW000010466; FW000011279; FW000014767; FW000022069; FW000000209; FW000011994; FW000017172; FW000019661; FW000028418,Firewall,60,0.85,100.0,SINGLE_SOURCE_ONLY
SEQ-USR-2350,Unknown,USER,GENERAL_ACTIVITY_SEQUENCE,2026-08-29 14:18:39+00:00,2026-08-29 15:18:33+00:00,3594,26,FW000020199; FW000011396; FW000028853; FW000020657; FW000003380; FW000008759; FW000017667; FW000001272; FW000014497; FW000012899; FW000005460; FW000017048; FW000009126; FW000006532; FW000009774; FW000001025; FW000029357; FW000013741; FW000005468; FW000022634; FW000004443; FW000015029; FW000007924; FW000028928; FW000016363; FW000008523,Firewall,60,0.85,100.0,SINGLE_SOURCE_ONLY
SEQ-USR-2351,Unknown,USER,GENERAL_ACTIVITY_SEQUENCE,2026-08-29 15:20:34+00:00,2026-08-29 16:15:31+00:00,3297,20,FW000025575; FW000009162; FW000011710; FW000016713; FW000011020; FW000028171; FW000020491; FW000026462; FW000027811; FW000001642; FW000011090; FW000002193; FW000029535; FW000008385; FW000003460; FW000015242; FW000019550; FW000021747; FW000022222; FW000018456,Firewall,60,0.85,100.0,SINGLE_SOURCE_ONLY
SEQ-USR-2352,Unknown,USER,GENERAL_ACTIVITY_SEQUENCE,2026-08-29 16:24:00+00:00,2026-08-29 17:23:40+00:00,3580,23,FW000028527; FW000026005; FW000007527; FW000020080; FW000026941; FW000003612; FW000000930; FW000010270; FW000011617; FW000015027; FW000001418; FW000005834; FW000008425; FW000017047; FW000002429; FW000007221; FW000006597; FW000001110; FW000027203; FW000005351; FW000028446; FW000023833; FW000002733,Firewall,60,0.85,100.0,SINGLE_SOURCE_ONLY
SEQ-USR-2353,Unknown,USER,GENERAL_ACTIVITY_SEQUENCE,2026-08-29 17:26:00+00:00,2026-08-29 18:21:57+00:00,3357,13,FW000024042; FW000019957; FW000024707; FW000019860; FW000029729; FW000028580; FW000022978; FW000003496; FW000020874; FW000006138; FW000003176; FW000028381; FW000028092,Firewall,60,0.85,100.0,SINGLE_SOURCE_ONLY
SEQ-USR-2354,Unknown,USER,GENERAL_ACTIVITY_SEQUENCE,2026-08-29 18:26:44+00:00,2026-08-29 19:22:15+00:00,3331,23,FW000009828; FW000009107; FW000001276; FW000028444; FW000027955; FW000026578; FW000018429; FW000023103; FW000018256; FW000027182; FW000028184; FW000004809; FW000015905; FW000016760; FW000015166; FW000012243; FW000025648; FW000029743; FW000017655; FW000012817; FW000020847; FW000014592; FW000024186,Firewall,60,0.85,100.0,SINGLE_SOURCE_ONLY
SEQ-USR-2355,Unknown,USER,GENERAL_ACTIVITY_SEQUENCE,2026-08-29 19:30:25+00:00,2026-08-29 20:27:56+00:00,3451,20,FW000011607; FW000027745; FW000027524; FW000015014; FW000027475; FW000024624; FW000009345; FW000001218; FW000007492; FW000025371; FW000026235; FW000007583; FW000016592; FW000012488; FW000000133; FW000003123; FW000003150; FW000017213; FW000010390; FW000017665,Firewall,60,0.85,100.0,SINGLE_SOURCE_ONLY
SEQ-USR-2356,Unknown,USER,GENERAL_ACTIVITY_SEQUENCE,2026-08-29 20:35:10+00:00,2026-08-29 21:33:23+00:00,3493,24,FW000009449; FW000004657; FW000005731; FW000020231; FW000000637; FW000000559; FW000008828; FW000016891; FW000010534; FW000017640; FW000023685; FW000021229; FW000007072; FW000023729; FW000026922; FW000008926; FW000020795; FW000021214; FW000027780; FW000019698; FW000009532; FW000022901; FW000007290; FW000005101,Firewall,60,0.85,100.0,SINGLE_SOURCE_ONLY
SEQ-USR-2357,Unknown,USER,GENERAL_ACTIVITY_SEQUENCE,2026-08-29 21:42:48+00:00,2026-08-29 22:40:00+00:00,3432,20,FW000029940; FW000015351; FW000027743; FW000015129; FW000014139; FW000021840; FW000025854; FW000012978; FW000011721; FW000011793; FW000025417; FW000007233; FW000026159; FW000000942; FW000021976; FW000028058; FW000012566; FW000012293; FW000027874; FW000008711,Firewall,60,0.85,100.0,SINGLE_SOURCE_ONLY
SEQ-USR-2358,Unknown,USER,GENERAL_ACTIVITY_SEQUENCE,2026-08-29 22:43:09+00:00,2026-08-29 23:39:31+00:00,3382,18,FW000004266; FW000028401; FW000016256; FW000020879; FW000007542; FW000008057; FW000006483; FW000011500; FW000020445; FW000017138; FW000028503; FW000009656; FW000024689; FW000021050; FW000020922; FW000028745; FW000021677; FW000014779,Firewall,60,0.85,100.0,SINGLE_SOURCE_ONLY
SEQ-USR-2359,Unknown,USER,GENERAL_ACTIVITY_SEQUENCE,2026-08-29 23:44:42+00:00,2026-08-30 00:44:00+00:00,3558,125,FW000019742; FW000015747; FW000013928; FW000028311; FW000020143; FW000002811; FW000021444; FW000006433; FW000000131; FW000000240; FW000001195; FW000001364; FW000001396; FW000001525; FW000001619; FW000002137; FW000002190; FW000002635; FW000003045; FW000003228; FW000003263; FW000003381; FW000003568; FW000003606; FW000003729; FW000003867; FW000004207; FW000004394; FW000004549; FW000004816; FW000005229; FW000005296; FW000005455; FW000006205; FW000006222; FW000006650; FW000006819; FW000007082; FW000007249; FW000007502; FW000008221; FW000008644; FW000010142; FW000010545; FW000010584; FW000010865; FW000010960; FW000011240; FW000011929; FW000012036; FW000012307; FW000012568; FW000012652; FW000012886; FW000013114; FW000013166; FW000013344; FW000013424; FW000014055; FW000014250; FW000015048; FW000015161; FW000015884; FW000016122; FW000016139; FW000016163; FW000016325; FW000016829; FW000016839; FW000016998; FW000017781; FW000018276; FW000018410; FW000018486; FW000018564; FW000018737; FW000018912; FW000019167; FW000019434; FW000019499; FW000020017; FW000020071; FW000020136; FW000020321; FW000020455; FW000020476; FW000021035; FW000021036; FW000021235; FW000021337; FW000021470; FW000022086; FW000022125; FW000022498; FW000022872; FW000023070; FW000023337; FW000023814; FW000024190; FW000024561; FW000025604; FW000025619; FW000025969; FW000026277; FW000027013; FW000027416; FW000027419; FW000027670; FW000028091; FW000028480; FW000028502; FW000028612; FW000029036; FW000029043; FW000029243; FW000029590; FW000019951; FW000002267; FW000001511; FW000004238; FW000001126; FW000008764; FW000004462; FW000014529; FW000021961,Firewall,60,0.85,100.0,SINGLE_SOURCE_ONLY
SEQ-USR-2360,Unknown,USER,GENERAL_ACTIVITY_SEQUENCE,2026-08-30 00:56:13+00:00,2026-08-30 01:53:00+00:00,3407,20,FW000011172; FW000024854; FW000007647; FW000011659; FW000005132; FW000023313; FW000017133; FW000021187; FW000015395; FW000017004; FW000007778; FW000008835; FW000027129; FW000027852; FW000001051; FW000018203; FW000004663; FW000003245; FW000001543; FW000025887,Firewall,60,0.85,100.0,SINGLE_SOURCE_ONLY
SEQ-USR-2361,Unknown,USER,GENERAL_ACTIVITY_SEQUENCE,2026-08-30 01:57:52+00:00,2026-08-30 02:55:54+00:00,3482,18,FW000027247; FW000020729; FW000019079; FW000018232; FW000015165; FW000014129; FW000012749; FW000009460; FW000020858; FW000012962; FW000021212; FW000010233; FW000013968; FW000029685; FW000005365; FW000010010; FW000007418; FW000009697,Firewall,60,0.85,100.0,SINGLE_SOURCE_ONLY
SEQ-USR-2362,Unknown,USER,GENERAL_ACTIVITY_SEQUENCE,2026-08-30 02:57:55+00:00,2026-08-30 03:56:02+00:00,3487,29,FW000004762; FW000002062; FW000010435; FW000017699; FW000005581; FW000012720; FW000004352; FW000019926; FW000002490; FW000003740; FW000020267; FW000017364; FW000020572; FW000018816; FW000008777; FW000007371; FW000001893; FW000018051; FW000017990; FW000003361; FW000014111; FW000026848; FW000009786; FW000017835; FW000024433; FW000024084; FW000002029; FW000029924; FW000007961,Firewall,60,0.85,100.0,SINGLE_SOURCE_ONLY
SEQ-USR-2363,Unknown,USER,GENERAL_ACTIVITY_SEQUENCE,2026-08-30 04:00:55+00:00,2026-08-30 04:53:25+00:00,3150,19,FW000023889; FW000012862; FW000024010; FW000000785; FW000000464; FW000004823; FW000005434; FW000019442; FW000000666; FW000028515; FW000001313; FW000009865; FW000001472; FW000005255; FW000011941; FW000011302; FW000029827; FW000023071; FW000019024,Firewall,60,0.85,100.0,SINGLE_SOURCE_ONLY
SEQ-USR-2364,Unknown,USER,GENERAL_ACTIVITY_SEQUENCE,2026-08-30 05:02:00+00:00,2026-08-30 05:57:42+00:00,3342,15,FW000025306; FW000000854; FW000010036; FW000026011; FW000005869; FW000025627; FW000015698; FW000005561; FW000000767; FW000003931; FW000009676; FW000020620; FW000020908; FW000001916; FW000028880,Firewall,60,0.85,100.0,SINGLE_SOURCE_ONLY
SEQ-USR-2365,Unknown,USER,GENERAL_ACTIVITY_SEQUENCE,2026-08-30 06:04:00+00:00,2026-08-30 07:02:47+00:00,3527,19,FW000000048; FW000012517; FW000027813; FW000000733; FW000021477; FW000008823; FW000002056; FW000017210; FW000027480; FW000016944; FW000002512; FW000009417; FW000001203; FW000017698; FW000028101; FW000026041; FW000025668; FW000002471; FW000025767,Firewall,60,0.85,100.0,SINGLE_SOURCE_ONLY
SEQ-USR-2366,Unknown,USER,GENERAL_ACTIVITY_SEQUENCE,2026-08-30 07:12:27+00:00,2026-08-30 08:11:37+00:00,3550,12,FW000000805; FW000012549; FW000025618; FW000015362; FW000003644; FW000012010; FW000020459; FW000010221; FW000016707; FW000023029; FW000017585; FW000023156,Firewall,60,0.85,100.0,SINGLE_SOURCE_ONLY
SEQ-USR-2367,Unknown,USER,GENERAL_ACTIVITY_SEQUENCE,2026-08-30 08:16:00+00:00,2026-08-30 09:14:45+00:00,3525,20,FW000001462; FW000017309; FW000013626; FW000026375; FW000013011; FW000015471; FW000015970; FW000000740; FW000015171; FW000004429; FW000023277; FW000008953; FW000004311; FW000003492; FW000026289; FW000021379; FW000002835; FW000025196; FW000023601; FW000022227,Firewall,60,0.85,100.0,SINGLE_SOURCE_ONLY
SEQ-USR-2368,Unknown,USER,GENERAL_ACTIVITY_SEQUENCE,2026-08-30 09:16:58+00:00,2026-08-30 10:16:32+00:00,3574,24,FW000006035; FW000016216; FW000003758; FW000013074; FW000018785; FW000013312; FW000007918; FW000028914; FW000008831; FW000009234; FW000006165; FW000013570; FW000028581; FW000012908; FW000007385; FW000003305; FW000023563; FW000015645; FW000009002; FW000019726; FW000017969; FW000021276; FW000012356; FW000005477,Firewall,60,0.85,100.0,SINGLE_SOURCE_ONLY
SEQ-USR-2369,Unknown,USER,GENERAL_ACTIVITY_SEQUENCE,2026-08-30 10:18:00+00:00,2026-08-30 11:17:39+00:00,3579,25,FW000017577; FW000029802; FW000019110; FW000021633; FW000019260; FW000009155; FW000029465; FW000026598; FW000006308; FW000019820; FW000026711; FW000017923; FW000020053; FW000025345; FW000019219; FW000027540; FW000029128; FW000019417; FW000020943; FW000011795; FW000023479; FW000005697; FW000008107; FW000019119; FW000022012,Firewall,60,0.85,100.0,SINGLE_SOURCE_ONLY
SEQ-USR-2370,Unknown,USER,GENERAL_ACTIVITY_SEQUENCE,2026-08-30 11:27:20+00:00,2026-08-30 12:27:00+00:00,3580,20,FW000015625; FW000013967; FW000005607; FW000018765; FW000019579; FW000023218; FW000006842; FW000010783; FW000009106; FW000025386; FW000015788; FW000023142; FW000029612; FW000005139; FW000022660; FW000013461; FW000016070; FW000029849; FW000015517; FW000017041,Firewall,60,0.85,100.0,SINGLE_SOURCE_ONLY
SEQ-USR-2371,Unknown,USER,GENERAL_ACTIVITY_SEQUENCE,2026-08-30 12:31:31+00:00,2026-08-30 13:31:25+00:00,3594,21,FW000020015; FW000021744; FW000016878; FW000007733; FW000004768; FW000028829; FW000003903; FW000017940; FW000001803; FW000017142; FW000003240; FW000017209; FW000024445; FW000001297; FW000005655; FW000023005; FW000010761; FW000006346; FW000009244; FW000007868; FW000000227,Firewall,60,0.85,100.0,SINGLE_SOURCE_ONLY
SEQ-USR-2372,Unknown,USER,GENERAL_ACTIVITY_SEQUENCE,2026-08-30 13:34:31+00:00,2026-08-30 14:32:12+00:00,3461,15,FW000024716; FW000019279; FW000011239; FW000001345; FW000006456; FW000028897; FW000016981; FW000005234; FW000025976; FW000004970; FW000004346; FW000013712; FW000015428; FW000007094; FW000022594,Firewall,60,0.85,100.0,SINGLE_SOURCE_ONLY
SEQ-USR-2373,Unknown,USER,GENERAL_ACTIVITY_SEQUENCE,2026-08-30 14:36:30+00:00,2026-08-30 15:32:32+00:00,3362,25,FW000011376; FW000025242; FW000003365; FW000007598; FW000013954; FW000029624; FW000020180; FW000017894; FW000006069; FW000018644; FW000017484; FW000001534; FW000019874; FW000016926; FW000004920; FW000004895; FW000011006; FW000028133; FW000026961; FW000003364; FW000008249; FW000008662; FW000001128; FW000001870; FW000016262,Firewall,60,0.85,100.0,SINGLE_SOURCE_ONLY
SEQ-USR-2374,Unknown,USER,GENERAL_ACTIVITY_SEQUENCE,2026-08-30 15:41:54+00:00,2026-08-30 16:39:00+00:00,3426,29,FW000009382; FW000028887; FW000021780; FW000026817; FW000014930; FW000021233; FW000015281; FW000003570; FW000000215; FW000024405; FW000019086; FW000005271; FW000021351; FW000006124; FW000010004; FW000012583; FW000011433; FW000002223; FW000005466; FW000019180; FW000027137; FW000001974; FW000001292; FW000012729; FW000020013; FW000003880; FW000021586; FW000027500; FW000028330,Firewall,60,0.85,100.0,SINGLE_SOURCE_ONLY
SEQ-USR-2375,Unknown,USER,GENERAL_ACTIVITY_SEQUENCE,2026-08-30 16:43:41+00:00,2026-08-30 17:39:45+00:00,3364,18,FW000009243; FW000016013; FW000006665; FW000018641; FW000029407; FW000022582; FW000029526; FW000010777; FW000022041; FW000029265; FW000005256; FW000003483; FW000019963; FW000006279; FW000014275; FW000006051; FW000012089; FW000010756,Firewall,60,0.85,100.0,SINGLE_SOURCE_ONLY
SEQ-USR-2376,Unknown,USER,GENERAL_ACTIVITY_SEQUENCE,2026-08-30 17:43:53+00:00,2026-08-30 18:43:00+00:00,3547,18,FW000013867; FW000008789; FW000009927; FW000024963; FW000028902; FW000026703; FW000003966; FW000027006; FW000025616; FW000005554; FW000003569; FW000016602; FW000014576; FW000006648; FW000007229; FW000014617; FW000005525; FW000028082,Firewall,60,0.85,100.0,SINGLE_SOURCE_ONLY
SEQ-USR-2377,Unknown,USER,GENERAL_ACTIVITY_SEQUENCE,2026-08-30 18:45:00+00:00,2026-08-30 19:42:46+00:00,3466,22,FW000002039; FW000004593; FW000000695; FW000018763; FW000024585; FW000018024; FW000029132; FW000028773; FW000021472; FW000004830; FW000002064; FW000009346; FW000012061; FW000014023; FW000029028; FW000005977; FW000002376; FW000018161; FW000023245; FW000013590; FW000012803; FW000009949,Firewall,60,0.85,100.0,SINGLE_SOURCE_ONLY
SEQ-USR-2378,Unknown,USER,GENERAL_ACTIVITY_SEQUENCE,2026-08-30 19:48:10+00:00,2026-08-30 20:41:38+00:00,3208,17,FW000000480; FW000002157; FW000016441; FW000016683; FW000013175; FW000007208; FW000014954; FW000016997; FW000027969; FW000018692; FW000015686; FW000015943; FW000003609; FW000024631; FW000022235; FW000014126; FW000024604,Firewall,60,0.85,100.0,SINGLE_SOURCE_ONLY
SEQ-USR-2379,Unknown,USER,GENERAL_ACTIVITY_SEQUENCE,2026-08-30 20:55:13+00:00,2026-08-30 21:53:00+00:00,3467,17,FW000012792; FW000020139; FW000014734; FW000022442; FW000027025; FW000019871; FW000022471; FW000011471; FW000010397; FW000027580; FW000010978; FW000000253; FW000002323; FW000010372; FW000010369; FW000000591; FW000019034,Firewall,60,0.85,100.0,SINGLE_SOURCE_ONLY
SEQ-USR-2380,Unknown,USER,GENERAL_ACTIVITY_SEQUENCE,2026-08-30 21:58:17+00:00,2026-08-30 22:57:11+00:00,3534,24,FW000011942; FW000020809; FW000015583; FW000018506; FW000025570; FW000000132; FW000005010; FW000020479; FW000016925; FW000004797; FW000021812; FW000011421; FW000003728; FW000018797; FW000023778; FW000028458; FW000014031; FW000005184; FW000012851; FW000027746; FW000029299; FW000027934; FW000007160; FW000029635,Firewall,60,0.85,100.0,SINGLE_SOURCE_ONLY
SEQ-USR-2381,Unknown,USER,GENERAL_ACTIVITY_SEQUENCE,2026-08-30 22:58:21+00:00,2026-08-30 23:58:10+00:00,3589,16,FW000010722; FW000020543; FW000023251; FW000029593; FW000015194; FW000026058; FW000004511; FW000007005; FW000013644; FW000013558; FW000019171; FW000028242; FW000009375; FW000005978; FW000026686; FW000016101,Firewall,60,0.85,100.0,SINGLE_SOURCE_ONLY
SEQ-USR-2382,Unknown,USER,GENERAL_ACTIVITY_SEQUENCE,2026-08-31 00:00:00+00:00,2026-08-31 00:59:17+00:00,3557,134,FW000000015; FW000000093; FW000000356; FW000000601; FW000001001; FW000001379; FW000001623; FW000002105; FW000003701; FW000004225; FW000004486; FW000004553; FW000004556; FW000004614; FW000004661; FW000004693; FW000005781; FW000005787; FW000005808; FW000006118; FW000006357; FW000006498; FW000006525; FW000006554; FW000006575; FW000006684; FW000006767; FW000006952; FW000007865; FW000007986; FW000008119; FW000009134; FW000009249; FW000009328; FW000009371; FW000009671; FW000009696; FW000009702; FW000009844; FW000010066; FW000010153; FW000010745; FW000010802; FW000010817; FW000010877; FW000011022; FW000011036; FW000011125; FW000011334; FW000011439; FW000011568; FW000012115; FW000012562; FW000013275; FW000013324; FW000013585; FW000013616; FW000013636; FW000014359; FW000014966; FW000015059; FW000015196; FW000015283; FW000015294; FW000015334; FW000016435; FW000016453; FW000016719; FW000017086; FW000017097; FW000017134; FW000017787; FW000018096; FW000018179; FW000018631; FW000018664; FW000018960; FW000019068; FW000019282; FW000019334; FW000019599; FW000020173; FW000020468; FW000020579; FW000020785; FW000020882; FW000020912; FW000021368; FW000021981; FW000022024; FW000022117; FW000022250; FW000022449; FW000022502; FW000022689; FW000022839; FW000023389; FW000023392; FW000023798; FW000023912; FW000024493; FW000025088; FW000025487; FW000025779; FW000026679; FW000027318; FW000027341; FW000027481; FW000027634; FW000027724; FW000027851; FW000028820; FW000028986; FW000029221; FW000029482; FW000029671; FW000029925; FW000015646; FW000022360; FW000014887; FW000023971; FW000023231; FW000003131; FW000000387; FW000028854; FW000024402; FW000018616; FW000020525; FW000008866; FW000022632; FW000005140; FW000024967; FW000009551; FW000024311,Firewall,60,0.85,100.0,SINGLE_SOURCE_ONLY
SEQ-USR-2383,Unknown,USER,GENERAL_ACTIVITY_SEQUENCE,2026-08-31 01:01:58+00:00,2026-08-31 01:58:52+00:00,3414,19,FW000028216; FW000024446; FW000003393; FW000018345; FW000004025; FW000012730; FW000008117; FW000015024; FW000007802; FW000004734; FW000023761; FW000017014; FW000015272; FW000008491; FW000009459; FW000007136; FW000018932; FW000017107; FW000026782,Firewall,60,0.85,100.0,SINGLE_SOURCE_ONLY
SEQ-USR-2384,Unknown,USER,GENERAL_ACTIVITY_SEQUENCE,2026-08-31 02:06:00+00:00,2026-08-31 03:05:54+00:00,3594,28,FW000013163; FW000013681; FW000022625; FW000010676; FW000009475; FW000017973; FW000001484; FW000022174; FW000028535; FW000013561; FW000011519; FW000017615; FW000020632; FW000022515; FW000000747; FW000004396; FW000010070; FW000000997; FW000026207; FW000023658; FW000001016; FW000015037; FW000018857; FW000001148; FW000018558; FW000024026; FW000014925; FW000004580,Firewall,60,0.85,100.0,SINGLE_SOURCE_ONLY
SEQ-USR-2385,Unknown,USER,GENERAL_ACTIVITY_SEQUENCE,2026-08-31 03:07:00+00:00,2026-08-31 04:02:41+00:00,3341,25,FW000016552; FW000004681; FW000007740; FW000002206; FW000022163; FW000029104; FW000014351; FW000003629; FW000022796; FW000027613; FW000026136; FW000015219; FW000006874; FW000016979; FW000014484; FW000008518; FW000023335; FW000014679; FW000008490; FW000025299; FW000004645; FW000010774; FW000028084; FW000005040; FW000026570,Firewall,60,0.85,100.0,SINGLE_SOURCE_ONLY
SEQ-USR-2386,Unknown,USER,GENERAL_ACTIVITY_SEQUENCE,2026-08-31 04:10:29+00:00,2026-08-31 05:04:18+00:00,3229,14,FW000022221; FW000005688; FW000008580; FW000020603; FW000010499; FW000018441; FW000010391; FW000019089; FW000014572; FW000006838; FW000027033; FW000020056; FW000020295; FW000019534,Firewall,60,0.85,100.0,SINGLE_SOURCE_ONLY
SEQ-USR-2387,Unknown,USER,GENERAL_ACTIVITY_SEQUENCE,2026-08-31 05:13:34+00:00,2026-08-31 06:08:00+00:00,3266,19,FW000022060; FW000008446; FW000022528; FW000018082; FW000016034; FW000025698; FW000005964; FW000006095; FW000011507; FW000029062; FW000016515; FW000002770; FW000003977; FW000023909; FW000014705; FW000013392; FW000013037; FW000025391; FW000029222,Firewall,60,0.85,100.0,SINGLE_SOURCE_ONLY
SEQ-USR-2388,Unknown,USER,GENERAL_ACTIVITY_SEQUENCE,2026-08-31 06:13:58+00:00,2026-08-31 07:13:03+00:00,3545,24,FW000027042; FW000017421; FW000027547; FW000004950; FW000016480; FW000018750; FW000026748; FW000013051; FW000011109; FW000007788; FW000018892; FW000026641; FW000006485; FW000029548; FW000026736; FW000007377; FW000015072; FW000016161; FW000024136; FW000000720; FW000019227; FW000022392; FW000006107; FW000024443,Firewall,60,0.85,100.0,SINGLE_SOURCE_ONLY
SEQ-USR-2389,Unknown,USER,GENERAL_ACTIVITY_SEQUENCE,2026-08-31 07:16:25+00:00,2026-08-31 08:12:56+00:00,3391,24,FW000016474; FW000018583; FW000004691; FW000012952; FW000003516; FW000026582; FW000025210; FW000024439; FW000017479; FW000016803; FW000026100; FW000029244; FW000000901; FW000008414; FW000029865; FW000015282; FW000009667; FW000002917; FW000002992; FW000020677; FW000021997; FW000015013; FW000000446; FW000020609,Firewall,60,0.85,100.0,SINGLE_SOURCE_ONLY
SEQ-USR-2390,Unknown,USER,GENERAL_ACTIVITY_SEQUENCE,2026-08-31 08:17:04+00:00,2026-08-31 09:14:14+00:00,3430,21,FW000015367; FW000012699; FW000024319; FW000010490; FW000002474; FW000016937; FW000019202; FW000029002; FW000004083; FW000002069; FW000015017; FW000016678; FW000004498; FW000020782; FW000028352; FW000008956; FW000024758; FW000005956; FW000006115; FW000012850; FW000005861,Firewall,60,0.85,100.0,SINGLE_SOURCE_ONLY
SEQ-USR-2391,Unknown,USER,GENERAL_ACTIVITY_SEQUENCE,2026-08-31 09:17:35+00:00,2026-08-31 10:15:28+00:00,3473,14,FW000026222; FW000001077; FW000022107; FW000028571; FW000008286; FW000012529; FW000006553; FW000004997; FW000024828; FW000009115; FW000000095; FW000001542; FW000000003; FW000013657,Firewall,60,0.85,100.0,SINGLE_SOURCE_ONLY
SEQ-USR-2392,Unknown,USER,GENERAL_ACTIVITY_SEQUENCE,2026-08-31 10:24:56+00:00,2026-08-31 11:18:55+00:00,3239,22,FW000002975; FW000018953; FW000011485; FW000015144; FW000003560; FW000018440; FW000024127; FW000004097; FW000019126; FW000028193; FW000016525; FW000009199; FW000025236; FW000012182; FW000028763; FW000026563; FW000023487; FW000029257; FW000025457; FW000011236; FW000003403; FW000002282,Firewall,60,0.85,100.0,SINGLE_SOURCE_ONLY
SEQ-USR-2393,Unknown,USER,GENERAL_ACTIVITY_SEQUENCE,2026-08-31 11:26:00+00:00,2026-08-31 12:05:24+00:00,2364,10,FW000006947; FW000024509; FW000010673; FW000008405; FW000008673; FW000001804; FW000004189; FW000001488; FW000024834; FW000021517,Firewall,60,0.85,100.0,SINGLE_SOURCE_ONLY
SEQ-USR-2394,Unknown,USER,GENERAL_ACTIVITY_SEQUENCE,2026-08-31 12:26:29+00:00,2026-08-31 13:23:00+00:00,3391,18,FW000008840; FW000027597; FW000025592; FW000009331; FW000005377; FW000023569; FW000022318; FW000028329; FW000002410; FW000029047; FW000011452; FW000028682; FW000008785; FW000007473; FW000026325; FW000016940; FW000014932; FW000006014,Firewall,60,0.85,100.0,SINGLE_SOURCE_ONLY
SEQ-USR-2395,Unknown,USER,GENERAL_ACTIVITY_SEQUENCE,2026-08-31 13:28:29+00:00,2026-08-31 14:25:00+00:00,3391,17,FW000024032; FW000019149; FW000002399; FW000004526; FW000009138; FW000005303; FW000003787; FW000027635; FW000027706; FW000013122; FW000016922; FW000017353; FW000018722; FW000020116; FW000021082; FW000021889; FW000004065,Firewall,60,0.85,100.0,SINGLE_SOURCE_ONLY
SEQ-USR-2396,Unknown,USER,GENERAL_ACTIVITY_SEQUENCE,2026-08-31 14:31:55+00:00,2026-08-31 15:31:25+00:00,3570,20,FW000005700; FW000002229; FW000016673; FW000020742; FW000017322; FW000015844; FW000004385; FW000025048; FW000020119; FW000017896; FW000015020; FW000000435; FW000000069; FW000027437; FW000017325; FW000027601; FW000024316; FW000000416; FW000027404; FW000008883,Firewall,60,0.85,100.0,SINGLE_SOURCE_ONLY
SEQ-USR-2397,Unknown,USER,GENERAL_ACTIVITY_SEQUENCE,2026-08-31 15:34:48+00:00,2026-08-31 16:34:48+00:00,3600,19,FW000009120; FW000017385; FW000014428; FW000007411; FW000019381; FW000009236; FW000019280; FW000026407; FW000016721; FW000016242; FW000021715; FW000017150; FW000002946; FW000003192; FW000011712; FW000006733; FW000026975; FW000008583; FW000022026,Firewall,60,0.85,100.0,SINGLE_SOURCE_ONLY
SEQ-USR-2398,Unknown,USER,GENERAL_ACTIVITY_SEQUENCE,2026-08-31 16:40:49+00:00,2026-08-31 17:34:09+00:00,3200,23,FW000017906; FW000001563; FW000014849; FW000024502; FW000001822; FW000016278; FW000006970; FW000029794; FW000007689; FW000027796; FW000008991; FW000018933; FW000020454; FW000024550; FW000018613; FW000029836; FW000014174; FW000000628; FW000009855; FW000008314; FW000004465; FW000020592; FW000017359,Firewall,60,0.85,100.0,SINGLE_SOURCE_ONLY
SEQ-USR-2399,Unknown,USER,GENERAL_ACTIVITY_SEQUENCE,2026-08-31 17:42:00+00:00,2026-08-31 18:36:23+00:00,3263,22,FW000005551; FW000018072; FW000015414; FW000022414; FW000025688; FW000012714; FW000022176; FW000014987; FW000005422; FW000010816; FW000028792; FW000010573; FW000000815; FW000029889; FW000008800; FW000023020; FW000008508; FW000004458; FW000009742; FW000020642; FW000011972; FW000013226,Firewall,60,0.85,100.0,SINGLE_SOURCE_ONLY
SEQ-USR-2400,Unknown,USER,GENERAL_ACTIVITY_SEQUENCE,2026-08-31 18:43:03+00:00,2026-08-31 19:42:48+00:00,3585,20,FW000017624; FW000014161; FW000023439; FW000003630; FW000020683; FW000009577; FW000016554; FW000019794; FW000027306; FW000027989; FW000024794; FW000026842; FW000023979; FW000002585; FW000005306; FW000025160; FW000020773; FW000025007; FW000014630; FW000008487,Firewall,60,0.85,100.0,SINGLE_SOURCE_ONLY
SEQ-USR-2401,Unknown,USER,GENERAL_ACTIVITY_SEQUENCE,2026-08-31 19:44:00+00:00,2026-08-31 20:43:36+00:00,3576,21,FW000027268; FW000014955; FW000001821; FW000019525; FW000009738; FW000019129; FW000016743; FW000022486; FW000016185; FW000012550; FW000015455; FW000022973; FW000029013; FW000001509; FW000020082; FW000002256; FW000015111; FW000015850; FW000012465; FW000017498; FW000024658,Firewall,60,0.85,100.0,SINGLE_SOURCE_ONLY
SEQ-USR-2402,Unknown,USER,GENERAL_ACTIVITY_SEQUENCE,2026-08-31 20:44:58+00:00,2026-08-31 21:44:42+00:00,3584,14,FW000010804; FW000019841; FW000003208; FW000015285; FW000023668; FW000027848; FW000005031; FW000025876; FW000028484; FW000016756; FW000005785; FW000001142; FW000012555; FW000007539,Firewall,60,0.85,100.0,SINGLE_SOURCE_ONLY
SEQ-USR-2403,Unknown,USER,GENERAL_ACTIVITY_SEQUENCE,2026-08-31 21:48:34+00:00,2026-08-31 22:47:00+00:00,3506,15,FW000008628; FW000008391; FW000005002; FW000003697; FW000029436; FW000017248; FW000003338; FW000024130; FW000024829; FW000022223; FW000015318; FW000006537; FW000021403; FW000023730; FW000018167,Firewall,60,0.85,100.0,SINGLE_SOURCE_ONLY
SEQ-USR-2404,Unknown,USER,GENERAL_ACTIVITY_SEQUENCE,2026-08-31 22:50:00+00:00,2026-08-31 23:46:05+00:00,3365,17,FW000027415; FW000007775; FW000015108; FW000023267; FW000002674; FW000025791; FW000012009; FW000005399; FW000028222; FW000011271; FW000004598; FW000005544; FW000014534; FW000005241; FW000025296; FW000014119; FW000022001,Firewall,60,0.85,100.0,SINGLE_SOURCE_ONLY
SEQ-USR-2405,Unknown,USER,GENERAL_ACTIVITY_SEQUENCE,2026-08-31 23:53:00+00:00,2026-09-01 00:47:10+00:00,3250,83,FW000025102; FW000001618; FW000000473; FW000001193; FW000001530; FW000001555; FW000001801; FW000002145; FW000002773; FW000003682; FW000003824; FW000003833; FW000004050; FW000004245; FW000005065; FW000005771; FW000006288; FW000006388; FW000006490; FW000006669; FW000007069; FW000007613; FW000007971; FW000008058; FW000009579; FW000009755; FW000009783; FW000009807; FW000009935; FW000010081; FW000010385; FW000011143; FW000011483; FW000011697; FW000012271; FW000012561; FW000012869; FW000013032; FW000014091; FW000014212; FW000014238; FW000014363; FW000014393; FW000014409; FW000015063; FW000015874; FW000017211; FW000018264; FW000018887; FW000019983; FW000020487; FW000020704; FW000021749; FW000022729; FW000023261; FW000023907; FW000024027; FW000024401; FW000024783; FW000025683; FW000026487; FW000027051; FW000027101; FW000027144; FW000027782; FW000028158; FW000028235; FW000028393; FW000028555; FW000028649; FW000028958; FW000025111; FW000018553; FW000022410; FW000011743; FW000010684; FW000006932; FW000017858; FW000022742; FW000016996; FW000019645; FW000017739; FW000010566,Firewall,60,0.85,100.0,SINGLE_SOURCE_ONLY
SEQ-USR-2406,Unknown,USER,GENERAL_ACTIVITY_SEQUENCE,2026-09-01 00:53:56+00:00,2026-09-01 01:53:39+00:00,3583,12,FW000003158; FW000023932; FW000022921; FW000020075; FW000017920; FW000011586; FW000004211; FW000003465; FW000011574; FW000006628; FW000003902; FW000005921,Firewall,60,0.85,100.0,SINGLE_SOURCE_ONLY
SEQ-USR-2407,Unknown,USER,GENERAL_ACTIVITY_SEQUENCE,2026-09-01 01:55:42+00:00,2026-09-01 02:48:42+00:00,3180,12,FW000018057; FW000028071; FW000012929; FW000002586; FW000011260; FW000003760; FW000010430; FW000013717; FW000029307; FW000008068; FW000005407; FW000022562,Firewall,60,0.85,100.0,SINGLE_SOURCE_ONLY
SEQ-USR-2408,Unknown,USER,GENERAL_ACTIVITY_SEQUENCE,2026-09-01 03:00:10+00:00,2026-09-01 03:59:31+00:00,3561,15,FW000011681; FW000003949; FW000012248; FW000011197; FW000015313; FW000006488; FW000016540; FW000012013; FW000025482; FW000004679; FW000016644; FW000016994; FW000017582; FW000008989; FW000018895,Firewall,60,0.85,100.0,SINGLE_SOURCE_ONLY
SEQ-USR-2409,Unknown,USER,GENERAL_ACTIVITY_SEQUENCE,2026-09-01 04:07:13+00:00,2026-09-01 05:02:42+00:00,3329,14,FW000012264; FW000023295; FW000027731; FW000023269; FW000026385; FW000023548; FW000005083; FW000008170; FW000004875; FW000021062; FW000002713; FW000001890; FW000023978; FW000023589,Firewall,60,0.85,100.0,SINGLE_SOURCE_ONLY
SEQ-USR-2410,Unknown,USER,GENERAL_ACTIVITY_SEQUENCE,2026-09-01 05:11:16+00:00,2026-09-01 06:07:27+00:00,3371,9,FW000024633; FW000013810; FW000004337; FW000020625; FW000028979; FW000009862; FW000026592; FW000014398; FW000027409,Firewall,60,0.85,100.0,SINGLE_SOURCE_ONLY
SEQ-USR-2411,Unknown,USER,GENERAL_ACTIVITY_SEQUENCE,2026-09-01 06:11:44+00:00,2026-09-01 07:08:37+00:00,3413,11,FW000013814; FW000019633; FW000013053; FW000013434; FW000005988; FW000002445; FW000024827; FW000007157; FW000029210; FW000015347; FW000026280,Firewall,60,0.85,100.0,SINGLE_SOURCE_ONLY
SEQ-USR-2412,Unknown,USER,GENERAL_ACTIVITY_SEQUENCE,2026-09-01 07:12:55+00:00,2026-09-01 08:10:31+00:00,3456,17,FW000008325; FW000028481; FW000022629; FW000008403; FW000009769; FW000018826; FW000027088; FW000020705; FW000013472; FW000011220; FW000026802; FW000010184; FW000004093; FW000023021; FW000010664; FW000025561; FW000000276,Firewall,60,0.85,100.0,SINGLE_SOURCE_ONLY
SEQ-USR-2413,Unknown,USER,GENERAL_ACTIVITY_SEQUENCE,2026-09-01 08:16:45+00:00,2026-09-01 09:16:13+00:00,3568,18,FW000012564; FW000026121; FW000004805; FW000009165; FW000002227; FW000002427; FW000023780; FW000026343; FW000004780; FW000002712; FW000010451; FW000026087; FW000026309; FW000001353; FW000010532; FW000021317; FW000010194; FW000026004,Firewall,60,0.85,100.0,SINGLE_SOURCE_ONLY
SEQ-USR-2414,Unknown,USER,GENERAL_ACTIVITY_SEQUENCE,2026-09-01 09:19:12+00:00,2026-09-01 10:17:04+00:00,3472,17,FW000012974; FW000029159; FW000006798; FW000010772; FW000016448; FW000029817; FW000022590; FW000001103; FW000012605; FW000022263; FW000026769; FW000021005; FW000008803; FW000006121; FW000015823; FW000017449; FW000022977,Firewall,60,0.85,100.0,SINGLE_SOURCE_ONLY
SEQ-USR-2415,Unknown,USER,GENERAL_ACTIVITY_SEQUENCE,2026-09-01 10:20:15+00:00,2026-09-01 11:14:06+00:00,3231,13,FW000002706; FW000000986; FW000025461; FW000016899; FW000018688; FW000016519; FW000020112; FW000017968; FW000017762; FW000019007; FW000005489; FW000014010; FW000000616,Firewall,60,0.85,100.0,SINGLE_SOURCE_ONLY
SEQ-USR-2416,Unknown,USER,GENERAL_ACTIVITY_SEQUENCE,2026-09-01 11:20:20+00:00,2026-09-01 12:19:13+00:00,3533,15,FW000000109; FW000010644; FW000008411; FW000021999; FW000014232; FW000024474; FW000015734; FW000020297; FW000029816; FW000021426; FW000008698; FW000003311; FW000003578; FW000008769; FW000026476,Firewall,60,0.85,100.0,SINGLE_SOURCE_ONLY
SEQ-USR-2417,Unknown,USER,GENERAL_ACTIVITY_SEQUENCE,2026-09-01 12:22:28+00:00,2026-09-01 13:21:57+00:00,3569,21,FW000006769; FW000009073; FW000005595; FW000019851; FW000001951; FW000026440; FW000009519; FW000014862; FW000029348; FW000011286; FW000024958; FW000012123; FW000023522; FW000014137; FW000007615; FW000022962; FW000015379; FW000028074; FW000004195; FW000003795; FW000029144,Firewall,60,0.85,100.0,SINGLE_SOURCE_ONLY
SEQ-USR-2418,Unknown,USER,GENERAL_ACTIVITY_SEQUENCE,2026-09-01 13:28:11+00:00,2026-09-01 14:27:31+00:00,3560,16,FW000005726; FW000002552; FW000023802; FW000019290; FW000021145; FW000010167; FW000024005; FW000000294; FW000010249; FW000011948; FW000028272; FW000001237; FW000017114; FW000015025; FW000015789; FW000028963,Firewall,60,0.85,100.0,SINGLE_SOURCE_ONLY
SEQ-USR-2419,Unknown,USER,GENERAL_ACTIVITY_SEQUENCE,2026-09-01 14:28:50+00:00,2026-09-01 15:26:58+00:00,3488,17,FW000027166; FW000014500; FW000018806; FW000015475; FW000014220; FW000016770; FW000018522; FW000004506; FW000025366; FW000017474; FW000022114; FW000026238; FW000014327; FW000014035; FW000003028; FW000029619; FW000003676,Firewall,60,0.85,100.0,SINGLE_SOURCE_ONLY
SEQ-USR-2420,Unknown,USER,GENERAL_ACTIVITY_SEQUENCE,2026-09-01 15:34:06+00:00,2026-09-01 16:32:00+00:00,3474,17,FW000028623; FW000008046; FW000010075; FW000006571; FW000020811; FW000005330; FW000024564; FW000020029; FW000010938; FW000020229; FW000001583; FW000025484; FW000008731; FW000025775; FW000014970; FW000027713; FW000025760,Firewall,60,0.85,100.0,SINGLE_SOURCE_ONLY
SEQ-USR-2421,Unknown,USER,GENERAL_ACTIVITY_SEQUENCE,2026-09-01 16:36:43+00:00,2026-09-01 17:35:00+00:00,3497,19,FW000010619; FW000012226; FW000001309; FW000010412; FW000025563; FW000006163; FW000014828; FW000012407; FW000009461; FW000004800; FW000004483; FW000027631; FW000012959; FW000001277; FW000004896; FW000024360; FW000028622; FW000009570; FW000021400,Firewall,60,0.85,100.0,SINGLE_SOURCE_ONLY
SEQ-USR-2422,Unknown,USER,GENERAL_ACTIVITY_SEQUENCE,2026-09-01 17:38:36+00:00,2026-09-01 18:37:42+00:00,3546,15,FW000002444; FW000014577; FW000006777; FW000008211; FW000008656; FW000006108; FW000013009; FW000016372; FW000011965; FW000014071; FW000006573; FW000014548; FW000003319; FW000003382; FW000002249,Firewall,60,0.85,100.0,SINGLE_SOURCE_ONLY
SEQ-USR-2423,Unknown,USER,GENERAL_ACTIVITY_SEQUENCE,2026-09-01 18:44:01+00:00,2026-09-01 19:41:53+00:00,3472,11,FW000013912; FW000007103; FW000028065; FW000021521; FW000022437; FW000024973; FW000003542; FW000004413; FW000002345; FW000020575; FW000024232,Firewall,60,0.85,100.0,SINGLE_SOURCE_ONLY
SEQ-USR-2424,Unknown,USER,GENERAL_ACTIVITY_SEQUENCE,2026-09-01 19:48:26+00:00,2026-09-01 20:44:15+00:00,3349,15,FW000019977; FW000002104; FW000028018; FW000012528; FW000012309; FW000013176; FW000017193; FW000028249; FW000018459; FW000028859; FW000013039; FW000029499; FW000006431; FW000002340; FW000029528,Firewall,60,0.85,100.0,SINGLE_SOURCE_ONLY
SEQ-USR-2425,Unknown,USER,GENERAL_ACTIVITY_SEQUENCE,2026-09-01 20:48:59+00:00,2026-09-01 21:45:46+00:00,3407,20,FW000026303; FW000016260; FW000018637; FW000000894; FW000026299; FW000010805; FW000015581; FW000011256; FW000006087; FW000024478; FW000015983; FW000011168; FW000011736; FW000016758; FW000022972; FW000008880; FW000023354; FW000020749; FW000019101; FW000022100,Firewall,60,0.85,100.0,SINGLE_SOURCE_ONLY
SEQ-USR-2426,Unknown,USER,GENERAL_ACTIVITY_SEQUENCE,2026-09-01 21:51:40+00:00,2026-09-01 22:50:45+00:00,3545,24,FW000016494; FW000002456; FW000005381; FW000010098; FW000014265; FW000023506; FW000025504; FW000007932; FW000005531; FW000029053; FW000022266; FW000005285; FW000027173; FW000011075; FW000022130; FW000000960; FW000012297; FW000025116; FW000003316; FW000022736; FW000010651; FW000025027; FW000008832; FW000020530,Firewall,60,0.85,100.0,SINGLE_SOURCE_ONLY
SEQ-USR-2427,Unknown,USER,GENERAL_ACTIVITY_SEQUENCE,2026-09-01 22:52:25+00:00,2026-09-01 23:51:32+00:00,3547,12,FW000024331; FW000024955; FW000014847; FW000029733; FW000012985; FW000028209; FW000015683; FW000026878; FW000013995; FW000025527; FW000001952; FW000013643,Firewall,60,0.85,100.0,SINGLE_SOURCE_ONLY
SEQ-USR-2428,Unknown,USER,GENERAL_ACTIVITY_SEQUENCE,2026-09-01 23:53:51+00:00,2026-09-02 00:51:56+00:00,3485,73,FW000019796; FW000013668; FW000000123; FW000000757; FW000000981; FW000001390; FW000002046; FW000002769; FW000003251; FW000004045; FW000004203; FW000005134; FW000005874; FW000006425; FW000006686; FW000007059; FW000007068; FW000007344; FW000008085; FW000008161; FW000009282; FW000009596; FW000010037; FW000010286; FW000010403; FW000011684; FW000012518; FW000013101; FW000013866; FW000013873; FW000014124; FW000015101; FW000016295; FW000017094; FW000017235; FW000017720; FW000018043; FW000018114; FW000018277; FW000018279; FW000018628; FW000019303; FW000019529; FW000020147; FW000021073; FW000021159; FW000021283; FW000021721; FW000022411; FW000022589; FW000022816; FW000023386; FW000024386; FW000025025; FW000025562; FW000027161; FW000027228; FW000027545; FW000027727; FW000028221; FW000028314; FW000029001; FW000029027; FW000029084; FW000018346; FW000005799; FW000012635; FW000004501; FW000016603; FW000028526; FW000019598; FW000014332; FW000029572,Firewall,60,0.85,100.0,SINGLE_SOURCE_ONLY
SEQ-USR-2429,Unknown,USER,GENERAL_ACTIVITY_SEQUENCE,2026-09-02 01:06:00+00:00,2026-09-02 02:04:28+00:00,3508,22,FW000015128; FW000016067; FW000024671; FW000010165; FW000012027; FW000019846; FW000001675; FW000012213; FW000004953; FW000009845; FW000024444; FW000001975; FW000018106; FW000026414; FW000026223; FW000020337; FW000018531; FW000007633; FW000029249; FW000011039; FW000002636; FW000019978,Firewall,60,0.85,100.0,SINGLE_SOURCE_ONLY
SEQ-USR-2430,Unknown,USER,GENERAL_ACTIVITY_SEQUENCE,2026-09-02 02:12:10+00:00,2026-09-02 03:11:55+00:00,3585,11,FW000006806; FW000028875; FW000029099; FW000017752; FW000002010; FW000004638; FW000000318; FW000029302; FW000013283; FW000006598; FW000018520,Firewall,60,0.85,100.0,SINGLE_SOURCE_ONLY
SEQ-USR-2431,Unknown,USER,GENERAL_ACTIVITY_SEQUENCE,2026-09-02 03:16:42+00:00,2026-09-02 04:15:18+00:00,3516,20,FW000011310; FW000024538; FW000008504; FW000012872; FW000008433; FW000007117; FW000028843; FW000016689; FW000006898; FW000018341; FW000019930; FW000017181; FW000025441; FW000019108; FW000028236; FW000025125; FW000024216; FW000008501; FW000013840; FW000007650,Firewall,60,0.85,100.0,SINGLE_SOURCE_ONLY
SEQ-USR-2432,Unknown,USER,GENERAL_ACTIVITY_SEQUENCE,2026-09-02 04:18:20+00:00,2026-09-02 05:13:57+00:00,3337,14,FW000023926; FW000029459; FW000019388; FW000021358; FW000018472; FW000010649; FW000009414; FW000003001; FW000029708; FW000021025; FW000029777; FW000019683; FW000007376; FW000011333,Firewall,60,0.85,100.0,SINGLE_SOURCE_ONLY
SEQ-USR-2433,Unknown,USER,GENERAL_ACTIVITY_SEQUENCE,2026-09-02 05:19:15+00:00,2026-09-02 06:17:44+00:00,3509,14,FW000029672; FW000011832; FW000014949; FW000002081; FW000025026; FW000000908; FW000009508; FW000006739; FW000015514; FW000022463; FW000017363; FW000023477; FW000003957; FW000027693,Firewall,60,0.85,100.0,SINGLE_SOURCE_ONLY
SEQ-USR-2434,Unknown,USER,GENERAL_ACTIVITY_SEQUENCE,2026-09-02 06:28:13+00:00,2026-09-02 07:27:43+00:00,3570,24,FW000024784; FW000010386; FW000025133; FW000008178; FW000017747; FW000000541; FW000010927; FW000019944; FW000013228; FW000022659; FW000013554; FW000027572; FW000028012; FW000016727; FW000010140; FW000003848; FW000008429; FW000016799; FW000000001; FW000029514; FW000020979; FW000005293; FW000005806; FW000019421,Firewall,60,0.85,100.0,SINGLE_SOURCE_ONLY
SEQ-USR-2435,Unknown,USER,GENERAL_ACTIVITY_SEQUENCE,2026-09-02 07:32:16+00:00,2026-09-02 08:26:42+00:00,3266,14,FW000019992; FW000012839; FW000003645; FW000012145; FW000007575; FW000011539; FW000013522; FW000024792; FW000005421; FW000002318; FW000029058; FW000005409; FW000027587; FW000011983,Firewall,60,0.85,100.0,SINGLE_SOURCE_ONLY
SEQ-USR-2436,Unknown,USER,GENERAL_ACTIVITY_SEQUENCE,2026-09-02 08:33:28+00:00,2026-09-02 09:19:10+00:00,2742,12,FW000018835; FW000028915; FW000004684; FW000026779; FW000025275; FW000005254; FW000010103; FW000005739; FW000026665; FW000007469; FW000027233; FW000001785,Firewall,60,0.85,100.0,SINGLE_SOURCE_ONLY
SEQ-USR-2437,Unknown,USER,GENERAL_ACTIVITY_SEQUENCE,2026-09-02 09:37:47+00:00,2026-09-02 10:34:17+00:00,3390,24,FW000012595; FW000022113; FW000020388; FW000005469; FW000017003; FW000018533; FW000023381; FW000020160; FW000029420; FW000024806; FW000006320; FW000014852; FW000000492; FW000007454; FW000010383; FW000009101; FW000004186; FW000028108; FW000010471; FW000028010; FW000014356; FW000007983; FW000016446; FW000010265,Firewall,60,0.85,100.0,SINGLE_SOURCE_ONLY
SEQ-USR-2438,Unknown,USER,GENERAL_ACTIVITY_SEQUENCE,2026-09-02 10:40:12+00:00,2026-09-02 11:33:26+00:00,3194,16,FW000004779; FW000019233; FW000017196; FW000005182; FW000021135; FW000016291; FW000008808; FW000024070; FW000012097; FW000002161; FW000020832; FW000007549; FW000012262; FW000001630; FW000007361; FW000026456,Firewall,60,0.85,100.0,SINGLE_SOURCE_ONLY
SEQ-USR-2439,Unknown,USER,GENERAL_ACTIVITY_SEQUENCE,2026-09-02 11:42:35+00:00,2026-09-02 12:40:19+00:00,3464,13,FW000007315; FW000020737; FW000026279; FW000020192; FW000011844; FW000020004; FW000025983; FW000000611; FW000002865; FW000024196; FW000008858; FW000007941; FW000022097,Firewall,60,0.85,100.0,SINGLE_SOURCE_ONLY
SEQ-USR-2440,Unknown,USER,GENERAL_ACTIVITY_SEQUENCE,2026-09-02 12:46:37+00:00,2026-09-02 13:44:58+00:00,3501,16,FW000009890; FW000008459; FW000007366; FW000004419; FW000021141; FW000027560; FW000017241; FW000016062; FW000026307; FW000018939; FW000028445; FW000015390; FW000002101; FW000004471; FW000018017; FW000004111,Firewall,60,0.85,100.0,SINGLE_SOURCE_ONLY
SEQ-USR-2441,Unknown,USER,GENERAL_ACTIVITY_SEQUENCE,2026-09-02 13:48:19+00:00,2026-09-02 14:47:42+00:00,3563,16,FW000004248; FW000020771; FW000021024; FW000002324; FW000024300; FW000014369; FW000006304; FW000008404; FW000023176; FW000014693; FW000007834; FW000005640; FW000001475; FW000027542; FW000025378; FW000020366,Firewall,60,0.85,100.0,SINGLE_SOURCE_ONLY
SEQ-USR-2442,Unknown,USER,GENERAL_ACTIVITY_SEQUENCE,2026-09-02 14:49:48+00:00,2026-09-02 15:47:04+00:00,3436,17,FW000001380; FW000008055; FW000021903; FW000024397; FW000026728; FW000013078; FW000019858; FW000001789; FW000022434; FW000015487; FW000027055; FW000015452; FW000010540; FW000004103; FW000025972; FW000028233; FW000006445,Firewall,60,0.85,100.0,SINGLE_SOURCE_ONLY
SEQ-USR-2443,Unknown,USER,GENERAL_ACTIVITY_SEQUENCE,2026-09-02 15:49:58+00:00,2026-09-02 16:39:06+00:00,2948,11,FW000026746; FW000008196; FW000014631; FW000015554; FW000013421; FW000008963; FW000003965; FW000019444; FW000000312; FW000006876; FW000005148,Firewall,60,0.85,100.0,SINGLE_SOURCE_ONLY
SEQ-USR-2444,Unknown,USER,GENERAL_ACTIVITY_SEQUENCE,2026-09-02 16:57:45+00:00,2026-09-02 17:56:25+00:00,3520,16,FW000016145; FW000027436; FW000022264; FW000025630; FW000014114; FW000011317; FW000016386; FW000012032; FW000008973; FW000004782; FW000026252; FW000008037; FW000005424; FW000008614; FW000020920; FW000010079,Firewall,60,0.85,100.0,SINGLE_SOURCE_ONLY
SEQ-USR-2445,Unknown,USER,GENERAL_ACTIVITY_SEQUENCE,2026-09-02 17:58:06+00:00,2026-09-02 18:54:01+00:00,3355,23,FW000004585; FW000026700; FW000024961; FW000004683; FW000016992; FW000023242; FW000028376; FW000019253; FW000022376; FW000016484; FW000005730; FW000013113; FW000007360; FW000018654; FW000022273; FW000007774; FW000015864; FW000019277; FW000002341; FW000012694; FW000016300; FW000007736; FW000014931,Firewall,60,0.85,100.0,SINGLE_SOURCE_ONLY
SEQ-USR-2446,Unknown,USER,GENERAL_ACTIVITY_SEQUENCE,2026-09-02 19:04:01+00:00,2026-09-02 20:01:15+00:00,3434,15,FW000000195; FW000018595; FW000018910; FW000005250; FW000029280; FW000020376; FW000021223; FW000008921; FW000009864; FW000027994; FW000003984; FW000026339; FW000015246; FW000009038; FW000025392,Firewall,60,0.85,100.0,SINGLE_SOURCE_ONLY
SEQ-USR-2447,Unknown,USER,GENERAL_ACTIVITY_SEQUENCE,2026-09-02 20:04:16+00:00,2026-09-02 21:02:27+00:00,3491,15,FW000024864; FW000002103; FW000005850; FW000024737; FW000024483; FW000018705; FW000024014; FW000022622; FW000007350; FW000029430; FW000000566; FW000019518; FW000022305; FW000018997; FW000010668,Firewall,60,0.85,100.0,SINGLE_SOURCE_ONLY
SEQ-USR-2448,Unknown,USER,GENERAL_ACTIVITY_SEQUENCE,2026-09-02 21:08:13+00:00,2026-09-02 22:07:31+00:00,3558,23,FW000021649; FW000008137; FW000006395; FW000000246; FW000006803; FW000023000; FW000017731; FW000014095; FW000007649; FW000029376; FW000006017; FW000015762; FW000023173; FW000005273; FW000020578; FW000013466; FW000004040; FW000019911; FW000028548; FW000000205; FW000023461; FW000012800; FW000023771,Firewall,60,0.85,100.0,SINGLE_SOURCE_ONLY
SEQ-USR-2449,Unknown,USER,GENERAL_ACTIVITY_SEQUENCE,2026-09-02 22:15:14+00:00,2026-09-02 22:59:52+00:00,2678,11,FW000019432; FW000011048; FW000028550; FW000007325; FW000018881; FW000018323; FW000023822; FW000017037; FW000008322; FW000019185; FW000024701,Firewall,60,0.85,100.0,SINGLE_SOURCE_ONLY
SEQ-USR-2450,Unknown,USER,GENERAL_ACTIVITY_SEQUENCE,2026-09-02 23:17:42+00:00,2026-09-03 00:16:49+00:00,3547,68,FW000024985; FW000023640; FW000002598; FW000024999; FW000025320; FW000015915; FW000012773; FW000028115; FW000020049; FW000026614; FW000016057; FW000022413; FW000006620; FW000023442; FW000000448; FW000000856; FW000001581; FW000001871; FW000002118; FW000003918; FW000004854; FW000005243; FW000007708; FW000007839; FW000010463; FW000010918; FW000011369; FW000011512; FW000011917; FW000012038; FW000012360; FW000012361; FW000012856; FW000013125; FW000013229; FW000013405; FW000014153; FW000014358; FW000014543; FW000014777; FW000015316; FW000015543; FW000015984; FW000016005; FW000016440; FW000017694; FW000019363; FW000019687; FW000019921; FW000021184; FW000021231; FW000021821; FW000021831; FW000022167; FW000022914; FW000023465; FW000023572; FW000023586; FW000023845; FW000023910; FW000025415; FW000026742; FW000026976; FW000002286; FW000018217; FW000005645; FW000021053; FW000000516,Firewall,60,0.85,100.0,SINGLE_SOURCE_ONLY
SEQ-USR-2451,Unknown,USER,GENERAL_ACTIVITY_SEQUENCE,2026-09-03 00:20:58+00:00,2026-09-03 01:10:26+00:00,2968,15,FW000002050; FW000016716; FW000006316; FW000005919; FW000026667; FW000016224; FW000015495; FW000003434; FW000024364; FW000003565; FW000020417; FW000028002; FW000011602; FW000010605; FW000014512,Firewall,60,0.85,100.0,SINGLE_SOURCE_ONLY
SEQ-USR-2452,Unknown,USER,GENERAL_ACTIVITY_SEQUENCE,2026-09-03 01:20:59+00:00,2026-09-03 02:17:26+00:00,3387,22,FW000002296; FW000001088; FW000005036; FW000026335; FW000019478; FW000007186; FW000019109; FW000012481; FW000003302; FW000000609; FW000020221; FW000020283; FW000004522; FW000013507; FW000019489; FW000019339; FW000023351; FW000000586; FW000028246; FW000025635; FW000015669; FW000002494,Firewall,60,0.85,100.0,SINGLE_SOURCE_ONLY
SEQ-USR-2453,Unknown,USER,GENERAL_ACTIVITY_SEQUENCE,2026-09-03 02:24:52+00:00,2026-09-03 03:17:31+00:00,3159,12,FW000016460; FW000024814; FW000011544; FW000029114; FW000026221; FW000029856; FW000006539; FW000013199; FW000019237; FW000009539; FW000010961; FW000018021,Firewall,60,0.85,100.0,SINGLE_SOURCE_ONLY
SEQ-USR-2454,Unknown,USER,GENERAL_ACTIVITY_SEQUENCE,2026-09-03 03:30:31+00:00,2026-09-03 04:28:49+00:00,3498,17,FW000023072; FW000007118; FW000000623; FW000027397; FW000014865; FW000023652; FW000028489; FW000013308; FW000008093; FW000009202; FW000025731; FW000005347; FW000021013; FW000011834; FW000026584; FW000012110; FW000003907,Firewall,60,0.85,100.0,SINGLE_SOURCE_ONLY
SEQ-USR-2455,Unknown,USER,GENERAL_ACTIVITY_SEQUENCE,2026-09-03 04:34:20+00:00,2026-09-03 05:34:05+00:00,3585,20,FW000004981; FW000012072; FW000004017; FW000016467; FW000011971; FW000013406; FW000021273; FW000014019; FW000003130; FW000012337; FW000002820; FW000013556; FW000017102; FW000021436; FW000027134; FW000008962; FW000023221; FW000012253; FW000023486; FW000028280,Firewall,60,0.85,100.0,SINGLE_SOURCE_ONLY
SEQ-USR-2456,Unknown,USER,GENERAL_ACTIVITY_SEQUENCE,2026-09-03 05:38:01+00:00,2026-09-03 06:35:32+00:00,3451,21,FW000003874; FW000014956; FW000022511; FW000010855; FW000004750; FW000029989; FW000003557; FW000019063; FW000006999; FW000005113; FW000005096; FW000025846; FW000003575; FW000026162; FW000024537; FW000003394; FW000000256; FW000015803; FW000012570; FW000020218; FW000023276,Firewall,60,0.85,100.0,SINGLE_SOURCE_ONLY
SEQ-USR-2457,Unknown,USER,GENERAL_ACTIVITY_SEQUENCE,2026-09-03 06:40:34+00:00,2026-09-03 07:38:26+00:00,3472,19,FW000024736; FW000009487; FW000027120; FW000008174; FW000003027; FW000016075; FW000013054; FW000028170; FW000002497; FW000008069; FW000010469; FW000004659; FW000005013; FW000018474; FW000003333; FW000000135; FW000013921; FW000000180; FW000010601,Firewall,60,0.85,100.0,SINGLE_SOURCE_ONLY
SEQ-USR-2458,Unknown,USER,GENERAL_ACTIVITY_SEQUENCE,2026-09-03 07:46:29+00:00,2026-09-03 08:42:20+00:00,3351,21,FW000015430; FW000022965; FW000008499; FW000021724; FW000006857; FW000018856; FW000007330; FW000002936; FW000014691; FW000025033; FW000019166; FW000024486; FW000028809; FW000010232; FW000024094; FW000014639; FW000013900; FW000002375; FW000024490; FW000013304; FW000019076,Firewall,60,0.85,100.0,SINGLE_SOURCE_ONLY
SEQ-USR-2459,Unknown,USER,GENERAL_ACTIVITY_SEQUENCE,2026-09-03 08:48:46+00:00,2026-09-03 09:44:43+00:00,3357,23,FW000024169; FW000024580; FW000016045; FW000011959; FW000024211; FW000019057; FW000006354; FW000020344; FW000011017; FW000021973; FW000027881; FW000010388; FW000019690; FW000024851; FW000003936; FW000019494; FW000017376; FW000010881; FW000020831; FW000019283; FW000025020; FW000003636; FW000012670,Firewall,60,0.85,100.0,SINGLE_SOURCE_ONLY
SEQ-USR-2460,Unknown,USER,GENERAL_ACTIVITY_SEQUENCE,2026-09-03 09:53:22+00:00,2026-09-03 10:49:59+00:00,3397,14,FW000029212; FW000021349; FW000004096; FW000010514; FW000022074; FW000015177; FW000011356; FW000010686; FW000019831; FW000018581; FW000005671; FW000021740; FW000021081; FW000000143,Firewall,60,0.85,100.0,SINGLE_SOURCE_ONLY
SEQ-USR-2461,Unknown,USER,GENERAL_ACTIVITY_SEQUENCE,2026-09-03 10:59:23+00:00,2026-09-03 11:59:00+00:00,3577,16,FW000019341; FW000009153; FW000019255; FW000011998; FW000018893; FW000013431; FW000017566; FW000015293; FW000024387; FW000004482; FW000026240; FW000001880; FW000025931; FW000018591; FW000021265; FW000016357,Firewall,60,0.85,100.0,SINGLE_SOURCE_ONLY
SEQ-USR-2462,Unknown,USER,GENERAL_ACTIVITY_SEQUENCE,2026-09-03 12:01:08+00:00,2026-09-03 12:59:51+00:00,3523,16,FW000011922; FW000022967; FW000008528; FW000012831; FW000001879; FW000015685; FW000005601; FW000000594; FW000013365; FW000010985; FW000018014; FW000027598; FW000012209; FW000023081; FW000026469; FW000009195,Firewall,60,0.85,100.0,SINGLE_SOURCE_ONLY
SEQ-USR-2463,Unknown,USER,GENERAL_ACTIVITY_SEQUENCE,2026-09-03 13:13:59+00:00,2026-09-03 14:07:02+00:00,3183,10,FW000016999; FW000011567; FW000008663; FW000017129; FW000026855; FW000027275; FW000013171; FW000008795; FW000024606; FW000013178,Firewall,60,0.85,100.0,SINGLE_SOURCE_ONLY
SEQ-USR-2464,Unknown,USER,GENERAL_ACTIVITY_SEQUENCE,2026-09-03 14:23:50+00:00,2026-09-03 15:20:55+00:00,3425,16,FW000029315; FW000011360; FW000020509; FW000016206; FW000008273; FW000005636; FW000013864; FW000007686; FW000019088; FW000003054; FW000018573; FW000005855; FW000008131; FW000008651; FW000021091; FW000016806,Firewall,60,0.85,100.0,SINGLE_SOURCE_ONLY
SEQ-USR-2465,Unknown,USER,GENERAL_ACTIVITY_SEQUENCE,2026-09-03 15:26:44+00:00,2026-09-03 16:21:11+00:00,3267,16,FW000016378; FW000002572; FW000024532; FW000002822; FW000004293; FW000005143; FW000000881; FW000008243; FW000021343; FW000023696; FW000029510; FW000019738; FW000015555; FW000017096; FW000029296; FW000008437,Firewall,60,0.85,100.0,SINGLE_SOURCE_ONLY
SEQ-USR-2466,Unknown,USER,GENERAL_ACTIVITY_SEQUENCE,2026-09-03 16:32:06+00:00,2026-09-03 17:30:38+00:00,3512,19,FW000004629; FW000006305; FW000009410; FW000000779; FW000013623; FW000008710; FW000005514; FW000007108; FW000007645; FW000003755; FW000000173; FW000023230; FW000021754; FW000016564; FW000013916; FW000019239; FW000013063; FW000026031; FW000012064,Firewall,60,0.85,100.0,SINGLE_SOURCE_ONLY
SEQ-USR-2467,Unknown,USER,GENERAL_ACTIVITY_SEQUENCE,2026-09-03 17:33:12+00:00,2026-09-03 18:29:14+00:00,3362,15,FW000002325; FW000010164; FW000003906; FW000002785; FW000028752; FW000002570; FW000022352; FW000006595; FW000004531; FW000012613; FW000002679; FW000027309; FW000014881; FW000026816; FW000010679,Firewall,60,0.85,100.0,SINGLE_SOURCE_ONLY
SEQ-USR-2468,Unknown,USER,GENERAL_ACTIVITY_SEQUENCE,2026-09-03 18:41:19+00:00,2026-09-03 19:34:51+00:00,3212,28,FW000020175; FW000003233; FW000028947; FW000026678; FW000022607; FW000028771; FW000012241; FW000013090; FW000000620; FW000007687; FW000013515; FW000020989; FW000018318; FW000015799; FW000026117; FW000002689; FW000016219; FW000014998; FW000020640; FW000002581; FW000016346; FW000002106; FW000005929; FW000002731; FW000005672; FW000011937; FW000012118; FW000007990,Firewall,60,0.85,100.0,SINGLE_SOURCE_ONLY
SEQ-USR-2469,Unknown,USER,GENERAL_ACTIVITY_SEQUENCE,2026-09-03 19:43:13+00:00,2026-09-03 20:43:08+00:00,3595,18,FW000017934; FW000021685; FW000025695; FW000003840; FW000015630; FW000007138; FW000024807; FW000016682; FW000010417; FW000010130; FW000018369; FW000013460; FW000017226; FW000014218; FW000016437; FW000015957; FW000019148; FW000013699,Firewall,60,0.85,100.0,SINGLE_SOURCE_ONLY
SEQ-USR-2470,Unknown,USER,GENERAL_ACTIVITY_SEQUENCE,2026-09-03 20:44:03+00:00,2026-09-03 21:35:05+00:00,3062,16,FW000025882; FW000017423; FW000028161; FW000000674; FW000024147; FW000007760; FW000014330; FW000017954; FW000009059; FW000012006; FW000000333; FW000016745; FW000015002; FW000019934; FW000011428; FW000010533,Firewall,60,0.85,100.0,SINGLE_SOURCE_ONLY
SEQ-USR-2471,Unknown,USER,GENERAL_ACTIVITY_SEQUENCE,2026-09-03 21:51:41+00:00,2026-09-03 22:45:39+00:00,3238,17,FW000000784; FW000018321; FW000029108; FW000029822; FW000020092; FW000025937; FW000011935; FW000007472; FW000003122; FW000017125; FW000025206; FW000004625; FW000024734; FW000006627; FW000021767; FW000019251; FW000007476,Firewall,60,0.85,100.0,SINGLE_SOURCE_ONLY
SEQ-USR-2472,Unknown,USER,GENERAL_ACTIVITY_SEQUENCE,2026-09-03 22:51:56+00:00,2026-09-03 23:49:46+00:00,3470,21,FW000024270; FW000005646; FW000019702; FW000020286; FW000008557; FW000002967; FW000008967; FW000000113; FW000018312; FW000027593; FW000013966; FW000014793; FW000018349; FW000002053; FW000003785; FW000007738; FW000009677; FW000023956; FW000024531; FW000013764; FW000010434,Firewall,60,0.85,100.0,SINGLE_SOURCE_ONLY
SEQ-USR-2473,Unknown,USER,GENERAL_ACTIVITY_SEQUENCE,2026-09-03 23:52:33+00:00,2026-09-04 00:51:42+00:00,3549,82,FW000023155; FW000016605; FW000008675; FW000000409; FW000016157; FW000000452; FW000001358; FW000001459; FW000001980; FW000001986; FW000002460; FW000003044; FW000003048; FW000003688; FW000003964; FW000003988; FW000004341; FW000004435; FW000004831; FW000005295; FW000005728; FW000006250; FW000007989; FW000008146; FW000008699; FW000009112; FW000009628; FW000009634; FW000010246; FW000010256; FW000010277; FW000010870; FW000010917; FW000011127; FW000012068; FW000012905; FW000013042; FW000013095; FW000013224; FW000013489; FW000014034; FW000014298; FW000015385; FW000016410; FW000016472; FW000016619; FW000017070; FW000018085; FW000018176; FW000018364; FW000019426; FW000020087; FW000021070; FW000021346; FW000021445; FW000022373; FW000022588; FW000022652; FW000024492; FW000024556; FW000024821; FW000025234; FW000025851; FW000026459; FW000026581; FW000026691; FW000027681; FW000028387; FW000028642; FW000011094; FW000021639; FW000024777; FW000017278; FW000015363; FW000021452; FW000000230; FW000013670; FW000005996; FW000017395; FW000029936; FW000026783; FW000015071,Firewall,60,0.85,100.0,SINGLE_SOURCE_ONLY
SEQ-USR-2474,Unknown,USER,GENERAL_ACTIVITY_SEQUENCE,2026-09-04 01:02:34+00:00,2026-09-04 02:02:05+00:00,3571,14,FW000010953; FW000026473; FW000001824; FW000017907; FW000002961; FW000014185; FW000025544; FW000010380; FW000012081; FW000028517; FW000001703; FW000004011; FW000019716; FW000019567,Firewall,60,0.85,100.0,SINGLE_SOURCE_ONLY
SEQ-USR-2475,Unknown,USER,GENERAL_ACTIVITY_SEQUENCE,2026-09-04 02:02:39+00:00,2026-09-04 02:58:08+00:00,3329,12,FW000008007; FW000001878; FW000012884; FW000023356; FW000022520; FW000008260; FW000023183; FW000005512; FW000021991; FW000016656; FW000020355; FW000013070,Firewall,60,0.85,100.0,SINGLE_SOURCE_ONLY
SEQ-USR-2476,Unknown,USER,GENERAL_ACTIVITY_SEQUENCE,2026-09-04 03:05:12+00:00,2026-09-04 04:05:06+00:00,3594,16,FW000026211; FW000013084; FW000012585; FW000009653; FW000026912; FW000010336; FW000015008; FW000028067; FW000025276; FW000000104; FW000029107; FW000000808; FW000017661; FW000015998; FW000001436; FW000019705,Firewall,60,0.85,100.0,SINGLE_SOURCE_ONLY
SEQ-USR-2477,Unknown,USER,GENERAL_ACTIVITY_SEQUENCE,2026-09-04 04:09:37+00:00,2026-09-04 05:07:48+00:00,3491,18,FW000014211; FW000019589; FW000008396; FW000027174; FW000012312; FW000011506; FW000019357; FW000023331; FW000017155; FW000023828; FW000024240; FW000004397; FW000016694; FW000004923; FW000028758; FW000006416; FW000003408; FW000020741,Firewall,60,0.85,100.0,SINGLE_SOURCE_ONLY
SEQ-USR-2478,Unknown,USER,GENERAL_ACTIVITY_SEQUENCE,2026-09-04 05:13:40+00:00,2026-09-04 06:03:45+00:00,3005,14,FW000020778; FW000022706; FW000015423; FW000013150; FW000000157; FW000017043; FW000016814; FW000025884; FW000000872; FW000010107; FW000017872; FW000020515; FW000025850; FW000003197,Firewall,60,0.85,100.0,SINGLE_SOURCE_ONLY
SEQ-USR-2479,Unknown,USER,GENERAL_ACTIVITY_SEQUENCE,2026-09-04 06:19:29+00:00,2026-09-04 07:05:56+00:00,2787,10,FW000008469; FW000025423; FW000008193; FW000005075; FW000013025; FW000022272; FW000029976; FW000015955; FW000023823; FW000024111,Firewall,60,0.85,100.0,SINGLE_SOURCE_ONLY
SEQ-USR-2480,Unknown,USER,GENERAL_ACTIVITY_SEQUENCE,2026-09-04 07:23:22+00:00,2026-09-04 08:17:08+00:00,3226,23,FW000023300; FW000019530; FW000022773; FW000022663; FW000023774; FW000024410; FW000008083; FW000025413; FW000017825; FW000004757; FW000016020; FW000023039; FW000002433; FW000005836; FW000026629; FW000013169; FW000016543; FW000012684; FW000019839; FW000019943; FW000003477; FW000003106; FW000008682,Firewall,60,0.85,100.0,SINGLE_SOURCE_ONLY
SEQ-USR-2481,Unknown,USER,GENERAL_ACTIVITY_SEQUENCE,2026-09-04 08:28:34+00:00,2026-09-04 09:28:13+00:00,3579,25,FW000004529; FW000025569; FW000015186; FW000020249; FW000000470; FW000026332; FW000019514; FW000002540; FW000021874; FW000000890; FW000016894; FW000007691; FW000026690; FW000005848; FW000005042; FW000018758; FW000009946; FW000023402; FW000000287; FW000028285; FW000005701; FW000018913; FW000005938; FW000024269; FW000024763,Firewall,60,0.85,100.0,SINGLE_SOURCE_ONLY
SEQ-USR-2482,Unknown,USER,GENERAL_ACTIVITY_SEQUENCE,2026-09-04 09:35:23+00:00,2026-09-04 10:34:51+00:00,3568,17,FW000002922; FW000023811; FW000016359; FW000024868; FW000019299; FW000001233; FW000020734; FW000025719; FW000019294; FW000001337; FW000012138; FW000008098; FW000022399; FW000007532; FW000020421; FW000010475; FW000004270,Firewall,60,0.85,100.0,SINGLE_SOURCE_ONLY
SEQ-USR-2483,Unknown,USER,GENERAL_ACTIVITY_SEQUENCE,2026-09-04 10:35:40+00:00,2026-09-04 11:34:58+00:00,3558,19,FW000017059; FW000013792; FW000013322; FW000021003; FW000001823; FW000021124; FW000018962; FW000023951; FW000021431; FW000004977; FW000012930; FW000004422; FW000012818; FW000022593; FW000012898; FW000012969; FW000013281; FW000019234; FW000001699,Firewall,60,0.85,100.0,SINGLE_SOURCE_ONLY
SEQ-USR-2484,Unknown,USER,GENERAL_ACTIVITY_SEQUENCE,2026-09-04 11:37:43+00:00,2026-09-04 12:24:45+00:00,2822,7,FW000004196; FW000029121; FW000029301; FW000008495; FW000019439; FW000003289; FW000007338,Firewall,60,0.85,100.0,SINGLE_SOURCE_ONLY
SEQ-USR-2485,Unknown,USER,GENERAL_ACTIVITY_SEQUENCE,2026-09-04 12:44:25+00:00,2026-09-04 13:38:01+00:00,3216,14,FW000006820; FW000000934; FW000009026; FW000025349; FW000002476; FW000011289; FW000010461; FW000006908; FW000008838; FW000018982; FW000016905; FW000019160; FW000002624; FW000002595,Firewall,60,0.85,100.0,SINGLE_SOURCE_ONLY
SEQ-USR-2486,Unknown,USER,GENERAL_ACTIVITY_SEQUENCE,2026-09-04 13:44:43+00:00,2026-09-04 14:43:30+00:00,3527,19,FW000028125; FW000021347; FW000023318; FW000020940; FW000019539; FW000026530; FW000008571; FW000025328; FW000018928; FW000025660; FW000023703; FW000024441; FW000025368; FW000017506; FW000012171; FW000026206; FW000019031; FW000005665; FW000005692,Firewall,60,0.85,100.0,SINGLE_SOURCE_ONLY
SEQ-USR-2487,Unknown,USER,GENERAL_ACTIVITY_SEQUENCE,2026-09-04 14:50:18+00:00,2026-09-04 15:39:58+00:00,2980,15,FW000016038; FW000020869; FW000028983; FW000028398; FW000009605; FW000010074; FW000029560; FW000016107; FW000005147; FW000023913; FW000027142; FW000012983; FW000009123; FW000023973; FW000015501,Firewall,60,0.85,100.0,SINGLE_SOURCE_ONLY
SEQ-USR-2488,Unknown,USER,GENERAL_ACTIVITY_SEQUENCE,2026-09-04 16:00:00+00:00,2026-09-04 16:59:46+00:00,3586,15,FW000029908; FW000009004; FW000006140; FW000028496; FW000021605; FW000019844; FW000028268; FW000022637; FW000003388; FW000013557; FW000022910; FW000000146; FW000026006; FW000013548; FW000011833,Firewall,60,0.85,100.0,SINGLE_SOURCE_ONLY
SEQ-USR-2489,Unknown,USER,GENERAL_ACTIVITY_SEQUENCE,2026-09-04 17:04:41+00:00,2026-09-04 17:51:44+00:00,2823,15,FW000008599; FW000012547; FW000016068; FW000007303; FW000002419; FW000029897; FW000016088; FW000024634; FW000005076; FW000003727; FW000017044; FW000011930; FW000021182; FW000027857; FW000012643,Firewall,60,0.85,100.0,SINGLE_SOURCE_ONLY
SEQ-USR-2490,Unknown,USER,GENERAL_ACTIVITY_SEQUENCE,2026-09-04 18:05:54+00:00,2026-09-04 19:05:12+00:00,3558,14,FW000004546; FW000025511; FW000020243; FW000017715; FW000004670; FW000022543; FW000017507; FW000013701; FW000005186; FW000010411; FW000012162; FW000029839; FW000014604; FW000024718,Firewall,60,0.85,100.0,SINGLE_SOURCE_ONLY
SEQ-USR-2491,Unknown,USER,GENERAL_ACTIVITY_SEQUENCE,2026-09-04 19:11:41+00:00,2026-09-04 20:02:38+00:00,3057,14,FW000020371; FW000002000; FW000021492; FW000029855; FW000010718; FW000000432; FW000011616; FW000007664; FW000018841; FW000010629; FW000002396; FW000026919; FW000002027; FW000004303,Firewall,60,0.85,100.0,SINGLE_SOURCE_ONLY
SEQ-USR-2492,Unknown,USER,GENERAL_ACTIVITY_SEQUENCE,2026-09-04 20:15:48+00:00,2026-09-04 20:59:07+00:00,2599,17,FW000026796; FW000013902; FW000022925; FW000020169; FW000022056; FW000000290; FW000012829; FW000007912; FW000013661; FW000001977; FW000015441; FW000021405; FW000011038; FW000026886; FW000006508; FW000019365; FW000009420,Firewall,60,0.85,100.0,SINGLE_SOURCE_ONLY
SEQ-USR-2493,Unknown,USER,GENERAL_ACTIVITY_SEQUENCE,2026-09-04 21:18:46+00:00,2026-09-04 22:18:36+00:00,3590,18,FW000013598; FW000015761; FW000027947; FW000018875; FW000014384; FW000005097; FW000003953; FW000010653; FW000025084; FW000001288; FW000005989; FW000003030; FW000017848; FW000021479; FW000023416; FW000013408; FW000006695; FW000006943,Firewall,60,0.85,100.0,SINGLE_SOURCE_ONLY
SEQ-USR-2494,Unknown,USER,GENERAL_ACTIVITY_SEQUENCE,2026-09-04 22:21:01+00:00,2026-09-04 23:18:02+00:00,3421,21,FW000019971; FW000019296; FW000000920; FW000010287; FW000025754; FW000018399; FW000027686; FW000014827; FW000013350; FW000024903; FW000017250; FW000021934; FW000020217; FW000021381; FW000020114; FW000006113; FW000009061; FW000015722; FW000011058; FW000005413; FW000018056,Firewall,60,0.85,100.0,SINGLE_SOURCE_ONLY
SEQ-USR-2495,Unknown,USER,GENERAL_ACTIVITY_SEQUENCE,2026-09-04 23:29:05+00:00,2026-09-05 00:21:41+00:00,3156,74,FW000008455; FW000017626; FW000005274; FW000021072; FW000011746; FW000021361; FW000020904; FW000008564; FW000000621; FW000020621; FW000011831; FW000003935; FW000010912; FW000000388; FW000000870; FW000000962; FW000001041; FW000001211; FW000001537; FW000001627; FW000002155; FW000002878; FW000002906; FW000003066; FW000003851; FW000004131; FW000004827; FW000006010; FW000006079; FW000007239; FW000007668; FW000007936; FW000009102; FW000011680; FW000012177; FW000012260; FW000012941; FW000012965; FW000013439; FW000013828; FW000014099; FW000014774; FW000014964; FW000015350; FW000016186; FW000016562; FW000018164; FW000018593; FW000018665; FW000019130; FW000019261; FW000019285; FW000019338; FW000022004; FW000022087; FW000022229; FW000023250; FW000024512; FW000024700; FW000024745; FW000025240; FW000026216; FW000026836; FW000027235; FW000027707; FW000027823; FW000028361; FW000028753; FW000028861; FW000029017; FW000004147; FW000020688; FW000029784; FW000008488,Firewall,60,0.85,100.0,SINGLE_SOURCE_ONLY
SEQ-USR-2496,Unknown,USER,GENERAL_ACTIVITY_SEQUENCE,2026-09-05 00:30:13+00:00,2026-09-05 01:24:12+00:00,3239,11,FW000009543; FW000008496; FW000024953; FW000011199; FW000005428; FW000007367; FW000021629; FW000018541; FW000003558; FW000002261; FW000025435,Firewall,60,0.85,100.0,SINGLE_SOURCE_ONLY
SEQ-USR-2497,Unknown,USER,GENERAL_ACTIVITY_SEQUENCE,2026-09-05 01:40:42+00:00,2026-09-05 02:40:15+00:00,3573,26,FW000002779; FW000016664; FW000011671; FW000017093; FW000029891; FW000002940; FW000026647; FW000029680; FW000023308; FW000003172; FW000007781; FW000022279; FW000015440; FW000019504; FW000000284; FW000019018; FW000008864; FW000011226; FW000013139; FW000002827; FW000007252; FW000010462; FW000015066; FW000017495; FW000029261; FW000025897,Firewall,60,0.85,100.0,SINGLE_SOURCE_ONLY
SEQ-USR-2498,Unknown,USER,GENERAL_ACTIVITY_SEQUENCE,2026-09-05 02:46:45+00:00,2026-09-05 03:44:46+00:00,3481,19,FW000027287; FW000001456; FW000002024; FW000024978; FW000009172; FW000007314; FW000025706; FW000003128; FW000017185; FW000029234; FW000008013; FW000027806; FW000001851; FW000004409; FW000002502; FW000018365; FW000015479; FW000013476; FW000005847,Firewall,60,0.85,100.0,SINGLE_SOURCE_ONLY
SEQ-USR-2499,Unknown,USER,GENERAL_ACTIVITY_SEQUENCE,2026-09-05 03:50:46+00:00,2026-09-05 04:49:16+00:00,3510,14,FW000008186; FW000005670; FW000019962; FW000006200; FW000004353; FW000012150; FW000025490; FW000011777; FW000002584; FW000023698; FW000014644; FW000023660; FW000019867; FW000006793,Firewall,60,0.85,100.0,SINGLE_SOURCE_ONLY
SEQ-USR-2500,Unknown,USER,GENERAL_ACTIVITY_SEQUENCE,2026-09-05 05:00:13+00:00,2026-09-05 05:59:49+00:00,3576,14,FW000005166; FW000004461; FW000025158; FW000026418; FW000011155; FW000027671; FW000022089; FW000005474; FW000020195; FW000015236; FW000012332; FW000022847; FW000019933; FW000011778,Firewall,60,0.85,100.0,SINGLE_SOURCE_ONLY
SEQ-USR-2501,Unknown,USER,GENERAL_ACTIVITY_SEQUENCE,2026-09-05 06:05:18+00:00,2026-09-05 07:04:45+00:00,3567,16,FW000007875; FW000000646; FW000007356; FW000007787; FW000029177; FW000000534; FW000024627; FW000025455; FW000019375; FW000005236; FW000018646; FW000025657; FW000016578; FW000012937; FW000001298; FW000005770,Firewall,60,0.85,100.0,SINGLE_SOURCE_ONLY
SEQ-USR-2502,Unknown,USER,GENERAL_ACTIVITY_SEQUENCE,2026-09-05 07:06:42+00:00,2026-09-05 08:04:40+00:00,3478,15,FW000010084; FW000024018; FW000010298; FW000012719; FW000023202; FW000016284; FW000008553; FW000018759; FW000003537; FW000004731; FW000006131; FW000023401; FW000016019; FW000007730; FW000009719,Firewall,60,0.85,100.0,SINGLE_SOURCE_ONLY
SEQ-USR-2503,Unknown,USER,GENERAL_ACTIVITY_SEQUENCE,2026-09-05 08:07:27+00:00,2026-09-05 09:01:23+00:00,3236,21,FW000014453; FW000016006; FW000005125; FW000024178; FW000008747; FW000009175; FW000028434; FW000005346; FW000017643; FW000011734; FW000013936; FW000020484; FW000027259; FW000016156; FW000005740; FW000000994; FW000026811; FW000023235; FW000007245; FW000010511; FW000014571,Firewall,60,0.85,100.0,SINGLE_SOURCE_ONLY
SEQ-USR-2504,Unknown,USER,GENERAL_ACTIVITY_SEQUENCE,2026-09-05 09:08:46+00:00,2026-09-05 09:57:36+00:00,2930,16,FW000005269; FW000004826; FW000008067; FW000002971; FW000010025; FW000001795; FW000028654; FW000020756; FW000018944; FW000014061; FW000006659; FW000029209; FW000002373; FW000025085; FW000018957; FW000021671,Firewall,60,0.85,100.0,SINGLE_SOURCE_ONLY
SEQ-USR-2505,Unknown,USER,GENERAL_ACTIVITY_SEQUENCE,2026-09-05 10:10:49+00:00,2026-09-05 11:09:22+00:00,3513,20,FW000029241; FW000001648; FW000016972; FW000014402; FW000013631; FW000004304; FW000015372; FW000029964; FW000010225; FW000024867; FW000021336; FW000019106; FW000000423; FW000002393; FW000013127; FW000001262; FW000029439; FW000028047; FW000008040; FW000014107,Firewall,60,0.85,100.0,SINGLE_SOURCE_ONLY
SEQ-USR-2506,Unknown,USER,GENERAL_ACTIVITY_SEQUENCE,2026-09-05 11:15:12+00:00,2026-09-05 12:14:04+00:00,3532,22,FW000006545; FW000019928; FW000002910; FW000023222; FW000023674; FW000028909; FW000003062; FW000010922; FW000029555; FW000026899; FW000026340; FW000014374; FW000018621; FW000008279; FW000010736; FW000025732; FW000010972; FW000000056; FW000029126; FW000021714; FW000021643; FW000025352,Firewall,60,0.85,100.0,SINGLE_SOURCE_ONLY
SEQ-USR-2507,Unknown,USER,GENERAL_ACTIVITY_SEQUENCE,2026-09-05 12:17:54+00:00,2026-09-05 13:11:24+00:00,3210,11,FW000006419; FW000010182; FW000024844; FW000012617; FW000022974; FW000000249; FW000005875; FW000028473; FW000001864; FW000003519; FW000025372,Firewall,60,0.85,100.0,SINGLE_SOURCE_ONLY
SEQ-USR-2508,Unknown,USER,GENERAL_ACTIVITY_SEQUENCE,2026-09-05 13:23:33+00:00,2026-09-05 14:19:38+00:00,3365,18,FW000009838; FW000001701; FW000003711; FW000024436; FW000012365; FW000004165; FW000020226; FW000008099; FW000016150; FW000009257; FW000026055; FW000005410; FW000016883; FW000029421; FW000000976; FW000018306; FW000029658; FW000015589,Firewall,60,0.85,100.0,SINGLE_SOURCE_ONLY
SEQ-USR-2509,Unknown,USER,GENERAL_ACTIVITY_SEQUENCE,2026-09-05 14:27:30+00:00,2026-09-05 15:26:41+00:00,3551,16,FW000021137; FW000028850; FW000012660; FW000012453; FW000020300; FW000003235; FW000012896; FW000014015; FW000003140; FW000004210; FW000007827; FW000029334; FW000010392; FW000016651; FW000004287; FW000020899,Firewall,60,0.85,100.0,SINGLE_SOURCE_ONLY
SEQ-USR-2510,Unknown,USER,GENERAL_ACTIVITY_SEQUENCE,2026-09-05 15:40:41+00:00,2026-09-05 16:36:58+00:00,3377,14,FW000001074; FW000023547; FW000000913; FW000011897; FW000005355; FW000017328; FW000014194; FW000024962; FW000009214; FW000011117; FW000019331; FW000003419; FW000017509; FW000013580,Firewall,60,0.85,100.0,SINGLE_SOURCE_ONLY
SEQ-USR-2511,Unknown,USER,GENERAL_ACTIVITY_SEQUENCE,2026-09-05 16:40:47+00:00,2026-09-05 17:40:42+00:00,3595,16,FW000015804; FW000007159; FW000023583; FW000012227; FW000003265; FW000008029; FW000019416; FW000023805; FW000004916; FW000022133; FW000028846; FW000019278; FW000012603; FW000006787; FW000002996; FW000022794,Firewall,60,0.85,100.0,SINGLE_SOURCE_ONLY
SEQ-USR-2512,Unknown,USER,GENERAL_ACTIVITY_SEQUENCE,2026-09-05 17:41:45+00:00,2026-09-05 18:33:16+00:00,3091,14,FW000006372; FW000019554; FW000021584; FW000015412; FW000002642; FW000014170; FW000024104; FW000003891; FW000021016; FW000004167; FW000012960; FW000017719; FW000009081; FW000022996,Firewall,60,0.85,100.0,SINGLE_SOURCE_ONLY
SEQ-USR-2513,Unknown,USER,GENERAL_ACTIVITY_SEQUENCE,2026-09-05 18:45:26+00:00,2026-09-05 19:36:28+00:00,3062,15,FW000023961; FW000029549; FW000026596; FW000000298; FW000016917; FW000018658; FW000012653; FW000003077; FW000027882; FW000013492; FW000012887; FW000001393; FW000025008; FW000009150; FW000012604,Firewall,60,0.85,100.0,SINGLE_SOURCE_ONLY
SEQ-USR-2514,Unknown,USER,GENERAL_ACTIVITY_SEQUENCE,2026-09-05 19:46:40+00:00,2026-09-05 20:42:57+00:00,3377,15,FW000013761; FW000022964; FW000021597; FW000012870; FW000014462; FW000022766; FW000004276; FW000012093; FW000003705; FW000002121; FW000006923; FW000023298; FW000016044; FW000024729; FW000024874,Firewall,60,0.85,100.0,SINGLE_SOURCE_ONLY
SEQ-USR-2515,Unknown,USER,GENERAL_ACTIVITY_SEQUENCE,2026-09-05 20:48:04+00:00,2026-09-05 21:47:03+00:00,3539,26,FW000010663; FW000027942; FW000000668; FW000022293; FW000008941; FW000016533; FW000010395; FW000015576; FW000013674; FW000001569; FW000013918; FW000008266; FW000006381; FW000016509; FW000015342; FW000025736; FW000021060; FW000024986; FW000022214; FW000014991; FW000013898; FW000016990; FW000024003; FW000009506; FW000029283; FW000026966,Firewall,60,0.85,100.0,SINGLE_SOURCE_ONLY
SEQ-USR-2516,Unknown,USER,GENERAL_ACTIVITY_SEQUENCE,2026-09-05 21:48:24+00:00,2026-09-05 22:34:55+00:00,2791,20,FW000005911; FW000019114; FW000001710; FW000008369; FW000010351; FW000006743; FW000017465; FW000006964; FW000025074; FW000026479; FW000011893; FW000018666; FW000010714; FW000020790; FW000001347; FW000000396; FW000026674; FW000023517; FW000012848; FW000026355,Firewall,60,0.85,100.0,SINGLE_SOURCE_ONLY
SEQ-USR-2517,Unknown,USER,GENERAL_ACTIVITY_SEQUENCE,2026-09-05 22:48:27+00:00,2026-09-05 23:47:05+00:00,3518,11,FW000005062; FW000021373; FW000029604; FW000014620; FW000005843; FW000005047; FW000003624; FW000006375; FW000001655; FW000022053; FW000010377,Firewall,60,0.85,100.0,SINGLE_SOURCE_ONLY
SEQ-USR-2518,Unknown,USER,GENERAL_ACTIVITY_SEQUENCE,2026-09-06 00:00:00+00:00,2026-09-06 00:55:49+00:00,3349,78,FW000000021; FW000000843; FW000001048; FW000001065; FW000001480; FW000001742; FW000001987; FW000002087; FW000002610; FW000003000; FW000003180; FW000003288; FW000003961; FW000003985; FW000004646; FW000005556; FW000005780; FW000006181; FW000006294; FW000006366; FW000006847; FW000006974; FW000007382; FW000009334; FW000009373; FW000009451; FW000010119; FW000010654; FW000011293; FW000011418; FW000011548; FW000011705; FW000011813; FW000012169; FW000012679; FW000015248; FW000015697; FW000016198; FW000018073; FW000019181; FW000019225; FW000020194; FW000020268; FW000020373; FW000020532; FW000021179; FW000021342; FW000021598; FW000021985; FW000022379; FW000022461; FW000022664; FW000022807; FW000023152; FW000023777; FW000024112; FW000024883; FW000025117; FW000025595; FW000026095; FW000026944; FW000027392; FW000029242; FW000029623; FW000029810; FW000000119; FW000020382; FW000007347; FW000025003; FW000002849; FW000014029; FW000019216; FW000007806; FW000015118; FW000017779; FW000029929; FW000011353; FW000005017,Firewall,60,0.85,100.0,SINGLE_SOURCE_ONLY
SEQ-USR-2519,Unknown,USER,GENERAL_ACTIVITY_SEQUENCE,2026-09-06 01:03:55+00:00,2026-09-06 02:03:41+00:00,3586,15,FW000002515; FW000006543; FW000020499; FW000008144; FW000021033; FW000010726; FW000026954; FW000002873; FW000020120; FW000016391; FW000006513; FW000029025; FW000015226; FW000010886; FW000025245,Firewall,60,0.85,100.0,SINGLE_SOURCE_ONLY
SEQ-USR-2520,Unknown,USER,GENERAL_ACTIVITY_SEQUENCE,2026-09-06 02:08:43+00:00,2026-09-06 02:59:30+00:00,3047,18,FW000015223; FW000008603; FW000028655; FW000029424; FW000015785; FW000021305; FW000016267; FW000011961; FW000017341; FW000024817; FW000008741; FW000019744; FW000023460; FW000017994; FW000016033; FW000028677; FW000009096; FW000010108,Firewall,60,0.85,100.0,SINGLE_SOURCE_ONLY
SEQ-USR-2521,Unknown,USER,GENERAL_ACTIVITY_SEQUENCE,2026-09-06 03:09:26+00:00,2026-09-06 04:07:17+00:00,3471,17,FW000026430; FW000027888; FW000023334; FW000017817; FW000012233; FW000009970; FW000009912; FW000026214; FW000004264; FW000007258; FW000007268; FW000003064; FW000025273; FW000025955; FW000004399; FW000023050; FW000011859,Firewall,60,0.85,100.0,SINGLE_SOURCE_ONLY
SEQ-USR-2522,Unknown,USER,GENERAL_ACTIVITY_SEQUENCE,2026-09-06 04:15:53+00:00,2026-09-06 05:09:42+00:00,3229,16,FW000027349; FW000019358; FW000013656; FW000014070; FW000010310; FW000012786; FW000011995; FW000021272; FW000022686; FW000004594; FW000007906; FW000025891; FW000004426; FW000026651; FW000023952; FW000010014,Firewall,60,0.85,100.0,SINGLE_SOURCE_ONLY
SEQ-USR-2523,Unknown,USER,GENERAL_ACTIVITY_SEQUENCE,2026-09-06 05:27:15+00:00,2026-09-06 06:22:39+00:00,3324,11,FW000008386; FW000017532; FW000009706; FW000000111; FW000015967; FW000025596; FW000013531; FW000015159; FW000010587; FW000006758; FW000014792,Firewall,60,0.85,100.0,SINGLE_SOURCE_ONLY
SEQ-USR-2524,Unknown,USER,GENERAL_ACTIVITY_SEQUENCE,2026-09-06 06:31:19+00:00,2026-09-06 07:05:47+00:00,2068,12,FW000027213; FW000017673; FW000019910; FW000013389; FW000016056; FW000025816; FW000016868; FW000016089; FW000010873; FW000010638; FW000003425; FW000026220,Firewall,60,0.85,100.0,SINGLE_SOURCE_ONLY
SEQ-USR-2525,Unknown,USER,GENERAL_ACTIVITY_SEQUENCE,2026-09-06 07:31:52+00:00,2026-09-06 08:31:34+00:00,3582,13,FW000014440; FW000011246; FW000011570; FW000016772; FW000027676; FW000028806; FW000004080; FW000001690; FW000003672; FW000013569; FW000019873; FW000023260; FW000027159,Firewall,60,0.85,100.0,SINGLE_SOURCE_ONLY
SEQ-USR-2526,Unknown,USER,GENERAL_ACTIVITY_SEQUENCE,2026-09-06 08:34:44+00:00,2026-09-06 09:34:02+00:00,3558,18,FW000027762; FW000004257; FW000020927; FW000000242; FW000011701; FW000015403; FW000019467; FW000023476; FW000007145; FW000014226; FW000016641; FW000011252; FW000026331; FW000009699; FW000011593; FW000011291; FW000020492; FW000029140,Firewall,60,0.85,100.0,SINGLE_SOURCE_ONLY
SEQ-USR-2527,Unknown,USER,GENERAL_ACTIVITY_SEQUENCE,2026-09-06 09:34:51+00:00,2026-09-06 10:33:50+00:00,3539,23,FW000017814; FW000011713; FW000016895; FW000022396; FW000029338; FW000017602; FW000025966; FW000003053; FW000029185; FW000003201; FW000004572; FW000018307; FW000024524; FW000026767; FW000022080; FW000013440; FW000008113; FW000005356; FW000018477; FW000027057; FW000000738; FW000009408; FW000017525,Firewall,60,0.85,100.0,SINGLE_SOURCE_ONLY
SEQ-USR-2528,Unknown,USER,GENERAL_ACTIVITY_SEQUENCE,2026-09-06 10:48:42+00:00,2026-09-06 11:42:37+00:00,3235,12,FW000007116; FW000006177; FW000018139; FW000006405; FW000010355; FW000002071; FW000013619; FW000002394; FW000019465; FW000025333; FW000007789; FW000016376,Firewall,60,0.85,100.0,SINGLE_SOURCE_ONLY
SEQ-USR-2529,Unknown,USER,GENERAL_ACTIVITY_SEQUENCE,2026-09-06 11:52:06+00:00,2026-09-06 12:49:28+00:00,3442,15,FW000001767; FW000008639; FW000029898; FW000009501; FW000013823; FW000018814; FW000029337; FW000025335; FW000002715; FW000022236; FW000010632; FW000004006; FW000019293; FW000019020; FW000001622,Firewall,60,0.85,100.0,SINGLE_SOURCE_ONLY
SEQ-USR-2530,Unknown,USER,GENERAL_ACTIVITY_SEQUENCE,2026-09-06 12:56:27+00:00,2026-09-06 13:52:48+00:00,3381,14,FW000013225; FW000021989; FW000025315; FW000001072; FW000009870; FW000009428; FW000006747; FW000027237; FW000002663; FW000008725; FW000013099; FW000006957; FW000011566; FW000007388,Firewall,60,0.85,100.0,SINGLE_SOURCE_ONLY
SEQ-USR-2531,Unknown,USER,GENERAL_ACTIVITY_SEQUENCE,2026-09-06 13:57:04+00:00,2026-09-06 14:55:20+00:00,3496,18,FW000006990; FW000018695; FW000027302; FW000022239; FW000021613; FW000010553; FW000018620; FW000028701; FW000011771; FW000007506; FW000016164; FW000020639; FW000023552; FW000018848; FW000017819; FW000014294; FW000000567; FW000025641,Firewall,60,0.85,100.0,SINGLE_SOURCE_ONLY
SEQ-USR-2532,Unknown,USER,GENERAL_ACTIVITY_SEQUENCE,2026-09-06 14:58:01+00:00,2026-09-06 15:52:18+00:00,3257,19,FW000015547; FW000023896; FW000001189; FW000015653; FW000011444; FW000029322; FW000001844; FW000028895; FW000029985; FW000005015; FW000009031; FW000024886; FW000029701; FW000009322; FW000022912; FW000022805; FW000012369; FW000013547; FW000000597,Firewall,60,0.85,100.0,SINGLE_SOURCE_ONLY
SEQ-USR-2533,Unknown,USER,GENERAL_ACTIVITY_SEQUENCE,2026-09-06 16:06:58+00:00,2026-09-06 17:01:53+00:00,3295,17,FW000007394; FW000013193; FW000017944; FW000011862; FW000011885; FW000001043; FW000019028; FW000018988; FW000014522; FW000016249; FW000015633; FW000016343; FW000020934; FW000025741; FW000000580; FW000009502; FW000009545,Firewall,60,0.85,100.0,SINGLE_SOURCE_ONLY
SEQ-USR-2534,Unknown,USER,GENERAL_ACTIVITY_SEQUENCE,2026-09-06 17:12:56+00:00,2026-09-06 17:58:52+00:00,2756,17,FW000023464; FW000021338; FW000010635; FW000008153; FW000018694; FW000010436; FW000012331; FW000026908; FW000001662; FW000009554; FW000006009; FW000020151; FW000027043; FW000008138; FW000006666; FW000003607; FW000005519,Firewall,60,0.85,100.0,SINGLE_SOURCE_ONLY
SEQ-USR-2535,Unknown,USER,GENERAL_ACTIVITY_SEQUENCE,2026-09-06 18:16:21+00:00,2026-09-06 19:15:31+00:00,3550,19,FW000021612; FW000010423; FW000001280; FW000025640; FW000002983; FW000018434; FW000016875; FW000019773; FW000003942; FW000006333; FW000008088; FW000012540; FW000007310; FW000018468; FW000012449; FW000010110; FW000014924; FW000021568; FW000019778,Firewall,60,0.85,100.0,SINGLE_SOURCE_ONLY
SEQ-USR-2536,Unknown,USER,GENERAL_ACTIVITY_SEQUENCE,2026-09-06 19:20:56+00:00,2026-09-06 20:20:00+00:00,3544,23,FW000013796; FW000007133; FW000002513; FW000013266; FW000014412; FW000029173; FW000014951; FW000010250; FW000012544; FW000027711; FW000014392; FW000024230; FW000002736; FW000015083; FW000004054; FW000008671; FW000019670; FW000016272; FW000004957; FW000004961; FW000008134; FW000004205; FW000007399,Firewall,60,0.85,100.0,SINGLE_SOURCE_ONLY
SEQ-USR-2537,Unknown,USER,GENERAL_ACTIVITY_SEQUENCE,2026-09-06 20:21:56+00:00,2026-09-06 21:14:24+00:00,3148,13,FW000009286; FW000021345; FW000004463; FW000017886; FW000021328; FW000001138; FW000026650; FW000008213; FW000000537; FW000011558; FW000009377; FW000001535; FW000021944,Firewall,60,0.85,100.0,SINGLE_SOURCE_ONLY
SEQ-USR-2538,Unknown,USER,GENERAL_ACTIVITY_SEQUENCE,2026-09-06 21:22:56+00:00,2026-09-06 22:22:12+00:00,3556,17,FW000007013; FW000004541; FW000022292; FW000013227; FW000017627; FW000004735; FW000015928; FW000011677; FW000008418; FW000025559; FW000027798; FW000024004; FW000011280; FW000014787; FW000005678; FW000016710; FW000008520,Firewall,60,0.85,100.0,SINGLE_SOURCE_ONLY
SEQ-USR-2539,Unknown,USER,GENERAL_ACTIVITY_SEQUENCE,2026-09-06 22:25:22+00:00,2026-09-06 23:23:14+00:00,3472,13,FW000028119; FW000012868; FW000013277; FW000010820; FW000005403; FW000020083; FW000006726; FW000022992; FW000001817; FW000015577; FW000004652; FW000006505; FW000006390,Firewall,60,0.85,100.0,SINGLE_SOURCE_ONLY
SEQ-USR-2540,Unknown,USER,GENERAL_ACTIVITY_SEQUENCE,2026-09-06 23:28:42+00:00,2026-09-07 00:26:05+00:00,3443,81,FW000022202; FW000013468; FW000014242; FW000006104; FW000020786; FW000004279; FW000012234; FW000008331; FW000005158; FW000010763; FW000023435; FW000000507; FW000000177; FW000003666; FW000003696; FW000003792; FW000003806; FW000003861; FW000003872; FW000003947; FW000004588; FW000005480; FW000005623; FW000007443; FW000007654; FW000007692; FW000007848; FW000009442; FW000010061; FW000010163; FW000010198; FW000010396; FW000010539; FW000010721; FW000011283; FW000011387; FW000012069; FW000012077; FW000012268; FW000012516; FW000012691; FW000012816; FW000012895; FW000013055; FW000013663; FW000014336; FW000014937; FW000015238; FW000015776; FW000015948; FW000016225; FW000016660; FW000017882; FW000018178; FW000018634; FW000018683; FW000019392; FW000019855; FW000021275; FW000021615; FW000022975; FW000023265; FW000023293; FW000023809; FW000026265; FW000026568; FW000026569; FW000027127; FW000027308; FW000027769; FW000028302; FW000029219; FW000029281; FW000002920; FW000016510; FW000010588; FW000026625; FW000025112; FW000028372; FW000018185; FW000019194,Firewall,60,0.85,100.0,SINGLE_SOURCE_ONLY
SEQ-USR-2541,Unknown,USER,GENERAL_ACTIVITY_SEQUENCE,2026-09-07 00:29:31+00:00,2026-09-07 01:27:44+00:00,3493,19,FW000001331; FW000027186; FW000014851; FW000024920; FW000027172; FW000021359; FW000009971; FW000017569; FW000014746; FW000001481; FW000001746; FW000013003; FW000004389; FW000024403; FW000006239; FW000029245; FW000028341; FW000008127; FW000009680,Firewall,60,0.85,100.0,SINGLE_SOURCE_ONLY
SEQ-USR-2542,Unknown,USER,GENERAL_ACTIVITY_SEQUENCE,2026-09-07 01:39:56+00:00,2026-09-07 02:34:04+00:00,3248,12,FW000020557; FW000010862; FW000022355; FW000020667; FW000002283; FW000007540; FW000001772; FW000023955; FW000028250; FW000014800; FW000010874; FW000003733,Firewall,60,0.85,100.0,SINGLE_SOURCE_ONLY
SEQ-USR-2543,Unknown,USER,GENERAL_ACTIVITY_SEQUENCE,2026-09-07 02:44:48+00:00,2026-09-07 03:40:57+00:00,3369,18,FW000027844; FW000014941; FW000003262; FW000001923; FW000014404; FW000013604; FW000023197; FW000022907; FW000003341; FW000028592; FW000021311; FW000014855; FW000023587; FW000019191; FW000026393; FW000023004; FW000002955; FW000028842,Firewall,60,0.85,100.0,SINGLE_SOURCE_ONLY
SEQ-USR-2544,Unknown,USER,GENERAL_ACTIVITY_SEQUENCE,2026-09-07 03:46:00+00:00,2026-09-07 04:44:44+00:00,3524,13,FW000015247; FW000024356; FW000026697; FW000015340; FW000001232; FW000014311; FW000025419; FW000015055; FW000018406; FW000017164; FW000022564; FW000014853; FW000008199,Firewall,60,0.85,100.0,SINGLE_SOURCE_ONLY
SEQ-USR-2545,Unknown,USER,GENERAL_ACTIVITY_SEQUENCE,2026-09-07 04:54:34+00:00,2026-09-07 05:52:01+00:00,3447,17,FW000011711; FW000020744; FW000008665; FW000013340; FW000019805; FW000026699; FW000012073; FW000006827; FW000015546; FW000008244; FW000021048; FW000009953; FW000029054; FW000005152; FW000001246; FW000023768; FW000022698,Firewall,60,0.85,100.0,SINGLE_SOURCE_ONLY
SEQ-USR-2546,Unknown,USER,GENERAL_ACTIVITY_SEQUENCE,2026-09-07 05:55:19+00:00,2026-09-07 06:51:43+00:00,3384,25,FW000006218; FW000007452; FW000014009; FW000024612; FW000001820; FW000010062; FW000004535; FW000007670; FW000028400; FW000023162; FW000026073; FW000011950; FW000013620; FW000012894; FW000006551; FW000015019; FW000003217; FW000020392; FW000023799; FW000022696; FW000015541; FW000014911; FW000025090; FW000010353; FW000001107,Firewall,60,0.85,100.0,SINGLE_SOURCE_ONLY
SEQ-USR-2547,Unknown,USER,GENERAL_ACTIVITY_SEQUENCE,2026-09-07 06:58:57+00:00,2026-09-07 07:54:05+00:00,3308,14,FW000019515; FW000005259; FW000025828; FW000008801; FW000020265; FW000011051; FW000014028; FW000005001; FW000025871; FW000020201; FW000022960; FW000026859; FW000007770; FW000003082,Firewall,60,0.85,100.0,SINGLE_SOURCE_ONLY
SEQ-USR-2548,Unknown,USER,GENERAL_ACTIVITY_SEQUENCE,2026-09-07 08:03:23+00:00,2026-09-07 08:56:06+00:00,3163,17,FW000018668; FW000019966; FW000003873; FW000002894; FW000018719; FW000016950; FW000028524; FW000028597; FW000026416; FW000026579; FW000017853; FW000000521; FW000015376; FW000010563; FW000016199; FW000017702; FW000029807,Firewall,60,0.85,100.0,SINGLE_SOURCE_ONLY
SEQ-USR-2549,Unknown,USER,GENERAL_ACTIVITY_SEQUENCE,2026-09-07 09:04:58+00:00,2026-09-07 10:00:05+00:00,3307,15,FW000027878; FW000000732; FW000029432; FW000016521; FW000003439; FW000015124; FW000001567; FW000025911; FW000019468; FW000022555; FW000005223; FW000025932; FW000003059; FW000001454; FW000009490,Firewall,60,0.85,100.0,SINGLE_SOURCE_ONLY
SEQ-USR-2550,Unknown,USER,GENERAL_ACTIVITY_SEQUENCE,2026-09-07 10:07:26+00:00,2026-09-07 11:04:01+00:00,3395,10,FW000006754; FW000019668; FW000000554; FW000026068; FW000004272; FW000010172; FW000021482; FW000018455; FW000017514; FW000014257,Firewall,60,0.85,100.0,SINGLE_SOURCE_ONLY
SEQ-USR-2551,Unknown,USER,GENERAL_ACTIVITY_SEQUENCE,2026-09-07 11:11:53+00:00,2026-09-07 12:11:09+00:00,3556,17,FW000002615; FW000025877; FW000007916; FW000020224; FW000024837; FW000007403; FW000026402; FW000011354; FW000016221; FW000029321; FW000010050; FW000022159; FW000023924; FW000007776; FW000017005; FW000016327; FW000029852,Firewall,60,0.85,100.0,SINGLE_SOURCE_ONLY
SEQ-USR-2552,Unknown,USER,GENERAL_ACTIVITY_SEQUENCE,2026-09-07 12:16:30+00:00,2026-09-07 13:15:30+00:00,3540,9,FW000020925; FW000023756; FW000021587; FW000005897; FW000008203; FW000028573; FW000004386; FW000010800; FW000026594,Firewall,60,0.85,100.0,SINGLE_SOURCE_ONLY
SEQ-USR-2553,Unknown,USER,GENERAL_ACTIVITY_SEQUENCE,2026-09-07 13:17:40+00:00,2026-09-07 14:10:20+00:00,3160,11,FW000028948; FW000015445; FW000026498; FW000013737; FW000026452; FW000017298; FW000010866; FW000011081; FW000012084; FW000003527; FW000028741,Firewall,60,0.85,100.0,SINGLE_SOURCE_ONLY
SEQ-USR-2554,Unknown,USER,GENERAL_ACTIVITY_SEQUENCE,2026-09-07 14:21:50+00:00,2026-09-07 15:10:53+00:00,2943,9,FW000019697; FW000021133; FW000013219; FW000004943; FW000025613; FW000002719; FW000018778; FW000006044; FW000010240,Firewall,60,0.85,100.0,SINGLE_SOURCE_ONLY
SEQ-USR-2555,Unknown,USER,GENERAL_ACTIVITY_SEQUENCE,2026-09-07 15:24:21+00:00,2026-09-07 16:22:21+00:00,3480,23,FW000029493; FW000022783; FW000016970; FW000021112; FW000013527; FW000003006; FW000000673; FW000009743; FW000024025; FW000004905; FW000015086; FW000024247; FW000000681; FW000001115; FW000025200; FW000008447; FW000015130; FW000019484; FW000000400; FW000007499; FW000001489; FW000015276; FW000013279,Firewall,60,0.85,100.0,SINGLE_SOURCE_ONLY
SEQ-USR-2556,Unknown,USER,GENERAL_ACTIVITY_SEQUENCE,2026-09-07 16:26:59+00:00,2026-09-07 17:16:40+00:00,2981,16,FW000013049; FW000007546; FW000019730; FW000020661; FW000020716; FW000014505; FW000022533; FW000028057; FW000026109; FW000014619; FW000012526; FW000006978; FW000026379; FW000020881; FW000011195; FW000011612,Firewall,60,0.85,100.0,SINGLE_SOURCE_ONLY
SEQ-USR-2557,Unknown,USER,GENERAL_ACTIVITY_SEQUENCE,2026-09-07 17:28:49+00:00,2026-09-07 18:26:21+00:00,3452,21,FW000022915; FW000029858; FW000025789; FW000014293; FW000013542; FW000010030; FW000014524; FW000015963; FW000029904; FW000023923; FW000005756; FW000005943; FW000021204; FW000006783; FW000010575; FW000000341; FW000021561; FW000004469; FW000013972; FW000001057; FW000007571,Firewall,60,0.85,100.0,SINGLE_SOURCE_ONLY
SEQ-USR-2558,Unknown,USER,GENERAL_ACTIVITY_SEQUENCE,2026-09-07 18:33:56+00:00,2026-09-07 19:25:07+00:00,3071,15,FW000018213; FW000018120; FW000021115; FW000002272; FW000009999; FW000019816; FW000028227; FW000003754; FW000028977; FW000019462; FW000028587; FW000021260; FW000004619; FW000017028; FW000003229,Firewall,60,0.85,100.0,SINGLE_SOURCE_ONLY
SEQ-USR-2559,Unknown,USER,GENERAL_ACTIVITY_SEQUENCE,2026-09-07 19:44:48+00:00,2026-09-07 20:36:05+00:00,3077,13,FW000001679; FW000013234; FW000025549; FW000008175; FW000008870; FW000008965; FW000014360; FW000014839; FW000002711; FW000009338; FW000013541; FW000021640; FW000000536,Firewall,60,0.85,100.0,SINGLE_SOURCE_ONLY
SEQ-USR-2560,Unknown,USER,GENERAL_ACTIVITY_SEQUENCE,2026-09-07 21:00:26+00:00,2026-09-07 21:46:16+00:00,2750,15,FW000007121; FW000008515; FW000007500; FW000000394; FW000023785; FW000025485; FW000027211; FW000018328; FW000025476; FW000027490; FW000005211; FW000002622; FW000014801; FW000027153; FW000005027,Firewall,60,0.85,100.0,SINGLE_SOURCE_ONLY
SEQ-USR-2561,Unknown,USER,GENERAL_ACTIVITY_SEQUENCE,2026-09-07 22:07:32+00:00,2026-09-07 23:06:57+00:00,3565,21,FW000007353; FW000019691; FW000023051; FW000006986; FW000005124; FW000020828; FW000015624; FW000025407; FW000027021; FW000001678; FW000006705; FW000012411; FW000007846; FW000026499; FW000010581; FW000022916; FW000003976; FW000012455; FW000008171; FW000006203; FW000014694,Firewall,60,0.85,100.0,SINGLE_SOURCE_ONLY
SEQ-USR-2562,Unknown,USER,GENERAL_ACTIVITY_SEQUENCE,2026-09-07 23:08:26+00:00,2026-09-08 00:01:08+00:00,3162,131,FW000001275; FW000008516; FW000026623; FW000005518; FW000019001; FW000022666; FW000022259; FW000013530; FW000025232; FW000001502; FW000019912; FW000000420; FW000000494; FW000000773; FW000000943; FW000000995; FW000001209; FW000001426; FW000002269; FW000002409; FW000002483; FW000002568; FW000002627; FW000002651; FW000002726; FW000002748; FW000002795; FW000003084; FW000004053; FW000004109; FW000004162; FW000004273; FW000004289; FW000005046; FW000005091; FW000005323; FW000005497; FW000005610; FW000005823; FW000005894; FW000006149; FW000006224; FW000006276; FW000006295; FW000006434; FW000006713; FW000006753; FW000007134; FW000007710; FW000007913; FW000007978; FW000008033; FW000008123; FW000008265; FW000008719; FW000008876; FW000008923; FW000008958; FW000009231; FW000009361; FW000009365; FW000009517; FW000009761; FW000009989; FW000010085; FW000010636; FW000010848; FW000011025; FW000011213; FW000011458; FW000011489; FW000012246; FW000012931; FW000012938; FW000013654; FW000013667; FW000013732; FW000013786; FW000013899; FW000014069; FW000014150; FW000014181; FW000014454; FW000014701; FW000014811; FW000014854; FW000015296; FW000015464; FW000015668; FW000016032; FW000016039; FW000016882; FW000017398; FW000017475; FW000017761; FW000017772; FW000018030; FW000018464; FW000018523; FW000019039; FW000019412; FW000019483; FW000019498; FW000019628; FW000020170; FW000020602; FW000020814; FW000020931; FW000021322; FW000021488; FW000022737; FW000024073; FW000024274; FW000024468; FW000024779; FW000024925; FW000025056; FW000025755; FW000025762; FW000025843; FW000026763; FW000026803; FW000026891; FW000026960; FW000027125; FW000027204; FW000027272; FW000027728; FW000028023; FW000028646; FW000014280,Firewall,60,0.85,100.0,SINGLE_SOURCE_ONLY
SEQ-USR-2563,Unknown,USER,GENERAL_ACTIVITY_SEQUENCE,2026-09-08 00:09:00+00:00,2026-09-08 01:05:04+00:00,3364,24,FW000004047; FW000019224; FW000019889; FW000019420; FW000015613; FW000021551; FW000000663; FW000025824; FW000008755; FW000018491; FW000016928; FW000017381; FW000027084; FW000009638; FW000002067; FW000006037; FW000007907; FW000008585; FW000004373; FW000010818; FW000016550; FW000009392; FW000023958; FW000024924,Firewall,60,0.85,100.0,SINGLE_SOURCE_ONLY
SEQ-USR-2564,Unknown,USER,GENERAL_ACTIVITY_SEQUENCE,2026-09-08 01:10:32+00:00,2026-09-08 02:07:20+00:00,3408,16,FW000021725; FW000014550; FW000019760; FW000006160; FW000021294; FW000017769; FW000006077; FW000017375; FW000008339; FW000007700; FW000015880; FW000019118; FW000029428; FW000006411; FW000000140; FW000028365,Firewall,60,0.85,100.0,SINGLE_SOURCE_ONLY
SEQ-USR-2565,Unknown,USER,GENERAL_ACTIVITY_SEQUENCE,2026-09-08 02:14:00+00:00,2026-09-08 03:11:12+00:00,3432,19,FW000006268; FW000004910; FW000010875; FW000027573; FW000013734; FW000003698; FW000023366; FW000002722; FW000026502; FW000004899; FW000019894; FW000010217; FW000027215; FW000001000; FW000020816; FW000022759; FW000011187; FW000023371; FW000007958,Firewall,60,0.85,100.0,SINGLE_SOURCE_ONLY
SEQ-USR-2566,Unknown,USER,GENERAL_ACTIVITY_SEQUENCE,2026-09-08 03:16:31+00:00,2026-09-08 04:10:54+00:00,3263,22,FW000021600; FW000006840; FW000024726; FW000026774; FW000019578; FW000024981; FW000010879; FW000013789; FW000027104; FW000027714; FW000026059; FW000018850; FW000006653; FW000023180; FW000023434; FW000006752; FW000018337; FW000014554; FW000027394; FW000029251; FW000019654; FW000014773,Firewall,60,0.85,100.0,SINGLE_SOURCE_ONLY
SEQ-USR-2567,Unknown,USER,GENERAL_ACTIVITY_SEQUENCE,2026-09-08 04:28:22+00:00,2026-09-08 05:23:25+00:00,3303,20,FW000009823; FW000023219; FW000007641; FW000026285; FW000018448; FW000004354; FW000007550; FW000005049; FW000002735; FW000003684; FW000002144; FW000022655; FW000001551; FW000018195; FW000007562; FW000026204; FW000008308; FW000007994; FW000028472; FW000007512,Firewall,60,0.85,100.0,SINGLE_SOURCE_ONLY
SEQ-USR-2568,Unknown,USER,GENERAL_ACTIVITY_SEQUENCE,2026-09-08 05:28:52+00:00,2026-09-08 06:27:42+00:00,3530,14,FW000026314; FW000000023; FW000015725; FW000017303; FW000024242; FW000008030; FW000015450; FW000012943; FW000000105; FW000013801; FW000013115; FW000008784; FW000014350; FW000000638,Firewall,60,0.85,100.0,SINGLE_SOURCE_ONLY
SEQ-USR-2569,Unknown,USER,GENERAL_ACTIVITY_SEQUENCE,2026-09-08 06:33:46+00:00,2026-09-08 07:30:27+00:00,3401,21,FW000024191; FW000019413; FW000000468; FW000011062; FW000012536; FW000005064; FW000007859; FW000002853; FW000012551; FW000010191; FW000001287; FW000027729; FW000019896; FW000001140; FW000024078; FW000020239; FW000020976; FW000003337; FW000029333; FW000014134; FW000008324,Firewall,60,0.85,100.0,SINGLE_SOURCE_ONLY
SEQ-USR-2570,Unknown,USER,GENERAL_ACTIVITY_SEQUENCE,2026-09-08 07:35:06+00:00,2026-09-08 08:33:20+00:00,3494,16,FW000002036; FW000015728; FW000022052; FW000009595; FW000016901; FW000021096; FW000016191; FW000001340; FW000013385; FW000013348; FW000010864; FW000011789; FW000010226; FW000000746; FW000015015; FW000001696,Firewall,60,0.85,100.0,SINGLE_SOURCE_ONLY
SEQ-USR-2571,Unknown,USER,GENERAL_ACTIVITY_SEQUENCE,2026-09-08 08:43:16+00:00,2026-09-08 09:43:00+00:00,3584,17,FW000025064; FW000022101; FW000018442; FW000013775; FW000021559; FW000009956; FW000006038; FW000005759; FW000024971; FW000023832; FW000001562; FW000018153; FW000026396; FW000011185; FW000013410; FW000002288; FW000001037,Firewall,60,0.85,100.0,SINGLE_SOURCE_ONLY
SEQ-USR-2572,Unknown,USER,GENERAL_ACTIVITY_SEQUENCE,2026-09-08 09:47:11+00:00,2026-09-08 10:46:34+00:00,3563,29,FW000007264; FW000027358; FW000001779; FW000022226; FW000005827; FW000002055; FW000025772; FW000010597; FW000019115; FW000004247; FW000007441; FW000028466; FW000012011; FW000022869; FW000005176; FW000021326; FW000018798; FW000012527; FW000017232; FW000019240; FW000025739; FW000014308; FW000029676; FW000014254; FW000023614; FW000015133; FW000012377; FW000025861; FW000026353,Firewall,60,0.85,100.0,SINGLE_SOURCE_ONLY
SEQ-USR-2573,Unknown,USER,GENERAL_ACTIVITY_SEQUENCE,2026-09-08 10:49:12+00:00,2026-09-08 11:48:47+00:00,3575,22,FW000010224; FW000016204; FW000015755; FW000019840; FW000000855; FW000009902; FW000028194; FW000013893; FW000000791; FW000023630; FW000017649; FW000026638; FW000021364; FW000023049; FW000003346; FW000029385; FW000011857; FW000023136; FW000016846; FW000019313; FW000023701; FW000008413,Firewall,60,0.85,100.0,SINGLE_SOURCE_ONLY
SEQ-USR-2574,Unknown,USER,GENERAL_ACTIVITY_SEQUENCE,2026-09-08 11:50:00+00:00,2026-09-08 12:45:00+00:00,3300,12,FW000015119; FW000015585; FW000008625; FW000027403; FW000010815; FW000027698; FW000027865; FW000024308; FW000018287; FW000001925; FW000010243; FW000009180,Firewall,60,0.85,100.0,SINGLE_SOURCE_ONLY
SEQ-USR-2575,Unknown,USER,GENERAL_ACTIVITY_SEQUENCE,2026-09-08 12:51:00+00:00,2026-09-08 13:45:00+00:00,3240,14,FW000008277; FW000011528; FW000014401; FW000004706; FW000009725; FW000017893; FW000028738; FW000020510; FW000028840; FW000027478; FW000020209; FW000026943; FW000003055; FW000004116,Firewall,60,0.85,100.0,SINGLE_SOURCE_ONLY
SEQ-USR-2576,Unknown,USER,GENERAL_ACTIVITY_SEQUENCE,2026-09-08 13:52:08+00:00,2026-09-08 14:45:32+00:00,3204,20,FW000013584; FW000027291; FW000018561; FW000011366; FW000003020; FW000022243; FW000027333; FW000002804; FW000001289; FW000026894; FW000029408; FW000003405; FW000005188; FW000006270; FW000016685; FW000001392; FW000025593; FW000023790; FW000026806; FW000028357,Firewall,60,0.85,100.0,SINGLE_SOURCE_ONLY
SEQ-USR-2577,Unknown,USER,GENERAL_ACTIVITY_SEQUENCE,2026-09-08 14:53:00+00:00,2026-09-08 15:51:30+00:00,3510,21,FW000001737; FW000014667; FW000019996; FW000013317; FW000015507; FW000011742; FW000029419; FW000004089; FW000013838; FW000029958; FW000029356; FW000006221; FW000027718; FW000016134; FW000020513; FW000016261; FW000029716; FW000009228; FW000006561; FW000028544; FW000009051,Firewall,60,0.85,100.0,SINGLE_SOURCE_ONLY
SEQ-USR-2578,Unknown,USER,GENERAL_ACTIVITY_SEQUENCE,2026-09-08 15:59:00+00:00,2026-09-08 16:57:45+00:00,3525,29,FW000019743; FW000008225; FW000028358; FW000015739; FW000005947; FW000024352; FW000003170; FW000023168; FW000029452; FW000026239; FW000013316; FW000019123; FW000025115; FW000017030; FW000028066; FW000026532; FW000009666; FW000026504; FW000029605; FW000004491; FW000001918; FW000014147; FW000005388; FW000023949; FW000005642; FW000012709; FW000022946; FW000022406; FW000027627,Firewall,60,0.85,100.0,SINGLE_SOURCE_ONLY
SEQ-USR-2579,Unknown,USER,GENERAL_ACTIVITY_SEQUENCE,2026-09-08 17:10:07+00:00,2026-09-08 18:05:34+00:00,3327,25,FW000027242; FW000026561; FW000011625; FW000026106; FW000020840; FW000001788; FW000002335; FW000012592; FW000010307; FW000006581; FW000010208; FW000028368; FW000016035; FW000004267; FW000020228; FW000004744; FW000015712; FW000008133; FW000023736; FW000024882; FW000006351; FW000021331; FW000002864; FW000010188; FW000007837,Firewall,60,0.85,100.0,SINGLE_SOURCE_ONLY
SEQ-USR-2580,Unknown,USER,GENERAL_ACTIVITY_SEQUENCE,2026-09-08 18:15:00+00:00,2026-09-08 19:12:00+00:00,3420,18,FW000012066; FW000012909; FW000015741; FW000011167; FW000002191; FW000025141; FW000002876; FW000012078; FW000011582; FW000025676; FW000020588; FW000011028; FW000002611; FW000027113; FW000025154; FW000010970; FW000006324; FW000026804,Firewall,60,0.85,100.0,SINGLE_SOURCE_ONLY
SEQ-USR-2581,Unknown,USER,GENERAL_ACTIVITY_SEQUENCE,2026-09-08 19:17:03+00:00,2026-09-08 20:16:07+00:00,3544,24,FW000019295; FW000023511; FW000002694; FW000002110; FW000002504; FW000018475; FW000016080; FW000022139; FW000016794; FW000009489; FW000022314; FW000008645; FW000012330; FW000014538; FW000001758; FW000025815; FW000020706; FW000017628; FW000013396; FW000005216; FW000005464; FW000013730; FW000021295; FW000000469,Firewall,60,0.85,100.0,SINGLE_SOURCE_ONLY
SEQ-USR-2582,Unknown,USER,GENERAL_ACTIVITY_SEQUENCE,2026-09-08 20:24:22+00:00,2026-09-08 21:23:43+00:00,3561,24,FW000011824; FW000013925; FW000019017; FW000023279; FW000027192; FW000017765; FW000021180; FW000017175; FW000024114; FW000026369; FW000015737; FW000008920; FW000018414; FW000026444; FW000028006; FW000026184; FW000024559; FW000015740; FW000017687; FW000006988; FW000024157; FW000015202; FW000021842; FW000010251,Firewall,60,0.85,100.0,SINGLE_SOURCE_ONLY
SEQ-USR-2583,Unknown,USER,GENERAL_ACTIVITY_SEQUENCE,2026-09-08 21:34:23+00:00,2026-09-08 22:23:23+00:00,2940,18,FW000023393; FW000021556; FW000002319; FW000012485; FW000018900; FW000022825; FW000020462; FW000013152; FW000019552; FW000010526; FW000004038; FW000009534; FW000022708; FW000018552; FW000027305; FW000007037; FW000007592; FW000002153,Firewall,60,0.85,100.0,SINGLE_SOURCE_ONLY
SEQ-USR-2584,Unknown,USER,GENERAL_ACTIVITY_SEQUENCE,2026-09-08 22:41:24+00:00,2026-09-08 23:41:00+00:00,3576,17,FW000006611; FW000020711; FW000029899; FW000014883; FW000018248; FW000024177; FW000003478; FW000006612; FW000015382; FW000004680; FW000001816; FW000026889; FW000004955; FW000022541; FW000029375; FW000012577; FW000028858,Firewall,60,0.85,100.0,SINGLE_SOURCE_ONLY
SEQ-USR-2585,Unknown,USER,GENERAL_ACTIVITY_SEQUENCE,2026-09-08 23:48:00+00:00,2026-09-09 00:38:48+00:00,3048,136,FW000021461; FW000002481; FW000021447; FW000000097; FW000007098; FW000000031; FW000000575; FW000001004; FW000001196; FW000001224; FW000001527; FW000001533; FW000001930; FW000002141; FW000002213; FW000002963; FW000003171; FW000003195; FW000003360; FW000003379; FW000003526; FW000003859; FW000004199; FW000004250; FW000004432; FW000004452; FW000004739; FW000005022; FW000005231; FW000005566; FW000005684; FW000005690; FW000005702; FW000005772; FW000006119; FW000006317; FW000006569; FW000006633; FW000007080; FW000007081; FW000007202; FW000007205; FW000007722; FW000008075; FW000008775; FW000009264; FW000009288; FW000009289; FW000009319; FW000009419; FW000009455; FW000010082; FW000010090; FW000010517; FW000010518; FW000011301; FW000011306; FW000011331; FW000011526; FW000011664; FW000011702; FW000011716; FW000011744; FW000012152; FW000012208; FW000012254; FW000012524; FW000012689; FW000012726; FW000013085; FW000013401; FW000013607; FW000013851; FW000014001; FW000014838; FW000015307; FW000015790; FW000016110; FW000016141; FW000016692; FW000016830; FW000017632; FW000018351; FW000018427; FW000018497; FW000018682; FW000019269; FW000019343; FW000019466; FW000019542; FW000019731; FW000019901; FW000020328; FW000020696; FW000021057; FW000021289; FW000021390; FW000021630; FW000021664; FW000021775; FW000022457; FW000022812; FW000022958; FW000023075; FW000023336; FW000023368; FW000023462; FW000023529; FW000023794; FW000024418; FW000024595; FW000025265; FW000025694; FW000025960; FW000026114; FW000026337; FW000026871; FW000027072; FW000027809; FW000028005; FW000028420; FW000028866; FW000028955; FW000029456; FW000029778; FW000026072; FW000002521; FW000024916; FW000028510; FW000012112; FW000022436; FW000026624; FW000022627; FW000025621; FW000018103; FW000017069,Firewall,60,0.85,100.0,SINGLE_SOURCE_ONLY
SEQ-USR-2586,Unknown,USER,GENERAL_ACTIVITY_SEQUENCE,2026-09-09 00:55:55+00:00,2026-09-09 01:52:01+00:00,3366,19,FW000018001; FW000003266; FW000017500; FW000020963; FW000004122; FW000020761; FW000021516; FW000016226; FW000013858; FW000022187; FW000017711; FW000018150; FW000012819; FW000001830; FW000027660; FW000007531; FW000007739; FW000016650; FW000021515,Firewall,60,0.85,100.0,SINGLE_SOURCE_ONLY
SEQ-USR-2587,Unknown,USER,GENERAL_ACTIVITY_SEQUENCE,2026-09-09 02:05:00+00:00,2026-09-09 03:04:17+00:00,3557,22,FW000010406; FW000007623; FW000015178; FW000015189; FW000028451; FW000027753; FW000001011; FW000008959; FW000009856; FW000013933; FW000022856; FW000002482; FW000019712; FW000026616; FW000025786; FW000019931; FW000029475; FW000006282; FW000010195; FW000027785; FW000008861; FW000002168,Firewall,60,0.85,100.0,SINGLE_SOURCE_ONLY
SEQ-USR-2588,Unknown,USER,GENERAL_ACTIVITY_SEQUENCE,2026-09-09 03:05:02+00:00,2026-09-09 04:03:56+00:00,3534,22,FW000013326; FW000003479; FW000020109; FW000027550; FW000023408; FW000002638; FW000018770; FW000007830; FW000006436; FW000017962; FW000016728; FW000010618; FW000005833; FW000028708; FW000029405; FW000015860; FW000010537; FW000001802; FW000014909; FW000025082; FW000006325; FW000008236,Firewall,60,0.85,100.0,SINGLE_SOURCE_ONLY
SEQ-USR-2589,Unknown,USER,GENERAL_ACTIVITY_SEQUENCE,2026-09-09 04:10:53+00:00,2026-09-09 05:10:02+00:00,3549,16,FW000029278; FW000013750; FW000011378; FW000009973; FW000020999; FW000018587; FW000009140; FW000005616; FW000000974; FW000002553; FW000017404; FW000006209; FW000020913; FW000015028; FW000015473; FW000004581,Firewall,60,0.85,100.0,SINGLE_SOURCE_ONLY
SEQ-USR-2590,Unknown,USER,GENERAL_ACTIVITY_SEQUENCE,2026-09-09 05:11:01+00:00,2026-09-09 06:10:24+00:00,3563,19,FW000010364; FW000007240; FW000026881; FW000020301; FW000015623; FW000020507; FW000004490; FW000005920; FW000006907; FW000029830; FW000007732; FW000010177; FW000014507; FW000022213; FW000004726; FW000018529; FW000014778; FW000018080; FW000004362,Firewall,60,0.85,100.0,SINGLE_SOURCE_ONLY
SEQ-USR-2591,Unknown,USER,GENERAL_ACTIVITY_SEQUENCE,2026-09-09 06:12:48+00:00,2026-09-09 07:08:57+00:00,3369,23,FW000012058; FW000003398; FW000025147; FW000008096; FW000026134; FW000017251; FW000015620; FW000011404; FW000002506; FW000016609; FW000015437; FW000009010; FW000020593; FW000025440; FW000013186; FW000018332; FW000029317; FW000028052; FW000004237; FW000003962; FW000022329; FW000019597; FW000004947,Firewall,60,0.85,100.0,SINGLE_SOURCE_ONLY
SEQ-USR-2592,Unknown,USER,GENERAL_ACTIVITY_SEQUENCE,2026-09-09 07:13:00+00:00,2026-09-09 08:09:25+00:00,3385,21,FW000008653; FW000025058; FW000013927; FW000017913; FW000006759; FW000003188; FW000022201; FW000009448; FW000027300; FW000000389; FW000020991; FW000001366; FW000013956; FW000016821; FW000001611; FW000003374; FW000004382; FW000016347; FW000025092; FW000004552; FW000007884,Firewall,60,0.85,100.0,SINGLE_SOURCE_ONLY
SEQ-USR-2593,Unknown,USER,GENERAL_ACTIVITY_SEQUENCE,2026-09-09 08:17:00+00:00,2026-09-09 09:11:57+00:00,3297,20,FW000028583; FW000024517; FW000022017; FW000025359; FW000021746; FW000011855; FW000007397; FW000018870; FW000005482; FW000003026; FW000029673; FW000029561; FW000007125; FW000021309; FW000017087; FW000007255; FW000021998; FW000029559; FW000020144; FW000019835,Firewall,60,0.85,100.0,SINGLE_SOURCE_ONLY
SEQ-USR-2594,Unknown,USER,GENERAL_ACTIVITY_SEQUENCE,2026-09-09 09:21:04+00:00,2026-09-09 10:13:00+00:00,3116,22,FW000000498; FW000012955; FW000029726; FW000026138; FW000007627; FW000020774; FW000009716; FW000000175; FW000013760; FW000004853; FW000022866; FW000009014; FW000015735; FW000021194; FW000019451; FW000009661; FW000013144; FW000029063; FW000014382; FW000018885; FW000025502; FW000025410,Firewall,60,0.85,100.0,SINGLE_SOURCE_ONLY
SEQ-USR-2595,Unknown,USER,GENERAL_ACTIVITY_SEQUENCE,2026-09-09 10:21:53+00:00,2026-09-09 11:21:38+00:00,3585,19,FW000027040; FW000003832; FW000006377; FW000023099; FW000019808; FW000015565; FW000027485; FW000017496; FW000028353; FW000021421; FW000014171; FW000013819; FW000025961; FW000018532; FW000014345; FW000021974; FW000015820; FW000003887; FW000021585,Firewall,60,0.85,100.0,SINGLE_SOURCE_ONLY
SEQ-USR-2596,Unknown,USER,GENERAL_ACTIVITY_SEQUENCE,2026-09-09 11:30:00+00:00,2026-09-09 12:24:02+00:00,3242,18,FW000001595; FW000026998; FW000005431; FW000012451; FW000028260; FW000015170; FW000026786; FW000011250; FW000010747; FW000006066; FW000016852; FW000009758; FW000003222; FW000026079; FW000000365; FW000027262; FW000002755; FW000001260,Firewall,60,0.85,100.0,SINGLE_SOURCE_ONLY
SEQ-USR-2597,Unknown,USER,GENERAL_ACTIVITY_SEQUENCE,2026-09-09 12:31:59+00:00,2026-09-09 13:29:24+00:00,3445,22,FW000027891; FW000020886; FW000013861; FW000004936; FW000024935; FW000024154; FW000006086; FW000014940; FW000015396; FW000015420; FW000004597; FW000004255; FW000024840; FW000029583; FW000008873; FW000001828; FW000004971; FW000021118; FW000027218; FW000009951; FW000004586; FW000001650,Firewall,60,0.85,100.0,SINGLE_SOURCE_ONLY
SEQ-USR-2598,Unknown,USER,GENERAL_ACTIVITY_SEQUENCE,2026-09-09 13:35:00+00:00,2026-09-09 14:34:40+00:00,3580,17,FW000022287; FW000001725; FW000020702; FW000016646; FW000014474; FW000003535; FW000022985; FW000004484; FW000011272; FW000029379; FW000019824; FW000007832; FW000015731; FW000029142; FW000027356; FW000013483; FW000016333,Firewall,60,0.85,100.0,SINGLE_SOURCE_ONLY
SEQ-USR-2599,Unknown,USER,GENERAL_ACTIVITY_SEQUENCE,2026-09-09 14:37:30+00:00,2026-09-09 15:36:01+00:00,3511,21,FW000018398; FW000006310; FW000028734; FW000006517; FW000013161; FW000002188; FW000024992; FW000029709; FW000005934; FW000001790; FW000026506; FW000003810; FW000001303; FW000020973; FW000020391; FW000004431; FW000007345; FW000003420; FW000026883; FW000005169; FW000017494,Firewall,60,0.85,100.0,SINGLE_SOURCE_ONLY
SEQ-USR-2600,Unknown,USER,GENERAL_ACTIVITY_SEQUENCE,2026-09-09 15:38:29+00:00,2026-09-09 16:31:24+00:00,3175,24,FW000007435; FW000009573; FW000001310; FW000015232; FW000024088; FW000012255; FW000028999; FW000016364; FW000018488; FW000016304; FW000019524; FW000003475; FW000000306; FW000024511; FW000023872; FW000028470; FW000002670; FW000009885; FW000011926; FW000023496; FW000000973; FW000012320; FW000024593; FW000005569,Firewall,60,0.85,100.0,SINGLE_SOURCE_ONLY
SEQ-USR-2601,Unknown,USER,GENERAL_ACTIVITY_SEQUENCE,2026-09-09 16:43:00+00:00,2026-09-09 17:39:44+00:00,3404,26,FW000018389; FW000004828; FW000023862; FW000009512; FW000012631; FW000012391; FW000025645; FW000007934; FW000026794; FW000000269; FW000015588; FW000010754; FW000006779; FW000027649; FW000016102; FW000015053; FW000015922; FW000010898; FW000009814; FW000013354; FW000018216; FW000016456; FW000013937; FW000008038; FW000009594; FW000005115,Firewall,60,0.85,100.0,SINGLE_SOURCE_ONLY
SEQ-USR-2602,Unknown,USER,GENERAL_ACTIVITY_SEQUENCE,2026-09-09 17:48:10+00:00,2026-09-09 18:45:17+00:00,3427,20,FW000011173; FW000012304; FW000025541; FW000009859; FW000008600; FW000007269; FW000015825; FW000010228; FW000025479; FW000019246; FW000019713; FW000010439; FW000017055; FW000027329; FW000016234; FW000017783; FW000009757; FW000000558; FW000023716; FW000022062,Firewall,60,0.85,100.0,SINGLE_SOURCE_ONLY
SEQ-USR-2603,Unknown,USER,GENERAL_ACTIVITY_SEQUENCE,2026-09-09 18:48:54+00:00,2026-09-09 19:47:46+00:00,3532,18,FW000019143; FW000021895; FW000021383; FW000027914; FW000019187; FW000023972; FW000029282; FW000007468; FW000002815; FW000018539; FW000007114; FW000011040; FW000006036; FW000008810; FW000026458; FW000020671; FW000025503; FW000022257,Firewall,60,0.85,100.0,SINGLE_SOURCE_ONLY
SEQ-USR-2604,Unknown,USER,GENERAL_ACTIVITY_SEQUENCE,2026-09-09 19:49:32+00:00,2026-09-09 20:43:53+00:00,3261,24,FW000015687; FW000016223; FW000009303; FW000027059; FW000004773; FW000007823; FW000007179; FW000020545; FW000005106; FW000025100; FW000013031; FW000028839; FW000017061; FW000020650; FW000016334; FW000016815; FW000016229; FW000022709; FW000024399; FW000022758; FW000026511; FW000021327; FW000001926; FW000017788,Firewall,60,0.85,100.0,SINGLE_SOURCE_ONLY
SEQ-USR-2605,Unknown,USER,GENERAL_ACTIVITY_SEQUENCE,2026-09-09 20:51:08+00:00,2026-09-09 21:48:40+00:00,3452,21,FW000000183; FW000012573; FW000016611; FW000024353; FW000014138; FW000002830; FW000006583; FW000028904; FW000029006; FW000029290; FW000016703; FW000008890; FW000011224; FW000027065; FW000015035; FW000010367; FW000014155; FW000007591; FW000013795; FW000003996; FW000023432,Firewall,60,0.85,100.0,SINGLE_SOURCE_ONLY
SEQ-USR-2606,Unknown,USER,GENERAL_ACTIVITY_SEQUENCE,2026-09-09 21:52:12+00:00,2026-09-09 22:49:00+00:00,3408,16,FW000010034; FW000004086; FW000010029; FW000014115; FW000007847; FW000024566; FW000001005; FW000004954; FW000005922; FW000012362; FW000028903; FW000013320; FW000010890; FW000021948; FW000009035; FW000001937,Firewall,60,0.85,100.0,SINGLE_SOURCE_ONLY
SEQ-USR-2607,Unknown,USER,GENERAL_ACTIVITY_SEQUENCE,2026-09-09 22:55:37+00:00,2026-09-09 23:53:33+00:00,3476,19,FW000002172; FW000009670; FW000001117; FW000015407; FW000018709; FW000015557; FW000019797; FW000019768; FW000017837; FW000004005; FW000002533; FW000011932; FW000004699; FW000020163; FW000000722; FW000028455; FW000010946; FW000011740; FW000000636,Firewall,60,0.85,100.0,SINGLE_SOURCE_ONLY
SEQ-USR-2608,Unknown,USER,GENERAL_ACTIVITY_SEQUENCE,2026-09-09 23:57:53+00:00,2026-09-09 23:59:14+00:00,81,2,FW000000700; FW000023107,Firewall,60,0.73,75.0,SINGLE_SOURCE_ONLY
SEQ-USR-2609,Unknown,USER,GENERAL_ACTIVITY_SEQUENCE,2026-10-08 00:00:00+00:00,2026-10-08 00:55:00+00:00,3300,61,FW000000121; FW000000126; FW000000172; FW000001896; FW000001960; FW000002459; FW000003021; FW000004003; FW000004174; FW000004340; FW000004605; FW000004761; FW000005368; FW000006475; FW000007384; FW000008706; FW000009109; FW000009603; FW000009987; FW000012629; FW000014046; FW000014873; FW000015197; FW000015976; FW000016813; FW000017074; FW000017143; FW000017485; FW000017527; FW000017571; FW000017744; FW000017749; FW000017925; FW000018652; FW000019000; FW000019060; FW000019540; FW000020972; FW000021815; FW000022316; FW000022426; FW000022616; FW000022834; FW000023105; FW000024101; FW000024275; FW000024344; FW000026123; FW000027011; FW000027433; FW000027434; FW000027651; FW000027814; FW000028192; FW000029235; FW000004969; FW000022192; FW000001311; FW000009235; FW000026565; FW000028611,Firewall,60,0.85,100.0,SINGLE_SOURCE_ONLY
SEQ-USR-2610,Unknown,USER,GENERAL_ACTIVITY_SEQUENCE,2026-10-08 01:04:00+00:00,2026-10-08 01:49:00+00:00,2700,7,FW000005720; FW000017457; FW000027938; FW000007287; FW000020591; FW000007181; FW000010297,Firewall,60,0.85,100.0,SINGLE_SOURCE_ONLY
SEQ-USR-2611,Unknown,USER,GENERAL_ACTIVITY_SEQUENCE,2026-10-08 02:09:00+00:00,2026-10-08 03:08:00+00:00,3540,8,FW000009167; FW000022771; FW000023974; FW000024996; FW000027533; FW000027907; FW000004064; FW000007489,Firewall,60,0.85,100.0,SINGLE_SOURCE_ONLY
SEQ-USR-2612,Unknown,USER,GENERAL_ACTIVITY_SEQUENCE,2026-10-08 03:50:00+00:00,2026-10-08 04:43:00+00:00,3180,3,FW000022135; FW000010617; FW000020155,Firewall,60,0.77,90.0,SINGLE_SOURCE_ONLY
SEQ-USR-2613,Unknown,USER,GENERAL_ACTIVITY_SEQUENCE,2026-10-08 05:04:00+00:00,2026-10-08 06:02:00+00:00,3480,9,FW000027143; FW000010106; FW000012384; FW000004732; FW000006547; FW000020005; FW000000251; FW000005242; FW000014105,Firewall,60,0.85,100.0,SINGLE_SOURCE_ONLY
SEQ-USR-2614,Unknown,USER,GENERAL_ACTIVITY_SEQUENCE,2026-10-08 06:06:00+00:00,2026-10-08 06:50:00+00:00,2640,5,FW000012051; FW000023680; FW000012645; FW000011175; FW000027701,Firewall,60,0.85,100.0,SINGLE_SOURCE_ONLY
SEQ-USR-2615,Unknown,USER,GENERAL_ACTIVITY_SEQUENCE,2026-10-08 07:15:00+00:00,2026-10-08 07:44:00+00:00,1740,5,FW000012512; FW000015240; FW000014411; FW000009404; FW000007771,Firewall,60,0.85,100.0,SINGLE_SOURCE_ONLY
SEQ-USR-2616,Unknown,USER,GENERAL_ACTIVITY_SEQUENCE,2026-10-08 08:24:00+00:00,2026-10-08 09:12:00+00:00,2880,7,FW000000737; FW000018807; FW000027316; FW000025835; FW000024408; FW000011920; FW000014995,Firewall,60,0.85,100.0,SINGLE_SOURCE_ONLY
SEQ-USR-2617,Unknown,USER,GENERAL_ACTIVITY_SEQUENCE,2026-10-08 09:46:00+00:00,2026-10-08 10:18:00+00:00,1920,4,FW000013146; FW000029032; FW000025552; FW000025068,Firewall,60,0.81,100.0,SINGLE_SOURCE_ONLY
SEQ-USR-2618,Unknown,USER,GENERAL_ACTIVITY_SEQUENCE,2026-10-08 10:51:00+00:00,2026-10-08 11:44:00+00:00,3180,5,FW000022557; FW000019023; FW000012783; FW000010891; FW000012901,Firewall,60,0.85,100.0,SINGLE_SOURCE_ONLY
SEQ-USR-2619,Unknown,USER,GENERAL_ACTIVITY_SEQUENCE,2026-10-08 11:54:00+00:00,2026-10-08 12:32:00+00:00,2280,5,FW000021522; FW000007247; FW000024437; FW000002052; FW000005237,Firewall,60,0.85,100.0,SINGLE_SOURCE_ONLY
SEQ-USR-2620,Unknown,USER,GENERAL_ACTIVITY_SEQUENCE,2026-10-08 14:40:00+00:00,2026-10-08 15:36:00+00:00,3360,7,FW000012919; FW000022462; FW000026757; FW000009834; FW000015032; FW000004630; FW000007721,Firewall,60,0.85,100.0,SINGLE_SOURCE_ONLY
SEQ-USR-2621,Unknown,USER,GENERAL_ACTIVITY_SEQUENCE,2026-10-08 16:18:00+00:00,2026-10-08 17:11:00+00:00,3180,7,FW000012305; FW000029498; FW000023694; FW000025849; FW000013603; FW000010743; FW000017405,Firewall,60,0.85,100.0,SINGLE_SOURCE_ONLY
SEQ-USR-2622,Unknown,USER,GENERAL_ACTIVITY_SEQUENCE,2026-10-08 17:24:00+00:00,2026-10-08 18:21:00+00:00,3420,6,FW000008407; FW000028270; FW000001291; FW000009620; FW000028528; FW000008353,Firewall,60,0.85,100.0,SINGLE_SOURCE_ONLY
SEQ-USR-2623,Unknown,USER,GENERAL_ACTIVITY_SEQUENCE,2026-10-08 18:39:00+00:00,2026-10-08 19:31:00+00:00,3120,7,FW000007677; FW000028716; FW000027139; FW000016024; FW000016026; FW000027087; FW000014173,Firewall,60,0.85,100.0,SINGLE_SOURCE_ONLY
SEQ-USR-2624,Unknown,USER,GENERAL_ACTIVITY_SEQUENCE,2026-10-08 19:57:00+00:00,2026-10-08 20:48:00+00:00,3060,5,FW000004787; FW000006973; FW000003012; FW000006982; FW000007414,Firewall,60,0.85,100.0,SINGLE_SOURCE_ONLY
SEQ-USR-2625,Unknown,USER,GENERAL_ACTIVITY_SEQUENCE,2026-10-08 21:02:00+00:00,2026-10-08 22:01:00+00:00,3540,6,FW000019961; FW000013695; FW000006050; FW000015163; FW000019428; FW000018947,Firewall,60,0.85,100.0,SINGLE_SOURCE_ONLY
SEQ-USR-2626,Unknown,USER,GENERAL_ACTIVITY_SEQUENCE,2026-10-08 22:06:00+00:00,2026-10-08 22:43:00+00:00,2220,6,FW000011395; FW000004993; FW000000010; FW000011015; FW000019592; FW000002538,Firewall,60,0.85,100.0,SINGLE_SOURCE_ONLY
SEQ-USR-2627,Unknown,USER,GENERAL_ACTIVITY_SEQUENCE,2026-10-08 23:07:00+00:00,2026-10-08 23:56:00+00:00,2940,5,FW000014555; FW000019718; FW000017917; FW000005630; FW000001228,Firewall,60,0.85,100.0,SINGLE_SOURCE_ONLY
SEQ-USR-2628,Unknown,USER,GENERAL_ACTIVITY_SEQUENCE,2026-11-08 00:00:00+00:00,2026-11-08 00:59:00+00:00,3540,57,FW000001433; FW000001755; FW000002048; FW000002152; FW000002231; FW000003038; FW000003470; FW000004010; FW000005495; FW000007083; FW000008657; FW000009615; FW000009711; FW000009916; FW000012159; FW000012256; FW000012358; FW000012996; FW000013465; FW000013563; FW000014481; FW000014521; FW000014913; FW000015802; FW000016190; FW000016209; FW000017910; FW000018031; FW000018289; FW000018303; FW000018762; FW000019445; FW000020966; FW000021441; FW000022518; FW000023015; FW000024329; FW000024791; FW000025164; FW000025317; FW000025438; FW000025551; FW000027462; FW000028069; FW000028808; FW000029610; FW000029770; FW000029922; FW000007892; FW000021453; FW000018820; FW000026521; FW000017036; FW000008572; FW000000648; FW000017929; FW000013353,Firewall,60,0.85,100.0,SINGLE_SOURCE_ONLY
SEQ-USR-2629,Unknown,USER,GENERAL_ACTIVITY_SEQUENCE,2026-11-08 02:05:00+00:00,2026-11-08 02:57:00+00:00,3120,9,FW000006462; FW000027194; FW000007694; FW000012462; FW000016010; FW000010645; FW000008300; FW000020444; FW000020463,Firewall,60,0.85,100.0,SINGLE_SOURCE_ONLY
SEQ-USR-2630,Unknown,USER,GENERAL_ACTIVITY_SEQUENCE,2026-11-08 03:37:00+00:00,2026-11-08 04:17:00+00:00,2400,5,FW000023606; FW000021662; FW000023274; FW000016207; FW000023223,Firewall,60,0.85,100.0,SINGLE_SOURCE_ONLY
SEQ-USR-2631,Unknown,USER,GENERAL_ACTIVITY_SEQUENCE,2026-11-08 04:47:00+00:00,2026-11-08 05:39:00+00:00,3120,4,FW000012283; FW000001697; FW000020489; FW000005009,Firewall,60,0.81,100.0,SINGLE_SOURCE_ONLY
SEQ-USR-2632,Unknown,USER,GENERAL_ACTIVITY_SEQUENCE,2026-11-08 05:52:00+00:00,2026-11-08 06:39:00+00:00,2820,4,FW000021562; FW000028644; FW000029497; FW000002752,Firewall,60,0.81,100.0,SINGLE_SOURCE_ONLY
SEQ-USR-2633,Unknown,USER,GENERAL_ACTIVITY_SEQUENCE,2026-11-08 06:58:00+00:00,2026-11-08 07:41:00+00:00,2580,4,FW000027828; FW000029461; FW000023870; FW000005258,Firewall,60,0.81,100.0,SINGLE_SOURCE_ONLY
SEQ-USR-2634,Unknown,USER,GENERAL_ACTIVITY_SEQUENCE,2026-11-08 08:07:00+00:00,2026-11-08 08:51:00+00:00,2640,3,FW000001259; FW000021107; FW000021654,Firewall,60,0.77,90.0,SINGLE_SOURCE_ONLY
SEQ-USR-2635,Unknown,USER,GENERAL_ACTIVITY_SEQUENCE,2026-11-08 09:12:00+00:00,2026-11-08 09:59:00+00:00,2820,4,FW000008712; FW000000928; FW000018163; FW000022494,Firewall,60,0.81,100.0,SINGLE_SOURCE_ONLY
SEQ-USR-2636,Unknown,USER,GENERAL_ACTIVITY_SEQUENCE,2026-11-08 10:35:00+00:00,2026-11-08 11:08:00+00:00,1980,3,FW000012202; FW000023115; FW000006690,Firewall,60,0.77,90.0,SINGLE_SOURCE_ONLY
SEQ-USR-2637,Unknown,USER,GENERAL_ACTIVITY_SEQUENCE,2026-11-08 11:36:00+00:00,2026-11-08 12:27:00+00:00,3060,8,FW000014176; FW000020058; FW000027263; FW000020028; FW000026149; FW000004019; FW000019302; FW000027799,Firewall,60,0.85,100.0,SINGLE_SOURCE_ONLY
SEQ-USR-2638,Unknown,USER,GENERAL_ACTIVITY_SEQUENCE,2026-11-08 12:37:00+00:00,2026-11-08 13:11:00+00:00,2040,2,FW000019706; FW000028363,Firewall,60,0.73,75.0,SINGLE_SOURCE_ONLY
SEQ-USR-2639,Unknown,USER,GENERAL_ACTIVITY_SEQUENCE,2026-11-08 14:03:00+00:00,2026-11-08 14:39:00+00:00,2160,4,FW000023455; FW000006960; FW000003202; FW000004612,Firewall,60,0.81,100.0,SINGLE_SOURCE_ONLY
SEQ-USR-2640,Unknown,USER,GENERAL_ACTIVITY_SEQUENCE,2026-11-08 15:06:00+00:00,2026-11-08 16:05:00+00:00,3540,4,FW000025261; FW000024067; FW000013652; FW000005880,Firewall,60,0.81,100.0,SINGLE_SOURCE_ONLY
SEQ-USR-2641,Unknown,USER,GENERAL_ACTIVITY_SEQUENCE,2026-11-08 16:47:00+00:00,2026-11-08 17:45:00+00:00,3480,5,FW000003587; FW000017751; FW000021798; FW000003236; FW000009330,Firewall,60,0.85,100.0,SINGLE_SOURCE_ONLY
SEQ-USR-2642,Unknown,USER,GENERAL_ACTIVITY_SEQUENCE,2026-11-08 18:27:00+00:00,2026-11-08 19:20:00+00:00,3180,7,FW000025387; FW000001067; FW000009135; FW000028836; FW000017216; FW000007666; FW000000853,Firewall,60,0.85,100.0,SINGLE_SOURCE_ONLY
SEQ-USR-2643,Unknown,USER,GENERAL_ACTIVITY_SEQUENCE,2026-11-08 19:36:00+00:00,2026-11-08 20:15:00+00:00,2340,5,FW000026677; FW000017145; FW000028124; FW000005622; FW000029391,Firewall,60,0.85,100.0,SINGLE_SOURCE_ONLY
SEQ-USR-2644,Unknown,USER,GENERAL_ACTIVITY_SEQUENCE,2026-11-08 21:32:00+00:00,2026-11-08 22:26:00+00:00,3240,6,FW000001605; FW000001010; FW000011033; FW000008224; FW000005325; FW000003297,Firewall,60,0.85,100.0,SINGLE_SOURCE_ONLY
SEQ-USR-2645,Unknown,USER,GENERAL_ACTIVITY_SEQUENCE,2026-11-08 22:41:00+00:00,2026-11-08 23:34:00+00:00,3180,5,FW000017052; FW000029314; FW000026288; FW000027195; FW000018571,Firewall,60,0.85,100.0,SINGLE_SOURCE_ONLY
SEQ-USR-2646,Unknown,USER,GENERAL_ACTIVITY_SEQUENCE,2026-11-08 23:46:00+00:00,2026-11-08 23:56:00+00:00,600,4,FW000013683; FW000004275; FW000019107; FW000009537,Firewall,60,0.81,100.0,SINGLE_SOURCE_ONLY
SEQ-USR-2647,Unknown,USER,GENERAL_ACTIVITY_SEQUENCE,2026-12-08 00:00:00+00:00,2026-12-08 00:38:00+00:00,2280,66,FW000000102; FW000000234; FW000000769; FW000003120; FW000004042; FW000004067; FW000005222; FW000007363; FW000008136; FW000008691; FW000008783; FW000008860; FW000009977; FW000010192; FW000010716; FW000010786; FW000011278; FW000011371; FW000011416; FW000012114; FW000012353; FW000012815; FW000013693; FW000014016; FW000014049; FW000014341; FW000014468; FW000014652; FW000017119; FW000017522; FW000017664; FW000017727; FW000017758; FW000017943; FW000017977; FW000018382; FW000018598; FW000021023; FW000021238; FW000021658; FW000021940; FW000022031; FW000023151; FW000023593; FW000023721; FW000024207; FW000024591; FW000025474; FW000025685; FW000025702; FW000025869; FW000025957; FW000026143; FW000026363; FW000026467; FW000026637; FW000027541; FW000027894; FW000027911; FW000028409; FW000029074; FW000029907; FW000028292; FW000000579; FW000012964; FW000006314,Firewall,60,0.85,100.0,SINGLE_SOURCE_ONLY
SEQ-USR-2648,Unknown,USER,GENERAL_ACTIVITY_SEQUENCE,2026-12-08 01:18:00+00:00,2026-12-08 02:05:00+00:00,2820,3,FW000006022; FW000007242; FW000002033,Firewall,60,0.77,90.0,SINGLE_SOURCE_ONLY
SEQ-USR-2649,Unknown,USER,GENERAL_ACTIVITY_SEQUENCE,2026-12-08 02:57:00+00:00,2026-12-08 03:38:00+00:00,2460,3,FW000007894; FW000020967; FW000007845,Firewall,60,0.77,90.0,SINGLE_SOURCE_ONLY
SEQ-USR-2650,Unknown,USER,GENERAL_ACTIVITY_SEQUENCE,2026-12-08 04:09:00+00:00,2026-12-08 04:40:00+00:00,1860,5,FW000015039; FW000006026; FW000008052; FW000019665; FW000016179,Firewall,60,0.85,100.0,SINGLE_SOURCE_ONLY
SEQ-USR-2651,Unknown,USER,GENERAL_ACTIVITY_SEQUENCE,2026-12-08 05:42:00+00:00,2026-12-08 06:00:00+00:00,1080,3,FW000022474; FW000028549; FW000006011,Firewall,60,0.77,90.0,SINGLE_SOURCE_ONLY
SEQ-USR-2652,Unknown,USER,GENERAL_ACTIVITY_SEQUENCE,2026-12-08 06:59:00+00:00,2026-12-08 07:05:00+00:00,360,3,FW000017657; FW000015929; FW000010858,Firewall,60,0.77,90.0,SINGLE_SOURCE_ONLY
SEQ-USR-2653,Unknown,USER,GENERAL_ACTIVITY_SEQUENCE,2026-12-08 08:16:00+00:00,2026-12-08 09:12:00+00:00,3360,3,FW000004778; FW000028628; FW000011872,Firewall,60,0.77,90.0,SINGLE_SOURCE_ONLY
SEQ-USR-2654,Unknown,USER,GENERAL_ACTIVITY_SEQUENCE,2026-12-08 09:19:00+00:00,2026-12-08 10:13:00+00:00,3240,8,FW000005052; FW000014487; FW000010245; FW000021121; FW000019812; FW000026845; FW000009079; FW000005604,Firewall,60,0.85,100.0,SINGLE_SOURCE_ONLY
SEQ-USR-2655,Unknown,USER,GENERAL_ACTIVITY_SEQUENCE,2026-12-08 10:30:00+00:00,2026-12-08 11:19:00+00:00,2940,7,FW000009164; FW000020236; FW000004157; FW000025179; FW000002847; FW000013345; FW000027871,Firewall,60,0.85,100.0,SINGLE_SOURCE_ONLY
SEQ-USR-2656,Unknown,USER,GENERAL_ACTIVITY_SEQUENCE,2026-12-08 11:44:00+00:00,2026-12-08 12:33:00+00:00,2940,7,FW000001040; FW000016311; FW000029361; FW000002309; FW000007557; FW000022744; FW000014056,Firewall,60,0.85,100.0,SINGLE_SOURCE_ONLY
SEQ-USR-2657,Unknown,USER,GENERAL_ACTIVITY_SEQUENCE,2026-12-08 12:54:00+00:00,2026-12-08 13:45:00+00:00,3060,10,FW000002165; FW000006187; FW000017961; FW000014278; FW000002175; FW000004309; FW000027115; FW000025223; FW000022210; FW000020868,Firewall,60,0.85,100.0,SINGLE_SOURCE_ONLY
SEQ-USR-2658,Unknown,USER,GENERAL_ACTIVITY_SEQUENCE,2026-12-08 14:09:00+00:00,2026-12-08 15:07:00+00:00,3480,9,FW000027167; FW000026661; FW000015168; FW000012606; FW000004843; FW000014196; FW000002641; FW000026968; FW000022362,Firewall,60,0.85,100.0,SINGLE_SOURCE_ONLY
SEQ-USR-2659,Unknown,USER,GENERAL_ACTIVITY_SEQUENCE,2026-12-08 15:37:00+00:00,2026-12-08 16:17:00+00:00,2400,6,FW000005008; FW000014564; FW000019709; FW000000862; FW000019531; FW000017407,Firewall,60,0.85,100.0,SINGLE_SOURCE_ONLY
SEQ-USR-2660,Unknown,USER,GENERAL_ACTIVITY_SEQUENCE,2026-12-08 16:39:00+00:00,2026-12-08 17:23:00+00:00,2640,6,FW000021800; FW000002697; FW000012074; FW000017801; FW000021220; FW000019389,Firewall,60,0.85,100.0,SINGLE_SOURCE_ONLY
SEQ-USR-2661,Unknown,USER,GENERAL_ACTIVITY_SEQUENCE,2026-12-08 17:51:00+00:00,2026-12-08 18:36:00+00:00,2700,4,FW000027516; FW000028048; FW000004834; FW000009292,Firewall,60,0.81,100.0,SINGLE_SOURCE_ONLY
SEQ-USR-2662,Unknown,USER,GENERAL_ACTIVITY_SEQUENCE,2026-12-08 18:53:00+00:00,2026-12-08 19:49:00+00:00,3360,9,FW000002189; FW000001279; FW000004433; FW000017776; FW000017402; FW000002872; FW000024614; FW000025337; FW000021334,Firewall,60,0.85,100.0,SINGLE_SOURCE_ONLY
SEQ-USR-2663,Unknown,USER,GENERAL_ACTIVITY_SEQUENCE,2026-12-08 19:54:00+00:00,2026-12-08 20:41:00+00:00,2820,5,FW000004338; FW000025252; FW000008688; FW000028676; FW000027793,Firewall,60,0.85,100.0,SINGLE_SOURCE_ONLY
SEQ-USR-2664,Unknown,USER,GENERAL_ACTIVITY_SEQUENCE,2026-12-08 21:19:00+00:00,2026-12-08 22:14:00+00:00,3300,11,FW000005246; FW000018261; FW000021730; FW000017809; FW000022111; FW000011149; FW000026158; FW000013543; FW000010080; FW000002709; FW000001938,Firewall,60,0.85,100.0,SINGLE_SOURCE_ONLY
SEQ-USR-2665,Unknown,USER,GENERAL_ACTIVITY_SEQUENCE,2026-12-08 22:29:00+00:00,2026-12-08 23:26:00+00:00,3420,8,FW000014154; FW000028410; FW000013757; FW000021506; FW000028838; FW000012417; FW000018784; FW000022874,Firewall,60,0.85,100.0,SINGLE_SOURCE_ONLY
SEQ-USR-2666,Unknown,USER,GENERAL_ACTIVITY_SEQUENCE,2026-12-08 23:45:00+00:00,2026-12-08 23:47:00+00:00,120,2,FW000010508; FW000007719,Firewall,60,0.73,75.0,SINGLE_SOURCE_ONLY
SEQ-HST-1000,LPT-10030,HOST,HOST_ACTIVITY_SEQUENCE,2026-08-24 23:20:00+00:00,2026-08-25 00:00:00+00:00,2400,2,FW000010969; FW000029973,Firewall,60,0.73,75.0,SINGLE_SOURCE_ONLY
SEQ-HST-1001,LPT-10052,HOST,HOST_ACTIVITY_SEQUENCE,2026-01-08 00:00:00+00:00,2026-01-08 00:00:00+00:00,0,2,IAM00006237; IAM00013121,IAM,60,0.73,75.0,SINGLE_SOURCE_ONLY; IDENTICAL_TIMESTAMP_WINDOW
SEQ-HST-1002,LPT-10052,HOST,HOST_ACTIVITY_SEQUENCE,2026-08-06 19:21:11+00:00,2026-08-06 19:27:31+00:00,380,2,IAM00016034; IAM00013851,IAM,60,0.73,75.0,SINGLE_SOURCE_ONLY
SEQ-HST-1003,LPT-10052,HOST,HOST_ACTIVITY_SEQUENCE,2026-08-08 22:56:00+00:00,2026-08-08 23:39:36+00:00,2616,2,IAM00005723; IAM00017334,IAM,60,0.73,75.0,SINGLE_SOURCE_ONLY
SEQ-HST-1004,LPT-10052,HOST,HOST_ACTIVITY_SEQUENCE,2026-08-15 00:00:00+00:00,2026-08-15 00:00:00+00:00,0,2,IAM00008242; IAM00018134,IAM,60,0.73,75.0,SINGLE_SOURCE_ONLY; IDENTICAL_TIMESTAMP_WINDOW
SEQ-HST-1005,LPT-10052,HOST,HOST_ACTIVITY_SEQUENCE,2026-08-27 08:11:10+00:00,2026-08-27 09:10:33+00:00,3563,2,IAM00009990; IAM00010349,IAM,60,0.73,75.0,SINGLE_SOURCE_ONLY
SEQ-HST-1006,LPT-10052,HOST,HOST_ACTIVITY_SEQUENCE,2026-08-31 00:00:00+00:00,2026-08-31 00:00:00+00:00,0,2,IAM00002178; IAM00019512,IAM,60,0.73,75.0,SINGLE_SOURCE_ONLY; IDENTICAL_TIMESTAMP_WINDOW
SEQ-HST-1007,LPT-10052,HOST,HOST_ACTIVITY_SEQUENCE,2026-09-08 15:01:00+00:00,2026-09-08 15:32:53+00:00,1913,2,IAM00003453; IAM00014320,IAM,60,0.73,75.0,SINGLE_SOURCE_ONLY
SEQ-HST-1008,LPT-10092,HOST,HOST_ACTIVITY_SEQUENCE,2026-08-28 07:35:00+00:00,2026-08-28 07:45:59+00:00,659,2,FW000026956; FW000026361,Firewall,60,0.73,75.0,SINGLE_SOURCE_ONLY
SEQ-HST-1009,LPT-10100,HOST,CROSS_SOURCE_HOST_CHAIN,2026-08-13 00:00:00+00:00,2026-08-13 00:00:00+00:00,0,2,FW000001096; IAM00018499,IAM; Firewall,60,0.88,100.0,IDENTICAL_TIMESTAMP_WINDOW
SEQ-HST-1010,LPT-10112,HOST,CROSS_SOURCE_HOST_CHAIN,2026-09-04 08:55:33+00:00,2026-09-04 09:50:09+00:00,3276,2,FW000026690; IAM00004826,IAM; Firewall,60,0.88,100.0,NONE_OBSERVED
SEQ-HST-1011,LPT-10125,HOST,HOST_ACTIVITY_SEQUENCE,2026-08-14 00:00:00+00:00,2026-08-14 00:52:50+00:00,3170,2,IAM00002713; IAM00000150,IAM,60,0.73,75.0,SINGLE_SOURCE_ONLY
SEQ-HST-1012,LPT-10182,HOST,HOST_ACTIVITY_SEQUENCE,2026-08-25 00:00:00+00:00,2026-08-25 00:00:00+00:00,0,2,FW000006634; FW000022407,Firewall,60,0.73,75.0,SINGLE_SOURCE_ONLY; IDENTICAL_TIMESTAMP_WINDOW
SEQ-HST-1013,LPT-10194,HOST,HOST_ACTIVITY_SEQUENCE,2026-08-13 23:37:27+00:00,2026-08-14 00:00:00+00:00,1353,2,IAM00013328; IAM00004776,IAM,60,0.73,75.0,SINGLE_SOURCE_ONLY
SEQ-HST-1014,LPT-10194,HOST,HOST_ACTIVITY_SEQUENCE,2026-08-14 06:33:07+00:00,2026-08-14 07:25:53+00:00,3166,2,IAM00012625; IAM00009863,IAM,60,0.73,75.0,SINGLE_SOURCE_ONLY
SEQ-HST-1015,LPT-10194,HOST,CROSS_SOURCE_HOST_CHAIN,2026-08-22 00:00:00+00:00,2026-08-22 00:00:00+00:00,0,3,FW000019543; IAM00011670; IAM00014760,IAM; Firewall,60,0.92,100.0,IDENTICAL_TIMESTAMP_WINDOW
SEQ-HST-1016,LPT-10194,HOST,HOST_ACTIVITY_SEQUENCE,2026-08-24 10:27:06+00:00,2026-08-24 10:28:42+00:00,96,2,IAM00014165; IAM00007159,IAM,60,0.73,75.0,SINGLE_SOURCE_ONLY
SEQ-HST-1017,LPT-10197,HOST,FIREWALL_DENY_TO_ENDPOINT_ALERT,2026-08-16 00:00:00+00:00,2026-08-16 00:00:00+00:00,0,2,EPA00003387; FW000016329,Firewall; Endpoint,60,0.88,100.0,IDENTICAL_TIMESTAMP_WINDOW
SEQ-HST-1018,LPT-10223,HOST,HOST_ACTIVITY_SEQUENCE,2026-08-28 00:00:00+00:00,2026-08-28 00:16:37+00:00,997,2,FW000008498; FW000027511,Firewall,60,0.73,75.0,SINGLE_SOURCE_ONLY
SEQ-HST-1019,LPT-10271,HOST,HOST_ACTIVITY_SEQUENCE,2026-08-23 00:00:00+00:00,2026-08-23 00:00:00+00:00,0,2,FW000005801; FW000016757,Firewall,60,0.73,75.0,SINGLE_SOURCE_ONLY; IDENTICAL_TIMESTAMP_WINDOW
SEQ-HST-1020,LPT-10289,HOST,HOST_ACTIVITY_SEQUENCE,2026-05-08 16:20:00+00:00,2026-05-08 16:59:00+00:00,2340,2,IAM00011864; IAM00002323,IAM,60,0.73,75.0,SINGLE_SOURCE_ONLY
SEQ-HST-1021,LPT-10289,HOST,HOST_ACTIVITY_SEQUENCE,2026-08-16 00:00:00+00:00,2026-08-16 00:00:00+00:00,0,2,IAM00002081; IAM00012786,IAM,60,0.73,75.0,SINGLE_SOURCE_ONLY; IDENTICAL_TIMESTAMP_WINDOW
SEQ-HST-1022,LPT-10289,HOST,HOST_ACTIVITY_SEQUENCE,2026-08-18 16:05:42+00:00,2026-08-18 16:35:03+00:00,1761,2,IAM00012088; IAM00009204,IAM,60,0.73,75.0,SINGLE_SOURCE_ONLY
SEQ-HST-1023,LPT-10298,HOST,HOST_ACTIVITY_SEQUENCE,2026-07-08 05:31:00+00:00,2026-07-08 06:29:00+00:00,3480,2,IAM00009776; IAM00005088,IAM,60,0.73,75.0,SINGLE_SOURCE_ONLY
SEQ-HST-1024,LPT-10298,HOST,HOST_ACTIVITY_SEQUENCE,2026-08-12 00:00:00+00:00,2026-08-12 00:19:01+00:00,1141,2,IAM00010029; IAM00013316,IAM,60,0.73,75.0,SINGLE_SOURCE_ONLY
SEQ-HST-1025,LPT-10298,HOST,HOST_ACTIVITY_SEQUENCE,2026-08-17 02:42:56+00:00,2026-08-17 03:31:12+00:00,2896,2,IAM00006744; IAM00004505,IAM,60,0.73,75.0,SINGLE_SOURCE_ONLY
SEQ-HST-1026,LPT-10298,HOST,HOST_ACTIVITY_SEQUENCE,2026-08-27 00:00:00+00:00,2026-08-27 00:00:00+00:00,0,2,IAM00000523; IAM00005727,IAM,60,0.73,75.0,SINGLE_SOURCE_ONLY; IDENTICAL_TIMESTAMP_WINDOW
SEQ-HST-1027,LPT-10298,HOST,CROSS_SOURCE_HOST_CHAIN,2026-08-31 00:00:00+00:00,2026-08-31 00:00:00+00:00,0,3,FW000018960; IAM00008303; IAM00009942,IAM; Firewall,60,0.92,100.0,IDENTICAL_TIMESTAMP_WINDOW
SEQ-HST-1028,LPT-10298,HOST,HOST_ACTIVITY_SEQUENCE,2026-09-08 20:01:30+00:00,2026-09-08 20:31:00+00:00,1770,2,IAM00001301; IAM00000932,IAM,60,0.73,75.0,SINGLE_SOURCE_ONLY
SEQ-HST-1029,LPT-10304,HOST,HOST_ACTIVITY_SEQUENCE,2026-08-28 00:00:00+00:00,2026-08-28 00:00:00+00:00,0,2,FW000008720; FW000008814,Firewall,60,0.73,75.0,SINGLE_SOURCE_ONLY; IDENTICAL_TIMESTAMP_WINDOW
SEQ-HST-1030,LPT-10321,HOST,HOST_ACTIVITY_SEQUENCE,2026-08-15 04:05:31+00:00,2026-08-15 04:11:02+00:00,331,2,IAM00002841; IAM00015674,IAM,60,0.73,75.0,SINGLE_SOURCE_ONLY
SEQ-HST-1031,LPT-10374,HOST,FIREWALL_DENY_TO_ENDPOINT_ALERT,2026-08-09 23:13:48+00:00,2026-08-10 00:00:00+00:00,2772,2,EPA00002574; FW000017760,Firewall; Endpoint,60,0.88,100.0,NONE_OBSERVED
SEQ-HST-1032,LPT-10401,HOST,CROSS_SOURCE_HOST_CHAIN,2026-09-05 19:50:28+00:00,2026-09-05 20:27:25+00:00,2217,2,IAM00009287; FW000002121,IAM; Firewall,60,0.88,100.0,NONE_OBSERVED
SEQ-HST-1033,LPT-10426,HOST,HOST_ACTIVITY_SEQUENCE,2026-08-24 00:10:28+00:00,2026-08-24 01:04:50+00:00,3262,2,IAM00017608; IAM00003746,IAM,60,0.73,75.0,SINGLE_SOURCE_ONLY
SEQ-HST-1034,LPT-10452.corp.local,HOST,HOST_ACTIVITY_SEQUENCE,2026-08-10 23:07:23+00:00,2026-08-10 23:52:19+00:00,2696,2,FW000014041; FW000027641,Firewall,60,0.73,75.0,SINGLE_SOURCE_ONLY
SEQ-HST-1035,LPT-10459,HOST,HOST_ACTIVITY_SEQUENCE,2026-08-23 17:36:00+00:00,2026-08-23 18:08:43+00:00,1963,2,IAM00010370; IAM00015607,IAM,60,0.73,75.0,SINGLE_SOURCE_ONLY
SEQ-HST-1036,LPT-10464,HOST,HOST_ACTIVITY_SEQUENCE,2026-08-09 00:00:00+00:00,2026-08-09 00:00:00+00:00,0,2,FW000001212; FW000024427,Firewall,60,0.73,75.0,SINGLE_SOURCE_ONLY; IDENTICAL_TIMESTAMP_WINDOW
SEQ-HST-1037,LPT-10483,HOST,FIREWALL_DENY_TO_ENDPOINT_ALERT,2026-08-27 23:05:00+00:00,2026-08-28 00:00:00+00:00,3300,2,EPA00004945; FW000018828,Firewall; Endpoint,60,0.88,100.0,NONE_OBSERVED
SEQ-HST-1038,LPT-10522,HOST,HOST_ACTIVITY_SEQUENCE,2026-08-09 06:04:14+00:00,2026-08-09 06:33:00+00:00,1726,2,FW000024831; FW000023714,Firewall,60,0.73,75.0,SINGLE_SOURCE_ONLY
SEQ-HST-1039,LPT-10583,HOST,HOST_ACTIVITY_SEQUENCE,2026-09-08 00:00:00+00:00,2026-09-08 00:00:00+00:00,0,2,FW000006753; FW000026763,Firewall,60,0.73,75.0,SINGLE_SOURCE_ONLY; IDENTICAL_TIMESTAMP_WINDOW
SEQ-HST-1040,LPT-10589,HOST,CROSS_SOURCE_HOST_CHAIN,2026-09-08 00:00:00+00:00,2026-09-08 00:00:00+00:00,0,2,EPA00005698; IAM00000800,IAM; Endpoint,60,0.88,100.0,IDENTICAL_TIMESTAMP_WINDOW
SEQ-HST-1041,LPT-10637,HOST,HOST_ACTIVITY_SEQUENCE,2026-04-08 09:54:00+00:00,2026-04-08 09:57:00+00:00,180,2,FW000000250; FW000023008,Firewall,60,0.73,75.0,SINGLE_SOURCE_ONLY
SEQ-HST-1042,LPT-10637,HOST,CROSS_SOURCE_HOST_CHAIN,2026-08-23 00:00:00+00:00,2026-08-23 00:00:00+00:00,0,2,FW000028177; IAM00015155,IAM; Firewall,60,0.88,100.0,IDENTICAL_TIMESTAMP_WINDOW
SEQ-HST-1043,LPT-10651,HOST,FIREWALL_DENY_TO_ENDPOINT_ALERT,2026-08-08 00:00:00+00:00,2026-08-08 00:00:00+00:00,0,2,EPA00000979; FW000028971,Firewall; Endpoint,60,0.88,100.0,IDENTICAL_TIMESTAMP_WINDOW
SEQ-HST-1044,LPT-10654,HOST,CROSS_SOURCE_HOST_CHAIN,2026-08-29 17:05:05+00:00,2026-08-29 17:22:00+00:00,1015,2,IAM00004436; FW000028446,IAM; Firewall,60,0.88,100.0,NONE_OBSERVED
SEQ-HST-1045,LPT-10670,HOST,CROSS_SOURCE_HOST_CHAIN,2026-09-09 08:33:00+00:00,2026-09-09 08:51:46+00:00,1126,2,FW000007397; IAM00008440,IAM; Firewall,60,0.88,100.0,NONE_OBSERVED
SEQ-HST-1046,LPT-10685,HOST,CROSS_SOURCE_HOST_CHAIN,2026-08-07 00:00:00+00:00,2026-08-07 00:00:00+00:00,0,2,EPA00003480; IAM00007385,IAM; Endpoint,60,0.88,100.0,IDENTICAL_TIMESTAMP_WINDOW
SEQ-HST-1047,LPT-10719,HOST,FIREWALL_DENY_TO_ENDPOINT_ALERT,2026-08-31 15:33:54+00:00,2026-08-31 16:11:00+00:00,2226,2,EPA00001571; FW000002946,Firewall; Endpoint,60,0.88,100.0,NONE_OBSERVED
SEQ-HST-1048,LPT-10785,HOST,FIREWALL_DENY_TO_ENDPOINT_ALERT,2026-08-10 00:00:00+00:00,2026-08-10 00:00:00+00:00,0,2,EPA00002737; FW000007312,Firewall; Endpoint,60,0.88,100.0,IDENTICAL_TIMESTAMP_WINDOW
SEQ-HST-1049,LPT-10804,HOST,FIREWALL_DENY_TO_ENDPOINT_ALERT,2026-09-04 00:00:00+00:00,2026-09-04 00:00:00+00:00,0,2,EPA00002694; FW000028387,Firewall; Endpoint,60,0.88,100.0,IDENTICAL_TIMESTAMP_WINDOW
SEQ-HST-1050,LPT-10842,HOST,CROSS_SOURCE_HOST_CHAIN,2026-08-02 09:34:10+00:00,2026-08-02 10:23:53+00:00,2983,2,FW000017324; IAM00000718,IAM; Firewall,60,0.88,100.0,NONE_OBSERVED
SEQ-HST-1051,LPT-10881,HOST,CROSS_SOURCE_HOST_CHAIN,2026-08-04 00:23:05+00:00,2026-08-04 00:59:39+00:00,2194,2,IAM00000763; EPA00006008,IAM; Endpoint,60,0.88,100.0,NONE_OBSERVED
SEQ-HST-1052,LPT-10897,HOST,FIREWALL_DENY_TO_ENDPOINT_ALERT,2026-08-23 12:55:00+00:00,2026-08-23 13:48:00+00:00,3180,2,FW000001936; EPA00001719,Firewall; Endpoint,60,0.88,100.0,NONE_OBSERVED
SEQ-HST-1053,LPT-10912,HOST,CROSS_SOURCE_HOST_CHAIN,2026-08-02 00:00:00+00:00,2026-08-02 00:00:00+00:00,0,2,EPA00004669; IAM00011430,IAM; Endpoint,60,0.88,100.0,IDENTICAL_TIMESTAMP_WINDOW
SEQ-HST-1054,LPT-10912,HOST,CROSS_SOURCE_HOST_CHAIN,2026-08-04 23:36:09+00:00,2026-08-05 00:00:00+00:00,1431,2,IAM00018372; EPA00003262,IAM; Endpoint,60,0.88,100.0,NONE_OBSERVED
SEQ-HST-1055,LPT-10912,HOST,HOST_ACTIVITY_SEQUENCE,2026-08-07 14:18:46+00:00,2026-08-07 14:35:58+00:00,1032,2,IAM00004835; IAM00016342,IAM,60,0.73,75.0,SINGLE_SOURCE_ONLY
SEQ-HST-1056,LPT-10912,HOST,HOST_ACTIVITY_SEQUENCE,2026-08-22 13:52:13+00:00,2026-08-22 14:02:24+00:00,611,2,IAM00014108; IAM00003749,IAM,60,0.73,75.0,SINGLE_SOURCE_ONLY
SEQ-HST-1057,LPT-10931,HOST,CROSS_SOURCE_HOST_CHAIN,2026-08-21 03:32:12+00:00,2026-08-21 04:21:58+00:00,2986,2,FW000008573; IAM00007734,IAM; Firewall,60,0.88,100.0,NONE_OBSERVED
SEQ-HST-1058,LPT-10939,HOST,CROSS_SOURCE_HOST_CHAIN,2026-08-30 00:00:00+00:00,2026-08-30 00:00:00+00:00,0,2,EPA00002981; IAM00005503,IAM; Endpoint,60,0.88,100.0,IDENTICAL_TIMESTAMP_WINDOW
SEQ-HST-1059,LPT-10957,HOST,CROSS_SOURCE_HOST_CHAIN,2026-08-14 04:42:13+00:00,2026-08-14 04:47:43+00:00,330,2,FW000010160; IAM00008087,IAM; Firewall,60,0.88,100.0,NONE_OBSERVED
SEQ-HST-1060,LPT-10980,HOST,HOST_ACTIVITY_SEQUENCE,2026-08-31 16:57:00+00:00,2026-08-31 17:18:16+00:00,1276,2,FW000016278; FW000018613,Firewall,60,0.73,75.0,SINGLE_SOURCE_ONLY
SEQ-HST-1061,LPT-10981,HOST,FIREWALL_DENY_TO_ENDPOINT_ALERT,2026-08-06 00:00:00+00:00,2026-08-06 00:00:00+00:00,0,2,EPA00003714; FW000017490,Firewall; Endpoint,60,0.88,100.0,IDENTICAL_TIMESTAMP_WINDOW
SEQ-HST-1062,LPT-10985,HOST,HOST_ACTIVITY_SEQUENCE,2026-01-09 08:31:00+00:00,2026-01-09 09:26:00+00:00,3300,2,FW000018412; FW000020560,Firewall,60,0.73,75.0,SINGLE_SOURCE_ONLY
SEQ-HST-1063,LPT-10985,HOST,HOST_ACTIVITY_SEQUENCE,2026-08-08 00:00:00+00:00,2026-08-08 00:00:00+00:00,0,2,IAM00012756; IAM00015816,IAM,60,0.73,75.0,SINGLE_SOURCE_ONLY; IDENTICAL_TIMESTAMP_WINDOW
SEQ-HST-1064,LPT-10987,HOST,HOST_ACTIVITY_SEQUENCE,2026-09-04 07:30:29+00:00,2026-09-04 08:28:34+00:00,3485,2,FW000019530; FW000004529,Firewall,60,0.73,75.0,SINGLE_SOURCE_ONLY
SEQ-HST-1065,LPT-11005,HOST,HOST_ACTIVITY_SEQUENCE,2026-06-09 00:00:00+00:00,2026-06-09 00:00:00+00:00,0,2,IAM00005494; IAM00010691,IAM,60,0.73,75.0,SINGLE_SOURCE_ONLY; IDENTICAL_TIMESTAMP_WINDOW
SEQ-HST-1066,LPT-11005,HOST,HOST_ACTIVITY_SEQUENCE,2026-08-28 00:40:14+00:00,2026-08-28 00:53:34+00:00,800,2,IAM00016479; IAM00008765,IAM,60,0.73,75.0,SINGLE_SOURCE_ONLY
SEQ-HST-1067,LPT-11005,HOST,HOST_ACTIVITY_SEQUENCE,2026-09-02 14:58:22+00:00,2026-09-02 15:40:52+00:00,2550,2,IAM00013646; IAM00008001,IAM,60,0.73,75.0,SINGLE_SOURCE_ONLY
SEQ-HST-1068,LPT-11010,HOST,CROSS_SOURCE_HOST_CHAIN,2026-08-08 19:21:43+00:00,2026-08-08 19:27:45+00:00,362,2,FW000006068; IAM00011733,IAM; Firewall,60,0.88,100.0,NONE_OBSERVED
SEQ-HST-1069,LPT-11034,HOST,CROSS_SOURCE_HOST_CHAIN,2026-09-05 23:31:54+00:00,2026-09-05 23:47:05+00:00,911,2,IAM00010434; FW000010377,IAM; Firewall,60,0.88,100.0,NONE_OBSERVED
SEQ-HST-1070,LPT-11052,HOST,HOST_ACTIVITY_SEQUENCE,2026-09-01 00:00:00+00:00,2026-09-01 00:37:33+00:00,2253,2,FW000020704; FW000017858,Firewall,60,0.73,75.0,SINGLE_SOURCE_ONLY
SEQ-HST-1071,LPT-11097,HOST,CROSS_SOURCE_HOST_CHAIN,2026-08-27 13:28:06+00:00,2026-08-27 13:49:24+00:00,1278,2,IAM00009716; FW000019173,IAM; Firewall,60,0.88,100.0,NONE_OBSERVED
SEQ-HST-1072,LPT-11114,HOST,CROSS_SOURCE_HOST_CHAIN,2026-08-18 23:14:01+00:00,2026-08-19 00:00:00+00:00,2759,2,IAM00019864; FW000012459,IAM; Firewall,60,0.88,100.0,NONE_OBSERVED
SEQ-HST-1073,LPT-11116,HOST,CROSS_SOURCE_HOST_CHAIN,2026-08-23 00:00:00+00:00,2026-08-23 00:00:00+00:00,0,2,FW000005738; IAM00004216,IAM; Firewall,60,0.88,100.0,IDENTICAL_TIMESTAMP_WINDOW
SEQ-HST-1074,LPT-11123,HOST,CROSS_SOURCE_HOST_CHAIN,2026-08-14 00:57:55+00:00,2026-08-14 01:26:55+00:00,1740,2,EPA00006759; IAM00011770,IAM; Endpoint,60,0.88,100.0,NONE_OBSERVED
SEQ-HST-1075,LPT-11138,HOST,HOST_ACTIVITY_SEQUENCE,2026-08-21 00:00:00+00:00,2026-08-21 00:00:00+00:00,0,2,IAM00006525; IAM00017076,IAM,60,0.73,75.0,SINGLE_SOURCE_ONLY; IDENTICAL_TIMESTAMP_WINDOW
SEQ-HST-1076,LPT-11156,HOST,FIREWALL_DENY_TO_ENDPOINT_ALERT,2026-08-19 02:45:11+00:00,2026-08-19 02:56:53+00:00,702,2,FW000020131; EPA00003666,Firewall; Endpoint,60,0.88,100.0,NONE_OBSERVED
SEQ-HST-1077,LPT-11178,HOST,HOST_ACTIVITY_SEQUENCE,2026-08-02 03:57:46+00:00,2026-08-02 04:33:34+00:00,2148,2,FW000011693; FW000027479,Firewall,60,0.73,75.0,SINGLE_SOURCE_ONLY
SEQ-HST-1078,LPT-11190,HOST,HOST_ACTIVITY_SEQUENCE,2026-08-09 00:00:00+00:00,2026-08-09 00:00:00+00:00,0,2,IAM00013260; IAM00017918,IAM,60,0.73,75.0,SINGLE_SOURCE_ONLY; IDENTICAL_TIMESTAMP_WINDOW
SEQ-HST-1079,LPT-11190,HOST,HOST_ACTIVITY_SEQUENCE,2026-08-17 20:16:06+00:00,2026-08-17 21:06:41+00:00,3035,2,IAM00018254; IAM00008711,IAM,60,0.73,75.0,SINGLE_SOURCE_ONLY
SEQ-HST-1080,LPT-11226,HOST,HOST_ACTIVITY_SEQUENCE,2026-08-02 08:12:04+00:00,2026-08-02 09:08:12+00:00,3368,2,IAM00013243; IAM00019170,IAM,60,0.73,75.0,SINGLE_SOURCE_ONLY
SEQ-HST-1081,LPT-11226,HOST,CROSS_SOURCE_HOST_CHAIN,2026-08-14 00:00:00+00:00,2026-08-14 00:00:00+00:00,0,2,FW000025834; IAM00013022,IAM; Firewall,60,0.88,100.0,IDENTICAL_TIMESTAMP_WINDOW
SEQ-HST-1082,LPT-11226,HOST,HOST_ACTIVITY_SEQUENCE,2026-08-25 06:21:49+00:00,2026-08-25 06:58:49+00:00,2220,2,IAM00002220; IAM00016581,IAM,60,0.73,75.0,SINGLE_SOURCE_ONLY
SEQ-HST-1083,LPT-11226,HOST,HOST_ACTIVITY_SEQUENCE,2026-09-06 20:12:30+00:00,2026-09-06 20:44:38+00:00,1928,2,IAM00016241; IAM00002900,IAM,60,0.73,75.0,SINGLE_SOURCE_ONLY
SEQ-HST-1084,LPT-11246,HOST,FIREWALL_DENY_TO_ENDPOINT_ALERT,2026-09-06 23:28:43+00:00,2026-09-07 00:00:00+00:00,1877,2,FW000013468; EPA00004387,Firewall; Endpoint,60,0.88,100.0,NONE_OBSERVED
SEQ-HST-1085,LPT-11254,HOST,CROSS_SOURCE_HOST_CHAIN,2026-08-13 07:41:31+00:00,2026-08-13 07:47:04+00:00,333,2,FW000009986; IAM00006301,IAM; Firewall,60,0.88,100.0,NONE_OBSERVED
SEQ-HST-1086,LPT-11322,HOST,CROSS_SOURCE_HOST_CHAIN,2026-08-02 04:36:29+00:00,2026-08-02 04:45:53+00:00,564,2,IAM00003649; FW000025915,IAM; Firewall,60,0.88,100.0,NONE_OBSERVED
SEQ-HST-1087,LPT-11322,HOST,HOST_ACTIVITY_SEQUENCE,2026-08-05 00:00:00+00:00,2026-08-05 00:16:24+00:00,984,2,EPA00000604; EPA00004968,Endpoint,60,0.73,75.0,SINGLE_SOURCE_ONLY
SEQ-HST-1088,LPT-11326,HOST,CROSS_SOURCE_HOST_CHAIN,2026-09-02 20:30:48+00:00,2026-09-02 20:54:36+00:00,1428,2,FW000029430; IAM00013622,IAM; Firewall,60,0.88,100.0,NONE_OBSERVED
SEQ-HST-1089,LPT-11357,HOST,HOST_ACTIVITY_SEQUENCE,2026-08-01 00:00:00+00:00,2026-08-01 00:16:51+00:00,1011,2,IAM00014139; IAM00004304,IAM,60,0.73,75.0,SINGLE_SOURCE_ONLY
SEQ-HST-1090,LPT-11357,HOST,HOST_ACTIVITY_SEQUENCE,2026-08-07 04:40:52+00:00,2026-08-07 05:27:36+00:00,2804,2,IAM00000003; IAM00016673,IAM,60,0.73,75.0,SINGLE_SOURCE_ONLY
SEQ-HST-1091,LPT-11357,HOST,HOST_ACTIVITY_SEQUENCE,2026-08-15 00:00:00+00:00,2026-08-15 00:00:00+00:00,0,2,IAM00008458; IAM00019718,IAM,60,0.73,75.0,SINGLE_SOURCE_ONLY; IDENTICAL_TIMESTAMP_WINDOW
SEQ-HST-1092,LPT-11359,HOST,HOST_ACTIVITY_SEQUENCE,2026-08-02 17:35:57+00:00,2026-08-02 18:04:20+00:00,1703,2,IAM00016384; IAM00018106,IAM,60,0.73,75.0,SINGLE_SOURCE_ONLY
SEQ-HST-1093,LPT-11359,HOST,HOST_ACTIVITY_SEQUENCE,2026-08-05 23:12:06+00:00,2026-08-06 00:00:00+00:00,2874,2,IAM00000218; IAM00010117,IAM,60,0.73,75.0,SINGLE_SOURCE_ONLY
SEQ-HST-1094,LPT-11359,HOST,HOST_ACTIVITY_SEQUENCE,2026-08-08 00:00:00+00:00,2026-08-08 00:00:00+00:00,0,2,IAM00003622; IAM00016323,IAM,60,0.73,75.0,SINGLE_SOURCE_ONLY; IDENTICAL_TIMESTAMP_WINDOW
SEQ-HST-1095,LPT-11359,HOST,HOST_ACTIVITY_SEQUENCE,2026-08-11 02:33:44+00:00,2026-08-11 02:38:25+00:00,281,2,IAM00009992; IAM00001159,IAM,60,0.73,75.0,SINGLE_SOURCE_ONLY
SEQ-HST-1096,LPT-11359,HOST,HOST_ACTIVITY_SEQUENCE,2026-08-13 01:29:00+00:00,2026-08-13 01:31:27+00:00,147,2,IAM00015695; IAM00005068,IAM,60,0.73,75.0,SINGLE_SOURCE_ONLY
SEQ-HST-1097,LPT-11359,HOST,HOST_ACTIVITY_SEQUENCE,2026-08-27 04:43:33+00:00,2026-08-27 04:57:00+00:00,807,2,IAM00019039; IAM00004316,IAM,60,0.73,75.0,SINGLE_SOURCE_ONLY
SEQ-HST-1098,LPT-11423,HOST,CROSS_SOURCE_HOST_CHAIN,2026-09-06 12:41:54+00:00,2026-09-06 13:02:59+00:00,1265,2,FW000010632; IAM00014185,IAM; Firewall,60,0.88,100.0,NONE_OBSERVED
SEQ-HST-1099,LPT-11427,HOST,CROSS_SOURCE_HOST_CHAIN,2026-08-30 23:24:00+00:00,2026-08-31 00:00:00+00:00,2160,3,IAM00017909; FW000025779; IAM00000804,IAM; Firewall,60,0.92,100.0,NONE_OBSERVED
SEQ-HST-1100,LPT-11440,HOST,CROSS_SOURCE_HOST_CHAIN,2026-08-15 23:49:37+00:00,2026-08-16 00:00:00+00:00,623,2,EPA00000520; IAM00007786,IAM; Endpoint,60,0.88,100.0,NONE_OBSERVED
SEQ-HST-1101,LPT-11472,HOST,CROSS_SOURCE_HOST_CHAIN,2026-08-20 00:00:00+00:00,2026-08-20 00:00:00+00:00,0,2,FW000010105; IAM00003909,IAM; Firewall,60,0.88,100.0,IDENTICAL_TIMESTAMP_WINDOW
SEQ-HST-1102,LPT-11512,HOST,HOST_ACTIVITY_SEQUENCE,2026-08-07 19:52:09+00:00,2026-08-07 20:22:50+00:00,1841,2,IAM00015476; IAM00008910,IAM,60,0.73,75.0,SINGLE_SOURCE_ONLY
SEQ-HST-1103,LPT-11574,HOST,CROSS_SOURCE_HOST_CHAIN,2026-03-08 00:00:00+00:00,2026-03-08 00:00:00+00:00,0,2,FW000007180; IAM00019194,IAM; Firewall,60,0.88,100.0,IDENTICAL_TIMESTAMP_WINDOW
SEQ-HST-1104,LPT-11574,HOST,HOST_ACTIVITY_SEQUENCE,2026-08-05 14:13:17+00:00,2026-08-05 14:27:08+00:00,831,2,IAM00002014; IAM00014777,IAM,60,0.73,75.0,SINGLE_SOURCE_ONLY
SEQ-HST-1105,LPT-11663,HOST,CROSS_SOURCE_HOST_CHAIN,2026-08-01 00:00:00+00:00,2026-08-01 00:00:00+00:00,0,2,EPA00001723; IAM00001755,IAM; Endpoint,60,0.88,100.0,IDENTICAL_TIMESTAMP_WINDOW
SEQ-HST-1106,LPT-11707,HOST,FIREWALL_DENY_TO_ENDPOINT_ALERT,2026-08-26 00:00:00+00:00,2026-08-26 00:00:00+00:00,0,2,EPA00004303; FW000014650,Firewall; Endpoint,60,0.88,100.0,IDENTICAL_TIMESTAMP_WINDOW
SEQ-HST-1107,LPT-11714,HOST,FIREWALL_DENY_TO_ENDPOINT_ALERT,2026-09-03 09:37:35+00:00,2026-09-03 09:44:43+00:00,428,2,EPA00007670; FW000012670,Firewall; Endpoint,60,0.88,100.0,NONE_OBSERVED
SEQ-HST-1108,LPT-11726,HOST,HOST_ACTIVITY_SEQUENCE,2026-08-17 00:00:00+00:00,2026-08-17 00:00:00+00:00,0,2,FW000014791; FW000025708,Firewall,60,0.73,75.0,SINGLE_SOURCE_ONLY; IDENTICAL_TIMESTAMP_WINDOW
SEQ-HST-1109,LPT-11726,HOST,CROSS_SOURCE_HOST_CHAIN,2026-08-23 12:31:40+00:00,2026-08-23 13:07:07+00:00,2127,2,FW000017782; IAM00009740,IAM; Firewall,60,0.88,100.0,NONE_OBSERVED
SEQ-HST-1110,LPT-11741,HOST,HOST_ACTIVITY_SEQUENCE,2026-08-05 21:02:32+00:00,2026-08-05 21:33:28+00:00,1856,2,FW000002395; FW000018175,Firewall,60,0.73,75.0,SINGLE_SOURCE_ONLY
SEQ-HST-1111,LPT-11751,HOST,CROSS_SOURCE_HOST_CHAIN,2026-08-16 03:53:40+00:00,2026-08-16 04:44:23+00:00,3043,2,IAM00009485; FW000006560,IAM; Firewall,60,0.88,100.0,NONE_OBSERVED
SEQ-HST-1112,LPT-11763,HOST,HOST_ACTIVITY_SEQUENCE,2026-08-15 18:18:00+00:00,2026-08-15 18:27:45+00:00,585,2,IAM00005095; IAM00002064,IAM,60,0.73,75.0,SINGLE_SOURCE_ONLY
SEQ-HST-1113,LPT-11763,HOST,HOST_ACTIVITY_SEQUENCE,2026-08-19 00:00:00+00:00,2026-08-19 00:00:00+00:00,0,2,IAM00007200; IAM00017653,IAM,60,0.73,75.0,SINGLE_SOURCE_ONLY; IDENTICAL_TIMESTAMP_WINDOW
SEQ-HST-1114,LPT-11770.corp.local,HOST,HOST_ACTIVITY_SEQUENCE,2026-08-09 00:00:00+00:00,2026-08-09 00:00:00+00:00,0,2,FW000005016; FW000009205,Firewall,60,0.73,75.0,SINGLE_SOURCE_ONLY; IDENTICAL_TIMESTAMP_WINDOW
SEQ-HST-1115,LPT-11786,HOST,HOST_ACTIVITY_SEQUENCE,2026-09-02 00:00:00+00:00,2026-09-02 00:00:00+00:00,0,2,EPA00005441; EPA00006012,Endpoint,60,0.73,75.0,SINGLE_SOURCE_ONLY; IDENTICAL_TIMESTAMP_WINDOW
SEQ-HST-1116,LPT-11790,HOST,HOST_ACTIVITY_SEQUENCE,2026-08-25 14:11:49+00:00,2026-08-25 14:18:08+00:00,379,2,FW000018172; FW000010934,Firewall,60,0.73,75.0,SINGLE_SOURCE_ONLY
SEQ-HST-1117,LPT-11801,HOST,HOST_ACTIVITY_SEQUENCE,2026-08-01 01:38:07+00:00,2026-08-01 01:59:56+00:00,1309,2,IAM00004907; IAM00016691,IAM,60,0.73,75.0,SINGLE_SOURCE_ONLY
SEQ-HST-1118,LPT-11801,HOST,HOST_ACTIVITY_SEQUENCE,2026-08-17 00:00:00+00:00,2026-08-17 00:00:00+00:00,0,2,IAM00008072; IAM00011772,IAM,60,0.73,75.0,SINGLE_SOURCE_ONLY; IDENTICAL_TIMESTAMP_WINDOW
SEQ-HST-1119,LPT-11801,HOST,HOST_ACTIVITY_SEQUENCE,2026-08-27 00:00:00+00:00,2026-08-27 00:08:01+00:00,481,2,IAM00004892; IAM00005197,IAM,60,0.73,75.0,SINGLE_SOURCE_ONLY
SEQ-HST-1120,LPT-11801,HOST,CROSS_SOURCE_HOST_CHAIN,2026-08-29 20:59:39+00:00,2026-08-29 21:14:01+00:00,862,2,IAM00017250; FW000023729,IAM; Firewall,60,0.88,100.0,NONE_OBSERVED
SEQ-HST-1121,LPT-11869,HOST,CROSS_SOURCE_HOST_CHAIN,2026-08-13 00:00:00+00:00,2026-08-13 00:00:00+00:00,0,2,FW000024466; IAM00005321,IAM; Firewall,60,0.88,100.0,IDENTICAL_TIMESTAMP_WINDOW
SEQ-HST-1122,LPT-11870,HOST,HOST_ACTIVITY_SEQUENCE,2026-08-27 00:00:00+00:00,2026-08-27 00:00:00+00:00,0,2,FW000013140; FW000018047,Firewall,60,0.73,75.0,SINGLE_SOURCE_ONLY; IDENTICAL_TIMESTAMP_WINDOW
SEQ-HST-1123,LPT-11870,HOST,CROSS_SOURCE_HOST_CHAIN,2026-09-09 00:00:00+00:00,2026-09-09 00:00:00+00:00,0,2,FW000011702; IAM00001809,IAM; Firewall,60,0.88,100.0,IDENTICAL_TIMESTAMP_WINDOW
SEQ-HST-1124,LPT-11891,HOST,HOST_ACTIVITY_SEQUENCE,2026-09-02 01:31:25+00:00,2026-09-02 01:46:51+00:00,926,2,FW000004953; FW000018531,Firewall,60,0.73,75.0,SINGLE_SOURCE_ONLY
SEQ-HST-1125,LPT-11902,HOST,CROSS_SOURCE_HOST_CHAIN,2026-08-30 01:54:00+00:00,2026-08-30 02:43:35+00:00,2975,2,IAM00006788; FW000005365,IAM; Firewall,60,0.88,100.0,NONE_OBSERVED
SEQ-HST-1126,LPT-11903,HOST,CROSS_SOURCE_HOST_CHAIN,2026-08-20 06:31:34+00:00,2026-08-20 07:11:48+00:00,2414,2,IAM00013133; FW000018508,IAM; Firewall,60,0.88,100.0,NONE_OBSERVED
SEQ-HST-1127,LPT-11914,HOST,HOST_ACTIVITY_SEQUENCE,2026-08-29 15:40:40+00:00,2026-08-29 16:19:08+00:00,2308,2,IAM00006410; IAM00005289,IAM,60,0.73,75.0,SINGLE_SOURCE_ONLY
SEQ-HST-1128,LPT-11937,HOST,CROSS_SOURCE_HOST_CHAIN,2026-08-16 18:22:00+00:00,2026-08-16 19:19:00+00:00,3420,2,EPA00000770; IAM00010781,IAM; Endpoint,60,0.88,100.0,NONE_OBSERVED
SEQ-HST-1129,LPT-11965,HOST,FIREWALL_DENY_TO_ENDPOINT_ALERT,2026-08-28 07:41:00+00:00,2026-08-28 08:35:08+00:00,3248,2,FW000001435; EPA00004767,Firewall; Endpoint,60,0.88,100.0,NONE_OBSERVED
SEQ-HST-1130,LPT-11984,HOST,HOST_ACTIVITY_SEQUENCE,2026-03-09 00:00:00+00:00,2026-03-09 00:00:00+00:00,0,2,FW000022058; FW000024167,Firewall,60,0.73,75.0,SINGLE_SOURCE_ONLY; IDENTICAL_TIMESTAMP_WINDOW
SEQ-HST-1131,LPT-11992,HOST,CROSS_SOURCE_HOST_CHAIN,2026-09-03 21:03:04+00:00,2026-09-03 21:37:42+00:00,2078,2,FW000024147; IAM00003867,IAM; Firewall,60,0.88,100.0,NONE_OBSERVED
SEQ-HST-1132,LPT-11998,HOST,FIREWALL_DENY_TO_ENDPOINT_ALERT,2026-08-22 00:00:00+00:00,2026-08-22 00:00:00+00:00,0,2,EPA00007576; FW000014531,Firewall; Endpoint,60,0.88,100.0,IDENTICAL_TIMESTAMP_WINDOW
SEQ-HST-1133,LPT-12000,HOST,CROSS_SOURCE_HOST_CHAIN,2026-08-04 19:39:00+00:00,2026-08-04 19:43:56+00:00,296,2,EPA00003416; IAM00008049,IAM; Endpoint,60,0.88,100.0,NONE_OBSERVED
SEQ-HST-1134,LPT-12006,HOST,CROSS_SOURCE_HOST_CHAIN,2026-08-01 20:03:42+00:00,2026-08-01 20:36:15+00:00,1953,2,FW000005549; IAM00008273,IAM; Firewall,60,0.88,100.0,NONE_OBSERVED
SEQ-HST-1135,LPT-12008,HOST,CROSS_SOURCE_HOST_CHAIN,2026-08-21 00:00:00+00:00,2026-08-21 00:00:00+00:00,0,2,FW000021756; IAM00015917,IAM; Firewall,60,0.88,100.0,IDENTICAL_TIMESTAMP_WINDOW
SEQ-HST-1136,LPT-12027,HOST,CROSS_SOURCE_HOST_CHAIN,2026-08-25 02:26:00+00:00,2026-08-25 03:26:00+00:00,3600,2,FW000011352; IAM00000784,IAM; Firewall,60,0.88,100.0,NONE_OBSERVED
SEQ-HST-1137,LPT-12029,HOST,HOST_ACTIVITY_SEQUENCE,2026-08-05 19:30:35+00:00,2026-08-05 20:10:53+00:00,2418,2,FW000007220; FW000002704,Firewall,60,0.73,75.0,SINGLE_SOURCE_ONLY
SEQ-HST-1138,LPT-12029,HOST,HOST_ACTIVITY_SEQUENCE,2026-08-19 00:56:00+00:00,2026-08-19 01:15:57+00:00,1197,2,FW000013880; FW000000840,Firewall,60,0.73,75.0,SINGLE_SOURCE_ONLY
SEQ-HST-1139,LPT-12046,HOST,CROSS_SOURCE_HOST_CHAIN,2026-08-27 04:15:23+00:00,2026-08-27 04:36:00+00:00,1237,2,IAM00016551; FW000018824,IAM; Firewall,60,0.88,100.0,NONE_OBSERVED
SEQ-HST-1140,LPT-12049,HOST,HOST_ACTIVITY_SEQUENCE,2026-08-08 06:36:31+00:00,2026-08-08 07:29:00+00:00,3149,2,IAM00012272; IAM00013601,IAM,60,0.73,75.0,SINGLE_SOURCE_ONLY
SEQ-HST-1141,LPT-12066,HOST,HOST_ACTIVITY_SEQUENCE,2026-08-21 00:00:00+00:00,2026-08-21 00:45:54+00:00,2754,2,IAM00000439; IAM00005649,IAM,60,0.73,75.0,SINGLE_SOURCE_ONLY
SEQ-HST-1142,LPT-12070,HOST,CROSS_SOURCE_HOST_CHAIN,2026-08-22 00:00:00+00:00,2026-08-22 00:00:00+00:00,0,2,FW000004485; IAM00005663,IAM; Firewall,60,0.88,100.0,IDENTICAL_TIMESTAMP_WINDOW
SEQ-HST-1143,LPT-12080,HOST,FIREWALL_DENY_TO_ENDPOINT_ALERT,2026-09-05 00:00:00+00:00,2026-09-05 00:00:00+00:00,0,2,EPA00003440; FW000001627,Firewall; Endpoint,60,0.88,100.0,IDENTICAL_TIMESTAMP_WINDOW
SEQ-HST-1144,LPT-12083,HOST,CROSS_SOURCE_HOST_CHAIN,2026-09-08 19:09:02+00:00,2026-09-08 19:51:34+00:00,2552,2,EPA00002608; IAM00005130,IAM; Endpoint,60,0.88,100.0,NONE_OBSERVED
SEQ-HST-1145,LPT-12086,HOST,CROSS_SOURCE_HOST_CHAIN,2026-08-01 00:00:00+00:00,2026-08-01 00:00:00+00:00,0,2,EPA00005877; IAM00017254,IAM; Endpoint,60,0.88,100.0,IDENTICAL_TIMESTAMP_WINDOW
SEQ-HST-1146,LPT-12088,HOST,CROSS_SOURCE_HOST_CHAIN,2026-08-21 22:39:40+00:00,2026-08-21 23:33:04+00:00,3204,2,EPA00007007; IAM00019535,IAM; Endpoint,60,0.88,100.0,NONE_OBSERVED
SEQ-HST-1147,LPT-12089,HOST,CROSS_SOURCE_HOST_CHAIN,2026-08-24 09:33:00+00:00,2026-08-24 09:47:23+00:00,863,2,FW000026544; IAM00003812,IAM; Firewall,60,0.88,100.0,NONE_OBSERVED
SEQ-HST-1148,LPT-12098,HOST,CROSS_SOURCE_HOST_CHAIN,2026-09-09 05:35:50+00:00,2026-09-09 06:06:11+00:00,1821,2,FW000029830; IAM00012732,IAM; Firewall,60,0.88,100.0,NONE_OBSERVED
SEQ-HST-1149,LPT-12099,HOST,CROSS_SOURCE_HOST_CHAIN,2026-08-09 13:27:00+00:00,2026-08-09 14:24:00+00:00,3420,2,EPA00005330; IAM00016960,IAM; Endpoint,60,0.88,100.0,NONE_OBSERVED
SEQ-HST-1150,LPT-12111,HOST,CROSS_SOURCE_HOST_CHAIN,2026-08-10 00:00:00+00:00,2026-08-10 00:09:57+00:00,597,2,FW000010378; IAM00019307,IAM; Firewall,60,0.88,100.0,NONE_OBSERVED
SEQ-HST-1151,LPT-12111,HOST,HOST_ACTIVITY_SEQUENCE,2026-08-11 14:06:22+00:00,2026-08-11 14:18:25+00:00,723,2,IAM00019462; IAM00017546,IAM,60,0.73,75.0,SINGLE_SOURCE_ONLY
SEQ-HST-1152,LPT-12111,HOST,HOST_ACTIVITY_SEQUENCE,2026-08-15 20:11:41+00:00,2026-08-15 21:09:44+00:00,3483,2,IAM00019689; IAM00002344,IAM,60,0.73,75.0,SINGLE_SOURCE_ONLY
SEQ-HST-1153,LPT-12111,HOST,CROSS_SOURCE_HOST_CHAIN,2026-08-17 18:28:45+00:00,2026-08-17 18:56:00+00:00,1635,2,IAM00019863; EPA00005789,IAM; Endpoint,60,0.88,100.0,NONE_OBSERVED
SEQ-HST-1154,LPT-12144,HOST,HOST_ACTIVITY_SEQUENCE,2026-08-31 18:20:13+00:00,2026-08-31 18:28:30+00:00,497,2,IAM00000908; IAM00013038,IAM,60,0.73,75.0,SINGLE_SOURCE_ONLY
SEQ-HST-1155,LPT-12169,HOST,FIREWALL_DENY_TO_ENDPOINT_ALERT,2026-08-13 00:00:00+00:00,2026-08-13 00:00:00+00:00,0,2,EPA00002197; FW000019215,Firewall; Endpoint,60,0.88,100.0,IDENTICAL_TIMESTAMP_WINDOW
SEQ-HST-1156,LPT-12228,HOST,HOST_ACTIVITY_SEQUENCE,2026-08-16 08:00:21+00:00,2026-08-16 08:30:03+00:00,1782,2,FW000009937; FW000012883,Firewall,60,0.73,75.0,SINGLE_SOURCE_ONLY
SEQ-HST-1157,LPT-12253,HOST,HOST_ACTIVITY_SEQUENCE,2026-08-18 20:46:35+00:00,2026-08-18 20:49:09+00:00,154,2,IAM00002862; IAM00001051,IAM,60,0.73,75.0,SINGLE_SOURCE_ONLY
SEQ-HST-1158,LPT-12259,HOST,CROSS_SOURCE_HOST_CHAIN,2026-08-29 00:00:00+00:00,2026-08-29 00:00:00+00:00,0,2,FW000017379; IAM00001503,IAM; Firewall,60,0.88,100.0,IDENTICAL_TIMESTAMP_WINDOW
SEQ-HST-1159,LPT-12260,HOST,CROSS_SOURCE_HOST_CHAIN,2026-08-20 23:18:10+00:00,2026-08-21 00:00:00+00:00,2510,2,IAM00000432; FW000021891,IAM; Firewall,60,0.88,100.0,NONE_OBSERVED
SEQ-HST-1160,LPT-12294,HOST,CROSS_SOURCE_HOST_CHAIN,2026-08-16 00:00:00+00:00,2026-08-16 00:01:38+00:00,98,2,IAM00011224; EPA00006751,IAM; Endpoint,60,0.88,100.0,NONE_OBSERVED
SEQ-HST-1161,LPT-12314,HOST,CROSS_SOURCE_HOST_CHAIN,2026-08-14 21:42:37+00:00,2026-08-14 21:52:19+00:00,582,2,IAM00014636; FW000007077,IAM; Firewall,60,0.88,100.0,NONE_OBSERVED
SEQ-HST-1162,LPT-12315,HOST,CROSS_SOURCE_HOST_CHAIN,2026-08-13 23:15:00+00:00,2026-08-14 00:00:00+00:00,2700,2,FW000025847; IAM00014584,IAM; Firewall,60,0.88,100.0,NONE_OBSERVED
SEQ-HST-1163,LPT-12316,HOST,CROSS_SOURCE_HOST_CHAIN,2026-08-27 12:42:19+00:00,2026-08-27 13:10:31+00:00,1692,2,EPA00004627; IAM00017841,IAM; Endpoint,60,0.88,100.0,NONE_OBSERVED
SEQ-HST-1164,LPT-12364,HOST,HOST_ACTIVITY_SEQUENCE,2026-08-20 15:13:53+00:00,2026-08-20 16:00:11+00:00,2778,2,IAM00011925; IAM00010975,IAM,60,0.73,75.0,SINGLE_SOURCE_ONLY
SEQ-HST-1165,LPT-12370,HOST,HOST_ACTIVITY_SEQUENCE,2026-08-04 23:33:29+00:00,2026-08-05 00:00:00+00:00,1591,2,IAM00006199; IAM00014376,IAM,60,0.73,75.0,SINGLE_SOURCE_ONLY
SEQ-HST-1166,LPT-12407,HOST,CROSS_SOURCE_HOST_CHAIN,2026-08-09 14:52:55+00:00,2026-08-09 15:12:02+00:00,1147,2,IAM00006283; EPA00006990,IAM; Endpoint,60,0.88,100.0,NONE_OBSERVED
SEQ-HST-1167,LPT-12408,HOST,FIREWALL_DENY_TO_ENDPOINT_ALERT,2026-09-09 20:02:12+00:00,2026-09-09 20:59:01+00:00,3409,2,FW000020545; EPA00007483,Firewall; Endpoint,60,0.88,100.0,NONE_OBSERVED
SEQ-HST-1168,LPT-12425,HOST,HOST_ACTIVITY_SEQUENCE,2026-08-20 05:45:59+00:00,2026-08-20 06:31:50+00:00,2751,2,IAM00005744; IAM00010678,IAM,60,0.73,75.0,SINGLE_SOURCE_ONLY
SEQ-HST-1169,LPT-12425,HOST,HOST_ACTIVITY_SEQUENCE,2026-08-21 10:57:00+00:00,2026-08-21 11:46:39+00:00,2979,2,IAM00018333; IAM00008512,IAM,60,0.73,75.0,SINGLE_SOURCE_ONLY
SEQ-HST-1170,LPT-12425,HOST,HOST_ACTIVITY_SEQUENCE,2026-08-23 02:55:49+00:00,2026-08-23 03:15:00+00:00,1151,2,IAM00009689; IAM00000587,IAM,60,0.73,75.0,SINGLE_SOURCE_ONLY
SEQ-HST-1171,LPT-12425,HOST,CROSS_SOURCE_HOST_CHAIN,2026-08-30 05:04:18+00:00,2026-08-30 05:15:36+00:00,678,2,IAM00014160; EPA00007424,IAM; Endpoint,60,0.88,100.0,NONE_OBSERVED
SEQ-HST-1172,LPT-12425,HOST,HOST_ACTIVITY_SEQUENCE,2026-09-08 23:48:17+00:00,2026-09-08 23:48:38+00:00,21,2,IAM00001665; IAM00004072,IAM,60,0.73,75.0,SINGLE_SOURCE_ONLY
SEQ-HST-1173,LPT-12427,HOST,HOST_ACTIVITY_SEQUENCE,2026-08-15 00:00:00+00:00,2026-08-15 00:00:00+00:00,0,2,FW000002248; FW000010318,Firewall,60,0.73,75.0,SINGLE_SOURCE_ONLY; IDENTICAL_TIMESTAMP_WINDOW
SEQ-HST-1174,LPT-12432,HOST,FIREWALL_DENY_TO_ENDPOINT_ALERT,2026-08-23 06:28:07+00:00,2026-08-23 06:37:10+00:00,543,2,FW000002823; EPA00007933,Firewall; Endpoint,60,0.88,100.0,NONE_OBSERVED
SEQ-HST-1175,LPT-12471,HOST,FIREWALL_DENY_TO_ENDPOINT_ALERT,2026-08-26 16:59:40+00:00,2026-08-26 17:05:13+00:00,333,2,EPA00003464; FW000018513,Firewall; Endpoint,60,0.88,100.0,NONE_OBSERVED
SEQ-HST-1176,LPT-12505,HOST,HOST_ACTIVITY_SEQUENCE,2026-08-09 00:00:00+00:00,2026-08-09 00:00:00+00:00,0,2,IAM00013615; IAM00015182,IAM,60,0.73,75.0,SINGLE_SOURCE_ONLY; IDENTICAL_TIMESTAMP_WINDOW
SEQ-HST-1177,LPT-12505,HOST,HOST_ACTIVITY_SEQUENCE,2026-08-15 12:42:50+00:00,2026-08-15 12:55:32+00:00,762,2,IAM00000225; IAM00012363,IAM,60,0.73,75.0,SINGLE_SOURCE_ONLY
SEQ-HST-1178,LPT-12505,HOST,HOST_ACTIVITY_SEQUENCE,2026-08-23 11:02:30+00:00,2026-08-23 11:14:00+00:00,690,2,IAM00001140; IAM00009928,IAM,60,0.73,75.0,SINGLE_SOURCE_ONLY
SEQ-HST-1179,LPT-12505,HOST,HOST_ACTIVITY_SEQUENCE,2026-08-26 23:13:47+00:00,2026-08-27 00:00:00+00:00,2773,2,IAM00015309; IAM00006674,IAM,60,0.73,75.0,SINGLE_SOURCE_ONLY
SEQ-HST-1180,LPT-12516,HOST,HOST_ACTIVITY_SEQUENCE,2026-08-14 17:33:32+00:00,2026-08-14 17:59:27+00:00,1555,2,IAM00000893; IAM00014920,IAM,60,0.73,75.0,SINGLE_SOURCE_ONLY
SEQ-HST-1181,LPT-12522,HOST,HOST_ACTIVITY_SEQUENCE,2026-09-09 00:00:00+00:00,2026-09-09 00:00:00+00:00,0,3,FW000004452; FW000005022; FW000028955,Firewall,60,0.77,90.0,SINGLE_SOURCE_ONLY; IDENTICAL_TIMESTAMP_WINDOW
SEQ-HST-1182,LPT-12603,HOST,CROSS_SOURCE_HOST_CHAIN,2026-03-08 00:00:00+00:00,2026-03-08 00:00:00+00:00,0,2,FW000018152; IAM00019309,IAM; Firewall,60,0.88,100.0,IDENTICAL_TIMESTAMP_WINDOW
SEQ-HST-1183,LPT-12603,HOST,HOST_ACTIVITY_SEQUENCE,2026-04-09 00:00:00+00:00,2026-04-09 00:00:00+00:00,0,2,IAM00015299; IAM00015866,IAM,60,0.73,75.0,SINGLE_SOURCE_ONLY; IDENTICAL_TIMESTAMP_WINDOW
SEQ-HST-1184,LPT-12603,HOST,HOST_ACTIVITY_SEQUENCE,2026-08-16 06:25:39+00:00,2026-08-16 06:38:00+00:00,741,2,IAM00009325; IAM00013791,IAM,60,0.73,75.0,SINGLE_SOURCE_ONLY
SEQ-HST-1185,LPT-12603,HOST,HOST_ACTIVITY_SEQUENCE,2026-08-16 10:12:24+00:00,2026-08-16 10:32:32+00:00,1208,2,IAM00016466; IAM00019473,IAM,60,0.73,75.0,SINGLE_SOURCE_ONLY
SEQ-HST-1186,LPT-12603,HOST,HOST_ACTIVITY_SEQUENCE,2026-08-22 17:23:10+00:00,2026-08-22 18:03:00+00:00,2390,2,IAM00008882; IAM00010534,IAM,60,0.73,75.0,SINGLE_SOURCE_ONLY
SEQ-HST-1187,LPT-12603,HOST,HOST_ACTIVITY_SEQUENCE,2026-08-31 11:22:38+00:00,2026-08-31 11:36:00+00:00,802,2,IAM00012532; IAM00018227,IAM,60,0.73,75.0,SINGLE_SOURCE_ONLY
SEQ-HST-1188,LPT-12603,HOST,CROSS_SOURCE_HOST_CHAIN,2026-09-01 23:21:11+00:00,2026-09-02 00:00:00+00:00,2329,2,FW000015683; IAM00019179,IAM; Firewall,60,0.88,100.0,NONE_OBSERVED
SEQ-HST-1189,LPT-12607,HOST,HOST_ACTIVITY_SEQUENCE,2026-08-25 15:55:32+00:00,2026-08-25 16:50:59+00:00,3327,2,IAM00016987; IAM00011255,IAM,60,0.73,75.0,SINGLE_SOURCE_ONLY
SEQ-HST-1190,LPT-12636,HOST,CROSS_SOURCE_HOST_CHAIN,2026-08-22 00:00:00+00:00,2026-08-22 00:43:36+00:00,2616,2,FW000008988; IAM00006550,IAM; Firewall,60,0.88,100.0,NONE_OBSERVED
SEQ-HST-1191,LPT-12641,HOST,CROSS_SOURCE_HOST_CHAIN,2026-08-21 01:15:09+00:00,2026-08-21 01:51:25+00:00,2176,2,FW000020569; IAM00012315,IAM; Firewall,60,0.88,100.0,NONE_OBSERVED
SEQ-HST-1192,LPT-12652,HOST,CROSS_SOURCE_HOST_CHAIN,2026-08-13 23:49:00+00:00,2026-08-14 00:00:00+00:00,660,2,IAM00017033; FW000029217,IAM; Firewall,60,0.88,100.0,NONE_OBSERVED
SEQ-HST-1193,LPT-12662,HOST,CROSS_SOURCE_HOST_CHAIN,2026-08-12 02:55:50+00:00,2026-08-12 03:45:41+00:00,2991,2,IAM00015121; FW000022885,IAM; Firewall,60,0.88,100.0,NONE_OBSERVED
SEQ-HST-1194,LPT-12670,HOST,FIREWALL_DENY_TO_ENDPOINT_ALERT,2026-08-14 00:00:00+00:00,2026-08-14 00:00:00+00:00,0,2,EPA00007439; FW000000225,Firewall; Endpoint,60,0.88,100.0,IDENTICAL_TIMESTAMP_WINDOW
SEQ-HST-1195,LPT-12690,HOST,CROSS_SOURCE_HOST_CHAIN,2026-09-03 00:00:00+00:00,2026-09-03 00:50:28+00:00,3028,2,IAM00009915; FW000003434,IAM; Firewall,60,0.88,100.0,NONE_OBSERVED
SEQ-HST-1196,LPT-12702,HOST,CROSS_SOURCE_HOST_CHAIN,2026-09-04 15:54:04+00:00,2026-09-04 16:00:39+00:00,395,2,IAM00013627; EPA00001216,IAM; Endpoint,60,0.88,100.0,NONE_OBSERVED
SEQ-HST-1197,LPT-12703,HOST,HOST_ACTIVITY_SEQUENCE,2026-08-28 00:00:00+00:00,2026-08-28 00:00:00+00:00,0,2,IAM00008632; IAM00014818,IAM,60,0.73,75.0,SINGLE_SOURCE_ONLY; IDENTICAL_TIMESTAMP_WINDOW
SEQ-HST-1198,LPT-12704,HOST,CROSS_SOURCE_HOST_CHAIN,2026-08-04 01:25:55+00:00,2026-08-04 01:52:08+00:00,1573,2,IAM00009896; EPA00007482,IAM; Endpoint,60,0.88,100.0,NONE_OBSERVED
SEQ-HST-1199,LPT-12729,HOST,HOST_ACTIVITY_SEQUENCE,2026-08-09 00:00:00+00:00,2026-08-09 00:00:00+00:00,0,2,IAM00000604; IAM00013751,IAM,60,0.73,75.0,SINGLE_SOURCE_ONLY; IDENTICAL_TIMESTAMP_WINDOW
SEQ-HST-1200,LPT-12735,HOST,HOST_ACTIVITY_SEQUENCE,2026-08-14 14:27:09+00:00,2026-08-14 14:47:00+00:00,1191,2,IAM00005822; IAM00007978,IAM,60,0.73,75.0,SINGLE_SOURCE_ONLY
SEQ-HST-1201,LPT-12747,HOST,HOST_ACTIVITY_SEQUENCE,2026-08-21 00:00:00+00:00,2026-08-21 00:00:00+00:00,0,2,IAM00014764; IAM00017717,IAM,60,0.73,75.0,SINGLE_SOURCE_ONLY; IDENTICAL_TIMESTAMP_WINDOW
SEQ-HST-1202,LPT-12761,HOST,CROSS_SOURCE_HOST_CHAIN,2026-08-09 19:22:29+00:00,2026-08-09 20:18:54+00:00,3385,2,IAM00011840; EPA00002364,IAM; Endpoint,60,0.88,100.0,NONE_OBSERVED
SEQ-HST-1203,LPT-12810,HOST,HOST_ACTIVITY_SEQUENCE,2026-08-18 00:00:00+00:00,2026-08-18 00:57:06+00:00,3426,2,IAM00001247; IAM00004507,IAM,60,0.73,75.0,SINGLE_SOURCE_ONLY
SEQ-HST-1204,LPT-12810,HOST,HOST_ACTIVITY_SEQUENCE,2026-08-21 04:16:00+00:00,2026-08-21 05:00:52+00:00,2692,2,IAM00011666; IAM00011413,IAM,60,0.73,75.0,SINGLE_SOURCE_ONLY
SEQ-HST-1205,LPT-12826,HOST,CROSS_SOURCE_HOST_CHAIN,2026-08-14 03:55:45+00:00,2026-08-14 03:56:41+00:00,56,2,EPA00003560; IAM00000477,IAM; Endpoint,60,0.88,100.0,NONE_OBSERVED
SEQ-HST-1206,LPT-12826,HOST,CROSS_SOURCE_HOST_CHAIN,2026-08-19 14:10:03+00:00,2026-08-19 14:43:43+00:00,2020,2,IAM00017208; EPA00004224,IAM; Endpoint,60,0.88,100.0,NONE_OBSERVED
SEQ-HST-1207,LPT-12858,HOST,CROSS_SOURCE_HOST_CHAIN,2026-09-01 23:13:00+00:00,2026-09-02 00:00:00+00:00,2820,2,EPA00000134; IAM00000612,IAM; Endpoint,60,0.88,100.0,NONE_OBSERVED
SEQ-HST-1208,LPT-12907,HOST,CROSS_SOURCE_HOST_CHAIN,2026-08-27 00:00:00+00:00,2026-08-27 00:00:00+00:00,0,2,FW000020822; IAM00008735,IAM; Firewall,60,0.88,100.0,IDENTICAL_TIMESTAMP_WINDOW
SEQ-HST-1209,LPT-12911,HOST,HOST_ACTIVITY_SEQUENCE,2026-06-09 20:01:00+00:00,2026-06-09 20:48:00+00:00,2820,2,FW000018062; FW000021008,Firewall,60,0.73,75.0,SINGLE_SOURCE_ONLY
SEQ-HST-1210,LPT-12943,HOST,CROSS_SOURCE_HOST_CHAIN,2026-08-21 23:08:07+00:00,2026-08-22 00:00:00+00:00,3113,2,IAM00003456; EPA00001842,IAM; Endpoint,60,0.88,100.0,NONE_OBSERVED
SEQ-HST-1211,LPT-12946,HOST,HOST_ACTIVITY_SEQUENCE,2026-08-29 14:41:56+00:00,2026-08-29 15:18:11+00:00,2175,2,IAM00015868; IAM00007355,IAM,60,0.73,75.0,SINGLE_SOURCE_ONLY
SEQ-HST-1212,LPT-12960,HOST,HOST_ACTIVITY_SEQUENCE,2026-08-11 00:00:00+00:00,2026-08-11 00:44:18+00:00,2658,2,EPA00004162; EPA00003699,Endpoint,60,0.73,75.0,SINGLE_SOURCE_ONLY
SEQ-HST-1213,LPT-12960,HOST,HOST_ACTIVITY_SEQUENCE,2026-08-26 08:00:07+00:00,2026-08-26 08:38:35+00:00,2308,2,FW000011963; FW000023369,Firewall,60,0.73,75.0,SINGLE_SOURCE_ONLY
SEQ-HST-1214,LPT-12965,HOST,FIREWALL_DENY_TO_ENDPOINT_ALERT,2026-08-29 00:48:56+00:00,2026-08-29 01:21:00+00:00,1924,2,EPA00001156; FW000002049,Firewall; Endpoint,60,0.88,100.0,NONE_OBSERVED
SEQ-HST-1215,LPT_12424,HOST,HOST_ACTIVITY_SEQUENCE,2026-09-03 00:00:00+00:00,2026-09-03 00:00:00+00:00,0,2,FW000011512; FW000013405,Firewall,60,0.73,75.0,SINGLE_SOURCE_ONLY; IDENTICAL_TIMESTAMP_WINDOW
SEQ-HST-1216,VDR-10012,HOST,FIREWALL_DENY_TO_ENDPOINT_ALERT,2026-09-08 00:00:00+00:00,2026-09-08 00:00:00+00:00,0,2,EPA00003867; FW000000773,Firewall; Endpoint,60,0.88,100.0,IDENTICAL_TIMESTAMP_WINDOW
SEQ-HST-1217,VDR-10024,HOST,CROSS_SOURCE_HOST_CHAIN,2026-09-06 14:27:24+00:00,2026-09-06 15:19:35+00:00,3131,2,EPA00006733; IAM00011211,IAM; Endpoint,60,0.88,100.0,NONE_OBSERVED
SEQ-HST-1218,VDR-10044,HOST,HOST_ACTIVITY_SEQUENCE,2026-07-09 00:00:00+00:00,2026-07-09 00:00:00+00:00,0,2,IAM00007231; IAM00019453,IAM,60,0.73,75.0,SINGLE_SOURCE_ONLY; IDENTICAL_TIMESTAMP_WINDOW
SEQ-HST-1219,VDR-10044,HOST,CROSS_SOURCE_HOST_CHAIN,2026-08-01 23:25:01+00:00,2026-08-02 00:00:00+00:00,2099,2,IAM00015846; FW000018102,IAM; Firewall,60,0.88,100.0,NONE_OBSERVED
SEQ-HST-1220,VDR-10044,HOST,HOST_ACTIVITY_SEQUENCE,2026-08-04 20:46:00+00:00,2026-08-04 21:07:22+00:00,1282,2,IAM00002946; IAM00009238,IAM,60,0.73,75.0,SINGLE_SOURCE_ONLY
SEQ-HST-1221,VDR-10044,HOST,CROSS_SOURCE_HOST_CHAIN,2026-08-06 16:32:52+00:00,2026-08-06 16:50:24+00:00,1052,2,IAM00013152; FW000004383,IAM; Firewall,60,0.88,100.0,NONE_OBSERVED
SEQ-HST-1222,VDR-10044,HOST,HOST_ACTIVITY_SEQUENCE,2026-08-17 00:00:00+00:00,2026-08-17 00:00:00+00:00,0,2,IAM00000475; IAM00013431,IAM,60,0.73,75.0,SINGLE_SOURCE_ONLY; IDENTICAL_TIMESTAMP_WINDOW
SEQ-HST-1223,VDR-10044,HOST,HOST_ACTIVITY_SEQUENCE,2026-08-23 16:46:21+00:00,2026-08-23 17:06:42+00:00,1221,2,IAM00002844; IAM00011894,IAM,60,0.73,75.0,SINGLE_SOURCE_ONLY
SEQ-HST-1224,VDR-10044,HOST,CROSS_SOURCE_HOST_CHAIN,2026-09-07 09:19:09+00:00,2026-09-07 09:52:50+00:00,2021,3,FW000003439; IAM00009566; FW000003059,IAM; Firewall,60,0.92,100.0,NONE_OBSERVED
SEQ-HST-1225,VDR-10060,HOST,CROSS_SOURCE_HOST_CHAIN,2026-08-18 09:10:29+00:00,2026-08-18 09:42:16+00:00,1907,2,FW000029483; IAM00016480,IAM; Firewall,60,0.88,100.0,NONE_OBSERVED
SEQ-HST-1226,VDR-10077,HOST,HOST_ACTIVITY_SEQUENCE,2026-08-29 18:21:38+00:00,2026-08-29 18:58:48+00:00,2230,2,IAM00000384; IAM00012707,IAM,60,0.73,75.0,SINGLE_SOURCE_ONLY
SEQ-HST-1227,VDR-10099,HOST,CROSS_SOURCE_HOST_CHAIN,2026-08-08 11:20:57+00:00,2026-08-08 12:18:27+00:00,3450,2,FW000006682; IAM00015013,IAM; Firewall,60,0.88,100.0,NONE_OBSERVED
SEQ-HST-1228,VDR-10099,HOST,CROSS_SOURCE_HOST_CHAIN,2026-09-05 04:28:34+00:00,2026-09-05 05:13:10+00:00,2676,2,FW000002584; IAM00014491,IAM; Firewall,60,0.88,100.0,NONE_OBSERVED
SEQ-HST-1229,VDR-10152,HOST,HOST_ACTIVITY_SEQUENCE,2026-08-11 06:20:45+00:00,2026-08-11 06:49:50+00:00,1745,2,IAM00013044; IAM00010129,IAM,60,0.73,75.0,SINGLE_SOURCE_ONLY
SEQ-HST-1230,VDR-10152,HOST,HOST_ACTIVITY_SEQUENCE,2026-08-16 00:00:00+00:00,2026-08-16 00:00:00+00:00,0,2,IAM00000463; IAM00016282,IAM,60,0.73,75.0,SINGLE_SOURCE_ONLY; IDENTICAL_TIMESTAMP_WINDOW
SEQ-HST-1231,VDR-10152,HOST,CROSS_SOURCE_HOST_CHAIN,2026-08-20 15:25:45+00:00,2026-08-20 16:06:31+00:00,2446,2,IAM00013567; FW000004712,IAM; Firewall,60,0.88,100.0,NONE_OBSERVED
SEQ-HST-1232,VDR-10152,HOST,HOST_ACTIVITY_SEQUENCE,2026-08-21 15:32:34+00:00,2026-08-21 15:47:11+00:00,877,2,IAM00017513; IAM00007946,IAM,60,0.73,75.0,SINGLE_SOURCE_ONLY
SEQ-HST-1233,VDR-10152,HOST,HOST_ACTIVITY_SEQUENCE,2026-08-23 01:57:00+00:00,2026-08-23 02:26:04+00:00,1744,2,IAM00009045; IAM00014282,IAM,60,0.73,75.0,SINGLE_SOURCE_ONLY
SEQ-HST-1234,VDR-10152,HOST,HOST_ACTIVITY_SEQUENCE,2026-08-27 00:00:00+00:00,2026-08-27 00:46:23+00:00,2783,2,IAM00010848; IAM00017891,IAM,60,0.73,75.0,SINGLE_SOURCE_ONLY
SEQ-HST-1235,VDR-10168,HOST,HOST_ACTIVITY_SEQUENCE,2026-08-29 14:20:27+00:00,2026-08-29 14:39:25+00:00,1138,2,IAM00018685; IAM00018115,IAM,60,0.73,75.0,SINGLE_SOURCE_ONLY
SEQ-HST-1236,VDR-10179,HOST,CROSS_SOURCE_HOST_CHAIN,2026-09-08 00:00:00+00:00,2026-09-08 00:00:00+00:00,0,2,FW000027272; IAM00007770,IAM; Firewall,60,0.88,100.0,IDENTICAL_TIMESTAMP_WINDOW
SEQ-HST-1237,VDR-10203,HOST,HOST_ACTIVITY_SEQUENCE,2026-08-18 21:40:04+00:00,2026-08-18 21:50:50+00:00,646,2,IAM00013317; IAM00016345,IAM,60,0.73,75.0,SINGLE_SOURCE_ONLY
SEQ-HST-1238,VDR-10203,HOST,HOST_ACTIVITY_SEQUENCE,2026-08-21 09:29:13+00:00,2026-08-21 09:40:00+00:00,647,2,IAM00006771; IAM00001789,IAM,60,0.73,75.0,SINGLE_SOURCE_ONLY
SEQ-HST-1239,VDR-10203,HOST,HOST_ACTIVITY_SEQUENCE,2026-09-04 12:01:46+00:00,2026-09-04 12:28:13+00:00,1587,2,IAM00006498; IAM00005094,IAM,60,0.73,75.0,SINGLE_SOURCE_ONLY
SEQ-HST-1240,VDR-10203,HOST,CROSS_SOURCE_HOST_CHAIN,2026-09-07 00:00:00+00:00,2026-09-07 00:00:00+00:00,0,2,FW000010539; IAM00002356,IAM; Firewall,60,0.88,100.0,IDENTICAL_TIMESTAMP_WINDOW
SEQ-HST-1241,VDR-10244,HOST,CROSS_SOURCE_HOST_CHAIN,2026-08-26 00:00:00+00:00,2026-08-26 00:00:00+00:00,0,2,FW000016587; IAM00019070,IAM; Firewall,60,0.88,100.0,IDENTICAL_TIMESTAMP_WINDOW
SEQ-HST-1242,VDR-10247,HOST,CROSS_SOURCE_HOST_CHAIN,2026-08-21 00:00:00+00:00,2026-08-21 00:00:00+00:00,0,2,FW000009053; IAM00005585,IAM; Firewall,60,0.88,100.0,IDENTICAL_TIMESTAMP_WINDOW
SEQ-HST-1243,VDR-10251,HOST,HOST_ACTIVITY_SEQUENCE,2026-08-01 00:00:00+00:00,2026-08-01 00:55:47+00:00,3347,2,IAM00004816; IAM00000155,IAM,60,0.73,75.0,SINGLE_SOURCE_ONLY
SEQ-HST-1244,VDR-10251,HOST,HOST_ACTIVITY_SEQUENCE,2026-08-13 07:24:40+00:00,2026-08-13 07:54:10+00:00,1770,2,IAM00015897; IAM00019796,IAM,60,0.73,75.0,SINGLE_SOURCE_ONLY
SEQ-HST-1245,VDR-10251,HOST,HOST_ACTIVITY_SEQUENCE,2026-08-17 00:00:00+00:00,2026-08-17 00:00:00+00:00,0,2,IAM00011657; IAM00019387,IAM,60,0.73,75.0,SINGLE_SOURCE_ONLY; IDENTICAL_TIMESTAMP_WINDOW
SEQ-HST-1246,VDR-10251,HOST,HOST_ACTIVITY_SEQUENCE,2026-08-20 00:00:00+00:00,2026-08-20 00:00:00+00:00,0,2,IAM00001064; IAM00006632,IAM,60,0.73,75.0,SINGLE_SOURCE_ONLY; IDENTICAL_TIMESTAMP_WINDOW
SEQ-HST-1247,VDR-10278,HOST,HOST_ACTIVITY_SEQUENCE,2026-08-22 00:00:00+00:00,2026-08-22 00:00:00+00:00,0,2,IAM00000157; IAM00019882,IAM,60,0.73,75.0,SINGLE_SOURCE_ONLY; IDENTICAL_TIMESTAMP_WINDOW
SEQ-HST-1248,VDR-10279,HOST,CROSS_SOURCE_HOST_CHAIN,2026-08-16 14:29:37+00:00,2026-08-16 15:14:26+00:00,2689,2,FW000026977; IAM00010200,IAM; Firewall,60,0.88,100.0,NONE_OBSERVED
SEQ-HST-1249,VDR-10291,HOST,CROSS_SOURCE_HOST_CHAIN,2026-08-09 03:08:47+00:00,2026-08-09 03:54:00+00:00,2713,2,IAM00018421; FW000002571,IAM; Firewall,60,0.88,100.0,NONE_OBSERVED
SEQ-HST-1250,VDR-10291,HOST,HOST_ACTIVITY_SEQUENCE,2026-08-11 00:00:00+00:00,2026-08-11 00:00:00+00:00,0,2,IAM00007913; IAM00011385,IAM,60,0.73,75.0,SINGLE_SOURCE_ONLY; IDENTICAL_TIMESTAMP_WINDOW
SEQ-HST-1251,VDR-10291,HOST,CROSS_SOURCE_HOST_CHAIN,2026-08-14 23:52:42+00:00,2026-08-15 00:00:00+00:00,438,2,FW000014712; IAM00007754,IAM; Firewall,60,0.88,100.0,NONE_OBSERVED
SEQ-HST-1252,VDR-10291,HOST,HOST_ACTIVITY_SEQUENCE,2026-08-24 03:12:00+00:00,2026-08-24 03:40:17+00:00,1697,2,IAM00017661; IAM00003846,IAM,60,0.73,75.0,SINGLE_SOURCE_ONLY
SEQ-HST-1253,VDR-10291,HOST,HOST_ACTIVITY_SEQUENCE,2026-08-31 11:38:28+00:00,2026-08-31 12:30:00+00:00,3092,2,IAM00002679; IAM00007191,IAM,60,0.73,75.0,SINGLE_SOURCE_ONLY
SEQ-HST-1254,VDR-10291,HOST,HOST_ACTIVITY_SEQUENCE,2026-09-01 08:36:01+00:00,2026-09-01 09:03:17+00:00,1636,2,IAM00009401; IAM00013863,IAM,60,0.73,75.0,SINGLE_SOURCE_ONLY
SEQ-HST-1255,VDR-10296,HOST,HOST_ACTIVITY_SEQUENCE,2026-08-02 23:07:58+00:00,2026-08-03 00:00:00+00:00,3122,2,IAM00004079; IAM00006522,IAM,60,0.73,75.0,SINGLE_SOURCE_ONLY
SEQ-HST-1256,VDR-10296,HOST,HOST_ACTIVITY_SEQUENCE,2026-08-09 00:00:00+00:00,2026-08-09 00:59:12+00:00,3552,3,IAM00013732; IAM00016749; IAM00014332,IAM,60,0.77,90.0,SINGLE_SOURCE_ONLY
SEQ-HST-1257,VDR-10296,HOST,HOST_ACTIVITY_SEQUENCE,2026-08-15 23:06:08+00:00,2026-08-16 00:00:00+00:00,3232,2,IAM00002153; IAM00009184,IAM,60,0.73,75.0,SINGLE_SOURCE_ONLY
SEQ-HST-1258,VDR-10296,HOST,HOST_ACTIVITY_SEQUENCE,2026-08-19 00:00:00+00:00,2026-08-19 00:00:00+00:00,0,2,IAM00002534; IAM00018672,IAM,60,0.73,75.0,SINGLE_SOURCE_ONLY; IDENTICAL_TIMESTAMP_WINDOW
SEQ-HST-1259,VDR-10296,HOST,HOST_ACTIVITY_SEQUENCE,2026-08-29 23:25:00+00:00,2026-08-30 00:00:00+00:00,2100,2,IAM00001499; IAM00019566,IAM,60,0.73,75.0,SINGLE_SOURCE_ONLY
SEQ-HST-1260,VDR-10296,HOST,CROSS_SOURCE_HOST_CHAIN,2026-09-02 23:21:57+00:00,2026-09-03 00:00:00+00:00,2283,3,FW000002598; IAM00011448; IAM00015059,IAM; Firewall,60,0.92,100.0,NONE_OBSERVED
SEQ-HST-1261,VDR-10296,HOST,CROSS_SOURCE_HOST_CHAIN,2026-09-04 00:00:00+00:00,2026-09-04 00:00:00+00:00,0,2,FW000001459; IAM00003439,IAM; Firewall,60,0.88,100.0,IDENTICAL_TIMESTAMP_WINDOW
SEQ-HST-1262,VDR-10300,HOST,FIREWALL_DENY_TO_ENDPOINT_ALERT,2026-08-18 00:00:00+00:00,2026-08-18 00:00:00+00:00,0,2,EPA00004199; FW000025156,Firewall; Endpoint,60,0.88,100.0,IDENTICAL_TIMESTAMP_WINDOW
SEQ-HST-1263,VDR-10322,HOST,HOST_ACTIVITY_SEQUENCE,2026-08-04 03:39:17+00:00,2026-08-04 04:11:30+00:00,1933,2,IAM00015488; IAM00015019,IAM,60,0.73,75.0,SINGLE_SOURCE_ONLY
SEQ-HST-1264,VDR-10322,HOST,HOST_ACTIVITY_SEQUENCE,2026-08-05 20:14:25+00:00,2026-08-05 20:28:18+00:00,833,2,IAM00008963; IAM00015483,IAM,60,0.73,75.0,SINGLE_SOURCE_ONLY
SEQ-HST-1265,VDR-10322,HOST,HOST_ACTIVITY_SEQUENCE,2026-08-10 00:00:00+00:00,2026-08-10 00:18:53+00:00,1133,2,IAM00000501; IAM00007433,IAM,60,0.73,75.0,SINGLE_SOURCE_ONLY
SEQ-HST-1266,VDR-10322,HOST,CROSS_SOURCE_HOST_CHAIN,2026-08-16 00:00:00+00:00,2026-08-16 00:00:00+00:00,0,2,FW000024942; IAM00014093,IAM; Firewall,60,0.88,100.0,IDENTICAL_TIMESTAMP_WINDOW
SEQ-HST-1267,VDR-10322,HOST,CROSS_SOURCE_HOST_CHAIN,2026-08-17 09:24:00+00:00,2026-08-17 09:36:21+00:00,741,2,EPA00006589; IAM00015534,IAM; Endpoint,60,0.88,100.0,NONE_OBSERVED
SEQ-HST-1268,VDR-10322,HOST,HOST_ACTIVITY_SEQUENCE,2026-08-18 00:16:06+00:00,2026-08-18 01:12:00+00:00,3354,2,IAM00011839; IAM00007105,IAM,60,0.73,75.0,SINGLE_SOURCE_ONLY
SEQ-HST-1269,VDR-10322,HOST,HOST_ACTIVITY_SEQUENCE,2026-08-18 10:33:14+00:00,2026-08-18 10:39:33+00:00,379,2,IAM00018323; IAM00011455,IAM,60,0.73,75.0,SINGLE_SOURCE_ONLY
SEQ-HST-1270,VDR-10322,HOST,HOST_ACTIVITY_SEQUENCE,2026-08-20 08:15:29+00:00,2026-08-20 08:47:23+00:00,1914,2,IAM00008649; IAM00002531,IAM,60,0.73,75.0,SINGLE_SOURCE_ONLY
SEQ-HST-1271,VDR-10322,HOST,HOST_ACTIVITY_SEQUENCE,2026-08-22 00:00:00+00:00,2026-08-22 00:00:00+00:00,0,2,IAM00002781; IAM00016685,IAM,60,0.73,75.0,SINGLE_SOURCE_ONLY; IDENTICAL_TIMESTAMP_WINDOW
SEQ-HST-1272,VDR-10322,HOST,HOST_ACTIVITY_SEQUENCE,2026-08-23 11:22:23+00:00,2026-08-23 11:59:40+00:00,2237,2,IAM00018317; IAM00008428,IAM,60,0.73,75.0,SINGLE_SOURCE_ONLY
SEQ-HST-1273,VDR-10322,HOST,HOST_ACTIVITY_SEQUENCE,2026-08-31 02:16:14+00:00,2026-08-31 02:52:15+00:00,2161,2,IAM00002918; IAM00017133,IAM,60,0.73,75.0,SINGLE_SOURCE_ONLY
SEQ-HST-1274,VDR-10348,HOST,HOST_ACTIVITY_SEQUENCE,2026-08-14 09:48:00+00:00,2026-08-14 09:57:35+00:00,575,2,FW000023989; FW000023275,Firewall,60,0.73,75.0,SINGLE_SOURCE_ONLY
SEQ-HST-1275,VDR-10353,HOST,HOST_ACTIVITY_SEQUENCE,2026-08-30 07:14:52+00:00,2026-08-30 07:48:05+00:00,1993,2,FW000025618; FW000020459,Firewall,60,0.73,75.0,SINGLE_SOURCE_ONLY
SEQ-HST-1276,VDR-10358,HOST,HOST_ACTIVITY_SEQUENCE,2026-08-15 23:10:23+00:00,2026-08-15 23:38:15+00:00,1672,3,FW000023407; FW000019209; FW000000405,Firewall,60,0.77,90.0,SINGLE_SOURCE_ONLY
SEQ-HST-1277,VDR-10361,HOST,HOST_ACTIVITY_SEQUENCE,2026-08-24 19:33:11+00:00,2026-08-24 20:04:40+00:00,1889,2,IAM00000745; IAM00016098,IAM,60,0.73,75.0,SINGLE_SOURCE_ONLY
SEQ-HST-1278,VDR-10387,HOST,CROSS_SOURCE_HOST_CHAIN,2026-08-21 10:57:39+00:00,2026-08-21 11:42:49+00:00,2710,2,FW000019536; IAM00018442,IAM; Firewall,60,0.88,100.0,NONE_OBSERVED
SEQ-HST-1279,VDR-10388,HOST,HOST_ACTIVITY_SEQUENCE,2026-08-19 00:07:46+00:00,2026-08-19 00:31:00+00:00,1394,2,FW000023592; FW000001368,Firewall,60,0.73,75.0,SINGLE_SOURCE_ONLY
SEQ-HST-1280,VDR-10438,HOST,HOST_ACTIVITY_SEQUENCE,2026-12-08 12:54:00+00:00,2026-12-08 13:01:00+00:00,420,2,FW000002165; FW000017961,Firewall,60,0.73,75.0,SINGLE_SOURCE_ONLY
SEQ-HST-1281,VDR-10454,HOST,HOST_ACTIVITY_SEQUENCE,2026-06-09 00:00:00+00:00,2026-06-09 00:00:00+00:00,0,2,IAM00005943; IAM00015955,IAM,60,0.73,75.0,SINGLE_SOURCE_ONLY; IDENTICAL_TIMESTAMP_WINDOW
SEQ-HST-1282,VDR-10477,HOST,HOST_ACTIVITY_SEQUENCE,2026-08-01 20:32:30+00:00,2026-08-01 21:29:42+00:00,3432,2,FW000021932; FW000006925,Firewall,60,0.73,75.0,SINGLE_SOURCE_ONLY
SEQ-HST-1283,VDR-10477,HOST,HOST_ACTIVITY_SEQUENCE,2026-08-17 04:04:15+00:00,2026-08-17 04:38:23+00:00,2048,2,IAM00018136; IAM00015305,IAM,60,0.73,75.0,SINGLE_SOURCE_ONLY
SEQ-HST-1284,VDR-10478,HOST,CROSS_SOURCE_HOST_CHAIN,2026-08-26 00:00:00+00:00,2026-08-26 00:00:00+00:00,0,2,FW000004438; IAM00010472,IAM; Firewall,60,0.88,100.0,IDENTICAL_TIMESTAMP_WINDOW
SEQ-HST-1285,VDR-10478,HOST,CROSS_SOURCE_HOST_CHAIN,2026-09-04 23:13:22+00:00,2026-09-05 00:00:00+00:00,2798,2,IAM00017669; EPA00006997,IAM; Endpoint,60,0.88,100.0,NONE_OBSERVED
SEQ-HST-1286,VDR-10485,HOST,FIREWALL_DENY_TO_ENDPOINT_ALERT,2026-08-18 02:22:57+00:00,2026-08-18 02:54:56+00:00,1919,2,FW000014659; EPA00007758,Firewall; Endpoint,60,0.88,100.0,NONE_OBSERVED
SEQ-HST-1287,VDR-10485,HOST,HOST_ACTIVITY_SEQUENCE,2026-08-18 21:39:49+00:00,2026-08-18 22:22:06+00:00,2537,2,EPA00003695; EPA00007964,Endpoint,60,0.73,75.0,SINGLE_SOURCE_ONLY
SEQ-HST-1288,VDR-10492,HOST,CROSS_SOURCE_HOST_CHAIN,2026-09-03 11:56:33+00:00,2026-09-03 12:10:48+00:00,855,2,FW000025931; IAM00014536,IAM; Firewall,60,0.88,100.0,NONE_OBSERVED
SEQ-HST-1289,VDR-10532,HOST,HOST_ACTIVITY_SEQUENCE,2026-08-23 20:16:22+00:00,2026-08-23 20:42:24+00:00,1562,2,IAM00010620; IAM00013738,IAM,60,0.73,75.0,SINGLE_SOURCE_ONLY
SEQ-HST-1290,VDR-10539,HOST,CROSS_SOURCE_HOST_CHAIN,2026-09-08 10:15:48+00:00,2026-09-08 10:46:14+00:00,1826,2,IAM00016892; FW000025861,IAM; Firewall,60,0.88,100.0,NONE_OBSERVED
SEQ-HST-1291,VDR-10561,HOST,HOST_ACTIVITY_SEQUENCE,2026-08-12 00:00:00+00:00,2026-08-12 00:00:00+00:00,0,2,IAM00000754; IAM00004657,IAM,60,0.73,75.0,SINGLE_SOURCE_ONLY; IDENTICAL_TIMESTAMP_WINDOW
SEQ-HST-1292,VDR-10562,HOST,HOST_ACTIVITY_SEQUENCE,2026-09-07 00:00:00+00:00,2026-09-07 00:22:17+00:00,1337,2,EPA00000787; EPA00006949,Endpoint,60,0.73,75.0,SINGLE_SOURCE_ONLY
SEQ-HST-1293,VDR-10570,HOST,CROSS_SOURCE_HOST_CHAIN,2026-08-15 00:00:00+00:00,2026-08-15 00:00:00+00:00,0,2,EPA00000353; IAM00004930,IAM; Endpoint,60,0.88,100.0,IDENTICAL_TIMESTAMP_WINDOW
SEQ-HST-1294,VDR-10577,HOST,HOST_ACTIVITY_SEQUENCE,2026-08-22 23:12:00+00:00,2026-08-23 00:00:00+00:00,2880,2,IAM00017947; IAM00000887,IAM,60,0.73,75.0,SINGLE_SOURCE_ONLY
SEQ-HST-1295,VDR-10603,HOST,FIREWALL_DENY_TO_ENDPOINT_ALERT,2026-08-02 04:48:48+00:00,2026-08-02 05:46:32+00:00,3464,2,FW000000850; EPA00006548,Firewall; Endpoint,60,0.88,100.0,NONE_OBSERVED
SEQ-HST-1296,VDR-10608,HOST,HOST_ACTIVITY_SEQUENCE,2026-08-16 00:00:00+00:00,2026-08-16 00:00:00+00:00,0,2,IAM00000751; IAM00018718,IAM,60,0.73,75.0,SINGLE_SOURCE_ONLY; IDENTICAL_TIMESTAMP_WINDOW
SEQ-HST-1297,VDR-10614,HOST,CROSS_SOURCE_HOST_CHAIN,2026-08-03 10:06:50+00:00,2026-08-03 10:13:32+00:00,402,2,IAM00003984; FW000021300,IAM; Firewall,60,0.88,100.0,NONE_OBSERVED
SEQ-HST-1298,VDR-10644,HOST,HOST_ACTIVITY_SEQUENCE,2026-08-16 23:53:38+00:00,2026-08-17 00:00:00+00:00,382,2,FW000026483; FW000029098,Firewall,60,0.73,75.0,SINGLE_SOURCE_ONLY
SEQ-HST-1299,VDR-10644,HOST,HOST_ACTIVITY_SEQUENCE,2026-09-08 00:00:00+00:00,2026-09-08 00:00:00+00:00,0,2,FW000013667; FW000019412,Firewall,60,0.73,75.0,SINGLE_SOURCE_ONLY; IDENTICAL_TIMESTAMP_WINDOW
SEQ-HST-1300,VDR-10648,HOST,CROSS_SOURCE_HOST_CHAIN,2026-08-27 23:59:45+00:00,2026-08-28 00:00:00+00:00,15,2,FW000012435; IAM00012801,IAM; Firewall,60,0.88,100.0,NONE_OBSERVED
SEQ-HST-1301,VDR-10680,HOST,FIREWALL_DENY_TO_ENDPOINT_ALERT,2026-08-10 19:37:37+00:00,2026-08-10 20:13:33+00:00,2156,2,EPA00002767; FW000000802,Firewall; Endpoint,60,0.88,100.0,NONE_OBSERVED
SEQ-HST-1302,VDR-10680,HOST,HOST_ACTIVITY_SEQUENCE,2026-08-29 23:44:48+00:00,2026-08-30 00:00:00+00:00,912,2,FW000015747; FW000000240,Firewall,60,0.73,75.0,SINGLE_SOURCE_ONLY
SEQ-HST-1303,VDR-10710,HOST,CROSS_SOURCE_HOST_CHAIN,2026-08-08 00:00:00+00:00,2026-08-08 00:52:15+00:00,3135,2,FW000014963; IAM00017986,IAM; Firewall,60,0.88,100.0,NONE_OBSERVED
SEQ-HST-1304,VDR-10754,HOST,CROSS_SOURCE_HOST_CHAIN,2026-08-16 23:00:03+00:00,2026-08-17 00:00:00+00:00,3597,2,EPA00004769; IAM00011025,IAM; Endpoint,60,0.88,100.0,NONE_OBSERVED
SEQ-HST-1305,VDR-10759,HOST,HOST_ACTIVITY_SEQUENCE,2026-08-13 23:16:48+00:00,2026-08-14 00:00:00+00:00,2592,2,FW000006792; FW000008613,Firewall,60,0.73,75.0,SINGLE_SOURCE_ONLY
SEQ-HST-1306,VDR-10759,HOST,HOST_ACTIVITY_SEQUENCE,2026-09-09 00:00:00+00:00,2026-09-09 00:00:00+00:00,0,2,FW000021775; FW000022958,Firewall,60,0.73,75.0,SINGLE_SOURCE_ONLY; IDENTICAL_TIMESTAMP_WINDOW
SEQ-HST-1307,VDR-10772,HOST,HOST_ACTIVITY_SEQUENCE,2026-08-19 20:48:00+00:00,2026-08-19 21:29:23+00:00,2483,2,IAM00002335; IAM00001105,IAM,60,0.73,75.0,SINGLE_SOURCE_ONLY
SEQ-HST-1308,VDR-10772,HOST,HOST_ACTIVITY_SEQUENCE,2026-08-22 04:57:13+00:00,2026-08-22 05:52:00+00:00,3287,2,IAM00005476; IAM00002183,IAM,60,0.73,75.0,SINGLE_SOURCE_ONLY
SEQ-HST-1309,VDR-10772,HOST,HOST_ACTIVITY_SEQUENCE,2026-08-30 00:00:00+00:00,2026-08-30 00:00:00+00:00,0,2,IAM00005331; IAM00017694,IAM,60,0.73,75.0,SINGLE_SOURCE_ONLY; IDENTICAL_TIMESTAMP_WINDOW
SEQ-HST-1310,VDR-10772,HOST,HOST_ACTIVITY_SEQUENCE,2026-09-02 04:52:07+00:00,2026-09-02 05:51:49+00:00,3582,2,IAM00011312; IAM00009151,IAM,60,0.73,75.0,SINGLE_SOURCE_ONLY
SEQ-HST-1311,VDR-10788,HOST,FIREWALL_DENY_TO_ENDPOINT_ALERT,2026-08-03 16:50:00+00:00,2026-08-03 17:36:00+00:00,2760,2,EPA00005931; FW000028918,Firewall; Endpoint,60,0.88,100.0,NONE_OBSERVED
SEQ-HST-1312,VDR-10796,HOST,CROSS_SOURCE_HOST_CHAIN,2026-08-14 00:00:00+00:00,2026-08-14 00:00:00+00:00,0,2,FW000009961; IAM00011435,IAM; Firewall,60,0.88,100.0,IDENTICAL_TIMESTAMP_WINDOW
SEQ-HST-1313,VDR-10816,HOST,CROSS_SOURCE_HOST_CHAIN,2026-08-31 00:02:25+00:00,2026-08-31 00:03:36+00:00,71,2,IAM00013971; FW000014887,IAM; Firewall,60,0.88,100.0,NONE_OBSERVED
SEQ-HST-1314,VDR-10825,HOST,CROSS_SOURCE_HOST_CHAIN,2026-08-06 07:20:11+00:00,2026-08-06 08:10:22+00:00,3011,2,IAM00001078; EPA00000769,IAM; Endpoint,60,0.88,100.0,NONE_OBSERVED
SEQ-HST-1315,VDR-10830,HOST,HOST_ACTIVITY_SEQUENCE,2026-08-23 03:13:07+00:00,2026-08-23 03:20:09+00:00,422,2,FW000017034; FW000020172,Firewall,60,0.73,75.0,SINGLE_SOURCE_ONLY
SEQ-HST-1316,VDR-10856,HOST,CROSS_SOURCE_HOST_CHAIN,2026-08-24 13:15:18+00:00,2026-08-24 13:36:11+00:00,1253,2,FW000024709; IAM00005362,IAM; Firewall,60,0.88,100.0,NONE_OBSERVED
SEQ-HST-1317,VDR-10875,HOST,HOST_ACTIVITY_SEQUENCE,2026-08-17 12:21:05+00:00,2026-08-17 13:21:00+00:00,3595,2,IAM00007651; IAM00008219,IAM,60,0.73,75.0,SINGLE_SOURCE_ONLY
SEQ-HST-1318,VDR-10900,HOST,HOST_ACTIVITY_SEQUENCE,2026-08-04 23:04:07+00:00,2026-08-05 00:00:00+00:00,3353,2,IAM00018364; IAM00000409,IAM,60,0.73,75.0,SINGLE_SOURCE_ONLY
SEQ-HST-1319,VDR-10900,HOST,HOST_ACTIVITY_SEQUENCE,2026-08-06 00:00:00+00:00,2026-08-06 00:00:00+00:00,0,2,IAM00003330; IAM00012567,IAM,60,0.73,75.0,SINGLE_SOURCE_ONLY; IDENTICAL_TIMESTAMP_WINDOW
SEQ-HST-1320,VDR-10900,HOST,HOST_ACTIVITY_SEQUENCE,2026-08-16 06:19:47+00:00,2026-08-16 06:30:00+00:00,613,2,FW000018112; FW000002792,Firewall,60,0.73,75.0,SINGLE_SOURCE_ONLY
SEQ-HST-1321,VDR-10900,HOST,CROSS_SOURCE_HOST_CHAIN,2026-08-17 00:00:00+00:00,2026-08-17 00:00:00+00:00,0,2,FW000003870; IAM00010572,IAM; Firewall,60,0.88,100.0,IDENTICAL_TIMESTAMP_WINDOW
SEQ-HST-1322,VDR-10900,HOST,CROSS_SOURCE_HOST_CHAIN,2026-08-23 00:00:00+00:00,2026-08-23 00:47:30+00:00,2850,3,IAM00013770; IAM00013689; FW000020964,IAM; Firewall,60,0.92,100.0,NONE_OBSERVED
SEQ-HST-1323,VDR-10900,HOST,HOST_ACTIVITY_SEQUENCE,2026-09-03 00:00:00+00:00,2026-09-03 00:00:00+00:00,0,2,IAM00003329; IAM00009794,IAM,60,0.73,75.0,SINGLE_SOURCE_ONLY; IDENTICAL_TIMESTAMP_WINDOW
SEQ-HST-1324,VDR-10906,HOST,HOST_ACTIVITY_SEQUENCE,2026-02-09 00:00:00+00:00,2026-02-09 00:23:00+00:00,1380,2,FW000017339; FW000010541,Firewall,60,0.73,75.0,SINGLE_SOURCE_ONLY
SEQ-HST-1325,VDR-10914,HOST,CROSS_SOURCE_HOST_CHAIN,2026-08-27 00:00:00+00:00,2026-08-27 00:00:00+00:00,0,2,EPA00005312; IAM00019970,IAM; Endpoint,60,0.88,100.0,IDENTICAL_TIMESTAMP_WINDOW
SEQ-HST-1326,VDR-10930,HOST,HOST_ACTIVITY_SEQUENCE,2026-08-09 00:00:00+00:00,2026-08-09 00:00:00+00:00,0,2,FW000001904; FW000006502,Firewall,60,0.73,75.0,SINGLE_SOURCE_ONLY; IDENTICAL_TIMESTAMP_WINDOW
SEQ-HST-1327,VDR-10930,HOST,CROSS_SOURCE_HOST_CHAIN,2026-09-06 16:02:02+00:00,2026-09-06 16:31:38+00:00,1776,2,IAM00004563; FW000011885,IAM; Firewall,60,0.88,100.0,NONE_OBSERVED
SEQ-HST-1328,VDR-10992,HOST,HOST_ACTIVITY_SEQUENCE,2026-08-08 21:21:35+00:00,2026-08-08 21:27:22+00:00,347,2,IAM00004906; IAM00016842,IAM,60,0.73,75.0,SINGLE_SOURCE_ONLY
SEQ-HST-1329,VDR-10992,HOST,FIREWALL_DENY_TO_ENDPOINT_ALERT,2026-09-06 19:11:44+00:00,2026-09-06 20:11:44+00:00,3600,2,FW000014924; EPA00004335,Firewall; Endpoint,60,0.88,100.0,NONE_OBSERVED
SEQ-HST-1330,VDR-11001,HOST,HOST_ACTIVITY_SEQUENCE,2026-08-08 20:33:14+00:00,2026-08-08 21:05:57+00:00,1963,2,IAM00017300; IAM00007973,IAM,60,0.73,75.0,SINGLE_SOURCE_ONLY
SEQ-HST-1331,VDR-11001,HOST,CROSS_SOURCE_HOST_CHAIN,2026-08-11 00:00:00+00:00,2026-08-11 00:45:20+00:00,2720,2,FW000013422; IAM00013594,IAM; Firewall,60,0.88,100.0,NONE_OBSERVED
SEQ-HST-1332,VDR-11001,HOST,HOST_ACTIVITY_SEQUENCE,2026-08-13 00:00:00+00:00,2026-08-13 00:00:00+00:00,0,2,IAM00001177; IAM00015630,IAM,60,0.73,75.0,SINGLE_SOURCE_ONLY; IDENTICAL_TIMESTAMP_WINDOW
SEQ-HST-1333,VDR-11001,HOST,HOST_ACTIVITY_SEQUENCE,2026-08-23 00:00:00+00:00,2026-08-23 00:35:45+00:00,2145,2,IAM00011568; IAM00016195,IAM,60,0.73,75.0,SINGLE_SOURCE_ONLY
SEQ-HST-1334,VDR-11001,HOST,HOST_ACTIVITY_SEQUENCE,2026-08-25 00:00:00+00:00,2026-08-25 00:00:00+00:00,0,2,IAM00004478; IAM00014779,IAM,60,0.73,75.0,SINGLE_SOURCE_ONLY; IDENTICAL_TIMESTAMP_WINDOW
SEQ-HST-1335,VDR-11001,HOST,HOST_ACTIVITY_SEQUENCE,2026-08-26 14:09:00+00:00,2026-08-26 14:42:42+00:00,2022,2,IAM00005347; IAM00016398,IAM,60,0.73,75.0,SINGLE_SOURCE_ONLY
SEQ-HST-1336,VDR-11001,HOST,HOST_ACTIVITY_SEQUENCE,2026-08-28 18:35:27+00:00,2026-08-28 19:18:57+00:00,2610,2,IAM00012051; IAM00016120,IAM,60,0.73,75.0,SINGLE_SOURCE_ONLY
SEQ-HST-1337,VDR-11001,HOST,HOST_ACTIVITY_SEQUENCE,2026-08-31 09:55:00+00:00,2026-08-31 10:42:15+00:00,2835,2,IAM00008824; IAM00009504,IAM,60,0.73,75.0,SINGLE_SOURCE_ONLY
SEQ-HST-1338,VDR-11007,HOST,CROSS_SOURCE_HOST_CHAIN,2026-08-21 23:31:44+00:00,2026-08-22 00:00:00+00:00,1696,2,EPA00006324; IAM00003723,IAM; Endpoint,60,0.88,100.0,NONE_OBSERVED
SEQ-HST-1339,VDR-11007,HOST,CROSS_SOURCE_HOST_CHAIN,2026-09-07 23:33:24+00:00,2026-09-08 00:00:00+00:00,1596,2,FW000022259; IAM00002025,IAM; Firewall,60,0.88,100.0,NONE_OBSERVED
SEQ-HST-1340,VDR-11061,HOST,CROSS_SOURCE_HOST_CHAIN,2026-08-15 06:30:11+00:00,2026-08-15 06:53:55+00:00,1424,2,EPA00001389; IAM00004992,IAM; Endpoint,60,0.88,100.0,NONE_OBSERVED
SEQ-HST-1341,VDR-11081,HOST,HOST_ACTIVITY_SEQUENCE,2026-08-13 14:01:35+00:00,2026-08-13 14:20:00+00:00,1105,2,IAM00009483; IAM00013030,IAM,60,0.73,75.0,SINGLE_SOURCE_ONLY
SEQ-HST-1342,VDR-11083,HOST,HOST_ACTIVITY_SEQUENCE,2026-08-23 00:00:00+00:00,2026-08-23 00:00:00+00:00,0,2,FW000024567; FW000025784,Firewall,60,0.73,75.0,SINGLE_SOURCE_ONLY; IDENTICAL_TIMESTAMP_WINDOW
SEQ-HST-1343,VDR-11090,HOST,CROSS_SOURCE_HOST_CHAIN,2026-08-03 00:00:00+00:00,2026-08-03 00:00:00+00:00,0,2,EPA00007563; IAM00014570,IAM; Endpoint,60,0.88,100.0,IDENTICAL_TIMESTAMP_WINDOW
SEQ-HST-1344,VDR-11090,HOST,HOST_ACTIVITY_SEQUENCE,2026-08-26 11:58:00+00:00,2026-08-26 12:13:00+00:00,900,2,IAM00017003; IAM00000589,IAM,60,0.73,75.0,SINGLE_SOURCE_ONLY
SEQ-HST-1345,VDR-11117,HOST,HOST_ACTIVITY_SEQUENCE,2026-01-09 00:00:00+00:00,2026-01-09 00:00:00+00:00,0,2,IAM00004700; IAM00008476,IAM,60,0.73,75.0,SINGLE_SOURCE_ONLY; IDENTICAL_TIMESTAMP_WINDOW
SEQ-HST-1346,VDR-11117,HOST,CROSS_SOURCE_HOST_CHAIN,2026-08-06 13:25:11+00:00,2026-08-06 13:30:27+00:00,316,2,EPA00006075; IAM00004668,IAM; Endpoint,60,0.88,100.0,NONE_OBSERVED
SEQ-HST-1347,VDR-11117,HOST,HOST_ACTIVITY_SEQUENCE,2026-08-13 23:33:39+00:00,2026-08-14 00:00:00+00:00,1581,2,IAM00008051; IAM00006537,IAM,60,0.73,75.0,SINGLE_SOURCE_ONLY
SEQ-HST-1348,VDR-11117,HOST,HOST_ACTIVITY_SEQUENCE,2026-08-16 00:00:00+00:00,2026-08-16 00:00:00+00:00,0,2,IAM00004113; IAM00011943,IAM,60,0.73,75.0,SINGLE_SOURCE_ONLY; IDENTICAL_TIMESTAMP_WINDOW
SEQ-HST-1349,VDR-11117,HOST,FIREWALL_DENY_TO_ENDPOINT_ALERT,2026-08-19 00:00:00+00:00,2026-08-19 00:00:00+00:00,0,2,EPA00007198; FW000012274,Firewall; Endpoint,60,0.88,100.0,IDENTICAL_TIMESTAMP_WINDOW
SEQ-HST-1350,VDR-11117,HOST,HOST_ACTIVITY_SEQUENCE,2026-08-24 16:23:39+00:00,2026-08-24 16:57:31+00:00,2032,2,IAM00016588; IAM00005388,IAM,60,0.73,75.0,SINGLE_SOURCE_ONLY
SEQ-HST-1351,VDR-11121,HOST,CROSS_SOURCE_HOST_CHAIN,2026-08-17 00:00:00+00:00,2026-08-17 00:38:35+00:00,2315,2,IAM00011789; EPA00004780,IAM; Endpoint,60,0.88,100.0,NONE_OBSERVED
SEQ-HST-1352,VDR-11122,HOST,FIREWALL_DENY_TO_ENDPOINT_ALERT,2026-08-04 08:37:11+00:00,2026-08-04 09:16:46+00:00,2375,2,FW000019156; EPA00000091,Firewall; Endpoint,60,0.88,100.0,NONE_OBSERVED
SEQ-HST-1353,VDR-11130,HOST,CROSS_SOURCE_HOST_CHAIN,2026-09-06 16:40:05+00:00,2026-09-06 17:17:32+00:00,2247,2,FW000018988; IAM00000581,IAM; Firewall,60,0.88,100.0,NONE_OBSERVED
SEQ-HST-1354,VDR-11166,HOST,CROSS_SOURCE_HOST_CHAIN,2026-08-22 12:37:28+00:00,2026-08-22 13:29:56+00:00,3148,2,IAM00010027; FW000009934,IAM; Firewall,60,0.88,100.0,NONE_OBSERVED
SEQ-HST-1355,VDR-11205,HOST,HOST_ACTIVITY_SEQUENCE,2026-08-03 23:45:10+00:00,2026-08-04 00:30:24+00:00,2714,2,IAM00017065; IAM00014791,IAM,60,0.73,75.0,SINGLE_SOURCE_ONLY
SEQ-HST-1356,VDR-11249,HOST,HOST_ACTIVITY_SEQUENCE,2026-08-26 22:28:39+00:00,2026-08-26 22:40:56+00:00,737,2,IAM00003082; IAM00005783,IAM,60,0.73,75.0,SINGLE_SOURCE_ONLY
SEQ-HST-1357,VDR-11249,HOST,CROSS_SOURCE_HOST_CHAIN,2026-09-01 02:39:07+00:00,2026-09-01 03:14:18+00:00,2111,2,FW000005407; IAM00018396,IAM; Firewall,60,0.88,100.0,NONE_OBSERVED
SEQ-HST-1358,VDR-11266,HOST,CROSS_SOURCE_HOST_CHAIN,2026-08-28 00:00:00+00:00,2026-08-28 00:00:00+00:00,0,2,FW000017269; IAM00015667,IAM; Firewall,60,0.88,100.0,IDENTICAL_TIMESTAMP_WINDOW
SEQ-HST-1359,VDR-11267,HOST,HOST_ACTIVITY_SEQUENCE,2026-08-11 01:12:21+00:00,2026-08-11 01:51:26+00:00,2345,2,IAM00008577; IAM00013563,IAM,60,0.73,75.0,SINGLE_SOURCE_ONLY
SEQ-HST-1360,VDR-11272,HOST,CROSS_SOURCE_HOST_CHAIN,2026-08-28 06:11:41+00:00,2026-08-28 06:16:40+00:00,299,2,IAM00002537; EPA00001543,IAM; Endpoint,60,0.88,100.0,NONE_OBSERVED
SEQ-HST-1361,VDR-11298,HOST,HOST_ACTIVITY_SEQUENCE,2026-08-03 00:00:00+00:00,2026-08-03 00:09:50+00:00,590,2,IAM00012901; IAM00016931,IAM,60,0.73,75.0,SINGLE_SOURCE_ONLY
SEQ-HST-1362,VDR-11298,HOST,HOST_ACTIVITY_SEQUENCE,2026-08-13 23:24:07+00:00,2026-08-14 00:00:00+00:00,2153,2,IAM00007272; IAM00018586,IAM,60,0.73,75.0,SINGLE_SOURCE_ONLY
SEQ-HST-1363,VDR-11298,HOST,HOST_ACTIVITY_SEQUENCE,2026-08-23 20:09:53+00:00,2026-08-23 21:08:56+00:00,3543,2,IAM00012810; IAM00011913,IAM,60,0.73,75.0,SINGLE_SOURCE_ONLY
SEQ-HST-1364,VDR-11298,HOST,HOST_ACTIVITY_SEQUENCE,2026-08-25 11:58:57+00:00,2026-08-25 12:15:21+00:00,984,2,IAM00012008; IAM00010490,IAM,60,0.73,75.0,SINGLE_SOURCE_ONLY
SEQ-HST-1365,VDR-11298,HOST,HOST_ACTIVITY_SEQUENCE,2026-08-29 01:13:23+00:00,2026-08-29 01:33:08+00:00,1185,2,IAM00005116; IAM00006188,IAM,60,0.73,75.0,SINGLE_SOURCE_ONLY
SEQ-HST-1366,VDR-11316,HOST,HOST_ACTIVITY_SEQUENCE,2026-08-15 19:44:17+00:00,2026-08-15 20:35:00+00:00,3043,2,FW000029962; FW000002273,Firewall,60,0.73,75.0,SINGLE_SOURCE_ONLY
SEQ-HST-1367,VDR-11327,HOST,HOST_ACTIVITY_SEQUENCE,2026-09-02 08:46:37+00:00,2026-09-02 08:49:30+00:00,173,2,FW000004684; FW000026779,Firewall,60,0.73,75.0,SINGLE_SOURCE_ONLY
SEQ-HST-1368,VDR-11378,HOST,HOST_ACTIVITY_SEQUENCE,2026-08-18 23:01:50+00:00,2026-08-18 23:33:28+00:00,1898,2,IAM00016536; IAM00000640,IAM,60,0.73,75.0,SINGLE_SOURCE_ONLY
SEQ-HST-1369,VDR-11392,HOST,HOST_ACTIVITY_SEQUENCE,2026-08-25 00:00:00+00:00,2026-08-25 00:00:00+00:00,0,2,FW000004939; FW000007705,Firewall,60,0.73,75.0,SINGLE_SOURCE_ONLY; IDENTICAL_TIMESTAMP_WINDOW
SEQ-HST-1370,VDR-11402,HOST,CROSS_SOURCE_HOST_CHAIN,2026-08-28 15:56:00+00:00,2026-08-28 16:26:00+00:00,1800,2,IAM00011661; FW000020891,IAM; Firewall,60,0.88,100.0,NONE_OBSERVED
SEQ-HST-1371,VDR-11411,HOST,HOST_ACTIVITY_SEQUENCE,2026-08-12 16:25:41+00:00,2026-08-12 17:09:25+00:00,2624,3,IAM00013741; IAM00017967; IAM00012992,IAM,60,0.77,90.0,SINGLE_SOURCE_ONLY
SEQ-HST-1372,VDR-11411,HOST,CROSS_SOURCE_HOST_CHAIN,2026-08-13 00:00:00+00:00,2026-08-13 00:34:00+00:00,2040,3,IAM00003720; IAM00005340; EPA00001579,IAM; Endpoint,60,0.92,100.0,NONE_OBSERVED
SEQ-HST-1373,VDR-11411,HOST,HOST_ACTIVITY_SEQUENCE,2026-08-25 06:02:01+00:00,2026-08-25 06:14:26+00:00,745,2,IAM00010950; IAM00001411,IAM,60,0.73,75.0,SINGLE_SOURCE_ONLY
SEQ-HST-1374,VDR-11426,HOST,HOST_ACTIVITY_SEQUENCE,2026-08-15 00:00:00+00:00,2026-08-15 00:00:00+00:00,0,2,IAM00003943; IAM00010715,IAM,60,0.73,75.0,SINGLE_SOURCE_ONLY; IDENTICAL_TIMESTAMP_WINDOW
SEQ-HST-1375,VDR-11436,HOST,CROSS_SOURCE_HOST_CHAIN,2026-08-13 10:49:00+00:00,2026-08-13 10:50:00+00:00,60,2,IAM00007817; FW000021577,IAM; Firewall,60,0.88,100.0,NONE_OBSERVED
SEQ-HST-1376,VDR-11451,HOST,HOST_ACTIVITY_SEQUENCE,2026-08-23 00:00:00+00:00,2026-08-23 00:00:00+00:00,0,2,FW000002285; FW000010362,Firewall,60,0.73,75.0,SINGLE_SOURCE_ONLY; IDENTICAL_TIMESTAMP_WINDOW
SEQ-HST-1377,VDR-11455,HOST,CROSS_SOURCE_HOST_CHAIN,2026-08-13 00:00:00+00:00,2026-08-13 00:00:00+00:00,0,2,FW000027916; IAM00005168,IAM; Firewall,60,0.88,100.0,IDENTICAL_TIMESTAMP_WINDOW
SEQ-HST-1378,VDR-11500,HOST,HOST_ACTIVITY_SEQUENCE,2026-08-09 05:57:26+00:00,2026-08-09 06:19:08+00:00,1302,2,FW000024956; FW000021530,Firewall,60,0.73,75.0,SINGLE_SOURCE_ONLY
SEQ-HST-1379,VDR-11507,HOST,CROSS_SOURCE_HOST_CHAIN,2026-08-22 00:00:00+00:00,2026-08-22 00:59:45+00:00,3585,2,IAM00010536; EPA00000497,IAM; Endpoint,60,0.88,100.0,NONE_OBSERVED
SEQ-HST-1380,VDR-11544,HOST,CROSS_SOURCE_HOST_CHAIN,2026-08-07 23:38:23+00:00,2026-08-08 00:00:00+00:00,1297,2,IAM00010100; FW000029765,IAM; Firewall,60,0.88,100.0,NONE_OBSERVED
SEQ-HST-1381,VDR-11549,HOST,HOST_ACTIVITY_SEQUENCE,2026-08-21 16:28:41+00:00,2026-08-21 17:05:58+00:00,2237,2,FW000012106; FW000021682,Firewall,60,0.73,75.0,SINGLE_SOURCE_ONLY
SEQ-HST-1382,VDR-11555,HOST,CROSS_SOURCE_HOST_CHAIN,2026-08-25 00:00:00+00:00,2026-08-25 00:00:00+00:00,0,2,FW000002479; IAM00000738,IAM; Firewall,60,0.88,100.0,IDENTICAL_TIMESTAMP_WINDOW
SEQ-HST-1383,VDR-11576,HOST,CROSS_SOURCE_HOST_CHAIN,2026-08-28 00:00:00+00:00,2026-08-28 00:00:00+00:00,0,2,FW000000660; IAM00014560,IAM; Firewall,60,0.88,100.0,IDENTICAL_TIMESTAMP_WINDOW
SEQ-HST-1384,VDR-11583,HOST,HOST_ACTIVITY_SEQUENCE,2026-04-08 00:00:00+00:00,2026-04-08 00:51:00+00:00,3060,2,IAM00004959; IAM00017283,IAM,60,0.73,75.0,SINGLE_SOURCE_ONLY
SEQ-HST-1385,VDR-11583,HOST,HOST_ACTIVITY_SEQUENCE,2026-08-04 00:51:07+00:00,2026-08-04 01:37:12+00:00,2765,2,IAM00014473; IAM00010943,IAM,60,0.73,75.0,SINGLE_SOURCE_ONLY
SEQ-HST-1386,VDR-11583,HOST,CROSS_SOURCE_HOST_CHAIN,2026-08-20 08:39:00+00:00,2026-08-20 09:22:44+00:00,2624,2,FW000018437; IAM00013656,IAM; Firewall,60,0.88,100.0,NONE_OBSERVED
SEQ-HST-1387,VDR-11583,HOST,HOST_ACTIVITY_SEQUENCE,2026-08-28 00:04:01+00:00,2026-08-28 00:19:23+00:00,922,2,IAM00004080; IAM00014714,IAM,60,0.73,75.0,SINGLE_SOURCE_ONLY
SEQ-HST-1388,VDR-11585,HOST,FIREWALL_DENY_TO_ENDPOINT_ALERT,2026-09-09 00:00:00+00:00,2026-09-09 00:45:02+00:00,2702,2,FW000012689; EPA00004685,Firewall; Endpoint,60,0.88,100.0,NONE_OBSERVED
SEQ-HST-1389,VDR-11586,HOST,FIREWALL_DENY_TO_ENDPOINT_ALERT,2026-08-02 14:42:30+00:00,2026-08-02 15:17:01+00:00,2071,2,FW000000218; EPA00005293,Firewall; Endpoint,60,0.88,100.0,NONE_OBSERVED
SEQ-HST-1390,VDR-11591,HOST,CROSS_SOURCE_HOST_CHAIN,2026-08-21 00:19:00+00:00,2026-08-21 00:45:26+00:00,1586,2,IAM00016152; FW000029994,IAM; Firewall,60,0.88,100.0,NONE_OBSERVED
SEQ-HST-1391,VDR-11592,HOST,HOST_ACTIVITY_SEQUENCE,2026-08-24 00:00:00+00:00,2026-08-24 00:00:00+00:00,0,2,FW000025120; FW000025510,Firewall,60,0.73,75.0,SINGLE_SOURCE_ONLY; IDENTICAL_TIMESTAMP_WINDOW
SEQ-HST-1392,VDR-11600,HOST,HOST_ACTIVITY_SEQUENCE,2026-08-08 00:00:00+00:00,2026-08-08 00:00:00+00:00,0,2,IAM00011300; IAM00017054,IAM,60,0.73,75.0,SINGLE_SOURCE_ONLY; IDENTICAL_TIMESTAMP_WINDOW
SEQ-HST-1393,VDR-11600,HOST,HOST_ACTIVITY_SEQUENCE,2026-09-09 00:00:00+00:00,2026-09-09 00:00:00+00:00,0,2,IAM00011703; IAM00018147,IAM,60,0.73,75.0,SINGLE_SOURCE_ONLY; IDENTICAL_TIMESTAMP_WINDOW
SEQ-HST-1394,VDR-11605,HOST,HOST_ACTIVITY_SEQUENCE,2026-08-24 12:19:47+00:00,2026-08-24 12:24:00+00:00,253,2,FW000024848; FW000002508,Firewall,60,0.73,75.0,SINGLE_SOURCE_ONLY
SEQ-HST-1395,VDR-11611,HOST,CROSS_SOURCE_HOST_CHAIN,2026-08-12 23:39:32+00:00,2026-08-13 00:00:00+00:00,1228,2,EPA00003713; IAM00019804,IAM; Endpoint,60,0.88,100.0,NONE_OBSERVED
SEQ-HST-1396,VDR-11643,HOST,FIREWALL_DENY_TO_ENDPOINT_ALERT,2026-08-12 00:00:00+00:00,2026-08-12 00:00:05+00:00,5,2,FW000028093; EPA00001284,Firewall; Endpoint,60,0.88,100.0,NONE_OBSERVED
SEQ-HST-1397,VDR-11660,HOST,FIREWALL_DENY_TO_ENDPOINT_ALERT,2026-09-03 18:56:00+00:00,2026-09-03 19:29:00+00:00,1980,2,FW000028771; EPA00006168,Firewall; Endpoint,60,0.88,100.0,NONE_OBSERVED
SEQ-HST-1398,VDR-11665,HOST,HOST_ACTIVITY_SEQUENCE,2026-08-16 00:00:00+00:00,2026-08-16 00:00:00+00:00,0,2,IAM00000802; IAM00013190,IAM,60,0.73,75.0,SINGLE_SOURCE_ONLY; IDENTICAL_TIMESTAMP_WINDOW
SEQ-HST-1399,VDR-11665,HOST,HOST_ACTIVITY_SEQUENCE,2026-08-18 13:29:31+00:00,2026-08-18 13:44:11+00:00,880,2,IAM00014582; IAM00011473,IAM,60,0.73,75.0,SINGLE_SOURCE_ONLY
SEQ-HST-1400,VDR-11669,HOST,CROSS_SOURCE_HOST_CHAIN,2026-08-27 00:00:00+00:00,2026-08-27 00:00:00+00:00,0,2,FW000006812; IAM00002953,IAM; Firewall,60,0.88,100.0,IDENTICAL_TIMESTAMP_WINDOW
SEQ-HST-1401,VDR-11697,HOST,FIREWALL_DENY_TO_ENDPOINT_ALERT,2026-08-08 10:56:38+00:00,2026-08-08 11:03:40+00:00,422,2,EPA00001304; FW000020628,Firewall; Endpoint,60,0.88,100.0,NONE_OBSERVED
SEQ-HST-1402,VDR-11712,HOST,HOST_ACTIVITY_SEQUENCE,2026-08-06 10:35:32+00:00,2026-08-06 10:58:00+00:00,1348,2,EPA00004242; EPA00004394,Endpoint,60,0.73,75.0,SINGLE_SOURCE_ONLY
SEQ-HST-1403,VDR-11817,HOST,HOST_ACTIVITY_SEQUENCE,2026-08-20 19:14:03+00:00,2026-08-20 19:31:04+00:00,1021,2,IAM00010172; IAM00006387,IAM,60,0.73,75.0,SINGLE_SOURCE_ONLY
SEQ-HST-1404,VDR-11817,HOST,HOST_ACTIVITY_SEQUENCE,2026-08-29 00:00:00+00:00,2026-08-29 00:00:00+00:00,0,2,IAM00004483; IAM00017387,IAM,60,0.73,75.0,SINGLE_SOURCE_ONLY; IDENTICAL_TIMESTAMP_WINDOW
SEQ-HST-1405,VDR-11817,HOST,HOST_ACTIVITY_SEQUENCE,2026-09-08 06:10:03+00:00,2026-09-08 06:49:02+00:00,2339,2,IAM00003383; IAM00002979,IAM,60,0.73,75.0,SINGLE_SOURCE_ONLY
SEQ-HST-1406,VDR-11853,HOST,CROSS_SOURCE_HOST_CHAIN,2026-08-12 00:00:00+00:00,2026-08-12 00:00:12+00:00,12,2,IAM00014163; FW000027412,IAM; Firewall,60,0.88,100.0,NONE_OBSERVED
SEQ-HST-1407,VDR-11912,HOST,CROSS_SOURCE_HOST_CHAIN,2026-08-08 00:00:00+00:00,2026-08-08 00:28:00+00:00,1680,2,IAM00005128; FW000020953,IAM; Firewall,60,0.88,100.0,NONE_OBSERVED
SEQ-HST-1408,VDR-11929,HOST,HOST_ACTIVITY_SEQUENCE,2026-08-28 00:00:00+00:00,2026-08-28 00:47:27+00:00,2847,2,IAM00012443; IAM00009262,IAM,60,0.73,75.0,SINGLE_SOURCE_ONLY
SEQ-HST-1409,VDR-11942,HOST,CROSS_SOURCE_HOST_CHAIN,2026-08-12 08:49:33+00:00,2026-08-12 09:06:35+00:00,1022,2,IAM00011170; FW000018202,IAM; Firewall,60,0.88,100.0,NONE_OBSERVED
SEQ-HST-1410,VDR-11951,HOST,FIREWALL_DENY_TO_ENDPOINT_ALERT,2026-08-08 00:00:00+00:00,2026-08-08 00:29:00+00:00,1740,3,FW000012961; IAM00000872; EPA00007299,IAM; Firewall; Endpoint,60,0.92,100.0,NONE_OBSERVED
SEQ-HST-1411,VDR-11951,HOST,FIREWALL_DENY_TO_ENDPOINT_ALERT,2026-08-18 00:00:00+00:00,2026-08-18 00:00:00+00:00,0,2,EPA00007453; FW000016195,Firewall; Endpoint,60,0.88,100.0,IDENTICAL_TIMESTAMP_WINDOW
SEQ-HST-1412,VDR-11958,HOST,CROSS_SOURCE_HOST_CHAIN,2026-08-19 03:37:10+00:00,2026-08-19 04:14:46+00:00,2256,2,IAM00010060; FW000014790,IAM; Firewall,60,0.88,100.0,NONE_OBSERVED
SEQ-HST-1413,VDR-12017,HOST,FIREWALL_DENY_TO_ENDPOINT_ALERT,2026-09-04 11:28:34+00:00,2026-09-04 11:36:59+00:00,505,2,FW000012969; EPA00003562,Firewall; Endpoint,60,0.88,100.0,NONE_OBSERVED
SEQ-HST-1414,VDR-12025,HOST,CROSS_SOURCE_HOST_CHAIN,2026-08-31 00:00:00+00:00,2026-08-31 00:56:00+00:00,3360,2,IAM00000849; FW000009551,IAM; Firewall,60,0.88,100.0,NONE_OBSERVED
SEQ-HST-1415,VDR-12032,HOST,HOST_ACTIVITY_SEQUENCE,2026-08-22 00:00:00+00:00,2026-08-22 00:33:23+00:00,2003,2,IAM00018962; IAM00009960,IAM,60,0.73,75.0,SINGLE_SOURCE_ONLY
SEQ-HST-1416,VDR-12054,HOST,FIREWALL_DENY_TO_ENDPOINT_ALERT,2026-08-01 00:00:00+00:00,2026-08-01 00:00:00+00:00,0,2,EPA00000894; FW000006473,Firewall; Endpoint,60,0.88,100.0,IDENTICAL_TIMESTAMP_WINDOW
SEQ-HST-1417,VDR-12057,HOST,HOST_ACTIVITY_SEQUENCE,2026-08-17 22:46:00+00:00,2026-08-17 22:58:58+00:00,778,2,FW000010487; FW000005288,Firewall,60,0.73,75.0,SINGLE_SOURCE_ONLY
SEQ-HST-1418,VDR-12057,HOST,CROSS_SOURCE_HOST_CHAIN,2026-09-07 16:02:02+00:00,2026-09-07 16:33:19+00:00,1877,2,IAM00001790; FW000022533,IAM; Firewall,60,0.88,100.0,NONE_OBSERVED
SEQ-HST-1419,VDR-12063,HOST,CROSS_SOURCE_HOST_CHAIN,2026-09-09 00:00:00+00:00,2026-09-09 00:00:00+00:00,0,2,FW000001527; IAM00012966,IAM; Firewall,60,0.88,100.0,IDENTICAL_TIMESTAMP_WINDOW
SEQ-HST-1420,VDR-12087,HOST,CROSS_SOURCE_HOST_CHAIN,2026-08-14 05:36:00+00:00,2026-08-14 06:01:37+00:00,1537,2,IAM00003244; FW000023667,IAM; Firewall,60,0.88,100.0,NONE_OBSERVED
SEQ-HST-1421,VDR-12113,HOST,HOST_ACTIVITY_SEQUENCE,2026-08-04 09:33:01+00:00,2026-08-04 09:51:59+00:00,1138,2,IAM00019501; IAM00012333,IAM,60,0.73,75.0,SINGLE_SOURCE_ONLY
SEQ-HST-1422,VDR-12113,HOST,HOST_ACTIVITY_SEQUENCE,2026-08-13 23:41:56+00:00,2026-08-14 00:00:00+00:00,1084,2,IAM00011008; IAM00019622,IAM,60,0.73,75.0,SINGLE_SOURCE_ONLY
SEQ-HST-1423,VDR-12113,HOST,HOST_ACTIVITY_SEQUENCE,2026-08-15 06:50:11+00:00,2026-08-15 07:31:46+00:00,2495,2,IAM00007432; IAM00013486,IAM,60,0.73,75.0,SINGLE_SOURCE_ONLY
SEQ-HST-1424,VDR-12113,HOST,CROSS_SOURCE_HOST_CHAIN,2026-08-15 10:10:36+00:00,2026-08-15 10:44:32+00:00,2036,2,IAM00011804; FW000018921,IAM; Firewall,60,0.88,100.0,NONE_OBSERVED
SEQ-HST-1425,VDR-12113,HOST,HOST_ACTIVITY_SEQUENCE,2026-08-22 09:03:19+00:00,2026-08-22 09:44:00+00:00,2441,2,IAM00016648; IAM00005553,IAM,60,0.73,75.0,SINGLE_SOURCE_ONLY
SEQ-HST-1426,VDR-12113,HOST,HOST_ACTIVITY_SEQUENCE,2026-08-31 05:13:00+00:00,2026-08-31 05:49:54+00:00,2214,2,IAM00011809; IAM00018206,IAM,60,0.73,75.0,SINGLE_SOURCE_ONLY
SEQ-HST-1427,VDR-12141,HOST,HOST_ACTIVITY_SEQUENCE,2026-08-21 14:01:31+00:00,2026-08-21 14:18:34+00:00,1023,2,FW000020577; FW000002763,Firewall,60,0.73,75.0,SINGLE_SOURCE_ONLY
SEQ-HST-1428,VDR-12174,HOST,CROSS_SOURCE_HOST_CHAIN,2026-09-02 05:17:52+00:00,2026-09-02 06:10:41+00:00,3169,2,EPA00003796; IAM00012064,IAM; Endpoint,60,0.88,100.0,NONE_OBSERVED
SEQ-HST-1429,VDR-12178,HOST,FIREWALL_DENY_TO_ENDPOINT_ALERT,2026-08-21 00:00:00+00:00,2026-08-21 00:00:00+00:00,0,2,EPA00001667; FW000011292,Firewall; Endpoint,60,0.88,100.0,IDENTICAL_TIMESTAMP_WINDOW
SEQ-HST-1430,VDR-12180,HOST,CROSS_SOURCE_HOST_CHAIN,2026-08-23 23:15:48+00:00,2026-08-24 00:00:00+00:00,2652,2,IAM00011613; FW000008406,IAM; Firewall,60,0.88,100.0,NONE_OBSERVED
SEQ-HST-1431,VDR-12212,HOST,HOST_ACTIVITY_SEQUENCE,2026-08-06 16:37:49+00:00,2026-08-06 17:23:46+00:00,2757,2,FW000010024; FW000005976,Firewall,60,0.73,75.0,SINGLE_SOURCE_ONLY
SEQ-HST-1432,VDR-12225,HOST,CROSS_SOURCE_HOST_CHAIN,2026-08-23 00:00:00+00:00,2026-08-23 00:00:00+00:00,0,2,FW000009324; IAM00009147,IAM; Firewall,60,0.88,100.0,IDENTICAL_TIMESTAMP_WINDOW
SEQ-HST-1433,VDR-12241,HOST,CROSS_SOURCE_HOST_CHAIN,2026-08-30 00:00:00+00:00,2026-08-30 00:00:00+00:00,0,2,FW000003867; IAM00001966,IAM; Firewall,60,0.88,100.0,IDENTICAL_TIMESTAMP_WINDOW
SEQ-HST-1434,VDR-12248,HOST,FIREWALL_DENY_TO_ENDPOINT_ALERT,2026-08-31 00:00:00+00:00,2026-08-31 00:00:00+00:00,0,2,EPA00006101; FW000018179,Firewall; Endpoint,60,0.88,100.0,IDENTICAL_TIMESTAMP_WINDOW
SEQ-HST-1435,VDR-12254,HOST,HOST_ACTIVITY_SEQUENCE,2026-08-09 00:00:00+00:00,2026-08-09 00:00:00+00:00,0,2,IAM00001531; IAM00009774,IAM,60,0.73,75.0,SINGLE_SOURCE_ONLY; IDENTICAL_TIMESTAMP_WINDOW
SEQ-HST-1436,VDR-12276,HOST,FIREWALL_DENY_TO_ENDPOINT_ALERT,2026-08-10 12:44:21+00:00,2026-08-10 13:25:16+00:00,2455,3,EPA00006061; FW000004984; FW000020645,Firewall; Endpoint,60,0.92,100.0,NONE_OBSERVED
SEQ-HST-1437,VDR-12284,HOST,FIREWALL_DENY_TO_ENDPOINT_ALERT,2026-08-26 23:40:00+00:00,2026-08-27 00:00:00+00:00,1200,2,EPA00005764; FW000015153,Firewall; Endpoint,60,0.88,100.0,NONE_OBSERVED
SEQ-HST-1438,VDR-12286,HOST,FIREWALL_DENY_TO_ENDPOINT_ALERT,2026-08-16 00:00:00+00:00,2026-08-16 00:13:57+00:00,837,2,EPA00006839; FW000019094,Firewall; Endpoint,60,0.88,100.0,NONE_OBSERVED
SEQ-HST-1439,VDR-12352,HOST,CROSS_SOURCE_HOST_CHAIN,2026-08-12 03:16:43+00:00,2026-08-12 03:22:13+00:00,330,2,FW000021355; IAM00005332,IAM; Firewall,60,0.88,100.0,NONE_OBSERVED
SEQ-HST-1440,VDR-12374,HOST,HOST_ACTIVITY_SEQUENCE,2026-08-01 08:04:56+00:00,2026-08-01 08:58:09+00:00,3193,2,FW000015262; FW000004540,Firewall,60,0.73,75.0,SINGLE_SOURCE_ONLY
SEQ-HST-1441,VDR-12450,HOST,FIREWALL_DENY_TO_ENDPOINT_ALERT,2026-08-18 17:45:00+00:00,2026-08-18 18:39:00+00:00,3240,2,FW000018967; EPA00002355,Firewall; Endpoint,60,0.88,100.0,NONE_OBSERVED
SEQ-HST-1442,VDR-12452,HOST,FIREWALL_DENY_TO_ENDPOINT_ALERT,2026-09-04 01:16:28+00:00,2026-09-04 02:12:26+00:00,3358,2,EPA00005695; FW000023356,Firewall; Endpoint,60,0.88,100.0,NONE_OBSERVED
SEQ-HST-1443,VDR-12453,HOST,CROSS_SOURCE_HOST_CHAIN,2026-08-27 23:54:00+00:00,2026-08-28 00:24:00+00:00,1800,2,IAM00000241; FW000006468,IAM; Firewall,60,0.88,100.0,NONE_OBSERVED
SEQ-HST-1444,VDR-12464,HOST,HOST_ACTIVITY_SEQUENCE,2026-08-07 20:40:28+00:00,2026-08-07 21:29:48+00:00,2960,2,EPA00003077; EPA00004969,Endpoint,60,0.73,75.0,SINGLE_SOURCE_ONLY
SEQ-HST-1445,VDR-12489,HOST,FIREWALL_DENY_TO_ENDPOINT_ALERT,2026-09-09 03:36:00+00:00,2026-09-09 04:02:33+00:00,1593,2,EPA00002131; FW000006325,Firewall; Endpoint,60,0.88,100.0,NONE_OBSERVED
SEQ-HST-1446,VDR-12519,HOST,CROSS_SOURCE_HOST_CHAIN,2026-08-31 01:32:00+00:00,2026-08-31 02:27:37+00:00,3337,2,FW000007802; IAM00007775,IAM; Firewall,60,0.88,100.0,NONE_OBSERVED
SEQ-HST-1447,VDR-12526,HOST,HOST_ACTIVITY_SEQUENCE,2026-08-28 00:00:00+00:00,2026-08-28 00:00:00+00:00,0,2,FW000006797; FW000008718,Firewall,60,0.73,75.0,SINGLE_SOURCE_ONLY; IDENTICAL_TIMESTAMP_WINDOW
SEQ-HST-1448,VDR-12560,HOST,CROSS_SOURCE_HOST_CHAIN,2026-08-23 00:00:00+00:00,2026-08-23 00:00:00+00:00,0,2,FW000015605; IAM00002831,IAM; Firewall,60,0.88,100.0,IDENTICAL_TIMESTAMP_WINDOW
SEQ-HST-1449,VDR-12567,HOST,HOST_ACTIVITY_SEQUENCE,2026-08-13 00:00:00+00:00,2026-08-13 00:00:00+00:00,0,2,IAM00000496; IAM00005214,IAM,60,0.73,75.0,SINGLE_SOURCE_ONLY; IDENTICAL_TIMESTAMP_WINDOW
SEQ-HST-1450,VDR-12567,HOST,HOST_ACTIVITY_SEQUENCE,2026-08-13 07:24:43+00:00,2026-08-13 07:37:39+00:00,776,2,IAM00000714; IAM00017573,IAM,60,0.73,75.0,SINGLE_SOURCE_ONLY
SEQ-HST-1451,VDR-12567,HOST,HOST_ACTIVITY_SEQUENCE,2026-08-15 00:00:00+00:00,2026-08-15 00:00:00+00:00,0,2,IAM00005559; IAM00010764,IAM,60,0.73,75.0,SINGLE_SOURCE_ONLY; IDENTICAL_TIMESTAMP_WINDOW
SEQ-HST-1452,VDR-12567,HOST,HOST_ACTIVITY_SEQUENCE,2026-08-16 04:17:22+00:00,2026-08-16 05:00:25+00:00,2583,2,IAM00012126; IAM00002982,IAM,60,0.73,75.0,SINGLE_SOURCE_ONLY
SEQ-HST-1453,VDR-12567,HOST,CROSS_SOURCE_HOST_CHAIN,2026-08-17 16:15:51+00:00,2026-08-17 16:55:03+00:00,2352,2,FW000015664; IAM00003841,IAM; Firewall,60,0.88,100.0,NONE_OBSERVED
SEQ-HST-1454,VDR-12567,HOST,CROSS_SOURCE_HOST_CHAIN,2026-08-28 00:00:00+00:00,2026-08-28 00:00:00+00:00,0,2,EPA00001627; IAM00003733,IAM; Endpoint,60,0.88,100.0,IDENTICAL_TIMESTAMP_WINDOW
SEQ-HST-1455,VDR-12577,HOST,HOST_ACTIVITY_SEQUENCE,2026-08-19 00:00:00+00:00,2026-08-19 00:00:00+00:00,0,2,FW000011318; FW000020389,Firewall,60,0.73,75.0,SINGLE_SOURCE_ONLY; IDENTICAL_TIMESTAMP_WINDOW
SEQ-HST-1456,VDR-12579,HOST,HOST_ACTIVITY_SEQUENCE,2026-08-03 00:00:00+00:00,2026-08-03 00:25:13+00:00,1513,2,IAM00005367; IAM00012951,IAM,60,0.73,75.0,SINGLE_SOURCE_ONLY
SEQ-HST-1457,VDR-12579,HOST,HOST_ACTIVITY_SEQUENCE,2026-08-10 17:56:47+00:00,2026-08-10 18:38:50+00:00,2523,2,IAM00003407; IAM00005927,IAM,60,0.73,75.0,SINGLE_SOURCE_ONLY
SEQ-HST-1458,VDR-12579,HOST,HOST_ACTIVITY_SEQUENCE,2026-08-13 04:42:39+00:00,2026-08-13 05:29:33+00:00,2814,2,IAM00007603; IAM00009497,IAM,60,0.73,75.0,SINGLE_SOURCE_ONLY
SEQ-HST-1459,VDR-12579,HOST,HOST_ACTIVITY_SEQUENCE,2026-08-19 23:06:52+00:00,2026-08-20 00:00:00+00:00,3188,2,IAM00005152; IAM00001928,IAM,60,0.73,75.0,SINGLE_SOURCE_ONLY
SEQ-HST-1460,VDR-12579,HOST,HOST_ACTIVITY_SEQUENCE,2026-09-07 02:53:40+00:00,2026-09-07 03:13:35+00:00,1195,2,IAM00018621; IAM00014810,IAM,60,0.73,75.0,SINGLE_SOURCE_ONLY
SEQ-HST-1461,VDR-12580,HOST,CROSS_SOURCE_HOST_CHAIN,2026-08-20 00:00:00+00:00,2026-08-20 00:00:00+00:00,0,2,FW000008215; IAM00016999,IAM; Firewall,60,0.88,100.0,IDENTICAL_TIMESTAMP_WINDOW
SEQ-HST-1462,VDR-12580,HOST,HOST_ACTIVITY_SEQUENCE,2026-08-27 23:58:11+00:00,2026-08-28 00:00:00+00:00,109,2,EPA00005273; EPA00000322,Endpoint,60,0.73,75.0,SINGLE_SOURCE_ONLY
SEQ-HST-1463,VDR-12613,HOST,HOST_ACTIVITY_SEQUENCE,2026-08-23 11:38:05+00:00,2026-08-23 11:39:00+00:00,55,2,FW000000293; FW000010267,Firewall,60,0.73,75.0,SINGLE_SOURCE_ONLY
SEQ-HST-1464,VDR-12627,HOST,CROSS_SOURCE_HOST_CHAIN,2026-08-30 10:38:43+00:00,2026-08-30 10:50:01+00:00,678,2,FW000027540; IAM00003751,IAM; Firewall,60,0.88,100.0,NONE_OBSERVED
SEQ-HST-1465,VDR-12678,HOST,CROSS_SOURCE_HOST_CHAIN,2026-08-11 23:33:21+00:00,2026-08-12 00:03:57+00:00,1836,2,FW000026326; IAM00019974,IAM; Firewall,60,0.88,100.0,NONE_OBSERVED
SEQ-HST-1466,VDR-12678,HOST,CROSS_SOURCE_HOST_CHAIN,2026-08-22 22:04:46+00:00,2026-08-22 22:14:00+00:00,554,2,IAM00010053; FW000004972,IAM; Firewall,60,0.88,100.0,NONE_OBSERVED
SEQ-HST-1467,VDR-12738,HOST,HOST_ACTIVITY_SEQUENCE,2026-08-15 23:49:23+00:00,2026-08-16 00:00:00+00:00,637,2,IAM00004284; IAM00005704,IAM,60,0.73,75.0,SINGLE_SOURCE_ONLY
SEQ-HST-1468,VDR-12738,HOST,HOST_ACTIVITY_SEQUENCE,2026-08-17 00:00:00+00:00,2026-08-17 00:00:00+00:00,0,2,IAM00003183; IAM00014768,IAM,60,0.73,75.0,SINGLE_SOURCE_ONLY; IDENTICAL_TIMESTAMP_WINDOW
SEQ-HST-1469,VDR-12738,HOST,HOST_ACTIVITY_SEQUENCE,2026-09-09 05:44:43+00:00,2026-09-09 06:07:28+00:00,1365,2,IAM00011181; IAM00007608,IAM,60,0.73,75.0,SINGLE_SOURCE_ONLY
SEQ-HST-1470,VDR-12750,HOST,CROSS_SOURCE_HOST_CHAIN,2026-08-07 00:00:00+00:00,2026-08-07 00:00:00+00:00,0,2,EPA00006434; IAM00000494,IAM; Endpoint,60,0.88,100.0,IDENTICAL_TIMESTAMP_WINDOW
SEQ-HST-1471,VDR-12776,HOST,HOST_ACTIVITY_SEQUENCE,2026-08-14 00:00:00+00:00,2026-08-14 00:00:00+00:00,0,2,IAM00003845; IAM00009665,IAM,60,0.73,75.0,SINGLE_SOURCE_ONLY; IDENTICAL_TIMESTAMP_WINDOW
SEQ-HST-1472,VDR-12776,HOST,HOST_ACTIVITY_SEQUENCE,2026-08-15 00:00:00+00:00,2026-08-15 00:00:00+00:00,0,2,IAM00001431; IAM00001711,IAM,60,0.73,75.0,SINGLE_SOURCE_ONLY; IDENTICAL_TIMESTAMP_WINDOW
SEQ-HST-1473,VDR-12776,HOST,CROSS_SOURCE_HOST_CHAIN,2026-08-26 15:18:15+00:00,2026-08-26 15:59:41+00:00,2486,2,IAM00011041; FW000005155,IAM; Firewall,60,0.88,100.0,NONE_OBSERVED
SEQ-HST-1474,VDR-12776,HOST,HOST_ACTIVITY_SEQUENCE,2026-12-08 00:00:00+00:00,2026-12-08 00:00:00+00:00,0,2,IAM00000171; IAM00002905,IAM,60,0.73,75.0,SINGLE_SOURCE_ONLY; IDENTICAL_TIMESTAMP_WINDOW
SEQ-HST-1475,VDR-12797,HOST,CROSS_SOURCE_HOST_CHAIN,2026-08-15 11:49:53+00:00,2026-08-15 12:28:10+00:00,2297,2,IAM00009754; FW000026122,IAM; Firewall,60,0.88,100.0,NONE_OBSERVED
SEQ-HST-1476,VDR-12803,HOST,CROSS_SOURCE_HOST_CHAIN,2026-08-22 03:08:00+00:00,2026-08-22 03:48:35+00:00,2435,2,IAM00001165; FW000000006,IAM; Firewall,60,0.88,100.0,NONE_OBSERVED
SEQ-HST-1477,VDR-12820,HOST,HOST_ACTIVITY_SEQUENCE,2026-08-16 06:32:41+00:00,2026-08-16 07:32:00+00:00,3559,2,EPA00003599; EPA00003969,Endpoint,60,0.73,75.0,SINGLE_SOURCE_ONLY
SEQ-HST-1478,VDR-12825,HOST,CROSS_SOURCE_HOST_CHAIN,2026-08-03 00:00:00+00:00,2026-08-03 00:00:00+00:00,0,2,EPA00005021; IAM00013890,IAM; Endpoint,60,0.88,100.0,IDENTICAL_TIMESTAMP_WINDOW
SEQ-HST-1479,VDR-12857,HOST,FIREWALL_DENY_TO_ENDPOINT_ALERT,2026-08-16 00:00:00+00:00,2026-08-16 00:03:32+00:00,212,2,FW000003927; EPA00002049,Firewall; Endpoint,60,0.88,100.0,NONE_OBSERVED
SEQ-HST-1480,VDR-12865,HOST,CROSS_SOURCE_HOST_CHAIN,2026-08-19 19:48:48+00:00,2026-08-19 20:30:44+00:00,2516,2,FW000006379; IAM00013106,IAM; Firewall,60,0.88,100.0,NONE_OBSERVED
SEQ-HST-1481,VDR-12958,HOST,CROSS_SOURCE_HOST_CHAIN,2026-07-08 00:00:00+00:00,2026-07-08 00:00:00+00:00,0,2,FW000028417; IAM00015283,IAM; Firewall,60,0.88,100.0,IDENTICAL_TIMESTAMP_WINDOW
SEQ-HST-1482,WS-10009,HOST,CROSS_SOURCE_HOST_CHAIN,2026-08-23 13:36:52+00:00,2026-08-23 14:32:34+00:00,3342,2,IAM00001320; FW000023681,IAM; Firewall,60,0.88,100.0,NONE_OBSERVED
SEQ-HST-1483,WS-10014,HOST,CROSS_SOURCE_HOST_CHAIN,2026-03-08 11:37:00+00:00,2026-03-08 11:40:00+00:00,180,2,FW000017600; IAM00019189,IAM; Firewall,60,0.88,100.0,NONE_OBSERVED
SEQ-HST-1484,WS-10014,HOST,HOST_ACTIVITY_SEQUENCE,2026-08-14 23:01:00+00:00,2026-08-15 00:00:00+00:00,3540,2,IAM00003112; IAM00017081,IAM,60,0.73,75.0,SINGLE_SOURCE_ONLY
SEQ-HST-1485,WS-10014,HOST,HOST_ACTIVITY_SEQUENCE,2026-08-15 04:25:21+00:00,2026-08-15 05:05:20+00:00,2399,2,IAM00010841; IAM00005442,IAM,60,0.73,75.0,SINGLE_SOURCE_ONLY
SEQ-HST-1486,WS-10014,HOST,HOST_ACTIVITY_SEQUENCE,2026-09-09 20:17:14+00:00,2026-09-09 21:02:00+00:00,2686,2,IAM00011351; IAM00010594,IAM,60,0.73,75.0,SINGLE_SOURCE_ONLY
SEQ-HST-1487,WS-10032,HOST,FIREWALL_DENY_TO_ENDPOINT_ALERT,2026-08-18 15:48:11+00:00,2026-08-18 16:24:43+00:00,2192,2,FW000004256; EPA00007682,Firewall; Endpoint,60,0.88,100.0,NONE_OBSERVED
SEQ-HST-1488,WS-10034,HOST,CROSS_SOURCE_HOST_CHAIN,2026-08-05 10:19:24+00:00,2026-08-05 10:44:33+00:00,1509,2,IAM00011847; FW000018570,IAM; Firewall,60,0.88,100.0,NONE_OBSERVED
SEQ-HST-1489,WS-10059,HOST,FIREWALL_DENY_TO_ENDPOINT_ALERT,2026-08-16 00:55:00+00:00,2026-08-16 01:33:31+00:00,2311,2,FW000029602; EPA00000575,Firewall; Endpoint,60,0.88,100.0,NONE_OBSERVED
SEQ-HST-1490,WS-10063,HOST,CROSS_SOURCE_HOST_CHAIN,2026-08-02 23:09:18+00:00,2026-08-03 00:00:00+00:00,3042,3,IAM00006605; FW000023141; IAM00011827,IAM; Firewall,60,0.92,100.0,NONE_OBSERVED
SEQ-HST-1491,WS-10063,HOST,HOST_ACTIVITY_SEQUENCE,2026-08-19 00:00:00+00:00,2026-08-19 00:00:00+00:00,0,2,IAM00003548; IAM00008537,IAM,60,0.73,75.0,SINGLE_SOURCE_ONLY; IDENTICAL_TIMESTAMP_WINDOW
SEQ-HST-1492,WS-10063,HOST,HOST_ACTIVITY_SEQUENCE,2026-08-21 23:18:16+00:00,2026-08-22 00:00:00+00:00,2504,2,IAM00000982; IAM00000636,IAM,60,0.73,75.0,SINGLE_SOURCE_ONLY
SEQ-HST-1493,WS-10063,HOST,HOST_ACTIVITY_SEQUENCE,2026-08-25 23:51:37+00:00,2026-08-26 00:00:00+00:00,503,2,IAM00006227; IAM00003770,IAM,60,0.73,75.0,SINGLE_SOURCE_ONLY
SEQ-HST-1494,WS-10085,HOST,HOST_ACTIVITY_SEQUENCE,2026-08-25 00:00:00+00:00,2026-08-25 00:00:00+00:00,0,2,IAM00013110; IAM00013700,IAM,60,0.73,75.0,SINGLE_SOURCE_ONLY; IDENTICAL_TIMESTAMP_WINDOW
SEQ-HST-1495,WS-10119,HOST,HOST_ACTIVITY_SEQUENCE,2026-08-31 23:25:39+00:00,2026-08-31 23:59:27+00:00,2028,2,IAM00005108; IAM00019620,IAM,60,0.73,75.0,SINGLE_SOURCE_ONLY
SEQ-HST-1496,WS-10134,HOST,HOST_ACTIVITY_SEQUENCE,2026-08-09 00:00:00+00:00,2026-08-09 00:24:29+00:00,1469,2,FW000021765; FW000006926,Firewall,60,0.73,75.0,SINGLE_SOURCE_ONLY
SEQ-HST-1497,WS-10190,HOST,CROSS_SOURCE_HOST_CHAIN,2026-08-24 00:00:00+00:00,2026-08-24 00:00:00+00:00,0,2,EPA00006706; IAM00017539,IAM; Endpoint,60,0.88,100.0,IDENTICAL_TIMESTAMP_WINDOW
SEQ-HST-1498,WS-10195,HOST,HOST_ACTIVITY_SEQUENCE,2026-08-24 23:28:54+00:00,2026-08-25 00:00:00+00:00,1866,2,IAM00017662; IAM00012557,IAM,60,0.73,75.0,SINGLE_SOURCE_ONLY
SEQ-HST-1499,WS-10202,HOST,HOST_ACTIVITY_SEQUENCE,2026-08-08 03:45:35+00:00,2026-08-08 04:43:15+00:00,3460,2,IAM00002280; IAM00002548,IAM,60,0.73,75.0,SINGLE_SOURCE_ONLY
SEQ-HST-1500,WS-10243,HOST,FIREWALL_DENY_TO_ENDPOINT_ALERT,2026-08-07 23:10:01+00:00,2026-08-08 00:00:00+00:00,2999,3,IAM00004077; EPA00004996; FW000024020,IAM; Firewall; Endpoint,60,0.92,100.0,NONE_OBSERVED
SEQ-HST-1501,WS-10265,HOST,FIREWALL_DENY_TO_ENDPOINT_ALERT,2026-09-03 23:47:22+00:00,2026-09-04 00:03:30+00:00,968,2,FW000013764; EPA00005647,Firewall; Endpoint,60,0.88,100.0,NONE_OBSERVED
SEQ-HST-1502,WS-10276,HOST,FIREWALL_DENY_TO_ENDPOINT_ALERT,2026-08-26 23:44:22+00:00,2026-08-27 00:00:00+00:00,938,2,FW000002404; EPA00001940,Firewall; Endpoint,60,0.88,100.0,NONE_OBSERVED
SEQ-HST-1503,WS-10281,HOST,CROSS_SOURCE_HOST_CHAIN,2026-08-27 00:00:00+00:00,2026-08-27 00:00:00+00:00,0,2,FW000013036; IAM00010313,IAM; Firewall,60,0.88,100.0,IDENTICAL_TIMESTAMP_WINDOW
SEQ-HST-1504,WS-10288,HOST,HOST_ACTIVITY_SEQUENCE,2026-08-08 01:11:00+00:00,2026-08-08 01:26:09+00:00,909,2,FW000017996; FW000007942,Firewall,60,0.73,75.0,SINGLE_SOURCE_ONLY
SEQ-HST-1505,WS-10292,HOST,CROSS_SOURCE_HOST_CHAIN,2026-08-20 13:15:01+00:00,2026-08-20 14:07:20+00:00,3139,2,IAM00010640; EPA00007963,IAM; Endpoint,60,0.88,100.0,NONE_OBSERVED
SEQ-HST-1506,WS-10301,HOST,CROSS_SOURCE_HOST_CHAIN,2026-09-08 23:32:19+00:00,2026-09-09 00:00:00+00:00,1661,2,IAM00019111; FW000014001,IAM; Firewall,60,0.88,100.0,NONE_OBSERVED
SEQ-HST-1507,WS-10305,HOST,HOST_ACTIVITY_SEQUENCE,2026-08-10 19:13:12+00:00,2026-08-10 19:21:51+00:00,519,2,FW000028898; FW000029086,Firewall,60,0.73,75.0,SINGLE_SOURCE_ONLY
SEQ-HST-1508,WS-10307,HOST,FIREWALL_DENY_TO_ENDPOINT_ALERT,2026-08-09 00:00:00+00:00,2026-08-09 00:00:00+00:00,0,2,EPA00002933; FW000016158,Firewall; Endpoint,60,0.88,100.0,IDENTICAL_TIMESTAMP_WINDOW
SEQ-HST-1509,WS-10317,HOST,FIREWALL_DENY_TO_ENDPOINT_ALERT,2026-08-07 04:58:09+00:00,2026-08-07 05:04:51+00:00,402,2,FW000024872; EPA00007220,Firewall; Endpoint,60,0.88,100.0,NONE_OBSERVED
SEQ-HST-1510,WS-10317,HOST,CROSS_SOURCE_HOST_CHAIN,2026-08-23 23:22:44+00:00,2026-08-24 00:00:00+00:00,2236,2,IAM00007519; FW000021399,IAM; Firewall,60,0.88,100.0,NONE_OBSERVED
SEQ-HST-1511,WS-10352,HOST,CROSS_SOURCE_HOST_CHAIN,2026-09-09 22:26:21+00:00,2026-09-09 22:32:43+00:00,382,2,IAM00010946; FW000028903,IAM; Firewall,60,0.88,100.0,NONE_OBSERVED
SEQ-HST-1512,WS-10367,HOST,HOST_ACTIVITY_SEQUENCE,2026-08-08 00:00:00+00:00,2026-08-08 00:00:00+00:00,0,2,FW000007661; FW000008771,Firewall,60,0.73,75.0,SINGLE_SOURCE_ONLY; IDENTICAL_TIMESTAMP_WINDOW
SEQ-HST-1513,WS-10370,HOST,CROSS_SOURCE_HOST_CHAIN,2026-08-04 00:00:00+00:00,2026-08-04 00:29:06+00:00,1746,2,IAM00009324; FW000018649,IAM; Firewall,60,0.88,100.0,NONE_OBSERVED
SEQ-HST-1514,WS-10393,HOST,HOST_ACTIVITY_SEQUENCE,2026-08-14 00:00:00+00:00,2026-08-14 00:00:00+00:00,0,2,IAM00005541; IAM00008505,IAM,60,0.73,75.0,SINGLE_SOURCE_ONLY; IDENTICAL_TIMESTAMP_WINDOW
SEQ-HST-1515,WS-10393,HOST,HOST_ACTIVITY_SEQUENCE,2026-08-25 17:45:26+00:00,2026-08-25 17:57:04+00:00,698,2,IAM00012105; IAM00008032,IAM,60,0.73,75.0,SINGLE_SOURCE_ONLY
SEQ-HST-1516,WS-10408,HOST,HOST_ACTIVITY_SEQUENCE,2026-08-04 00:00:00+00:00,2026-08-04 00:11:29+00:00,689,2,IAM00001768; IAM00001252,IAM,60,0.73,75.0,SINGLE_SOURCE_ONLY
SEQ-HST-1517,WS-10408,HOST,HOST_ACTIVITY_SEQUENCE,2026-08-25 00:00:00+00:00,2026-08-25 00:00:00+00:00,0,2,IAM00007900; IAM00018828,IAM,60,0.73,75.0,SINGLE_SOURCE_ONLY; IDENTICAL_TIMESTAMP_WINDOW
SEQ-HST-1518,WS-10408,HOST,CROSS_SOURCE_HOST_CHAIN,2026-09-03 01:27:31+00:00,2026-09-03 01:53:06+00:00,1535,2,IAM00008992; FW000004522,IAM; Firewall,60,0.88,100.0,NONE_OBSERVED
SEQ-HST-1519,WS-10408,HOST,HOST_ACTIVITY_SEQUENCE,2026-09-04 12:10:45+00:00,2026-09-04 12:33:15+00:00,1350,2,IAM00010575; IAM00004553,IAM,60,0.73,75.0,SINGLE_SOURCE_ONLY
SEQ-HST-1520,WS-10411,HOST,CROSS_SOURCE_HOST_CHAIN,2026-08-04 13:07:04+00:00,2026-08-04 13:41:52+00:00,2088,2,IAM00011984; FW000018449,IAM; Firewall,60,0.88,100.0,NONE_OBSERVED
SEQ-HST-1521,WS-10413,HOST,HOST_ACTIVITY_SEQUENCE,2026-08-07 23:13:56+00:00,2026-08-08 00:00:00+00:00,2764,2,FW000007985; FW000029742,Firewall,60,0.73,75.0,SINGLE_SOURCE_ONLY
SEQ-HST-1522,WS-10432,HOST,CROSS_SOURCE_HOST_CHAIN,2026-08-20 14:08:23+00:00,2026-08-20 15:01:00+00:00,3157,2,IAM00001587; EPA00003474,IAM; Endpoint,60,0.88,100.0,NONE_OBSERVED
SEQ-HST-1523,WS-10450,HOST,CROSS_SOURCE_HOST_CHAIN,2026-08-28 00:00:00+00:00,2026-08-28 01:00:00+00:00,3600,2,FW000010148; IAM00017146,IAM; Firewall,60,0.88,100.0,NONE_OBSERVED
SEQ-HST-1524,WS-10467,HOST,CROSS_SOURCE_HOST_CHAIN,2026-08-31 23:35:47+00:00,2026-09-01 00:00:00+00:00,1453,2,IAM00001961; FW000003824,IAM; Firewall,60,0.88,100.0,NONE_OBSERVED
SEQ-HST-1525,WS-10472,HOST,HOST_ACTIVITY_SEQUENCE,2026-01-09 00:00:00+00:00,2026-01-09 00:00:00+00:00,0,2,IAM00000981; IAM00011897,IAM,60,0.73,75.0,SINGLE_SOURCE_ONLY; IDENTICAL_TIMESTAMP_WINDOW
SEQ-HST-1526,WS-10472,HOST,HOST_ACTIVITY_SEQUENCE,2026-08-02 20:52:03+00:00,2026-08-02 20:52:26+00:00,23,2,IAM00014238; IAM00013796,IAM,60,0.73,75.0,SINGLE_SOURCE_ONLY
SEQ-HST-1527,WS-10472,HOST,HOST_ACTIVITY_SEQUENCE,2026-08-03 00:00:00+00:00,2026-08-03 00:00:00+00:00,0,2,IAM00013278; IAM00015176,IAM,60,0.73,75.0,SINGLE_SOURCE_ONLY; IDENTICAL_TIMESTAMP_WINDOW
SEQ-HST-1528,WS-10472,HOST,HOST_ACTIVITY_SEQUENCE,2026-08-04 07:06:46+00:00,2026-08-04 08:01:34+00:00,3288,2,IAM00003589; IAM00003883,IAM,60,0.73,75.0,SINGLE_SOURCE_ONLY
SEQ-HST-1529,WS-10472,HOST,HOST_ACTIVITY_SEQUENCE,2026-08-31 06:34:00+00:00,2026-08-31 07:30:41+00:00,3401,2,IAM00019503; IAM00014040,IAM,60,0.73,75.0,SINGLE_SOURCE_ONLY
SEQ-HST-1530,WS-10486,HOST,HOST_ACTIVITY_SEQUENCE,2026-08-25 02:51:27+00:00,2026-08-25 02:57:26+00:00,359,2,EPA00000400; EPA00003704,Endpoint,60,0.73,75.0,SINGLE_SOURCE_ONLY
SEQ-HST-1531,WS-10500,HOST,FIREWALL_DENY_TO_ENDPOINT_ALERT,2026-08-15 00:00:00+00:00,2026-08-15 00:00:00+00:00,0,2,EPA00005768; FW000005112,Firewall; Endpoint,60,0.88,100.0,IDENTICAL_TIMESTAMP_WINDOW
SEQ-HST-1532,WS-10512,HOST,HOST_ACTIVITY_SEQUENCE,2026-09-03 15:43:09+00:00,2026-09-03 16:33:04+00:00,2995,2,FW000000881; FW000006305,Firewall,60,0.73,75.0,SINGLE_SOURCE_ONLY
SEQ-HST-1533,WS-10513,HOST,CROSS_SOURCE_HOST_CHAIN,2026-08-18 07:20:42+00:00,2026-08-18 08:14:36+00:00,3234,2,EPA00001807; IAM00007194,IAM; Endpoint,60,0.88,100.0,NONE_OBSERVED
SEQ-HST-1534,WS-10544,HOST,FIREWALL_DENY_TO_ENDPOINT_ALERT,2026-08-04 03:15:38+00:00,2026-08-04 03:28:52+00:00,794,2,EPA00001637; FW000014306,Firewall; Endpoint,60,0.88,100.0,NONE_OBSERVED
SEQ-HST-1535,WS-10546,HOST,CROSS_SOURCE_HOST_CHAIN,2026-09-02 00:00:00+00:00,2026-09-02 00:00:00+00:00,0,2,EPA00005385; IAM00008132,IAM; Endpoint,60,0.88,100.0,IDENTICAL_TIMESTAMP_WINDOW
SEQ-HST-1536,WS-10604,HOST,CROSS_SOURCE_HOST_CHAIN,2026-08-22 00:00:00+00:00,2026-08-22 00:00:00+00:00,0,2,EPA00005432; IAM00016586,IAM; Endpoint,60,0.88,100.0,IDENTICAL_TIMESTAMP_WINDOW
SEQ-HST-1537,WS-10604,HOST,HOST_ACTIVITY_SEQUENCE,2026-08-24 18:37:00+00:00,2026-08-24 19:34:02+00:00,3422,2,FW000005073; FW000000071,Firewall,60,0.73,75.0,SINGLE_SOURCE_ONLY
SEQ-HST-1538,WS-10632,HOST,CROSS_SOURCE_HOST_CHAIN,2026-08-18 00:00:16+00:00,2026-08-18 00:59:01+00:00,3525,2,IAM00001308; FW000010869,IAM; Firewall,60,0.88,100.0,NONE_OBSERVED
SEQ-HST-1539,WS-10632,HOST,FIREWALL_DENY_TO_ENDPOINT_ALERT,2026-09-04 17:17:56+00:00,2026-09-04 18:16:30+00:00,3514,2,FW000002419; EPA00004149,Firewall; Endpoint,60,0.88,100.0,NONE_OBSERVED
SEQ-HST-1540,WS-10695,HOST,HOST_ACTIVITY_SEQUENCE,2026-08-20 00:00:00+00:00,2026-08-20 00:00:00+00:00,0,2,EPA00003035; EPA00003851,Endpoint,60,0.73,75.0,SINGLE_SOURCE_ONLY; IDENTICAL_TIMESTAMP_WINDOW
SEQ-HST-1541,WS-10696,HOST,FIREWALL_DENY_TO_ENDPOINT_ALERT,2026-09-09 01:02:06+00:00,2026-09-09 01:31:36+00:00,1770,2,FW000020963; EPA00003922,Firewall; Endpoint,60,0.88,100.0,NONE_OBSERVED
SEQ-HST-1542,WS-10699,HOST,CROSS_SOURCE_HOST_CHAIN,2026-09-08 22:10:21+00:00,2026-09-08 23:06:14+00:00,3353,2,IAM00014839; EPA00000224,IAM; Endpoint,60,0.88,100.0,NONE_OBSERVED
SEQ-HST-1543,WS-10725,HOST,FIREWALL_DENY_TO_ENDPOINT_ALERT,2026-08-02 03:46:28+00:00,2026-08-02 04:04:49+00:00,1101,2,FW000026844; EPA00000137,Firewall; Endpoint,60,0.88,100.0,NONE_OBSERVED
SEQ-HST-1544,WS-10727,HOST,CROSS_SOURCE_HOST_CHAIN,2026-08-14 00:44:33+00:00,2026-08-14 01:18:30+00:00,2037,2,IAM00016013; FW000001744,IAM; Firewall,60,0.88,100.0,NONE_OBSERVED
SEQ-HST-1545,WS-10727,HOST,CROSS_SOURCE_HOST_CHAIN,2026-08-21 14:05:39+00:00,2026-08-21 15:00:17+00:00,3278,2,EPA00002334; IAM00019321,IAM; Endpoint,60,0.88,100.0,NONE_OBSERVED
SEQ-HST-1546,WS-10727,HOST,HOST_ACTIVITY_SEQUENCE,2026-08-25 00:00:00+00:00,2026-08-25 00:00:00+00:00,0,2,IAM00000350; IAM00004710,IAM,60,0.73,75.0,SINGLE_SOURCE_ONLY; IDENTICAL_TIMESTAMP_WINDOW
SEQ-HST-1547,WS-10727,HOST,HOST_ACTIVITY_SEQUENCE,2026-08-31 00:00:00+00:00,2026-08-31 00:19:49+00:00,1189,2,IAM00010034; IAM00004515,IAM,60,0.73,75.0,SINGLE_SOURCE_ONLY
SEQ-HST-1548,WS-10727,HOST,HOST_ACTIVITY_SEQUENCE,2026-09-07 23:40:52+00:00,2026-09-08 00:32:23+00:00,3091,2,IAM00011421; IAM00005327,IAM,60,0.73,75.0,SINGLE_SOURCE_ONLY
SEQ-HST-1549,WS-10746,HOST,HOST_ACTIVITY_SEQUENCE,2026-03-09 00:00:00+00:00,2026-03-09 00:00:00+00:00,0,2,IAM00004357; IAM00009956,IAM,60,0.73,75.0,SINGLE_SOURCE_ONLY; IDENTICAL_TIMESTAMP_WINDOW
SEQ-HST-1550,WS-10746,HOST,HOST_ACTIVITY_SEQUENCE,2026-08-04 09:31:34+00:00,2026-08-04 10:13:29+00:00,2515,2,IAM00000550; IAM00018125,IAM,60,0.73,75.0,SINGLE_SOURCE_ONLY
SEQ-HST-1551,WS-10746,HOST,HOST_ACTIVITY_SEQUENCE,2026-08-04 23:19:28+00:00,2026-08-05 00:00:00+00:00,2432,2,IAM00013545; IAM00010013,IAM,60,0.73,75.0,SINGLE_SOURCE_ONLY
SEQ-HST-1552,WS-10746,HOST,CROSS_SOURCE_HOST_CHAIN,2026-08-14 23:26:05+00:00,2026-08-15 00:00:00+00:00,2035,2,FW000020655; IAM00003036,IAM; Firewall,60,0.88,100.0,NONE_OBSERVED
SEQ-HST-1553,WS-10746,HOST,HOST_ACTIVITY_SEQUENCE,2026-08-17 00:00:00+00:00,2026-08-17 00:00:00+00:00,0,2,IAM00004365; IAM00006770,IAM,60,0.73,75.0,SINGLE_SOURCE_ONLY; IDENTICAL_TIMESTAMP_WINDOW
SEQ-HST-1554,WS-10746,HOST,HOST_ACTIVITY_SEQUENCE,2026-08-21 12:23:37+00:00,2026-08-21 12:56:34+00:00,1977,2,IAM00016129; IAM00018260,IAM,60,0.73,75.0,SINGLE_SOURCE_ONLY
SEQ-HST-1555,WS-10781,HOST,CROSS_SOURCE_HOST_CHAIN,2026-08-16 23:58:00+00:00,2026-08-17 00:00:00+00:00,120,2,FW000001477; IAM00000397,IAM; Firewall,60,0.88,100.0,NONE_OBSERVED
SEQ-HST-1556,WS-10781,HOST,HOST_ACTIVITY_SEQUENCE,2026-09-02 04:18:50+00:00,2026-09-02 05:15:57+00:00,3427,2,IAM00003050; IAM00000527,IAM,60,0.73,75.0,SINGLE_SOURCE_ONLY
SEQ-HST-1557,WS-10784,HOST,CROSS_SOURCE_HOST_CHAIN,2026-08-14 00:32:28+00:00,2026-08-14 01:11:00+00:00,2312,2,EPA00004610; IAM00010685,IAM; Endpoint,60,0.88,100.0,NONE_OBSERVED
SEQ-HST-1558,WS-10786,HOST,CROSS_SOURCE_HOST_CHAIN,2026-08-02 03:30:43+00:00,2026-08-02 04:28:03+00:00,3440,2,FW000018846; IAM00013093,IAM; Firewall,60,0.88,100.0,NONE_OBSERVED
SEQ-HST-1559,WS-10803,HOST,CROSS_SOURCE_HOST_CHAIN,2026-11-08 00:00:00+00:00,2026-11-08 00:00:00+00:00,0,2,FW000021441; IAM00002529,IAM; Firewall,60,0.88,100.0,IDENTICAL_TIMESTAMP_WINDOW
SEQ-HST-1560,WS-10806,HOST,HOST_ACTIVITY_SEQUENCE,2026-09-01 21:34:13+00:00,2026-09-01 21:37:53+00:00,220,2,FW000008880; FW000020749,Firewall,60,0.73,75.0,SINGLE_SOURCE_ONLY
SEQ-HST-1561,WS-10812,HOST,CROSS_SOURCE_HOST_CHAIN,2026-07-09 00:00:00+00:00,2026-07-09 00:00:00+00:00,0,2,FW000004489; IAM00018118,IAM; Firewall,60,0.88,100.0,IDENTICAL_TIMESTAMP_WINDOW
SEQ-HST-1562,WS-10817,HOST,CROSS_SOURCE_HOST_CHAIN,2026-08-25 00:00:00+00:00,2026-08-25 00:00:00+00:00,0,2,FW000025353; IAM00010906,IAM; Firewall,60,0.88,100.0,IDENTICAL_TIMESTAMP_WINDOW
SEQ-HST-1563,WS-10819,HOST,CROSS_SOURCE_HOST_CHAIN,2026-08-23 11:38:37+00:00,2026-08-23 11:42:01+00:00,204,2,IAM00003374; FW000004633,IAM; Firewall,60,0.88,100.0,NONE_OBSERVED
SEQ-HST-1564,WS-10820,HOST,FIREWALL_DENY_TO_ENDPOINT_ALERT,2026-08-18 00:00:00+00:00,2026-08-18 00:00:00+00:00,0,2,EPA00006104; FW000013501,Firewall; Endpoint,60,0.88,100.0,IDENTICAL_TIMESTAMP_WINDOW
SEQ-HST-1565,WS-10824,HOST,HOST_ACTIVITY_SEQUENCE,2026-09-07 14:16:23+00:00,2026-09-07 15:02:27+00:00,2764,2,IAM00000685; IAM00016574,IAM,60,0.73,75.0,SINGLE_SOURCE_ONLY
SEQ-HST-1566,WS-10849,HOST,CROSS_SOURCE_HOST_CHAIN,2026-08-09 18:06:22+00:00,2026-08-09 18:49:22+00:00,2580,2,EPA00005594; IAM00006172,IAM; Endpoint,60,0.88,100.0,NONE_OBSERVED
SEQ-HST-1567,WS-10888,HOST,HOST_ACTIVITY_SEQUENCE,2026-08-22 00:00:00+00:00,2026-08-22 00:00:00+00:00,0,2,IAM00014793; IAM00018226,IAM,60,0.73,75.0,SINGLE_SOURCE_ONLY; IDENTICAL_TIMESTAMP_WINDOW
SEQ-HST-1568,WS-10893,HOST,FIREWALL_DENY_TO_ENDPOINT_ALERT,2026-08-10 05:25:19+00:00,2026-08-10 05:31:20+00:00,361,2,FW000006397; EPA00006246,Firewall; Endpoint,60,0.88,100.0,NONE_OBSERVED
SEQ-HST-1569,WS-10895,HOST,HOST_ACTIVITY_SEQUENCE,2026-08-01 09:46:26+00:00,2026-08-01 09:47:19+00:00,53,2,FW000022401; FW000019646,Firewall,60,0.73,75.0,SINGLE_SOURCE_ONLY
SEQ-HST-1570,WS-10911,HOST,HOST_ACTIVITY_SEQUENCE,2026-08-07 23:04:24+00:00,2026-08-08 00:00:00+00:00,3336,2,IAM00015888; IAM00011376,IAM,60,0.73,75.0,SINGLE_SOURCE_ONLY
SEQ-HST-1571,WS-10911,HOST,FIREWALL_DENY_TO_ENDPOINT_ALERT,2026-08-22 23:02:24+00:00,2026-08-23 00:00:00+00:00,3456,3,FW000017534; EPA00006776; FW000012553,Firewall; Endpoint,60,0.92,100.0,NONE_OBSERVED
SEQ-HST-1572,WS-10928,HOST,CROSS_SOURCE_HOST_CHAIN,2026-08-08 05:28:25+00:00,2026-08-08 05:59:44+00:00,1879,2,IAM00016489; FW000005892,IAM; Firewall,60,0.88,100.0,NONE_OBSERVED
SEQ-HST-1573,WS-10945,HOST,FIREWALL_DENY_TO_ENDPOINT_ALERT,2026-08-01 00:00:00+00:00,2026-08-01 00:47:59+00:00,2879,3,EPA00000626; FW000003876; FW000005061,Firewall; Endpoint,60,0.92,100.0,NONE_OBSERVED
SEQ-HST-1574,WS-10971,HOST,CROSS_SOURCE_HOST_CHAIN,2026-09-05 00:00:00+00:00,2026-09-05 00:00:00+00:00,0,2,FW000004827; IAM00010688,IAM; Firewall,60,0.88,100.0,IDENTICAL_TIMESTAMP_WINDOW
SEQ-HST-1575,WS-10988,HOST,CROSS_SOURCE_HOST_CHAIN,2026-06-08 00:00:00+00:00,2026-06-08 00:49:00+00:00,2940,3,FW000005087; FW000014618; IAM00012688,IAM; Firewall,60,0.92,100.0,NONE_OBSERVED
SEQ-HST-1576,WS-10999,HOST,FIREWALL_DENY_TO_ENDPOINT_ALERT,2026-08-09 08:20:10+00:00,2026-08-09 09:07:00+00:00,2810,2,FW000018100; EPA00005843,Firewall; Endpoint,60,0.88,100.0,NONE_OBSERVED
SEQ-HST-1577,WS-11006,HOST,CROSS_SOURCE_HOST_CHAIN,2026-08-28 00:00:00+00:00,2026-08-28 00:00:00+00:00,0,2,EPA00001364; IAM00002327,IAM; Endpoint,60,0.88,100.0,IDENTICAL_TIMESTAMP_WINDOW
SEQ-HST-1578,WS-11026,HOST,HOST_ACTIVITY_SEQUENCE,2026-03-09 00:00:00+00:00,2026-03-09 00:00:00+00:00,0,2,IAM00011167; IAM00019786,IAM,60,0.73,75.0,SINGLE_SOURCE_ONLY; IDENTICAL_TIMESTAMP_WINDOW
SEQ-HST-1579,WS-11039,HOST,HOST_ACTIVITY_SEQUENCE,2026-08-28 13:50:05+00:00,2026-08-28 14:16:00+00:00,1555,2,IAM00001517; IAM00016545,IAM,60,0.73,75.0,SINGLE_SOURCE_ONLY
SEQ-HST-1580,WS-11059,HOST,CROSS_SOURCE_HOST_CHAIN,2026-09-08 08:58:42+00:00,2026-09-08 09:26:00+00:00,1638,2,IAM00015785; EPA00000722,IAM; Endpoint,60,0.88,100.0,NONE_OBSERVED
SEQ-HST-1581,WS-11067,HOST,HOST_ACTIVITY_SEQUENCE,2026-08-02 00:00:00+00:00,2026-08-02 00:00:00+00:00,0,2,EPA00003161; EPA00007784,Endpoint,60,0.73,75.0,SINGLE_SOURCE_ONLY; IDENTICAL_TIMESTAMP_WINDOW
SEQ-HST-1582,WS-11069,HOST,HOST_ACTIVITY_SEQUENCE,2026-08-28 11:16:52+00:00,2026-08-28 12:12:16+00:00,3324,2,FW000021061; FW000024284,Firewall,60,0.73,75.0,SINGLE_SOURCE_ONLY
SEQ-HST-1583,WS-11073,HOST,CROSS_SOURCE_HOST_CHAIN,2026-01-08 00:00:00+00:00,2026-01-08 00:00:00+00:00,0,2,FW000020740; IAM00003889,IAM; Firewall,60,0.88,100.0,IDENTICAL_TIMESTAMP_WINDOW
SEQ-HST-1584,WS-11073,HOST,HOST_ACTIVITY_SEQUENCE,2026-08-10 22:38:36+00:00,2026-08-10 23:22:46+00:00,2650,2,IAM00007606; IAM00012077,IAM,60,0.73,75.0,SINGLE_SOURCE_ONLY
SEQ-HST-1585,WS-11073,HOST,CROSS_SOURCE_HOST_CHAIN,2026-08-13 00:00:00+00:00,2026-08-13 00:38:55+00:00,2335,3,FW000028121; IAM00008015; IAM00001703,IAM; Firewall,60,0.92,100.0,NONE_OBSERVED
SEQ-HST-1586,WS-11073,HOST,HOST_ACTIVITY_SEQUENCE,2026-08-19 00:07:01+00:00,2026-08-19 00:21:41+00:00,880,2,IAM00007795; IAM00011086,IAM,60,0.73,75.0,SINGLE_SOURCE_ONLY
SEQ-HST-1587,WS-11073,HOST,HOST_ACTIVITY_SEQUENCE,2026-09-01 09:47:29+00:00,2026-09-01 09:59:26+00:00,717,2,IAM00014963; IAM00009458,IAM,60,0.73,75.0,SINGLE_SOURCE_ONLY
SEQ-HST-1588,WS-11073,HOST,HOST_ACTIVITY_SEQUENCE,2026-09-03 09:20:11+00:00,2026-09-03 09:26:25+00:00,374,2,IAM00014349; IAM00009298,IAM,60,0.73,75.0,SINGLE_SOURCE_ONLY
SEQ-HST-1589,WS-11073,HOST,HOST_ACTIVITY_SEQUENCE,2026-09-09 06:50:00+00:00,2026-09-09 06:57:47+00:00,467,2,IAM00002660; IAM00012414,IAM,60,0.73,75.0,SINGLE_SOURCE_ONLY
SEQ-HST-1590,WS-11168,HOST,HOST_ACTIVITY_SEQUENCE,2026-08-14 03:48:21+00:00,2026-08-14 04:48:17+00:00,3596,2,FW000024223; FW000017517,Firewall,60,0.73,75.0,SINGLE_SOURCE_ONLY
SEQ-HST-1591,WS-11192,HOST,HOST_ACTIVITY_SEQUENCE,2026-08-14 08:27:21+00:00,2026-08-14 09:26:40+00:00,3559,2,FW000018113; FW000010112,Firewall,60,0.73,75.0,SINGLE_SOURCE_ONLY
SEQ-HST-1592,WS-11194,HOST,FIREWALL_DENY_TO_ENDPOINT_ALERT,2026-08-12 04:03:47+00:00,2026-08-12 04:47:23+00:00,2616,2,FW000013288; EPA00001365,Firewall; Endpoint,60,0.88,100.0,NONE_OBSERVED
SEQ-HST-1593,WS-11211,HOST,FIREWALL_DENY_TO_ENDPOINT_ALERT,2026-08-29 19:57:00+00:00,2026-08-29 20:35:10+00:00,2290,2,EPA00004435; FW000009449,Firewall; Endpoint,60,0.88,100.0,NONE_OBSERVED
SEQ-HST-1594,WS-11211,HOST,CROSS_SOURCE_HOST_CHAIN,2026-09-03 09:25:43+00:00,2026-09-03 09:54:15+00:00,1712,2,IAM00014102; EPA00001040,IAM; Endpoint,60,0.88,100.0,NONE_OBSERVED
SEQ-HST-1595,WS-11211,HOST,HOST_ACTIVITY_SEQUENCE,2026-10-08 00:00:00+00:00,2026-10-08 00:00:00+00:00,0,2,FW000003021; FW000017527,Firewall,60,0.73,75.0,SINGLE_SOURCE_ONLY; IDENTICAL_TIMESTAMP_WINDOW
SEQ-HST-1596,WS-11223,HOST,HOST_ACTIVITY_SEQUENCE,2026-08-09 05:55:16+00:00,2026-08-09 06:35:00+00:00,2384,2,FW000020159; FW000014149,Firewall,60,0.73,75.0,SINGLE_SOURCE_ONLY
SEQ-HST-1597,WS-11230,HOST,FIREWALL_DENY_TO_ENDPOINT_ALERT,2026-08-15 10:50:04+00:00,2026-08-15 11:42:57+00:00,3173,2,EPA00004028; FW000020305,Firewall; Endpoint,60,0.88,100.0,NONE_OBSERVED
SEQ-HST-1598,WS-11241,HOST,CROSS_SOURCE_HOST_CHAIN,2026-08-11 00:00:00+00:00,2026-08-11 00:00:00+00:00,0,2,EPA00006980; IAM00013914,IAM; Endpoint,60,0.88,100.0,IDENTICAL_TIMESTAMP_WINDOW
SEQ-HST-1599,WS-11241,HOST,HOST_ACTIVITY_SEQUENCE,2026-08-13 00:19:00+00:00,2026-08-13 00:31:39+00:00,759,2,IAM00006438; IAM00007599,IAM,60,0.73,75.0,SINGLE_SOURCE_ONLY
SEQ-HST-1600,WS-11241,HOST,CROSS_SOURCE_HOST_CHAIN,2026-08-26 00:00:00+00:00,2026-08-26 00:00:00+00:00,0,2,FW000010122; IAM00014172,IAM; Firewall,60,0.88,100.0,IDENTICAL_TIMESTAMP_WINDOW
SEQ-HST-1601,WS-11241,HOST,HOST_ACTIVITY_SEQUENCE,2026-09-08 00:00:00+00:00,2026-09-08 00:00:00+00:00,0,2,IAM00011573; IAM00016938,IAM,60,0.73,75.0,SINGLE_SOURCE_ONLY; IDENTICAL_TIMESTAMP_WINDOW
SEQ-HST-1602,WS-11262,HOST,FIREWALL_DENY_TO_ENDPOINT_ALERT,2026-08-22 23:53:00+00:00,2026-08-23 00:00:00+00:00,420,2,EPA00002226; FW000006329,Firewall; Endpoint,60,0.88,100.0,NONE_OBSERVED
SEQ-HST-1603,WS-11293,HOST,CROSS_SOURCE_HOST_CHAIN,2026-09-03 09:47:14+00:00,2026-09-03 10:30:03+00:00,2569,2,IAM00002177; FW000019831,IAM; Firewall,60,0.88,100.0,NONE_OBSERVED
SEQ-HST-1604,WS-11358,HOST,CROSS_SOURCE_HOST_CHAIN,2026-08-30 18:20:45+00:00,2026-08-30 19:08:00+00:00,2835,2,IAM00002626; FW000009346,IAM; Firewall,60,0.88,100.0,NONE_OBSERVED
SEQ-HST-1605,WS-11360,HOST,HOST_ACTIVITY_SEQUENCE,2026-08-06 11:58:36+00:00,2026-08-06 12:36:42+00:00,2286,2,IAM00012087; IAM00001441,IAM,60,0.73,75.0,SINGLE_SOURCE_ONLY
SEQ-HST-1606,WS-11360,HOST,HOST_ACTIVITY_SEQUENCE,2026-08-24 19:47:38+00:00,2026-08-24 20:25:48+00:00,2290,2,IAM00006747; IAM00015962,IAM,60,0.73,75.0,SINGLE_SOURCE_ONLY
SEQ-HST-1607,WS-11360,HOST,HOST_ACTIVITY_SEQUENCE,2026-08-30 00:00:00+00:00,2026-08-30 00:00:00+00:00,0,2,IAM00002677; IAM00015781,IAM,60,0.73,75.0,SINGLE_SOURCE_ONLY; IDENTICAL_TIMESTAMP_WINDOW
SEQ-HST-1608,WS-11360,HOST,HOST_ACTIVITY_SEQUENCE,2026-09-05 13:59:58+00:00,2026-09-05 14:30:54+00:00,1856,2,IAM00005843; IAM00019328,IAM,60,0.73,75.0,SINGLE_SOURCE_ONLY
SEQ-HST-1609,WS-11361,HOST,CROSS_SOURCE_HOST_CHAIN,2026-08-08 23:36:44+00:00,2026-08-09 00:00:00+00:00,1396,2,EPA00003361; IAM00002473,IAM; Endpoint,60,0.88,100.0,NONE_OBSERVED
SEQ-HST-1610,WS-11365,HOST,CROSS_SOURCE_HOST_CHAIN,2026-09-05 00:00:00+00:00,2026-09-05 00:00:00+00:00,0,2,EPA00005835; IAM00012678,IAM; Endpoint,60,0.88,100.0,IDENTICAL_TIMESTAMP_WINDOW
SEQ-HST-1611,WS-11381,HOST,CROSS_SOURCE_HOST_CHAIN,2026-08-30 05:43:00+00:00,2026-08-30 05:51:28+00:00,508,2,EPA00001647; IAM00013574,IAM; Endpoint,60,0.88,100.0,NONE_OBSERVED
SEQ-HST-1612,WS-11390,HOST,HOST_ACTIVITY_SEQUENCE,2026-08-24 00:00:00+00:00,2026-08-24 00:00:00+00:00,0,2,IAM00006223; IAM00016650,IAM,60,0.73,75.0,SINGLE_SOURCE_ONLY; IDENTICAL_TIMESTAMP_WINDOW
SEQ-HST-1613,WS-11393,HOST,HOST_ACTIVITY_SEQUENCE,2026-08-16 12:28:39+00:00,2026-08-16 12:44:50+00:00,971,2,IAM00008678; IAM00006586,IAM,60,0.73,75.0,SINGLE_SOURCE_ONLY
SEQ-HST-1614,WS-11397,HOST,CROSS_SOURCE_HOST_CHAIN,2026-09-02 02:12:10+00:00,2026-09-02 02:18:35+00:00,385,2,FW000006806; IAM00016376,IAM; Firewall,60,0.88,100.0,NONE_OBSERVED
SEQ-HST-1615,WS-11401,HOST,CROSS_SOURCE_HOST_CHAIN,2026-08-23 22:14:17+00:00,2026-08-23 22:56:04+00:00,2507,2,FW000026328; IAM00005820,IAM; Firewall,60,0.88,100.0,NONE_OBSERVED
SEQ-HST-1616,WS-11444,HOST,HOST_ACTIVITY_SEQUENCE,2026-03-09 11:44:00+00:00,2026-03-09 12:14:00+00:00,1800,2,FW000024372; FW000024988,Firewall,60,0.73,75.0,SINGLE_SOURCE_ONLY
SEQ-HST-1617,WS-11447,HOST,HOST_ACTIVITY_SEQUENCE,2026-09-08 00:00:00+00:00,2026-09-08 00:00:00+00:00,0,2,IAM00003860; IAM00005061,IAM,60,0.73,75.0,SINGLE_SOURCE_ONLY; IDENTICAL_TIMESTAMP_WINDOW
SEQ-HST-1618,WS-11464,HOST,HOST_ACTIVITY_SEQUENCE,2026-08-25 17:19:00+00:00,2026-08-25 18:08:28+00:00,2968,2,FW000019678; FW000029462,Firewall,60,0.73,75.0,SINGLE_SOURCE_ONLY
SEQ-HST-1619,WS-11469,HOST,CROSS_SOURCE_HOST_CHAIN,2026-08-08 22:18:00+00:00,2026-08-08 23:13:55+00:00,3355,2,EPA00003924; IAM00002583,IAM; Endpoint,60,0.88,100.0,NONE_OBSERVED
SEQ-HST-1620,WS-11471,HOST,CROSS_SOURCE_HOST_CHAIN,2026-08-17 18:43:38+00:00,2026-08-17 19:06:14+00:00,1356,2,FW000009678; IAM00018507,IAM; Firewall,60,0.88,100.0,NONE_OBSERVED
SEQ-HST-1621,WS-11496,HOST,CROSS_SOURCE_HOST_CHAIN,2026-08-18 00:00:00+00:00,2026-08-18 00:15:13+00:00,913,2,IAM00008026; FW000000130,IAM; Firewall,60,0.88,100.0,NONE_OBSERVED
SEQ-HST-1622,WS-11502,HOST,CROSS_SOURCE_HOST_CHAIN,2026-09-03 05:38:01+00:00,2026-09-03 06:03:21+00:00,1520,2,FW000003874; IAM00002243,IAM; Firewall,60,0.88,100.0,NONE_OBSERVED
SEQ-HST-1623,WS-11505,HOST,HOST_ACTIVITY_SEQUENCE,2026-08-30 23:40:56+00:00,2026-08-31 00:00:00+00:00,1144,2,IAM00006474; IAM00003150,IAM,60,0.73,75.0,SINGLE_SOURCE_ONLY
SEQ-HST-1624,WS-11514,HOST,CROSS_SOURCE_HOST_CHAIN,2026-08-13 06:44:27+00:00,2026-08-13 07:14:00+00:00,1773,2,FW000021393; IAM00003390,IAM; Firewall,60,0.88,100.0,NONE_OBSERVED
SEQ-HST-1625,WS-11520,HOST,HOST_ACTIVITY_SEQUENCE,2026-09-04 00:26:33+00:00,2026-09-04 00:33:24+00:00,411,2,IAM00009032; IAM00014187,IAM,60,0.73,75.0,SINGLE_SOURCE_ONLY
SEQ-HST-1626,WS-11521,HOST,FIREWALL_DENY_TO_ENDPOINT_ALERT,2026-08-02 14:13:10+00:00,2026-08-02 14:29:22+00:00,972,2,EPA00005611; FW000027564,Firewall; Endpoint,60,0.88,100.0,NONE_OBSERVED
SEQ-HST-1627,WS-11543,HOST,HOST_ACTIVITY_SEQUENCE,2026-08-15 15:11:00+00:00,2026-08-15 15:57:00+00:00,2760,2,IAM00015330; IAM00016631,IAM,60,0.73,75.0,SINGLE_SOURCE_ONLY
SEQ-HST-1628,WS-11547,HOST,FIREWALL_DENY_TO_ENDPOINT_ALERT,2026-08-01 23:49:00+00:00,2026-08-02 00:00:00+00:00,660,2,EPA00002616; FW000017580,Firewall; Endpoint,60,0.88,100.0,NONE_OBSERVED
SEQ-HST-1629,WS-11547,HOST,HOST_ACTIVITY_SEQUENCE,2026-08-11 22:52:36+00:00,2026-08-11 23:43:05+00:00,3029,2,IAM00016249; IAM00010839,IAM,60,0.73,75.0,SINGLE_SOURCE_ONLY
SEQ-HST-1630,WS-11547,HOST,HOST_ACTIVITY_SEQUENCE,2026-08-12 23:25:08+00:00,2026-08-13 00:00:00+00:00,2092,2,IAM00008390; IAM00010003,IAM,60,0.73,75.0,SINGLE_SOURCE_ONLY
SEQ-HST-1631,WS-11547,HOST,HOST_ACTIVITY_SEQUENCE,2026-08-20 18:32:00+00:00,2026-08-20 19:25:00+00:00,3180,2,IAM00017772; IAM00015294,IAM,60,0.73,75.0,SINGLE_SOURCE_ONLY
SEQ-HST-1632,WS-11547,HOST,HOST_ACTIVITY_SEQUENCE,2026-08-25 08:47:40+00:00,2026-08-25 09:27:16+00:00,2376,2,IAM00003402; IAM00004430,IAM,60,0.73,75.0,SINGLE_SOURCE_ONLY
SEQ-HST-1633,WS-11547,HOST,HOST_ACTIVITY_SEQUENCE,2026-08-30 10:51:05+00:00,2026-08-30 11:20:42+00:00,1777,2,IAM00003501; IAM00001149,IAM,60,0.73,75.0,SINGLE_SOURCE_ONLY
SEQ-HST-1634,WS-11547,HOST,HOST_ACTIVITY_SEQUENCE,2026-09-05 00:00:00+00:00,2026-09-05 00:00:00+00:00,0,2,IAM00001786; IAM00010015,IAM,60,0.73,75.0,SINGLE_SOURCE_ONLY; IDENTICAL_TIMESTAMP_WINDOW
SEQ-HST-1635,WS-11547,HOST,HOST_ACTIVITY_SEQUENCE,2026-09-06 21:10:10+00:00,2026-09-06 21:59:44+00:00,2974,2,IAM00018712; IAM00016565,IAM,60,0.73,75.0,SINGLE_SOURCE_ONLY
SEQ-HST-1636,WS-11548,HOST,FIREWALL_DENY_TO_ENDPOINT_ALERT,2026-08-23 00:00:00+00:00,2026-08-23 00:31:30+00:00,1890,2,FW000018061; EPA00000149,Firewall; Endpoint,60,0.88,100.0,NONE_OBSERVED
SEQ-HST-1637,WS-11550,HOST,CROSS_SOURCE_HOST_CHAIN,2026-08-24 00:00:00+00:00,2026-08-24 00:00:00+00:00,0,2,FW000004369; IAM00013865,IAM; Firewall,60,0.88,100.0,IDENTICAL_TIMESTAMP_WINDOW
SEQ-HST-1638,WS-11563,HOST,CROSS_SOURCE_HOST_CHAIN,2026-09-08 00:00:00+00:00,2026-09-08 00:00:00+00:00,0,2,FW000013899; IAM00006382,IAM; Firewall,60,0.88,100.0,IDENTICAL_TIMESTAMP_WINDOW
SEQ-HST-1639,WS-11570,HOST,HOST_ACTIVITY_SEQUENCE,2026-08-24 09:45:50+00:00,2026-08-24 10:03:50+00:00,1080,2,FW000009714; FW000005456,Firewall,60,0.73,75.0,SINGLE_SOURCE_ONLY
SEQ-HST-1640,WS-11667,HOST,CROSS_SOURCE_HOST_CHAIN,2026-07-08 12:23:00+00:00,2026-07-08 12:36:00+00:00,780,2,FW000001885; IAM00015337,IAM; Firewall,60,0.88,100.0,NONE_OBSERVED
SEQ-HST-1641,WS-11686,HOST,CROSS_SOURCE_HOST_CHAIN,2026-09-05 07:03:42+00:00,2026-09-05 07:20:21+00:00,999,2,IAM00010886; FW000023202,IAM; Firewall,60,0.88,100.0,NONE_OBSERVED
SEQ-HST-1642,WS-11715,HOST,CROSS_SOURCE_HOST_CHAIN,2026-08-16 00:00:00+00:00,2026-08-16 00:00:00+00:00,0,2,FW000018883; IAM00008727,IAM; Firewall,60,0.88,100.0,IDENTICAL_TIMESTAMP_WINDOW
SEQ-HST-1643,WS-11719,HOST,HOST_ACTIVITY_SEQUENCE,2026-08-24 00:00:00+00:00,2026-08-24 00:00:00+00:00,0,2,IAM00005254; IAM00016446,IAM,60,0.73,75.0,SINGLE_SOURCE_ONLY; IDENTICAL_TIMESTAMP_WINDOW
SEQ-HST-1644,WS-11725,HOST,CROSS_SOURCE_HOST_CHAIN,2026-08-20 04:45:06+00:00,2026-08-20 05:40:00+00:00,3294,2,IAM00009201; EPA00006671,IAM; Endpoint,60,0.88,100.0,NONE_OBSERVED
SEQ-HST-1645,WS-11733,HOST,CROSS_SOURCE_HOST_CHAIN,2026-08-28 23:29:13+00:00,2026-08-29 00:00:00+00:00,1847,2,IAM00012061; EPA00005792,IAM; Endpoint,60,0.88,100.0,NONE_OBSERVED
SEQ-HST-1646,WS-11766,HOST,CROSS_SOURCE_HOST_CHAIN,2026-08-29 23:32:35+00:00,2026-08-30 00:00:00+00:00,1645,2,IAM00013385; FW000023814,IAM; Firewall,60,0.88,100.0,NONE_OBSERVED
SEQ-HST-1647,WS-11777,HOST,CROSS_SOURCE_HOST_CHAIN,2026-08-12 23:30:33+00:00,2026-08-13 00:00:00+00:00,1767,2,IAM00018113; FW000004584,IAM; Firewall,60,0.88,100.0,NONE_OBSERVED
SEQ-HST-1648,WS-11814,HOST,CROSS_SOURCE_HOST_CHAIN,2026-08-12 12:55:20+00:00,2026-08-12 13:50:36+00:00,3316,2,EPA00001677; IAM00009862,IAM; Endpoint,60,0.88,100.0,NONE_OBSERVED
SEQ-HST-1649,WS-11828,HOST,FIREWALL_DENY_TO_ENDPOINT_ALERT,2026-08-14 00:00:00+00:00,2026-08-14 00:00:00+00:00,0,2,EPA00001223; FW000009600,Firewall; Endpoint,60,0.88,100.0,IDENTICAL_TIMESTAMP_WINDOW
SEQ-HST-1650,WS-11844,HOST,CROSS_SOURCE_HOST_CHAIN,2026-08-30 17:45:00+00:00,2026-08-30 17:46:01+00:00,61,2,FW000008789; IAM00000113,IAM; Firewall,60,0.88,100.0,NONE_OBSERVED
SEQ-HST-1651,WS-11876,HOST,CROSS_SOURCE_HOST_CHAIN,2026-08-10 00:00:00+00:00,2026-08-10 00:00:00+00:00,0,2,FW000024339; IAM00012107,IAM; Firewall,60,0.88,100.0,IDENTICAL_TIMESTAMP_WINDOW
SEQ-HST-1652,WS-11893,HOST,CROSS_SOURCE_HOST_CHAIN,2026-08-21 18:34:00+00:00,2026-08-21 19:10:47+00:00,2207,2,FW000023288; IAM00016890,IAM; Firewall,60,0.88,100.0,NONE_OBSERVED
SEQ-HST-1653,WS-11938,HOST,CROSS_SOURCE_HOST_CHAIN,2026-08-08 23:33:31+00:00,2026-08-09 00:00:00+00:00,1589,2,FW000010839; IAM00009252,IAM; Firewall,60,0.88,100.0,NONE_OBSERVED
SEQ-HST-1654,WS-11938,HOST,CROSS_SOURCE_HOST_CHAIN,2026-08-17 00:00:00+00:00,2026-08-17 00:00:00+00:00,0,2,FW000023944; IAM00006043,IAM; Firewall,60,0.88,100.0,IDENTICAL_TIMESTAMP_WINDOW
SEQ-HST-1655,WS-11948,HOST,CROSS_SOURCE_HOST_CHAIN,2026-08-21 00:00:00+00:00,2026-08-21 00:00:00+00:00,0,2,FW000007750; IAM00012944,IAM; Firewall,60,0.88,100.0,IDENTICAL_TIMESTAMP_WINDOW
SEQ-HST-1656,WS-11974,HOST,CROSS_SOURCE_HOST_CHAIN,2026-08-24 04:35:00+00:00,2026-08-24 05:18:14+00:00,2594,2,FW000029774; IAM00008906,IAM; Firewall,60,0.88,100.0,NONE_OBSERVED
SEQ-HST-1657,WS-11986,HOST,CROSS_SOURCE_HOST_CHAIN,2026-08-17 00:00:00+00:00,2026-08-17 00:00:00+00:00,0,2,FW000004144; IAM00018563,IAM; Firewall,60,0.88,100.0,IDENTICAL_TIMESTAMP_WINDOW
SEQ-HST-1658,WS-11987,HOST,CROSS_SOURCE_HOST_CHAIN,2026-08-23 00:00:00+00:00,2026-08-23 00:00:00+00:00,0,2,FW000008624; IAM00001043,IAM; Firewall,60,0.88,100.0,IDENTICAL_TIMESTAMP_WINDOW
SEQ-HST-1659,WS-12003,HOST,HOST_ACTIVITY_SEQUENCE,2026-08-12 23:17:54+00:00,2026-08-13 00:00:00+00:00,2526,2,FW000009866; FW000024135,Firewall,60,0.73,75.0,SINGLE_SOURCE_ONLY
SEQ-HST-1660,WS-12009,HOST,CROSS_SOURCE_HOST_CHAIN,2026-08-18 00:03:10+00:00,2026-08-18 00:52:00+00:00,2930,2,IAM00015412; FW000025852,IAM; Firewall,60,0.88,100.0,NONE_OBSERVED
SEQ-HST-1661,WS-12037,HOST,CROSS_SOURCE_HOST_CHAIN,2026-09-02 00:00:00+00:00,2026-09-02 00:11:44+00:00,704,2,EPA00000495; IAM00013630,IAM; Endpoint,60,0.88,100.0,NONE_OBSERVED
SEQ-HST-1662,WS-12041,HOST,CROSS_SOURCE_HOST_CHAIN,2026-08-24 20:00:00+00:00,2026-08-24 20:34:25+00:00,2065,2,FW000010262; IAM00017013,IAM; Firewall,60,0.88,100.0,NONE_OBSERVED
SEQ-HST-1663,WS-12067,HOST,HOST_ACTIVITY_SEQUENCE,2026-08-12 18:00:58+00:00,2026-08-12 18:29:10+00:00,1692,2,IAM00017075; IAM00018187,IAM,60,0.73,75.0,SINGLE_SOURCE_ONLY
SEQ-HST-1664,WS-12082,HOST,HOST_ACTIVITY_SEQUENCE,2026-08-25 19:42:27+00:00,2026-08-25 20:40:14+00:00,3467,2,FW000012257; FW000006153,Firewall,60,0.73,75.0,SINGLE_SOURCE_ONLY
SEQ-HST-1665,WS-12093,HOST,CROSS_SOURCE_HOST_CHAIN,2026-08-17 00:00:00+00:00,2026-08-17 00:00:00+00:00,0,2,FW000021451; IAM00009373,IAM; Firewall,60,0.88,100.0,IDENTICAL_TIMESTAMP_WINDOW
SEQ-HST-1666,WS-12115,HOST,CROSS_SOURCE_HOST_CHAIN,2026-08-31 08:37:52+00:00,2026-08-31 08:56:56+00:00,1144,2,FW000004083; IAM00017153,IAM; Firewall,60,0.88,100.0,NONE_OBSERVED
SEQ-HST-1667,WS-12120,HOST,CROSS_SOURCE_HOST_CHAIN,2026-09-01 09:52:18+00:00,2026-09-01 10:25:23+00:00,1985,2,EPA00006343; IAM00006821,IAM; Endpoint,60,0.88,100.0,NONE_OBSERVED
SEQ-HST-1668,WS-12170,HOST,FIREWALL_DENY_TO_ENDPOINT_ALERT,2026-08-24 12:37:38+00:00,2026-08-24 13:17:24+00:00,2386,2,EPA00007207; FW000003529,Firewall; Endpoint,60,0.88,100.0,NONE_OBSERVED
SEQ-HST-1669,WS-12170,HOST,HOST_ACTIVITY_SEQUENCE,2026-08-29 02:52:00+00:00,2026-08-29 03:36:08+00:00,2648,2,FW000027384; FW000011532,Firewall,60,0.73,75.0,SINGLE_SOURCE_ONLY
SEQ-HST-1670,WS-12175,HOST,CROSS_SOURCE_HOST_CHAIN,2026-08-10 00:00:00+00:00,2026-08-10 00:36:55+00:00,2215,2,IAM00001877; FW000004677,IAM; Firewall,60,0.88,100.0,NONE_OBSERVED
SEQ-HST-1671,WS-12176,HOST,CROSS_SOURCE_HOST_CHAIN,2026-08-21 23:54:24+00:00,2026-08-22 00:00:00+00:00,336,2,IAM00019393; FW000007890,IAM; Firewall,60,0.88,100.0,NONE_OBSERVED
SEQ-HST-1672,WS-12206,HOST,HOST_ACTIVITY_SEQUENCE,2026-07-08 00:00:00+00:00,2026-07-08 00:00:00+00:00,0,2,IAM00002976; IAM00005403,IAM,60,0.73,75.0,SINGLE_SOURCE_ONLY; IDENTICAL_TIMESTAMP_WINDOW
SEQ-HST-1673,WS-12214,HOST,CROSS_SOURCE_HOST_CHAIN,2026-08-26 00:00:00+00:00,2026-08-26 00:00:00+00:00,0,2,EPA00001191; IAM00004889,IAM; Endpoint,60,0.88,100.0,IDENTICAL_TIMESTAMP_WINDOW
SEQ-HST-1674,WS-12214,HOST,CROSS_SOURCE_HOST_CHAIN,2026-08-27 00:00:00+00:00,2026-08-27 00:00:00+00:00,0,2,FW000011794; IAM00010123,IAM; Firewall,60,0.88,100.0,IDENTICAL_TIMESTAMP_WINDOW
SEQ-HST-1675,WS-12226,HOST,HOST_ACTIVITY_SEQUENCE,2026-08-16 23:28:00+00:00,2026-08-17 00:00:00+00:00,1920,2,FW000020378; FW000007348,Firewall,60,0.73,75.0,SINGLE_SOURCE_ONLY
SEQ-HST-1676,WS-12232,HOST,CROSS_SOURCE_HOST_CHAIN,2026-08-05 00:00:00+00:00,2026-08-05 00:00:00+00:00,0,2,EPA00002104; IAM00002109,IAM; Endpoint,60,0.88,100.0,IDENTICAL_TIMESTAMP_WINDOW
SEQ-HST-1677,WS-12234,HOST,CROSS_SOURCE_HOST_CHAIN,2026-09-05 14:16:26+00:00,2026-09-05 14:46:40+00:00,1814,2,EPA00003727; IAM00003209,IAM; Endpoint,60,0.88,100.0,NONE_OBSERVED
SEQ-HST-1678,WS-12255,HOST,HOST_ACTIVITY_SEQUENCE,2026-02-08 00:00:00+00:00,2026-02-08 00:00:00+00:00,0,2,IAM00010282; IAM00018522,IAM,60,0.73,75.0,SINGLE_SOURCE_ONLY; IDENTICAL_TIMESTAMP_WINDOW
SEQ-HST-1679,WS-12264,HOST,FIREWALL_DENY_TO_ENDPOINT_ALERT,2026-08-27 00:00:00+00:00,2026-08-27 00:16:16+00:00,976,2,EPA00001936; FW000024676,Firewall; Endpoint,60,0.88,100.0,NONE_OBSERVED
SEQ-HST-1680,WS-12309,HOST,HOST_ACTIVITY_SEQUENCE,2026-08-13 00:00:00+00:00,2026-08-13 00:00:00+00:00,0,2,FW000021329; FW000026723,Firewall,60,0.73,75.0,SINGLE_SOURCE_ONLY; IDENTICAL_TIMESTAMP_WINDOW
SEQ-HST-1681,WS-12319,HOST,HOST_ACTIVITY_SEQUENCE,2026-08-08 16:14:01+00:00,2026-08-08 16:40:18+00:00,1577,2,EPA00006505; EPA00004437,Endpoint,60,0.73,75.0,SINGLE_SOURCE_ONLY
SEQ-HST-1682,WS-12319,HOST,HOST_ACTIVITY_SEQUENCE,2026-09-07 09:02:18+00:00,2026-09-07 09:28:17+00:00,1559,2,IAM00004346; IAM00008237,IAM,60,0.73,75.0,SINGLE_SOURCE_ONLY
SEQ-HST-1683,WS-12337,HOST,HOST_ACTIVITY_SEQUENCE,2026-08-22 09:11:00+00:00,2026-08-22 09:47:27+00:00,2187,2,IAM00006374; IAM00014688,IAM,60,0.73,75.0,SINGLE_SOURCE_ONLY
SEQ-HST-1684,WS-12341,HOST,CROSS_SOURCE_HOST_CHAIN,2026-03-09 00:00:00+00:00,2026-03-09 00:00:00+00:00,0,2,FW000010348; IAM00006991,IAM; Firewall,60,0.88,100.0,IDENTICAL_TIMESTAMP_WINDOW
SEQ-HST-1685,WS-12346,HOST,CROSS_SOURCE_HOST_CHAIN,2026-08-31 00:00:00+00:00,2026-08-31 00:00:00+00:00,0,2,FW000018664; IAM00014218,IAM; Firewall,60,0.88,100.0,IDENTICAL_TIMESTAMP_WINDOW
SEQ-HST-1686,WS-12361,HOST,HOST_ACTIVITY_SEQUENCE,2026-08-29 05:22:31+00:00,2026-08-29 05:41:16+00:00,1125,2,FW000027725; FW000020897,Firewall,60,0.73,75.0,SINGLE_SOURCE_ONLY
SEQ-HST-1687,WS-12368,HOST,CROSS_SOURCE_HOST_CHAIN,2026-08-22 00:00:00+00:00,2026-08-22 00:34:54+00:00,2094,3,FW000020041; IAM00002223; IAM00001830,IAM; Firewall,60,0.92,100.0,NONE_OBSERVED
SEQ-HST-1688,WS-12392,HOST,HOST_ACTIVITY_SEQUENCE,2026-08-19 23:43:12+00:00,2026-08-20 00:00:00+00:00,1008,2,FW000001528; FW000012080,Firewall,60,0.73,75.0,SINGLE_SOURCE_ONLY
SEQ-HST-1689,WS-12393,HOST,FIREWALL_DENY_TO_ENDPOINT_ALERT,2026-08-14 15:04:56+00:00,2026-08-14 15:20:00+00:00,904,2,EPA00006604; FW000010808,Firewall; Endpoint,60,0.88,100.0,NONE_OBSERVED
SEQ-HST-1690,WS-12418,HOST,HOST_ACTIVITY_SEQUENCE,2026-08-02 04:41:30+00:00,2026-08-02 04:45:47+00:00,257,2,IAM00008590; IAM00006107,IAM,60,0.73,75.0,SINGLE_SOURCE_ONLY
SEQ-HST-1691,WS-12418,HOST,HOST_ACTIVITY_SEQUENCE,2026-08-08 04:01:00+00:00,2026-08-08 04:31:16+00:00,1816,2,IAM00001193; IAM00005799,IAM,60,0.73,75.0,SINGLE_SOURCE_ONLY
SEQ-HST-1692,WS-12418,HOST,HOST_ACTIVITY_SEQUENCE,2026-08-13 00:00:00+00:00,2026-08-13 00:59:27+00:00,3567,2,IAM00010643; IAM00008717,IAM,60,0.73,75.0,SINGLE_SOURCE_ONLY
SEQ-HST-1693,WS-12418,HOST,HOST_ACTIVITY_SEQUENCE,2026-08-18 20:27:24+00:00,2026-08-18 20:51:53+00:00,1469,2,IAM00002971; IAM00015391,IAM,60,0.73,75.0,SINGLE_SOURCE_ONLY
SEQ-HST-1694,WS-12418,HOST,HOST_ACTIVITY_SEQUENCE,2026-08-18 23:37:25+00:00,2026-08-19 00:00:00+00:00,1355,2,IAM00014290; IAM00002899,IAM,60,0.73,75.0,SINGLE_SOURCE_ONLY
SEQ-HST-1695,WS-12418,HOST,HOST_ACTIVITY_SEQUENCE,2026-08-26 04:34:00+00:00,2026-08-26 04:46:52+00:00,772,2,IAM00003498; IAM00017976,IAM,60,0.73,75.0,SINGLE_SOURCE_ONLY
SEQ-HST-1696,WS-12418,HOST,HOST_ACTIVITY_SEQUENCE,2026-08-28 10:34:07+00:00,2026-08-28 10:36:15+00:00,128,2,FW000022775; FW000012539,Firewall,60,0.73,75.0,SINGLE_SOURCE_ONLY
SEQ-HST-1697,WS-12418,HOST,HOST_ACTIVITY_SEQUENCE,2026-08-30 00:00:00+00:00,2026-08-30 00:00:00+00:00,0,2,IAM00000880; IAM00014220,IAM,60,0.73,75.0,SINGLE_SOURCE_ONLY; IDENTICAL_TIMESTAMP_WINDOW
SEQ-HST-1698,WS-12418,HOST,HOST_ACTIVITY_SEQUENCE,2026-08-30 13:21:34+00:00,2026-08-30 13:22:00+00:00,26,2,IAM00002190; IAM00012282,IAM,60,0.73,75.0,SINGLE_SOURCE_ONLY
SEQ-HST-1699,WS-12418,HOST,HOST_ACTIVITY_SEQUENCE,2026-08-31 00:00:00+00:00,2026-08-31 00:00:00+00:00,0,2,IAM00000364; IAM00011147,IAM,60,0.73,75.0,SINGLE_SOURCE_ONLY; IDENTICAL_TIMESTAMP_WINDOW
SEQ-HST-1700,WS-12422,HOST,HOST_ACTIVITY_SEQUENCE,2026-08-06 00:00:00+00:00,2026-08-06 00:56:45+00:00,3405,2,EPA00000108; EPA00006538,Endpoint,60,0.73,75.0,SINGLE_SOURCE_ONLY
SEQ-HST-1701,WS-12439,HOST,CROSS_SOURCE_HOST_CHAIN,2026-08-11 06:52:02+00:00,2026-08-11 07:25:30+00:00,2008,2,IAM00003088; FW000010237,IAM; Firewall,60,0.88,100.0,NONE_OBSERVED
SEQ-HST-1702,WS-12468,HOST,HOST_ACTIVITY_SEQUENCE,2026-08-20 00:00:00+00:00,2026-08-20 00:00:00+00:00,0,2,FW000012345; FW000013182,Firewall,60,0.73,75.0,SINGLE_SOURCE_ONLY; IDENTICAL_TIMESTAMP_WINDOW
SEQ-HST-1703,WS-12491,HOST,HOST_ACTIVITY_SEQUENCE,2026-09-07 00:00:00+00:00,2026-09-07 00:00:00+00:00,0,2,FW000012816; FW000014937,Firewall,60,0.73,75.0,SINGLE_SOURCE_ONLY; IDENTICAL_TIMESTAMP_WINDOW
SEQ-HST-1704,WS-12531,HOST,CROSS_SOURCE_HOST_CHAIN,2026-08-24 23:47:27+00:00,2026-08-25 00:14:43+00:00,1636,2,IAM00017535; FW000029608,IAM; Firewall,60,0.88,100.0,NONE_OBSERVED
SEQ-HST-1705,WS-12537,HOST,CROSS_SOURCE_HOST_CHAIN,2026-08-25 04:16:50+00:00,2026-08-25 04:32:00+00:00,910,2,EPA00005070; IAM00014214,IAM; Endpoint,60,0.88,100.0,NONE_OBSERVED
SEQ-HST-1706,WS-12559,HOST,HOST_ACTIVITY_SEQUENCE,2026-09-04 14:20:42+00:00,2026-09-04 14:40:23+00:00,1181,2,IAM00015575; IAM00019072,IAM,60,0.73,75.0,SINGLE_SOURCE_ONLY
SEQ-HST-1707,WS-12561,HOST,HOST_ACTIVITY_SEQUENCE,2026-08-29 18:25:00+00:00,2026-08-29 19:13:00+00:00,2880,2,EPA00007525; EPA00006555,Endpoint,60,0.73,75.0,SINGLE_SOURCE_ONLY
SEQ-HST-1708,WS-12595,HOST,FIREWALL_DENY_TO_ENDPOINT_ALERT,2026-08-23 00:00:00+00:00,2026-08-23 00:00:00+00:00,0,2,EPA00000327; FW000021782,Firewall; Endpoint,60,0.88,100.0,IDENTICAL_TIMESTAMP_WINDOW
SEQ-HST-1709,WS-12599,HOST,CROSS_SOURCE_HOST_CHAIN,2026-08-07 23:44:06+00:00,2026-08-08 00:22:59+00:00,2333,2,IAM00018481; FW000018388,IAM; Firewall,60,0.88,100.0,NONE_OBSERVED
SEQ-HST-1710,WS-12606,HOST,FIREWALL_DENY_TO_ENDPOINT_ALERT,2026-08-08 00:00:00+00:00,2026-08-08 00:33:50+00:00,2030,2,EPA00001969; FW000022073,Firewall; Endpoint,60,0.88,100.0,NONE_OBSERVED
SEQ-HST-1711,WS-12606,HOST,FIREWALL_DENY_TO_ENDPOINT_ALERT,2026-08-20 18:06:10+00:00,2026-08-20 18:56:00+00:00,2990,2,EPA00000269; FW000029772,Firewall; Endpoint,60,0.88,100.0,NONE_OBSERVED
SEQ-HST-1712,WS-12633,HOST,FIREWALL_DENY_TO_ENDPOINT_ALERT,2026-08-11 07:24:40+00:00,2026-08-11 08:17:43+00:00,3183,2,FW000029285; EPA00006219,Firewall; Endpoint,60,0.88,100.0,NONE_OBSERVED
SEQ-HST-1713,WS-12686,HOST,CROSS_SOURCE_HOST_CHAIN,2026-08-05 04:24:11+00:00,2026-08-05 04:39:48+00:00,937,2,IAM00006445; FW000009139,IAM; Firewall,60,0.88,100.0,NONE_OBSERVED
SEQ-HST-1714,WS-12698,HOST,FIREWALL_DENY_TO_ENDPOINT_ALERT,2026-08-28 23:37:00+00:00,2026-08-29 00:00:00+00:00,1380,2,EPA00003325; FW000020687,Firewall; Endpoint,60,0.88,100.0,NONE_OBSERVED
SEQ-HST-1715,WS-12698,HOST,CROSS_SOURCE_HOST_CHAIN,2026-09-07 10:38:40+00:00,2026-09-07 11:34:53+00:00,3373,2,EPA00001730; IAM00018765,IAM; Endpoint,60,0.88,100.0,NONE_OBSERVED
SEQ-HST-1716,WS-12701,HOST,HOST_ACTIVITY_SEQUENCE,2026-09-05 23:26:08+00:00,2026-09-06 00:00:00+00:00,2032,2,IAM00013931; IAM00014662,IAM,60,0.73,75.0,SINGLE_SOURCE_ONLY
SEQ-HST-1717,WS-12711,HOST,CROSS_SOURCE_HOST_CHAIN,2026-08-19 23:32:00+00:00,2026-08-20 00:00:00+00:00,1680,2,IAM00016913; FW000017081,IAM; Firewall,60,0.88,100.0,NONE_OBSERVED
SEQ-HST-1718,WS-12716,HOST,HOST_ACTIVITY_SEQUENCE,2026-08-08 07:51:00+00:00,2026-08-08 08:31:13+00:00,2413,2,FW000010719; FW000009446,Firewall,60,0.73,75.0,SINGLE_SOURCE_ONLY
SEQ-HST-1719,WS-12745,HOST,HOST_ACTIVITY_SEQUENCE,2026-09-09 02:56:32+00:00,2026-09-09 03:21:00+00:00,1468,2,IAM00013536; IAM00008885,IAM,60,0.73,75.0,SINGLE_SOURCE_ONLY
SEQ-HST-1720,WS-12799,HOST,CROSS_SOURCE_HOST_CHAIN,2026-08-26 00:00:00+00:00,2026-08-26 00:19:00+00:00,1140,3,FW000004100; FW000018405; IAM00016786,IAM; Firewall,60,0.92,100.0,NONE_OBSERVED
SEQ-HST-1721,WS-12809,HOST,HOST_ACTIVITY_SEQUENCE,2026-08-07 23:14:09+00:00,2026-08-08 00:00:00+00:00,2751,2,FW000013953; FW000021942,Firewall,60,0.73,75.0,SINGLE_SOURCE_ONLY
SEQ-HST-1722,WS-12827,HOST,HOST_ACTIVITY_SEQUENCE,2026-02-08 00:00:00+00:00,2026-02-08 00:00:00+00:00,0,2,FW000007555; FW000018501,Firewall,60,0.73,75.0,SINGLE_SOURCE_ONLY; IDENTICAL_TIMESTAMP_WINDOW
SEQ-HST-1723,WS-12851,HOST,HOST_ACTIVITY_SEQUENCE,2026-08-12 19:25:12+00:00,2026-08-12 20:21:59+00:00,3407,2,IAM00003162; IAM00009412,IAM,60,0.73,75.0,SINGLE_SOURCE_ONLY
SEQ-HST-1724,WS-12872,HOST,CROSS_SOURCE_HOST_CHAIN,2026-08-16 14:44:43+00:00,2026-08-16 14:47:21+00:00,158,2,IAM00009394; FW000008525,IAM; Firewall,60,0.88,100.0,NONE_OBSERVED
SEQ-HST-1725,WS-12874,HOST,FIREWALL_DENY_TO_ENDPOINT_ALERT,2026-08-02 00:00:00+00:00,2026-08-02 00:39:48+00:00,2388,2,EPA00003491; FW000022417,Firewall; Endpoint,60,0.88,100.0,NONE_OBSERVED
SEQ-HST-1726,WS-12895,HOST,HOST_ACTIVITY_SEQUENCE,2026-08-08 00:00:00+00:00,2026-08-08 00:00:00+00:00,0,2,IAM00008425; IAM00008771,IAM,60,0.73,75.0,SINGLE_SOURCE_ONLY; IDENTICAL_TIMESTAMP_WINDOW
SEQ-HST-1727,WS-12895,HOST,CROSS_SOURCE_HOST_CHAIN,2026-08-09 20:25:00+00:00,2026-08-09 20:57:57+00:00,1977,2,FW000004701; IAM00016706,IAM; Firewall,60,0.88,100.0,NONE_OBSERVED
SEQ-HST-1728,WS-12895,HOST,HOST_ACTIVITY_SEQUENCE,2026-08-13 23:59:46+00:00,2026-08-14 00:00:00+00:00,14,2,IAM00003530; IAM00000039,IAM,60,0.73,75.0,SINGLE_SOURCE_ONLY
SEQ-HST-1729,WS-12895,HOST,HOST_ACTIVITY_SEQUENCE,2026-08-16 23:38:29+00:00,2026-08-17 00:01:19+00:00,1370,2,IAM00006571; IAM00003081,IAM,60,0.73,75.0,SINGLE_SOURCE_ONLY
SEQ-HST-1730,WS-12895,HOST,HOST_ACTIVITY_SEQUENCE,2026-08-22 00:00:00+00:00,2026-08-22 00:13:45+00:00,825,2,IAM00009838; IAM00014421,IAM,60,0.73,75.0,SINGLE_SOURCE_ONLY
SEQ-HST-1731,WS-12901,HOST,HOST_ACTIVITY_SEQUENCE,2026-03-08 00:00:00+00:00,2026-03-08 00:00:00+00:00,0,3,IAM00011257; IAM00018809; IAM00019880,IAM,60,0.77,90.0,SINGLE_SOURCE_ONLY; IDENTICAL_TIMESTAMP_WINDOW
SEQ-HST-1732,WS-12901,HOST,CROSS_SOURCE_HOST_CHAIN,2026-08-01 11:25:09+00:00,2026-08-01 11:50:23+00:00,1514,2,IAM00005918; FW000002400,IAM; Firewall,60,0.88,100.0,NONE_OBSERVED
SEQ-HST-1733,WS-12901,HOST,HOST_ACTIVITY_SEQUENCE,2026-08-08 13:58:15+00:00,2026-08-08 14:18:10+00:00,1195,2,IAM00015397; IAM00004234,IAM,60,0.73,75.0,SINGLE_SOURCE_ONLY
SEQ-HST-1734,WS-12901,HOST,HOST_ACTIVITY_SEQUENCE,2026-08-17 00:00:00+00:00,2026-08-17 00:00:00+00:00,0,2,IAM00000964; IAM00013736,IAM,60,0.73,75.0,SINGLE_SOURCE_ONLY; IDENTICAL_TIMESTAMP_WINDOW
SEQ-HST-1735,WS-12901,HOST,CROSS_SOURCE_HOST_CHAIN,2026-08-28 09:26:49+00:00,2026-08-28 09:45:00+00:00,1091,2,IAM00013489; FW000000704,IAM; Firewall,60,0.88,100.0,NONE_OBSERVED
SEQ-HST-1736,WS-12901,HOST,HOST_ACTIVITY_SEQUENCE,2026-09-03 18:11:22+00:00,2026-09-03 18:48:40+00:00,2238,2,IAM00011332; IAM00006175,IAM,60,0.73,75.0,SINGLE_SOURCE_ONLY
SEQ-HST-1737,WS-12908,HOST,CROSS_SOURCE_HOST_CHAIN,2026-09-01 00:00:00+00:00,2026-09-01 00:00:00+00:00,0,2,FW000027144; IAM00000203,IAM; Firewall,60,0.88,100.0,IDENTICAL_TIMESTAMP_WINDOW
SEQ-HST-1738,WS-12938,HOST,CROSS_SOURCE_HOST_CHAIN,2026-08-14 00:00:00+00:00,2026-08-14 00:00:00+00:00,0,2,FW000003948; IAM00007000,IAM; Firewall,60,0.88,100.0,IDENTICAL_TIMESTAMP_WINDOW
SEQ-HST-1739,WS-12988,HOST,FIREWALL_DENY_TO_ENDPOINT_ALERT,2026-08-26 11:47:29+00:00,2026-08-26 11:52:52+00:00,323,2,EPA00001773; FW000009694,Firewall; Endpoint,60,0.88,100.0,NONE_OBSERVED
SEQ-HST-1740,WS_12798,HOST,HOST_ACTIVITY_SEQUENCE,2026-08-26 19:48:34+00:00,2026-08-26 20:33:06+00:00,2672,2,FW000016662; FW000006265,Firewall,60,0.73,75.0,SINGLE_SOURCE_ONLY
SEQ-HST-1741,vdr-10312,HOST,HOST_ACTIVITY_SEQUENCE,2026-08-19 00:00:00+00:00,2026-08-19 00:00:00+00:00,0,2,FW000010247; FW000028214,Firewall,60,0.73,75.0,SINGLE_SOURCE_ONLY; IDENTICAL_TIMESTAMP_WINDOW
SEQ-HST-1742,vdr-11449,HOST,HOST_ACTIVITY_SEQUENCE,2026-08-12 04:56:49+00:00,2026-08-12 05:01:48+00:00,299,2,FW000010746; FW000018999,Firewall,60,0.73,75.0,SINGLE_SOURCE_ONLY
SEQ-HST-1743,ws-10476,HOST,HOST_ACTIVITY_SEQUENCE,2026-08-21 00:00:00+00:00,2026-08-21 00:00:00+00:00,0,2,FW000011656; FW000021716,Firewall,60,0.73,75.0,SINGLE_SOURCE_ONLY; IDENTICAL_TIMESTAMP_WINDOW
SEQ-HST-1744,ws-10962,HOST,HOST_ACTIVITY_SEQUENCE,2026-08-14 00:00:00+00:00,2026-08-14 00:24:21+00:00,1461,2,FW000025076; FW000017388,Firewall,60,0.73,75.0,SINGLE_SOURCE_ONLY
