user_id,username,temporal_sequence_count,strongest_sequence_strength,temporal_evidence_count,temporal_confidence,temporal_signal_present
EMP12741,omkaar.chana52,0,0.0,0,0.0,False
EMP11307,ethan.narasimhan97,0,0.0,0,0.0,False
EMP11601,ethan.choudhry47,0,0.0,0,0.0,False
EMP12621,vedant_panchal60,0,0.0,0,0.0,False
EMP12029,gayathri.mohanty65,0,0.0,0,0.0,False
EMP11950,garima.chaudhary44,0,0.0,0,0.0,False
EMP12718,vrishti.dewan18,0,0.0,0,0.0,False
EMP10184,Unknown,0,0.0,0,0.0,False
EMP12400,peter.sama77,0,0.0,0,0.0,False
EMP10194,ayush.dua87,4,75.0,8,0.73,True
EMP12798,abhimanyu.trivedi4,0,0.0,0,0.0,False
EMP11195,christopher.toor37,0,0.0,0,0.0,False
EMP11406,urishilla.bhatt88,0,0.0,0,0.0,False
EMP10314,girindra.dhaliwal46,0,0.0,0,0.0,False
EMP10102,gaurangi.samra66,0,0.0,0,0.0,False
EMP11437,waida.anand56,0,0.0,0,0.0,False
EMP12959,libni.lala75,0,0.0,0,0.0,False
EMP11221,qabil.lanka74,0,0.0,0,0.0,False
EMP12935,abha.naik17,0,0.0,0,0.0,False
EMP10705,bimala.raval96,0,0.0,0,0.0,False
EMP12234,tristan.ravi53,1,100.0,2,0.88,True
EMP11973,edhitha.pathak81,0,0.0,0,0.0,False
EMP11517,anita.dutt25,0,0.0,0,0.0,False
EMP12976,aayush.koshy48,0,0.0,0,0.0,False
EMP12232,Unknown,1,100.0,2,0.88,True
EMP10178,tanveer.ghose11,0,0.0,0,0.0,False
EMP12030,urishilla.dugar5,0,0.0,0,0.0,False
EMP12926,ronith.bhatti96,0,0.0,0,0.0,False
EMP10611,Unknown,0,0.0,0,0.0,False
EMP10679,ira.khanna17,0,0.0,0,0.0,False
EMP10152,finn.vig49,6,75.0,12,0.73,True
EMP12484,aahana.seth4,0,0.0,0,0.0,False
EMP11025,darsh.patla51,0,0.0,0,0.0,False
EMP10907,sneha.loke46,0,0.0,0,0.0,False
EMP10254,wriddhish_arora70,0,0.0,0,0.0,False
EMP12416,harish.bhatia99,0,0.0,0,0.0,False
EMP12332,shravya.mand51,0,0.0,0,0.0,False
EMP10346,dipta_oza8,0,0.0,0,0.0,False
EMP10299,anmol.bhatt26,0,0.0,0,0.0,False
EMP12045,girik.gaba54,0,0.0,0,0.0,False
EMP11295,utkarsh.bakshi57,0,0.0,0,0.0,False
EMP11357,nandini.buch11,3,75.0,6,0.73,True
EMP11422,rishi.contractor33,0,0.0,0,0.0,False
EMP12482,chakrika.nagar94,0,0.0,0,0.0,False
EMP10139,isaac.dugar28,0,0.0,0,0.0,False
EMP12603,gautam.dass68,5,75.0,10,0.73,True
EMP10246,rohan.dash48,0,0.0,0,0.0,False
EMP10900,lohit.reddy93,4,75.0,8,0.73,True
EMP12130,krishna.kata74,0,0.0,0,0.0,False
EMP11681,ayushman.varty42,0,0.0,0,0.0,False
EMP12334,bahadurjit.sridhar62,0,0.0,0,0.0,False
EMP10889,chanchal.tank46,0,0.0,0,0.0,False
EMP11268,krishna.babu43,0,0.0,0,0.0,False
EMP11926,chatresh.varty75,0,0.0,0,0.0,False
EMP11620,ira.choudhury44,0,0.0,0,0.0,False
EMP10700,charles.brar31,0,0.0,0,0.0,False
EMP11061,ekansh.ahuja25,1,100.0,2,0.88,True
EMP10485,hardik.kuruvilla24,1,75.0,2,0.73,True
EMP11356,jeet.tara32,0,0.0,0,0.0,False
EMP12310,zashil.chaudhari74,0,0.0,0,0.0,False
EMP12181,hemal.kohli58,0,0.0,0,0.0,False
EMP10761,dayita.dasgupta48,0,0.0,0,0.0,False
EMP10746,oviya.acharya25,6,75.0,12,0.73,True
EMP10321,kalpit.mody99,1,75.0,2,0.73,True
EMP12707,indira.pant51,0,0.0,0,0.0,False
EMP10188,wakeeta.srivastava97,0,0.0,0,0.0,False
EMP10772,gagan_bhandari75,5,75.0,10,0.73,True
EMP12496,anusha.bawa86,0,0.0,0,0.0,False
EMP11451,arunima.dube10,0,0.0,0,0.0,False
EMP12354,gagan.raman49,0,0.0,0,0.0,False
EMP10410,onveer.om63,0,0.0,0,0.0,False
EMP11727,bhavya.sem13,0,0.0,0,0.0,False
EMP12852,warinder.wali82,0,0.0,0,0.0,False
EMP12216,urvashi.handa11,0,0.0,0,0.0,False
EMP11398,yauvani_chacko81,0,0.0,0,0.0,False
EMP11361,inaya.sridhar38,1,100.0,2,0.88,True
EMP11657,yadavi.balay60,0,0.0,0,0.0,False
EMP10051,ekbal.malhotra95,0,0.0,0,0.0,False
EMP11624,bishakha_ghose98,0,0.0,0,0.0,False
EMP10063,ira.tara4,4,75.0,8,0.73,True
EMP12789,tamanna.kala64,0,0.0,0,0.0,False
EMP12553,tanish.kurian86,0,0.0,0,0.0,False
EMP12530,wazir.das67,0,0.0,0,0.0,False
EMP11090,pahal.bajwa31,4,100.0,8,0.88,True
EMP11465,brinda.chauhan94,0,0.0,0,0.0,False
EMP11896,urmi.pall82,0,0.0,0,0.0,False
EMP10052,anirudh.ramanathan31,7,75.0,14,0.73,True
EMP12807,damyanti.wali52,1,75.0,2,0.73,True
EMP12763,sanaya.kale52,0,0.0,0,0.0,False
EMP12551,warinder.jaggi19,0,0.0,0,0.0,False
EMP12864,pooja.choudhary68,0,0.0,0,0.0,False
EMP10544,harita.sura62,0,0.0,0,0.0,False
EMP12948,aadi.mohan96,0,0.0,0,0.0,False
EMP10450,charles.mohanty2,1,100.0,2,0.88,True
EMP12515,onveer.wason58,0,0.0,0,0.0,False
EMP10044,gopal.lala36,6,75.0,12,0.73,True
EMP11001,aarush.prashad25,8,75.0,16,0.73,True
EMP11831,Unknown,0,0.0,0,0.0,False
EMP10829,chaman.goda59,0,0.0,0,0.0,False
EMP10598,ekalinga.walla33,0,0.0,0,0.0,False
EMP10408,akshay.sarraf2,4,75.0,8,0.73,True
EMP12917,charita.mannan95,0,0.0,0,0.0,False
EMP10256,naveen.bhagat32,0,0.0,0,0.0,False
EMP12028,neha_devan64,0,0.0,0,0.0,False
EMP12303,lila_srinivasan31,0,0.0,0,0.0,False
EMP11837,qabil.parikh37,0,0.0,0,0.0,False
EMP11702,hemang.bakshi78,0,0.0,0,0.0,False
EMP12490,laban.sridhar64,0,0.0,0,0.0,False
EMP11662,aishani.dugal36,0,0.0,0,0.0,False
EMP10144,yashica_rao48,0,0.0,0,0.0,False
EMP12090,vasatika.saha98,0,0.0,0,0.0,False
EMP11292,harsh.sem7,0,0.0,0,0.0,False
EMP12155,ekansh.soni57,0,0.0,0,0.0,False
EMP10416,arunima.tata4,0,0.0,0,0.0,False
EMP10929,aarini.bora51,0,0.0,0,0.0,False
EMP12022,Unknown,0,0.0,0,0.0,False
EMP10170,nathaniel_prakash13,0,0.0,0,0.0,False
EMP11125,indali.aggarwal48,0,0.0,0,0.0,False
EMP10567,upadhriti.krishnan99,0,0.0,0,0.0,False
EMP11590,mahika.som71,0,0.0,0,0.0,False
EMP12673,victor.nagar6,0,0.0,0,0.0,False
EMP10134,sai.bedi96,0,0.0,0,0.0,False
EMP11717,jatin.saha63,0,0.0,0,0.0,False
EMP10642,umang.dhaliwal49,0,0.0,0,0.0,False
EMP11689,vaishnavi.kant81,0,0.0,0,0.0,False
EMP12745,prisha.sarkar30,1,75.0,2,0.73,True
EMP10554,shaurya.talwar44,0,0.0,0,0.0,False
EMP12174,onveer.bansal17,1,100.0,2,0.88,True
EMP11538,jai.chanda34,0,0.0,0,0.0,False
EMP10999,yoshita.raval66,0,0.0,0,0.0,False
EMP10291,upasna_krishnamurthy12,4,75.0,8,0.73,True
EMP11338,vansha_virk36,0,0.0,0,0.0,False
EMP12247,tanish.dasgupta22,0,0.0,0,0.0,False
EMP10781,Unknown,1,75.0,2,0.73,True
EMP10443,tejas.raghavan27,0,0.0,0,0.0,False
EMP12601,dominic.bawa78,0,0.0,0,0.0,False
EMP12149,teerth.chowdhury93,0,0.0,0,0.0,False
EMP10449,jagvi.sengupta38,0,0.0,0,0.0,False
EMP11029,Unknown,0,0.0,0,0.0,False
EMP11992,raksha.saini25,0,0.0,0,0.0,False
EMP12403,andrew.vasa6,0,0.0,0,0.0,False
EMP12750,darika.parekh27,1,100.0,2,0.88,True
EMP10000,vrinda.dua82,0,0.0,0,0.0,False
EMP11048,quincy.lata26,0,0.0,0,0.0,False
EMP10270,upkaar.doshi48,0,0.0,0,0.0,False
EMP10736,jackson.cherian13,0,0.0,0,0.0,False
EMP10298,aradhana.yogi41,6,75.0,12,0.73,True
EMP10032,lila.nadkarni27,0,0.0,0,0.0,False
EMP12498,lekha.kapoor10,0,0.0,0,0.0,False
EMP10014,ridhi.saini2,4,75.0,8,0.73,True
EMP10093,pahal.roy74,0,0.0,0,0.0,False
EMP10411,shivani.pillay89,0,0.0,0,0.0,False
EMP11159,adya.shetty2,0,0.0,0,0.0,False
EMP12362,kamala.nazareth82,0,0.0,0,0.0,False
EMP12819,chakradhar.nagi26,0,0.0,0,0.0,False
EMP10149,girik.bhatia28,0,0.0,0,0.0,False
EMP11600,gagan.mitter67,2,75.0,4,0.73,True
EMP11044,mugdha.khare82,0,0.0,0,0.0,False
EMP12153,abdul.deep62,0,0.0,0,0.0,False
EMP10495,tanmayi.thaman1,0,0.0,0,0.0,False
EMP10332,Unknown,0,0.0,0,0.0,False
EMP12788,utkarsh.vora38,0,0.0,0,0.0,False
EMP12066,david.sampath85,1,75.0,2,0.73,True
EMP11874,dayita.rout5,0,0.0,0,0.0,False
EMP10756,mugdha.shah75,0,0.0,0,0.0,False
EMP10798,udarsh.korpal53,0,0.0,0,0.0,False
EMP12274,praneel.sastry13,0,0.0,0,0.0,False
EMP10203,samaksh.subramanian60,3,75.0,6,0.73,True
EMP10463,isha.padmanabhan86,0,0.0,0,0.0,False
EMP12851,kamala.raman22,1,75.0,2,0.73,True
EMP12749,darika.mandal6,0,0.0,0,0.0,False
EMP11583,hemang.bansal35,3,75.0,6,0.73,True
EMP10555,vrishti.lala52,0,0.0,0,0.0,False
EMP10174,ridhi.iyer25,0,0.0,0,0.0,False
EMP10289,jonathan.narayanan92,3,75.0,6,0.73,True
EMP10120,lakshit.mand42,0,0.0,0,0.0,False
EMP12839,lipika.parsa25,0,0.0,0,0.0,False
EMP10847,vidhi.krishna41,0,0.0,0,0.0,False
EMP12699,edhitha.balasubramanian33,0,0.0,0,0.0,False
EMP10432,omya.gole7,1,100.0,2,0.88,True
EMP12969,ekanta.deshmukh53,0,0.0,0,0.0,False
EMP11317,ganga.goswami90,0,0.0,0,0.0,False
EMP11200,xiti.sem41,0,0.0,0,0.0,False
EMP10393,aarini.deep10,2,75.0,4,0.73,True
EMP12031,Unknown,0,0.0,0,0.0,False
EMP11800,farhan.sastry34,0,0.0,0,0.0,False
EMP11721,frederick.vasa15,0,0.0,0,0.0,False
EMP10192,ridhi.bala57,0,0.0,0,0.0,False
EMP10266,abhimanyu.gade25,0,0.0,0,0.0,False
EMP12692,dalaja.sura56,0,0.0,0,0.0,False
EMP10805,udarsh.kannan13,0,0.0,0,0.0,False
EMP10331,janaki.hegde46,0,0.0,0,0.0,False
EMP10528,Unknown,0,0.0,0,0.0,False
EMP11225,tanay.viswanathan59,0,0.0,0,0.0,False
EMP10801,ansh.brahmbhatt77,0,0.0,0,0.0,False
EMP11089,Unknown,0,0.0,0,0.0,False
EMP10764,rachana.madan60,0,0.0,0,0.0,False
EMP10218,jagat_dasgupta98,0,0.0,0,0.0,False
EMP10479,ayushman.nagy50,0,0.0,0,0.0,False
EMP10790,janani.barad1,0,0.0,0,0.0,False
EMP10478,aachal.mani50,1,100.0,2,0.88,True
EMP12645,hemani.bhagat18,0,0.0,0,0.0,False
EMP10727,kabir.sampath9,4,100.0,8,0.88,True
EMP10581,nidra.agate60,0,0.0,0,0.0,False
EMP11157,jyoti.brar52,0,0.0,0,0.0,False
EMP12547,hemani.oza5,0,0.0,0,0.0,False
EMP11688,pranav.master58,0,0.0,0,0.0,False
EMP12633,aishani.sem75,0,0.0,0,0.0,False
EMP10045,kiaan.sen15,0,0.0,0,0.0,False
EMP12849,eiravati.agrawal54,0,0.0,0,0.0,False
EMP10240,jalsa.bhatti59,0,0.0,0,0.0,False
EMP10251,aarini.memon10,5,100.0,10,0.88,True
EMP10990,dalbir.reddy82,0,0.0,0,0.0,False
EMP10457,darsh.sura85,0,0.0,0,0.0,False
EMP11272,umang.loke95,1,100.0,2,0.88,True
EMP10676,yauvani_mannan99,0,0.0,0,0.0,False
EMP11814,dipta_agate15,1,100.0,2,0.88,True
EMP11533,abdul_mitra65,0,0.0,0,0.0,False
EMP12356,vasatika.dhar45,0,0.0,0,0.0,False
EMP11084,yadavi.pandit87,0,0.0,0,0.0,False
EMP11511,sudiksha.raman15,0,0.0,0,0.0,False
EMP12404,ekiya.chakraborty63,0,0.0,0,0.0,False
EMP10257,frederick.kaur54,0,0.0,0,0.0,False
EMP12272,ekta.lal33,0,0.0,0,0.0,False
EMP10368,turvi.sarkar90,0,0.0,0,0.0,False
EMP12050,aditya.nayar99,0,0.0,0,0.0,False
EMP12973,manya_chakrabarti30,0,0.0,0,0.0,False
EMP12844,omaja.mangat18,0,0.0,0,0.0,False
EMP10354,nidra.mall33,0,0.0,0,0.0,False
EMP11299,ojasvi_vohra60,0,0.0,0,0.0,False
EMP11864,isaac.bir96,0,0.0,0,0.0,False
EMP12219,dalaja.lata76,0,0.0,0,0.0,False
EMP11196,odika.rajagopal41,0,0.0,0,0.0,False
EMP11830,atharv.peri95,0,0.0,0,0.0,False
EMP12202,upma.kohli12,0,0.0,0,0.0,False
EMP11302,Unknown,0,0.0,0,0.0,False
EMP10682,dhruv.sami40,0,0.0,0,0.0,False
EMP11381,jairaj_acharya41,1,100.0,2,0.88,True
EMP10507,dipta.narayan36,0,0.0,0,0.0,False
EMP10211,krishna_seth41,0,0.0,0,0.0,False
EMP11454,meera.kaur84,0,0.0,0,0.0,False
EMP10819,oni.wable49,0,0.0,0,0.0,False
EMP11650,charita.rattan19,0,0.0,0,0.0,False
EMP12909,varsha_swamy83,0,0.0,0,0.0,False
EMP10582,charan.deshmukh24,0,0.0,0,0.0,False
EMP10175,benjamin.rau26,0,0.0,0,0.0,False
EMP11712,vasatika.kunda70,1,75.0,2,0.73,True
EMP10430,dhruv.bose40,0,0.0,0,0.0,False
EMP11507,owen.badal65,1,100.0,2,0.88,True
EMP10744,dayamai.din39,0,0.0,0,0.0,False
EMP11362,meghana.jaggi6,0,0.0,0,0.0,False
EMP11097,nirja.jani16,0,0.0,0,0.0,False
EMP10506,ekanta.ravel60,0,0.0,0,0.0,False
EMP10945,sachi.shetty87,0,0.0,0,0.0,False
EMP11135,nandini.pai30,0,0.0,0,0.0,False
EMP11023,aashi.raju60,0,0.0,0,0.0,False
EMP10196,omaja.soman68,0,0.0,0,0.0,False
EMP12512,Unknown,0,0.0,0,0.0,False
EMP10088,hema.yadav5,0,0.0,0,0.0,False
EMP11047,riya.trivedi40,0,0.0,0,0.0,False
EMP12878,zayyan.contractor3,0,0.0,0,0.0,False
EMP12025,oliver.devan65,0,0.0,0,0.0,False
EMP12943,jatin.garde4,1,100.0,2,0.88,True
EMP10678,avi.kalla37,0,0.0,0,0.0,False
EMP11034,anamika.gala90,0,0.0,0,0.0,False
EMP10564,rayaan.aggarwal35,0,0.0,0,0.0,False
EMP10343,ayaan.kala66,0,0.0,0,0.0,False
EMP12346,upasna.vig49,0,0.0,0,0.0,False
EMP10025,naveen.johal55,0,0.0,0,0.0,False
EMP10940,Unknown,0,0.0,0,0.0,False
EMP11859,aachal.sarraf5,0,0.0,0,0.0,False
EMP12892,nirja.bhakta26,0,0.0,0,0.0,False
EMP12795,zehaan.naik32,0,0.0,0,0.0,False
EMP11488,gaurangi.viswanathan21,0,0.0,0,0.0,False
EMP11525,yamini.cherian93,0,0.0,0,0.0,False
EMP12422,madhav.grover92,1,75.0,2,0.73,True
EMP12574,vanya.rana13,0,0.0,0,0.0,False
EMP10650,darika.sha73,0,0.0,0,0.0,False
EMP10867,nathan.madan77,0,0.0,0,0.0,False
EMP11350,utkarsh.nadig92,0,0.0,0,0.0,False
EMP10067,wyatt.bora78,0,0.0,0,0.0,False
EMP12249,hemal.naik73,0,0.0,0,0.0,False
EMP10621,bhanumati_ratta30,0,0.0,0,0.0,False
EMP10651,pranit.srinivas94,0,0.0,0,0.0,False
EMP12195,balendra.jha12,0,0.0,0,0.0,False
EMP10602,sai_goda99,0,0.0,0,0.0,False
EMP12911,charan.dhawan17,0,0.0,0,0.0,False
EMP10423,bahadurjit.dyal80,0,0.0,0,0.0,False
EMP12171,bishakha.bajaj79,0,0.0,0,0.0,False
EMP12805,anamika.hayer81,0,0.0,0,0.0,False
EMP11910,jonathan.lalla10,0,0.0,0,0.0,False
EMP12861,lakshmi.gill13,0,0.0,0,0.0,False
EMP11113,rachana.jani60,0,0.0,0,0.0,False
EMP11477,odika.mann97,0,0.0,0,0.0,False
EMP11553,zaid_chad19,0,0.0,0,0.0,False
EMP10124,sathvik.kadakia72,0,0.0,0,0.0,False
EMP12541,saumya.contractor14,0,0.0,0,0.0,False
EMP12903,farhan.pathak41,0,0.0,0,0.0,False
EMP11866,leena.sankaran10,0,0.0,0,0.0,False
EMP11872,janani.narula52,0,0.0,0,0.0,False
EMP10532,jack.mallick72,1,75.0,2,0.73,True
EMP12009,gautam.bala88,0,0.0,0,0.0,False
EMP11057,turvi.devan14,0,0.0,0,0.0,False
EMP12907,ekani.kalita20,0,0.0,0,0.0,False
EMP11690,madhav.handa28,0,0.0,0,0.0,False
EMP11487,manya.sridhar12,0,0.0,0,0.0,False
EMP10557,watika.sami2,0,0.0,0,0.0,False
EMP12561,oviya.pradhan73,1,75.0,2,0.73,True
EMP11173,Unknown,0,0.0,0,0.0,False
EMP10176,lajita.choudhury92,0,0.0,0,0.0,False
EMP10322,bakhshi.dora47,10,100.0,20,0.88,True
EMP11188,pranav.dara5,0,0.0,0,0.0,False
EMP11461,Unknown,0,0.0,0,0.0,False
EMP12478,tanay.khosla86,0,0.0,0,0.0,False
EMP11545,hritik.shan95,0,0.0,0,0.0,False
EMP10695,charita_dhingra41,1,75.0,2,0.73,True
EMP11628,gautami.chaudhry69,0,0.0,0,0.0,False
EMP10080,ubika.anne68,0,0.0,0,0.0,False
EMP12525,oeshi.gara54,0,0.0,0,0.0,False
EMP11149,ekaraj.kaur18,0,0.0,0,0.0,False
EMP11151,aadhya.saini38,0,0.0,0,0.0,False
EMP10862,gauri.nagi49,1,75.0,2,0.73,True
EMP11260,alexander.gaba61,0,0.0,0,0.0,False
EMP10439,william.sankaran18,0,0.0,0,0.0,False
EMP10471,ekaraj_sharaf36,0,0.0,0,0.0,False
EMP12230,chakradev.loyal14,0,0.0,0,0.0,False
EMP12011,wishi.ganesh63,0,0.0,0,0.0,False
EMP11706,jyoti.saraf98,0,0.0,0,0.0,False
EMP10812,advika.mani57,0,0.0,0,0.0,False
EMP11234,gaurika.chopra35,0,0.0,0,0.0,False
EMP12246,unni.hayer3,0,0.0,0,0.0,False
EMP10568,mekhala.nadig40,0,0.0,0,0.0,False
EMP12425,jeet.rajagopalan64,5,100.0,10,0.88,True
EMP11653,balhaar.bhakta94,0,0.0,0,0.0,False
EMP10141,Unknown,0,0.0,0,0.0,False
EMP10511,samaksh.dutt66,0,0.0,0,0.0,False
EMP11612,aarush.vasa18,0,0.0,0,0.0,False
EMP12605,tripti.chander54,0,0.0,0,0.0,False
EMP11809,girish.atwal74,0,0.0,0,0.0,False
EMP12866,abhiram.bahri83,0,0.0,0,0.0,False
EMP11684,timothy.gopal8,0,0.0,0,0.0,False
EMP10610,ojasvi.gour94,0,0.0,0,0.0,False
EMP12810,garima.kant8,2,75.0,4,0.73,True
EMP11966,varsha.bhakta93,0,0.0,0,0.0,False
EMP10831,nilima.bahri98,0,0.0,0,0.0,False
EMP10177,jason.rege12,1,75.0,2,0.73,True
EMP10857,manbir_subramaniam95,0,0.0,0,0.0,False
EMP10693,wriddhish.babu12,1,100.0,2,0.88,True
EMP11736,vanya.desai85,0,0.0,0,0.0,False
EMP11072,yashoda.kannan15,0,0.0,0,0.0,False
EMP11278,niharika.lad59,0,0.0,0,0.0,False
EMP11503,turvi.pillay41,0,0.0,0,0.0,False
EMP10183,arjun.dara86,0,0.0,0,0.0,False
EMP11468,neelima_varty56,0,0.0,0,0.0,False
EMP12227,sanaya.korpal34,0,0.0,0,0.0,False
EMP12727,unni.borra40,0,0.0,0,0.0,False
EMP10565,vidhi.balan53,0,0.0,0,0.0,False
EMP12901,advay.jayaraman98,4,90.0,9,0.77,True
EMP12340,gautami.contractor31,0,0.0,0,0.0,False
EMP11985,yochana.shere98,0,0.0,0,0.0,False
EMP11829,azad.dewan44,0,0.0,0,0.0,False
EMP12850,jatin.nigam57,0,0.0,0,0.0,False
EMP10486,thomas.kaul29,1,75.0,2,0.73,True
EMP12940,aryan.prabhu29,0,0.0,0,0.0,False
EMP11204,karan.zachariah68,0,0.0,0,0.0,False
EMP10370,tejas.dhaliwal72,0,0.0,0,0.0,False
EMP10162,jason.dayal95,1,100.0,2,0.88,True
EMP12646,lavanya.grover78,0,0.0,0,0.0,False
EMP12650,hemal.sarin58,0,0.0,0,0.0,False
EMP12931,janya.bora79,0,0.0,0,0.0,False
EMP11911,joshua.ahluwalia5,0,0.0,0,0.0,False
EMP10729,inaya.chaudhuri44,0,0.0,0,0.0,False
EMP10969,urvashi.upadhyay40,0,0.0,0,0.0,False
EMP10670,Unknown,0,0.0,0,0.0,False
EMP10887,ekapad.agarwal62,0,0.0,0,0.0,False
EMP10030,karan.hari9,0,0.0,0,0.0,False
EMP11055,urmi.sunder11,0,0.0,0,0.0,False
EMP12079,upasna.choudhary60,0,0.0,0,0.0,False
EMP11591,dalaja.tak30,0,0.0,0,0.0,False
EMP10173,dalbir.sem96,0,0.0,0,0.0,False
EMP11962,abhimanyu.krishnamurthy64,0,0.0,0,0.0,False
EMP10296,osha.kapur39,7,90.0,15,0.77,True
EMP10325,liam.tandon27,0,0.0,0,0.0,False
EMP11236,jagdish.chaudhry92,0,0.0,0,0.0,False
EMP11988,hemal.gokhale89,0,0.0,0,0.0,False
EMP11738,yamini.bala47,0,0.0,0,0.0,False
EMP12759,ekanta.gola20,0,0.0,0,0.0,False
EMP11472,anamika_singh82,0,0.0,0,0.0,False
EMP11925,triya.narasimhan75,0,0.0,0,0.0,False
EMP12714,inaya.kapadia64,0,0.0,0,0.0,False
EMP10605,owen.kashyap42,0,0.0,0,0.0,False
EMP11283,ranbir.kalita61,0,0.0,0,0.0,False
EMP12671,victor.kumer39,1,100.0,2,0.88,True
EMP12626,nimrat.rattan2,0,0.0,0,0.0,False
EMP12881,nirja.virk29,0,0.0,0,0.0,False
EMP12669,vyanjana.jayaraman1,0,0.0,0,0.0,False
EMP10073,eta.saini12,0,0.0,0,0.0,False
EMP10048,george_dayal65,0,0.0,0,0.0,False
EMP12258,megha_bal48,0,0.0,0,0.0,False
EMP11916,chandran.batta95,0,0.0,0,0.0,False
EMP11815,yatin.sodhi3,0,0.0,0,0.0,False
EMP10535,vansha.dar1,0,0.0,0,0.0,False
EMP11270,pallavi.prashad61,0,0.0,0,0.0,False
EMP12132,daksha.ratti52,0,0.0,0,0.0,False
EMP11665,oni_goda48,3,75.0,6,0.73,True
EMP11071,faqid.dani64,0,0.0,0,0.0,False
EMP11566,ekani.panchal59,0,0.0,0,0.0,False
EMP12748,nisha.babu33,0,0.0,0,0.0,False
EMP12206,utkarsh.mittal36,1,75.0,2,0.73,True
EMP12780,michael.zacharia55,0,0.0,0,0.0,False
EMP10838,Unknown,0,0.0,0,0.0,False
EMP11094,bimala.narasimhan13,0,0.0,0,0.0,False
EMP11345,lipika.gupta33,0,0.0,0,0.0,False
EMP12304,hiral.sheth32,0,0.0,0,0.0,False
EMP11233,shivansh_karan47,0,0.0,0,0.0,False
EMP12597,oni.dhar38,0,0.0,0,0.0,False
EMP11846,Unknown,0,0.0,0,0.0,False
EMP12829,wridesh_varkey26,0,0.0,0,0.0,False
EMP10324,hemal.menon31,0,0.0,0,0.0,False
EMP10759,rohan.samra17,0,0.0,0,0.0,False
EMP11509,deepa.keer12,0,0.0,0,0.0,False
EMP11731,Unknown,0,0.0,0,0.0,False
EMP12349,chanchal.bobal40,0,0.0,0,0.0,False
EMP11883,falak_handa71,0,0.0,0,0.0,False
EMP10599,anmol.sawhney11,0,0.0,0,0.0,False
EMP12163,ethan.dhillon39,0,0.0,0,0.0,False
EMP10433,nandini.ravel92,0,0.0,0,0.0,False
EMP12379,joshua.dyal71,0,0.0,0,0.0,False
EMP11547,ryan.rau52,7,75.0,14,0.73,True
EMP11744,avi.basak59,0,0.0,0,0.0,False
EMP10239,jatin.chada37,0,0.0,0,0.0,False
EMP10817,geetika.ganesh63,0,0.0,0,0.0,False
EMP12661,deepa.jha15,0,0.0,0,0.0,False
EMP11177,lekha.jhaveri61,0,0.0,0,0.0,False
EMP12963,balendra_rao10,0,0.0,0,0.0,False
EMP11730,wridesh.rajan59,0,0.0,0,0.0,False
EMP12533,qarin.hayer3,0,0.0,0,0.0,False
EMP12225,pavani.memon61,0,0.0,0,0.0,False
EMP12523,lohit.bhasin66,0,0.0,0,0.0,False
EMP11483,mekhala.choudhary37,0,0.0,0,0.0,False
EMP10912,mohammed.devan20,4,100.0,8,0.88,True
EMP12096,bhavini.mutti77,0,0.0,0,0.0,False
EMP11965,damyanti.madan68,0,0.0,0,0.0,False
EMP10926,ishaan.narang92,0,0.0,0,0.0,False
EMP12212,matthew.bath56,0,0.0,0,0.0,False
EMP11421,bina.kar2,0,0.0,0,0.0,False
EMP12579,balveer.nair93,6,75.0,12,0.73,True
EMP10594,gabriel.mistry80,0,0.0,0,0.0,False
EMP10601,urmi.borra25,0,0.0,0,0.0,False
EMP10637,hitesh.shroff73,0,0.0,0,0.0,False
EMP12899,nidhi.dayal3,0,0.0,0,0.0,False
EMP11795,agastya.kala68,0,0.0,0,0.0,False
EMP11010,kiaan.issac82,0,0.0,0,0.0,False
EMP10680,chanchal.srivastava91,0,0.0,0,0.0,False
EMP12431,lohit.raja77,0,0.0,0,0.0,False
EMP11778,viraj.wadhwa36,0,0.0,0,0.0,False
EMP10414,garima.bedi78,0,0.0,0,0.0,False
EMP10874,dominic.shenoy64,0,0.0,0,0.0,False
EMP10527,william.modi62,0,0.0,0,0.0,False
EMP11512,samesh_sangha73,1,75.0,2,0.73,True
EMP12548,nachiket.singh66,0,0.0,0,0.0,False
EMP10108,aahana.samra10,0,0.0,0,0.0,False
EMP11206,guneet.lalla74,0,0.0,0,0.0,False
EMP12414,ishani.bava73,0,0.0,0,0.0,False
EMP12439,zinal.agarwal70,0,0.0,0,0.0,False
EMP11116,sneha.devi66,0,0.0,0,0.0,False
EMP10318,saumya.mody46,0,0.0,0,0.0,False
EMP11951,harsh.dugar36,1,100.0,2,0.88,True
EMP11161,neel.venkataraman70,0,0.0,0,0.0,False
EMP12700,zilmil.sur74,0,0.0,0,0.0,False
EMP11558,neelima.divan52,0,0.0,0,0.0,False
EMP12920,lakshit.yohannan97,0,0.0,0,0.0,False
EMP10402,bhavini.gaba45,0,0.0,0,0.0,False
EMP11502,wyatt.jani93,0,0.0,0,0.0,False
EMP10937,ridhi.kumer20,0,0.0,0,0.0,False
EMP12004,daksha.mangal11,0,0.0,0,0.0,False
EMP11261,krishna.nayar56,0,0.0,0,0.0,False
EMP12722,falak.lanka40,0,0.0,0,0.0,False
EMP12806,rajata.lalla49,0,0.0,0,0.0,False
EMP10387,abhimanyu.atwal89,0,0.0,0,0.0,False
EMP11960,finn.mall2,0,0.0,0,0.0,False
EMP11850,Unknown,0,0.0,0,0.0,False
EMP10810,anika.acharya16,0,0.0,0,0.0,False
EMP10755,bhavini.acharya76,0,0.0,0,0.0,False
EMP11174,max.ganguly91,0,0.0,0,0.0,False
EMP11587,isaac.bora28,0,0.0,0,0.0,False
EMP12713,hritik_shukla36,0,0.0,0,0.0,False
EMP11235,hritik.dar64,0,0.0,0,0.0,False
EMP11891,Unknown,0,0.0,0,0.0,False
EMP10070,mekhala.bajwa65,0,0.0,0,0.0,False
EMP12760,vrishti.mall91,0,0.0,0,0.0,False
EMP12342,lohit.doctor85,0,0.0,0,0.0,False
EMP12263,vamakshi.raval28,0,0.0,0,0.0,False
EMP10839,wazir_sheth9,0,0.0,0,0.0,False
EMP10056,anvi.parmar57,0,0.0,0,0.0,False
EMP12468,manan.mittal77,0,0.0,0,0.0,False
EMP11817,brinda.iyer33,4,75.0,8,0.73,True
EMP11395,tejas.sami53,0,0.0,0,0.0,False
EMP11556,bishakha_mangat17,0,0.0,0,0.0,False
EMP12086,vincent.dube76,1,100.0,2,0.88,True
EMP11904,yashawini.comar81,0,0.0,0,0.0,False
EMP12501,damyanti.misra13,0,0.0,0,0.0,False
EMP12161,omya.sahota27,0,0.0,0,0.0,False
EMP10309,hardik.dani22,0,0.0,0,0.0,False
EMP11961,benjamin_srinivasan15,0,0.0,0,0.0,False
EMP11253,bachittar.sathe85,0,0.0,0,0.0,False
EMP11228,tanmayi.dhar12,0,0.0,0,0.0,False
EMP12769,banjeet.savant73,0,0.0,0,0.0,False
EMP11537,nachiket.subramaniam52,0,0.0,0,0.0,False
EMP11741,warda.rajagopal65,0,0.0,0,0.0,False
EMP11351,raksha.de11,0,0.0,0,0.0,False
EMP11376,matthew.dalal24,0,0.0,0,0.0,False
EMP12162,megha.garg48,0,0.0,0,0.0,False
EMP12813,damyanti.palan49,0,0.0,0,0.0,False
EMP11861,wazir.khatri54,0,0.0,0,0.0,False
EMP12716,lakshmi.sen22,0,0.0,0,0.0,False
EMP12709,manan.jhaveri26,0,0.0,0,0.0,False
EMP11659,vritti.sundaram41,0,0.0,0,0.0,False
EMP10436,omkaar_pau69,0,0.0,0,0.0,False
EMP12078,omya.comar71,0,0.0,0,0.0,False
EMP11222,vasatika.saraf30,0,0.0,0,0.0,False
EMP11491,zarna.mandal21,0,0.0,0,0.0,False
EMP11912,vinaya.ravi27,0,0.0,0,0.0,False
EMP10313,nathaniel.seshadri86,0,0.0,0,0.0,False
EMP10233,onveer.borah62,0,0.0,0,0.0,False
EMP11436,christopher.sarna67,0,0.0,0,0.0,False
EMP10685,anamika.sundaram14,1,100.0,2,0.88,True
EMP12918,nitara.gulati69,0,0.0,0,0.0,False
EMP10111,jai.memon6,0,0.0,0,0.0,False
EMP11213,divya.gupta70,0,0.0,0,0.0,False
EMP11413,tejas.vora50,0,0.0,0,0.0,False
EMP11127,kritika.gole37,0,0.0,0,0.0,False
EMP12916,kashvi.toor41,1,100.0,2,0.88,True
EMP11971,aachal.cheema98,0,0.0,0,0.0,False
EMP10472,aryan.gour66,6,75.0,12,0.73,True
EMP12835,reva.pal71,0,0.0,0,0.0,False
EMP12251,isaac.rajagopal76,0,0.0,0,0.0,False
EMP10903,unni.guha76,0,0.0,0,0.0,False
EMP10897,tanvi.singh95,0,0.0,0,0.0,False
EMP12448,aarna.magar22,0,0.0,0,0.0,False
EMP11939,ekbal.walia16,0,0.0,0,0.0,False
EMP12293,nidhi.pillai54,0,0.0,0,0.0,False
EMP12896,pahal.shere50,0,0.0,0,0.0,False
EMP12684,omaja.venkatesh99,0,0.0,0,0.0,False
EMP10361,onkar.butala89,1,75.0,2,0.73,True
EMP10135,jagdish.comar6,0,0.0,0,0.0,False
EMP11309,sachi.venkatesh74,0,0.0,0,0.0,False
EMP12995,harrison.mangal35,0,0.0,0,0.0,False
EMP12328,eesha.nigam82,0,0.0,0,0.0,False
EMP10366,zinal.saha75,0,0.0,0,0.0,False
EMP11017,kalpit.mannan92,0,0.0,0,0.0,False
EMP10029,victor.guha7,0,0.0,0,0.0,False
EMP12578,krisha.bansal35,0,0.0,0,0.0,False
EMP10022,zarna.chawla28,0,0.0,0,0.0,False
EMP11924,chandani.palan99,0,0.0,0,0.0,False
EMP11100,vasatika.buch89,0,0.0,0,0.0,False
EMP10420,yauvani_narasimhan28,0,0.0,0,0.0,False
EMP12390,hemani.mohanty26,0,0.0,0,0.0,False
EMP10460,jatin.mangal83,0,0.0,0,0.0,False
EMP10043,deepa.wagle29,0,0.0,0,0.0,False
EMP10087,janani.dyal31,0,0.0,0,0.0,False
EMP10859,gautami.kibe60,0,0.0,0,0.0,False
EMP10572,baljiwan.yadav12,0,0.0,0,0.0,False
EMP10944,quincy.goda70,0,0.0,0,0.0,False
EMP10282,theodore_bajaj68,0,0.0,0,0.0,False
EMP12658,nathaniel.mody8,0,0.0,0,0.0,False
EMP12466,ojasvi.natt3,0,0.0,0,0.0,False
EMP12932,dalbir.ahuja10,0,0.0,0,0.0,False
EMP12476,laksh.kakar31,0,0.0,0,0.0,False
EMP10533,ayaan.kalita91,0,0.0,0,0.0,False
EMP10776,ijaya.goda34,0,0.0,0,0.0,False
EMP12527,joshua.dash97,0,0.0,0,0.0,False
EMP12430,mekhala.loyal73,0,0.0,0,0.0,False
EMP12464,Unknown,1,75.0,2,0.73,True
EMP12179,bhavika_naidu97,0,0.0,0,0.0,False
EMP10809,Unknown,0,0.0,0,0.0,False
EMP10964,bahadurjit.ramanathan73,0,0.0,0,0.0,False
EMP10978,girish.tata8,0,0.0,0,0.0,False
EMP10691,Unknown,0,0.0,0,0.0,False
EMP10932,ayush.zacharia48,0,0.0,0,0.0,False
EMP11241,bhavani.shetty89,4,100.0,8,0.88,True
EMP12259,yashasvi.mammen73,0,0.0,0,0.0,False
EMP11672,ishwar.ganesan93,0,0.0,0,0.0,False
EMP11426,qasim.gade91,1,75.0,2,0.73,True
EMP10221,wakeeta.sur18,0,0.0,0,0.0,False
EMP10543,bhavna.ramesh73,0,0.0,0,0.0,False
EMP11286,quincy.saran73,0,0.0,0,0.0,False
EMP12209,gaurang.pathak52,0,0.0,0,0.0,False
EMP10789,jasmit.bose49,0,0.0,0,0.0,False
EMP10794,zashil.mistry18,0,0.0,0,0.0,False
EMP11720,faqid.dixit37,0,0.0,0,0.0,False
EMP12005,xavier.date15,0,0.0,0,0.0,False
EMP11563,jeet.raju59,0,0.0,0,0.0,False
EMP10612,omya.ram43,0,0.0,0,0.0,False
EMP11456,dev.kata13,0,0.0,0,0.0,False
EMP11718,ishaan.ratta20,0,0.0,0,0.0,False
EMP10272,chandani.sane64,0,0.0,0,0.0,False
EMP10521,damyanti.nayak82,0,0.0,0,0.0,False
EMP11003,yashasvi.nayar20,0,0.0,0,0.0,False
EMP11373,vanya.barman11,0,0.0,0,0.0,False
EMP12522,kabir.thakur63,0,0.0,0,0.0,False
EMP11938,omya.choudhury49,0,0.0,0,0.0,False
EMP10350,ansh.majumdar95,0,0.0,0,0.0,False
EMP10949,Unknown,0,0.0,0,0.0,False
EMP12126,ekiya.kota86,0,0.0,0,0.0,False
EMP12387,advik.sura55,0,0.0,0,0.0,False
EMP12862,mahika.borra10,0,0.0,0,0.0,False
EMP12672,meera.kulkarni21,0,0.0,0,0.0,False
EMP11179,ishani.tak59,0,0.0,0,0.0,False
EMP11036,sanaya.chaudhuri76,0,0.0,0,0.0,False
EMP12580,lohit.muni84,1,100.0,3,0.92,True
EMP10168,kamala.chakrabarti17,1,75.0,2,0.73,True
EMP12582,yashvi.jayaraman60,0,0.0,0,0.0,False
EMP12266,leena.sama5,0,0.0,0,0.0,False
EMP11954,krishna.mukherjee27,0,0.0,0,0.0,False
EMP12073,yashvi.biswas33,0,0.0,0,0.0,False
EMP12377,omkaar.peri46,0,0.0,0,0.0,False
EMP10765,fiyaz.narayanan27,0,0.0,0,0.0,False
EMP12190,amrita.bhagat78,0,0.0,0,0.0,False
EMP12166,advika.barman44,0,0.0,0,0.0,False
EMP12302,jeremiah.barman92,0,0.0,0,0.0,False
EMP10219,ira.barad51,0,0.0,0,0.0,False
EMP10367,abeer.nori99,0,0.0,0,0.0,False
EMP12545,odika.gara44,0,0.0,0,0.0,False
EMP10879,indali.ramakrishnan84,0,0.0,0,0.0,False
EMP12347,bahadurjit.zachariah8,0,0.0,0,0.0,False
EMP11323,frederick.shetty55,0,0.0,0,0.0,False
EMP11392,qadim.zacharia93,0,0.0,0,0.0,False
EMP10351,rudra.chakraborty67,0,0.0,0,0.0,False
EMP11053,rajata.sandhu83,0,0.0,0,0.0,False
EMP11211,gagan.sunder65,1,100.0,2,0.88,True
EMP11967,geetika.ratti44,0,0.0,0,0.0,False
EMP12771,garima.sinha95,0,0.0,0,0.0,False
EMP12442,Unknown,0,0.0,0,0.0,False
EMP10498,janaki.pathak70,0,0.0,0,0.0,False
EMP11735,dayamai.dora92,0,0.0,0,0.0,False
EMP10210,yahvi.modi57,0,0.0,0,0.0,False
EMP12487,keya.khanna72,0,0.0,0,0.0,False
EMP12838,samesh.parmer83,0,0.0,0,0.0,False
EMP10227,oscar.dubey95,0,0.0,0,0.0,False
EMP10365,qushi.patla41,0,0.0,0,0.0,False
EMP10965,nisha.walla79,0,0.0,0,0.0,False
EMP10276,manthan.bansal82,0,0.0,0,0.0,False
EMP12299,arunima.dube33,0,0.0,0,0.0,False
EMP11877,osha.mani16,0,0.0,0,0.0,False
EMP12670,maanas.tata14,0,0.0,0,0.0,False
EMP11103,naksh.khalsa84,0,0.0,0,0.0,False
EMP10407,abha_agrawal9,0,0.0,0,0.0,False
EMP12044,daksh.swamy14,0,0.0,0,0.0,False
EMP11124,hamsini.d’alia20,0,0.0,0,0.0,False
EMP12406,aahana.bandi23,0,0.0,0,0.0,False
EMP10785,jackson.balasubramanian40,0,0.0,0,0.0,False
EMP12564,rishi.krishna56,0,0.0,0,0.0,False
EMP12627,brijesh.chaudry21,0,0.0,0,0.0,False
EMP12380,ryan.arya70,0,0.0,0,0.0,False
EMP10007,janya.bhatia21,0,0.0,0,0.0,False
EMP11244,qasim.bahl54,0,0.0,0,0.0,False
EMP11289,alka.mody73,0,0.0,0,0.0,False
EMP10864,nidra.bora32,0,0.0,0,0.0,False
EMP10415,hredhaan.dave8,0,0.0,0,0.0,False
EMP11742,zansi.sha95,0,0.0,0,0.0,False
EMP11713,gabriel_pal27,0,0.0,0,0.0,False
EMP11691,warjas.bedi21,0,0.0,0,0.0,False
EMP10199,nathan.sampath88,0,0.0,0,0.0,False
EMP10283,eshana.sahni88,0,0.0,0,0.0,False
EMP10231,gopal.prabhakar93,0,0.0,0,0.0,False
EMP10718,anamika.radhakrishnan8,0,0.0,0,0.0,False
EMP12947,yash.sur34,0,0.0,0,0.0,False
EMP10096,Unknown,0,0.0,0,0.0,False
EMP12826,david.sha41,2,100.0,4,0.88,True
EMP12648,theodore.ratti88,0,0.0,0,0.0,False
EMP11474,ishwar.sha2,0,0.0,0,0.0,False
EMP10881,umang.datta23,1,100.0,2,0.88,True
EMP11419,daksha.sabharwal88,0,0.0,0,0.0,False
EMP12542,karan.bala49,0,0.0,0,0.0,False
EMP12949,chandresh.samra52,0,0.0,0,0.0,False
EMP12666,harish.sampath8,0,0.0,0,0.0,False
EMP12254,harini.ram37,1,75.0,2,0.73,True
EMP11462,tejas.dugar38,0,0.0,0,0.0,False
EMP10104,leena.kalla70,0,0.0,0,0.0,False
EMP12298,siya.bhandari78,0,0.0,0,0.0,False
EMP12872,divya.chakrabarti94,0,0.0,0,0.0,False
EMP11725,advik.wagle63,1,100.0,2,0.88,True
EMP12609,gagan.sankar65,0,0.0,0,0.0,False
EMP11102,nidra.sengupta76,0,0.0,0,0.0,False
EMP12820,chandran.ganesan24,1,75.0,2,0.73,True
EMP10807,vidhi.kuruvilla75,0,0.0,0,0.0,False
EMP10226,watika_muni41,0,0.0,0,0.0,False
EMP10840,azad.hora31,0,0.0,0,0.0,False
EMP12369,chaaya.cherian34,0,0.0,0,0.0,False
EMP11621,wriddhish.chaudhari31,0,0.0,0,0.0,False
EMP12639,chakrika.shankar97,0,0.0,0,0.0,False
EMP12528,Unknown,0,0.0,0,0.0,False
EMP11093,chaaya.gokhale74,0,0.0,0,0.0,False
EMP12897,sarthak.kohli12,0,0.0,0,0.0,False
EMP12783,nitesh.naik20,0,0.0,0,0.0,False
EMP11763,rachita.baria48,3,75.0,6,0.73,True
EMP12510,mohammed.modi93,0,0.0,0,0.0,False
EMP10979,alka.sastry70,0,0.0,0,0.0,False
EMP11953,mitali.bains90,0,0.0,0,0.0,False
EMP10464,kalpit.mane85,0,0.0,0,0.0,False
EMP11940,jairaj.jayaraman47,0,0.0,0,0.0,False
EMP12595,tara.thakur66,0,0.0,0,0.0,False
EMP10927,ekta.batra25,0,0.0,0,0.0,False
EMP11359,gaurika.patla96,6,75.0,12,0.73,True
EMP11216,kamya_pandya54,0,0.0,0,0.0,False
EMP11032,hiral.kibe29,0,0.0,0,0.0,False
EMP12567,sara.borah1,5,100.0,10,0.88,True
EMP11936,darsh.mishra10,0,0.0,0,0.0,False
EMP10212,advaith.agate35,0,0.0,0,0.0,False
EMP10012,netra.vasa52,0,0.0,0,0.0,False
EMP12990,vyanjana.prabhu25,0,0.0,0,0.0,False
EMP10422,yuvraj.bahl40,0,0.0,0,0.0,False
EMP12436,om.bawa8,0,0.0,0,0.0,False
EMP12366,oscar.lad97,0,0.0,0,0.0,False
EMP11749,hamsini.lala64,0,0.0,0,0.0,False
EMP11391,gunbir.dubey35,0,0.0,0,0.0,False
EMP12721,advika.pai76,0,0.0,0,0.0,False
EMP11745,yuvraj.mani31,0,0.0,0,0.0,False
EMP10741,libni.bhatnagar11,0,0.0,0,0.0,False
EMP11626,charita_hari90,0,0.0,0,0.0,False
EMP12358,peter.bumb56,0,0.0,0,0.0,False
EMP10509,ishanvi.dugar70,0,0.0,0,0.0,False
EMP10644,janani.rajagopalan6,0,0.0,0,0.0,False
EMP10597,gaurangi.chaudry25,0,0.0,0,0.0,False
EMP11005,xalak.gill58,3,75.0,6,0.73,True
EMP12015,warhi.sarraf16,0,0.0,0,0.0,False
EMP11237,meera.srinivasan63,0,0.0,0,0.0,False
EMP12725,gunbir.viswanathan52,0,0.0,0,0.0,False
EMP10518,liam.ahluwalia43,0,0.0,0,0.0,False
EMP12240,ucchal.choudhary33,0,0.0,0,0.0,False
EMP10573,alexander.bumb98,0,0.0,0,0.0,False
EMP11073,rachit.shanker56,6,100.0,14,0.81,True
EMP12808,zinal_karnik88,0,0.0,0,0.0,False
EMP12063,urvi.kala69,0,0.0,0,0.0,False
EMP11316,dalaja.sankar21,0,0.0,0,0.0,False
EMP11220,pranit.chadha56,0,0.0,0,0.0,False
EMP11613,kevin.ahuja64,0,0.0,0,0.0,False
EMP10123,raksha.verma87,0,0.0,0,0.0,False
EMP11251,amrita.balakrishnan89,0,0.0,0,0.0,False
EMP10220,Unknown,0,0.0,0,0.0,False
EMP12994,zansi.dhar14,0,0.0,0,0.0,False
EMP10358,anirudh.kapoor37,0,0.0,0,0.0,False
EMP12218,lakshmi.nigam78,0,0.0,0,0.0,False
EMP12123,chavvi.naidu26,0,0.0,0,0.0,False
EMP12295,damini.prabhakar11,0,0.0,0,0.0,False
EMP10259,hemal.palla8,0,0.0,0,0.0,False
EMP12855,yahvi.sinha85,0,0.0,0,0.0,False
EMP12830,jairaj.ben13,0,0.0,0,0.0,False
EMP12465,thomas.majumdar70,0,0.0,0,0.0,False
EMP12906,aishani.dayal71,0,0.0,0,0.0,False
EMP11675,jatin.narasimhan80,0,0.0,0,0.0,False
EMP12480,harita.dutta68,0,0.0,0,0.0,False
EMP11845,rajeshri.shetty52,0,0.0,0,0.0,False
EMP11536,lila.rege10,0,0.0,0,0.0,False
EMP12857,edhitha.loyal90,0,0.0,0,0.0,False
EMP12397,manan.jayaraman61,0,0.0,0,0.0,False
EMP10456,daksh.kari74,0,0.0,0,0.0,False
EMP10462,damyanti.barad71,0,0.0,0,0.0,False
EMP12292,keya.johal9,0,0.0,0,0.0,False
EMP11788,yadavi.kaur93,0,0.0,0,0.0,False
EMP11767,harita.kakar82,0,0.0,0,0.0,False
EMP10381,tanveer.sankar50,0,0.0,0,0.0,False
EMP11444,nitesh.dugar65,0,0.0,0,0.0,False
EMP11187,aarav_chakraborty53,0,0.0,0,0.0,False
EMP12607,alka.ranganathan93,1,75.0,2,0.73,True
EMP12357,vasana.singhal7,0,0.0,0,0.0,False
EMP11842,harita.parekh10,0,0.0,0,0.0,False
EMP11554,charles.shah45,0,0.0,0,0.0,False
EMP10059,warjas.sachar28,0,0.0,0,0.0,False
EMP11608,ati.chana43,0,0.0,0,0.0,False
EMP12638,rachana.tank4,0,0.0,0,0.0,False
EMP11364,vrinda.ratta87,0,0.0,0,0.0,False
EMP11505,caleb.khurana94,1,75.0,2,0.73,True
EMP12876,faqid.gaba42,0,0.0,0,0.0,False
EMP12359,rachana.sibal12,0,0.0,0,0.0,False
EMP12928,waida.raju48,0,0.0,0,0.0,False
EMP11480,Unknown,0,0.0,0,0.0,False
EMP10542,jhalak.toor65,0,0.0,0,0.0,False
EMP11133,brijesh.hegde76,0,0.0,0,0.0,False
EMP11764,charles.subramaniam30,0,0.0,0,0.0,False
EMP12610,vasudha.raj58,0,0.0,0,0.0,False
EMP11880,yashvi.din95,0,0.0,0,0.0,False
EMP10845,abeer.kashyap41,0,0.0,0,0.0,False
EMP12494,dayita.bhatia69,0,0.0,0,0.0,False
EMP12655,agastya.sarraf35,0,0.0,0,0.0,False
EMP11475,aarush_din90,0,0.0,0,0.0,False
EMP11839,owen.rau90,0,0.0,0,0.0,False
EMP12980,girik_pingle83,0,0.0,0,0.0,False
EMP11801,ekiya.jaggi5,4,75.0,8,0.73,True
EMP11766,indali.pandey62,0,0.0,0,0.0,False
EMP12493,ojasvi.vohra89,0,0.0,0,0.0,False
EMP11786,garima.arora7,1,75.0,2,0.73,True
EMP11018,edhitha.saini50,0,0.0,0,0.0,False
EMP10435,triveni.palla12,0,0.0,0,0.0,False
EMP11114,anamika.iyengar53,0,0.0,0,0.0,False
EMP10237,naksh.anand12,0,0.0,0,0.0,False
EMP11075,gopal.uppal74,0,0.0,0,0.0,False
EMP10109,warda.raju69,0,0.0,0,0.0,False
EMP12119,niharika.bal84,0,0.0,0,0.0,False
EMP10163,ojasvi.bansal8,0,0.0,0,0.0,False
EMP10288,jyoti_guha56,0,0.0,0,0.0,False
EMP10252,darsh.bal9,0,0.0,0,0.0,False
EMP12588,Unknown,0,0.0,0,0.0,False
EMP12350,chatura.chowdhury52,0,0.0,0,0.0,False
EMP10767,pallavi.kunda48,0,0.0,0,0.0,False
EMP10787,lipika.kumer68,0,0.0,0,0.0,False
EMP11378,chasmum.sachdeva79,1,75.0,2,0.73,True
EMP11027,abha.manda57,0,0.0,0,0.0,False
EMP11037,abdul.baral80,0,0.0,0,0.0,False
EMP10869,krishna.chaudry17,0,0.0,0,0.0,False
EMP12957,liam.saran13,0,0.0,0,0.0,False
EMP12405,netra.madan80,0,0.0,0,0.0,False
EMP11980,eta.saran85,0,0.0,0,0.0,False
EMP12159,mitesh_chaudhry88,0,0.0,0,0.0,False
EMP12801,ishwar.bose49,0,0.0,0,0.0,False
EMP12908,yahvi.mangal15,0,0.0,0,0.0,False
EMP12053,joshua.setty16,0,0.0,0,0.0,False
EMP12472,qadim.lalla39,0,0.0,0,0.0,False
EMP10461,nidra.mahal64,0,0.0,0,0.0,False
EMP10911,unnati.krishnan27,1,75.0,2,0.73,True
EMP12772,gauri.sabharwal56,0,0.0,0,0.0,False
EMP10157,raghav.dutt31,0,0.0,0,0.0,False
EMP10930,Unknown,0,0.0,0,0.0,False
EMP12138,anita.varughese46,0,0.0,0,0.0,False
EMP12164,ekansh.mangal49,0,0.0,0,0.0,False
EMP10677,aashi.nadig72,0,0.0,0,0.0,False
EMP12827,oscar.chhabra40,0,0.0,0,0.0,False
EMP11255,yochana.choudhary64,0,0.0,0,0.0,False
EMP10238,sanya_narang5,0,0.0,0,0.0,False
EMP11052,lajita.dhingra55,0,0.0,0,0.0,False
EMP11532,anmol.dugar63,0,0.0,0,0.0,False
EMP10243,fariq_atwal39,1,100.0,2,0.88,True
EMP10100,turvi.nigam12,0,0.0,0,0.0,False
EMP10315,girindra.pathak40,0,0.0,0,0.0,False
EMP12409,omya.mukherjee26,0,0.0,0,0.0,False
EMP12513,chakradev.chakraborty45,0,0.0,0,0.0,False
EMP11041,sara.raj57,0,0.0,0,0.0,False
EMP11064,yadavi_seshadri1,0,0.0,0,0.0,False
EMP10261,pavani.atwal76,0,0.0,0,0.0,False
EMP11655,gautam.sama21,0,0.0,0,0.0,False
EMP12966,veer.lal49,0,0.0,0,0.0,False
EMP10195,tanay.karnik5,1,75.0,2,0.73,True
EMP11941,yatan.chander61,0,0.0,0,0.0,False
EMP11078,dayita.apte69,0,0.0,0,0.0,False
EMP11847,vinaya.lal10,0,0.0,0,0.0,False
EMP10179,ridhi.kadakia61,0,0.0,0,0.0,False
EMP11412,praneel.panchal28,0,0.0,0,0.0,False
EMP10842,mason.garg83,0,0.0,0,0.0,False
EMP12389,ryan.borah18,0,0.0,0,0.0,False
EMP11510,yashoda.kapur75,0,0.0,0,0.0,False
EMP11995,dhriti.sami98,0,0.0,0,0.0,False
EMP10340,prisha.venkataraman28,0,0.0,0,0.0,False
EMP11134,ganga.yogi55,0,0.0,0,0.0,False
EMP12364,ria.yadav87,1,75.0,2,0.73,True
EMP10748,faqid.kuruvilla95,0,0.0,0,0.0,False
EMP12936,orinder.karpe99,0,0.0,0,0.0,False
EMP10662,watika.sant81,0,0.0,0,0.0,False
EMP10480,kamya.taneja57,0,0.0,0,0.0,False
EMP10803,aarna.menon15,0,0.0,0,0.0,False
EMP12204,upasna_batra71,0,0.0,0,0.0,False
EMP10998,lopa.sarin4,0,0.0,0,0.0,False
EMP11431,diya.dutt12,0,0.0,0,0.0,False
EMP12509,zarna.pall69,0,0.0,0,0.0,False
EMP10549,inaya.garg98,0,0.0,0,0.0,False
EMP11210,warda.bora45,0,0.0,0,0.0,False
EMP10783,bahadurjit.ramaswamy51,0,0.0,0,0.0,False
EMP12791,rehaan.kothari61,0,0.0,0,0.0,False
EMP12007,rajata.sem34,0,0.0,0,0.0,False
EMP10742,bhanumati.tella99,0,0.0,0,0.0,False
EMP12488,jhalak.ben53,0,0.0,0,0.0,False
EMP12733,nilima.basak27,0,0.0,0,0.0,False
EMP12910,noah.ray4,0,0.0,0,0.0,False
EMP11642,samesh_tandon65,0,0.0,0,0.0,False
EMP12033,jason.lanka36,0,0.0,0,0.0,False
EMP11239,benjamin.bhatia78,0,0.0,0,0.0,False
EMP12208,sarthak_zacharia39,0,0.0,0,0.0,False
EMP12967,zilmil.sankaran33,0,0.0,0,0.0,False
EMP10247,aadhya.shan11,0,0.0,0,0.0,False
EMP10871,Unknown,0,0.0,0,0.0,False
EMP10952,januja.yadav88,0,0.0,0,0.0,False
EMP12262,damyanti_lal3,0,0.0,0,0.0,False
EMP12803,Unknown,0,0.0,0,0.0,False
EMP10626,sara.bhattacharyya47,0,0.0,0,0.0,False
EMP10347,jacob.chadha82,0,0.0,0,0.0,False
EMP10278,david.lad68,1,75.0,2,0.73,True
EMP12689,Unknown,0,0.0,0,0.0,False
EMP10655,eshana.bala7,0,0.0,0,0.0,False
EMP11298,harrison.varughese13,5,75.0,10,0.73,True
EMP10962,aarav.sankaran82,0,0.0,0,0.0,False
EMP12706,inaya.rastogi36,0,0.0,0,0.0,False
EMP12667,ansh.bose59,0,0.0,0,0.0,False
EMP11091,nathaniel.wadhwa89,0,0.0,0,0.0,False
EMP11820,lipika.ramaswamy9,0,0.0,0,0.0,False
EMP10632,dayita.malhotra55,0,0.0,0,0.0,False
EMP11178,mason.goyal5,0,0.0,0,0.0,False
EMP10445,charvi.mann64,0,0.0,0,0.0,False
EMP10617,gaurav.rajagopal62,0,0.0,0,0.0,False
EMP11915,jasmit.panchal36,0,0.0,0,0.0,False
EMP12922,brijesh.karpe81,0,0.0,0,0.0,False
EMP12792,hemal.anne22,0,0.0,0,0.0,False
EMP11207,dhriti.choudhary42,0,0.0,0,0.0,False
EMP12014,yadavi.karan30,0,0.0,0,0.0,False
EMP10844,saksham.vohra67,0,0.0,0,0.0,False
EMP12631,shivani.madan32,0,0.0,0,0.0,False
EMP10547,tristan.mukherjee88,0,0.0,0,0.0,False
EMP11889,atharv.shukla79,0,0.0,0,0.0,False
EMP10942,Unknown,0,0.0,0,0.0,False
EMP11011,adya.divan78,0,0.0,0,0.0,False
EMP10263,tanish.issac29,0,0.0,0,0.0,False
EMP11393,rishi.iyengar51,1,75.0,2,0.73,True
EMP11933,balendra.madan83,0,0.0,0,0.0,False
EMP10353,lajita.rao81,0,0.0,0,0.0,False
EMP12923,Unknown,0,0.0,0,0.0,False
EMP10208,liam.agate34,0,0.0,0,0.0,False
EMP10613,pavani.bansal82,0,0.0,0,0.0,False
EMP11710,advaith.barman92,0,0.0,0,0.0,False
EMP11780,radha.gour60,0,0.0,0,0.0,False
EMP11844,anamika.ben86,0,0.0,0,0.0,False
EMP11572,peter.chowdhury40,0,0.0,0,0.0,False
EMP12702,samuel.dubey7,1,100.0,2,0.88,True
EMP12113,akshay.dugal56,5,75.0,10,0.73,True
EMP12307,saksham.rege93,0,0.0,0,0.0,False
EMP10057,nimrat.nair32,0,0.0,0,0.0,False
EMP12312,ranbir.kumar36,0,0.0,0,0.0,False
EMP10811,diya.ratta6,0,0.0,0,0.0,False
EMP12260,patrick.salvi50,0,0.0,0,0.0,False
EMP10561,raghav.nanda23,1,75.0,2,0.73,True
EMP12112,Unknown,0,0.0,0,0.0,False
EMP10229,bhavna.dass88,0,0.0,0,0.0,False
EMP12586,sai.mitra8,0,0.0,0,0.0,False
EMP11833,janya.wagle29,0,0.0,0,0.0,False
EMP11080,pavani.rout64,0,0.0,0,0.0,False
EMP10538,indali.dora66,1,75.0,2,0.73,True
EMP11320,qasim.munshi11,0,0.0,0,0.0,False
EMP11674,sudiksha.shenoy74,0,0.0,0,0.0,False
EMP11110,meera.banik95,0,0.0,0,0.0,False
EMP11128,pratyush.deshpande35,0,0.0,0,0.0,False
EMP10707,raksha.mahal36,0,0.0,0,0.0,False
EMP10424,eesha.basu78,0,0.0,0,0.0,False
EMP10069,brijesh.arora88,0,0.0,0,0.0,False
EMP12817,suhani.dhar2,0,0.0,0,0.0,False
EMP12059,qushi.sandhu96,0,0.0,0,0.0,False
EMP10647,vedant.kumer4,0,0.0,0,0.0,False
EMP12975,warjas.barman48,0,0.0,0,0.0,False
EMP12051,warda.dey18,0,0.0,0,0.0,False
EMP12382,girik.shere27,0,0.0,0,0.0,False
EMP11743,Unknown,0,0.0,0,0.0,False
EMP12683,meghana.grewal81,0,0.0,0,0.0,False
EMP11453,aadi.sharma83,0,0.0,0,0.0,False
EMP12519,chaaya.mody33,0,0.0,0,0.0,False
EMP10620,udyati.basu22,0,0.0,0,0.0,False
EMP12682,yuvraj.talwar62,0,0.0,0,0.0,False
EMP11407,zashil.menon96,0,0.0,0,0.0,False
EMP11977,rudra.gokhale89,0,0.0,0,0.0,False
EMP11105,neel.soman20,0,0.0,0,0.0,False
EMP11618,Unknown,0,0.0,0,0.0,False
EMP11580,hemangini.goda47,0,0.0,0,0.0,False
EMP12321,bhavani.khare8,0,0.0,0,0.0,False
EMP12746,neha.pal10,0,0.0,0,0.0,False
EMP12320,warinder.pai74,0,0.0,0,0.0,False
EMP10279,rayaan.kari11,0,0.0,0,0.0,False
EMP12250,jyoti.rajagopal11,0,0.0,0,0.0,False
EMP12242,adya_deep36,0,0.0,0,0.0,False
EMP11606,manya.kale19,0,0.0,0,0.0,False
EMP10166,omkaar.balan50,0,0.0,0,0.0,False
EMP11242,reva.cherian68,0,0.0,0,0.0,False
EMP11756,zaid.goel6,0,0.0,0,0.0,False
EMP10553,nirja.kar42,0,0.0,0,0.0,False
EMP10834,warda_rege61,0,0.0,0,0.0,False
EMP10657,Unknown,0,0.0,0,0.0,False
EMP10596,wishi.dixit15,0,0.0,0,0.0,False
EMP12828,siddharth.cheema52,0,0.0,0,0.0,False
EMP10802,panini.gokhale89,0,0.0,0,0.0,False
EMP12203,yashodhara.de11,0,0.0,0,0.0,False
EMP11811,ishani.bhardwaj87,0,0.0,0,0.0,False
EMP12802,fariq.sanghvi8,0,0.0,0,0.0,False
EMP10440,laksh.kari28,0,0.0,0,0.0,False
EMP10508,nandini.kade65,0,0.0,0,0.0,False
EMP10076,yamini.tata89,0,0.0,0,0.0,False
EMP12986,ekaja.dugar99,0,0.0,0,0.0,False
EMP11948,kamya.ram56,0,0.0,0,0.0,False
EMP10649,tejas.narula94,0,0.0,0,0.0,False
EMP10522,widisha.seshadri22,0,0.0,0,0.0,False
EMP11586,gunbir.goda45,0,0.0,0,0.0,False
EMP11117,yagnesh.bhardwaj90,7,100.0,14,0.88,True
EMP12383,gaurangi.natarajan89,0,0.0,0,0.0,False
EMP11593,Unknown,0,0.0,0,0.0,False
EMP10654,vamakshi.ravel8,0,0.0,0,0.0,False
EMP11375,ijaya.sachar81,0,0.0,0,0.0,False
EMP11644,ayushman.dara8,0,0.0,0,0.0,False
EMP12131,chaaya_sodhi94,0,0.0,0,0.0,False
EMP10976,michael.dhillon14,0,0.0,0,0.0,False
EMP11760,kashvi.shere48,0,0.0,0,0.0,False
EMP10630,Unknown,0,0.0,0,0.0,False
EMP11340,ranbir.tak34,0,0.0,0,0.0,False
EMP11609,Unknown,0,0.0,0,0.0,False
EMP12728,ekaraj.jaggi47,0,0.0,0,0.0,False
EMP10482,zayyan.pal49,0,0.0,0,0.0,False
EMP10560,jasmit_ramaswamy33,0,0.0,0,0.0,False
EMP11192,vamakshi.divan13,0,0.0,0,0.0,False
EMP12642,jalsa.nagy51,0,0.0,0,0.0,False
EMP12032,alka.jayaraman50,1,75.0,2,0.73,True
EMP10438,urmi.gulati6,0,0.0,0,0.0,False
EMP12151,manya.mohanty64,0,0.0,0,0.0,False
EMP11947,xalak.handa21,0,0.0,0,0.0,False
EMP12634,samarth.brar15,0,0.0,0,0.0,False
EMP10856,odika.shanker32,0,0.0,0,0.0,False
EMP10530,indali.toor53,0,0.0,0,0.0,False
EMP11818,triveni.ranganathan7,0,0.0,0,0.0,False
EMP10049,luke.walia87,0,0.0,0,0.0,False
EMP10858,aditya.bhakta49,0,0.0,0,0.0,False
EMP10719,chanakya.taneja17,0,0.0,0,0.0,False
EMP12256,charvi.mannan37,0,0.0,0,0.0,False
EMP11366,jagat.mohanty55,0,0.0,0,0.0,False
EMP12318,jacob.karnik59,0,0.0,0,0.0,False
EMP12770,azad.ahluwalia77,0,0.0,0,0.0,False
EMP11559,girish.jayaraman91,0,0.0,0,0.0,False
EMP12194,waida.dyal18,0,0.0,0,0.0,False
EMP11374,vyanjana.ahuja87,0,0.0,0,0.0,False
EMP12593,rudra.madan20,0,0.0,0,0.0,False
EMP11321,arin.rattan45,0,0.0,0,0.0,False
EMP11068,yasti.swamy25,0,0.0,0,0.0,False
EMP11711,kai.chatterjee31,0,0.0,0,0.0,False
EMP12606,ishani.mitra6,0,0.0,0,0.0,False
EMP12711,Unknown,0,0.0,0,0.0,False
EMP11577,yashodhara_sen16,0,0.0,0,0.0,False
EMP10297,simon.dara84,1,100.0,2,0.88,True
EMP11269,ekavir.kalita10,0,0.0,0,0.0,False
EMP12111,chatresh.krish60,3,100.0,6,0.88,True
EMP10958,azaan.sampath86,0,0.0,0,0.0,False
EMP11263,anirudh.warrior56,0,0.0,0,0.0,False
EMP11288,urvashi.rege4,0,0.0,0,0.0,False
EMP10349,vedant.kashyap40,0,0.0,0,0.0,False
EMP11326,aarini.rajan41,0,0.0,0,0.0,False
EMP10643,abeer.lad5,0,0.0,0,0.0,False
EMP11330,vyanjana.chawla67,0,0.0,0,0.0,False
EMP12972,yadavi.taneja61,0,0.0,0,0.0,False
EMP11322,agastya.subramanian49,1,75.0,2,0.73,True
EMP11106,veer.batra88,0,0.0,0,0.0,False
EMP12213,vidhi.sabharwal85,0,0.0,0,0.0,False
EMP11123,samesh.tak93,1,100.0,2,0.88,True
EMP12447,umang.sharma23,0,0.0,0,0.0,False
EMP12410,samar.tank75,0,0.0,0,0.0,False
EMP11637,daniel.raj34,0,0.0,0,0.0,False
EMP10786,gavin.samra37,0,0.0,0,0.0,False
EMP12776,abeer.bhatt30,3,75.0,6,0.73,True
EMP10140,finn.gupta86,0,0.0,0,0.0,False
EMP10788,tarak.som54,0,0.0,0,0.0,False
EMP11949,nirja_munshi38,0,0.0,0,0.0,False
EMP12097,rachit.balan30,0,0.0,0,0.0,False
EMP10714,matthew.prabhu13,0,0.0,0,0.0,False
EMP11869,oni_varkey46,0,0.0,0,0.0,False
EMP11640,meghana.chana6,0,0.0,0,0.0,False
EMP11918,lekha.dhawan29,0,0.0,0,0.0,False
EMP12987,owen_vala92,0,0.0,0,0.0,False
EMP10618,yuvraj.ganesan68,0,0.0,0,0.0,False
EMP10406,vedhika.goda56,0,0.0,0,0.0,False
EMP11791,zehaan.comar63,0,0.0,0,0.0,False
EMP11226,tanveer.dugar93,3,75.0,6,0.73,True
EMP11146,tanay.halder50,0,0.0,0,0.0,False
EMP12275,indrajit.chander47,0,0.0,0,0.0,False
EMP12462,chavvi.prashad2,0,0.0,0,0.0,False
EMP10497,viraj.saha85,0,0.0,0,0.0,False
EMP10342,harita.bhasin77,0,0.0,0,0.0,False
EMP11957,noah.tailor28,0,0.0,0,0.0,False
EMP12338,geetika.biswas80,0,0.0,0,0.0,False
EMP10782,benjamin.sahota99,0,0.0,0,0.0,False
EMP11557,oscar.kari74,0,0.0,0,0.0,False
EMP10303,yashvi.more14,0,0.0,0,0.0,False
EMP11765,anirudh.shukla15,0,0.0,0,0.0,False
EMP10664,yauvani.bajwa71,0,0.0,0,0.0,False
EMP12243,pratyush.thaman21,0,0.0,0,0.0,False
EMP11551,pavani.choudhary20,0,0.0,0,0.0,False
EMP11797,chatura.rajagopalan46,0,0.0,0,0.0,False
EMP12858,devansh.sen33,1,100.0,2,0.88,True
EMP10084,pavani.mitter20,0,0.0,0,0.0,False
EMP12281,omkaar.mital79,0,0.0,0,0.0,False
EMP10941,tanveer.murty16,0,0.0,0,0.0,False
EMP10961,samar.deep47,0,0.0,0,0.0,False
EMP10841,luke.mohan55,0,0.0,0,0.0,False
EMP11562,upkaar.chaudhary2,0,0.0,0,0.0,False
EMP12847,faraj.shanker29,0,0.0,0,0.0,False
EMP12529,kala.arora16,0,0.0,0,0.0,False
EMP11352,umang.chaudry16,0,0.0,0,0.0,False
EMP10290,lakshit.sule41,0,0.0,0,0.0,False
EMP11907,wridesh.wable13,0,0.0,0,0.0,False
EMP11190,yuvraj.mistry78,3,75.0,6,0.73,True
EMP10604,Unknown,1,100.0,2,0.88,True
EMP12471,azad_bal82,0,0.0,0,0.0,False
EMP10916,chavvi.thaman9,0,0.0,0,0.0,False
EMP11569,lakshit_dutt68,0,0.0,0,0.0,False
EMP11740,faris.chowdhury96,0,0.0,0,0.0,False
EMP11099,aashi.kapadia1,0,0.0,0,0.0,False
EMP11088,mohini_kalla19,0,0.0,0,0.0,False
EMP12378,rachita.narayan1,0,0.0,0,0.0,False
EMP11377,yutika.sheth56,0,0.0,0,0.0,False
EMP10821,libni.aurora70,0,0.0,0,0.0,False
EMP12543,zayan.gole8,0,0.0,0,0.0,False
EMP11000,chanakya.bali26,0,0.0,0,0.0,False
EMP11427,niharika.murty3,1,75.0,2,0.73,True
EMP10018,orinder.bera98,0,0.0,0,0.0,False
EMP12575,nandini.kothari89,0,0.0,0,0.0,False
EMP11450,radha.bera98,0,0.0,0,0.0,False
EMP11746,nimrat.chhabra38,0,0.0,0,0.0,False
EMP11360,osha.dutta17,4,75.0,8,0.73,True
EMP11641,chakrika.garde44,0,0.0,0,0.0,False
EMP12785,Unknown,0,0.0,0,0.0,False
EMP11729,anvi.biswas59,0,0.0,0,0.0,False
EMP11582,aadi.bhasin11,0,0.0,0,0.0,False
EMP12083,mohini.minhas94,1,100.0,2,0.88,True
EMP12726,kamya.rana5,0,0.0,0,0.0,False
EMP12024,imaran.narasimhan79,0,0.0,0,0.0,False
EMP10360,nitara.bedi94,0,0.0,0,0.0,False
EMP12636,chandani.pant6,0,0.0,0,0.0,False
EMP11922,william.rajan75,0,0.0,0,0.0,False
EMP12992,sathvik.agrawal90,0,0.0,0,0.0,False
EMP11334,varsha.ramanathan85,0,0.0,0,0.0,False
EMP11670,vritti.badal80,0,0.0,0,0.0,False
EMP10344,frado.sheth77,0,0.0,0,0.0,False
EMP10986,raksha.sethi26,0,0.0,0,0.0,False
EMP12221,faris.shukla14,0,0.0,0,0.0,False
EMP12421,manan.savant11,0,0.0,0,0.0,False
EMP11410,yagnesh.jayaraman45,0,0.0,0,0.0,False
EMP12019,fariq.mammen10,0,0.0,0,0.0,False
EMP12983,vyanjana.gour79,0,0.0,0,0.0,False
EMP12287,vritti.rajagopalan54,0,0.0,0,0.0,False
EMP12460,reyansh.chana86,0,0.0,0,0.0,False
EMP10085,maya.gola80,1,75.0,2,0.73,True
EMP12129,praneel.raju81,0,0.0,0,0.0,False
EMP10668,Unknown,0,0.0,0,0.0,False
EMP11014,farhan.khanna40,0,0.0,0,0.0,False
EMP10128,adweta.bhagat28,0,0.0,0,0.0,False
EMP11993,yashodhara.baria35,0,0.0,0,0.0,False
EMP11229,aahana.rao53,0,0.0,0,0.0,False
EMP10891,eiravati.mahal58,0,0.0,0,0.0,False
EMP11937,omya.arya6,1,100.0,2,0.88,True
EMP10307,gavin.rama19,0,0.0,0,0.0,False
EMP10383,krishna.oak8,0,0.0,0,0.0,False
EMP11952,kavya.char72,0,0.0,0,0.0,False
EMP11208,utkarsh.tata53,0,0.0,0,0.0,False
EMP10426,banjeet.mishra77,1,75.0,2,0.73,True
EMP10494,anvi_chakrabarti53,0,0.0,0,0.0,False
EMP11671,viraj.chaudhuri89,0,0.0,0,0.0,False
EMP12506,tanveer.sachdev72,0,0.0,0,0.0,False
EMP12629,wahab.gupta10,0,0.0,0,0.0,False
EMP11337,siddharth.brahmbhatt93,0,0.0,0,0.0,False
EMP11385,dalaja.bakshi40,0,0.0,0,0.0,False
EMP10275,ira.ravi81,0,0.0,0,0.0,False
EMP10489,henry.ganesan99,0,0.0,0,0.0,False
EMP11578,henry.sami6,0,0.0,0,0.0,False
EMP10690,umang.sahni49,0,0.0,0,0.0,False
EMP11402,gagan.devan62,0,0.0,0,0.0,False
EMP12630,darpan.kadakia49,0,0.0,0,0.0,False
EMP11273,krisha.natarajan39,0,0.0,0,0.0,False
EMP12273,ekaraj.kumar45,0,0.0,0,0.0,False
EMP12691,meera.hora64,0,0.0,0,0.0,False
EMP11058,Unknown,0,0.0,0,0.0,False
EMP10118,sneha.prakash29,0,0.0,0,0.0,False
EMP11024,ubika.koshy18,0,0.0,0,0.0,False
EMP11423,krishna.sama90,0,0.0,0,0.0,False
EMP10281,wazir.tak22,0,0.0,0,0.0,False
EMP12681,abha.borah44,0,0.0,0,0.0,False
EMP12407,chavvi_chakrabarti3,1,100.0,2,0.88,True
EMP10968,raksha.johal11,0,0.0,0,0.0,False
EMP11231,raagini.bail16,0,0.0,0,0.0,False
EMP11660,naksh.ramachandran75,0,0.0,0,0.0,False
EMP11709,bhavna.patel98,0,0.0,0,0.0,False
EMP10155,qabil.chanda52,0,0.0,0,0.0,False
EMP10304,tanay.bandi97,0,0.0,0,0.0,False
EMP11963,sanya.ram80,0,0.0,0,0.0,False
EMP11448,aishani.mandal32,0,0.0,0,0.0,False
EMP11610,daksh.dhar53,0,0.0,0,0.0,False
EMP12308,omaja.bhalla35,0,0.0,0,0.0,False
EMP11457,noah.sood63,0,0.0,0,0.0,False
EMP10575,mahika_choudhary53,0,0.0,0,0.0,False
EMP11991,harsh.talwar88,0,0.0,0,0.0,False
EMP12651,aishani.pillai56,0,0.0,0,0.0,False
EMP12704,vedhika.khatri69,1,100.0,2,0.88,True
EMP12188,sai.puri51,0,0.0,0,0.0,False
EMP11264,nitesh.dugar74,0,0.0,0,0.0,False
EMP10843,amol.dayal53,0,0.0,0,0.0,False
EMP11344,zayyan.krishnan75,0,0.0,0,0.0,False
EMP10269,alexander.sachar64,0,0.0,0,0.0,False
EMP10629,ojasvi.majumdar45,0,0.0,0,0.0,False
EMP11033,ayushman.andra77,0,0.0,0,0.0,False
EMP10286,hamsini.bandi7,0,0.0,0,0.0,False
EMP12279,fiyaz.talwar66,0,0.0,0,0.0,False
EMP10300,adweta.kaur27,0,0.0,0,0.0,False
EMP12248,darsh.choudhry88,0,0.0,0,0.0,False
EMP11929,jagat_gulati29,1,75.0,2,0.73,True
EMP11979,noah_dhar52,0,0.0,0,0.0,False
EMP10065,chandresh_prashad29,0,0.0,0,0.0,False
EMP12288,vasatika.ravi8,0,0.0,0,0.0,False
EMP10890,utkarsh.mand24,0,0.0,0,0.0,False
EMP11882,sai.garde41,0,0.0,0,0.0,False
EMP12841,ekavir.menon22,0,0.0,0,0.0,False
EMP11898,hemani.dada38,0,0.0,0,0.0,False
EMP10230,sarthak.rajagopalan99,0,0.0,0,0.0,False
EMP10503,girish.dyal84,0,0.0,0,0.0,False
EMP11399,rehaan.trivedi61,0,0.0,0,0.0,False
EMP11442,reyansh.keer59,0,0.0,0,0.0,False
EMP11602,ekavir_nigam18,0,0.0,0,0.0,False
EMP11313,gautami.sodhi74,1,75.0,2,0.73,True
EMP11004,yamini.baral97,0,0.0,0,0.0,False
EMP10836,mahika.dube81,0,0.0,0,0.0,False
EMP12093,aadhya.bahri88,0,0.0,0,0.0,False
EMP10374,hemani_venkataraman88,0,0.0,0,0.0,False
EMP11336,darpan.batra94,0,0.0,0,0.0,False
EMP12177,Unknown,0,0.0,0,0.0,False
EMP11902,Unknown,0,0.0,0,0.0,False
EMP11921,warda.bhatt30,0,0.0,0,0.0,False
EMP12755,wriddhish_barad18,0,0.0,0,0.0,False
EMP10751,robert.cherian10,0,0.0,0,0.0,False
EMP10099,dev.kanda57,0,0.0,0,0.0,False
EMP11835,yashoda.nair8,0,0.0,0,0.0,False
EMP10866,ayush.sami8,0,0.0,0,0.0,False
EMP10910,arya.srivastava79,0,0.0,0,0.0,False
EMP11411,zaid.raval52,4,100.0,10,0.92,True
EMP10529,gagan.dyal1,0,0.0,0,0.0,False
EMP10636,udyati.dubey36,0,0.0,0,0.0,False
EMP10185,ojasvi.char85,0,0.0,0,0.0,False
EMP11271,krishna.hayre68,0,0.0,0,0.0,False
EMP11498,lakshmi.biswas36,0,0.0,0,0.0,False
EMP10931,sanaya.chaudhary66,0,0.0,0,0.0,False
EMP12115,omaja.peri26,0,0.0,0,0.0,False
EMP12367,rushil_contractor40,0,0.0,0,0.0,False
EMP11808,qasim.balasubramanian51,0,0.0,0,0.0,False
EMP12473,anmol.bajwa13,0,0.0,0,0.0,False
EMP12134,ayush.mital70,0,0.0,0,0.0,False
EMP10607,atharv.saran18,0,0.0,0,0.0,False
EMP12900,jai.bora58,0,0.0,0,0.0,False
EMP10151,anmol.shroff99,0,0.0,0,0.0,False
EMP11694,abhiram.badal81,0,0.0,0,0.0,False
EMP12210,sarthak.dhillon72,0,0.0,0,0.0,False
EMP10731,charles.dash57,0,0.0,0,0.0,False
EMP11429,peter_agarwal6,0,0.0,0,0.0,False
EMP12719,hamsini.dhar94,0,0.0,0,0.0,False
EMP12812,abdul.shankar63,0,0.0,0,0.0,False
EMP10023,tara.talwar25,0,0.0,0,0.0,False
EMP11770,pranit.goel51,0,0.0,0,0.0,False
EMP10158,tristan.subramaniam10,0,0.0,0,0.0,False
EMP10861,gagan.gandhi59,0,0.0,0,0.0,False
EMP10902,meghana.wali56,0,0.0,0,0.0,False
EMP12241,charvi.khare49,0,0.0,0,0.0,False
EMP11230,urishilla.dewan82,0,0.0,0,0.0,False
EMP12325,Unknown,0,0.0,0,0.0,False
EMP10444,vedika.krishnamurthy18,0,0.0,0,0.0,False
EMP10754,ekalinga.keer78,1,100.0,2,0.88,True
EMP10923,aryan_pillay15,0,0.0,0,0.0,False
EMP12001,naksh.virk96,0,0.0,0,0.0,False
EMP10311,lakshmi.golla58,0,0.0,0,0.0,False
EMP10548,prisha.bhattacharyya32,0,0.0,0,0.0,False
EMP11552,dalbir.sharaf34,0,0.0,0,0.0,False
EMP10306,saanvi.loke20,0,0.0,0,0.0,False
EMP10287,edhitha.muni51,0,0.0,0,0.0,False
EMP10694,Unknown,0,0.0,0,0.0,False
EMP10308,teerth.seshadri93,0,0.0,0,0.0,False
EMP12392,jagvi.baral41,0,0.0,0,0.0,False
EMP10749,madhav.khosla93,0,0.0,0,0.0,False
EMP11803,yashawini.salvi36,0,0.0,0,0.0,False
EMP11978,krishna.prashad38,0,0.0,0,0.0,False
EMP11614,lucky.goda58,0,0.0,0,0.0,False
EMP10908,bhavya.shah29,0,0.0,0,0.0,False
EMP12402,oni.mander24,0,0.0,0,0.0,False
EMP12452,hritik.raman63,0,0.0,0,0.0,False
EMP11370,eiravati.devi70,0,0.0,0,0.0,False
EMP12570,ekiya.dube95,0,0.0,0,0.0,False
EMP10970,geetika.palla32,0,0.0,0,0.0,False
EMP10013,azaan.bhagat20,0,0.0,0,0.0,False
EMP10873,jack.kamdar91,0,0.0,0,0.0,False
EMP10808,chakrika.wable69,0,0.0,0,0.0,False
EMP12657,gagan.boase71,0,0.0,0,0.0,False
EMP10514,Unknown,0,0.0,0,0.0,False
EMP12486,charvi_om72,0,0.0,0,0.0,False
EMP10409,nihal.balasubramanian98,0,0.0,0,0.0,False
EMP11455,leena_hayer23,0,0.0,0,0.0,False
EMP12765,zayyan.chatterjee30,0,0.0,0,0.0,False
EMP11397,kalpit.palla51,0,0.0,0,0.0,False
EMP11862,Unknown,0,0.0,0,0.0,False
EMP12215,osha.butala17,0,0.0,0,0.0,False
EMP11805,liam.sarma22,0,0.0,0,0.0,False
EMP10382,janani.deep4,0,0.0,0,0.0,False
EMP11677,sachi.bains24,0,0.0,0,0.0,False
EMP12953,qadim.saxena42,0,0.0,0,0.0,False
EMP11506,charvi.bera96,0,0.0,0,0.0,False
EMP12269,eesha_pant59,0,0.0,0,0.0,False
EMP11446,mekhala.varughese7,0,0.0,0,0.0,False
EMP10552,xalak.tiwari59,0,0.0,0,0.0,False
EMP10222,sachi.bhargava76,0,0.0,0,0.0,False
EMP11096,aishani.madan27,0,0.0,0,0.0,False
EMP12677,vincent.hayre30,0,0.0,0,0.0,False
EMP10008,wakeeta.joshi82,0,0.0,0,0.0,False
EMP11575,suhani.gupta20,0,0.0,0,0.0,False
EMP10316,keya.basu50,0,0.0,0,0.0,False
EMP10427,mahika.sura52,0,0.0,0,0.0,False
EMP12167,isaiah.salvi78,0,0.0,0,0.0,False
EMP10105,quincy.kunda53,0,0.0,0,0.0,False
EMP11476,chameli.bajwa81,0,0.0,0,0.0,False
EMP10142,wishi.balay53,0,0.0,0,0.0,False
EMP10121,mason.sarna33,0,0.0,0,0.0,False
EMP12443,chanakya.raj3,0,0.0,0,0.0,False
EMP12951,urvi.golla88,0,0.0,0,0.0,False
EMP11189,kai.chhabra30,0,0.0,0,0.0,False
EMP12023,balveer.babu77,0,0.0,0,0.0,False
EMP12679,eiravati.venkatesh64,0,0.0,0,0.0,False
EMP11459,yagnesh.solanki69,0,0.0,0,0.0,False
EMP10115,anay.prabhu39,0,0.0,0,0.0,False
EMP12102,gaurang.cheema44,0,0.0,0,0.0,False
EMP11611,sara.ganesh12,1,100.0,2,0.88,True
EMP12211,samar.bal73,0,0.0,0,0.0,False
EMP12882,hemangini.dhaliwal99,0,0.0,0,0.0,False
EMP12144,krishna_gala53,1,75.0,2,0.73,True
EMP11703,jagdish.mammen94,0,0.0,0,0.0,False
EMP11913,darpan.randhawa69,0,0.0,0,0.0,False
EMP10672,leena.kale20,0,0.0,0,0.0,False
EMP12786,Unknown,0,0.0,0,0.0,False
EMP11737,fitan.rana52,0,0.0,0,0.0,False
EMP11616,arunima.sampath73,0,0.0,0,0.0,False
EMP10591,fariq.chhabra6,0,0.0,0,0.0,False
EMP12800,pooja.sani57,0,0.0,0,0.0,False
EMP10888,vedant.parmer66,1,75.0,2,0.73,True
EMP11868,jagvi.acharya69,0,0.0,0,0.0,False
EMP11779,hardik.pathak18,0,0.0,0,0.0,False
EMP11972,yochana.vyas99,0,0.0,0,0.0,False
EMP10213,darpan.tripathi54,0,0.0,0,0.0,False
EMP10778,gaurang.de59,0,0.0,0,0.0,False
EMP11777,anusha.contractor42,0,0.0,0,0.0,False
EMP10800,naveen.bains15,0,0.0,0,0.0,False
EMP11732,andrew.tiwari53,0,0.0,0,0.0,False
EMP12355,jai.sehgal30,0,0.0,0,0.0,False
EMP12744,wakeeta.dubey69,0,0.0,0,0.0,False
EMP12794,Unknown,0,0.0,0,0.0,False
EMP11343,sanaya.dara84,0,0.0,0,0.0,False
EMP10273,reva.parsa46,0,0.0,0,0.0,False
EMP10071,ronith.varkey59,0,0.0,0,0.0,False
EMP12276,dev.munshi71,0,0.0,0,0.0,False
EMP11087,Unknown,0,0.0,0,0.0,False
EMP10394,kiaan.suri21,0,0.0,0,0.0,False
EMP10583,peter.johal99,0,0.0,0,0.0,False
EMP12080,ojas.bala91,0,0.0,0,0.0,False
EMP12961,chatura.char56,0,0.0,0,0.0,False
EMP10500,irya.prakash40,0,0.0,0,0.0,False
EMP12098,caleb.pandit47,1,75.0,2,0.73,True
EMP12291,bina.sem68,0,0.0,0,0.0,False
EMP12823,harinakshi.badami29,0,0.0,0,0.0,False
EMP11567,hardik.kata71,0,0.0,0,0.0,False
EMP11259,kashish.chaudhari74,0,0.0,0,0.0,False
EMP11714,ekaraj.nagar7,0,0.0,0,0.0,False
EMP12091,chakrika.mittal44,0,0.0,0,0.0,False
EMP10205,ekapad.chacko29,0,0.0,0,0.0,False
EMP10733,vivaan.choudhry44,0,0.0,0,0.0,False
EMP11867,balveer.bandi35,0,0.0,0,0.0,False
EMP10526,tanveer.reddy70,0,0.0,0,0.0,False
EMP11467,balhaar.chahal52,0,0.0,0,0.0,False
EMP10898,udyati.sagar51,0,0.0,0,0.0,False
EMP10377,Unknown,0,0.0,0,0.0,False
EMP12428,mekhala.devan19,0,0.0,0,0.0,False
EMP12764,urmi.dey32,0,0.0,0,0.0,False
EMP12870,yochana_goda80,0,0.0,0,0.0,False
EMP10386,ikshita.bains18,0,0.0,0,0.0,False
EMP10198,ansh.barad37,0,0.0,0,0.0,False
EMP11050,radhika.uppal16,0,0.0,0,0.0,False
EMP10590,aarav.rajagopalan83,0,0.0,0,0.0,False
EMP10519,joshua.modi3,0,0.0,0,0.0,False
EMP12087,faqid.shukla15,0,0.0,0,0.0,False
EMP12107,dalbir_kale66,0,0.0,0,0.0,False
EMP10429,dominic.sood93,1,75.0,2,0.73,True
EMP11083,dipta.muni23,0,0.0,0,0.0,False
EMP10207,tanveer.dutt80,0,0.0,0,0.0,False
EMP10491,lekha.wadhwa81,0,0.0,0,0.0,False
EMP11425,hemang.desai79,0,0.0,0,0.0,False
EMP12998,aryan.talwar5,0,0.0,0,0.0,False
EMP10792,zayan.khanna77,0,0.0,0,0.0,False
EMP12618,mohini.kaul61,0,0.0,0,0.0,False
EMP11186,christopher.chaudhary51,0,0.0,0,0.0,False
EMP11185,abhiram.iyengar62,0,0.0,0,0.0,False
EMP12344,keya.khatri85,0,0.0,0,0.0,False
EMP11432,vasudha.dass81,0,0.0,0,0.0,False
EMP12739,manan.choudhary21,0,0.0,0,0.0,False
EMP10083,hemang.pingle33,0,0.0,0,0.0,False
EMP12441,varenya.gala92,0,0.0,0,0.0,False
EMP12641,christopher.sandhu42,0,0.0,0,0.0,False
EMP10020,pranit.raja29,0,0.0,0,0.0,False
EMP12643,yash.madan58,0,0.0,0,0.0,False
EMP12821,nicholas.thakur60,0,0.0,0,0.0,False
EMP11405,yug.modi93,0,0.0,0,0.0,False
EMP12058,girindra.goyal89,0,0.0,0,0.0,False
EMP12775,azad.dara84,0,0.0,0,0.0,False
EMP12057,orinder.sachdev68,0,0.0,0,0.0,False
EMP10973,varenya.wali14,0,0.0,0,0.0,False
EMP12874,dayita.kannan36,0,0.0,0,0.0,False
EMP10883,daniel.rattan78,0,0.0,0,0.0,False
EMP11098,rajeshri_uppal5,0,0.0,0,0.0,False
EMP10156,laban.muni15,0,0.0,0,0.0,False
EMP12348,indrajit.sangha86,0,0.0,0,0.0,False
EMP10886,veda_dani92,0,0.0,0,0.0,False
EMP12477,mitali.madan32,0,0.0,0,0.0,False
EMP12979,megha.sant38,0,0.0,0,0.0,False
EMP12554,shivansh.bail27,0,0.0,0,0.0,False
EMP11596,avi.kant18,0,0.0,0,0.0,False
EMP11945,ira.shukla68,0,0.0,0,0.0,False
EMP12339,neel.kade32,0,0.0,0,0.0,False
EMP12730,maya.bava52,0,0.0,0,0.0,False
EMP10458,christopher.khanna72,0,0.0,0,0.0,False
EMP12016,darsh.deshpande19,0,0.0,0,0.0,False
EMP10078,dakshesh_joshi90,0,0.0,0,0.0,False
EMP11056,yashoda_chada85,0,0.0,0,0.0,False
EMP10906,libni.dave64,0,0.0,0,0.0,False
EMP12282,chaitaly.prashad36,0,0.0,0,0.0,False
EMP12778,Unknown,0,0.0,0,0.0,False
EMP10380,thomas.barad31,0,0.0,0,0.0,False
EMP10947,vansha.choudhury76,0,0.0,0,0.0,False
EMP12148,ridhi.kota93,0,0.0,0,0.0,False
EMP12768,harita.divan53,0,0.0,0,0.0,False
EMP10715,forum.vyas33,0,0.0,0,0.0,False
EMP12037,aayush.sha44,1,100.0,2,0.88,True
EMP10686,rajeshri.shah80,0,0.0,0,0.0,False
EMP12644,yashvi.chatterjee62,0,0.0,0,0.0,False
EMP11293,upasna.gade39,0,0.0,0,0.0,False
EMP10305,raagini.naidu75,0,0.0,0,0.0,False
EMP10209,anirudh.kaul39,0,0.0,0,0.0,False
EMP11584,indali.walla86,0,0.0,0,0.0,False
EMP12289,ryan.warrior13,0,0.0,0,0.0,False
EMP10885,tara.dash81,0,0.0,0,0.0,False
EMP11739,edhitha.bala97,0,0.0,0,0.0,False
EMP10917,abha.chaudhary85,0,0.0,0,0.0,False
EMP11775,harita.padmanabhan74,0,0.0,0,0.0,False
EMP11769,jeremiah.sastry53,0,0.0,0,0.0,False
EMP10191,banjeet.baral14,0,0.0,0,0.0,False
EMP11860,gautami.johal58,0,0.0,0,0.0,False
EMP12103,Unknown,0,0.0,0,0.0,False
EMP11265,gayathri.mangal51,0,0.0,0,0.0,False
EMP10483,theodore.oommen1,0,0.0,0,0.0,False
EMP10915,daksh.chaudhry59,0,0.0,0,0.0,False
EMP12678,aadhya.saraf43,0,0.0,0,0.0,False
EMP10277,januja.gera68,0,0.0,0,0.0,False
EMP10988,kalpit_savant15,0,0.0,0,0.0,False
EMP11697,gautami.batra90,0,0.0,0,0.0,False
EMP12018,darpan.koshy47,0,0.0,0,0.0,False
EMP12950,idika.dhawan31,0,0.0,0,0.0,False
EMP10571,amol.saran73,0,0.0,0,0.0,False
EMP11435,kalpit.das34,0,0.0,0,0.0,False
EMP10993,bhanumati.raja48,0,0.0,0,0.0,False
EMP11497,naveen.dubey63,0,0.0,0,0.0,False
EMP11494,zayan.kakar93,0,0.0,0,0.0,False
EMP10585,jagdish.reddy67,0,0.0,0,0.0,False
EMP11748,nicholas.aggarwal55,0,0.0,0,0.0,False
EMP11349,widisha.basak76,0,0.0,0,0.0,False
EMP11007,pushti.bhatia89,1,100.0,2,0.88,True
EMP10674,tripti.iyengar15,0,0.0,0,0.0,False
EMP11832,chakradev.vyas39,0,0.0,0,0.0,False
EMP10855,manthan.peri83,0,0.0,0,0.0,False
EMP10447,tristan_nazareth15,0,0.0,0,0.0,False
EMP11776,amrita.hayer9,0,0.0,0,0.0,False
EMP11723,yashica.pandey33,0,0.0,0,0.0,False
EMP12330,yochana.pai61,0,0.0,0,0.0,False
EMP12757,ishita_bhatt24,0,0.0,0,0.0,False
EMP12457,yashawini.chawla66,0,0.0,0,0.0,False
EMP12503,gautam.sastry56,0,0.0,0,0.0,False
EMP12753,tejas.swamy73,0,0.0,0,0.0,False
EMP11247,riya.khare41,0,0.0,0,0.0,False
EMP10294,ekavir.natarajan35,0,0.0,0,0.0,False
EMP10588,gaurav.kibe32,0,0.0,0,0.0,False
EMP11281,amol.talwar85,0,0.0,0,0.0,False
EMP11518,vyanjana.chopra88,0,0.0,0,0.0,False
EMP12183,faris.rama22,0,0.0,0,0.0,False
EMP12244,ekiya_andra99,0,0.0,0,0.0,False
EMP12982,ekavir.karan53,0,0.0,0,0.0,False
EMP11417,faris.agarwal50,0,0.0,0,0.0,False
EMP10425,shivani.bajaj36,0,0.0,0,0.0,False
EMP10534,liam.sidhu21,0,0.0,0,0.0,False
EMP11054,leela.gill21,0,0.0,0,0.0,False
EMP12375,benjamin.sama73,0,0.0,0,0.0,False
EMP12581,sai.sani51,0,0.0,0,0.0,False
EMP11840,triya.singh47,0,0.0,0,0.0,False
EMP10132,eiravati.prabhu70,0,0.0,0,0.0,False
EMP11956,damini.loke16,0,0.0,0,0.0,False
EMP12602,anmol.solanki37,0,0.0,0,0.0,False
EMP10421,omya.tailor99,0,0.0,0,0.0,False
EMP12740,jasmit_madan30,0,0.0,0,0.0,False
EMP12104,ikbal.dewan73,0,0.0,0,0.0,False
EMP12508,yashica.kumer96,0,0.0,0,0.0,False
EMP11368,hardik.sundaram36,0,0.0,0,0.0,False
EMP10556,laksh.bala93,0,0.0,0,0.0,False
EMP12108,yug.rajan98,0,0.0,0,0.0,False
EMP12761,yagnesh.agrawal38,1,100.0,2,0.88,True
EMP10570,lila.rajagopalan71,1,100.0,2,0.88,True
EMP10352,anya.bahl99,0,0.0,0,0.0,False
EMP10091,aishani.parmer57,0,0.0,0,0.0,False
EMP12189,Unknown,0,0.0,0,0.0,False
EMP12611,zaid.mangat27,0,0.0,0,0.0,False
EMP11170,upasna.kuruvilla64,1,75.0,2,0.73,True
EMP11588,ati.choudhury94,0,0.0,0,0.0,False
EMP11285,azad.joshi75,0,0.0,0,0.0,False
EMP11813,aarush.krishna22,0,0.0,0,0.0,False
EMP11565,aadi.arya44,0,0.0,0,0.0,False
EMP11543,aarini.chandran27,1,75.0,2,0.73,True
EMP11576,timothy.maharaj40,0,0.0,0,0.0,False
EMP10697,omisha.suri10,0,0.0,0,0.0,False
EMP12583,pallavi_dhingra3,0,0.0,0,0.0,False
EMP10348,nirja.wable20,0,0.0,0,0.0,False
EMP12008,neel.balay38,0,0.0,0,0.0,False
EMP12418,warda.dua80,9,90.0,19,0.77,True
EMP12505,radhika.bath93,4,75.0,8,0.73,True
EMP12236,faris.garde11,0,0.0,0,0.0,False
EMP11137,shivani.deol7,0,0.0,0,0.0,False
EMP12043,wakeeta.nigam43,0,0.0,0,0.0,False
EMP12752,balendra.chander68,0,0.0,0,0.0,False
EMP12921,kashvi.vala58,0,0.0,0,0.0,False
EMP12905,zayan.narayan72,0,0.0,0,0.0,False
EMP11339,mitesh.koshy47,0,0.0,0,0.0,False
EMP12566,Unknown,0,0.0,0,0.0,False
EMP10453,pranit.sastry21,0,0.0,0,0.0,False
EMP10913,tanay.bains1,0,0.0,0,0.0,False
EMP11199,ikshita.mital60,0,0.0,0,0.0,False
EMP11274,Unknown,0,0.0,0,0.0,False
EMP12845,gaurika.tandon2,0,0.0,0,0.0,False
EMP10037,bhavani.karan34,0,0.0,0,0.0,False
EMP10974,laksh.dani30,0,0.0,0,0.0,False
EMP12854,vaishnavi.wali56,0,0.0,0,0.0,False
EMP10983,meghana.mani6,0,0.0,0,0.0,False
EMP12938,ojasvi_gade59,0,0.0,0,0.0,False
EMP12516,dakshesh.agate15,1,75.0,2,0.73,True
EMP11418,Unknown,0,0.0,0,0.0,False
EMP11284,charvi.dyal13,0,0.0,0,0.0,False
EMP11752,nachiket.singh59,0,0.0,0,0.0,False
EMP10039,janya.tella10,0,0.0,0,0.0,False
EMP11486,ethan.mukherjee77,0,0.0,0,0.0,False
EMP12003,nitara.bhargava30,0,0.0,0,0.0,False
EMP10169,anirudh.rai28,0,0.0,0,0.0,False
EMP11355,finn.bahl84,0,0.0,0,0.0,False
EMP10737,ayaan.mangat29,0,0.0,0,0.0,False
EMP11656,qabil.sastry23,0,0.0,0,0.0,False
EMP12782,harsh.patla58,0,0.0,0,0.0,False
EMP11564,ikbal.bumb44,0,0.0,0,0.0,False
EMP12223,nidra.bhagat91,0,0.0,0,0.0,False
EMP10634,utkarsh.murty19,0,0.0,0,0.0,False
EMP12925,isha.gokhale21,0,0.0,0,0.0,False
EMP12042,nikita.gala74,0,0.0,0,0.0,False
EMP11290,ati.patla67,0,0.0,0,0.0,False
EMP11380,chakrika.sehgal29,0,0.0,0,0.0,False
EMP10579,ekta.edwin69,0,0.0,0,0.0,False
EMP10328,radha.sidhu98,0,0.0,0,0.0,False
EMP12732,zehaan.dar65,0,0.0,0,0.0,False
EMP10892,Unknown,0,0.0,0,0.0,False
EMP12178,orinder.gera82,0,0.0,0,0.0,False
EMP10780,vrinda.guha94,0,0.0,0,0.0,False
EMP10159,dayita_kant42,0,0.0,0,0.0,False
EMP11651,ethan.bhattacharyya54,0,0.0,0,0.0,False
EMP11807,waida.rai24,0,0.0,0,0.0,False
EMP12396,tanay.dani38,0,0.0,0,0.0,False
EMP10061,bahadurjit.mishra54,0,0.0,0,0.0,False
EMP10849,widisha.konda86,1,100.0,2,0.88,True
EMP12196,vedika_loke72,0,0.0,0,0.0,False
EMP12978,ria.thakkar89,0,0.0,0,0.0,False
EMP11716,samaksh.buch64,0,0.0,0,0.0,False
EMP11043,tripti.johal40,0,0.0,0,0.0,False
EMP12930,harsh.lall96,0,0.0,0,0.0,False
EMP11544,gautam.thakur16,0,0.0,0,0.0,False
EMP12816,umang.sidhu48,0,0.0,0,0.0,False
EMP11726,leena.virk4,0,0.0,0,0.0,False
EMP11070,megha.arya94,0,0.0,0,0.0,False
EMP10053,yashodhara.arora79,0,0.0,0,0.0,False
EMP12517,nakul.dave66,0,0.0,0,0.0,False
EMP10258,qasim.mittal91,0,0.0,0,0.0,False
EMP10505,agastya.pai92,0,0.0,0,0.0,False
EMP10752,samuel.sarkar48,0,0.0,0,0.0,False
EMP12084,vasudha.tata96,0,0.0,0,0.0,False
EMP10217,balvan.shere52,0,0.0,0,0.0,False
EMP10824,atharv.keer85,1,75.0,2,0.73,True
EMP11623,edhitha.khatri73,0,0.0,0,0.0,False
EMP12345,edhitha.dugal87,1,100.0,2,0.88,True
EMP11389,aadhya.uppal43,0,0.0,0,0.0,False
EMP11266,barkha.sahota45,0,0.0,0,0.0,False
EMP12540,kashvi_gulati39,0,0.0,0,0.0,False
EMP11822,chatresh.cheema43,0,0.0,0,0.0,False
EMP11598,megha_shetty89,0,0.0,0,0.0,False
EMP11607,shivansh.chaudhry63,0,0.0,0,0.0,False
EMP11747,darpan.sibal55,0,0.0,0,0.0,False
EMP10771,wriddhish.sachar57,0,0.0,0,0.0,False
EMP12887,gautam.ganguly1,0,0.0,0,0.0,False
EMP11871,vedant.kar97,0,0.0,0,0.0,False
EMP11085,finn.kurian25,0,0.0,0,0.0,False
EMP11325,vaishnavi.barad69,0,0.0,0,0.0,False
EMP12186,yashvi.vasa30,0,0.0,0,0.0,False
EMP12875,darika_wali54,0,0.0,0,0.0,False
EMP11825,dipta.bala82,0,0.0,0,0.0,False
EMP11754,girindra.uppal4,0,0.0,0,0.0,False
EMP11789,Unknown,0,0.0,0,0.0,False
EMP11987,madhav.samra18,0,0.0,0,0.0,False
EMP12662,charles.padmanabhan1,0,0.0,0,0.0,False
EMP11163,chameli.srinivas29,0,0.0,0,0.0,False
EMP10963,yash_boase95,0,0.0,0,0.0,False
EMP12988,zinal.munshi37,0,0.0,0,0.0,False
EMP11771,gopal.walia83,0,0.0,0,0.0,False
EMP10398,lila.mall81,0,0.0,0,0.0,False
EMP10584,rishi.suresh27,0,0.0,0,0.0,False
EMP10948,yamini.dubey62,0,0.0,0,0.0,False
EMP10704,pavani.wali74,0,0.0,0,0.0,False
EMP10431,girik.salvi82,0,0.0,0,0.0,False
EMP10292,falguni.rajan71,1,100.0,2,0.88,True
EMP10145,abhimanyu.dass89,0,0.0,0,0.0,False
EMP10323,mohini.dani84,0,0.0,0,0.0,False
EMP12175,ira.kaul35,0,0.0,0,0.0,False
EMP11165,balhaar.thakkar24,0,0.0,0,0.0,False
EMP11452,bhanumati.anand48,0,0.0,0,0.0,False
EMP10002,xalak.tiwari72,0,0.0,0,0.0,False
EMP10576,nicholas.gola29,0,0.0,0,0.0,False
EMP12372,chavvi.dey98,1,75.0,2,0.73,True
EMP10339,amara.mitter83,0,0.0,0,0.0,False
EMP11897,bimala.khosla56,0,0.0,0,0.0,False
EMP12140,neelima.koshy46,0,0.0,0,0.0,False
EMP10925,ranveer.kapadia75,0,0.0,0,0.0,False
EMP10265,netra.wali12,0,0.0,0,0.0,False
EMP10376,bhanumati.chandran62,0,0.0,0,0.0,False
EMP11983,timothy.korpal25,0,0.0,0,0.0,False
EMP11463,widisha.hari94,0,0.0,0,0.0,False
EMP10271,Unknown,0,0.0,0,0.0,False
EMP10696,george_krishnamurthy72,0,0.0,0,0.0,False
EMP10244,bishakha.chopra60,0,0.0,0,0.0,False
EMP12898,unnati.kaur19,0,0.0,0,0.0,False
EMP10476,jason.parmar97,0,0.0,0,0.0,False
EMP11804,tarak.hegde80,0,0.0,0,0.0,False
EMP12116,saanvi.konda9,0,0.0,0,0.0,False
EMP12314,urmi.gandhi15,0,0.0,0,0.0,False
EMP11812,zinal.varty46,0,0.0,0,0.0,False
EMP12615,omkaar.upadhyay44,0,0.0,0,0.0,False
EMP12868,jason.goda96,0,0.0,0,0.0,False
EMP12069,rishi.thaker79,0,0.0,0,0.0,False
EMP10250,vritti_bhalla72,0,0.0,0,0.0,False
EMP10413,rushil.sunder88,0,0.0,0,0.0,False
EMP10545,Unknown,0,0.0,0,0.0,False
EMP11193,nikita.rao21,0,0.0,0,0.0,False
EMP10738,wazir.parsa74,0,0.0,0,0.0,False
EMP10310,gabriel.trivedi30,0,0.0,0,0.0,False
EMP11798,jack.madan88,0,0.0,0,0.0,False
EMP10893,yash.sawhney59,0,0.0,0,0.0,False
EMP11131,nilima.gour98,0,0.0,0,0.0,False
EMP11449,geetika.gaba88,0,0.0,0,0.0,False
EMP12993,omaja.mann4,0,0.0,0,0.0,False
EMP10015,isaiah.swaminathan1,0,0.0,0,0.0,False
EMP10721,chameli.rama10,0,0.0,0,0.0,False
EMP11420,ayush.yogi99,0,0.0,0,0.0,False
EMP12715,arin.sant37,0,0.0,0,0.0,False
EMP10981,jasmit.apte26,0,0.0,0,0.0,False
EMP12184,manan_sharaf61,0,0.0,0,0.0,False
EMP11539,aradhana.korpal74,0,0.0,0,0.0,False
EMP12608,nimrat.natt68,0,0.0,0,0.0,False
EMP11550,Unknown,0,0.0,0,0.0,False
EMP12495,chandani.jain37,0,0.0,0,0.0,False
EMP10363,chatura.krishnan67,0,0.0,0,0.0,False
EMP10982,eta.aurora77,0,0.0,0,0.0,False
EMP10182,gagan.edwin92,0,0.0,0,0.0,False
EMP10985,maanas.nori15,1,75.0,2,0.73,True
EMP12089,Unknown,0,0.0,0,0.0,False
EMP11194,shivani.pal34,0,0.0,0,0.0,False
EMP12797,idika.badal3,0,0.0,0,0.0,False
EMP11784,nandini.rajan36,0,0.0,0,0.0,False
EMP11121,divya.narain73,1,100.0,2,0.88,True
EMP10187,samar.khare6,0,0.0,0,0.0,False
EMP10619,qabil.dhaliwal53,0,0.0,0,0.0,False
EMP12329,sara.puri61,0,0.0,0,0.0,False
EMP11175,david.jayaraman10,0,0.0,0,0.0,False
EMP11182,ethan.madan49,0,0.0,0,0.0,False
EMP12456,ira.shroff38,0,0.0,0,0.0,False
EMP12268,Unknown,0,0.0,0,0.0,False
EMP10614,radha.dash90,0,0.0,0,0.0,False
EMP11513,vedika.mandal79,0,0.0,0,0.0,False
EMP11466,eta.bajwa82,0,0.0,0,0.0,False
EMP10401,bhavna.sandal34,0,0.0,0,0.0,False
EMP10994,gaurav.konda64,0,0.0,0,0.0,False
EMP10934,triveni.kohli19,0,0.0,0,0.0,False
EMP10371,oviya.wason29,0,0.0,0,0.0,False
EMP12046,pushti.misra35,0,0.0,0,0.0,False
EMP12233,manan.apte72,0,0.0,0,0.0,False
EMP10593,christopher.mital34,0,0.0,0,0.0,False
EMP12034,lohit.toor26,0,0.0,0,0.0,False
EMP10726,orinder.sanghvi74,0,0.0,0,0.0,False
EMP10826,nihal.garde76,0,0.0,0,0.0,False
EMP11783,suhani.lanka71,0,0.0,0,0.0,False
EMP10687,vaishnavi.dora76,0,0.0,0,0.0,False
EMP12283,veer.ramanathan96,0,0.0,0,0.0,False
EMP10136,aishani.chanda55,0,0.0,0,0.0,False
EMP12754,brijesh.dube88,0,0.0,0,0.0,False
EMP10628,nathan_taneja72,0,0.0,0,0.0,False
EMP10334,waida.arora17,0,0.0,0,0.0,False
EMP10390,girish.balakrishnan22,0,0.0,0,0.0,False
EMP12381,lucky_sarkar95,0,0.0,0,0.0,False
EMP11109,ekapad.murthy37,0,0.0,0,0.0,False
EMP11849,yochana.talwar9,0,0.0,0,0.0,False
EMP12781,Unknown,0,0.0,0,0.0,False
EMP10710,hamsini.bassi31,0,0.0,0,0.0,False
EMP11039,vritti.khalsa6,1,75.0,2,0.73,True
EMP12737,kashish.raman24,0,0.0,0,0.0,False
EMP12751,william.narang20,0,0.0,0,0.0,False
EMP12674,geetika.khurana37,0,0.0,0,0.0,False
EMP11561,aradhana.sarraf50,0,0.0,0,0.0,False
EMP12840,anmol.jaggi24,0,0.0,0,0.0,False
EMP11594,vrinda.ganesan90,0,0.0,0,0.0,False
EMP12933,aarav.ben13,0,0.0,0,0.0,False
EMP12837,amara.kade96,0,0.0,0,0.0,False
EMP11112,umang.raval82,0,0.0,0,0.0,False
EMP10465,chakradev.krishnan38,0,0.0,0,0.0,False
EMP11560,osha.nadig17,0,0.0,0,0.0,False
EMP11223,gauri.kannan81,0,0.0,0,0.0,False
EMP12067,qarin.bhagat83,1,75.0,2,0.73,True
EMP12420,fitan.natarajan6,1,100.0,2,0.88,True
EMP11508,qarin.prabhu95,0,0.0,0,0.0,False
EMP11885,bhavika.kalla13,0,0.0,0,0.0,False
EMP11104,jack.chacko10,0,0.0,0,0.0,False
EMP10660,maanav.oak34,0,0.0,0,0.0,False
EMP10338,kamya.chopra12,0,0.0,0,0.0,False
EMP10215,anirudh.das28,0,0.0,0,0.0,False
EMP11615,akshay.maharaj13,0,0.0,0,0.0,False
EMP12040,warjas.ratta50,0,0.0,0,0.0,False
EMP12592,saanvi_kalita43,0,0.0,0,0.0,False
EMP12889,ekaja.d’alia3,0,0.0,0,0.0,False
EMP11592,manthan.badal24,0,0.0,0,0.0,False
EMP12118,diya.sidhu15,0,0.0,0,0.0,False
EMP11793,nathan.mall50,0,0.0,0,0.0,False
EMP12600,aarnav.kaul95,0,0.0,0,0.0,False
EMP10816,panini.sachdev98,0,0.0,0,0.0,False
EMP11067,ekta.ray68,1,75.0,2,0.73,True
EMP12121,aishani.raja23,0,0.0,0,0.0,False
EMP10274,liam.brar8,0,0.0,0,0.0,False
EMP12315,laksh.sama59,0,0.0,0,0.0,False
EMP10865,sanya.kala89,0,0.0,0,0.0,False
EMP10101,karan.gill35,0,0.0,0,0.0,False
EMP11501,bakhshi.swamy33,0,0.0,0,0.0,False
EMP12833,ubika.dora89,0,0.0,0,0.0,False
EMP10171,bimala.nayar80,0,0.0,0,0.0,False
EMP10107,mekhala.gade57,0,0.0,0,0.0,False
EMP12697,damini.dara51,0,0.0,0,0.0,False
EMP11521,mohini.hegde96,0,0.0,0,0.0,False
EMP12724,max.wali58,0,0.0,0,0.0,False
EMP12270,isaiah.bhatti12,0,0.0,0,0.0,False
EMP11878,qadim.puri38,0,0.0,0,0.0,False
EMP12106,rachana.gokhale33,0,0.0,0,0.0,False
EMP12077,jai.dube97,0,0.0,0,0.0,False
EMP12322,ekavir_seshadri85,0,0.0,0,0.0,False
EMP12412,william.swamy80,0,0.0,0,0.0,False
EMP12654,charvi.tella63,0,0.0,0,0.0,False
EMP11873,jasmit.badal96,0,0.0,0,0.0,False
EMP10295,eesha.parikh47,0,0.0,0,0.0,False
EMP10712,manya.bhatti69,0,0.0,0,0.0,False
EMP10072,bhavika.wagle62,0,0.0,0,0.0,False
EMP11524,veda.srinivasan95,0,0.0,0,0.0,False
EMP12341,vedhika.raj2,0,0.0,0,0.0,False
EMP12981,ekaraj.biswas85,0,0.0,0,0.0,False
EMP12971,ekansh.bhardwaj35,0,0.0,0,0.0,False
EMP10481,charles.majumdar25,0,0.0,0,0.0,False
EMP12306,maanas.borde94,0,0.0,0,0.0,False
EMP11530,parth.pandey90,0,0.0,0,0.0,False
EMP12632,rachita.mall3,0,0.0,0,0.0,False
EMP11514,dakshesh.chaudhari62,0,0.0,0,0.0,False
EMP11762,bhavya.khanna18,0,0.0,0,0.0,False
EMP11490,advaith.shroff57,0,0.0,0,0.0,False
EMP11171,shravya.khalsa89,0,0.0,0,0.0,False
EMP12526,max.bassi73,0,0.0,0,0.0,False
EMP12438,panini.randhawa28,0,0.0,0,0.0,False
EMP12619,upadhriti.kannan16,0,0.0,0,0.0,False
EMP12284,naksh.kala17,0,0.0,0,0.0,False
EMP10405,nidhi.sankar58,0,0.0,0,0.0,False
EMP10757,gaurika.bains94,0,0.0,0,0.0,False
EMP12071,bhavna.deshpande74,0,0.0,0,0.0,False
EMP12252,advay.ray64,0,0.0,0,0.0,False
EMP11999,udant.dyal3,0,0.0,0,0.0,False
EMP10097,advik.raj99,0,0.0,0,0.0,False
EMP11333,meera.sule49,0,0.0,0,0.0,False
EMP12461,nachiket.ganguly96,0,0.0,0,0.0,False
EMP10743,yashodhara.dugar79,0,0.0,0,0.0,False
EMP10806,daniel.nadkarni96,0,0.0,0,0.0,False
EMP12020,wyatt.sharaf97,0,0.0,0,0.0,False
EMP12576,gavin.devi25,0,0.0,0,0.0,False
EMP11535,dhriti.shere97,0,0.0,0,0.0,False
EMP12114,omkaar.srinivasan33,0,0.0,0,0.0,False
EMP12172,dominic.bose12,0,0.0,0,0.0,False
EMP12415,naveen_tara18,0,0.0,0,0.0,False
EMP10148,ria.ramakrishnan80,0,0.0,0,0.0,False
EMP12154,aadi.sidhu81,0,0.0,0,0.0,False
EMP12117,timothy.yadav52,0,0.0,0,0.0,False
EMP12831,chatresh_nagi33,0,0.0,0,0.0,False
EMP11315,yash.choudhary70,0,0.0,0,0.0,False
EMP10692,nitara_shukla26,0,0.0,0,0.0,False
EMP10818,rayaan_tiwari18,0,0.0,0,0.0,False
EMP11728,rushil.bassi10,0,0.0,0,0.0,False
EMP11386,manthan.rajagopal79,0,0.0,0,0.0,False
EMP12353,Unknown,0,0.0,0,0.0,False
EMP12120,sachi.brar91,1,100.0,2,0.88,True
EMP11599,hardik.krishnan79,0,0.0,0,0.0,False
EMP12663,zansi.master45,0,0.0,0,0.0,False
EMP12531,vincent.bora29,0,0.0,0,0.0,False
EMP10701,keya.apte48,0,0.0,0,0.0,False
EMP12894,yashawini.saran22,0,0.0,0,0.0,False
EMP12738,devika.bhargava75,3,75.0,6,0.73,True
EMP10921,arunima.dhingra17,0,0.0,0,0.0,False
EMP11424,parth.maharaj81,0,0.0,0,0.0,False
EMP11708,rachita_nath49,0,0.0,0,0.0,False
EMP10905,Unknown,0,0.0,0,0.0,False
EMP10454,udyati.rastogi46,1,75.0,2,0.73,True
EMP12147,odika.mistry80,0,0.0,0,0.0,False
EMP12883,anvi.khosla18,0,0.0,0,0.0,False
EMP12376,max.agate4,0,0.0,0,0.0,False
EMP11886,bhavya.sura34,0,0.0,0,0.0,False
EMP10167,kamala.babu40,0,0.0,0,0.0,False
EMP10730,omkaar.balakrishnan85,0,0.0,0,0.0,False
EMP12226,udant.palla36,0,0.0,0,0.0,False
EMP11310,ganga.joshi21,0,0.0,0,0.0,False
EMP12370,robert.de76,1,75.0,2,0.73,True
EMP10026,hemang.pandya70,0,0.0,0,0.0,False
EMP12054,amara.sur40,0,0.0,0,0.0,False
EMP11652,Unknown,0,0.0,0,0.0,False
EMP11622,abhiram.issac85,0,0.0,0,0.0,False
EMP10587,janani.padmanabhan32,0,0.0,0,0.0,False
EMP11401,oviya.bahl97,0,0.0,0,0.0,False
EMP10997,vrishti_bhandari80,0,0.0,0,0.0,False
EMP11176,saanvi.dass2,0,0.0,0,0.0,False
EMP11700,bahadurjit.ratta50,0,0.0,0,0.0,False
EMP11040,aarav.suri27,0,0.0,0,0.0,False
EMP10033,ekanta.chadha10,0,0.0,0,0.0,False
EMP11927,laban.verma70,0,0.0,0,0.0,False
EMP12440,nisha.kari14,0,0.0,0,0.0,False
EMP11379,victor.manne39,0,0.0,0,0.0,False
EMP10041,Unknown,0,0.0,0,0.0,False
EMP11876,yochana.sinha99,0,0.0,0,0.0,False
EMP12176,theodore.chander22,0,0.0,0,0.0,False
EMP12257,hritik.deo84,0,0.0,0,0.0,False
EMP12686,tara.muni30,0,0.0,0,0.0,False
EMP12229,kritika.chakraborty12,0,0.0,0,0.0,False
EMP12099,omaja.kapur20,1,100.0,2,0.88,True
EMP11909,kashvi.bhagat73,0,0.0,0,0.0,False
EMP10609,bhavya.oza34,0,0.0,0,0.0,False
EMP11132,yug.om34,0,0.0,0,0.0,False
EMP10028,siddharth.patil20,0,0.0,0,0.0,False
EMP10441,utkarsh.dass49,0,0.0,0,0.0,False
EMP10665,daksh.kalita23,0,0.0,0,0.0,False
EMP12228,falguni.thaman99,0,0.0,0,0.0,False
EMP10493,radha.rana10,0,0.0,0,0.0,False
EMP11258,vinaya.barad66,0,0.0,0,0.0,False
EMP11301,kabir.tandon59,0,0.0,0,0.0,False
EMP12956,chanchal_sandal62,0,0.0,0,0.0,False
EMP12437,reva.nanda32,0,0.0,0,0.0,False
EMP11382,ishanvi.ravel63,0,0.0,0,0.0,False
EMP11304,amruta.parsa74,0,0.0,0,0.0,False
EMP10236,Unknown,0,0.0,0,0.0,False
EMP10551,azad.swamy68,0,0.0,0,0.0,False
EMP10520,diya.tandon19,0,0.0,0,0.0,False
EMP12285,fariq.koshy90,0,0.0,0,0.0,False
EMP11232,gaurangi.mistry16,0,0.0,0,0.0,False
EMP11138,pooja.bassi47,1,75.0,2,0.73,True
EMP11905,mahika.srinivas54,0,0.0,0,0.0,False
EMP10720,victor.chaudhuri10,0,0.0,0,0.0,False
EMP10735,chatresh.murthy80,0,0.0,0,0.0,False
EMP12779,tanveer_bahri84,0,0.0,0,0.0,False
EMP11750,gaurika.sachdev76,0,0.0,0,0.0,False
EMP10058,ishanvi.chakraborty35,0,0.0,0,0.0,False
EMP10631,wishi.handa94,0,0.0,0,0.0,False
EMP11181,ira.korpal96,0,0.0,0,0.0,False
EMP12271,unnati.hegde31,0,0.0,0,0.0,False
EMP10592,upma.oommen45,0,0.0,0,0.0,False
EMP11303,vaishnavi.khanna18,0,0.0,0,0.0,False
EMP11387,ethan.shanker12,0,0.0,0,0.0,False
EMP12696,gaurang.rao47,0,0.0,0,0.0,False
EMP12712,dayita.char97,0,0.0,0,0.0,False
EMP11964,priya.lad10,0,0.0,0,0.0,False
EMP12297,bhanumati.anand88,0,0.0,0,0.0,False
EMP10939,karan.mutti81,1,100.0,2,0.88,True
EMP12873,anusha.sengupta42,0,0.0,0,0.0,False
EMP11249,abhiram.date18,1,75.0,2,0.73,True
EMP10904,timothy.sur54,0,0.0,0,0.0,False
EMP12622,bimala.kuruvilla18,0,0.0,0,0.0,False
EMP11279,balhaar.dhar20,0,0.0,0,0.0,False
EMP12474,yutika.borde37,0,0.0,0,0.0,False
EMP12965,ijaya_narasimhan36,0,0.0,0,0.0,False
EMP12419,ekta.bath4,0,0.0,0,0.0,False
EMP12459,amaira.dani33,0,0.0,0,0.0,False
EMP12539,udarsh.kannan50,0,0.0,0,0.0,False
EMP11142,vasatika.sidhu93,0,0.0,0,0.0,False
EMP12453,joshua.mohanty72,0,0.0,0,0.0,False
EMP10706,aditya.bail38,0,0.0,0,0.0,False
EMP12723,tripti.datta67,0,0.0,0,0.0,False
EMP11022,faris.mander25,0,0.0,0,0.0,False
EMP10745,lopa.bali80,0,0.0,0,0.0,False
EMP11546,aachal.chand47,0,0.0,0,0.0,False
EMP12429,meera.bains79,0,0.0,0,0.0,False
EMP12110,sai.srinivas91,1,100.0,2,0.88,True
EMP12013,faris.bhandari30,0,0.0,0,0.0,False
EMP10513,ekanta.sengupta27,1,100.0,2,0.88,True
EMP10081,yamini.solanki69,0,0.0,0,0.0,False
EMP12743,nidra.nanda73,0,0.0,0,0.0,False
EMP11308,Unknown,0,0.0,0,0.0,False
EMP12571,gaurika.thakkar87,0,0.0,0,0.0,False
EMP10914,ayushman.parsa54,1,100.0,2,0.88,True
EMP11404,siya.baria68,0,0.0,0,0.0,False
EMP11647,simon.kapoor61,0,0.0,0,0.0,False
EMP12843,shivani.bhattacharyya1,0,0.0,0,0.0,False
EMP11108,urvashi.palan16,0,0.0,0,0.0,False
EMP10150,matthew.chatterjee86,0,0.0,0,0.0,False
EMP12809,saanvi.prabhu62,0,0.0,0,0.0,False
EMP10774,raagini.khanna7,0,0.0,0,0.0,False
EMP10329,ucchal_dey82,0,0.0,0,0.0,False
EMP10006,ekta.kuruvilla30,0,0.0,0,0.0,False
EMP10943,vasudha.mital3,0,0.0,0,0.0,False
EMP10822,jackson.kapur57,0,0.0,0,0.0,False
EMP10734,jason.sangha69,0,0.0,0,0.0,False
EMP10909,yahvi.gokhale89,0,0.0,0,0.0,False
EMP10468,inaya.vala59,0,0.0,0,0.0,False
EMP10181,tamanna.banik80,0,0.0,0,0.0,False
EMP10164,kiaan.sharma57,0,0.0,0,0.0,False
EMP11523,urvi.d’alia26,0,0.0,0,0.0,False
EMP10451,ishanvi.karpe12,0,0.0,0,0.0,False
EMP10490,rajata.wason25,0,0.0,0,0.0,False
EMP10813,ekaraj.anand61,0,0.0,0,0.0,False
EMP11143,vidhi.zacharia33,0,0.0,0,0.0,False
EMP11311,balvan.jani13,0,0.0,0,0.0,False
EMP12313,advay.zacharia37,0,0.0,0,0.0,False
EMP11111,anamika.nagarajan92,0,0.0,0,0.0,False
EMP11826,rohan.dasgupta6,0,0.0,0,0.0,False
EMP11441,qabil.kumar24,0,0.0,0,0.0,False
EMP12012,chakradhar.koshy22,0,0.0,0,0.0,False
EMP11006,raksha.khanna85,1,100.0,2,0.88,True
EMP11627,anthony.chadha70,0,0.0,0,0.0,False
EMP11632,wridesh.thakur86,0,0.0,0,0.0,False
EMP11074,guneet.uppal16,0,0.0,0,0.0,False
EMP10578,janaki.halder15,0,0.0,0,0.0,False
EMP12168,balendra.taneja17,0,0.0,0,0.0,False
EMP12417,harinakshi.loyal52,0,0.0,0,0.0,False
EMP12335,ijaya.pandey20,0,0.0,0,0.0,False
EMP12374,indali.hari48,0,0.0,0,0.0,False
EMP10327,tanish.setty8,0,0.0,0,0.0,False
EMP11790,amrita.shah50,0,0.0,0,0.0,False
EMP10442,darpan.kapur3,0,0.0,0,0.0,False
EMP11858,robert.raj78,0,0.0,0,0.0,False
EMP12238,chatura.sahni94,0,0.0,0,0.0,False
EMP10312,urmi.bansal9,0,0.0,0,0.0,False
EMP10832,irya.memon10,0,0.0,0,0.0,False
EMP12446,aradhana.saha89,0,0.0,0,0.0,False
EMP12170,rachana.chana38,0,0.0,0,0.0,False
EMP11414,maanav.grover86,0,0.0,0,0.0,False
EMP11201,pooja.bava61,1,75.0,2,0.73,True
EMP12514,krisha.iyengar8,0,0.0,0,0.0,False
EMP11499,mekhala.oommen73,0,0.0,0,0.0,False
EMP12010,rudra.pal95,0,0.0,0,0.0,False
EMP10086,qarin.gulati40,0,0.0,0,0.0,False
EMP11403,raksha.saxena21,0,0.0,0,0.0,False
EMP12481,samaksh.dey30,0,0.0,0,0.0,False
EMP12002,ria.jain34,0,0.0,0,0.0,False
EMP11481,ikshita.roy54,0,0.0,0,0.0,False
EMP10777,ekanta.bumb70,0,0.0,0,0.0,False
EMP10799,baljiwan.raju72,0,0.0,0,0.0,False
EMP11666,jai.purohit86,0,0.0,0,0.0,False
EMP11894,hema.grover90,0,0.0,0,0.0,False
EMP10054,aradhana.bahl32,0,0.0,0,0.0,False
EMP12483,aarna.virk59,0,0.0,0,0.0,False
EMP11287,zansi.boase65,0,0.0,0,0.0,False
EMP11920,gautam.keer69,0,0.0,0,0.0,False
EMP11667,inaya.nagy54,0,0.0,0,0.0,False
EMP12665,urvi.dua16,0,0.0,0,0.0,False
EMP12222,nidra.garde65,0,0.0,0,0.0,False
EMP11701,aarav.malhotra46,0,0.0,0,0.0,False
EMP11245,vaishnavi.loyal37,0,0.0,0,0.0,False
EMP10113,mitesh_rajagopalan19,0,0.0,0,0.0,False
EMP12891,balhaar.desai85,0,0.0,0,0.0,False
EMP10987,irya.raval32,0,0.0,0,0.0,False
EMP10501,dominic.mand25,0,0.0,0,0.0,False
EMP12469,quincy.bhandari48,0,0.0,0,0.0,False
EMP11009,lekha.anne27,0,0.0,0,0.0,False
EMP11198,girish.d’alia10,0,0.0,0,0.0,False
EMP11394,anamika.deshpande59,0,0.0,0,0.0,False
EMP10589,yochana.patil46,1,100.0,2,0.88,True
EMP10768,idika.rao58,0,0.0,0,0.0,False
EMP10017,vritti.sengupta40,0,0.0,0,0.0,False
EMP11042,chaman.memon27,0,0.0,0,0.0,False
EMP11447,ranbir.shanker19,1,75.0,2,0.73,True
EMP10285,varenya.nagar50,0,0.0,0,0.0,False
EMP12720,veda.balasubramanian81,0,0.0,0,0.0,False
EMP10428,chaitanya.pingle61,0,0.0,0,0.0,False
EMP11328,krish.gill29,0,0.0,0,0.0,False
EMP12064,nathaniel.deep45,0,0.0,0,0.0,False
EMP10669,mohini.thakkar22,0,0.0,0,0.0,False
EMP10031,jyoti.rau6,0,0.0,0,0.0,False
EMP11341,chaman.andra62,0,0.0,0,0.0,False
EMP10722,anirudh.dube34,0,0.0,0,0.0,False
EMP10951,leena.batra60,0,0.0,0,0.0,False
EMP11914,krishna.nayak94,1,75.0,2,0.73,True
EMP12365,ranveer.mahajan73,0,0.0,0,0.0,False
EMP10214,kiaan.sur64,0,0.0,0,0.0,False
EMP10989,samaksh.arya80,0,0.0,0,0.0,False
EMP11164,laksh.swamy43,0,0.0,0,0.0,False
EMP12877,quincy.setty61,0,0.0,0,0.0,False
EMP12095,Unknown,0,0.0,0,0.0,False
EMP10326,zarna.rao38,0,0.0,0,0.0,False
EMP11383,nilima.goda53,0,0.0,0,0.0,False
EMP11724,indrajit_palla27,0,0.0,0,0.0,False
EMP11086,chaman.krish7,0,0.0,0,0.0,False
EMP10341,yashawini.warrior76,0,0.0,0,0.0,False
EMP10147,damyanti.ganguly48,0,0.0,0,0.0,False
EMP12411,ekalinga.sanghvi99,0,0.0,0,0.0,False
EMP11107,warhi.grewal19,0,0.0,0,0.0,False
EMP10848,vrishti.vala48,0,0.0,0,0.0,False
EMP10966,abhimanyu.dhar56,0,0.0,0,0.0,False
EMP12538,ekapad.nayar19,0,0.0,0,0.0,False
EMP10661,yug.lalla64,0,0.0,0,0.0,False
EMP11002,radha.kibe52,0,0.0,0,0.0,False
EMP12413,lopa.dhawan30,0,0.0,0,0.0,False
EMP12594,yahvi.ramanathan41,0,0.0,0,0.0,False
EMP12736,nimrat.parmer72,0,0.0,0,0.0,False
EMP11879,ethan.sekhon49,0,0.0,0,0.0,False
EMP12902,kalpit_salvi36,0,0.0,0,0.0,False
EMP11203,upkaar.padmanabhan11,0,0.0,0,0.0,False
EMP11990,neel.bhalla45,0,0.0,0,0.0,False
EMP10024,krishna.narang7,1,100.0,2,0.88,True
EMP12895,max.kant36,4,75.0,8,0.73,True
EMP12092,vedant.muni67,0,0.0,0,0.0,False
EMP12989,rayaan.gulati19,0,0.0,0,0.0,False
EMP12371,keya.basak74,0,0.0,0,0.0,False
EMP10875,xalak.kota96,1,75.0,2,0.73,True
EMP12871,anya.nadkarni54,0,0.0,0,0.0,False
EMP10938,alka.memon44,0,0.0,0,0.0,False
EMP12584,falguni.mammen71,0,0.0,0,0.0,False
EMP10385,max.varghese15,0,0.0,0,0.0,False
EMP12585,lakshmi.narula81,0,0.0,0,0.0,False
EMP12563,anthony.mallick51,0,0.0,0,0.0,False
EMP12408,laban.dewan34,0,0.0,0,0.0,False
EMP10936,chatura.sengupta49,0,0.0,0,0.0,False
EMP12659,chatura.swaminathan11,0,0.0,0,0.0,False
EMP11332,shivansh.parmer5,0,0.0,0,0.0,False
EMP11934,nicholas.varma41,0,0.0,0,0.0,False
EMP10935,ojas.barad71,0,0.0,0,0.0,False
EMP10566,niharika.gulati90,0,0.0,0,0.0,False
EMP11854,rayaan.sani65,0,0.0,0,0.0,False
EMP12500,shivansh.taneja60,0,0.0,0,0.0,False
EMP11645,falak.chhabra48,0,0.0,0,0.0,False
EMP12185,anmol.bali6,0,0.0,0,0.0,False
EMP11792,ladli.shan29,0,0.0,0,0.0,False
EMP11430,chasmum.nadkarni1,0,0.0,0,0.0,False
EMP12825,indali.goswami21,1,100.0,2,0.88,True
EMP11013,brijesh.ganesh17,0,0.0,0,0.0,False
EMP11928,riya.chadha43,0,0.0,0,0.0,False
EMP12319,chanchal.choudhry83,2,75.0,4,0.73,True
EMP10126,unnati.dass69,0,0.0,0,0.0,False
EMP12157,vansha.chadha57,0,0.0,0,0.0,False
EMP11347,shravya.chopra88,0,0.0,0,0.0,False
EMP10355,kavya.bajwa2,0,0.0,0,0.0,False
EMP10827,henry.raman55,0,0.0,0,0.0,False
EMP11639,farhan.bedi89,0,0.0,0,0.0,False
EMP10984,gaurav.borde62,0,0.0,0,0.0,False
EMP10362,libni.rau54,0,0.0,0,0.0,False
EMP10345,samar.setty88,0,0.0,0,0.0,False
EMP12124,azaan.dora49,0,0.0,0,0.0,False
EMP12620,onkar.khalsa1,0,0.0,0,0.0,False
EMP10711,ayushman.chowdhury15,0,0.0,0,0.0,False
EMP12127,oscar.gopal34,0,0.0,0,0.0,False
EMP10010,jagvi.seth52,0,0.0,0,0.0,False
EMP12616,widisha.maharaj57,0,0.0,0,0.0,False
EMP11834,aryan.shankar73,0,0.0,0,0.0,False
EMP10793,widisha.chhabra74,0,0.0,0,0.0,False
EMP12848,mekhala.singhal56,0,0.0,0,0.0,False
EMP10094,abha.varkey61,0,0.0,0,0.0,False
EMP10129,harsh.shukla46,0,0.0,0,0.0,False
EMP12309,ira.ahuja17,0,0.0,0,0.0,False
EMP12991,vasatika.kapoor74,0,0.0,0,0.0,False
EMP11900,chanakya.bora36,0,0.0,0,0.0,False
EMP12467,chaitaly.char55,0,0.0,0,0.0,False
EMP11932,mahika.chakraborty82,0,0.0,0,0.0,False
EMP12499,naveen.borah10,0,0.0,0,0.0,False
EMP11865,rehaan.gola27,0,0.0,0,0.0,False
EMP11658,abha.baria81,0,0.0,0,0.0,False
EMP10516,wakeeta.rattan45,0,0.0,0,0.0,False
EMP11857,yashawini.bajaj3,0,0.0,0,0.0,False
EMP11277,ansh.bandi36,0,0.0,0,0.0,False
EMP10950,girik.pai19,0,0.0,0,0.0,False
EMP11120,siya.naik32,0,0.0,0,0.0,False
EMP10419,upkaar.dave34,0,0.0,0,0.0,False
EMP10922,aahana.kaur82,0,0.0,0,0.0,False
EMP12880,panini.rau8,0,0.0,0,0.0,False
EMP10477,yamini.subramanian5,1,75.0,2,0.73,True
EMP12035,omya.seshadri88,1,100.0,2,0.88,True
EMP12245,hitesh.kadakia14,0,0.0,0,0.0,False
EMP11692,qarin.rau21,0,0.0,0,0.0,False
EMP12316,libni.boase68,1,100.0,2,0.88,True
EMP11471,meera.bath1,0,0.0,0,0.0,False
EMP11202,isaiah.dave47,0,0.0,0,0.0,False
EMP11669,hitesh.patil44,0,0.0,0,0.0,False
EMP12859,udant.barman2,0,0.0,0,0.0,False
EMP11970,devansh.sule3,0,0.0,0,0.0,False
EMP10820,Unknown,0,0.0,0,0.0,False
EMP11997,zayan.sidhu78,0,0.0,0,0.0,False
EMP12954,jagat.agate90,0,0.0,0,0.0,False
EMP11248,noah.kata59,0,0.0,0,0.0,False
EMP12742,Unknown,0,0.0,0,0.0,False
EMP12694,chaitaly.dugal25,0,0.0,0,0.0,False
EMP11046,falan.gandhi55,0,0.0,0,0.0,False
EMP11888,saanvi.puri1,0,0.0,0,0.0,False
EMP10615,nikita.majumdar12,0,0.0,0,0.0,False
EMP11318,kritika.nori43,0,0.0,0,0.0,False
EMP12970,Unknown,0,0.0,0,0.0,False
EMP12136,raksha.bhalla98,0,0.0,0,0.0,False
EMP12534,anvi.soni34,0,0.0,0,0.0,False
EMP11772,mohini.munshi54,0,0.0,0,0.0,False
EMP10131,Unknown,0,0.0,0,0.0,False
EMP10077,tejas.panchal85,1,75.0,2,0.73,True
EMP12052,caleb.lal55,0,0.0,0,0.0,False
EMP10724,yashica.chokshi5,0,0.0,0,0.0,False
EMP11314,amaira.sengupta10,0,0.0,0,0.0,False
EMP11851,faqid.choudhry24,0,0.0,0,0.0,False
EMP12708,pooja.kunda23,0,0.0,0,0.0,False
EMP12562,xiti.murty39,0,0.0,0,0.0,False
EMP11372,nikita.d’alia16,0,0.0,0,0.0,False
EMP11855,neel.majumdar68,0,0.0,0,0.0,False
EMP11319,yuvraj.ram10,0,0.0,0,0.0,False
EMP12960,ekansh.bedi26,1,75.0,2,0.73,True
EMP12573,udant.mukherjee7,0,0.0,0,0.0,False
EMP10375,daniel.bhat5,0,0.0,0,0.0,False
EMP11908,hitesh.keer31,0,0.0,0,0.0,False
EMP10333,hitesh.khanna59,0,0.0,0,0.0,False
EMP12323,tanvi.bal60,0,0.0,0,0.0,False
EMP12373,mitali.goel62,0,0.0,0,0.0,False
EMP11604,aashi.bajaj29,0,0.0,0,0.0,False
EMP11118,bimala.yohannan78,0,0.0,0,0.0,False
EMP12913,reyansh_cheema32,0,0.0,0,0.0,False
EMP11943,zilmil.warrior7,0,0.0,0,0.0,False
EMP12333,quincy.samra91,0,0.0,0,0.0,False
EMP12599,zayan.bhagat19,0,0.0,0,0.0,False
EMP11342,devansh.hora57,0,0.0,0,0.0,False
EMP10320,hredhaan.tank29,0,0.0,0,0.0,False
EMP11619,ekiya_banik24,0,0.0,0,0.0,False
EMP12628,kiaan.ramesh70,0,0.0,0,0.0,False
EMP12060,vrishti.chadha23,0,0.0,0,0.0,False
EMP11673,arya_dhillon11,0,0.0,0,0.0,False
EMP11942,Unknown,0,0.0,0,0.0,False
EMP10260,aashi.bal42,0,0.0,0,0.0,False
EMP12426,raksha.date82,0,0.0,0,0.0,False
EMP12039,arunima_sridhar65,0,0.0,0,0.0,False
EMP10689,sai_pathak23,0,0.0,0,0.0,False
EMP10901,gaurika.babu9,0,0.0,0,0.0,False
EMP12026,bhavna_patla52,0,0.0,0,0.0,False
EMP10138,samuel.choudhury78,0,0.0,0,0.0,False
EMP11917,naksh.sanghvi94,0,0.0,0,0.0,False
EMP11828,maanas.madan34,0,0.0,0,0.0,False
EMP11573,jagrati.dutt21,0,0.0,0,0.0,False
EMP10319,hredhaan.nagi88,0,0.0,0,0.0,False
EMP10653,qasim.gole57,0,0.0,0,0.0,False
EMP12137,logan.ramakrishnan20,0,0.0,0,0.0,False
EMP12394,udarsh.kadakia17,0,0.0,0,0.0,False
EMP10558,amaira.sood39,0,0.0,0,0.0,False
EMP12187,frado.nigam40,0,0.0,0,0.0,False
EMP10112,frederick.behl88,0,0.0,0,0.0,False
EMP10531,omkaar.kalita55,0,0.0,0,0.0,False
EMP10224,ronith.shroff81,0,0.0,0,0.0,False
EMP10723,ekaraj.nath19,0,0.0,0,0.0,False
EMP12590,zansi_khosla29,0,0.0,0,0.0,False
EMP12649,aadhya.hayer77,0,0.0,0,0.0,False
EMP11433,urvashi.kata32,0,0.0,0,0.0,False
EMP12401,manya.kala33,0,0.0,0,0.0,False
EMP11458,agastya_wali58,0,0.0,0,0.0,False
EMP12784,urmi.vala29,0,0.0,0,0.0,False
EMP10846,pratyush.balay57,0,0.0,0,0.0,False
EMP10193,ekbal.bhatti8,0,0.0,0,0.0,False
EMP11464,lekha.luthra19,0,0.0,0,0.0,False
EMP10946,ekbal.chandra41,0,0.0,0,0.0,False
EMP12021,rushil.sura78,0,0.0,0,0.0,False
EMP11629,max.subramanian13,0,0.0,0,0.0,False
EMP10117,ikshita.muni96,0,0.0,0,0.0,False
EMP10645,nikita.sangha37,0,0.0,0,0.0,False
EMP11870,zinal.palla99,0,0.0,0,0.0,False
EMP10003,orinder.buch21,0,0.0,0,0.0,False
EMP10074,urvi.sastry42,0,0.0,0,0.0,False
EMP11755,daksh.zachariah69,0,0.0,0,0.0,False
EMP10467,maanas_rama25,0,0.0,0,0.0,False
EMP10005,adweta.seth11,0,0.0,0,0.0,False
EMP11246,logan.guha68,0,0.0,0,0.0,False
EMP10919,udyati_dugar83,0,0.0,0,0.0,False
EMP10228,patrick.bajaj41,0,0.0,0,0.0,False
EMP11063,osha.warrior98,0,0.0,0,0.0,False
EMP10242,upma.wadhwa62,0,0.0,0,0.0,False
EMP12351,zansi.batta30,0,0.0,0,0.0,False
EMP11160,neel.dass57,0,0.0,0,0.0,False
EMP12591,gavin.golla57,0,0.0,0,0.0,False
EMP11526,devansh.nazareth78,0,0.0,0,0.0,False
EMP11605,chakrika.sharma22,0,0.0,0,0.0,False
EMP12869,anika_parsa88,0,0.0,0,0.0,False
EMP12399,osha.aggarwal57,0,0.0,0,0.0,False
EMP12623,jalsa.krishna50,0,0.0,0,0.0,False
EMP11989,jonathan.bail46,0,0.0,0,0.0,False
EMP12424,hamsini.chaudhry50,0,0.0,0,0.0,False
EMP11975,turvi.munshi25,0,0.0,0,0.0,False
EMP11761,onveer.kohli9,0,0.0,0,0.0,False
EMP11305,aahana.shanker52,0,0.0,0,0.0,False
EMP11541,Unknown,0,0.0,0,0.0,False
EMP10622,yashoda.sur19,0,0.0,0,0.0,False
EMP12836,avi.babu51,0,0.0,0,0.0,False
EMP11493,amrita.shanker92,0,0.0,0,0.0,False
EMP10110,chaitanya.atwal30,0,0.0,0,0.0,False
EMP12977,aryan.korpal35,0,0.0,0,0.0,False
EMP11169,Unknown,0,0.0,0,0.0,False
EMP12535,Unknown,0,0.0,0,0.0,False
EMP10232,reva.bansal99,0,0.0,0,0.0,False
EMP10066,zinal.venkataraman17,0,0.0,0,0.0,False
EMP12942,harsh.sood79,0,0.0,0,0.0,False
EMP12072,vrinda_sankar60,0,0.0,0,0.0,False
EMP12192,raksha.narain66,0,0.0,0,0.0,False
EMP10536,leela.ganesh78,0,0.0,0,0.0,False
EMP10125,bishakha.varkey39,1,75.0,2,0.73,True
EMP12133,kashvi_badal46,0,0.0,0,0.0,False
EMP11254,siddharth.chadha92,0,0.0,0,0.0,False
EMP12560,pooja.jani40,0,0.0,0,0.0,False
EMP11976,jacob.viswanathan28,0,0.0,0,0.0,False
EMP12536,ojasvi.varkey76,0,0.0,0,0.0,False
EMP12398,advay.kari24,0,0.0,0,0.0,False
EMP12075,balendra.sathe86,0,0.0,0,0.0,False
EMP10484,amol.natt81,0,0.0,0,0.0,False
EMP11654,rachita.nagi61,0,0.0,0,0.0,False
EMP12758,chasmum.vig85,0,0.0,0,0.0,False
EMP12337,yashica.kata81,1,75.0,2,0.73,True
EMP11774,oliver.gokhale61,0,0.0,0,0.0,False
EMP10918,Unknown,0,0.0,0,0.0,False
EMP11646,fariq.bajwa50,0,0.0,0,0.0,False
EMP11026,daksha.narasimhan92,1,75.0,2,0.73,True
EMP11030,saanvi.srinivasan42,0,0.0,0,0.0,False
EMP10882,mason.varghese84,0,0.0,0,0.0,False
EMP11335,warda.ghose34,0,0.0,0,0.0,False
EMP12290,qadim.bedi12,0,0.0,0,0.0,False
EMP10364,brijesh.golla51,0,0.0,0,0.0,False
EMP12125,hemal.deo32,0,0.0,0,0.0,False
EMP10027,yahvi.tank8,0,0.0,0,0.0,False
EMP10473,zarna.lalla38,0,0.0,0,0.0,False
EMP10525,sachi.sinha77,0,0.0,0,0.0,False
EMP10725,tanveer.bhavsar20,0,0.0,0,0.0,False
EMP10055,joshua_gera72,0,0.0,0,0.0,False
EMP10638,onkar.vohra62,0,0.0,0,0.0,False
EMP10302,harrison_ramakrishnan69,0,0.0,0,0.0,False
EMP12688,jackson.parmer60,0,0.0,0,0.0,False
EMP11276,tripti.cherian81,0,0.0,0,0.0,False
EMP12717,amara.ratti2,0,0.0,0,0.0,False
EMP10624,sachi.pradhan19,0,0.0,0,0.0,False
EMP12055,ikbal.lanka15,0,0.0,0,0.0,False
EMP11280,forum.saran38,0,0.0,0,0.0,False
EMP11049,qushi.acharya51,0,0.0,0,0.0,False
EMP10336,umang.radhakrishnan12,0,0.0,0,0.0,False
EMP10047,neel.acharya69,0,0.0,0,0.0,False
EMP10106,charles.sharaf84,0,0.0,0,0.0,False
EMP11079,teerth.andra51,0,0.0,0,0.0,False
EMP12286,nachiket.tripathi90,0,0.0,0,0.0,False
EMP12261,bhavya.borah17,0,0.0,0,0.0,False
EMP11144,lohit.sandhu68,0,0.0,0,0.0,False
EMP12458,pavani.kara6,0,0.0,0,0.0,False
EMP12296,Unknown,0,0.0,0,0.0,False
EMP11836,siya.om16,0,0.0,0,0.0,False
EMP11753,anay_sen58,0,0.0,0,0.0,False
EMP11101,harsh_dass6,0,0.0,0,0.0,False
EMP11968,ojasvi.keer69,0,0.0,0,0.0,False
EMP10523,naveen.bakshi88,0,0.0,0,0.0,False
EMP12280,viraj.tripathi85,0,0.0,0,0.0,False
EMP11428,vidhi.gulati52,0,0.0,0,0.0,False
EMP12687,garima.narasimhan13,0,0.0,0,0.0,False
EMP10603,jatin.baral71,0,0.0,0,0.0,False
EMP11489,anya.gandhi42,0,0.0,0,0.0,False
EMP12423,prisha.mahal39,0,0.0,0,0.0,False
EMP10060,aarna.gera50,0,0.0,0,0.0,False
EMP12832,mason.raman91,0,0.0,0,0.0,False
EMP10671,Unknown,0,0.0,0,0.0,False
EMP10092,dakshesh.ramakrishnan56,0,0.0,0,0.0,False
EMP10666,vinaya.mutti83,0,0.0,0,0.0,False
EMP11887,chavvi.bakshi90,0,0.0,0,0.0,False
EMP10280,naksh.wali11,0,0.0,0,0.0,False
EMP11719,jack_solanki21,1,75.0,2,0.73,True
EMP10359,vidhi.saini39,0,0.0,0,0.0,False
EMP10899,raagini.anne95,0,0.0,0,0.0,False
EMP11935,pooja.sinha70,0,0.0,0,0.0,False
EMP11994,gavin_bakshi66,0,0.0,0,0.0,False
EMP12384,pushti_choudhary19,0,0.0,0,0.0,False
EMP10760,yahvi.chhabra59,0,0.0,0,0.0,False
EMP12158,timothy.sahni34,0,0.0,0,0.0,False
EMP12703,viraj.handa92,1,75.0,2,0.73,True
EMP10042,mahika.pillay53,0,0.0,0,0.0,False
EMP12173,yashica.seth2,0,0.0,0,0.0,False
EMP10204,zaitra_cherian56,0,0.0,0,0.0,False
EMP11473,qushi.peri94,0,0.0,0,0.0,False
EMP12100,abdul.narain72,0,0.0,0,0.0,False
EMP10068,bahadurjit.ganesan51,0,0.0,0,0.0,False
EMP11875,chakrika.chacko84,0,0.0,0,0.0,False
EMP12451,prisha.chhabra98,0,0.0,0,0.0,False
EMP12231,bhavika.kala57,0,0.0,0,0.0,False
EMP10137,varsha.prabhakar82,0,0.0,0,0.0,False
EMP10796,veer.singh70,0,0.0,0,0.0,False
EMP12180,anika.gill48,0,0.0,0,0.0,False
EMP12128,anthony.cheema70,0,0.0,0,0.0,False
EMP10758,vedika.sagar58,0,0.0,0,0.0,False
EMP10541,bhanumati.walla25,0,0.0,0,0.0,False
EMP11019,rudra.sood69,0,0.0,0,0.0,False
EMP12360,warinder.kunda5,0,0.0,0,0.0,False
EMP10165,leela.sankaran44,0,0.0,0,0.0,False
EMP10248,yachana.sharaf71,0,0.0,0,0.0,False
EMP11331,harshil_seshadri19,0,0.0,0,0.0,False
EMP12017,abdul.anne24,0,0.0,0,0.0,False
EMP10446,arunima.ramaswamy21,0,0.0,0,0.0,False
EMP11358,lavanya.pillai59,0,0.0,0,0.0,False
EMP12145,ekanta.ganguly29,0,0.0,0,0.0,False
EMP11329,udarsh.bali65,0,0.0,0,0.0,False
EMP12996,pushti.pillay28,0,0.0,0,0.0,False
EMP12150,ekta.pall13,0,0.0,0,0.0,False
EMP10434,wyatt.narang58,0,0.0,0,0.0,False
EMP12122,barkha.saini77,0,0.0,0,0.0,False
EMP10577,divya.lalla88,1,75.0,2,0.73,True
EMP12463,daksha_dube52,0,0.0,0,0.0,False
EMP11848,dev.nath83,0,0.0,0,0.0,False
EMP10762,quincy.choudhary38,0,0.0,0,0.0,False
EMP10388,kamala.kar94,0,0.0,0,0.0,False
EMP10235,zayan.sarin92,0,0.0,0,0.0,False
EMP12685,eshana.pant35,0,0.0,0,0.0,False
EMP11984,imaran.sankar8,0,0.0,0,0.0,False
EMP10267,rohan.swaminathan95,0,0.0,0,0.0,False
EMP10770,ryan.goel27,0,0.0,0,0.0,False
EMP12165,samesh.gopal34,0,0.0,0,0.0,False
EMP10437,wazir.parikh32,0,0.0,0,0.0,False
EMP10673,robert.bandi13,0,0.0,0,0.0,False
EMP10249,vasatika.loke27,0,0.0,0,0.0,False
EMP12201,Unknown,0,0.0,0,0.0,False
EMP11574,rajata.comar45,1,75.0,2,0.73,True
EMP12142,onveer.bumb55,0,0.0,0,0.0,False
EMP12081,jeevika.bajwa97,0,0.0,0,0.0,False
EMP12698,amol.gole85,1,100.0,2,0.88,True
EMP12647,ayush.tiwari76,0,0.0,0,0.0,False
EMP12822,neelima.verma76,0,0.0,0,0.0,False
EMP10448,nikita.gala83,0,0.0,0,0.0,False
EMP11469,janya.ganesh32,1,100.0,2,0.88,True
EMP10716,orinder.pal67,0,0.0,0,0.0,False
EMP12470,saanvi.manda62,0,0.0,0,0.0,False
EMP12985,Unknown,0,0.0,0,0.0,False
EMP12048,lopa.dewan97,0,0.0,0,0.0,False
EMP11901,radha.acharya83,0,0.0,0,0.0,False
EMP11168,daksh.maharaj17,0,0.0,0,0.0,False
EMP10082,gabriel.tailor63,0,0.0,0,0.0,False
EMP12497,ethan.dave63,0,0.0,0,0.0,False
EMP11460,meera.ranganathan94,0,0.0,0,0.0,False
EMP11893,damyanti.sha10,0,0.0,0,0.0,False
EMP11668,jeremiah.salvi4,0,0.0,0,0.0,False
EMP12000,indali.korpal18,1,100.0,2,0.88,True
EMP10475,nachiket.bhatia55,0,0.0,0,0.0,False
EMP10517,rishi.tiwari28,0,0.0,0,0.0,False
EMP10404,yochana.kannan92,0,0.0,0,0.0,False
EMP10384,Unknown,0,0.0,0,0.0,False
EMP12507,anusha.doshi69,0,0.0,0,0.0,False
EMP12152,suhani.sinha90,0,0.0,0,0.0,False
EMP11633,nakul.sodhi53,0,0.0,0,0.0,False
EMP12944,sai.barad47,0,0.0,0,0.0,False
EMP10688,keya.solanki95,0,0.0,0,0.0,False
EMP11240,mekhala.shenoy46,0,0.0,0,0.0,False
EMP10062,Unknown,0,0.0,0,0.0,False
EMP10852,janani_sen81,0,0.0,0,0.0,False
EMP12834,falan.suri68,0,0.0,0,0.0,False
EMP12552,pooja.suresh19,0,0.0,0,0.0,False
EMP11262,devansh.ganguly55,0,0.0,0,0.0,False
EMP10223,Unknown,0,0.0,0,0.0,False
EMP12193,raagini.palla68,1,75.0,2,0.73,True
EMP10373,teerth.sandal43,0,0.0,0,0.0,False
EMP11824,pranav.kunda94,0,0.0,0,0.0,False
EMP12614,anusha.bhargava60,0,0.0,0,0.0,False
EMP12955,eiravati.mammen11,0,0.0,0,0.0,False
EMP12676,urvashi.suri76,0,0.0,0,0.0,False
EMP12766,aayush.sharaf53,0,0.0,0,0.0,False
EMP10009,waida.tandon82,0,0.0,0,0.0,False
EMP11944,logan.shroff83,0,0.0,0,0.0,False
EMP11838,yamini.ghose11,0,0.0,0,0.0,False
EMP10708,krisha.dugar95,0,0.0,0,0.0,False
EMP10255,jonathan.sem1,0,0.0,0,0.0,False
EMP11617,ryan.sarin13,0,0.0,0,0.0,False
EMP10389,manbir.toor79,0,0.0,0,0.0,False
EMP11581,onkar.mital36,0,0.0,0,0.0,False
EMP10924,noah.ranganathan16,0,0.0,0,0.0,False
EMP12036,inaya.arya14,0,0.0,0,0.0,False
EMP12475,kabir.joshi32,0,0.0,0,0.0,False
EMP11224,chatresh.upadhyay99,0,0.0,0,0.0,False
EMP11946,laban.mani87,0,0.0,0,0.0,False
EMP10739,bhavna_bhalla19,0,0.0,0,0.0,False
EMP10040,kevin.tara47,0,0.0,0,0.0,False
EMP10868,raghav.kannan72,0,0.0,0,0.0,False
EMP10539,varsha.gera12,0,0.0,0,0.0,False
EMP12587,charvi.bhavsar17,0,0.0,0,0.0,False
EMP11371,chanakya.sharaf74,0,0.0,0,0.0,False
EMP11145,sathvik.krishnamurthy8,0,0.0,0,0.0,False
EMP11031,samuel.hari14,0,0.0,0,0.0,False
EMP10372,madhav.sood34,0,0.0,0,0.0,False
EMP10667,nathaniel.dhaliwal53,0,0.0,0,0.0,False
EMP10357,bahadurjit.hegde65,0,0.0,0,0.0,False
EMP10967,ikshita.luthra93,0,0.0,0,0.0,False
EMP11353,anamika.morar74,0,0.0,0,0.0,False
EMP11035,umang.dugal86,0,0.0,0,0.0,False
EMP10470,noah.lad77,0,0.0,0,0.0,False
EMP11396,victor.ratta94,0,0.0,0,0.0,False
EMP12705,aarush.mani1,0,0.0,0,0.0,False
EMP11549,nidhi.chada17,0,0.0,0,0.0,False
EMP11256,odika.ray44,0,0.0,0,0.0,False
EMP12094,gautam.samra20,0,0.0,0,0.0,False
EMP11555,urmi.master69,0,0.0,0,0.0,False
EMP12668,manya.chaudry96,0,0.0,0,0.0,False
EMP11250,triya.venkataraman48,0,0.0,0,0.0,False
EMP11699,vansha.mani80,0,0.0,0,0.0,False
EMP11252,zayan.bhalla97,0,0.0,0,0.0,False
EMP12865,frederick.sama65,0,0.0,0,0.0,False
EMP10079,reyansh.chauhan69,0,0.0,0,0.0,False
EMP11172,victor.khalsa18,0,0.0,0,0.0,False
EMP10814,jagdish.soman87,0,0.0,0,0.0,False
EMP11852,kevin.pillai31,0,0.0,0,0.0,False
EMP12220,adweta.rastogi43,0,0.0,0,0.0,False
EMP12710,samar.modi39,0,0.0,0,0.0,False
EMP12105,Unknown,0,0.0,0,0.0,False
EMP10133,liam.kunda31,0,0.0,0,0.0,False
EMP11140,anusha.roy27,0,0.0,0,0.0,False
EMP10933,saksham.balay20,0,0.0,0,0.0,False
EMP10928,baljiwan_das61,0,0.0,0,0.0,False
EMP10823,kala.parikh22,0,0.0,0,0.0,False
EMP11531,lakshit.barad43,0,0.0,0,0.0,False
EMP11214,frado.toor13,0,0.0,0,0.0,False
EMP10504,harsh.kapadia89,0,0.0,0,0.0,False
EMP12395,alexander.vohra99,0,0.0,0,0.0,False
EMP11996,harshil.chana4,0,0.0,0,0.0,False
EMP12434,radha.arya51,0,0.0,0,0.0,False
EMP11958,Unknown,0,0.0,0,0.0,False
EMP11384,daniel_bains55,0,0.0,0,0.0,False
EMP10894,balhaar.shukla89,0,0.0,0,0.0,False
EMP10828,vincent.anne76,0,0.0,0,0.0,False
EMP11683,maanav.venkatesh88,0,0.0,0,0.0,False
EMP12653,andrew.sabharwal19,0,0.0,0,0.0,False
EMP12637,ijaya.naik56,0,0.0,0,0.0,False
EMP12589,pratyush.pillay84,0,0.0,0,0.0,False
EMP10652,ayush.srinivasan64,0,0.0,0,0.0,False
EMP10172,chakradhar.ravi22,0,0.0,0,0.0,False
EMP10038,girik.palla99,0,0.0,0,0.0,False
EMP12946,faris.khosla82,1,75.0,2,0.73,True
EMP10713,azaan.luthra2,0,0.0,0,0.0,False
EMP10090,yashasvi.chacko19,0,0.0,0,0.0,False
EMP11205,Unknown,1,75.0,2,0.73,True
EMP12549,neel.chad33,0,0.0,0,0.0,False
EMP12664,chanchal.chandran29,0,0.0,0,0.0,False
EMP11827,aditya.krishnan20,0,0.0,0,0.0,False
EMP11155,andrew.sura23,0,0.0,0,0.0,False
EMP11324,yash.rattan31,0,0.0,0,0.0,False
EMP10216,nitesh.devi69,0,0.0,0,0.0,False
EMP10510,waida.naik66,0,0.0,0,0.0,False
EMP11680,widisha.parikh34,0,0.0,0,0.0,False
EMP10499,umang.hans19,0,0.0,0,0.0,False
EMP12555,fitan.dada61,0,0.0,0,0.0,False
EMP11856,isha.nadkarni6,0,0.0,0,0.0,False
EMP11388,victor.dani26,0,0.0,0,0.0,False
EMP11519,jagvi.kar22,0,0.0,0,0.0,False
EMP12386,diya.vala41,0,0.0,0,0.0,False
EMP12804,libni.guha87,0,0.0,0,0.0,False
EMP12076,saumya.puri42,0,0.0,0,0.0,False
EMP11540,daksh.ravel78,0,0.0,0,0.0,False
EMP11217,harinakshi.bhatia16,0,0.0,0,0.0,False
EMP11416,ria.khare57,0,0.0,0,0.0,False
EMP12217,hiral.bobal16,0,0.0,0,0.0,False
EMP12596,hamsini.jayaraman36,0,0.0,0,0.0,False
EMP11676,balhaar.swaminathan14,0,0.0,0,0.0,False
EMP11197,oliver.venkataraman8,0,0.0,0,0.0,False
EMP11542,warinder.thakur28,0,0.0,0,0.0,False
EMP10953,laban.sankar95,0,0.0,0,0.0,False
EMP10750,wazir.bobal30,0,0.0,0,0.0,False
EMP10234,kabir.dhawan31,0,0.0,0,0.0,False
EMP10732,peter.khatri9,0,0.0,0,0.0,False
EMP11156,ria.srivastava51,0,0.0,0,0.0,False
EMP12652,oliver.seshadri52,0,0.0,0,0.0,False
EMP12445,madhavi.pandya32,0,0.0,0,0.0,False
EMP11209,oscar.bumb13,0,0.0,0,0.0,False
EMP11065,benjamin.toor48,0,0.0,0,0.0,False
EMP12156,oscar.tak70,0,0.0,0,0.0,False
EMP11062,vedant.halder11,0,0.0,0,0.0,False
EMP11167,yagnesh.goswami58,0,0.0,0,0.0,False
EMP11492,vasudha.sridhar67,0,0.0,0,0.0,False
EMP12550,charan.vora9,0,0.0,0,0.0,False
EMP10884,ayushman.ravi61,0,0.0,0,0.0,False
EMP10143,rushil.chauhan74,0,0.0,0,0.0,False
EMP10850,faqid.char88,0,0.0,0,0.0,False
EMP10717,nisha.nagarajan68,0,0.0,0,0.0,False
EMP12927,quincy.toor85,0,0.0,0,0.0,False
EMP12502,bina.agate14,0,0.0,0,0.0,False
EMP10264,laban.mangat50,0,0.0,0,0.0,False
EMP10075,maanas.chanda72,0,0.0,0,0.0,False
EMP12492,jonathan.krish81,0,0.0,0,0.0,False
EMP10395,charles.saini84,0,0.0,0,0.0,False
EMP12624,yahvi.oommen57,0,0.0,0,0.0,False
EMP12224,qushi.shenoy44,0,0.0,0,0.0,False
EMP12884,panini.gaba68,0,0.0,0,0.0,False
EMP10396,bhavini.bhakta53,0,0.0,0,0.0,False
EMP11365,osha.modi13,1,100.0,2,0.88,True
EMP12577,kala.rai4,0,0.0,0,0.0,False
EMP11903,amruta.modi14,0,0.0,0,0.0,False
EMP10595,chaitanya.sodhi25,0,0.0,0,0.0,False
EMP12109,nitesh.deol94,0,0.0,0,0.0,False
EMP11296,upma.warrior70,0,0.0,0,0.0,False
EMP11821,caleb.murty72,0,0.0,0,0.0,False
EMP10872,vanya.upadhyay82,0,0.0,0,0.0,False
EMP12997,naksh.bal73,0,0.0,0,0.0,False
EMP12326,jonathan.prakash23,0,0.0,0,0.0,False
EMP11548,suhani.kapur11,0,0.0,0,0.0,False
EMP10036,lipika.ahuja14,0,0.0,0,0.0,False
EMP12924,nirja.dutt28,0,0.0,0,0.0,False
EMP12143,ubika.ranganathan44,0,0.0,0,0.0,False
EMP12635,ikbal.sharaf98,0,0.0,0,0.0,False
EMP10977,udyati.trivedi33,0,0.0,0,0.0,False
EMP11571,Unknown,0,0.0,0,0.0,False
EMP11122,jacob.hayer63,0,0.0,0,0.0,False
EMP12239,zilmil.minhas52,0,0.0,0,0.0,False
EMP12504,jatin_das11,0,0.0,0,0.0,False
EMP11892,sudiksha.patil75,0,0.0,0,0.0,False
EMP10675,jackson.lad85,0,0.0,0,0.0,False
EMP10728,harita.lall46,0,0.0,0,0.0,False
EMP10412,rohan.dada48,0,0.0,0,0.0,False
EMP11516,ria.batra56,0,0.0,0,0.0,False
EMP11649,ekbal.dhar82,0,0.0,0,0.0,False
EMP10825,abeer.mishra34,1,100.0,2,0.88,True
EMP10616,isha.bir7,0,0.0,0,0.0,False
EMP10114,chatura.dube60,0,0.0,0,0.0,False
EMP10417,falguni.borde91,0,0.0,0,0.0,False
EMP11625,vansha.bhalla14,0,0.0,0,0.0,False
EMP10089,brijesh.din81,0,0.0,0,0.0,False
EMP12082,nikita.toor74,0,0.0,0,0.0,False
EMP10753,tanmayi.rai5,0,0.0,0,0.0,False
EMP12546,reva.nayak73,1,75.0,2,0.73,True
EMP11630,lakshmi.lalla82,0,0.0,0,0.0,False
EMP10011,wriddhish.dey59,0,0.0,0,0.0,False
EMP12444,raagini.bhakta93,0,0.0,0,0.0,False
EMP10284,nihal.kamdar76,0,0.0,0,0.0,False
EMP11066,ekansh.bawa43,0,0.0,0,0.0,False
EMP11191,ekbal.shah56,0,0.0,0,0.0,False
EMP11440,yutika.raju42,1,100.0,2,0.88,True
EMP12886,nathaniel.banerjee74,0,0.0,0,0.0,False
EMP12885,ekanta.bava97,0,0.0,0,0.0,False
EMP12793,raksha.dugal5,0,0.0,0,0.0,False
EMP11568,oviya.shukla26,0,0.0,0,0.0,False
EMP12427,oviya.mannan17,0,0.0,0,0.0,False
EMP12656,amaira.nath55,0,0.0,0,0.0,False
EMP11687,wridesh.karpe22,0,0.0,0,0.0,False
EMP10851,darpan.kapoor33,0,0.0,0,0.0,False
EMP12207,yutika.dugar86,0,0.0,0,0.0,False
EMP10895,hardik.basu90,0,0.0,0,0.0,False
EMP10496,ati_chaudhary14,0,0.0,0,0.0,False
EMP12305,viraj.chandran86,0,0.0,0,0.0,False
EMP11782,qadim.amble59,0,0.0,0,0.0,False
EMP10335,fariq.saxena84,1,75.0,2,0.73,True
EMP10515,Unknown,0,0.0,0,0.0,False
EMP11348,amaira.karpe43,0,0.0,0,0.0,False
EMP11015,eiravati.dyal26,0,0.0,0,0.0,False
EMP12893,anay.dubey90,0,0.0,0,0.0,False
EMP11781,vivaan.sur44,0,0.0,0,0.0,False
EMP12569,mitali.bhardwaj73,0,0.0,0,0.0,False
EMP11785,vidhi.banerjee77,0,0.0,0,0.0,False
EMP12070,Unknown,0,0.0,0,0.0,False
EMP10356,samaksh.munshi71,0,0.0,0,0.0,False
EMP12937,turvi.garg83,0,0.0,0,0.0,False
EMP11312,lekha.raman10,0,0.0,0,0.0,False
EMP11635,varenya.gopal89,0,0.0,0,0.0,False
EMP10550,harini.chakrabarti74,0,0.0,0,0.0,False
EMP12388,edhitha.kurian21,0,0.0,0,0.0,False
EMP12479,abdul.nair65,0,0.0,0,0.0,False
EMP12521,jackson.sarma53,0,0.0,0,0.0,False
EMP12265,charvi.saraf85,0,0.0,0,0.0,False
EMP11227,omya.mutti75,0,0.0,0,0.0,False
EMP12762,nathaniel.jhaveri55,0,0.0,0,0.0,False
EMP10957,gautami.chaudhry72,0,0.0,0,0.0,False
EMP11773,osha.purohit36,0,0.0,0,0.0,False
EMP12141,darpan.keer78,0,0.0,0,0.0,False
EMP11008,jason.ravi20,0,0.0,0,0.0,False
EMP11092,ati.kota16,0,0.0,0,0.0,False
EMP12756,karan.mohan54,0,0.0,0,0.0,False
EMP10996,oeshi.bal11,0,0.0,0,0.0,False
EMP11679,jacob.devan87,0,0.0,0,0.0,False
EMP10153,arunima.lanka10,0,0.0,0,0.0,False
EMP12867,banjeet.singh7,0,0.0,0,0.0,False
EMP10580,anay.palan12,0,0.0,0,0.0,False
EMP11470,vansha.lalla24,0,0.0,0,0.0,False
EMP10703,rachana_nath10,0,0.0,0,0.0,False
EMP11212,naksh.kalita55,0,0.0,0,0.0,False
EMP10896,omisha.raju69,0,0.0,0,0.0,False
EMP10487,aadi.hari72,0,0.0,0,0.0,False
EMP10559,elijah.mani33,0,0.0,0,0.0,False
EMP11141,champak.banerjee84,0,0.0,0,0.0,False
EMP11119,rajeshri.wagle66,0,0.0,0,0.0,False
EMP10512,chanchal.karan62,0,0.0,0,0.0,False
EMP10633,pahal_sidhu88,0,0.0,0,0.0,False
EMP11664,qabil.vig75,0,0.0,0,0.0,False
EMP11012,shivansh.korpal9,0,0.0,0,0.0,False
EMP11931,tamanna.ravi2,0,0.0,0,0.0,False
EMP11150,nicholas.swaminathan78,0,0.0,0,0.0,False
EMP12890,vedhika.sami86,0,0.0,0,0.0,False
EMP10116,wahab.bir90,0,0.0,0,0.0,False
EMP10740,devansh.raman6,0,0.0,0,0.0,False
EMP12846,waida.som50,0,0.0,0,0.0,False
EMP11974,wyatt.sibal38,0,0.0,0,0.0,False
EMP11081,vanya.om40,1,75.0,2,0.73,True
EMP11810,isaiah.merchant78,0,0.0,0,0.0,False
EMP10830,warjas.wason49,0,0.0,0,0.0,False
EMP10119,orinder.sarraf83,1,75.0,2,0.73,True
EMP10656,daksh.pau74,0,0.0,0,0.0,False
EMP12815,balhaar.khosla43,0,0.0,0,0.0,False
EMP12774,baghyawati.kumer77,0,0.0,0,0.0,False
EMP10635,lopa.sehgal19,0,0.0,0,0.0,False
EMP10369,jasmit.buch51,0,0.0,0,0.0,False
EMP10268,yagnesh.parikh71,0,0.0,0,0.0,False
EMP10046,aadi.boase41,0,0.0,0,0.0,False
EMP10991,anthony.vora42,0,0.0,0,0.0,False
EMP10876,aashi.sridhar24,0,0.0,0,0.0,False
EMP10773,banjeet.trivedi73,0,0.0,0,0.0,False
EMP11219,nilima.nanda54,0,0.0,0,0.0,False
EMP11126,liam.murthy21,0,0.0,0,0.0,False
EMP10004,ekalinga.balan13,0,0.0,0,0.0,False
EMP11595,xalak.sathe12,0,0.0,0,0.0,False
EMP12311,vasatika.vig48,0,0.0,0,0.0,False
EMP12958,qadim.zachariah98,0,0.0,0,0.0,False
EMP12491,unni.salvi40,0,0.0,0,0.0,False
EMP11077,veer.sekhon76,0,0.0,0,0.0,False
EMP10837,Unknown,0,0.0,0,0.0,False
EMP10681,abdul.mannan92,0,0.0,0,0.0,False
EMP11715,harinakshi.kohli18,0,0.0,0,0.0,False
EMP12352,ojas.shere59,0,0.0,0,0.0,False
EMP12617,hemangini.sundaram15,0,0.0,0,0.0,False
EMP12361,ethan.jani95,0,0.0,0,0.0,False
EMP12197,qasim.rout20,0,0.0,0,0.0,False
EMP11148,bhanumati.mukhopadhyay71,0,0.0,0,0.0,False
EMP10574,forum_devi62,0,0.0,0,0.0,False
EMP10050,zayan.pandit56,0,0.0,0,0.0,False
EMP10853,Unknown,0,0.0,0,0.0,False
EMP11982,parth.raval73,0,0.0,0,0.0,False
EMP11823,maanas.mangal75,0,0.0,0,0.0,False
EMP10833,jagdish.bhatia80,0,0.0,0,0.0,False
EMP11115,ishaan.prabhakar11,0,0.0,0,0.0,False
EMP11166,gauri.dass35,0,0.0,0,0.0,False
EMP12518,rushil.kuruvilla99,0,0.0,0,0.0,False
EMP11906,abeer.palla55,0,0.0,0,0.0,False
EMP10971,chavvi.loyal80,0,0.0,0,0.0,False
EMP12701,baghyawati.nori89,1,75.0,2,0.73,True
EMP10399,dipta.date61,0,0.0,0,0.0,False
EMP12559,tristan.agarwal66,1,75.0,2,0.73,True
EMP12368,lohit.sarma91,1,75.0,2,0.73,True
EMP10019,vasana_bhasin70,0,0.0,0,0.0,False
EMP10684,kashish_sarin22,0,0.0,0,0.0,False
EMP10035,tamanna.karan84,0,0.0,0,0.0,False
EMP12914,timothy.doshi94,0,0.0,0,0.0,False
EMP10524,zarna.bora26,0,0.0,0,0.0,False
EMP12455,devansh.deshmukh67,0,0.0,0,0.0,False
EMP10920,lakshit.divan84,0,0.0,0,0.0,False
EMP11841,gaurav.gala79,0,0.0,0,0.0,False
EMP11890,zansi.baria53,0,0.0,0,0.0,False
EMP10537,kiaan.hari8,0,0.0,0,0.0,False
EMP11705,arin.bir11,0,0.0,0,0.0,False
EMP10245,netra.mitter48,0,0.0,0,0.0,False
EMP10784,charles.kohli47,1,100.0,2,0.88,True
EMP11409,anay.din8,0,0.0,0,0.0,False
EMP12537,girindra.peri83,1,100.0,2,0.88,True
EMP10154,gagan.pandey3,0,0.0,0,0.0,False
EMP11686,ekani.bhat62,0,0.0,0,0.0,False
EMP10625,dominic.loyal90,0,0.0,0,0.0,False
EMP12962,meghana.sethi13,0,0.0,0,0.0,False
EMP11346,anirudh.ahuja57,0,0.0,0,0.0,False
EMP10569,wridesh.bedi4,0,0.0,0,0.0,False
EMP11758,naksh.madan88,0,0.0,0,0.0,False
EMP11816,alexander.dhar96,0,0.0,0,0.0,False
EMP12065,dev.barad20,0,0.0,0,0.0,False
EMP10127,Unknown,0,0.0,0,0.0,False
EMP12006,Unknown,0,0.0,0,0.0,False
EMP10980,imaran.dayal67,0,0.0,0,0.0,False
EMP10190,anjali.ganesan67,1,100.0,2,0.88,True
EMP11139,ranveer.rattan17,0,0.0,0,0.0,False
EMP10992,charita.kala61,1,75.0,2,0.73,True
EMP10699,yatan.randhawa50,1,100.0,2,0.88,True
EMP10606,hemani.bose33,0,0.0,0,0.0,False
EMP10180,bhavika.subramanian78,0,0.0,0,0.0,False
EMP10301,abeer.bhatnagar33,0,0.0,0,0.0,False
EMP12544,jason.memon54,0,0.0,0,0.0,False
EMP12860,isha.mand56,0,0.0,0,0.0,False
EMP11060,charan.dua15,0,0.0,0,0.0,False
EMP12964,samarth.patla52,0,0.0,0,0.0,False
EMP12565,vanya.atwal53,0,0.0,0,0.0,False
EMP11069,vihaan.oak52,0,0.0,0,0.0,False
EMP12524,dominic.talwar30,0,0.0,0,0.0,False
EMP12205,avni.sani5,0,0.0,0,0.0,False
EMP11243,Unknown,0,0.0,0,0.0,False
EMP10016,jacob.ranganathan48,0,0.0,0,0.0,False
EMP10546,bhanumati.ranganathan44,1,100.0,2,0.88,True
EMP10658,nitesh.garg36,0,0.0,0,0.0,False
EMP12787,sachi.sane26,0,0.0,0,0.0,False
EMP12818,henry.nori8,0,0.0,0,0.0,False
EMP11504,qabil.sharma49,0,0.0,0,0.0,False
EMP10959,ira.bhatnagar90,0,0.0,0,0.0,False
EMP12331,janani.dugar16,0,0.0,0,0.0,False
EMP10797,harita.koshy69,0,0.0,0,0.0,False
EMP10225,aahana.rama22,0,0.0,0,0.0,False
EMP12074,qadim.mallick75,0,0.0,0,0.0,False
EMP11799,kamya.ganesan47,0,0.0,0,0.0,False
EMP12485,kamya.deo83,0,0.0,0,0.0,False
EMP12277,luke.puri22,0,0.0,0,0.0,False
EMP12085,Unknown,0,0.0,0,0.0,False
EMP11693,madhav.murthy19,0,0.0,0,0.0,False
EMP11045,anjali.bhalla61,0,0.0,0,0.0,False
EMP10469,kavya.pandit75,0,0.0,0,0.0,False
EMP10954,balendra.chada93,0,0.0,0,0.0,False
EMP12735,irya.mall82,1,75.0,2,0.73,True
EMP10639,gabriel.dugal63,0,0.0,0,0.0,False
EMP12863,darsh_bera88,0,0.0,0,0.0,False
EMP11218,karan.goda65,0,0.0,0,0.0,False
EMP11158,ikshita.sampath2,0,0.0,0,0.0,False
EMP11415,nihal.varkey79,0,0.0,0,0.0,False
EMP12934,gaurav.bains91,0,0.0,0,0.0,False
EMP11527,Unknown,0,0.0,0,0.0,False
EMP11300,Unknown,0,0.0,0,0.0,False
EMP12952,chakrika.ratta76,0,0.0,0,0.0,False
EMP11603,nicholas.tara41,0,0.0,0,0.0,False
EMP10160,leena.dhar76,0,0.0,0,0.0,False
EMP11704,abeer.goel2,0,0.0,0,0.0,False
EMP10956,devika.contractor43,0,0.0,0,0.0,False
EMP10877,amara.sawhney88,0,0.0,0,0.0,False
EMP11919,aachal.tara39,0,0.0,0,0.0,False
EMP11884,ranbir.bobal52,0,0.0,0,0.0,False
EMP12200,yatan.panchal49,0,0.0,0,0.0,False
EMP10098,maya.yadav97,0,0.0,0,0.0,False
EMP12912,chaitaly.seshadri29,0,0.0,0,0.0,False
EMP12557,brinda.sibal86,0,0.0,0,0.0,False
EMP10253,forum.sharma83,0,0.0,0,0.0,False
EMP10103,ira.mohanty76,0,0.0,0,0.0,False
EMP11445,urvashi_dugar39,0,0.0,0,0.0,False
EMP11443,xavier.sarma77,0,0.0,0,0.0,False
EMP11648,parth.varma79,0,0.0,0,0.0,False
EMP10586,nicholas.tailor28,0,0.0,0,0.0,False
EMP10627,tara.devan13,0,0.0,0,0.0,False
EMP11696,amrita.saran42,0,0.0,0,0.0,False
EMP12101,agastya.sule56,0,0.0,0,0.0,False
EMP12199,deepa.verma2,0,0.0,0,0.0,False
EMP10403,ethan.setty54,0,0.0,0,0.0,False
EMP11154,rachita.peri30,0,0.0,0,0.0,False
EMP12255,ekbal.vaidya45,1,75.0,2,0.73,True
EMP11682,azad.sahota28,0,0.0,0,0.0,False
EMP12056,Unknown,0,0.0,0,0.0,False
EMP12929,triveni.prasad4,0,0.0,0,0.0,False
EMP10452,udyati.sangha89,0,0.0,0,0.0,False
EMP12301,yauvani.viswanathan80,0,0.0,0,0.0,False
EMP11327,zayyan.naidu85,0,0.0,0,0.0,False
EMP12049,kalpit.bahri99,1,75.0,2,0.73,True
EMP10880,advay.sekhon37,0,0.0,0,0.0,False
EMP10623,deepa.bahl95,0,0.0,0,0.0,False
EMP12393,fitan.vohra30,0,0.0,0,0.0,False
EMP12856,bishakha.vohra41,0,0.0,0,0.0,False
EMP11787,lajita.buch96,0,0.0,0,0.0,False
EMP10262,ekaraj_bhatnagar68,0,0.0,0,0.0,False
EMP11634,xavier.thaker63,0,0.0,0,0.0,False
EMP11438,joshua.patel12,0,0.0,0,0.0,False
EMP12198,abhiram.bhatt67,0,0.0,0,0.0,False
EMP11969,theodore.pandya55,0,0.0,0,0.0,False
EMP12520,anamika.hegde80,0,0.0,0,0.0,False
EMP11802,hemani.saxena71,0,0.0,0,0.0,False
EMP10640,raksha.chandra35,0,0.0,0,0.0,False
EMP12385,tanveer.kapur63,0,0.0,0,0.0,False
EMP12598,teerth.naidu2,0,0.0,0,0.0,False
EMP12915,ria.dar13,0,0.0,0,0.0,False
EMP11959,nathaniel.das13,0,0.0,0,0.0,False
EMP10488,maanas.anand32,0,0.0,0,0.0,False
EMP11843,sarthak.baria90,0,0.0,0,0.0,False
EMP11734,arunima.chad1,0,0.0,0,0.0,False
EMP10146,maanas.reddy9,0,0.0,0,0.0,False
EMP11534,xavier.bal12,0,0.0,0,0.0,False
EMP11986,yahvi.bhat30,0,0.0,0,0.0,False
EMP11369,sachi.mishra30,0,0.0,0,0.0,False
EMP12450,hiral.bansal2,0,0.0,0,0.0,False
EMP12811,forum_kala10,0,0.0,0,0.0,False
EMP10659,pahal.sethi94,0,0.0,0,0.0,False
EMP11794,chatura.gopal50,0,0.0,0,0.0,False
EMP12511,ekani.subramanian65,0,0.0,0,0.0,False
EMP10186,ishwar.bora23,0,0.0,0,0.0,False
EMP11147,yashodhara.minhas2,0,0.0,0,0.0,False
EMP10608,yagnesh.dutta71,1,75.0,2,0.73,True
EMP12191,varsha.sekhon93,0,0.0,0,0.0,False
EMP12799,yashodhara.desai66,0,0.0,0,0.0,False
EMP11930,upma.mani95,0,0.0,0,0.0,False
EMP10197,fitan.om64,0,0.0,0,0.0,False
EMP12327,forum.kaur45,0,0.0,0,0.0,False
EMP10293,Unknown,0,0.0,0,0.0,False
EMP10766,vedika_kala75,0,0.0,0,0.0,False
EMP10400,hemang.rana70,0,0.0,0,0.0,False
EMP10122,osha.chakraborty87,0,0.0,0,0.0,False
EMP10202,adweta.bera51,1,75.0,2,0.73,True
EMP10835,samesh.amble26,0,0.0,0,0.0,False
EMP12294,Unknown,1,100.0,2,0.88,True
EMP11439,bhavya.morar24,0,0.0,0,0.0,False
EMP11733,vivaan.sagar91,1,100.0,2,0.88,True
EMP11695,fiyaz.mishra48,0,0.0,0,0.0,False
EMP11707,hemal_rama76,0,0.0,0,0.0,False
EMP12999,girik.upadhyay76,0,0.0,0,0.0,False
EMP11153,zehaan.ahluwalia27,0,0.0,0,0.0,False
EMP11661,rachana.badami21,0,0.0,0,0.0,False
EMP12432,bhavika.mangat15,0,0.0,0,0.0,False
EMP11759,gautami.chaudhary73,0,0.0,0,0.0,False
EMP10854,upkaar_pathak71,0,0.0,0,0.0,False
EMP11589,gaurangi.patel7,0,0.0,0,0.0,False
EMP12267,nandini.sabharwal70,0,0.0,0,0.0,False
EMP10641,qadim.kari79,0,0.0,0,0.0,False
EMP10001,anjali.sandal70,0,0.0,0,0.0,False
EMP12160,ladli.chanda88,0,0.0,0,0.0,False
EMP10698,yashvi.korpal54,0,0.0,0,0.0,False
EMP11636,yasti.wagle42,0,0.0,0,0.0,False
EMP11291,gayathri.cherian73,0,0.0,0,0.0,False
EMP12941,sarthak.aggarwal71,0,0.0,0,0.0,False
EMP12489,ronith.toor73,0,0.0,0,0.0,False
EMP11520,kevin.vig54,1,75.0,2,0.73,True
EMP11853,falak.konda81,0,0.0,0,0.0,False
EMP11136,chaman_ravi35,0,0.0,0,0.0,False
EMP12984,krish.nair87,0,0.0,0,0.0,False
EMP11631,libni.ahuja85,0,0.0,0,0.0,False
EMP11998,nakul.sastry75,0,0.0,0,0.0,False
EMP10663,urmi.dixit82,0,0.0,0,0.0,False
EMP10683,shaurya.saini86,0,0.0,0,0.0,False
EMP11257,kala.cheema20,0,0.0,0,0.0,False
EMP10317,girik.merchant23,0,0.0,0,0.0,False
EMP10648,tripti.karpe21,0,0.0,0,0.0,False
EMP11434,tanmayi.cherian36,0,0.0,0,0.0,False
EMP11479,patrick.dewan49,0,0.0,0,0.0,False
EMP10709,christopher.rajagopal44,0,0.0,0,0.0,False
EMP11282,jason.doshi92,0,0.0,0,0.0,False
EMP11768,anvi.mukherjee10,0,0.0,0,0.0,False
EMP10972,zaitra.hayre49,0,0.0,0,0.0,False
EMP12675,ronith.madan37,0,0.0,0,0.0,False
EMP12680,ranveer.gokhale2,0,0.0,0,0.0,False
EMP11306,Unknown,0,0.0,0,0.0,False
EMP11400,vrishti.nadig44,0,0.0,0,0.0,False
EMP11408,balendra.dixit9,0,0.0,0,0.0,False
EMP12237,Unknown,0,0.0,0,0.0,False
EMP11496,veda_gala19,0,0.0,0,0.0,False
EMP12038,jagvi.morar29,0,0.0,0,0.0,False
EMP11529,chakradhar.basak98,0,0.0,0,0.0,False
EMP11663,jagrati.bava61,1,100.0,2,0.88,True
EMP11354,vedika.de89,0,0.0,0,0.0,False
EMP11643,odika.varughese57,0,0.0,0,0.0,False
EMP11051,yamini.thakur93,0,0.0,0,0.0,False
EMP10795,aditya.nagarajan68,0,0.0,0,0.0,False
EMP12693,shaurya.gade38,0,0.0,0,0.0,False
EMP11597,isha.bhargava57,0,0.0,0,0.0,False
EMP12604,Unknown,0,0.0,0,0.0,False
EMP12729,Unknown,1,75.0,2,0.73,True
EMP12625,caleb.loke19,0,0.0,0,0.0,False
EMP11819,nitara.dass84,0,0.0,0,0.0,False
EMP11722,jyoti.gaba89,0,0.0,0,0.0,False
EMP11183,azaan.nigam47,0,0.0,0,0.0,False
EMP12572,nathan.wali44,0,0.0,0,0.0,False
EMP11059,wridesh.dass37,1,100.0,2,0.88,True
EMP10540,zinal.samra91,0,0.0,0,0.0,False
EMP11678,alka_tata42,0,0.0,0,0.0,False
EMP12796,charvi.krishnan2,0,0.0,0,0.0,False
EMP12974,adweta.grewal52,0,0.0,0,0.0,False
EMP12532,advaith.kumar2,0,0.0,0,0.0,False
EMP11757,yashvi.sanghvi32,0,0.0,0,0.0,False
EMP11923,jatin.bansal55,0,0.0,0,0.0,False
EMP10095,pranav.apte61,0,0.0,0,0.0,False
EMP11020,yochana.johal10,0,0.0,0,0.0,False
EMP10563,unnati.rau74,0,0.0,0,0.0,False
EMP12790,chaman.acharya41,0,0.0,0,0.0,False
EMP10863,benjamin.rajan54,0,0.0,0,0.0,False
EMP11484,Unknown,0,0.0,0,0.0,False
EMP12939,dhruv.narain96,0,0.0,0,0.0,False
EMP11881,nidra_nagar68,0,0.0,0,0.0,False
EMP11038,samaksh.acharya5,0,0.0,0,0.0,False
EMP10206,mitali.raja39,0,0.0,0,0.0,False
EMP10392,gaurav.dey45,0,0.0,0,0.0,False
EMP12842,isaac.raj84,0,0.0,0,0.0,False
EMP10870,ucchal.pingle64,0,0.0,0,0.0,False
EMP10397,kala.jani71,0,0.0,0,0.0,False
EMP12814,harini.tandon3,0,0.0,0,0.0,False
EMP12968,guneet.dewan24,0,0.0,0,0.0,False
EMP11028,aditya.anne26,0,0.0,0,0.0,False
EMP12690,oviya.ganguly15,0,0.0,0,0.0,False
EMP11485,harita.patel53,0,0.0,0,0.0,False
EMP12660,girik.bhat27,0,0.0,0,0.0,False
EMP10960,mason.rao36,0,0.0,0,0.0,False
EMP11570,xavier.hayre29,0,0.0,0,0.0,False
EMP12773,Unknown,0,0.0,0,0.0,False
EMP11895,ayushman.dave16,0,0.0,0,0.0,False
EMP12731,shivansh.mani61,0,0.0,0,0.0,False
EMP12146,ranbir.om18,0,0.0,0,0.0,False
EMP10804,janya.sinha66,0,0.0,0,0.0,False
EMP11751,abhimanyu.edwin12,0,0.0,0,0.0,False
EMP12454,arunima.khare25,0,0.0,0,0.0,False
EMP10502,jagdish.panchal9,0,0.0,0,0.0,False
EMP10779,qabil.bhavsar61,0,0.0,0,0.0,False
EMP11863,Unknown,0,0.0,0,0.0,False
EMP10200,yashoda.lad92,0,0.0,0,0.0,False
EMP12182,ojas.din58,0,0.0,0,0.0,False
EMP12088,timothy.chad15,1,100.0,2,0.88,True
EMP12278,liam.goda44,0,0.0,0,0.0,False
EMP11796,teerth.sura19,0,0.0,0,0.0,False
EMP10378,falguni.gera65,0,0.0,0,0.0,False
EMP12336,yatin.patla20,0,0.0,0,0.0,False
EMP10418,jairaj.arora48,0,0.0,0,0.0,False
EMP11698,mahika.sarraf31,0,0.0,0,0.0,False
EMP10391,chaman.bhakta14,0,0.0,0,0.0,False
EMP12640,rajeshri_trivedi41,0,0.0,0,0.0,False
EMP11522,gunbir.rajagopal8,0,0.0,0,0.0,False
EMP11162,jasmit.keer54,0,0.0,0,0.0,False
EMP11495,darpan.morar14,0,0.0,0,0.0,False
EMP12695,sai.mann23,1,75.0,2,0.73,True
EMP12027,bhavika.mall58,0,0.0,0,0.0,False
EMP11152,tanmayi.dara69,0,0.0,0,0.0,False
EMP11367,unnati.sane95,0,0.0,0,0.0,False
EMP12568,netra_kumar59,0,0.0,0,0.0,False
EMP10064,onveer.seshadri42,0,0.0,0,0.0,False
EMP12062,manan.bhattacharyya67,0,0.0,0,0.0,False
EMP11180,frederick_cheema35,0,0.0,0,0.0,False
EMP10492,anamika.mutti95,0,0.0,0,0.0,False
EMP10379,tejas.nagy36,0,0.0,0,0.0,False
EMP12235,pahal_pingle94,0,0.0,0,0.0,False
EMP10763,nitesh.sekhon11,0,0.0,0,0.0,False
EMP12264,yoshita.kaur51,0,0.0,0,0.0,False
EMP10791,ishani.date54,0,0.0,0,0.0,False
EMP11076,bina.rana72,0,0.0,0,0.0,False
EMP10878,irya.manda85,0,0.0,0,0.0,False
EMP10337,lucky.balakrishnan2,0,0.0,0,0.0,False
EMP12767,pahal.chokshi86,0,0.0,0,0.0,False
EMP12343,anamika.anne36,0,0.0,0,0.0,False
EMP11016,neel.joshi63,0,0.0,0,0.0,False
EMP11275,dhriti.hegde74,0,0.0,0,0.0,False
EMP10455,aarnav.sanghvi57,0,0.0,0,0.0,False
EMP10815,samesh.padmanabhan9,0,0.0,0,0.0,False
EMP12317,zilmil.kara36,0,0.0,0,0.0,False
EMP10995,triveni.keer58,0,0.0,0,0.0,False
EMP11981,logan.nagi59,0,0.0,0,0.0,False
EMP10201,warhi.sharma4,0,0.0,0,0.0,False
EMP10161,timothy.hegde37,0,0.0,0,0.0,False
EMP11579,naksh.sekhon89,0,0.0,0,0.0,False
EMP12777,yamini.lal74,0,0.0,0,0.0,False
EMP12449,azad.natarajan76,0,0.0,0,0.0,False
EMP10702,anjali.merchant97,0,0.0,0,0.0,False
EMP11500,falak.bhattacharyya87,0,0.0,0,0.0,False
EMP11129,anay.barad50,0,0.0,0,0.0,False
EMP12613,jagdish.sinha46,0,0.0,0,0.0,False
EMP11021,gaurika.raman60,0,0.0,0,0.0,False
EMP11585,Unknown,0,0.0,0,0.0,False
EMP11955,ronith.narayan29,0,0.0,0,0.0,False
EMP12253,hitesh.dani91,1,75.0,2,0.73,True
EMP10034,lajita.varkey45,0,0.0,0,0.0,False
EMP10775,vamakshi.chacko24,0,0.0,0,0.0,False
EMP12556,siya.baria89,0,0.0,0,0.0,False
EMP11478,rudra.chakrabarti73,0,0.0,0,0.0,False
EMP11390,lakshmi_madan63,1,75.0,2,0.73,True
EMP12139,wridesh.jha71,0,0.0,0,0.0,False
EMP11363,chatura.sankar90,0,0.0,0,0.0,False
EMP12945,ekapad.dass17,0,0.0,0,0.0,False
EMP12612,advay.dani76,0,0.0,0,0.0,False
EMP12824,dominic.borde50,0,0.0,0,0.0,False
EMP12041,advaith.choudhary34,0,0.0,0,0.0,False
EMP10241,varenya.narain82,0,0.0,0,0.0,False
EMP12061,harish.sura83,0,0.0,0,0.0,False
EMP12363,peter.sampath76,0,0.0,0,0.0,False
EMP10600,pallavi.deshpande10,0,0.0,0,0.0,False
EMP12435,vasana.pandey31,0,0.0,0,0.0,False
EMP11297,zansi.sodhi24,0,0.0,0,0.0,False
EMP12214,samuel.acharya59,1,100.0,2,0.88,True
EMP12888,mekhala.jani12,0,0.0,0,0.0,False
EMP12068,fariq_dayal84,0,0.0,0,0.0,False
EMP10646,nirja.rau58,0,0.0,0,0.0,False
EMP11528,udyati_thaker20,0,0.0,0,0.0,False
EMP12879,nirja_mani53,0,0.0,0,0.0,False
EMP11267,indira.tella80,1,75.0,2,0.73,True
EMP11899,rayaan.srinivas61,0,0.0,0,0.0,False
EMP10562,manan.desai49,1,75.0,2,0.73,True
EMP12734,xavier.kade65,0,0.0,0,0.0,False
EMP10189,kai.sastry56,0,0.0,0,0.0,False
EMP11806,shivansh.goyal35,0,0.0,0,0.0,False
EMP10975,azad.baral80,0,0.0,0,0.0,False
EMP12747,chanakya.keer83,1,75.0,2,0.73,True
EMP12047,tamanna.mital68,0,0.0,0,0.0,False
EMP12558,nidra.vasa97,0,0.0,0,0.0,False
EMP11082,om_jain49,0,0.0,0,0.0,False
EMP10474,ekani.wadhwa15,0,0.0,0,0.0,False
EMP12904,charan.narang96,0,0.0,0,0.0,False
EMP10747,yashica.patla7,0,0.0,0,0.0,False
EMP12300,jeevika.bhardwaj87,0,0.0,0,0.0,False
EMP10021,alexander.sha81,0,0.0,0,0.0,False
EMP10459,advika.dey22,1,75.0,2,0.73,True
EMP11184,ira.tripathi2,0,0.0,0,0.0,False
EMP12324,krishna.panchal99,0,0.0,0,0.0,False
EMP10955,janya.kuruvilla44,0,0.0,0,0.0,False
EMP11215,gopal.nath97,0,0.0,0,0.0,False
EMP12433,osha_dora22,0,0.0,0,0.0,False
EMP12853,advika.thakur47,0,0.0,0,0.0,False
EMP11515,yashoda.kalita15,0,0.0,0,0.0,False
EMP12391,pooja.iyengar59,0,0.0,0,0.0,False
EMP10769,Unknown,0,0.0,0,0.0,False
EMP11685,zaid.kata76,0,0.0,0,0.0,False
EMP10130,arjun.deol3,0,0.0,0,0.0,False
EMP12919,baghyawati.boase84,0,0.0,0,0.0,False
EMP12135,arunima.sharaf86,0,0.0,0,0.0,False
EMP11482,simon.srinivasan98,0,0.0,0,0.0,False
EMP10330,madhavi.saraf42,0,0.0,0,0.0,False
EMP11238,brinda.kade46,0,0.0,0,0.0,False
EMP10466,tanvi.mane92,0,0.0,0,0.0,False
EMP12169,banjeet.bains78,0,0.0,0,0.0,False
EMP11638,daniel.kala5,0,0.0,0,0.0,False
EMP11095,nicholas.sur69,0,0.0,0,0.0,False
EMP11130,radhika.sampath31,0,0.0,0,0.0,False
EMP11294,forum.gala78,0,0.0,0,0.0,False
EMP10860,alexander.d’alia12,0,0.0,0,0.0,False
