entity_id,entity_type,username,department,traceone_risk_score,risk_level,risk_confidence_score,risk_confidence_level,independent_signal_count,multi_signal_multiplier,source_iam_risk_indicator,source_iam_risk_quality,eligibility_status,counter_evidence,primary_hypothesis
EMP12741,USER,omkaar.chana52,Supply Chain,21.08,LOW,0.49,LOW,1,1.0,Unknown,UNKNOWN,INSUFFICIENT_HISTORY,INSUFFICIENT_BASELINE_HISTORY; ZERO_MFA_FAILURES_OBSERVED,NO_ACTIONABLE_HYPOTHESIS
EMP11307,USER,ethan.narasimhan97,Legal,12.65,LOW,0.92,HIGH,0,1.0,Unknown,UNKNOWN,SUFFICIENT_HISTORY,ZERO_MFA_FAILURES_OBSERVED,NO_ACTIONABLE_HYPOTHESIS
EMP11601,USER,ethan.choudhry47,Marketing,8.43,LOW,0.35,LOW,0,1.0,Unknown,UNKNOWN,INSUFFICIENT_HISTORY,INSUFFICIENT_BASELINE_HISTORY; ZERO_MFA_FAILURES_OBSERVED,NO_ACTIONABLE_HYPOTHESIS
EMP12621,USER,vedant_panchal60,Support,0.0,LOW,0.765,MEDIUM,0,1.0,Unknown,UNKNOWN,SUFFICIENT_HISTORY,ZERO_MFA_FAILURES_OBSERVED,NO_ACTIONABLE_HYPOTHESIS
EMP12029,USER,gayathri.mohanty65,R&D,0.0,LOW,0.45,LOW,0,1.0,Unknown,UNKNOWN,INSUFFICIENT_HISTORY,INSUFFICIENT_BASELINE_HISTORY; ZERO_MFA_FAILURES_OBSERVED,NO_ACTIONABLE_HYPOTHESIS
EMP11950,USER,garima.chaudhary44,Call Center,4.22,LOW,0.7383,MEDIUM,0,1.0,Unknown,UNKNOWN,SUFFICIENT_HISTORY,ZERO_MFA_FAILURES_OBSERVED,NO_ACTIONABLE_HYPOTHESIS
EMP12718,USER,vrishti.dewan18,Compliance,18.27,LOW,0.615,MEDIUM,0,1.0,Unknown,UNKNOWN,SUFFICIENT_HISTORY,ZERO_MFA_FAILURES_OBSERVED,NO_ACTIONABLE_HYPOTHESIS
EMP10184,USER,Unknown,IT,8.43,LOW,0.895,HIGH,0,1.0,Unknown,UNKNOWN,SUFFICIENT_HISTORY,ZERO_MFA_FAILURES_OBSERVED,NO_ACTIONABLE_HYPOTHESIS
EMP12400,USER,peter.sama77,IT,25.29,LOW,0.9273,HIGH,0,1.0,Unknown,UNKNOWN,SUFFICIENT_HISTORY,ZERO_MFA_FAILURES_OBSERVED,NO_ACTIONABLE_HYPOTHESIS
EMP10194,USER,ayush.dua87,R&D,100.0,CRITICAL,0.9619,HIGH,3,1.5,Unknown,UNKNOWN,SUFFICIENT_HISTORY,ZERO_MFA_FAILURES_OBSERVED,POSSIBLE_CREDENTIAL_COMPROMISE; POSSIBLE_ACCOUNT_TAKEOVER; POSSIBLE_ANOMALOUS_DATA_EXFILTRATION
EMP12798,USER,abhimanyu.trivedi4,Sales,12.65,LOW,0.9333,HIGH,0,1.0,Unknown,UNKNOWN,SUFFICIENT_HISTORY,ZERO_MFA_FAILURES_OBSERVED,NO_ACTIONABLE_HYPOTHESIS
EMP11195,USER,christopher.toor37,Legal,0.0,LOW,0.55,MEDIUM,0,1.0,Unknown,UNKNOWN,INSUFFICIENT_HISTORY,INSUFFICIENT_BASELINE_HISTORY; ZERO_MFA_FAILURES_OBSERVED,NO_ACTIONABLE_HYPOTHESIS
EMP11406,USER,urishilla.bhatt88,Sales,0.0,LOW,0.815,HIGH,0,1.0,Unknown,UNKNOWN,SUFFICIENT_HISTORY,ZERO_MFA_FAILURES_OBSERVED,NO_ACTIONABLE_HYPOTHESIS
EMP10314,USER,girindra.dhaliwal46,R&D,8.43,LOW,0.7383,MEDIUM,0,1.0,Unknown,UNKNOWN,SUFFICIENT_HISTORY,ZERO_MFA_FAILURES_OBSERVED,NO_ACTIONABLE_HYPOTHESIS
EMP10102,USER,gaurangi.samra66,Finance,0.0,LOW,0.55,MEDIUM,0,1.0,Unknown,UNKNOWN,INSUFFICIENT_HISTORY,INSUFFICIENT_BASELINE_HISTORY; ZERO_MFA_FAILURES_OBSERVED,NO_ACTIONABLE_HYPOTHESIS
EMP11437,USER,waida.anand56,Operations,8.43,LOW,0.865,HIGH,0,1.0,Unknown,UNKNOWN,SUFFICIENT_HISTORY,ZERO_MFA_FAILURES_OBSERVED,NO_ACTIONABLE_HYPOTHESIS
EMP12959,USER,libni.lala75,Sales,4.22,LOW,0.96,HIGH,0,1.0,Unknown,UNKNOWN,SUFFICIENT_HISTORY,ZERO_MFA_FAILURES_OBSERVED,NO_ACTIONABLE_HYPOTHESIS
EMP11221,USER,qabil.lanka74,Legal,6.74,LOW,0.815,HIGH,0,1.0,Unknown,UNKNOWN,SUFFICIENT_HISTORY,ZERO_MFA_FAILURES_OBSERVED,NO_ACTIONABLE_HYPOTHESIS
EMP12935,USER,abha.naik17,Procurement,8.43,LOW,0.775,MEDIUM,0,1.0,Unknown,UNKNOWN,SUFFICIENT_HISTORY,ZERO_MFA_FAILURES_OBSERVED,NO_ACTIONABLE_HYPOTHESIS
EMP10705,USER,bimala.raval96,Marketing,21.08,LOW,0.9273,HIGH,0,1.0,Unknown,UNKNOWN,SUFFICIENT_HISTORY,ZERO_MFA_FAILURES_OBSERVED,NO_ACTIONABLE_HYPOTHESIS
EMP12234,USER,tristan.ravi53,Operations,4.22,LOW,0.835,HIGH,0,1.0,Unknown,UNKNOWN,SUFFICIENT_HISTORY,ZERO_MFA_FAILURES_OBSERVED,NO_ACTIONABLE_HYPOTHESIS
EMP11973,USER,edhitha.pathak81,R&D,16.86,LOW,0.9333,HIGH,1,1.0,Unknown,UNKNOWN,SUFFICIENT_HISTORY,ZERO_MFA_FAILURES_OBSERVED,NO_ACTIONABLE_HYPOTHESIS
EMP11517,USER,anita.dutt25,Human Resources,11.45,LOW,0.8506,HIGH,0,1.0,Unknown,UNKNOWN,SUFFICIENT_HISTORY,ZERO_MFA_FAILURES_OBSERVED,NO_ACTIONABLE_HYPOTHESIS
EMP12976,USER,aayush.koshy48,Sales,25.29,LOW,0.805,HIGH,0,1.0,Unknown,UNKNOWN,SUFFICIENT_HISTORY,ZERO_MFA_FAILURES_OBSERVED,NO_ACTIONABLE_HYPOTHESIS
EMP12232,USER,Unknown,Operations,0.0,LOW,0.695,MEDIUM,0,1.0,Unknown,UNKNOWN,SUFFICIENT_HISTORY,ZERO_MFA_FAILURES_OBSERVED,NO_ACTIONABLE_HYPOTHESIS
EMP10178,USER,tanveer.ghose11,Operations,9.48,LOW,0.815,HIGH,0,1.0,Unknown,UNKNOWN,SUFFICIENT_HISTORY,ZERO_MFA_FAILURES_OBSERVED,NO_ACTIONABLE_HYPOTHESIS
EMP12030,USER,urishilla.dugar5,Customer Support,72.02,HIGH,1.0,HIGH,2,1.25,Unknown,UNKNOWN,SUFFICIENT_HISTORY,ZERO_MFA_FAILURES_OBSERVED,POSSIBLE_CREDENTIAL_COMPROMISE; POSSIBLE_ACCOUNT_TAKEOVER
EMP12926,USER,ronith.bhatti96,Sales,0.0,LOW,0.52,MEDIUM,0,1.0,Unknown,UNKNOWN,INSUFFICIENT_HISTORY,INSUFFICIENT_BASELINE_HISTORY; ZERO_MFA_FAILURES_OBSERVED,NO_ACTIONABLE_HYPOTHESIS
EMP10611,USER,Unknown,Procurement,10.96,LOW,0.775,MEDIUM,0,1.0,Unknown,UNKNOWN,SUFFICIENT_HISTORY,ZERO_MFA_FAILURES_OBSERVED,NO_ACTIONABLE_HYPOTHESIS
EMP10679,USER,ira.khanna17,IT Support,1.99,LOW,0.805,HIGH,0,1.0,Unknown,UNKNOWN,SUFFICIENT_HISTORY,ZERO_MFA_FAILURES_OBSERVED,NO_ACTIONABLE_HYPOTHESIS
EMP10152,USER,finn.vig49,Support,100.0,CRITICAL,0.9368,HIGH,3,1.5,Unknown,UNKNOWN,SUFFICIENT_HISTORY,ZERO_MFA_FAILURES_OBSERVED,POSSIBLE_CREDENTIAL_COMPROMISE; POSSIBLE_ACCOUNT_TAKEOVER; POSSIBLE_ANOMALOUS_DATA_EXFILTRATION
EMP12484,USER,aahana.seth4,Sales,8.43,LOW,0.865,HIGH,0,1.0,Unknown,UNKNOWN,SUFFICIENT_HISTORY,ZERO_MFA_FAILURES_OBSERVED,NO_ACTIONABLE_HYPOTHESIS
EMP11025,USER,darsh.patla51,Finance,25.0,LOW,1.0,HIGH,1,1.0,Unknown,UNKNOWN,SUFFICIENT_HISTORY,ZERO_MFA_FAILURES_OBSERVED,NO_ACTIONABLE_HYPOTHESIS
EMP10907,USER,sneha.loke46,Finance,14.05,LOW,0.815,HIGH,0,1.0,Unknown,UNKNOWN,SUFFICIENT_HISTORY,ZERO_MFA_FAILURES_OBSERVED,NO_ACTIONABLE_HYPOTHESIS
EMP10254,USER,wriddhish_arora70,Finance,12.65,LOW,0.7778,MEDIUM,0,1.0,Unknown,UNKNOWN,SUFFICIENT_HISTORY,ZERO_MFA_FAILURES_OBSERVED,NO_ACTIONABLE_HYPOTHESIS
EMP12416,USER,harish.bhatia99,Legal,0.0,LOW,0.9273,HIGH,0,1.0,Unknown,UNKNOWN,SUFFICIENT_HISTORY,ZERO_MFA_FAILURES_OBSERVED,NO_ACTIONABLE_HYPOTHESIS
EMP12332,USER,shravya.mand51,Human Resources,5.17,LOW,0.605,MEDIUM,0,1.0,Unknown,UNKNOWN,SUFFICIENT_HISTORY,ZERO_MFA_FAILURES_OBSERVED,NO_ACTIONABLE_HYPOTHESIS
EMP10346,USER,dipta_oza8,Legal,0.0,LOW,0.8061,HIGH,0,1.0,Unknown,UNKNOWN,SUFFICIENT_HISTORY,ZERO_MFA_FAILURES_OBSERVED,NO_ACTIONABLE_HYPOTHESIS
EMP10299,USER,anmol.bhatt26,Procurement,12.65,LOW,0.895,HIGH,0,1.0,Unknown,UNKNOWN,SUFFICIENT_HISTORY,ZERO_MFA_FAILURES_OBSERVED,NO_ACTIONABLE_HYPOTHESIS
EMP12045,USER,girik.gaba54,Innovation,2.15,LOW,0.615,MEDIUM,0,1.0,Unknown,UNKNOWN,SUFFICIENT_HISTORY,ZERO_MFA_FAILURES_OBSERVED,NO_ACTIONABLE_HYPOTHESIS
EMP11295,USER,utkarsh.bakshi57,Legal,4.22,LOW,0.7778,MEDIUM,0,1.0,Unknown,UNKNOWN,SUFFICIENT_HISTORY,ZERO_MFA_FAILURES_OBSERVED,NO_ACTIONABLE_HYPOTHESIS
EMP11357,USER,nandini.buch11,Compliance,50.29,MODERATE,0.9692,HIGH,1,1.0,Unknown,UNKNOWN,SUFFICIENT_HISTORY,UNCORROBORATED_SINGLE_DIMENSION; ZERO_MFA_FAILURES_OBSERVED,NO_ACTIONABLE_HYPOTHESIS
EMP11422,USER,rishi.contractor33,Customer Support,1.41,LOW,0.835,HIGH,0,1.0,Unknown,UNKNOWN,SUFFICIENT_HISTORY,ZERO_MFA_FAILURES_OBSERVED,NO_ACTIONABLE_HYPOTHESIS
EMP12482,USER,chakrika.nagar94,Marketing,8.43,LOW,0.815,HIGH,0,1.0,Unknown,UNKNOWN,SUFFICIENT_HISTORY,ZERO_MFA_FAILURES_OBSERVED,NO_ACTIONABLE_HYPOTHESIS
EMP10139,USER,isaac.dugar28,Legal,0.0,LOW,0.865,HIGH,0,1.0,Unknown,UNKNOWN,SUFFICIENT_HISTORY,ZERO_MFA_FAILURES_OBSERVED,NO_ACTIONABLE_HYPOTHESIS
EMP12603,USER,gautam.dass68,Finance,100.0,CRITICAL,0.925,HIGH,3,1.5,Unknown,UNKNOWN,SUFFICIENT_HISTORY,ZERO_MFA_FAILURES_OBSERVED,POSSIBLE_CREDENTIAL_COMPROMISE; POSSIBLE_ACCOUNT_TAKEOVER; POSSIBLE_ANOMALOUS_DATA_EXFILTRATION
EMP10246,USER,rohan.dash48,Legal,6.74,LOW,0.835,HIGH,0,1.0,Unknown,UNKNOWN,SUFFICIENT_HISTORY,ZERO_MFA_FAILURES_OBSERVED,NO_ACTIONABLE_HYPOTHESIS
EMP10900,USER,lohit.reddy93,Procurement,100.0,CRITICAL,0.9302,HIGH,3,1.5,Unknown,UNKNOWN,SUFFICIENT_HISTORY,ZERO_MFA_FAILURES_OBSERVED,POSSIBLE_CREDENTIAL_COMPROMISE; POSSIBLE_ACCOUNT_TAKEOVER; POSSIBLE_ANOMALOUS_DATA_EXFILTRATION
EMP12130,USER,krishna.kata74,Customer Support,1.25,LOW,0.52,MEDIUM,0,1.0,Unknown,UNKNOWN,INSUFFICIENT_HISTORY,INSUFFICIENT_BASELINE_HISTORY; ZERO_MFA_FAILURES_OBSERVED,NO_ACTIONABLE_HYPOTHESIS
EMP11681,USER,ayushman.varty42,Sales,16.86,LOW,1.0,HIGH,0,1.0,Unknown,UNKNOWN,SUFFICIENT_HISTORY,ZERO_MFA_FAILURES_OBSERVED,NO_ACTIONABLE_HYPOTHESIS
EMP12334,USER,bahadurjit.sridhar62,Sales,0.0,LOW,0.7383,MEDIUM,0,1.0,Unknown,UNKNOWN,SUFFICIENT_HISTORY,ZERO_MFA_FAILURES_OBSERVED,NO_ACTIONABLE_HYPOTHESIS
EMP10889,USER,chanchal.tank46,Marketing,0.0,LOW,0.775,MEDIUM,0,1.0,Unknown,UNKNOWN,SUFFICIENT_HISTORY,ZERO_MFA_FAILURES_OBSERVED,NO_ACTIONABLE_HYPOTHESIS
EMP11268,USER,krishna.babu43,Innovation,7.61,LOW,0.775,MEDIUM,0,1.0,Unknown,UNKNOWN,SUFFICIENT_HISTORY,ZERO_MFA_FAILURES_OBSERVED,NO_ACTIONABLE_HYPOTHESIS
EMP11926,USER,chatresh.varty75,Finance,8.43,LOW,0.835,HIGH,0,1.0,Unknown,UNKNOWN,SUFFICIENT_HISTORY,ZERO_MFA_FAILURES_OBSERVED,NO_ACTIONABLE_HYPOTHESIS
EMP11620,USER,ira.choudhury44,R&D,0.0,LOW,0.6717,MEDIUM,0,1.0,Unknown,UNKNOWN,SUFFICIENT_HISTORY,ZERO_MFA_FAILURES_OBSERVED,NO_ACTIONABLE_HYPOTHESIS
EMP10700,USER,charles.brar31,Call Center,4.26,LOW,0.865,HIGH,0,1.0,Unknown,UNKNOWN,SUFFICIENT_HISTORY,ZERO_MFA_FAILURES_OBSERVED,NO_ACTIONABLE_HYPOTHESIS
EMP11061,USER,ekansh.ahuja25,Marketing,16.86,LOW,0.9273,HIGH,1,1.0,Unknown,UNKNOWN,SUFFICIENT_HISTORY,ZERO_MFA_FAILURES_OBSERVED,NO_ACTIONABLE_HYPOTHESIS
EMP10485,USER,hardik.kuruvilla24,Customer Support,28.1,LOW,0.95,HIGH,0,1.0,Unknown,UNKNOWN,SUFFICIENT_HISTORY,ZERO_MFA_FAILURES_OBSERVED,NO_ACTIONABLE_HYPOTHESIS
EMP11356,USER,jeet.tara32,Legal,4.22,LOW,0.55,MEDIUM,0,1.0,Unknown,UNKNOWN,INSUFFICIENT_HISTORY,INSUFFICIENT_BASELINE_HISTORY; ZERO_MFA_FAILURES_OBSERVED,NO_ACTIONABLE_HYPOTHESIS
EMP12310,USER,zashil.chaudhari74,Operations,4.22,LOW,0.55,MEDIUM,0,1.0,Unknown,UNKNOWN,INSUFFICIENT_HISTORY,INSUFFICIENT_BASELINE_HISTORY; ZERO_MFA_FAILURES_OBSERVED,NO_ACTIONABLE_HYPOTHESIS
EMP12181,USER,hemal.kohli58,Marketing,0.0,LOW,0.55,MEDIUM,0,1.0,Unknown,UNKNOWN,INSUFFICIENT_HISTORY,INSUFFICIENT_BASELINE_HISTORY; ZERO_MFA_FAILURES_OBSERVED,NO_ACTIONABLE_HYPOTHESIS
EMP10761,USER,dayita.dasgupta48,R&D,12.65,LOW,0.895,HIGH,0,1.0,Unknown,UNKNOWN,SUFFICIENT_HISTORY,ZERO_MFA_FAILURES_OBSERVED,NO_ACTIONABLE_HYPOTHESIS
EMP10746,USER,oviya.acharya25,Human Resources,100.0,CRITICAL,0.9784,HIGH,3,1.5,Unknown,UNKNOWN,SUFFICIENT_HISTORY,ZERO_MFA_FAILURES_OBSERVED,POSSIBLE_CREDENTIAL_COMPROMISE; POSSIBLE_ACCOUNT_TAKEOVER; POSSIBLE_ANOMALOUS_DATA_EXFILTRATION
EMP10321,USER,kalpit.mody99,R&D,8.43,LOW,0.8506,HIGH,0,1.0,Unknown,UNKNOWN,SUFFICIENT_HISTORY,ZERO_MFA_FAILURES_OBSERVED,NO_ACTIONABLE_HYPOTHESIS
EMP12707,USER,indira.pant51,Marketing,16.86,LOW,0.8061,HIGH,0,1.0,Unknown,UNKNOWN,SUFFICIENT_HISTORY,ZERO_MFA_FAILURES_OBSERVED,NO_ACTIONABLE_HYPOTHESIS
EMP10188,USER,wakeeta.srivastava97,Sales,0.0,LOW,0.865,HIGH,0,1.0,Unknown,UNKNOWN,SUFFICIENT_HISTORY,ZERO_MFA_FAILURES_OBSERVED,NO_ACTIONABLE_HYPOTHESIS
EMP10772,USER,gagan_bhandari75,Operations,100.0,CRITICAL,0.945,HIGH,3,1.5,Unknown,UNKNOWN,SUFFICIENT_HISTORY,ZERO_MFA_FAILURES_OBSERVED,POSSIBLE_CREDENTIAL_COMPROMISE; POSSIBLE_ACCOUNT_TAKEOVER; POSSIBLE_ANOMALOUS_DATA_EXFILTRATION
EMP12496,USER,anusha.bawa86,Supply Chain,12.65,LOW,1.0,HIGH,0,1.0,Unknown,UNKNOWN,SUFFICIENT_HISTORY,ZERO_MFA_FAILURES_OBSERVED,NO_ACTIONABLE_HYPOTHESIS
EMP11451,USER,arunima.dube10,Operations,0.0,LOW,0.45,LOW,0,1.0,Unknown,UNKNOWN,INSUFFICIENT_HISTORY,INSUFFICIENT_BASELINE_HISTORY; ZERO_MFA_FAILURES_OBSERVED,NO_ACTIONABLE_HYPOTHESIS
EMP12354,USER,gagan.raman49,Operations,16.86,LOW,0.9385,HIGH,0,1.0,Unknown,UNKNOWN,SUFFICIENT_HISTORY,ZERO_MFA_FAILURES_OBSERVED,NO_ACTIONABLE_HYPOTHESIS
EMP10410,USER,onveer.om63,Supply Chain,8.43,LOW,0.7383,MEDIUM,0,1.0,Unknown,UNKNOWN,SUFFICIENT_HISTORY,ZERO_MFA_FAILURES_OBSERVED,NO_ACTIONABLE_HYPOTHESIS
EMP11727,USER,bhavya.sem13,IT,40.47,MODERATE,1.0,HIGH,1,1.0,Unknown,UNKNOWN,SUFFICIENT_HISTORY,UNCORROBORATED_SINGLE_DIMENSION; ZERO_MFA_FAILURES_OBSERVED,NO_ACTIONABLE_HYPOTHESIS
EMP12852,USER,warinder.wali82,R&D,16.86,LOW,0.7917,MEDIUM,0,1.0,Unknown,UNKNOWN,SUFFICIENT_HISTORY,ZERO_MFA_FAILURES_OBSERVED,NO_ACTIONABLE_HYPOTHESIS
EMP12216,USER,urvashi.handa11,Customer Support,0.0,LOW,0.835,HIGH,0,1.0,Unknown,UNKNOWN,SUFFICIENT_HISTORY,ZERO_MFA_FAILURES_OBSERVED,NO_ACTIONABLE_HYPOTHESIS
EMP11398,USER,yauvani_chacko81,Human Resources,8.43,LOW,0.835,HIGH,0,1.0,Unknown,UNKNOWN,SUFFICIENT_HISTORY,ZERO_MFA_FAILURES_OBSERVED,NO_ACTIONABLE_HYPOTHESIS
EMP11361,USER,inaya.sridhar38,Human Resources,8.43,LOW,0.815,HIGH,0,1.0,Unknown,UNKNOWN,SUFFICIENT_HISTORY,ZERO_MFA_FAILURES_OBSERVED,NO_ACTIONABLE_HYPOTHESIS
EMP11657,USER,yadavi.balay60,Sales,4.22,LOW,0.7207,MEDIUM,0,1.0,Unknown,UNKNOWN,SUFFICIENT_HISTORY,ZERO_MFA_FAILURES_OBSERVED,NO_ACTIONABLE_HYPOTHESIS
EMP10051,USER,ekbal.malhotra95,Finance,12.65,LOW,0.96,HIGH,0,1.0,Unknown,UNKNOWN,SUFFICIENT_HISTORY,ZERO_MFA_FAILURES_OBSERVED,NO_ACTIONABLE_HYPOTHESIS
EMP11624,USER,bishakha_ghose98,Sales,0.0,LOW,0.765,MEDIUM,0,1.0,Unknown,UNKNOWN,SUFFICIENT_HISTORY,ZERO_MFA_FAILURES_OBSERVED,NO_ACTIONABLE_HYPOTHESIS
EMP10063,USER,ira.tara4,Human Resources,100.0,CRITICAL,0.92,HIGH,3,1.5,Unknown,UNKNOWN,SUFFICIENT_HISTORY,ZERO_MFA_FAILURES_OBSERVED,POSSIBLE_CREDENTIAL_COMPROMISE; POSSIBLE_ACCOUNT_TAKEOVER; POSSIBLE_ANOMALOUS_DATA_EXFILTRATION
EMP12789,USER,tamanna.kala64,Legal,0.0,LOW,0.52,MEDIUM,0,1.0,Unknown,UNKNOWN,INSUFFICIENT_HISTORY,INSUFFICIENT_BASELINE_HISTORY; ZERO_MFA_FAILURES_OBSERVED,NO_ACTIONABLE_HYPOTHESIS
EMP12553,USER,tanish.kurian86,IT,4.22,LOW,0.865,HIGH,0,1.0,Unknown,UNKNOWN,SUFFICIENT_HISTORY,ZERO_MFA_FAILURES_OBSERVED,NO_ACTIONABLE_HYPOTHESIS
EMP12530,USER,wazir.das67,Human Resources,11.45,LOW,0.8506,HIGH,0,1.0,Unknown,UNKNOWN,SUFFICIENT_HISTORY,ZERO_MFA_FAILURES_OBSERVED,NO_ACTIONABLE_HYPOTHESIS
EMP11090,USER,pahal.bajwa31,Legal,100.0,CRITICAL,0.9594,HIGH,3,1.5,Unknown,UNKNOWN,SUFFICIENT_HISTORY,ZERO_MFA_FAILURES_OBSERVED,POSSIBLE_CREDENTIAL_COMPROMISE; POSSIBLE_ACCOUNT_TAKEOVER; POSSIBLE_ANOMALOUS_DATA_EXFILTRATION
EMP11465,USER,brinda.chauhan94,Customer Support,0.0,LOW,0.49,LOW,0,1.0,Unknown,UNKNOWN,INSUFFICIENT_HISTORY,INSUFFICIENT_BASELINE_HISTORY; ZERO_MFA_FAILURES_OBSERVED,NO_ACTIONABLE_HYPOTHESIS
EMP11896,USER,urmi.pall82,Finance,1.41,LOW,0.45,LOW,0,1.0,Unknown,UNKNOWN,INSUFFICIENT_HISTORY,INSUFFICIENT_BASELINE_HISTORY; ZERO_MFA_FAILURES_OBSERVED,NO_ACTIONABLE_HYPOTHESIS
EMP10052,USER,anirudh.ramanathan31,Marketing,100.0,CRITICAL,0.9437,HIGH,3,1.5,Unknown,UNKNOWN,SUFFICIENT_HISTORY,ZERO_MFA_FAILURES_OBSERVED,POSSIBLE_CREDENTIAL_COMPROMISE; POSSIBLE_ACCOUNT_TAKEOVER; POSSIBLE_ANOMALOUS_DATA_EXFILTRATION
EMP12807,USER,damyanti.wali52,Sales,12.65,LOW,0.96,HIGH,0,1.0,Unknown,UNKNOWN,SUFFICIENT_HISTORY,ZERO_MFA_FAILURES_OBSERVED,NO_ACTIONABLE_HYPOTHESIS
EMP12763,USER,sanaya.kale52,Marketing,13.7,LOW,0.6717,MEDIUM,0,1.0,Unknown,UNKNOWN,SUFFICIENT_HISTORY,ZERO_MFA_FAILURES_OBSERVED,NO_ACTIONABLE_HYPOTHESIS
EMP12551,USER,warinder.jaggi19,Sales,4.22,LOW,0.6636,MEDIUM,0,1.0,Unknown,UNKNOWN,SUFFICIENT_HISTORY,ZERO_MFA_FAILURES_OBSERVED,NO_ACTIONABLE_HYPOTHESIS
EMP12864,USER,pooja.choudhary68,Marketing,8.43,LOW,1.0,HIGH,0,1.0,Unknown,UNKNOWN,SUFFICIENT_HISTORY,ZERO_MFA_FAILURES_OBSERVED,NO_ACTIONABLE_HYPOTHESIS
EMP10544,USER,harita.sura62,Human Resources,21.08,LOW,0.9667,HIGH,1,1.0,Unknown,UNKNOWN,SUFFICIENT_HISTORY,ZERO_MFA_FAILURES_OBSERVED,NO_ACTIONABLE_HYPOTHESIS
EMP12948,USER,aadi.mohan96,Operations,2.11,LOW,0.775,MEDIUM,0,1.0,Unknown,UNKNOWN,SUFFICIENT_HISTORY,ZERO_MFA_FAILURES_OBSERVED,NO_ACTIONABLE_HYPOTHESIS
EMP10450,USER,charles.mohanty2,Finance,4.22,LOW,0.7778,MEDIUM,0,1.0,Unknown,UNKNOWN,SUFFICIENT_HISTORY,ZERO_MFA_FAILURES_OBSERVED,NO_ACTIONABLE_HYPOTHESIS
EMP12515,USER,onveer.wason58,Sales,12.65,LOW,0.9636,HIGH,0,1.0,Unknown,UNKNOWN,SUFFICIENT_HISTORY,ZERO_MFA_FAILURES_OBSERVED,NO_ACTIONABLE_HYPOTHESIS
EMP10044,USER,gopal.lala36,Human Resources,100.0,CRITICAL,0.9657,HIGH,3,1.5,Unknown,UNKNOWN,SUFFICIENT_HISTORY,ZERO_MFA_FAILURES_OBSERVED,POSSIBLE_CREDENTIAL_COMPROMISE; POSSIBLE_ACCOUNT_TAKEOVER; POSSIBLE_ANOMALOUS_DATA_EXFILTRATION
EMP11001,USER,aarush.prashad25,Procurement,100.0,CRITICAL,0.96,HIGH,3,1.5,Unknown,UNKNOWN,SUFFICIENT_HISTORY,ZERO_MFA_FAILURES_OBSERVED,POSSIBLE_CREDENTIAL_COMPROMISE; POSSIBLE_ACCOUNT_TAKEOVER; POSSIBLE_ANOMALOUS_DATA_EXFILTRATION
EMP11831,USER,Unknown,Supply Chain,0.0,LOW,0.835,HIGH,0,1.0,Unknown,UNKNOWN,SUFFICIENT_HISTORY,ZERO_MFA_FAILURES_OBSERVED,NO_ACTIONABLE_HYPOTHESIS
EMP10829,USER,chaman.goda59,Legal,4.22,LOW,0.96,HIGH,0,1.0,Unknown,UNKNOWN,SUFFICIENT_HISTORY,ZERO_MFA_FAILURES_OBSERVED,NO_ACTIONABLE_HYPOTHESIS
EMP10598,USER,ekalinga.walla33,IT,33.73,MODERATE,0.9714,HIGH,1,1.0,Unknown,UNKNOWN,SUFFICIENT_HISTORY,UNCORROBORATED_SINGLE_DIMENSION; ZERO_MFA_FAILURES_OBSERVED,NO_ACTIONABLE_HYPOTHESIS
EMP10408,USER,akshay.sarraf2,Procurement,100.0,CRITICAL,0.9316,HIGH,3,1.5,Unknown,UNKNOWN,SUFFICIENT_HISTORY,ZERO_MFA_FAILURES_OBSERVED,POSSIBLE_CREDENTIAL_COMPROMISE; POSSIBLE_ACCOUNT_TAKEOVER; POSSIBLE_ANOMALOUS_DATA_EXFILTRATION
EMP12917,USER,charita.mannan95,Sales,0.0,LOW,0.695,MEDIUM,0,1.0,Unknown,UNKNOWN,SUFFICIENT_HISTORY,ZERO_MFA_FAILURES_OBSERVED,NO_ACTIONABLE_HYPOTHESIS
EMP10256,USER,naveen.bhagat32,R&D,8.43,LOW,0.8061,HIGH,0,1.0,Unknown,UNKNOWN,SUFFICIENT_HISTORY,ZERO_MFA_FAILURES_OBSERVED,NO_ACTIONABLE_HYPOTHESIS
EMP12028,USER,neha_devan64,Supply Chain,21.08,LOW,0.895,HIGH,0,1.0,Unknown,UNKNOWN,SUFFICIENT_HISTORY,ZERO_MFA_FAILURES_OBSERVED,NO_ACTIONABLE_HYPOTHESIS
EMP12303,USER,lila_srinivasan31,Finance,6.32,LOW,0.7383,MEDIUM,0,1.0,Unknown,UNKNOWN,SUFFICIENT_HISTORY,ZERO_MFA_FAILURES_OBSERVED,NO_ACTIONABLE_HYPOTHESIS
EMP11837,USER,qabil.parikh37,Sales,4.22,LOW,0.805,HIGH,0,1.0,Unknown,UNKNOWN,SUFFICIENT_HISTORY,ZERO_MFA_FAILURES_OBSERVED,NO_ACTIONABLE_HYPOTHESIS
EMP11702,USER,hemang.bakshi78,Customer Support,8.43,LOW,0.7778,MEDIUM,0,1.0,Unknown,UNKNOWN,SUFFICIENT_HISTORY,ZERO_MFA_FAILURES_OBSERVED,NO_ACTIONABLE_HYPOTHESIS
EMP12490,USER,laban.sridhar64,Human Resources,0.0,LOW,0.805,HIGH,0,1.0,Unknown,UNKNOWN,SUFFICIENT_HISTORY,ZERO_MFA_FAILURES_OBSERVED,NO_ACTIONABLE_HYPOTHESIS
EMP11662,USER,aishani.dugal36,Sales,21.08,LOW,0.825,HIGH,0,1.0,Unknown,UNKNOWN,SUFFICIENT_HISTORY,ZERO_MFA_FAILURES_OBSERVED,NO_ACTIONABLE_HYPOTHESIS
EMP10144,USER,yashica_rao48,Human Resources,8.43,LOW,0.8506,HIGH,0,1.0,Unknown,UNKNOWN,SUFFICIENT_HISTORY,ZERO_MFA_FAILURES_OBSERVED,NO_ACTIONABLE_HYPOTHESIS
EMP12090,USER,vasatika.saha98,R&D,0.0,LOW,0.46,LOW,0,1.0,Unknown,UNKNOWN,INSUFFICIENT_HISTORY,INSUFFICIENT_BASELINE_HISTORY; ZERO_MFA_FAILURES_OBSERVED,NO_ACTIONABLE_HYPOTHESIS
EMP11292,USER,harsh.sem7,Sales,4.22,LOW,0.6717,MEDIUM,0,1.0,Unknown,UNKNOWN,SUFFICIENT_HISTORY,ZERO_MFA_FAILURES_OBSERVED,NO_ACTIONABLE_HYPOTHESIS
EMP12155,USER,ekansh.soni57,Marketing,42.16,MODERATE,1.0,HIGH,0,1.0,Unknown,UNKNOWN,SUFFICIENT_HISTORY,UNCORROBORATED_SINGLE_DIMENSION; ZERO_MFA_FAILURES_OBSERVED,NO_ACTIONABLE_HYPOTHESIS
EMP10416,USER,arunima.tata4,Finance,1.41,LOW,0.775,MEDIUM,0,1.0,Unknown,UNKNOWN,SUFFICIENT_HISTORY,ZERO_MFA_FAILURES_OBSERVED,NO_ACTIONABLE_HYPOTHESIS
EMP10929,USER,aarini.bora51,Marketing,8.43,LOW,0.8506,HIGH,0,1.0,Unknown,UNKNOWN,SUFFICIENT_HISTORY,ZERO_MFA_FAILURES_OBSERVED,NO_ACTIONABLE_HYPOTHESIS
EMP12022,USER,Unknown,Operations,21.08,LOW,1.0,HIGH,0,1.0,Unknown,UNKNOWN,SUFFICIENT_HISTORY,ZERO_MFA_FAILURES_OBSERVED,NO_ACTIONABLE_HYPOTHESIS
EMP10170,USER,nathaniel_prakash13,Customer Support,12.65,LOW,0.8506,HIGH,0,1.0,Unknown,UNKNOWN,SUFFICIENT_HISTORY,ZERO_MFA_FAILURES_OBSERVED,NO_ACTIONABLE_HYPOTHESIS
EMP11125,USER,indali.aggarwal48,Marketing,12.65,LOW,0.815,HIGH,0,1.0,Unknown,UNKNOWN,SUFFICIENT_HISTORY,ZERO_MFA_FAILURES_OBSERVED,NO_ACTIONABLE_HYPOTHESIS
EMP10567,USER,upadhriti.krishnan99,Legal,4.22,LOW,0.7778,MEDIUM,0,1.0,Unknown,UNKNOWN,SUFFICIENT_HISTORY,ZERO_MFA_FAILURES_OBSERVED,NO_ACTIONABLE_HYPOTHESIS
EMP11590,USER,mahika.som71,Operations,0.0,LOW,0.775,MEDIUM,0,1.0,Unknown,UNKNOWN,SUFFICIENT_HISTORY,ZERO_MFA_FAILURES_OBSERVED,NO_ACTIONABLE_HYPOTHESIS
EMP12673,USER,victor.nagar6,Finance,21.08,LOW,1.0,HIGH,1,1.0,Unknown,UNKNOWN,SUFFICIENT_HISTORY,ZERO_MFA_FAILURES_OBSERVED,NO_ACTIONABLE_HYPOTHESIS
EMP10134,USER,sai.bedi96,Human Resources,8.43,LOW,0.8506,HIGH,0,1.0,Unknown,UNKNOWN,SUFFICIENT_HISTORY,ZERO_MFA_FAILURES_OBSERVED,NO_ACTIONABLE_HYPOTHESIS
EMP11717,USER,jatin.saha63,IT,7.59,LOW,0.7383,MEDIUM,0,1.0,Unknown,UNKNOWN,SUFFICIENT_HISTORY,ZERO_MFA_FAILURES_OBSERVED,NO_ACTIONABLE_HYPOTHESIS
EMP10642,USER,umang.dhaliwal49,Operations,21.08,LOW,0.9333,HIGH,0,1.0,Unknown,UNKNOWN,SUFFICIENT_HISTORY,ZERO_MFA_FAILURES_OBSERVED,NO_ACTIONABLE_HYPOTHESIS
EMP11689,USER,vaishnavi.kant81,Finance,8.43,LOW,0.765,MEDIUM,0,1.0,Unknown,UNKNOWN,SUFFICIENT_HISTORY,ZERO_MFA_FAILURES_OBSERVED,NO_ACTIONABLE_HYPOTHESIS
EMP12745,USER,prisha.sarkar30,Customer Support,30.91,MODERATE,0.9428,HIGH,1,1.0,Unknown,UNKNOWN,SUFFICIENT_HISTORY,UNCORROBORATED_SINGLE_DIMENSION; ZERO_MFA_FAILURES_OBSERVED,NO_ACTIONABLE_HYPOTHESIS
EMP10554,USER,shaurya.talwar44,Operations,13.17,LOW,0.7383,MEDIUM,0,1.0,Unknown,UNKNOWN,SUFFICIENT_HISTORY,ZERO_MFA_FAILURES_OBSERVED,NO_ACTIONABLE_HYPOTHESIS
EMP12174,USER,onveer.bansal17,Sales,8.43,LOW,0.9692,HIGH,0,1.0,Unknown,UNKNOWN,SUFFICIENT_HISTORY,ZERO_MFA_FAILURES_OBSERVED,NO_ACTIONABLE_HYPOTHESIS
EMP11538,USER,jai.chanda34,Sales,20.23,LOW,0.92,HIGH,0,1.0,Unknown,UNKNOWN,SUFFICIENT_HISTORY,ZERO_MFA_FAILURES_OBSERVED,NO_ACTIONABLE_HYPOTHESIS
EMP10999,USER,yoshita.raval66,Customer Support,12.65,LOW,1.0,HIGH,0,1.0,Unknown,UNKNOWN,SUFFICIENT_HISTORY,ZERO_MFA_FAILURES_OBSERVED,NO_ACTIONABLE_HYPOTHESIS
EMP10291,USER,upasna_krishnamurthy12,Finance,100.0,CRITICAL,0.9484,HIGH,3,1.5,Unknown,UNKNOWN,SUFFICIENT_HISTORY,ZERO_MFA_FAILURES_OBSERVED,POSSIBLE_CREDENTIAL_COMPROMISE; POSSIBLE_ACCOUNT_TAKEOVER; POSSIBLE_ANOMALOUS_DATA_EXFILTRATION
EMP11338,USER,vansha_virk36,Marketing,8.43,LOW,0.45,LOW,0,1.0,Unknown,UNKNOWN,INSUFFICIENT_HISTORY,INSUFFICIENT_BASELINE_HISTORY; ZERO_MFA_FAILURES_OBSERVED,NO_ACTIONABLE_HYPOTHESIS
EMP12247,USER,tanish.dasgupta22,IT Support,8.43,LOW,1.0,HIGH,0,1.0,Unknown,UNKNOWN,SUFFICIENT_HISTORY,ZERO_MFA_FAILURES_OBSERVED,NO_ACTIONABLE_HYPOTHESIS
EMP10781,USER,Unknown,Innovation,100.0,CRITICAL,0.96,HIGH,3,1.5,Unknown,UNKNOWN,SUFFICIENT_HISTORY,ZERO_MFA_FAILURES_OBSERVED,POSSIBLE_CREDENTIAL_COMPROMISE; POSSIBLE_ACCOUNT_TAKEOVER; POSSIBLE_ANOMALOUS_DATA_EXFILTRATION
EMP10443,USER,tejas.raghavan27,IT,8.43,LOW,0.865,HIGH,0,1.0,Unknown,UNKNOWN,SUFFICIENT_HISTORY,ZERO_MFA_FAILURES_OBSERVED,NO_ACTIONABLE_HYPOTHESIS
EMP12601,USER,dominic.bawa78,Operations,0.0,LOW,0.9636,HIGH,0,1.0,Unknown,UNKNOWN,SUFFICIENT_HISTORY,ZERO_MFA_FAILURES_OBSERVED,NO_ACTIONABLE_HYPOTHESIS
EMP12149,USER,teerth.chowdhury93,Legal,16.86,LOW,0.9273,HIGH,0,1.0,Unknown,UNKNOWN,SUFFICIENT_HISTORY,ZERO_MFA_FAILURES_OBSERVED,NO_ACTIONABLE_HYPOTHESIS
EMP10449,USER,jagvi.sengupta38,Operations,4.22,LOW,0.895,HIGH,0,1.0,Unknown,UNKNOWN,SUFFICIENT_HISTORY,ZERO_MFA_FAILURES_OBSERVED,NO_ACTIONABLE_HYPOTHESIS
EMP11029,USER,Unknown,Human Resources,0.0,LOW,0.55,MEDIUM,0,1.0,Unknown,UNKNOWN,INSUFFICIENT_HISTORY,INSUFFICIENT_BASELINE_HISTORY; ZERO_MFA_FAILURES_OBSERVED,NO_ACTIONABLE_HYPOTHESIS
EMP11992,USER,raksha.saini25,Marketing,57.96,MODERATE,1.0,HIGH,2,1.25,Unknown,UNKNOWN,SUFFICIENT_HISTORY,ZERO_MFA_FAILURES_OBSERVED,POSSIBLE_CREDENTIAL_COMPROMISE; POSSIBLE_ACCOUNT_TAKEOVER; POSSIBLE_ANOMALOUS_DATA_EXFILTRATION
EMP12403,USER,andrew.vasa6,Sales,15.18,LOW,0.8506,HIGH,0,1.0,Unknown,UNKNOWN,SUFFICIENT_HISTORY,ZERO_MFA_FAILURES_OBSERVED,NO_ACTIONABLE_HYPOTHESIS
EMP12750,USER,darika.parekh27,IT,12.65,LOW,0.865,HIGH,0,1.0,Unknown,UNKNOWN,SUFFICIENT_HISTORY,ZERO_MFA_FAILURES_OBSERVED,NO_ACTIONABLE_HYPOTHESIS
EMP10000,USER,vrinda.dua82,Human Resources,12.65,LOW,0.895,HIGH,0,1.0,Unknown,UNKNOWN,SUFFICIENT_HISTORY,ZERO_MFA_FAILURES_OBSERVED,NO_ACTIONABLE_HYPOTHESIS
EMP11048,USER,quincy.lata26,Finance,16.86,LOW,1.0,HIGH,0,1.0,Unknown,UNKNOWN,SUFFICIENT_HISTORY,ZERO_MFA_FAILURES_OBSERVED,NO_ACTIONABLE_HYPOTHESIS
EMP10270,USER,upkaar.doshi48,Operations,8.43,LOW,0.8061,HIGH,0,1.0,Unknown,UNKNOWN,SUFFICIENT_HISTORY,ZERO_MFA_FAILURES_OBSERVED,NO_ACTIONABLE_HYPOTHESIS
EMP10736,USER,jackson.cherian13,R&D,7.38,LOW,0.715,MEDIUM,0,1.0,Unknown,UNKNOWN,SUFFICIENT_HISTORY,ZERO_MFA_FAILURES_OBSERVED,NO_ACTIONABLE_HYPOTHESIS
EMP10298,USER,aradhana.yogi41,Marketing,100.0,CRITICAL,0.9768,HIGH,3,1.5,Unknown,UNKNOWN,SUFFICIENT_HISTORY,ZERO_MFA_FAILURES_OBSERVED,POSSIBLE_CREDENTIAL_COMPROMISE; POSSIBLE_ACCOUNT_TAKEOVER; POSSIBLE_ANOMALOUS_DATA_EXFILTRATION
EMP10032,USER,lila.nadkarni27,Operations,4.22,LOW,0.7207,MEDIUM,0,1.0,Unknown,UNKNOWN,SUFFICIENT_HISTORY,ZERO_MFA_FAILURES_OBSERVED,NO_ACTIONABLE_HYPOTHESIS
EMP12498,USER,lekha.kapoor10,Innovation,12.65,LOW,0.8506,HIGH,0,1.0,Unknown,UNKNOWN,SUFFICIENT_HISTORY,ZERO_MFA_FAILURES_OBSERVED,NO_ACTIONABLE_HYPOTHESIS
EMP10014,USER,ridhi.saini2,Human Resources,100.0,CRITICAL,0.94,HIGH,3,1.5,Unknown,UNKNOWN,SUFFICIENT_HISTORY,ZERO_MFA_FAILURES_OBSERVED,POSSIBLE_CREDENTIAL_COMPROMISE; POSSIBLE_ACCOUNT_TAKEOVER; POSSIBLE_ANOMALOUS_DATA_EXFILTRATION
EMP10093,USER,pahal.roy74,Procurement,8.43,LOW,0.865,HIGH,0,1.0,Unknown,UNKNOWN,SUFFICIENT_HISTORY,ZERO_MFA_FAILURES_OBSERVED,NO_ACTIONABLE_HYPOTHESIS
EMP10411,USER,shivani.pillay89,Legal,8.43,LOW,0.8061,HIGH,0,1.0,Unknown,UNKNOWN,SUFFICIENT_HISTORY,ZERO_MFA_FAILURES_OBSERVED,NO_ACTIONABLE_HYPOTHESIS
EMP11159,USER,adya.shetty2,Human Resources,75.88,HIGH,0.8327,HIGH,3,1.5,Unknown,UNKNOWN,SUFFICIENT_HISTORY,ZERO_MFA_FAILURES_OBSERVED,POSSIBLE_CREDENTIAL_COMPROMISE; POSSIBLE_ACCOUNT_TAKEOVER; POSSIBLE_ANOMALOUS_DATA_EXFILTRATION
EMP12362,USER,kamala.nazareth82,Procurement,8.43,LOW,0.3867,LOW,0,1.0,Unknown,UNKNOWN,INSUFFICIENT_HISTORY,INSUFFICIENT_BASELINE_HISTORY; ZERO_MFA_FAILURES_OBSERVED,NO_ACTIONABLE_HYPOTHESIS
EMP12819,USER,chakradhar.nagi26,R&D,21.08,LOW,0.9333,HIGH,0,1.0,Unknown,UNKNOWN,SUFFICIENT_HISTORY,ZERO_MFA_FAILURES_OBSERVED,NO_ACTIONABLE_HYPOTHESIS
EMP10149,USER,girik.bhatia28,Customer Support,9.99,LOW,0.3867,LOW,0,1.0,Unknown,UNKNOWN,INSUFFICIENT_HISTORY,INSUFFICIENT_BASELINE_HISTORY; ZERO_MFA_FAILURES_OBSERVED,NO_ACTIONABLE_HYPOTHESIS
EMP11600,USER,gagan.mitter67,Procurement,100.0,CRITICAL,0.9657,HIGH,3,1.5,Unknown,UNKNOWN,SUFFICIENT_HISTORY,ZERO_MFA_FAILURES_OBSERVED,POSSIBLE_CREDENTIAL_COMPROMISE; POSSIBLE_ACCOUNT_TAKEOVER; POSSIBLE_ANOMALOUS_DATA_EXFILTRATION
EMP11044,USER,mugdha.khare82,Sales,21.08,LOW,0.9667,HIGH,1,1.0,Unknown,UNKNOWN,SUFFICIENT_HISTORY,ZERO_MFA_FAILURES_OBSERVED,NO_ACTIONABLE_HYPOTHESIS
EMP12153,USER,abdul.deep62,Human Resources,23.93,LOW,0.895,HIGH,0,1.0,Unknown,UNKNOWN,SUFFICIENT_HISTORY,ZERO_MFA_FAILURES_OBSERVED,NO_ACTIONABLE_HYPOTHESIS
EMP10495,USER,tanmayi.thaman1,Procurement,12.65,LOW,0.865,HIGH,0,1.0,Unknown,UNKNOWN,SUFFICIENT_HISTORY,ZERO_MFA_FAILURES_OBSERVED,NO_ACTIONABLE_HYPOTHESIS
EMP10332,USER,Unknown,Procurement,0.0,LOW,0.6717,MEDIUM,0,1.0,Unknown,UNKNOWN,SUFFICIENT_HISTORY,ZERO_MFA_FAILURES_OBSERVED,NO_ACTIONABLE_HYPOTHESIS
EMP12788,USER,utkarsh.vora38,Marketing,12.65,LOW,0.9333,HIGH,0,1.0,Unknown,UNKNOWN,SUFFICIENT_HISTORY,ZERO_MFA_FAILURES_OBSERVED,NO_ACTIONABLE_HYPOTHESIS
EMP12066,USER,david.sampath85,Customer Support,16.86,LOW,1.0,HIGH,0,1.0,Unknown,UNKNOWN,SUFFICIENT_HISTORY,ZERO_MFA_FAILURES_OBSERVED,NO_ACTIONABLE_HYPOTHESIS
EMP11874,USER,dayita.rout5,R&D,4.22,LOW,0.8061,HIGH,0,1.0,Unknown,UNKNOWN,SUFFICIENT_HISTORY,ZERO_MFA_FAILURES_OBSERVED,NO_ACTIONABLE_HYPOTHESIS
EMP10756,USER,mugdha.shah75,Sales,25.29,LOW,0.7778,MEDIUM,1,1.0,Unknown,UNKNOWN,SUFFICIENT_HISTORY,ZERO_MFA_FAILURES_OBSERVED,NO_ACTIONABLE_HYPOTHESIS
EMP10798,USER,udarsh.korpal53,Operations,8.43,LOW,0.835,HIGH,0,1.0,Unknown,UNKNOWN,SUFFICIENT_HISTORY,ZERO_MFA_FAILURES_OBSERVED,NO_ACTIONABLE_HYPOTHESIS
EMP12274,USER,praneel.sastry13,Supply Chain,0.0,LOW,0.775,MEDIUM,0,1.0,Unknown,UNKNOWN,SUFFICIENT_HISTORY,ZERO_MFA_FAILURES_OBSERVED,NO_ACTIONABLE_HYPOTHESIS
EMP10203,USER,samaksh.subramanian60,Call Center,100.0,CRITICAL,0.9625,HIGH,3,1.5,Unknown,UNKNOWN,SUFFICIENT_HISTORY,ZERO_MFA_FAILURES_OBSERVED,POSSIBLE_CREDENTIAL_COMPROMISE; POSSIBLE_ACCOUNT_TAKEOVER; POSSIBLE_ANOMALOUS_DATA_EXFILTRATION
EMP10463,USER,isha.padmanabhan86,Innovation,12.65,LOW,0.92,HIGH,0,1.0,Unknown,UNKNOWN,SUFFICIENT_HISTORY,ZERO_MFA_FAILURES_OBSERVED,NO_ACTIONABLE_HYPOTHESIS
EMP12851,USER,kamala.raman22,Supply Chain,100.0,CRITICAL,0.9729,HIGH,4,1.75,Unknown,UNKNOWN,SUFFICIENT_HISTORY,ZERO_MFA_FAILURES_OBSERVED,POSSIBLE_CREDENTIAL_COMPROMISE; POSSIBLE_ACCOUNT_TAKEOVER; POSSIBLE_SUSPICIOUS_ENDPOINT_ACTIVITY; POSSIBLE_ANOMALOUS_DATA_EXFILTRATION
EMP12749,USER,darika.mandal6,Human Resources,25.29,LOW,0.9636,HIGH,1,1.0,Unknown,UNKNOWN,SUFFICIENT_HISTORY,ZERO_MFA_FAILURES_OBSERVED,NO_ACTIONABLE_HYPOTHESIS
EMP11583,USER,hemang.bansal35,Human Resources,100.0,CRITICAL,0.9478,HIGH,3,1.5,Unknown,UNKNOWN,SUFFICIENT_HISTORY,ZERO_MFA_FAILURES_OBSERVED,POSSIBLE_CREDENTIAL_COMPROMISE; POSSIBLE_ACCOUNT_TAKEOVER; POSSIBLE_ANOMALOUS_DATA_EXFILTRATION
EMP10555,USER,vrishti.lala52,Marketing,8.43,LOW,0.805,HIGH,0,1.0,Unknown,UNKNOWN,SUFFICIENT_HISTORY,ZERO_MFA_FAILURES_OBSERVED,NO_ACTIONABLE_HYPOTHESIS
EMP10174,USER,ridhi.iyer25,Operations,8.43,LOW,0.895,HIGH,0,1.0,Unknown,UNKNOWN,SUFFICIENT_HISTORY,ZERO_MFA_FAILURES_OBSERVED,NO_ACTIONABLE_HYPOTHESIS
EMP10289,USER,jonathan.narayanan92,Human Resources,100.0,CRITICAL,0.95,HIGH,3,1.5,Unknown,UNKNOWN,SUFFICIENT_HISTORY,ZERO_MFA_FAILURES_OBSERVED,POSSIBLE_CREDENTIAL_COMPROMISE; POSSIBLE_ACCOUNT_TAKEOVER; POSSIBLE_ANOMALOUS_DATA_EXFILTRATION
EMP10120,USER,lakshit.mand42,Compliance,21.08,LOW,0.9333,HIGH,0,1.0,Unknown,UNKNOWN,SUFFICIENT_HISTORY,ZERO_MFA_FAILURES_OBSERVED,NO_ACTIONABLE_HYPOTHESIS
EMP12839,USER,lipika.parsa25,Finance,12.65,LOW,0.805,HIGH,0,1.0,Unknown,UNKNOWN,SUFFICIENT_HISTORY,ZERO_MFA_FAILURES_OBSERVED,NO_ACTIONABLE_HYPOTHESIS
EMP10847,USER,vidhi.krishna41,Call Center,21.08,LOW,0.9667,HIGH,0,1.0,Unknown,UNKNOWN,SUFFICIENT_HISTORY,ZERO_MFA_FAILURES_OBSERVED,NO_ACTIONABLE_HYPOTHESIS
EMP12699,USER,edhitha.balasubramanian33,Finance,21.08,LOW,0.8159,HIGH,0,1.0,Unknown,UNKNOWN,SUFFICIENT_HISTORY,ZERO_MFA_FAILURES_OBSERVED,NO_ACTIONABLE_HYPOTHESIS
EMP10432,USER,omya.gole7,Finance,8.43,LOW,0.865,HIGH,0,1.0,Unknown,UNKNOWN,SUFFICIENT_HISTORY,ZERO_MFA_FAILURES_OBSERVED,NO_ACTIONABLE_HYPOTHESIS
EMP12969,USER,ekanta.deshmukh53,Marketing,8.43,LOW,0.835,HIGH,0,1.0,Unknown,UNKNOWN,SUFFICIENT_HISTORY,ZERO_MFA_FAILURES_OBSERVED,NO_ACTIONABLE_HYPOTHESIS
EMP11317,USER,ganga.goswami90,Human Resources,8.43,LOW,0.815,HIGH,0,1.0,Unknown,UNKNOWN,SUFFICIENT_HISTORY,ZERO_MFA_FAILURES_OBSERVED,NO_ACTIONABLE_HYPOTHESIS
EMP11200,USER,xiti.sem41,Operations,8.43,LOW,0.96,HIGH,0,1.0,Unknown,UNKNOWN,SUFFICIENT_HISTORY,ZERO_MFA_FAILURES_OBSERVED,NO_ACTIONABLE_HYPOTHESIS
EMP10393,USER,aarini.deep10,IT Support,100.0,CRITICAL,0.9412,HIGH,3,1.5,Unknown,UNKNOWN,SUFFICIENT_HISTORY,ZERO_MFA_FAILURES_OBSERVED,POSSIBLE_CREDENTIAL_COMPROMISE; POSSIBLE_ACCOUNT_TAKEOVER; POSSIBLE_ANOMALOUS_DATA_EXFILTRATION
EMP12031,USER,Unknown,Operations,14.75,LOW,0.865,HIGH,0,1.0,Unknown,UNKNOWN,SUFFICIENT_HISTORY,ZERO_MFA_FAILURES_OBSERVED,NO_ACTIONABLE_HYPOTHESIS
EMP11800,USER,farhan.sastry34,R&D,7.38,LOW,0.615,MEDIUM,0,1.0,Unknown,UNKNOWN,SUFFICIENT_HISTORY,ZERO_MFA_FAILURES_OBSERVED,NO_ACTIONABLE_HYPOTHESIS
EMP11721,USER,frederick.vasa15,IT,10.12,LOW,0.7207,MEDIUM,0,1.0,Unknown,UNKNOWN,SUFFICIENT_HISTORY,ZERO_MFA_FAILURES_OBSERVED,NO_ACTIONABLE_HYPOTHESIS
EMP10192,USER,ridhi.bala57,Operations,25.29,LOW,0.92,HIGH,1,1.0,Unknown,UNKNOWN,SUFFICIENT_HISTORY,ZERO_MFA_FAILURES_OBSERVED,NO_ACTIONABLE_HYPOTHESIS
EMP10266,USER,abhimanyu.gade25,Procurement,0.0,LOW,0.775,MEDIUM,0,1.0,Unknown,UNKNOWN,SUFFICIENT_HISTORY,ZERO_MFA_FAILURES_OBSERVED,NO_ACTIONABLE_HYPOTHESIS
EMP12692,USER,dalaja.sura56,Operations,12.65,LOW,0.96,HIGH,0,1.0,Unknown,UNKNOWN,SUFFICIENT_HISTORY,ZERO_MFA_FAILURES_OBSERVED,NO_ACTIONABLE_HYPOTHESIS
EMP10805,USER,udarsh.kannan13,Human Resources,8.43,LOW,0.775,MEDIUM,0,1.0,Unknown,UNKNOWN,SUFFICIENT_HISTORY,ZERO_MFA_FAILURES_OBSERVED,NO_ACTIONABLE_HYPOTHESIS
EMP10331,USER,janaki.hegde46,Human Resources,12.65,LOW,0.835,HIGH,0,1.0,Unknown,UNKNOWN,SUFFICIENT_HISTORY,ZERO_MFA_FAILURES_OBSERVED,NO_ACTIONABLE_HYPOTHESIS
EMP10528,USER,Unknown,Human Resources,15.67,LOW,0.765,MEDIUM,0,1.0,Unknown,UNKNOWN,SUFFICIENT_HISTORY,ZERO_MFA_FAILURES_OBSERVED,NO_ACTIONABLE_HYPOTHESIS
EMP11225,USER,tanay.viswanathan59,Operations,6.32,LOW,0.8506,HIGH,0,1.0,Unknown,UNKNOWN,SUFFICIENT_HISTORY,ZERO_MFA_FAILURES_OBSERVED,NO_ACTIONABLE_HYPOTHESIS
EMP10801,USER,ansh.brahmbhatt77,Customer Support,1.41,LOW,0.7778,MEDIUM,0,1.0,Unknown,UNKNOWN,SUFFICIENT_HISTORY,ZERO_MFA_FAILURES_OBSERVED,NO_ACTIONABLE_HYPOTHESIS
EMP11089,USER,Unknown,Customer Support,0.0,LOW,0.49,LOW,0,1.0,Unknown,UNKNOWN,INSUFFICIENT_HISTORY,INSUFFICIENT_BASELINE_HISTORY; ZERO_MFA_FAILURES_OBSERVED,NO_ACTIONABLE_HYPOTHESIS
EMP10764,USER,rachana.madan60,Procurement,16.86,LOW,1.0,HIGH,0,1.0,Unknown,UNKNOWN,SUFFICIENT_HISTORY,ZERO_MFA_FAILURES_OBSERVED,NO_ACTIONABLE_HYPOTHESIS
EMP10218,USER,jagat_dasgupta98,Customer Support,25.29,LOW,0.895,HIGH,1,1.0,Unknown,UNKNOWN,SUFFICIENT_HISTORY,ZERO_MFA_FAILURES_OBSERVED,NO_ACTIONABLE_HYPOTHESIS
EMP10479,USER,ayushman.nagy50,Legal,16.86,LOW,0.615,MEDIUM,1,1.0,Unknown,UNKNOWN,SUFFICIENT_HISTORY,ZERO_MFA_FAILURES_OBSERVED,NO_ACTIONABLE_HYPOTHESIS
EMP10790,USER,janani.barad1,Finance,4.22,LOW,0.695,MEDIUM,0,1.0,Unknown,UNKNOWN,SUFFICIENT_HISTORY,ZERO_MFA_FAILURES_OBSERVED,NO_ACTIONABLE_HYPOTHESIS
EMP10478,USER,aachal.mani50,Sales,4.22,LOW,0.8061,HIGH,0,1.0,Unknown,UNKNOWN,SUFFICIENT_HISTORY,ZERO_MFA_FAILURES_OBSERVED,NO_ACTIONABLE_HYPOTHESIS
EMP12645,USER,hemani.bhagat18,Operations,0.0,LOW,0.805,HIGH,0,1.0,Unknown,UNKNOWN,SUFFICIENT_HISTORY,ZERO_MFA_FAILURES_OBSERVED,NO_ACTIONABLE_HYPOTHESIS
EMP10727,USER,kabir.sampath9,Customer Support,100.0,CRITICAL,0.9556,HIGH,3,1.5,Unknown,UNKNOWN,SUFFICIENT_HISTORY,ZERO_MFA_FAILURES_OBSERVED,POSSIBLE_CREDENTIAL_COMPROMISE; POSSIBLE_ACCOUNT_TAKEOVER; POSSIBLE_ANOMALOUS_DATA_EXFILTRATION
EMP10581,USER,nidra.agate60,IT,37.94,MODERATE,0.9667,HIGH,1,1.0,Unknown,UNKNOWN,SUFFICIENT_HISTORY,UNCORROBORATED_SINGLE_DIMENSION; ZERO_MFA_FAILURES_OBSERVED,NO_ACTIONABLE_HYPOTHESIS
EMP11157,USER,jyoti.brar52,Human Resources,0.0,LOW,0.775,MEDIUM,0,1.0,Unknown,UNKNOWN,SUFFICIENT_HISTORY,ZERO_MFA_FAILURES_OBSERVED,NO_ACTIONABLE_HYPOTHESIS
EMP12547,USER,hemani.oza5,R&D,0.0,LOW,0.7207,MEDIUM,0,1.0,Unknown,UNKNOWN,SUFFICIENT_HISTORY,ZERO_MFA_FAILURES_OBSERVED,NO_ACTIONABLE_HYPOTHESIS
EMP11688,USER,pranav.master58,Finance,6.32,LOW,0.605,MEDIUM,0,1.0,Unknown,UNKNOWN,SUFFICIENT_HISTORY,ZERO_MFA_FAILURES_OBSERVED,NO_ACTIONABLE_HYPOTHESIS
EMP12633,USER,aishani.sem75,Legal,0.0,LOW,0.6717,MEDIUM,0,1.0,Unknown,UNKNOWN,SUFFICIENT_HISTORY,ZERO_MFA_FAILURES_OBSERVED,NO_ACTIONABLE_HYPOTHESIS
EMP10045,USER,kiaan.sen15,Marketing,4.22,LOW,0.865,HIGH,0,1.0,Unknown,UNKNOWN,SUFFICIENT_HISTORY,ZERO_MFA_FAILURES_OBSERVED,NO_ACTIONABLE_HYPOTHESIS
EMP12849,USER,eiravati.agrawal54,Customer Support,29.51,LOW,1.0,HIGH,1,1.0,Unknown,UNKNOWN,SUFFICIENT_HISTORY,ZERO_MFA_FAILURES_OBSERVED,NO_ACTIONABLE_HYPOTHESIS
EMP10240,USER,jalsa.bhatti59,Marketing,12.65,LOW,0.815,HIGH,0,1.0,Unknown,UNKNOWN,SUFFICIENT_HISTORY,ZERO_MFA_FAILURES_OBSERVED,NO_ACTIONABLE_HYPOTHESIS
EMP10251,USER,aarini.memon10,IT Support,100.0,CRITICAL,0.9588,HIGH,3,1.5,Unknown,UNKNOWN,SUFFICIENT_HISTORY,ZERO_MFA_FAILURES_OBSERVED,POSSIBLE_CREDENTIAL_COMPROMISE; POSSIBLE_ACCOUNT_TAKEOVER; POSSIBLE_ANOMALOUS_DATA_EXFILTRATION
EMP10990,USER,dalbir.reddy82,Sales,20.23,LOW,0.805,HIGH,0,1.0,Unknown,UNKNOWN,SUFFICIENT_HISTORY,ZERO_MFA_FAILURES_OBSERVED,NO_ACTIONABLE_HYPOTHESIS
EMP10457,USER,darsh.sura85,Sales,8.43,LOW,0.8506,HIGH,0,1.0,Unknown,UNKNOWN,SUFFICIENT_HISTORY,ZERO_MFA_FAILURES_OBSERVED,NO_ACTIONABLE_HYPOTHESIS
EMP11272,USER,umang.loke95,Operations,4.22,LOW,0.895,HIGH,0,1.0,Unknown,UNKNOWN,SUFFICIENT_HISTORY,ZERO_MFA_FAILURES_OBSERVED,NO_ACTIONABLE_HYPOTHESIS
EMP10676,USER,yauvani_mannan99,R&D,15.81,LOW,0.7383,MEDIUM,0,1.0,Unknown,UNKNOWN,SUFFICIENT_HISTORY,ZERO_MFA_FAILURES_OBSERVED,NO_ACTIONABLE_HYPOTHESIS
EMP11814,USER,dipta_agate15,Procurement,10.54,LOW,0.7383,MEDIUM,0,1.0,Unknown,UNKNOWN,SUFFICIENT_HISTORY,ZERO_MFA_FAILURES_OBSERVED,NO_ACTIONABLE_HYPOTHESIS
EMP11533,USER,abdul_mitra65,Operations,0.0,LOW,0.805,HIGH,0,1.0,Unknown,UNKNOWN,SUFFICIENT_HISTORY,ZERO_MFA_FAILURES_OBSERVED,NO_ACTIONABLE_HYPOTHESIS
EMP12356,USER,vasatika.dhar45,R&D,18.97,LOW,0.7778,MEDIUM,0,1.0,Unknown,UNKNOWN,SUFFICIENT_HISTORY,ZERO_MFA_FAILURES_OBSERVED,NO_ACTIONABLE_HYPOTHESIS
EMP11084,USER,yadavi.pandit87,Innovation,0.0,LOW,0.695,MEDIUM,0,1.0,Unknown,UNKNOWN,SUFFICIENT_HISTORY,ZERO_MFA_FAILURES_OBSERVED,NO_ACTIONABLE_HYPOTHESIS
EMP11511,USER,sudiksha.raman15,R&D,21.08,LOW,0.9428,HIGH,0,1.0,Unknown,UNKNOWN,SUFFICIENT_HISTORY,ZERO_MFA_FAILURES_OBSERVED,NO_ACTIONABLE_HYPOTHESIS
EMP12404,USER,ekiya.chakraborty63,Marketing,0.0,LOW,0.52,MEDIUM,0,1.0,Unknown,UNKNOWN,INSUFFICIENT_HISTORY,INSUFFICIENT_BASELINE_HISTORY; ZERO_MFA_FAILURES_OBSERVED,NO_ACTIONABLE_HYPOTHESIS
EMP10257,USER,frederick.kaur54,Procurement,4.22,LOW,0.775,MEDIUM,0,1.0,Unknown,UNKNOWN,SUFFICIENT_HISTORY,ZERO_MFA_FAILURES_OBSERVED,NO_ACTIONABLE_HYPOTHESIS
EMP12272,USER,ekta.lal33,R&D,4.22,LOW,0.45,LOW,0,1.0,Unknown,UNKNOWN,INSUFFICIENT_HISTORY,INSUFFICIENT_BASELINE_HISTORY; ZERO_MFA_FAILURES_OBSERVED,NO_ACTIONABLE_HYPOTHESIS
EMP10368,USER,turvi.sarkar90,Supply Chain,8.43,LOW,1.0,HIGH,0,1.0,Unknown,UNKNOWN,SUFFICIENT_HISTORY,ZERO_MFA_FAILURES_OBSERVED,NO_ACTIONABLE_HYPOTHESIS
EMP12050,USER,aditya.nayar99,Procurement,5.9,LOW,0.865,HIGH,0,1.0,Unknown,UNKNOWN,SUFFICIENT_HISTORY,ZERO_MFA_FAILURES_OBSERVED,NO_ACTIONABLE_HYPOTHESIS
EMP12973,USER,manya_chakrabarti30,Operations,33.73,MODERATE,0.9467,HIGH,1,1.0,Unknown,UNKNOWN,SUFFICIENT_HISTORY,UNCORROBORATED_SINGLE_DIMENSION; ZERO_MFA_FAILURES_OBSERVED,NO_ACTIONABLE_HYPOTHESIS
EMP12844,USER,omaja.mangat18,Sales,25.29,LOW,0.895,HIGH,0,1.0,Unknown,UNKNOWN,SUFFICIENT_HISTORY,ZERO_MFA_FAILURES_OBSERVED,NO_ACTIONABLE_HYPOTHESIS
EMP10354,USER,nidra.mall33,Human Resources,3.02,LOW,0.7383,MEDIUM,0,1.0,Unknown,UNKNOWN,SUFFICIENT_HISTORY,ZERO_MFA_FAILURES_OBSERVED,NO_ACTIONABLE_HYPOTHESIS
EMP11299,USER,ojasvi_vohra60,Compliance,12.65,LOW,0.8393,HIGH,0,1.0,Unknown,UNKNOWN,SUFFICIENT_HISTORY,ZERO_MFA_FAILURES_OBSERVED,NO_ACTIONABLE_HYPOTHESIS
EMP11864,USER,isaac.bir96,Marketing,12.65,LOW,0.96,HIGH,0,1.0,Unknown,UNKNOWN,SUFFICIENT_HISTORY,ZERO_MFA_FAILURES_OBSERVED,NO_ACTIONABLE_HYPOTHESIS
EMP12219,USER,dalaja.lata76,Compliance,25.29,LOW,0.9385,HIGH,0,1.0,Unknown,UNKNOWN,SUFFICIENT_HISTORY,ZERO_MFA_FAILURES_OBSERVED,NO_ACTIONABLE_HYPOTHESIS
EMP11196,USER,odika.rajagopal41,Operations,0.0,LOW,0.7778,MEDIUM,0,1.0,Unknown,UNKNOWN,SUFFICIENT_HISTORY,ZERO_MFA_FAILURES_OBSERVED,NO_ACTIONABLE_HYPOTHESIS
EMP11830,USER,atharv.peri95,Operations,6.32,LOW,0.8506,HIGH,0,1.0,Unknown,UNKNOWN,SUFFICIENT_HISTORY,ZERO_MFA_FAILURES_OBSERVED,NO_ACTIONABLE_HYPOTHESIS
EMP12202,USER,upma.kohli12,Marketing,12.65,LOW,0.9636,HIGH,0,1.0,Unknown,UNKNOWN,SUFFICIENT_HISTORY,ZERO_MFA_FAILURES_OBSERVED,NO_ACTIONABLE_HYPOTHESIS
EMP11302,USER,Unknown,Finance,9.84,LOW,0.7778,MEDIUM,0,1.0,Unknown,UNKNOWN,SUFFICIENT_HISTORY,ZERO_MFA_FAILURES_OBSERVED,NO_ACTIONABLE_HYPOTHESIS
EMP10682,USER,dhruv.sami40,R&D,13.7,LOW,0.815,HIGH,0,1.0,Unknown,UNKNOWN,SUFFICIENT_HISTORY,ZERO_MFA_FAILURES_OBSERVED,NO_ACTIONABLE_HYPOTHESIS
EMP11381,USER,jairaj_acharya41,Human Resources,16.86,LOW,0.9333,HIGH,0,1.0,Unknown,UNKNOWN,SUFFICIENT_HISTORY,ZERO_MFA_FAILURES_OBSERVED,NO_ACTIONABLE_HYPOTHESIS
EMP10507,USER,dipta.narayan36,Finance,4.22,LOW,0.835,HIGH,0,1.0,Unknown,UNKNOWN,SUFFICIENT_HISTORY,ZERO_MFA_FAILURES_OBSERVED,NO_ACTIONABLE_HYPOTHESIS
EMP10211,USER,krishna_seth41,Operations,12.65,LOW,0.835,HIGH,0,1.0,Unknown,UNKNOWN,SUFFICIENT_HISTORY,ZERO_MFA_FAILURES_OBSERVED,NO_ACTIONABLE_HYPOTHESIS
EMP11454,USER,meera.kaur84,Finance,16.86,LOW,0.96,HIGH,0,1.0,Unknown,UNKNOWN,SUFFICIENT_HISTORY,ZERO_MFA_FAILURES_OBSERVED,NO_ACTIONABLE_HYPOTHESIS
EMP10819,USER,oni.wable49,Procurement,8.43,LOW,0.7778,MEDIUM,0,1.0,Unknown,UNKNOWN,SUFFICIENT_HISTORY,ZERO_MFA_FAILURES_OBSERVED,NO_ACTIONABLE_HYPOTHESIS
EMP11650,USER,charita.rattan19,IT,11.13,LOW,0.6717,MEDIUM,0,1.0,Unknown,UNKNOWN,SUFFICIENT_HISTORY,ZERO_MFA_FAILURES_OBSERVED,NO_ACTIONABLE_HYPOTHESIS
EMP12909,USER,varsha_swamy83,Call Center,21.08,LOW,0.9273,HIGH,0,1.0,Unknown,UNKNOWN,SUFFICIENT_HISTORY,ZERO_MFA_FAILURES_OBSERVED,NO_ACTIONABLE_HYPOTHESIS
EMP10582,USER,charan.deshmukh24,Sales,4.22,LOW,1.0,HIGH,0,1.0,Unknown,UNKNOWN,SUFFICIENT_HISTORY,ZERO_MFA_FAILURES_OBSERVED,NO_ACTIONABLE_HYPOTHESIS
EMP10175,USER,benjamin.rau26,Procurement,8.43,LOW,0.775,MEDIUM,0,1.0,Unknown,UNKNOWN,SUFFICIENT_HISTORY,ZERO_MFA_FAILURES_OBSERVED,NO_ACTIONABLE_HYPOTHESIS
EMP11712,USER,vasatika.kunda70,IT,16.02,LOW,0.805,HIGH,0,1.0,Unknown,UNKNOWN,SUFFICIENT_HISTORY,ZERO_MFA_FAILURES_OBSERVED,NO_ACTIONABLE_HYPOTHESIS
EMP10430,USER,dhruv.bose40,Compliance,0.0,LOW,0.55,MEDIUM,0,1.0,Unknown,UNKNOWN,INSUFFICIENT_HISTORY,INSUFFICIENT_BASELINE_HISTORY; ZERO_MFA_FAILURES_OBSERVED,NO_ACTIONABLE_HYPOTHESIS
EMP11507,USER,owen.badal65,Human Resources,33.73,MODERATE,0.9692,HIGH,0,1.0,Unknown,UNKNOWN,SUFFICIENT_HISTORY,UNCORROBORATED_SINGLE_DIMENSION; ZERO_MFA_FAILURES_OBSERVED,NO_ACTIONABLE_HYPOTHESIS
EMP10744,USER,dayamai.din39,Operations,9.48,LOW,0.815,HIGH,0,1.0,Unknown,UNKNOWN,SUFFICIENT_HISTORY,ZERO_MFA_FAILURES_OBSERVED,NO_ACTIONABLE_HYPOTHESIS
EMP11362,USER,meghana.jaggi6,Human Resources,7.23,LOW,0.835,HIGH,0,1.0,Unknown,UNKNOWN,SUFFICIENT_HISTORY,ZERO_MFA_FAILURES_OBSERVED,NO_ACTIONABLE_HYPOTHESIS
EMP11097,USER,nirja.jani16,IT,25.29,LOW,0.92,HIGH,0,1.0,Unknown,UNKNOWN,SUFFICIENT_HISTORY,ZERO_MFA_FAILURES_OBSERVED,NO_ACTIONABLE_HYPOTHESIS
EMP10506,USER,ekanta.ravel60,Innovation,20.02,LOW,0.835,HIGH,1,1.0,Unknown,UNKNOWN,SUFFICIENT_HISTORY,ZERO_MFA_FAILURES_OBSERVED,NO_ACTIONABLE_HYPOTHESIS
EMP10945,USER,sachi.shetty87,Finance,8.43,LOW,0.865,HIGH,0,1.0,Unknown,UNKNOWN,SUFFICIENT_HISTORY,ZERO_MFA_FAILURES_OBSERVED,NO_ACTIONABLE_HYPOTHESIS
EMP11135,USER,nandini.pai30,Sales,16.86,LOW,0.52,MEDIUM,1,1.0,Unknown,UNKNOWN,INSUFFICIENT_HISTORY,INSUFFICIENT_BASELINE_HISTORY; ZERO_MFA_FAILURES_OBSERVED,NO_ACTIONABLE_HYPOTHESIS
EMP11023,USER,aashi.raju60,R&D,4.22,LOW,0.96,HIGH,0,1.0,Unknown,UNKNOWN,SUFFICIENT_HISTORY,ZERO_MFA_FAILURES_OBSERVED,NO_ACTIONABLE_HYPOTHESIS
EMP10196,USER,omaja.soman68,Operations,9.48,LOW,0.8506,HIGH,0,1.0,Unknown,UNKNOWN,SUFFICIENT_HISTORY,ZERO_MFA_FAILURES_OBSERVED,NO_ACTIONABLE_HYPOTHESIS
EMP12512,USER,Unknown,Customer Support,12.65,LOW,0.7383,MEDIUM,0,1.0,Unknown,UNKNOWN,SUFFICIENT_HISTORY,ZERO_MFA_FAILURES_OBSERVED,NO_ACTIONABLE_HYPOTHESIS
EMP10088,USER,hema.yadav5,Sales,4.22,LOW,0.8506,HIGH,0,1.0,Unknown,UNKNOWN,SUFFICIENT_HISTORY,ZERO_MFA_FAILURES_OBSERVED,NO_ACTIONABLE_HYPOTHESIS
EMP11047,USER,riya.trivedi40,R&D,21.08,LOW,0.9667,HIGH,0,1.0,Unknown,UNKNOWN,SUFFICIENT_HISTORY,ZERO_MFA_FAILURES_OBSERVED,NO_ACTIONABLE_HYPOTHESIS
EMP12878,USER,zayyan.contractor3,Customer Support,9.84,LOW,0.805,HIGH,0,1.0,Unknown,UNKNOWN,SUFFICIENT_HISTORY,ZERO_MFA_FAILURES_OBSERVED,NO_ACTIONABLE_HYPOTHESIS
EMP12025,USER,oliver.devan65,R&D,22.13,LOW,0.96,HIGH,0,1.0,Unknown,UNKNOWN,SUFFICIENT_HISTORY,ZERO_MFA_FAILURES_OBSERVED,NO_ACTIONABLE_HYPOTHESIS
EMP12943,USER,jatin.garde4,Supply Chain,16.86,LOW,0.865,HIGH,0,1.0,Unknown,UNKNOWN,SUFFICIENT_HISTORY,ZERO_MFA_FAILURES_OBSERVED,NO_ACTIONABLE_HYPOTHESIS
EMP10678,USER,avi.kalla37,Procurement,0.0,LOW,0.775,MEDIUM,0,1.0,Unknown,UNKNOWN,SUFFICIENT_HISTORY,ZERO_MFA_FAILURES_OBSERVED,NO_ACTIONABLE_HYPOTHESIS
EMP11034,USER,anamika.gala90,Legal,63.23,HIGH,0.8393,HIGH,2,1.25,Unknown,UNKNOWN,SUFFICIENT_HISTORY,ZERO_MFA_FAILURES_OBSERVED,POSSIBLE_CREDENTIAL_COMPROMISE; POSSIBLE_ACCOUNT_TAKEOVER; POSSIBLE_ANOMALOUS_DATA_EXFILTRATION
EMP10564,USER,rayaan.aggarwal35,Procurement,0.0,LOW,0.8506,HIGH,0,1.0,Unknown,UNKNOWN,SUFFICIENT_HISTORY,ZERO_MFA_FAILURES_OBSERVED,NO_ACTIONABLE_HYPOTHESIS
EMP10343,USER,ayaan.kala66,Sales,16.86,LOW,0.865,HIGH,0,1.0,Unknown,UNKNOWN,SUFFICIENT_HISTORY,ZERO_MFA_FAILURES_OBSERVED,NO_ACTIONABLE_HYPOTHESIS
EMP12346,USER,upasna.vig49,Procurement,4.22,LOW,0.55,MEDIUM,0,1.0,Unknown,UNKNOWN,INSUFFICIENT_HISTORY,INSUFFICIENT_BASELINE_HISTORY; ZERO_MFA_FAILURES_OBSERVED,NO_ACTIONABLE_HYPOTHESIS
EMP10025,USER,naveen.johal55,Finance,1.41,LOW,0.45,LOW,0,1.0,Unknown,UNKNOWN,INSUFFICIENT_HISTORY,INSUFFICIENT_BASELINE_HISTORY; ZERO_MFA_FAILURES_OBSERVED,NO_ACTIONABLE_HYPOTHESIS
EMP10940,USER,Unknown,Supply Chain,0.0,LOW,0.805,HIGH,0,1.0,Unknown,UNKNOWN,SUFFICIENT_HISTORY,ZERO_MFA_FAILURES_OBSERVED,NO_ACTIONABLE_HYPOTHESIS
EMP11859,USER,aachal.sarraf5,Sales,21.08,LOW,0.895,HIGH,0,1.0,Unknown,UNKNOWN,SUFFICIENT_HISTORY,ZERO_MFA_FAILURES_OBSERVED,NO_ACTIONABLE_HYPOTHESIS
EMP12892,USER,nirja.bhakta26,IT Support,12.65,LOW,0.92,HIGH,0,1.0,Unknown,UNKNOWN,SUFFICIENT_HISTORY,ZERO_MFA_FAILURES_OBSERVED,NO_ACTIONABLE_HYPOTHESIS
EMP12795,USER,zehaan.naik32,Procurement,29.51,LOW,1.0,HIGH,0,1.0,Unknown,UNKNOWN,SUFFICIENT_HISTORY,ZERO_MFA_FAILURES_OBSERVED,NO_ACTIONABLE_HYPOTHESIS
EMP11488,USER,gaurangi.viswanathan21,R&D,7.38,LOW,0.865,HIGH,0,1.0,Unknown,UNKNOWN,SUFFICIENT_HISTORY,ZERO_MFA_FAILURES_OBSERVED,NO_ACTIONABLE_HYPOTHESIS
EMP11525,USER,yamini.cherian93,Procurement,8.43,LOW,0.765,MEDIUM,0,1.0,Unknown,UNKNOWN,SUFFICIENT_HISTORY,ZERO_MFA_FAILURES_OBSERVED,NO_ACTIONABLE_HYPOTHESIS
EMP12422,USER,madhav.grover92,Operations,12.65,LOW,1.0,HIGH,0,1.0,Unknown,UNKNOWN,SUFFICIENT_HISTORY,ZERO_MFA_FAILURES_OBSERVED,NO_ACTIONABLE_HYPOTHESIS
EMP12574,USER,vanya.rana13,Sales,10.54,LOW,0.695,MEDIUM,0,1.0,Unknown,UNKNOWN,SUFFICIENT_HISTORY,ZERO_MFA_FAILURES_OBSERVED,NO_ACTIONABLE_HYPOTHESIS
EMP10650,USER,darika.sha73,Finance,21.08,LOW,0.895,HIGH,0,1.0,Unknown,UNKNOWN,SUFFICIENT_HISTORY,ZERO_MFA_FAILURES_OBSERVED,NO_ACTIONABLE_HYPOTHESIS
EMP10867,USER,nathan.madan77,IT,12.65,LOW,1.0,HIGH,0,1.0,Unknown,UNKNOWN,SUFFICIENT_HISTORY,ZERO_MFA_FAILURES_OBSERVED,NO_ACTIONABLE_HYPOTHESIS
EMP11350,USER,utkarsh.nadig92,Operations,0.0,LOW,0.6717,MEDIUM,0,1.0,Unknown,UNKNOWN,SUFFICIENT_HISTORY,ZERO_MFA_FAILURES_OBSERVED,NO_ACTIONABLE_HYPOTHESIS
EMP10067,USER,wyatt.bora78,Human Resources,7.23,LOW,0.765,MEDIUM,0,1.0,Unknown,UNKNOWN,SUFFICIENT_HISTORY,ZERO_MFA_FAILURES_OBSERVED,NO_ACTIONABLE_HYPOTHESIS
EMP12249,USER,hemal.naik73,Operations,5.27,LOW,0.815,HIGH,0,1.0,Unknown,UNKNOWN,SUFFICIENT_HISTORY,ZERO_MFA_FAILURES_OBSERVED,NO_ACTIONABLE_HYPOTHESIS
EMP10621,USER,bhanumati_ratta30,Sales,4.22,LOW,0.7383,MEDIUM,0,1.0,Unknown,UNKNOWN,SUFFICIENT_HISTORY,ZERO_MFA_FAILURES_OBSERVED,NO_ACTIONABLE_HYPOTHESIS
EMP10651,USER,pranit.srinivas94,R&D,4.22,LOW,1.0,HIGH,0,1.0,Unknown,UNKNOWN,SUFFICIENT_HISTORY,ZERO_MFA_FAILURES_OBSERVED,NO_ACTIONABLE_HYPOTHESIS
EMP12195,USER,balendra.jha12,Procurement,10.12,LOW,0.8061,HIGH,0,1.0,Unknown,UNKNOWN,SUFFICIENT_HISTORY,ZERO_MFA_FAILURES_OBSERVED,NO_ACTIONABLE_HYPOTHESIS
EMP10602,USER,sai_goda99,Procurement,12.65,LOW,0.9333,HIGH,0,1.0,Unknown,UNKNOWN,SUFFICIENT_HISTORY,ZERO_MFA_FAILURES_OBSERVED,NO_ACTIONABLE_HYPOTHESIS
EMP12911,USER,charan.dhawan17,Sales,8.43,LOW,0.7617,MEDIUM,0,1.0,Unknown,UNKNOWN,SUFFICIENT_HISTORY,ZERO_MFA_FAILURES_OBSERVED,NO_ACTIONABLE_HYPOTHESIS
EMP10423,USER,bahadurjit.dyal80,Legal,4.22,LOW,0.865,HIGH,0,1.0,Unknown,UNKNOWN,SUFFICIENT_HISTORY,ZERO_MFA_FAILURES_OBSERVED,NO_ACTIONABLE_HYPOTHESIS
EMP12171,USER,bishakha.bajaj79,Human Resources,15.67,LOW,0.8506,HIGH,0,1.0,Unknown,UNKNOWN,SUFFICIENT_HISTORY,ZERO_MFA_FAILURES_OBSERVED,NO_ACTIONABLE_HYPOTHESIS
EMP12805,USER,anamika.hayer81,Marketing,16.86,LOW,0.815,HIGH,0,1.0,Unknown,UNKNOWN,SUFFICIENT_HISTORY,ZERO_MFA_FAILURES_OBSERVED,NO_ACTIONABLE_HYPOTHESIS
EMP11910,USER,jonathan.lalla10,Human Resources,11.29,LOW,0.55,MEDIUM,0,1.0,Unknown,UNKNOWN,INSUFFICIENT_HISTORY,INSUFFICIENT_BASELINE_HISTORY; ZERO_MFA_FAILURES_OBSERVED,NO_ACTIONABLE_HYPOTHESIS
EMP12861,USER,lakshmi.gill13,Finance,4.22,LOW,0.7172,MEDIUM,0,1.0,Unknown,UNKNOWN,SUFFICIENT_HISTORY,ZERO_MFA_FAILURES_OBSERVED,NO_ACTIONABLE_HYPOTHESIS
EMP11113,USER,rachana.jani60,Support,8.43,LOW,0.8506,HIGH,0,1.0,Unknown,UNKNOWN,SUFFICIENT_HISTORY,ZERO_MFA_FAILURES_OBSERVED,NO_ACTIONABLE_HYPOTHESIS
EMP11477,USER,odika.mann97,Operations,5.27,LOW,0.52,MEDIUM,0,1.0,Unknown,UNKNOWN,INSUFFICIENT_HISTORY,INSUFFICIENT_BASELINE_HISTORY; ZERO_MFA_FAILURES_OBSERVED,NO_ACTIONABLE_HYPOTHESIS
EMP11553,USER,zaid_chad19,Legal,4.22,LOW,0.45,LOW,0,1.0,Unknown,UNKNOWN,INSUFFICIENT_HISTORY,INSUFFICIENT_BASELINE_HISTORY; ZERO_MFA_FAILURES_OBSERVED,NO_ACTIONABLE_HYPOTHESIS
EMP10124,USER,sathvik.kadakia72,Operations,0.0,LOW,0.7383,MEDIUM,0,1.0,Unknown,UNKNOWN,SUFFICIENT_HISTORY,ZERO_MFA_FAILURES_OBSERVED,NO_ACTIONABLE_HYPOTHESIS
EMP12541,USER,saumya.contractor14,Support,4.22,LOW,0.615,MEDIUM,0,1.0,Unknown,UNKNOWN,SUFFICIENT_HISTORY,ZERO_MFA_FAILURES_OBSERVED,NO_ACTIONABLE_HYPOTHESIS
EMP12903,USER,farhan.pathak41,Sales,0.0,LOW,0.775,MEDIUM,0,1.0,Unknown,UNKNOWN,SUFFICIENT_HISTORY,ZERO_MFA_FAILURES_OBSERVED,NO_ACTIONABLE_HYPOTHESIS
EMP11866,USER,leena.sankaran10,Finance,25.29,LOW,0.895,HIGH,0,1.0,Unknown,UNKNOWN,SUFFICIENT_HISTORY,ZERO_MFA_FAILURES_OBSERVED,NO_ACTIONABLE_HYPOTHESIS
EMP11872,USER,janani.narula52,Sales,32.04,MODERATE,0.9333,HIGH,1,1.0,Unknown,UNKNOWN,SUFFICIENT_HISTORY,UNCORROBORATED_SINGLE_DIMENSION; ZERO_MFA_FAILURES_OBSERVED,NO_ACTIONABLE_HYPOTHESIS
EMP10532,USER,jack.mallick72,R&D,16.86,LOW,0.9385,HIGH,0,1.0,Unknown,UNKNOWN,SUFFICIENT_HISTORY,ZERO_MFA_FAILURES_OBSERVED,NO_ACTIONABLE_HYPOTHESIS
EMP12009,USER,gautam.bala88,Marketing,25.29,LOW,0.895,HIGH,0,1.0,Unknown,UNKNOWN,SUFFICIENT_HISTORY,ZERO_MFA_FAILURES_OBSERVED,NO_ACTIONABLE_HYPOTHESIS
EMP11057,USER,turvi.devan14,Procurement,8.43,LOW,0.7207,MEDIUM,0,1.0,Unknown,UNKNOWN,SUFFICIENT_HISTORY,ZERO_MFA_FAILURES_OBSERVED,NO_ACTIONABLE_HYPOTHESIS
EMP12907,USER,ekani.kalita20,IT,33.73,MODERATE,1.0,HIGH,1,1.0,Unknown,UNKNOWN,SUFFICIENT_HISTORY,UNCORROBORATED_SINGLE_DIMENSION; ZERO_MFA_FAILURES_OBSERVED,NO_ACTIONABLE_HYPOTHESIS
EMP11690,USER,madhav.handa28,Human Resources,33.73,MODERATE,0.9385,HIGH,1,1.0,Unknown,UNKNOWN,SUFFICIENT_HISTORY,UNCORROBORATED_SINGLE_DIMENSION; ZERO_MFA_FAILURES_OBSERVED,NO_ACTIONABLE_HYPOTHESIS
EMP11487,USER,manya.sridhar12,Operations,4.22,LOW,0.765,MEDIUM,0,1.0,Unknown,UNKNOWN,SUFFICIENT_HISTORY,ZERO_MFA_FAILURES_OBSERVED,NO_ACTIONABLE_HYPOTHESIS
EMP10557,USER,watika.sami2,Finance,21.92,LOW,0.805,HIGH,0,1.0,Unknown,UNKNOWN,SUFFICIENT_HISTORY,ZERO_MFA_FAILURES_OBSERVED,NO_ACTIONABLE_HYPOTHESIS
EMP12561,USER,oviya.pradhan73,Human Resources,8.43,LOW,0.815,HIGH,0,1.0,Unknown,UNKNOWN,SUFFICIENT_HISTORY,ZERO_MFA_FAILURES_OBSERVED,NO_ACTIONABLE_HYPOTHESIS
EMP11173,USER,Unknown,Legal,12.65,LOW,0.92,HIGH,0,1.0,Unknown,UNKNOWN,SUFFICIENT_HISTORY,ZERO_MFA_FAILURES_OBSERVED,NO_ACTIONABLE_HYPOTHESIS
EMP10176,USER,lajita.choudhury92,Customer Support,0.0,LOW,0.7778,MEDIUM,0,1.0,Unknown,UNKNOWN,SUFFICIENT_HISTORY,ZERO_MFA_FAILURES_OBSERVED,NO_ACTIONABLE_HYPOTHESIS
EMP10322,USER,bakhshi.dora47,Support,100.0,CRITICAL,0.9949,HIGH,3,1.5,Unknown,UNKNOWN,SUFFICIENT_HISTORY,ZERO_MFA_FAILURES_OBSERVED,POSSIBLE_CREDENTIAL_COMPROMISE; POSSIBLE_ACCOUNT_TAKEOVER; POSSIBLE_ANOMALOUS_DATA_EXFILTRATION
EMP11188,USER,pranav.dara5,Marketing,21.92,LOW,0.8506,HIGH,0,1.0,Unknown,UNKNOWN,SUFFICIENT_HISTORY,ZERO_MFA_FAILURES_OBSERVED,NO_ACTIONABLE_HYPOTHESIS
EMP11461,USER,Unknown,Operations,8.43,LOW,0.865,HIGH,0,1.0,Unknown,UNKNOWN,SUFFICIENT_HISTORY,ZERO_MFA_FAILURES_OBSERVED,NO_ACTIONABLE_HYPOTHESIS
EMP12478,USER,tanay.khosla86,Marketing,21.08,LOW,0.8061,HIGH,0,1.0,Unknown,UNKNOWN,SUFFICIENT_HISTORY,ZERO_MFA_FAILURES_OBSERVED,NO_ACTIONABLE_HYPOTHESIS
EMP11545,USER,hritik.shan95,Procurement,25.29,LOW,0.775,MEDIUM,1,1.0,Unknown,UNKNOWN,SUFFICIENT_HISTORY,ZERO_MFA_FAILURES_OBSERVED,NO_ACTIONABLE_HYPOTHESIS
EMP10695,USER,charita_dhingra41,Legal,37.94,MODERATE,0.9385,HIGH,1,1.0,Unknown,UNKNOWN,SUFFICIENT_HISTORY,UNCORROBORATED_SINGLE_DIMENSION; ZERO_MFA_FAILURES_OBSERVED,NO_ACTIONABLE_HYPOTHESIS
EMP11628,USER,gautami.chaudhry69,IT,8.43,LOW,0.7383,MEDIUM,0,1.0,Unknown,UNKNOWN,SUFFICIENT_HISTORY,ZERO_MFA_FAILURES_OBSERVED,NO_ACTIONABLE_HYPOTHESIS
EMP10080,USER,ubika.anne68,Supply Chain,37.94,MODERATE,0.9467,HIGH,0,1.0,Unknown,UNKNOWN,SUFFICIENT_HISTORY,UNCORROBORATED_SINGLE_DIMENSION; ZERO_MFA_FAILURES_OBSERVED,NO_ACTIONABLE_HYPOTHESIS
EMP12525,USER,oeshi.gara54,R&D,33.73,MODERATE,0.9333,HIGH,0,1.0,Unknown,UNKNOWN,SUFFICIENT_HISTORY,UNCORROBORATED_SINGLE_DIMENSION; ZERO_MFA_FAILURES_OBSERVED,NO_ACTIONABLE_HYPOTHESIS
EMP11149,USER,ekaraj.kaur18,Marketing,1.41,LOW,0.55,MEDIUM,0,1.0,Unknown,UNKNOWN,INSUFFICIENT_HISTORY,INSUFFICIENT_BASELINE_HISTORY; ZERO_MFA_FAILURES_OBSERVED,NO_ACTIONABLE_HYPOTHESIS
EMP11151,USER,aadhya.saini38,Operations,0.0,LOW,0.55,MEDIUM,0,1.0,Unknown,UNKNOWN,INSUFFICIENT_HISTORY,INSUFFICIENT_BASELINE_HISTORY; ZERO_MFA_FAILURES_OBSERVED,NO_ACTIONABLE_HYPOTHESIS
EMP10862,USER,gauri.nagi49,Finance,21.08,LOW,0.805,HIGH,0,1.0,Unknown,UNKNOWN,SUFFICIENT_HISTORY,ZERO_MFA_FAILURES_OBSERVED,NO_ACTIONABLE_HYPOTHESIS
EMP11260,USER,alexander.gaba61,Customer Support,19.2,LOW,0.895,HIGH,0,1.0,Unknown,UNKNOWN,SUFFICIENT_HISTORY,ZERO_MFA_FAILURES_OBSERVED,NO_ACTIONABLE_HYPOTHESIS
EMP10439,USER,william.sankaran18,Operations,13.7,LOW,0.7778,MEDIUM,0,1.0,Unknown,UNKNOWN,SUFFICIENT_HISTORY,ZERO_MFA_FAILURES_OBSERVED,NO_ACTIONABLE_HYPOTHESIS
EMP10471,USER,ekaraj_sharaf36,Legal,4.22,LOW,0.7383,MEDIUM,0,1.0,Unknown,UNKNOWN,SUFFICIENT_HISTORY,ZERO_MFA_FAILURES_OBSERVED,NO_ACTIONABLE_HYPOTHESIS
EMP12230,USER,chakradev.loyal14,Human Resources,12.65,LOW,0.865,HIGH,0,1.0,Unknown,UNKNOWN,SUFFICIENT_HISTORY,ZERO_MFA_FAILURES_OBSERVED,NO_ACTIONABLE_HYPOTHESIS
EMP12011,USER,wishi.ganesh63,Procurement,15.18,LOW,0.805,HIGH,0,1.0,Unknown,UNKNOWN,SUFFICIENT_HISTORY,ZERO_MFA_FAILURES_OBSERVED,NO_ACTIONABLE_HYPOTHESIS
EMP11706,USER,jyoti.saraf98,Operations,2.11,LOW,0.805,HIGH,0,1.0,Unknown,UNKNOWN,SUFFICIENT_HISTORY,ZERO_MFA_FAILURES_OBSERVED,NO_ACTIONABLE_HYPOTHESIS
EMP10812,USER,advika.mani57,Sales,21.08,LOW,0.96,HIGH,0,1.0,Unknown,UNKNOWN,SUFFICIENT_HISTORY,ZERO_MFA_FAILURES_OBSERVED,NO_ACTIONABLE_HYPOTHESIS
EMP11234,USER,gaurika.chopra35,Brand,41.03,MODERATE,0.9667,HIGH,1,1.0,Unknown,UNKNOWN,SUFFICIENT_HISTORY,UNCORROBORATED_SINGLE_DIMENSION; ZERO_MFA_FAILURES_OBSERVED,NO_ACTIONABLE_HYPOTHESIS
EMP12246,USER,unni.hayer3,Finance,33.73,MODERATE,0.9273,HIGH,1,1.0,Unknown,UNKNOWN,SUFFICIENT_HISTORY,UNCORROBORATED_SINGLE_DIMENSION; ZERO_MFA_FAILURES_OBSERVED,NO_ACTIONABLE_HYPOTHESIS
EMP10568,USER,mekhala.nadig40,Sales,5.9,LOW,0.835,HIGH,0,1.0,Unknown,UNKNOWN,SUFFICIENT_HISTORY,ZERO_MFA_FAILURES_OBSERVED,NO_ACTIONABLE_HYPOTHESIS
EMP12425,USER,jeet.rajagopalan64,R&D,100.0,CRITICAL,0.9362,HIGH,3,1.5,Unknown,UNKNOWN,SUFFICIENT_HISTORY,ZERO_MFA_FAILURES_OBSERVED,POSSIBLE_CREDENTIAL_COMPROMISE; POSSIBLE_ACCOUNT_TAKEOVER; POSSIBLE_ANOMALOUS_DATA_EXFILTRATION
EMP11653,USER,balhaar.bhakta94,Procurement,0.0,LOW,0.55,MEDIUM,0,1.0,Unknown,UNKNOWN,INSUFFICIENT_HISTORY,INSUFFICIENT_BASELINE_HISTORY; ZERO_MFA_FAILURES_OBSERVED,NO_ACTIONABLE_HYPOTHESIS
EMP10141,USER,Unknown,Operations,21.08,LOW,0.9333,HIGH,0,1.0,Unknown,UNKNOWN,SUFFICIENT_HISTORY,ZERO_MFA_FAILURES_OBSERVED,NO_ACTIONABLE_HYPOTHESIS
EMP10511,USER,samaksh.dutt66,Finance,12.65,LOW,0.805,HIGH,0,1.0,Unknown,UNKNOWN,SUFFICIENT_HISTORY,ZERO_MFA_FAILURES_OBSERVED,NO_ACTIONABLE_HYPOTHESIS
EMP11612,USER,aarush.vasa18,Operations,16.86,LOW,0.96,HIGH,0,1.0,Unknown,UNKNOWN,SUFFICIENT_HISTORY,ZERO_MFA_FAILURES_OBSERVED,NO_ACTIONABLE_HYPOTHESIS
EMP12605,USER,tripti.chander54,Call Center,0.0,LOW,0.6717,MEDIUM,0,1.0,Unknown,UNKNOWN,SUFFICIENT_HISTORY,ZERO_MFA_FAILURES_OBSERVED,NO_ACTIONABLE_HYPOTHESIS
EMP11809,USER,girish.atwal74,Brand,8.43,LOW,0.835,HIGH,0,1.0,Unknown,UNKNOWN,SUFFICIENT_HISTORY,ZERO_MFA_FAILURES_OBSERVED,NO_ACTIONABLE_HYPOTHESIS
EMP12866,USER,abhiram.bahri83,Customer Support,1.25,LOW,0.775,MEDIUM,0,1.0,Unknown,UNKNOWN,SUFFICIENT_HISTORY,ZERO_MFA_FAILURES_OBSERVED,NO_ACTIONABLE_HYPOTHESIS
EMP11684,USER,timothy.gopal8,Supply Chain,0.0,LOW,0.52,MEDIUM,0,1.0,Unknown,UNKNOWN,INSUFFICIENT_HISTORY,INSUFFICIENT_BASELINE_HISTORY; ZERO_MFA_FAILURES_OBSERVED,NO_ACTIONABLE_HYPOTHESIS
EMP10610,USER,ojasvi.gour94,Human Resources,0.0,LOW,0.8506,HIGH,0,1.0,Unknown,UNKNOWN,SUFFICIENT_HISTORY,ZERO_MFA_FAILURES_OBSERVED,NO_ACTIONABLE_HYPOTHESIS
EMP12810,USER,garima.kant8,Customer Support,21.08,LOW,1.0,HIGH,0,1.0,Unknown,UNKNOWN,SUFFICIENT_HISTORY,ZERO_MFA_FAILURES_OBSERVED,NO_ACTIONABLE_HYPOTHESIS
EMP11966,USER,varsha.bhakta93,Finance,0.0,LOW,0.775,MEDIUM,0,1.0,Unknown,UNKNOWN,SUFFICIENT_HISTORY,ZERO_MFA_FAILURES_OBSERVED,NO_ACTIONABLE_HYPOTHESIS
EMP10831,USER,nilima.bahri98,Operations,10.54,LOW,0.775,MEDIUM,0,1.0,Unknown,UNKNOWN,SUFFICIENT_HISTORY,ZERO_MFA_FAILURES_OBSERVED,NO_ACTIONABLE_HYPOTHESIS
EMP10177,USER,jason.rege12,Sales,1.69,LOW,0.815,HIGH,0,1.0,Unknown,UNKNOWN,SUFFICIENT_HISTORY,ZERO_MFA_FAILURES_OBSERVED,NO_ACTIONABLE_HYPOTHESIS
EMP10857,USER,manbir_subramaniam95,Finance,0.0,LOW,0.03,UNTRUSTED,0,1.0,Unknown,UNKNOWN,INSUFFICIENT_HISTORY,LOW_TIMESTAMP_QUALITY; INSUFFICIENT_BASELINE_HISTORY; ZERO_MFA_FAILURES_OBSERVED,NO_ACTIONABLE_HYPOTHESIS
EMP10693,USER,wriddhish.babu12,Supply Chain,25.29,LOW,0.9692,HIGH,0,1.0,Unknown,UNKNOWN,SUFFICIENT_HISTORY,ZERO_MFA_FAILURES_OBSERVED,NO_ACTIONABLE_HYPOTHESIS
EMP11736,USER,vanya.desai85,Operations,0.0,LOW,0.815,HIGH,0,1.0,Unknown,UNKNOWN,SUFFICIENT_HISTORY,ZERO_MFA_FAILURES_OBSERVED,NO_ACTIONABLE_HYPOTHESIS
EMP11072,USER,yashoda.kannan15,R&D,1.05,LOW,0.775,MEDIUM,0,1.0,Unknown,UNKNOWN,SUFFICIENT_HISTORY,ZERO_MFA_FAILURES_OBSERVED,NO_ACTIONABLE_HYPOTHESIS
EMP11278,USER,niharika.lad59,Procurement,8.43,LOW,0.865,HIGH,0,1.0,Unknown,UNKNOWN,SUFFICIENT_HISTORY,ZERO_MFA_FAILURES_OBSERVED,NO_ACTIONABLE_HYPOTHESIS
EMP11503,USER,turvi.pillay41,Support,21.08,LOW,0.825,HIGH,0,1.0,Unknown,UNKNOWN,SUFFICIENT_HISTORY,ZERO_MFA_FAILURES_OBSERVED,NO_ACTIONABLE_HYPOTHESIS
EMP10183,USER,arjun.dara86,Human Resources,4.22,LOW,0.7778,MEDIUM,0,1.0,Unknown,UNKNOWN,SUFFICIENT_HISTORY,ZERO_MFA_FAILURES_OBSERVED,NO_ACTIONABLE_HYPOTHESIS
EMP11468,USER,neelima_varty56,Human Resources,7.23,LOW,0.805,HIGH,0,1.0,Unknown,UNKNOWN,SUFFICIENT_HISTORY,ZERO_MFA_FAILURES_OBSERVED,NO_ACTIONABLE_HYPOTHESIS
EMP12227,USER,sanaya.korpal34,R&D,21.08,LOW,0.8506,HIGH,0,1.0,Unknown,UNKNOWN,SUFFICIENT_HISTORY,ZERO_MFA_FAILURES_OBSERVED,NO_ACTIONABLE_HYPOTHESIS
EMP12727,USER,unni.borra40,Operations,0.0,LOW,0.55,MEDIUM,0,1.0,Unknown,UNKNOWN,INSUFFICIENT_HISTORY,INSUFFICIENT_BASELINE_HISTORY; ZERO_MFA_FAILURES_OBSERVED,NO_ACTIONABLE_HYPOTHESIS
EMP10565,USER,vidhi.balan53,Finance,12.65,LOW,0.815,HIGH,0,1.0,Unknown,UNKNOWN,SUFFICIENT_HISTORY,ZERO_MFA_FAILURES_OBSERVED,NO_ACTIONABLE_HYPOTHESIS
EMP12901,USER,advay.jayaraman98,Legal,100.0,CRITICAL,0.95,HIGH,3,1.5,Unknown,UNKNOWN,SUFFICIENT_HISTORY,ZERO_MFA_FAILURES_OBSERVED,POSSIBLE_CREDENTIAL_COMPROMISE; POSSIBLE_ACCOUNT_TAKEOVER; POSSIBLE_ANOMALOUS_DATA_EXFILTRATION
EMP12340,USER,gautami.contractor31,IT Support,12.65,LOW,0.8506,HIGH,0,1.0,Unknown,UNKNOWN,SUFFICIENT_HISTORY,ZERO_MFA_FAILURES_OBSERVED,NO_ACTIONABLE_HYPOTHESIS
EMP11985,USER,yochana.shere98,Compliance,0.94,LOW,0.695,MEDIUM,0,1.0,Unknown,UNKNOWN,SUFFICIENT_HISTORY,ZERO_MFA_FAILURES_OBSERVED,NO_ACTIONABLE_HYPOTHESIS
EMP11829,USER,azad.dewan44,Procurement,29.51,LOW,1.0,HIGH,0,1.0,Unknown,UNKNOWN,SUFFICIENT_HISTORY,ZERO_MFA_FAILURES_OBSERVED,NO_ACTIONABLE_HYPOTHESIS
EMP12850,USER,jatin.nigam57,IT,33.73,MODERATE,1.0,HIGH,1,1.0,Unknown,UNKNOWN,SUFFICIENT_HISTORY,UNCORROBORATED_SINGLE_DIMENSION; ZERO_MFA_FAILURES_OBSERVED,NO_ACTIONABLE_HYPOTHESIS
EMP10486,USER,thomas.kaul29,Sales,25.29,LOW,0.9467,HIGH,1,1.0,Unknown,UNKNOWN,SUFFICIENT_HISTORY,ZERO_MFA_FAILURES_OBSERVED,NO_ACTIONABLE_HYPOTHESIS
EMP12940,USER,aryan.prabhu29,Marketing,0.0,LOW,0.5014,MEDIUM,0,1.0,Unknown,UNKNOWN,INSUFFICIENT_TIMESTAMP_QUALITY,LOW_TIMESTAMP_QUALITY; ZERO_MFA_FAILURES_OBSERVED,NO_ACTIONABLE_HYPOTHESIS
EMP11204,USER,karan.zachariah68,Sales,4.22,LOW,1.0,HIGH,0,1.0,Unknown,UNKNOWN,SUFFICIENT_HISTORY,ZERO_MFA_FAILURES_OBSERVED,NO_ACTIONABLE_HYPOTHESIS
EMP10370,USER,tejas.dhaliwal72,Customer Support,1.25,LOW,0.775,MEDIUM,0,1.0,Unknown,UNKNOWN,SUFFICIENT_HISTORY,ZERO_MFA_FAILURES_OBSERVED,NO_ACTIONABLE_HYPOTHESIS
EMP10162,USER,jason.dayal95,IT,37.94,MODERATE,0.9428,HIGH,0,1.0,Unknown,UNKNOWN,SUFFICIENT_HISTORY,UNCORROBORATED_SINGLE_DIMENSION; ZERO_MFA_FAILURES_OBSERVED,NO_ACTIONABLE_HYPOTHESIS
EMP12646,USER,lavanya.grover78,IT,42.16,MODERATE,1.0,HIGH,0,1.0,Unknown,UNKNOWN,SUFFICIENT_HISTORY,UNCORROBORATED_SINGLE_DIMENSION; ZERO_MFA_FAILURES_OBSERVED,NO_ACTIONABLE_HYPOTHESIS
EMP12650,USER,hemal.sarin58,IT,12.65,LOW,0.8506,HIGH,0,1.0,Unknown,UNKNOWN,SUFFICIENT_HISTORY,ZERO_MFA_FAILURES_OBSERVED,NO_ACTIONABLE_HYPOTHESIS
EMP12931,USER,janya.bora79,Human Resources,4.22,LOW,0.765,MEDIUM,0,1.0,Unknown,UNKNOWN,SUFFICIENT_HISTORY,ZERO_MFA_FAILURES_OBSERVED,NO_ACTIONABLE_HYPOTHESIS
EMP11911,USER,joshua.ahluwalia5,Marketing,6.32,LOW,0.52,MEDIUM,0,1.0,Unknown,UNKNOWN,INSUFFICIENT_HISTORY,INSUFFICIENT_BASELINE_HISTORY; ZERO_MFA_FAILURES_OBSERVED,NO_ACTIONABLE_HYPOTHESIS
EMP10729,USER,inaya.chaudhuri44,Human Resources,5.17,LOW,0.8506,HIGH,0,1.0,Unknown,UNKNOWN,SUFFICIENT_HISTORY,ZERO_MFA_FAILURES_OBSERVED,NO_ACTIONABLE_HYPOTHESIS
EMP10969,USER,urvashi.upadhyay40,Human Resources,8.43,LOW,0.8506,HIGH,0,1.0,Unknown,UNKNOWN,SUFFICIENT_HISTORY,ZERO_MFA_FAILURES_OBSERVED,NO_ACTIONABLE_HYPOTHESIS
EMP10670,USER,Unknown,IT,8.43,LOW,0.9636,HIGH,0,1.0,Unknown,UNKNOWN,SUFFICIENT_HISTORY,ZERO_MFA_FAILURES_OBSERVED,NO_ACTIONABLE_HYPOTHESIS
EMP10887,USER,ekapad.agarwal62,Marketing,16.86,LOW,0.96,HIGH,0,1.0,Unknown,UNKNOWN,SUFFICIENT_HISTORY,ZERO_MFA_FAILURES_OBSERVED,NO_ACTIONABLE_HYPOTHESIS
EMP10030,USER,karan.hari9,Procurement,0.0,LOW,0.7383,MEDIUM,0,1.0,Unknown,UNKNOWN,SUFFICIENT_HISTORY,ZERO_MFA_FAILURES_OBSERVED,NO_ACTIONABLE_HYPOTHESIS
EMP11055,USER,urmi.sunder11,Support,0.0,LOW,0.8506,HIGH,0,1.0,Unknown,UNKNOWN,SUFFICIENT_HISTORY,ZERO_MFA_FAILURES_OBSERVED,NO_ACTIONABLE_HYPOTHESIS
EMP12079,USER,upasna.choudhary60,Call Center,11.83,LOW,0.7383,MEDIUM,0,1.0,Unknown,UNKNOWN,SUFFICIENT_HISTORY,ZERO_MFA_FAILURES_OBSERVED,NO_ACTIONABLE_HYPOTHESIS
EMP11591,USER,dalaja.tak30,Operations,33.73,MODERATE,0.9636,HIGH,1,1.0,Unknown,UNKNOWN,SUFFICIENT_HISTORY,UNCORROBORATED_SINGLE_DIMENSION; ZERO_MFA_FAILURES_OBSERVED,NO_ACTIONABLE_HYPOTHESIS
EMP10173,USER,dalbir.sem96,R&D,4.22,LOW,0.7207,MEDIUM,0,1.0,Unknown,UNKNOWN,SUFFICIENT_HISTORY,ZERO_MFA_FAILURES_OBSERVED,NO_ACTIONABLE_HYPOTHESIS
EMP11962,USER,abhimanyu.krishnamurthy64,Marketing,8.43,LOW,0.815,HIGH,0,1.0,Unknown,UNKNOWN,SUFFICIENT_HISTORY,ZERO_MFA_FAILURES_OBSERVED,NO_ACTIONABLE_HYPOTHESIS
EMP10296,USER,osha.kapur39,IT,100.0,CRITICAL,0.9561,HIGH,3,1.5,Unknown,UNKNOWN,SUFFICIENT_HISTORY,ZERO_MFA_FAILURES_OBSERVED,POSSIBLE_CREDENTIAL_COMPROMISE; POSSIBLE_ACCOUNT_TAKEOVER; POSSIBLE_ANOMALOUS_DATA_EXFILTRATION
EMP10325,USER,liam.tandon27,Sales,0.0,LOW,0.805,HIGH,0,1.0,Unknown,UNKNOWN,SUFFICIENT_HISTORY,ZERO_MFA_FAILURES_OBSERVED,NO_ACTIONABLE_HYPOTHESIS
EMP11236,USER,jagdish.chaudhry92,Marketing,19.67,LOW,0.7778,MEDIUM,0,1.0,Unknown,UNKNOWN,SUFFICIENT_HISTORY,ZERO_MFA_FAILURES_OBSERVED,NO_ACTIONABLE_HYPOTHESIS
EMP11988,USER,hemal.gokhale89,Supply Chain,4.22,LOW,0.8506,HIGH,0,1.0,Unknown,UNKNOWN,SUFFICIENT_HISTORY,ZERO_MFA_FAILURES_OBSERVED,NO_ACTIONABLE_HYPOTHESIS
EMP11738,USER,yamini.bala47,Legal,0.0,LOW,0.35,LOW,0,1.0,Unknown,UNKNOWN,INSUFFICIENT_HISTORY,INSUFFICIENT_BASELINE_HISTORY; ZERO_MFA_FAILURES_OBSERVED,NO_ACTIONABLE_HYPOTHESIS
EMP12759,USER,ekanta.gola20,Sales,0.0,LOW,0.55,MEDIUM,0,1.0,Unknown,UNKNOWN,INSUFFICIENT_HISTORY,INSUFFICIENT_BASELINE_HISTORY; ZERO_MFA_FAILURES_OBSERVED,NO_ACTIONABLE_HYPOTHESIS
EMP11472,USER,anamika_singh82,Operations,12.65,LOW,1.0,HIGH,0,1.0,Unknown,UNKNOWN,SUFFICIENT_HISTORY,ZERO_MFA_FAILURES_OBSERVED,NO_ACTIONABLE_HYPOTHESIS
EMP11925,USER,triya.narasimhan75,Human Resources,6.12,LOW,0.55,MEDIUM,0,1.0,Unknown,UNKNOWN,INSUFFICIENT_HISTORY,INSUFFICIENT_BASELINE_HISTORY; ZERO_MFA_FAILURES_OBSERVED,NO_ACTIONABLE_HYPOTHESIS
EMP12714,USER,inaya.kapadia64,Procurement,8.43,LOW,0.52,MEDIUM,0,1.0,Unknown,UNKNOWN,INSUFFICIENT_HISTORY,INSUFFICIENT_BASELINE_HISTORY; ZERO_MFA_FAILURES_OBSERVED,NO_ACTIONABLE_HYPOTHESIS
EMP10605,USER,owen.kashyap42,Procurement,33.73,MODERATE,0.9385,HIGH,0,1.0,Unknown,UNKNOWN,SUFFICIENT_HISTORY,UNCORROBORATED_SINGLE_DIMENSION; ZERO_MFA_FAILURES_OBSERVED,NO_ACTIONABLE_HYPOTHESIS
EMP11283,USER,ranbir.kalita61,Operations,12.65,LOW,0.8061,HIGH,0,1.0,Unknown,UNKNOWN,SUFFICIENT_HISTORY,ZERO_MFA_FAILURES_OBSERVED,NO_ACTIONABLE_HYPOTHESIS
EMP12671,USER,victor.kumer39,Sales,21.08,LOW,1.0,HIGH,0,1.0,Unknown,UNKNOWN,SUFFICIENT_HISTORY,ZERO_MFA_FAILURES_OBSERVED,NO_ACTIONABLE_HYPOTHESIS
EMP12626,USER,nimrat.rattan2,Sales,21.08,LOW,0.825,HIGH,0,1.0,Unknown,UNKNOWN,SUFFICIENT_HISTORY,ZERO_MFA_FAILURES_OBSERVED,NO_ACTIONABLE_HYPOTHESIS
EMP12881,USER,nirja.virk29,IT,0.0,LOW,0.49,LOW,0,1.0,Unknown,UNKNOWN,INSUFFICIENT_HISTORY,INSUFFICIENT_BASELINE_HISTORY; ZERO_MFA_FAILURES_OBSERVED,NO_ACTIONABLE_HYPOTHESIS
EMP12669,USER,vyanjana.jayaraman1,Legal,12.65,LOW,0.9333,HIGH,0,1.0,Unknown,UNKNOWN,SUFFICIENT_HISTORY,ZERO_MFA_FAILURES_OBSERVED,NO_ACTIONABLE_HYPOTHESIS
EMP10073,USER,eta.saini12,Marketing,8.43,LOW,0.765,MEDIUM,0,1.0,Unknown,UNKNOWN,SUFFICIENT_HISTORY,ZERO_MFA_FAILURES_OBSERVED,NO_ACTIONABLE_HYPOTHESIS
EMP10048,USER,george_dayal65,Brand,19.67,LOW,0.805,HIGH,1,1.0,Unknown,UNKNOWN,SUFFICIENT_HISTORY,ZERO_MFA_FAILURES_OBSERVED,NO_ACTIONABLE_HYPOTHESIS
EMP12258,USER,megha_bal48,Procurement,42.16,MODERATE,0.96,HIGH,1,1.0,Unknown,UNKNOWN,SUFFICIENT_HISTORY,UNCORROBORATED_SINGLE_DIMENSION; ZERO_MFA_FAILURES_OBSERVED,NO_ACTIONABLE_HYPOTHESIS
EMP11916,USER,chandran.batta95,Human Resources,16.86,LOW,0.96,HIGH,0,1.0,Unknown,UNKNOWN,SUFFICIENT_HISTORY,ZERO_MFA_FAILURES_OBSERVED,NO_ACTIONABLE_HYPOTHESIS
EMP11815,USER,yatin.sodhi3,Sales,46.37,MODERATE,1.0,HIGH,1,1.0,Unknown,UNKNOWN,SUFFICIENT_HISTORY,UNCORROBORATED_SINGLE_DIMENSION; ZERO_MFA_FAILURES_OBSERVED,NO_ACTIONABLE_HYPOTHESIS
EMP10535,USER,vansha.dar1,Human Resources,33.73,MODERATE,1.0,HIGH,0,1.0,Unknown,UNKNOWN,SUFFICIENT_HISTORY,UNCORROBORATED_SINGLE_DIMENSION; ZERO_MFA_FAILURES_OBSERVED,NO_ACTIONABLE_HYPOTHESIS
EMP11270,USER,pallavi.prashad61,Human Resources,3.02,LOW,0.7383,MEDIUM,0,1.0,Unknown,UNKNOWN,SUFFICIENT_HISTORY,ZERO_MFA_FAILURES_OBSERVED,NO_ACTIONABLE_HYPOTHESIS
EMP12132,USER,daksha.ratti52,Marketing,12.65,LOW,0.835,HIGH,0,1.0,Unknown,UNKNOWN,SUFFICIENT_HISTORY,ZERO_MFA_FAILURES_OBSERVED,NO_ACTIONABLE_HYPOTHESIS
EMP11665,USER,oni_goda48,Human Resources,100.0,CRITICAL,0.9692,HIGH,3,1.5,Unknown,UNKNOWN,SUFFICIENT_HISTORY,ZERO_MFA_FAILURES_OBSERVED,POSSIBLE_CREDENTIAL_COMPROMISE; POSSIBLE_ACCOUNT_TAKEOVER; POSSIBLE_ANOMALOUS_DATA_EXFILTRATION
EMP11071,USER,faqid.dani64,Human Resources,0.0,LOW,0.775,MEDIUM,0,1.0,Unknown,UNKNOWN,SUFFICIENT_HISTORY,ZERO_MFA_FAILURES_OBSERVED,NO_ACTIONABLE_HYPOTHESIS
EMP11566,USER,ekani.panchal59,Human Resources,21.08,LOW,0.92,HIGH,0,1.0,Unknown,UNKNOWN,SUFFICIENT_HISTORY,ZERO_MFA_FAILURES_OBSERVED,NO_ACTIONABLE_HYPOTHESIS
EMP12748,USER,nisha.babu33,Procurement,12.65,LOW,0.8159,HIGH,0,1.0,Unknown,UNKNOWN,SUFFICIENT_HISTORY,ZERO_MFA_FAILURES_OBSERVED,NO_ACTIONABLE_HYPOTHESIS
EMP12206,USER,utkarsh.mittal36,Operations,25.29,LOW,1.0,HIGH,0,1.0,Unknown,UNKNOWN,SUFFICIENT_HISTORY,ZERO_MFA_FAILURES_OBSERVED,NO_ACTIONABLE_HYPOTHESIS
EMP12780,USER,michael.zacharia55,Legal,10.96,LOW,0.895,HIGH,0,1.0,Unknown,UNKNOWN,SUFFICIENT_HISTORY,ZERO_MFA_FAILURES_OBSERVED,NO_ACTIONABLE_HYPOTHESIS
EMP10838,USER,Unknown,Finance,12.65,LOW,0.815,HIGH,0,1.0,Unknown,UNKNOWN,SUFFICIENT_HISTORY,ZERO_MFA_FAILURES_OBSERVED,NO_ACTIONABLE_HYPOTHESIS
EMP11094,USER,bimala.narasimhan13,Operations,5.27,LOW,0.775,MEDIUM,0,1.0,Unknown,UNKNOWN,SUFFICIENT_HISTORY,ZERO_MFA_FAILURES_OBSERVED,NO_ACTIONABLE_HYPOTHESIS
EMP11345,USER,lipika.gupta33,IT Support,7.55,LOW,0.805,HIGH,0,1.0,Unknown,UNKNOWN,SUFFICIENT_HISTORY,ZERO_MFA_FAILURES_OBSERVED,NO_ACTIONABLE_HYPOTHESIS
EMP12304,USER,hiral.sheth32,Marketing,8.43,LOW,0.765,MEDIUM,0,1.0,Unknown,UNKNOWN,SUFFICIENT_HISTORY,ZERO_MFA_FAILURES_OBSERVED,NO_ACTIONABLE_HYPOTHESIS
EMP11233,USER,shivansh_karan47,Human Resources,21.08,LOW,0.9636,HIGH,0,1.0,Unknown,UNKNOWN,SUFFICIENT_HISTORY,ZERO_MFA_FAILURES_OBSERVED,NO_ACTIONABLE_HYPOTHESIS
EMP12597,USER,oni.dhar38,Innovation,15.81,LOW,0.695,MEDIUM,1,1.0,Unknown,UNKNOWN,SUFFICIENT_HISTORY,ZERO_MFA_FAILURES_OBSERVED,NO_ACTIONABLE_HYPOTHESIS
EMP11846,USER,Unknown,IT,29.09,LOW,0.895,HIGH,1,1.0,Unknown,UNKNOWN,SUFFICIENT_HISTORY,ZERO_MFA_FAILURES_OBSERVED,NO_ACTIONABLE_HYPOTHESIS
EMP12829,USER,wridesh_varkey26,IT,0.0,LOW,0.06,UNTRUSTED,0,1.0,Unknown,UNKNOWN,INSUFFICIENT_HISTORY,LOW_TIMESTAMP_QUALITY; INSUFFICIENT_BASELINE_HISTORY; ZERO_MFA_FAILURES_OBSERVED,NO_ACTIONABLE_HYPOTHESIS
EMP10324,USER,hemal.menon31,Sales,10.54,LOW,0.835,HIGH,0,1.0,Unknown,UNKNOWN,SUFFICIENT_HISTORY,ZERO_MFA_FAILURES_OBSERVED,NO_ACTIONABLE_HYPOTHESIS
EMP10759,USER,rohan.samra17,Operations,0.0,LOW,0.55,MEDIUM,0,1.0,Unknown,UNKNOWN,INSUFFICIENT_HISTORY,INSUFFICIENT_BASELINE_HISTORY; ZERO_MFA_FAILURES_OBSERVED,NO_ACTIONABLE_HYPOTHESIS
EMP11509,USER,deepa.keer12,Sales,4.22,LOW,0.695,MEDIUM,0,1.0,Unknown,UNKNOWN,SUFFICIENT_HISTORY,ZERO_MFA_FAILURES_OBSERVED,NO_ACTIONABLE_HYPOTHESIS
EMP11731,USER,Unknown,Sales,25.29,LOW,0.9333,HIGH,0,1.0,Unknown,UNKNOWN,SUFFICIENT_HISTORY,ZERO_MFA_FAILURES_OBSERVED,NO_ACTIONABLE_HYPOTHESIS
EMP12349,USER,chanchal.bobal40,Human Resources,0.0,LOW,0.7383,MEDIUM,0,1.0,Unknown,UNKNOWN,SUFFICIENT_HISTORY,ZERO_MFA_FAILURES_OBSERVED,NO_ACTIONABLE_HYPOTHESIS
EMP11883,USER,falak_handa71,Customer Support,7.03,LOW,0.775,MEDIUM,0,1.0,Unknown,UNKNOWN,SUFFICIENT_HISTORY,ZERO_MFA_FAILURES_OBSERVED,NO_ACTIONABLE_HYPOTHESIS
EMP10599,USER,anmol.sawhney11,R&D,0.0,LOW,0.49,LOW,0,1.0,Unknown,UNKNOWN,INSUFFICIENT_HISTORY,INSUFFICIENT_BASELINE_HISTORY; ZERO_MFA_FAILURES_OBSERVED,NO_ACTIONABLE_HYPOTHESIS
EMP12163,USER,ethan.dhillon39,Finance,29.51,LOW,1.0,HIGH,1,1.0,Unknown,UNKNOWN,SUFFICIENT_HISTORY,ZERO_MFA_FAILURES_OBSERVED,NO_ACTIONABLE_HYPOTHESIS
EMP10433,USER,nandini.ravel92,Finance,16.86,LOW,0.9385,HIGH,0,1.0,Unknown,UNKNOWN,SUFFICIENT_HISTORY,ZERO_MFA_FAILURES_OBSERVED,NO_ACTIONABLE_HYPOTHESIS
EMP12379,USER,joshua.dyal71,Brand,7.87,LOW,0.7383,MEDIUM,0,1.0,Unknown,UNKNOWN,SUFFICIENT_HISTORY,ZERO_MFA_FAILURES_OBSERVED,NO_ACTIONABLE_HYPOTHESIS
EMP11547,USER,ryan.rau52,Human Resources,100.0,CRITICAL,0.9437,HIGH,3,1.5,Unknown,UNKNOWN,SUFFICIENT_HISTORY,ZERO_MFA_FAILURES_OBSERVED,POSSIBLE_CREDENTIAL_COMPROMISE; POSSIBLE_ACCOUNT_TAKEOVER; POSSIBLE_ANOMALOUS_DATA_EXFILTRATION
EMP11744,USER,avi.basak59,Finance,21.08,LOW,0.9273,HIGH,0,1.0,Unknown,UNKNOWN,SUFFICIENT_HISTORY,ZERO_MFA_FAILURES_OBSERVED,NO_ACTIONABLE_HYPOTHESIS
EMP10239,USER,jatin.chada37,R&D,6.32,LOW,0.52,MEDIUM,0,1.0,Unknown,UNKNOWN,INSUFFICIENT_HISTORY,INSUFFICIENT_BASELINE_HISTORY; ZERO_MFA_FAILURES_OBSERVED,NO_ACTIONABLE_HYPOTHESIS
EMP10817,USER,geetika.ganesh63,Call Center,16.86,LOW,1.0,HIGH,0,1.0,Unknown,UNKNOWN,SUFFICIENT_HISTORY,ZERO_MFA_FAILURES_OBSERVED,NO_ACTIONABLE_HYPOTHESIS
EMP12661,USER,deepa.jha15,R&D,0.0,LOW,0.775,MEDIUM,0,1.0,Unknown,UNKNOWN,SUFFICIENT_HISTORY,ZERO_MFA_FAILURES_OBSERVED,NO_ACTIONABLE_HYPOTHESIS
EMP11177,USER,lekha.jhaveri61,Legal,5.9,LOW,0.815,HIGH,0,1.0,Unknown,UNKNOWN,SUFFICIENT_HISTORY,ZERO_MFA_FAILURES_OBSERVED,NO_ACTIONABLE_HYPOTHESIS
EMP12963,USER,balendra_rao10,Brand,0.0,LOW,0.8506,HIGH,0,1.0,Unknown,UNKNOWN,SUFFICIENT_HISTORY,ZERO_MFA_FAILURES_OBSERVED,NO_ACTIONABLE_HYPOTHESIS
EMP11730,USER,wridesh.rajan59,Procurement,23.61,LOW,1.0,HIGH,1,1.0,Unknown,UNKNOWN,SUFFICIENT_HISTORY,ZERO_MFA_FAILURES_OBSERVED,NO_ACTIONABLE_HYPOTHESIS
EMP12533,USER,qarin.hayer3,Finance,21.08,LOW,0.8506,HIGH,0,1.0,Unknown,UNKNOWN,SUFFICIENT_HISTORY,ZERO_MFA_FAILURES_OBSERVED,NO_ACTIONABLE_HYPOTHESIS
EMP12225,USER,pavani.memon61,Finance,25.29,LOW,0.9333,HIGH,1,1.0,Unknown,UNKNOWN,SUFFICIENT_HISTORY,ZERO_MFA_FAILURES_OBSERVED,NO_ACTIONABLE_HYPOTHESIS
EMP12523,USER,lohit.bhasin66,Human Resources,42.16,MODERATE,1.0,HIGH,1,1.0,Unknown,UNKNOWN,SUFFICIENT_HISTORY,UNCORROBORATED_SINGLE_DIMENSION; ZERO_MFA_FAILURES_OBSERVED,NO_ACTIONABLE_HYPOTHESIS
EMP11483,USER,mekhala.choudhary37,R&D,17.92,LOW,0.9636,HIGH,0,1.0,Unknown,UNKNOWN,SUFFICIENT_HISTORY,ZERO_MFA_FAILURES_OBSERVED,NO_ACTIONABLE_HYPOTHESIS
EMP10912,USER,mohammed.devan20,Operations,100.0,CRITICAL,0.9692,HIGH,4,1.75,Unknown,UNKNOWN,SUFFICIENT_HISTORY,ZERO_MFA_FAILURES_OBSERVED,POSSIBLE_CREDENTIAL_COMPROMISE; POSSIBLE_ACCOUNT_TAKEOVER; POSSIBLE_SUSPICIOUS_ENDPOINT_ACTIVITY; POSSIBLE_ANOMALOUS_DATA_EXFILTRATION
EMP12096,USER,bhavini.mutti77,Operations,50.59,MODERATE,0.925,HIGH,1,1.0,Unknown,UNKNOWN,SUFFICIENT_HISTORY,UNCORROBORATED_SINGLE_DIMENSION; ZERO_MFA_FAILURES_OBSERVED,POSSIBLE_ANOMALOUS_DATA_EXFILTRATION
EMP11965,USER,damyanti.madan68,Innovation,4.22,LOW,0.865,HIGH,0,1.0,Unknown,UNKNOWN,SUFFICIENT_HISTORY,ZERO_MFA_FAILURES_OBSERVED,NO_ACTIONABLE_HYPOTHESIS
EMP10926,USER,ishaan.narang92,Procurement,6.74,LOW,0.7778,MEDIUM,0,1.0,Unknown,UNKNOWN,SUFFICIENT_HISTORY,ZERO_MFA_FAILURES_OBSERVED,NO_ACTIONABLE_HYPOTHESIS
EMP12212,USER,matthew.bath56,Customer Support,8.43,LOW,0.815,HIGH,0,1.0,Unknown,UNKNOWN,SUFFICIENT_HISTORY,ZERO_MFA_FAILURES_OBSERVED,NO_ACTIONABLE_HYPOTHESIS
EMP11421,USER,bina.kar2,Sales,4.22,LOW,0.815,HIGH,0,1.0,Unknown,UNKNOWN,SUFFICIENT_HISTORY,ZERO_MFA_FAILURES_OBSERVED,NO_ACTIONABLE_HYPOTHESIS
EMP12579,USER,balveer.nair93,IT,100.0,CRITICAL,0.953,HIGH,3,1.5,Unknown,UNKNOWN,SUFFICIENT_HISTORY,ZERO_MFA_FAILURES_OBSERVED,POSSIBLE_CREDENTIAL_COMPROMISE; POSSIBLE_ACCOUNT_TAKEOVER; POSSIBLE_SUSPICIOUS_ENDPOINT_ACTIVITY; POSSIBLE_ANOMALOUS_DATA_EXFILTRATION
EMP10594,USER,gabriel.mistry80,Operations,8.43,LOW,0.865,HIGH,0,1.0,Unknown,UNKNOWN,SUFFICIENT_HISTORY,ZERO_MFA_FAILURES_OBSERVED,NO_ACTIONABLE_HYPOTHESIS
EMP10601,USER,urmi.borra25,Customer Support,5.62,LOW,0.7383,MEDIUM,0,1.0,Unknown,UNKNOWN,SUFFICIENT_HISTORY,ZERO_MFA_FAILURES_OBSERVED,NO_ACTIONABLE_HYPOTHESIS
EMP10637,USER,hitesh.shroff73,Procurement,29.51,LOW,1.0,HIGH,1,1.0,Unknown,UNKNOWN,SUFFICIENT_HISTORY,ZERO_MFA_FAILURES_OBSERVED,NO_ACTIONABLE_HYPOTHESIS
EMP12899,USER,nidhi.dayal3,Legal,0.0,LOW,0.55,MEDIUM,0,1.0,Unknown,UNKNOWN,INSUFFICIENT_HISTORY,INSUFFICIENT_BASELINE_HISTORY; ZERO_MFA_FAILURES_OBSERVED,NO_ACTIONABLE_HYPOTHESIS
EMP11795,USER,agastya.kala68,Operations,25.29,LOW,1.0,HIGH,0,1.0,Unknown,UNKNOWN,SUFFICIENT_HISTORY,ZERO_MFA_FAILURES_OBSERVED,NO_ACTIONABLE_HYPOTHESIS
EMP11010,USER,kiaan.issac82,Marketing,0.0,LOW,0.805,HIGH,0,1.0,Unknown,UNKNOWN,SUFFICIENT_HISTORY,ZERO_MFA_FAILURES_OBSERVED,NO_ACTIONABLE_HYPOTHESIS
EMP10680,USER,chanchal.srivastava91,Procurement,12.65,LOW,0.96,HIGH,0,1.0,Unknown,UNKNOWN,SUFFICIENT_HISTORY,ZERO_MFA_FAILURES_OBSERVED,NO_ACTIONABLE_HYPOTHESIS
EMP12431,USER,lohit.raja77,Supply Chain,4.22,LOW,0.815,HIGH,0,1.0,Unknown,UNKNOWN,SUFFICIENT_HISTORY,ZERO_MFA_FAILURES_OBSERVED,NO_ACTIONABLE_HYPOTHESIS
EMP11778,USER,viraj.wadhwa36,Marketing,15.46,LOW,0.7383,MEDIUM,0,1.0,Unknown,UNKNOWN,SUFFICIENT_HISTORY,ZERO_MFA_FAILURES_OBSERVED,NO_ACTIONABLE_HYPOTHESIS
EMP10414,USER,garima.bedi78,Human Resources,25.29,LOW,0.9667,HIGH,0,1.0,Unknown,UNKNOWN,SUFFICIENT_HISTORY,ZERO_MFA_FAILURES_OBSERVED,NO_ACTIONABLE_HYPOTHESIS
EMP10874,USER,dominic.shenoy64,Human Resources,4.22,LOW,0.835,HIGH,0,1.0,Unknown,UNKNOWN,SUFFICIENT_HISTORY,ZERO_MFA_FAILURES_OBSERVED,NO_ACTIONABLE_HYPOTHESIS
EMP10527,USER,william.modi62,Legal,19.39,LOW,0.9273,HIGH,0,1.0,Unknown,UNKNOWN,SUFFICIENT_HISTORY,ZERO_MFA_FAILURES_OBSERVED,NO_ACTIONABLE_HYPOTHESIS
EMP11512,USER,samesh_sangha73,IT,21.08,LOW,0.96,HIGH,0,1.0,Unknown,UNKNOWN,SUFFICIENT_HISTORY,ZERO_MFA_FAILURES_OBSERVED,NO_ACTIONABLE_HYPOTHESIS
EMP12548,USER,nachiket.singh66,Innovation,16.86,LOW,0.895,HIGH,0,1.0,Unknown,UNKNOWN,SUFFICIENT_HISTORY,ZERO_MFA_FAILURES_OBSERVED,NO_ACTIONABLE_HYPOTHESIS
EMP10108,USER,aahana.samra10,R&D,16.86,LOW,0.765,MEDIUM,1,1.0,Unknown,UNKNOWN,SUFFICIENT_HISTORY,ZERO_MFA_FAILURES_OBSERVED,NO_ACTIONABLE_HYPOTHESIS
EMP11206,USER,guneet.lalla74,Legal,16.86,LOW,0.805,HIGH,0,1.0,Unknown,UNKNOWN,SUFFICIENT_HISTORY,ZERO_MFA_FAILURES_OBSERVED,NO_ACTIONABLE_HYPOTHESIS
EMP12414,USER,ishani.bava73,Finance,0.0,LOW,0.775,MEDIUM,0,1.0,Unknown,UNKNOWN,SUFFICIENT_HISTORY,ZERO_MFA_FAILURES_OBSERVED,NO_ACTIONABLE_HYPOTHESIS
EMP12439,USER,zinal.agarwal70,Legal,16.86,LOW,0.9667,HIGH,0,1.0,Unknown,UNKNOWN,SUFFICIENT_HISTORY,ZERO_MFA_FAILURES_OBSERVED,NO_ACTIONABLE_HYPOTHESIS
EMP11116,USER,sneha.devi66,Call Center,21.08,LOW,0.8327,HIGH,0,1.0,Unknown,UNKNOWN,SUFFICIENT_HISTORY,ZERO_MFA_FAILURES_OBSERVED,NO_ACTIONABLE_HYPOTHESIS
EMP10318,USER,saumya.mody46,IT,19.56,LOW,0.8506,HIGH,0,1.0,Unknown,UNKNOWN,SUFFICIENT_HISTORY,ZERO_MFA_FAILURES_OBSERVED,NO_ACTIONABLE_HYPOTHESIS
EMP11951,USER,harsh.dugar36,Marketing,12.65,LOW,1.0,HIGH,0,1.0,Unknown,UNKNOWN,SUFFICIENT_HISTORY,ZERO_MFA_FAILURES_OBSERVED,NO_ACTIONABLE_HYPOTHESIS
EMP11161,USER,neel.venkataraman70,Human Resources,8.43,LOW,0.8061,HIGH,0,1.0,Unknown,UNKNOWN,SUFFICIENT_HISTORY,ZERO_MFA_FAILURES_OBSERVED,NO_ACTIONABLE_HYPOTHESIS
EMP12700,USER,zilmil.sur74,Finance,16.86,LOW,0.865,HIGH,0,1.0,Unknown,UNKNOWN,SUFFICIENT_HISTORY,ZERO_MFA_FAILURES_OBSERVED,NO_ACTIONABLE_HYPOTHESIS
EMP11558,USER,neelima.divan52,Brand,37.94,MODERATE,0.8074,HIGH,1,1.0,Unknown,UNKNOWN,SUFFICIENT_HISTORY,UNCORROBORATED_SINGLE_DIMENSION; ZERO_MFA_FAILURES_OBSERVED,NO_ACTIONABLE_HYPOTHESIS
EMP12920,USER,lakshit.yohannan97,Legal,25.29,LOW,1.0,HIGH,0,1.0,Unknown,UNKNOWN,SUFFICIENT_HISTORY,ZERO_MFA_FAILURES_OBSERVED,NO_ACTIONABLE_HYPOTHESIS
EMP10402,USER,bhavini.gaba45,Support,8.43,LOW,0.8506,HIGH,0,1.0,Unknown,UNKNOWN,SUFFICIENT_HISTORY,ZERO_MFA_FAILURES_OBSERVED,NO_ACTIONABLE_HYPOTHESIS
EMP11502,USER,wyatt.jani93,Call Center,8.43,LOW,0.8506,HIGH,0,1.0,Unknown,UNKNOWN,SUFFICIENT_HISTORY,ZERO_MFA_FAILURES_OBSERVED,NO_ACTIONABLE_HYPOTHESIS
EMP10937,USER,ridhi.kumer20,Operations,8.43,LOW,0.8506,HIGH,0,1.0,Unknown,UNKNOWN,SUFFICIENT_HISTORY,ZERO_MFA_FAILURES_OBSERVED,NO_ACTIONABLE_HYPOTHESIS
EMP12004,USER,daksha.mangal11,R&D,0.0,LOW,0.49,LOW,0,1.0,Unknown,UNKNOWN,INSUFFICIENT_HISTORY,INSUFFICIENT_BASELINE_HISTORY; ZERO_MFA_FAILURES_OBSERVED,NO_ACTIONABLE_HYPOTHESIS
EMP11261,USER,krishna.nayar56,Customer Support,18.27,LOW,0.96,HIGH,0,1.0,Unknown,UNKNOWN,SUFFICIENT_HISTORY,ZERO_MFA_FAILURES_OBSERVED,NO_ACTIONABLE_HYPOTHESIS
EMP12722,USER,falak.lanka40,Innovation,25.41,LOW,1.0,HIGH,1,1.0,Unknown,UNKNOWN,SUFFICIENT_HISTORY,ZERO_MFA_FAILURES_OBSERVED,NO_ACTIONABLE_HYPOTHESIS
EMP12806,USER,rajata.lalla49,Human Resources,14.55,LOW,0.7778,MEDIUM,0,1.0,Unknown,UNKNOWN,SUFFICIENT_HISTORY,ZERO_MFA_FAILURES_OBSERVED,NO_ACTIONABLE_HYPOTHESIS
EMP10387,USER,abhimanyu.atwal89,Supply Chain,13.7,LOW,0.865,HIGH,0,1.0,Unknown,UNKNOWN,SUFFICIENT_HISTORY,ZERO_MFA_FAILURES_OBSERVED,NO_ACTIONABLE_HYPOTHESIS
EMP11960,USER,finn.mall2,Finance,1.41,LOW,0.775,MEDIUM,0,1.0,Unknown,UNKNOWN,SUFFICIENT_HISTORY,ZERO_MFA_FAILURES_OBSERVED,NO_ACTIONABLE_HYPOTHESIS
EMP11850,USER,Unknown,Operations,17.92,LOW,1.0,HIGH,0,1.0,Unknown,UNKNOWN,SUFFICIENT_HISTORY,ZERO_MFA_FAILURES_OBSERVED,NO_ACTIONABLE_HYPOTHESIS
EMP10810,USER,anika.acharya16,R&D,4.22,LOW,0.805,HIGH,0,1.0,Unknown,UNKNOWN,SUFFICIENT_HISTORY,ZERO_MFA_FAILURES_OBSERVED,NO_ACTIONABLE_HYPOTHESIS
EMP10755,USER,bhavini.acharya76,Innovation,0.0,LOW,0.835,HIGH,0,1.0,Unknown,UNKNOWN,SUFFICIENT_HISTORY,ZERO_MFA_FAILURES_OBSERVED,NO_ACTIONABLE_HYPOTHESIS
EMP11174,USER,max.ganguly91,Finance,4.22,LOW,0.6636,MEDIUM,0,1.0,Unknown,UNKNOWN,SUFFICIENT_HISTORY,ZERO_MFA_FAILURES_OBSERVED,NO_ACTIONABLE_HYPOTHESIS
EMP11587,USER,isaac.bora28,Procurement,4.22,LOW,1.0,HIGH,0,1.0,Unknown,UNKNOWN,SUFFICIENT_HISTORY,ZERO_MFA_FAILURES_OBSERVED,NO_ACTIONABLE_HYPOTHESIS
EMP12713,USER,hritik_shukla36,Legal,8.43,LOW,0.815,HIGH,0,1.0,Unknown,UNKNOWN,SUFFICIENT_HISTORY,ZERO_MFA_FAILURES_OBSERVED,NO_ACTIONABLE_HYPOTHESIS
EMP11235,USER,hritik.dar64,Legal,8.43,LOW,0.6717,MEDIUM,0,1.0,Unknown,UNKNOWN,SUFFICIENT_HISTORY,ZERO_MFA_FAILURES_OBSERVED,NO_ACTIONABLE_HYPOTHESIS
EMP11891,USER,Unknown,Human Resources,10.34,LOW,0.775,MEDIUM,0,1.0,Unknown,UNKNOWN,SUFFICIENT_HISTORY,ZERO_MFA_FAILURES_OBSERVED,NO_ACTIONABLE_HYPOTHESIS
EMP10070,USER,mekhala.bajwa65,Operations,5.27,LOW,0.52,MEDIUM,0,1.0,Unknown,UNKNOWN,INSUFFICIENT_HISTORY,INSUFFICIENT_BASELINE_HISTORY; ZERO_MFA_FAILURES_OBSERVED,NO_ACTIONABLE_HYPOTHESIS
EMP12760,USER,vrishti.mall91,IT,16.86,LOW,0.8506,HIGH,0,1.0,Unknown,UNKNOWN,SUFFICIENT_HISTORY,ZERO_MFA_FAILURES_OBSERVED,NO_ACTIONABLE_HYPOTHESIS
EMP12342,USER,lohit.doctor85,Compliance,4.22,LOW,0.55,MEDIUM,0,1.0,Unknown,UNKNOWN,INSUFFICIENT_HISTORY,INSUFFICIENT_BASELINE_HISTORY; ZERO_MFA_FAILURES_OBSERVED,NO_ACTIONABLE_HYPOTHESIS
EMP12263,USER,vamakshi.raval28,Finance,8.43,LOW,0.7207,MEDIUM,0,1.0,Unknown,UNKNOWN,SUFFICIENT_HISTORY,ZERO_MFA_FAILURES_OBSERVED,NO_ACTIONABLE_HYPOTHESIS
EMP10839,USER,wazir_sheth9,Sales,0.0,LOW,0.7207,MEDIUM,0,1.0,Unknown,UNKNOWN,SUFFICIENT_HISTORY,ZERO_MFA_FAILURES_OBSERVED,NO_ACTIONABLE_HYPOTHESIS
EMP10056,USER,anvi.parmar57,Supply Chain,6.32,LOW,0.835,HIGH,0,1.0,Unknown,UNKNOWN,SUFFICIENT_HISTORY,ZERO_MFA_FAILURES_OBSERVED,NO_ACTIONABLE_HYPOTHESIS
EMP12468,USER,manan.mittal77,IT Support,4.22,LOW,0.7207,MEDIUM,0,1.0,Unknown,UNKNOWN,SUFFICIENT_HISTORY,ZERO_MFA_FAILURES_OBSERVED,NO_ACTIONABLE_HYPOTHESIS
EMP11817,USER,brinda.iyer33,R&D,100.0,CRITICAL,0.9733,HIGH,3,1.5,Unknown,UNKNOWN,SUFFICIENT_HISTORY,ZERO_MFA_FAILURES_OBSERVED,POSSIBLE_CREDENTIAL_COMPROMISE; POSSIBLE_ACCOUNT_TAKEOVER; POSSIBLE_ANOMALOUS_DATA_EXFILTRATION
EMP11395,USER,tejas.sami53,Support,0.0,LOW,0.49,LOW,0,1.0,Unknown,UNKNOWN,INSUFFICIENT_HISTORY,INSUFFICIENT_BASELINE_HISTORY; ZERO_MFA_FAILURES_OBSERVED,NO_ACTIONABLE_HYPOTHESIS
EMP11556,USER,bishakha_mangat17,Operations,16.86,LOW,1.0,HIGH,0,1.0,Unknown,UNKNOWN,SUFFICIENT_HISTORY,ZERO_MFA_FAILURES_OBSERVED,NO_ACTIONABLE_HYPOTHESIS
EMP12086,USER,vincent.dube76,R&D,14.75,LOW,0.765,MEDIUM,0,1.0,Unknown,UNKNOWN,SUFFICIENT_HISTORY,ZERO_MFA_FAILURES_OBSERVED,NO_ACTIONABLE_HYPOTHESIS
EMP11904,USER,yashawini.comar81,Innovation,21.08,LOW,1.0,HIGH,0,1.0,Unknown,UNKNOWN,SUFFICIENT_HISTORY,ZERO_MFA_FAILURES_OBSERVED,NO_ACTIONABLE_HYPOTHESIS
EMP12501,USER,damyanti.misra13,Marketing,8.43,LOW,0.835,HIGH,0,1.0,Unknown,UNKNOWN,SUFFICIENT_HISTORY,ZERO_MFA_FAILURES_OBSERVED,NO_ACTIONABLE_HYPOTHESIS
EMP12161,USER,omya.sahota27,Legal,4.22,LOW,0.8061,HIGH,0,1.0,Unknown,UNKNOWN,SUFFICIENT_HISTORY,ZERO_MFA_FAILURES_OBSERVED,NO_ACTIONABLE_HYPOTHESIS
EMP10309,USER,hardik.dani22,Sales,8.43,LOW,0.805,HIGH,0,1.0,Unknown,UNKNOWN,SUFFICIENT_HISTORY,ZERO_MFA_FAILURES_OBSERVED,NO_ACTIONABLE_HYPOTHESIS
EMP11961,USER,benjamin_srinivasan15,Customer Support,22.48,LOW,0.9667,HIGH,0,1.0,Unknown,UNKNOWN,SUFFICIENT_HISTORY,ZERO_MFA_FAILURES_OBSERVED,NO_ACTIONABLE_HYPOTHESIS
EMP11253,USER,bachittar.sathe85,R&D,29.51,LOW,1.0,HIGH,0,1.0,Unknown,UNKNOWN,SUFFICIENT_HISTORY,ZERO_MFA_FAILURES_OBSERVED,NO_ACTIONABLE_HYPOTHESIS
EMP11228,USER,tanmayi.dhar12,Human Resources,4.22,LOW,0.815,HIGH,0,1.0,Unknown,UNKNOWN,SUFFICIENT_HISTORY,ZERO_MFA_FAILURES_OBSERVED,NO_ACTIONABLE_HYPOTHESIS
EMP12769,USER,banjeet.savant73,Procurement,4.22,LOW,0.765,MEDIUM,0,1.0,Unknown,UNKNOWN,SUFFICIENT_HISTORY,ZERO_MFA_FAILURES_OBSERVED,NO_ACTIONABLE_HYPOTHESIS
EMP11537,USER,nachiket.subramaniam52,Procurement,8.43,LOW,0.895,HIGH,0,1.0,Unknown,UNKNOWN,SUFFICIENT_HISTORY,ZERO_MFA_FAILURES_OBSERVED,NO_ACTIONABLE_HYPOTHESIS
EMP11741,USER,warda.rajagopal65,Customer Support,1.41,LOW,0.815,HIGH,0,1.0,Unknown,UNKNOWN,SUFFICIENT_HISTORY,ZERO_MFA_FAILURES_OBSERVED,NO_ACTIONABLE_HYPOTHESIS
EMP11351,USER,raksha.de11,Human Resources,4.22,LOW,0.775,MEDIUM,0,1.0,Unknown,UNKNOWN,SUFFICIENT_HISTORY,ZERO_MFA_FAILURES_OBSERVED,NO_ACTIONABLE_HYPOTHESIS
EMP11376,USER,matthew.dalal24,R&D,33.73,MODERATE,0.975,HIGH,1,1.0,Unknown,UNKNOWN,SUFFICIENT_HISTORY,UNCORROBORATED_SINGLE_DIMENSION; ZERO_MFA_FAILURES_OBSERVED,NO_ACTIONABLE_HYPOTHESIS
EMP12162,USER,megha.garg48,Procurement,12.65,LOW,0.835,HIGH,0,1.0,Unknown,UNKNOWN,SUFFICIENT_HISTORY,ZERO_MFA_FAILURES_OBSERVED,NO_ACTIONABLE_HYPOTHESIS
EMP12813,USER,damyanti.palan49,IT,0.0,LOW,0.49,LOW,0,1.0,Unknown,UNKNOWN,INSUFFICIENT_HISTORY,INSUFFICIENT_BASELINE_HISTORY; ZERO_MFA_FAILURES_OBSERVED,NO_ACTIONABLE_HYPOTHESIS
EMP11861,USER,wazir.khatri54,IT,4.22,LOW,0.92,HIGH,0,1.0,Unknown,UNKNOWN,SUFFICIENT_HISTORY,ZERO_MFA_FAILURES_OBSERVED,NO_ACTIONABLE_HYPOTHESIS
EMP12716,USER,lakshmi.sen22,Sales,21.08,LOW,0.6636,MEDIUM,1,1.0,Unknown,UNKNOWN,SUFFICIENT_HISTORY,ZERO_MFA_FAILURES_OBSERVED,NO_ACTIONABLE_HYPOTHESIS
EMP12709,USER,manan.jhaveri26,Legal,0.0,LOW,0.45,LOW,0,1.0,Unknown,UNKNOWN,INSUFFICIENT_HISTORY,INSUFFICIENT_BASELINE_HISTORY; ZERO_MFA_FAILURES_OBSERVED,NO_ACTIONABLE_HYPOTHESIS
EMP11659,USER,vritti.sundaram41,Operations,14.75,LOW,0.815,HIGH,0,1.0,Unknown,UNKNOWN,SUFFICIENT_HISTORY,ZERO_MFA_FAILURES_OBSERVED,NO_ACTIONABLE_HYPOTHESIS
EMP10436,USER,omkaar_pau69,Sales,16.86,LOW,1.0,HIGH,0,1.0,Unknown,UNKNOWN,SUFFICIENT_HISTORY,ZERO_MFA_FAILURES_OBSERVED,NO_ACTIONABLE_HYPOTHESIS
EMP12078,USER,omya.comar71,Sales,19.39,LOW,0.92,HIGH,0,1.0,Unknown,UNKNOWN,SUFFICIENT_HISTORY,ZERO_MFA_FAILURES_OBSERVED,NO_ACTIONABLE_HYPOTHESIS
EMP11222,USER,vasatika.saraf30,Human Resources,0.0,LOW,0.805,HIGH,0,1.0,Unknown,UNKNOWN,SUFFICIENT_HISTORY,ZERO_MFA_FAILURES_OBSERVED,NO_ACTIONABLE_HYPOTHESIS
EMP11491,USER,zarna.mandal21,Sales,0.0,LOW,0.7383,MEDIUM,0,1.0,Unknown,UNKNOWN,SUFFICIENT_HISTORY,ZERO_MFA_FAILURES_OBSERVED,NO_ACTIONABLE_HYPOTHESIS
EMP11912,USER,vinaya.ravi27,Human Resources,24.1,LOW,0.96,HIGH,0,1.0,Unknown,UNKNOWN,SUFFICIENT_HISTORY,ZERO_MFA_FAILURES_OBSERVED,NO_ACTIONABLE_HYPOTHESIS
EMP10313,USER,nathaniel.seshadri86,R&D,0.0,LOW,0.815,HIGH,0,1.0,Unknown,UNKNOWN,SUFFICIENT_HISTORY,ZERO_MFA_FAILURES_OBSERVED,NO_ACTIONABLE_HYPOTHESIS
EMP10233,USER,onveer.borah62,Sales,4.22,LOW,0.765,MEDIUM,0,1.0,Unknown,UNKNOWN,SUFFICIENT_HISTORY,ZERO_MFA_FAILURES_OBSERVED,NO_ACTIONABLE_HYPOTHESIS
EMP11436,USER,christopher.sarna67,Innovation,4.22,LOW,0.8506,HIGH,0,1.0,Unknown,UNKNOWN,SUFFICIENT_HISTORY,ZERO_MFA_FAILURES_OBSERVED,NO_ACTIONABLE_HYPOTHESIS
EMP10685,USER,anamika.sundaram14,Operations,16.86,LOW,0.9428,HIGH,0,1.0,Unknown,UNKNOWN,SUFFICIENT_HISTORY,ZERO_MFA_FAILURES_OBSERVED,NO_ACTIONABLE_HYPOTHESIS
EMP12918,USER,nitara.gulati69,Sales,0.0,LOW,0.715,MEDIUM,0,1.0,Unknown,UNKNOWN,SUFFICIENT_HISTORY,ZERO_MFA_FAILURES_OBSERVED,NO_ACTIONABLE_HYPOTHESIS
EMP10111,USER,jai.memon6,Operations,0.0,LOW,0.775,MEDIUM,0,1.0,Unknown,UNKNOWN,SUFFICIENT_HISTORY,ZERO_MFA_FAILURES_OBSERVED,NO_ACTIONABLE_HYPOTHESIS
EMP11213,USER,divya.gupta70,Compliance,0.0,LOW,0.52,MEDIUM,0,1.0,Unknown,UNKNOWN,INSUFFICIENT_HISTORY,INSUFFICIENT_BASELINE_HISTORY; ZERO_MFA_FAILURES_OBSERVED,NO_ACTIONABLE_HYPOTHESIS
EMP11413,USER,tejas.vora50,Operations,0.0,LOW,0.6717,MEDIUM,0,1.0,Unknown,UNKNOWN,SUFFICIENT_HISTORY,ZERO_MFA_FAILURES_OBSERVED,NO_ACTIONABLE_HYPOTHESIS
EMP11127,USER,kritika.gole37,IT Support,21.08,LOW,0.865,HIGH,0,1.0,Unknown,UNKNOWN,SUFFICIENT_HISTORY,ZERO_MFA_FAILURES_OBSERVED,NO_ACTIONABLE_HYPOTHESIS
EMP12916,USER,kashvi.toor41,R&D,8.43,LOW,0.805,HIGH,0,1.0,Unknown,UNKNOWN,SUFFICIENT_HISTORY,ZERO_MFA_FAILURES_OBSERVED,NO_ACTIONABLE_HYPOTHESIS
EMP11971,USER,aachal.cheema98,IT Support,8.43,LOW,0.765,MEDIUM,0,1.0,Unknown,UNKNOWN,SUFFICIENT_HISTORY,ZERO_MFA_FAILURES_OBSERVED,NO_ACTIONABLE_HYPOTHESIS
EMP10472,USER,aryan.gour66,Brand,100.0,CRITICAL,0.9388,HIGH,3,1.5,Unknown,UNKNOWN,SUFFICIENT_HISTORY,ZERO_MFA_FAILURES_OBSERVED,POSSIBLE_CREDENTIAL_COMPROMISE; POSSIBLE_ACCOUNT_TAKEOVER; POSSIBLE_ANOMALOUS_DATA_EXFILTRATION
EMP12835,USER,reva.pal71,Sales,25.29,LOW,0.8327,HIGH,1,1.0,Unknown,UNKNOWN,SUFFICIENT_HISTORY,ZERO_MFA_FAILURES_OBSERVED,NO_ACTIONABLE_HYPOTHESIS
EMP12251,USER,isaac.rajagopal76,Marketing,8.43,LOW,1.0,HIGH,0,1.0,Unknown,UNKNOWN,SUFFICIENT_HISTORY,ZERO_MFA_FAILURES_OBSERVED,NO_ACTIONABLE_HYPOTHESIS
EMP10903,USER,unni.guha76,Operations,8.43,LOW,0.8061,HIGH,0,1.0,Unknown,UNKNOWN,SUFFICIENT_HISTORY,ZERO_MFA_FAILURES_OBSERVED,NO_ACTIONABLE_HYPOTHESIS
EMP10897,USER,tanvi.singh95,R&D,11.59,LOW,0.815,HIGH,0,1.0,Unknown,UNKNOWN,SUFFICIENT_HISTORY,ZERO_MFA_FAILURES_OBSERVED,NO_ACTIONABLE_HYPOTHESIS
EMP12448,USER,aarna.magar22,Procurement,8.43,LOW,0.7383,MEDIUM,0,1.0,Unknown,UNKNOWN,SUFFICIENT_HISTORY,ZERO_MFA_FAILURES_OBSERVED,NO_ACTIONABLE_HYPOTHESIS
EMP11939,USER,ekbal.walia16,Sales,0.0,LOW,0.775,MEDIUM,0,1.0,Unknown,UNKNOWN,SUFFICIENT_HISTORY,ZERO_MFA_FAILURES_OBSERVED,NO_ACTIONABLE_HYPOTHESIS
EMP12293,USER,nidhi.pillai54,Innovation,8.43,LOW,0.7383,MEDIUM,0,1.0,Unknown,UNKNOWN,SUFFICIENT_HISTORY,ZERO_MFA_FAILURES_OBSERVED,NO_ACTIONABLE_HYPOTHESIS
EMP12896,USER,pahal.shere50,Legal,12.65,LOW,1.0,HIGH,0,1.0,Unknown,UNKNOWN,SUFFICIENT_HISTORY,ZERO_MFA_FAILURES_OBSERVED,NO_ACTIONABLE_HYPOTHESIS
EMP12684,USER,omaja.venkatesh99,Sales,15.18,LOW,0.7207,MEDIUM,0,1.0,Unknown,UNKNOWN,SUFFICIENT_HISTORY,ZERO_MFA_FAILURES_OBSERVED,NO_ACTIONABLE_HYPOTHESIS
EMP10361,USER,onkar.butala89,IT Support,25.29,LOW,1.0,HIGH,0,1.0,Unknown,UNKNOWN,SUFFICIENT_HISTORY,ZERO_MFA_FAILURES_OBSERVED,NO_ACTIONABLE_HYPOTHESIS
EMP10135,USER,jagdish.comar6,Customer Support,1.41,LOW,0.815,HIGH,0,1.0,Unknown,UNKNOWN,SUFFICIENT_HISTORY,ZERO_MFA_FAILURES_OBSERVED,NO_ACTIONABLE_HYPOTHESIS
EMP11309,USER,sachi.venkatesh74,Customer Support,1.25,LOW,0.3867,LOW,0,1.0,Unknown,UNKNOWN,INSUFFICIENT_HISTORY,INSUFFICIENT_BASELINE_HISTORY; ZERO_MFA_FAILURES_OBSERVED,NO_ACTIONABLE_HYPOTHESIS
EMP12995,USER,harrison.mangal35,Procurement,8.43,LOW,0.8506,HIGH,0,1.0,Unknown,UNKNOWN,SUFFICIENT_HISTORY,ZERO_MFA_FAILURES_OBSERVED,NO_ACTIONABLE_HYPOTHESIS
EMP12328,USER,eesha.nigam82,R&D,0.0,LOW,0.805,HIGH,0,1.0,Unknown,UNKNOWN,SUFFICIENT_HISTORY,ZERO_MFA_FAILURES_OBSERVED,NO_ACTIONABLE_HYPOTHESIS
EMP10366,USER,zinal.saha75,Human Resources,12.65,LOW,0.815,HIGH,0,1.0,Unknown,UNKNOWN,SUFFICIENT_HISTORY,ZERO_MFA_FAILURES_OBSERVED,NO_ACTIONABLE_HYPOTHESIS
EMP11017,USER,kalpit.mannan92,Marketing,12.65,LOW,0.8506,HIGH,0,1.0,Unknown,UNKNOWN,SUFFICIENT_HISTORY,ZERO_MFA_FAILURES_OBSERVED,NO_ACTIONABLE_HYPOTHESIS
EMP10029,USER,victor.guha7,Procurement,37.94,MODERATE,0.9467,HIGH,1,1.0,Unknown,UNKNOWN,SUFFICIENT_HISTORY,UNCORROBORATED_SINGLE_DIMENSION; ZERO_MFA_FAILURES_OBSERVED,NO_ACTIONABLE_HYPOTHESIS
EMP12578,USER,krisha.bansal35,Legal,12.65,LOW,0.9667,HIGH,0,1.0,Unknown,UNKNOWN,SUFFICIENT_HISTORY,ZERO_MFA_FAILURES_OBSERVED,NO_ACTIONABLE_HYPOTHESIS
EMP10022,USER,zarna.chawla28,Call Center,8.43,LOW,0.8506,HIGH,0,1.0,Unknown,UNKNOWN,SUFFICIENT_HISTORY,ZERO_MFA_FAILURES_OBSERVED,NO_ACTIONABLE_HYPOTHESIS
EMP11924,USER,chandani.palan99,IT,1.69,LOW,0.615,MEDIUM,0,1.0,Unknown,UNKNOWN,SUFFICIENT_HISTORY,ZERO_MFA_FAILURES_OBSERVED,NO_ACTIONABLE_HYPOTHESIS
EMP11100,USER,vasatika.buch89,Operations,0.0,LOW,0.805,HIGH,0,1.0,Unknown,UNKNOWN,SUFFICIENT_HISTORY,ZERO_MFA_FAILURES_OBSERVED,NO_ACTIONABLE_HYPOTHESIS
EMP10420,USER,yauvani_narasimhan28,Sales,18.55,LOW,0.825,HIGH,1,1.0,Unknown,UNKNOWN,SUFFICIENT_HISTORY,ZERO_MFA_FAILURES_OBSERVED,NO_ACTIONABLE_HYPOTHESIS
EMP12390,USER,hemani.mohanty26,Marketing,42.16,MODERATE,1.0,HIGH,1,1.0,Unknown,UNKNOWN,SUFFICIENT_HISTORY,UNCORROBORATED_SINGLE_DIMENSION; ZERO_MFA_FAILURES_OBSERVED,NO_ACTIONABLE_HYPOTHESIS
EMP10460,USER,jatin.mangal83,Legal,4.22,LOW,0.7778,MEDIUM,0,1.0,Unknown,UNKNOWN,SUFFICIENT_HISTORY,ZERO_MFA_FAILURES_OBSERVED,NO_ACTIONABLE_HYPOTHESIS
EMP10043,USER,deepa.wagle29,Sales,16.86,LOW,0.9333,HIGH,1,1.0,Unknown,UNKNOWN,SUFFICIENT_HISTORY,ZERO_MFA_FAILURES_OBSERVED,NO_ACTIONABLE_HYPOTHESIS
EMP10087,USER,janani.dyal31,Finance,21.08,LOW,0.9667,HIGH,0,1.0,Unknown,UNKNOWN,SUFFICIENT_HISTORY,ZERO_MFA_FAILURES_OBSERVED,NO_ACTIONABLE_HYPOTHESIS
EMP10859,USER,gautami.kibe60,Sales,4.22,LOW,0.895,HIGH,0,1.0,Unknown,UNKNOWN,SUFFICIENT_HISTORY,ZERO_MFA_FAILURES_OBSERVED,NO_ACTIONABLE_HYPOTHESIS
EMP10572,USER,baljiwan.yadav12,R&D,22.13,LOW,0.775,MEDIUM,1,1.0,Unknown,UNKNOWN,SUFFICIENT_HISTORY,ZERO_MFA_FAILURES_OBSERVED,NO_ACTIONABLE_HYPOTHESIS
EMP10944,USER,quincy.goda70,Finance,16.86,LOW,1.0,HIGH,0,1.0,Unknown,UNKNOWN,SUFFICIENT_HISTORY,ZERO_MFA_FAILURES_OBSERVED,NO_ACTIONABLE_HYPOTHESIS
EMP10282,USER,theodore_bajaj68,IT,16.86,LOW,0.865,HIGH,0,1.0,Unknown,UNKNOWN,SUFFICIENT_HISTORY,ZERO_MFA_FAILURES_OBSERVED,NO_ACTIONABLE_HYPOTHESIS
EMP12658,USER,nathaniel.mody8,Legal,4.22,LOW,0.695,MEDIUM,0,1.0,Unknown,UNKNOWN,SUFFICIENT_HISTORY,ZERO_MFA_FAILURES_OBSERVED,NO_ACTIONABLE_HYPOTHESIS
EMP12466,USER,ojasvi.natt3,Human Resources,6.12,LOW,0.45,LOW,0,1.0,Unknown,UNKNOWN,INSUFFICIENT_HISTORY,INSUFFICIENT_BASELINE_HISTORY; ZERO_MFA_FAILURES_OBSERVED,NO_ACTIONABLE_HYPOTHESIS
EMP12932,USER,dalbir.ahuja10,Customer Support,0.0,LOW,0.765,MEDIUM,0,1.0,Unknown,UNKNOWN,SUFFICIENT_HISTORY,ZERO_MFA_FAILURES_OBSERVED,NO_ACTIONABLE_HYPOTHESIS
EMP12476,USER,laksh.kakar31,Finance,30.35,MODERATE,0.9636,HIGH,1,1.0,Unknown,UNKNOWN,SUFFICIENT_HISTORY,UNCORROBORATED_SINGLE_DIMENSION; ZERO_MFA_FAILURES_OBSERVED,NO_ACTIONABLE_HYPOTHESIS
EMP10533,USER,ayaan.kalita91,Legal,4.22,LOW,0.5678,MEDIUM,0,1.0,Unknown,UNKNOWN,INSUFFICIENT_TIMESTAMP_QUALITY,LOW_TIMESTAMP_QUALITY; ZERO_MFA_FAILURES_OBSERVED,NO_ACTIONABLE_HYPOTHESIS
EMP10776,USER,ijaya.goda34,Operations,8.43,LOW,0.815,HIGH,0,1.0,Unknown,UNKNOWN,SUFFICIENT_HISTORY,ZERO_MFA_FAILURES_OBSERVED,NO_ACTIONABLE_HYPOTHESIS
EMP12527,USER,joshua.dash97,Operations,0.0,LOW,0.695,MEDIUM,0,1.0,Unknown,UNKNOWN,SUFFICIENT_HISTORY,ZERO_MFA_FAILURES_OBSERVED,NO_ACTIONABLE_HYPOTHESIS
EMP12430,USER,mekhala.loyal73,Human Resources,4.22,LOW,0.52,MEDIUM,0,1.0,Unknown,UNKNOWN,INSUFFICIENT_HISTORY,INSUFFICIENT_BASELINE_HISTORY; ZERO_MFA_FAILURES_OBSERVED,NO_ACTIONABLE_HYPOTHESIS
EMP12464,USER,Unknown,Legal,8.43,LOW,0.8506,HIGH,0,1.0,Unknown,UNKNOWN,SUFFICIENT_HISTORY,ZERO_MFA_FAILURES_OBSERVED,NO_ACTIONABLE_HYPOTHESIS
EMP12179,USER,bhavika_naidu97,Sales,0.0,LOW,0.92,HIGH,0,1.0,Unknown,UNKNOWN,SUFFICIENT_HISTORY,ZERO_MFA_FAILURES_OBSERVED,NO_ACTIONABLE_HYPOTHESIS
EMP10809,USER,Unknown,Finance,16.86,LOW,0.805,HIGH,0,1.0,Unknown,UNKNOWN,SUFFICIENT_HISTORY,ZERO_MFA_FAILURES_OBSERVED,NO_ACTIONABLE_HYPOTHESIS
EMP10964,USER,bahadurjit.ramanathan73,Sales,4.22,LOW,0.805,HIGH,0,1.0,Unknown,UNKNOWN,SUFFICIENT_HISTORY,ZERO_MFA_FAILURES_OBSERVED,NO_ACTIONABLE_HYPOTHESIS
EMP10978,USER,girish.tata8,Finance,4.22,LOW,0.775,MEDIUM,0,1.0,Unknown,UNKNOWN,SUFFICIENT_HISTORY,ZERO_MFA_FAILURES_OBSERVED,NO_ACTIONABLE_HYPOTHESIS
EMP10691,USER,Unknown,IT,4.22,LOW,0.8506,HIGH,0,1.0,Unknown,UNKNOWN,SUFFICIENT_HISTORY,ZERO_MFA_FAILURES_OBSERVED,NO_ACTIONABLE_HYPOTHESIS
EMP10932,USER,ayush.zacharia48,Human Resources,4.22,LOW,0.865,HIGH,0,1.0,Unknown,UNKNOWN,SUFFICIENT_HISTORY,ZERO_MFA_FAILURES_OBSERVED,NO_ACTIONABLE_HYPOTHESIS
EMP11241,USER,bhavani.shetty89,IT Support,100.0,CRITICAL,0.9454,HIGH,3,1.5,Unknown,UNKNOWN,SUFFICIENT_HISTORY,ZERO_MFA_FAILURES_OBSERVED,POSSIBLE_CREDENTIAL_COMPROMISE; POSSIBLE_ACCOUNT_TAKEOVER; POSSIBLE_ANOMALOUS_DATA_EXFILTRATION
EMP12259,USER,yashasvi.mammen73,Procurement,33.73,MODERATE,1.0,HIGH,0,1.0,Unknown,UNKNOWN,SUFFICIENT_HISTORY,UNCORROBORATED_SINGLE_DIMENSION; ZERO_MFA_FAILURES_OBSERVED,NO_ACTIONABLE_HYPOTHESIS
EMP11672,USER,ishwar.ganesan93,Marketing,12.65,LOW,0.8506,HIGH,0,1.0,Unknown,UNKNOWN,SUFFICIENT_HISTORY,ZERO_MFA_FAILURES_OBSERVED,NO_ACTIONABLE_HYPOTHESIS
EMP11426,USER,qasim.gade91,IT,16.86,LOW,0.765,MEDIUM,0,1.0,Unknown,UNKNOWN,SUFFICIENT_HISTORY,ZERO_MFA_FAILURES_OBSERVED,NO_ACTIONABLE_HYPOTHESIS
EMP10221,USER,wakeeta.sur18,Operations,0.0,LOW,0.805,HIGH,0,1.0,Unknown,UNKNOWN,SUFFICIENT_HISTORY,ZERO_MFA_FAILURES_OBSERVED,NO_ACTIONABLE_HYPOTHESIS
EMP10543,USER,bhavna.ramesh73,R&D,8.43,LOW,0.805,HIGH,0,1.0,Unknown,UNKNOWN,SUFFICIENT_HISTORY,ZERO_MFA_FAILURES_OBSERVED,NO_ACTIONABLE_HYPOTHESIS
EMP11286,USER,quincy.saran73,R&D,27.4,LOW,1.0,HIGH,1,1.0,Unknown,UNKNOWN,SUFFICIENT_HISTORY,ZERO_MFA_FAILURES_OBSERVED,NO_ACTIONABLE_HYPOTHESIS
EMP12209,USER,gaurang.pathak52,Supply Chain,8.43,LOW,0.865,HIGH,0,1.0,Unknown,UNKNOWN,SUFFICIENT_HISTORY,ZERO_MFA_FAILURES_OBSERVED,NO_ACTIONABLE_HYPOTHESIS
EMP10789,USER,jasmit.bose49,Marketing,8.43,LOW,0.815,HIGH,0,1.0,Unknown,UNKNOWN,SUFFICIENT_HISTORY,ZERO_MFA_FAILURES_OBSERVED,NO_ACTIONABLE_HYPOTHESIS
EMP10794,USER,zashil.mistry18,Operations,4.22,LOW,0.865,HIGH,0,1.0,Unknown,UNKNOWN,SUFFICIENT_HISTORY,ZERO_MFA_FAILURES_OBSERVED,NO_ACTIONABLE_HYPOTHESIS
EMP11720,USER,faqid.dixit37,R&D,1.05,LOW,0.615,MEDIUM,0,1.0,Unknown,UNKNOWN,SUFFICIENT_HISTORY,ZERO_MFA_FAILURES_OBSERVED,NO_ACTIONABLE_HYPOTHESIS
EMP12005,USER,xavier.date15,Sales,25.29,LOW,1.0,HIGH,0,1.0,Unknown,UNKNOWN,SUFFICIENT_HISTORY,ZERO_MFA_FAILURES_OBSERVED,NO_ACTIONABLE_HYPOTHESIS
EMP11563,USER,jeet.raju59,Procurement,8.43,LOW,0.835,HIGH,0,1.0,Unknown,UNKNOWN,SUFFICIENT_HISTORY,ZERO_MFA_FAILURES_OBSERVED,NO_ACTIONABLE_HYPOTHESIS
EMP10612,USER,omya.ram43,Operations,4.22,LOW,0.895,HIGH,0,1.0,Unknown,UNKNOWN,SUFFICIENT_HISTORY,ZERO_MFA_FAILURES_OBSERVED,NO_ACTIONABLE_HYPOTHESIS
EMP11456,USER,dev.kata13,Legal,16.86,LOW,1.0,HIGH,0,1.0,Unknown,UNKNOWN,SUFFICIENT_HISTORY,ZERO_MFA_FAILURES_OBSERVED,NO_ACTIONABLE_HYPOTHESIS
EMP11718,USER,ishaan.ratta20,Call Center,12.65,LOW,0.8061,HIGH,0,1.0,Unknown,UNKNOWN,SUFFICIENT_HISTORY,ZERO_MFA_FAILURES_OBSERVED,NO_ACTIONABLE_HYPOTHESIS
EMP10272,USER,chandani.sane64,Call Center,18.37,LOW,0.8061,HIGH,0,1.0,Unknown,UNKNOWN,SUFFICIENT_HISTORY,ZERO_MFA_FAILURES_OBSERVED,NO_ACTIONABLE_HYPOTHESIS
EMP10521,USER,damyanti.nayak82,IT,4.22,LOW,0.805,HIGH,0,1.0,Unknown,UNKNOWN,SUFFICIENT_HISTORY,ZERO_MFA_FAILURES_OBSERVED,NO_ACTIONABLE_HYPOTHESIS
EMP11003,USER,yashasvi.nayar20,Legal,4.22,LOW,0.96,HIGH,0,1.0,Unknown,UNKNOWN,SUFFICIENT_HISTORY,ZERO_MFA_FAILURES_OBSERVED,NO_ACTIONABLE_HYPOTHESIS
EMP11373,USER,vanya.barman11,Sales,0.0,LOW,0.775,MEDIUM,0,1.0,Unknown,UNKNOWN,SUFFICIENT_HISTORY,ZERO_MFA_FAILURES_OBSERVED,NO_ACTIONABLE_HYPOTHESIS
EMP12522,USER,kabir.thakur63,Sales,1.69,LOW,0.765,MEDIUM,0,1.0,Unknown,UNKNOWN,SUFFICIENT_HISTORY,ZERO_MFA_FAILURES_OBSERVED,NO_ACTIONABLE_HYPOTHESIS
EMP11938,USER,omya.choudhury49,Operations,14.75,LOW,0.895,HIGH,0,1.0,Unknown,UNKNOWN,SUFFICIENT_HISTORY,ZERO_MFA_FAILURES_OBSERVED,NO_ACTIONABLE_HYPOTHESIS
EMP10350,USER,ansh.majumdar95,Finance,12.65,LOW,1.0,HIGH,0,1.0,Unknown,UNKNOWN,SUFFICIENT_HISTORY,ZERO_MFA_FAILURES_OBSERVED,NO_ACTIONABLE_HYPOTHESIS
EMP10949,USER,Unknown,Customer Support,33.73,MODERATE,1.0,HIGH,1,1.0,Unknown,UNKNOWN,SUFFICIENT_HISTORY,UNCORROBORATED_SINGLE_DIMENSION; ZERO_MFA_FAILURES_OBSERVED,NO_ACTIONABLE_HYPOTHESIS
EMP12126,USER,ekiya.kota86,Procurement,16.86,LOW,0.96,HIGH,0,1.0,Unknown,UNKNOWN,SUFFICIENT_HISTORY,ZERO_MFA_FAILURES_OBSERVED,NO_ACTIONABLE_HYPOTHESIS
EMP12387,USER,advik.sura55,Legal,14.75,LOW,0.835,HIGH,0,1.0,Unknown,UNKNOWN,SUFFICIENT_HISTORY,ZERO_MFA_FAILURES_OBSERVED,NO_ACTIONABLE_HYPOTHESIS
EMP12862,USER,mahika.borra10,Human Resources,12.65,LOW,0.92,HIGH,0,1.0,Unknown,UNKNOWN,SUFFICIENT_HISTORY,ZERO_MFA_FAILURES_OBSERVED,NO_ACTIONABLE_HYPOTHESIS
EMP12672,USER,meera.kulkarni21,Operations,4.22,LOW,0.96,HIGH,0,1.0,Unknown,UNKNOWN,SUFFICIENT_HISTORY,ZERO_MFA_FAILURES_OBSERVED,NO_ACTIONABLE_HYPOTHESIS
EMP11179,USER,ishani.tak59,Customer Support,1.41,LOW,0.7778,MEDIUM,0,1.0,Unknown,UNKNOWN,SUFFICIENT_HISTORY,ZERO_MFA_FAILURES_OBSERVED,NO_ACTIONABLE_HYPOTHESIS
EMP11036,USER,sanaya.chaudhuri76,IT,12.65,LOW,0.8061,HIGH,0,1.0,Unknown,UNKNOWN,SUFFICIENT_HISTORY,ZERO_MFA_FAILURES_OBSERVED,NO_ACTIONABLE_HYPOTHESIS
EMP12580,USER,lohit.muni84,Sales,33.73,MODERATE,0.9733,HIGH,1,1.0,Unknown,UNKNOWN,SUFFICIENT_HISTORY,UNCORROBORATED_SINGLE_DIMENSION; ZERO_MFA_FAILURES_OBSERVED,NO_ACTIONABLE_HYPOTHESIS
EMP10168,USER,kamala.chakrabarti17,Customer Support,7.03,LOW,0.835,HIGH,0,1.0,Unknown,UNKNOWN,SUFFICIENT_HISTORY,ZERO_MFA_FAILURES_OBSERVED,NO_ACTIONABLE_HYPOTHESIS
EMP12582,USER,yashvi.jayaraman60,Sales,8.43,LOW,0.835,HIGH,0,1.0,Unknown,UNKNOWN,SUFFICIENT_HISTORY,ZERO_MFA_FAILURES_OBSERVED,NO_ACTIONABLE_HYPOTHESIS
EMP12266,USER,leena.sama5,Procurement,4.22,LOW,0.7383,MEDIUM,0,1.0,Unknown,UNKNOWN,SUFFICIENT_HISTORY,ZERO_MFA_FAILURES_OBSERVED,NO_ACTIONABLE_HYPOTHESIS
EMP11954,USER,krishna.mukherjee27,Operations,0.0,LOW,0.7207,MEDIUM,0,1.0,Unknown,UNKNOWN,SUFFICIENT_HISTORY,ZERO_MFA_FAILURES_OBSERVED,NO_ACTIONABLE_HYPOTHESIS
EMP12073,USER,yashvi.biswas33,Supply Chain,43.21,MODERATE,1.0,HIGH,1,1.0,Unknown,UNKNOWN,SUFFICIENT_HISTORY,UNCORROBORATED_SINGLE_DIMENSION; ZERO_MFA_FAILURES_OBSERVED,NO_ACTIONABLE_HYPOTHESIS
EMP12377,USER,omkaar.peri46,Customer Support,0.0,LOW,0.805,HIGH,0,1.0,Unknown,UNKNOWN,SUFFICIENT_HISTORY,ZERO_MFA_FAILURES_OBSERVED,NO_ACTIONABLE_HYPOTHESIS
EMP10765,USER,fiyaz.narayanan27,Finance,5.62,LOW,0.805,HIGH,0,1.0,Unknown,UNKNOWN,SUFFICIENT_HISTORY,ZERO_MFA_FAILURES_OBSERVED,NO_ACTIONABLE_HYPOTHESIS
EMP12190,USER,amrita.bhagat78,Procurement,0.0,LOW,0.7383,MEDIUM,0,1.0,Unknown,UNKNOWN,SUFFICIENT_HISTORY,ZERO_MFA_FAILURES_OBSERVED,NO_ACTIONABLE_HYPOTHESIS
EMP12166,USER,advika.barman44,Call Center,21.3,LOW,0.55,MEDIUM,1,1.0,Unknown,UNKNOWN,INSUFFICIENT_HISTORY,INSUFFICIENT_BASELINE_HISTORY; ZERO_MFA_FAILURES_OBSERVED,NO_ACTIONABLE_HYPOTHESIS
EMP12302,USER,jeremiah.barman92,Human Resources,22.98,LOW,1.0,HIGH,0,1.0,Unknown,UNKNOWN,SUFFICIENT_HISTORY,ZERO_MFA_FAILURES_OBSERVED,NO_ACTIONABLE_HYPOTHESIS
EMP10219,USER,ira.barad51,Operations,6.32,LOW,0.7207,MEDIUM,0,1.0,Unknown,UNKNOWN,SUFFICIENT_HISTORY,ZERO_MFA_FAILURES_OBSERVED,NO_ACTIONABLE_HYPOTHESIS
EMP10367,USER,abeer.nori99,Sales,0.0,LOW,0.55,MEDIUM,0,1.0,Unknown,UNKNOWN,INSUFFICIENT_HISTORY,INSUFFICIENT_BASELINE_HISTORY; ZERO_MFA_FAILURES_OBSERVED,NO_ACTIONABLE_HYPOTHESIS
EMP12545,USER,odika.gara44,R&D,5.27,LOW,0.835,HIGH,0,1.0,Unknown,UNKNOWN,SUFFICIENT_HISTORY,ZERO_MFA_FAILURES_OBSERVED,NO_ACTIONABLE_HYPOTHESIS
EMP10879,USER,indali.ramakrishnan84,Supply Chain,12.65,LOW,1.0,HIGH,0,1.0,Unknown,UNKNOWN,SUFFICIENT_HISTORY,ZERO_MFA_FAILURES_OBSERVED,NO_ACTIONABLE_HYPOTHESIS
EMP12347,USER,bahadurjit.zachariah8,R&D,0.0,LOW,0.695,MEDIUM,0,1.0,Unknown,UNKNOWN,SUFFICIENT_HISTORY,ZERO_MFA_FAILURES_OBSERVED,NO_ACTIONABLE_HYPOTHESIS
EMP11323,USER,frederick.shetty55,Support,29.51,LOW,1.0,HIGH,1,1.0,Unknown,UNKNOWN,SUFFICIENT_HISTORY,ZERO_MFA_FAILURES_OBSERVED,NO_ACTIONABLE_HYPOTHESIS
EMP11392,USER,qadim.zacharia93,Compliance,0.0,LOW,0.7207,MEDIUM,0,1.0,Unknown,UNKNOWN,SUFFICIENT_HISTORY,ZERO_MFA_FAILURES_OBSERVED,NO_ACTIONABLE_HYPOTHESIS
EMP10351,USER,rudra.chakraborty67,Support,1.69,LOW,0.615,MEDIUM,0,1.0,Unknown,UNKNOWN,SUFFICIENT_HISTORY,ZERO_MFA_FAILURES_OBSERVED,NO_ACTIONABLE_HYPOTHESIS
EMP11053,USER,rajata.sandhu83,Finance,8.43,LOW,0.7617,MEDIUM,0,1.0,Unknown,UNKNOWN,SUFFICIENT_HISTORY,ZERO_MFA_FAILURES_OBSERVED,NO_ACTIONABLE_HYPOTHESIS
EMP11211,USER,gagan.sunder65,Human Resources,21.08,LOW,0.9385,HIGH,0,1.0,Unknown,UNKNOWN,SUFFICIENT_HISTORY,ZERO_MFA_FAILURES_OBSERVED,NO_ACTIONABLE_HYPOTHESIS
EMP11967,USER,geetika.ratti44,Legal,12.65,LOW,0.96,HIGH,0,1.0,Unknown,UNKNOWN,SUFFICIENT_HISTORY,ZERO_MFA_FAILURES_OBSERVED,NO_ACTIONABLE_HYPOTHESIS
EMP12771,USER,garima.sinha95,R&D,0.0,LOW,0.52,MEDIUM,0,1.0,Unknown,UNKNOWN,INSUFFICIENT_HISTORY,INSUFFICIENT_BASELINE_HISTORY; ZERO_MFA_FAILURES_OBSERVED,NO_ACTIONABLE_HYPOTHESIS
EMP12442,USER,Unknown,Procurement,4.22,LOW,0.7383,MEDIUM,0,1.0,Unknown,UNKNOWN,SUFFICIENT_HISTORY,ZERO_MFA_FAILURES_OBSERVED,NO_ACTIONABLE_HYPOTHESIS
EMP10498,USER,janaki.pathak70,Marketing,16.86,LOW,0.96,HIGH,1,1.0,Unknown,UNKNOWN,SUFFICIENT_HISTORY,ZERO_MFA_FAILURES_OBSERVED,NO_ACTIONABLE_HYPOTHESIS
EMP11735,USER,dayamai.dora92,IT,8.43,LOW,0.7383,MEDIUM,0,1.0,Unknown,UNKNOWN,SUFFICIENT_HISTORY,ZERO_MFA_FAILURES_OBSERVED,NO_ACTIONABLE_HYPOTHESIS
EMP10210,USER,yahvi.modi57,Legal,10.12,LOW,0.835,HIGH,0,1.0,Unknown,UNKNOWN,SUFFICIENT_HISTORY,ZERO_MFA_FAILURES_OBSERVED,NO_ACTIONABLE_HYPOTHESIS
EMP12487,USER,keya.khanna72,Legal,21.08,LOW,0.9385,HIGH,0,1.0,Unknown,UNKNOWN,SUFFICIENT_HISTORY,ZERO_MFA_FAILURES_OBSERVED,NO_ACTIONABLE_HYPOTHESIS
EMP12838,USER,samesh.parmer83,Human Resources,11.29,LOW,0.695,MEDIUM,0,1.0,Unknown,UNKNOWN,SUFFICIENT_HISTORY,ZERO_MFA_FAILURES_OBSERVED,NO_ACTIONABLE_HYPOTHESIS
EMP10227,USER,oscar.dubey95,IT,0.0,LOW,0.7383,MEDIUM,0,1.0,Unknown,UNKNOWN,SUFFICIENT_HISTORY,ZERO_MFA_FAILURES_OBSERVED,NO_ACTIONABLE_HYPOTHESIS
EMP10365,USER,qushi.patla41,Legal,12.65,LOW,0.96,HIGH,0,1.0,Unknown,UNKNOWN,SUFFICIENT_HISTORY,ZERO_MFA_FAILURES_OBSERVED,NO_ACTIONABLE_HYPOTHESIS
EMP10965,USER,nisha.walla79,Marketing,0.0,LOW,0.805,HIGH,0,1.0,Unknown,UNKNOWN,SUFFICIENT_HISTORY,ZERO_MFA_FAILURES_OBSERVED,NO_ACTIONABLE_HYPOTHESIS
EMP10276,USER,manthan.bansal82,Procurement,4.22,LOW,0.7383,MEDIUM,0,1.0,Unknown,UNKNOWN,SUFFICIENT_HISTORY,ZERO_MFA_FAILURES_OBSERVED,NO_ACTIONABLE_HYPOTHESIS
EMP12299,USER,arunima.dube33,Sales,4.22,LOW,0.7778,MEDIUM,0,1.0,Unknown,UNKNOWN,SUFFICIENT_HISTORY,ZERO_MFA_FAILURES_OBSERVED,NO_ACTIONABLE_HYPOTHESIS
EMP11877,USER,osha.mani16,Supply Chain,0.0,LOW,0.805,HIGH,0,1.0,Unknown,UNKNOWN,SUFFICIENT_HISTORY,ZERO_MFA_FAILURES_OBSERVED,NO_ACTIONABLE_HYPOTHESIS
EMP12670,USER,maanas.tata14,Procurement,42.16,MODERATE,1.0,HIGH,1,1.0,Unknown,UNKNOWN,SUFFICIENT_HISTORY,UNCORROBORATED_SINGLE_DIMENSION; ZERO_MFA_FAILURES_OBSERVED,NO_ACTIONABLE_HYPOTHESIS
EMP11103,USER,naksh.khalsa84,Finance,25.29,LOW,1.0,HIGH,0,1.0,Unknown,UNKNOWN,SUFFICIENT_HISTORY,ZERO_MFA_FAILURES_OBSERVED,NO_ACTIONABLE_HYPOTHESIS
EMP10407,USER,abha_agrawal9,Human Resources,5.17,LOW,0.895,HIGH,0,1.0,Unknown,UNKNOWN,SUFFICIENT_HISTORY,ZERO_MFA_FAILURES_OBSERVED,NO_ACTIONABLE_HYPOTHESIS
EMP12044,USER,daksh.swamy14,Operations,0.0,LOW,0.8506,HIGH,0,1.0,Unknown,UNKNOWN,SUFFICIENT_HISTORY,ZERO_MFA_FAILURES_OBSERVED,NO_ACTIONABLE_HYPOTHESIS
EMP11124,USER,hamsini.d’alia20,Legal,12.65,LOW,0.96,HIGH,0,1.0,Unknown,UNKNOWN,SUFFICIENT_HISTORY,ZERO_MFA_FAILURES_OBSERVED,NO_ACTIONABLE_HYPOTHESIS
EMP12406,USER,aahana.bandi23,Finance,12.65,LOW,0.8506,HIGH,0,1.0,Unknown,UNKNOWN,SUFFICIENT_HISTORY,ZERO_MFA_FAILURES_OBSERVED,NO_ACTIONABLE_HYPOTHESIS
EMP10785,USER,jackson.balasubramanian40,R&D,37.94,MODERATE,1.0,HIGH,1,1.0,Unknown,UNKNOWN,SUFFICIENT_HISTORY,UNCORROBORATED_SINGLE_DIMENSION; ZERO_MFA_FAILURES_OBSERVED,NO_ACTIONABLE_HYPOTHESIS
EMP12564,USER,rishi.krishna56,Brand,0.0,LOW,0.7383,MEDIUM,0,1.0,Unknown,UNKNOWN,SUFFICIENT_HISTORY,ZERO_MFA_FAILURES_OBSERVED,NO_ACTIONABLE_HYPOTHESIS
EMP12627,USER,brijesh.chaudry21,Marketing,68.14,HIGH,1.0,HIGH,2,1.25,Unknown,UNKNOWN,SUFFICIENT_HISTORY,ZERO_MFA_FAILURES_OBSERVED,POSSIBLE_CREDENTIAL_COMPROMISE; POSSIBLE_ACCOUNT_TAKEOVER; POSSIBLE_ANOMALOUS_DATA_EXFILTRATION
EMP12380,USER,ryan.arya70,Customer Support,4.22,LOW,0.6636,MEDIUM,0,1.0,Unknown,UNKNOWN,SUFFICIENT_HISTORY,ZERO_MFA_FAILURES_OBSERVED,NO_ACTIONABLE_HYPOTHESIS
EMP10007,USER,janya.bhatia21,Operations,0.0,LOW,0.805,HIGH,0,1.0,Unknown,UNKNOWN,SUFFICIENT_HISTORY,ZERO_MFA_FAILURES_OBSERVED,NO_ACTIONABLE_HYPOTHESIS
EMP11244,USER,qasim.bahl54,Human Resources,0.0,LOW,0.805,HIGH,0,1.0,Unknown,UNKNOWN,SUFFICIENT_HISTORY,ZERO_MFA_FAILURES_OBSERVED,NO_ACTIONABLE_HYPOTHESIS
EMP11289,USER,alka.mody73,Brand,29.51,LOW,0.8327,HIGH,0,1.0,Unknown,UNKNOWN,SUFFICIENT_HISTORY,ZERO_MFA_FAILURES_OBSERVED,NO_ACTIONABLE_HYPOTHESIS
EMP10864,USER,nidra.bora32,Operations,0.0,LOW,0.695,MEDIUM,0,1.0,Unknown,UNKNOWN,SUFFICIENT_HISTORY,ZERO_MFA_FAILURES_OBSERVED,NO_ACTIONABLE_HYPOTHESIS
EMP10415,USER,hredhaan.dave8,Customer Support,0.0,LOW,0.695,MEDIUM,0,1.0,Unknown,UNKNOWN,SUFFICIENT_HISTORY,ZERO_MFA_FAILURES_OBSERVED,NO_ACTIONABLE_HYPOTHESIS
EMP11742,USER,zansi.sha95,Sales,12.65,LOW,0.9385,HIGH,0,1.0,Unknown,UNKNOWN,SUFFICIENT_HISTORY,ZERO_MFA_FAILURES_OBSERVED,NO_ACTIONABLE_HYPOTHESIS
EMP11713,USER,gabriel_pal27,R&D,17.92,LOW,0.895,HIGH,0,1.0,Unknown,UNKNOWN,SUFFICIENT_HISTORY,ZERO_MFA_FAILURES_OBSERVED,NO_ACTIONABLE_HYPOTHESIS
EMP11691,USER,warjas.bedi21,Marketing,4.22,LOW,0.815,HIGH,0,1.0,Unknown,UNKNOWN,SUFFICIENT_HISTORY,ZERO_MFA_FAILURES_OBSERVED,NO_ACTIONABLE_HYPOTHESIS
EMP10199,USER,nathan.sampath88,Operations,0.0,LOW,0.805,HIGH,0,1.0,Unknown,UNKNOWN,SUFFICIENT_HISTORY,ZERO_MFA_FAILURES_OBSERVED,NO_ACTIONABLE_HYPOTHESIS
EMP10283,USER,eshana.sahni88,Brand,0.0,LOW,0.52,MEDIUM,0,1.0,Unknown,UNKNOWN,INSUFFICIENT_HISTORY,INSUFFICIENT_BASELINE_HISTORY; ZERO_MFA_FAILURES_OBSERVED,NO_ACTIONABLE_HYPOTHESIS
EMP10231,USER,gopal.prabhakar93,Marketing,12.65,LOW,0.815,HIGH,0,1.0,Unknown,UNKNOWN,SUFFICIENT_HISTORY,ZERO_MFA_FAILURES_OBSERVED,NO_ACTIONABLE_HYPOTHESIS
EMP10718,USER,anamika.radhakrishnan8,Procurement,4.22,LOW,0.52,MEDIUM,0,1.0,Unknown,UNKNOWN,INSUFFICIENT_HISTORY,INSUFFICIENT_BASELINE_HISTORY; ZERO_MFA_FAILURES_OBSERVED,NO_ACTIONABLE_HYPOTHESIS
EMP12947,USER,yash.sur34,Human Resources,12.65,LOW,0.9636,HIGH,0,1.0,Unknown,UNKNOWN,SUFFICIENT_HISTORY,ZERO_MFA_FAILURES_OBSERVED,NO_ACTIONABLE_HYPOTHESIS
EMP10096,USER,Unknown,Marketing,29.51,LOW,0.9428,HIGH,1,1.0,Unknown,UNKNOWN,SUFFICIENT_HISTORY,ZERO_MFA_FAILURES_OBSERVED,NO_ACTIONABLE_HYPOTHESIS
EMP12826,USER,david.sha41,Legal,16.86,LOW,1.0,HIGH,1,1.0,Unknown,UNKNOWN,SUFFICIENT_HISTORY,ZERO_MFA_FAILURES_OBSERVED,NO_ACTIONABLE_HYPOTHESIS
EMP12648,USER,theodore.ratti88,Customer Support,11.4,LOW,0.605,MEDIUM,0,1.0,Unknown,UNKNOWN,SUFFICIENT_HISTORY,ZERO_MFA_FAILURES_OBSERVED,NO_ACTIONABLE_HYPOTHESIS
EMP11474,USER,ishwar.sha2,Operations,0.0,LOW,0.52,MEDIUM,0,1.0,Unknown,UNKNOWN,INSUFFICIENT_HISTORY,INSUFFICIENT_BASELINE_HISTORY; ZERO_MFA_FAILURES_OBSERVED,NO_ACTIONABLE_HYPOTHESIS
EMP10881,USER,umang.datta23,Sales,16.86,LOW,0.9636,HIGH,0,1.0,Unknown,UNKNOWN,SUFFICIENT_HISTORY,ZERO_MFA_FAILURES_OBSERVED,NO_ACTIONABLE_HYPOTHESIS
EMP11419,USER,daksha.sabharwal88,Human Resources,11.45,LOW,0.805,HIGH,0,1.0,Unknown,UNKNOWN,SUFFICIENT_HISTORY,ZERO_MFA_FAILURES_OBSERVED,NO_ACTIONABLE_HYPOTHESIS
EMP12542,USER,karan.bala49,Sales,42.16,MODERATE,0.9692,HIGH,1,1.0,Unknown,UNKNOWN,SUFFICIENT_HISTORY,UNCORROBORATED_SINGLE_DIMENSION; ZERO_MFA_FAILURES_OBSERVED,NO_ACTIONABLE_HYPOTHESIS
EMP12949,USER,chandresh.samra52,R&D,12.65,LOW,0.9273,HIGH,0,1.0,Unknown,UNKNOWN,SUFFICIENT_HISTORY,ZERO_MFA_FAILURES_OBSERVED,NO_ACTIONABLE_HYPOTHESIS
EMP12666,USER,harish.sampath8,Finance,4.22,LOW,0.765,MEDIUM,0,1.0,Unknown,UNKNOWN,SUFFICIENT_HISTORY,ZERO_MFA_FAILURES_OBSERVED,NO_ACTIONABLE_HYPOTHESIS
EMP12254,USER,harini.ram37,Procurement,100.0,CRITICAL,0.9238,HIGH,3,1.5,Unknown,UNKNOWN,SUFFICIENT_HISTORY,ZERO_MFA_FAILURES_OBSERVED,POSSIBLE_CREDENTIAL_COMPROMISE; POSSIBLE_ACCOUNT_TAKEOVER; POSSIBLE_ANOMALOUS_DATA_EXFILTRATION
EMP11462,USER,tejas.dugar38,Operations,21.08,LOW,0.9714,HIGH,0,1.0,Unknown,UNKNOWN,SUFFICIENT_HISTORY,ZERO_MFA_FAILURES_OBSERVED,NO_ACTIONABLE_HYPOTHESIS
EMP10104,USER,leena.kalla70,Legal,12.65,LOW,0.96,HIGH,0,1.0,Unknown,UNKNOWN,SUFFICIENT_HISTORY,ZERO_MFA_FAILURES_OBSERVED,NO_ACTIONABLE_HYPOTHESIS
EMP12298,USER,siya.bhandari78,Compliance,11.71,LOW,0.7383,MEDIUM,0,1.0,Unknown,UNKNOWN,SUFFICIENT_HISTORY,ZERO_MFA_FAILURES_OBSERVED,NO_ACTIONABLE_HYPOTHESIS
EMP12872,USER,divya.chakrabarti94,R&D,4.22,LOW,0.7207,MEDIUM,0,1.0,Unknown,UNKNOWN,SUFFICIENT_HISTORY,ZERO_MFA_FAILURES_OBSERVED,NO_ACTIONABLE_HYPOTHESIS
EMP11725,USER,advik.wagle63,R&D,16.86,LOW,0.7796,MEDIUM,0,1.0,Unknown,UNKNOWN,SUFFICIENT_HISTORY,ZERO_MFA_FAILURES_OBSERVED,NO_ACTIONABLE_HYPOTHESIS
EMP12609,USER,gagan.sankar65,Compliance,52.7,MODERATE,0.9385,HIGH,2,1.25,Unknown,UNKNOWN,SUFFICIENT_HISTORY,ZERO_MFA_FAILURES_OBSERVED,POSSIBLE_ANOMALOUS_DATA_EXFILTRATION
EMP11102,USER,nidra.sengupta76,Operations,0.0,LOW,0.55,MEDIUM,0,1.0,Unknown,UNKNOWN,INSUFFICIENT_HISTORY,INSUFFICIENT_BASELINE_HISTORY; ZERO_MFA_FAILURES_OBSERVED,NO_ACTIONABLE_HYPOTHESIS
EMP12820,USER,chandran.ganesan24,Legal,8.43,LOW,0.9273,HIGH,0,1.0,Unknown,UNKNOWN,SUFFICIENT_HISTORY,ZERO_MFA_FAILURES_OBSERVED,NO_ACTIONABLE_HYPOTHESIS
EMP10807,USER,vidhi.kuruvilla75,IT Support,16.86,LOW,0.8019,HIGH,0,1.0,Unknown,UNKNOWN,SUFFICIENT_HISTORY,ZERO_MFA_FAILURES_OBSERVED,NO_ACTIONABLE_HYPOTHESIS
EMP10226,USER,watika_muni41,Legal,0.0,LOW,0.55,MEDIUM,0,1.0,Unknown,UNKNOWN,INSUFFICIENT_HISTORY,INSUFFICIENT_BASELINE_HISTORY; ZERO_MFA_FAILURES_OBSERVED,NO_ACTIONABLE_HYPOTHESIS
EMP10840,USER,azad.hora31,Human Resources,13.87,LOW,0.695,MEDIUM,0,1.0,Unknown,UNKNOWN,SUFFICIENT_HISTORY,ZERO_MFA_FAILURES_OBSERVED,NO_ACTIONABLE_HYPOTHESIS
EMP12369,USER,chaaya.cherian34,IT,16.86,LOW,0.9273,HIGH,0,1.0,Unknown,UNKNOWN,SUFFICIENT_HISTORY,ZERO_MFA_FAILURES_OBSERVED,NO_ACTIONABLE_HYPOTHESIS
EMP11621,USER,wriddhish.chaudhari31,R&D,21.08,LOW,1.0,HIGH,0,1.0,Unknown,UNKNOWN,SUFFICIENT_HISTORY,ZERO_MFA_FAILURES_OBSERVED,NO_ACTIONABLE_HYPOTHESIS
EMP12639,USER,chakrika.shankar97,R&D,57.96,MODERATE,0.95,HIGH,2,1.25,Unknown,UNKNOWN,SUFFICIENT_HISTORY,ZERO_MFA_FAILURES_OBSERVED,POSSIBLE_ANOMALOUS_DATA_EXFILTRATION
EMP12528,USER,Unknown,R&D,0.0,LOW,0.775,MEDIUM,0,1.0,Unknown,UNKNOWN,SUFFICIENT_HISTORY,ZERO_MFA_FAILURES_OBSERVED,NO_ACTIONABLE_HYPOTHESIS
EMP11093,USER,chaaya.gokhale74,Procurement,1.69,LOW,0.695,MEDIUM,0,1.0,Unknown,UNKNOWN,SUFFICIENT_HISTORY,ZERO_MFA_FAILURES_OBSERVED,NO_ACTIONABLE_HYPOTHESIS
EMP12897,USER,sarthak.kohli12,Operations,8.43,LOW,0.815,HIGH,0,1.0,Unknown,UNKNOWN,SUFFICIENT_HISTORY,ZERO_MFA_FAILURES_OBSERVED,NO_ACTIONABLE_HYPOTHESIS
EMP12783,USER,nitesh.naik20,Marketing,5.62,LOW,0.7383,MEDIUM,0,1.0,Unknown,UNKNOWN,SUFFICIENT_HISTORY,ZERO_MFA_FAILURES_OBSERVED,NO_ACTIONABLE_HYPOTHESIS
EMP11763,USER,rachita.baria48,Customer Support,100.0,CRITICAL,0.9549,HIGH,3,1.5,Unknown,UNKNOWN,SUFFICIENT_HISTORY,ZERO_MFA_FAILURES_OBSERVED,POSSIBLE_CREDENTIAL_COMPROMISE; POSSIBLE_ACCOUNT_TAKEOVER; POSSIBLE_ANOMALOUS_DATA_EXFILTRATION
EMP12510,USER,mohammed.modi93,Compliance,4.22,LOW,0.775,MEDIUM,0,1.0,Unknown,UNKNOWN,SUFFICIENT_HISTORY,ZERO_MFA_FAILURES_OBSERVED,NO_ACTIONABLE_HYPOTHESIS
EMP10979,USER,alka.sastry70,Finance,16.86,LOW,0.895,HIGH,0,1.0,Unknown,UNKNOWN,SUFFICIENT_HISTORY,ZERO_MFA_FAILURES_OBSERVED,NO_ACTIONABLE_HYPOTHESIS
EMP11953,USER,mitali.bains90,IT,12.65,LOW,0.815,HIGH,0,1.0,Unknown,UNKNOWN,SUFFICIENT_HISTORY,ZERO_MFA_FAILURES_OBSERVED,NO_ACTIONABLE_HYPOTHESIS
EMP10464,USER,kalpit.mane85,Operations,16.86,LOW,0.895,HIGH,0,1.0,Unknown,UNKNOWN,SUFFICIENT_HISTORY,ZERO_MFA_FAILURES_OBSERVED,NO_ACTIONABLE_HYPOTHESIS
EMP11940,USER,jairaj.jayaraman47,Brand,0.0,LOW,0.775,MEDIUM,0,1.0,Unknown,UNKNOWN,SUFFICIENT_HISTORY,ZERO_MFA_FAILURES_OBSERVED,NO_ACTIONABLE_HYPOTHESIS
EMP12595,USER,tara.thakur66,Legal,12.65,LOW,0.815,HIGH,0,1.0,Unknown,UNKNOWN,SUFFICIENT_HISTORY,ZERO_MFA_FAILURES_OBSERVED,NO_ACTIONABLE_HYPOTHESIS
EMP10927,USER,ekta.batra25,Operations,0.0,LOW,0.7778,MEDIUM,0,1.0,Unknown,UNKNOWN,SUFFICIENT_HISTORY,ZERO_MFA_FAILURES_OBSERVED,NO_ACTIONABLE_HYPOTHESIS
EMP11359,USER,gaurika.patla96,Human Resources,100.0,CRITICAL,0.9676,HIGH,3,1.5,Unknown,UNKNOWN,SUFFICIENT_HISTORY,ZERO_MFA_FAILURES_OBSERVED,POSSIBLE_CREDENTIAL_COMPROMISE; POSSIBLE_ACCOUNT_TAKEOVER; POSSIBLE_ANOMALOUS_DATA_EXFILTRATION
EMP11216,USER,kamya_pandya54,Sales,4.22,LOW,0.775,MEDIUM,0,1.0,Unknown,UNKNOWN,SUFFICIENT_HISTORY,ZERO_MFA_FAILURES_OBSERVED,NO_ACTIONABLE_HYPOTHESIS
EMP11032,USER,hiral.kibe29,Human Resources,21.62,LOW,0.49,LOW,1,1.0,Unknown,UNKNOWN,INSUFFICIENT_HISTORY,INSUFFICIENT_BASELINE_HISTORY; ZERO_MFA_FAILURES_OBSERVED,NO_ACTIONABLE_HYPOTHESIS
EMP12567,USER,sara.borah1,IT,100.0,CRITICAL,0.9594,HIGH,3,1.5,Unknown,UNKNOWN,SUFFICIENT_HISTORY,ZERO_MFA_FAILURES_OBSERVED,POSSIBLE_CREDENTIAL_COMPROMISE; POSSIBLE_ACCOUNT_TAKEOVER; POSSIBLE_ANOMALOUS_DATA_EXFILTRATION
EMP11936,USER,darsh.mishra10,Finance,0.0,LOW,0.55,MEDIUM,0,1.0,Unknown,UNKNOWN,INSUFFICIENT_HISTORY,INSUFFICIENT_BASELINE_HISTORY; ZERO_MFA_FAILURES_OBSERVED,NO_ACTIONABLE_HYPOTHESIS
EMP10212,USER,advaith.agate35,R&D,27.4,LOW,1.0,HIGH,0,1.0,Unknown,UNKNOWN,SUFFICIENT_HISTORY,ZERO_MFA_FAILURES_OBSERVED,NO_ACTIONABLE_HYPOTHESIS
EMP10012,USER,netra.vasa52,Operations,4.22,LOW,0.9636,HIGH,0,1.0,Unknown,UNKNOWN,SUFFICIENT_HISTORY,ZERO_MFA_FAILURES_OBSERVED,NO_ACTIONABLE_HYPOTHESIS
EMP12990,USER,vyanjana.prabhu25,Procurement,21.08,LOW,0.815,HIGH,1,1.0,Unknown,UNKNOWN,SUFFICIENT_HISTORY,ZERO_MFA_FAILURES_OBSERVED,NO_ACTIONABLE_HYPOTHESIS
EMP10422,USER,yuvraj.bahl40,Brand,0.0,LOW,0.6636,MEDIUM,0,1.0,Unknown,UNKNOWN,SUFFICIENT_HISTORY,ZERO_MFA_FAILURES_OBSERVED,NO_ACTIONABLE_HYPOTHESIS
EMP12436,USER,om.bawa8,IT,0.0,LOW,0.55,MEDIUM,0,1.0,Unknown,UNKNOWN,INSUFFICIENT_HISTORY,INSUFFICIENT_BASELINE_HISTORY; ZERO_MFA_FAILURES_OBSERVED,NO_ACTIONABLE_HYPOTHESIS
EMP12366,USER,oscar.lad97,Brand,25.29,LOW,1.0,HIGH,0,1.0,Unknown,UNKNOWN,SUFFICIENT_HISTORY,ZERO_MFA_FAILURES_OBSERVED,NO_ACTIONABLE_HYPOTHESIS
EMP11749,USER,hamsini.lala64,Operations,23.19,LOW,0.9636,HIGH,0,1.0,Unknown,UNKNOWN,SUFFICIENT_HISTORY,ZERO_MFA_FAILURES_OBSERVED,NO_ACTIONABLE_HYPOTHESIS
EMP11391,USER,gunbir.dubey35,Human Resources,4.22,LOW,0.8061,HIGH,0,1.0,Unknown,UNKNOWN,SUFFICIENT_HISTORY,ZERO_MFA_FAILURES_OBSERVED,NO_ACTIONABLE_HYPOTHESIS
EMP12721,USER,advika.pai76,Procurement,0.0,LOW,0.805,HIGH,0,1.0,Unknown,UNKNOWN,SUFFICIENT_HISTORY,ZERO_MFA_FAILURES_OBSERVED,NO_ACTIONABLE_HYPOTHESIS
EMP11745,USER,yuvraj.mani31,Legal,16.86,LOW,0.92,HIGH,0,1.0,Unknown,UNKNOWN,SUFFICIENT_HISTORY,ZERO_MFA_FAILURES_OBSERVED,NO_ACTIONABLE_HYPOTHESIS
EMP10741,USER,libni.bhatnagar11,IT,12.65,LOW,0.8506,HIGH,0,1.0,Unknown,UNKNOWN,SUFFICIENT_HISTORY,ZERO_MFA_FAILURES_OBSERVED,NO_ACTIONABLE_HYPOTHESIS
EMP11626,USER,charita_hari90,IT Support,68.14,HIGH,0.9714,HIGH,2,1.25,Unknown,UNKNOWN,SUFFICIENT_HISTORY,ZERO_MFA_FAILURES_OBSERVED,POSSIBLE_CREDENTIAL_COMPROMISE; POSSIBLE_ACCOUNT_TAKEOVER; POSSIBLE_ANOMALOUS_DATA_EXFILTRATION
EMP12358,USER,peter.bumb56,R&D,25.29,LOW,0.9692,HIGH,0,1.0,Unknown,UNKNOWN,SUFFICIENT_HISTORY,ZERO_MFA_FAILURES_OBSERVED,NO_ACTIONABLE_HYPOTHESIS
EMP10509,USER,ishanvi.dugar70,R&D,14.75,LOW,0.765,MEDIUM,0,1.0,Unknown,UNKNOWN,SUFFICIENT_HISTORY,ZERO_MFA_FAILURES_OBSERVED,NO_ACTIONABLE_HYPOTHESIS
EMP10644,USER,janani.rajagopalan6,Call Center,100.0,CRITICAL,0.9333,HIGH,3,1.5,Unknown,UNKNOWN,SUFFICIENT_HISTORY,ZERO_MFA_FAILURES_OBSERVED,POSSIBLE_CREDENTIAL_COMPROMISE; POSSIBLE_ACCOUNT_TAKEOVER; POSSIBLE_ANOMALOUS_DATA_EXFILTRATION
EMP10597,USER,gaurangi.chaudry25,Human Resources,21.08,LOW,0.825,HIGH,1,1.0,Unknown,UNKNOWN,SUFFICIENT_HISTORY,ZERO_MFA_FAILURES_OBSERVED,NO_ACTIONABLE_HYPOTHESIS
EMP11005,USER,xalak.gill58,Call Center,100.0,CRITICAL,0.8438,HIGH,3,1.5,Unknown,UNKNOWN,SUFFICIENT_HISTORY,ZERO_MFA_FAILURES_OBSERVED,POSSIBLE_CREDENTIAL_COMPROMISE; POSSIBLE_ACCOUNT_TAKEOVER; POSSIBLE_ANOMALOUS_DATA_EXFILTRATION
EMP12015,USER,warhi.sarraf16,R&D,14.75,LOW,0.865,HIGH,0,1.0,Unknown,UNKNOWN,SUFFICIENT_HISTORY,ZERO_MFA_FAILURES_OBSERVED,NO_ACTIONABLE_HYPOTHESIS
EMP11237,USER,meera.srinivasan63,Legal,10.54,LOW,0.775,MEDIUM,0,1.0,Unknown,UNKNOWN,SUFFICIENT_HISTORY,ZERO_MFA_FAILURES_OBSERVED,NO_ACTIONABLE_HYPOTHESIS
EMP12725,USER,gunbir.viswanathan52,Support,11.8,LOW,0.765,MEDIUM,0,1.0,Unknown,UNKNOWN,SUFFICIENT_HISTORY,ZERO_MFA_FAILURES_OBSERVED,NO_ACTIONABLE_HYPOTHESIS
EMP10518,USER,liam.ahluwalia43,Human Resources,4.22,LOW,0.835,HIGH,0,1.0,Unknown,UNKNOWN,SUFFICIENT_HISTORY,ZERO_MFA_FAILURES_OBSERVED,NO_ACTIONABLE_HYPOTHESIS
EMP12240,USER,ucchal.choudhary33,Marketing,4.22,LOW,0.55,MEDIUM,0,1.0,Unknown,UNKNOWN,INSUFFICIENT_HISTORY,INSUFFICIENT_BASELINE_HISTORY; ZERO_MFA_FAILURES_OBSERVED,NO_ACTIONABLE_HYPOTHESIS
EMP10573,USER,alexander.bumb98,Finance,0.0,LOW,0.805,HIGH,0,1.0,Unknown,UNKNOWN,SUFFICIENT_HISTORY,ZERO_MFA_FAILURES_OBSERVED,NO_ACTIONABLE_HYPOTHESIS
EMP11073,USER,rachit.shanker56,IT Support,100.0,CRITICAL,0.9758,HIGH,3,1.5,Unknown,UNKNOWN,SUFFICIENT_HISTORY,ZERO_MFA_FAILURES_OBSERVED,POSSIBLE_CREDENTIAL_COMPROMISE; POSSIBLE_ACCOUNT_TAKEOVER; POSSIBLE_ANOMALOUS_DATA_EXFILTRATION
EMP12808,USER,zinal_karnik88,Finance,4.22,LOW,0.815,HIGH,0,1.0,Unknown,UNKNOWN,SUFFICIENT_HISTORY,ZERO_MFA_FAILURES_OBSERVED,NO_ACTIONABLE_HYPOTHESIS
EMP12063,USER,urvi.kala69,Finance,0.0,LOW,0.7383,MEDIUM,0,1.0,Unknown,UNKNOWN,SUFFICIENT_HISTORY,ZERO_MFA_FAILURES_OBSERVED,NO_ACTIONABLE_HYPOTHESIS
EMP11316,USER,dalaja.sankar21,Brand,12.65,LOW,1.0,HIGH,0,1.0,Unknown,UNKNOWN,SUFFICIENT_HISTORY,ZERO_MFA_FAILURES_OBSERVED,NO_ACTIONABLE_HYPOTHESIS
EMP11220,USER,pranit.chadha56,Sales,14.33,LOW,0.805,HIGH,0,1.0,Unknown,UNKNOWN,SUFFICIENT_HISTORY,ZERO_MFA_FAILURES_OBSERVED,NO_ACTIONABLE_HYPOTHESIS
EMP11613,USER,kevin.ahuja64,Human Resources,15.5,LOW,0.7383,MEDIUM,0,1.0,Unknown,UNKNOWN,SUFFICIENT_HISTORY,ZERO_MFA_FAILURES_OBSERVED,NO_ACTIONABLE_HYPOTHESIS
EMP10123,USER,raksha.verma87,Marketing,47.43,MODERATE,1.0,HIGH,2,1.25,Unknown,UNKNOWN,SUFFICIENT_HISTORY,ZERO_MFA_FAILURES_OBSERVED,NO_ACTIONABLE_HYPOTHESIS
EMP11251,USER,amrita.balakrishnan89,Procurement,4.22,LOW,0.775,MEDIUM,0,1.0,Unknown,UNKNOWN,SUFFICIENT_HISTORY,ZERO_MFA_FAILURES_OBSERVED,NO_ACTIONABLE_HYPOTHESIS
EMP10220,USER,Unknown,IT,0.0,LOW,0.55,MEDIUM,0,1.0,Unknown,UNKNOWN,INSUFFICIENT_HISTORY,INSUFFICIENT_BASELINE_HISTORY; ZERO_MFA_FAILURES_OBSERVED,NO_ACTIONABLE_HYPOTHESIS
EMP12994,USER,zansi.dhar14,Finance,9.27,LOW,0.7778,MEDIUM,0,1.0,Unknown,UNKNOWN,SUFFICIENT_HISTORY,ZERO_MFA_FAILURES_OBSERVED,NO_ACTIONABLE_HYPOTHESIS
EMP10358,USER,anirudh.kapoor37,Marketing,11.24,LOW,0.55,MEDIUM,0,1.0,Unknown,UNKNOWN,INSUFFICIENT_HISTORY,INSUFFICIENT_BASELINE_HISTORY; ZERO_MFA_FAILURES_OBSERVED,NO_ACTIONABLE_HYPOTHESIS
EMP12218,USER,lakshmi.nigam78,Finance,12.65,LOW,0.9273,HIGH,0,1.0,Unknown,UNKNOWN,SUFFICIENT_HISTORY,ZERO_MFA_FAILURES_OBSERVED,NO_ACTIONABLE_HYPOTHESIS
EMP12123,USER,chavvi.naidu26,R&D,12.65,LOW,0.8327,HIGH,0,1.0,Unknown,UNKNOWN,SUFFICIENT_HISTORY,ZERO_MFA_FAILURES_OBSERVED,NO_ACTIONABLE_HYPOTHESIS
EMP12295,USER,damini.prabhakar11,Procurement,8.43,LOW,0.8061,HIGH,0,1.0,Unknown,UNKNOWN,SUFFICIENT_HISTORY,ZERO_MFA_FAILURES_OBSERVED,NO_ACTIONABLE_HYPOTHESIS
EMP10259,USER,hemal.palla8,Finance,6.32,LOW,0.805,HIGH,0,1.0,Unknown,UNKNOWN,SUFFICIENT_HISTORY,ZERO_MFA_FAILURES_OBSERVED,NO_ACTIONABLE_HYPOTHESIS
EMP12855,USER,yahvi.sinha85,Operations,4.22,LOW,1.0,HIGH,0,1.0,Unknown,UNKNOWN,SUFFICIENT_HISTORY,ZERO_MFA_FAILURES_OBSERVED,NO_ACTIONABLE_HYPOTHESIS
EMP12830,USER,jairaj.ben13,Operations,4.22,LOW,0.8506,HIGH,0,1.0,Unknown,UNKNOWN,SUFFICIENT_HISTORY,ZERO_MFA_FAILURES_OBSERVED,NO_ACTIONABLE_HYPOTHESIS
EMP12465,USER,thomas.majumdar70,Marketing,25.29,LOW,0.96,HIGH,1,1.0,Unknown,UNKNOWN,SUFFICIENT_HISTORY,ZERO_MFA_FAILURES_OBSERVED,NO_ACTIONABLE_HYPOTHESIS
EMP12906,USER,aishani.dayal71,Sales,0.0,LOW,0.775,MEDIUM,0,1.0,Unknown,UNKNOWN,SUFFICIENT_HISTORY,ZERO_MFA_FAILURES_OBSERVED,NO_ACTIONABLE_HYPOTHESIS
EMP11675,USER,jatin.narasimhan80,Human Resources,0.0,LOW,0.835,HIGH,0,1.0,Unknown,UNKNOWN,SUFFICIENT_HISTORY,ZERO_MFA_FAILURES_OBSERVED,NO_ACTIONABLE_HYPOTHESIS
EMP12480,USER,harita.dutta68,IT Support,7.55,LOW,0.45,LOW,0,1.0,Unknown,UNKNOWN,INSUFFICIENT_HISTORY,INSUFFICIENT_BASELINE_HISTORY; ZERO_MFA_FAILURES_OBSERVED,NO_ACTIONABLE_HYPOTHESIS
EMP11845,USER,rajeshri.shetty52,Legal,4.22,LOW,0.765,MEDIUM,0,1.0,Unknown,UNKNOWN,SUFFICIENT_HISTORY,ZERO_MFA_FAILURES_OBSERVED,NO_ACTIONABLE_HYPOTHESIS
EMP11536,USER,lila.rege10,Finance,8.43,LOW,0.55,MEDIUM,0,1.0,Unknown,UNKNOWN,INSUFFICIENT_HISTORY,INSUFFICIENT_BASELINE_HISTORY; ZERO_MFA_FAILURES_OBSERVED,NO_ACTIONABLE_HYPOTHESIS
EMP12857,USER,edhitha.loyal90,Procurement,4.22,LOW,0.775,MEDIUM,0,1.0,Unknown,UNKNOWN,SUFFICIENT_HISTORY,ZERO_MFA_FAILURES_OBSERVED,NO_ACTIONABLE_HYPOTHESIS
EMP12397,USER,manan.jayaraman61,R&D,4.22,LOW,0.8506,HIGH,0,1.0,Unknown,UNKNOWN,SUFFICIENT_HISTORY,ZERO_MFA_FAILURES_OBSERVED,NO_ACTIONABLE_HYPOTHESIS
EMP10456,USER,daksh.kari74,Supply Chain,0.0,LOW,0.45,LOW,0,1.0,Unknown,UNKNOWN,INSUFFICIENT_HISTORY,INSUFFICIENT_BASELINE_HISTORY; ZERO_MFA_FAILURES_OBSERVED,NO_ACTIONABLE_HYPOTHESIS
EMP10462,USER,damyanti.barad71,IT,29.51,LOW,0.8327,HIGH,1,1.0,Unknown,UNKNOWN,SUFFICIENT_HISTORY,ZERO_MFA_FAILURES_OBSERVED,NO_ACTIONABLE_HYPOTHESIS
EMP12292,USER,keya.johal9,Procurement,4.22,LOW,0.695,MEDIUM,0,1.0,Unknown,UNKNOWN,SUFFICIENT_HISTORY,ZERO_MFA_FAILURES_OBSERVED,NO_ACTIONABLE_HYPOTHESIS
EMP11788,USER,yadavi.kaur93,Marketing,14.75,LOW,0.815,HIGH,0,1.0,Unknown,UNKNOWN,SUFFICIENT_HISTORY,ZERO_MFA_FAILURES_OBSERVED,NO_ACTIONABLE_HYPOTHESIS
EMP11767,USER,harita.kakar82,Support,0.0,LOW,0.695,MEDIUM,0,1.0,Unknown,UNKNOWN,SUFFICIENT_HISTORY,ZERO_MFA_FAILURES_OBSERVED,NO_ACTIONABLE_HYPOTHESIS
EMP10381,USER,tanveer.sankar50,Operations,21.08,LOW,0.52,MEDIUM,1,1.0,Unknown,UNKNOWN,INSUFFICIENT_HISTORY,INSUFFICIENT_BASELINE_HISTORY; ZERO_MFA_FAILURES_OBSERVED,NO_ACTIONABLE_HYPOTHESIS
EMP11444,USER,nitesh.dugar65,Human Resources,8.43,LOW,0.865,HIGH,0,1.0,Unknown,UNKNOWN,SUFFICIENT_HISTORY,ZERO_MFA_FAILURES_OBSERVED,NO_ACTIONABLE_HYPOTHESIS
EMP11187,USER,aarav_chakraborty53,Call Center,8.43,LOW,0.7207,MEDIUM,0,1.0,Unknown,UNKNOWN,SUFFICIENT_HISTORY,ZERO_MFA_FAILURES_OBSERVED,NO_ACTIONABLE_HYPOTHESIS
EMP12607,USER,alka.ranganathan93,Finance,12.65,LOW,0.96,HIGH,0,1.0,Unknown,UNKNOWN,SUFFICIENT_HISTORY,ZERO_MFA_FAILURES_OBSERVED,NO_ACTIONABLE_HYPOTHESIS
EMP12357,USER,vasana.singhal7,IT,0.0,LOW,0.3867,LOW,0,1.0,Unknown,UNKNOWN,INSUFFICIENT_HISTORY,INSUFFICIENT_BASELINE_HISTORY; ZERO_MFA_FAILURES_OBSERVED,NO_ACTIONABLE_HYPOTHESIS
EMP11842,USER,harita.parekh10,Procurement,0.0,LOW,0.45,LOW,0,1.0,Unknown,UNKNOWN,INSUFFICIENT_HISTORY,INSUFFICIENT_BASELINE_HISTORY; ZERO_MFA_FAILURES_OBSERVED,NO_ACTIONABLE_HYPOTHESIS
EMP11554,USER,charles.shah45,Sales,8.43,LOW,0.6717,MEDIUM,0,1.0,Unknown,UNKNOWN,SUFFICIENT_HISTORY,ZERO_MFA_FAILURES_OBSERVED,NO_ACTIONABLE_HYPOTHESIS
EMP10059,USER,warjas.sachar28,Human Resources,0.0,LOW,0.6717,MEDIUM,0,1.0,Unknown,UNKNOWN,SUFFICIENT_HISTORY,ZERO_MFA_FAILURES_OBSERVED,NO_ACTIONABLE_HYPOTHESIS
EMP11608,USER,ati.chana43,Sales,12.65,LOW,0.835,HIGH,0,1.0,Unknown,UNKNOWN,SUFFICIENT_HISTORY,ZERO_MFA_FAILURES_OBSERVED,NO_ACTIONABLE_HYPOTHESIS
EMP12638,USER,rachana.tank4,R&D,0.0,LOW,0.835,HIGH,0,1.0,Unknown,UNKNOWN,SUFFICIENT_HISTORY,ZERO_MFA_FAILURES_OBSERVED,NO_ACTIONABLE_HYPOTHESIS
EMP11364,USER,vrinda.ratta87,R&D,12.65,LOW,0.8506,HIGH,0,1.0,Unknown,UNKNOWN,SUFFICIENT_HISTORY,ZERO_MFA_FAILURES_OBSERVED,NO_ACTIONABLE_HYPOTHESIS
EMP11505,USER,caleb.khurana94,Human Resources,21.08,LOW,0.9428,HIGH,0,1.0,Unknown,UNKNOWN,SUFFICIENT_HISTORY,ZERO_MFA_FAILURES_OBSERVED,NO_ACTIONABLE_HYPOTHESIS
EMP12876,USER,faqid.gaba42,Human Resources,0.0,LOW,0.695,MEDIUM,0,1.0,Unknown,UNKNOWN,SUFFICIENT_HISTORY,ZERO_MFA_FAILURES_OBSERVED,NO_ACTIONABLE_HYPOTHESIS
EMP12359,USER,rachana.sibal12,Legal,4.22,LOW,0.815,HIGH,0,1.0,Unknown,UNKNOWN,SUFFICIENT_HISTORY,ZERO_MFA_FAILURES_OBSERVED,NO_ACTIONABLE_HYPOTHESIS
EMP12928,USER,waida.raju48,Human Resources,29.51,LOW,1.0,HIGH,1,1.0,Unknown,UNKNOWN,SUFFICIENT_HISTORY,ZERO_MFA_FAILURES_OBSERVED,NO_ACTIONABLE_HYPOTHESIS
EMP11480,USER,Unknown,Marketing,4.22,LOW,0.775,MEDIUM,0,1.0,Unknown,UNKNOWN,SUFFICIENT_HISTORY,ZERO_MFA_FAILURES_OBSERVED,NO_ACTIONABLE_HYPOTHESIS
EMP10542,USER,jhalak.toor65,Marketing,9.84,LOW,0.835,HIGH,0,1.0,Unknown,UNKNOWN,SUFFICIENT_HISTORY,ZERO_MFA_FAILURES_OBSERVED,NO_ACTIONABLE_HYPOTHESIS
EMP11133,USER,brijesh.hegde76,Finance,0.0,LOW,0.775,MEDIUM,0,1.0,Unknown,UNKNOWN,SUFFICIENT_HISTORY,ZERO_MFA_FAILURES_OBSERVED,NO_ACTIONABLE_HYPOTHESIS
EMP11764,USER,charles.subramaniam30,Sales,0.0,LOW,0.3867,LOW,0,1.0,Unknown,UNKNOWN,INSUFFICIENT_HISTORY,INSUFFICIENT_BASELINE_HISTORY; ZERO_MFA_FAILURES_OBSERVED,NO_ACTIONABLE_HYPOTHESIS
EMP12610,USER,vasudha.raj58,Customer Support,37.94,MODERATE,0.9667,HIGH,1,1.0,Unknown,UNKNOWN,SUFFICIENT_HISTORY,UNCORROBORATED_SINGLE_DIMENSION; ZERO_MFA_FAILURES_OBSERVED,NO_ACTIONABLE_HYPOTHESIS
EMP11880,USER,yashvi.din95,Marketing,25.29,LOW,1.0,HIGH,0,1.0,Unknown,UNKNOWN,SUFFICIENT_HISTORY,ZERO_MFA_FAILURES_OBSERVED,NO_ACTIONABLE_HYPOTHESIS
EMP10845,USER,abeer.kashyap41,Operations,0.0,LOW,0.805,HIGH,0,1.0,Unknown,UNKNOWN,SUFFICIENT_HISTORY,ZERO_MFA_FAILURES_OBSERVED,NO_ACTIONABLE_HYPOTHESIS
EMP12494,USER,dayita.bhatia69,Sales,0.0,LOW,0.29,LOW,0,1.0,Unknown,UNKNOWN,INSUFFICIENT_HISTORY,INSUFFICIENT_BASELINE_HISTORY; ZERO_MFA_FAILURES_OBSERVED,NO_ACTIONABLE_HYPOTHESIS
EMP12655,USER,agastya.sarraf35,Customer Support,9.99,LOW,0.45,LOW,0,1.0,Unknown,UNKNOWN,INSUFFICIENT_HISTORY,INSUFFICIENT_BASELINE_HISTORY; ZERO_MFA_FAILURES_OBSERVED,NO_ACTIONABLE_HYPOTHESIS
EMP11475,USER,aarush_din90,Finance,4.22,LOW,0.7778,MEDIUM,0,1.0,Unknown,UNKNOWN,SUFFICIENT_HISTORY,ZERO_MFA_FAILURES_OBSERVED,NO_ACTIONABLE_HYPOTHESIS
EMP11839,USER,owen.rau90,Finance,0.0,LOW,0.45,LOW,0,1.0,Unknown,UNKNOWN,INSUFFICIENT_HISTORY,INSUFFICIENT_BASELINE_HISTORY; ZERO_MFA_FAILURES_OBSERVED,NO_ACTIONABLE_HYPOTHESIS
EMP12980,USER,girik_pingle83,Innovation,8.43,LOW,0.765,MEDIUM,0,1.0,Unknown,UNKNOWN,SUFFICIENT_HISTORY,ZERO_MFA_FAILURES_OBSERVED,NO_ACTIONABLE_HYPOTHESIS
EMP11801,USER,ekiya.jaggi5,Legal,100.0,CRITICAL,0.9737,HIGH,3,1.5,Unknown,UNKNOWN,SUFFICIENT_HISTORY,ZERO_MFA_FAILURES_OBSERVED,POSSIBLE_CREDENTIAL_COMPROMISE; POSSIBLE_ACCOUNT_TAKEOVER; POSSIBLE_ANOMALOUS_DATA_EXFILTRATION
EMP11766,USER,indali.pandey62,Sales,0.0,LOW,0.695,MEDIUM,0,1.0,Unknown,UNKNOWN,SUFFICIENT_HISTORY,ZERO_MFA_FAILURES_OBSERVED,NO_ACTIONABLE_HYPOTHESIS
EMP12493,USER,ojasvi.vohra89,IT,11.8,LOW,0.775,MEDIUM,0,1.0,Unknown,UNKNOWN,SUFFICIENT_HISTORY,ZERO_MFA_FAILURES_OBSERVED,NO_ACTIONABLE_HYPOTHESIS
EMP11786,USER,garima.arora7,IT,21.08,LOW,0.865,HIGH,0,1.0,Unknown,UNKNOWN,SUFFICIENT_HISTORY,ZERO_MFA_FAILURES_OBSERVED,NO_ACTIONABLE_HYPOTHESIS
EMP11018,USER,edhitha.saini50,Finance,4.22,LOW,0.805,HIGH,0,1.0,Unknown,UNKNOWN,SUFFICIENT_HISTORY,ZERO_MFA_FAILURES_OBSERVED,NO_ACTIONABLE_HYPOTHESIS
EMP10435,USER,triveni.palla12,Finance,37.94,MODERATE,0.9714,HIGH,0,1.0,Unknown,UNKNOWN,SUFFICIENT_HISTORY,UNCORROBORATED_SINGLE_DIMENSION; ZERO_MFA_FAILURES_OBSERVED,NO_ACTIONABLE_HYPOTHESIS
EMP11114,USER,anamika.iyengar53,Operations,25.29,LOW,0.975,HIGH,1,1.0,Unknown,UNKNOWN,SUFFICIENT_HISTORY,ZERO_MFA_FAILURES_OBSERVED,NO_ACTIONABLE_HYPOTHESIS
EMP10237,USER,naksh.anand12,Procurement,0.0,LOW,0.775,MEDIUM,0,1.0,Unknown,UNKNOWN,SUFFICIENT_HISTORY,ZERO_MFA_FAILURES_OBSERVED,NO_ACTIONABLE_HYPOTHESIS
EMP11075,USER,gopal.uppal74,Procurement,4.22,LOW,0.775,MEDIUM,0,1.0,Unknown,UNKNOWN,SUFFICIENT_HISTORY,ZERO_MFA_FAILURES_OBSERVED,NO_ACTIONABLE_HYPOTHESIS
EMP10109,USER,warda.raju69,Legal,12.65,LOW,0.9273,HIGH,0,1.0,Unknown,UNKNOWN,SUFFICIENT_HISTORY,ZERO_MFA_FAILURES_OBSERVED,NO_ACTIONABLE_HYPOTHESIS
EMP12119,USER,niharika.bal84,Marketing,6.32,LOW,0.7383,MEDIUM,0,1.0,Unknown,UNKNOWN,SUFFICIENT_HISTORY,ZERO_MFA_FAILURES_OBSERVED,NO_ACTIONABLE_HYPOTHESIS
EMP10163,USER,ojasvi.bansal8,R&D,1.05,LOW,0.52,MEDIUM,0,1.0,Unknown,UNKNOWN,INSUFFICIENT_HISTORY,INSUFFICIENT_BASELINE_HISTORY; ZERO_MFA_FAILURES_OBSERVED,NO_ACTIONABLE_HYPOTHESIS
EMP10288,USER,jyoti_guha56,Finance,13.49,LOW,0.815,HIGH,0,1.0,Unknown,UNKNOWN,SUFFICIENT_HISTORY,ZERO_MFA_FAILURES_OBSERVED,NO_ACTIONABLE_HYPOTHESIS
EMP10252,USER,darsh.bal9,R&D,0.0,LOW,0.805,HIGH,0,1.0,Unknown,UNKNOWN,SUFFICIENT_HISTORY,ZERO_MFA_FAILURES_OBSERVED,NO_ACTIONABLE_HYPOTHESIS
EMP12588,USER,Unknown,Sales,8.43,LOW,0.9273,HIGH,0,1.0,Unknown,UNKNOWN,SUFFICIENT_HISTORY,ZERO_MFA_FAILURES_OBSERVED,NO_ACTIONABLE_HYPOTHESIS
EMP12350,USER,chatura.chowdhury52,IT,12.65,LOW,0.835,HIGH,0,1.0,Unknown,UNKNOWN,SUFFICIENT_HISTORY,ZERO_MFA_FAILURES_OBSERVED,NO_ACTIONABLE_HYPOTHESIS
EMP10767,USER,pallavi.kunda48,Operations,13.7,LOW,0.815,HIGH,0,1.0,Unknown,UNKNOWN,SUFFICIENT_HISTORY,ZERO_MFA_FAILURES_OBSERVED,NO_ACTIONABLE_HYPOTHESIS
EMP10787,USER,lipika.kumer68,Operations,5.27,LOW,0.775,MEDIUM,0,1.0,Unknown,UNKNOWN,SUFFICIENT_HISTORY,ZERO_MFA_FAILURES_OBSERVED,NO_ACTIONABLE_HYPOTHESIS
EMP11378,USER,chasmum.sachdeva79,Compliance,16.86,LOW,0.9667,HIGH,1,1.0,Unknown,UNKNOWN,SUFFICIENT_HISTORY,ZERO_MFA_FAILURES_OBSERVED,NO_ACTIONABLE_HYPOTHESIS
EMP11027,USER,abha.manda57,IT,0.0,LOW,0.6717,MEDIUM,0,1.0,Unknown,UNKNOWN,SUFFICIENT_HISTORY,ZERO_MFA_FAILURES_OBSERVED,NO_ACTIONABLE_HYPOTHESIS
EMP11037,USER,abdul.baral80,Human Resources,3.02,LOW,0.7778,MEDIUM,0,1.0,Unknown,UNKNOWN,SUFFICIENT_HISTORY,ZERO_MFA_FAILURES_OBSERVED,NO_ACTIONABLE_HYPOTHESIS
EMP10869,USER,krishna.chaudry17,Human Resources,0.0,LOW,0.8506,HIGH,0,1.0,Unknown,UNKNOWN,SUFFICIENT_HISTORY,ZERO_MFA_FAILURES_OBSERVED,NO_ACTIONABLE_HYPOTHESIS
EMP12957,USER,liam.saran13,IT,13.49,LOW,0.55,MEDIUM,0,1.0,Unknown,UNKNOWN,INSUFFICIENT_HISTORY,INSUFFICIENT_BASELINE_HISTORY; ZERO_MFA_FAILURES_OBSERVED,NO_ACTIONABLE_HYPOTHESIS
EMP12405,USER,netra.madan80,Marketing,4.22,LOW,0.8506,HIGH,0,1.0,Unknown,UNKNOWN,SUFFICIENT_HISTORY,ZERO_MFA_FAILURES_OBSERVED,NO_ACTIONABLE_HYPOTHESIS
EMP11980,USER,eta.saran85,Marketing,0.0,LOW,0.775,MEDIUM,0,1.0,Unknown,UNKNOWN,SUFFICIENT_HISTORY,ZERO_MFA_FAILURES_OBSERVED,NO_ACTIONABLE_HYPOTHESIS
EMP12159,USER,mitesh_chaudhry88,R&D,0.0,LOW,0.775,MEDIUM,0,1.0,Unknown,UNKNOWN,SUFFICIENT_HISTORY,ZERO_MFA_FAILURES_OBSERVED,NO_ACTIONABLE_HYPOTHESIS
EMP12801,USER,ishwar.bose49,Marketing,21.92,LOW,0.8061,HIGH,0,1.0,Unknown,UNKNOWN,SUFFICIENT_HISTORY,ZERO_MFA_FAILURES_OBSERVED,NO_ACTIONABLE_HYPOTHESIS
EMP12908,USER,yahvi.mangal15,Supply Chain,27.4,LOW,0.895,HIGH,0,1.0,Unknown,UNKNOWN,SUFFICIENT_HISTORY,ZERO_MFA_FAILURES_OBSERVED,NO_ACTIONABLE_HYPOTHESIS
EMP12053,USER,joshua.setty16,Human Resources,0.0,LOW,0.7383,MEDIUM,0,1.0,Unknown,UNKNOWN,SUFFICIENT_HISTORY,ZERO_MFA_FAILURES_OBSERVED,NO_ACTIONABLE_HYPOTHESIS
EMP12472,USER,qadim.lalla39,Customer Support,4.22,LOW,0.715,MEDIUM,0,1.0,Unknown,UNKNOWN,SUFFICIENT_HISTORY,ZERO_MFA_FAILURES_OBSERVED,NO_ACTIONABLE_HYPOTHESIS
EMP10461,USER,nidra.mahal64,R&D,14.75,LOW,0.865,HIGH,0,1.0,Unknown,UNKNOWN,SUFFICIENT_HISTORY,ZERO_MFA_FAILURES_OBSERVED,NO_ACTIONABLE_HYPOTHESIS
EMP10911,USER,unnati.krishnan27,Operations,2.11,LOW,0.7778,MEDIUM,0,1.0,Unknown,UNKNOWN,SUFFICIENT_HISTORY,ZERO_MFA_FAILURES_OBSERVED,NO_ACTIONABLE_HYPOTHESIS
EMP12772,USER,gauri.sabharwal56,IT,7.59,LOW,0.775,MEDIUM,0,1.0,Unknown,UNKNOWN,SUFFICIENT_HISTORY,ZERO_MFA_FAILURES_OBSERVED,NO_ACTIONABLE_HYPOTHESIS
EMP10157,USER,raghav.dutt31,Human Resources,10.34,LOW,0.775,MEDIUM,0,1.0,Unknown,UNKNOWN,SUFFICIENT_HISTORY,ZERO_MFA_FAILURES_OBSERVED,NO_ACTIONABLE_HYPOTHESIS
EMP10930,USER,Unknown,Legal,37.94,MODERATE,1.0,HIGH,1,1.0,Unknown,UNKNOWN,SUFFICIENT_HISTORY,UNCORROBORATED_SINGLE_DIMENSION; ZERO_MFA_FAILURES_OBSERVED,NO_ACTIONABLE_HYPOTHESIS
EMP12138,USER,anita.varughese46,Sales,21.08,LOW,0.865,HIGH,0,1.0,Unknown,UNKNOWN,SUFFICIENT_HISTORY,ZERO_MFA_FAILURES_OBSERVED,NO_ACTIONABLE_HYPOTHESIS
EMP12164,USER,ekansh.mangal49,Marketing,31.32,MODERATE,0.9667,HIGH,1,1.0,Unknown,UNKNOWN,SUFFICIENT_HISTORY,UNCORROBORATED_SINGLE_DIMENSION; ZERO_MFA_FAILURES_OBSERVED,NO_ACTIONABLE_HYPOTHESIS
EMP10677,USER,aashi.nadig72,Call Center,0.0,LOW,0.775,MEDIUM,0,1.0,Unknown,UNKNOWN,SUFFICIENT_HISTORY,ZERO_MFA_FAILURES_OBSERVED,NO_ACTIONABLE_HYPOTHESIS
EMP12827,USER,oscar.chhabra40,Customer Support,4.22,LOW,0.895,HIGH,0,1.0,Unknown,UNKNOWN,SUFFICIENT_HISTORY,ZERO_MFA_FAILURES_OBSERVED,NO_ACTIONABLE_HYPOTHESIS
EMP11255,USER,yochana.choudhary64,IT,4.22,LOW,0.865,HIGH,0,1.0,Unknown,UNKNOWN,SUFFICIENT_HISTORY,ZERO_MFA_FAILURES_OBSERVED,NO_ACTIONABLE_HYPOTHESIS
EMP10238,USER,sanya_narang5,Legal,23.19,LOW,0.92,HIGH,0,1.0,Unknown,UNKNOWN,SUFFICIENT_HISTORY,ZERO_MFA_FAILURES_OBSERVED,NO_ACTIONABLE_HYPOTHESIS
EMP11052,USER,lajita.dhingra55,Sales,8.43,LOW,0.7383,MEDIUM,0,1.0,Unknown,UNKNOWN,SUFFICIENT_HISTORY,ZERO_MFA_FAILURES_OBSERVED,NO_ACTIONABLE_HYPOTHESIS
EMP11532,USER,anmol.dugar63,IT,4.22,LOW,0.805,HIGH,0,1.0,Unknown,UNKNOWN,SUFFICIENT_HISTORY,ZERO_MFA_FAILURES_OBSERVED,NO_ACTIONABLE_HYPOTHESIS
EMP10243,USER,fariq_atwal39,Procurement,21.08,LOW,0.9667,HIGH,1,1.0,Unknown,UNKNOWN,SUFFICIENT_HISTORY,ZERO_MFA_FAILURES_OBSERVED,NO_ACTIONABLE_HYPOTHESIS
EMP10100,USER,turvi.nigam12,Sales,16.86,LOW,1.0,HIGH,1,1.0,Unknown,UNKNOWN,SUFFICIENT_HISTORY,ZERO_MFA_FAILURES_OBSERVED,NO_ACTIONABLE_HYPOTHESIS
EMP10315,USER,girindra.pathak40,Human Resources,8.43,LOW,0.865,HIGH,0,1.0,Unknown,UNKNOWN,SUFFICIENT_HISTORY,ZERO_MFA_FAILURES_OBSERVED,NO_ACTIONABLE_HYPOTHESIS
EMP12409,USER,omya.mukherjee26,Sales,25.29,LOW,0.92,HIGH,1,1.0,Unknown,UNKNOWN,SUFFICIENT_HISTORY,ZERO_MFA_FAILURES_OBSERVED,NO_ACTIONABLE_HYPOTHESIS
EMP12513,USER,chakradev.chakraborty45,Call Center,0.0,LOW,0.8506,HIGH,0,1.0,Unknown,UNKNOWN,SUFFICIENT_HISTORY,ZERO_MFA_FAILURES_OBSERVED,NO_ACTIONABLE_HYPOTHESIS
EMP11041,USER,sara.raj57,IT,0.0,LOW,0.815,HIGH,0,1.0,Unknown,UNKNOWN,SUFFICIENT_HISTORY,ZERO_MFA_FAILURES_OBSERVED,NO_ACTIONABLE_HYPOTHESIS
EMP11064,USER,yadavi_seshadri1,Compliance,4.22,LOW,0.7778,MEDIUM,0,1.0,Unknown,UNKNOWN,SUFFICIENT_HISTORY,ZERO_MFA_FAILURES_OBSERVED,NO_ACTIONABLE_HYPOTHESIS
EMP10261,USER,pavani.atwal76,Finance,21.08,LOW,0.9667,HIGH,0,1.0,Unknown,UNKNOWN,SUFFICIENT_HISTORY,ZERO_MFA_FAILURES_OBSERVED,NO_ACTIONABLE_HYPOTHESIS
EMP11655,USER,gautam.sama21,Legal,0.0,LOW,0.7207,MEDIUM,0,1.0,Unknown,UNKNOWN,SUFFICIENT_HISTORY,ZERO_MFA_FAILURES_OBSERVED,NO_ACTIONABLE_HYPOTHESIS
EMP12966,USER,veer.lal49,Finance,12.65,LOW,0.92,HIGH,0,1.0,Unknown,UNKNOWN,SUFFICIENT_HISTORY,ZERO_MFA_FAILURES_OBSERVED,NO_ACTIONABLE_HYPOTHESIS
EMP10195,USER,tanay.karnik5,Supply Chain,21.08,LOW,0.8159,HIGH,0,1.0,Unknown,UNKNOWN,SUFFICIENT_HISTORY,ZERO_MFA_FAILURES_OBSERVED,NO_ACTIONABLE_HYPOTHESIS
EMP11941,USER,yatan.chander61,IT,21.08,LOW,0.9636,HIGH,0,1.0,Unknown,UNKNOWN,SUFFICIENT_HISTORY,ZERO_MFA_FAILURES_OBSERVED,NO_ACTIONABLE_HYPOTHESIS
EMP11078,USER,dayita.apte69,Sales,12.65,LOW,1.0,HIGH,0,1.0,Unknown,UNKNOWN,SUFFICIENT_HISTORY,ZERO_MFA_FAILURES_OBSERVED,NO_ACTIONABLE_HYPOTHESIS
EMP11847,USER,vinaya.lal10,Marketing,8.43,LOW,0.895,HIGH,0,1.0,Unknown,UNKNOWN,SUFFICIENT_HISTORY,ZERO_MFA_FAILURES_OBSERVED,NO_ACTIONABLE_HYPOTHESIS
EMP10179,USER,ridhi.kadakia61,Finance,8.43,LOW,0.7778,MEDIUM,0,1.0,Unknown,UNKNOWN,SUFFICIENT_HISTORY,ZERO_MFA_FAILURES_OBSERVED,NO_ACTIONABLE_HYPOTHESIS
EMP11412,USER,praneel.panchal28,Marketing,8.43,LOW,0.8061,HIGH,0,1.0,Unknown,UNKNOWN,SUFFICIENT_HISTORY,ZERO_MFA_FAILURES_OBSERVED,NO_ACTIONABLE_HYPOTHESIS
EMP10842,USER,mason.garg83,IT Support,29.51,LOW,0.9333,HIGH,1,1.0,Unknown,UNKNOWN,SUFFICIENT_HISTORY,ZERO_MFA_FAILURES_OBSERVED,NO_ACTIONABLE_HYPOTHESIS
EMP12389,USER,ryan.borah18,Operations,33.73,MODERATE,0.895,HIGH,1,1.0,Unknown,UNKNOWN,SUFFICIENT_HISTORY,UNCORROBORATED_SINGLE_DIMENSION; ZERO_MFA_FAILURES_OBSERVED,NO_ACTIONABLE_HYPOTHESIS
EMP11510,USER,yashoda.kapur75,R&D,1.05,LOW,0.695,MEDIUM,0,1.0,Unknown,UNKNOWN,SUFFICIENT_HISTORY,ZERO_MFA_FAILURES_OBSERVED,NO_ACTIONABLE_HYPOTHESIS
EMP11995,USER,dhriti.sami98,Compliance,16.86,LOW,0.865,HIGH,1,1.0,Unknown,UNKNOWN,SUFFICIENT_HISTORY,ZERO_MFA_FAILURES_OBSERVED,NO_ACTIONABLE_HYPOTHESIS
EMP10340,USER,prisha.venkataraman28,Finance,4.22,LOW,0.7383,MEDIUM,0,1.0,Unknown,UNKNOWN,SUFFICIENT_HISTORY,ZERO_MFA_FAILURES_OBSERVED,NO_ACTIONABLE_HYPOTHESIS
EMP11134,USER,ganga.yogi55,IT,0.0,LOW,0.7778,MEDIUM,0,1.0,Unknown,UNKNOWN,SUFFICIENT_HISTORY,ZERO_MFA_FAILURES_OBSERVED,NO_ACTIONABLE_HYPOTHESIS
EMP12364,USER,ria.yadav87,Sales,0.0,LOW,0.8061,HIGH,0,1.0,Unknown,UNKNOWN,SUFFICIENT_HISTORY,ZERO_MFA_FAILURES_OBSERVED,NO_ACTIONABLE_HYPOTHESIS
EMP10748,USER,faqid.kuruvilla95,IT,37.94,MODERATE,0.8159,HIGH,1,1.0,Unknown,UNKNOWN,SUFFICIENT_HISTORY,UNCORROBORATED_SINGLE_DIMENSION; ZERO_MFA_FAILURES_OBSERVED,NO_ACTIONABLE_HYPOTHESIS
EMP12936,USER,orinder.karpe99,IT Support,12.65,LOW,0.895,HIGH,0,1.0,Unknown,UNKNOWN,SUFFICIENT_HISTORY,ZERO_MFA_FAILURES_OBSERVED,NO_ACTIONABLE_HYPOTHESIS
EMP10662,USER,watika.sant81,Human Resources,42.16,MODERATE,0.925,HIGH,1,1.0,Unknown,UNKNOWN,SUFFICIENT_HISTORY,UNCORROBORATED_SINGLE_DIMENSION; ZERO_MFA_FAILURES_OBSERVED,NO_ACTIONABLE_HYPOTHESIS
EMP10480,USER,kamya.taneja57,Sales,16.86,LOW,0.9636,HIGH,0,1.0,Unknown,UNKNOWN,SUFFICIENT_HISTORY,ZERO_MFA_FAILURES_OBSERVED,NO_ACTIONABLE_HYPOTHESIS
EMP10803,USER,aarna.menon15,Human Resources,5.17,LOW,0.6717,MEDIUM,0,1.0,Unknown,UNKNOWN,SUFFICIENT_HISTORY,ZERO_MFA_FAILURES_OBSERVED,NO_ACTIONABLE_HYPOTHESIS
EMP12204,USER,upasna_batra71,Finance,13.7,LOW,0.805,HIGH,0,1.0,Unknown,UNKNOWN,SUFFICIENT_HISTORY,ZERO_MFA_FAILURES_OBSERVED,NO_ACTIONABLE_HYPOTHESIS
EMP10998,USER,lopa.sarin4,Finance,16.86,LOW,0.7583,MEDIUM,0,1.0,Unknown,UNKNOWN,SUFFICIENT_HISTORY,ZERO_MFA_FAILURES_OBSERVED,NO_ACTIONABLE_HYPOTHESIS
EMP11431,USER,diya.dutt12,Procurement,12.65,LOW,0.92,HIGH,0,1.0,Unknown,UNKNOWN,SUFFICIENT_HISTORY,ZERO_MFA_FAILURES_OBSERVED,NO_ACTIONABLE_HYPOTHESIS
EMP12509,USER,zarna.pall69,Finance,0.0,LOW,0.7778,MEDIUM,0,1.0,Unknown,UNKNOWN,SUFFICIENT_HISTORY,ZERO_MFA_FAILURES_OBSERVED,NO_ACTIONABLE_HYPOTHESIS
EMP10549,USER,inaya.garg98,Support,16.86,LOW,0.865,HIGH,1,1.0,Unknown,UNKNOWN,SUFFICIENT_HISTORY,ZERO_MFA_FAILURES_OBSERVED,NO_ACTIONABLE_HYPOTHESIS
EMP11210,USER,warda.bora45,Sales,29.51,LOW,0.9714,HIGH,1,1.0,Unknown,UNKNOWN,SUFFICIENT_HISTORY,ZERO_MFA_FAILURES_OBSERVED,NO_ACTIONABLE_HYPOTHESIS
EMP10783,USER,bahadurjit.ramaswamy51,Sales,8.43,LOW,0.96,HIGH,0,1.0,Unknown,UNKNOWN,SUFFICIENT_HISTORY,ZERO_MFA_FAILURES_OBSERVED,NO_ACTIONABLE_HYPOTHESIS
EMP12791,USER,rehaan.kothari61,IT,8.43,LOW,0.805,HIGH,0,1.0,Unknown,UNKNOWN,SUFFICIENT_HISTORY,ZERO_MFA_FAILURES_OBSERVED,NO_ACTIONABLE_HYPOTHESIS
EMP12007,USER,rajata.sem34,Procurement,16.86,LOW,0.895,HIGH,0,1.0,Unknown,UNKNOWN,SUFFICIENT_HISTORY,ZERO_MFA_FAILURES_OBSERVED,NO_ACTIONABLE_HYPOTHESIS
EMP10742,USER,bhanumati.tella99,Innovation,8.43,LOW,0.815,HIGH,0,1.0,Unknown,UNKNOWN,SUFFICIENT_HISTORY,ZERO_MFA_FAILURES_OBSERVED,NO_ACTIONABLE_HYPOTHESIS
EMP12488,USER,jhalak.ben53,Operations,5.27,LOW,0.7778,MEDIUM,0,1.0,Unknown,UNKNOWN,SUFFICIENT_HISTORY,ZERO_MFA_FAILURES_OBSERVED,NO_ACTIONABLE_HYPOTHESIS
EMP12733,USER,nilima.basak27,Procurement,1.69,LOW,0.7207,MEDIUM,0,1.0,Unknown,UNKNOWN,SUFFICIENT_HISTORY,ZERO_MFA_FAILURES_OBSERVED,NO_ACTIONABLE_HYPOTHESIS
EMP12910,USER,noah.ray4,R&D,0.0,LOW,0.55,MEDIUM,0,1.0,Unknown,UNKNOWN,INSUFFICIENT_HISTORY,INSUFFICIENT_BASELINE_HISTORY; ZERO_MFA_FAILURES_OBSERVED,NO_ACTIONABLE_HYPOTHESIS
EMP11642,USER,samesh_tandon65,Human Resources,22.98,LOW,0.96,HIGH,0,1.0,Unknown,UNKNOWN,SUFFICIENT_HISTORY,ZERO_MFA_FAILURES_OBSERVED,NO_ACTIONABLE_HYPOTHESIS
EMP12033,USER,jason.lanka36,Support,7.59,LOW,0.775,MEDIUM,0,1.0,Unknown,UNKNOWN,SUFFICIENT_HISTORY,ZERO_MFA_FAILURES_OBSERVED,NO_ACTIONABLE_HYPOTHESIS
EMP11239,USER,benjamin.bhatia78,Call Center,2.37,LOW,0.805,HIGH,0,1.0,Unknown,UNKNOWN,SUFFICIENT_HISTORY,ZERO_MFA_FAILURES_OBSERVED,NO_ACTIONABLE_HYPOTHESIS
EMP12208,USER,sarthak_zacharia39,Human Resources,4.22,LOW,0.7207,MEDIUM,0,1.0,Unknown,UNKNOWN,SUFFICIENT_HISTORY,ZERO_MFA_FAILURES_OBSERVED,NO_ACTIONABLE_HYPOTHESIS
EMP12967,USER,zilmil.sankaran33,Customer Support,25.29,LOW,0.815,HIGH,0,1.0,Unknown,UNKNOWN,SUFFICIENT_HISTORY,ZERO_MFA_FAILURES_OBSERVED,NO_ACTIONABLE_HYPOTHESIS
EMP10247,USER,aadhya.shan11,Support,5.9,LOW,0.805,HIGH,0,1.0,Unknown,UNKNOWN,SUFFICIENT_HISTORY,ZERO_MFA_FAILURES_OBSERVED,NO_ACTIONABLE_HYPOTHESIS
EMP10871,USER,Unknown,Operations,0.0,LOW,0.805,HIGH,0,1.0,Unknown,UNKNOWN,SUFFICIENT_HISTORY,ZERO_MFA_FAILURES_OBSERVED,NO_ACTIONABLE_HYPOTHESIS
EMP10952,USER,januja.yadav88,Legal,12.65,LOW,0.96,HIGH,0,1.0,Unknown,UNKNOWN,SUFFICIENT_HISTORY,ZERO_MFA_FAILURES_OBSERVED,NO_ACTIONABLE_HYPOTHESIS
EMP12262,USER,damyanti_lal3,IT,0.0,LOW,0.55,MEDIUM,0,1.0,Unknown,UNKNOWN,INSUFFICIENT_HISTORY,INSUFFICIENT_BASELINE_HISTORY; ZERO_MFA_FAILURES_OBSERVED,NO_ACTIONABLE_HYPOTHESIS
EMP12803,USER,Unknown,Legal,8.43,LOW,0.7383,MEDIUM,0,1.0,Unknown,UNKNOWN,SUFFICIENT_HISTORY,ZERO_MFA_FAILURES_OBSERVED,NO_ACTIONABLE_HYPOTHESIS
EMP10626,USER,sara.bhattacharyya47,Human Resources,36.5,MODERATE,0.805,HIGH,0,1.0,Unknown,UNKNOWN,SUFFICIENT_HISTORY,UNCORROBORATED_SINGLE_DIMENSION; ZERO_MFA_FAILURES_OBSERVED,NO_ACTIONABLE_HYPOTHESIS
EMP10347,USER,jacob.chadha82,Support,0.0,LOW,0.815,HIGH,0,1.0,Unknown,UNKNOWN,SUFFICIENT_HISTORY,ZERO_MFA_FAILURES_OBSERVED,NO_ACTIONABLE_HYPOTHESIS
EMP10278,USER,david.lad68,Finance,88.09,CRITICAL,0.9385,HIGH,3,1.5,Unknown,UNKNOWN,SUFFICIENT_HISTORY,ZERO_MFA_FAILURES_OBSERVED,POSSIBLE_CREDENTIAL_COMPROMISE; POSSIBLE_ACCOUNT_TAKEOVER; POSSIBLE_ANOMALOUS_DATA_EXFILTRATION
EMP12689,USER,Unknown,Human Resources,0.0,LOW,0.52,MEDIUM,0,1.0,Unknown,UNKNOWN,INSUFFICIENT_HISTORY,INSUFFICIENT_BASELINE_HISTORY; ZERO_MFA_FAILURES_OBSERVED,NO_ACTIONABLE_HYPOTHESIS
EMP10655,USER,eshana.bala7,Human Resources,14.55,LOW,0.815,HIGH,0,1.0,Unknown,UNKNOWN,SUFFICIENT_HISTORY,ZERO_MFA_FAILURES_OBSERVED,NO_ACTIONABLE_HYPOTHESIS
EMP11298,USER,harrison.varughese13,Procurement,100.0,CRITICAL,0.9726,HIGH,3,1.5,Unknown,UNKNOWN,SUFFICIENT_HISTORY,ZERO_MFA_FAILURES_OBSERVED,POSSIBLE_CREDENTIAL_COMPROMISE; POSSIBLE_ACCOUNT_TAKEOVER; POSSIBLE_ANOMALOUS_DATA_EXFILTRATION
EMP10962,USER,aarav.sankaran82,Legal,0.0,LOW,0.775,MEDIUM,0,1.0,Unknown,UNKNOWN,SUFFICIENT_HISTORY,ZERO_MFA_FAILURES_OBSERVED,NO_ACTIONABLE_HYPOTHESIS
EMP12706,USER,inaya.rastogi36,Legal,25.29,LOW,0.7712,MEDIUM,0,1.0,Unknown,UNKNOWN,SUFFICIENT_HISTORY,ZERO_MFA_FAILURES_OBSERVED,NO_ACTIONABLE_HYPOTHESIS
EMP12667,USER,ansh.bose59,Finance,42.16,MODERATE,0.8393,HIGH,1,1.0,Unknown,UNKNOWN,SUFFICIENT_HISTORY,UNCORROBORATED_SINGLE_DIMENSION; ZERO_MFA_FAILURES_OBSERVED,NO_ACTIONABLE_HYPOTHESIS
EMP11091,USER,nathaniel.wadhwa89,Human Resources,16.86,LOW,0.8506,HIGH,0,1.0,Unknown,UNKNOWN,SUFFICIENT_HISTORY,ZERO_MFA_FAILURES_OBSERVED,NO_ACTIONABLE_HYPOTHESIS
EMP11820,USER,lipika.ramaswamy9,Operations,4.22,LOW,0.92,HIGH,0,1.0,Unknown,UNKNOWN,SUFFICIENT_HISTORY,ZERO_MFA_FAILURES_OBSERVED,NO_ACTIONABLE_HYPOTHESIS
EMP10632,USER,dayita.malhotra55,Brand,7.87,LOW,0.805,HIGH,0,1.0,Unknown,UNKNOWN,SUFFICIENT_HISTORY,ZERO_MFA_FAILURES_OBSERVED,NO_ACTIONABLE_HYPOTHESIS
EMP11178,USER,mason.goyal5,Procurement,16.86,LOW,0.7796,MEDIUM,0,1.0,Unknown,UNKNOWN,SUFFICIENT_HISTORY,ZERO_MFA_FAILURES_OBSERVED,NO_ACTIONABLE_HYPOTHESIS
EMP10445,USER,charvi.mann64,Sales,12.65,LOW,0.9333,HIGH,0,1.0,Unknown,UNKNOWN,SUFFICIENT_HISTORY,ZERO_MFA_FAILURES_OBSERVED,NO_ACTIONABLE_HYPOTHESIS
EMP10617,USER,gaurav.rajagopal62,Customer Support,22.48,LOW,0.9692,HIGH,0,1.0,Unknown,UNKNOWN,SUFFICIENT_HISTORY,ZERO_MFA_FAILURES_OBSERVED,NO_ACTIONABLE_HYPOTHESIS
EMP11915,USER,jasmit.panchal36,IT,21.08,LOW,0.8061,HIGH,0,1.0,Unknown,UNKNOWN,SUFFICIENT_HISTORY,ZERO_MFA_FAILURES_OBSERVED,NO_ACTIONABLE_HYPOTHESIS
EMP12922,USER,brijesh.karpe81,Marketing,25.29,LOW,0.9333,HIGH,0,1.0,Unknown,UNKNOWN,SUFFICIENT_HISTORY,ZERO_MFA_FAILURES_OBSERVED,NO_ACTIONABLE_HYPOTHESIS
EMP12792,USER,hemal.anne22,Customer Support,4.22,LOW,0.6717,MEDIUM,0,1.0,Unknown,UNKNOWN,SUFFICIENT_HISTORY,ZERO_MFA_FAILURES_OBSERVED,NO_ACTIONABLE_HYPOTHESIS
EMP11207,USER,dhriti.choudhary42,Operations,0.0,LOW,0.45,LOW,0,1.0,Unknown,UNKNOWN,INSUFFICIENT_HISTORY,INSUFFICIENT_BASELINE_HISTORY; ZERO_MFA_FAILURES_OBSERVED,NO_ACTIONABLE_HYPOTHESIS
EMP12014,USER,yadavi.karan30,Procurement,4.22,LOW,0.7778,MEDIUM,0,1.0,Unknown,UNKNOWN,SUFFICIENT_HISTORY,ZERO_MFA_FAILURES_OBSERVED,NO_ACTIONABLE_HYPOTHESIS
EMP10844,USER,saksham.vohra67,Supply Chain,12.65,LOW,0.7778,MEDIUM,0,1.0,Unknown,UNKNOWN,SUFFICIENT_HISTORY,ZERO_MFA_FAILURES_OBSERVED,NO_ACTIONABLE_HYPOTHESIS
EMP12631,USER,shivani.madan32,Sales,0.0,LOW,0.805,HIGH,0,1.0,Unknown,UNKNOWN,SUFFICIENT_HISTORY,ZERO_MFA_FAILURES_OBSERVED,NO_ACTIONABLE_HYPOTHESIS
EMP10547,USER,tristan.mukherjee88,Sales,4.22,LOW,0.775,MEDIUM,0,1.0,Unknown,UNKNOWN,SUFFICIENT_HISTORY,ZERO_MFA_FAILURES_OBSERVED,NO_ACTIONABLE_HYPOTHESIS
EMP11889,USER,atharv.shukla79,Legal,0.0,LOW,0.815,HIGH,0,1.0,Unknown,UNKNOWN,SUFFICIENT_HISTORY,ZERO_MFA_FAILURES_OBSERVED,NO_ACTIONABLE_HYPOTHESIS
EMP10942,USER,Unknown,R&D,0.0,LOW,0.6717,MEDIUM,0,1.0,Unknown,UNKNOWN,SUFFICIENT_HISTORY,ZERO_MFA_FAILURES_OBSERVED,NO_ACTIONABLE_HYPOTHESIS
EMP11011,USER,adya.divan78,R&D,17.92,LOW,0.865,HIGH,0,1.0,Unknown,UNKNOWN,SUFFICIENT_HISTORY,ZERO_MFA_FAILURES_OBSERVED,NO_ACTIONABLE_HYPOTHESIS
EMP10263,USER,tanish.issac29,Brand,8.43,LOW,0.815,HIGH,0,1.0,Unknown,UNKNOWN,SUFFICIENT_HISTORY,ZERO_MFA_FAILURES_OBSERVED,NO_ACTIONABLE_HYPOTHESIS
EMP11393,USER,rishi.iyengar51,Sales,4.22,LOW,1.0,HIGH,0,1.0,Unknown,UNKNOWN,SUFFICIENT_HISTORY,ZERO_MFA_FAILURES_OBSERVED,NO_ACTIONABLE_HYPOTHESIS
EMP11933,USER,balendra.madan83,Operations,4.22,LOW,0.605,MEDIUM,0,1.0,Unknown,UNKNOWN,SUFFICIENT_HISTORY,ZERO_MFA_FAILURES_OBSERVED,NO_ACTIONABLE_HYPOTHESIS
EMP10353,USER,lajita.rao81,Human Resources,0.95,LOW,0.865,HIGH,0,1.0,Unknown,UNKNOWN,SUFFICIENT_HISTORY,ZERO_MFA_FAILURES_OBSERVED,NO_ACTIONABLE_HYPOTHESIS
EMP12923,USER,Unknown,Sales,10.54,LOW,0.7383,MEDIUM,0,1.0,Unknown,UNKNOWN,SUFFICIENT_HISTORY,ZERO_MFA_FAILURES_OBSERVED,NO_ACTIONABLE_HYPOTHESIS
EMP10208,USER,liam.agate34,Sales,5.9,LOW,0.865,HIGH,0,1.0,Unknown,UNKNOWN,SUFFICIENT_HISTORY,ZERO_MFA_FAILURES_OBSERVED,NO_ACTIONABLE_HYPOTHESIS
EMP10613,USER,pavani.bansal82,Legal,14.33,LOW,1.0,HIGH,0,1.0,Unknown,UNKNOWN,SUFFICIENT_HISTORY,ZERO_MFA_FAILURES_OBSERVED,NO_ACTIONABLE_HYPOTHESIS
EMP11710,USER,advaith.barman92,Finance,25.29,LOW,0.895,HIGH,0,1.0,Unknown,UNKNOWN,SUFFICIENT_HISTORY,ZERO_MFA_FAILURES_OBSERVED,NO_ACTIONABLE_HYPOTHESIS
EMP11780,USER,radha.gour60,Procurement,16.86,LOW,0.49,LOW,1,1.0,Unknown,UNKNOWN,INSUFFICIENT_HISTORY,INSUFFICIENT_BASELINE_HISTORY; ZERO_MFA_FAILURES_OBSERVED,NO_ACTIONABLE_HYPOTHESIS
EMP11844,USER,anamika.ben86,Finance,37.94,MODERATE,0.9667,HIGH,0,1.0,Unknown,UNKNOWN,SUFFICIENT_HISTORY,UNCORROBORATED_SINGLE_DIMENSION; ZERO_MFA_FAILURES_OBSERVED,NO_ACTIONABLE_HYPOTHESIS
EMP11572,USER,peter.chowdhury40,Sales,8.43,LOW,0.865,HIGH,0,1.0,Unknown,UNKNOWN,SUFFICIENT_HISTORY,ZERO_MFA_FAILURES_OBSERVED,NO_ACTIONABLE_HYPOTHESIS
EMP12702,USER,samuel.dubey7,Supply Chain,16.86,LOW,0.9636,HIGH,0,1.0,Unknown,UNKNOWN,SUFFICIENT_HISTORY,ZERO_MFA_FAILURES_OBSERVED,NO_ACTIONABLE_HYPOTHESIS
EMP12113,USER,akshay.dugal56,Finance,100.0,CRITICAL,0.9538,HIGH,3,1.5,Unknown,UNKNOWN,SUFFICIENT_HISTORY,ZERO_MFA_FAILURES_OBSERVED,POSSIBLE_CREDENTIAL_COMPROMISE; POSSIBLE_ACCOUNT_TAKEOVER; POSSIBLE_ANOMALOUS_DATA_EXFILTRATION
EMP12307,USER,saksham.rege93,Brand,4.22,LOW,0.835,HIGH,0,1.0,Unknown,UNKNOWN,SUFFICIENT_HISTORY,ZERO_MFA_FAILURES_OBSERVED,NO_ACTIONABLE_HYPOTHESIS
EMP10057,USER,nimrat.nair32,Marketing,33.73,MODERATE,0.9428,HIGH,0,1.0,Unknown,UNKNOWN,SUFFICIENT_HISTORY,UNCORROBORATED_SINGLE_DIMENSION; ZERO_MFA_FAILURES_OBSERVED,NO_ACTIONABLE_HYPOTHESIS
EMP12312,USER,ranbir.kumar36,Finance,4.22,LOW,0.6717,MEDIUM,0,1.0,Unknown,UNKNOWN,SUFFICIENT_HISTORY,ZERO_MFA_FAILURES_OBSERVED,NO_ACTIONABLE_HYPOTHESIS
EMP10811,USER,diya.ratta6,Human Resources,12.65,LOW,0.8061,HIGH,0,1.0,Unknown,UNKNOWN,SUFFICIENT_HISTORY,ZERO_MFA_FAILURES_OBSERVED,NO_ACTIONABLE_HYPOTHESIS
EMP12260,USER,patrick.salvi50,R&D,25.29,LOW,0.9636,HIGH,0,1.0,Unknown,UNKNOWN,SUFFICIENT_HISTORY,ZERO_MFA_FAILURES_OBSERVED,NO_ACTIONABLE_HYPOTHESIS
EMP10561,USER,raghav.nanda23,Marketing,29.51,LOW,0.865,HIGH,0,1.0,Unknown,UNKNOWN,SUFFICIENT_HISTORY,ZERO_MFA_FAILURES_OBSERVED,NO_ACTIONABLE_HYPOTHESIS
EMP12112,USER,Unknown,Marketing,0.0,LOW,0.7383,MEDIUM,0,1.0,Unknown,UNKNOWN,SUFFICIENT_HISTORY,ZERO_MFA_FAILURES_OBSERVED,NO_ACTIONABLE_HYPOTHESIS
EMP10229,USER,bhavna.dass88,Brand,15.74,LOW,0.815,HIGH,1,1.0,Unknown,UNKNOWN,SUFFICIENT_HISTORY,ZERO_MFA_FAILURES_OBSERVED,NO_ACTIONABLE_HYPOTHESIS
EMP12586,USER,sai.mitra8,Innovation,25.29,LOW,0.815,HIGH,0,1.0,Unknown,UNKNOWN,SUFFICIENT_HISTORY,ZERO_MFA_FAILURES_OBSERVED,NO_ACTIONABLE_HYPOTHESIS
EMP11833,USER,janya.wagle29,Sales,4.22,LOW,0.7778,MEDIUM,0,1.0,Unknown,UNKNOWN,SUFFICIENT_HISTORY,ZERO_MFA_FAILURES_OBSERVED,NO_ACTIONABLE_HYPOTHESIS
EMP11080,USER,pavani.rout64,R&D,37.94,MODERATE,0.96,HIGH,1,1.0,Unknown,UNKNOWN,SUFFICIENT_HISTORY,UNCORROBORATED_SINGLE_DIMENSION; ZERO_MFA_FAILURES_OBSERVED,NO_ACTIONABLE_HYPOTHESIS
EMP10538,USER,indali.dora66,Customer Support,21.08,LOW,0.9636,HIGH,0,1.0,Unknown,UNKNOWN,SUFFICIENT_HISTORY,ZERO_MFA_FAILURES_OBSERVED,NO_ACTIONABLE_HYPOTHESIS
EMP11320,USER,qasim.munshi11,Customer Support,21.08,LOW,0.765,MEDIUM,0,1.0,Unknown,UNKNOWN,SUFFICIENT_HISTORY,ZERO_MFA_FAILURES_OBSERVED,NO_ACTIONABLE_HYPOTHESIS
EMP11674,USER,sudiksha.shenoy74,Sales,6.74,LOW,0.865,HIGH,0,1.0,Unknown,UNKNOWN,SUFFICIENT_HISTORY,ZERO_MFA_FAILURES_OBSERVED,NO_ACTIONABLE_HYPOTHESIS
EMP11110,USER,meera.banik95,Customer Support,1.25,LOW,0.55,MEDIUM,0,1.0,Unknown,UNKNOWN,INSUFFICIENT_HISTORY,INSUFFICIENT_BASELINE_HISTORY; ZERO_MFA_FAILURES_OBSERVED,NO_ACTIONABLE_HYPOTHESIS
EMP11128,USER,pratyush.deshpande35,Human Resources,4.22,LOW,0.7617,MEDIUM,0,1.0,Unknown,UNKNOWN,SUFFICIENT_HISTORY,ZERO_MFA_FAILURES_OBSERVED,NO_ACTIONABLE_HYPOTHESIS
EMP10707,USER,raksha.mahal36,Marketing,25.29,LOW,0.815,HIGH,0,1.0,Unknown,UNKNOWN,SUFFICIENT_HISTORY,ZERO_MFA_FAILURES_OBSERVED,NO_ACTIONABLE_HYPOTHESIS
EMP10424,USER,eesha.basu78,Brand,4.22,LOW,0.895,HIGH,0,1.0,Unknown,UNKNOWN,SUFFICIENT_HISTORY,ZERO_MFA_FAILURES_OBSERVED,NO_ACTIONABLE_HYPOTHESIS
EMP10069,USER,brijesh.arora88,Procurement,4.22,LOW,0.8061,HIGH,0,1.0,Unknown,UNKNOWN,SUFFICIENT_HISTORY,ZERO_MFA_FAILURES_OBSERVED,NO_ACTIONABLE_HYPOTHESIS
EMP12817,USER,suhani.dhar2,Procurement,4.22,LOW,0.835,HIGH,0,1.0,Unknown,UNKNOWN,SUFFICIENT_HISTORY,ZERO_MFA_FAILURES_OBSERVED,NO_ACTIONABLE_HYPOTHESIS
EMP12059,USER,qushi.sandhu96,IT Support,1.99,LOW,0.805,HIGH,0,1.0,Unknown,UNKNOWN,SUFFICIENT_HISTORY,ZERO_MFA_FAILURES_OBSERVED,NO_ACTIONABLE_HYPOTHESIS
EMP10647,USER,vedant.kumer4,Finance,10.54,LOW,0.775,MEDIUM,0,1.0,Unknown,UNKNOWN,SUFFICIENT_HISTORY,ZERO_MFA_FAILURES_OBSERVED,NO_ACTIONABLE_HYPOTHESIS
EMP12975,USER,warjas.barman48,Sales,4.22,LOW,0.775,MEDIUM,0,1.0,Unknown,UNKNOWN,SUFFICIENT_HISTORY,ZERO_MFA_FAILURES_OBSERVED,NO_ACTIONABLE_HYPOTHESIS
EMP12051,USER,warda.dey18,R&D,12.65,LOW,1.0,HIGH,0,1.0,Unknown,UNKNOWN,SUFFICIENT_HISTORY,ZERO_MFA_FAILURES_OBSERVED,NO_ACTIONABLE_HYPOTHESIS
EMP12382,USER,girik.shere27,Human Resources,11.29,LOW,0.45,LOW,0,1.0,Unknown,UNKNOWN,INSUFFICIENT_HISTORY,INSUFFICIENT_BASELINE_HISTORY; ZERO_MFA_FAILURES_OBSERVED,NO_ACTIONABLE_HYPOTHESIS
EMP11743,USER,Unknown,Legal,8.43,LOW,0.7207,MEDIUM,0,1.0,Unknown,UNKNOWN,SUFFICIENT_HISTORY,ZERO_MFA_FAILURES_OBSERVED,NO_ACTIONABLE_HYPOTHESIS
EMP12683,USER,meghana.grewal81,Legal,29.51,LOW,0.9714,HIGH,1,1.0,Unknown,UNKNOWN,SUFFICIENT_HISTORY,ZERO_MFA_FAILURES_OBSERVED,NO_ACTIONABLE_HYPOTHESIS
EMP11453,USER,aadi.sharma83,Sales,4.22,LOW,0.865,HIGH,0,1.0,Unknown,UNKNOWN,SUFFICIENT_HISTORY,ZERO_MFA_FAILURES_OBSERVED,NO_ACTIONABLE_HYPOTHESIS
EMP12519,USER,chaaya.mody33,Marketing,8.43,LOW,0.8506,HIGH,0,1.0,Unknown,UNKNOWN,SUFFICIENT_HISTORY,ZERO_MFA_FAILURES_OBSERVED,NO_ACTIONABLE_HYPOTHESIS
EMP10620,USER,udyati.basu22,Operations,4.22,LOW,0.895,HIGH,0,1.0,Unknown,UNKNOWN,SUFFICIENT_HISTORY,ZERO_MFA_FAILURES_OBSERVED,NO_ACTIONABLE_HYPOTHESIS
EMP12682,USER,yuvraj.talwar62,Operations,0.0,LOW,0.815,HIGH,0,1.0,Unknown,UNKNOWN,SUFFICIENT_HISTORY,ZERO_MFA_FAILURES_OBSERVED,NO_ACTIONABLE_HYPOTHESIS
EMP11407,USER,zashil.menon96,Finance,9.27,LOW,0.775,MEDIUM,0,1.0,Unknown,UNKNOWN,SUFFICIENT_HISTORY,ZERO_MFA_FAILURES_OBSERVED,NO_ACTIONABLE_HYPOTHESIS
EMP11977,USER,rudra.gokhale89,IT,0.0,LOW,0.615,MEDIUM,0,1.0,Unknown,UNKNOWN,SUFFICIENT_HISTORY,ZERO_MFA_FAILURES_OBSERVED,NO_ACTIONABLE_HYPOTHESIS
EMP11105,USER,neel.soman20,Operations,0.0,LOW,0.3867,LOW,0,1.0,Unknown,UNKNOWN,INSUFFICIENT_HISTORY,INSUFFICIENT_BASELINE_HISTORY; ZERO_MFA_FAILURES_OBSERVED,NO_ACTIONABLE_HYPOTHESIS
EMP11618,USER,Unknown,IT,4.22,LOW,0.7778,MEDIUM,0,1.0,Unknown,UNKNOWN,SUFFICIENT_HISTORY,ZERO_MFA_FAILURES_OBSERVED,NO_ACTIONABLE_HYPOTHESIS
EMP11580,USER,hemangini.goda47,Sales,12.65,LOW,0.96,HIGH,0,1.0,Unknown,UNKNOWN,SUFFICIENT_HISTORY,ZERO_MFA_FAILURES_OBSERVED,NO_ACTIONABLE_HYPOTHESIS
EMP12321,USER,bhavani.khare8,IT,0.0,LOW,0.865,HIGH,0,1.0,Unknown,UNKNOWN,SUFFICIENT_HISTORY,ZERO_MFA_FAILURES_OBSERVED,NO_ACTIONABLE_HYPOTHESIS
EMP12746,USER,neha.pal10,R&D,29.51,LOW,0.8159,HIGH,0,1.0,Unknown,UNKNOWN,SUFFICIENT_HISTORY,ZERO_MFA_FAILURES_OBSERVED,NO_ACTIONABLE_HYPOTHESIS
EMP12320,USER,warinder.pai74,Legal,12.65,LOW,0.8061,HIGH,0,1.0,Unknown,UNKNOWN,SUFFICIENT_HISTORY,ZERO_MFA_FAILURES_OBSERVED,NO_ACTIONABLE_HYPOTHESIS
EMP10279,USER,rayaan.kari11,Operations,13.7,LOW,0.7778,MEDIUM,0,1.0,Unknown,UNKNOWN,SUFFICIENT_HISTORY,ZERO_MFA_FAILURES_OBSERVED,NO_ACTIONABLE_HYPOTHESIS
EMP12250,USER,jyoti.rajagopal11,Operations,0.0,LOW,0.775,MEDIUM,0,1.0,Unknown,UNKNOWN,SUFFICIENT_HISTORY,ZERO_MFA_FAILURES_OBSERVED,NO_ACTIONABLE_HYPOTHESIS
EMP12242,USER,adya_deep36,IT,0.0,LOW,0.49,LOW,0,1.0,Unknown,UNKNOWN,INSUFFICIENT_HISTORY,INSUFFICIENT_BASELINE_HISTORY; ZERO_MFA_FAILURES_OBSERVED,NO_ACTIONABLE_HYPOTHESIS
EMP11606,USER,manya.kale19,Human Resources,6.12,LOW,0.775,MEDIUM,0,1.0,Unknown,UNKNOWN,SUFFICIENT_HISTORY,ZERO_MFA_FAILURES_OBSERVED,NO_ACTIONABLE_HYPOTHESIS
EMP10166,USER,omkaar.balan50,Marketing,8.43,LOW,0.92,HIGH,0,1.0,Unknown,UNKNOWN,SUFFICIENT_HISTORY,ZERO_MFA_FAILURES_OBSERVED,NO_ACTIONABLE_HYPOTHESIS
EMP11242,USER,reva.cherian68,Sales,0.0,LOW,0.52,MEDIUM,0,1.0,Unknown,UNKNOWN,INSUFFICIENT_HISTORY,INSUFFICIENT_BASELINE_HISTORY; ZERO_MFA_FAILURES_OBSERVED,NO_ACTIONABLE_HYPOTHESIS
EMP11756,USER,zaid.goel6,Marketing,4.22,LOW,0.695,MEDIUM,0,1.0,Unknown,UNKNOWN,SUFFICIENT_HISTORY,ZERO_MFA_FAILURES_OBSERVED,NO_ACTIONABLE_HYPOTHESIS
EMP10553,USER,nirja.kar42,Operations,16.86,LOW,0.8327,HIGH,0,1.0,Unknown,UNKNOWN,SUFFICIENT_HISTORY,ZERO_MFA_FAILURES_OBSERVED,NO_ACTIONABLE_HYPOTHESIS
EMP10834,USER,warda_rege61,Compliance,33.73,MODERATE,1.0,HIGH,1,1.0,Unknown,UNKNOWN,SUFFICIENT_HISTORY,UNCORROBORATED_SINGLE_DIMENSION; ZERO_MFA_FAILURES_OBSERVED,NO_ACTIONABLE_HYPOTHESIS
EMP10657,USER,Unknown,Operations,12.65,LOW,0.865,HIGH,0,1.0,Unknown,UNKNOWN,SUFFICIENT_HISTORY,ZERO_MFA_FAILURES_OBSERVED,NO_ACTIONABLE_HYPOTHESIS
EMP10596,USER,wishi.dixit15,Human Resources,12.65,LOW,0.825,HIGH,0,1.0,Unknown,UNKNOWN,SUFFICIENT_HISTORY,ZERO_MFA_FAILURES_OBSERVED,NO_ACTIONABLE_HYPOTHESIS
EMP12828,USER,siddharth.cheema52,IT,0.0,LOW,0.7383,MEDIUM,0,1.0,Unknown,UNKNOWN,SUFFICIENT_HISTORY,ZERO_MFA_FAILURES_OBSERVED,NO_ACTIONABLE_HYPOTHESIS
EMP10802,USER,panini.gokhale89,Finance,21.08,LOW,0.9667,HIGH,0,1.0,Unknown,UNKNOWN,SUFFICIENT_HISTORY,ZERO_MFA_FAILURES_OBSERVED,NO_ACTIONABLE_HYPOTHESIS
EMP12203,USER,yashodhara.de11,Procurement,0.0,LOW,0.35,LOW,0,1.0,Unknown,UNKNOWN,INSUFFICIENT_HISTORY,INSUFFICIENT_BASELINE_HISTORY; ZERO_MFA_FAILURES_OBSERVED,NO_ACTIONABLE_HYPOTHESIS
EMP11811,USER,ishani.bhardwaj87,Legal,0.0,LOW,0.6717,MEDIUM,0,1.0,Unknown,UNKNOWN,SUFFICIENT_HISTORY,ZERO_MFA_FAILURES_OBSERVED,NO_ACTIONABLE_HYPOTHESIS
EMP12802,USER,fariq.sanghvi8,Sales,16.86,LOW,0.9733,HIGH,0,1.0,Unknown,UNKNOWN,SUFFICIENT_HISTORY,ZERO_MFA_FAILURES_OBSERVED,NO_ACTIONABLE_HYPOTHESIS
EMP10440,USER,laksh.kari28,IT Support,8.43,LOW,0.895,HIGH,0,1.0,Unknown,UNKNOWN,SUFFICIENT_HISTORY,ZERO_MFA_FAILURES_OBSERVED,NO_ACTIONABLE_HYPOTHESIS
EMP10508,USER,nandini.kade65,IT,29.51,LOW,0.9636,HIGH,1,1.0,Unknown,UNKNOWN,SUFFICIENT_HISTORY,ZERO_MFA_FAILURES_OBSERVED,NO_ACTIONABLE_HYPOTHESIS
EMP10076,USER,yamini.tata89,R&D,16.86,LOW,0.8506,HIGH,0,1.0,Unknown,UNKNOWN,SUFFICIENT_HISTORY,ZERO_MFA_FAILURES_OBSERVED,NO_ACTIONABLE_HYPOTHESIS
EMP12986,USER,ekaja.dugar99,IT,8.43,LOW,0.865,HIGH,0,1.0,Unknown,UNKNOWN,SUFFICIENT_HISTORY,ZERO_MFA_FAILURES_OBSERVED,NO_ACTIONABLE_HYPOTHESIS
EMP11948,USER,kamya.ram56,Sales,16.86,LOW,0.92,HIGH,0,1.0,Unknown,UNKNOWN,SUFFICIENT_HISTORY,ZERO_MFA_FAILURES_OBSERVED,NO_ACTIONABLE_HYPOTHESIS
EMP10649,USER,tejas.narula94,Support,4.22,LOW,0.815,HIGH,0,1.0,Unknown,UNKNOWN,SUFFICIENT_HISTORY,ZERO_MFA_FAILURES_OBSERVED,NO_ACTIONABLE_HYPOTHESIS
EMP10522,USER,widisha.seshadri22,Sales,33.73,MODERATE,0.825,HIGH,0,1.0,Unknown,UNKNOWN,SUFFICIENT_HISTORY,UNCORROBORATED_SINGLE_DIMENSION; ZERO_MFA_FAILURES_OBSERVED,NO_ACTIONABLE_HYPOTHESIS
EMP11586,USER,gunbir.goda45,R&D,8.43,LOW,0.9667,HIGH,0,1.0,Unknown,UNKNOWN,SUFFICIENT_HISTORY,ZERO_MFA_FAILURES_OBSERVED,NO_ACTIONABLE_HYPOTHESIS
EMP11117,USER,yagnesh.bhardwaj90,Call Center,100.0,CRITICAL,0.9582,HIGH,3,1.5,Unknown,UNKNOWN,SUFFICIENT_HISTORY,ZERO_MFA_FAILURES_OBSERVED,POSSIBLE_CREDENTIAL_COMPROMISE; POSSIBLE_ACCOUNT_TAKEOVER; POSSIBLE_ANOMALOUS_DATA_EXFILTRATION
EMP12383,USER,gaurangi.natarajan89,Legal,0.0,LOW,0.7383,MEDIUM,0,1.0,Unknown,UNKNOWN,SUFFICIENT_HISTORY,ZERO_MFA_FAILURES_OBSERVED,NO_ACTIONABLE_HYPOTHESIS
EMP11593,USER,Unknown,Finance,8.43,LOW,0.775,MEDIUM,0,1.0,Unknown,UNKNOWN,SUFFICIENT_HISTORY,ZERO_MFA_FAILURES_OBSERVED,NO_ACTIONABLE_HYPOTHESIS
EMP10654,USER,vamakshi.ravel8,Operations,0.0,LOW,0.805,HIGH,0,1.0,Unknown,UNKNOWN,SUFFICIENT_HISTORY,ZERO_MFA_FAILURES_OBSERVED,NO_ACTIONABLE_HYPOTHESIS
EMP11375,USER,ijaya.sachar81,IT,33.73,MODERATE,0.9385,HIGH,1,1.0,Unknown,UNKNOWN,SUFFICIENT_HISTORY,UNCORROBORATED_SINGLE_DIMENSION; ZERO_MFA_FAILURES_OBSERVED,NO_ACTIONABLE_HYPOTHESIS
EMP11644,USER,ayushman.dara8,Human Resources,15.5,LOW,0.805,HIGH,0,1.0,Unknown,UNKNOWN,SUFFICIENT_HISTORY,ZERO_MFA_FAILURES_OBSERVED,NO_ACTIONABLE_HYPOTHESIS
EMP12131,USER,chaaya_sodhi94,Customer Support,0.0,LOW,0.695,MEDIUM,0,1.0,Unknown,UNKNOWN,SUFFICIENT_HISTORY,ZERO_MFA_FAILURES_OBSERVED,NO_ACTIONABLE_HYPOTHESIS
EMP10976,USER,michael.dhillon14,IT,1.69,LOW,0.615,MEDIUM,0,1.0,Unknown,UNKNOWN,SUFFICIENT_HISTORY,ZERO_MFA_FAILURES_OBSERVED,NO_ACTIONABLE_HYPOTHESIS
EMP11760,USER,kashvi.shere48,Call Center,0.0,LOW,0.835,HIGH,0,1.0,Unknown,UNKNOWN,SUFFICIENT_HISTORY,ZERO_MFA_FAILURES_OBSERVED,NO_ACTIONABLE_HYPOTHESIS
EMP10630,USER,Unknown,Marketing,25.29,LOW,0.9273,HIGH,0,1.0,Unknown,UNKNOWN,SUFFICIENT_HISTORY,ZERO_MFA_FAILURES_OBSERVED,NO_ACTIONABLE_HYPOTHESIS
EMP11340,USER,ranbir.tak34,Finance,4.22,LOW,0.615,MEDIUM,0,1.0,Unknown,UNKNOWN,SUFFICIENT_HISTORY,ZERO_MFA_FAILURES_OBSERVED,NO_ACTIONABLE_HYPOTHESIS
EMP11609,USER,Unknown,Operations,5.27,LOW,0.55,MEDIUM,0,1.0,Unknown,UNKNOWN,INSUFFICIENT_HISTORY,INSUFFICIENT_BASELINE_HISTORY; ZERO_MFA_FAILURES_OBSERVED,NO_ACTIONABLE_HYPOTHESIS
EMP12728,USER,ekaraj.jaggi47,Legal,0.0,LOW,0.775,MEDIUM,0,1.0,Unknown,UNKNOWN,SUFFICIENT_HISTORY,ZERO_MFA_FAILURES_OBSERVED,NO_ACTIONABLE_HYPOTHESIS
EMP10482,USER,zayyan.pal49,IT,16.86,LOW,0.96,HIGH,0,1.0,Unknown,UNKNOWN,SUFFICIENT_HISTORY,ZERO_MFA_FAILURES_OBSERVED,NO_ACTIONABLE_HYPOTHESIS
EMP10560,USER,jasmit_ramaswamy33,Operations,25.29,LOW,0.7383,MEDIUM,1,1.0,Unknown,UNKNOWN,SUFFICIENT_HISTORY,ZERO_MFA_FAILURES_OBSERVED,NO_ACTIONABLE_HYPOTHESIS
EMP11192,USER,vamakshi.divan13,IT,17.71,LOW,0.8506,HIGH,0,1.0,Unknown,UNKNOWN,SUFFICIENT_HISTORY,ZERO_MFA_FAILURES_OBSERVED,NO_ACTIONABLE_HYPOTHESIS
EMP12642,USER,jalsa.nagy51,Customer Support,19.67,LOW,0.9667,HIGH,0,1.0,Unknown,UNKNOWN,SUFFICIENT_HISTORY,ZERO_MFA_FAILURES_OBSERVED,NO_ACTIONABLE_HYPOTHESIS
EMP12032,USER,alka.jayaraman50,Legal,0.0,LOW,0.8159,HIGH,0,1.0,Unknown,UNKNOWN,SUFFICIENT_HISTORY,ZERO_MFA_FAILURES_OBSERVED,NO_ACTIONABLE_HYPOTHESIS
EMP10438,USER,urmi.gulati6,Marketing,12.65,LOW,0.865,HIGH,0,1.0,Unknown,UNKNOWN,SUFFICIENT_HISTORY,ZERO_MFA_FAILURES_OBSERVED,NO_ACTIONABLE_HYPOTHESIS
EMP12151,USER,manya.mohanty64,Finance,8.43,LOW,0.7383,MEDIUM,0,1.0,Unknown,UNKNOWN,SUFFICIENT_HISTORY,ZERO_MFA_FAILURES_OBSERVED,NO_ACTIONABLE_HYPOTHESIS
EMP11947,USER,xalak.handa21,IT,0.0,LOW,0.805,HIGH,0,1.0,Unknown,UNKNOWN,SUFFICIENT_HISTORY,ZERO_MFA_FAILURES_OBSERVED,NO_ACTIONABLE_HYPOTHESIS
EMP12634,USER,samarth.brar15,Finance,12.65,LOW,0.835,HIGH,0,1.0,Unknown,UNKNOWN,SUFFICIENT_HISTORY,ZERO_MFA_FAILURES_OBSERVED,NO_ACTIONABLE_HYPOTHESIS
EMP10856,USER,odika.shanker32,Support,4.22,LOW,0.895,HIGH,0,1.0,Unknown,UNKNOWN,SUFFICIENT_HISTORY,ZERO_MFA_FAILURES_OBSERVED,NO_ACTIONABLE_HYPOTHESIS
EMP10530,USER,indali.toor53,Operations,0.0,LOW,0.55,MEDIUM,0,1.0,Unknown,UNKNOWN,INSUFFICIENT_HISTORY,INSUFFICIENT_BASELINE_HISTORY; ZERO_MFA_FAILURES_OBSERVED,NO_ACTIONABLE_HYPOTHESIS
EMP11818,USER,triveni.ranganathan7,Sales,4.22,LOW,0.815,HIGH,0,1.0,Unknown,UNKNOWN,SUFFICIENT_HISTORY,ZERO_MFA_FAILURES_OBSERVED,NO_ACTIONABLE_HYPOTHESIS
EMP10049,USER,luke.walia87,Finance,12.65,LOW,0.7617,MEDIUM,0,1.0,Unknown,UNKNOWN,SUFFICIENT_HISTORY,ZERO_MFA_FAILURES_OBSERVED,NO_ACTIONABLE_HYPOTHESIS
EMP10858,USER,aditya.bhakta49,Supply Chain,10.54,LOW,0.8061,HIGH,0,1.0,Unknown,UNKNOWN,SUFFICIENT_HISTORY,ZERO_MFA_FAILURES_OBSERVED,NO_ACTIONABLE_HYPOTHESIS
EMP10719,USER,chanakya.taneja17,Legal,16.86,LOW,0.3867,LOW,1,1.0,Unknown,UNKNOWN,INSUFFICIENT_HISTORY,INSUFFICIENT_BASELINE_HISTORY; ZERO_MFA_FAILURES_OBSERVED,NO_ACTIONABLE_HYPOTHESIS
EMP12256,USER,charvi.mannan37,Human Resources,4.22,LOW,0.8506,HIGH,0,1.0,Unknown,UNKNOWN,SUFFICIENT_HISTORY,ZERO_MFA_FAILURES_OBSERVED,NO_ACTIONABLE_HYPOTHESIS
EMP11366,USER,jagat.mohanty55,Marketing,21.08,LOW,0.825,HIGH,0,1.0,Unknown,UNKNOWN,SUFFICIENT_HISTORY,ZERO_MFA_FAILURES_OBSERVED,NO_ACTIONABLE_HYPOTHESIS
EMP12318,USER,jacob.karnik59,Marketing,16.86,LOW,0.865,HIGH,0,1.0,Unknown,UNKNOWN,SUFFICIENT_HISTORY,ZERO_MFA_FAILURES_OBSERVED,NO_ACTIONABLE_HYPOTHESIS
EMP12770,USER,azad.ahluwalia77,Finance,4.22,LOW,0.805,HIGH,0,1.0,Unknown,UNKNOWN,SUFFICIENT_HISTORY,ZERO_MFA_FAILURES_OBSERVED,NO_ACTIONABLE_HYPOTHESIS
EMP11559,USER,girish.jayaraman91,R&D,0.0,LOW,0.615,MEDIUM,0,1.0,Unknown,UNKNOWN,SUFFICIENT_HISTORY,ZERO_MFA_FAILURES_OBSERVED,NO_ACTIONABLE_HYPOTHESIS
EMP12194,USER,waida.dyal18,R&D,0.0,LOW,0.805,HIGH,0,1.0,Unknown,UNKNOWN,SUFFICIENT_HISTORY,ZERO_MFA_FAILURES_OBSERVED,NO_ACTIONABLE_HYPOTHESIS
EMP11374,USER,vyanjana.ahuja87,Human Resources,33.43,MODERATE,0.975,HIGH,1,1.0,Unknown,UNKNOWN,SUFFICIENT_HISTORY,UNCORROBORATED_SINGLE_DIMENSION; ZERO_MFA_FAILURES_OBSERVED,NO_ACTIONABLE_HYPOTHESIS
EMP12593,USER,rudra.madan20,Marketing,1.41,LOW,0.55,MEDIUM,0,1.0,Unknown,UNKNOWN,INSUFFICIENT_HISTORY,INSUFFICIENT_BASELINE_HISTORY; ZERO_MFA_FAILURES_OBSERVED,NO_ACTIONABLE_HYPOTHESIS
EMP11321,USER,arin.rattan45,Legal,4.22,LOW,0.865,HIGH,0,1.0,Unknown,UNKNOWN,SUFFICIENT_HISTORY,ZERO_MFA_FAILURES_OBSERVED,NO_ACTIONABLE_HYPOTHESIS
EMP11068,USER,yasti.swamy25,IT,4.22,LOW,0.865,HIGH,0,1.0,Unknown,UNKNOWN,SUFFICIENT_HISTORY,ZERO_MFA_FAILURES_OBSERVED,NO_ACTIONABLE_HYPOTHESIS
EMP11711,USER,kai.chatterjee31,Human Resources,18.77,LOW,0.895,HIGH,0,1.0,Unknown,UNKNOWN,SUFFICIENT_HISTORY,ZERO_MFA_FAILURES_OBSERVED,NO_ACTIONABLE_HYPOTHESIS
EMP12606,USER,ishani.mitra6,Finance,25.29,LOW,0.825,HIGH,1,1.0,Unknown,UNKNOWN,SUFFICIENT_HISTORY,ZERO_MFA_FAILURES_OBSERVED,NO_ACTIONABLE_HYPOTHESIS
EMP12711,USER,Unknown,Innovation,12.65,LOW,0.8506,HIGH,0,1.0,Unknown,UNKNOWN,SUFFICIENT_HISTORY,ZERO_MFA_FAILURES_OBSERVED,NO_ACTIONABLE_HYPOTHESIS
EMP11577,USER,yashodhara_sen16,Customer Support,15.46,LOW,1.0,HIGH,0,1.0,Unknown,UNKNOWN,SUFFICIENT_HISTORY,ZERO_MFA_FAILURES_OBSERVED,NO_ACTIONABLE_HYPOTHESIS
EMP10297,USER,simon.dara84,Supply Chain,2.11,LOW,0.7207,MEDIUM,0,1.0,Unknown,UNKNOWN,SUFFICIENT_HISTORY,ZERO_MFA_FAILURES_OBSERVED,NO_ACTIONABLE_HYPOTHESIS
EMP11269,USER,ekavir.kalita10,Finance,4.22,LOW,0.835,HIGH,0,1.0,Unknown,UNKNOWN,SUFFICIENT_HISTORY,ZERO_MFA_FAILURES_OBSERVED,NO_ACTIONABLE_HYPOTHESIS
EMP12111,USER,chatresh.krish60,Sales,100.0,CRITICAL,0.9507,HIGH,3,1.5,Unknown,UNKNOWN,SUFFICIENT_HISTORY,ZERO_MFA_FAILURES_OBSERVED,POSSIBLE_CREDENTIAL_COMPROMISE; POSSIBLE_ACCOUNT_TAKEOVER; POSSIBLE_ANOMALOUS_DATA_EXFILTRATION
EMP10958,USER,azaan.sampath86,R&D,12.65,LOW,0.895,HIGH,0,1.0,Unknown,UNKNOWN,SUFFICIENT_HISTORY,ZERO_MFA_FAILURES_OBSERVED,NO_ACTIONABLE_HYPOTHESIS
EMP11263,USER,anirudh.warrior56,Human Resources,18.77,LOW,0.8061,HIGH,0,1.0,Unknown,UNKNOWN,SUFFICIENT_HISTORY,ZERO_MFA_FAILURES_OBSERVED,NO_ACTIONABLE_HYPOTHESIS
EMP11288,USER,urvashi.rege4,Compliance,0.0,LOW,0.7778,MEDIUM,0,1.0,Unknown,UNKNOWN,SUFFICIENT_HISTORY,ZERO_MFA_FAILURES_OBSERVED,NO_ACTIONABLE_HYPOTHESIS
EMP10349,USER,vedant.kashyap40,Legal,5.9,LOW,0.6717,MEDIUM,0,1.0,Unknown,UNKNOWN,SUFFICIENT_HISTORY,ZERO_MFA_FAILURES_OBSERVED,NO_ACTIONABLE_HYPOTHESIS
EMP11326,USER,aarini.rajan41,Operations,4.22,LOW,0.7778,MEDIUM,0,1.0,Unknown,UNKNOWN,SUFFICIENT_HISTORY,ZERO_MFA_FAILURES_OBSERVED,NO_ACTIONABLE_HYPOTHESIS
EMP10643,USER,abeer.lad5,Customer Support,14.05,LOW,0.9273,HIGH,0,1.0,Unknown,UNKNOWN,SUFFICIENT_HISTORY,ZERO_MFA_FAILURES_OBSERVED,NO_ACTIONABLE_HYPOTHESIS
EMP11330,USER,vyanjana.chawla67,Sales,25.29,LOW,0.8327,HIGH,0,1.0,Unknown,UNKNOWN,SUFFICIENT_HISTORY,ZERO_MFA_FAILURES_OBSERVED,NO_ACTIONABLE_HYPOTHESIS
EMP12972,USER,yadavi.taneja61,Sales,12.65,LOW,0.7917,MEDIUM,0,1.0,Unknown,UNKNOWN,SUFFICIENT_HISTORY,ZERO_MFA_FAILURES_OBSERVED,NO_ACTIONABLE_HYPOTHESIS
EMP11322,USER,agastya.subramanian49,IT,12.65,LOW,0.895,HIGH,0,1.0,Unknown,UNKNOWN,SUFFICIENT_HISTORY,ZERO_MFA_FAILURES_OBSERVED,NO_ACTIONABLE_HYPOTHESIS
EMP11106,USER,veer.batra88,Call Center,0.0,LOW,0.35,LOW,0,1.0,Unknown,UNKNOWN,INSUFFICIENT_HISTORY,INSUFFICIENT_BASELINE_HISTORY; ZERO_MFA_FAILURES_OBSERVED,NO_ACTIONABLE_HYPOTHESIS
EMP12213,USER,vidhi.sabharwal85,R&D,16.86,LOW,0.9636,HIGH,0,1.0,Unknown,UNKNOWN,SUFFICIENT_HISTORY,ZERO_MFA_FAILURES_OBSERVED,NO_ACTIONABLE_HYPOTHESIS
EMP11123,USER,samesh.tak93,Finance,4.22,LOW,0.7778,MEDIUM,0,1.0,Unknown,UNKNOWN,SUFFICIENT_HISTORY,ZERO_MFA_FAILURES_OBSERVED,NO_ACTIONABLE_HYPOTHESIS
EMP12447,USER,umang.sharma23,IT,29.51,LOW,0.9636,HIGH,1,1.0,Unknown,UNKNOWN,SUFFICIENT_HISTORY,ZERO_MFA_FAILURES_OBSERVED,NO_ACTIONABLE_HYPOTHESIS
EMP12410,USER,samar.tank75,Operations,8.43,LOW,0.8506,HIGH,0,1.0,Unknown,UNKNOWN,SUFFICIENT_HISTORY,ZERO_MFA_FAILURES_OBSERVED,NO_ACTIONABLE_HYPOTHESIS
EMP11637,USER,daniel.raj34,Human Resources,4.22,LOW,0.7383,MEDIUM,0,1.0,Unknown,UNKNOWN,SUFFICIENT_HISTORY,ZERO_MFA_FAILURES_OBSERVED,NO_ACTIONABLE_HYPOTHESIS
EMP10786,USER,gavin.samra37,Finance,9.27,LOW,0.835,HIGH,0,1.0,Unknown,UNKNOWN,SUFFICIENT_HISTORY,ZERO_MFA_FAILURES_OBSERVED,NO_ACTIONABLE_HYPOTHESIS
EMP12776,USER,abeer.bhatt30,IT,100.0,CRITICAL,0.9729,HIGH,3,1.5,Unknown,UNKNOWN,SUFFICIENT_HISTORY,ZERO_MFA_FAILURES_OBSERVED,POSSIBLE_CREDENTIAL_COMPROMISE; POSSIBLE_ACCOUNT_TAKEOVER; POSSIBLE_ANOMALOUS_DATA_EXFILTRATION
EMP10140,USER,finn.gupta86,Marketing,0.0,LOW,0.7383,MEDIUM,0,1.0,Unknown,UNKNOWN,SUFFICIENT_HISTORY,ZERO_MFA_FAILURES_OBSERVED,NO_ACTIONABLE_HYPOTHESIS
EMP10788,USER,tarak.som54,Finance,21.08,LOW,0.9636,HIGH,0,1.0,Unknown,UNKNOWN,SUFFICIENT_HISTORY,ZERO_MFA_FAILURES_OBSERVED,NO_ACTIONABLE_HYPOTHESIS
EMP11949,USER,nirja_munshi38,Compliance,21.08,LOW,0.92,HIGH,0,1.0,Unknown,UNKNOWN,SUFFICIENT_HISTORY,ZERO_MFA_FAILURES_OBSERVED,NO_ACTIONABLE_HYPOTHESIS
EMP12097,USER,rachit.balan30,R&D,12.65,LOW,0.8506,HIGH,0,1.0,Unknown,UNKNOWN,SUFFICIENT_HISTORY,ZERO_MFA_FAILURES_OBSERVED,NO_ACTIONABLE_HYPOTHESIS
EMP10714,USER,matthew.prabhu13,Customer Support,9.84,LOW,0.9636,HIGH,0,1.0,Unknown,UNKNOWN,SUFFICIENT_HISTORY,ZERO_MFA_FAILURES_OBSERVED,NO_ACTIONABLE_HYPOTHESIS
EMP11869,USER,oni_varkey46,Finance,0.0,LOW,0.775,MEDIUM,0,1.0,Unknown,UNKNOWN,SUFFICIENT_HISTORY,ZERO_MFA_FAILURES_OBSERVED,NO_ACTIONABLE_HYPOTHESIS
EMP11640,USER,meghana.chana6,Customer Support,4.22,LOW,0.805,HIGH,0,1.0,Unknown,UNKNOWN,SUFFICIENT_HISTORY,ZERO_MFA_FAILURES_OBSERVED,NO_ACTIONABLE_HYPOTHESIS
EMP11918,USER,lekha.dhawan29,Procurement,25.29,LOW,1.0,HIGH,1,1.0,Unknown,UNKNOWN,SUFFICIENT_HISTORY,ZERO_MFA_FAILURES_OBSERVED,NO_ACTIONABLE_HYPOTHESIS
EMP12987,USER,owen_vala92,IT,0.0,LOW,0.835,HIGH,0,1.0,Unknown,UNKNOWN,SUFFICIENT_HISTORY,ZERO_MFA_FAILURES_OBSERVED,NO_ACTIONABLE_HYPOTHESIS
EMP10618,USER,yuvraj.ganesan68,Sales,16.86,LOW,0.9273,HIGH,1,1.0,Unknown,UNKNOWN,SUFFICIENT_HISTORY,ZERO_MFA_FAILURES_OBSERVED,NO_ACTIONABLE_HYPOTHESIS
EMP10406,USER,vedhika.goda56,Sales,0.0,LOW,0.55,MEDIUM,0,1.0,Unknown,UNKNOWN,INSUFFICIENT_HISTORY,INSUFFICIENT_BASELINE_HISTORY; ZERO_MFA_FAILURES_OBSERVED,NO_ACTIONABLE_HYPOTHESIS
EMP11791,USER,zehaan.comar63,Human Resources,0.0,LOW,0.49,LOW,0,1.0,Unknown,UNKNOWN,INSUFFICIENT_HISTORY,INSUFFICIENT_BASELINE_HISTORY; ZERO_MFA_FAILURES_OBSERVED,NO_ACTIONABLE_HYPOTHESIS
EMP11226,USER,tanveer.dugar93,Legal,100.0,CRITICAL,0.9446,HIGH,3,1.5,Unknown,UNKNOWN,SUFFICIENT_HISTORY,ZERO_MFA_FAILURES_OBSERVED,POSSIBLE_CREDENTIAL_COMPROMISE; POSSIBLE_ACCOUNT_TAKEOVER; POSSIBLE_ANOMALOUS_DATA_EXFILTRATION
EMP11146,USER,tanay.halder50,Legal,4.22,LOW,0.7383,MEDIUM,0,1.0,Unknown,UNKNOWN,SUFFICIENT_HISTORY,ZERO_MFA_FAILURES_OBSERVED,NO_ACTIONABLE_HYPOTHESIS
EMP12275,USER,indrajit.chander47,Procurement,37.94,MODERATE,1.0,HIGH,1,1.0,Unknown,UNKNOWN,SUFFICIENT_HISTORY,UNCORROBORATED_SINGLE_DIMENSION; ZERO_MFA_FAILURES_OBSERVED,NO_ACTIONABLE_HYPOTHESIS
EMP12462,USER,chavvi.prashad2,IT,16.86,LOW,0.8506,HIGH,0,1.0,Unknown,UNKNOWN,SUFFICIENT_HISTORY,ZERO_MFA_FAILURES_OBSERVED,NO_ACTIONABLE_HYPOTHESIS
EMP10497,USER,viraj.saha85,IT,0.0,LOW,0.815,HIGH,0,1.0,Unknown,UNKNOWN,SUFFICIENT_HISTORY,ZERO_MFA_FAILURES_OBSERVED,NO_ACTIONABLE_HYPOTHESIS
EMP10342,USER,harita.bhasin77,Supply Chain,0.0,LOW,0.6717,MEDIUM,0,1.0,Unknown,UNKNOWN,SUFFICIENT_HISTORY,ZERO_MFA_FAILURES_OBSERVED,NO_ACTIONABLE_HYPOTHESIS
EMP11957,USER,noah.tailor28,Finance,21.08,LOW,0.9385,HIGH,0,1.0,Unknown,UNKNOWN,SUFFICIENT_HISTORY,ZERO_MFA_FAILURES_OBSERVED,NO_ACTIONABLE_HYPOTHESIS
EMP12338,USER,geetika.biswas80,Operations,12.65,LOW,0.9667,HIGH,0,1.0,Unknown,UNKNOWN,SUFFICIENT_HISTORY,ZERO_MFA_FAILURES_OBSERVED,NO_ACTIONABLE_HYPOTHESIS
EMP10782,USER,benjamin.sahota99,Marketing,13.49,LOW,0.6717,MEDIUM,0,1.0,Unknown,UNKNOWN,SUFFICIENT_HISTORY,ZERO_MFA_FAILURES_OBSERVED,NO_ACTIONABLE_HYPOTHESIS
EMP11557,USER,oscar.kari74,Sales,0.0,LOW,0.45,LOW,0,1.0,Unknown,UNKNOWN,INSUFFICIENT_HISTORY,INSUFFICIENT_BASELINE_HISTORY; ZERO_MFA_FAILURES_OBSERVED,NO_ACTIONABLE_HYPOTHESIS
EMP10303,USER,yashvi.more14,Sales,10.54,LOW,0.55,MEDIUM,0,1.0,Unknown,UNKNOWN,INSUFFICIENT_HISTORY,INSUFFICIENT_BASELINE_HISTORY; ZERO_MFA_FAILURES_OBSERVED,NO_ACTIONABLE_HYPOTHESIS
EMP11765,USER,anirudh.shukla15,Support,16.86,LOW,1.0,HIGH,0,1.0,Unknown,UNKNOWN,SUFFICIENT_HISTORY,ZERO_MFA_FAILURES_OBSERVED,NO_ACTIONABLE_HYPOTHESIS
EMP10664,USER,yauvani.bajwa71,Operations,12.65,LOW,0.92,HIGH,0,1.0,Unknown,UNKNOWN,SUFFICIENT_HISTORY,ZERO_MFA_FAILURES_OBSERVED,NO_ACTIONABLE_HYPOTHESIS
EMP12243,USER,pratyush.thaman21,Sales,4.22,LOW,0.8506,HIGH,0,1.0,Unknown,UNKNOWN,SUFFICIENT_HISTORY,ZERO_MFA_FAILURES_OBSERVED,NO_ACTIONABLE_HYPOTHESIS
EMP11551,USER,pavani.choudhary20,Finance,0.0,LOW,0.35,LOW,0,1.0,Unknown,UNKNOWN,INSUFFICIENT_HISTORY,INSUFFICIENT_BASELINE_HISTORY; ZERO_MFA_FAILURES_OBSERVED,NO_ACTIONABLE_HYPOTHESIS
EMP11797,USER,chatura.rajagopalan46,Legal,0.0,LOW,0.835,HIGH,0,1.0,Unknown,UNKNOWN,SUFFICIENT_HISTORY,ZERO_MFA_FAILURES_OBSERVED,NO_ACTIONABLE_HYPOTHESIS
EMP12858,USER,devansh.sen33,Procurement,8.43,LOW,0.895,HIGH,0,1.0,Unknown,UNKNOWN,SUFFICIENT_HISTORY,ZERO_MFA_FAILURES_OBSERVED,NO_ACTIONABLE_HYPOTHESIS
EMP10084,USER,pavani.mitter20,Finance,0.0,LOW,0.49,LOW,0,1.0,Unknown,UNKNOWN,INSUFFICIENT_HISTORY,INSUFFICIENT_BASELINE_HISTORY; ZERO_MFA_FAILURES_OBSERVED,NO_ACTIONABLE_HYPOTHESIS
EMP12281,USER,omkaar.mital79,Marketing,16.86,LOW,0.96,HIGH,1,1.0,Unknown,UNKNOWN,SUFFICIENT_HISTORY,ZERO_MFA_FAILURES_OBSERVED,NO_ACTIONABLE_HYPOTHESIS
EMP10941,USER,tanveer.murty16,Customer Support,8.43,LOW,0.7383,MEDIUM,0,1.0,Unknown,UNKNOWN,SUFFICIENT_HISTORY,ZERO_MFA_FAILURES_OBSERVED,NO_ACTIONABLE_HYPOTHESIS
EMP10961,USER,samar.deep47,IT,12.65,LOW,0.8061,HIGH,0,1.0,Unknown,UNKNOWN,SUFFICIENT_HISTORY,ZERO_MFA_FAILURES_OBSERVED,NO_ACTIONABLE_HYPOTHESIS
EMP10841,USER,luke.mohan55,IT,29.51,LOW,0.825,HIGH,0,1.0,Unknown,UNKNOWN,SUFFICIENT_HISTORY,ZERO_MFA_FAILURES_OBSERVED,NO_ACTIONABLE_HYPOTHESIS
EMP11562,USER,upkaar.chaudhary2,Procurement,29.51,LOW,0.9636,HIGH,0,1.0,Unknown,UNKNOWN,SUFFICIENT_HISTORY,ZERO_MFA_FAILURES_OBSERVED,NO_ACTIONABLE_HYPOTHESIS
EMP12847,USER,faraj.shanker29,Human Resources,4.22,LOW,0.695,MEDIUM,0,1.0,Unknown,UNKNOWN,SUFFICIENT_HISTORY,ZERO_MFA_FAILURES_OBSERVED,NO_ACTIONABLE_HYPOTHESIS
EMP12529,USER,kala.arora16,Human Resources,6.12,LOW,0.6717,MEDIUM,0,1.0,Unknown,UNKNOWN,SUFFICIENT_HISTORY,ZERO_MFA_FAILURES_OBSERVED,NO_ACTIONABLE_HYPOTHESIS
EMP11352,USER,umang.chaudry16,Customer Support,16.86,LOW,1.0,HIGH,0,1.0,Unknown,UNKNOWN,SUFFICIENT_HISTORY,ZERO_MFA_FAILURES_OBSERVED,NO_ACTIONABLE_HYPOTHESIS
EMP10290,USER,lakshit.sule41,Operations,8.43,LOW,0.895,HIGH,0,1.0,Unknown,UNKNOWN,SUFFICIENT_HISTORY,ZERO_MFA_FAILURES_OBSERVED,NO_ACTIONABLE_HYPOTHESIS
EMP11907,USER,wridesh.wable13,Legal,0.0,LOW,0.2533,LOW,0,1.0,Unknown,UNKNOWN,INSUFFICIENT_HISTORY,LOW_TIMESTAMP_QUALITY; INSUFFICIENT_BASELINE_HISTORY; ZERO_MFA_FAILURES_OBSERVED,NO_ACTIONABLE_HYPOTHESIS
EMP11190,USER,yuvraj.mistry78,Support,100.0,CRITICAL,0.9661,HIGH,3,1.5,Unknown,UNKNOWN,SUFFICIENT_HISTORY,ZERO_MFA_FAILURES_OBSERVED,POSSIBLE_CREDENTIAL_COMPROMISE; POSSIBLE_ACCOUNT_TAKEOVER; POSSIBLE_ANOMALOUS_DATA_EXFILTRATION
EMP10604,USER,Unknown,Customer Support,7.03,LOW,0.815,HIGH,0,1.0,Unknown,UNKNOWN,SUFFICIENT_HISTORY,ZERO_MFA_FAILURES_OBSERVED,NO_ACTIONABLE_HYPOTHESIS
EMP12471,USER,azad_bal82,Marketing,8.43,LOW,0.665,MEDIUM,0,1.0,Unknown,UNKNOWN,SUFFICIENT_HISTORY,ZERO_MFA_FAILURES_OBSERVED,NO_ACTIONABLE_HYPOTHESIS
EMP10916,USER,chavvi.thaman9,Human Resources,12.65,LOW,0.8506,HIGH,0,1.0,Unknown,UNKNOWN,SUFFICIENT_HISTORY,ZERO_MFA_FAILURES_OBSERVED,NO_ACTIONABLE_HYPOTHESIS
EMP11569,USER,lakshit_dutt68,Finance,4.22,LOW,0.7778,MEDIUM,0,1.0,Unknown,UNKNOWN,SUFFICIENT_HISTORY,ZERO_MFA_FAILURES_OBSERVED,NO_ACTIONABLE_HYPOTHESIS
EMP11740,USER,faris.chowdhury96,Finance,12.65,LOW,0.715,MEDIUM,0,1.0,Unknown,UNKNOWN,SUFFICIENT_HISTORY,ZERO_MFA_FAILURES_OBSERVED,NO_ACTIONABLE_HYPOTHESIS
EMP11099,USER,aashi.kapadia1,Sales,0.0,LOW,0.805,HIGH,0,1.0,Unknown,UNKNOWN,SUFFICIENT_HISTORY,ZERO_MFA_FAILURES_OBSERVED,NO_ACTIONABLE_HYPOTHESIS
EMP11088,USER,mohini_kalla19,Legal,4.22,LOW,0.615,MEDIUM,0,1.0,Unknown,UNKNOWN,SUFFICIENT_HISTORY,ZERO_MFA_FAILURES_OBSERVED,NO_ACTIONABLE_HYPOTHESIS
EMP12378,USER,rachita.narayan1,Customer Support,25.29,LOW,0.9636,HIGH,0,1.0,Unknown,UNKNOWN,SUFFICIENT_HISTORY,ZERO_MFA_FAILURES_OBSERVED,NO_ACTIONABLE_HYPOTHESIS
EMP11377,USER,yutika.sheth56,Human Resources,0.0,LOW,0.805,HIGH,0,1.0,Unknown,UNKNOWN,SUFFICIENT_HISTORY,ZERO_MFA_FAILURES_OBSERVED,NO_ACTIONABLE_HYPOTHESIS
EMP10821,USER,libni.aurora70,Customer Support,9.84,LOW,1.0,HIGH,0,1.0,Unknown,UNKNOWN,SUFFICIENT_HISTORY,ZERO_MFA_FAILURES_OBSERVED,NO_ACTIONABLE_HYPOTHESIS
EMP12543,USER,zayan.gole8,Finance,9.84,LOW,0.6636,MEDIUM,0,1.0,Unknown,UNKNOWN,SUFFICIENT_HISTORY,ZERO_MFA_FAILURES_OBSERVED,NO_ACTIONABLE_HYPOTHESIS
EMP11000,USER,chanakya.bali26,Operations,37.65,MODERATE,1.0,HIGH,1,1.0,Unknown,UNKNOWN,SUFFICIENT_HISTORY,UNCORROBORATED_SINGLE_DIMENSION; ZERO_MFA_FAILURES_OBSERVED,NO_ACTIONABLE_HYPOTHESIS
EMP11427,USER,niharika.murty3,Operations,42.16,MODERATE,1.0,HIGH,1,1.0,Unknown,UNKNOWN,SUFFICIENT_HISTORY,UNCORROBORATED_SINGLE_DIMENSION; ZERO_MFA_FAILURES_OBSERVED,NO_ACTIONABLE_HYPOTHESIS
EMP10018,USER,orinder.bera98,Call Center,0.0,LOW,0.3867,LOW,0,1.0,Unknown,UNKNOWN,INSUFFICIENT_HISTORY,INSUFFICIENT_BASELINE_HISTORY; ZERO_MFA_FAILURES_OBSERVED,NO_ACTIONABLE_HYPOTHESIS
EMP12575,USER,nandini.kothari89,Marketing,8.43,LOW,0.805,HIGH,0,1.0,Unknown,UNKNOWN,SUFFICIENT_HISTORY,ZERO_MFA_FAILURES_OBSERVED,NO_ACTIONABLE_HYPOTHESIS
EMP11450,USER,radha.bera98,Finance,0.0,LOW,0.52,MEDIUM,0,1.0,Unknown,UNKNOWN,INSUFFICIENT_HISTORY,INSUFFICIENT_BASELINE_HISTORY; ZERO_MFA_FAILURES_OBSERVED,NO_ACTIONABLE_HYPOTHESIS
EMP11746,USER,nimrat.chhabra38,Human Resources,6.12,LOW,0.55,MEDIUM,0,1.0,Unknown,UNKNOWN,INSUFFICIENT_HISTORY,INSUFFICIENT_BASELINE_HISTORY; ZERO_MFA_FAILURES_OBSERVED,NO_ACTIONABLE_HYPOTHESIS
EMP11360,USER,osha.dutta17,Call Center,100.0,CRITICAL,0.9312,HIGH,3,1.5,Unknown,UNKNOWN,SUFFICIENT_HISTORY,ZERO_MFA_FAILURES_OBSERVED,POSSIBLE_CREDENTIAL_COMPROMISE; POSSIBLE_ACCOUNT_TAKEOVER; POSSIBLE_ANOMALOUS_DATA_EXFILTRATION
EMP11641,USER,chakrika.garde44,Marketing,4.22,LOW,0.805,HIGH,0,1.0,Unknown,UNKNOWN,SUFFICIENT_HISTORY,ZERO_MFA_FAILURES_OBSERVED,NO_ACTIONABLE_HYPOTHESIS
EMP12785,USER,Unknown,R&D,21.08,LOW,0.8327,HIGH,0,1.0,Unknown,UNKNOWN,SUFFICIENT_HISTORY,ZERO_MFA_FAILURES_OBSERVED,NO_ACTIONABLE_HYPOTHESIS
EMP11729,USER,anvi.biswas59,Sales,8.43,LOW,0.7778,MEDIUM,0,1.0,Unknown,UNKNOWN,SUFFICIENT_HISTORY,ZERO_MFA_FAILURES_OBSERVED,NO_ACTIONABLE_HYPOTHESIS
EMP11582,USER,aadi.bhasin11,IT,33.43,MODERATE,0.775,MEDIUM,1,1.0,Unknown,UNKNOWN,SUFFICIENT_HISTORY,UNCORROBORATED_SINGLE_DIMENSION; ZERO_MFA_FAILURES_OBSERVED,NO_ACTIONABLE_HYPOTHESIS
EMP12083,USER,mohini.minhas94,Procurement,100.0,CRITICAL,0.9594,HIGH,3,1.5,Unknown,UNKNOWN,SUFFICIENT_HISTORY,ZERO_MFA_FAILURES_OBSERVED,POSSIBLE_CREDENTIAL_COMPROMISE; POSSIBLE_ACCOUNT_TAKEOVER; POSSIBLE_ANOMALOUS_DATA_EXFILTRATION
EMP12726,USER,kamya.rana5,IT,82.2,CRITICAL,0.9428,HIGH,3,1.5,Unknown,UNKNOWN,SUFFICIENT_HISTORY,ZERO_MFA_FAILURES_OBSERVED,POSSIBLE_CREDENTIAL_COMPROMISE; POSSIBLE_ACCOUNT_TAKEOVER; POSSIBLE_ANOMALOUS_DATA_EXFILTRATION
EMP12024,USER,imaran.narasimhan79,Call Center,0.0,LOW,0.7778,MEDIUM,0,1.0,Unknown,UNKNOWN,SUFFICIENT_HISTORY,ZERO_MFA_FAILURES_OBSERVED,NO_ACTIONABLE_HYPOTHESIS
EMP10360,USER,nitara.bedi94,Support,5.9,LOW,0.805,HIGH,0,1.0,Unknown,UNKNOWN,SUFFICIENT_HISTORY,ZERO_MFA_FAILURES_OBSERVED,NO_ACTIONABLE_HYPOTHESIS
EMP12636,USER,chandani.pant6,Procurement,37.94,MODERATE,0.9333,HIGH,0,1.0,Unknown,UNKNOWN,SUFFICIENT_HISTORY,UNCORROBORATED_SINGLE_DIMENSION; ZERO_MFA_FAILURES_OBSERVED,NO_ACTIONABLE_HYPOTHESIS
EMP11922,USER,william.rajan75,Operations,9.48,LOW,0.765,MEDIUM,0,1.0,Unknown,UNKNOWN,SUFFICIENT_HISTORY,ZERO_MFA_FAILURES_OBSERVED,NO_ACTIONABLE_HYPOTHESIS
EMP12992,USER,sathvik.agrawal90,Compliance,8.43,LOW,0.7778,MEDIUM,0,1.0,Unknown,UNKNOWN,SUFFICIENT_HISTORY,ZERO_MFA_FAILURES_OBSERVED,NO_ACTIONABLE_HYPOTHESIS
EMP11334,USER,varsha.ramanathan85,Marketing,0.0,LOW,0.3867,LOW,0,1.0,Unknown,UNKNOWN,INSUFFICIENT_HISTORY,INSUFFICIENT_BASELINE_HISTORY; ZERO_MFA_FAILURES_OBSERVED,NO_ACTIONABLE_HYPOTHESIS
EMP11670,USER,vritti.badal80,IT,15.34,LOW,0.815,HIGH,0,1.0,Unknown,UNKNOWN,SUFFICIENT_HISTORY,ZERO_MFA_FAILURES_OBSERVED,NO_ACTIONABLE_HYPOTHESIS
EMP10344,USER,frado.sheth77,Human Resources,3.02,LOW,0.7778,MEDIUM,0,1.0,Unknown,UNKNOWN,SUFFICIENT_HISTORY,ZERO_MFA_FAILURES_OBSERVED,NO_ACTIONABLE_HYPOTHESIS
EMP10986,USER,raksha.sethi26,Sales,29.51,LOW,1.0,HIGH,1,1.0,Unknown,UNKNOWN,SUFFICIENT_HISTORY,ZERO_MFA_FAILURES_OBSERVED,NO_ACTIONABLE_HYPOTHESIS
EMP12221,USER,faris.shukla14,Customer Support,0.0,LOW,0.835,HIGH,0,1.0,Unknown,UNKNOWN,SUFFICIENT_HISTORY,ZERO_MFA_FAILURES_OBSERVED,NO_ACTIONABLE_HYPOTHESIS
EMP12421,USER,manan.savant11,Finance,0.0,LOW,0.7383,MEDIUM,0,1.0,Unknown,UNKNOWN,SUFFICIENT_HISTORY,ZERO_MFA_FAILURES_OBSERVED,NO_ACTIONABLE_HYPOTHESIS
EMP11410,USER,yagnesh.jayaraman45,IT,12.65,LOW,0.8506,HIGH,0,1.0,Unknown,UNKNOWN,SUFFICIENT_HISTORY,ZERO_MFA_FAILURES_OBSERVED,NO_ACTIONABLE_HYPOTHESIS
EMP12019,USER,fariq.mammen10,Customer Support,7.03,LOW,0.895,HIGH,0,1.0,Unknown,UNKNOWN,SUFFICIENT_HISTORY,ZERO_MFA_FAILURES_OBSERVED,NO_ACTIONABLE_HYPOTHESIS
EMP12983,USER,vyanjana.gour79,Supply Chain,0.0,LOW,0.805,HIGH,0,1.0,Unknown,UNKNOWN,SUFFICIENT_HISTORY,ZERO_MFA_FAILURES_OBSERVED,NO_ACTIONABLE_HYPOTHESIS
EMP12287,USER,vritti.rajagopalan54,Operations,4.22,LOW,0.715,MEDIUM,0,1.0,Unknown,UNKNOWN,SUFFICIENT_HISTORY,ZERO_MFA_FAILURES_OBSERVED,NO_ACTIONABLE_HYPOTHESIS
EMP12460,USER,reyansh.chana86,IT,7.59,LOW,0.3867,LOW,0,1.0,Unknown,UNKNOWN,INSUFFICIENT_HISTORY,INSUFFICIENT_BASELINE_HISTORY; ZERO_MFA_FAILURES_OBSERVED,NO_ACTIONABLE_HYPOTHESIS
EMP10085,USER,maya.gola80,Sales,8.43,LOW,0.8506,HIGH,0,1.0,Unknown,UNKNOWN,SUFFICIENT_HISTORY,ZERO_MFA_FAILURES_OBSERVED,NO_ACTIONABLE_HYPOTHESIS
EMP12129,USER,praneel.raju81,Marketing,0.0,LOW,0.29,LOW,0,1.0,Unknown,UNKNOWN,INSUFFICIENT_HISTORY,INSUFFICIENT_BASELINE_HISTORY; ZERO_MFA_FAILURES_OBSERVED,NO_ACTIONABLE_HYPOTHESIS
EMP10668,USER,Unknown,Operations,4.22,LOW,0.835,HIGH,0,1.0,Unknown,UNKNOWN,SUFFICIENT_HISTORY,ZERO_MFA_FAILURES_OBSERVED,NO_ACTIONABLE_HYPOTHESIS
EMP11014,USER,farhan.khanna40,Compliance,4.22,LOW,0.805,HIGH,0,1.0,Unknown,UNKNOWN,SUFFICIENT_HISTORY,ZERO_MFA_FAILURES_OBSERVED,NO_ACTIONABLE_HYPOTHESIS
EMP10128,USER,adweta.bhagat28,R&D,3.16,LOW,0.805,HIGH,0,1.0,Unknown,UNKNOWN,SUFFICIENT_HISTORY,ZERO_MFA_FAILURES_OBSERVED,NO_ACTIONABLE_HYPOTHESIS
EMP11993,USER,yashodhara.baria35,IT,16.86,LOW,0.9667,HIGH,0,1.0,Unknown,UNKNOWN,SUFFICIENT_HISTORY,ZERO_MFA_FAILURES_OBSERVED,NO_ACTIONABLE_HYPOTHESIS
EMP11229,USER,aahana.rao53,Human Resources,12.65,LOW,0.96,HIGH,0,1.0,Unknown,UNKNOWN,SUFFICIENT_HISTORY,ZERO_MFA_FAILURES_OBSERVED,NO_ACTIONABLE_HYPOTHESIS
EMP10891,USER,eiravati.mahal58,Procurement,0.0,LOW,0.7383,MEDIUM,0,1.0,Unknown,UNKNOWN,SUFFICIENT_HISTORY,ZERO_MFA_FAILURES_OBSERVED,NO_ACTIONABLE_HYPOTHESIS
EMP11937,USER,omya.arya6,Support,21.08,LOW,0.8393,HIGH,0,1.0,Unknown,UNKNOWN,SUFFICIENT_HISTORY,ZERO_MFA_FAILURES_OBSERVED,NO_ACTIONABLE_HYPOTHESIS
EMP10307,USER,gavin.rama19,Operations,25.29,LOW,0.9692,HIGH,0,1.0,Unknown,UNKNOWN,SUFFICIENT_HISTORY,ZERO_MFA_FAILURES_OBSERVED,NO_ACTIONABLE_HYPOTHESIS
EMP10383,USER,krishna.oak8,Sales,29.51,LOW,0.9428,HIGH,1,1.0,Unknown,UNKNOWN,SUFFICIENT_HISTORY,ZERO_MFA_FAILURES_OBSERVED,NO_ACTIONABLE_HYPOTHESIS
EMP11952,USER,kavya.char72,Customer Support,4.22,LOW,0.7778,MEDIUM,0,1.0,Unknown,UNKNOWN,SUFFICIENT_HISTORY,ZERO_MFA_FAILURES_OBSERVED,NO_ACTIONABLE_HYPOTHESIS
EMP11208,USER,utkarsh.tata53,Marketing,0.0,LOW,0.695,MEDIUM,0,1.0,Unknown,UNKNOWN,SUFFICIENT_HISTORY,ZERO_MFA_FAILURES_OBSERVED,NO_ACTIONABLE_HYPOTHESIS
EMP10426,USER,banjeet.mishra77,Legal,4.22,LOW,1.0,HIGH,0,1.0,Unknown,UNKNOWN,SUFFICIENT_HISTORY,ZERO_MFA_FAILURES_OBSERVED,NO_ACTIONABLE_HYPOTHESIS
EMP10494,USER,anvi_chakrabarti53,Legal,4.22,LOW,0.815,HIGH,0,1.0,Unknown,UNKNOWN,SUFFICIENT_HISTORY,ZERO_MFA_FAILURES_OBSERVED,NO_ACTIONABLE_HYPOTHESIS
EMP11671,USER,viraj.chaudhuri89,Marketing,25.29,LOW,1.0,HIGH,0,1.0,Unknown,UNKNOWN,SUFFICIENT_HISTORY,ZERO_MFA_FAILURES_OBSERVED,NO_ACTIONABLE_HYPOTHESIS
EMP12506,USER,tanveer.sachdev72,Legal,8.43,LOW,0.52,MEDIUM,0,1.0,Unknown,UNKNOWN,INSUFFICIENT_HISTORY,INSUFFICIENT_BASELINE_HISTORY; ZERO_MFA_FAILURES_OBSERVED,NO_ACTIONABLE_HYPOTHESIS
EMP12629,USER,wahab.gupta10,IT,0.0,LOW,0.695,MEDIUM,0,1.0,Unknown,UNKNOWN,SUFFICIENT_HISTORY,ZERO_MFA_FAILURES_OBSERVED,NO_ACTIONABLE_HYPOTHESIS
EMP11337,USER,siddharth.brahmbhatt93,Supply Chain,33.73,MODERATE,0.9333,HIGH,0,1.0,Unknown,UNKNOWN,SUFFICIENT_HISTORY,UNCORROBORATED_SINGLE_DIMENSION; ZERO_MFA_FAILURES_OBSERVED,NO_ACTIONABLE_HYPOTHESIS
EMP11385,USER,dalaja.bakshi40,R&D,12.65,LOW,0.865,HIGH,0,1.0,Unknown,UNKNOWN,SUFFICIENT_HISTORY,ZERO_MFA_FAILURES_OBSERVED,NO_ACTIONABLE_HYPOTHESIS
EMP10275,USER,ira.ravi81,Sales,12.65,LOW,0.815,HIGH,0,1.0,Unknown,UNKNOWN,SUFFICIENT_HISTORY,ZERO_MFA_FAILURES_OBSERVED,NO_ACTIONABLE_HYPOTHESIS
EMP10489,USER,henry.ganesan99,Operations,16.86,LOW,0.815,HIGH,0,1.0,Unknown,UNKNOWN,SUFFICIENT_HISTORY,ZERO_MFA_FAILURES_OBSERVED,NO_ACTIONABLE_HYPOTHESIS
EMP11578,USER,henry.sami6,Legal,0.0,LOW,0.7778,MEDIUM,0,1.0,Unknown,UNKNOWN,SUFFICIENT_HISTORY,ZERO_MFA_FAILURES_OBSERVED,NO_ACTIONABLE_HYPOTHESIS
EMP10690,USER,umang.sahni49,Operations,5.27,LOW,0.7778,MEDIUM,0,1.0,Unknown,UNKNOWN,SUFFICIENT_HISTORY,ZERO_MFA_FAILURES_OBSERVED,NO_ACTIONABLE_HYPOTHESIS
EMP11402,USER,gagan.devan62,Customer Support,7.03,LOW,0.835,HIGH,0,1.0,Unknown,UNKNOWN,SUFFICIENT_HISTORY,ZERO_MFA_FAILURES_OBSERVED,NO_ACTIONABLE_HYPOTHESIS
EMP12630,USER,darpan.kadakia49,R&D,8.43,LOW,0.8327,HIGH,0,1.0,Unknown,UNKNOWN,SUFFICIENT_HISTORY,ZERO_MFA_FAILURES_OBSERVED,NO_ACTIONABLE_HYPOTHESIS
EMP11273,USER,krisha.natarajan39,Operations,25.29,LOW,0.865,HIGH,0,1.0,Unknown,UNKNOWN,SUFFICIENT_HISTORY,ZERO_MFA_FAILURES_OBSERVED,NO_ACTIONABLE_HYPOTHESIS
EMP12273,USER,ekaraj.kumar45,Finance,8.43,LOW,0.9636,HIGH,0,1.0,Unknown,UNKNOWN,SUFFICIENT_HISTORY,ZERO_MFA_FAILURES_OBSERVED,NO_ACTIONABLE_HYPOTHESIS
EMP12691,USER,meera.hora64,Legal,0.0,LOW,0.695,MEDIUM,0,1.0,Unknown,UNKNOWN,SUFFICIENT_HISTORY,ZERO_MFA_FAILURES_OBSERVED,NO_ACTIONABLE_HYPOTHESIS
EMP11058,USER,Unknown,Finance,9.27,LOW,0.775,MEDIUM,0,1.0,Unknown,UNKNOWN,SUFFICIENT_HISTORY,ZERO_MFA_FAILURES_OBSERVED,NO_ACTIONABLE_HYPOTHESIS
EMP10118,USER,sneha.prakash29,Sales,42.16,MODERATE,0.9714,HIGH,0,1.0,Unknown,UNKNOWN,SUFFICIENT_HISTORY,UNCORROBORATED_SINGLE_DIMENSION; ZERO_MFA_FAILURES_OBSERVED,NO_ACTIONABLE_HYPOTHESIS
EMP11024,USER,ubika.koshy18,Innovation,37.94,MODERATE,0.925,HIGH,1,1.0,Unknown,UNKNOWN,SUFFICIENT_HISTORY,UNCORROBORATED_SINGLE_DIMENSION; ZERO_MFA_FAILURES_OBSERVED,NO_ACTIONABLE_HYPOTHESIS
EMP11423,USER,krishna.sama90,Marketing,10.54,LOW,0.6636,MEDIUM,0,1.0,Unknown,UNKNOWN,SUFFICIENT_HISTORY,ZERO_MFA_FAILURES_OBSERVED,NO_ACTIONABLE_HYPOTHESIS
EMP10281,USER,wazir.tak22,Human Resources,12.65,LOW,1.0,HIGH,0,1.0,Unknown,UNKNOWN,SUFFICIENT_HISTORY,ZERO_MFA_FAILURES_OBSERVED,NO_ACTIONABLE_HYPOTHESIS
EMP12681,USER,abha.borah44,Procurement,8.43,LOW,0.7207,MEDIUM,0,1.0,Unknown,UNKNOWN,SUFFICIENT_HISTORY,ZERO_MFA_FAILURES_OBSERVED,NO_ACTIONABLE_HYPOTHESIS
EMP12407,USER,chavvi_chakrabarti3,Operations,4.22,LOW,0.8506,HIGH,0,1.0,Unknown,UNKNOWN,SUFFICIENT_HISTORY,ZERO_MFA_FAILURES_OBSERVED,NO_ACTIONABLE_HYPOTHESIS
EMP10968,USER,raksha.johal11,Supply Chain,0.0,LOW,0.55,MEDIUM,0,1.0,Unknown,UNKNOWN,INSUFFICIENT_HISTORY,INSUFFICIENT_BASELINE_HISTORY; ZERO_MFA_FAILURES_OBSERVED,NO_ACTIONABLE_HYPOTHESIS
EMP11231,USER,raagini.bail16,Operations,21.08,LOW,0.06,UNTRUSTED,1,1.0,Unknown,UNKNOWN,INSUFFICIENT_HISTORY,LOW_TIMESTAMP_QUALITY; INSUFFICIENT_BASELINE_HISTORY; ZERO_MFA_FAILURES_OBSERVED,NO_ACTIONABLE_HYPOTHESIS
EMP11660,USER,naksh.ramachandran75,Innovation,12.65,LOW,0.8061,HIGH,0,1.0,Unknown,UNKNOWN,SUFFICIENT_HISTORY,ZERO_MFA_FAILURES_OBSERVED,NO_ACTIONABLE_HYPOTHESIS
EMP11709,USER,bhavna.patel98,IT,42.16,MODERATE,0.9692,HIGH,0,1.0,Unknown,UNKNOWN,SUFFICIENT_HISTORY,UNCORROBORATED_SINGLE_DIMENSION; ZERO_MFA_FAILURES_OBSERVED,NO_ACTIONABLE_HYPOTHESIS
EMP10155,USER,qabil.chanda52,Customer Support,8.43,LOW,0.6717,MEDIUM,0,1.0,Unknown,UNKNOWN,SUFFICIENT_HISTORY,ZERO_MFA_FAILURES_OBSERVED,NO_ACTIONABLE_HYPOTHESIS
EMP10304,USER,tanay.bandi97,Operations,12.65,LOW,0.895,HIGH,0,1.0,Unknown,UNKNOWN,SUFFICIENT_HISTORY,ZERO_MFA_FAILURES_OBSERVED,NO_ACTIONABLE_HYPOTHESIS
EMP11963,USER,sanya.ram80,Sales,12.65,LOW,0.865,HIGH,0,1.0,Unknown,UNKNOWN,SUFFICIENT_HISTORY,ZERO_MFA_FAILURES_OBSERVED,NO_ACTIONABLE_HYPOTHESIS
EMP11448,USER,aishani.mandal32,Finance,4.22,LOW,0.775,MEDIUM,0,1.0,Unknown,UNKNOWN,SUFFICIENT_HISTORY,ZERO_MFA_FAILURES_OBSERVED,NO_ACTIONABLE_HYPOTHESIS
EMP11610,USER,daksh.dhar53,Finance,9.84,LOW,0.835,HIGH,0,1.0,Unknown,UNKNOWN,SUFFICIENT_HISTORY,ZERO_MFA_FAILURES_OBSERVED,NO_ACTIONABLE_HYPOTHESIS
EMP12308,USER,omaja.bhalla35,Legal,8.43,LOW,0.715,MEDIUM,0,1.0,Unknown,UNKNOWN,SUFFICIENT_HISTORY,ZERO_MFA_FAILURES_OBSERVED,NO_ACTIONABLE_HYPOTHESIS
EMP11457,USER,noah.sood63,Legal,8.43,LOW,0.55,MEDIUM,0,1.0,Unknown,UNKNOWN,INSUFFICIENT_HISTORY,INSUFFICIENT_BASELINE_HISTORY; ZERO_MFA_FAILURES_OBSERVED,NO_ACTIONABLE_HYPOTHESIS
EMP10575,USER,mahika_choudhary53,Customer Support,12.65,LOW,0.8506,HIGH,0,1.0,Unknown,UNKNOWN,SUFFICIENT_HISTORY,ZERO_MFA_FAILURES_OBSERVED,NO_ACTIONABLE_HYPOTHESIS
EMP11991,USER,harsh.talwar88,Finance,29.51,LOW,1.0,HIGH,0,1.0,Unknown,UNKNOWN,SUFFICIENT_HISTORY,ZERO_MFA_FAILURES_OBSERVED,NO_ACTIONABLE_HYPOTHESIS
EMP12651,USER,aishani.pillai56,Human Resources,21.08,LOW,0.9333,HIGH,0,1.0,Unknown,UNKNOWN,SUFFICIENT_HISTORY,ZERO_MFA_FAILURES_OBSERVED,NO_ACTIONABLE_HYPOTHESIS
EMP12704,USER,vedhika.khatri69,Procurement,21.08,LOW,0.9273,HIGH,0,1.0,Unknown,UNKNOWN,SUFFICIENT_HISTORY,ZERO_MFA_FAILURES_OBSERVED,NO_ACTIONABLE_HYPOTHESIS
EMP12188,USER,sai.puri51,R&D,4.22,LOW,0.6636,MEDIUM,0,1.0,Unknown,UNKNOWN,SUFFICIENT_HISTORY,ZERO_MFA_FAILURES_OBSERVED,NO_ACTIONABLE_HYPOTHESIS
EMP11264,USER,nitesh.dugar74,Marketing,42.16,MODERATE,0.96,HIGH,1,1.0,Unknown,UNKNOWN,SUFFICIENT_HISTORY,UNCORROBORATED_SINGLE_DIMENSION; ZERO_MFA_FAILURES_OBSERVED,NO_ACTIONABLE_HYPOTHESIS
EMP10843,USER,amol.dayal53,Operations,37.94,MODERATE,0.9385,HIGH,1,1.0,Unknown,UNKNOWN,SUFFICIENT_HISTORY,UNCORROBORATED_SINGLE_DIMENSION; ZERO_MFA_FAILURES_OBSERVED,NO_ACTIONABLE_HYPOTHESIS
EMP11344,USER,zayyan.krishnan75,Operations,16.86,LOW,0.8061,HIGH,0,1.0,Unknown,UNKNOWN,SUFFICIENT_HISTORY,ZERO_MFA_FAILURES_OBSERVED,NO_ACTIONABLE_HYPOTHESIS
EMP10269,USER,alexander.sachar64,R&D,0.0,LOW,0.695,MEDIUM,0,1.0,Unknown,UNKNOWN,SUFFICIENT_HISTORY,ZERO_MFA_FAILURES_OBSERVED,NO_ACTIONABLE_HYPOTHESIS
EMP10629,USER,ojasvi.majumdar45,Operations,0.0,LOW,0.775,MEDIUM,0,1.0,Unknown,UNKNOWN,SUFFICIENT_HISTORY,ZERO_MFA_FAILURES_OBSERVED,NO_ACTIONABLE_HYPOTHESIS
EMP11033,USER,ayushman.andra77,R&D,20.02,LOW,0.865,HIGH,1,1.0,Unknown,UNKNOWN,SUFFICIENT_HISTORY,ZERO_MFA_FAILURES_OBSERVED,NO_ACTIONABLE_HYPOTHESIS
EMP10286,USER,hamsini.bandi7,Human Resources,21.62,LOW,0.775,MEDIUM,1,1.0,Unknown,UNKNOWN,SUFFICIENT_HISTORY,ZERO_MFA_FAILURES_OBSERVED,NO_ACTIONABLE_HYPOTHESIS
EMP12279,USER,fiyaz.talwar66,Supply Chain,0.0,LOW,0.775,MEDIUM,0,1.0,Unknown,UNKNOWN,SUFFICIENT_HISTORY,ZERO_MFA_FAILURES_OBSERVED,NO_ACTIONABLE_HYPOTHESIS
EMP10300,USER,adweta.kaur27,R&D,27.4,LOW,0.9273,HIGH,1,1.0,Unknown,UNKNOWN,SUFFICIENT_HISTORY,ZERO_MFA_FAILURES_OBSERVED,NO_ACTIONABLE_HYPOTHESIS
EMP12248,USER,darsh.choudhry88,Finance,33.73,MODERATE,0.9428,HIGH,0,1.0,Unknown,UNKNOWN,SUFFICIENT_HISTORY,UNCORROBORATED_SINGLE_DIMENSION; ZERO_MFA_FAILURES_OBSERVED,NO_ACTIONABLE_HYPOTHESIS
EMP11929,USER,jagat_gulati29,Human Resources,37.94,MODERATE,0.9333,HIGH,0,1.0,Unknown,UNKNOWN,SUFFICIENT_HISTORY,UNCORROBORATED_SINGLE_DIMENSION; ZERO_MFA_FAILURES_OBSERVED,NO_ACTIONABLE_HYPOTHESIS
EMP11979,USER,noah_dhar52,Procurement,0.0,LOW,0.695,MEDIUM,0,1.0,Unknown,UNKNOWN,SUFFICIENT_HISTORY,ZERO_MFA_FAILURES_OBSERVED,NO_ACTIONABLE_HYPOTHESIS
EMP10065,USER,chandresh_prashad29,Human Resources,14.55,LOW,0.805,HIGH,0,1.0,Unknown,UNKNOWN,SUFFICIENT_HISTORY,ZERO_MFA_FAILURES_OBSERVED,NO_ACTIONABLE_HYPOTHESIS
EMP12288,USER,vasatika.ravi8,Operations,8.43,LOW,0.8506,HIGH,0,1.0,Unknown,UNKNOWN,SUFFICIENT_HISTORY,ZERO_MFA_FAILURES_OBSERVED,NO_ACTIONABLE_HYPOTHESIS
EMP10890,USER,utkarsh.mand24,Legal,8.43,LOW,0.8506,HIGH,0,1.0,Unknown,UNKNOWN,SUFFICIENT_HISTORY,ZERO_MFA_FAILURES_OBSERVED,NO_ACTIONABLE_HYPOTHESIS
EMP11882,USER,sai.garde41,Human Resources,0.0,LOW,0.695,MEDIUM,0,1.0,Unknown,UNKNOWN,SUFFICIENT_HISTORY,ZERO_MFA_FAILURES_OBSERVED,NO_ACTIONABLE_HYPOTHESIS
EMP12841,USER,ekavir.menon22,R&D,12.65,LOW,0.815,HIGH,0,1.0,Unknown,UNKNOWN,SUFFICIENT_HISTORY,ZERO_MFA_FAILURES_OBSERVED,NO_ACTIONABLE_HYPOTHESIS
EMP11898,USER,hemani.dada38,Sales,4.22,LOW,0.52,MEDIUM,0,1.0,Unknown,UNKNOWN,INSUFFICIENT_HISTORY,INSUFFICIENT_BASELINE_HISTORY; ZERO_MFA_FAILURES_OBSERVED,NO_ACTIONABLE_HYPOTHESIS
EMP10230,USER,sarthak.rajagopalan99,Brand,0.0,LOW,0.7778,MEDIUM,0,1.0,Unknown,UNKNOWN,SUFFICIENT_HISTORY,ZERO_MFA_FAILURES_OBSERVED,NO_ACTIONABLE_HYPOTHESIS
EMP10503,USER,girish.dyal84,Sales,0.0,LOW,0.695,MEDIUM,0,1.0,Unknown,UNKNOWN,SUFFICIENT_HISTORY,ZERO_MFA_FAILURES_OBSERVED,NO_ACTIONABLE_HYPOTHESIS
EMP11399,USER,rehaan.trivedi61,Customer Support,7.03,LOW,0.865,HIGH,0,1.0,Unknown,UNKNOWN,SUFFICIENT_HISTORY,ZERO_MFA_FAILURES_OBSERVED,NO_ACTIONABLE_HYPOTHESIS
EMP11442,USER,reyansh.keer59,Procurement,6.74,LOW,0.835,HIGH,0,1.0,Unknown,UNKNOWN,SUFFICIENT_HISTORY,ZERO_MFA_FAILURES_OBSERVED,NO_ACTIONABLE_HYPOTHESIS
EMP11602,USER,ekavir_nigam18,Operations,16.86,LOW,0.9273,HIGH,0,1.0,Unknown,UNKNOWN,SUFFICIENT_HISTORY,ZERO_MFA_FAILURES_OBSERVED,NO_ACTIONABLE_HYPOTHESIS
EMP11313,USER,gautami.sodhi74,R&D,8.43,LOW,0.9273,HIGH,0,1.0,Unknown,UNKNOWN,SUFFICIENT_HISTORY,ZERO_MFA_FAILURES_OBSERVED,NO_ACTIONABLE_HYPOTHESIS
EMP11004,USER,yamini.baral97,R&D,24.24,LOW,0.8061,HIGH,1,1.0,Unknown,UNKNOWN,SUFFICIENT_HISTORY,ZERO_MFA_FAILURES_OBSERVED,NO_ACTIONABLE_HYPOTHESIS
EMP10836,USER,mahika.dube81,Customer Support,0.0,LOW,0.55,MEDIUM,0,1.0,Unknown,UNKNOWN,INSUFFICIENT_HISTORY,INSUFFICIENT_BASELINE_HISTORY; ZERO_MFA_FAILURES_OBSERVED,NO_ACTIONABLE_HYPOTHESIS
EMP12093,USER,aadhya.bahri88,Legal,33.73,MODERATE,0.8393,HIGH,0,1.0,Unknown,UNKNOWN,SUFFICIENT_HISTORY,UNCORROBORATED_SINGLE_DIMENSION; ZERO_MFA_FAILURES_OBSERVED,NO_ACTIONABLE_HYPOTHESIS
EMP10374,USER,hemani_venkataraman88,Legal,16.86,LOW,1.0,HIGH,0,1.0,Unknown,UNKNOWN,SUFFICIENT_HISTORY,ZERO_MFA_FAILURES_OBSERVED,NO_ACTIONABLE_HYPOTHESIS
EMP11336,USER,darpan.batra94,IT,18.55,LOW,0.895,HIGH,1,1.0,Unknown,UNKNOWN,SUFFICIENT_HISTORY,ZERO_MFA_FAILURES_OBSERVED,NO_ACTIONABLE_HYPOTHESIS
EMP12177,USER,Unknown,Procurement,4.22,LOW,0.7207,MEDIUM,0,1.0,Unknown,UNKNOWN,SUFFICIENT_HISTORY,ZERO_MFA_FAILURES_OBSERVED,NO_ACTIONABLE_HYPOTHESIS
EMP11902,USER,Unknown,Customer Support,12.18,LOW,0.7383,MEDIUM,0,1.0,Unknown,UNKNOWN,SUFFICIENT_HISTORY,ZERO_MFA_FAILURES_OBSERVED,NO_ACTIONABLE_HYPOTHESIS
EMP11921,USER,warda.bhatt30,Finance,50.59,MODERATE,0.9692,HIGH,1,1.0,Unknown,UNKNOWN,SUFFICIENT_HISTORY,UNCORROBORATED_SINGLE_DIMENSION; ZERO_MFA_FAILURES_OBSERVED,POSSIBLE_ANOMALOUS_DATA_EXFILTRATION
EMP12755,USER,wriddhish_barad18,IT Support,0.0,LOW,0.45,LOW,0,1.0,Unknown,UNKNOWN,INSUFFICIENT_HISTORY,INSUFFICIENT_BASELINE_HISTORY; ZERO_MFA_FAILURES_OBSERVED,NO_ACTIONABLE_HYPOTHESIS
EMP10751,USER,robert.cherian10,R&D,0.0,LOW,0.52,MEDIUM,0,1.0,Unknown,UNKNOWN,INSUFFICIENT_HISTORY,INSUFFICIENT_BASELINE_HISTORY; ZERO_MFA_FAILURES_OBSERVED,NO_ACTIONABLE_HYPOTHESIS
EMP10099,USER,dev.kanda57,R&D,16.86,LOW,0.8393,HIGH,1,1.0,Unknown,UNKNOWN,SUFFICIENT_HISTORY,ZERO_MFA_FAILURES_OBSERVED,NO_ACTIONABLE_HYPOTHESIS
EMP11835,USER,yashoda.nair8,Legal,12.65,LOW,1.0,HIGH,0,1.0,Unknown,UNKNOWN,SUFFICIENT_HISTORY,ZERO_MFA_FAILURES_OBSERVED,NO_ACTIONABLE_HYPOTHESIS
EMP10866,USER,ayush.sami8,IT Support,8.43,LOW,0.96,HIGH,0,1.0,Unknown,UNKNOWN,SUFFICIENT_HISTORY,ZERO_MFA_FAILURES_OBSERVED,NO_ACTIONABLE_HYPOTHESIS
EMP10910,USER,arya.srivastava79,Procurement,0.0,LOW,0.55,MEDIUM,0,1.0,Unknown,UNKNOWN,INSUFFICIENT_HISTORY,INSUFFICIENT_BASELINE_HISTORY; ZERO_MFA_FAILURES_OBSERVED,NO_ACTIONABLE_HYPOTHESIS
EMP11411,USER,zaid.raval52,Brand,100.0,CRITICAL,0.9487,HIGH,3,1.5,Unknown,UNKNOWN,SUFFICIENT_HISTORY,ZERO_MFA_FAILURES_OBSERVED,POSSIBLE_CREDENTIAL_COMPROMISE; POSSIBLE_ACCOUNT_TAKEOVER; POSSIBLE_ANOMALOUS_DATA_EXFILTRATION
EMP10529,USER,gagan.dyal1,Procurement,0.0,LOW,0.7383,MEDIUM,0,1.0,Unknown,UNKNOWN,SUFFICIENT_HISTORY,ZERO_MFA_FAILURES_OBSERVED,NO_ACTIONABLE_HYPOTHESIS
EMP10636,USER,udyati.dubey36,Finance,15.46,LOW,0.605,MEDIUM,0,1.0,Unknown,UNKNOWN,SUFFICIENT_HISTORY,ZERO_MFA_FAILURES_OBSERVED,NO_ACTIONABLE_HYPOTHESIS
EMP10185,USER,ojasvi.char85,Human Resources,0.95,LOW,0.615,MEDIUM,0,1.0,Unknown,UNKNOWN,SUFFICIENT_HISTORY,ZERO_MFA_FAILURES_OBSERVED,NO_ACTIONABLE_HYPOTHESIS
EMP11271,USER,krishna.hayre68,Support,8.26,LOW,0.815,HIGH,0,1.0,Unknown,UNKNOWN,SUFFICIENT_HISTORY,ZERO_MFA_FAILURES_OBSERVED,NO_ACTIONABLE_HYPOTHESIS
EMP11498,USER,lakshmi.biswas36,Procurement,8.43,LOW,0.8506,HIGH,0,1.0,Unknown,UNKNOWN,SUFFICIENT_HISTORY,ZERO_MFA_FAILURES_OBSERVED,NO_ACTIONABLE_HYPOTHESIS
EMP10931,USER,sanaya.chaudhary66,Customer Support,12.65,LOW,0.865,HIGH,0,1.0,Unknown,UNKNOWN,SUFFICIENT_HISTORY,ZERO_MFA_FAILURES_OBSERVED,NO_ACTIONABLE_HYPOTHESIS
EMP12115,USER,omaja.peri26,Procurement,8.43,LOW,0.895,HIGH,0,1.0,Unknown,UNKNOWN,SUFFICIENT_HISTORY,ZERO_MFA_FAILURES_OBSERVED,NO_ACTIONABLE_HYPOTHESIS
EMP12367,USER,rushil_contractor40,Procurement,8.43,LOW,0.7778,MEDIUM,0,1.0,Unknown,UNKNOWN,SUFFICIENT_HISTORY,ZERO_MFA_FAILURES_OBSERVED,NO_ACTIONABLE_HYPOTHESIS
EMP11808,USER,qasim.balasubramanian51,Finance,1.41,LOW,0.52,MEDIUM,0,1.0,Unknown,UNKNOWN,INSUFFICIENT_HISTORY,INSUFFICIENT_BASELINE_HISTORY; ZERO_MFA_FAILURES_OBSERVED,NO_ACTIONABLE_HYPOTHESIS
EMP12473,USER,anmol.bajwa13,Sales,8.43,LOW,0.7383,MEDIUM,0,1.0,Unknown,UNKNOWN,SUFFICIENT_HISTORY,ZERO_MFA_FAILURES_OBSERVED,NO_ACTIONABLE_HYPOTHESIS
EMP12134,USER,ayush.mital70,Finance,4.22,LOW,0.7383,MEDIUM,0,1.0,Unknown,UNKNOWN,SUFFICIENT_HISTORY,ZERO_MFA_FAILURES_OBSERVED,NO_ACTIONABLE_HYPOTHESIS
EMP10607,USER,atharv.saran18,Marketing,1.41,LOW,0.45,LOW,0,1.0,Unknown,UNKNOWN,INSUFFICIENT_HISTORY,INSUFFICIENT_BASELINE_HISTORY; ZERO_MFA_FAILURES_OBSERVED,NO_ACTIONABLE_HYPOTHESIS
EMP12900,USER,jai.bora58,Supply Chain,8.43,LOW,0.8061,HIGH,0,1.0,Unknown,UNKNOWN,SUFFICIENT_HISTORY,ZERO_MFA_FAILURES_OBSERVED,NO_ACTIONABLE_HYPOTHESIS
EMP10151,USER,anmol.shroff99,Finance,16.86,LOW,0.815,HIGH,0,1.0,Unknown,UNKNOWN,SUFFICIENT_HISTORY,ZERO_MFA_FAILURES_OBSERVED,NO_ACTIONABLE_HYPOTHESIS
EMP11694,USER,abhiram.badal81,Marketing,29.51,LOW,0.8327,HIGH,1,1.0,Unknown,UNKNOWN,SUFFICIENT_HISTORY,ZERO_MFA_FAILURES_OBSERVED,NO_ACTIONABLE_HYPOTHESIS
EMP12210,USER,sarthak.dhillon72,Sales,4.22,LOW,0.8506,HIGH,0,1.0,Unknown,UNKNOWN,SUFFICIENT_HISTORY,ZERO_MFA_FAILURES_OBSERVED,NO_ACTIONABLE_HYPOTHESIS
EMP10731,USER,charles.dash57,Sales,16.86,LOW,0.815,HIGH,0,1.0,Unknown,UNKNOWN,SUFFICIENT_HISTORY,ZERO_MFA_FAILURES_OBSERVED,NO_ACTIONABLE_HYPOTHESIS
EMP11429,USER,peter_agarwal6,Marketing,8.43,LOW,0.8506,HIGH,0,1.0,Unknown,UNKNOWN,SUFFICIENT_HISTORY,ZERO_MFA_FAILURES_OBSERVED,NO_ACTIONABLE_HYPOTHESIS
EMP12719,USER,hamsini.dhar94,Marketing,8.43,LOW,0.895,HIGH,0,1.0,Unknown,UNKNOWN,SUFFICIENT_HISTORY,ZERO_MFA_FAILURES_OBSERVED,NO_ACTIONABLE_HYPOTHESIS
EMP12812,USER,abdul.shankar63,Legal,4.22,LOW,0.835,HIGH,0,1.0,Unknown,UNKNOWN,SUFFICIENT_HISTORY,ZERO_MFA_FAILURES_OBSERVED,NO_ACTIONABLE_HYPOTHESIS
EMP10023,USER,tara.talwar25,Human Resources,8.43,LOW,0.92,HIGH,0,1.0,Unknown,UNKNOWN,SUFFICIENT_HISTORY,ZERO_MFA_FAILURES_OBSERVED,NO_ACTIONABLE_HYPOTHESIS
EMP11770,USER,pranit.goel51,R&D,14.75,LOW,0.835,HIGH,0,1.0,Unknown,UNKNOWN,SUFFICIENT_HISTORY,ZERO_MFA_FAILURES_OBSERVED,NO_ACTIONABLE_HYPOTHESIS
EMP10158,USER,tristan.subramaniam10,Finance,25.29,LOW,0.695,MEDIUM,1,1.0,Unknown,UNKNOWN,SUFFICIENT_HISTORY,ZERO_MFA_FAILURES_OBSERVED,NO_ACTIONABLE_HYPOTHESIS
EMP10861,USER,gagan.gandhi59,Innovation,21.08,LOW,0.7207,MEDIUM,0,1.0,Unknown,UNKNOWN,SUFFICIENT_HISTORY,ZERO_MFA_FAILURES_OBSERVED,NO_ACTIONABLE_HYPOTHESIS
EMP10902,USER,meghana.wali56,IT,12.65,LOW,1.0,HIGH,0,1.0,Unknown,UNKNOWN,SUFFICIENT_HISTORY,ZERO_MFA_FAILURES_OBSERVED,NO_ACTIONABLE_HYPOTHESIS
EMP12241,USER,charvi.khare49,Marketing,29.51,LOW,0.9467,HIGH,1,1.0,Unknown,UNKNOWN,SUFFICIENT_HISTORY,ZERO_MFA_FAILURES_OBSERVED,NO_ACTIONABLE_HYPOTHESIS
EMP11230,USER,urishilla.dewan82,R&D,4.22,LOW,0.775,MEDIUM,0,1.0,Unknown,UNKNOWN,SUFFICIENT_HISTORY,ZERO_MFA_FAILURES_OBSERVED,NO_ACTIONABLE_HYPOTHESIS
EMP12325,USER,Unknown,Human Resources,11.45,LOW,0.865,HIGH,0,1.0,Unknown,UNKNOWN,SUFFICIENT_HISTORY,ZERO_MFA_FAILURES_OBSERVED,NO_ACTIONABLE_HYPOTHESIS
EMP10444,USER,vedika.krishnamurthy18,Legal,8.43,LOW,0.6717,MEDIUM,0,1.0,Unknown,UNKNOWN,SUFFICIENT_HISTORY,ZERO_MFA_FAILURES_OBSERVED,NO_ACTIONABLE_HYPOTHESIS
EMP10754,USER,ekalinga.keer78,Finance,29.51,LOW,0.9636,HIGH,0,1.0,Unknown,UNKNOWN,SUFFICIENT_HISTORY,ZERO_MFA_FAILURES_OBSERVED,NO_ACTIONABLE_HYPOTHESIS
EMP10923,USER,aryan_pillay15,IT,4.22,LOW,0.805,HIGH,0,1.0,Unknown,UNKNOWN,SUFFICIENT_HISTORY,ZERO_MFA_FAILURES_OBSERVED,NO_ACTIONABLE_HYPOTHESIS
EMP12001,USER,naksh.virk96,R&D,16.86,LOW,0.9636,HIGH,0,1.0,Unknown,UNKNOWN,SUFFICIENT_HISTORY,ZERO_MFA_FAILURES_OBSERVED,NO_ACTIONABLE_HYPOTHESIS
EMP10311,USER,lakshmi.golla58,Procurement,4.22,LOW,0.815,HIGH,0,1.0,Unknown,UNKNOWN,SUFFICIENT_HISTORY,ZERO_MFA_FAILURES_OBSERVED,NO_ACTIONABLE_HYPOTHESIS
EMP10548,USER,prisha.bhattacharyya32,Procurement,12.65,LOW,0.8061,HIGH,0,1.0,Unknown,UNKNOWN,SUFFICIENT_HISTORY,ZERO_MFA_FAILURES_OBSERVED,NO_ACTIONABLE_HYPOTHESIS
EMP11552,USER,dalbir.sharaf34,Supply Chain,0.0,LOW,0.45,LOW,0,1.0,Unknown,UNKNOWN,INSUFFICIENT_HISTORY,INSUFFICIENT_BASELINE_HISTORY; ZERO_MFA_FAILURES_OBSERVED,NO_ACTIONABLE_HYPOTHESIS
EMP10306,USER,saanvi.loke20,Operations,0.0,LOW,0.8061,HIGH,0,1.0,Unknown,UNKNOWN,SUFFICIENT_HISTORY,ZERO_MFA_FAILURES_OBSERVED,NO_ACTIONABLE_HYPOTHESIS
EMP10287,USER,edhitha.muni51,Operations,9.48,LOW,0.865,HIGH,0,1.0,Unknown,UNKNOWN,SUFFICIENT_HISTORY,ZERO_MFA_FAILURES_OBSERVED,NO_ACTIONABLE_HYPOTHESIS
EMP10694,USER,Unknown,Customer Support,1.25,LOW,0.26,LOW,0,1.0,Unknown,UNKNOWN,INSUFFICIENT_HISTORY,LOW_TIMESTAMP_QUALITY; INSUFFICIENT_BASELINE_HISTORY; ZERO_MFA_FAILURES_OBSERVED,NO_ACTIONABLE_HYPOTHESIS
EMP10308,USER,teerth.seshadri93,R&D,14.75,LOW,0.92,HIGH,0,1.0,Unknown,UNKNOWN,SUFFICIENT_HISTORY,ZERO_MFA_FAILURES_OBSERVED,NO_ACTIONABLE_HYPOTHESIS
EMP12392,USER,jagvi.baral41,Sales,0.0,LOW,0.805,HIGH,0,1.0,Unknown,UNKNOWN,SUFFICIENT_HISTORY,ZERO_MFA_FAILURES_OBSERVED,NO_ACTIONABLE_HYPOTHESIS
EMP10749,USER,madhav.khosla93,Innovation,8.55,LOW,0.865,HIGH,0,1.0,Unknown,UNKNOWN,SUFFICIENT_HISTORY,ZERO_MFA_FAILURES_OBSERVED,NO_ACTIONABLE_HYPOTHESIS
EMP11803,USER,yashawini.salvi36,Finance,21.08,LOW,1.0,HIGH,0,1.0,Unknown,UNKNOWN,SUFFICIENT_HISTORY,ZERO_MFA_FAILURES_OBSERVED,NO_ACTIONABLE_HYPOTHESIS
EMP11978,USER,krishna.prashad38,Marketing,4.22,LOW,0.7778,MEDIUM,0,1.0,Unknown,UNKNOWN,SUFFICIENT_HISTORY,ZERO_MFA_FAILURES_OBSERVED,NO_ACTIONABLE_HYPOTHESIS
EMP11614,USER,lucky.goda58,Human Resources,7.23,LOW,0.835,HIGH,0,1.0,Unknown,UNKNOWN,SUFFICIENT_HISTORY,ZERO_MFA_FAILURES_OBSERVED,NO_ACTIONABLE_HYPOTHESIS
EMP10908,USER,bhavya.shah29,R&D,8.43,LOW,0.805,HIGH,0,1.0,Unknown,UNKNOWN,SUFFICIENT_HISTORY,ZERO_MFA_FAILURES_OBSERVED,NO_ACTIONABLE_HYPOTHESIS
EMP12402,USER,oni.mander24,Human Resources,4.22,LOW,0.8506,HIGH,0,1.0,Unknown,UNKNOWN,SUFFICIENT_HISTORY,ZERO_MFA_FAILURES_OBSERVED,NO_ACTIONABLE_HYPOTHESIS
EMP12452,USER,hritik.raman63,IT,5.9,LOW,0.7383,MEDIUM,0,1.0,Unknown,UNKNOWN,SUFFICIENT_HISTORY,ZERO_MFA_FAILURES_OBSERVED,NO_ACTIONABLE_HYPOTHESIS
EMP11370,USER,eiravati.devi70,Call Center,7.1,LOW,0.615,MEDIUM,0,1.0,Unknown,UNKNOWN,SUFFICIENT_HISTORY,ZERO_MFA_FAILURES_OBSERVED,NO_ACTIONABLE_HYPOTHESIS
EMP12570,USER,ekiya.dube95,Finance,16.86,LOW,0.92,HIGH,1,1.0,Unknown,UNKNOWN,SUFFICIENT_HISTORY,ZERO_MFA_FAILURES_OBSERVED,NO_ACTIONABLE_HYPOTHESIS
EMP10970,USER,geetika.palla32,Human Resources,4.22,LOW,0.7383,MEDIUM,0,1.0,Unknown,UNKNOWN,SUFFICIENT_HISTORY,ZERO_MFA_FAILURES_OBSERVED,NO_ACTIONABLE_HYPOTHESIS
EMP10013,USER,azaan.bhagat20,Finance,21.08,LOW,0.52,MEDIUM,1,1.0,Unknown,UNKNOWN,INSUFFICIENT_HISTORY,INSUFFICIENT_BASELINE_HISTORY; ZERO_MFA_FAILURES_OBSERVED,NO_ACTIONABLE_HYPOTHESIS
EMP10873,USER,jack.kamdar91,R&D,4.22,LOW,0.605,MEDIUM,0,1.0,Unknown,UNKNOWN,SUFFICIENT_HISTORY,ZERO_MFA_FAILURES_OBSERVED,NO_ACTIONABLE_HYPOTHESIS
EMP10808,USER,chakrika.wable69,IT,29.51,LOW,0.9667,HIGH,0,1.0,Unknown,UNKNOWN,SUFFICIENT_HISTORY,ZERO_MFA_FAILURES_OBSERVED,NO_ACTIONABLE_HYPOTHESIS
EMP12657,USER,gagan.boase71,IT,0.0,LOW,0.96,HIGH,0,1.0,Unknown,UNKNOWN,SUFFICIENT_HISTORY,ZERO_MFA_FAILURES_OBSERVED,NO_ACTIONABLE_HYPOTHESIS
EMP10514,USER,Unknown,Marketing,8.43,LOW,0.815,HIGH,0,1.0,Unknown,UNKNOWN,SUFFICIENT_HISTORY,ZERO_MFA_FAILURES_OBSERVED,NO_ACTIONABLE_HYPOTHESIS
EMP12486,USER,charvi_om72,Human Resources,12.65,LOW,0.96,HIGH,0,1.0,Unknown,UNKNOWN,SUFFICIENT_HISTORY,ZERO_MFA_FAILURES_OBSERVED,NO_ACTIONABLE_HYPOTHESIS
EMP10409,USER,nihal.balasubramanian98,Human Resources,11.29,LOW,0.7383,MEDIUM,0,1.0,Unknown,UNKNOWN,SUFFICIENT_HISTORY,ZERO_MFA_FAILURES_OBSERVED,NO_ACTIONABLE_HYPOTHESIS
EMP11455,USER,leena_hayer23,Finance,16.86,LOW,0.815,HIGH,0,1.0,Unknown,UNKNOWN,SUFFICIENT_HISTORY,ZERO_MFA_FAILURES_OBSERVED,NO_ACTIONABLE_HYPOTHESIS
EMP12765,USER,zayyan.chatterjee30,Legal,0.0,LOW,0.8061,HIGH,0,1.0,Unknown,UNKNOWN,SUFFICIENT_HISTORY,ZERO_MFA_FAILURES_OBSERVED,NO_ACTIONABLE_HYPOTHESIS
EMP11397,USER,kalpit.palla51,Sales,12.65,LOW,0.9333,HIGH,0,1.0,Unknown,UNKNOWN,SUFFICIENT_HISTORY,ZERO_MFA_FAILURES_OBSERVED,NO_ACTIONABLE_HYPOTHESIS
EMP11862,USER,Unknown,Customer Support,16.86,LOW,0.9428,HIGH,0,1.0,Unknown,UNKNOWN,SUFFICIENT_HISTORY,ZERO_MFA_FAILURES_OBSERVED,NO_ACTIONABLE_HYPOTHESIS
EMP12215,USER,osha.butala17,Compliance,16.86,LOW,0.765,MEDIUM,0,1.0,Unknown,UNKNOWN,SUFFICIENT_HISTORY,ZERO_MFA_FAILURES_OBSERVED,NO_ACTIONABLE_HYPOTHESIS
EMP11805,USER,liam.sarma22,Sales,0.0,LOW,0.3867,LOW,0,1.0,Unknown,UNKNOWN,INSUFFICIENT_HISTORY,INSUFFICIENT_BASELINE_HISTORY; ZERO_MFA_FAILURES_OBSERVED,NO_ACTIONABLE_HYPOTHESIS
EMP10382,USER,janani.deep4,Operations,5.27,LOW,0.7383,MEDIUM,0,1.0,Unknown,UNKNOWN,SUFFICIENT_HISTORY,ZERO_MFA_FAILURES_OBSERVED,NO_ACTIONABLE_HYPOTHESIS
EMP11677,USER,sachi.bains24,Human Resources,7.23,LOW,0.865,HIGH,0,1.0,Unknown,UNKNOWN,SUFFICIENT_HISTORY,ZERO_MFA_FAILURES_OBSERVED,NO_ACTIONABLE_HYPOTHESIS
EMP12953,USER,qadim.saxena42,Brand,16.81,LOW,0.8061,HIGH,0,1.0,Unknown,UNKNOWN,SUFFICIENT_HISTORY,ZERO_MFA_FAILURES_OBSERVED,NO_ACTIONABLE_HYPOTHESIS
EMP11506,USER,charvi.bera96,Customer Support,0.0,LOW,0.45,LOW,0,1.0,Unknown,UNKNOWN,INSUFFICIENT_HISTORY,INSUFFICIENT_BASELINE_HISTORY; ZERO_MFA_FAILURES_OBSERVED,NO_ACTIONABLE_HYPOTHESIS
EMP12269,USER,eesha_pant59,Operations,2.11,LOW,0.805,HIGH,0,1.0,Unknown,UNKNOWN,SUFFICIENT_HISTORY,ZERO_MFA_FAILURES_OBSERVED,NO_ACTIONABLE_HYPOTHESIS
EMP11446,USER,mekhala.varughese7,Human Resources,12.65,LOW,0.96,HIGH,0,1.0,Unknown,UNKNOWN,SUFFICIENT_HISTORY,ZERO_MFA_FAILURES_OBSERVED,NO_ACTIONABLE_HYPOTHESIS
EMP10552,USER,xalak.tiwari59,Human Resources,15.5,LOW,0.765,MEDIUM,0,1.0,Unknown,UNKNOWN,SUFFICIENT_HISTORY,ZERO_MFA_FAILURES_OBSERVED,NO_ACTIONABLE_HYPOTHESIS
EMP10222,USER,sachi.bhargava76,Operations,25.29,LOW,1.0,HIGH,1,1.0,Unknown,UNKNOWN,SUFFICIENT_HISTORY,ZERO_MFA_FAILURES_OBSERVED,NO_ACTIONABLE_HYPOTHESIS
EMP11096,USER,aishani.madan27,Human Resources,4.22,LOW,0.805,HIGH,0,1.0,Unknown,UNKNOWN,SUFFICIENT_HISTORY,ZERO_MFA_FAILURES_OBSERVED,NO_ACTIONABLE_HYPOTHESIS
EMP12677,USER,vincent.hayre30,Human Resources,33.43,MODERATE,0.9467,HIGH,1,1.0,Unknown,UNKNOWN,SUFFICIENT_HISTORY,UNCORROBORATED_SINGLE_DIMENSION; ZERO_MFA_FAILURES_OBSERVED,NO_ACTIONABLE_HYPOTHESIS
EMP10008,USER,wakeeta.joshi82,Finance,16.86,LOW,0.96,HIGH,0,1.0,Unknown,UNKNOWN,SUFFICIENT_HISTORY,ZERO_MFA_FAILURES_OBSERVED,NO_ACTIONABLE_HYPOTHESIS
EMP11575,USER,suhani.gupta20,Sales,4.22,LOW,0.835,HIGH,0,1.0,Unknown,UNKNOWN,SUFFICIENT_HISTORY,ZERO_MFA_FAILURES_OBSERVED,NO_ACTIONABLE_HYPOTHESIS
EMP10316,USER,keya.basu50,Legal,16.86,LOW,0.9273,HIGH,0,1.0,Unknown,UNKNOWN,SUFFICIENT_HISTORY,ZERO_MFA_FAILURES_OBSERVED,NO_ACTIONABLE_HYPOTHESIS
EMP10427,USER,mahika.sura52,Legal,8.43,LOW,0.45,LOW,0,1.0,Unknown,UNKNOWN,INSUFFICIENT_HISTORY,INSUFFICIENT_BASELINE_HISTORY; ZERO_MFA_FAILURES_OBSERVED,NO_ACTIONABLE_HYPOTHESIS
EMP12167,USER,isaiah.salvi78,IT,13.49,LOW,0.775,MEDIUM,0,1.0,Unknown,UNKNOWN,SUFFICIENT_HISTORY,ZERO_MFA_FAILURES_OBSERVED,NO_ACTIONABLE_HYPOTHESIS
EMP10105,USER,quincy.kunda53,IT Support,0.0,LOW,0.865,HIGH,0,1.0,Unknown,UNKNOWN,SUFFICIENT_HISTORY,ZERO_MFA_FAILURES_OBSERVED,NO_ACTIONABLE_HYPOTHESIS
EMP11476,USER,chameli.bajwa81,R&D,4.22,LOW,0.8506,HIGH,0,1.0,Unknown,UNKNOWN,SUFFICIENT_HISTORY,ZERO_MFA_FAILURES_OBSERVED,NO_ACTIONABLE_HYPOTHESIS
EMP10142,USER,wishi.balay53,Operations,13.7,LOW,0.895,HIGH,0,1.0,Unknown,UNKNOWN,SUFFICIENT_HISTORY,ZERO_MFA_FAILURES_OBSERVED,NO_ACTIONABLE_HYPOTHESIS
EMP10121,USER,mason.sarna33,R&D,23.19,LOW,1.0,HIGH,0,1.0,Unknown,UNKNOWN,SUFFICIENT_HISTORY,ZERO_MFA_FAILURES_OBSERVED,NO_ACTIONABLE_HYPOTHESIS
EMP12443,USER,chanakya.raj3,Legal,0.0,LOW,0.695,MEDIUM,0,1.0,Unknown,UNKNOWN,SUFFICIENT_HISTORY,ZERO_MFA_FAILURES_OBSERVED,NO_ACTIONABLE_HYPOTHESIS
EMP12951,USER,urvi.golla88,Innovation,13.08,LOW,0.775,MEDIUM,0,1.0,Unknown,UNKNOWN,SUFFICIENT_HISTORY,ZERO_MFA_FAILURES_OBSERVED,NO_ACTIONABLE_HYPOTHESIS
EMP11189,USER,kai.chhabra30,Sales,0.0,LOW,0.52,MEDIUM,0,1.0,Unknown,UNKNOWN,INSUFFICIENT_HISTORY,INSUFFICIENT_BASELINE_HISTORY; ZERO_MFA_FAILURES_OBSERVED,NO_ACTIONABLE_HYPOTHESIS
EMP12023,USER,balveer.babu77,Brand,25.29,LOW,1.0,HIGH,1,1.0,Unknown,UNKNOWN,SUFFICIENT_HISTORY,ZERO_MFA_FAILURES_OBSERVED,NO_ACTIONABLE_HYPOTHESIS
EMP12679,USER,eiravati.venkatesh64,Legal,4.22,LOW,0.7778,MEDIUM,0,1.0,Unknown,UNKNOWN,SUFFICIENT_HISTORY,ZERO_MFA_FAILURES_OBSERVED,NO_ACTIONABLE_HYPOTHESIS
EMP11459,USER,yagnesh.solanki69,Legal,21.08,LOW,0.815,HIGH,1,1.0,Unknown,UNKNOWN,SUFFICIENT_HISTORY,ZERO_MFA_FAILURES_OBSERVED,NO_ACTIONABLE_HYPOTHESIS
EMP10115,USER,anay.prabhu39,Sales,0.0,LOW,0.7383,MEDIUM,0,1.0,Unknown,UNKNOWN,SUFFICIENT_HISTORY,ZERO_MFA_FAILURES_OBSERVED,NO_ACTIONABLE_HYPOTHESIS
EMP12102,USER,gaurang.cheema44,Operations,16.86,LOW,0.9636,HIGH,0,1.0,Unknown,UNKNOWN,SUFFICIENT_HISTORY,ZERO_MFA_FAILURES_OBSERVED,NO_ACTIONABLE_HYPOTHESIS
EMP11611,USER,sara.ganesh12,Human Resources,25.29,LOW,0.9667,HIGH,1,1.0,Unknown,UNKNOWN,SUFFICIENT_HISTORY,ZERO_MFA_FAILURES_OBSERVED,NO_ACTIONABLE_HYPOTHESIS
EMP12211,USER,samar.bal73,Procurement,4.22,LOW,0.6717,MEDIUM,0,1.0,Unknown,UNKNOWN,SUFFICIENT_HISTORY,ZERO_MFA_FAILURES_OBSERVED,NO_ACTIONABLE_HYPOTHESIS
EMP12882,USER,hemangini.dhaliwal99,Legal,4.22,LOW,0.835,HIGH,0,1.0,Unknown,UNKNOWN,SUFFICIENT_HISTORY,ZERO_MFA_FAILURES_OBSERVED,NO_ACTIONABLE_HYPOTHESIS
EMP12144,USER,krishna_gala53,Marketing,100.0,CRITICAL,0.9509,HIGH,3,1.5,Unknown,UNKNOWN,SUFFICIENT_HISTORY,ZERO_MFA_FAILURES_OBSERVED,POSSIBLE_CREDENTIAL_COMPROMISE; POSSIBLE_ACCOUNT_TAKEOVER; POSSIBLE_ANOMALOUS_DATA_EXFILTRATION
EMP11703,USER,jagdish.mammen94,IT,25.0,LOW,0.3867,LOW,1,1.0,Unknown,UNKNOWN,INSUFFICIENT_HISTORY,INSUFFICIENT_BASELINE_HISTORY; ZERO_MFA_FAILURES_OBSERVED,NO_ACTIONABLE_HYPOTHESIS
EMP11913,USER,darpan.randhawa69,Sales,0.0,LOW,0.6636,MEDIUM,0,1.0,Unknown,UNKNOWN,SUFFICIENT_HISTORY,ZERO_MFA_FAILURES_OBSERVED,NO_ACTIONABLE_HYPOTHESIS
EMP10672,USER,leena.kale20,Sales,8.43,LOW,0.96,HIGH,0,1.0,Unknown,UNKNOWN,SUFFICIENT_HISTORY,ZERO_MFA_FAILURES_OBSERVED,NO_ACTIONABLE_HYPOTHESIS
EMP12786,USER,Unknown,Procurement,8.43,LOW,0.775,MEDIUM,0,1.0,Unknown,UNKNOWN,SUFFICIENT_HISTORY,ZERO_MFA_FAILURES_OBSERVED,NO_ACTIONABLE_HYPOTHESIS
EMP11737,USER,fitan.rana52,Operations,10.54,LOW,0.775,MEDIUM,0,1.0,Unknown,UNKNOWN,SUFFICIENT_HISTORY,ZERO_MFA_FAILURES_OBSERVED,NO_ACTIONABLE_HYPOTHESIS
EMP11616,USER,arunima.sampath73,Operations,8.43,LOW,0.865,HIGH,0,1.0,Unknown,UNKNOWN,SUFFICIENT_HISTORY,ZERO_MFA_FAILURES_OBSERVED,NO_ACTIONABLE_HYPOTHESIS
EMP10591,USER,fariq.chhabra6,R&D,0.0,LOW,0.7207,MEDIUM,0,1.0,Unknown,UNKNOWN,SUFFICIENT_HISTORY,ZERO_MFA_FAILURES_OBSERVED,NO_ACTIONABLE_HYPOTHESIS
EMP12800,USER,pooja.sani57,Support,16.86,LOW,0.895,HIGH,0,1.0,Unknown,UNKNOWN,SUFFICIENT_HISTORY,ZERO_MFA_FAILURES_OBSERVED,NO_ACTIONABLE_HYPOTHESIS
EMP10888,USER,vedant.parmer66,Human Resources,29.51,LOW,1.0,HIGH,0,1.0,Unknown,UNKNOWN,SUFFICIENT_HISTORY,ZERO_MFA_FAILURES_OBSERVED,NO_ACTIONABLE_HYPOTHESIS
EMP11868,USER,jagvi.acharya69,R&D,6.32,LOW,0.49,LOW,0,1.0,Unknown,UNKNOWN,INSUFFICIENT_HISTORY,INSUFFICIENT_BASELINE_HISTORY; ZERO_MFA_FAILURES_OBSERVED,NO_ACTIONABLE_HYPOTHESIS
EMP11779,USER,hardik.pathak18,Marketing,23.61,LOW,0.8506,HIGH,0,1.0,Unknown,UNKNOWN,SUFFICIENT_HISTORY,ZERO_MFA_FAILURES_OBSERVED,NO_ACTIONABLE_HYPOTHESIS
EMP11972,USER,yochana.vyas99,Sales,12.65,LOW,0.5678,MEDIUM,0,1.0,Unknown,UNKNOWN,INSUFFICIENT_TIMESTAMP_QUALITY,LOW_TIMESTAMP_QUALITY; ZERO_MFA_FAILURES_OBSERVED,NO_ACTIONABLE_HYPOTHESIS
EMP10213,USER,darpan.tripathi54,Sales,0.0,LOW,0.605,MEDIUM,0,1.0,Unknown,UNKNOWN,SUFFICIENT_HISTORY,ZERO_MFA_FAILURES_OBSERVED,NO_ACTIONABLE_HYPOTHESIS
EMP10778,USER,gaurang.de59,Operations,8.43,LOW,0.8506,HIGH,0,1.0,Unknown,UNKNOWN,SUFFICIENT_HISTORY,ZERO_MFA_FAILURES_OBSERVED,NO_ACTIONABLE_HYPOTHESIS
EMP11777,USER,anusha.contractor42,Sales,8.43,LOW,0.865,HIGH,0,1.0,Unknown,UNKNOWN,SUFFICIENT_HISTORY,ZERO_MFA_FAILURES_OBSERVED,NO_ACTIONABLE_HYPOTHESIS
EMP10800,USER,naveen.bains15,Finance,63.23,HIGH,0.9733,HIGH,2,1.25,Unknown,UNKNOWN,SUFFICIENT_HISTORY,ZERO_MFA_FAILURES_OBSERVED,POSSIBLE_ACCOUNT_TAKEOVER; POSSIBLE_SUSPICIOUS_ENDPOINT_ACTIVITY
EMP11732,USER,andrew.tiwari53,Finance,21.08,LOW,0.7207,MEDIUM,0,1.0,Unknown,UNKNOWN,SUFFICIENT_HISTORY,ZERO_MFA_FAILURES_OBSERVED,NO_ACTIONABLE_HYPOTHESIS
EMP12355,USER,jai.sehgal30,Human Resources,22.98,LOW,0.865,HIGH,1,1.0,Unknown,UNKNOWN,SUFFICIENT_HISTORY,ZERO_MFA_FAILURES_OBSERVED,NO_ACTIONABLE_HYPOTHESIS
EMP12744,USER,wakeeta.dubey69,R&D,14.75,LOW,0.7383,MEDIUM,0,1.0,Unknown,UNKNOWN,SUFFICIENT_HISTORY,ZERO_MFA_FAILURES_OBSERVED,NO_ACTIONABLE_HYPOTHESIS
EMP12794,USER,Unknown,Human Resources,16.86,LOW,1.0,HIGH,0,1.0,Unknown,UNKNOWN,SUFFICIENT_HISTORY,ZERO_MFA_FAILURES_OBSERVED,NO_ACTIONABLE_HYPOTHESIS
EMP11343,USER,sanaya.dara84,IT,16.86,LOW,0.815,HIGH,0,1.0,Unknown,UNKNOWN,SUFFICIENT_HISTORY,ZERO_MFA_FAILURES_OBSERVED,NO_ACTIONABLE_HYPOTHESIS
EMP10273,USER,reva.parsa46,Finance,8.43,LOW,0.8061,HIGH,0,1.0,Unknown,UNKNOWN,SUFFICIENT_HISTORY,ZERO_MFA_FAILURES_OBSERVED,NO_ACTIONABLE_HYPOTHESIS
EMP10071,USER,ronith.varkey59,Finance,0.0,LOW,0.3867,LOW,0,1.0,Unknown,UNKNOWN,INSUFFICIENT_HISTORY,INSUFFICIENT_BASELINE_HISTORY; ZERO_MFA_FAILURES_OBSERVED,NO_ACTIONABLE_HYPOTHESIS
EMP12276,USER,dev.munshi71,Support,4.22,LOW,0.805,HIGH,0,1.0,Unknown,UNKNOWN,SUFFICIENT_HISTORY,ZERO_MFA_FAILURES_OBSERVED,NO_ACTIONABLE_HYPOTHESIS
EMP11087,USER,Unknown,Sales,0.0,LOW,0.55,MEDIUM,0,1.0,Unknown,UNKNOWN,INSUFFICIENT_HISTORY,INSUFFICIENT_BASELINE_HISTORY; ZERO_MFA_FAILURES_OBSERVED,NO_ACTIONABLE_HYPOTHESIS
EMP10394,USER,kiaan.suri21,Human Resources,31.12,MODERATE,0.9692,HIGH,1,1.0,Unknown,UNKNOWN,SUFFICIENT_HISTORY,UNCORROBORATED_SINGLE_DIMENSION; ZERO_MFA_FAILURES_OBSERVED,NO_ACTIONABLE_HYPOTHESIS
EMP10583,USER,peter.johal99,R&D,4.22,LOW,0.835,HIGH,0,1.0,Unknown,UNKNOWN,SUFFICIENT_HISTORY,ZERO_MFA_FAILURES_OBSERVED,NO_ACTIONABLE_HYPOTHESIS
EMP12080,USER,ojas.bala91,Operations,6.32,LOW,0.7778,MEDIUM,0,1.0,Unknown,UNKNOWN,SUFFICIENT_HISTORY,ZERO_MFA_FAILURES_OBSERVED,NO_ACTIONABLE_HYPOTHESIS
EMP12961,USER,chatura.char56,Operations,16.86,LOW,1.0,HIGH,0,1.0,Unknown,UNKNOWN,SUFFICIENT_HISTORY,ZERO_MFA_FAILURES_OBSERVED,NO_ACTIONABLE_HYPOTHESIS
EMP10500,USER,irya.prakash40,Sales,4.22,LOW,0.8506,HIGH,0,1.0,Unknown,UNKNOWN,SUFFICIENT_HISTORY,ZERO_MFA_FAILURES_OBSERVED,NO_ACTIONABLE_HYPOTHESIS
EMP12098,USER,caleb.pandit47,Compliance,4.22,LOW,1.0,HIGH,0,1.0,Unknown,UNKNOWN,SUFFICIENT_HISTORY,ZERO_MFA_FAILURES_OBSERVED,NO_ACTIONABLE_HYPOTHESIS
EMP12291,USER,bina.sem68,Sales,4.22,LOW,0.805,HIGH,0,1.0,Unknown,UNKNOWN,SUFFICIENT_HISTORY,ZERO_MFA_FAILURES_OBSERVED,NO_ACTIONABLE_HYPOTHESIS
EMP12823,USER,harinakshi.badami29,Support,12.65,LOW,0.7617,MEDIUM,0,1.0,Unknown,UNKNOWN,SUFFICIENT_HISTORY,ZERO_MFA_FAILURES_OBSERVED,NO_ACTIONABLE_HYPOTHESIS
EMP11567,USER,hardik.kata71,Human Resources,5.17,LOW,0.835,HIGH,0,1.0,Unknown,UNKNOWN,SUFFICIENT_HISTORY,ZERO_MFA_FAILURES_OBSERVED,NO_ACTIONABLE_HYPOTHESIS
EMP11259,USER,kashish.chaudhari74,Human Resources,12.65,LOW,1.0,HIGH,0,1.0,Unknown,UNKNOWN,SUFFICIENT_HISTORY,ZERO_MFA_FAILURES_OBSERVED,NO_ACTIONABLE_HYPOTHESIS
EMP11714,USER,ekaraj.nagar7,Sales,12.65,LOW,0.92,HIGH,0,1.0,Unknown,UNKNOWN,SUFFICIENT_HISTORY,ZERO_MFA_FAILURES_OBSERVED,NO_ACTIONABLE_HYPOTHESIS
EMP12091,USER,chakrika.mittal44,Sales,16.86,LOW,0.45,LOW,1,1.0,Unknown,UNKNOWN,INSUFFICIENT_HISTORY,INSUFFICIENT_BASELINE_HISTORY; ZERO_MFA_FAILURES_OBSERVED,NO_ACTIONABLE_HYPOTHESIS
EMP10205,USER,ekapad.chacko29,Operations,4.22,LOW,0.775,MEDIUM,0,1.0,Unknown,UNKNOWN,SUFFICIENT_HISTORY,ZERO_MFA_FAILURES_OBSERVED,NO_ACTIONABLE_HYPOTHESIS
EMP10733,USER,vivaan.choudhry44,IT,0.0,LOW,1.0,HIGH,0,1.0,Unknown,UNKNOWN,SUFFICIENT_HISTORY,ZERO_MFA_FAILURES_OBSERVED,NO_ACTIONABLE_HYPOTHESIS
EMP11867,USER,balveer.bandi35,Finance,8.43,LOW,0.8061,HIGH,0,1.0,Unknown,UNKNOWN,SUFFICIENT_HISTORY,ZERO_MFA_FAILURES_OBSERVED,NO_ACTIONABLE_HYPOTHESIS
EMP10526,USER,tanveer.reddy70,IT,4.22,LOW,0.715,MEDIUM,0,1.0,Unknown,UNKNOWN,SUFFICIENT_HISTORY,ZERO_MFA_FAILURES_OBSERVED,NO_ACTIONABLE_HYPOTHESIS
EMP11467,USER,balhaar.chahal52,IT,4.22,LOW,0.835,HIGH,0,1.0,Unknown,UNKNOWN,SUFFICIENT_HISTORY,ZERO_MFA_FAILURES_OBSERVED,NO_ACTIONABLE_HYPOTHESIS
EMP10898,USER,udyati.sagar51,IT,26.14,LOW,0.815,HIGH,0,1.0,Unknown,UNKNOWN,SUFFICIENT_HISTORY,ZERO_MFA_FAILURES_OBSERVED,NO_ACTIONABLE_HYPOTHESIS
EMP10377,USER,Unknown,Sales,0.0,LOW,0.6717,MEDIUM,0,1.0,Unknown,UNKNOWN,SUFFICIENT_HISTORY,ZERO_MFA_FAILURES_OBSERVED,NO_ACTIONABLE_HYPOTHESIS
EMP12428,USER,mekhala.devan19,Finance,0.0,LOW,0.55,MEDIUM,0,1.0,Unknown,UNKNOWN,INSUFFICIENT_HISTORY,INSUFFICIENT_BASELINE_HISTORY; ZERO_MFA_FAILURES_OBSERVED,NO_ACTIONABLE_HYPOTHESIS
EMP12764,USER,urmi.dey32,Customer Support,5.62,LOW,0.805,HIGH,0,1.0,Unknown,UNKNOWN,SUFFICIENT_HISTORY,ZERO_MFA_FAILURES_OBSERVED,NO_ACTIONABLE_HYPOTHESIS
EMP12870,USER,yochana_goda80,R&D,8.43,LOW,0.815,HIGH,0,1.0,Unknown,UNKNOWN,SUFFICIENT_HISTORY,ZERO_MFA_FAILURES_OBSERVED,NO_ACTIONABLE_HYPOTHESIS
EMP10386,USER,ikshita.bains18,Finance,8.43,LOW,1.0,HIGH,0,1.0,Unknown,UNKNOWN,SUFFICIENT_HISTORY,ZERO_MFA_FAILURES_OBSERVED,NO_ACTIONABLE_HYPOTHESIS
EMP10198,USER,ansh.barad37,Innovation,0.0,LOW,0.7778,MEDIUM,0,1.0,Unknown,UNKNOWN,SUFFICIENT_HISTORY,ZERO_MFA_FAILURES_OBSERVED,NO_ACTIONABLE_HYPOTHESIS
EMP11050,USER,radhika.uppal16,Legal,16.86,LOW,0.9667,HIGH,0,1.0,Unknown,UNKNOWN,SUFFICIENT_HISTORY,ZERO_MFA_FAILURES_OBSERVED,NO_ACTIONABLE_HYPOTHESIS
EMP10590,USER,aarav.rajagopalan83,Operations,8.43,LOW,0.7778,MEDIUM,0,1.0,Unknown,UNKNOWN,SUFFICIENT_HISTORY,ZERO_MFA_FAILURES_OBSERVED,NO_ACTIONABLE_HYPOTHESIS
EMP10519,USER,joshua.modi3,Sales,42.16,MODERATE,0.9692,HIGH,2,1.25,Unknown,UNKNOWN,SUFFICIENT_HISTORY,ZERO_MFA_FAILURES_OBSERVED,NO_ACTIONABLE_HYPOTHESIS
EMP12087,USER,faqid.shukla15,Sales,0.0,LOW,0.52,MEDIUM,0,1.0,Unknown,UNKNOWN,INSUFFICIENT_HISTORY,INSUFFICIENT_BASELINE_HISTORY; ZERO_MFA_FAILURES_OBSERVED,NO_ACTIONABLE_HYPOTHESIS
EMP12107,USER,dalbir_kale66,Human Resources,0.0,LOW,0.7778,MEDIUM,0,1.0,Unknown,UNKNOWN,SUFFICIENT_HISTORY,ZERO_MFA_FAILURES_OBSERVED,NO_ACTIONABLE_HYPOTHESIS
EMP10429,USER,dominic.sood93,Customer Support,20.14,LOW,0.55,MEDIUM,1,1.0,Unknown,UNKNOWN,INSUFFICIENT_HISTORY,INSUFFICIENT_BASELINE_HISTORY; ZERO_MFA_FAILURES_OBSERVED,NO_ACTIONABLE_HYPOTHESIS
EMP11083,USER,dipta.muni23,R&D,10.54,LOW,0.695,MEDIUM,0,1.0,Unknown,UNKNOWN,SUFFICIENT_HISTORY,ZERO_MFA_FAILURES_OBSERVED,NO_ACTIONABLE_HYPOTHESIS
EMP10207,USER,tanveer.dutt80,Procurement,0.0,LOW,0.775,MEDIUM,0,1.0,Unknown,UNKNOWN,SUFFICIENT_HISTORY,ZERO_MFA_FAILURES_OBSERVED,NO_ACTIONABLE_HYPOTHESIS
EMP10491,USER,lekha.wadhwa81,Human Resources,4.22,LOW,0.835,HIGH,0,1.0,Unknown,UNKNOWN,SUFFICIENT_HISTORY,ZERO_MFA_FAILURES_OBSERVED,NO_ACTIONABLE_HYPOTHESIS
EMP11425,USER,hemang.desai79,Finance,11.24,LOW,0.45,LOW,0,1.0,Unknown,UNKNOWN,INSUFFICIENT_HISTORY,INSUFFICIENT_BASELINE_HISTORY; ZERO_MFA_FAILURES_OBSERVED,NO_ACTIONABLE_HYPOTHESIS
EMP12998,USER,aryan.talwar5,Human Resources,16.86,LOW,1.0,HIGH,1,1.0,Unknown,UNKNOWN,SUFFICIENT_HISTORY,ZERO_MFA_FAILURES_OBSERVED,NO_ACTIONABLE_HYPOTHESIS
EMP10792,USER,zayan.khanna77,Operations,0.0,LOW,0.805,HIGH,0,1.0,Unknown,UNKNOWN,SUFFICIENT_HISTORY,ZERO_MFA_FAILURES_OBSERVED,NO_ACTIONABLE_HYPOTHESIS
EMP12618,USER,mohini.kaul61,Finance,16.86,LOW,0.96,HIGH,0,1.0,Unknown,UNKNOWN,SUFFICIENT_HISTORY,ZERO_MFA_FAILURES_OBSERVED,NO_ACTIONABLE_HYPOTHESIS
EMP11186,USER,christopher.chaudhary51,Support,25.29,LOW,0.9385,HIGH,0,1.0,Unknown,UNKNOWN,SUFFICIENT_HISTORY,ZERO_MFA_FAILURES_OBSERVED,NO_ACTIONABLE_HYPOTHESIS
EMP11185,USER,abhiram.iyengar62,IT,0.0,LOW,0.7383,MEDIUM,0,1.0,Unknown,UNKNOWN,SUFFICIENT_HISTORY,ZERO_MFA_FAILURES_OBSERVED,NO_ACTIONABLE_HYPOTHESIS
EMP12344,USER,keya.khatri85,Human Resources,16.86,LOW,0.865,HIGH,0,1.0,Unknown,UNKNOWN,SUFFICIENT_HISTORY,ZERO_MFA_FAILURES_OBSERVED,NO_ACTIONABLE_HYPOTHESIS
EMP11432,USER,vasudha.dass81,IT Support,12.65,LOW,0.895,HIGH,0,1.0,Unknown,UNKNOWN,SUFFICIENT_HISTORY,ZERO_MFA_FAILURES_OBSERVED,NO_ACTIONABLE_HYPOTHESIS
EMP12739,USER,manan.choudhary21,R&D,8.43,LOW,0.92,HIGH,0,1.0,Unknown,UNKNOWN,SUFFICIENT_HISTORY,ZERO_MFA_FAILURES_OBSERVED,NO_ACTIONABLE_HYPOTHESIS
EMP10083,USER,hemang.pingle33,R&D,16.86,LOW,0.9636,HIGH,0,1.0,Unknown,UNKNOWN,SUFFICIENT_HISTORY,ZERO_MFA_FAILURES_OBSERVED,NO_ACTIONABLE_HYPOTHESIS
EMP12441,USER,varenya.gala92,Supply Chain,0.0,LOW,0.55,MEDIUM,0,1.0,Unknown,UNKNOWN,INSUFFICIENT_HISTORY,INSUFFICIENT_BASELINE_HISTORY; ZERO_MFA_FAILURES_OBSERVED,NO_ACTIONABLE_HYPOTHESIS
EMP12641,USER,christopher.sandhu42,Innovation,8.43,LOW,0.7778,MEDIUM,0,1.0,Unknown,UNKNOWN,SUFFICIENT_HISTORY,ZERO_MFA_FAILURES_OBSERVED,NO_ACTIONABLE_HYPOTHESIS
EMP10020,USER,pranit.raja29,Human Resources,8.43,LOW,0.8061,HIGH,0,1.0,Unknown,UNKNOWN,SUFFICIENT_HISTORY,ZERO_MFA_FAILURES_OBSERVED,NO_ACTIONABLE_HYPOTHESIS
EMP12643,USER,yash.madan58,Legal,0.0,LOW,0.3867,LOW,0,1.0,Unknown,UNKNOWN,INSUFFICIENT_HISTORY,INSUFFICIENT_BASELINE_HISTORY; ZERO_MFA_FAILURES_OBSERVED,NO_ACTIONABLE_HYPOTHESIS
EMP12821,USER,nicholas.thakur60,Operations,29.51,LOW,0.9333,HIGH,0,1.0,Unknown,UNKNOWN,SUFFICIENT_HISTORY,ZERO_MFA_FAILURES_OBSERVED,NO_ACTIONABLE_HYPOTHESIS
EMP11405,USER,yug.modi93,Brand,19.67,LOW,0.815,HIGH,0,1.0,Unknown,UNKNOWN,SUFFICIENT_HISTORY,ZERO_MFA_FAILURES_OBSERVED,NO_ACTIONABLE_HYPOTHESIS
EMP12058,USER,girindra.goyal89,Sales,0.0,LOW,0.7778,MEDIUM,0,1.0,Unknown,UNKNOWN,SUFFICIENT_HISTORY,ZERO_MFA_FAILURES_OBSERVED,NO_ACTIONABLE_HYPOTHESIS
EMP12775,USER,azad.dara84,R&D,29.51,LOW,0.9636,HIGH,0,1.0,Unknown,UNKNOWN,SUFFICIENT_HISTORY,ZERO_MFA_FAILURES_OBSERVED,NO_ACTIONABLE_HYPOTHESIS
EMP12057,USER,orinder.sachdev68,Procurement,16.86,LOW,0.92,HIGH,0,1.0,Unknown,UNKNOWN,SUFFICIENT_HISTORY,ZERO_MFA_FAILURES_OBSERVED,NO_ACTIONABLE_HYPOTHESIS
EMP10973,USER,varenya.wali14,IT,8.43,LOW,0.8506,HIGH,0,1.0,Unknown,UNKNOWN,SUFFICIENT_HISTORY,ZERO_MFA_FAILURES_OBSERVED,NO_ACTIONABLE_HYPOTHESIS
EMP12874,USER,dayita.kannan36,IT,19.56,LOW,0.895,HIGH,0,1.0,Unknown,UNKNOWN,SUFFICIENT_HISTORY,ZERO_MFA_FAILURES_OBSERVED,NO_ACTIONABLE_HYPOTHESIS
EMP10883,USER,daniel.rattan78,Finance,9.84,LOW,0.835,HIGH,0,1.0,Unknown,UNKNOWN,SUFFICIENT_HISTORY,ZERO_MFA_FAILURES_OBSERVED,NO_ACTIONABLE_HYPOTHESIS
EMP11098,USER,rajeshri_uppal5,Human Resources,13.44,LOW,0.7207,MEDIUM,0,1.0,Unknown,UNKNOWN,SUFFICIENT_HISTORY,ZERO_MFA_FAILURES_OBSERVED,NO_ACTIONABLE_HYPOTHESIS
EMP10156,USER,laban.muni15,Support,26.98,LOW,0.9333,HIGH,1,1.0,Unknown,UNKNOWN,SUFFICIENT_HISTORY,ZERO_MFA_FAILURES_OBSERVED,NO_ACTIONABLE_HYPOTHESIS
EMP12348,USER,indrajit.sangha86,IT,13.49,LOW,0.865,HIGH,0,1.0,Unknown,UNKNOWN,SUFFICIENT_HISTORY,ZERO_MFA_FAILURES_OBSERVED,NO_ACTIONABLE_HYPOTHESIS
EMP10886,USER,veda_dani92,Finance,8.43,LOW,0.8506,HIGH,0,1.0,Unknown,UNKNOWN,SUFFICIENT_HISTORY,ZERO_MFA_FAILURES_OBSERVED,NO_ACTIONABLE_HYPOTHESIS
EMP12477,USER,mitali.madan32,Procurement,21.08,LOW,0.9333,HIGH,0,1.0,Unknown,UNKNOWN,SUFFICIENT_HISTORY,ZERO_MFA_FAILURES_OBSERVED,NO_ACTIONABLE_HYPOTHESIS
EMP12979,USER,megha.sant38,Sales,8.43,LOW,0.815,HIGH,0,1.0,Unknown,UNKNOWN,SUFFICIENT_HISTORY,ZERO_MFA_FAILURES_OBSERVED,NO_ACTIONABLE_HYPOTHESIS
EMP12554,USER,shivansh.bail27,Finance,8.43,LOW,0.815,HIGH,0,1.0,Unknown,UNKNOWN,SUFFICIENT_HISTORY,ZERO_MFA_FAILURES_OBSERVED,NO_ACTIONABLE_HYPOTHESIS
EMP11596,USER,avi.kant18,Legal,25.29,LOW,0.765,MEDIUM,0,1.0,Unknown,UNKNOWN,SUFFICIENT_HISTORY,ZERO_MFA_FAILURES_OBSERVED,NO_ACTIONABLE_HYPOTHESIS
EMP11945,USER,ira.shukla68,Human Resources,27.2,LOW,0.9692,HIGH,1,1.0,Unknown,UNKNOWN,SUFFICIENT_HISTORY,ZERO_MFA_FAILURES_OBSERVED,NO_ACTIONABLE_HYPOTHESIS
EMP12339,USER,neel.kade32,Human Resources,0.0,LOW,0.615,MEDIUM,0,1.0,Unknown,UNKNOWN,SUFFICIENT_HISTORY,ZERO_MFA_FAILURES_OBSERVED,NO_ACTIONABLE_HYPOTHESIS
EMP12730,USER,maya.bava52,R&D,1.05,LOW,0.55,MEDIUM,0,1.0,Unknown,UNKNOWN,INSUFFICIENT_HISTORY,INSUFFICIENT_BASELINE_HISTORY; ZERO_MFA_FAILURES_OBSERVED,NO_ACTIONABLE_HYPOTHESIS
EMP10458,USER,christopher.khanna72,Supply Chain,0.0,LOW,0.52,MEDIUM,0,1.0,Unknown,UNKNOWN,INSUFFICIENT_HISTORY,INSUFFICIENT_BASELINE_HISTORY; ZERO_MFA_FAILURES_OBSERVED,NO_ACTIONABLE_HYPOTHESIS
EMP12016,USER,darsh.deshpande19,IT,16.86,LOW,0.835,HIGH,0,1.0,Unknown,UNKNOWN,SUFFICIENT_HISTORY,ZERO_MFA_FAILURES_OBSERVED,NO_ACTIONABLE_HYPOTHESIS
EMP10078,USER,dakshesh_joshi90,R&D,6.32,LOW,0.695,MEDIUM,0,1.0,Unknown,UNKNOWN,SUFFICIENT_HISTORY,ZERO_MFA_FAILURES_OBSERVED,NO_ACTIONABLE_HYPOTHESIS
EMP11056,USER,yashoda_chada85,Legal,8.43,LOW,0.96,HIGH,0,1.0,Unknown,UNKNOWN,SUFFICIENT_HISTORY,ZERO_MFA_FAILURES_OBSERVED,NO_ACTIONABLE_HYPOTHESIS
EMP10906,USER,libni.dave64,Marketing,18.27,LOW,0.8061,HIGH,1,1.0,Unknown,UNKNOWN,SUFFICIENT_HISTORY,ZERO_MFA_FAILURES_OBSERVED,NO_ACTIONABLE_HYPOTHESIS
EMP12282,USER,chaitaly.prashad36,Marketing,8.43,LOW,0.835,HIGH,0,1.0,Unknown,UNKNOWN,SUFFICIENT_HISTORY,ZERO_MFA_FAILURES_OBSERVED,NO_ACTIONABLE_HYPOTHESIS
EMP12778,USER,Unknown,Operations,5.27,LOW,0.3867,LOW,0,1.0,Unknown,UNKNOWN,INSUFFICIENT_HISTORY,INSUFFICIENT_BASELINE_HISTORY; ZERO_MFA_FAILURES_OBSERVED,NO_ACTIONABLE_HYPOTHESIS
EMP10380,USER,thomas.barad31,Marketing,8.43,LOW,0.8506,HIGH,0,1.0,Unknown,UNKNOWN,SUFFICIENT_HISTORY,ZERO_MFA_FAILURES_OBSERVED,NO_ACTIONABLE_HYPOTHESIS
EMP10947,USER,vansha.choudhury76,Sales,21.08,LOW,0.7778,MEDIUM,0,1.0,Unknown,UNKNOWN,SUFFICIENT_HISTORY,ZERO_MFA_FAILURES_OBSERVED,NO_ACTIONABLE_HYPOTHESIS
EMP12148,USER,ridhi.kota93,Sales,8.43,LOW,0.7383,MEDIUM,0,1.0,Unknown,UNKNOWN,SUFFICIENT_HISTORY,ZERO_MFA_FAILURES_OBSERVED,NO_ACTIONABLE_HYPOTHESIS
EMP12768,USER,harita.divan53,Procurement,25.29,LOW,0.9636,HIGH,1,1.0,Unknown,UNKNOWN,SUFFICIENT_HISTORY,ZERO_MFA_FAILURES_OBSERVED,NO_ACTIONABLE_HYPOTHESIS
EMP10715,USER,forum.vyas33,Procurement,12.65,LOW,0.865,HIGH,0,1.0,Unknown,UNKNOWN,SUFFICIENT_HISTORY,ZERO_MFA_FAILURES_OBSERVED,NO_ACTIONABLE_HYPOTHESIS
EMP12037,USER,aayush.sha44,R&D,0.0,LOW,0.815,HIGH,0,1.0,Unknown,UNKNOWN,SUFFICIENT_HISTORY,ZERO_MFA_FAILURES_OBSERVED,NO_ACTIONABLE_HYPOTHESIS
EMP10686,USER,rajeshri.shah80,Sales,4.22,LOW,0.765,MEDIUM,0,1.0,Unknown,UNKNOWN,SUFFICIENT_HISTORY,ZERO_MFA_FAILURES_OBSERVED,NO_ACTIONABLE_HYPOTHESIS
EMP12644,USER,yashvi.chatterjee62,Human Resources,8.43,LOW,0.96,HIGH,0,1.0,Unknown,UNKNOWN,SUFFICIENT_HISTORY,ZERO_MFA_FAILURES_OBSERVED,NO_ACTIONABLE_HYPOTHESIS
EMP11293,USER,upasna.gade39,Marketing,4.22,LOW,0.835,HIGH,0,1.0,Unknown,UNKNOWN,SUFFICIENT_HISTORY,ZERO_MFA_FAILURES_OBSERVED,NO_ACTIONABLE_HYPOTHESIS
EMP10305,USER,raagini.naidu75,Procurement,1.69,LOW,0.835,HIGH,0,1.0,Unknown,UNKNOWN,SUFFICIENT_HISTORY,ZERO_MFA_FAILURES_OBSERVED,NO_ACTIONABLE_HYPOTHESIS
EMP10209,USER,anirudh.kaul39,R&D,8.43,LOW,0.895,HIGH,0,1.0,Unknown,UNKNOWN,SUFFICIENT_HISTORY,ZERO_MFA_FAILURES_OBSERVED,NO_ACTIONABLE_HYPOTHESIS
EMP11584,USER,indali.walla86,Compliance,8.43,LOW,0.895,HIGH,0,1.0,Unknown,UNKNOWN,SUFFICIENT_HISTORY,ZERO_MFA_FAILURES_OBSERVED,NO_ACTIONABLE_HYPOTHESIS
EMP12289,USER,ryan.warrior13,Procurement,0.0,LOW,0.775,MEDIUM,0,1.0,Unknown,UNKNOWN,SUFFICIENT_HISTORY,ZERO_MFA_FAILURES_OBSERVED,NO_ACTIONABLE_HYPOTHESIS
EMP10885,USER,tara.dash81,Legal,4.22,LOW,0.8061,HIGH,0,1.0,Unknown,UNKNOWN,SUFFICIENT_HISTORY,ZERO_MFA_FAILURES_OBSERVED,NO_ACTIONABLE_HYPOTHESIS
EMP11739,USER,edhitha.bala97,Customer Support,11.24,LOW,0.8393,HIGH,0,1.0,Unknown,UNKNOWN,SUFFICIENT_HISTORY,ZERO_MFA_FAILURES_OBSERVED,NO_ACTIONABLE_HYPOTHESIS
EMP10917,USER,abha.chaudhary85,Finance,12.65,LOW,0.7383,MEDIUM,0,1.0,Unknown,UNKNOWN,SUFFICIENT_HISTORY,ZERO_MFA_FAILURES_OBSERVED,NO_ACTIONABLE_HYPOTHESIS
EMP11775,USER,harita.padmanabhan74,Finance,0.0,LOW,0.695,MEDIUM,0,1.0,Unknown,UNKNOWN,SUFFICIENT_HISTORY,ZERO_MFA_FAILURES_OBSERVED,NO_ACTIONABLE_HYPOTHESIS
EMP11769,USER,jeremiah.sastry53,IT,21.08,LOW,1.0,HIGH,0,1.0,Unknown,UNKNOWN,SUFFICIENT_HISTORY,ZERO_MFA_FAILURES_OBSERVED,NO_ACTIONABLE_HYPOTHESIS
EMP10191,USER,banjeet.baral14,Human Resources,7.23,LOW,0.805,HIGH,0,1.0,Unknown,UNKNOWN,SUFFICIENT_HISTORY,ZERO_MFA_FAILURES_OBSERVED,NO_ACTIONABLE_HYPOTHESIS
EMP11860,USER,gautami.johal58,Sales,0.0,LOW,0.6636,MEDIUM,0,1.0,Unknown,UNKNOWN,SUFFICIENT_HISTORY,ZERO_MFA_FAILURES_OBSERVED,NO_ACTIONABLE_HYPOTHESIS
EMP12103,USER,Unknown,IT,7.59,LOW,0.7383,MEDIUM,0,1.0,Unknown,UNKNOWN,SUFFICIENT_HISTORY,ZERO_MFA_FAILURES_OBSERVED,NO_ACTIONABLE_HYPOTHESIS
EMP11265,USER,gayathri.mangal51,Legal,12.65,LOW,0.9636,HIGH,0,1.0,Unknown,UNKNOWN,SUFFICIENT_HISTORY,ZERO_MFA_FAILURES_OBSERVED,NO_ACTIONABLE_HYPOTHESIS
EMP10483,USER,theodore.oommen1,Operations,21.08,LOW,1.0,HIGH,0,1.0,Unknown,UNKNOWN,SUFFICIENT_HISTORY,ZERO_MFA_FAILURES_OBSERVED,NO_ACTIONABLE_HYPOTHESIS
EMP10915,USER,daksh.chaudhry59,Support,4.05,LOW,0.805,HIGH,0,1.0,Unknown,UNKNOWN,SUFFICIENT_HISTORY,ZERO_MFA_FAILURES_OBSERVED,NO_ACTIONABLE_HYPOTHESIS
EMP12678,USER,aadhya.saraf43,Procurement,100.0,CRITICAL,0.9212,HIGH,3,1.5,Unknown,UNKNOWN,SUFFICIENT_HISTORY,ZERO_MFA_FAILURES_OBSERVED,POSSIBLE_CREDENTIAL_COMPROMISE; POSSIBLE_ACCOUNT_TAKEOVER; POSSIBLE_ANOMALOUS_DATA_EXFILTRATION
EMP10277,USER,januja.gera68,Marketing,4.22,LOW,0.7778,MEDIUM,0,1.0,Unknown,UNKNOWN,SUFFICIENT_HISTORY,ZERO_MFA_FAILURES_OBSERVED,NO_ACTIONABLE_HYPOTHESIS
EMP10988,USER,kalpit_savant15,Operations,29.51,LOW,0.9273,HIGH,1,1.0,Unknown,UNKNOWN,SUFFICIENT_HISTORY,ZERO_MFA_FAILURES_OBSERVED,NO_ACTIONABLE_HYPOTHESIS
EMP11697,USER,gautami.batra90,Sales,16.86,LOW,0.9636,HIGH,0,1.0,Unknown,UNKNOWN,SUFFICIENT_HISTORY,ZERO_MFA_FAILURES_OBSERVED,NO_ACTIONABLE_HYPOTHESIS
EMP12018,USER,darpan.koshy47,IT,4.22,LOW,0.805,HIGH,0,1.0,Unknown,UNKNOWN,SUFFICIENT_HISTORY,ZERO_MFA_FAILURES_OBSERVED,NO_ACTIONABLE_HYPOTHESIS
EMP12950,USER,idika.dhawan31,Sales,16.86,LOW,0.9636,HIGH,0,1.0,Unknown,UNKNOWN,SUFFICIENT_HISTORY,ZERO_MFA_FAILURES_OBSERVED,NO_ACTIONABLE_HYPOTHESIS
EMP10571,USER,amol.saran73,Legal,0.0,LOW,0.7172,MEDIUM,0,1.0,Unknown,UNKNOWN,SUFFICIENT_HISTORY,ZERO_MFA_FAILURES_OBSERVED,NO_ACTIONABLE_HYPOTHESIS
EMP11435,USER,kalpit.das34,Innovation,37.65,MODERATE,1.0,HIGH,1,1.0,Unknown,UNKNOWN,SUFFICIENT_HISTORY,UNCORROBORATED_SINGLE_DIMENSION; ZERO_MFA_FAILURES_OBSERVED,NO_ACTIONABLE_HYPOTHESIS
EMP10993,USER,bhanumati.raja48,R&D,15.81,LOW,0.835,HIGH,0,1.0,Unknown,UNKNOWN,SUFFICIENT_HISTORY,ZERO_MFA_FAILURES_OBSERVED,NO_ACTIONABLE_HYPOTHESIS
EMP11497,USER,naveen.dubey63,Sales,12.65,LOW,0.865,HIGH,0,1.0,Unknown,UNKNOWN,SUFFICIENT_HISTORY,ZERO_MFA_FAILURES_OBSERVED,NO_ACTIONABLE_HYPOTHESIS
EMP11494,USER,zayan.kakar93,IT,4.22,LOW,0.835,HIGH,0,1.0,Unknown,UNKNOWN,SUFFICIENT_HISTORY,ZERO_MFA_FAILURES_OBSERVED,NO_ACTIONABLE_HYPOTHESIS
EMP10585,USER,jagdish.reddy67,Human Resources,25.29,LOW,0.9333,HIGH,0,1.0,Unknown,UNKNOWN,SUFFICIENT_HISTORY,ZERO_MFA_FAILURES_OBSERVED,NO_ACTIONABLE_HYPOTHESIS
EMP11748,USER,nicholas.aggarwal55,Procurement,4.22,LOW,0.815,HIGH,0,1.0,Unknown,UNKNOWN,SUFFICIENT_HISTORY,ZERO_MFA_FAILURES_OBSERVED,NO_ACTIONABLE_HYPOTHESIS
EMP11349,USER,widisha.basak76,IT,8.43,LOW,0.7207,MEDIUM,0,1.0,Unknown,UNKNOWN,SUFFICIENT_HISTORY,ZERO_MFA_FAILURES_OBSERVED,NO_ACTIONABLE_HYPOTHESIS
EMP11007,USER,pushti.bhatia89,Customer Support,22.48,LOW,1.0,HIGH,0,1.0,Unknown,UNKNOWN,SUFFICIENT_HISTORY,ZERO_MFA_FAILURES_OBSERVED,NO_ACTIONABLE_HYPOTHESIS
EMP10674,USER,tripti.iyengar15,IT,16.86,LOW,0.8506,HIGH,0,1.0,Unknown,UNKNOWN,SUFFICIENT_HISTORY,ZERO_MFA_FAILURES_OBSERVED,NO_ACTIONABLE_HYPOTHESIS
EMP11832,USER,chakradev.vyas39,R&D,0.0,LOW,0.805,HIGH,0,1.0,Unknown,UNKNOWN,SUFFICIENT_HISTORY,ZERO_MFA_FAILURES_OBSERVED,NO_ACTIONABLE_HYPOTHESIS
EMP10855,USER,manthan.peri83,Finance,8.43,LOW,0.7207,MEDIUM,0,1.0,Unknown,UNKNOWN,SUFFICIENT_HISTORY,ZERO_MFA_FAILURES_OBSERVED,NO_ACTIONABLE_HYPOTHESIS
EMP10447,USER,tristan_nazareth15,Procurement,0.0,LOW,0.34,LOW,0,1.0,Unknown,UNKNOWN,INSUFFICIENT_HISTORY,LOW_TIMESTAMP_QUALITY; INSUFFICIENT_BASELINE_HISTORY; ZERO_MFA_FAILURES_OBSERVED,NO_ACTIONABLE_HYPOTHESIS
EMP11776,USER,amrita.hayer9,Brand,8.43,LOW,0.9692,HIGH,0,1.0,Unknown,UNKNOWN,SUFFICIENT_HISTORY,ZERO_MFA_FAILURES_OBSERVED,NO_ACTIONABLE_HYPOTHESIS
EMP11723,USER,yashica.pandey33,Sales,21.08,LOW,0.865,HIGH,0,1.0,Unknown,UNKNOWN,SUFFICIENT_HISTORY,ZERO_MFA_FAILURES_OBSERVED,NO_ACTIONABLE_HYPOTHESIS
EMP12330,USER,yochana.pai61,Legal,0.0,LOW,0.805,HIGH,0,1.0,Unknown,UNKNOWN,SUFFICIENT_HISTORY,ZERO_MFA_FAILURES_OBSERVED,NO_ACTIONABLE_HYPOTHESIS
EMP12757,USER,ishita_bhatt24,Marketing,4.22,LOW,0.55,MEDIUM,0,1.0,Unknown,UNKNOWN,INSUFFICIENT_HISTORY,INSUFFICIENT_BASELINE_HISTORY; ZERO_MFA_FAILURES_OBSERVED,NO_ACTIONABLE_HYPOTHESIS
EMP12457,USER,yashawini.chawla66,Compliance,8.43,LOW,0.92,HIGH,0,1.0,Unknown,UNKNOWN,SUFFICIENT_HISTORY,ZERO_MFA_FAILURES_OBSERVED,NO_ACTIONABLE_HYPOTHESIS
EMP12503,USER,gautam.sastry56,Support,4.22,LOW,0.55,MEDIUM,0,1.0,Unknown,UNKNOWN,INSUFFICIENT_HISTORY,INSUFFICIENT_BASELINE_HISTORY; ZERO_MFA_FAILURES_OBSERVED,NO_ACTIONABLE_HYPOTHESIS
EMP12753,USER,tejas.swamy73,Finance,0.0,LOW,0.35,LOW,0,1.0,Unknown,UNKNOWN,INSUFFICIENT_HISTORY,INSUFFICIENT_BASELINE_HISTORY; ZERO_MFA_FAILURES_OBSERVED,NO_ACTIONABLE_HYPOTHESIS
EMP11247,USER,riya.khare41,Operations,13.7,LOW,0.96,HIGH,0,1.0,Unknown,UNKNOWN,SUFFICIENT_HISTORY,ZERO_MFA_FAILURES_OBSERVED,NO_ACTIONABLE_HYPOTHESIS
EMP10294,USER,ekavir.natarajan35,R&D,6.32,LOW,0.29,LOW,0,1.0,Unknown,UNKNOWN,INSUFFICIENT_HISTORY,INSUFFICIENT_BASELINE_HISTORY; ZERO_MFA_FAILURES_OBSERVED,NO_ACTIONABLE_HYPOTHESIS
EMP10588,USER,gaurav.kibe32,Finance,33.73,MODERATE,0.9385,HIGH,0,1.0,Unknown,UNKNOWN,SUFFICIENT_HISTORY,UNCORROBORATED_SINGLE_DIMENSION; ZERO_MFA_FAILURES_OBSERVED,NO_ACTIONABLE_HYPOTHESIS
EMP11281,USER,amol.talwar85,IT,8.43,LOW,0.7778,MEDIUM,0,1.0,Unknown,UNKNOWN,SUFFICIENT_HISTORY,ZERO_MFA_FAILURES_OBSERVED,NO_ACTIONABLE_HYPOTHESIS
EMP11518,USER,vyanjana.chopra88,Marketing,10.54,LOW,0.775,MEDIUM,0,1.0,Unknown,UNKNOWN,SUFFICIENT_HISTORY,ZERO_MFA_FAILURES_OBSERVED,NO_ACTIONABLE_HYPOTHESIS
EMP12183,USER,faris.rama22,R&D,8.43,LOW,0.835,HIGH,0,1.0,Unknown,UNKNOWN,SUFFICIENT_HISTORY,ZERO_MFA_FAILURES_OBSERVED,NO_ACTIONABLE_HYPOTHESIS
EMP12244,USER,ekiya_andra99,Operations,5.27,LOW,0.55,MEDIUM,0,1.0,Unknown,UNKNOWN,INSUFFICIENT_HISTORY,INSUFFICIENT_BASELINE_HISTORY; ZERO_MFA_FAILURES_OBSERVED,NO_ACTIONABLE_HYPOTHESIS
EMP12982,USER,ekavir.karan53,Human Resources,12.65,LOW,0.96,HIGH,0,1.0,Unknown,UNKNOWN,SUFFICIENT_HISTORY,ZERO_MFA_FAILURES_OBSERVED,NO_ACTIONABLE_HYPOTHESIS
EMP11417,USER,faris.agarwal50,R&D,15.81,LOW,0.6717,MEDIUM,0,1.0,Unknown,UNKNOWN,SUFFICIENT_HISTORY,ZERO_MFA_FAILURES_OBSERVED,NO_ACTIONABLE_HYPOTHESIS
EMP10425,USER,shivani.bajaj36,Marketing,19.39,LOW,0.775,MEDIUM,0,1.0,Unknown,UNKNOWN,SUFFICIENT_HISTORY,ZERO_MFA_FAILURES_OBSERVED,NO_ACTIONABLE_HYPOTHESIS
EMP10534,USER,liam.sidhu21,Human Resources,21.87,LOW,0.8506,HIGH,0,1.0,Unknown,UNKNOWN,SUFFICIENT_HISTORY,ZERO_MFA_FAILURES_OBSERVED,NO_ACTIONABLE_HYPOTHESIS
EMP11054,USER,leela.gill21,IT Support,0.0,LOW,0.45,LOW,0,1.0,Unknown,UNKNOWN,INSUFFICIENT_HISTORY,INSUFFICIENT_BASELINE_HISTORY; ZERO_MFA_FAILURES_OBSERVED,NO_ACTIONABLE_HYPOTHESIS
EMP12375,USER,benjamin.sama73,Legal,0.0,LOW,0.695,MEDIUM,0,1.0,Unknown,UNKNOWN,SUFFICIENT_HISTORY,ZERO_MFA_FAILURES_OBSERVED,NO_ACTIONABLE_HYPOTHESIS
EMP12581,USER,sai.sani51,Finance,4.22,LOW,0.9636,HIGH,0,1.0,Unknown,UNKNOWN,SUFFICIENT_HISTORY,ZERO_MFA_FAILURES_OBSERVED,NO_ACTIONABLE_HYPOTHESIS
EMP11840,USER,triya.singh47,Operations,12.65,LOW,1.0,HIGH,0,1.0,Unknown,UNKNOWN,SUFFICIENT_HISTORY,ZERO_MFA_FAILURES_OBSERVED,NO_ACTIONABLE_HYPOTHESIS
EMP10132,USER,eiravati.prabhu70,Marketing,25.29,LOW,0.9273,HIGH,0,1.0,Unknown,UNKNOWN,SUFFICIENT_HISTORY,ZERO_MFA_FAILURES_OBSERVED,NO_ACTIONABLE_HYPOTHESIS
EMP11956,USER,damini.loke16,Customer Support,0.0,LOW,0.6717,MEDIUM,0,1.0,Unknown,UNKNOWN,SUFFICIENT_HISTORY,ZERO_MFA_FAILURES_OBSERVED,NO_ACTIONABLE_HYPOTHESIS
EMP12602,USER,anmol.solanki37,Human Resources,21.08,LOW,0.9667,HIGH,0,1.0,Unknown,UNKNOWN,SUFFICIENT_HISTORY,ZERO_MFA_FAILURES_OBSERVED,NO_ACTIONABLE_HYPOTHESIS
EMP10421,USER,omya.tailor99,IT,10.12,LOW,0.7778,MEDIUM,0,1.0,Unknown,UNKNOWN,SUFFICIENT_HISTORY,ZERO_MFA_FAILURES_OBSERVED,NO_ACTIONABLE_HYPOTHESIS
EMP12740,USER,jasmit_madan30,R&D,16.86,LOW,1.0,HIGH,0,1.0,Unknown,UNKNOWN,SUFFICIENT_HISTORY,ZERO_MFA_FAILURES_OBSERVED,NO_ACTIONABLE_HYPOTHESIS
EMP12104,USER,ikbal.dewan73,R&D,4.22,LOW,0.55,MEDIUM,0,1.0,Unknown,UNKNOWN,INSUFFICIENT_HISTORY,INSUFFICIENT_BASELINE_HISTORY; ZERO_MFA_FAILURES_OBSERVED,NO_ACTIONABLE_HYPOTHESIS
EMP12508,USER,yashica.kumer96,Human Resources,11.29,LOW,0.45,LOW,0,1.0,Unknown,UNKNOWN,INSUFFICIENT_HISTORY,INSUFFICIENT_BASELINE_HISTORY; ZERO_MFA_FAILURES_OBSERVED,NO_ACTIONABLE_HYPOTHESIS
EMP11368,USER,hardik.sundaram36,R&D,0.0,LOW,0.7383,MEDIUM,0,1.0,Unknown,UNKNOWN,SUFFICIENT_HISTORY,ZERO_MFA_FAILURES_OBSERVED,NO_ACTIONABLE_HYPOTHESIS
EMP10556,USER,laksh.bala93,Marketing,6.32,LOW,0.775,MEDIUM,0,1.0,Unknown,UNKNOWN,SUFFICIENT_HISTORY,ZERO_MFA_FAILURES_OBSERVED,NO_ACTIONABLE_HYPOTHESIS
EMP12108,USER,yug.rajan98,Human Resources,4.22,LOW,0.52,MEDIUM,0,1.0,Unknown,UNKNOWN,INSUFFICIENT_HISTORY,INSUFFICIENT_BASELINE_HISTORY; ZERO_MFA_FAILURES_OBSERVED,NO_ACTIONABLE_HYPOTHESIS
EMP12761,USER,yagnesh.agrawal38,Sales,18.97,LOW,0.8506,HIGH,0,1.0,Unknown,UNKNOWN,SUFFICIENT_HISTORY,ZERO_MFA_FAILURES_OBSERVED,NO_ACTIONABLE_HYPOTHESIS
EMP10570,USER,lila.rajagopalan71,R&D,21.08,LOW,1.0,HIGH,0,1.0,Unknown,UNKNOWN,SUFFICIENT_HISTORY,ZERO_MFA_FAILURES_OBSERVED,NO_ACTIONABLE_HYPOTHESIS
EMP10352,USER,anya.bahl99,IT,29.51,LOW,0.9385,HIGH,0,1.0,Unknown,UNKNOWN,SUFFICIENT_HISTORY,ZERO_MFA_FAILURES_OBSERVED,NO_ACTIONABLE_HYPOTHESIS
EMP10091,USER,aishani.parmer57,Human Resources,19.72,LOW,0.815,HIGH,0,1.0,Unknown,UNKNOWN,SUFFICIENT_HISTORY,ZERO_MFA_FAILURES_OBSERVED,NO_ACTIONABLE_HYPOTHESIS
EMP12189,USER,Unknown,Operations,0.0,LOW,0.695,MEDIUM,0,1.0,Unknown,UNKNOWN,SUFFICIENT_HISTORY,ZERO_MFA_FAILURES_OBSERVED,NO_ACTIONABLE_HYPOTHESIS
EMP12611,USER,zaid.mangat27,Marketing,4.22,LOW,0.7383,MEDIUM,0,1.0,Unknown,UNKNOWN,SUFFICIENT_HISTORY,ZERO_MFA_FAILURES_OBSERVED,NO_ACTIONABLE_HYPOTHESIS
EMP11170,USER,upasna.kuruvilla64,Call Center,16.86,LOW,0.9692,HIGH,0,1.0,Unknown,UNKNOWN,SUFFICIENT_HISTORY,ZERO_MFA_FAILURES_OBSERVED,NO_ACTIONABLE_HYPOTHESIS
EMP11588,USER,ati.choudhury94,R&D,1.05,LOW,0.775,MEDIUM,0,1.0,Unknown,UNKNOWN,SUFFICIENT_HISTORY,ZERO_MFA_FAILURES_OBSERVED,NO_ACTIONABLE_HYPOTHESIS
EMP11285,USER,azad.joshi75,Finance,8.43,LOW,0.8506,HIGH,0,1.0,Unknown,UNKNOWN,SUFFICIENT_HISTORY,ZERO_MFA_FAILURES_OBSERVED,NO_ACTIONABLE_HYPOTHESIS
EMP11813,USER,aarush.krishna22,Customer Support,4.22,LOW,0.835,HIGH,0,1.0,Unknown,UNKNOWN,SUFFICIENT_HISTORY,ZERO_MFA_FAILURES_OBSERVED,NO_ACTIONABLE_HYPOTHESIS
EMP11565,USER,aadi.arya44,Customer Support,21.08,LOW,0.815,HIGH,1,1.0,Unknown,UNKNOWN,SUFFICIENT_HISTORY,ZERO_MFA_FAILURES_OBSERVED,NO_ACTIONABLE_HYPOTHESIS
EMP11543,USER,aarini.chandran27,Legal,0.0,LOW,0.895,HIGH,0,1.0,Unknown,UNKNOWN,SUFFICIENT_HISTORY,ZERO_MFA_FAILURES_OBSERVED,NO_ACTIONABLE_HYPOTHESIS
EMP11576,USER,timothy.maharaj40,Support,16.86,LOW,0.8159,HIGH,0,1.0,Unknown,UNKNOWN,SUFFICIENT_HISTORY,ZERO_MFA_FAILURES_OBSERVED,NO_ACTIONABLE_HYPOTHESIS
EMP10697,USER,omisha.suri10,IT Support,12.65,LOW,0.92,HIGH,0,1.0,Unknown,UNKNOWN,SUFFICIENT_HISTORY,ZERO_MFA_FAILURES_OBSERVED,NO_ACTIONABLE_HYPOTHESIS
EMP12583,USER,pallavi_dhingra3,IT,8.43,LOW,0.815,HIGH,0,1.0,Unknown,UNKNOWN,SUFFICIENT_HISTORY,ZERO_MFA_FAILURES_OBSERVED,NO_ACTIONABLE_HYPOTHESIS
EMP10348,USER,nirja.wable20,Customer Support,14.05,LOW,0.7617,MEDIUM,0,1.0,Unknown,UNKNOWN,SUFFICIENT_HISTORY,ZERO_MFA_FAILURES_OBSERVED,NO_ACTIONABLE_HYPOTHESIS
EMP12008,USER,neel.balay38,Customer Support,14.05,LOW,0.96,HIGH,0,1.0,Unknown,UNKNOWN,SUFFICIENT_HISTORY,ZERO_MFA_FAILURES_OBSERVED,NO_ACTIONABLE_HYPOTHESIS
EMP12418,USER,warda.dua80,Marketing,100.0,CRITICAL,0.968,HIGH,3,1.5,Unknown,UNKNOWN,SUFFICIENT_HISTORY,ZERO_MFA_FAILURES_OBSERVED,POSSIBLE_CREDENTIAL_COMPROMISE; POSSIBLE_ACCOUNT_TAKEOVER; POSSIBLE_ANOMALOUS_DATA_EXFILTRATION
EMP12505,USER,radhika.bath93,Procurement,100.0,CRITICAL,0.9526,HIGH,3,1.5,Unknown,UNKNOWN,SUFFICIENT_HISTORY,ZERO_MFA_FAILURES_OBSERVED,POSSIBLE_CREDENTIAL_COMPROMISE; POSSIBLE_ACCOUNT_TAKEOVER; POSSIBLE_ANOMALOUS_DATA_EXFILTRATION
EMP12236,USER,faris.garde11,Sales,4.22,LOW,0.45,LOW,0,1.0,Unknown,UNKNOWN,INSUFFICIENT_HISTORY,INSUFFICIENT_BASELINE_HISTORY; ZERO_MFA_FAILURES_OBSERVED,NO_ACTIONABLE_HYPOTHESIS
EMP11137,USER,shivani.deol7,Operations,16.86,LOW,0.765,MEDIUM,0,1.0,Unknown,UNKNOWN,SUFFICIENT_HISTORY,ZERO_MFA_FAILURES_OBSERVED,NO_ACTIONABLE_HYPOTHESIS
EMP12043,USER,wakeeta.nigam43,Procurement,16.86,LOW,0.8061,HIGH,0,1.0,Unknown,UNKNOWN,SUFFICIENT_HISTORY,ZERO_MFA_FAILURES_OBSERVED,NO_ACTIONABLE_HYPOTHESIS
EMP12752,USER,balendra.chander68,Operations,0.0,LOW,0.55,MEDIUM,0,1.0,Unknown,UNKNOWN,INSUFFICIENT_HISTORY,INSUFFICIENT_BASELINE_HISTORY; ZERO_MFA_FAILURES_OBSERVED,NO_ACTIONABLE_HYPOTHESIS
EMP12921,USER,kashvi.vala58,Procurement,16.86,LOW,0.815,HIGH,0,1.0,Unknown,UNKNOWN,SUFFICIENT_HISTORY,ZERO_MFA_FAILURES_OBSERVED,NO_ACTIONABLE_HYPOTHESIS
EMP12905,USER,zayan.narayan72,Procurement,0.0,LOW,0.815,HIGH,0,1.0,Unknown,UNKNOWN,SUFFICIENT_HISTORY,ZERO_MFA_FAILURES_OBSERVED,NO_ACTIONABLE_HYPOTHESIS
EMP11339,USER,mitesh.koshy47,Marketing,4.22,LOW,0.8506,HIGH,0,1.0,Unknown,UNKNOWN,SUFFICIENT_HISTORY,ZERO_MFA_FAILURES_OBSERVED,NO_ACTIONABLE_HYPOTHESIS
EMP12566,USER,Unknown,Innovation,12.65,LOW,1.0,HIGH,0,1.0,Unknown,UNKNOWN,SUFFICIENT_HISTORY,ZERO_MFA_FAILURES_OBSERVED,NO_ACTIONABLE_HYPOTHESIS
EMP10453,USER,pranit.sastry21,Human Resources,4.22,LOW,0.865,HIGH,0,1.0,Unknown,UNKNOWN,SUFFICIENT_HISTORY,ZERO_MFA_FAILURES_OBSERVED,NO_ACTIONABLE_HYPOTHESIS
EMP10913,USER,tanay.bains1,Sales,0.0,LOW,0.7778,MEDIUM,0,1.0,Unknown,UNKNOWN,SUFFICIENT_HISTORY,ZERO_MFA_FAILURES_OBSERVED,NO_ACTIONABLE_HYPOTHESIS
EMP11199,USER,ikshita.mital60,Human Resources,4.22,LOW,0.835,HIGH,0,1.0,Unknown,UNKNOWN,SUFFICIENT_HISTORY,ZERO_MFA_FAILURES_OBSERVED,NO_ACTIONABLE_HYPOTHESIS
EMP11274,USER,Unknown,IT,0.0,LOW,0.49,LOW,0,1.0,Unknown,UNKNOWN,INSUFFICIENT_HISTORY,INSUFFICIENT_BASELINE_HISTORY; ZERO_MFA_FAILURES_OBSERVED,NO_ACTIONABLE_HYPOTHESIS
EMP12845,USER,gaurika.tandon2,R&D,0.0,LOW,0.775,MEDIUM,0,1.0,Unknown,UNKNOWN,SUFFICIENT_HISTORY,ZERO_MFA_FAILURES_OBSERVED,NO_ACTIONABLE_HYPOTHESIS
EMP10037,USER,bhavani.karan34,Customer Support,12.65,LOW,0.7617,MEDIUM,0,1.0,Unknown,UNKNOWN,SUFFICIENT_HISTORY,ZERO_MFA_FAILURES_OBSERVED,NO_ACTIONABLE_HYPOTHESIS
EMP10974,USER,laksh.dani30,Procurement,4.22,LOW,0.9273,HIGH,0,1.0,Unknown,UNKNOWN,SUFFICIENT_HISTORY,ZERO_MFA_FAILURES_OBSERVED,NO_ACTIONABLE_HYPOTHESIS
EMP12854,USER,vaishnavi.wali56,Finance,4.22,LOW,0.605,MEDIUM,0,1.0,Unknown,UNKNOWN,SUFFICIENT_HISTORY,ZERO_MFA_FAILURES_OBSERVED,NO_ACTIONABLE_HYPOTHESIS
EMP10983,USER,meghana.mani6,R&D,10.54,LOW,0.775,MEDIUM,0,1.0,Unknown,UNKNOWN,SUFFICIENT_HISTORY,ZERO_MFA_FAILURES_OBSERVED,NO_ACTIONABLE_HYPOTHESIS
EMP12938,USER,ojasvi_gade59,Human Resources,11.45,LOW,0.865,HIGH,0,1.0,Unknown,UNKNOWN,SUFFICIENT_HISTORY,ZERO_MFA_FAILURES_OBSERVED,NO_ACTIONABLE_HYPOTHESIS
EMP12516,USER,dakshesh.agate15,Human Resources,12.65,LOW,0.9273,HIGH,0,1.0,Unknown,UNKNOWN,SUFFICIENT_HISTORY,ZERO_MFA_FAILURES_OBSERVED,NO_ACTIONABLE_HYPOTHESIS
EMP11418,USER,Unknown,Marketing,4.22,LOW,0.805,HIGH,0,1.0,Unknown,UNKNOWN,SUFFICIENT_HISTORY,ZERO_MFA_FAILURES_OBSERVED,NO_ACTIONABLE_HYPOTHESIS
EMP11284,USER,charvi.dyal13,Marketing,1.41,LOW,0.55,MEDIUM,0,1.0,Unknown,UNKNOWN,INSUFFICIENT_HISTORY,INSUFFICIENT_BASELINE_HISTORY; ZERO_MFA_FAILURES_OBSERVED,NO_ACTIONABLE_HYPOTHESIS
EMP11752,USER,nachiket.singh59,Legal,10.96,LOW,0.835,HIGH,0,1.0,Unknown,UNKNOWN,SUFFICIENT_HISTORY,ZERO_MFA_FAILURES_OBSERVED,NO_ACTIONABLE_HYPOTHESIS
EMP10039,USER,janya.tella10,Finance,16.86,LOW,0.765,MEDIUM,1,1.0,Unknown,UNKNOWN,SUFFICIENT_HISTORY,ZERO_MFA_FAILURES_OBSERVED,NO_ACTIONABLE_HYPOTHESIS
EMP11486,USER,ethan.mukherjee77,Procurement,12.65,LOW,0.895,HIGH,0,1.0,Unknown,UNKNOWN,SUFFICIENT_HISTORY,ZERO_MFA_FAILURES_OBSERVED,NO_ACTIONABLE_HYPOTHESIS
EMP12003,USER,nitara.bhargava30,Human Resources,9.38,LOW,0.765,MEDIUM,0,1.0,Unknown,UNKNOWN,SUFFICIENT_HISTORY,ZERO_MFA_FAILURES_OBSERVED,NO_ACTIONABLE_HYPOTHESIS
EMP10169,USER,anirudh.rai28,Operations,0.0,LOW,0.835,HIGH,0,1.0,Unknown,UNKNOWN,SUFFICIENT_HISTORY,ZERO_MFA_FAILURES_OBSERVED,NO_ACTIONABLE_HYPOTHESIS
EMP11355,USER,finn.bahl84,R&D,4.22,LOW,0.805,HIGH,0,1.0,Unknown,UNKNOWN,SUFFICIENT_HISTORY,ZERO_MFA_FAILURES_OBSERVED,NO_ACTIONABLE_HYPOTHESIS
EMP10737,USER,ayaan.mangat29,Human Resources,0.0,LOW,0.7207,MEDIUM,0,1.0,Unknown,UNKNOWN,SUFFICIENT_HISTORY,ZERO_MFA_FAILURES_OBSERVED,NO_ACTIONABLE_HYPOTHESIS
EMP11656,USER,qabil.sastry23,Marketing,0.0,LOW,0.7207,MEDIUM,0,1.0,Unknown,UNKNOWN,SUFFICIENT_HISTORY,ZERO_MFA_FAILURES_OBSERVED,NO_ACTIONABLE_HYPOTHESIS
EMP12782,USER,harsh.patla58,Procurement,8.43,LOW,0.815,HIGH,0,1.0,Unknown,UNKNOWN,SUFFICIENT_HISTORY,ZERO_MFA_FAILURES_OBSERVED,NO_ACTIONABLE_HYPOTHESIS
EMP11564,USER,ikbal.bumb44,Operations,8.43,LOW,0.765,MEDIUM,0,1.0,Unknown,UNKNOWN,SUFFICIENT_HISTORY,ZERO_MFA_FAILURES_OBSERVED,NO_ACTIONABLE_HYPOTHESIS
EMP12223,USER,nidra.bhagat91,Procurement,4.22,LOW,0.835,HIGH,0,1.0,Unknown,UNKNOWN,SUFFICIENT_HISTORY,ZERO_MFA_FAILURES_OBSERVED,NO_ACTIONABLE_HYPOTHESIS
EMP10634,USER,utkarsh.murty19,Procurement,0.0,LOW,0.7383,MEDIUM,0,1.0,Unknown,UNKNOWN,SUFFICIENT_HISTORY,ZERO_MFA_FAILURES_OBSERVED,NO_ACTIONABLE_HYPOTHESIS
EMP12925,USER,isha.gokhale21,Procurement,4.22,LOW,0.7383,MEDIUM,0,1.0,Unknown,UNKNOWN,SUFFICIENT_HISTORY,ZERO_MFA_FAILURES_OBSERVED,NO_ACTIONABLE_HYPOTHESIS
EMP12042,USER,nikita.gala74,Human Resources,0.0,LOW,0.695,MEDIUM,0,1.0,Unknown,UNKNOWN,SUFFICIENT_HISTORY,ZERO_MFA_FAILURES_OBSERVED,NO_ACTIONABLE_HYPOTHESIS
EMP11290,USER,ati.patla67,Innovation,32.44,MODERATE,0.815,HIGH,1,1.0,Unknown,UNKNOWN,SUFFICIENT_HISTORY,UNCORROBORATED_SINGLE_DIMENSION; ZERO_MFA_FAILURES_OBSERVED,NO_ACTIONABLE_HYPOTHESIS
EMP11380,USER,chakrika.sehgal29,Human Resources,15.67,LOW,1.0,HIGH,0,1.0,Unknown,UNKNOWN,SUFFICIENT_HISTORY,ZERO_MFA_FAILURES_OBSERVED,NO_ACTIONABLE_HYPOTHESIS
EMP10579,USER,ekta.edwin69,IT,4.22,LOW,0.815,HIGH,0,1.0,Unknown,UNKNOWN,SUFFICIENT_HISTORY,ZERO_MFA_FAILURES_OBSERVED,NO_ACTIONABLE_HYPOTHESIS
EMP10328,USER,radha.sidhu98,Legal,12.65,LOW,0.815,HIGH,0,1.0,Unknown,UNKNOWN,SUFFICIENT_HISTORY,ZERO_MFA_FAILURES_OBSERVED,NO_ACTIONABLE_HYPOTHESIS
EMP12732,USER,zehaan.dar65,Compliance,4.22,LOW,0.835,HIGH,0,1.0,Unknown,UNKNOWN,SUFFICIENT_HISTORY,ZERO_MFA_FAILURES_OBSERVED,NO_ACTIONABLE_HYPOTHESIS
EMP10892,USER,Unknown,Human Resources,26.52,LOW,0.7617,MEDIUM,0,1.0,Unknown,UNKNOWN,SUFFICIENT_HISTORY,ZERO_MFA_FAILURES_OBSERVED,NO_ACTIONABLE_HYPOTHESIS
EMP12178,USER,orinder.gera82,Finance,12.65,LOW,0.895,HIGH,0,1.0,Unknown,UNKNOWN,SUFFICIENT_HISTORY,ZERO_MFA_FAILURES_OBSERVED,NO_ACTIONABLE_HYPOTHESIS
EMP10780,USER,vrinda.guha94,Innovation,4.22,LOW,0.775,MEDIUM,0,1.0,Unknown,UNKNOWN,SUFFICIENT_HISTORY,ZERO_MFA_FAILURES_OBSERVED,NO_ACTIONABLE_HYPOTHESIS
EMP10159,USER,dayita_kant42,Operations,2.11,LOW,0.7778,MEDIUM,0,1.0,Unknown,UNKNOWN,SUFFICIENT_HISTORY,ZERO_MFA_FAILURES_OBSERVED,NO_ACTIONABLE_HYPOTHESIS
EMP11651,USER,ethan.bhattacharyya54,Legal,0.0,LOW,0.7778,MEDIUM,0,1.0,Unknown,UNKNOWN,SUFFICIENT_HISTORY,ZERO_MFA_FAILURES_OBSERVED,NO_ACTIONABLE_HYPOTHESIS
EMP11807,USER,waida.rai24,Sales,12.65,LOW,0.9333,HIGH,0,1.0,Unknown,UNKNOWN,SUFFICIENT_HISTORY,ZERO_MFA_FAILURES_OBSERVED,NO_ACTIONABLE_HYPOTHESIS
EMP12396,USER,tanay.dani38,IT,29.51,LOW,1.0,HIGH,1,1.0,Unknown,UNKNOWN,SUFFICIENT_HISTORY,ZERO_MFA_FAILURES_OBSERVED,NO_ACTIONABLE_HYPOTHESIS
EMP10061,USER,bahadurjit.mishra54,Customer Support,15.46,LOW,0.815,HIGH,0,1.0,Unknown,UNKNOWN,SUFFICIENT_HISTORY,ZERO_MFA_FAILURES_OBSERVED,NO_ACTIONABLE_HYPOTHESIS
EMP10849,USER,widisha.konda86,Sales,29.51,LOW,0.9667,HIGH,1,1.0,Unknown,UNKNOWN,SUFFICIENT_HISTORY,ZERO_MFA_FAILURES_OBSERVED,NO_ACTIONABLE_HYPOTHESIS
EMP12196,USER,vedika_loke72,Sales,0.0,LOW,0.775,MEDIUM,0,1.0,Unknown,UNKNOWN,SUFFICIENT_HISTORY,ZERO_MFA_FAILURES_OBSERVED,NO_ACTIONABLE_HYPOTHESIS
EMP12978,USER,ria.thakkar89,Legal,8.43,LOW,0.835,HIGH,0,1.0,Unknown,UNKNOWN,SUFFICIENT_HISTORY,ZERO_MFA_FAILURES_OBSERVED,NO_ACTIONABLE_HYPOTHESIS
EMP11716,USER,samaksh.buch64,IT,37.94,MODERATE,0.9667,HIGH,1,1.0,Unknown,UNKNOWN,SUFFICIENT_HISTORY,UNCORROBORATED_SINGLE_DIMENSION; ZERO_MFA_FAILURES_OBSERVED,NO_ACTIONABLE_HYPOTHESIS
EMP11043,USER,tripti.johal40,Finance,4.22,LOW,0.6717,MEDIUM,0,1.0,Unknown,UNKNOWN,SUFFICIENT_HISTORY,ZERO_MFA_FAILURES_OBSERVED,NO_ACTIONABLE_HYPOTHESIS
EMP12930,USER,harsh.lall96,Procurement,29.51,LOW,1.0,HIGH,1,1.0,Unknown,UNKNOWN,SUFFICIENT_HISTORY,ZERO_MFA_FAILURES_OBSERVED,NO_ACTIONABLE_HYPOTHESIS
EMP11544,USER,gautam.thakur16,Human Resources,21.08,LOW,0.895,HIGH,0,1.0,Unknown,UNKNOWN,SUFFICIENT_HISTORY,ZERO_MFA_FAILURES_OBSERVED,NO_ACTIONABLE_HYPOTHESIS
EMP12816,USER,umang.sidhu48,IT,16.86,LOW,0.895,HIGH,0,1.0,Unknown,UNKNOWN,SUFFICIENT_HISTORY,ZERO_MFA_FAILURES_OBSERVED,NO_ACTIONABLE_HYPOTHESIS
EMP11726,USER,leena.virk4,Procurement,11.8,LOW,0.7778,MEDIUM,0,1.0,Unknown,UNKNOWN,SUFFICIENT_HISTORY,ZERO_MFA_FAILURES_OBSERVED,NO_ACTIONABLE_HYPOTHESIS
EMP11070,USER,megha.arya94,Legal,0.0,LOW,0.7383,MEDIUM,0,1.0,Unknown,UNKNOWN,SUFFICIENT_HISTORY,ZERO_MFA_FAILURES_OBSERVED,NO_ACTIONABLE_HYPOTHESIS
EMP10053,USER,yashodhara.arora79,Human Resources,11.45,LOW,0.8506,HIGH,0,1.0,Unknown,UNKNOWN,SUFFICIENT_HISTORY,ZERO_MFA_FAILURES_OBSERVED,NO_ACTIONABLE_HYPOTHESIS
EMP12517,USER,nakul.dave66,Sales,0.0,LOW,0.765,MEDIUM,0,1.0,Unknown,UNKNOWN,SUFFICIENT_HISTORY,ZERO_MFA_FAILURES_OBSERVED,NO_ACTIONABLE_HYPOTHESIS
EMP10258,USER,qasim.mittal91,IT,5.9,LOW,0.7383,MEDIUM,0,1.0,Unknown,UNKNOWN,SUFFICIENT_HISTORY,ZERO_MFA_FAILURES_OBSERVED,NO_ACTIONABLE_HYPOTHESIS
EMP10505,USER,agastya.pai92,Legal,0.0,LOW,0.7778,MEDIUM,0,1.0,Unknown,UNKNOWN,SUFFICIENT_HISTORY,ZERO_MFA_FAILURES_OBSERVED,NO_ACTIONABLE_HYPOTHESIS
EMP10752,USER,samuel.sarkar48,Finance,0.0,LOW,0.55,MEDIUM,0,1.0,Unknown,UNKNOWN,INSUFFICIENT_HISTORY,INSUFFICIENT_BASELINE_HISTORY; ZERO_MFA_FAILURES_OBSERVED,NO_ACTIONABLE_HYPOTHESIS
EMP12084,USER,vasudha.tata96,Operations,0.0,LOW,0.7207,MEDIUM,0,1.0,Unknown,UNKNOWN,SUFFICIENT_HISTORY,ZERO_MFA_FAILURES_OBSERVED,NO_ACTIONABLE_HYPOTHESIS
EMP10217,USER,balvan.shere52,IT,16.86,LOW,0.96,HIGH,0,1.0,Unknown,UNKNOWN,SUFFICIENT_HISTORY,ZERO_MFA_FAILURES_OBSERVED,NO_ACTIONABLE_HYPOTHESIS
EMP10824,USER,atharv.keer85,Support,8.43,LOW,0.8506,HIGH,0,1.0,Unknown,UNKNOWN,SUFFICIENT_HISTORY,ZERO_MFA_FAILURES_OBSERVED,NO_ACTIONABLE_HYPOTHESIS
EMP11623,USER,edhitha.khatri73,Procurement,0.0,LOW,0.45,LOW,0,1.0,Unknown,UNKNOWN,INSUFFICIENT_HISTORY,INSUFFICIENT_BASELINE_HISTORY; ZERO_MFA_FAILURES_OBSERVED,NO_ACTIONABLE_HYPOTHESIS
EMP12345,USER,edhitha.dugal87,Operations,12.65,LOW,0.8506,HIGH,0,1.0,Unknown,UNKNOWN,SUFFICIENT_HISTORY,ZERO_MFA_FAILURES_OBSERVED,NO_ACTIONABLE_HYPOTHESIS
EMP11389,USER,aadhya.uppal43,Legal,12.65,LOW,0.765,MEDIUM,0,1.0,Unknown,UNKNOWN,SUFFICIENT_HISTORY,ZERO_MFA_FAILURES_OBSERVED,NO_ACTIONABLE_HYPOTHESIS
EMP11266,USER,barkha.sahota45,Brand,11.58,LOW,0.815,HIGH,0,1.0,Unknown,UNKNOWN,SUFFICIENT_HISTORY,ZERO_MFA_FAILURES_OBSERVED,NO_ACTIONABLE_HYPOTHESIS
EMP12540,USER,kashvi_gulati39,Finance,0.0,LOW,0.7207,MEDIUM,0,1.0,Unknown,UNKNOWN,SUFFICIENT_HISTORY,ZERO_MFA_FAILURES_OBSERVED,NO_ACTIONABLE_HYPOTHESIS
EMP11822,USER,chatresh.cheema43,Procurement,57.96,MODERATE,0.8361,HIGH,2,1.25,Unknown,UNKNOWN,SUFFICIENT_HISTORY,ZERO_MFA_FAILURES_OBSERVED,POSSIBLE_CREDENTIAL_COMPROMISE
EMP11598,USER,megha_shetty89,Sales,5.9,LOW,0.895,HIGH,0,1.0,Unknown,UNKNOWN,SUFFICIENT_HISTORY,ZERO_MFA_FAILURES_OBSERVED,NO_ACTIONABLE_HYPOTHESIS
EMP11607,USER,shivansh.chaudhry63,Legal,0.0,LOW,0.695,MEDIUM,0,1.0,Unknown,UNKNOWN,SUFFICIENT_HISTORY,ZERO_MFA_FAILURES_OBSERVED,NO_ACTIONABLE_HYPOTHESIS
EMP11747,USER,darpan.sibal55,Operations,0.0,LOW,0.3867,LOW,0,1.0,Unknown,UNKNOWN,INSUFFICIENT_HISTORY,INSUFFICIENT_BASELINE_HISTORY; ZERO_MFA_FAILURES_OBSERVED,NO_ACTIONABLE_HYPOTHESIS
EMP10771,USER,wriddhish.sachar57,IT,16.86,LOW,0.9333,HIGH,0,1.0,Unknown,UNKNOWN,SUFFICIENT_HISTORY,ZERO_MFA_FAILURES_OBSERVED,NO_ACTIONABLE_HYPOTHESIS
EMP12887,USER,gautam.ganguly1,Finance,12.65,LOW,0.835,HIGH,0,1.0,Unknown,UNKNOWN,SUFFICIENT_HISTORY,ZERO_MFA_FAILURES_OBSERVED,NO_ACTIONABLE_HYPOTHESIS
EMP11871,USER,vedant.kar97,Operations,12.65,LOW,1.0,HIGH,0,1.0,Unknown,UNKNOWN,SUFFICIENT_HISTORY,ZERO_MFA_FAILURES_OBSERVED,NO_ACTIONABLE_HYPOTHESIS
EMP11085,USER,finn.kurian25,Support,29.51,LOW,0.9385,HIGH,0,1.0,Unknown,UNKNOWN,SUFFICIENT_HISTORY,ZERO_MFA_FAILURES_OBSERVED,NO_ACTIONABLE_HYPOTHESIS
EMP11325,USER,vaishnavi.barad69,Procurement,4.22,LOW,0.805,HIGH,0,1.0,Unknown,UNKNOWN,SUFFICIENT_HISTORY,ZERO_MFA_FAILURES_OBSERVED,NO_ACTIONABLE_HYPOTHESIS
EMP12186,USER,yashvi.vasa30,Operations,12.65,LOW,0.96,HIGH,0,1.0,Unknown,UNKNOWN,SUFFICIENT_HISTORY,ZERO_MFA_FAILURES_OBSERVED,NO_ACTIONABLE_HYPOTHESIS
EMP12875,USER,darika_wali54,Call Center,7.1,LOW,0.7383,MEDIUM,0,1.0,Unknown,UNKNOWN,SUFFICIENT_HISTORY,ZERO_MFA_FAILURES_OBSERVED,NO_ACTIONABLE_HYPOTHESIS
EMP11825,USER,dipta.bala82,Brand,21.02,LOW,0.895,HIGH,0,1.0,Unknown,UNKNOWN,SUFFICIENT_HISTORY,ZERO_MFA_FAILURES_OBSERVED,NO_ACTIONABLE_HYPOTHESIS
EMP11754,USER,girindra.uppal4,Customer Support,8.43,LOW,0.96,HIGH,0,1.0,Unknown,UNKNOWN,SUFFICIENT_HISTORY,ZERO_MFA_FAILURES_OBSERVED,NO_ACTIONABLE_HYPOTHESIS
EMP11789,USER,Unknown,Operations,12.65,LOW,0.815,HIGH,0,1.0,Unknown,UNKNOWN,SUFFICIENT_HISTORY,ZERO_MFA_FAILURES_OBSERVED,NO_ACTIONABLE_HYPOTHESIS
EMP11987,USER,madhav.samra18,Support,11.8,LOW,0.835,HIGH,0,1.0,Unknown,UNKNOWN,SUFFICIENT_HISTORY,ZERO_MFA_FAILURES_OBSERVED,NO_ACTIONABLE_HYPOTHESIS
EMP12662,USER,charles.padmanabhan1,Customer Support,9.84,LOW,0.805,HIGH,0,1.0,Unknown,UNKNOWN,SUFFICIENT_HISTORY,ZERO_MFA_FAILURES_OBSERVED,NO_ACTIONABLE_HYPOTHESIS
EMP11163,USER,chameli.srinivas29,Compliance,18.27,LOW,0.6717,MEDIUM,0,1.0,Unknown,UNKNOWN,SUFFICIENT_HISTORY,ZERO_MFA_FAILURES_OBSERVED,NO_ACTIONABLE_HYPOTHESIS
EMP10963,USER,yash_boase95,Supply Chain,16.86,LOW,0.8107,HIGH,0,1.0,Unknown,UNKNOWN,SUFFICIENT_HISTORY,ZERO_MFA_FAILURES_OBSERVED,NO_ACTIONABLE_HYPOTHESIS
EMP12988,USER,zinal.munshi37,Legal,8.43,LOW,0.805,HIGH,0,1.0,Unknown,UNKNOWN,SUFFICIENT_HISTORY,ZERO_MFA_FAILURES_OBSERVED,NO_ACTIONABLE_HYPOTHESIS
EMP11771,USER,gopal.walia83,Finance,19.67,LOW,0.7778,MEDIUM,0,1.0,Unknown,UNKNOWN,SUFFICIENT_HISTORY,ZERO_MFA_FAILURES_OBSERVED,NO_ACTIONABLE_HYPOTHESIS
EMP10398,USER,lila.mall81,Procurement,23.19,LOW,0.865,HIGH,0,1.0,Unknown,UNKNOWN,SUFFICIENT_HISTORY,ZERO_MFA_FAILURES_OBSERVED,NO_ACTIONABLE_HYPOTHESIS
EMP10584,USER,rishi.suresh27,Innovation,4.22,LOW,0.55,MEDIUM,0,1.0,Unknown,UNKNOWN,INSUFFICIENT_HISTORY,INSUFFICIENT_BASELINE_HISTORY; ZERO_MFA_FAILURES_OBSERVED,NO_ACTIONABLE_HYPOTHESIS
EMP10948,USER,yamini.dubey62,IT,8.43,LOW,0.865,HIGH,0,1.0,Unknown,UNKNOWN,SUFFICIENT_HISTORY,ZERO_MFA_FAILURES_OBSERVED,NO_ACTIONABLE_HYPOTHESIS
EMP10704,USER,pavani.wali74,Operations,0.0,LOW,0.615,MEDIUM,0,1.0,Unknown,UNKNOWN,SUFFICIENT_HISTORY,ZERO_MFA_FAILURES_OBSERVED,NO_ACTIONABLE_HYPOTHESIS
EMP10431,USER,girik.salvi82,Procurement,12.65,LOW,0.8506,HIGH,0,1.0,Unknown,UNKNOWN,SUFFICIENT_HISTORY,ZERO_MFA_FAILURES_OBSERVED,NO_ACTIONABLE_HYPOTHESIS
EMP10292,USER,falguni.rajan71,Human Resources,12.65,LOW,0.8393,HIGH,0,1.0,Unknown,UNKNOWN,SUFFICIENT_HISTORY,ZERO_MFA_FAILURES_OBSERVED,NO_ACTIONABLE_HYPOTHESIS
EMP10145,USER,abhimanyu.dass89,Marketing,0.0,LOW,0.775,MEDIUM,0,1.0,Unknown,UNKNOWN,SUFFICIENT_HISTORY,ZERO_MFA_FAILURES_OBSERVED,NO_ACTIONABLE_HYPOTHESIS
EMP10323,USER,mohini.dani84,Sales,16.02,LOW,0.8506,HIGH,0,1.0,Unknown,UNKNOWN,SUFFICIENT_HISTORY,ZERO_MFA_FAILURES_OBSERVED,NO_ACTIONABLE_HYPOTHESIS
EMP12175,USER,ira.kaul35,Innovation,4.22,LOW,0.865,HIGH,0,1.0,Unknown,UNKNOWN,SUFFICIENT_HISTORY,ZERO_MFA_FAILURES_OBSERVED,NO_ACTIONABLE_HYPOTHESIS
EMP11165,USER,balhaar.thakkar24,Legal,4.22,LOW,0.7617,MEDIUM,0,1.0,Unknown,UNKNOWN,SUFFICIENT_HISTORY,ZERO_MFA_FAILURES_OBSERVED,NO_ACTIONABLE_HYPOTHESIS
EMP11452,USER,bhanumati.anand48,Operations,0.0,LOW,0.775,MEDIUM,0,1.0,Unknown,UNKNOWN,SUFFICIENT_HISTORY,ZERO_MFA_FAILURES_OBSERVED,NO_ACTIONABLE_HYPOTHESIS
EMP10002,USER,xalak.tiwari72,Sales,5.9,LOW,0.835,HIGH,0,1.0,Unknown,UNKNOWN,SUFFICIENT_HISTORY,ZERO_MFA_FAILURES_OBSERVED,NO_ACTIONABLE_HYPOTHESIS
EMP10576,USER,nicholas.gola29,Marketing,8.43,LOW,0.865,HIGH,0,1.0,Unknown,UNKNOWN,SUFFICIENT_HISTORY,ZERO_MFA_FAILURES_OBSERVED,NO_ACTIONABLE_HYPOTHESIS
EMP12372,USER,chavvi.dey98,Procurement,4.22,LOW,0.7778,MEDIUM,0,1.0,Unknown,UNKNOWN,SUFFICIENT_HISTORY,ZERO_MFA_FAILURES_OBSERVED,NO_ACTIONABLE_HYPOTHESIS
EMP10339,USER,amara.mitter83,Finance,16.86,LOW,0.805,HIGH,0,1.0,Unknown,UNKNOWN,SUFFICIENT_HISTORY,ZERO_MFA_FAILURES_OBSERVED,NO_ACTIONABLE_HYPOTHESIS
EMP11897,USER,bimala.khosla56,IT,1.69,LOW,0.695,MEDIUM,0,1.0,Unknown,UNKNOWN,SUFFICIENT_HISTORY,ZERO_MFA_FAILURES_OBSERVED,NO_ACTIONABLE_HYPOTHESIS
EMP12140,USER,neelima.koshy46,Human Resources,37.94,MODERATE,0.9428,HIGH,1,1.0,Unknown,UNKNOWN,SUFFICIENT_HISTORY,UNCORROBORATED_SINGLE_DIMENSION; ZERO_MFA_FAILURES_OBSERVED,NO_ACTIONABLE_HYPOTHESIS
EMP10925,USER,ranveer.kapadia75,Procurement,8.43,LOW,1.0,HIGH,0,1.0,Unknown,UNKNOWN,SUFFICIENT_HISTORY,ZERO_MFA_FAILURES_OBSERVED,NO_ACTIONABLE_HYPOTHESIS
EMP10265,USER,netra.wali12,Customer Support,9.84,LOW,0.815,HIGH,0,1.0,Unknown,UNKNOWN,SUFFICIENT_HISTORY,ZERO_MFA_FAILURES_OBSERVED,NO_ACTIONABLE_HYPOTHESIS
EMP10376,USER,bhanumati.chandran62,IT Support,12.65,LOW,0.865,HIGH,0,1.0,Unknown,UNKNOWN,SUFFICIENT_HISTORY,ZERO_MFA_FAILURES_OBSERVED,NO_ACTIONABLE_HYPOTHESIS
EMP11983,USER,timothy.korpal25,Human Resources,0.0,LOW,0.615,MEDIUM,0,1.0,Unknown,UNKNOWN,SUFFICIENT_HISTORY,ZERO_MFA_FAILURES_OBSERVED,NO_ACTIONABLE_HYPOTHESIS
EMP11463,USER,widisha.hari94,IT Support,4.22,LOW,0.9667,HIGH,0,1.0,Unknown,UNKNOWN,SUFFICIENT_HISTORY,ZERO_MFA_FAILURES_OBSERVED,NO_ACTIONABLE_HYPOTHESIS
EMP10271,USER,Unknown,Legal,12.65,LOW,0.9636,HIGH,0,1.0,Unknown,UNKNOWN,SUFFICIENT_HISTORY,ZERO_MFA_FAILURES_OBSERVED,NO_ACTIONABLE_HYPOTHESIS
EMP10696,USER,george_krishnamurthy72,Legal,25.29,LOW,0.9428,HIGH,0,1.0,Unknown,UNKNOWN,SUFFICIENT_HISTORY,ZERO_MFA_FAILURES_OBSERVED,NO_ACTIONABLE_HYPOTHESIS
EMP10244,USER,bishakha.chopra60,Marketing,4.22,LOW,0.835,HIGH,0,1.0,Unknown,UNKNOWN,SUFFICIENT_HISTORY,ZERO_MFA_FAILURES_OBSERVED,NO_ACTIONABLE_HYPOTHESIS
EMP12898,USER,unnati.kaur19,Legal,12.65,LOW,0.835,HIGH,0,1.0,Unknown,UNKNOWN,SUFFICIENT_HISTORY,ZERO_MFA_FAILURES_OBSERVED,NO_ACTIONABLE_HYPOTHESIS
EMP10476,USER,jason.parmar97,Finance,8.43,LOW,0.7383,MEDIUM,0,1.0,Unknown,UNKNOWN,SUFFICIENT_HISTORY,ZERO_MFA_FAILURES_OBSERVED,NO_ACTIONABLE_HYPOTHESIS
EMP11804,USER,tarak.hegde80,IT,4.22,LOW,0.6717,MEDIUM,0,1.0,Unknown,UNKNOWN,SUFFICIENT_HISTORY,ZERO_MFA_FAILURES_OBSERVED,NO_ACTIONABLE_HYPOTHESIS
EMP12116,USER,saanvi.konda9,Customer Support,9.99,LOW,0.55,MEDIUM,0,1.0,Unknown,UNKNOWN,INSUFFICIENT_HISTORY,INSUFFICIENT_BASELINE_HISTORY; ZERO_MFA_FAILURES_OBSERVED,NO_ACTIONABLE_HYPOTHESIS
EMP12314,USER,urmi.gandhi15,Brand,7.36,LOW,0.815,HIGH,0,1.0,Unknown,UNKNOWN,SUFFICIENT_HISTORY,ZERO_MFA_FAILURES_OBSERVED,NO_ACTIONABLE_HYPOTHESIS
EMP11812,USER,zinal.varty46,Procurement,8.43,LOW,0.7207,MEDIUM,0,1.0,Unknown,UNKNOWN,SUFFICIENT_HISTORY,ZERO_MFA_FAILURES_OBSERVED,NO_ACTIONABLE_HYPOTHESIS
EMP12615,USER,omkaar.upadhyay44,Sales,29.51,LOW,0.765,MEDIUM,0,1.0,Unknown,UNKNOWN,SUFFICIENT_HISTORY,ZERO_MFA_FAILURES_OBSERVED,NO_ACTIONABLE_HYPOTHESIS
EMP12868,USER,jason.goda96,Procurement,12.65,LOW,0.815,HIGH,0,1.0,Unknown,UNKNOWN,SUFFICIENT_HISTORY,ZERO_MFA_FAILURES_OBSERVED,NO_ACTIONABLE_HYPOTHESIS
EMP12069,USER,rishi.thaker79,Sales,4.22,LOW,0.92,HIGH,0,1.0,Unknown,UNKNOWN,SUFFICIENT_HISTORY,ZERO_MFA_FAILURES_OBSERVED,NO_ACTIONABLE_HYPOTHESIS
EMP10250,USER,vritti_bhalla72,R&D,12.65,LOW,0.865,HIGH,0,1.0,Unknown,UNKNOWN,SUFFICIENT_HISTORY,ZERO_MFA_FAILURES_OBSERVED,NO_ACTIONABLE_HYPOTHESIS
EMP10413,USER,rushil.sunder88,Human Resources,0.0,LOW,0.695,MEDIUM,0,1.0,Unknown,UNKNOWN,SUFFICIENT_HISTORY,ZERO_MFA_FAILURES_OBSERVED,NO_ACTIONABLE_HYPOTHESIS
EMP10545,USER,Unknown,Operations,18.97,LOW,0.815,HIGH,0,1.0,Unknown,UNKNOWN,SUFFICIENT_HISTORY,ZERO_MFA_FAILURES_OBSERVED,NO_ACTIONABLE_HYPOTHESIS
EMP11193,USER,nikita.rao21,Human Resources,9.22,LOW,0.6717,MEDIUM,0,1.0,Unknown,UNKNOWN,SUFFICIENT_HISTORY,ZERO_MFA_FAILURES_OBSERVED,NO_ACTIONABLE_HYPOTHESIS
EMP10738,USER,wazir.parsa74,Call Center,25.29,LOW,0.895,HIGH,0,1.0,Unknown,UNKNOWN,SUFFICIENT_HISTORY,ZERO_MFA_FAILURES_OBSERVED,NO_ACTIONABLE_HYPOTHESIS
EMP10310,USER,gabriel.trivedi30,Legal,8.43,LOW,0.8506,HIGH,0,1.0,Unknown,UNKNOWN,SUFFICIENT_HISTORY,ZERO_MFA_FAILURES_OBSERVED,NO_ACTIONABLE_HYPOTHESIS
EMP11798,USER,jack.madan88,Procurement,21.08,LOW,1.0,HIGH,0,1.0,Unknown,UNKNOWN,SUFFICIENT_HISTORY,ZERO_MFA_FAILURES_OBSERVED,NO_ACTIONABLE_HYPOTHESIS
EMP10893,USER,yash.sawhney59,Compliance,0.0,LOW,0.7778,MEDIUM,0,1.0,Unknown,UNKNOWN,SUFFICIENT_HISTORY,ZERO_MFA_FAILURES_OBSERVED,NO_ACTIONABLE_HYPOTHESIS
EMP11131,USER,nilima.gour98,Legal,0.0,LOW,0.52,MEDIUM,0,1.0,Unknown,UNKNOWN,INSUFFICIENT_HISTORY,INSUFFICIENT_BASELINE_HISTORY; ZERO_MFA_FAILURES_OBSERVED,NO_ACTIONABLE_HYPOTHESIS
EMP11449,USER,geetika.gaba88,Compliance,16.86,LOW,0.96,HIGH,0,1.0,Unknown,UNKNOWN,SUFFICIENT_HISTORY,ZERO_MFA_FAILURES_OBSERVED,NO_ACTIONABLE_HYPOTHESIS
EMP12993,USER,omaja.mann4,Legal,12.65,LOW,0.9692,HIGH,0,1.0,Unknown,UNKNOWN,SUFFICIENT_HISTORY,ZERO_MFA_FAILURES_OBSERVED,NO_ACTIONABLE_HYPOTHESIS
EMP10015,USER,isaiah.swaminathan1,Marketing,12.65,LOW,0.7778,MEDIUM,0,1.0,Unknown,UNKNOWN,SUFFICIENT_HISTORY,ZERO_MFA_FAILURES_OBSERVED,NO_ACTIONABLE_HYPOTHESIS
EMP10721,USER,chameli.rama10,Marketing,8.43,LOW,0.8506,HIGH,0,1.0,Unknown,UNKNOWN,SUFFICIENT_HISTORY,ZERO_MFA_FAILURES_OBSERVED,NO_ACTIONABLE_HYPOTHESIS
EMP11420,USER,ayush.yogi99,Operations,4.22,LOW,0.96,HIGH,0,1.0,Unknown,UNKNOWN,SUFFICIENT_HISTORY,ZERO_MFA_FAILURES_OBSERVED,NO_ACTIONABLE_HYPOTHESIS
EMP12715,USER,arin.sant37,Customer Support,1.25,LOW,0.3867,LOW,0,1.0,Unknown,UNKNOWN,INSUFFICIENT_HISTORY,INSUFFICIENT_BASELINE_HISTORY; ZERO_MFA_FAILURES_OBSERVED,NO_ACTIONABLE_HYPOTHESIS
EMP10981,USER,jasmit.apte26,Sales,12.65,LOW,0.865,HIGH,0,1.0,Unknown,UNKNOWN,SUFFICIENT_HISTORY,ZERO_MFA_FAILURES_OBSERVED,NO_ACTIONABLE_HYPOTHESIS
EMP12184,USER,manan_sharaf61,Operations,0.0,LOW,0.7383,MEDIUM,0,1.0,Unknown,UNKNOWN,SUFFICIENT_HISTORY,ZERO_MFA_FAILURES_OBSERVED,NO_ACTIONABLE_HYPOTHESIS
EMP11539,USER,aradhana.korpal74,Operations,4.22,LOW,0.8506,HIGH,0,1.0,Unknown,UNKNOWN,SUFFICIENT_HISTORY,ZERO_MFA_FAILURES_OBSERVED,NO_ACTIONABLE_HYPOTHESIS
EMP12608,USER,nimrat.natt68,Compliance,8.43,LOW,0.7207,MEDIUM,0,1.0,Unknown,UNKNOWN,SUFFICIENT_HISTORY,ZERO_MFA_FAILURES_OBSERVED,NO_ACTIONABLE_HYPOTHESIS
EMP11550,USER,Unknown,Marketing,73.41,HIGH,0.9579,HIGH,2,1.25,Unknown,UNKNOWN,SUFFICIENT_HISTORY,ZERO_MFA_FAILURES_OBSERVED,POSSIBLE_SUSPICIOUS_ENDPOINT_ACTIVITY; POSSIBLE_ANOMALOUS_DATA_EXFILTRATION
EMP12495,USER,chandani.jain37,Finance,8.43,LOW,0.96,HIGH,0,1.0,Unknown,UNKNOWN,SUFFICIENT_HISTORY,ZERO_MFA_FAILURES_OBSERVED,NO_ACTIONABLE_HYPOTHESIS
EMP10363,USER,chatura.krishnan67,Legal,0.0,LOW,0.7383,MEDIUM,0,1.0,Unknown,UNKNOWN,SUFFICIENT_HISTORY,ZERO_MFA_FAILURES_OBSERVED,NO_ACTIONABLE_HYPOTHESIS
EMP10982,USER,eta.aurora77,Operations,29.51,LOW,0.7383,MEDIUM,1,1.0,Unknown,UNKNOWN,SUFFICIENT_HISTORY,ZERO_MFA_FAILURES_OBSERVED,NO_ACTIONABLE_HYPOTHESIS
EMP10182,USER,gagan.edwin92,Finance,6.32,LOW,0.695,MEDIUM,0,1.0,Unknown,UNKNOWN,SUFFICIENT_HISTORY,ZERO_MFA_FAILURES_OBSERVED,NO_ACTIONABLE_HYPOTHESIS
EMP10985,USER,maanas.nori15,Finance,62.87,HIGH,0.9428,HIGH,2,1.25,Unknown,UNKNOWN,SUFFICIENT_HISTORY,ZERO_MFA_FAILURES_OBSERVED,POSSIBLE_ANOMALOUS_DATA_EXFILTRATION
EMP12089,USER,Unknown,Human Resources,13.87,LOW,0.7383,MEDIUM,0,1.0,Unknown,UNKNOWN,SUFFICIENT_HISTORY,ZERO_MFA_FAILURES_OBSERVED,NO_ACTIONABLE_HYPOTHESIS
EMP11194,USER,shivani.pal34,R&D,63.23,HIGH,0.975,HIGH,2,1.25,Unknown,UNKNOWN,SUFFICIENT_HISTORY,ZERO_MFA_FAILURES_OBSERVED,POSSIBLE_SUSPICIOUS_ENDPOINT_ACTIVITY; POSSIBLE_ANOMALOUS_DATA_EXFILTRATION
EMP12797,USER,idika.badal3,Sales,0.0,LOW,0.96,HIGH,0,1.0,Unknown,UNKNOWN,SUFFICIENT_HISTORY,ZERO_MFA_FAILURES_OBSERVED,NO_ACTIONABLE_HYPOTHESIS
EMP11784,USER,nandini.rajan36,Customer Support,22.95,LOW,0.695,MEDIUM,1,1.0,Unknown,UNKNOWN,SUFFICIENT_HISTORY,ZERO_MFA_FAILURES_OBSERVED,NO_ACTIONABLE_HYPOTHESIS
EMP11121,USER,divya.narain73,Compliance,0.94,LOW,0.55,MEDIUM,0,1.0,Unknown,UNKNOWN,INSUFFICIENT_HISTORY,INSUFFICIENT_BASELINE_HISTORY; ZERO_MFA_FAILURES_OBSERVED,NO_ACTIONABLE_HYPOTHESIS
EMP10187,USER,samar.khare6,Sales,21.08,LOW,0.96,HIGH,1,1.0,Unknown,UNKNOWN,SUFFICIENT_HISTORY,ZERO_MFA_FAILURES_OBSERVED,NO_ACTIONABLE_HYPOTHESIS
EMP10619,USER,qabil.dhaliwal53,Legal,4.22,LOW,0.695,MEDIUM,0,1.0,Unknown,UNKNOWN,SUFFICIENT_HISTORY,ZERO_MFA_FAILURES_OBSERVED,NO_ACTIONABLE_HYPOTHESIS
EMP12329,USER,sara.puri61,Sales,25.29,LOW,0.9636,HIGH,0,1.0,Unknown,UNKNOWN,SUFFICIENT_HISTORY,ZERO_MFA_FAILURES_OBSERVED,NO_ACTIONABLE_HYPOTHESIS
EMP11175,USER,david.jayaraman10,R&D,33.73,MODERATE,1.0,HIGH,1,1.0,Unknown,UNKNOWN,SUFFICIENT_HISTORY,UNCORROBORATED_SINGLE_DIMENSION; ZERO_MFA_FAILURES_OBSERVED,NO_ACTIONABLE_HYPOTHESIS
EMP11182,USER,ethan.madan49,Finance,4.22,LOW,0.835,HIGH,0,1.0,Unknown,UNKNOWN,SUFFICIENT_HISTORY,ZERO_MFA_FAILURES_OBSERVED,NO_ACTIONABLE_HYPOTHESIS
EMP12456,USER,ira.shroff38,Procurement,21.08,LOW,0.9636,HIGH,0,1.0,Unknown,UNKNOWN,SUFFICIENT_HISTORY,ZERO_MFA_FAILURES_OBSERVED,NO_ACTIONABLE_HYPOTHESIS
EMP12268,USER,Unknown,Sales,8.43,LOW,0.96,HIGH,0,1.0,Unknown,UNKNOWN,SUFFICIENT_HISTORY,ZERO_MFA_FAILURES_OBSERVED,NO_ACTIONABLE_HYPOTHESIS
EMP10614,USER,radha.dash90,Sales,8.43,LOW,0.9667,HIGH,0,1.0,Unknown,UNKNOWN,SUFFICIENT_HISTORY,ZERO_MFA_FAILURES_OBSERVED,NO_ACTIONABLE_HYPOTHESIS
EMP11513,USER,vedika.mandal79,R&D,0.0,LOW,0.7383,MEDIUM,0,1.0,Unknown,UNKNOWN,SUFFICIENT_HISTORY,ZERO_MFA_FAILURES_OBSERVED,NO_ACTIONABLE_HYPOTHESIS
EMP11466,USER,eta.bajwa82,Human Resources,18.77,LOW,0.805,HIGH,0,1.0,Unknown,UNKNOWN,SUFFICIENT_HISTORY,ZERO_MFA_FAILURES_OBSERVED,NO_ACTIONABLE_HYPOTHESIS
EMP10401,USER,bhavna.sandal34,Sales,29.51,LOW,0.9273,HIGH,1,1.0,Unknown,UNKNOWN,SUFFICIENT_HISTORY,ZERO_MFA_FAILURES_OBSERVED,NO_ACTIONABLE_HYPOTHESIS
EMP10994,USER,gaurav.konda64,R&D,29.51,LOW,0.9714,HIGH,0,1.0,Unknown,UNKNOWN,SUFFICIENT_HISTORY,ZERO_MFA_FAILURES_OBSERVED,NO_ACTIONABLE_HYPOTHESIS
EMP10934,USER,triveni.kohli19,Procurement,16.86,LOW,0.835,HIGH,0,1.0,Unknown,UNKNOWN,SUFFICIENT_HISTORY,ZERO_MFA_FAILURES_OBSERVED,NO_ACTIONABLE_HYPOTHESIS
EMP10371,USER,oviya.wason29,Finance,33.73,MODERATE,0.9333,HIGH,0,1.0,Unknown,UNKNOWN,SUFFICIENT_HISTORY,UNCORROBORATED_SINGLE_DIMENSION; ZERO_MFA_FAILURES_OBSERVED,NO_ACTIONABLE_HYPOTHESIS
EMP12046,USER,pushti.misra35,Finance,33.73,MODERATE,0.9692,HIGH,0,1.0,Unknown,UNKNOWN,SUFFICIENT_HISTORY,UNCORROBORATED_SINGLE_DIMENSION; ZERO_MFA_FAILURES_OBSERVED,NO_ACTIONABLE_HYPOTHESIS
EMP12233,USER,manan.apte72,Operations,21.08,LOW,0.805,HIGH,1,1.0,Unknown,UNKNOWN,SUFFICIENT_HISTORY,ZERO_MFA_FAILURES_OBSERVED,NO_ACTIONABLE_HYPOTHESIS
EMP10593,USER,christopher.mital34,Support,33.73,MODERATE,0.9273,HIGH,0,1.0,Unknown,UNKNOWN,SUFFICIENT_HISTORY,UNCORROBORATED_SINGLE_DIMENSION; ZERO_MFA_FAILURES_OBSERVED,NO_ACTIONABLE_HYPOTHESIS
EMP12034,USER,lohit.toor26,Finance,4.22,LOW,0.835,HIGH,0,1.0,Unknown,UNKNOWN,SUFFICIENT_HISTORY,ZERO_MFA_FAILURES_OBSERVED,NO_ACTIONABLE_HYPOTHESIS
EMP10726,USER,orinder.sanghvi74,IT,30.35,MODERATE,0.8061,HIGH,0,1.0,Unknown,UNKNOWN,SUFFICIENT_HISTORY,UNCORROBORATED_SINGLE_DIMENSION; ZERO_MFA_FAILURES_OBSERVED,NO_ACTIONABLE_HYPOTHESIS
EMP10826,USER,nihal.garde76,IT,8.43,LOW,0.765,MEDIUM,0,1.0,Unknown,UNKNOWN,SUFFICIENT_HISTORY,ZERO_MFA_FAILURES_OBSERVED,NO_ACTIONABLE_HYPOTHESIS
EMP11783,USER,suhani.lanka71,Legal,0.0,LOW,0.695,MEDIUM,0,1.0,Unknown,UNKNOWN,SUFFICIENT_HISTORY,ZERO_MFA_FAILURES_OBSERVED,NO_ACTIONABLE_HYPOTHESIS
EMP10687,USER,vaishnavi.dora76,Legal,0.0,LOW,0.695,MEDIUM,0,1.0,Unknown,UNKNOWN,SUFFICIENT_HISTORY,ZERO_MFA_FAILURES_OBSERVED,NO_ACTIONABLE_HYPOTHESIS
EMP12283,USER,veer.ramanathan96,Human Resources,8.43,LOW,0.7207,MEDIUM,0,1.0,Unknown,UNKNOWN,SUFFICIENT_HISTORY,ZERO_MFA_FAILURES_OBSERVED,NO_ACTIONABLE_HYPOTHESIS
EMP10136,USER,aishani.chanda55,Human Resources,33.73,MODERATE,0.92,HIGH,1,1.0,Unknown,UNKNOWN,SUFFICIENT_HISTORY,UNCORROBORATED_SINGLE_DIMENSION; ZERO_MFA_FAILURES_OBSERVED,NO_ACTIONABLE_HYPOTHESIS
EMP12754,USER,brijesh.dube88,Human Resources,0.0,LOW,0.52,MEDIUM,0,1.0,Unknown,UNKNOWN,INSUFFICIENT_HISTORY,INSUFFICIENT_BASELINE_HISTORY; ZERO_MFA_FAILURES_OBSERVED,NO_ACTIONABLE_HYPOTHESIS
EMP10628,USER,nathan_taneja72,IT,0.0,LOW,0.695,MEDIUM,0,1.0,Unknown,UNKNOWN,SUFFICIENT_HISTORY,ZERO_MFA_FAILURES_OBSERVED,NO_ACTIONABLE_HYPOTHESIS
EMP10334,USER,waida.arora17,Marketing,0.0,LOW,0.52,MEDIUM,0,1.0,Unknown,UNKNOWN,INSUFFICIENT_HISTORY,INSUFFICIENT_BASELINE_HISTORY; ZERO_MFA_FAILURES_OBSERVED,NO_ACTIONABLE_HYPOTHESIS
EMP10390,USER,girish.balakrishnan22,Human Resources,29.51,LOW,0.765,MEDIUM,1,1.0,Unknown,UNKNOWN,SUFFICIENT_HISTORY,ZERO_MFA_FAILURES_OBSERVED,NO_ACTIONABLE_HYPOTHESIS
EMP12381,USER,lucky_sarkar95,Finance,0.0,LOW,0.695,MEDIUM,0,1.0,Unknown,UNKNOWN,SUFFICIENT_HISTORY,ZERO_MFA_FAILURES_OBSERVED,NO_ACTIONABLE_HYPOTHESIS
EMP11109,USER,ekapad.murthy37,Call Center,12.65,LOW,0.8159,HIGH,0,1.0,Unknown,UNKNOWN,SUFFICIENT_HISTORY,ZERO_MFA_FAILURES_OBSERVED,NO_ACTIONABLE_HYPOTHESIS
EMP11849,USER,yochana.talwar9,IT,1.69,LOW,0.695,MEDIUM,0,1.0,Unknown,UNKNOWN,SUFFICIENT_HISTORY,ZERO_MFA_FAILURES_OBSERVED,NO_ACTIONABLE_HYPOTHESIS
EMP12781,USER,Unknown,IT,88.53,CRITICAL,0.9733,HIGH,3,1.5,Unknown,UNKNOWN,SUFFICIENT_HISTORY,ZERO_MFA_FAILURES_OBSERVED,POSSIBLE_CREDENTIAL_COMPROMISE; POSSIBLE_ACCOUNT_TAKEOVER; POSSIBLE_ANOMALOUS_DATA_EXFILTRATION
EMP10710,USER,hamsini.bassi31,R&D,59.28,MODERATE,0.9636,HIGH,2,1.25,Unknown,UNKNOWN,SUFFICIENT_HISTORY,ZERO_MFA_FAILURES_OBSERVED,NO_ACTIONABLE_HYPOTHESIS
EMP11039,USER,vritti.khalsa6,Customer Support,33.73,MODERATE,0.9714,HIGH,1,1.0,Unknown,UNKNOWN,SUFFICIENT_HISTORY,UNCORROBORATED_SINGLE_DIMENSION; ZERO_MFA_FAILURES_OBSERVED,NO_ACTIONABLE_HYPOTHESIS
EMP12737,USER,kashish.raman24,IT,4.22,LOW,0.7207,MEDIUM,0,1.0,Unknown,UNKNOWN,SUFFICIENT_HISTORY,ZERO_MFA_FAILURES_OBSERVED,NO_ACTIONABLE_HYPOTHESIS
EMP12751,USER,william.narang20,Customer Support,1.41,LOW,0.835,HIGH,0,1.0,Unknown,UNKNOWN,SUFFICIENT_HISTORY,ZERO_MFA_FAILURES_OBSERVED,NO_ACTIONABLE_HYPOTHESIS
EMP12674,USER,geetika.khurana37,Operations,0.0,LOW,0.695,MEDIUM,0,1.0,Unknown,UNKNOWN,SUFFICIENT_HISTORY,ZERO_MFA_FAILURES_OBSERVED,NO_ACTIONABLE_HYPOTHESIS
EMP11561,USER,aradhana.sarraf50,IT Support,0.0,LOW,0.7383,MEDIUM,0,1.0,Unknown,UNKNOWN,SUFFICIENT_HISTORY,ZERO_MFA_FAILURES_OBSERVED,NO_ACTIONABLE_HYPOTHESIS
EMP12840,USER,anmol.jaggi24,Call Center,4.22,LOW,0.805,HIGH,0,1.0,Unknown,UNKNOWN,SUFFICIENT_HISTORY,ZERO_MFA_FAILURES_OBSERVED,NO_ACTIONABLE_HYPOTHESIS
EMP11594,USER,vrinda.ganesan90,Customer Support,0.0,LOW,0.55,MEDIUM,0,1.0,Unknown,UNKNOWN,INSUFFICIENT_HISTORY,INSUFFICIENT_BASELINE_HISTORY; ZERO_MFA_FAILURES_OBSERVED,NO_ACTIONABLE_HYPOTHESIS
EMP12933,USER,aarav.ben13,Sales,4.22,LOW,0.8061,HIGH,0,1.0,Unknown,UNKNOWN,SUFFICIENT_HISTORY,ZERO_MFA_FAILURES_OBSERVED,NO_ACTIONABLE_HYPOTHESIS
EMP12837,USER,amara.kade96,Innovation,15.81,LOW,0.695,MEDIUM,1,1.0,Unknown,UNKNOWN,SUFFICIENT_HISTORY,ZERO_MFA_FAILURES_OBSERVED,NO_ACTIONABLE_HYPOTHESIS
EMP11112,USER,umang.raval82,Operations,12.65,LOW,0.92,HIGH,0,1.0,Unknown,UNKNOWN,SUFFICIENT_HISTORY,ZERO_MFA_FAILURES_OBSERVED,NO_ACTIONABLE_HYPOTHESIS
EMP10465,USER,chakradev.krishnan38,Customer Support,0.0,LOW,0.815,HIGH,0,1.0,Unknown,UNKNOWN,SUFFICIENT_HISTORY,ZERO_MFA_FAILURES_OBSERVED,NO_ACTIONABLE_HYPOTHESIS
EMP11560,USER,osha.nadig17,Operations,12.65,LOW,1.0,HIGH,0,1.0,Unknown,UNKNOWN,SUFFICIENT_HISTORY,ZERO_MFA_FAILURES_OBSERVED,NO_ACTIONABLE_HYPOTHESIS
EMP11223,USER,gauri.kannan81,Marketing,29.51,LOW,0.775,MEDIUM,1,1.0,Unknown,UNKNOWN,SUFFICIENT_HISTORY,ZERO_MFA_FAILURES_OBSERVED,NO_ACTIONABLE_HYPOTHESIS
EMP12067,USER,qarin.bhagat83,R&D,37.94,MODERATE,0.9428,HIGH,1,1.0,Unknown,UNKNOWN,SUFFICIENT_HISTORY,UNCORROBORATED_SINGLE_DIMENSION; ZERO_MFA_FAILURES_OBSERVED,NO_ACTIONABLE_HYPOTHESIS
EMP12420,USER,fitan.natarajan6,IT,12.65,LOW,0.9333,HIGH,0,1.0,Unknown,UNKNOWN,SUFFICIENT_HISTORY,ZERO_MFA_FAILURES_OBSERVED,NO_ACTIONABLE_HYPOTHESIS
EMP11508,USER,qarin.prabhu95,Finance,8.43,LOW,0.815,HIGH,0,1.0,Unknown,UNKNOWN,SUFFICIENT_HISTORY,ZERO_MFA_FAILURES_OBSERVED,NO_ACTIONABLE_HYPOTHESIS
EMP11885,USER,bhavika.kalla13,Procurement,0.0,LOW,0.7778,MEDIUM,0,1.0,Unknown,UNKNOWN,SUFFICIENT_HISTORY,ZERO_MFA_FAILURES_OBSERVED,NO_ACTIONABLE_HYPOTHESIS
EMP11104,USER,jack.chacko10,Marketing,4.22,LOW,0.815,HIGH,0,1.0,Unknown,UNKNOWN,SUFFICIENT_HISTORY,ZERO_MFA_FAILURES_OBSERVED,NO_ACTIONABLE_HYPOTHESIS
EMP10660,USER,maanav.oak34,Customer Support,0.0,LOW,0.6717,MEDIUM,0,1.0,Unknown,UNKNOWN,SUFFICIENT_HISTORY,ZERO_MFA_FAILURES_OBSERVED,NO_ACTIONABLE_HYPOTHESIS
EMP10338,USER,kamya.chopra12,Human Resources,0.0,LOW,0.52,MEDIUM,0,1.0,Unknown,UNKNOWN,INSUFFICIENT_HISTORY,INSUFFICIENT_BASELINE_HISTORY; ZERO_MFA_FAILURES_OBSERVED,NO_ACTIONABLE_HYPOTHESIS
EMP10215,USER,anirudh.das28,Procurement,0.0,LOW,0.775,MEDIUM,0,1.0,Unknown,UNKNOWN,SUFFICIENT_HISTORY,ZERO_MFA_FAILURES_OBSERVED,NO_ACTIONABLE_HYPOTHESIS
EMP11615,USER,akshay.maharaj13,Finance,21.08,LOW,0.9636,HIGH,0,1.0,Unknown,UNKNOWN,SUFFICIENT_HISTORY,ZERO_MFA_FAILURES_OBSERVED,NO_ACTIONABLE_HYPOTHESIS
EMP12040,USER,warjas.ratta50,Customer Support,7.03,LOW,0.695,MEDIUM,0,1.0,Unknown,UNKNOWN,SUFFICIENT_HISTORY,ZERO_MFA_FAILURES_OBSERVED,NO_ACTIONABLE_HYPOTHESIS
EMP12592,USER,saanvi_kalita43,Sales,8.43,LOW,0.895,HIGH,0,1.0,Unknown,UNKNOWN,SUFFICIENT_HISTORY,ZERO_MFA_FAILURES_OBSERVED,NO_ACTIONABLE_HYPOTHESIS
EMP12889,USER,ekaja.d’alia3,R&D,24.24,LOW,0.96,HIGH,0,1.0,Unknown,UNKNOWN,SUFFICIENT_HISTORY,ZERO_MFA_FAILURES_OBSERVED,NO_ACTIONABLE_HYPOTHESIS
EMP11592,USER,manthan.badal24,Legal,4.22,LOW,0.865,HIGH,0,1.0,Unknown,UNKNOWN,SUFFICIENT_HISTORY,ZERO_MFA_FAILURES_OBSERVED,NO_ACTIONABLE_HYPOTHESIS
EMP12118,USER,diya.sidhu15,IT,16.86,LOW,0.8506,HIGH,0,1.0,Unknown,UNKNOWN,SUFFICIENT_HISTORY,ZERO_MFA_FAILURES_OBSERVED,NO_ACTIONABLE_HYPOTHESIS
EMP11793,USER,nathan.mall50,Innovation,4.22,LOW,0.715,MEDIUM,0,1.0,Unknown,UNKNOWN,SUFFICIENT_HISTORY,ZERO_MFA_FAILURES_OBSERVED,NO_ACTIONABLE_HYPOTHESIS
EMP12600,USER,aarnav.kaul95,Legal,12.65,LOW,0.8506,HIGH,0,1.0,Unknown,UNKNOWN,SUFFICIENT_HISTORY,ZERO_MFA_FAILURES_OBSERVED,NO_ACTIONABLE_HYPOTHESIS
EMP10816,USER,panini.sachdev98,Supply Chain,21.08,LOW,0.8019,HIGH,0,1.0,Unknown,UNKNOWN,SUFFICIENT_HISTORY,ZERO_MFA_FAILURES_OBSERVED,NO_ACTIONABLE_HYPOTHESIS
EMP11067,USER,ekta.ray68,Brand,28.15,LOW,0.9714,HIGH,1,1.0,Unknown,UNKNOWN,SUFFICIENT_HISTORY,ZERO_MFA_FAILURES_OBSERVED,NO_ACTIONABLE_HYPOTHESIS
EMP12121,USER,aishani.raja23,IT,22.43,LOW,0.815,HIGH,1,1.0,Unknown,UNKNOWN,SUFFICIENT_HISTORY,ZERO_MFA_FAILURES_OBSERVED,NO_ACTIONABLE_HYPOTHESIS
EMP10274,USER,liam.brar8,Customer Support,37.94,MODERATE,0.8506,HIGH,1,1.0,Unknown,UNKNOWN,SUFFICIENT_HISTORY,UNCORROBORATED_SINGLE_DIMENSION; ZERO_MFA_FAILURES_OBSERVED,NO_ACTIONABLE_HYPOTHESIS
EMP12315,USER,laksh.sama59,Sales,4.22,LOW,0.865,HIGH,0,1.0,Unknown,UNKNOWN,SUFFICIENT_HISTORY,ZERO_MFA_FAILURES_OBSERVED,NO_ACTIONABLE_HYPOTHESIS
EMP10865,USER,sanya.kala89,Legal,0.0,LOW,0.775,MEDIUM,0,1.0,Unknown,UNKNOWN,SUFFICIENT_HISTORY,ZERO_MFA_FAILURES_OBSERVED,NO_ACTIONABLE_HYPOTHESIS
EMP10101,USER,karan.gill35,Legal,12.65,LOW,0.92,HIGH,0,1.0,Unknown,UNKNOWN,SUFFICIENT_HISTORY,ZERO_MFA_FAILURES_OBSERVED,NO_ACTIONABLE_HYPOTHESIS
EMP11501,USER,bakhshi.swamy33,Sales,8.43,LOW,0.815,HIGH,0,1.0,Unknown,UNKNOWN,SUFFICIENT_HISTORY,ZERO_MFA_FAILURES_OBSERVED,NO_ACTIONABLE_HYPOTHESIS
EMP12833,USER,ubika.dora89,R&D,25.29,LOW,0.9467,HIGH,1,1.0,Unknown,UNKNOWN,SUFFICIENT_HISTORY,ZERO_MFA_FAILURES_OBSERVED,NO_ACTIONABLE_HYPOTHESIS
EMP10171,USER,bimala.nayar80,Finance,21.08,LOW,0.49,LOW,1,1.0,Unknown,UNKNOWN,INSUFFICIENT_HISTORY,INSUFFICIENT_BASELINE_HISTORY; ZERO_MFA_FAILURES_OBSERVED,NO_ACTIONABLE_HYPOTHESIS
EMP10107,USER,mekhala.gade57,Human Resources,0.0,LOW,0.52,MEDIUM,0,1.0,Unknown,UNKNOWN,INSUFFICIENT_HISTORY,INSUFFICIENT_BASELINE_HISTORY; ZERO_MFA_FAILURES_OBSERVED,NO_ACTIONABLE_HYPOTHESIS
EMP12697,USER,damini.dara51,Finance,4.22,LOW,0.815,HIGH,0,1.0,Unknown,UNKNOWN,SUFFICIENT_HISTORY,ZERO_MFA_FAILURES_OBSERVED,NO_ACTIONABLE_HYPOTHESIS
EMP11521,USER,mohini.hegde96,Operations,29.51,LOW,0.96,HIGH,1,1.0,Unknown,UNKNOWN,SUFFICIENT_HISTORY,ZERO_MFA_FAILURES_OBSERVED,NO_ACTIONABLE_HYPOTHESIS
EMP12724,USER,max.wali58,Operations,8.43,LOW,0.815,HIGH,0,1.0,Unknown,UNKNOWN,SUFFICIENT_HISTORY,ZERO_MFA_FAILURES_OBSERVED,NO_ACTIONABLE_HYPOTHESIS
EMP12270,USER,isaiah.bhatti12,Finance,21.08,LOW,0.52,MEDIUM,1,1.0,Unknown,UNKNOWN,INSUFFICIENT_HISTORY,INSUFFICIENT_BASELINE_HISTORY; ZERO_MFA_FAILURES_OBSERVED,NO_ACTIONABLE_HYPOTHESIS
EMP11878,USER,qadim.puri38,IT,13.49,LOW,0.7778,MEDIUM,0,1.0,Unknown,UNKNOWN,SUFFICIENT_HISTORY,ZERO_MFA_FAILURES_OBSERVED,NO_ACTIONABLE_HYPOTHESIS
EMP12106,USER,rachana.gokhale33,R&D,6.32,LOW,0.55,MEDIUM,0,1.0,Unknown,UNKNOWN,INSUFFICIENT_HISTORY,INSUFFICIENT_BASELINE_HISTORY; ZERO_MFA_FAILURES_OBSERVED,NO_ACTIONABLE_HYPOTHESIS
EMP12077,USER,jai.dube97,Human Resources,0.0,LOW,0.7617,MEDIUM,0,1.0,Unknown,UNKNOWN,SUFFICIENT_HISTORY,ZERO_MFA_FAILURES_OBSERVED,NO_ACTIONABLE_HYPOTHESIS
EMP12322,USER,ekavir_seshadri85,IT,8.43,LOW,0.7617,MEDIUM,0,1.0,Unknown,UNKNOWN,SUFFICIENT_HISTORY,ZERO_MFA_FAILURES_OBSERVED,NO_ACTIONABLE_HYPOTHESIS
EMP12412,USER,william.swamy80,Finance,0.0,LOW,0.695,MEDIUM,0,1.0,Unknown,UNKNOWN,SUFFICIENT_HISTORY,ZERO_MFA_FAILURES_OBSERVED,NO_ACTIONABLE_HYPOTHESIS
EMP12654,USER,charvi.tella63,Human Resources,21.08,LOW,0.9333,HIGH,1,1.0,Unknown,UNKNOWN,SUFFICIENT_HISTORY,ZERO_MFA_FAILURES_OBSERVED,NO_ACTIONABLE_HYPOTHESIS
EMP11873,USER,jasmit.badal96,Sales,1.69,LOW,0.865,HIGH,0,1.0,Unknown,UNKNOWN,SUFFICIENT_HISTORY,ZERO_MFA_FAILURES_OBSERVED,NO_ACTIONABLE_HYPOTHESIS
EMP10295,USER,eesha.parikh47,Marketing,8.43,LOW,0.835,HIGH,0,1.0,Unknown,UNKNOWN,SUFFICIENT_HISTORY,ZERO_MFA_FAILURES_OBSERVED,NO_ACTIONABLE_HYPOTHESIS
EMP10712,USER,manya.bhatti69,Sales,12.65,LOW,0.92,HIGH,0,1.0,Unknown,UNKNOWN,SUFFICIENT_HISTORY,ZERO_MFA_FAILURES_OBSERVED,NO_ACTIONABLE_HYPOTHESIS
EMP10072,USER,bhavika.wagle62,R&D,12.65,LOW,0.895,HIGH,0,1.0,Unknown,UNKNOWN,SUFFICIENT_HISTORY,ZERO_MFA_FAILURES_OBSERVED,NO_ACTIONABLE_HYPOTHESIS
EMP11524,USER,veda.srinivasan95,Sales,0.0,LOW,0.815,HIGH,0,1.0,Unknown,UNKNOWN,SUFFICIENT_HISTORY,ZERO_MFA_FAILURES_OBSERVED,NO_ACTIONABLE_HYPOTHESIS
EMP12341,USER,vedhika.raj2,Human Resources,21.08,LOW,0.9273,HIGH,0,1.0,Unknown,UNKNOWN,SUFFICIENT_HISTORY,ZERO_MFA_FAILURES_OBSERVED,NO_ACTIONABLE_HYPOTHESIS
EMP12981,USER,ekaraj.biswas85,Marketing,12.65,LOW,0.92,HIGH,0,1.0,Unknown,UNKNOWN,SUFFICIENT_HISTORY,ZERO_MFA_FAILURES_OBSERVED,NO_ACTIONABLE_HYPOTHESIS
EMP12971,USER,ekansh.bhardwaj35,Finance,1.41,LOW,0.775,MEDIUM,0,1.0,Unknown,UNKNOWN,SUFFICIENT_HISTORY,ZERO_MFA_FAILURES_OBSERVED,NO_ACTIONABLE_HYPOTHESIS
EMP10481,USER,charles.majumdar25,Marketing,17.92,LOW,0.7207,MEDIUM,0,1.0,Unknown,UNKNOWN,SUFFICIENT_HISTORY,ZERO_MFA_FAILURES_OBSERVED,NO_ACTIONABLE_HYPOTHESIS
EMP12306,USER,maanas.borde94,Legal,12.65,LOW,0.7207,MEDIUM,0,1.0,Unknown,UNKNOWN,SUFFICIENT_HISTORY,ZERO_MFA_FAILURES_OBSERVED,NO_ACTIONABLE_HYPOTHESIS
EMP11530,USER,parth.pandey90,Operations,21.08,LOW,0.9636,HIGH,0,1.0,Unknown,UNKNOWN,SUFFICIENT_HISTORY,ZERO_MFA_FAILURES_OBSERVED,NO_ACTIONABLE_HYPOTHESIS
EMP12632,USER,rachita.mall3,Human Resources,7.23,LOW,0.7383,MEDIUM,0,1.0,Unknown,UNKNOWN,SUFFICIENT_HISTORY,ZERO_MFA_FAILURES_OBSERVED,NO_ACTIONABLE_HYPOTHESIS
EMP11514,USER,dakshesh.chaudhari62,Support,4.22,LOW,0.8061,HIGH,0,1.0,Unknown,UNKNOWN,SUFFICIENT_HISTORY,ZERO_MFA_FAILURES_OBSERVED,NO_ACTIONABLE_HYPOTHESIS
EMP11762,USER,bhavya.khanna18,Human Resources,17.65,LOW,0.7778,MEDIUM,0,1.0,Unknown,UNKNOWN,SUFFICIENT_HISTORY,ZERO_MFA_FAILURES_OBSERVED,NO_ACTIONABLE_HYPOTHESIS
EMP11490,USER,advaith.shroff57,Sales,0.0,LOW,0.835,HIGH,0,1.0,Unknown,UNKNOWN,SUFFICIENT_HISTORY,ZERO_MFA_FAILURES_OBSERVED,NO_ACTIONABLE_HYPOTHESIS
EMP11171,USER,shravya.khalsa89,Sales,14.75,LOW,0.765,MEDIUM,0,1.0,Unknown,UNKNOWN,SUFFICIENT_HISTORY,ZERO_MFA_FAILURES_OBSERVED,NO_ACTIONABLE_HYPOTHESIS
EMP12526,USER,max.bassi73,Finance,16.86,LOW,0.96,HIGH,0,1.0,Unknown,UNKNOWN,SUFFICIENT_HISTORY,ZERO_MFA_FAILURES_OBSERVED,NO_ACTIONABLE_HYPOTHESIS
EMP12438,USER,panini.randhawa28,R&D,0.0,LOW,0.7778,MEDIUM,0,1.0,Unknown,UNKNOWN,SUFFICIENT_HISTORY,ZERO_MFA_FAILURES_OBSERVED,NO_ACTIONABLE_HYPOTHESIS
EMP12619,USER,upadhriti.kannan16,Support,8.43,LOW,0.815,HIGH,0,1.0,Unknown,UNKNOWN,SUFFICIENT_HISTORY,ZERO_MFA_FAILURES_OBSERVED,NO_ACTIONABLE_HYPOTHESIS
EMP12284,USER,naksh.kala17,IT,4.22,LOW,0.835,HIGH,0,1.0,Unknown,UNKNOWN,SUFFICIENT_HISTORY,ZERO_MFA_FAILURES_OBSERVED,NO_ACTIONABLE_HYPOTHESIS
EMP10405,USER,nidhi.sankar58,Finance,8.43,LOW,0.805,HIGH,0,1.0,Unknown,UNKNOWN,SUFFICIENT_HISTORY,ZERO_MFA_FAILURES_OBSERVED,NO_ACTIONABLE_HYPOTHESIS
EMP10757,USER,gaurika.bains94,Customer Support,25.29,LOW,0.865,HIGH,1,1.0,Unknown,UNKNOWN,SUFFICIENT_HISTORY,ZERO_MFA_FAILURES_OBSERVED,NO_ACTIONABLE_HYPOTHESIS
EMP12071,USER,bhavna.deshpande74,Customer Support,4.22,LOW,0.805,HIGH,0,1.0,Unknown,UNKNOWN,SUFFICIENT_HISTORY,ZERO_MFA_FAILURES_OBSERVED,NO_ACTIONABLE_HYPOTHESIS
EMP12252,USER,advay.ray64,Human Resources,6.12,LOW,0.695,MEDIUM,0,1.0,Unknown,UNKNOWN,SUFFICIENT_HISTORY,ZERO_MFA_FAILURES_OBSERVED,NO_ACTIONABLE_HYPOTHESIS
EMP11999,USER,udant.dyal3,Innovation,12.65,LOW,0.8061,HIGH,0,1.0,Unknown,UNKNOWN,SUFFICIENT_HISTORY,ZERO_MFA_FAILURES_OBSERVED,NO_ACTIONABLE_HYPOTHESIS
EMP10097,USER,advik.raj99,Legal,8.43,LOW,0.815,HIGH,0,1.0,Unknown,UNKNOWN,SUFFICIENT_HISTORY,ZERO_MFA_FAILURES_OBSERVED,NO_ACTIONABLE_HYPOTHESIS
EMP11333,USER,meera.sule49,Legal,12.65,LOW,0.815,HIGH,0,1.0,Unknown,UNKNOWN,SUFFICIENT_HISTORY,ZERO_MFA_FAILURES_OBSERVED,NO_ACTIONABLE_HYPOTHESIS
EMP12461,USER,nachiket.ganguly96,Human Resources,4.22,LOW,0.8506,HIGH,0,1.0,Unknown,UNKNOWN,SUFFICIENT_HISTORY,ZERO_MFA_FAILURES_OBSERVED,NO_ACTIONABLE_HYPOTHESIS
EMP10743,USER,yashodhara.dugar79,IT Support,0.0,LOW,0.52,MEDIUM,0,1.0,Unknown,UNKNOWN,INSUFFICIENT_HISTORY,INSUFFICIENT_BASELINE_HISTORY; ZERO_MFA_FAILURES_OBSERVED,NO_ACTIONABLE_HYPOTHESIS
EMP10806,USER,daniel.nadkarni96,Marketing,12.65,LOW,0.9333,HIGH,0,1.0,Unknown,UNKNOWN,SUFFICIENT_HISTORY,ZERO_MFA_FAILURES_OBSERVED,NO_ACTIONABLE_HYPOTHESIS
EMP12020,USER,wyatt.sharaf97,Procurement,16.86,LOW,1.0,HIGH,0,1.0,Unknown,UNKNOWN,SUFFICIENT_HISTORY,ZERO_MFA_FAILURES_OBSERVED,NO_ACTIONABLE_HYPOTHESIS
EMP12576,USER,gavin.devi25,Brand,25.29,LOW,0.865,HIGH,0,1.0,Unknown,UNKNOWN,SUFFICIENT_HISTORY,ZERO_MFA_FAILURES_OBSERVED,NO_ACTIONABLE_HYPOTHESIS
EMP11535,USER,dhriti.shere97,Human Resources,0.95,LOW,0.7778,MEDIUM,0,1.0,Unknown,UNKNOWN,SUFFICIENT_HISTORY,ZERO_MFA_FAILURES_OBSERVED,NO_ACTIONABLE_HYPOTHESIS
EMP12114,USER,omkaar.srinivasan33,R&D,0.0,LOW,0.7778,MEDIUM,0,1.0,Unknown,UNKNOWN,SUFFICIENT_HISTORY,ZERO_MFA_FAILURES_OBSERVED,NO_ACTIONABLE_HYPOTHESIS
EMP12172,USER,dominic.bose12,Operations,9.48,LOW,0.765,MEDIUM,0,1.0,Unknown,UNKNOWN,SUFFICIENT_HISTORY,ZERO_MFA_FAILURES_OBSERVED,NO_ACTIONABLE_HYPOTHESIS
EMP12415,USER,naveen_tara18,IT,0.0,LOW,0.805,HIGH,0,1.0,Unknown,UNKNOWN,SUFFICIENT_HISTORY,ZERO_MFA_FAILURES_OBSERVED,NO_ACTIONABLE_HYPOTHESIS
EMP10148,USER,ria.ramakrishnan80,IT,8.43,LOW,0.7207,MEDIUM,0,1.0,Unknown,UNKNOWN,SUFFICIENT_HISTORY,ZERO_MFA_FAILURES_OBSERVED,NO_ACTIONABLE_HYPOTHESIS
EMP12154,USER,aadi.sidhu81,IT,4.22,LOW,0.7778,MEDIUM,0,1.0,Unknown,UNKNOWN,SUFFICIENT_HISTORY,ZERO_MFA_FAILURES_OBSERVED,NO_ACTIONABLE_HYPOTHESIS
EMP12117,USER,timothy.yadav52,Legal,21.08,LOW,0.9692,HIGH,0,1.0,Unknown,UNKNOWN,SUFFICIENT_HISTORY,ZERO_MFA_FAILURES_OBSERVED,NO_ACTIONABLE_HYPOTHESIS
EMP12831,USER,chatresh_nagi33,Marketing,37.65,MODERATE,1.0,HIGH,1,1.0,Unknown,UNKNOWN,SUFFICIENT_HISTORY,UNCORROBORATED_SINGLE_DIMENSION; ZERO_MFA_FAILURES_OBSERVED,NO_ACTIONABLE_HYPOTHESIS
EMP11315,USER,yash.choudhary70,Operations,8.43,LOW,0.7778,MEDIUM,0,1.0,Unknown,UNKNOWN,SUFFICIENT_HISTORY,ZERO_MFA_FAILURES_OBSERVED,NO_ACTIONABLE_HYPOTHESIS
EMP10692,USER,nitara_shukla26,Sales,12.65,LOW,0.96,HIGH,0,1.0,Unknown,UNKNOWN,SUFFICIENT_HISTORY,ZERO_MFA_FAILURES_OBSERVED,NO_ACTIONABLE_HYPOTHESIS
EMP10818,USER,rayaan_tiwari18,IT,4.22,LOW,0.765,MEDIUM,0,1.0,Unknown,UNKNOWN,SUFFICIENT_HISTORY,ZERO_MFA_FAILURES_OBSERVED,NO_ACTIONABLE_HYPOTHESIS
EMP11728,USER,rushil.bassi10,Marketing,1.41,LOW,0.775,MEDIUM,0,1.0,Unknown,UNKNOWN,SUFFICIENT_HISTORY,ZERO_MFA_FAILURES_OBSERVED,NO_ACTIONABLE_HYPOTHESIS
EMP11386,USER,manthan.rajagopal79,Operations,13.7,LOW,0.835,HIGH,0,1.0,Unknown,UNKNOWN,SUFFICIENT_HISTORY,ZERO_MFA_FAILURES_OBSERVED,NO_ACTIONABLE_HYPOTHESIS
EMP12353,USER,Unknown,Sales,8.43,LOW,0.8506,HIGH,0,1.0,Unknown,UNKNOWN,SUFFICIENT_HISTORY,ZERO_MFA_FAILURES_OBSERVED,NO_ACTIONABLE_HYPOTHESIS
EMP12120,USER,sachi.brar91,Brand,0.0,LOW,0.765,MEDIUM,0,1.0,Unknown,UNKNOWN,SUFFICIENT_HISTORY,ZERO_MFA_FAILURES_OBSERVED,NO_ACTIONABLE_HYPOTHESIS
EMP11599,USER,hardik.krishnan79,R&D,16.86,LOW,0.9273,HIGH,1,1.0,Unknown,UNKNOWN,SUFFICIENT_HISTORY,ZERO_MFA_FAILURES_OBSERVED,NO_ACTIONABLE_HYPOTHESIS
EMP12663,USER,zansi.master45,Procurement,16.86,LOW,0.895,HIGH,1,1.0,Unknown,UNKNOWN,SUFFICIENT_HISTORY,ZERO_MFA_FAILURES_OBSERVED,NO_ACTIONABLE_HYPOTHESIS
EMP12531,USER,vincent.bora29,Sales,4.22,LOW,0.92,HIGH,0,1.0,Unknown,UNKNOWN,SUFFICIENT_HISTORY,ZERO_MFA_FAILURES_OBSERVED,NO_ACTIONABLE_HYPOTHESIS
EMP10701,USER,keya.apte48,Human Resources,0.95,LOW,0.45,LOW,0,1.0,Unknown,UNKNOWN,INSUFFICIENT_HISTORY,INSUFFICIENT_BASELINE_HISTORY; ZERO_MFA_FAILURES_OBSERVED,NO_ACTIONABLE_HYPOTHESIS
EMP12894,USER,yashawini.saran22,Legal,21.08,LOW,0.8159,HIGH,0,1.0,Unknown,UNKNOWN,SUFFICIENT_HISTORY,ZERO_MFA_FAILURES_OBSERVED,NO_ACTIONABLE_HYPOTHESIS
EMP12738,USER,devika.bhargava75,Procurement,100.0,CRITICAL,0.9768,HIGH,3,1.5,Unknown,UNKNOWN,SUFFICIENT_HISTORY,ZERO_MFA_FAILURES_OBSERVED,POSSIBLE_CREDENTIAL_COMPROMISE; POSSIBLE_ACCOUNT_TAKEOVER; POSSIBLE_ANOMALOUS_DATA_EXFILTRATION
EMP10921,USER,arunima.dhingra17,Support,4.22,LOW,0.96,HIGH,0,1.0,Unknown,UNKNOWN,SUFFICIENT_HISTORY,ZERO_MFA_FAILURES_OBSERVED,NO_ACTIONABLE_HYPOTHESIS
EMP11424,USER,parth.maharaj81,R&D,14.23,LOW,0.45,LOW,0,1.0,Unknown,UNKNOWN,INSUFFICIENT_HISTORY,INSUFFICIENT_BASELINE_HISTORY; ZERO_MFA_FAILURES_OBSERVED,NO_ACTIONABLE_HYPOTHESIS
EMP11708,USER,rachita_nath49,Customer Support,9.84,LOW,0.8159,HIGH,0,1.0,Unknown,UNKNOWN,SUFFICIENT_HISTORY,ZERO_MFA_FAILURES_OBSERVED,NO_ACTIONABLE_HYPOTHESIS
EMP10905,USER,Unknown,Finance,16.86,LOW,0.9273,HIGH,0,1.0,Unknown,UNKNOWN,SUFFICIENT_HISTORY,ZERO_MFA_FAILURES_OBSERVED,NO_ACTIONABLE_HYPOTHESIS
EMP10454,USER,udyati.rastogi46,Procurement,21.08,LOW,0.8107,HIGH,0,1.0,Unknown,UNKNOWN,SUFFICIENT_HISTORY,ZERO_MFA_FAILURES_OBSERVED,NO_ACTIONABLE_HYPOTHESIS
EMP12147,USER,odika.mistry80,Human Resources,4.22,LOW,0.7778,MEDIUM,0,1.0,Unknown,UNKNOWN,SUFFICIENT_HISTORY,ZERO_MFA_FAILURES_OBSERVED,NO_ACTIONABLE_HYPOTHESIS
EMP12883,USER,anvi.khosla18,Marketing,6.32,LOW,0.45,LOW,0,1.0,Unknown,UNKNOWN,INSUFFICIENT_HISTORY,INSUFFICIENT_BASELINE_HISTORY; ZERO_MFA_FAILURES_OBSERVED,NO_ACTIONABLE_HYPOTHESIS
EMP12376,USER,max.agate4,Finance,9.27,LOW,0.775,MEDIUM,0,1.0,Unknown,UNKNOWN,SUFFICIENT_HISTORY,ZERO_MFA_FAILURES_OBSERVED,NO_ACTIONABLE_HYPOTHESIS
EMP11886,USER,bhavya.sura34,Finance,4.22,LOW,0.815,HIGH,0,1.0,Unknown,UNKNOWN,SUFFICIENT_HISTORY,ZERO_MFA_FAILURES_OBSERVED,NO_ACTIONABLE_HYPOTHESIS
EMP10167,USER,kamala.babu40,Legal,0.0,LOW,0.7778,MEDIUM,0,1.0,Unknown,UNKNOWN,SUFFICIENT_HISTORY,ZERO_MFA_FAILURES_OBSERVED,NO_ACTIONABLE_HYPOTHESIS
EMP10730,USER,omkaar.balakrishnan85,Sales,0.0,LOW,0.775,MEDIUM,0,1.0,Unknown,UNKNOWN,SUFFICIENT_HISTORY,ZERO_MFA_FAILURES_OBSERVED,NO_ACTIONABLE_HYPOTHESIS
EMP12226,USER,udant.palla36,IT,8.43,LOW,0.775,MEDIUM,0,1.0,Unknown,UNKNOWN,SUFFICIENT_HISTORY,ZERO_MFA_FAILURES_OBSERVED,NO_ACTIONABLE_HYPOTHESIS
EMP11310,USER,ganga.joshi21,Legal,12.65,LOW,0.865,HIGH,0,1.0,Unknown,UNKNOWN,SUFFICIENT_HISTORY,ZERO_MFA_FAILURES_OBSERVED,NO_ACTIONABLE_HYPOTHESIS
EMP12370,USER,robert.de76,Operations,8.43,LOW,0.895,HIGH,0,1.0,Unknown,UNKNOWN,SUFFICIENT_HISTORY,ZERO_MFA_FAILURES_OBSERVED,NO_ACTIONABLE_HYPOTHESIS
EMP10026,USER,hemang.pandya70,IT,8.43,LOW,0.815,HIGH,0,1.0,Unknown,UNKNOWN,SUFFICIENT_HISTORY,ZERO_MFA_FAILURES_OBSERVED,NO_ACTIONABLE_HYPOTHESIS
EMP12054,USER,amara.sur40,Operations,0.0,LOW,0.805,HIGH,0,1.0,Unknown,UNKNOWN,SUFFICIENT_HISTORY,ZERO_MFA_FAILURES_OBSERVED,NO_ACTIONABLE_HYPOTHESIS
EMP11652,USER,Unknown,Legal,12.65,LOW,0.835,HIGH,0,1.0,Unknown,UNKNOWN,SUFFICIENT_HISTORY,ZERO_MFA_FAILURES_OBSERVED,NO_ACTIONABLE_HYPOTHESIS
EMP11622,USER,abhiram.issac85,Procurement,16.86,LOW,0.55,MEDIUM,1,1.0,Unknown,UNKNOWN,INSUFFICIENT_HISTORY,INSUFFICIENT_BASELINE_HISTORY; ZERO_MFA_FAILURES_OBSERVED,NO_ACTIONABLE_HYPOTHESIS
EMP10587,USER,janani.padmanabhan32,IT,12.65,LOW,0.805,HIGH,0,1.0,Unknown,UNKNOWN,SUFFICIENT_HISTORY,ZERO_MFA_FAILURES_OBSERVED,NO_ACTIONABLE_HYPOTHESIS
EMP11401,USER,oviya.bahl97,Call Center,0.0,LOW,0.775,MEDIUM,0,1.0,Unknown,UNKNOWN,SUFFICIENT_HISTORY,ZERO_MFA_FAILURES_OBSERVED,NO_ACTIONABLE_HYPOTHESIS
EMP10997,USER,vrishti_bhandari80,Operations,0.0,LOW,0.7778,MEDIUM,0,1.0,Unknown,UNKNOWN,SUFFICIENT_HISTORY,ZERO_MFA_FAILURES_OBSERVED,NO_ACTIONABLE_HYPOTHESIS
EMP11176,USER,saanvi.dass2,Procurement,0.0,LOW,0.7383,MEDIUM,0,1.0,Unknown,UNKNOWN,SUFFICIENT_HISTORY,ZERO_MFA_FAILURES_OBSERVED,NO_ACTIONABLE_HYPOTHESIS
EMP11700,USER,bahadurjit.ratta50,Sales,1.69,LOW,0.7383,MEDIUM,0,1.0,Unknown,UNKNOWN,SUFFICIENT_HISTORY,ZERO_MFA_FAILURES_OBSERVED,NO_ACTIONABLE_HYPOTHESIS
EMP11040,USER,aarav.suri27,Customer Support,7.03,LOW,0.695,MEDIUM,0,1.0,Unknown,UNKNOWN,SUFFICIENT_HISTORY,ZERO_MFA_FAILURES_OBSERVED,NO_ACTIONABLE_HYPOTHESIS
EMP10033,USER,ekanta.chadha10,IT,23.78,LOW,0.775,MEDIUM,0,1.0,Unknown,UNKNOWN,SUFFICIENT_HISTORY,ZERO_MFA_FAILURES_OBSERVED,NO_ACTIONABLE_HYPOTHESIS
EMP11927,USER,laban.verma70,Human Resources,8.43,LOW,0.835,HIGH,0,1.0,Unknown,UNKNOWN,SUFFICIENT_HISTORY,ZERO_MFA_FAILURES_OBSERVED,NO_ACTIONABLE_HYPOTHESIS
EMP12440,USER,nisha.kari14,IT,16.86,LOW,1.0,HIGH,0,1.0,Unknown,UNKNOWN,SUFFICIENT_HISTORY,ZERO_MFA_FAILURES_OBSERVED,NO_ACTIONABLE_HYPOTHESIS
EMP11379,USER,victor.manne39,Sales,0.0,LOW,0.805,HIGH,0,1.0,Unknown,UNKNOWN,SUFFICIENT_HISTORY,ZERO_MFA_FAILURES_OBSERVED,NO_ACTIONABLE_HYPOTHESIS
EMP10041,USER,Unknown,Procurement,29.51,LOW,0.9467,HIGH,1,1.0,Unknown,UNKNOWN,SUFFICIENT_HISTORY,ZERO_MFA_FAILURES_OBSERVED,NO_ACTIONABLE_HYPOTHESIS
EMP11876,USER,yochana.sinha99,Human Resources,12.65,LOW,0.9273,HIGH,0,1.0,Unknown,UNKNOWN,SUFFICIENT_HISTORY,ZERO_MFA_FAILURES_OBSERVED,NO_ACTIONABLE_HYPOTHESIS
EMP12176,USER,theodore.chander22,IT Support,13.11,LOW,0.775,MEDIUM,0,1.0,Unknown,UNKNOWN,SUFFICIENT_HISTORY,ZERO_MFA_FAILURES_OBSERVED,NO_ACTIONABLE_HYPOTHESIS
EMP12257,USER,hritik.deo84,Operations,2.11,LOW,0.7778,MEDIUM,0,1.0,Unknown,UNKNOWN,SUFFICIENT_HISTORY,ZERO_MFA_FAILURES_OBSERVED,NO_ACTIONABLE_HYPOTHESIS
EMP12686,USER,tara.muni30,Operations,21.08,LOW,1.0,HIGH,0,1.0,Unknown,UNKNOWN,SUFFICIENT_HISTORY,ZERO_MFA_FAILURES_OBSERVED,NO_ACTIONABLE_HYPOTHESIS
EMP12229,USER,kritika.chakraborty12,Human Resources,30.05,MODERATE,0.775,MEDIUM,1,1.0,Unknown,UNKNOWN,SUFFICIENT_HISTORY,UNCORROBORATED_SINGLE_DIMENSION; ZERO_MFA_FAILURES_OBSERVED,NO_ACTIONABLE_HYPOTHESIS
EMP12099,USER,omaja.kapur20,IT,29.51,LOW,1.0,HIGH,0,1.0,Unknown,UNKNOWN,SUFFICIENT_HISTORY,ZERO_MFA_FAILURES_OBSERVED,NO_ACTIONABLE_HYPOTHESIS
EMP11909,USER,kashvi.bhagat73,Finance,0.0,LOW,0.765,MEDIUM,0,1.0,Unknown,UNKNOWN,SUFFICIENT_HISTORY,ZERO_MFA_FAILURES_OBSERVED,NO_ACTIONABLE_HYPOTHESIS
EMP10609,USER,bhavya.oza34,Operations,0.0,LOW,0.835,HIGH,0,1.0,Unknown,UNKNOWN,SUFFICIENT_HISTORY,ZERO_MFA_FAILURES_OBSERVED,NO_ACTIONABLE_HYPOTHESIS
EMP11132,USER,yug.om34,Sales,8.43,LOW,1.0,HIGH,0,1.0,Unknown,UNKNOWN,SUFFICIENT_HISTORY,ZERO_MFA_FAILURES_OBSERVED,NO_ACTIONABLE_HYPOTHESIS
EMP10028,USER,siddharth.patil20,Sales,4.22,LOW,0.775,MEDIUM,0,1.0,Unknown,UNKNOWN,SUFFICIENT_HISTORY,ZERO_MFA_FAILURES_OBSERVED,NO_ACTIONABLE_HYPOTHESIS
EMP10441,USER,utkarsh.dass49,Marketing,25.29,LOW,0.825,HIGH,0,1.0,Unknown,UNKNOWN,SUFFICIENT_HISTORY,ZERO_MFA_FAILURES_OBSERVED,NO_ACTIONABLE_HYPOTHESIS
EMP10665,USER,daksh.kalita23,Sales,21.08,LOW,0.7207,MEDIUM,0,1.0,Unknown,UNKNOWN,SUFFICIENT_HISTORY,ZERO_MFA_FAILURES_OBSERVED,NO_ACTIONABLE_HYPOTHESIS
EMP12228,USER,falguni.thaman99,Operations,0.0,LOW,0.55,MEDIUM,0,1.0,Unknown,UNKNOWN,INSUFFICIENT_HISTORY,INSUFFICIENT_BASELINE_HISTORY; ZERO_MFA_FAILURES_OBSERVED,NO_ACTIONABLE_HYPOTHESIS
EMP10493,USER,radha.rana10,IT,0.0,LOW,0.09,UNTRUSTED,0,1.0,Unknown,UNKNOWN,INSUFFICIENT_HISTORY,LOW_TIMESTAMP_QUALITY; INSUFFICIENT_BASELINE_HISTORY; ZERO_MFA_FAILURES_OBSERVED,NO_ACTIONABLE_HYPOTHESIS
EMP11258,USER,vinaya.barad66,Sales,12.65,LOW,0.805,HIGH,0,1.0,Unknown,UNKNOWN,SUFFICIENT_HISTORY,ZERO_MFA_FAILURES_OBSERVED,NO_ACTIONABLE_HYPOTHESIS
EMP11301,USER,kabir.tandon59,Brand,19.67,LOW,0.835,HIGH,1,1.0,Unknown,UNKNOWN,SUFFICIENT_HISTORY,ZERO_MFA_FAILURES_OBSERVED,NO_ACTIONABLE_HYPOTHESIS
EMP12956,USER,chanchal_sandal62,Customer Support,4.22,LOW,0.7778,MEDIUM,0,1.0,Unknown,UNKNOWN,SUFFICIENT_HISTORY,ZERO_MFA_FAILURES_OBSERVED,NO_ACTIONABLE_HYPOTHESIS
EMP12437,USER,reva.nanda32,Sales,0.0,LOW,0.775,MEDIUM,0,1.0,Unknown,UNKNOWN,SUFFICIENT_HISTORY,ZERO_MFA_FAILURES_OBSERVED,NO_ACTIONABLE_HYPOTHESIS
EMP11382,USER,ishanvi.ravel63,Procurement,21.08,LOW,0.8159,HIGH,0,1.0,Unknown,UNKNOWN,SUFFICIENT_HISTORY,ZERO_MFA_FAILURES_OBSERVED,NO_ACTIONABLE_HYPOTHESIS
EMP11304,USER,amruta.parsa74,Support,7.59,LOW,0.765,MEDIUM,0,1.0,Unknown,UNKNOWN,SUFFICIENT_HISTORY,ZERO_MFA_FAILURES_OBSERVED,NO_ACTIONABLE_HYPOTHESIS
EMP10236,USER,Unknown,R&D,21.08,LOW,0.9692,HIGH,0,1.0,Unknown,UNKNOWN,SUFFICIENT_HISTORY,ZERO_MFA_FAILURES_OBSERVED,NO_ACTIONABLE_HYPOTHESIS
EMP10551,USER,azad.swamy68,Compliance,42.16,MODERATE,0.8393,HIGH,1,1.0,Unknown,UNKNOWN,SUFFICIENT_HISTORY,UNCORROBORATED_SINGLE_DIMENSION; ZERO_MFA_FAILURES_OBSERVED,NO_ACTIONABLE_HYPOTHESIS
EMP10520,USER,diya.tandon19,IT,0.0,LOW,0.6717,MEDIUM,0,1.0,Unknown,UNKNOWN,SUFFICIENT_HISTORY,ZERO_MFA_FAILURES_OBSERVED,NO_ACTIONABLE_HYPOTHESIS
EMP12285,USER,fariq.koshy90,Finance,29.51,LOW,0.7917,MEDIUM,0,1.0,Unknown,UNKNOWN,SUFFICIENT_HISTORY,ZERO_MFA_FAILURES_OBSERVED,NO_ACTIONABLE_HYPOTHESIS
EMP11232,USER,gaurangi.mistry16,Sales,42.16,MODERATE,0.9667,HIGH,1,1.0,Unknown,UNKNOWN,SUFFICIENT_HISTORY,UNCORROBORATED_SINGLE_DIMENSION; ZERO_MFA_FAILURES_OBSERVED,NO_ACTIONABLE_HYPOTHESIS
EMP11138,USER,pooja.bassi47,Operations,29.51,LOW,0.9385,HIGH,0,1.0,Unknown,UNKNOWN,SUFFICIENT_HISTORY,ZERO_MFA_FAILURES_OBSERVED,NO_ACTIONABLE_HYPOTHESIS
EMP11905,USER,mahika.srinivas54,Procurement,0.0,LOW,0.815,HIGH,0,1.0,Unknown,UNKNOWN,SUFFICIENT_HISTORY,ZERO_MFA_FAILURES_OBSERVED,NO_ACTIONABLE_HYPOTHESIS
EMP10720,USER,victor.chaudhuri10,R&D,0.0,LOW,0.7778,MEDIUM,0,1.0,Unknown,UNKNOWN,SUFFICIENT_HISTORY,ZERO_MFA_FAILURES_OBSERVED,NO_ACTIONABLE_HYPOTHESIS
EMP10735,USER,chatresh.murthy80,IT,11.8,LOW,0.775,MEDIUM,0,1.0,Unknown,UNKNOWN,SUFFICIENT_HISTORY,ZERO_MFA_FAILURES_OBSERVED,NO_ACTIONABLE_HYPOTHESIS
EMP12779,USER,tanveer_bahri84,Finance,21.08,LOW,0.9692,HIGH,0,1.0,Unknown,UNKNOWN,SUFFICIENT_HISTORY,ZERO_MFA_FAILURES_OBSERVED,NO_ACTIONABLE_HYPOTHESIS
EMP11750,USER,gaurika.sachdev76,Procurement,4.22,LOW,0.29,LOW,0,1.0,Unknown,UNKNOWN,INSUFFICIENT_HISTORY,INSUFFICIENT_BASELINE_HISTORY; ZERO_MFA_FAILURES_OBSERVED,NO_ACTIONABLE_HYPOTHESIS
EMP10058,USER,ishanvi.chakraborty35,Operations,25.29,LOW,0.9636,HIGH,0,1.0,Unknown,UNKNOWN,SUFFICIENT_HISTORY,ZERO_MFA_FAILURES_OBSERVED,NO_ACTIONABLE_HYPOTHESIS
EMP10631,USER,wishi.handa94,Legal,0.0,LOW,0.7778,MEDIUM,0,1.0,Unknown,UNKNOWN,SUFFICIENT_HISTORY,ZERO_MFA_FAILURES_OBSERVED,NO_ACTIONABLE_HYPOTHESIS
EMP11181,USER,ira.korpal96,Support,42.16,MODERATE,0.96,HIGH,2,1.25,Unknown,UNKNOWN,SUFFICIENT_HISTORY,ZERO_MFA_FAILURES_OBSERVED,NO_ACTIONABLE_HYPOTHESIS
EMP12271,USER,unnati.hegde31,Legal,8.43,LOW,0.96,HIGH,0,1.0,Unknown,UNKNOWN,SUFFICIENT_HISTORY,ZERO_MFA_FAILURES_OBSERVED,NO_ACTIONABLE_HYPOTHESIS
EMP10592,USER,upma.oommen45,Operations,4.22,LOW,0.35,LOW,0,1.0,Unknown,UNKNOWN,INSUFFICIENT_HISTORY,INSUFFICIENT_BASELINE_HISTORY; ZERO_MFA_FAILURES_OBSERVED,NO_ACTIONABLE_HYPOTHESIS
EMP11303,USER,vaishnavi.khanna18,Brand,0.0,LOW,0.49,LOW,0,1.0,Unknown,UNKNOWN,INSUFFICIENT_HISTORY,INSUFFICIENT_BASELINE_HISTORY; ZERO_MFA_FAILURES_OBSERVED,NO_ACTIONABLE_HYPOTHESIS
EMP11387,USER,ethan.shanker12,Operations,30.56,MODERATE,0.9667,HIGH,0,1.0,Unknown,UNKNOWN,SUFFICIENT_HISTORY,UNCORROBORATED_SINGLE_DIMENSION; ZERO_MFA_FAILURES_OBSERVED,NO_ACTIONABLE_HYPOTHESIS
EMP12696,USER,gaurang.rao47,Marketing,8.43,LOW,0.815,HIGH,0,1.0,Unknown,UNKNOWN,SUFFICIENT_HISTORY,ZERO_MFA_FAILURES_OBSERVED,NO_ACTIONABLE_HYPOTHESIS
EMP12712,USER,dayita.char97,IT Support,0.0,LOW,0.815,HIGH,0,1.0,Unknown,UNKNOWN,SUFFICIENT_HISTORY,ZERO_MFA_FAILURES_OBSERVED,NO_ACTIONABLE_HYPOTHESIS
EMP11964,USER,priya.lad10,Human Resources,25.29,LOW,0.8159,HIGH,0,1.0,Unknown,UNKNOWN,SUFFICIENT_HISTORY,ZERO_MFA_FAILURES_OBSERVED,NO_ACTIONABLE_HYPOTHESIS
EMP12297,USER,bhanumati.anand88,Marketing,12.65,LOW,0.865,HIGH,0,1.0,Unknown,UNKNOWN,SUFFICIENT_HISTORY,ZERO_MFA_FAILURES_OBSERVED,NO_ACTIONABLE_HYPOTHESIS
EMP10939,USER,karan.mutti81,Marketing,33.73,MODERATE,1.0,HIGH,0,1.0,Unknown,UNKNOWN,SUFFICIENT_HISTORY,UNCORROBORATED_SINGLE_DIMENSION; ZERO_MFA_FAILURES_OBSERVED,NO_ACTIONABLE_HYPOTHESIS
EMP12873,USER,anusha.sengupta42,Operations,16.86,LOW,0.825,HIGH,0,1.0,Unknown,UNKNOWN,SUFFICIENT_HISTORY,ZERO_MFA_FAILURES_OBSERVED,NO_ACTIONABLE_HYPOTHESIS
EMP11249,USER,abhiram.date18,Human Resources,7.23,LOW,0.805,HIGH,0,1.0,Unknown,UNKNOWN,SUFFICIENT_HISTORY,ZERO_MFA_FAILURES_OBSERVED,NO_ACTIONABLE_HYPOTHESIS
EMP10904,USER,timothy.sur54,Operations,12.65,LOW,0.8506,HIGH,0,1.0,Unknown,UNKNOWN,SUFFICIENT_HISTORY,ZERO_MFA_FAILURES_OBSERVED,NO_ACTIONABLE_HYPOTHESIS
EMP12622,USER,bimala.kuruvilla18,Sales,16.86,LOW,0.96,HIGH,0,1.0,Unknown,UNKNOWN,SUFFICIENT_HISTORY,ZERO_MFA_FAILURES_OBSERVED,NO_ACTIONABLE_HYPOTHESIS
EMP11279,USER,balhaar.dhar20,Customer Support,12.65,LOW,0.835,HIGH,0,1.0,Unknown,UNKNOWN,SUFFICIENT_HISTORY,ZERO_MFA_FAILURES_OBSERVED,NO_ACTIONABLE_HYPOTHESIS
EMP12474,USER,yutika.borde37,Operations,16.86,LOW,0.9636,HIGH,0,1.0,Unknown,UNKNOWN,SUFFICIENT_HISTORY,ZERO_MFA_FAILURES_OBSERVED,NO_ACTIONABLE_HYPOTHESIS
EMP12965,USER,ijaya_narasimhan36,IT,12.65,LOW,0.8327,HIGH,0,1.0,Unknown,UNKNOWN,SUFFICIENT_HISTORY,ZERO_MFA_FAILURES_OBSERVED,NO_ACTIONABLE_HYPOTHESIS
EMP12419,USER,ekta.bath4,Customer Support,8.43,LOW,0.805,HIGH,0,1.0,Unknown,UNKNOWN,SUFFICIENT_HISTORY,ZERO_MFA_FAILURES_OBSERVED,NO_ACTIONABLE_HYPOTHESIS
EMP12459,USER,amaira.dani33,Operations,5.27,LOW,0.805,HIGH,0,1.0,Unknown,UNKNOWN,SUFFICIENT_HISTORY,ZERO_MFA_FAILURES_OBSERVED,NO_ACTIONABLE_HYPOTHESIS
EMP12539,USER,udarsh.kannan50,Marketing,4.22,LOW,0.805,HIGH,0,1.0,Unknown,UNKNOWN,SUFFICIENT_HISTORY,ZERO_MFA_FAILURES_OBSERVED,NO_ACTIONABLE_HYPOTHESIS
EMP11142,USER,vasatika.sidhu93,R&D,10.54,LOW,0.815,HIGH,0,1.0,Unknown,UNKNOWN,SUFFICIENT_HISTORY,ZERO_MFA_FAILURES_OBSERVED,NO_ACTIONABLE_HYPOTHESIS
EMP12453,USER,joshua.mohanty72,Operations,8.43,LOW,0.715,MEDIUM,0,1.0,Unknown,UNKNOWN,SUFFICIENT_HISTORY,ZERO_MFA_FAILURES_OBSERVED,NO_ACTIONABLE_HYPOTHESIS
EMP10706,USER,aditya.bail38,Procurement,0.0,LOW,0.8061,HIGH,0,1.0,Unknown,UNKNOWN,SUFFICIENT_HISTORY,ZERO_MFA_FAILURES_OBSERVED,NO_ACTIONABLE_HYPOTHESIS
EMP12723,USER,tripti.datta67,Marketing,0.0,LOW,0.775,MEDIUM,0,1.0,Unknown,UNKNOWN,SUFFICIENT_HISTORY,ZERO_MFA_FAILURES_OBSERVED,NO_ACTIONABLE_HYPOTHESIS
EMP11022,USER,faris.mander25,Legal,12.65,LOW,0.8506,HIGH,0,1.0,Unknown,UNKNOWN,SUFFICIENT_HISTORY,ZERO_MFA_FAILURES_OBSERVED,NO_ACTIONABLE_HYPOTHESIS
EMP10745,USER,lopa.bali80,Operations,25.29,LOW,0.9692,HIGH,0,1.0,Unknown,UNKNOWN,SUFFICIENT_HISTORY,ZERO_MFA_FAILURES_OBSERVED,NO_ACTIONABLE_HYPOTHESIS
EMP11546,USER,aachal.chand47,Innovation,12.65,LOW,0.96,HIGH,0,1.0,Unknown,UNKNOWN,SUFFICIENT_HISTORY,ZERO_MFA_FAILURES_OBSERVED,NO_ACTIONABLE_HYPOTHESIS
EMP12429,USER,meera.bains79,Marketing,21.08,LOW,0.9333,HIGH,1,1.0,Unknown,UNKNOWN,SUFFICIENT_HISTORY,ZERO_MFA_FAILURES_OBSERVED,NO_ACTIONABLE_HYPOTHESIS
EMP12110,USER,sai.srinivas91,IT,21.08,LOW,1.0,HIGH,1,1.0,Unknown,UNKNOWN,SUFFICIENT_HISTORY,ZERO_MFA_FAILURES_OBSERVED,NO_ACTIONABLE_HYPOTHESIS
EMP12013,USER,faris.bhandari30,Call Center,0.0,LOW,0.7778,MEDIUM,0,1.0,Unknown,UNKNOWN,SUFFICIENT_HISTORY,ZERO_MFA_FAILURES_OBSERVED,NO_ACTIONABLE_HYPOTHESIS
EMP10513,USER,ekanta.sengupta27,Call Center,7.1,LOW,0.52,MEDIUM,0,1.0,Unknown,UNKNOWN,INSUFFICIENT_HISTORY,INSUFFICIENT_BASELINE_HISTORY; ZERO_MFA_FAILURES_OBSERVED,NO_ACTIONABLE_HYPOTHESIS
EMP10081,USER,yamini.solanki69,Finance,0.0,LOW,0.835,HIGH,0,1.0,Unknown,UNKNOWN,SUFFICIENT_HISTORY,ZERO_MFA_FAILURES_OBSERVED,NO_ACTIONABLE_HYPOTHESIS
EMP12743,USER,nidra.nanda73,Procurement,4.22,LOW,0.605,MEDIUM,0,1.0,Unknown,UNKNOWN,SUFFICIENT_HISTORY,ZERO_MFA_FAILURES_OBSERVED,NO_ACTIONABLE_HYPOTHESIS
EMP11308,USER,Unknown,Procurement,4.22,LOW,0.6717,MEDIUM,0,1.0,Unknown,UNKNOWN,SUFFICIENT_HISTORY,ZERO_MFA_FAILURES_OBSERVED,NO_ACTIONABLE_HYPOTHESIS
EMP12571,USER,gaurika.thakkar87,Customer Support,0.0,LOW,0.815,HIGH,0,1.0,Unknown,UNKNOWN,SUFFICIENT_HISTORY,ZERO_MFA_FAILURES_OBSERVED,NO_ACTIONABLE_HYPOTHESIS
EMP10914,USER,ayushman.parsa54,Operations,12.65,LOW,0.8061,HIGH,0,1.0,Unknown,UNKNOWN,SUFFICIENT_HISTORY,ZERO_MFA_FAILURES_OBSERVED,NO_ACTIONABLE_HYPOTHESIS
EMP11404,USER,siya.baria68,R&D,4.22,LOW,0.695,MEDIUM,0,1.0,Unknown,UNKNOWN,SUFFICIENT_HISTORY,ZERO_MFA_FAILURES_OBSERVED,NO_ACTIONABLE_HYPOTHESIS
EMP11647,USER,simon.kapoor61,Supply Chain,0.0,LOW,0.7383,MEDIUM,0,1.0,Unknown,UNKNOWN,SUFFICIENT_HISTORY,ZERO_MFA_FAILURES_OBSERVED,NO_ACTIONABLE_HYPOTHESIS
EMP12843,USER,shivani.bhattacharyya1,Human Resources,3.02,LOW,0.7207,MEDIUM,0,1.0,Unknown,UNKNOWN,SUFFICIENT_HISTORY,ZERO_MFA_FAILURES_OBSERVED,NO_ACTIONABLE_HYPOTHESIS
EMP11108,USER,urvashi.palan16,Finance,6.32,LOW,0.55,MEDIUM,0,1.0,Unknown,UNKNOWN,INSUFFICIENT_HISTORY,INSUFFICIENT_BASELINE_HISTORY; ZERO_MFA_FAILURES_OBSERVED,NO_ACTIONABLE_HYPOTHESIS
EMP10150,USER,matthew.chatterjee86,Marketing,25.29,LOW,0.9273,HIGH,0,1.0,Unknown,UNKNOWN,SUFFICIENT_HISTORY,ZERO_MFA_FAILURES_OBSERVED,NO_ACTIONABLE_HYPOTHESIS
EMP12809,USER,saanvi.prabhu62,Marketing,11.24,LOW,0.45,LOW,0,1.0,Unknown,UNKNOWN,INSUFFICIENT_HISTORY,INSUFFICIENT_BASELINE_HISTORY; ZERO_MFA_FAILURES_OBSERVED,NO_ACTIONABLE_HYPOTHESIS
EMP10774,USER,raagini.khanna7,Finance,0.0,LOW,0.7778,MEDIUM,0,1.0,Unknown,UNKNOWN,SUFFICIENT_HISTORY,ZERO_MFA_FAILURES_OBSERVED,NO_ACTIONABLE_HYPOTHESIS
EMP10329,USER,ucchal_dey82,Human Resources,11.29,LOW,0.52,MEDIUM,0,1.0,Unknown,UNKNOWN,INSUFFICIENT_HISTORY,INSUFFICIENT_BASELINE_HISTORY; ZERO_MFA_FAILURES_OBSERVED,NO_ACTIONABLE_HYPOTHESIS
EMP10006,USER,ekta.kuruvilla30,Marketing,25.29,LOW,0.7917,MEDIUM,1,1.0,Unknown,UNKNOWN,SUFFICIENT_HISTORY,ZERO_MFA_FAILURES_OBSERVED,NO_ACTIONABLE_HYPOTHESIS
EMP10943,USER,vasudha.mital3,Operations,0.0,LOW,0.615,MEDIUM,0,1.0,Unknown,UNKNOWN,SUFFICIENT_HISTORY,ZERO_MFA_FAILURES_OBSERVED,NO_ACTIONABLE_HYPOTHESIS
EMP10822,USER,jackson.kapur57,R&D,0.0,LOW,0.715,MEDIUM,0,1.0,Unknown,UNKNOWN,SUFFICIENT_HISTORY,ZERO_MFA_FAILURES_OBSERVED,NO_ACTIONABLE_HYPOTHESIS
EMP10734,USER,jason.sangha69,Finance,13.49,LOW,0.865,HIGH,0,1.0,Unknown,UNKNOWN,SUFFICIENT_HISTORY,ZERO_MFA_FAILURES_OBSERVED,NO_ACTIONABLE_HYPOTHESIS
EMP10909,USER,yahvi.gokhale89,Customer Support,7.03,LOW,0.8506,HIGH,0,1.0,Unknown,UNKNOWN,SUFFICIENT_HISTORY,ZERO_MFA_FAILURES_OBSERVED,NO_ACTIONABLE_HYPOTHESIS
EMP10468,USER,inaya.vala59,Supply Chain,12.65,LOW,0.96,HIGH,0,1.0,Unknown,UNKNOWN,SUFFICIENT_HISTORY,ZERO_MFA_FAILURES_OBSERVED,NO_ACTIONABLE_HYPOTHESIS
EMP10181,USER,tamanna.banik80,R&D,7.38,LOW,0.815,HIGH,0,1.0,Unknown,UNKNOWN,SUFFICIENT_HISTORY,ZERO_MFA_FAILURES_OBSERVED,NO_ACTIONABLE_HYPOTHESIS
EMP10164,USER,kiaan.sharma57,Innovation,0.0,LOW,0.775,MEDIUM,0,1.0,Unknown,UNKNOWN,SUFFICIENT_HISTORY,ZERO_MFA_FAILURES_OBSERVED,NO_ACTIONABLE_HYPOTHESIS
EMP11523,USER,urvi.d’alia26,Sales,0.0,LOW,0.765,MEDIUM,0,1.0,Unknown,UNKNOWN,SUFFICIENT_HISTORY,ZERO_MFA_FAILURES_OBSERVED,NO_ACTIONABLE_HYPOTHESIS
EMP10451,USER,ishanvi.karpe12,Operations,10.54,LOW,0.6717,MEDIUM,0,1.0,Unknown,UNKNOWN,SUFFICIENT_HISTORY,ZERO_MFA_FAILURES_OBSERVED,NO_ACTIONABLE_HYPOTHESIS
EMP10490,USER,rajata.wason25,Operations,6.32,LOW,0.8506,HIGH,0,1.0,Unknown,UNKNOWN,SUFFICIENT_HISTORY,ZERO_MFA_FAILURES_OBSERVED,NO_ACTIONABLE_HYPOTHESIS
EMP10813,USER,ekaraj.anand61,Operations,21.08,LOW,0.815,HIGH,0,1.0,Unknown,UNKNOWN,SUFFICIENT_HISTORY,ZERO_MFA_FAILURES_OBSERVED,NO_ACTIONABLE_HYPOTHESIS
EMP11143,USER,vidhi.zacharia33,Customer Support,26.7,LOW,1.0,HIGH,1,1.0,Unknown,UNKNOWN,SUFFICIENT_HISTORY,ZERO_MFA_FAILURES_OBSERVED,NO_ACTIONABLE_HYPOTHESIS
EMP11311,USER,balvan.jani13,Sales,4.22,LOW,0.45,LOW,0,1.0,Unknown,UNKNOWN,INSUFFICIENT_HISTORY,INSUFFICIENT_BASELINE_HISTORY; ZERO_MFA_FAILURES_OBSERVED,NO_ACTIONABLE_HYPOTHESIS
EMP12313,USER,advay.zacharia37,IT,0.0,LOW,0.805,HIGH,0,1.0,Unknown,UNKNOWN,SUFFICIENT_HISTORY,ZERO_MFA_FAILURES_OBSERVED,NO_ACTIONABLE_HYPOTHESIS
EMP11111,USER,anamika.nagarajan92,Finance,16.86,LOW,0.9333,HIGH,0,1.0,Unknown,UNKNOWN,SUFFICIENT_HISTORY,ZERO_MFA_FAILURES_OBSERVED,NO_ACTIONABLE_HYPOTHESIS
EMP11826,USER,rohan.dasgupta6,Marketing,8.43,LOW,0.815,HIGH,0,1.0,Unknown,UNKNOWN,SUFFICIENT_HISTORY,ZERO_MFA_FAILURES_OBSERVED,NO_ACTIONABLE_HYPOTHESIS
EMP11441,USER,qabil.kumar24,Operations,5.27,LOW,0.5014,MEDIUM,0,1.0,Unknown,UNKNOWN,INSUFFICIENT_TIMESTAMP_QUALITY,LOW_TIMESTAMP_QUALITY; ZERO_MFA_FAILURES_OBSERVED,NO_ACTIONABLE_HYPOTHESIS
EMP12012,USER,chakradhar.koshy22,Procurement,16.86,LOW,0.96,HIGH,0,1.0,Unknown,UNKNOWN,SUFFICIENT_HISTORY,ZERO_MFA_FAILURES_OBSERVED,NO_ACTIONABLE_HYPOTHESIS
EMP11006,USER,raksha.khanna85,Operations,21.08,LOW,0.8327,HIGH,0,1.0,Unknown,UNKNOWN,SUFFICIENT_HISTORY,ZERO_MFA_FAILURES_OBSERVED,NO_ACTIONABLE_HYPOTHESIS
EMP11627,USER,anthony.chadha70,Finance,4.22,LOW,0.715,MEDIUM,0,1.0,Unknown,UNKNOWN,SUFFICIENT_HISTORY,ZERO_MFA_FAILURES_OBSERVED,NO_ACTIONABLE_HYPOTHESIS
EMP11632,USER,wridesh.thakur86,Brand,25.24,LOW,0.8506,HIGH,0,1.0,Unknown,UNKNOWN,SUFFICIENT_HISTORY,ZERO_MFA_FAILURES_OBSERVED,NO_ACTIONABLE_HYPOTHESIS
EMP11074,USER,guneet.uppal16,Finance,4.22,LOW,0.7207,MEDIUM,0,1.0,Unknown,UNKNOWN,SUFFICIENT_HISTORY,ZERO_MFA_FAILURES_OBSERVED,NO_ACTIONABLE_HYPOTHESIS
EMP10578,USER,janaki.halder15,R&D,8.43,LOW,0.815,HIGH,0,1.0,Unknown,UNKNOWN,SUFFICIENT_HISTORY,ZERO_MFA_FAILURES_OBSERVED,NO_ACTIONABLE_HYPOTHESIS
EMP12168,USER,balendra.taneja17,Finance,8.43,LOW,0.96,HIGH,0,1.0,Unknown,UNKNOWN,SUFFICIENT_HISTORY,ZERO_MFA_FAILURES_OBSERVED,NO_ACTIONABLE_HYPOTHESIS
EMP12417,USER,harinakshi.loyal52,Sales,4.22,LOW,0.92,HIGH,0,1.0,Unknown,UNKNOWN,SUFFICIENT_HISTORY,ZERO_MFA_FAILURES_OBSERVED,NO_ACTIONABLE_HYPOTHESIS
EMP12335,USER,ijaya.pandey20,Finance,29.51,LOW,0.7207,MEDIUM,1,1.0,Unknown,UNKNOWN,SUFFICIENT_HISTORY,ZERO_MFA_FAILURES_OBSERVED,NO_ACTIONABLE_HYPOTHESIS
EMP12374,USER,indali.hari48,Operations,2.11,LOW,0.865,HIGH,0,1.0,Unknown,UNKNOWN,SUFFICIENT_HISTORY,ZERO_MFA_FAILURES_OBSERVED,NO_ACTIONABLE_HYPOTHESIS
EMP10327,USER,tanish.setty8,Marketing,25.29,LOW,0.8159,HIGH,0,1.0,Unknown,UNKNOWN,SUFFICIENT_HISTORY,ZERO_MFA_FAILURES_OBSERVED,NO_ACTIONABLE_HYPOTHESIS
EMP11790,USER,amrita.shah50,Sales,0.0,LOW,0.775,MEDIUM,0,1.0,Unknown,UNKNOWN,SUFFICIENT_HISTORY,ZERO_MFA_FAILURES_OBSERVED,NO_ACTIONABLE_HYPOTHESIS
EMP10442,USER,darpan.kapur3,IT Support,0.0,LOW,0.52,MEDIUM,0,1.0,Unknown,UNKNOWN,INSUFFICIENT_HISTORY,INSUFFICIENT_BASELINE_HISTORY; ZERO_MFA_FAILURES_OBSERVED,NO_ACTIONABLE_HYPOTHESIS
EMP11858,USER,robert.raj78,Procurement,25.29,LOW,1.0,HIGH,0,1.0,Unknown,UNKNOWN,SUFFICIENT_HISTORY,ZERO_MFA_FAILURES_OBSERVED,NO_ACTIONABLE_HYPOTHESIS
EMP12238,USER,chatura.sahni94,Operations,0.0,LOW,0.805,HIGH,0,1.0,Unknown,UNKNOWN,SUFFICIENT_HISTORY,ZERO_MFA_FAILURES_OBSERVED,NO_ACTIONABLE_HYPOTHESIS
EMP10312,USER,urmi.bansal9,Supply Chain,0.0,LOW,0.835,HIGH,0,1.0,Unknown,UNKNOWN,SUFFICIENT_HISTORY,ZERO_MFA_FAILURES_OBSERVED,NO_ACTIONABLE_HYPOTHESIS
EMP10832,USER,irya.memon10,Customer Support,16.86,LOW,0.895,HIGH,0,1.0,Unknown,UNKNOWN,SUFFICIENT_HISTORY,ZERO_MFA_FAILURES_OBSERVED,NO_ACTIONABLE_HYPOTHESIS
EMP12446,USER,aradhana.saha89,Human Resources,22.03,LOW,0.96,HIGH,1,1.0,Unknown,UNKNOWN,SUFFICIENT_HISTORY,ZERO_MFA_FAILURES_OBSERVED,NO_ACTIONABLE_HYPOTHESIS
EMP12170,USER,rachana.chana38,Finance,8.43,LOW,0.7207,MEDIUM,0,1.0,Unknown,UNKNOWN,SUFFICIENT_HISTORY,ZERO_MFA_FAILURES_OBSERVED,NO_ACTIONABLE_HYPOTHESIS
EMP11414,USER,maanav.grover86,R&D,6.32,LOW,0.695,MEDIUM,0,1.0,Unknown,UNKNOWN,SUFFICIENT_HISTORY,ZERO_MFA_FAILURES_OBSERVED,NO_ACTIONABLE_HYPOTHESIS
EMP11201,USER,pooja.bava61,Finance,21.08,LOW,0.9333,HIGH,0,1.0,Unknown,UNKNOWN,SUFFICIENT_HISTORY,ZERO_MFA_FAILURES_OBSERVED,NO_ACTIONABLE_HYPOTHESIS
EMP12514,USER,krisha.iyengar8,IT,25.29,LOW,0.92,HIGH,0,1.0,Unknown,UNKNOWN,SUFFICIENT_HISTORY,ZERO_MFA_FAILURES_OBSERVED,NO_ACTIONABLE_HYPOTHESIS
EMP11499,USER,mekhala.oommen73,Operations,8.43,LOW,1.0,HIGH,0,1.0,Unknown,UNKNOWN,SUFFICIENT_HISTORY,ZERO_MFA_FAILURES_OBSERVED,NO_ACTIONABLE_HYPOTHESIS
EMP12010,USER,rudra.pal95,R&D,8.43,LOW,0.865,HIGH,0,1.0,Unknown,UNKNOWN,SUFFICIENT_HISTORY,ZERO_MFA_FAILURES_OBSERVED,NO_ACTIONABLE_HYPOTHESIS
EMP10086,USER,qarin.gulati40,Procurement,8.43,LOW,0.765,MEDIUM,0,1.0,Unknown,UNKNOWN,SUFFICIENT_HISTORY,ZERO_MFA_FAILURES_OBSERVED,NO_ACTIONABLE_HYPOTHESIS
EMP11403,USER,raksha.saxena21,Customer Support,1.41,LOW,0.52,MEDIUM,0,1.0,Unknown,UNKNOWN,INSUFFICIENT_HISTORY,INSUFFICIENT_BASELINE_HISTORY; ZERO_MFA_FAILURES_OBSERVED,NO_ACTIONABLE_HYPOTHESIS
EMP12481,USER,samaksh.dey30,Operations,6.32,LOW,0.7617,MEDIUM,0,1.0,Unknown,UNKNOWN,SUFFICIENT_HISTORY,ZERO_MFA_FAILURES_OBSERVED,NO_ACTIONABLE_HYPOTHESIS
EMP12002,USER,ria.jain34,IT,12.65,LOW,0.765,MEDIUM,0,1.0,Unknown,UNKNOWN,SUFFICIENT_HISTORY,ZERO_MFA_FAILURES_OBSERVED,NO_ACTIONABLE_HYPOTHESIS
EMP11481,USER,ikshita.roy54,Procurement,4.22,LOW,0.865,HIGH,0,1.0,Unknown,UNKNOWN,SUFFICIENT_HISTORY,ZERO_MFA_FAILURES_OBSERVED,NO_ACTIONABLE_HYPOTHESIS
EMP10777,USER,ekanta.bumb70,Finance,25.29,LOW,0.775,MEDIUM,1,1.0,Unknown,UNKNOWN,SUFFICIENT_HISTORY,ZERO_MFA_FAILURES_OBSERVED,NO_ACTIONABLE_HYPOTHESIS
EMP10799,USER,baljiwan.raju72,Procurement,21.08,LOW,1.0,HIGH,0,1.0,Unknown,UNKNOWN,SUFFICIENT_HISTORY,ZERO_MFA_FAILURES_OBSERVED,NO_ACTIONABLE_HYPOTHESIS
EMP11666,USER,jai.purohit86,Sales,5.9,LOW,0.895,HIGH,0,1.0,Unknown,UNKNOWN,SUFFICIENT_HISTORY,ZERO_MFA_FAILURES_OBSERVED,NO_ACTIONABLE_HYPOTHESIS
EMP11894,USER,hema.grover90,IT,8.43,LOW,0.775,MEDIUM,0,1.0,Unknown,UNKNOWN,SUFFICIENT_HISTORY,ZERO_MFA_FAILURES_OBSERVED,NO_ACTIONABLE_HYPOTHESIS
EMP10054,USER,aradhana.bahl32,Finance,10.54,LOW,0.7778,MEDIUM,0,1.0,Unknown,UNKNOWN,SUFFICIENT_HISTORY,ZERO_MFA_FAILURES_OBSERVED,NO_ACTIONABLE_HYPOTHESIS
EMP12483,USER,aarna.virk59,Sales,12.65,LOW,1.0,HIGH,0,1.0,Unknown,UNKNOWN,SUFFICIENT_HISTORY,ZERO_MFA_FAILURES_OBSERVED,NO_ACTIONABLE_HYPOTHESIS
EMP11287,USER,zansi.boase65,Operations,9.48,LOW,0.765,MEDIUM,0,1.0,Unknown,UNKNOWN,SUFFICIENT_HISTORY,ZERO_MFA_FAILURES_OBSERVED,NO_ACTIONABLE_HYPOTHESIS
EMP11920,USER,gautam.keer69,Finance,0.0,LOW,0.805,HIGH,0,1.0,Unknown,UNKNOWN,SUFFICIENT_HISTORY,ZERO_MFA_FAILURES_OBSERVED,NO_ACTIONABLE_HYPOTHESIS
EMP11667,USER,inaya.nagy54,Finance,0.0,LOW,0.7207,MEDIUM,0,1.0,Unknown,UNKNOWN,SUFFICIENT_HISTORY,ZERO_MFA_FAILURES_OBSERVED,NO_ACTIONABLE_HYPOTHESIS
EMP12665,USER,urvi.dua16,Legal,4.22,LOW,0.7778,MEDIUM,0,1.0,Unknown,UNKNOWN,SUFFICIENT_HISTORY,ZERO_MFA_FAILURES_OBSERVED,NO_ACTIONABLE_HYPOTHESIS
EMP12222,USER,nidra.garde65,Finance,12.65,LOW,0.825,HIGH,0,1.0,Unknown,UNKNOWN,SUFFICIENT_HISTORY,ZERO_MFA_FAILURES_OBSERVED,NO_ACTIONABLE_HYPOTHESIS
EMP11701,USER,aarav.malhotra46,Procurement,0.0,LOW,0.7778,MEDIUM,0,1.0,Unknown,UNKNOWN,SUFFICIENT_HISTORY,ZERO_MFA_FAILURES_OBSERVED,NO_ACTIONABLE_HYPOTHESIS
EMP11245,USER,vaishnavi.loyal37,IT,29.51,LOW,0.9692,HIGH,0,1.0,Unknown,UNKNOWN,SUFFICIENT_HISTORY,ZERO_MFA_FAILURES_OBSERVED,NO_ACTIONABLE_HYPOTHESIS
EMP10113,USER,mitesh_rajagopalan19,Sales,0.0,LOW,0.7617,MEDIUM,0,1.0,Unknown,UNKNOWN,SUFFICIENT_HISTORY,ZERO_MFA_FAILURES_OBSERVED,NO_ACTIONABLE_HYPOTHESIS
EMP12891,USER,balhaar.desai85,Marketing,4.22,LOW,0.7207,MEDIUM,0,1.0,Unknown,UNKNOWN,SUFFICIENT_HISTORY,ZERO_MFA_FAILURES_OBSERVED,NO_ACTIONABLE_HYPOTHESIS
EMP10987,USER,irya.raval32,Finance,33.73,MODERATE,0.92,HIGH,0,1.0,Unknown,UNKNOWN,SUFFICIENT_HISTORY,UNCORROBORATED_SINGLE_DIMENSION; ZERO_MFA_FAILURES_OBSERVED,NO_ACTIONABLE_HYPOTHESIS
EMP10501,USER,dominic.mand25,Human Resources,6.12,LOW,0.605,MEDIUM,0,1.0,Unknown,UNKNOWN,SUFFICIENT_HISTORY,ZERO_MFA_FAILURES_OBSERVED,NO_ACTIONABLE_HYPOTHESIS
EMP12469,USER,quincy.bhandari48,Finance,6.32,LOW,0.3867,LOW,0,1.0,Unknown,UNKNOWN,INSUFFICIENT_HISTORY,INSUFFICIENT_BASELINE_HISTORY; ZERO_MFA_FAILURES_OBSERVED,NO_ACTIONABLE_HYPOTHESIS
EMP11009,USER,lekha.anne27,Legal,12.65,LOW,0.8061,HIGH,0,1.0,Unknown,UNKNOWN,SUFFICIENT_HISTORY,ZERO_MFA_FAILURES_OBSERVED,NO_ACTIONABLE_HYPOTHESIS
EMP11198,USER,girish.d’alia10,Sales,8.43,LOW,0.7778,MEDIUM,0,1.0,Unknown,UNKNOWN,SUFFICIENT_HISTORY,ZERO_MFA_FAILURES_OBSERVED,NO_ACTIONABLE_HYPOTHESIS
EMP11394,USER,anamika.deshpande59,Sales,5.9,LOW,0.7778,MEDIUM,0,1.0,Unknown,UNKNOWN,SUFFICIENT_HISTORY,ZERO_MFA_FAILURES_OBSERVED,NO_ACTIONABLE_HYPOTHESIS
EMP10589,USER,yochana.patil46,Finance,8.43,LOW,0.815,HIGH,0,1.0,Unknown,UNKNOWN,SUFFICIENT_HISTORY,ZERO_MFA_FAILURES_OBSERVED,NO_ACTIONABLE_HYPOTHESIS
EMP10768,USER,idika.rao58,Procurement,41.86,MODERATE,0.9333,HIGH,1,1.0,Unknown,UNKNOWN,SUFFICIENT_HISTORY,UNCORROBORATED_SINGLE_DIMENSION; ZERO_MFA_FAILURES_OBSERVED,NO_ACTIONABLE_HYPOTHESIS
EMP10017,USER,vritti.sengupta40,Sales,16.86,LOW,0.9636,HIGH,0,1.0,Unknown,UNKNOWN,SUFFICIENT_HISTORY,ZERO_MFA_FAILURES_OBSERVED,NO_ACTIONABLE_HYPOTHESIS
EMP11042,USER,chaman.memon27,Finance,16.86,LOW,0.9333,HIGH,0,1.0,Unknown,UNKNOWN,SUFFICIENT_HISTORY,ZERO_MFA_FAILURES_OBSERVED,NO_ACTIONABLE_HYPOTHESIS
EMP11447,USER,ranbir.shanker19,Sales,8.43,LOW,0.96,HIGH,0,1.0,Unknown,UNKNOWN,SUFFICIENT_HISTORY,ZERO_MFA_FAILURES_OBSERVED,NO_ACTIONABLE_HYPOTHESIS
EMP10285,USER,varenya.nagar50,Customer Support,14.05,LOW,0.765,MEDIUM,0,1.0,Unknown,UNKNOWN,SUFFICIENT_HISTORY,ZERO_MFA_FAILURES_OBSERVED,NO_ACTIONABLE_HYPOTHESIS
EMP12720,USER,veda.balasubramanian81,Operations,5.27,LOW,0.805,HIGH,0,1.0,Unknown,UNKNOWN,SUFFICIENT_HISTORY,ZERO_MFA_FAILURES_OBSERVED,NO_ACTIONABLE_HYPOTHESIS
EMP10428,USER,chaitanya.pingle61,Operations,0.0,LOW,0.7778,MEDIUM,0,1.0,Unknown,UNKNOWN,SUFFICIENT_HISTORY,ZERO_MFA_FAILURES_OBSERVED,NO_ACTIONABLE_HYPOTHESIS
EMP11328,USER,krish.gill29,Innovation,42.16,MODERATE,0.9714,HIGH,1,1.0,Unknown,UNKNOWN,SUFFICIENT_HISTORY,UNCORROBORATED_SINGLE_DIMENSION; ZERO_MFA_FAILURES_OBSERVED,NO_ACTIONABLE_HYPOTHESIS
EMP12064,USER,nathaniel.deep45,R&D,13.7,LOW,0.8159,HIGH,0,1.0,Unknown,UNKNOWN,SUFFICIENT_HISTORY,ZERO_MFA_FAILURES_OBSERVED,NO_ACTIONABLE_HYPOTHESIS
EMP10669,USER,mohini.thakkar22,Procurement,16.86,LOW,0.9333,HIGH,0,1.0,Unknown,UNKNOWN,SUFFICIENT_HISTORY,ZERO_MFA_FAILURES_OBSERVED,NO_ACTIONABLE_HYPOTHESIS
EMP10031,USER,jyoti.rau6,Procurement,8.43,LOW,0.895,HIGH,0,1.0,Unknown,UNKNOWN,SUFFICIENT_HISTORY,ZERO_MFA_FAILURES_OBSERVED,NO_ACTIONABLE_HYPOTHESIS
EMP11341,USER,chaman.andra62,Call Center,11.83,LOW,0.35,LOW,0,1.0,Unknown,UNKNOWN,INSUFFICIENT_HISTORY,INSUFFICIENT_BASELINE_HISTORY; ZERO_MFA_FAILURES_OBSERVED,NO_ACTIONABLE_HYPOTHESIS
EMP10722,USER,anirudh.dube34,Finance,4.22,LOW,0.765,MEDIUM,0,1.0,Unknown,UNKNOWN,SUFFICIENT_HISTORY,ZERO_MFA_FAILURES_OBSERVED,NO_ACTIONABLE_HYPOTHESIS
EMP10951,USER,leena.batra60,Procurement,42.16,MODERATE,1.0,HIGH,2,1.25,Unknown,UNKNOWN,SUFFICIENT_HISTORY,ZERO_MFA_FAILURES_OBSERVED,NO_ACTIONABLE_HYPOTHESIS
EMP11914,USER,krishna.nayak94,IT,54.51,MODERATE,0.8393,HIGH,1,1.0,Unknown,UNKNOWN,SUFFICIENT_HISTORY,UNCORROBORATED_SINGLE_DIMENSION; ZERO_MFA_FAILURES_OBSERVED,NO_ACTIONABLE_HYPOTHESIS
EMP12365,USER,ranveer.mahajan73,Operations,16.86,LOW,0.96,HIGH,0,1.0,Unknown,UNKNOWN,SUFFICIENT_HISTORY,ZERO_MFA_FAILURES_OBSERVED,NO_ACTIONABLE_HYPOTHESIS
EMP10214,USER,kiaan.sur64,Customer Support,4.22,LOW,0.835,HIGH,0,1.0,Unknown,UNKNOWN,SUFFICIENT_HISTORY,ZERO_MFA_FAILURES_OBSERVED,NO_ACTIONABLE_HYPOTHESIS
EMP10989,USER,samaksh.arya80,Legal,8.43,LOW,0.8061,HIGH,0,1.0,Unknown,UNKNOWN,SUFFICIENT_HISTORY,ZERO_MFA_FAILURES_OBSERVED,NO_ACTIONABLE_HYPOTHESIS
EMP11164,USER,laksh.swamy43,Human Resources,25.29,LOW,0.8327,HIGH,0,1.0,Unknown,UNKNOWN,SUFFICIENT_HISTORY,ZERO_MFA_FAILURES_OBSERVED,NO_ACTIONABLE_HYPOTHESIS
EMP12877,USER,quincy.setty61,Marketing,12.65,LOW,0.9667,HIGH,0,1.0,Unknown,UNKNOWN,SUFFICIENT_HISTORY,ZERO_MFA_FAILURES_OBSERVED,NO_ACTIONABLE_HYPOTHESIS
EMP12095,USER,Unknown,Compliance,21.08,LOW,0.8159,HIGH,1,1.0,Unknown,UNKNOWN,SUFFICIENT_HISTORY,ZERO_MFA_FAILURES_OBSERVED,NO_ACTIONABLE_HYPOTHESIS
EMP10326,USER,zarna.rao38,Marketing,12.65,LOW,0.835,HIGH,0,1.0,Unknown,UNKNOWN,SUFFICIENT_HISTORY,ZERO_MFA_FAILURES_OBSERVED,NO_ACTIONABLE_HYPOTHESIS
EMP11383,USER,nilima.goda53,IT,0.0,LOW,0.7383,MEDIUM,0,1.0,Unknown,UNKNOWN,SUFFICIENT_HISTORY,ZERO_MFA_FAILURES_OBSERVED,NO_ACTIONABLE_HYPOTHESIS
EMP11724,USER,indrajit_palla27,R&D,11.59,LOW,0.7172,MEDIUM,0,1.0,Unknown,UNKNOWN,SUFFICIENT_HISTORY,ZERO_MFA_FAILURES_OBSERVED,NO_ACTIONABLE_HYPOTHESIS
EMP11086,USER,chaman.krish7,Marketing,8.43,LOW,0.815,HIGH,0,1.0,Unknown,UNKNOWN,SUFFICIENT_HISTORY,ZERO_MFA_FAILURES_OBSERVED,NO_ACTIONABLE_HYPOTHESIS
EMP10341,USER,yashawini.warrior76,Legal,0.0,LOW,0.865,HIGH,0,1.0,Unknown,UNKNOWN,SUFFICIENT_HISTORY,ZERO_MFA_FAILURES_OBSERVED,NO_ACTIONABLE_HYPOTHESIS
EMP10147,USER,damyanti.ganguly48,Marketing,4.22,LOW,0.775,MEDIUM,0,1.0,Unknown,UNKNOWN,SUFFICIENT_HISTORY,ZERO_MFA_FAILURES_OBSERVED,NO_ACTIONABLE_HYPOTHESIS
EMP12411,USER,ekalinga.sanghvi99,Customer Support,12.65,LOW,0.6717,MEDIUM,0,1.0,Unknown,UNKNOWN,SUFFICIENT_HISTORY,ZERO_MFA_FAILURES_OBSERVED,NO_ACTIONABLE_HYPOTHESIS
EMP11107,USER,warhi.grewal19,Sales,33.73,MODERATE,0.8327,HIGH,1,1.0,Unknown,UNKNOWN,SUFFICIENT_HISTORY,UNCORROBORATED_SINGLE_DIMENSION; ZERO_MFA_FAILURES_OBSERVED,NO_ACTIONABLE_HYPOTHESIS
EMP10848,USER,vrishti.vala48,Brand,11.58,LOW,0.8506,HIGH,0,1.0,Unknown,UNKNOWN,SUFFICIENT_HISTORY,ZERO_MFA_FAILURES_OBSERVED,NO_ACTIONABLE_HYPOTHESIS
EMP10966,USER,abhimanyu.dhar56,Legal,4.22,LOW,0.96,HIGH,0,1.0,Unknown,UNKNOWN,SUFFICIENT_HISTORY,ZERO_MFA_FAILURES_OBSERVED,NO_ACTIONABLE_HYPOTHESIS
EMP12538,USER,ekapad.nayar19,Marketing,12.65,LOW,0.815,HIGH,0,1.0,Unknown,UNKNOWN,SUFFICIENT_HISTORY,ZERO_MFA_FAILURES_OBSERVED,NO_ACTIONABLE_HYPOTHESIS
EMP10661,USER,yug.lalla64,R&D,18.97,LOW,0.9636,HIGH,0,1.0,Unknown,UNKNOWN,SUFFICIENT_HISTORY,ZERO_MFA_FAILURES_OBSERVED,NO_ACTIONABLE_HYPOTHESIS
EMP11002,USER,radha.kibe52,Legal,25.29,LOW,0.8159,HIGH,0,1.0,Unknown,UNKNOWN,SUFFICIENT_HISTORY,ZERO_MFA_FAILURES_OBSERVED,NO_ACTIONABLE_HYPOTHESIS
EMP12413,USER,lopa.dhawan30,Marketing,12.65,LOW,1.0,HIGH,0,1.0,Unknown,UNKNOWN,SUFFICIENT_HISTORY,ZERO_MFA_FAILURES_OBSERVED,NO_ACTIONABLE_HYPOTHESIS
EMP12594,USER,yahvi.ramanathan41,Human Resources,12.65,LOW,0.865,HIGH,0,1.0,Unknown,UNKNOWN,SUFFICIENT_HISTORY,ZERO_MFA_FAILURES_OBSERVED,NO_ACTIONABLE_HYPOTHESIS
EMP12736,USER,nimrat.parmer72,Legal,12.65,LOW,0.96,HIGH,0,1.0,Unknown,UNKNOWN,SUFFICIENT_HISTORY,ZERO_MFA_FAILURES_OBSERVED,NO_ACTIONABLE_HYPOTHESIS
EMP11879,USER,ethan.sekhon49,Finance,0.0,LOW,0.2533,LOW,0,1.0,Unknown,UNKNOWN,INSUFFICIENT_HISTORY,LOW_TIMESTAMP_QUALITY; INSUFFICIENT_BASELINE_HISTORY; ZERO_MFA_FAILURES_OBSERVED,NO_ACTIONABLE_HYPOTHESIS
EMP12902,USER,kalpit_salvi36,R&D,4.22,LOW,0.8061,HIGH,0,1.0,Unknown,UNKNOWN,SUFFICIENT_HISTORY,ZERO_MFA_FAILURES_OBSERVED,NO_ACTIONABLE_HYPOTHESIS
EMP11203,USER,upkaar.padmanabhan11,Finance,0.0,LOW,0.52,MEDIUM,0,1.0,Unknown,UNKNOWN,INSUFFICIENT_HISTORY,INSUFFICIENT_BASELINE_HISTORY; ZERO_MFA_FAILURES_OBSERVED,NO_ACTIONABLE_HYPOTHESIS
EMP11990,USER,neel.bhalla45,Legal,12.65,LOW,0.7172,MEDIUM,0,1.0,Unknown,UNKNOWN,SUFFICIENT_HISTORY,ZERO_MFA_FAILURES_OBSERVED,NO_ACTIONABLE_HYPOTHESIS
EMP10024,USER,krishna.narang7,Human Resources,0.95,LOW,0.45,LOW,0,1.0,Unknown,UNKNOWN,INSUFFICIENT_HISTORY,INSUFFICIENT_BASELINE_HISTORY; ZERO_MFA_FAILURES_OBSERVED,NO_ACTIONABLE_HYPOTHESIS
EMP12895,USER,max.kant36,Finance,100.0,CRITICAL,0.9536,HIGH,3,1.5,Unknown,UNKNOWN,SUFFICIENT_HISTORY,ZERO_MFA_FAILURES_OBSERVED,POSSIBLE_CREDENTIAL_COMPROMISE; POSSIBLE_ACCOUNT_TAKEOVER; POSSIBLE_ANOMALOUS_DATA_EXFILTRATION
EMP12092,USER,vedant.muni67,Human Resources,25.29,LOW,0.865,HIGH,0,1.0,Unknown,UNKNOWN,SUFFICIENT_HISTORY,ZERO_MFA_FAILURES_OBSERVED,NO_ACTIONABLE_HYPOTHESIS
EMP12989,USER,rayaan.gulati19,Procurement,0.0,LOW,0.805,HIGH,0,1.0,Unknown,UNKNOWN,SUFFICIENT_HISTORY,ZERO_MFA_FAILURES_OBSERVED,NO_ACTIONABLE_HYPOTHESIS
EMP12371,USER,keya.basak74,Customer Support,25.29,LOW,0.895,HIGH,0,1.0,Unknown,UNKNOWN,SUFFICIENT_HISTORY,ZERO_MFA_FAILURES_OBSERVED,NO_ACTIONABLE_HYPOTHESIS
EMP10875,USER,xalak.kota96,Customer Support,0.0,LOW,0.7383,MEDIUM,0,1.0,Unknown,UNKNOWN,SUFFICIENT_HISTORY,ZERO_MFA_FAILURES_OBSERVED,NO_ACTIONABLE_HYPOTHESIS
EMP12871,USER,anya.nadkarni54,Human Resources,0.95,LOW,0.55,MEDIUM,0,1.0,Unknown,UNKNOWN,INSUFFICIENT_HISTORY,INSUFFICIENT_BASELINE_HISTORY; ZERO_MFA_FAILURES_OBSERVED,NO_ACTIONABLE_HYPOTHESIS
EMP10938,USER,alka.memon44,Customer Support,0.0,LOW,0.835,HIGH,0,1.0,Unknown,UNKNOWN,SUFFICIENT_HISTORY,ZERO_MFA_FAILURES_OBSERVED,NO_ACTIONABLE_HYPOTHESIS
EMP12584,USER,falguni.mammen71,Operations,12.65,LOW,0.815,HIGH,0,1.0,Unknown,UNKNOWN,SUFFICIENT_HISTORY,ZERO_MFA_FAILURES_OBSERVED,NO_ACTIONABLE_HYPOTHESIS
EMP10385,USER,max.varghese15,Customer Support,8.43,LOW,0.8506,HIGH,0,1.0,Unknown,UNKNOWN,SUFFICIENT_HISTORY,ZERO_MFA_FAILURES_OBSERVED,NO_ACTIONABLE_HYPOTHESIS
EMP12585,USER,lakshmi.narula81,Operations,0.0,LOW,0.6636,MEDIUM,0,1.0,Unknown,UNKNOWN,SUFFICIENT_HISTORY,ZERO_MFA_FAILURES_OBSERVED,NO_ACTIONABLE_HYPOTHESIS
EMP12563,USER,anthony.mallick51,Supply Chain,0.0,LOW,0.55,MEDIUM,0,1.0,Unknown,UNKNOWN,INSUFFICIENT_HISTORY,INSUFFICIENT_BASELINE_HISTORY; ZERO_MFA_FAILURES_OBSERVED,NO_ACTIONABLE_HYPOTHESIS
EMP12408,USER,laban.dewan34,Supply Chain,10.54,LOW,0.775,MEDIUM,0,1.0,Unknown,UNKNOWN,SUFFICIENT_HISTORY,ZERO_MFA_FAILURES_OBSERVED,NO_ACTIONABLE_HYPOTHESIS
EMP10936,USER,chatura.sengupta49,R&D,4.22,LOW,0.865,HIGH,0,1.0,Unknown,UNKNOWN,SUFFICIENT_HISTORY,ZERO_MFA_FAILURES_OBSERVED,NO_ACTIONABLE_HYPOTHESIS
EMP12659,USER,chatura.swaminathan11,Compliance,0.0,LOW,0.835,HIGH,0,1.0,Unknown,UNKNOWN,SUFFICIENT_HISTORY,ZERO_MFA_FAILURES_OBSERVED,NO_ACTIONABLE_HYPOTHESIS
EMP11332,USER,shivansh.parmer5,Marketing,4.22,LOW,0.695,MEDIUM,0,1.0,Unknown,UNKNOWN,SUFFICIENT_HISTORY,ZERO_MFA_FAILURES_OBSERVED,NO_ACTIONABLE_HYPOTHESIS
EMP11934,USER,nicholas.varma41,Legal,21.08,LOW,0.825,HIGH,0,1.0,Unknown,UNKNOWN,SUFFICIENT_HISTORY,ZERO_MFA_FAILURES_OBSERVED,NO_ACTIONABLE_HYPOTHESIS
EMP10935,USER,ojas.barad71,Operations,4.22,LOW,0.765,MEDIUM,0,1.0,Unknown,UNKNOWN,SUFFICIENT_HISTORY,ZERO_MFA_FAILURES_OBSERVED,NO_ACTIONABLE_HYPOTHESIS
EMP10566,USER,niharika.gulati90,Human Resources,6.12,LOW,0.7778,MEDIUM,0,1.0,Unknown,UNKNOWN,SUFFICIENT_HISTORY,ZERO_MFA_FAILURES_OBSERVED,NO_ACTIONABLE_HYPOTHESIS
EMP11854,USER,rayaan.sani65,Sales,4.22,LOW,0.775,MEDIUM,0,1.0,Unknown,UNKNOWN,SUFFICIENT_HISTORY,ZERO_MFA_FAILURES_OBSERVED,NO_ACTIONABLE_HYPOTHESIS
EMP12500,USER,shivansh.taneja60,IT,25.29,LOW,0.92,HIGH,0,1.0,Unknown,UNKNOWN,SUFFICIENT_HISTORY,ZERO_MFA_FAILURES_OBSERVED,NO_ACTIONABLE_HYPOTHESIS
EMP11645,USER,falak.chhabra48,IT Support,4.22,LOW,0.765,MEDIUM,0,1.0,Unknown,UNKNOWN,SUFFICIENT_HISTORY,ZERO_MFA_FAILURES_OBSERVED,NO_ACTIONABLE_HYPOTHESIS
EMP12185,USER,anmol.bali6,Brand,0.0,LOW,0.45,LOW,0,1.0,Unknown,UNKNOWN,INSUFFICIENT_HISTORY,INSUFFICIENT_BASELINE_HISTORY; ZERO_MFA_FAILURES_OBSERVED,NO_ACTIONABLE_HYPOTHESIS
EMP11792,USER,ladli.shan29,Marketing,8.43,LOW,0.805,HIGH,0,1.0,Unknown,UNKNOWN,SUFFICIENT_HISTORY,ZERO_MFA_FAILURES_OBSERVED,NO_ACTIONABLE_HYPOTHESIS
EMP11430,USER,chasmum.nadkarni1,Marketing,12.65,LOW,0.865,HIGH,0,1.0,Unknown,UNKNOWN,SUFFICIENT_HISTORY,ZERO_MFA_FAILURES_OBSERVED,NO_ACTIONABLE_HYPOTHESIS
EMP12825,USER,indali.goswami21,Finance,17.92,LOW,0.7207,MEDIUM,0,1.0,Unknown,UNKNOWN,SUFFICIENT_HISTORY,ZERO_MFA_FAILURES_OBSERVED,NO_ACTIONABLE_HYPOTHESIS
EMP11013,USER,brijesh.ganesh17,Customer Support,8.43,LOW,0.805,HIGH,0,1.0,Unknown,UNKNOWN,SUFFICIENT_HISTORY,ZERO_MFA_FAILURES_OBSERVED,NO_ACTIONABLE_HYPOTHESIS
EMP11928,USER,riya.chadha43,Customer Support,8.43,LOW,0.7778,MEDIUM,0,1.0,Unknown,UNKNOWN,SUFFICIENT_HISTORY,ZERO_MFA_FAILURES_OBSERVED,NO_ACTIONABLE_HYPOTHESIS
EMP12319,USER,chanchal.choudhry83,IT,16.86,LOW,0.9636,HIGH,1,1.0,Unknown,UNKNOWN,SUFFICIENT_HISTORY,ZERO_MFA_FAILURES_OBSERVED,NO_ACTIONABLE_HYPOTHESIS
EMP10126,USER,unnati.dass69,Finance,6.32,LOW,0.7383,MEDIUM,0,1.0,Unknown,UNKNOWN,SUFFICIENT_HISTORY,ZERO_MFA_FAILURES_OBSERVED,NO_ACTIONABLE_HYPOTHESIS
EMP12157,USER,vansha.chadha57,Brand,4.22,LOW,0.8393,HIGH,0,1.0,Unknown,UNKNOWN,SUFFICIENT_HISTORY,ZERO_MFA_FAILURES_OBSERVED,NO_ACTIONABLE_HYPOTHESIS
EMP11347,USER,shravya.chopra88,Legal,0.0,LOW,0.96,HIGH,0,1.0,Unknown,UNKNOWN,SUFFICIENT_HISTORY,ZERO_MFA_FAILURES_OBSERVED,NO_ACTIONABLE_HYPOTHESIS
EMP10355,USER,kavya.bajwa2,Sales,12.65,LOW,1.0,HIGH,0,1.0,Unknown,UNKNOWN,SUFFICIENT_HISTORY,ZERO_MFA_FAILURES_OBSERVED,NO_ACTIONABLE_HYPOTHESIS
EMP10827,USER,henry.raman55,Operations,10.54,LOW,0.605,MEDIUM,0,1.0,Unknown,UNKNOWN,SUFFICIENT_HISTORY,ZERO_MFA_FAILURES_OBSERVED,NO_ACTIONABLE_HYPOTHESIS
EMP11639,USER,farhan.bedi89,Human Resources,12.65,LOW,0.8506,HIGH,0,1.0,Unknown,UNKNOWN,SUFFICIENT_HISTORY,ZERO_MFA_FAILURES_OBSERVED,NO_ACTIONABLE_HYPOTHESIS
EMP10984,USER,gaurav.borde62,Operations,52.7,MODERATE,0.9667,HIGH,2,1.25,Unknown,UNKNOWN,SUFFICIENT_HISTORY,ZERO_MFA_FAILURES_OBSERVED,POSSIBLE_ANOMALOUS_DATA_EXFILTRATION
EMP10362,USER,libni.rau54,Innovation,4.33,LOW,0.7778,MEDIUM,0,1.0,Unknown,UNKNOWN,SUFFICIENT_HISTORY,ZERO_MFA_FAILURES_OBSERVED,NO_ACTIONABLE_HYPOTHESIS
EMP10345,USER,samar.setty88,Finance,1.41,LOW,0.615,MEDIUM,0,1.0,Unknown,UNKNOWN,SUFFICIENT_HISTORY,ZERO_MFA_FAILURES_OBSERVED,NO_ACTIONABLE_HYPOTHESIS
EMP12124,USER,azaan.dora49,Human Resources,4.22,LOW,0.805,HIGH,0,1.0,Unknown,UNKNOWN,SUFFICIENT_HISTORY,ZERO_MFA_FAILURES_OBSERVED,NO_ACTIONABLE_HYPOTHESIS
EMP12620,USER,onkar.khalsa1,Finance,8.43,LOW,0.765,MEDIUM,0,1.0,Unknown,UNKNOWN,SUFFICIENT_HISTORY,ZERO_MFA_FAILURES_OBSERVED,NO_ACTIONABLE_HYPOTHESIS
EMP10711,USER,ayushman.chowdhury15,IT,7.59,LOW,0.45,LOW,0,1.0,Unknown,UNKNOWN,INSUFFICIENT_HISTORY,INSUFFICIENT_BASELINE_HISTORY; ZERO_MFA_FAILURES_OBSERVED,NO_ACTIONABLE_HYPOTHESIS
EMP12127,USER,oscar.gopal34,Finance,4.22,LOW,0.865,HIGH,0,1.0,Unknown,UNKNOWN,SUFFICIENT_HISTORY,ZERO_MFA_FAILURES_OBSERVED,NO_ACTIONABLE_HYPOTHESIS
EMP10010,USER,jagvi.seth52,Marketing,12.65,LOW,0.7383,MEDIUM,0,1.0,Unknown,UNKNOWN,SUFFICIENT_HISTORY,ZERO_MFA_FAILURES_OBSERVED,NO_ACTIONABLE_HYPOTHESIS
EMP12616,USER,widisha.maharaj57,Customer Support,1.41,LOW,0.7207,MEDIUM,0,1.0,Unknown,UNKNOWN,SUFFICIENT_HISTORY,ZERO_MFA_FAILURES_OBSERVED,NO_ACTIONABLE_HYPOTHESIS
EMP11834,USER,aryan.shankar73,Operations,4.22,LOW,0.7383,MEDIUM,0,1.0,Unknown,UNKNOWN,SUFFICIENT_HISTORY,ZERO_MFA_FAILURES_OBSERVED,NO_ACTIONABLE_HYPOTHESIS
EMP10793,USER,widisha.chhabra74,IT,8.43,LOW,0.865,HIGH,0,1.0,Unknown,UNKNOWN,SUFFICIENT_HISTORY,ZERO_MFA_FAILURES_OBSERVED,NO_ACTIONABLE_HYPOTHESIS
EMP12848,USER,mekhala.singhal56,Finance,25.29,LOW,0.8159,HIGH,0,1.0,Unknown,UNKNOWN,SUFFICIENT_HISTORY,ZERO_MFA_FAILURES_OBSERVED,NO_ACTIONABLE_HYPOTHESIS
EMP10094,USER,abha.varkey61,Call Center,8.43,LOW,0.9636,HIGH,0,1.0,Unknown,UNKNOWN,SUFFICIENT_HISTORY,ZERO_MFA_FAILURES_OBSERVED,NO_ACTIONABLE_HYPOTHESIS
EMP10129,USER,harsh.shukla46,IT,8.43,LOW,0.6636,MEDIUM,0,1.0,Unknown,UNKNOWN,SUFFICIENT_HISTORY,ZERO_MFA_FAILURES_OBSERVED,NO_ACTIONABLE_HYPOTHESIS
EMP12309,USER,ira.ahuja17,Human Resources,16.86,LOW,0.96,HIGH,0,1.0,Unknown,UNKNOWN,SUFFICIENT_HISTORY,ZERO_MFA_FAILURES_OBSERVED,NO_ACTIONABLE_HYPOTHESIS
EMP12991,USER,vasatika.kapoor74,Marketing,10.54,LOW,0.775,MEDIUM,0,1.0,Unknown,UNKNOWN,SUFFICIENT_HISTORY,ZERO_MFA_FAILURES_OBSERVED,NO_ACTIONABLE_HYPOTHESIS
EMP11900,USER,chanakya.bora36,R&D,7.38,LOW,0.765,MEDIUM,0,1.0,Unknown,UNKNOWN,SUFFICIENT_HISTORY,ZERO_MFA_FAILURES_OBSERVED,NO_ACTIONABLE_HYPOTHESIS
EMP12467,USER,chaitaly.char55,Operations,0.0,LOW,0.7383,MEDIUM,0,1.0,Unknown,UNKNOWN,SUFFICIENT_HISTORY,ZERO_MFA_FAILURES_OBSERVED,NO_ACTIONABLE_HYPOTHESIS
EMP11932,USER,mahika.chakraborty82,Procurement,16.86,LOW,1.0,HIGH,0,1.0,Unknown,UNKNOWN,SUFFICIENT_HISTORY,ZERO_MFA_FAILURES_OBSERVED,NO_ACTIONABLE_HYPOTHESIS
EMP12499,USER,naveen.borah10,Finance,46.37,MODERATE,0.9428,HIGH,1,1.0,Unknown,UNKNOWN,SUFFICIENT_HISTORY,UNCORROBORATED_SINGLE_DIMENSION; ZERO_MFA_FAILURES_OBSERVED,NO_ACTIONABLE_HYPOTHESIS
EMP11865,USER,rehaan.gola27,Finance,33.73,MODERATE,0.9467,HIGH,1,1.0,Unknown,UNKNOWN,SUFFICIENT_HISTORY,UNCORROBORATED_SINGLE_DIMENSION; ZERO_MFA_FAILURES_OBSERVED,NO_ACTIONABLE_HYPOTHESIS
EMP11658,USER,abha.baria81,IT Support,0.0,LOW,0.835,HIGH,0,1.0,Unknown,UNKNOWN,SUFFICIENT_HISTORY,ZERO_MFA_FAILURES_OBSERVED,NO_ACTIONABLE_HYPOTHESIS
EMP10516,USER,wakeeta.rattan45,R&D,5.27,LOW,0.7383,MEDIUM,0,1.0,Unknown,UNKNOWN,SUFFICIENT_HISTORY,ZERO_MFA_FAILURES_OBSERVED,NO_ACTIONABLE_HYPOTHESIS
EMP11857,USER,yashawini.bajaj3,Compliance,12.65,LOW,0.92,HIGH,0,1.0,Unknown,UNKNOWN,SUFFICIENT_HISTORY,ZERO_MFA_FAILURES_OBSERVED,NO_ACTIONABLE_HYPOTHESIS
EMP11277,USER,ansh.bandi36,Marketing,0.0,LOW,0.46,LOW,0,1.0,Unknown,UNKNOWN,INSUFFICIENT_HISTORY,INSUFFICIENT_BASELINE_HISTORY; ZERO_MFA_FAILURES_OBSERVED,NO_ACTIONABLE_HYPOTHESIS
EMP10950,USER,girik.pai19,Operations,12.65,LOW,0.92,HIGH,0,1.0,Unknown,UNKNOWN,SUFFICIENT_HISTORY,ZERO_MFA_FAILURES_OBSERVED,NO_ACTIONABLE_HYPOTHESIS
EMP11120,USER,siya.naik32,Customer Support,12.18,LOW,0.775,MEDIUM,0,1.0,Unknown,UNKNOWN,SUFFICIENT_HISTORY,ZERO_MFA_FAILURES_OBSERVED,NO_ACTIONABLE_HYPOTHESIS
EMP10419,USER,upkaar.dave34,Human Resources,13.87,LOW,0.775,MEDIUM,0,1.0,Unknown,UNKNOWN,SUFFICIENT_HISTORY,ZERO_MFA_FAILURES_OBSERVED,NO_ACTIONABLE_HYPOTHESIS
EMP10922,USER,aahana.kaur82,Finance,0.0,LOW,0.805,HIGH,0,1.0,Unknown,UNKNOWN,SUFFICIENT_HISTORY,ZERO_MFA_FAILURES_OBSERVED,NO_ACTIONABLE_HYPOTHESIS
EMP12880,USER,panini.rau8,Finance,0.0,LOW,0.96,HIGH,0,1.0,Unknown,UNKNOWN,SUFFICIENT_HISTORY,ZERO_MFA_FAILURES_OBSERVED,NO_ACTIONABLE_HYPOTHESIS
EMP10477,USER,yamini.subramanian5,Operations,5.27,LOW,0.775,MEDIUM,0,1.0,Unknown,UNKNOWN,SUFFICIENT_HISTORY,ZERO_MFA_FAILURES_OBSERVED,NO_ACTIONABLE_HYPOTHESIS
EMP12035,USER,omya.seshadri88,Call Center,12.65,LOW,0.895,HIGH,0,1.0,Unknown,UNKNOWN,SUFFICIENT_HISTORY,ZERO_MFA_FAILURES_OBSERVED,NO_ACTIONABLE_HYPOTHESIS
EMP12245,USER,hitesh.kadakia14,Sales,0.0,LOW,0.7383,MEDIUM,0,1.0,Unknown,UNKNOWN,SUFFICIENT_HISTORY,ZERO_MFA_FAILURES_OBSERVED,NO_ACTIONABLE_HYPOTHESIS
EMP11692,USER,qarin.rau21,R&D,4.22,LOW,0.8506,HIGH,0,1.0,Unknown,UNKNOWN,SUFFICIENT_HISTORY,ZERO_MFA_FAILURES_OBSERVED,NO_ACTIONABLE_HYPOTHESIS
EMP12316,USER,libni.boase68,Operations,16.86,LOW,1.0,HIGH,0,1.0,Unknown,UNKNOWN,SUFFICIENT_HISTORY,ZERO_MFA_FAILURES_OBSERVED,NO_ACTIONABLE_HYPOTHESIS
EMP11471,USER,meera.bath1,Legal,12.65,LOW,1.0,HIGH,0,1.0,Unknown,UNKNOWN,SUFFICIENT_HISTORY,ZERO_MFA_FAILURES_OBSERVED,NO_ACTIONABLE_HYPOTHESIS
EMP11202,USER,isaiah.dave47,Compliance,5.15,LOW,0.55,MEDIUM,0,1.0,Unknown,UNKNOWN,INSUFFICIENT_HISTORY,INSUFFICIENT_BASELINE_HISTORY; ZERO_MFA_FAILURES_OBSERVED,NO_ACTIONABLE_HYPOTHESIS
EMP11669,USER,hitesh.patil44,IT Support,16.86,LOW,0.8327,HIGH,0,1.0,Unknown,UNKNOWN,SUFFICIENT_HISTORY,ZERO_MFA_FAILURES_OBSERVED,NO_ACTIONABLE_HYPOTHESIS
EMP12859,USER,udant.barman2,Marketing,13.49,LOW,0.805,HIGH,0,1.0,Unknown,UNKNOWN,SUFFICIENT_HISTORY,ZERO_MFA_FAILURES_OBSERVED,NO_ACTIONABLE_HYPOTHESIS
EMP11970,USER,devansh.sule3,IT,4.22,LOW,0.695,MEDIUM,0,1.0,Unknown,UNKNOWN,SUFFICIENT_HISTORY,ZERO_MFA_FAILURES_OBSERVED,NO_ACTIONABLE_HYPOTHESIS
EMP10820,USER,Unknown,R&D,6.32,LOW,0.55,MEDIUM,0,1.0,Unknown,UNKNOWN,INSUFFICIENT_HISTORY,INSUFFICIENT_BASELINE_HISTORY; ZERO_MFA_FAILURES_OBSERVED,NO_ACTIONABLE_HYPOTHESIS
EMP11997,USER,zayan.sidhu78,Human Resources,25.84,LOW,0.55,MEDIUM,1,1.0,Unknown,UNKNOWN,INSUFFICIENT_HISTORY,INSUFFICIENT_BASELINE_HISTORY; ZERO_MFA_FAILURES_OBSERVED,NO_ACTIONABLE_HYPOTHESIS
EMP12954,USER,jagat.agate90,Customer Support,1.25,LOW,0.55,MEDIUM,0,1.0,Unknown,UNKNOWN,INSUFFICIENT_HISTORY,INSUFFICIENT_BASELINE_HISTORY; ZERO_MFA_FAILURES_OBSERVED,NO_ACTIONABLE_HYPOTHESIS
EMP11248,USER,noah.kata59,R&D,8.43,LOW,0.7207,MEDIUM,0,1.0,Unknown,UNKNOWN,SUFFICIENT_HISTORY,ZERO_MFA_FAILURES_OBSERVED,NO_ACTIONABLE_HYPOTHESIS
EMP12742,USER,Unknown,Human Resources,0.0,LOW,0.52,MEDIUM,0,1.0,Unknown,UNKNOWN,INSUFFICIENT_HISTORY,INSUFFICIENT_BASELINE_HISTORY; ZERO_MFA_FAILURES_OBSERVED,NO_ACTIONABLE_HYPOTHESIS
EMP12694,USER,chaitaly.dugal25,Customer Support,21.08,LOW,0.9385,HIGH,1,1.0,Unknown,UNKNOWN,SUFFICIENT_HISTORY,ZERO_MFA_FAILURES_OBSERVED,NO_ACTIONABLE_HYPOTHESIS
EMP11046,USER,falan.gandhi55,Human Resources,5.17,LOW,0.6717,MEDIUM,0,1.0,Unknown,UNKNOWN,SUFFICIENT_HISTORY,ZERO_MFA_FAILURES_OBSERVED,NO_ACTIONABLE_HYPOTHESIS
EMP11888,USER,saanvi.puri1,Call Center,0.0,LOW,0.775,MEDIUM,0,1.0,Unknown,UNKNOWN,SUFFICIENT_HISTORY,ZERO_MFA_FAILURES_OBSERVED,NO_ACTIONABLE_HYPOTHESIS
EMP10615,USER,nikita.majumdar12,Sales,0.0,LOW,0.865,HIGH,0,1.0,Unknown,UNKNOWN,SUFFICIENT_HISTORY,ZERO_MFA_FAILURES_OBSERVED,NO_ACTIONABLE_HYPOTHESIS
EMP11318,USER,kritika.nori43,IT,4.22,LOW,0.895,HIGH,0,1.0,Unknown,UNKNOWN,SUFFICIENT_HISTORY,ZERO_MFA_FAILURES_OBSERVED,NO_ACTIONABLE_HYPOTHESIS
EMP12970,USER,Unknown,Procurement,33.73,MODERATE,0.96,HIGH,1,1.0,Unknown,UNKNOWN,SUFFICIENT_HISTORY,UNCORROBORATED_SINGLE_DIMENSION; ZERO_MFA_FAILURES_OBSERVED,NO_ACTIONABLE_HYPOTHESIS
EMP12136,USER,raksha.bhalla98,Human Resources,6.12,LOW,0.55,MEDIUM,0,1.0,Unknown,UNKNOWN,INSUFFICIENT_HISTORY,INSUFFICIENT_BASELINE_HISTORY; ZERO_MFA_FAILURES_OBSERVED,NO_ACTIONABLE_HYPOTHESIS
EMP12534,USER,anvi.soni34,Human Resources,8.43,LOW,0.815,HIGH,0,1.0,Unknown,UNKNOWN,SUFFICIENT_HISTORY,ZERO_MFA_FAILURES_OBSERVED,NO_ACTIONABLE_HYPOTHESIS
EMP11772,USER,mohini.munshi54,Human Resources,4.22,LOW,0.805,HIGH,0,1.0,Unknown,UNKNOWN,SUFFICIENT_HISTORY,ZERO_MFA_FAILURES_OBSERVED,NO_ACTIONABLE_HYPOTHESIS
EMP10131,USER,Unknown,Sales,37.94,MODERATE,0.96,HIGH,1,1.0,Unknown,UNKNOWN,SUFFICIENT_HISTORY,UNCORROBORATED_SINGLE_DIMENSION; ZERO_MFA_FAILURES_OBSERVED,NO_ACTIONABLE_HYPOTHESIS
EMP10077,USER,tejas.panchal85,Procurement,37.94,MODERATE,1.0,HIGH,1,1.0,Unknown,UNKNOWN,SUFFICIENT_HISTORY,UNCORROBORATED_SINGLE_DIMENSION; ZERO_MFA_FAILURES_OBSERVED,NO_ACTIONABLE_HYPOTHESIS
EMP12052,USER,caleb.lal55,Operations,10.54,LOW,0.7778,MEDIUM,0,1.0,Unknown,UNKNOWN,SUFFICIENT_HISTORY,ZERO_MFA_FAILURES_OBSERVED,NO_ACTIONABLE_HYPOTHESIS
EMP10724,USER,yashica.chokshi5,Human Resources,5.17,LOW,0.8061,HIGH,0,1.0,Unknown,UNKNOWN,SUFFICIENT_HISTORY,ZERO_MFA_FAILURES_OBSERVED,NO_ACTIONABLE_HYPOTHESIS
EMP11314,USER,amaira.sengupta10,Procurement,0.0,LOW,0.7383,MEDIUM,0,1.0,Unknown,UNKNOWN,SUFFICIENT_HISTORY,ZERO_MFA_FAILURES_OBSERVED,NO_ACTIONABLE_HYPOTHESIS
EMP11851,USER,faqid.choudhry24,IT,23.78,LOW,0.815,HIGH,0,1.0,Unknown,UNKNOWN,SUFFICIENT_HISTORY,ZERO_MFA_FAILURES_OBSERVED,NO_ACTIONABLE_HYPOTHESIS
EMP12708,USER,pooja.kunda23,Sales,0.0,LOW,0.2533,LOW,0,1.0,Unknown,UNKNOWN,INSUFFICIENT_HISTORY,LOW_TIMESTAMP_QUALITY; INSUFFICIENT_BASELINE_HISTORY; ZERO_MFA_FAILURES_OBSERVED,NO_ACTIONABLE_HYPOTHESIS
EMP12562,USER,xiti.murty39,IT,8.43,LOW,0.7207,MEDIUM,0,1.0,Unknown,UNKNOWN,SUFFICIENT_HISTORY,ZERO_MFA_FAILURES_OBSERVED,NO_ACTIONABLE_HYPOTHESIS
EMP11372,USER,nikita.d’alia16,R&D,17.92,LOW,0.865,HIGH,0,1.0,Unknown,UNKNOWN,SUFFICIENT_HISTORY,ZERO_MFA_FAILURES_OBSERVED,NO_ACTIONABLE_HYPOTHESIS
EMP11855,USER,neel.majumdar68,Legal,12.65,LOW,0.92,HIGH,0,1.0,Unknown,UNKNOWN,SUFFICIENT_HISTORY,ZERO_MFA_FAILURES_OBSERVED,NO_ACTIONABLE_HYPOTHESIS
EMP11319,USER,yuvraj.ram10,Supply Chain,10.54,LOW,0.805,HIGH,0,1.0,Unknown,UNKNOWN,SUFFICIENT_HISTORY,ZERO_MFA_FAILURES_OBSERVED,NO_ACTIONABLE_HYPOTHESIS
EMP12960,USER,ekansh.bedi26,IT,12.65,LOW,0.865,HIGH,0,1.0,Unknown,UNKNOWN,SUFFICIENT_HISTORY,ZERO_MFA_FAILURES_OBSERVED,NO_ACTIONABLE_HYPOTHESIS
EMP12573,USER,udant.mukherjee7,IT,4.22,LOW,0.775,MEDIUM,0,1.0,Unknown,UNKNOWN,SUFFICIENT_HISTORY,ZERO_MFA_FAILURES_OBSERVED,NO_ACTIONABLE_HYPOTHESIS
EMP10375,USER,daniel.bhat5,Supply Chain,0.0,LOW,0.805,HIGH,0,1.0,Unknown,UNKNOWN,SUFFICIENT_HISTORY,ZERO_MFA_FAILURES_OBSERVED,NO_ACTIONABLE_HYPOTHESIS
EMP11908,USER,hitesh.keer31,Support,16.86,LOW,0.9667,HIGH,0,1.0,Unknown,UNKNOWN,SUFFICIENT_HISTORY,ZERO_MFA_FAILURES_OBSERVED,NO_ACTIONABLE_HYPOTHESIS
EMP10333,USER,hitesh.khanna59,IT,29.51,LOW,0.9692,HIGH,1,1.0,Unknown,UNKNOWN,SUFFICIENT_HISTORY,ZERO_MFA_FAILURES_OBSERVED,NO_ACTIONABLE_HYPOTHESIS
EMP12323,USER,tanvi.bal60,Sales,16.86,LOW,1.0,HIGH,0,1.0,Unknown,UNKNOWN,SUFFICIENT_HISTORY,ZERO_MFA_FAILURES_OBSERVED,NO_ACTIONABLE_HYPOTHESIS
EMP12373,USER,mitali.goel62,Operations,16.86,LOW,0.9333,HIGH,0,1.0,Unknown,UNKNOWN,SUFFICIENT_HISTORY,ZERO_MFA_FAILURES_OBSERVED,NO_ACTIONABLE_HYPOTHESIS
EMP11604,USER,aashi.bajaj29,R&D,14.75,LOW,0.865,HIGH,0,1.0,Unknown,UNKNOWN,SUFFICIENT_HISTORY,ZERO_MFA_FAILURES_OBSERVED,NO_ACTIONABLE_HYPOTHESIS
EMP11118,USER,bimala.yohannan78,R&D,25.29,LOW,0.9273,HIGH,0,1.0,Unknown,UNKNOWN,SUFFICIENT_HISTORY,ZERO_MFA_FAILURES_OBSERVED,NO_ACTIONABLE_HYPOTHESIS
EMP12913,USER,reyansh_cheema32,Operations,8.43,LOW,0.765,MEDIUM,0,1.0,Unknown,UNKNOWN,SUFFICIENT_HISTORY,ZERO_MFA_FAILURES_OBSERVED,NO_ACTIONABLE_HYPOTHESIS
EMP11943,USER,zilmil.warrior7,Human Resources,12.65,LOW,0.8061,HIGH,0,1.0,Unknown,UNKNOWN,SUFFICIENT_HISTORY,ZERO_MFA_FAILURES_OBSERVED,NO_ACTIONABLE_HYPOTHESIS
EMP12333,USER,quincy.samra91,Human Resources,4.22,LOW,0.805,HIGH,0,1.0,Unknown,UNKNOWN,SUFFICIENT_HISTORY,ZERO_MFA_FAILURES_OBSERVED,NO_ACTIONABLE_HYPOTHESIS
EMP12599,USER,zayan.bhagat19,Finance,0.0,LOW,0.7383,MEDIUM,0,1.0,Unknown,UNKNOWN,SUFFICIENT_HISTORY,ZERO_MFA_FAILURES_OBSERVED,NO_ACTIONABLE_HYPOTHESIS
EMP11342,USER,devansh.hora57,Finance,21.92,LOW,0.765,MEDIUM,0,1.0,Unknown,UNKNOWN,SUFFICIENT_HISTORY,ZERO_MFA_FAILURES_OBSERVED,NO_ACTIONABLE_HYPOTHESIS
EMP10320,USER,hredhaan.tank29,Marketing,4.22,LOW,0.865,HIGH,0,1.0,Unknown,UNKNOWN,SUFFICIENT_HISTORY,ZERO_MFA_FAILURES_OBSERVED,NO_ACTIONABLE_HYPOTHESIS
EMP11619,USER,ekiya_banik24,Supply Chain,29.51,LOW,0.695,MEDIUM,1,1.0,Unknown,UNKNOWN,SUFFICIENT_HISTORY,ZERO_MFA_FAILURES_OBSERVED,NO_ACTIONABLE_HYPOTHESIS
EMP12628,USER,kiaan.ramesh70,Marketing,0.0,LOW,0.865,HIGH,0,1.0,Unknown,UNKNOWN,SUFFICIENT_HISTORY,ZERO_MFA_FAILURES_OBSERVED,NO_ACTIONABLE_HYPOTHESIS
EMP12060,USER,vrishti.chadha23,Customer Support,5.46,LOW,0.7778,MEDIUM,0,1.0,Unknown,UNKNOWN,SUFFICIENT_HISTORY,ZERO_MFA_FAILURES_OBSERVED,NO_ACTIONABLE_HYPOTHESIS
EMP11673,USER,arya_dhillon11,Operations,0.0,LOW,0.7383,MEDIUM,0,1.0,Unknown,UNKNOWN,SUFFICIENT_HISTORY,ZERO_MFA_FAILURES_OBSERVED,NO_ACTIONABLE_HYPOTHESIS
EMP11942,USER,Unknown,IT,37.94,MODERATE,0.9333,HIGH,1,1.0,Unknown,UNKNOWN,SUFFICIENT_HISTORY,UNCORROBORATED_SINGLE_DIMENSION; ZERO_MFA_FAILURES_OBSERVED,NO_ACTIONABLE_HYPOTHESIS
EMP10260,USER,aashi.bal42,Sales,0.0,LOW,0.605,MEDIUM,0,1.0,Unknown,UNKNOWN,SUFFICIENT_HISTORY,ZERO_MFA_FAILURES_OBSERVED,NO_ACTIONABLE_HYPOTHESIS
EMP12426,USER,raksha.date82,Compliance,18.27,LOW,0.775,MEDIUM,0,1.0,Unknown,UNKNOWN,SUFFICIENT_HISTORY,ZERO_MFA_FAILURES_OBSERVED,NO_ACTIONABLE_HYPOTHESIS
EMP12039,USER,arunima_sridhar65,Human Resources,8.43,LOW,0.9273,HIGH,0,1.0,Unknown,UNKNOWN,SUFFICIENT_HISTORY,ZERO_MFA_FAILURES_OBSERVED,NO_ACTIONABLE_HYPOTHESIS
EMP10689,USER,sai_pathak23,Marketing,0.0,LOW,0.49,LOW,0,1.0,Unknown,UNKNOWN,INSUFFICIENT_HISTORY,INSUFFICIENT_BASELINE_HISTORY; ZERO_MFA_FAILURES_OBSERVED,NO_ACTIONABLE_HYPOTHESIS
EMP10901,USER,gaurika.babu9,Marketing,4.22,LOW,0.805,HIGH,0,1.0,Unknown,UNKNOWN,SUFFICIENT_HISTORY,ZERO_MFA_FAILURES_OBSERVED,NO_ACTIONABLE_HYPOTHESIS
EMP12026,USER,bhavna_patla52,R&D,6.32,LOW,0.695,MEDIUM,0,1.0,Unknown,UNKNOWN,SUFFICIENT_HISTORY,ZERO_MFA_FAILURES_OBSERVED,NO_ACTIONABLE_HYPOTHESIS
EMP10138,USER,samuel.choudhury78,Legal,1.69,LOW,0.7383,MEDIUM,0,1.0,Unknown,UNKNOWN,SUFFICIENT_HISTORY,ZERO_MFA_FAILURES_OBSERVED,NO_ACTIONABLE_HYPOTHESIS
EMP11917,USER,naksh.sanghvi94,Finance,0.0,LOW,0.46,LOW,0,1.0,Unknown,UNKNOWN,INSUFFICIENT_HISTORY,INSUFFICIENT_BASELINE_HISTORY; ZERO_MFA_FAILURES_OBSERVED,NO_ACTIONABLE_HYPOTHESIS
EMP11828,USER,maanas.madan34,R&D,16.86,LOW,0.9636,HIGH,0,1.0,Unknown,UNKNOWN,SUFFICIENT_HISTORY,ZERO_MFA_FAILURES_OBSERVED,NO_ACTIONABLE_HYPOTHESIS
EMP11573,USER,jagrati.dutt21,Sales,4.22,LOW,0.8506,HIGH,0,1.0,Unknown,UNKNOWN,SUFFICIENT_HISTORY,ZERO_MFA_FAILURES_OBSERVED,NO_ACTIONABLE_HYPOTHESIS
EMP10319,USER,hredhaan.nagi88,R&D,12.65,LOW,0.7617,MEDIUM,0,1.0,Unknown,UNKNOWN,SUFFICIENT_HISTORY,ZERO_MFA_FAILURES_OBSERVED,NO_ACTIONABLE_HYPOTHESIS
EMP10653,USER,qasim.gole57,Human Resources,9.22,LOW,0.835,HIGH,0,1.0,Unknown,UNKNOWN,SUFFICIENT_HISTORY,ZERO_MFA_FAILURES_OBSERVED,NO_ACTIONABLE_HYPOTHESIS
EMP12137,USER,logan.ramakrishnan20,Innovation,25.29,LOW,0.8506,HIGH,1,1.0,Unknown,UNKNOWN,SUFFICIENT_HISTORY,ZERO_MFA_FAILURES_OBSERVED,NO_ACTIONABLE_HYPOTHESIS
EMP12394,USER,udarsh.kadakia17,IT,5.9,LOW,0.7383,MEDIUM,0,1.0,Unknown,UNKNOWN,SUFFICIENT_HISTORY,ZERO_MFA_FAILURES_OBSERVED,NO_ACTIONABLE_HYPOTHESIS
EMP10558,USER,amaira.sood39,Marketing,29.51,LOW,0.8019,HIGH,1,1.0,Unknown,UNKNOWN,SUFFICIENT_HISTORY,ZERO_MFA_FAILURES_OBSERVED,NO_ACTIONABLE_HYPOTHESIS
EMP12187,USER,frado.nigam40,IT,16.86,LOW,0.865,HIGH,1,1.0,Unknown,UNKNOWN,SUFFICIENT_HISTORY,ZERO_MFA_FAILURES_OBSERVED,NO_ACTIONABLE_HYPOTHESIS
EMP10112,USER,frederick.behl88,Finance,16.86,LOW,0.9385,HIGH,1,1.0,Unknown,UNKNOWN,SUFFICIENT_HISTORY,ZERO_MFA_FAILURES_OBSERVED,NO_ACTIONABLE_HYPOTHESIS
EMP10531,USER,omkaar.kalita55,Supply Chain,17.39,LOW,0.7778,MEDIUM,0,1.0,Unknown,UNKNOWN,SUFFICIENT_HISTORY,ZERO_MFA_FAILURES_OBSERVED,NO_ACTIONABLE_HYPOTHESIS
EMP10224,USER,ronith.shroff81,IT,4.22,LOW,0.695,MEDIUM,0,1.0,Unknown,UNKNOWN,SUFFICIENT_HISTORY,ZERO_MFA_FAILURES_OBSERVED,NO_ACTIONABLE_HYPOTHESIS
EMP10723,USER,ekaraj.nath19,Call Center,4.22,LOW,0.815,HIGH,0,1.0,Unknown,UNKNOWN,SUFFICIENT_HISTORY,ZERO_MFA_FAILURES_OBSERVED,NO_ACTIONABLE_HYPOTHESIS
EMP12590,USER,zansi_khosla29,Brand,17.14,LOW,0.865,HIGH,0,1.0,Unknown,UNKNOWN,SUFFICIENT_HISTORY,ZERO_MFA_FAILURES_OBSERVED,NO_ACTIONABLE_HYPOTHESIS
EMP12649,USER,aadhya.hayer77,R&D,4.22,LOW,0.7778,MEDIUM,0,1.0,Unknown,UNKNOWN,SUFFICIENT_HISTORY,ZERO_MFA_FAILURES_OBSERVED,NO_ACTIONABLE_HYPOTHESIS
EMP11433,USER,urvashi.kata32,Marketing,42.16,MODERATE,0.9667,HIGH,1,1.0,Unknown,UNKNOWN,SUFFICIENT_HISTORY,UNCORROBORATED_SINGLE_DIMENSION; ZERO_MFA_FAILURES_OBSERVED,NO_ACTIONABLE_HYPOTHESIS
EMP12401,USER,manya.kala33,Customer Support,16.86,LOW,0.865,HIGH,0,1.0,Unknown,UNKNOWN,SUFFICIENT_HISTORY,ZERO_MFA_FAILURES_OBSERVED,NO_ACTIONABLE_HYPOTHESIS
EMP11458,USER,agastya_wali58,Call Center,0.0,LOW,0.805,HIGH,0,1.0,Unknown,UNKNOWN,SUFFICIENT_HISTORY,ZERO_MFA_FAILURES_OBSERVED,NO_ACTIONABLE_HYPOTHESIS
EMP12784,USER,urmi.vala29,Human Resources,24.1,LOW,1.0,HIGH,0,1.0,Unknown,UNKNOWN,SUFFICIENT_HISTORY,ZERO_MFA_FAILURES_OBSERVED,NO_ACTIONABLE_HYPOTHESIS
EMP10846,USER,pratyush.balay57,Legal,0.0,LOW,0.695,MEDIUM,0,1.0,Unknown,UNKNOWN,SUFFICIENT_HISTORY,ZERO_MFA_FAILURES_OBSERVED,NO_ACTIONABLE_HYPOTHESIS
EMP10193,USER,ekbal.bhatti8,Human Resources,4.22,LOW,0.815,HIGH,0,1.0,Unknown,UNKNOWN,SUFFICIENT_HISTORY,ZERO_MFA_FAILURES_OBSERVED,NO_ACTIONABLE_HYPOTHESIS
EMP11464,USER,lekha.luthra19,R&D,4.22,LOW,1.0,HIGH,0,1.0,Unknown,UNKNOWN,SUFFICIENT_HISTORY,ZERO_MFA_FAILURES_OBSERVED,NO_ACTIONABLE_HYPOTHESIS
EMP10946,USER,ekbal.chandra41,Finance,0.0,LOW,0.7383,MEDIUM,0,1.0,Unknown,UNKNOWN,SUFFICIENT_HISTORY,ZERO_MFA_FAILURES_OBSERVED,NO_ACTIONABLE_HYPOTHESIS
EMP12021,USER,rushil.sura78,Support,10.12,LOW,0.8061,HIGH,0,1.0,Unknown,UNKNOWN,SUFFICIENT_HISTORY,ZERO_MFA_FAILURES_OBSERVED,NO_ACTIONABLE_HYPOTHESIS
EMP11629,USER,max.subramanian13,Innovation,16.86,LOW,0.9273,HIGH,0,1.0,Unknown,UNKNOWN,SUFFICIENT_HISTORY,ZERO_MFA_FAILURES_OBSERVED,NO_ACTIONABLE_HYPOTHESIS
EMP10117,USER,ikshita.muni96,IT,4.22,LOW,0.775,MEDIUM,0,1.0,Unknown,UNKNOWN,SUFFICIENT_HISTORY,ZERO_MFA_FAILURES_OBSERVED,NO_ACTIONABLE_HYPOTHESIS
EMP10645,USER,nikita.sangha37,R&D,24.24,LOW,0.8506,HIGH,0,1.0,Unknown,UNKNOWN,SUFFICIENT_HISTORY,ZERO_MFA_FAILURES_OBSERVED,NO_ACTIONABLE_HYPOTHESIS
EMP11870,USER,zinal.palla99,Human Resources,11.29,LOW,0.45,LOW,0,1.0,Unknown,UNKNOWN,INSUFFICIENT_HISTORY,INSUFFICIENT_BASELINE_HISTORY; ZERO_MFA_FAILURES_OBSERVED,NO_ACTIONABLE_HYPOTHESIS
EMP10003,USER,orinder.buch21,Legal,8.43,LOW,0.865,HIGH,0,1.0,Unknown,UNKNOWN,SUFFICIENT_HISTORY,ZERO_MFA_FAILURES_OBSERVED,NO_ACTIONABLE_HYPOTHESIS
EMP10074,USER,urvi.sastry42,Finance,12.65,LOW,0.7172,MEDIUM,0,1.0,Unknown,UNKNOWN,SUFFICIENT_HISTORY,ZERO_MFA_FAILURES_OBSERVED,NO_ACTIONABLE_HYPOTHESIS
EMP11755,USER,daksh.zachariah69,IT,30.35,MODERATE,0.7617,MEDIUM,1,1.0,Unknown,UNKNOWN,SUFFICIENT_HISTORY,UNCORROBORATED_SINGLE_DIMENSION; ZERO_MFA_FAILURES_OBSERVED,NO_ACTIONABLE_HYPOTHESIS
EMP10467,USER,maanas_rama25,Operations,8.43,LOW,0.895,HIGH,0,1.0,Unknown,UNKNOWN,SUFFICIENT_HISTORY,ZERO_MFA_FAILURES_OBSERVED,NO_ACTIONABLE_HYPOTHESIS
EMP10005,USER,adweta.seth11,Support,25.29,LOW,0.92,HIGH,1,1.0,Unknown,UNKNOWN,SUFFICIENT_HISTORY,ZERO_MFA_FAILURES_OBSERVED,NO_ACTIONABLE_HYPOTHESIS
EMP11246,USER,logan.guha68,IT,16.86,LOW,1.0,HIGH,1,1.0,Unknown,UNKNOWN,SUFFICIENT_HISTORY,ZERO_MFA_FAILURES_OBSERVED,NO_ACTIONABLE_HYPOTHESIS
EMP10919,USER,udyati_dugar83,Sales,8.43,LOW,0.815,HIGH,0,1.0,Unknown,UNKNOWN,SUFFICIENT_HISTORY,ZERO_MFA_FAILURES_OBSERVED,NO_ACTIONABLE_HYPOTHESIS
EMP10228,USER,patrick.bajaj41,Finance,4.22,LOW,0.695,MEDIUM,0,1.0,Unknown,UNKNOWN,SUFFICIENT_HISTORY,ZERO_MFA_FAILURES_OBSERVED,NO_ACTIONABLE_HYPOTHESIS
EMP11063,USER,osha.warrior98,Human Resources,12.65,LOW,0.8061,HIGH,0,1.0,Unknown,UNKNOWN,SUFFICIENT_HISTORY,ZERO_MFA_FAILURES_OBSERVED,NO_ACTIONABLE_HYPOTHESIS
EMP10242,USER,upma.wadhwa62,Operations,5.27,LOW,0.34,LOW,0,1.0,Unknown,UNKNOWN,INSUFFICIENT_HISTORY,LOW_TIMESTAMP_QUALITY; INSUFFICIENT_BASELINE_HISTORY; ZERO_MFA_FAILURES_OBSERVED,NO_ACTIONABLE_HYPOTHESIS
EMP12351,USER,zansi.batta30,Human Resources,0.95,LOW,0.55,MEDIUM,0,1.0,Unknown,UNKNOWN,INSUFFICIENT_HISTORY,INSUFFICIENT_BASELINE_HISTORY; ZERO_MFA_FAILURES_OBSERVED,NO_ACTIONABLE_HYPOTHESIS
EMP11160,USER,neel.dass57,Finance,8.43,LOW,0.805,HIGH,0,1.0,Unknown,UNKNOWN,SUFFICIENT_HISTORY,ZERO_MFA_FAILURES_OBSERVED,NO_ACTIONABLE_HYPOTHESIS
EMP12591,USER,gavin.golla57,Legal,4.22,LOW,0.835,HIGH,0,1.0,Unknown,UNKNOWN,SUFFICIENT_HISTORY,ZERO_MFA_FAILURES_OBSERVED,NO_ACTIONABLE_HYPOTHESIS
EMP11526,USER,devansh.nazareth78,Procurement,4.22,LOW,0.45,LOW,0,1.0,Unknown,UNKNOWN,INSUFFICIENT_HISTORY,INSUFFICIENT_BASELINE_HISTORY; ZERO_MFA_FAILURES_OBSERVED,NO_ACTIONABLE_HYPOTHESIS
EMP11605,USER,chakrika.sharma22,IT,25.29,LOW,0.9667,HIGH,0,1.0,Unknown,UNKNOWN,SUFFICIENT_HISTORY,ZERO_MFA_FAILURES_OBSERVED,NO_ACTIONABLE_HYPOTHESIS
EMP12869,USER,anika_parsa88,R&D,15.81,LOW,0.92,HIGH,0,1.0,Unknown,UNKNOWN,SUFFICIENT_HISTORY,ZERO_MFA_FAILURES_OBSERVED,NO_ACTIONABLE_HYPOTHESIS
EMP12399,USER,osha.aggarwal57,Finance,16.86,LOW,0.8159,HIGH,0,1.0,Unknown,UNKNOWN,SUFFICIENT_HISTORY,ZERO_MFA_FAILURES_OBSERVED,NO_ACTIONABLE_HYPOTHESIS
EMP12623,USER,jalsa.krishna50,Procurement,8.43,LOW,0.8506,HIGH,0,1.0,Unknown,UNKNOWN,SUFFICIENT_HISTORY,ZERO_MFA_FAILURES_OBSERVED,NO_ACTIONABLE_HYPOTHESIS
EMP11989,USER,jonathan.bail46,Customer Support,25.29,LOW,0.92,HIGH,0,1.0,Unknown,UNKNOWN,SUFFICIENT_HISTORY,ZERO_MFA_FAILURES_OBSERVED,NO_ACTIONABLE_HYPOTHESIS
EMP12424,USER,hamsini.chaudhry50,Marketing,25.0,LOW,0.9692,HIGH,1,1.0,Unknown,UNKNOWN,SUFFICIENT_HISTORY,ZERO_MFA_FAILURES_OBSERVED,NO_ACTIONABLE_HYPOTHESIS
EMP11975,USER,turvi.munshi25,Operations,4.22,LOW,0.8506,HIGH,0,1.0,Unknown,UNKNOWN,SUFFICIENT_HISTORY,ZERO_MFA_FAILURES_OBSERVED,NO_ACTIONABLE_HYPOTHESIS
EMP11761,USER,onveer.kohli9,Human Resources,30.05,MODERATE,0.6717,MEDIUM,1,1.0,Unknown,UNKNOWN,SUFFICIENT_HISTORY,UNCORROBORATED_SINGLE_DIMENSION; ZERO_MFA_FAILURES_OBSERVED,NO_ACTIONABLE_HYPOTHESIS
EMP11305,USER,aahana.shanker52,Human Resources,8.43,LOW,0.8061,HIGH,0,1.0,Unknown,UNKNOWN,SUFFICIENT_HISTORY,ZERO_MFA_FAILURES_OBSERVED,NO_ACTIONABLE_HYPOTHESIS
EMP11541,USER,Unknown,Sales,12.65,LOW,1.0,HIGH,0,1.0,Unknown,UNKNOWN,SUFFICIENT_HISTORY,ZERO_MFA_FAILURES_OBSERVED,NO_ACTIONABLE_HYPOTHESIS
EMP10622,USER,yashoda.sur19,Brand,28.1,LOW,0.825,HIGH,0,1.0,Unknown,UNKNOWN,SUFFICIENT_HISTORY,ZERO_MFA_FAILURES_OBSERVED,NO_ACTIONABLE_HYPOTHESIS
EMP12836,USER,avi.babu51,Customer Support,1.41,LOW,0.815,HIGH,0,1.0,Unknown,UNKNOWN,SUFFICIENT_HISTORY,ZERO_MFA_FAILURES_OBSERVED,NO_ACTIONABLE_HYPOTHESIS
EMP11493,USER,amrita.shanker92,IT,8.43,LOW,0.8061,HIGH,0,1.0,Unknown,UNKNOWN,SUFFICIENT_HISTORY,ZERO_MFA_FAILURES_OBSERVED,NO_ACTIONABLE_HYPOTHESIS
EMP10110,USER,chaitanya.atwal30,Human Resources,0.0,LOW,0.615,MEDIUM,0,1.0,Unknown,UNKNOWN,SUFFICIENT_HISTORY,ZERO_MFA_FAILURES_OBSERVED,NO_ACTIONABLE_HYPOTHESIS
EMP12977,USER,aryan.korpal35,Legal,8.43,LOW,0.9273,HIGH,0,1.0,Unknown,UNKNOWN,SUFFICIENT_HISTORY,ZERO_MFA_FAILURES_OBSERVED,NO_ACTIONABLE_HYPOTHESIS
EMP11169,USER,Unknown,Operations,17.92,LOW,0.96,HIGH,0,1.0,Unknown,UNKNOWN,SUFFICIENT_HISTORY,ZERO_MFA_FAILURES_OBSERVED,NO_ACTIONABLE_HYPOTHESIS
EMP12535,USER,Unknown,Finance,0.0,LOW,0.7778,MEDIUM,0,1.0,Unknown,UNKNOWN,SUFFICIENT_HISTORY,ZERO_MFA_FAILURES_OBSERVED,NO_ACTIONABLE_HYPOTHESIS
EMP10232,USER,reva.bansal99,Finance,4.22,LOW,0.835,HIGH,0,1.0,Unknown,UNKNOWN,SUFFICIENT_HISTORY,ZERO_MFA_FAILURES_OBSERVED,NO_ACTIONABLE_HYPOTHESIS
EMP10066,USER,zinal.venkataraman17,R&D,3.16,LOW,0.7207,MEDIUM,0,1.0,Unknown,UNKNOWN,SUFFICIENT_HISTORY,ZERO_MFA_FAILURES_OBSERVED,NO_ACTIONABLE_HYPOTHESIS
EMP12942,USER,harsh.sood79,Human Resources,0.0,LOW,0.52,MEDIUM,0,1.0,Unknown,UNKNOWN,INSUFFICIENT_HISTORY,INSUFFICIENT_BASELINE_HISTORY; ZERO_MFA_FAILURES_OBSERVED,NO_ACTIONABLE_HYPOTHESIS
EMP12072,USER,vrinda_sankar60,Innovation,21.08,LOW,0.9667,HIGH,1,1.0,Unknown,UNKNOWN,SUFFICIENT_HISTORY,ZERO_MFA_FAILURES_OBSERVED,NO_ACTIONABLE_HYPOTHESIS
EMP12192,USER,raksha.narain66,Marketing,0.0,LOW,0.45,LOW,0,1.0,Unknown,UNKNOWN,INSUFFICIENT_HISTORY,INSUFFICIENT_BASELINE_HISTORY; ZERO_MFA_FAILURES_OBSERVED,NO_ACTIONABLE_HYPOTHESIS
EMP10536,USER,leela.ganesh78,IT,42.16,MODERATE,0.9692,HIGH,1,1.0,Unknown,UNKNOWN,SUFFICIENT_HISTORY,UNCORROBORATED_SINGLE_DIMENSION; ZERO_MFA_FAILURES_OBSERVED,NO_ACTIONABLE_HYPOTHESIS
EMP10125,USER,bishakha.varkey39,Legal,8.43,LOW,0.865,HIGH,0,1.0,Unknown,UNKNOWN,SUFFICIENT_HISTORY,ZERO_MFA_FAILURES_OBSERVED,NO_ACTIONABLE_HYPOTHESIS
EMP12133,USER,kashvi_badal46,Customer Support,22.48,LOW,0.9636,HIGH,0,1.0,Unknown,UNKNOWN,SUFFICIENT_HISTORY,ZERO_MFA_FAILURES_OBSERVED,NO_ACTIONABLE_HYPOTHESIS
EMP11254,USER,siddharth.chadha92,Human Resources,5.17,LOW,0.6717,MEDIUM,0,1.0,Unknown,UNKNOWN,SUFFICIENT_HISTORY,ZERO_MFA_FAILURES_OBSERVED,NO_ACTIONABLE_HYPOTHESIS
EMP12560,USER,pooja.jani40,R&D,21.08,LOW,0.895,HIGH,0,1.0,Unknown,UNKNOWN,SUFFICIENT_HISTORY,ZERO_MFA_FAILURES_OBSERVED,NO_ACTIONABLE_HYPOTHESIS
EMP11976,USER,jacob.viswanathan28,Sales,0.0,LOW,0.865,HIGH,0,1.0,Unknown,UNKNOWN,SUFFICIENT_HISTORY,ZERO_MFA_FAILURES_OBSERVED,NO_ACTIONABLE_HYPOTHESIS
EMP12536,USER,ojasvi.varkey76,Brand,16.3,LOW,0.895,HIGH,0,1.0,Unknown,UNKNOWN,SUFFICIENT_HISTORY,ZERO_MFA_FAILURES_OBSERVED,NO_ACTIONABLE_HYPOTHESIS
EMP12398,USER,advay.kari24,Marketing,12.65,LOW,0.805,HIGH,0,1.0,Unknown,UNKNOWN,SUFFICIENT_HISTORY,ZERO_MFA_FAILURES_OBSERVED,NO_ACTIONABLE_HYPOTHESIS
EMP12075,USER,balendra.sathe86,Procurement,1.69,LOW,0.775,MEDIUM,0,1.0,Unknown,UNKNOWN,SUFFICIENT_HISTORY,ZERO_MFA_FAILURES_OBSERVED,NO_ACTIONABLE_HYPOTHESIS
EMP10484,USER,amol.natt81,Supply Chain,2.11,LOW,0.7207,MEDIUM,0,1.0,Unknown,UNKNOWN,SUFFICIENT_HISTORY,ZERO_MFA_FAILURES_OBSERVED,NO_ACTIONABLE_HYPOTHESIS
EMP11654,USER,rachita.nagi61,Human Resources,22.03,LOW,0.895,HIGH,0,1.0,Unknown,UNKNOWN,SUFFICIENT_HISTORY,ZERO_MFA_FAILURES_OBSERVED,NO_ACTIONABLE_HYPOTHESIS
EMP12758,USER,chasmum.vig85,Finance,21.08,LOW,0.96,HIGH,0,1.0,Unknown,UNKNOWN,SUFFICIENT_HISTORY,ZERO_MFA_FAILURES_OBSERVED,NO_ACTIONABLE_HYPOTHESIS
EMP12337,USER,yashica.kata81,Finance,33.73,MODERATE,0.9385,HIGH,1,1.0,Unknown,UNKNOWN,SUFFICIENT_HISTORY,UNCORROBORATED_SINGLE_DIMENSION; ZERO_MFA_FAILURES_OBSERVED,NO_ACTIONABLE_HYPOTHESIS
EMP11774,USER,oliver.gokhale61,Customer Support,15.46,LOW,1.0,HIGH,0,1.0,Unknown,UNKNOWN,SUFFICIENT_HISTORY,ZERO_MFA_FAILURES_OBSERVED,NO_ACTIONABLE_HYPOTHESIS
EMP10918,USER,Unknown,Operations,33.73,MODERATE,0.9667,HIGH,0,1.0,Unknown,UNKNOWN,SUFFICIENT_HISTORY,UNCORROBORATED_SINGLE_DIMENSION; ZERO_MFA_FAILURES_OBSERVED,NO_ACTIONABLE_HYPOTHESIS
EMP11646,USER,fariq.bajwa50,Procurement,0.0,LOW,0.835,HIGH,0,1.0,Unknown,UNKNOWN,SUFFICIENT_HISTORY,ZERO_MFA_FAILURES_OBSERVED,NO_ACTIONABLE_HYPOTHESIS
EMP11026,USER,daksha.narasimhan92,IT,37.94,MODERATE,0.9636,HIGH,1,1.0,Unknown,UNKNOWN,SUFFICIENT_HISTORY,UNCORROBORATED_SINGLE_DIMENSION; ZERO_MFA_FAILURES_OBSERVED,NO_ACTIONABLE_HYPOTHESIS
EMP11030,USER,saanvi.srinivasan42,Customer Support,0.0,LOW,0.775,MEDIUM,0,1.0,Unknown,UNKNOWN,SUFFICIENT_HISTORY,ZERO_MFA_FAILURES_OBSERVED,NO_ACTIONABLE_HYPOTHESIS
EMP10882,USER,mason.varghese84,Finance,12.65,LOW,0.7207,MEDIUM,0,1.0,Unknown,UNKNOWN,SUFFICIENT_HISTORY,ZERO_MFA_FAILURES_OBSERVED,NO_ACTIONABLE_HYPOTHESIS
EMP11335,USER,warda.ghose34,Procurement,25.29,LOW,0.9333,HIGH,1,1.0,Unknown,UNKNOWN,SUFFICIENT_HISTORY,ZERO_MFA_FAILURES_OBSERVED,NO_ACTIONABLE_HYPOTHESIS
EMP12290,USER,qadim.bedi12,Legal,0.0,LOW,0.835,HIGH,0,1.0,Unknown,UNKNOWN,SUFFICIENT_HISTORY,ZERO_MFA_FAILURES_OBSERVED,NO_ACTIONABLE_HYPOTHESIS
EMP10364,USER,brijesh.golla51,Human Resources,21.08,LOW,0.815,HIGH,0,1.0,Unknown,UNKNOWN,SUFFICIENT_HISTORY,ZERO_MFA_FAILURES_OBSERVED,NO_ACTIONABLE_HYPOTHESIS
EMP12125,USER,hemal.deo32,Sales,12.65,LOW,0.895,HIGH,0,1.0,Unknown,UNKNOWN,SUFFICIENT_HISTORY,ZERO_MFA_FAILURES_OBSERVED,NO_ACTIONABLE_HYPOTHESIS
EMP10027,USER,yahvi.tank8,Finance,21.08,LOW,1.0,HIGH,0,1.0,Unknown,UNKNOWN,SUFFICIENT_HISTORY,ZERO_MFA_FAILURES_OBSERVED,NO_ACTIONABLE_HYPOTHESIS
EMP10473,USER,zarna.lalla38,Operations,5.27,LOW,0.865,HIGH,0,1.0,Unknown,UNKNOWN,SUFFICIENT_HISTORY,ZERO_MFA_FAILURES_OBSERVED,NO_ACTIONABLE_HYPOTHESIS
EMP10525,USER,sachi.sinha77,IT,12.65,LOW,0.7617,MEDIUM,0,1.0,Unknown,UNKNOWN,SUFFICIENT_HISTORY,ZERO_MFA_FAILURES_OBSERVED,NO_ACTIONABLE_HYPOTHESIS
EMP10725,USER,tanveer.bhavsar20,IT,0.0,LOW,0.92,HIGH,0,1.0,Unknown,UNKNOWN,SUFFICIENT_HISTORY,ZERO_MFA_FAILURES_OBSERVED,NO_ACTIONABLE_HYPOTHESIS
EMP10055,USER,joshua_gera72,Sales,16.86,LOW,0.775,MEDIUM,1,1.0,Unknown,UNKNOWN,SUFFICIENT_HISTORY,ZERO_MFA_FAILURES_OBSERVED,NO_ACTIONABLE_HYPOTHESIS
EMP10638,USER,onkar.vohra62,Finance,8.43,LOW,0.8061,HIGH,0,1.0,Unknown,UNKNOWN,SUFFICIENT_HISTORY,ZERO_MFA_FAILURES_OBSERVED,NO_ACTIONABLE_HYPOTHESIS
EMP10302,USER,harrison_ramakrishnan69,Call Center,12.65,LOW,0.765,MEDIUM,0,1.0,Unknown,UNKNOWN,SUFFICIENT_HISTORY,ZERO_MFA_FAILURES_OBSERVED,NO_ACTIONABLE_HYPOTHESIS
EMP12688,USER,jackson.parmer60,Finance,6.32,LOW,0.45,LOW,0,1.0,Unknown,UNKNOWN,INSUFFICIENT_HISTORY,INSUFFICIENT_BASELINE_HISTORY; ZERO_MFA_FAILURES_OBSERVED,NO_ACTIONABLE_HYPOTHESIS
EMP11276,USER,tripti.cherian81,Call Center,8.43,LOW,0.96,HIGH,0,1.0,Unknown,UNKNOWN,SUFFICIENT_HISTORY,ZERO_MFA_FAILURES_OBSERVED,NO_ACTIONABLE_HYPOTHESIS
EMP12717,USER,amara.ratti2,Finance,14.75,LOW,0.805,HIGH,0,1.0,Unknown,UNKNOWN,SUFFICIENT_HISTORY,ZERO_MFA_FAILURES_OBSERVED,NO_ACTIONABLE_HYPOTHESIS
EMP10624,USER,sachi.pradhan19,IT,1.69,LOW,0.775,MEDIUM,0,1.0,Unknown,UNKNOWN,SUFFICIENT_HISTORY,ZERO_MFA_FAILURES_OBSERVED,NO_ACTIONABLE_HYPOTHESIS
EMP12055,USER,ikbal.lanka15,Operations,0.0,LOW,0.775,MEDIUM,0,1.0,Unknown,UNKNOWN,SUFFICIENT_HISTORY,ZERO_MFA_FAILURES_OBSERVED,NO_ACTIONABLE_HYPOTHESIS
EMP11280,USER,forum.saran38,IT Support,6.21,LOW,0.7778,MEDIUM,0,1.0,Unknown,UNKNOWN,SUFFICIENT_HISTORY,ZERO_MFA_FAILURES_OBSERVED,NO_ACTIONABLE_HYPOTHESIS
EMP11049,USER,qushi.acharya51,Operations,8.43,LOW,0.9636,HIGH,0,1.0,Unknown,UNKNOWN,SUFFICIENT_HISTORY,ZERO_MFA_FAILURES_OBSERVED,NO_ACTIONABLE_HYPOTHESIS
EMP10336,USER,umang.radhakrishnan12,Human Resources,8.43,LOW,0.8506,HIGH,0,1.0,Unknown,UNKNOWN,SUFFICIENT_HISTORY,ZERO_MFA_FAILURES_OBSERVED,NO_ACTIONABLE_HYPOTHESIS
EMP10047,USER,neel.acharya69,Sales,0.0,LOW,0.52,MEDIUM,0,1.0,Unknown,UNKNOWN,INSUFFICIENT_HISTORY,INSUFFICIENT_BASELINE_HISTORY; ZERO_MFA_FAILURES_OBSERVED,NO_ACTIONABLE_HYPOTHESIS
EMP10106,USER,charles.sharaf84,Finance,16.86,LOW,0.895,HIGH,0,1.0,Unknown,UNKNOWN,SUFFICIENT_HISTORY,ZERO_MFA_FAILURES_OBSERVED,NO_ACTIONABLE_HYPOTHESIS
EMP11079,USER,teerth.andra51,IT Support,12.65,LOW,0.9273,HIGH,0,1.0,Unknown,UNKNOWN,SUFFICIENT_HISTORY,ZERO_MFA_FAILURES_OBSERVED,NO_ACTIONABLE_HYPOTHESIS
EMP12286,USER,nachiket.tripathi90,Human Resources,9.22,LOW,0.7778,MEDIUM,0,1.0,Unknown,UNKNOWN,SUFFICIENT_HISTORY,ZERO_MFA_FAILURES_OBSERVED,NO_ACTIONABLE_HYPOTHESIS
EMP12261,USER,bhavya.borah17,Sales,0.0,LOW,0.805,HIGH,0,1.0,Unknown,UNKNOWN,SUFFICIENT_HISTORY,ZERO_MFA_FAILURES_OBSERVED,NO_ACTIONABLE_HYPOTHESIS
EMP11144,USER,lohit.sandhu68,Customer Support,16.86,LOW,0.835,HIGH,0,1.0,Unknown,UNKNOWN,SUFFICIENT_HISTORY,ZERO_MFA_FAILURES_OBSERVED,NO_ACTIONABLE_HYPOTHESIS
EMP12458,USER,pavani.kara6,Legal,8.43,LOW,0.775,MEDIUM,0,1.0,Unknown,UNKNOWN,SUFFICIENT_HISTORY,ZERO_MFA_FAILURES_OBSERVED,NO_ACTIONABLE_HYPOTHESIS
EMP12296,USER,Unknown,Marketing,4.22,LOW,0.805,HIGH,0,1.0,Unknown,UNKNOWN,SUFFICIENT_HISTORY,ZERO_MFA_FAILURES_OBSERVED,NO_ACTIONABLE_HYPOTHESIS
EMP11836,USER,siya.om16,Marketing,0.0,LOW,0.695,MEDIUM,0,1.0,Unknown,UNKNOWN,SUFFICIENT_HISTORY,ZERO_MFA_FAILURES_OBSERVED,NO_ACTIONABLE_HYPOTHESIS
EMP11753,USER,anay_sen58,Sales,4.22,LOW,0.7778,MEDIUM,0,1.0,Unknown,UNKNOWN,SUFFICIENT_HISTORY,ZERO_MFA_FAILURES_OBSERVED,NO_ACTIONABLE_HYPOTHESIS
EMP11101,USER,harsh_dass6,Sales,10.96,LOW,0.7778,MEDIUM,0,1.0,Unknown,UNKNOWN,SUFFICIENT_HISTORY,ZERO_MFA_FAILURES_OBSERVED,NO_ACTIONABLE_HYPOTHESIS
EMP11968,USER,ojasvi.keer69,Legal,29.51,LOW,0.825,HIGH,1,1.0,Unknown,UNKNOWN,SUFFICIENT_HISTORY,ZERO_MFA_FAILURES_OBSERVED,NO_ACTIONABLE_HYPOTHESIS
EMP10523,USER,naveen.bakshi88,Operations,0.0,LOW,0.7383,MEDIUM,0,1.0,Unknown,UNKNOWN,SUFFICIENT_HISTORY,ZERO_MFA_FAILURES_OBSERVED,NO_ACTIONABLE_HYPOTHESIS
EMP12280,USER,viraj.tripathi85,Human Resources,37.94,MODERATE,0.92,HIGH,1,1.0,Unknown,UNKNOWN,SUFFICIENT_HISTORY,UNCORROBORATED_SINGLE_DIMENSION; ZERO_MFA_FAILURES_OBSERVED,NO_ACTIONABLE_HYPOTHESIS
EMP11428,USER,vidhi.gulati52,Compliance,21.08,LOW,0.92,HIGH,0,1.0,Unknown,UNKNOWN,SUFFICIENT_HISTORY,ZERO_MFA_FAILURES_OBSERVED,NO_ACTIONABLE_HYPOTHESIS
EMP12687,USER,garima.narasimhan13,Supply Chain,8.43,LOW,0.8061,HIGH,0,1.0,Unknown,UNKNOWN,SUFFICIENT_HISTORY,ZERO_MFA_FAILURES_OBSERVED,NO_ACTIONABLE_HYPOTHESIS
EMP10603,USER,jatin.baral71,Legal,4.22,LOW,0.865,HIGH,0,1.0,Unknown,UNKNOWN,SUFFICIENT_HISTORY,ZERO_MFA_FAILURES_OBSERVED,NO_ACTIONABLE_HYPOTHESIS
EMP11489,USER,anya.gandhi42,Finance,21.08,LOW,0.9273,HIGH,0,1.0,Unknown,UNKNOWN,SUFFICIENT_HISTORY,ZERO_MFA_FAILURES_OBSERVED,NO_ACTIONABLE_HYPOTHESIS
EMP12423,USER,prisha.mahal39,IT,25.0,LOW,0.615,MEDIUM,1,1.0,Unknown,UNKNOWN,SUFFICIENT_HISTORY,ZERO_MFA_FAILURES_OBSERVED,NO_ACTIONABLE_HYPOTHESIS
EMP10060,USER,aarna.gera50,Procurement,16.86,LOW,0.9273,HIGH,0,1.0,Unknown,UNKNOWN,SUFFICIENT_HISTORY,ZERO_MFA_FAILURES_OBSERVED,NO_ACTIONABLE_HYPOTHESIS
EMP12832,USER,mason.raman91,Legal,8.43,LOW,0.55,MEDIUM,0,1.0,Unknown,UNKNOWN,INSUFFICIENT_HISTORY,INSUFFICIENT_BASELINE_HISTORY; ZERO_MFA_FAILURES_OBSERVED,NO_ACTIONABLE_HYPOTHESIS
EMP10671,USER,Unknown,Human Resources,8.43,LOW,0.8159,HIGH,0,1.0,Unknown,UNKNOWN,SUFFICIENT_HISTORY,ZERO_MFA_FAILURES_OBSERVED,NO_ACTIONABLE_HYPOTHESIS
EMP10092,USER,dakshesh.ramakrishnan56,Operations,16.86,LOW,1.0,HIGH,0,1.0,Unknown,UNKNOWN,SUFFICIENT_HISTORY,ZERO_MFA_FAILURES_OBSERVED,NO_ACTIONABLE_HYPOTHESIS
EMP10666,USER,vinaya.mutti83,Finance,10.54,LOW,0.775,MEDIUM,0,1.0,Unknown,UNKNOWN,SUFFICIENT_HISTORY,ZERO_MFA_FAILURES_OBSERVED,NO_ACTIONABLE_HYPOTHESIS
EMP11887,USER,chavvi.bakshi90,Human Resources,9.22,LOW,0.7383,MEDIUM,0,1.0,Unknown,UNKNOWN,SUFFICIENT_HISTORY,ZERO_MFA_FAILURES_OBSERVED,NO_ACTIONABLE_HYPOTHESIS
EMP10280,USER,naksh.wali11,IT Support,25.29,LOW,0.96,HIGH,1,1.0,Unknown,UNKNOWN,SUFFICIENT_HISTORY,ZERO_MFA_FAILURES_OBSERVED,NO_ACTIONABLE_HYPOTHESIS
EMP11719,USER,jack_solanki21,Sales,4.22,LOW,0.835,HIGH,0,1.0,Unknown,UNKNOWN,SUFFICIENT_HISTORY,ZERO_MFA_FAILURES_OBSERVED,NO_ACTIONABLE_HYPOTHESIS
EMP10359,USER,vidhi.saini39,Procurement,16.02,LOW,0.865,HIGH,0,1.0,Unknown,UNKNOWN,SUFFICIENT_HISTORY,ZERO_MFA_FAILURES_OBSERVED,NO_ACTIONABLE_HYPOTHESIS
EMP10899,USER,raagini.anne95,Procurement,12.65,LOW,0.7617,MEDIUM,0,1.0,Unknown,UNKNOWN,SUFFICIENT_HISTORY,ZERO_MFA_FAILURES_OBSERVED,NO_ACTIONABLE_HYPOTHESIS
EMP11935,USER,pooja.sinha70,Finance,16.86,LOW,1.0,HIGH,0,1.0,Unknown,UNKNOWN,SUFFICIENT_HISTORY,ZERO_MFA_FAILURES_OBSERVED,NO_ACTIONABLE_HYPOTHESIS
EMP11994,USER,gavin_bakshi66,Legal,0.0,LOW,0.805,HIGH,0,1.0,Unknown,UNKNOWN,SUFFICIENT_HISTORY,ZERO_MFA_FAILURES_OBSERVED,NO_ACTIONABLE_HYPOTHESIS
EMP12384,USER,pushti_choudhary19,Procurement,4.22,LOW,0.8506,HIGH,0,1.0,Unknown,UNKNOWN,SUFFICIENT_HISTORY,ZERO_MFA_FAILURES_OBSERVED,NO_ACTIONABLE_HYPOTHESIS
EMP10760,USER,yahvi.chhabra59,Procurement,16.86,LOW,0.835,HIGH,0,1.0,Unknown,UNKNOWN,SUFFICIENT_HISTORY,ZERO_MFA_FAILURES_OBSERVED,NO_ACTIONABLE_HYPOTHESIS
EMP12158,USER,timothy.sahni34,Operations,4.22,LOW,0.865,HIGH,0,1.0,Unknown,UNKNOWN,SUFFICIENT_HISTORY,ZERO_MFA_FAILURES_OBSERVED,NO_ACTIONABLE_HYPOTHESIS
EMP12703,USER,viraj.handa92,Sales,8.43,LOW,0.835,HIGH,0,1.0,Unknown,UNKNOWN,SUFFICIENT_HISTORY,ZERO_MFA_FAILURES_OBSERVED,NO_ACTIONABLE_HYPOTHESIS
EMP10042,USER,mahika.pillay53,Sales,16.86,LOW,1.0,HIGH,0,1.0,Unknown,UNKNOWN,SUFFICIENT_HISTORY,ZERO_MFA_FAILURES_OBSERVED,NO_ACTIONABLE_HYPOTHESIS
EMP12173,USER,yashica.seth2,Human Resources,16.86,LOW,0.92,HIGH,0,1.0,Unknown,UNKNOWN,SUFFICIENT_HISTORY,ZERO_MFA_FAILURES_OBSERVED,NO_ACTIONABLE_HYPOTHESIS
EMP10204,USER,zaitra_cherian56,Customer Support,9.84,LOW,0.765,MEDIUM,0,1.0,Unknown,UNKNOWN,SUFFICIENT_HISTORY,ZERO_MFA_FAILURES_OBSERVED,NO_ACTIONABLE_HYPOTHESIS
EMP11473,USER,qushi.peri94,Procurement,0.0,LOW,0.52,MEDIUM,0,1.0,Unknown,UNKNOWN,INSUFFICIENT_HISTORY,INSUFFICIENT_BASELINE_HISTORY; ZERO_MFA_FAILURES_OBSERVED,NO_ACTIONABLE_HYPOTHESIS
EMP12100,USER,abdul.narain72,R&D,4.22,LOW,1.0,HIGH,0,1.0,Unknown,UNKNOWN,SUFFICIENT_HISTORY,ZERO_MFA_FAILURES_OBSERVED,NO_ACTIONABLE_HYPOTHESIS
EMP10068,USER,bahadurjit.ganesan51,Sales,16.86,LOW,1.0,HIGH,1,1.0,Unknown,UNKNOWN,SUFFICIENT_HISTORY,ZERO_MFA_FAILURES_OBSERVED,NO_ACTIONABLE_HYPOTHESIS
EMP11875,USER,chakrika.chacko84,Operations,4.22,LOW,0.895,HIGH,0,1.0,Unknown,UNKNOWN,SUFFICIENT_HISTORY,ZERO_MFA_FAILURES_OBSERVED,NO_ACTIONABLE_HYPOTHESIS
EMP12451,USER,prisha.chhabra98,Procurement,12.65,LOW,0.865,HIGH,0,1.0,Unknown,UNKNOWN,SUFFICIENT_HISTORY,ZERO_MFA_FAILURES_OBSERVED,NO_ACTIONABLE_HYPOTHESIS
EMP12231,USER,bhavika.kala57,IT,12.65,LOW,0.9636,HIGH,0,1.0,Unknown,UNKNOWN,SUFFICIENT_HISTORY,ZERO_MFA_FAILURES_OBSERVED,NO_ACTIONABLE_HYPOTHESIS
EMP10137,USER,varsha.prabhakar82,Procurement,12.65,LOW,0.865,HIGH,0,1.0,Unknown,UNKNOWN,SUFFICIENT_HISTORY,ZERO_MFA_FAILURES_OBSERVED,NO_ACTIONABLE_HYPOTHESIS
EMP10796,USER,veer.singh70,Operations,12.65,LOW,0.865,HIGH,0,1.0,Unknown,UNKNOWN,SUFFICIENT_HISTORY,ZERO_MFA_FAILURES_OBSERVED,NO_ACTIONABLE_HYPOTHESIS
EMP12180,USER,anika.gill48,Marketing,16.86,LOW,0.9667,HIGH,0,1.0,Unknown,UNKNOWN,SUFFICIENT_HISTORY,ZERO_MFA_FAILURES_OBSERVED,NO_ACTIONABLE_HYPOTHESIS
EMP12128,USER,anthony.cheema70,Finance,16.86,LOW,0.8506,HIGH,0,1.0,Unknown,UNKNOWN,SUFFICIENT_HISTORY,ZERO_MFA_FAILURES_OBSERVED,NO_ACTIONABLE_HYPOTHESIS
EMP10758,USER,vedika.sagar58,R&D,3.16,LOW,0.7383,MEDIUM,0,1.0,Unknown,UNKNOWN,SUFFICIENT_HISTORY,ZERO_MFA_FAILURES_OBSERVED,NO_ACTIONABLE_HYPOTHESIS
EMP10541,USER,bhanumati.walla25,R&D,26.35,LOW,0.805,HIGH,1,1.0,Unknown,UNKNOWN,SUFFICIENT_HISTORY,ZERO_MFA_FAILURES_OBSERVED,NO_ACTIONABLE_HYPOTHESIS
EMP11019,USER,rudra.sood69,Marketing,0.0,LOW,0.865,HIGH,0,1.0,Unknown,UNKNOWN,SUFFICIENT_HISTORY,ZERO_MFA_FAILURES_OBSERVED,NO_ACTIONABLE_HYPOTHESIS
EMP12360,USER,warinder.kunda5,IT,16.86,LOW,0.895,HIGH,1,1.0,Unknown,UNKNOWN,SUFFICIENT_HISTORY,ZERO_MFA_FAILURES_OBSERVED,NO_ACTIONABLE_HYPOTHESIS
EMP10165,USER,leela.sankaran44,Procurement,21.08,LOW,0.9667,HIGH,0,1.0,Unknown,UNKNOWN,SUFFICIENT_HISTORY,ZERO_MFA_FAILURES_OBSERVED,NO_ACTIONABLE_HYPOTHESIS
EMP10248,USER,yachana.sharaf71,Customer Support,5.62,LOW,0.7172,MEDIUM,0,1.0,Unknown,UNKNOWN,SUFFICIENT_HISTORY,ZERO_MFA_FAILURES_OBSERVED,NO_ACTIONABLE_HYPOTHESIS
EMP11331,USER,harshil_seshadri19,IT,4.22,LOW,0.45,LOW,0,1.0,Unknown,UNKNOWN,INSUFFICIENT_HISTORY,INSUFFICIENT_BASELINE_HISTORY; ZERO_MFA_FAILURES_OBSERVED,NO_ACTIONABLE_HYPOTHESIS
EMP12017,USER,abdul.anne24,Sales,21.08,LOW,0.9385,HIGH,0,1.0,Unknown,UNKNOWN,SUFFICIENT_HISTORY,ZERO_MFA_FAILURES_OBSERVED,NO_ACTIONABLE_HYPOTHESIS
EMP10446,USER,arunima.ramaswamy21,IT,8.43,LOW,0.7383,MEDIUM,0,1.0,Unknown,UNKNOWN,SUFFICIENT_HISTORY,ZERO_MFA_FAILURES_OBSERVED,NO_ACTIONABLE_HYPOTHESIS
EMP11358,USER,lavanya.pillai59,IT,88.09,CRITICAL,0.9733,HIGH,3,1.5,Unknown,UNKNOWN,SUFFICIENT_HISTORY,ZERO_MFA_FAILURES_OBSERVED,POSSIBLE_CREDENTIAL_COMPROMISE; POSSIBLE_ACCOUNT_TAKEOVER; POSSIBLE_ANOMALOUS_DATA_EXFILTRATION
EMP12145,USER,ekanta.ganguly29,Brand,0.0,LOW,0.7207,MEDIUM,0,1.0,Unknown,UNKNOWN,SUFFICIENT_HISTORY,ZERO_MFA_FAILURES_OBSERVED,NO_ACTIONABLE_HYPOTHESIS
EMP11329,USER,udarsh.bali65,Human Resources,0.0,LOW,0.815,HIGH,0,1.0,Unknown,UNKNOWN,SUFFICIENT_HISTORY,ZERO_MFA_FAILURES_OBSERVED,NO_ACTIONABLE_HYPOTHESIS
EMP12996,USER,pushti.pillay28,Innovation,16.86,LOW,0.765,MEDIUM,0,1.0,Unknown,UNKNOWN,SUFFICIENT_HISTORY,ZERO_MFA_FAILURES_OBSERVED,NO_ACTIONABLE_HYPOTHESIS
EMP12150,USER,ekta.pall13,Legal,0.0,LOW,0.7383,MEDIUM,0,1.0,Unknown,UNKNOWN,SUFFICIENT_HISTORY,ZERO_MFA_FAILURES_OBSERVED,NO_ACTIONABLE_HYPOTHESIS
EMP10434,USER,wyatt.narang58,Marketing,4.22,LOW,0.8061,HIGH,0,1.0,Unknown,UNKNOWN,SUFFICIENT_HISTORY,ZERO_MFA_FAILURES_OBSERVED,NO_ACTIONABLE_HYPOTHESIS
EMP12122,USER,barkha.saini77,R&D,8.43,LOW,0.815,HIGH,0,1.0,Unknown,UNKNOWN,SUFFICIENT_HISTORY,ZERO_MFA_FAILURES_OBSERVED,NO_ACTIONABLE_HYPOTHESIS
EMP10577,USER,divya.lalla88,Marketing,21.08,LOW,0.9273,HIGH,0,1.0,Unknown,UNKNOWN,SUFFICIENT_HISTORY,ZERO_MFA_FAILURES_OBSERVED,NO_ACTIONABLE_HYPOTHESIS
EMP12463,USER,daksha_dube52,Human Resources,4.22,LOW,0.7778,MEDIUM,0,1.0,Unknown,UNKNOWN,SUFFICIENT_HISTORY,ZERO_MFA_FAILURES_OBSERVED,NO_ACTIONABLE_HYPOTHESIS
EMP11848,USER,dev.nath83,Customer Support,1.25,LOW,0.45,LOW,0,1.0,Unknown,UNKNOWN,INSUFFICIENT_HISTORY,INSUFFICIENT_BASELINE_HISTORY; ZERO_MFA_FAILURES_OBSERVED,NO_ACTIONABLE_HYPOTHESIS
EMP10762,USER,quincy.choudhary38,Legal,0.0,LOW,0.815,HIGH,0,1.0,Unknown,UNKNOWN,SUFFICIENT_HISTORY,ZERO_MFA_FAILURES_OBSERVED,NO_ACTIONABLE_HYPOTHESIS
EMP10388,USER,kamala.kar94,IT,1.69,LOW,0.55,MEDIUM,0,1.0,Unknown,UNKNOWN,INSUFFICIENT_HISTORY,INSUFFICIENT_BASELINE_HISTORY; ZERO_MFA_FAILURES_OBSERVED,NO_ACTIONABLE_HYPOTHESIS
EMP10235,USER,zayan.sarin92,Innovation,8.55,LOW,0.715,MEDIUM,0,1.0,Unknown,UNKNOWN,SUFFICIENT_HISTORY,ZERO_MFA_FAILURES_OBSERVED,NO_ACTIONABLE_HYPOTHESIS
EMP12685,USER,eshana.pant35,Operations,0.0,LOW,0.775,MEDIUM,0,1.0,Unknown,UNKNOWN,SUFFICIENT_HISTORY,ZERO_MFA_FAILURES_OBSERVED,NO_ACTIONABLE_HYPOTHESIS
EMP11984,USER,imaran.sankar8,Legal,0.0,LOW,0.775,MEDIUM,0,1.0,Unknown,UNKNOWN,SUFFICIENT_HISTORY,ZERO_MFA_FAILURES_OBSERVED,NO_ACTIONABLE_HYPOTHESIS
EMP10267,USER,rohan.swaminathan95,Human Resources,18.77,LOW,0.8506,HIGH,0,1.0,Unknown,UNKNOWN,SUFFICIENT_HISTORY,ZERO_MFA_FAILURES_OBSERVED,NO_ACTIONABLE_HYPOTHESIS
EMP10770,USER,ryan.goel27,Support,33.73,MODERATE,0.9692,HIGH,1,1.0,Unknown,UNKNOWN,SUFFICIENT_HISTORY,UNCORROBORATED_SINGLE_DIMENSION; ZERO_MFA_FAILURES_OBSERVED,NO_ACTIONABLE_HYPOTHESIS
EMP12165,USER,samesh.gopal34,Finance,0.0,LOW,0.775,MEDIUM,0,1.0,Unknown,UNKNOWN,SUFFICIENT_HISTORY,ZERO_MFA_FAILURES_OBSERVED,NO_ACTIONABLE_HYPOTHESIS
EMP10437,USER,wazir.parikh32,Sales,12.65,LOW,0.96,HIGH,0,1.0,Unknown,UNKNOWN,SUFFICIENT_HISTORY,ZERO_MFA_FAILURES_OBSERVED,NO_ACTIONABLE_HYPOTHESIS
EMP10673,USER,robert.bandi13,Support,5.9,LOW,0.865,HIGH,0,1.0,Unknown,UNKNOWN,SUFFICIENT_HISTORY,ZERO_MFA_FAILURES_OBSERVED,NO_ACTIONABLE_HYPOTHESIS
EMP10249,USER,vasatika.loke27,Procurement,16.86,LOW,0.9273,HIGH,0,1.0,Unknown,UNKNOWN,SUFFICIENT_HISTORY,ZERO_MFA_FAILURES_OBSERVED,NO_ACTIONABLE_HYPOTHESIS
EMP12201,USER,Unknown,Innovation,4.22,LOW,0.7207,MEDIUM,0,1.0,Unknown,UNKNOWN,SUFFICIENT_HISTORY,ZERO_MFA_FAILURES_OBSERVED,NO_ACTIONABLE_HYPOTHESIS
EMP11574,USER,rajata.comar45,Human Resources,8.43,LOW,0.895,HIGH,0,1.0,Unknown,UNKNOWN,SUFFICIENT_HISTORY,ZERO_MFA_FAILURES_OBSERVED,NO_ACTIONABLE_HYPOTHESIS
EMP12142,USER,onveer.bumb55,IT,4.22,LOW,0.7207,MEDIUM,0,1.0,Unknown,UNKNOWN,SUFFICIENT_HISTORY,ZERO_MFA_FAILURES_OBSERVED,NO_ACTIONABLE_HYPOTHESIS
EMP12081,USER,jeevika.bajwa97,IT,0.0,LOW,0.3867,LOW,0,1.0,Unknown,UNKNOWN,INSUFFICIENT_HISTORY,INSUFFICIENT_BASELINE_HISTORY; ZERO_MFA_FAILURES_OBSERVED,NO_ACTIONABLE_HYPOTHESIS
EMP12698,USER,amol.gole85,Legal,8.43,LOW,0.865,HIGH,0,1.0,Unknown,UNKNOWN,SUFFICIENT_HISTORY,ZERO_MFA_FAILURES_OBSERVED,NO_ACTIONABLE_HYPOTHESIS
EMP12647,USER,ayush.tiwari76,Sales,12.65,LOW,0.9636,HIGH,0,1.0,Unknown,UNKNOWN,SUFFICIENT_HISTORY,ZERO_MFA_FAILURES_OBSERVED,NO_ACTIONABLE_HYPOTHESIS
EMP12822,USER,neelima.verma76,Finance,8.43,LOW,0.815,HIGH,0,1.0,Unknown,UNKNOWN,SUFFICIENT_HISTORY,ZERO_MFA_FAILURES_OBSERVED,NO_ACTIONABLE_HYPOTHESIS
EMP10448,USER,nikita.gala83,Sales,0.0,LOW,0.775,MEDIUM,0,1.0,Unknown,UNKNOWN,SUFFICIENT_HISTORY,ZERO_MFA_FAILURES_OBSERVED,NO_ACTIONABLE_HYPOTHESIS
EMP11469,USER,janya.ganesh32,IT,17.71,LOW,0.7383,MEDIUM,0,1.0,Unknown,UNKNOWN,SUFFICIENT_HISTORY,ZERO_MFA_FAILURES_OBSERVED,NO_ACTIONABLE_HYPOTHESIS
EMP10716,USER,orinder.pal67,Operations,16.86,LOW,0.92,HIGH,1,1.0,Unknown,UNKNOWN,SUFFICIENT_HISTORY,ZERO_MFA_FAILURES_OBSERVED,NO_ACTIONABLE_HYPOTHESIS
EMP12470,USER,saanvi.manda62,Finance,13.7,LOW,0.805,HIGH,0,1.0,Unknown,UNKNOWN,SUFFICIENT_HISTORY,ZERO_MFA_FAILURES_OBSERVED,NO_ACTIONABLE_HYPOTHESIS
EMP12985,USER,Unknown,IT,12.65,LOW,0.895,HIGH,0,1.0,Unknown,UNKNOWN,SUFFICIENT_HISTORY,ZERO_MFA_FAILURES_OBSERVED,NO_ACTIONABLE_HYPOTHESIS
EMP12048,USER,lopa.dewan97,R&D,8.43,LOW,0.7383,MEDIUM,0,1.0,Unknown,UNKNOWN,SUFFICIENT_HISTORY,ZERO_MFA_FAILURES_OBSERVED,NO_ACTIONABLE_HYPOTHESIS
EMP11901,USER,radha.acharya83,R&D,21.08,LOW,0.9333,HIGH,0,1.0,Unknown,UNKNOWN,SUFFICIENT_HISTORY,ZERO_MFA_FAILURES_OBSERVED,NO_ACTIONABLE_HYPOTHESIS
EMP11168,USER,daksh.maharaj17,Finance,21.08,LOW,0.775,MEDIUM,1,1.0,Unknown,UNKNOWN,SUFFICIENT_HISTORY,ZERO_MFA_FAILURES_OBSERVED,NO_ACTIONABLE_HYPOTHESIS
EMP10082,USER,gabriel.tailor63,Human Resources,16.86,LOW,0.9636,HIGH,0,1.0,Unknown,UNKNOWN,SUFFICIENT_HISTORY,ZERO_MFA_FAILURES_OBSERVED,NO_ACTIONABLE_HYPOTHESIS
EMP12497,USER,ethan.dave63,Operations,25.29,LOW,0.95,HIGH,0,1.0,Unknown,UNKNOWN,SUFFICIENT_HISTORY,ZERO_MFA_FAILURES_OBSERVED,NO_ACTIONABLE_HYPOTHESIS
EMP11460,USER,meera.ranganathan94,Innovation,8.43,LOW,0.7207,MEDIUM,0,1.0,Unknown,UNKNOWN,SUFFICIENT_HISTORY,ZERO_MFA_FAILURES_OBSERVED,NO_ACTIONABLE_HYPOTHESIS
EMP11893,USER,damyanti.sha10,Legal,12.65,LOW,0.805,HIGH,0,1.0,Unknown,UNKNOWN,SUFFICIENT_HISTORY,ZERO_MFA_FAILURES_OBSERVED,NO_ACTIONABLE_HYPOTHESIS
EMP11668,USER,jeremiah.salvi4,R&D,12.65,LOW,0.9333,HIGH,0,1.0,Unknown,UNKNOWN,SUFFICIENT_HISTORY,ZERO_MFA_FAILURES_OBSERVED,NO_ACTIONABLE_HYPOTHESIS
EMP12000,USER,indali.korpal18,Legal,1.69,LOW,0.835,HIGH,0,1.0,Unknown,UNKNOWN,SUFFICIENT_HISTORY,ZERO_MFA_FAILURES_OBSERVED,NO_ACTIONABLE_HYPOTHESIS
EMP10475,USER,nachiket.bhatia55,IT,12.65,LOW,0.8506,HIGH,0,1.0,Unknown,UNKNOWN,SUFFICIENT_HISTORY,ZERO_MFA_FAILURES_OBSERVED,NO_ACTIONABLE_HYPOTHESIS
EMP10517,USER,rishi.tiwari28,Finance,68.5,HIGH,0.9385,HIGH,2,1.25,Unknown,UNKNOWN,SUFFICIENT_HISTORY,ZERO_MFA_FAILURES_OBSERVED,POSSIBLE_CREDENTIAL_COMPROMISE; POSSIBLE_ACCOUNT_TAKEOVER; POSSIBLE_ANOMALOUS_DATA_EXFILTRATION
EMP10404,USER,yochana.kannan92,IT,4.22,LOW,0.96,HIGH,0,1.0,Unknown,UNKNOWN,SUFFICIENT_HISTORY,ZERO_MFA_FAILURES_OBSERVED,NO_ACTIONABLE_HYPOTHESIS
EMP10384,USER,Unknown,Finance,11.24,LOW,0.695,MEDIUM,0,1.0,Unknown,UNKNOWN,SUFFICIENT_HISTORY,ZERO_MFA_FAILURES_OBSERVED,NO_ACTIONABLE_HYPOTHESIS
EMP12507,USER,anusha.doshi69,IT,25.29,LOW,0.9636,HIGH,0,1.0,Unknown,UNKNOWN,SUFFICIENT_HISTORY,ZERO_MFA_FAILURES_OBSERVED,NO_ACTIONABLE_HYPOTHESIS
EMP12152,USER,suhani.sinha90,Brand,11.58,LOW,0.865,HIGH,0,1.0,Unknown,UNKNOWN,SUFFICIENT_HISTORY,ZERO_MFA_FAILURES_OBSERVED,NO_ACTIONABLE_HYPOTHESIS
EMP11633,USER,nakul.sodhi53,IT,4.22,LOW,0.615,MEDIUM,0,1.0,Unknown,UNKNOWN,SUFFICIENT_HISTORY,ZERO_MFA_FAILURES_OBSERVED,NO_ACTIONABLE_HYPOTHESIS
EMP12944,USER,sai.barad47,Legal,16.86,LOW,1.0,HIGH,0,1.0,Unknown,UNKNOWN,SUFFICIENT_HISTORY,ZERO_MFA_FAILURES_OBSERVED,NO_ACTIONABLE_HYPOTHESIS
EMP10688,USER,keya.solanki95,Procurement,0.0,LOW,0.7778,MEDIUM,0,1.0,Unknown,UNKNOWN,SUFFICIENT_HISTORY,ZERO_MFA_FAILURES_OBSERVED,NO_ACTIONABLE_HYPOTHESIS
EMP11240,USER,mekhala.shenoy46,Sales,4.22,LOW,0.7383,MEDIUM,0,1.0,Unknown,UNKNOWN,SUFFICIENT_HISTORY,ZERO_MFA_FAILURES_OBSERVED,NO_ACTIONABLE_HYPOTHESIS
EMP10062,USER,Unknown,Operations,0.0,LOW,0.6717,MEDIUM,0,1.0,Unknown,UNKNOWN,SUFFICIENT_HISTORY,ZERO_MFA_FAILURES_OBSERVED,NO_ACTIONABLE_HYPOTHESIS
EMP10852,USER,janani_sen81,Operations,6.32,LOW,0.865,HIGH,0,1.0,Unknown,UNKNOWN,SUFFICIENT_HISTORY,ZERO_MFA_FAILURES_OBSERVED,NO_ACTIONABLE_HYPOTHESIS
EMP12834,USER,falan.suri68,Procurement,25.29,LOW,0.96,HIGH,1,1.0,Unknown,UNKNOWN,SUFFICIENT_HISTORY,ZERO_MFA_FAILURES_OBSERVED,NO_ACTIONABLE_HYPOTHESIS
EMP12552,USER,pooja.suresh19,Operations,0.0,LOW,0.815,HIGH,0,1.0,Unknown,UNKNOWN,SUFFICIENT_HISTORY,ZERO_MFA_FAILURES_OBSERVED,NO_ACTIONABLE_HYPOTHESIS
EMP11262,USER,devansh.ganguly55,Sales,25.29,LOW,0.9385,HIGH,0,1.0,Unknown,UNKNOWN,SUFFICIENT_HISTORY,ZERO_MFA_FAILURES_OBSERVED,NO_ACTIONABLE_HYPOTHESIS
EMP10223,USER,Unknown,Operations,9.48,LOW,0.765,MEDIUM,0,1.0,Unknown,UNKNOWN,SUFFICIENT_HISTORY,ZERO_MFA_FAILURES_OBSERVED,NO_ACTIONABLE_HYPOTHESIS
EMP12193,USER,raagini.palla68,Customer Support,30.91,MODERATE,0.9714,HIGH,0,1.0,Unknown,UNKNOWN,SUFFICIENT_HISTORY,UNCORROBORATED_SINGLE_DIMENSION; ZERO_MFA_FAILURES_OBSERVED,NO_ACTIONABLE_HYPOTHESIS
EMP10373,USER,teerth.sandal43,Human Resources,3.02,LOW,0.7383,MEDIUM,0,1.0,Unknown,UNKNOWN,SUFFICIENT_HISTORY,ZERO_MFA_FAILURES_OBSERVED,NO_ACTIONABLE_HYPOTHESIS
EMP11824,USER,pranav.kunda94,Procurement,16.86,LOW,0.96,HIGH,0,1.0,Unknown,UNKNOWN,SUFFICIENT_HISTORY,ZERO_MFA_FAILURES_OBSERVED,NO_ACTIONABLE_HYPOTHESIS
EMP12614,USER,anusha.bhargava60,Customer Support,7.03,LOW,0.775,MEDIUM,0,1.0,Unknown,UNKNOWN,SUFFICIENT_HISTORY,ZERO_MFA_FAILURES_OBSERVED,NO_ACTIONABLE_HYPOTHESIS
EMP12955,USER,eiravati.mammen11,Marketing,12.65,LOW,0.895,HIGH,0,1.0,Unknown,UNKNOWN,SUFFICIENT_HISTORY,ZERO_MFA_FAILURES_OBSERVED,NO_ACTIONABLE_HYPOTHESIS
EMP12676,USER,urvashi.suri76,Compliance,4.22,LOW,0.695,MEDIUM,0,1.0,Unknown,UNKNOWN,SUFFICIENT_HISTORY,ZERO_MFA_FAILURES_OBSERVED,NO_ACTIONABLE_HYPOTHESIS
EMP12766,USER,aayush.sharaf53,Brand,4.22,LOW,0.835,HIGH,0,1.0,Unknown,UNKNOWN,SUFFICIENT_HISTORY,ZERO_MFA_FAILURES_OBSERVED,NO_ACTIONABLE_HYPOTHESIS
EMP10009,USER,waida.tandon82,Customer Support,0.0,LOW,0.55,MEDIUM,0,1.0,Unknown,UNKNOWN,INSUFFICIENT_HISTORY,INSUFFICIENT_BASELINE_HISTORY; ZERO_MFA_FAILURES_OBSERVED,NO_ACTIONABLE_HYPOTHESIS
EMP11944,USER,logan.shroff83,Finance,47.43,MODERATE,0.8393,HIGH,2,1.25,Unknown,UNKNOWN,SUFFICIENT_HISTORY,ZERO_MFA_FAILURES_OBSERVED,NO_ACTIONABLE_HYPOTHESIS
EMP11838,USER,yamini.ghose11,Human Resources,6.12,LOW,0.45,LOW,0,1.0,Unknown,UNKNOWN,INSUFFICIENT_HISTORY,INSUFFICIENT_BASELINE_HISTORY; ZERO_MFA_FAILURES_OBSERVED,NO_ACTIONABLE_HYPOTHESIS
EMP10708,USER,krisha.dugar95,Finance,4.22,LOW,0.55,MEDIUM,0,1.0,Unknown,UNKNOWN,INSUFFICIENT_HISTORY,INSUFFICIENT_BASELINE_HISTORY; ZERO_MFA_FAILURES_OBSERVED,NO_ACTIONABLE_HYPOTHESIS
EMP10255,USER,jonathan.sem1,IT,4.22,LOW,0.7778,MEDIUM,0,1.0,Unknown,UNKNOWN,SUFFICIENT_HISTORY,ZERO_MFA_FAILURES_OBSERVED,NO_ACTIONABLE_HYPOTHESIS
EMP11617,USER,ryan.sarin13,Finance,12.65,LOW,0.815,HIGH,0,1.0,Unknown,UNKNOWN,SUFFICIENT_HISTORY,ZERO_MFA_FAILURES_OBSERVED,NO_ACTIONABLE_HYPOTHESIS
EMP10389,USER,manbir.toor79,Sales,10.96,LOW,0.8061,HIGH,0,1.0,Unknown,UNKNOWN,SUFFICIENT_HISTORY,ZERO_MFA_FAILURES_OBSERVED,NO_ACTIONABLE_HYPOTHESIS
EMP11581,USER,onkar.mital36,Marketing,8.43,LOW,0.96,HIGH,0,1.0,Unknown,UNKNOWN,SUFFICIENT_HISTORY,ZERO_MFA_FAILURES_OBSERVED,NO_ACTIONABLE_HYPOTHESIS
EMP10924,USER,noah.ranganathan16,R&D,25.29,LOW,0.9636,HIGH,0,1.0,Unknown,UNKNOWN,SUFFICIENT_HISTORY,ZERO_MFA_FAILURES_OBSERVED,NO_ACTIONABLE_HYPOTHESIS
EMP12036,USER,inaya.arya14,Operations,0.0,LOW,0.55,MEDIUM,0,1.0,Unknown,UNKNOWN,INSUFFICIENT_HISTORY,INSUFFICIENT_BASELINE_HISTORY; ZERO_MFA_FAILURES_OBSERVED,NO_ACTIONABLE_HYPOTHESIS
EMP12475,USER,kabir.joshi32,Compliance,8.43,LOW,0.8506,HIGH,0,1.0,Unknown,UNKNOWN,SUFFICIENT_HISTORY,ZERO_MFA_FAILURES_OBSERVED,NO_ACTIONABLE_HYPOTHESIS
EMP11224,USER,chatresh.upadhyay99,Supply Chain,33.73,MODERATE,0.9467,HIGH,1,1.0,Unknown,UNKNOWN,SUFFICIENT_HISTORY,UNCORROBORATED_SINGLE_DIMENSION; ZERO_MFA_FAILURES_OBSERVED,NO_ACTIONABLE_HYPOTHESIS
EMP11946,USER,laban.mani87,Marketing,1.41,LOW,0.35,LOW,0,1.0,Unknown,UNKNOWN,INSUFFICIENT_HISTORY,INSUFFICIENT_BASELINE_HISTORY; ZERO_MFA_FAILURES_OBSERVED,NO_ACTIONABLE_HYPOTHESIS
EMP10739,USER,bhavna_bhalla19,Legal,4.22,LOW,0.895,HIGH,0,1.0,Unknown,UNKNOWN,SUFFICIENT_HISTORY,ZERO_MFA_FAILURES_OBSERVED,NO_ACTIONABLE_HYPOTHESIS
EMP10040,USER,kevin.tara47,IT,42.16,MODERATE,0.8327,HIGH,0,1.0,Unknown,UNKNOWN,SUFFICIENT_HISTORY,UNCORROBORATED_SINGLE_DIMENSION; ZERO_MFA_FAILURES_OBSERVED,NO_ACTIONABLE_HYPOTHESIS
EMP10868,USER,raghav.kannan72,IT,21.08,LOW,1.0,HIGH,0,1.0,Unknown,UNKNOWN,SUFFICIENT_HISTORY,ZERO_MFA_FAILURES_OBSERVED,NO_ACTIONABLE_HYPOTHESIS
EMP10539,USER,varsha.gera12,Marketing,25.29,LOW,0.9667,HIGH,1,1.0,Unknown,UNKNOWN,SUFFICIENT_HISTORY,ZERO_MFA_FAILURES_OBSERVED,NO_ACTIONABLE_HYPOTHESIS
EMP12587,USER,charvi.bhavsar17,Support,1.69,LOW,0.775,MEDIUM,0,1.0,Unknown,UNKNOWN,SUFFICIENT_HISTORY,ZERO_MFA_FAILURES_OBSERVED,NO_ACTIONABLE_HYPOTHESIS
EMP11371,USER,chanakya.sharaf74,Legal,8.43,LOW,1.0,HIGH,0,1.0,Unknown,UNKNOWN,SUFFICIENT_HISTORY,ZERO_MFA_FAILURES_OBSERVED,NO_ACTIONABLE_HYPOTHESIS
EMP11145,USER,sathvik.krishnamurthy8,Sales,8.43,LOW,0.865,HIGH,0,1.0,Unknown,UNKNOWN,SUFFICIENT_HISTORY,ZERO_MFA_FAILURES_OBSERVED,NO_ACTIONABLE_HYPOTHESIS
EMP11031,USER,samuel.hari14,Operations,8.43,LOW,0.865,HIGH,0,1.0,Unknown,UNKNOWN,SUFFICIENT_HISTORY,ZERO_MFA_FAILURES_OBSERVED,NO_ACTIONABLE_HYPOTHESIS
EMP10372,USER,madhav.sood34,Human Resources,25.29,LOW,0.7583,MEDIUM,0,1.0,Unknown,UNKNOWN,SUFFICIENT_HISTORY,ZERO_MFA_FAILURES_OBSERVED,NO_ACTIONABLE_HYPOTHESIS
EMP10667,USER,nathaniel.dhaliwal53,IT,46.37,MODERATE,1.0,HIGH,1,1.0,Unknown,UNKNOWN,SUFFICIENT_HISTORY,UNCORROBORATED_SINGLE_DIMENSION; ZERO_MFA_FAILURES_OBSERVED,NO_ACTIONABLE_HYPOTHESIS
EMP10357,USER,bahadurjit.hegde65,IT,4.22,LOW,0.55,MEDIUM,0,1.0,Unknown,UNKNOWN,INSUFFICIENT_HISTORY,INSUFFICIENT_BASELINE_HISTORY; ZERO_MFA_FAILURES_OBSERVED,NO_ACTIONABLE_HYPOTHESIS
EMP10967,USER,ikshita.luthra93,Sales,25.29,LOW,0.7383,MEDIUM,1,1.0,Unknown,UNKNOWN,SUFFICIENT_HISTORY,ZERO_MFA_FAILURES_OBSERVED,NO_ACTIONABLE_HYPOTHESIS
EMP11353,USER,anamika.morar74,Marketing,16.86,LOW,0.9273,HIGH,1,1.0,Unknown,UNKNOWN,SUFFICIENT_HISTORY,ZERO_MFA_FAILURES_OBSERVED,NO_ACTIONABLE_HYPOTHESIS
EMP11035,USER,umang.dugal86,R&D,12.65,LOW,0.96,HIGH,0,1.0,Unknown,UNKNOWN,SUFFICIENT_HISTORY,ZERO_MFA_FAILURES_OBSERVED,NO_ACTIONABLE_HYPOTHESIS
EMP10470,USER,noah.lad77,Supply Chain,9.48,LOW,0.775,MEDIUM,0,1.0,Unknown,UNKNOWN,SUFFICIENT_HISTORY,ZERO_MFA_FAILURES_OBSERVED,NO_ACTIONABLE_HYPOTHESIS
EMP11396,USER,victor.ratta94,Legal,16.86,LOW,0.96,HIGH,0,1.0,Unknown,UNKNOWN,SUFFICIENT_HISTORY,ZERO_MFA_FAILURES_OBSERVED,NO_ACTIONABLE_HYPOTHESIS
EMP12705,USER,aarush.mani1,IT,1.69,LOW,0.52,MEDIUM,0,1.0,Unknown,UNKNOWN,INSUFFICIENT_HISTORY,INSUFFICIENT_BASELINE_HISTORY; ZERO_MFA_FAILURES_OBSERVED,NO_ACTIONABLE_HYPOTHESIS
EMP11549,USER,nidhi.chada17,Customer Support,8.43,LOW,0.96,HIGH,0,1.0,Unknown,UNKNOWN,SUFFICIENT_HISTORY,ZERO_MFA_FAILURES_OBSERVED,NO_ACTIONABLE_HYPOTHESIS
EMP11256,USER,odika.ray44,Sales,4.22,LOW,0.7778,MEDIUM,0,1.0,Unknown,UNKNOWN,SUFFICIENT_HISTORY,ZERO_MFA_FAILURES_OBSERVED,NO_ACTIONABLE_HYPOTHESIS
EMP12094,USER,gautam.samra20,Procurement,0.0,LOW,0.46,LOW,0,1.0,Unknown,UNKNOWN,INSUFFICIENT_HISTORY,INSUFFICIENT_BASELINE_HISTORY; ZERO_MFA_FAILURES_OBSERVED,NO_ACTIONABLE_HYPOTHESIS
EMP11555,USER,urmi.master69,R&D,16.86,LOW,1.0,HIGH,1,1.0,Unknown,UNKNOWN,SUFFICIENT_HISTORY,ZERO_MFA_FAILURES_OBSERVED,NO_ACTIONABLE_HYPOTHESIS
EMP12668,USER,manya.chaudry96,Procurement,0.0,LOW,0.7383,MEDIUM,0,1.0,Unknown,UNKNOWN,SUFFICIENT_HISTORY,ZERO_MFA_FAILURES_OBSERVED,NO_ACTIONABLE_HYPOTHESIS
EMP11250,USER,triya.venkataraman48,Customer Support,14.21,LOW,0.7778,MEDIUM,0,1.0,Unknown,UNKNOWN,SUFFICIENT_HISTORY,ZERO_MFA_FAILURES_OBSERVED,NO_ACTIONABLE_HYPOTHESIS
EMP11699,USER,vansha.mani80,Operations,16.86,LOW,0.9333,HIGH,0,1.0,Unknown,UNKNOWN,SUFFICIENT_HISTORY,ZERO_MFA_FAILURES_OBSERVED,NO_ACTIONABLE_HYPOTHESIS
EMP11252,USER,zayan.bhalla97,Procurement,33.73,MODERATE,0.9667,HIGH,0,1.0,Unknown,UNKNOWN,SUFFICIENT_HISTORY,UNCORROBORATED_SINGLE_DIMENSION; ZERO_MFA_FAILURES_OBSERVED,NO_ACTIONABLE_HYPOTHESIS
EMP12865,USER,frederick.sama65,Innovation,100.0,CRITICAL,1.0,HIGH,3,1.5,Unknown,UNKNOWN,SUFFICIENT_HISTORY,ZERO_MFA_FAILURES_OBSERVED,POSSIBLE_CREDENTIAL_COMPROMISE; POSSIBLE_ACCOUNT_TAKEOVER; POSSIBLE_ANOMALOUS_DATA_EXFILTRATION
EMP10079,USER,reyansh.chauhan69,Finance,29.51,LOW,0.7796,MEDIUM,0,1.0,Unknown,UNKNOWN,SUFFICIENT_HISTORY,ZERO_MFA_FAILURES_OBSERVED,NO_ACTIONABLE_HYPOTHESIS
EMP11172,USER,victor.khalsa18,Human Resources,16.86,LOW,0.8506,HIGH,0,1.0,Unknown,UNKNOWN,SUFFICIENT_HISTORY,ZERO_MFA_FAILURES_OBSERVED,NO_ACTIONABLE_HYPOTHESIS
EMP10814,USER,jagdish.soman87,Human Resources,0.95,LOW,0.52,MEDIUM,0,1.0,Unknown,UNKNOWN,INSUFFICIENT_HISTORY,INSUFFICIENT_BASELINE_HISTORY; ZERO_MFA_FAILURES_OBSERVED,NO_ACTIONABLE_HYPOTHESIS
EMP11852,USER,kevin.pillai31,Support,29.22,LOW,0.7383,MEDIUM,1,1.0,Unknown,UNKNOWN,SUFFICIENT_HISTORY,ZERO_MFA_FAILURES_OBSERVED,NO_ACTIONABLE_HYPOTHESIS
EMP12220,USER,adweta.rastogi43,Call Center,16.86,LOW,1.0,HIGH,0,1.0,Unknown,UNKNOWN,SUFFICIENT_HISTORY,ZERO_MFA_FAILURES_OBSERVED,NO_ACTIONABLE_HYPOTHESIS
EMP12710,USER,samar.modi39,Finance,9.27,LOW,0.7383,MEDIUM,0,1.0,Unknown,UNKNOWN,SUFFICIENT_HISTORY,ZERO_MFA_FAILURES_OBSERVED,NO_ACTIONABLE_HYPOTHESIS
EMP12105,USER,Unknown,Operations,16.86,LOW,0.8506,HIGH,0,1.0,Unknown,UNKNOWN,SUFFICIENT_HISTORY,ZERO_MFA_FAILURES_OBSERVED,NO_ACTIONABLE_HYPOTHESIS
EMP10133,USER,liam.kunda31,Procurement,8.43,LOW,0.7778,MEDIUM,0,1.0,Unknown,UNKNOWN,SUFFICIENT_HISTORY,ZERO_MFA_FAILURES_OBSERVED,NO_ACTIONABLE_HYPOTHESIS
EMP11140,USER,anusha.roy27,Procurement,21.08,LOW,0.7917,MEDIUM,0,1.0,Unknown,UNKNOWN,SUFFICIENT_HISTORY,ZERO_MFA_FAILURES_OBSERVED,NO_ACTIONABLE_HYPOTHESIS
EMP10933,USER,saksham.balay20,Human Resources,0.0,LOW,0.805,HIGH,0,1.0,Unknown,UNKNOWN,SUFFICIENT_HISTORY,ZERO_MFA_FAILURES_OBSERVED,NO_ACTIONABLE_HYPOTHESIS
EMP10928,USER,baljiwan_das61,Sales,42.16,MODERATE,0.9333,HIGH,1,1.0,Unknown,UNKNOWN,SUFFICIENT_HISTORY,UNCORROBORATED_SINGLE_DIMENSION; ZERO_MFA_FAILURES_OBSERVED,NO_ACTIONABLE_HYPOTHESIS
EMP10823,USER,kala.parikh22,R&D,21.08,LOW,0.9273,HIGH,0,1.0,Unknown,UNKNOWN,SUFFICIENT_HISTORY,ZERO_MFA_FAILURES_OBSERVED,NO_ACTIONABLE_HYPOTHESIS
EMP11531,USER,lakshit.barad43,Sales,4.22,LOW,0.8061,HIGH,0,1.0,Unknown,UNKNOWN,SUFFICIENT_HISTORY,ZERO_MFA_FAILURES_OBSERVED,NO_ACTIONABLE_HYPOTHESIS
EMP11214,USER,frado.toor13,Human Resources,0.95,LOW,0.865,HIGH,0,1.0,Unknown,UNKNOWN,SUFFICIENT_HISTORY,ZERO_MFA_FAILURES_OBSERVED,NO_ACTIONABLE_HYPOTHESIS
EMP10504,USER,harsh.kapadia89,Procurement,12.65,LOW,0.96,HIGH,0,1.0,Unknown,UNKNOWN,SUFFICIENT_HISTORY,ZERO_MFA_FAILURES_OBSERVED,NO_ACTIONABLE_HYPOTHESIS
EMP12395,USER,alexander.vohra99,IT Support,11.77,LOW,0.7383,MEDIUM,0,1.0,Unknown,UNKNOWN,SUFFICIENT_HISTORY,ZERO_MFA_FAILURES_OBSERVED,NO_ACTIONABLE_HYPOTHESIS
EMP11996,USER,harshil.chana4,IT,16.86,LOW,0.8506,HIGH,0,1.0,Unknown,UNKNOWN,SUFFICIENT_HISTORY,ZERO_MFA_FAILURES_OBSERVED,NO_ACTIONABLE_HYPOTHESIS
EMP12434,USER,radha.arya51,Sales,0.0,LOW,0.55,MEDIUM,0,1.0,Unknown,UNKNOWN,INSUFFICIENT_HISTORY,INSUFFICIENT_BASELINE_HISTORY; ZERO_MFA_FAILURES_OBSERVED,NO_ACTIONABLE_HYPOTHESIS
EMP11958,USER,Unknown,Human Resources,22.98,LOW,0.865,HIGH,0,1.0,Unknown,UNKNOWN,SUFFICIENT_HISTORY,ZERO_MFA_FAILURES_OBSERVED,NO_ACTIONABLE_HYPOTHESIS
EMP11384,USER,daniel_bains55,Compliance,7.49,LOW,0.55,MEDIUM,0,1.0,Unknown,UNKNOWN,INSUFFICIENT_HISTORY,INSUFFICIENT_BASELINE_HISTORY; ZERO_MFA_FAILURES_OBSERVED,NO_ACTIONABLE_HYPOTHESIS
EMP10894,USER,balhaar.shukla89,Compliance,29.51,LOW,0.9428,HIGH,1,1.0,Unknown,UNKNOWN,SUFFICIENT_HISTORY,ZERO_MFA_FAILURES_OBSERVED,NO_ACTIONABLE_HYPOTHESIS
EMP10828,USER,vincent.anne76,Human Resources,10.34,LOW,0.7778,MEDIUM,0,1.0,Unknown,UNKNOWN,SUFFICIENT_HISTORY,ZERO_MFA_FAILURES_OBSERVED,NO_ACTIONABLE_HYPOTHESIS
EMP11683,USER,maanav.venkatesh88,Marketing,25.0,LOW,0.9714,HIGH,1,1.0,Unknown,UNKNOWN,SUFFICIENT_HISTORY,ZERO_MFA_FAILURES_OBSERVED,NO_ACTIONABLE_HYPOTHESIS
EMP12653,USER,andrew.sabharwal19,R&D,21.08,LOW,0.815,HIGH,1,1.0,Unknown,UNKNOWN,SUFFICIENT_HISTORY,ZERO_MFA_FAILURES_OBSERVED,NO_ACTIONABLE_HYPOTHESIS
EMP12637,USER,ijaya.naik56,Operations,0.0,LOW,0.695,MEDIUM,0,1.0,Unknown,UNKNOWN,SUFFICIENT_HISTORY,ZERO_MFA_FAILURES_OBSERVED,NO_ACTIONABLE_HYPOTHESIS
EMP12589,USER,pratyush.pillay84,Marketing,14.05,LOW,0.815,HIGH,0,1.0,Unknown,UNKNOWN,SUFFICIENT_HISTORY,ZERO_MFA_FAILURES_OBSERVED,NO_ACTIONABLE_HYPOTHESIS
EMP10652,USER,ayush.srinivasan64,Customer Support,8.43,LOW,0.665,MEDIUM,0,1.0,Unknown,UNKNOWN,SUFFICIENT_HISTORY,ZERO_MFA_FAILURES_OBSERVED,NO_ACTIONABLE_HYPOTHESIS
EMP10172,USER,chakradhar.ravi22,R&D,14.23,LOW,0.775,MEDIUM,0,1.0,Unknown,UNKNOWN,SUFFICIENT_HISTORY,ZERO_MFA_FAILURES_OBSERVED,NO_ACTIONABLE_HYPOTHESIS
EMP10038,USER,girik.palla99,Finance,8.43,LOW,0.92,HIGH,0,1.0,Unknown,UNKNOWN,SUFFICIENT_HISTORY,ZERO_MFA_FAILURES_OBSERVED,NO_ACTIONABLE_HYPOTHESIS
EMP12946,USER,faris.khosla82,Operations,21.08,LOW,1.0,HIGH,1,1.0,Unknown,UNKNOWN,SUFFICIENT_HISTORY,ZERO_MFA_FAILURES_OBSERVED,NO_ACTIONABLE_HYPOTHESIS
EMP10713,USER,azaan.luthra2,Marketing,8.43,LOW,0.7778,MEDIUM,0,1.0,Unknown,UNKNOWN,SUFFICIENT_HISTORY,ZERO_MFA_FAILURES_OBSERVED,NO_ACTIONABLE_HYPOTHESIS
EMP10090,USER,yashasvi.chacko19,Human Resources,8.43,LOW,0.865,HIGH,0,1.0,Unknown,UNKNOWN,SUFFICIENT_HISTORY,ZERO_MFA_FAILURES_OBSERVED,NO_ACTIONABLE_HYPOTHESIS
EMP11205,USER,Unknown,R&D,12.65,LOW,1.0,HIGH,0,1.0,Unknown,UNKNOWN,SUFFICIENT_HISTORY,ZERO_MFA_FAILURES_OBSERVED,NO_ACTIONABLE_HYPOTHESIS
EMP12549,USER,neel.chad33,Operations,0.0,LOW,0.805,HIGH,0,1.0,Unknown,UNKNOWN,SUFFICIENT_HISTORY,ZERO_MFA_FAILURES_OBSERVED,NO_ACTIONABLE_HYPOTHESIS
EMP12664,USER,chanchal.chandran29,Finance,21.08,LOW,0.895,HIGH,0,1.0,Unknown,UNKNOWN,SUFFICIENT_HISTORY,ZERO_MFA_FAILURES_OBSERVED,NO_ACTIONABLE_HYPOTHESIS
EMP11827,USER,aditya.krishnan20,Legal,8.43,LOW,1.0,HIGH,0,1.0,Unknown,UNKNOWN,SUFFICIENT_HISTORY,ZERO_MFA_FAILURES_OBSERVED,NO_ACTIONABLE_HYPOTHESIS
EMP11155,USER,andrew.sura23,Sales,8.43,LOW,0.8506,HIGH,0,1.0,Unknown,UNKNOWN,SUFFICIENT_HISTORY,ZERO_MFA_FAILURES_OBSERVED,NO_ACTIONABLE_HYPOTHESIS
EMP11324,USER,yash.rattan31,Sales,4.22,LOW,0.7383,MEDIUM,0,1.0,Unknown,UNKNOWN,SUFFICIENT_HISTORY,ZERO_MFA_FAILURES_OBSERVED,NO_ACTIONABLE_HYPOTHESIS
EMP10216,USER,nitesh.devi69,IT Support,8.43,LOW,1.0,HIGH,0,1.0,Unknown,UNKNOWN,SUFFICIENT_HISTORY,ZERO_MFA_FAILURES_OBSERVED,NO_ACTIONABLE_HYPOTHESIS
EMP10510,USER,waida.naik66,Human Resources,0.0,LOW,0.7778,MEDIUM,0,1.0,Unknown,UNKNOWN,SUFFICIENT_HISTORY,ZERO_MFA_FAILURES_OBSERVED,NO_ACTIONABLE_HYPOTHESIS
EMP11680,USER,widisha.parikh34,Finance,47.43,MODERATE,0.9385,HIGH,2,1.25,Unknown,UNKNOWN,SUFFICIENT_HISTORY,ZERO_MFA_FAILURES_OBSERVED,NO_ACTIONABLE_HYPOTHESIS
EMP10499,USER,umang.hans19,Human Resources,0.0,LOW,0.7778,MEDIUM,0,1.0,Unknown,UNKNOWN,SUFFICIENT_HISTORY,ZERO_MFA_FAILURES_OBSERVED,NO_ACTIONABLE_HYPOTHESIS
EMP12555,USER,fitan.dada61,Legal,8.43,LOW,0.7383,MEDIUM,0,1.0,Unknown,UNKNOWN,SUFFICIENT_HISTORY,ZERO_MFA_FAILURES_OBSERVED,NO_ACTIONABLE_HYPOTHESIS
EMP11856,USER,isha.nadkarni6,R&D,0.0,LOW,0.6717,MEDIUM,0,1.0,Unknown,UNKNOWN,SUFFICIENT_HISTORY,ZERO_MFA_FAILURES_OBSERVED,NO_ACTIONABLE_HYPOTHESIS
EMP11388,USER,victor.dani26,Finance,4.22,LOW,0.6636,MEDIUM,0,1.0,Unknown,UNKNOWN,SUFFICIENT_HISTORY,ZERO_MFA_FAILURES_OBSERVED,NO_ACTIONABLE_HYPOTHESIS
EMP11519,USER,jagvi.kar22,Finance,12.65,LOW,0.815,HIGH,0,1.0,Unknown,UNKNOWN,SUFFICIENT_HISTORY,ZERO_MFA_FAILURES_OBSERVED,NO_ACTIONABLE_HYPOTHESIS
EMP12386,USER,diya.vala41,IT Support,11.77,LOW,0.805,HIGH,0,1.0,Unknown,UNKNOWN,SUFFICIENT_HISTORY,ZERO_MFA_FAILURES_OBSERVED,NO_ACTIONABLE_HYPOTHESIS
EMP12804,USER,libni.guha87,Human Resources,25.84,LOW,0.45,LOW,1,1.0,Unknown,UNKNOWN,INSUFFICIENT_HISTORY,INSUFFICIENT_BASELINE_HISTORY; ZERO_MFA_FAILURES_OBSERVED,NO_ACTIONABLE_HYPOTHESIS
EMP12076,USER,saumya.puri42,Finance,0.0,LOW,0.835,HIGH,0,1.0,Unknown,UNKNOWN,SUFFICIENT_HISTORY,ZERO_MFA_FAILURES_OBSERVED,NO_ACTIONABLE_HYPOTHESIS
EMP11540,USER,daksh.ravel78,IT,8.43,LOW,0.7207,MEDIUM,0,1.0,Unknown,UNKNOWN,SUFFICIENT_HISTORY,ZERO_MFA_FAILURES_OBSERVED,NO_ACTIONABLE_HYPOTHESIS
EMP11217,USER,harinakshi.bhatia16,Operations,0.0,LOW,0.765,MEDIUM,0,1.0,Unknown,UNKNOWN,SUFFICIENT_HISTORY,ZERO_MFA_FAILURES_OBSERVED,NO_ACTIONABLE_HYPOTHESIS
EMP11416,USER,ria.khare57,Legal,4.22,LOW,0.765,MEDIUM,0,1.0,Unknown,UNKNOWN,SUFFICIENT_HISTORY,ZERO_MFA_FAILURES_OBSERVED,NO_ACTIONABLE_HYPOTHESIS
EMP12217,USER,hiral.bobal16,R&D,0.0,LOW,0.52,MEDIUM,0,1.0,Unknown,UNKNOWN,INSUFFICIENT_HISTORY,INSUFFICIENT_BASELINE_HISTORY; ZERO_MFA_FAILURES_OBSERVED,NO_ACTIONABLE_HYPOTHESIS
EMP12596,USER,hamsini.jayaraman36,Human Resources,4.22,LOW,0.865,HIGH,0,1.0,Unknown,UNKNOWN,SUFFICIENT_HISTORY,ZERO_MFA_FAILURES_OBSERVED,NO_ACTIONABLE_HYPOTHESIS
EMP11676,USER,balhaar.swaminathan14,Procurement,16.86,LOW,0.765,MEDIUM,0,1.0,Unknown,UNKNOWN,SUFFICIENT_HISTORY,ZERO_MFA_FAILURES_OBSERVED,NO_ACTIONABLE_HYPOTHESIS
EMP11197,USER,oliver.venkataraman8,Sales,8.43,LOW,0.8061,HIGH,0,1.0,Unknown,UNKNOWN,SUFFICIENT_HISTORY,ZERO_MFA_FAILURES_OBSERVED,NO_ACTIONABLE_HYPOTHESIS
EMP11542,USER,warinder.thakur28,Operations,29.51,LOW,0.9636,HIGH,0,1.0,Unknown,UNKNOWN,SUFFICIENT_HISTORY,ZERO_MFA_FAILURES_OBSERVED,NO_ACTIONABLE_HYPOTHESIS
EMP10953,USER,laban.sankar95,Customer Support,21.08,LOW,0.9692,HIGH,0,1.0,Unknown,UNKNOWN,SUFFICIENT_HISTORY,ZERO_MFA_FAILURES_OBSERVED,NO_ACTIONABLE_HYPOTHESIS
EMP10750,USER,wazir.bobal30,Human Resources,21.08,LOW,0.9385,HIGH,1,1.0,Unknown,UNKNOWN,SUFFICIENT_HISTORY,ZERO_MFA_FAILURES_OBSERVED,NO_ACTIONABLE_HYPOTHESIS
EMP10234,USER,kabir.dhawan31,Sales,21.08,LOW,0.96,HIGH,0,1.0,Unknown,UNKNOWN,SUFFICIENT_HISTORY,ZERO_MFA_FAILURES_OBSERVED,NO_ACTIONABLE_HYPOTHESIS
EMP10732,USER,peter.khatri9,Support,16.02,LOW,0.865,HIGH,0,1.0,Unknown,UNKNOWN,SUFFICIENT_HISTORY,ZERO_MFA_FAILURES_OBSERVED,NO_ACTIONABLE_HYPOTHESIS
EMP11156,USER,ria.srivastava51,Procurement,25.29,LOW,0.92,HIGH,1,1.0,Unknown,UNKNOWN,SUFFICIENT_HISTORY,ZERO_MFA_FAILURES_OBSERVED,NO_ACTIONABLE_HYPOTHESIS
EMP12652,USER,oliver.seshadri52,Finance,12.65,LOW,0.815,HIGH,0,1.0,Unknown,UNKNOWN,SUFFICIENT_HISTORY,ZERO_MFA_FAILURES_OBSERVED,NO_ACTIONABLE_HYPOTHESIS
EMP12445,USER,madhavi.pandya32,Human Resources,10.34,LOW,0.615,MEDIUM,0,1.0,Unknown,UNKNOWN,SUFFICIENT_HISTORY,ZERO_MFA_FAILURES_OBSERVED,NO_ACTIONABLE_HYPOTHESIS
EMP11209,USER,oscar.bumb13,IT,16.44,LOW,0.7383,MEDIUM,1,1.0,Unknown,UNKNOWN,SUFFICIENT_HISTORY,ZERO_MFA_FAILURES_OBSERVED,NO_ACTIONABLE_HYPOTHESIS
EMP11065,USER,benjamin.toor48,Operations,12.65,LOW,0.92,HIGH,0,1.0,Unknown,UNKNOWN,SUFFICIENT_HISTORY,ZERO_MFA_FAILURES_OBSERVED,NO_ACTIONABLE_HYPOTHESIS
EMP12156,USER,oscar.tak70,Legal,16.86,LOW,0.52,MEDIUM,1,1.0,Unknown,UNKNOWN,INSUFFICIENT_HISTORY,INSUFFICIENT_BASELINE_HISTORY; ZERO_MFA_FAILURES_OBSERVED,NO_ACTIONABLE_HYPOTHESIS
EMP11062,USER,vedant.halder11,Legal,4.22,LOW,0.96,HIGH,0,1.0,Unknown,UNKNOWN,SUFFICIENT_HISTORY,ZERO_MFA_FAILURES_OBSERVED,NO_ACTIONABLE_HYPOTHESIS
EMP11167,USER,yagnesh.goswami58,R&D,26.35,LOW,0.55,MEDIUM,1,1.0,Unknown,UNKNOWN,INSUFFICIENT_HISTORY,INSUFFICIENT_BASELINE_HISTORY; ZERO_MFA_FAILURES_OBSERVED,NO_ACTIONABLE_HYPOTHESIS
EMP11492,USER,vasudha.sridhar67,R&D,22.13,LOW,0.55,MEDIUM,1,1.0,Unknown,UNKNOWN,INSUFFICIENT_HISTORY,INSUFFICIENT_BASELINE_HISTORY; ZERO_MFA_FAILURES_OBSERVED,NO_ACTIONABLE_HYPOTHESIS
EMP12550,USER,charan.vora9,R&D,25.29,LOW,0.9636,HIGH,1,1.0,Unknown,UNKNOWN,SUFFICIENT_HISTORY,ZERO_MFA_FAILURES_OBSERVED,NO_ACTIONABLE_HYPOTHESIS
EMP10884,USER,ayushman.ravi61,Marketing,0.0,LOW,0.695,MEDIUM,0,1.0,Unknown,UNKNOWN,SUFFICIENT_HISTORY,ZERO_MFA_FAILURES_OBSERVED,NO_ACTIONABLE_HYPOTHESIS
EMP10143,USER,rushil.chauhan74,Customer Support,4.22,LOW,0.835,HIGH,0,1.0,Unknown,UNKNOWN,SUFFICIENT_HISTORY,ZERO_MFA_FAILURES_OBSERVED,NO_ACTIONABLE_HYPOTHESIS
EMP10850,USER,faqid.char88,Human Resources,29.51,LOW,0.9692,HIGH,1,1.0,Unknown,UNKNOWN,SUFFICIENT_HISTORY,ZERO_MFA_FAILURES_OBSERVED,NO_ACTIONABLE_HYPOTHESIS
EMP10717,USER,nisha.nagarajan68,Human Resources,11.29,LOW,0.695,MEDIUM,0,1.0,Unknown,UNKNOWN,SUFFICIENT_HISTORY,ZERO_MFA_FAILURES_OBSERVED,NO_ACTIONABLE_HYPOTHESIS
EMP12927,USER,quincy.toor85,Marketing,0.0,LOW,0.45,LOW,0,1.0,Unknown,UNKNOWN,INSUFFICIENT_HISTORY,INSUFFICIENT_BASELINE_HISTORY; ZERO_MFA_FAILURES_OBSERVED,NO_ACTIONABLE_HYPOTHESIS
EMP12502,USER,bina.agate14,Human Resources,33.73,MODERATE,0.7838,MEDIUM,1,1.0,Unknown,UNKNOWN,SUFFICIENT_HISTORY,UNCORROBORATED_SINGLE_DIMENSION; ZERO_MFA_FAILURES_OBSERVED,NO_ACTIONABLE_HYPOTHESIS
EMP10264,USER,laban.mangat50,Sales,8.43,LOW,0.9273,HIGH,0,1.0,Unknown,UNKNOWN,SUFFICIENT_HISTORY,ZERO_MFA_FAILURES_OBSERVED,NO_ACTIONABLE_HYPOTHESIS
EMP10075,USER,maanas.chanda72,IT,16.86,LOW,0.895,HIGH,0,1.0,Unknown,UNKNOWN,SUFFICIENT_HISTORY,ZERO_MFA_FAILURES_OBSERVED,NO_ACTIONABLE_HYPOTHESIS
EMP12492,USER,jonathan.krish81,Legal,4.22,LOW,0.805,HIGH,0,1.0,Unknown,UNKNOWN,SUFFICIENT_HISTORY,ZERO_MFA_FAILURES_OBSERVED,NO_ACTIONABLE_HYPOTHESIS
EMP10395,USER,charles.saini84,Finance,12.65,LOW,0.7207,MEDIUM,0,1.0,Unknown,UNKNOWN,SUFFICIENT_HISTORY,ZERO_MFA_FAILURES_OBSERVED,NO_ACTIONABLE_HYPOTHESIS
EMP12624,USER,yahvi.oommen57,Operations,0.0,LOW,0.805,HIGH,0,1.0,Unknown,UNKNOWN,SUFFICIENT_HISTORY,ZERO_MFA_FAILURES_OBSERVED,NO_ACTIONABLE_HYPOTHESIS
EMP12224,USER,qushi.shenoy44,Legal,8.43,LOW,0.805,HIGH,0,1.0,Unknown,UNKNOWN,SUFFICIENT_HISTORY,ZERO_MFA_FAILURES_OBSERVED,NO_ACTIONABLE_HYPOTHESIS
EMP12884,USER,panini.gaba68,IT,1.69,LOW,0.55,MEDIUM,0,1.0,Unknown,UNKNOWN,INSUFFICIENT_HISTORY,INSUFFICIENT_BASELINE_HISTORY; ZERO_MFA_FAILURES_OBSERVED,NO_ACTIONABLE_HYPOTHESIS
EMP10396,USER,bhavini.bhakta53,Customer Support,12.65,LOW,0.865,HIGH,0,1.0,Unknown,UNKNOWN,SUFFICIENT_HISTORY,ZERO_MFA_FAILURES_OBSERVED,NO_ACTIONABLE_HYPOTHESIS
EMP11365,USER,osha.modi13,Sales,0.0,LOW,0.815,HIGH,0,1.0,Unknown,UNKNOWN,SUFFICIENT_HISTORY,ZERO_MFA_FAILURES_OBSERVED,NO_ACTIONABLE_HYPOTHESIS
EMP12577,USER,kala.rai4,R&D,12.65,LOW,0.9428,HIGH,0,1.0,Unknown,UNKNOWN,SUFFICIENT_HISTORY,ZERO_MFA_FAILURES_OBSERVED,NO_ACTIONABLE_HYPOTHESIS
EMP11903,USER,amruta.modi14,Sales,10.54,LOW,0.775,MEDIUM,0,1.0,Unknown,UNKNOWN,SUFFICIENT_HISTORY,ZERO_MFA_FAILURES_OBSERVED,NO_ACTIONABLE_HYPOTHESIS
EMP10595,USER,chaitanya.sodhi25,Customer Support,0.0,LOW,0.7207,MEDIUM,0,1.0,Unknown,UNKNOWN,SUFFICIENT_HISTORY,ZERO_MFA_FAILURES_OBSERVED,NO_ACTIONABLE_HYPOTHESIS
EMP12109,USER,nitesh.deol94,Operations,4.22,LOW,0.815,HIGH,0,1.0,Unknown,UNKNOWN,SUFFICIENT_HISTORY,ZERO_MFA_FAILURES_OBSERVED,NO_ACTIONABLE_HYPOTHESIS
EMP11296,USER,upma.warrior70,Marketing,12.65,LOW,0.8061,HIGH,0,1.0,Unknown,UNKNOWN,SUFFICIENT_HISTORY,ZERO_MFA_FAILURES_OBSERVED,NO_ACTIONABLE_HYPOTHESIS
EMP11821,USER,caleb.murty72,Marketing,4.22,LOW,0.815,HIGH,0,1.0,Unknown,UNKNOWN,SUFFICIENT_HISTORY,ZERO_MFA_FAILURES_OBSERVED,NO_ACTIONABLE_HYPOTHESIS
EMP10872,USER,vanya.upadhyay82,R&D,33.73,MODERATE,0.9385,HIGH,1,1.0,Unknown,UNKNOWN,SUFFICIENT_HISTORY,UNCORROBORATED_SINGLE_DIMENSION; ZERO_MFA_FAILURES_OBSERVED,NO_ACTIONABLE_HYPOTHESIS
EMP12997,USER,naksh.bal73,Customer Support,4.22,LOW,0.695,MEDIUM,0,1.0,Unknown,UNKNOWN,SUFFICIENT_HISTORY,ZERO_MFA_FAILURES_OBSERVED,NO_ACTIONABLE_HYPOTHESIS
EMP12326,USER,jonathan.prakash23,IT,25.29,LOW,1.0,HIGH,0,1.0,Unknown,UNKNOWN,SUFFICIENT_HISTORY,ZERO_MFA_FAILURES_OBSERVED,NO_ACTIONABLE_HYPOTHESIS
EMP11548,USER,suhani.kapur11,Legal,16.86,LOW,0.695,MEDIUM,1,1.0,Unknown,UNKNOWN,SUFFICIENT_HISTORY,ZERO_MFA_FAILURES_OBSERVED,NO_ACTIONABLE_HYPOTHESIS
EMP10036,USER,lipika.ahuja14,Call Center,0.0,LOW,0.6636,MEDIUM,0,1.0,Unknown,UNKNOWN,SUFFICIENT_HISTORY,ZERO_MFA_FAILURES_OBSERVED,NO_ACTIONABLE_HYPOTHESIS
EMP12924,USER,nirja.dutt28,R&D,0.0,LOW,0.835,HIGH,0,1.0,Unknown,UNKNOWN,SUFFICIENT_HISTORY,ZERO_MFA_FAILURES_OBSERVED,NO_ACTIONABLE_HYPOTHESIS
EMP12143,USER,ubika.ranganathan44,Human Resources,3.02,LOW,0.835,HIGH,0,1.0,Unknown,UNKNOWN,SUFFICIENT_HISTORY,ZERO_MFA_FAILURES_OBSERVED,NO_ACTIONABLE_HYPOTHESIS
EMP12635,USER,ikbal.sharaf98,Procurement,12.65,LOW,0.835,HIGH,0,1.0,Unknown,UNKNOWN,SUFFICIENT_HISTORY,ZERO_MFA_FAILURES_OBSERVED,NO_ACTIONABLE_HYPOTHESIS
EMP10977,USER,udyati.trivedi33,Operations,22.13,LOW,0.895,HIGH,1,1.0,Unknown,UNKNOWN,SUFFICIENT_HISTORY,ZERO_MFA_FAILURES_OBSERVED,NO_ACTIONABLE_HYPOTHESIS
EMP11571,USER,Unknown,R&D,8.43,LOW,0.9273,HIGH,0,1.0,Unknown,UNKNOWN,SUFFICIENT_HISTORY,ZERO_MFA_FAILURES_OBSERVED,NO_ACTIONABLE_HYPOTHESIS
EMP11122,USER,jacob.hayer63,IT Support,0.0,LOW,0.695,MEDIUM,0,1.0,Unknown,UNKNOWN,SUFFICIENT_HISTORY,ZERO_MFA_FAILURES_OBSERVED,NO_ACTIONABLE_HYPOTHESIS
EMP12239,USER,zilmil.minhas52,Brand,12.08,LOW,0.8506,HIGH,0,1.0,Unknown,UNKNOWN,SUFFICIENT_HISTORY,ZERO_MFA_FAILURES_OBSERVED,NO_ACTIONABLE_HYPOTHESIS
EMP12504,USER,jatin_das11,Marketing,4.22,LOW,0.805,HIGH,0,1.0,Unknown,UNKNOWN,SUFFICIENT_HISTORY,ZERO_MFA_FAILURES_OBSERVED,NO_ACTIONABLE_HYPOTHESIS
EMP11892,USER,sudiksha.patil75,Human Resources,21.62,LOW,0.45,LOW,1,1.0,Unknown,UNKNOWN,INSUFFICIENT_HISTORY,INSUFFICIENT_BASELINE_HISTORY; ZERO_MFA_FAILURES_OBSERVED,NO_ACTIONABLE_HYPOTHESIS
EMP10675,USER,jackson.lad85,Marketing,0.0,LOW,0.52,MEDIUM,0,1.0,Unknown,UNKNOWN,INSUFFICIENT_HISTORY,INSUFFICIENT_BASELINE_HISTORY; ZERO_MFA_FAILURES_OBSERVED,NO_ACTIONABLE_HYPOTHESIS
EMP10728,USER,harita.lall46,Operations,5.27,LOW,0.7207,MEDIUM,0,1.0,Unknown,UNKNOWN,SUFFICIENT_HISTORY,ZERO_MFA_FAILURES_OBSERVED,NO_ACTIONABLE_HYPOTHESIS
EMP10412,USER,rohan.dada48,IT,29.22,LOW,0.55,MEDIUM,1,1.0,Unknown,UNKNOWN,INSUFFICIENT_HISTORY,INSUFFICIENT_BASELINE_HISTORY; ZERO_MFA_FAILURES_OBSERVED,NO_ACTIONABLE_HYPOTHESIS
EMP11516,USER,ria.batra56,Marketing,0.0,LOW,0.805,HIGH,0,1.0,Unknown,UNKNOWN,SUFFICIENT_HISTORY,ZERO_MFA_FAILURES_OBSERVED,NO_ACTIONABLE_HYPOTHESIS
EMP11649,USER,ekbal.dhar82,Finance,12.65,LOW,0.96,HIGH,0,1.0,Unknown,UNKNOWN,SUFFICIENT_HISTORY,ZERO_MFA_FAILURES_OBSERVED,NO_ACTIONABLE_HYPOTHESIS
EMP10825,USER,abeer.mishra34,Innovation,20.26,LOW,0.8506,HIGH,0,1.0,Unknown,UNKNOWN,SUFFICIENT_HISTORY,ZERO_MFA_FAILURES_OBSERVED,NO_ACTIONABLE_HYPOTHESIS
EMP10616,USER,isha.bir7,Customer Support,1.41,LOW,0.775,MEDIUM,0,1.0,Unknown,UNKNOWN,SUFFICIENT_HISTORY,ZERO_MFA_FAILURES_OBSERVED,NO_ACTIONABLE_HYPOTHESIS
EMP10114,USER,chatura.dube60,Marketing,12.65,LOW,0.92,HIGH,0,1.0,Unknown,UNKNOWN,SUFFICIENT_HISTORY,ZERO_MFA_FAILURES_OBSERVED,NO_ACTIONABLE_HYPOTHESIS
EMP10417,USER,falguni.borde91,Sales,8.43,LOW,0.8061,HIGH,0,1.0,Unknown,UNKNOWN,SUFFICIENT_HISTORY,ZERO_MFA_FAILURES_OBSERVED,NO_ACTIONABLE_HYPOTHESIS
EMP11625,USER,vansha.bhalla14,Operations,8.43,LOW,0.815,HIGH,0,1.0,Unknown,UNKNOWN,SUFFICIENT_HISTORY,ZERO_MFA_FAILURES_OBSERVED,NO_ACTIONABLE_HYPOTHESIS
EMP10089,USER,brijesh.din81,Procurement,16.86,LOW,0.9636,HIGH,0,1.0,Unknown,UNKNOWN,SUFFICIENT_HISTORY,ZERO_MFA_FAILURES_OBSERVED,NO_ACTIONABLE_HYPOTHESIS
EMP12082,USER,nikita.toor74,Procurement,12.65,LOW,0.805,HIGH,0,1.0,Unknown,UNKNOWN,SUFFICIENT_HISTORY,ZERO_MFA_FAILURES_OBSERVED,NO_ACTIONABLE_HYPOTHESIS
EMP10753,USER,tanmayi.rai5,Procurement,16.86,LOW,1.0,HIGH,0,1.0,Unknown,UNKNOWN,SUFFICIENT_HISTORY,ZERO_MFA_FAILURES_OBSERVED,NO_ACTIONABLE_HYPOTHESIS
EMP12546,USER,reva.nayak73,IT,100.0,CRITICAL,0.9562,HIGH,3,1.5,Unknown,UNKNOWN,SUFFICIENT_HISTORY,ZERO_MFA_FAILURES_OBSERVED,POSSIBLE_CREDENTIAL_COMPROMISE; POSSIBLE_ACCOUNT_TAKEOVER; POSSIBLE_ANOMALOUS_DATA_EXFILTRATION
EMP11630,USER,lakshmi.lalla82,Procurement,21.08,LOW,1.0,HIGH,0,1.0,Unknown,UNKNOWN,SUFFICIENT_HISTORY,ZERO_MFA_FAILURES_OBSERVED,NO_ACTIONABLE_HYPOTHESIS
EMP10011,USER,wriddhish.dey59,Finance,12.65,LOW,0.895,HIGH,0,1.0,Unknown,UNKNOWN,SUFFICIENT_HISTORY,ZERO_MFA_FAILURES_OBSERVED,NO_ACTIONABLE_HYPOTHESIS
EMP12444,USER,raagini.bhakta93,Operations,0.0,LOW,0.7778,MEDIUM,0,1.0,Unknown,UNKNOWN,SUFFICIENT_HISTORY,ZERO_MFA_FAILURES_OBSERVED,NO_ACTIONABLE_HYPOTHESIS
EMP10284,USER,nihal.kamdar76,Finance,8.43,LOW,0.865,HIGH,0,1.0,Unknown,UNKNOWN,SUFFICIENT_HISTORY,ZERO_MFA_FAILURES_OBSERVED,NO_ACTIONABLE_HYPOTHESIS
EMP11066,USER,ekansh.bawa43,Human Resources,4.22,LOW,0.805,HIGH,0,1.0,Unknown,UNKNOWN,SUFFICIENT_HISTORY,ZERO_MFA_FAILURES_OBSERVED,NO_ACTIONABLE_HYPOTHESIS
EMP11191,USER,ekbal.shah56,IT,8.43,LOW,0.7778,MEDIUM,0,1.0,Unknown,UNKNOWN,SUFFICIENT_HISTORY,ZERO_MFA_FAILURES_OBSERVED,NO_ACTIONABLE_HYPOTHESIS
EMP11440,USER,yutika.raju42,Human Resources,12.65,LOW,0.895,HIGH,0,1.0,Unknown,UNKNOWN,SUFFICIENT_HISTORY,ZERO_MFA_FAILURES_OBSERVED,NO_ACTIONABLE_HYPOTHESIS
EMP12886,USER,nathaniel.banerjee74,Marketing,12.65,LOW,0.865,HIGH,0,1.0,Unknown,UNKNOWN,SUFFICIENT_HISTORY,ZERO_MFA_FAILURES_OBSERVED,NO_ACTIONABLE_HYPOTHESIS
EMP12885,USER,ekanta.bava97,R&D,1.05,LOW,0.805,HIGH,0,1.0,Unknown,UNKNOWN,SUFFICIENT_HISTORY,ZERO_MFA_FAILURES_OBSERVED,NO_ACTIONABLE_HYPOTHESIS
EMP12793,USER,raksha.dugal5,Procurement,4.22,LOW,0.605,MEDIUM,0,1.0,Unknown,UNKNOWN,SUFFICIENT_HISTORY,ZERO_MFA_FAILURES_OBSERVED,NO_ACTIONABLE_HYPOTHESIS
EMP11568,USER,oviya.shukla26,Operations,29.51,LOW,0.8327,HIGH,0,1.0,Unknown,UNKNOWN,SUFFICIENT_HISTORY,ZERO_MFA_FAILURES_OBSERVED,NO_ACTIONABLE_HYPOTHESIS
EMP12427,USER,oviya.mannan17,Sales,0.0,LOW,0.7383,MEDIUM,0,1.0,Unknown,UNKNOWN,SUFFICIENT_HISTORY,ZERO_MFA_FAILURES_OBSERVED,NO_ACTIONABLE_HYPOTHESIS
EMP12656,USER,amaira.nath55,Procurement,16.86,LOW,0.695,MEDIUM,1,1.0,Unknown,UNKNOWN,SUFFICIENT_HISTORY,ZERO_MFA_FAILURES_OBSERVED,NO_ACTIONABLE_HYPOTHESIS
EMP11687,USER,wridesh.karpe22,IT,25.29,LOW,0.9385,HIGH,0,1.0,Unknown,UNKNOWN,SUFFICIENT_HISTORY,ZERO_MFA_FAILURES_OBSERVED,NO_ACTIONABLE_HYPOTHESIS
EMP10851,USER,darpan.kapoor33,Brand,33.73,MODERATE,0.9385,HIGH,1,1.0,Unknown,UNKNOWN,SUFFICIENT_HISTORY,UNCORROBORATED_SINGLE_DIMENSION; ZERO_MFA_FAILURES_OBSERVED,NO_ACTIONABLE_HYPOTHESIS
EMP12207,USER,yutika.dugar86,Legal,4.22,LOW,0.835,HIGH,0,1.0,Unknown,UNKNOWN,SUFFICIENT_HISTORY,ZERO_MFA_FAILURES_OBSERVED,NO_ACTIONABLE_HYPOTHESIS
EMP10895,USER,hardik.basu90,Sales,19.39,LOW,0.96,HIGH,0,1.0,Unknown,UNKNOWN,SUFFICIENT_HISTORY,ZERO_MFA_FAILURES_OBSERVED,NO_ACTIONABLE_HYPOTHESIS
EMP10496,USER,ati_chaudhary14,Marketing,4.22,LOW,0.835,HIGH,0,1.0,Unknown,UNKNOWN,SUFFICIENT_HISTORY,ZERO_MFA_FAILURES_OBSERVED,NO_ACTIONABLE_HYPOTHESIS
EMP12305,USER,viraj.chandran86,Customer Support,9.84,LOW,0.775,MEDIUM,0,1.0,Unknown,UNKNOWN,SUFFICIENT_HISTORY,ZERO_MFA_FAILURES_OBSERVED,NO_ACTIONABLE_HYPOTHESIS
EMP11782,USER,qadim.amble59,Customer Support,4.22,LOW,0.7383,MEDIUM,0,1.0,Unknown,UNKNOWN,SUFFICIENT_HISTORY,ZERO_MFA_FAILURES_OBSERVED,NO_ACTIONABLE_HYPOTHESIS
EMP10335,USER,fariq.saxena84,Finance,25.29,LOW,0.9273,HIGH,0,1.0,Unknown,UNKNOWN,SUFFICIENT_HISTORY,ZERO_MFA_FAILURES_OBSERVED,NO_ACTIONABLE_HYPOTHESIS
EMP10515,USER,Unknown,Human Resources,7.23,LOW,0.815,HIGH,0,1.0,Unknown,UNKNOWN,SUFFICIENT_HISTORY,ZERO_MFA_FAILURES_OBSERVED,NO_ACTIONABLE_HYPOTHESIS
EMP11348,USER,amaira.karpe43,Legal,16.86,LOW,0.815,HIGH,0,1.0,Unknown,UNKNOWN,SUFFICIENT_HISTORY,ZERO_MFA_FAILURES_OBSERVED,NO_ACTIONABLE_HYPOTHESIS
EMP11015,USER,eiravati.dyal26,IT,23.78,LOW,0.92,HIGH,0,1.0,Unknown,UNKNOWN,SUFFICIENT_HISTORY,ZERO_MFA_FAILURES_OBSERVED,NO_ACTIONABLE_HYPOTHESIS
EMP12893,USER,anay.dubey90,Support,8.43,LOW,1.0,HIGH,0,1.0,Unknown,UNKNOWN,SUFFICIENT_HISTORY,ZERO_MFA_FAILURES_OBSERVED,NO_ACTIONABLE_HYPOTHESIS
EMP11781,USER,vivaan.sur44,Finance,37.94,MODERATE,0.9273,HIGH,1,1.0,Unknown,UNKNOWN,SUFFICIENT_HISTORY,UNCORROBORATED_SINGLE_DIMENSION; ZERO_MFA_FAILURES_OBSERVED,NO_ACTIONABLE_HYPOTHESIS
EMP12569,USER,mitali.bhardwaj73,Human Resources,3.02,LOW,0.805,HIGH,0,1.0,Unknown,UNKNOWN,SUFFICIENT_HISTORY,ZERO_MFA_FAILURES_OBSERVED,NO_ACTIONABLE_HYPOTHESIS
EMP11785,USER,vidhi.banerjee77,Human Resources,0.0,LOW,0.805,HIGH,0,1.0,Unknown,UNKNOWN,SUFFICIENT_HISTORY,ZERO_MFA_FAILURES_OBSERVED,NO_ACTIONABLE_HYPOTHESIS
EMP12070,USER,Unknown,Customer Support,0.0,LOW,0.52,MEDIUM,0,1.0,Unknown,UNKNOWN,INSUFFICIENT_HISTORY,INSUFFICIENT_BASELINE_HISTORY; ZERO_MFA_FAILURES_OBSERVED,NO_ACTIONABLE_HYPOTHESIS
EMP10356,USER,samaksh.munshi71,Legal,0.0,LOW,0.815,HIGH,0,1.0,Unknown,UNKNOWN,SUFFICIENT_HISTORY,ZERO_MFA_FAILURES_OBSERVED,NO_ACTIONABLE_HYPOTHESIS
EMP12937,USER,turvi.garg83,Supply Chain,8.43,LOW,0.765,MEDIUM,0,1.0,Unknown,UNKNOWN,SUFFICIENT_HISTORY,ZERO_MFA_FAILURES_OBSERVED,NO_ACTIONABLE_HYPOTHESIS
EMP11312,USER,lekha.raman10,Operations,0.0,LOW,0.7383,MEDIUM,0,1.0,Unknown,UNKNOWN,SUFFICIENT_HISTORY,ZERO_MFA_FAILURES_OBSERVED,NO_ACTIONABLE_HYPOTHESIS
EMP11635,USER,varenya.gopal89,Sales,8.43,LOW,0.52,MEDIUM,0,1.0,Unknown,UNKNOWN,INSUFFICIENT_HISTORY,INSUFFICIENT_BASELINE_HISTORY; ZERO_MFA_FAILURES_OBSERVED,NO_ACTIONABLE_HYPOTHESIS
EMP10550,USER,harini.chakrabarti74,Marketing,0.0,LOW,0.805,HIGH,0,1.0,Unknown,UNKNOWN,SUFFICIENT_HISTORY,ZERO_MFA_FAILURES_OBSERVED,NO_ACTIONABLE_HYPOTHESIS
EMP12388,USER,edhitha.kurian21,Sales,16.86,LOW,0.765,MEDIUM,0,1.0,Unknown,UNKNOWN,SUFFICIENT_HISTORY,ZERO_MFA_FAILURES_OBSERVED,NO_ACTIONABLE_HYPOTHESIS
EMP12479,USER,abdul.nair65,Operations,5.27,LOW,0.45,LOW,0,1.0,Unknown,UNKNOWN,INSUFFICIENT_HISTORY,INSUFFICIENT_BASELINE_HISTORY; ZERO_MFA_FAILURES_OBSERVED,NO_ACTIONABLE_HYPOTHESIS
EMP12521,USER,jackson.sarma53,Brand,11.58,LOW,0.8506,HIGH,0,1.0,Unknown,UNKNOWN,SUFFICIENT_HISTORY,ZERO_MFA_FAILURES_OBSERVED,NO_ACTIONABLE_HYPOTHESIS
EMP12265,USER,charvi.saraf85,Supply Chain,10.54,LOW,0.55,MEDIUM,0,1.0,Unknown,UNKNOWN,INSUFFICIENT_HISTORY,INSUFFICIENT_BASELINE_HISTORY; ZERO_MFA_FAILURES_OBSERVED,NO_ACTIONABLE_HYPOTHESIS
EMP11227,USER,omya.mutti75,Human Resources,16.86,LOW,0.815,HIGH,0,1.0,Unknown,UNKNOWN,SUFFICIENT_HISTORY,ZERO_MFA_FAILURES_OBSERVED,NO_ACTIONABLE_HYPOTHESIS
EMP12762,USER,nathaniel.jhaveri55,Marketing,100.0,CRITICAL,0.7726,MEDIUM,3,1.5,Unknown,UNKNOWN,SUFFICIENT_HISTORY,ZERO_MFA_FAILURES_OBSERVED,POSSIBLE_CREDENTIAL_COMPROMISE; POSSIBLE_ACCOUNT_TAKEOVER; POSSIBLE_SUSPICIOUS_ENDPOINT_ACTIVITY; POSSIBLE_ANOMALOUS_DATA_EXFILTRATION
EMP10957,USER,gautami.chaudhry72,Innovation,8.43,LOW,0.865,HIGH,0,1.0,Unknown,UNKNOWN,SUFFICIENT_HISTORY,ZERO_MFA_FAILURES_OBSERVED,NO_ACTIONABLE_HYPOTHESIS
EMP11773,USER,osha.purohit36,Innovation,29.51,LOW,0.96,HIGH,1,1.0,Unknown,UNKNOWN,SUFFICIENT_HISTORY,ZERO_MFA_FAILURES_OBSERVED,NO_ACTIONABLE_HYPOTHESIS
EMP12141,USER,darpan.keer78,Legal,0.0,LOW,0.765,MEDIUM,0,1.0,Unknown,UNKNOWN,SUFFICIENT_HISTORY,ZERO_MFA_FAILURES_OBSERVED,NO_ACTIONABLE_HYPOTHESIS
EMP11008,USER,jason.ravi20,Operations,6.32,LOW,0.765,MEDIUM,0,1.0,Unknown,UNKNOWN,SUFFICIENT_HISTORY,ZERO_MFA_FAILURES_OBSERVED,NO_ACTIONABLE_HYPOTHESIS
EMP11092,USER,ati.kota16,Human Resources,8.43,LOW,0.815,HIGH,0,1.0,Unknown,UNKNOWN,SUFFICIENT_HISTORY,ZERO_MFA_FAILURES_OBSERVED,NO_ACTIONABLE_HYPOTHESIS
EMP12756,USER,karan.mohan54,Sales,0.0,LOW,0.695,MEDIUM,0,1.0,Unknown,UNKNOWN,SUFFICIENT_HISTORY,ZERO_MFA_FAILURES_OBSERVED,NO_ACTIONABLE_HYPOTHESIS
EMP10996,USER,oeshi.bal11,Finance,1.41,LOW,0.775,MEDIUM,0,1.0,Unknown,UNKNOWN,SUFFICIENT_HISTORY,ZERO_MFA_FAILURES_OBSERVED,NO_ACTIONABLE_HYPOTHESIS
EMP11679,USER,jacob.devan87,Procurement,16.86,LOW,1.0,HIGH,1,1.0,Unknown,UNKNOWN,SUFFICIENT_HISTORY,ZERO_MFA_FAILURES_OBSERVED,NO_ACTIONABLE_HYPOTHESIS
EMP10153,USER,arunima.lanka10,Operations,12.65,LOW,0.9385,HIGH,0,1.0,Unknown,UNKNOWN,SUFFICIENT_HISTORY,ZERO_MFA_FAILURES_OBSERVED,NO_ACTIONABLE_HYPOTHESIS
EMP12867,USER,banjeet.singh7,Legal,4.22,LOW,0.765,MEDIUM,0,1.0,Unknown,UNKNOWN,SUFFICIENT_HISTORY,ZERO_MFA_FAILURES_OBSERVED,NO_ACTIONABLE_HYPOTHESIS
EMP10580,USER,anay.palan12,Finance,4.22,LOW,0.35,LOW,0,1.0,Unknown,UNKNOWN,INSUFFICIENT_HISTORY,INSUFFICIENT_BASELINE_HISTORY; ZERO_MFA_FAILURES_OBSERVED,NO_ACTIONABLE_HYPOTHESIS
EMP11470,USER,vansha.lalla24,Marketing,13.7,LOW,0.805,HIGH,0,1.0,Unknown,UNKNOWN,SUFFICIENT_HISTORY,ZERO_MFA_FAILURES_OBSERVED,NO_ACTIONABLE_HYPOTHESIS
EMP10703,USER,rachana_nath10,Support,19.56,LOW,0.835,HIGH,0,1.0,Unknown,UNKNOWN,SUFFICIENT_HISTORY,ZERO_MFA_FAILURES_OBSERVED,NO_ACTIONABLE_HYPOTHESIS
EMP11212,USER,naksh.kalita55,Customer Support,4.22,LOW,0.7617,MEDIUM,0,1.0,Unknown,UNKNOWN,SUFFICIENT_HISTORY,ZERO_MFA_FAILURES_OBSERVED,NO_ACTIONABLE_HYPOTHESIS
EMP10896,USER,omisha.raju69,Sales,4.22,LOW,0.815,HIGH,0,1.0,Unknown,UNKNOWN,SUFFICIENT_HISTORY,ZERO_MFA_FAILURES_OBSERVED,NO_ACTIONABLE_HYPOTHESIS
EMP10487,USER,aadi.hari72,IT,0.0,LOW,0.835,HIGH,0,1.0,Unknown,UNKNOWN,SUFFICIENT_HISTORY,ZERO_MFA_FAILURES_OBSERVED,NO_ACTIONABLE_HYPOTHESIS
EMP10559,USER,elijah.mani33,R&D,9.48,LOW,0.815,HIGH,0,1.0,Unknown,UNKNOWN,SUFFICIENT_HISTORY,ZERO_MFA_FAILURES_OBSERVED,NO_ACTIONABLE_HYPOTHESIS
EMP11141,USER,champak.banerjee84,Sales,16.86,LOW,0.9667,HIGH,0,1.0,Unknown,UNKNOWN,SUFFICIENT_HISTORY,ZERO_MFA_FAILURES_OBSERVED,NO_ACTIONABLE_HYPOTHESIS
EMP11119,USER,rajeshri.wagle66,Operations,0.0,LOW,0.805,HIGH,0,1.0,Unknown,UNKNOWN,SUFFICIENT_HISTORY,ZERO_MFA_FAILURES_OBSERVED,NO_ACTIONABLE_HYPOTHESIS
EMP10512,USER,chanchal.karan62,Operations,0.0,LOW,0.775,MEDIUM,0,1.0,Unknown,UNKNOWN,SUFFICIENT_HISTORY,ZERO_MFA_FAILURES_OBSERVED,NO_ACTIONABLE_HYPOTHESIS
EMP10633,USER,pahal_sidhu88,Sales,12.65,LOW,0.9636,HIGH,0,1.0,Unknown,UNKNOWN,SUFFICIENT_HISTORY,ZERO_MFA_FAILURES_OBSERVED,NO_ACTIONABLE_HYPOTHESIS
EMP11664,USER,qabil.vig75,Procurement,21.08,LOW,1.0,HIGH,1,1.0,Unknown,UNKNOWN,SUFFICIENT_HISTORY,ZERO_MFA_FAILURES_OBSERVED,NO_ACTIONABLE_HYPOTHESIS
EMP11012,USER,shivansh.korpal9,R&D,52.7,MODERATE,1.0,HIGH,2,1.25,Unknown,UNKNOWN,SUFFICIENT_HISTORY,ZERO_MFA_FAILURES_OBSERVED,POSSIBLE_ANOMALOUS_DATA_EXFILTRATION
EMP11931,USER,tamanna.ravi2,IT,11.13,LOW,0.7383,MEDIUM,0,1.0,Unknown,UNKNOWN,SUFFICIENT_HISTORY,ZERO_MFA_FAILURES_OBSERVED,NO_ACTIONABLE_HYPOTHESIS
EMP11150,USER,nicholas.swaminathan78,Operations,2.11,LOW,0.765,MEDIUM,0,1.0,Unknown,UNKNOWN,SUFFICIENT_HISTORY,ZERO_MFA_FAILURES_OBSERVED,NO_ACTIONABLE_HYPOTHESIS
EMP12890,USER,vedhika.sami86,R&D,18.97,LOW,0.8506,HIGH,0,1.0,Unknown,UNKNOWN,SUFFICIENT_HISTORY,ZERO_MFA_FAILURES_OBSERVED,NO_ACTIONABLE_HYPOTHESIS
EMP10116,USER,wahab.bir90,Marketing,21.92,LOW,0.805,HIGH,0,1.0,Unknown,UNKNOWN,SUFFICIENT_HISTORY,ZERO_MFA_FAILURES_OBSERVED,NO_ACTIONABLE_HYPOTHESIS
EMP10740,USER,devansh.raman6,Finance,8.43,LOW,0.835,HIGH,0,1.0,Unknown,UNKNOWN,SUFFICIENT_HISTORY,ZERO_MFA_FAILURES_OBSERVED,NO_ACTIONABLE_HYPOTHESIS
EMP12846,USER,waida.som50,IT,0.0,LOW,0.775,MEDIUM,0,1.0,Unknown,UNKNOWN,SUFFICIENT_HISTORY,ZERO_MFA_FAILURES_OBSERVED,NO_ACTIONABLE_HYPOTHESIS
EMP11974,USER,wyatt.sibal38,IT Support,12.65,LOW,0.92,HIGH,0,1.0,Unknown,UNKNOWN,SUFFICIENT_HISTORY,ZERO_MFA_FAILURES_OBSERVED,NO_ACTIONABLE_HYPOTHESIS
EMP11081,USER,vanya.om40,Customer Support,4.22,LOW,0.835,HIGH,0,1.0,Unknown,UNKNOWN,SUFFICIENT_HISTORY,ZERO_MFA_FAILURES_OBSERVED,NO_ACTIONABLE_HYPOTHESIS
EMP11810,USER,isaiah.merchant78,IT Support,42.16,MODERATE,0.9714,HIGH,1,1.0,Unknown,UNKNOWN,SUFFICIENT_HISTORY,UNCORROBORATED_SINGLE_DIMENSION; ZERO_MFA_FAILURES_OBSERVED,NO_ACTIONABLE_HYPOTHESIS
EMP10830,USER,warjas.wason49,Procurement,37.94,MODERATE,0.9333,HIGH,1,1.0,Unknown,UNKNOWN,SUFFICIENT_HISTORY,UNCORROBORATED_SINGLE_DIMENSION; ZERO_MFA_FAILURES_OBSERVED,NO_ACTIONABLE_HYPOTHESIS
EMP10119,USER,orinder.sarraf83,IT,4.22,LOW,0.865,HIGH,0,1.0,Unknown,UNKNOWN,SUFFICIENT_HISTORY,ZERO_MFA_FAILURES_OBSERVED,NO_ACTIONABLE_HYPOTHESIS
EMP10656,USER,daksh.pau74,Customer Support,9.99,LOW,0.695,MEDIUM,0,1.0,Unknown,UNKNOWN,SUFFICIENT_HISTORY,ZERO_MFA_FAILURES_OBSERVED,NO_ACTIONABLE_HYPOTHESIS
EMP12815,USER,balhaar.khosla43,IT,7.59,LOW,0.29,LOW,0,1.0,Unknown,UNKNOWN,INSUFFICIENT_HISTORY,INSUFFICIENT_BASELINE_HISTORY; ZERO_MFA_FAILURES_OBSERVED,NO_ACTIONABLE_HYPOTHESIS
EMP12774,USER,baghyawati.kumer77,Human Resources,41.86,MODERATE,0.975,HIGH,1,1.0,Unknown,UNKNOWN,SUFFICIENT_HISTORY,UNCORROBORATED_SINGLE_DIMENSION; ZERO_MFA_FAILURES_OBSERVED,NO_ACTIONABLE_HYPOTHESIS
EMP10635,USER,lopa.sehgal19,IT,5.9,LOW,0.7383,MEDIUM,0,1.0,Unknown,UNKNOWN,SUFFICIENT_HISTORY,ZERO_MFA_FAILURES_OBSERVED,NO_ACTIONABLE_HYPOTHESIS
EMP10369,USER,jasmit.buch51,Customer Support,0.0,LOW,0.805,HIGH,0,1.0,Unknown,UNKNOWN,SUFFICIENT_HISTORY,ZERO_MFA_FAILURES_OBSERVED,NO_ACTIONABLE_HYPOTHESIS
EMP10268,USER,yagnesh.parikh71,Operations,18.97,LOW,0.815,HIGH,0,1.0,Unknown,UNKNOWN,SUFFICIENT_HISTORY,ZERO_MFA_FAILURES_OBSERVED,NO_ACTIONABLE_HYPOTHESIS
EMP10046,USER,aadi.boase41,Legal,0.0,LOW,0.815,HIGH,0,1.0,Unknown,UNKNOWN,SUFFICIENT_HISTORY,ZERO_MFA_FAILURES_OBSERVED,NO_ACTIONABLE_HYPOTHESIS
EMP10991,USER,anthony.vora42,Sales,4.22,LOW,0.715,MEDIUM,0,1.0,Unknown,UNKNOWN,SUFFICIENT_HISTORY,ZERO_MFA_FAILURES_OBSERVED,NO_ACTIONABLE_HYPOTHESIS
EMP10876,USER,aashi.sridhar24,Legal,8.43,LOW,0.865,HIGH,0,1.0,Unknown,UNKNOWN,SUFFICIENT_HISTORY,ZERO_MFA_FAILURES_OBSERVED,NO_ACTIONABLE_HYPOTHESIS
EMP10773,USER,banjeet.trivedi73,Finance,14.75,LOW,0.7383,MEDIUM,0,1.0,Unknown,UNKNOWN,SUFFICIENT_HISTORY,ZERO_MFA_FAILURES_OBSERVED,NO_ACTIONABLE_HYPOTHESIS
EMP11219,USER,nilima.nanda54,IT,21.08,LOW,0.8506,HIGH,0,1.0,Unknown,UNKNOWN,SUFFICIENT_HISTORY,ZERO_MFA_FAILURES_OBSERVED,NO_ACTIONABLE_HYPOTHESIS
EMP11126,USER,liam.murthy21,Finance,0.0,LOW,0.695,MEDIUM,0,1.0,Unknown,UNKNOWN,SUFFICIENT_HISTORY,ZERO_MFA_FAILURES_OBSERVED,NO_ACTIONABLE_HYPOTHESIS
EMP10004,USER,ekalinga.balan13,Operations,25.29,LOW,0.9385,HIGH,0,1.0,Unknown,UNKNOWN,SUFFICIENT_HISTORY,ZERO_MFA_FAILURES_OBSERVED,NO_ACTIONABLE_HYPOTHESIS
EMP11595,USER,xalak.sathe12,Human Resources,0.0,LOW,0.6717,MEDIUM,0,1.0,Unknown,UNKNOWN,SUFFICIENT_HISTORY,ZERO_MFA_FAILURES_OBSERVED,NO_ACTIONABLE_HYPOTHESIS
EMP12311,USER,vasatika.vig48,Procurement,16.86,LOW,0.9333,HIGH,0,1.0,Unknown,UNKNOWN,SUFFICIENT_HISTORY,ZERO_MFA_FAILURES_OBSERVED,NO_ACTIONABLE_HYPOTHESIS
EMP12958,USER,qadim.zachariah98,R&D,12.65,LOW,0.805,HIGH,0,1.0,Unknown,UNKNOWN,SUFFICIENT_HISTORY,ZERO_MFA_FAILURES_OBSERVED,NO_ACTIONABLE_HYPOTHESIS
EMP12491,USER,unni.salvi40,Sales,0.0,LOW,0.805,HIGH,0,1.0,Unknown,UNKNOWN,SUFFICIENT_HISTORY,ZERO_MFA_FAILURES_OBSERVED,NO_ACTIONABLE_HYPOTHESIS
EMP11077,USER,veer.sekhon76,Sales,1.69,LOW,0.805,HIGH,0,1.0,Unknown,UNKNOWN,SUFFICIENT_HISTORY,ZERO_MFA_FAILURES_OBSERVED,NO_ACTIONABLE_HYPOTHESIS
EMP10837,USER,Unknown,Customer Support,8.43,LOW,0.7383,MEDIUM,0,1.0,Unknown,UNKNOWN,SUFFICIENT_HISTORY,ZERO_MFA_FAILURES_OBSERVED,NO_ACTIONABLE_HYPOTHESIS
EMP10681,USER,abdul.mannan92,Support,0.0,LOW,0.775,MEDIUM,0,1.0,Unknown,UNKNOWN,SUFFICIENT_HISTORY,ZERO_MFA_FAILURES_OBSERVED,NO_ACTIONABLE_HYPOTHESIS
EMP11715,USER,harinakshi.kohli18,Support,21.08,LOW,0.9428,HIGH,1,1.0,Unknown,UNKNOWN,SUFFICIENT_HISTORY,ZERO_MFA_FAILURES_OBSERVED,NO_ACTIONABLE_HYPOTHESIS
EMP12352,USER,ojas.shere59,Operations,10.54,LOW,1.0,HIGH,0,1.0,Unknown,UNKNOWN,SUFFICIENT_HISTORY,ZERO_MFA_FAILURES_OBSERVED,NO_ACTIONABLE_HYPOTHESIS
EMP12617,USER,hemangini.sundaram15,Legal,0.0,LOW,0.815,HIGH,0,1.0,Unknown,UNKNOWN,SUFFICIENT_HISTORY,ZERO_MFA_FAILURES_OBSERVED,NO_ACTIONABLE_HYPOTHESIS
EMP12361,USER,ethan.jani95,Legal,8.43,LOW,0.8506,HIGH,0,1.0,Unknown,UNKNOWN,SUFFICIENT_HISTORY,ZERO_MFA_FAILURES_OBSERVED,NO_ACTIONABLE_HYPOTHESIS
EMP12197,USER,qasim.rout20,Human Resources,13.6,LOW,0.9273,HIGH,0,1.0,Unknown,UNKNOWN,SUFFICIENT_HISTORY,ZERO_MFA_FAILURES_OBSERVED,NO_ACTIONABLE_HYPOTHESIS
EMP11148,USER,bhanumati.mukhopadhyay71,Human Resources,21.08,LOW,0.825,HIGH,0,1.0,Unknown,UNKNOWN,SUFFICIENT_HISTORY,ZERO_MFA_FAILURES_OBSERVED,NO_ACTIONABLE_HYPOTHESIS
EMP10574,USER,forum_devi62,Marketing,19.67,LOW,0.835,HIGH,0,1.0,Unknown,UNKNOWN,SUFFICIENT_HISTORY,ZERO_MFA_FAILURES_OBSERVED,NO_ACTIONABLE_HYPOTHESIS
EMP10050,USER,zayan.pandit56,Procurement,12.65,LOW,0.92,HIGH,0,1.0,Unknown,UNKNOWN,SUFFICIENT_HISTORY,ZERO_MFA_FAILURES_OBSERVED,NO_ACTIONABLE_HYPOTHESIS
EMP10853,USER,Unknown,Legal,0.0,LOW,0.55,MEDIUM,0,1.0,Unknown,UNKNOWN,INSUFFICIENT_HISTORY,INSUFFICIENT_BASELINE_HISTORY; ZERO_MFA_FAILURES_OBSERVED,NO_ACTIONABLE_HYPOTHESIS
EMP11982,USER,parth.raval73,Human Resources,25.29,LOW,1.0,HIGH,0,1.0,Unknown,UNKNOWN,SUFFICIENT_HISTORY,ZERO_MFA_FAILURES_OBSERVED,NO_ACTIONABLE_HYPOTHESIS
EMP11823,USER,maanas.mangal75,Human Resources,24.89,LOW,0.805,HIGH,1,1.0,Unknown,UNKNOWN,SUFFICIENT_HISTORY,ZERO_MFA_FAILURES_OBSERVED,NO_ACTIONABLE_HYPOTHESIS
EMP10833,USER,jagdish.bhatia80,Human Resources,0.0,LOW,0.7617,MEDIUM,0,1.0,Unknown,UNKNOWN,SUFFICIENT_HISTORY,ZERO_MFA_FAILURES_OBSERVED,NO_ACTIONABLE_HYPOTHESIS
EMP11115,USER,ishaan.prabhakar11,Marketing,0.0,LOW,0.775,MEDIUM,0,1.0,Unknown,UNKNOWN,SUFFICIENT_HISTORY,ZERO_MFA_FAILURES_OBSERVED,NO_ACTIONABLE_HYPOTHESIS
EMP11166,USER,gauri.dass35,R&D,16.86,LOW,0.9636,HIGH,0,1.0,Unknown,UNKNOWN,SUFFICIENT_HISTORY,ZERO_MFA_FAILURES_OBSERVED,NO_ACTIONABLE_HYPOTHESIS
EMP12518,USER,rushil.kuruvilla99,Compliance,16.86,LOW,0.9636,HIGH,0,1.0,Unknown,UNKNOWN,SUFFICIENT_HISTORY,ZERO_MFA_FAILURES_OBSERVED,NO_ACTIONABLE_HYPOTHESIS
EMP11906,USER,abeer.palla55,Marketing,16.86,LOW,0.92,HIGH,0,1.0,Unknown,UNKNOWN,SUFFICIENT_HISTORY,ZERO_MFA_FAILURES_OBSERVED,NO_ACTIONABLE_HYPOTHESIS
EMP10971,USER,chavvi.loyal80,R&D,13.7,LOW,0.7778,MEDIUM,0,1.0,Unknown,UNKNOWN,SUFFICIENT_HISTORY,ZERO_MFA_FAILURES_OBSERVED,NO_ACTIONABLE_HYPOTHESIS
EMP12701,USER,baghyawati.nori89,R&D,0.0,LOW,0.835,HIGH,0,1.0,Unknown,UNKNOWN,SUFFICIENT_HISTORY,ZERO_MFA_FAILURES_OBSERVED,NO_ACTIONABLE_HYPOTHESIS
EMP10399,USER,dipta.date61,Human Resources,33.73,MODERATE,1.0,HIGH,1,1.0,Unknown,UNKNOWN,SUFFICIENT_HISTORY,UNCORROBORATED_SINGLE_DIMENSION; ZERO_MFA_FAILURES_OBSERVED,NO_ACTIONABLE_HYPOTHESIS
EMP12559,USER,tristan.agarwal66,Legal,29.51,LOW,1.0,HIGH,0,1.0,Unknown,UNKNOWN,SUFFICIENT_HISTORY,ZERO_MFA_FAILURES_OBSERVED,NO_ACTIONABLE_HYPOTHESIS
EMP12368,USER,lohit.sarma91,Marketing,25.29,LOW,0.9385,HIGH,0,1.0,Unknown,UNKNOWN,SUFFICIENT_HISTORY,ZERO_MFA_FAILURES_OBSERVED,NO_ACTIONABLE_HYPOTHESIS
EMP10019,USER,vasana_bhasin70,Sales,5.9,LOW,0.8506,HIGH,0,1.0,Unknown,UNKNOWN,SUFFICIENT_HISTORY,ZERO_MFA_FAILURES_OBSERVED,NO_ACTIONABLE_HYPOTHESIS
EMP10684,USER,kashish_sarin22,Brand,25.29,LOW,0.9667,HIGH,0,1.0,Unknown,UNKNOWN,SUFFICIENT_HISTORY,ZERO_MFA_FAILURES_OBSERVED,NO_ACTIONABLE_HYPOTHESIS
EMP10035,USER,tamanna.karan84,Call Center,4.22,LOW,0.775,MEDIUM,0,1.0,Unknown,UNKNOWN,SUFFICIENT_HISTORY,ZERO_MFA_FAILURES_OBSERVED,NO_ACTIONABLE_HYPOTHESIS
EMP12914,USER,timothy.doshi94,Sales,0.0,LOW,0.835,HIGH,0,1.0,Unknown,UNKNOWN,SUFFICIENT_HISTORY,ZERO_MFA_FAILURES_OBSERVED,NO_ACTIONABLE_HYPOTHESIS
EMP10524,USER,zarna.bora26,Call Center,16.86,LOW,0.7778,MEDIUM,0,1.0,Unknown,UNKNOWN,SUFFICIENT_HISTORY,ZERO_MFA_FAILURES_OBSERVED,NO_ACTIONABLE_HYPOTHESIS
EMP12455,USER,devansh.deshmukh67,Operations,21.08,LOW,0.895,HIGH,0,1.0,Unknown,UNKNOWN,SUFFICIENT_HISTORY,ZERO_MFA_FAILURES_OBSERVED,NO_ACTIONABLE_HYPOTHESIS
EMP10920,USER,lakshit.divan84,Legal,0.0,LOW,0.5014,MEDIUM,0,1.0,Unknown,UNKNOWN,INSUFFICIENT_TIMESTAMP_QUALITY,LOW_TIMESTAMP_QUALITY; ZERO_MFA_FAILURES_OBSERVED,NO_ACTIONABLE_HYPOTHESIS
EMP11841,USER,gaurav.gala79,IT Support,6.21,LOW,0.7778,MEDIUM,0,1.0,Unknown,UNKNOWN,SUFFICIENT_HISTORY,ZERO_MFA_FAILURES_OBSERVED,NO_ACTIONABLE_HYPOTHESIS
EMP11890,USER,zansi.baria53,Procurement,0.0,LOW,0.7778,MEDIUM,0,1.0,Unknown,UNKNOWN,SUFFICIENT_HISTORY,ZERO_MFA_FAILURES_OBSERVED,NO_ACTIONABLE_HYPOTHESIS
EMP10537,USER,kiaan.hari8,Finance,4.22,LOW,0.775,MEDIUM,0,1.0,Unknown,UNKNOWN,SUFFICIENT_HISTORY,ZERO_MFA_FAILURES_OBSERVED,NO_ACTIONABLE_HYPOTHESIS
EMP11705,USER,arin.bir11,Operations,12.65,LOW,0.8506,HIGH,0,1.0,Unknown,UNKNOWN,SUFFICIENT_HISTORY,ZERO_MFA_FAILURES_OBSERVED,NO_ACTIONABLE_HYPOTHESIS
EMP10245,USER,netra.mitter48,Procurement,21.08,LOW,1.0,HIGH,0,1.0,Unknown,UNKNOWN,SUFFICIENT_HISTORY,ZERO_MFA_FAILURES_OBSERVED,NO_ACTIONABLE_HYPOTHESIS
EMP10784,USER,charles.kohli47,Legal,12.65,LOW,1.0,HIGH,0,1.0,Unknown,UNKNOWN,SUFFICIENT_HISTORY,ZERO_MFA_FAILURES_OBSERVED,NO_ACTIONABLE_HYPOTHESIS
EMP11409,USER,anay.din8,Procurement,4.22,LOW,0.8506,HIGH,0,1.0,Unknown,UNKNOWN,SUFFICIENT_HISTORY,ZERO_MFA_FAILURES_OBSERVED,NO_ACTIONABLE_HYPOTHESIS
EMP12537,USER,girindra.peri83,Human Resources,12.65,LOW,0.96,HIGH,0,1.0,Unknown,UNKNOWN,SUFFICIENT_HISTORY,ZERO_MFA_FAILURES_OBSERVED,NO_ACTIONABLE_HYPOTHESIS
EMP10154,USER,gagan.pandey3,Operations,14.75,LOW,0.7778,MEDIUM,0,1.0,Unknown,UNKNOWN,SUFFICIENT_HISTORY,ZERO_MFA_FAILURES_OBSERVED,NO_ACTIONABLE_HYPOTHESIS
EMP11686,USER,ekani.bhat62,Operations,0.0,LOW,0.765,MEDIUM,0,1.0,Unknown,UNKNOWN,SUFFICIENT_HISTORY,ZERO_MFA_FAILURES_OBSERVED,NO_ACTIONABLE_HYPOTHESIS
EMP10625,USER,dominic.loyal90,Supply Chain,16.86,LOW,0.9636,HIGH,0,1.0,Unknown,UNKNOWN,SUFFICIENT_HISTORY,ZERO_MFA_FAILURES_OBSERVED,NO_ACTIONABLE_HYPOTHESIS
EMP12962,USER,meghana.sethi13,Human Resources,0.0,LOW,0.7778,MEDIUM,0,1.0,Unknown,UNKNOWN,SUFFICIENT_HISTORY,ZERO_MFA_FAILURES_OBSERVED,NO_ACTIONABLE_HYPOTHESIS
EMP11346,USER,anirudh.ahuja57,Human Resources,16.86,LOW,0.835,HIGH,1,1.0,Unknown,UNKNOWN,SUFFICIENT_HISTORY,ZERO_MFA_FAILURES_OBSERVED,NO_ACTIONABLE_HYPOTHESIS
EMP10569,USER,wridesh.bedi4,IT,8.43,LOW,0.8061,HIGH,0,1.0,Unknown,UNKNOWN,SUFFICIENT_HISTORY,ZERO_MFA_FAILURES_OBSERVED,NO_ACTIONABLE_HYPOTHESIS
EMP11758,USER,naksh.madan88,Procurement,25.29,LOW,0.8159,HIGH,0,1.0,Unknown,UNKNOWN,SUFFICIENT_HISTORY,ZERO_MFA_FAILURES_OBSERVED,NO_ACTIONABLE_HYPOTHESIS
EMP11816,USER,alexander.dhar96,Finance,8.43,LOW,0.895,HIGH,0,1.0,Unknown,UNKNOWN,SUFFICIENT_HISTORY,ZERO_MFA_FAILURES_OBSERVED,NO_ACTIONABLE_HYPOTHESIS
EMP12065,USER,dev.barad20,Procurement,21.08,LOW,0.9273,HIGH,0,1.0,Unknown,UNKNOWN,SUFFICIENT_HISTORY,ZERO_MFA_FAILURES_OBSERVED,NO_ACTIONABLE_HYPOTHESIS
EMP10127,USER,Unknown,Finance,0.0,LOW,0.7778,MEDIUM,0,1.0,Unknown,UNKNOWN,SUFFICIENT_HISTORY,ZERO_MFA_FAILURES_OBSERVED,NO_ACTIONABLE_HYPOTHESIS
EMP12006,USER,Unknown,Legal,4.22,LOW,0.835,HIGH,0,1.0,Unknown,UNKNOWN,SUFFICIENT_HISTORY,ZERO_MFA_FAILURES_OBSERVED,NO_ACTIONABLE_HYPOTHESIS
EMP10980,USER,imaran.dayal67,Procurement,8.43,LOW,0.695,MEDIUM,0,1.0,Unknown,UNKNOWN,SUFFICIENT_HISTORY,ZERO_MFA_FAILURES_OBSERVED,NO_ACTIONABLE_HYPOTHESIS
EMP10190,USER,anjali.ganesan67,Brand,21.08,LOW,0.9714,HIGH,0,1.0,Unknown,UNKNOWN,SUFFICIENT_HISTORY,ZERO_MFA_FAILURES_OBSERVED,NO_ACTIONABLE_HYPOTHESIS
EMP11139,USER,ranveer.rattan17,Operations,0.0,LOW,0.7778,MEDIUM,0,1.0,Unknown,UNKNOWN,SUFFICIENT_HISTORY,ZERO_MFA_FAILURES_OBSERVED,NO_ACTIONABLE_HYPOTHESIS
EMP10992,USER,charita.kala61,Procurement,8.43,LOW,0.7778,MEDIUM,0,1.0,Unknown,UNKNOWN,SUFFICIENT_HISTORY,ZERO_MFA_FAILURES_OBSERVED,NO_ACTIONABLE_HYPOTHESIS
EMP10699,USER,yatan.randhawa50,Operations,29.51,LOW,1.0,HIGH,1,1.0,Unknown,UNKNOWN,SUFFICIENT_HISTORY,ZERO_MFA_FAILURES_OBSERVED,NO_ACTIONABLE_HYPOTHESIS
EMP10606,USER,hemani.bose33,Operations,12.65,LOW,0.9667,HIGH,0,1.0,Unknown,UNKNOWN,SUFFICIENT_HISTORY,ZERO_MFA_FAILURES_OBSERVED,NO_ACTIONABLE_HYPOTHESIS
EMP10180,USER,bhavika.subramanian78,Support,0.0,LOW,0.7383,MEDIUM,0,1.0,Unknown,UNKNOWN,SUFFICIENT_HISTORY,ZERO_MFA_FAILURES_OBSERVED,NO_ACTIONABLE_HYPOTHESIS
EMP10301,USER,abeer.bhatnagar33,Finance,29.51,LOW,0.9428,HIGH,1,1.0,Unknown,UNKNOWN,SUFFICIENT_HISTORY,ZERO_MFA_FAILURES_OBSERVED,NO_ACTIONABLE_HYPOTHESIS
EMP12544,USER,jason.memon54,Finance,0.0,LOW,0.7383,MEDIUM,0,1.0,Unknown,UNKNOWN,SUFFICIENT_HISTORY,ZERO_MFA_FAILURES_OBSERVED,NO_ACTIONABLE_HYPOTHESIS
EMP12860,USER,isha.mand56,Marketing,4.22,LOW,0.7383,MEDIUM,0,1.0,Unknown,UNKNOWN,SUFFICIENT_HISTORY,ZERO_MFA_FAILURES_OBSERVED,NO_ACTIONABLE_HYPOTHESIS
EMP11060,USER,charan.dua15,R&D,0.0,LOW,0.805,HIGH,0,1.0,Unknown,UNKNOWN,SUFFICIENT_HISTORY,ZERO_MFA_FAILURES_OBSERVED,NO_ACTIONABLE_HYPOTHESIS
EMP12964,USER,samarth.patla52,Legal,12.65,LOW,0.8506,HIGH,0,1.0,Unknown,UNKNOWN,SUFFICIENT_HISTORY,ZERO_MFA_FAILURES_OBSERVED,NO_ACTIONABLE_HYPOTHESIS
EMP12565,USER,vanya.atwal53,Operations,8.43,LOW,0.865,HIGH,0,1.0,Unknown,UNKNOWN,SUFFICIENT_HISTORY,ZERO_MFA_FAILURES_OBSERVED,NO_ACTIONABLE_HYPOTHESIS
EMP11069,USER,vihaan.oak52,Procurement,29.51,LOW,0.825,HIGH,1,1.0,Unknown,UNKNOWN,SUFFICIENT_HISTORY,ZERO_MFA_FAILURES_OBSERVED,NO_ACTIONABLE_HYPOTHESIS
EMP12524,USER,dominic.talwar30,Supply Chain,12.65,LOW,0.765,MEDIUM,0,1.0,Unknown,UNKNOWN,SUFFICIENT_HISTORY,ZERO_MFA_FAILURES_OBSERVED,NO_ACTIONABLE_HYPOTHESIS
EMP12205,USER,avni.sani5,IT,0.0,LOW,0.775,MEDIUM,0,1.0,Unknown,UNKNOWN,SUFFICIENT_HISTORY,ZERO_MFA_FAILURES_OBSERVED,NO_ACTIONABLE_HYPOTHESIS
EMP11243,USER,Unknown,Compliance,4.22,LOW,0.49,LOW,0,1.0,Unknown,UNKNOWN,INSUFFICIENT_HISTORY,INSUFFICIENT_BASELINE_HISTORY; ZERO_MFA_FAILURES_OBSERVED,NO_ACTIONABLE_HYPOTHESIS
EMP10016,USER,jacob.ranganathan48,Finance,42.16,MODERATE,1.0,HIGH,1,1.0,Unknown,UNKNOWN,SUFFICIENT_HISTORY,UNCORROBORATED_SINGLE_DIMENSION; ZERO_MFA_FAILURES_OBSERVED,NO_ACTIONABLE_HYPOTHESIS
EMP10546,USER,bhanumati.ranganathan44,Human Resources,0.0,LOW,0.7383,MEDIUM,0,1.0,Unknown,UNKNOWN,SUFFICIENT_HISTORY,ZERO_MFA_FAILURES_OBSERVED,NO_ACTIONABLE_HYPOTHESIS
EMP10658,USER,nitesh.garg36,Operations,0.0,LOW,0.45,LOW,0,1.0,Unknown,UNKNOWN,INSUFFICIENT_HISTORY,INSUFFICIENT_BASELINE_HISTORY; ZERO_MFA_FAILURES_OBSERVED,NO_ACTIONABLE_HYPOTHESIS
EMP12787,USER,sachi.sane26,Customer Support,9.84,LOW,0.865,HIGH,0,1.0,Unknown,UNKNOWN,SUFFICIENT_HISTORY,ZERO_MFA_FAILURES_OBSERVED,NO_ACTIONABLE_HYPOTHESIS
EMP12818,USER,henry.nori8,Sales,5.9,LOW,0.7778,MEDIUM,0,1.0,Unknown,UNKNOWN,SUFFICIENT_HISTORY,ZERO_MFA_FAILURES_OBSERVED,NO_ACTIONABLE_HYPOTHESIS
EMP11504,USER,qabil.sharma49,IT,4.22,LOW,0.7617,MEDIUM,0,1.0,Unknown,UNKNOWN,SUFFICIENT_HISTORY,ZERO_MFA_FAILURES_OBSERVED,NO_ACTIONABLE_HYPOTHESIS
EMP10959,USER,ira.bhatnagar90,IT,29.51,LOW,0.8159,HIGH,0,1.0,Unknown,UNKNOWN,SUFFICIENT_HISTORY,ZERO_MFA_FAILURES_OBSERVED,NO_ACTIONABLE_HYPOTHESIS
EMP12331,USER,janani.dugar16,Customer Support,30.91,MODERATE,1.0,HIGH,1,1.0,Unknown,UNKNOWN,SUFFICIENT_HISTORY,UNCORROBORATED_SINGLE_DIMENSION; ZERO_MFA_FAILURES_OBSERVED,NO_ACTIONABLE_HYPOTHESIS
EMP10797,USER,harita.koshy69,Procurement,8.43,LOW,0.8506,HIGH,0,1.0,Unknown,UNKNOWN,SUFFICIENT_HISTORY,ZERO_MFA_FAILURES_OBSERVED,NO_ACTIONABLE_HYPOTHESIS
EMP10225,USER,aahana.rama22,Call Center,7.1,LOW,0.45,LOW,0,1.0,Unknown,UNKNOWN,INSUFFICIENT_HISTORY,INSUFFICIENT_BASELINE_HISTORY; ZERO_MFA_FAILURES_OBSERVED,NO_ACTIONABLE_HYPOTHESIS
EMP12074,USER,qadim.mallick75,Innovation,0.0,LOW,0.45,LOW,0,1.0,Unknown,UNKNOWN,INSUFFICIENT_HISTORY,INSUFFICIENT_BASELINE_HISTORY; ZERO_MFA_FAILURES_OBSERVED,NO_ACTIONABLE_HYPOTHESIS
EMP11799,USER,kamya.ganesan47,Legal,14.75,LOW,0.715,MEDIUM,0,1.0,Unknown,UNKNOWN,SUFFICIENT_HISTORY,ZERO_MFA_FAILURES_OBSERVED,NO_ACTIONABLE_HYPOTHESIS
EMP12485,USER,kamya.deo83,Support,12.65,LOW,0.895,HIGH,0,1.0,Unknown,UNKNOWN,SUFFICIENT_HISTORY,ZERO_MFA_FAILURES_OBSERVED,NO_ACTIONABLE_HYPOTHESIS
EMP12277,USER,luke.puri22,Human Resources,12.65,LOW,0.895,HIGH,0,1.0,Unknown,UNKNOWN,SUFFICIENT_HISTORY,ZERO_MFA_FAILURES_OBSERVED,NO_ACTIONABLE_HYPOTHESIS
EMP12085,USER,Unknown,Sales,25.29,LOW,0.9692,HIGH,0,1.0,Unknown,UNKNOWN,SUFFICIENT_HISTORY,ZERO_MFA_FAILURES_OBSERVED,NO_ACTIONABLE_HYPOTHESIS
EMP11693,USER,madhav.murthy19,Sales,8.43,LOW,0.895,HIGH,0,1.0,Unknown,UNKNOWN,SUFFICIENT_HISTORY,ZERO_MFA_FAILURES_OBSERVED,NO_ACTIONABLE_HYPOTHESIS
EMP11045,USER,anjali.bhalla61,R&D,0.0,LOW,0.7778,MEDIUM,0,1.0,Unknown,UNKNOWN,SUFFICIENT_HISTORY,ZERO_MFA_FAILURES_OBSERVED,NO_ACTIONABLE_HYPOTHESIS
EMP10469,USER,kavya.pandit75,R&D,20.02,LOW,0.8506,HIGH,0,1.0,Unknown,UNKNOWN,SUFFICIENT_HISTORY,ZERO_MFA_FAILURES_OBSERVED,NO_ACTIONABLE_HYPOTHESIS
EMP10954,USER,balendra.chada93,Support,16.86,LOW,0.92,HIGH,0,1.0,Unknown,UNKNOWN,SUFFICIENT_HISTORY,ZERO_MFA_FAILURES_OBSERVED,NO_ACTIONABLE_HYPOTHESIS
EMP12735,USER,irya.mall82,Brand,16.86,LOW,0.9428,HIGH,0,1.0,Unknown,UNKNOWN,SUFFICIENT_HISTORY,ZERO_MFA_FAILURES_OBSERVED,NO_ACTIONABLE_HYPOTHESIS
EMP10639,USER,gabriel.dugal63,Innovation,4.22,LOW,0.835,HIGH,0,1.0,Unknown,UNKNOWN,SUFFICIENT_HISTORY,ZERO_MFA_FAILURES_OBSERVED,NO_ACTIONABLE_HYPOTHESIS
EMP12863,USER,darsh_bera88,R&D,0.0,LOW,0.7778,MEDIUM,0,1.0,Unknown,UNKNOWN,SUFFICIENT_HISTORY,ZERO_MFA_FAILURES_OBSERVED,NO_ACTIONABLE_HYPOTHESIS
EMP11218,USER,karan.goda65,Marketing,37.94,MODERATE,1.0,HIGH,0,1.0,Unknown,UNKNOWN,SUFFICIENT_HISTORY,UNCORROBORATED_SINGLE_DIMENSION; ZERO_MFA_FAILURES_OBSERVED,NO_ACTIONABLE_HYPOTHESIS
EMP11158,USER,ikshita.sampath2,IT,11.8,LOW,0.835,HIGH,0,1.0,Unknown,UNKNOWN,SUFFICIENT_HISTORY,ZERO_MFA_FAILURES_OBSERVED,NO_ACTIONABLE_HYPOTHESIS
EMP11415,USER,nihal.varkey79,Finance,33.73,MODERATE,0.9428,HIGH,0,1.0,Unknown,UNKNOWN,SUFFICIENT_HISTORY,UNCORROBORATED_SINGLE_DIMENSION; ZERO_MFA_FAILURES_OBSERVED,NO_ACTIONABLE_HYPOTHESIS
EMP12934,USER,gaurav.bains91,Procurement,0.0,LOW,0.55,MEDIUM,0,1.0,Unknown,UNKNOWN,INSUFFICIENT_HISTORY,INSUFFICIENT_BASELINE_HISTORY; ZERO_MFA_FAILURES_OBSERVED,NO_ACTIONABLE_HYPOTHESIS
EMP11527,USER,Unknown,Human Resources,13.6,LOW,0.835,HIGH,0,1.0,Unknown,UNKNOWN,SUFFICIENT_HISTORY,ZERO_MFA_FAILURES_OBSERVED,NO_ACTIONABLE_HYPOTHESIS
EMP11300,USER,Unknown,IT,33.73,MODERATE,0.9714,HIGH,1,1.0,Unknown,UNKNOWN,SUFFICIENT_HISTORY,UNCORROBORATED_SINGLE_DIMENSION; ZERO_MFA_FAILURES_OBSERVED,NO_ACTIONABLE_HYPOTHESIS
EMP12952,USER,chakrika.ratta76,Innovation,21.08,LOW,0.7778,MEDIUM,1,1.0,Unknown,UNKNOWN,SUFFICIENT_HISTORY,ZERO_MFA_FAILURES_OBSERVED,NO_ACTIONABLE_HYPOTHESIS
EMP11603,USER,nicholas.tara41,Human Resources,9.22,LOW,0.7383,MEDIUM,0,1.0,Unknown,UNKNOWN,SUFFICIENT_HISTORY,ZERO_MFA_FAILURES_OBSERVED,NO_ACTIONABLE_HYPOTHESIS
EMP10160,USER,leena.dhar76,IT,21.08,LOW,0.825,HIGH,0,1.0,Unknown,UNKNOWN,SUFFICIENT_HISTORY,ZERO_MFA_FAILURES_OBSERVED,NO_ACTIONABLE_HYPOTHESIS
EMP11704,USER,abeer.goel2,Marketing,4.22,LOW,0.865,HIGH,0,1.0,Unknown,UNKNOWN,SUFFICIENT_HISTORY,ZERO_MFA_FAILURES_OBSERVED,NO_ACTIONABLE_HYPOTHESIS
EMP10956,USER,devika.contractor43,IT Support,8.43,LOW,0.805,HIGH,0,1.0,Unknown,UNKNOWN,SUFFICIENT_HISTORY,ZERO_MFA_FAILURES_OBSERVED,NO_ACTIONABLE_HYPOTHESIS
EMP10877,USER,amara.sawhney88,Human Resources,4.22,LOW,0.7778,MEDIUM,0,1.0,Unknown,UNKNOWN,SUFFICIENT_HISTORY,ZERO_MFA_FAILURES_OBSERVED,NO_ACTIONABLE_HYPOTHESIS
EMP11919,USER,aachal.tara39,Legal,8.43,LOW,0.96,HIGH,0,1.0,Unknown,UNKNOWN,SUFFICIENT_HISTORY,ZERO_MFA_FAILURES_OBSERVED,NO_ACTIONABLE_HYPOTHESIS
EMP11884,USER,ranbir.bobal52,IT Support,4.22,LOW,0.715,MEDIUM,0,1.0,Unknown,UNKNOWN,SUFFICIENT_HISTORY,ZERO_MFA_FAILURES_OBSERVED,NO_ACTIONABLE_HYPOTHESIS
EMP12200,USER,yatan.panchal49,Human Resources,6.12,LOW,0.4443,LOW,0,1.0,Unknown,UNKNOWN,INSUFFICIENT_TIMESTAMP_QUALITY,LOW_TIMESTAMP_QUALITY; ZERO_MFA_FAILURES_OBSERVED,NO_ACTIONABLE_HYPOTHESIS
EMP10098,USER,maya.yadav97,Innovation,4.22,LOW,0.815,HIGH,0,1.0,Unknown,UNKNOWN,SUFFICIENT_HISTORY,ZERO_MFA_FAILURES_OBSERVED,NO_ACTIONABLE_HYPOTHESIS
EMP12912,USER,chaitaly.seshadri29,Marketing,8.43,LOW,0.7383,MEDIUM,0,1.0,Unknown,UNKNOWN,SUFFICIENT_HISTORY,ZERO_MFA_FAILURES_OBSERVED,NO_ACTIONABLE_HYPOTHESIS
EMP12557,USER,brinda.sibal86,Human Resources,0.0,LOW,0.805,HIGH,0,1.0,Unknown,UNKNOWN,SUFFICIENT_HISTORY,ZERO_MFA_FAILURES_OBSERVED,NO_ACTIONABLE_HYPOTHESIS
EMP10253,USER,forum.sharma83,Legal,0.0,LOW,0.7778,MEDIUM,0,1.0,Unknown,UNKNOWN,SUFFICIENT_HISTORY,ZERO_MFA_FAILURES_OBSERVED,NO_ACTIONABLE_HYPOTHESIS
EMP10103,USER,ira.mohanty76,Procurement,1.69,LOW,0.775,MEDIUM,0,1.0,Unknown,UNKNOWN,SUFFICIENT_HISTORY,ZERO_MFA_FAILURES_OBSERVED,NO_ACTIONABLE_HYPOTHESIS
EMP11445,USER,urvashi_dugar39,Procurement,4.22,LOW,0.835,HIGH,0,1.0,Unknown,UNKNOWN,SUFFICIENT_HISTORY,ZERO_MFA_FAILURES_OBSERVED,NO_ACTIONABLE_HYPOTHESIS
EMP11443,USER,xavier.sarma77,Operations,12.65,LOW,0.9273,HIGH,0,1.0,Unknown,UNKNOWN,SUFFICIENT_HISTORY,ZERO_MFA_FAILURES_OBSERVED,NO_ACTIONABLE_HYPOTHESIS
EMP11648,USER,parth.varma79,Marketing,52.7,MODERATE,0.8393,HIGH,2,1.25,Unknown,UNKNOWN,SUFFICIENT_HISTORY,ZERO_MFA_FAILURES_OBSERVED,POSSIBLE_ACCOUNT_TAKEOVER
EMP10586,USER,nicholas.tailor28,Human Resources,12.65,LOW,0.8506,HIGH,0,1.0,Unknown,UNKNOWN,SUFFICIENT_HISTORY,ZERO_MFA_FAILURES_OBSERVED,NO_ACTIONABLE_HYPOTHESIS
EMP10627,USER,tara.devan13,Operations,21.08,LOW,0.9636,HIGH,0,1.0,Unknown,UNKNOWN,SUFFICIENT_HISTORY,ZERO_MFA_FAILURES_OBSERVED,NO_ACTIONABLE_HYPOTHESIS
EMP11696,USER,amrita.saran42,Sales,8.43,LOW,0.715,MEDIUM,0,1.0,Unknown,UNKNOWN,SUFFICIENT_HISTORY,ZERO_MFA_FAILURES_OBSERVED,NO_ACTIONABLE_HYPOTHESIS
EMP12101,USER,agastya.sule56,Legal,0.0,LOW,0.7383,MEDIUM,0,1.0,Unknown,UNKNOWN,SUFFICIENT_HISTORY,ZERO_MFA_FAILURES_OBSERVED,NO_ACTIONABLE_HYPOTHESIS
EMP12199,USER,deepa.verma2,Finance,10.54,LOW,0.7778,MEDIUM,0,1.0,Unknown,UNKNOWN,SUFFICIENT_HISTORY,ZERO_MFA_FAILURES_OBSERVED,NO_ACTIONABLE_HYPOTHESIS
EMP10403,USER,ethan.setty54,Support,21.08,LOW,1.0,HIGH,1,1.0,Unknown,UNKNOWN,SUFFICIENT_HISTORY,ZERO_MFA_FAILURES_OBSERVED,NO_ACTIONABLE_HYPOTHESIS
EMP11154,USER,rachita.peri30,Compliance,0.0,LOW,0.765,MEDIUM,0,1.0,Unknown,UNKNOWN,SUFFICIENT_HISTORY,ZERO_MFA_FAILURES_OBSERVED,NO_ACTIONABLE_HYPOTHESIS
EMP12255,USER,ekbal.vaidya45,Finance,16.86,LOW,0.96,HIGH,0,1.0,Unknown,UNKNOWN,SUFFICIENT_HISTORY,ZERO_MFA_FAILURES_OBSERVED,NO_ACTIONABLE_HYPOTHESIS
EMP11682,USER,azad.sahota28,Compliance,16.86,LOW,0.825,HIGH,0,1.0,Unknown,UNKNOWN,SUFFICIENT_HISTORY,ZERO_MFA_FAILURES_OBSERVED,NO_ACTIONABLE_HYPOTHESIS
EMP12056,USER,Unknown,Compliance,12.65,LOW,0.7383,MEDIUM,0,1.0,Unknown,UNKNOWN,SUFFICIENT_HISTORY,ZERO_MFA_FAILURES_OBSERVED,NO_ACTIONABLE_HYPOTHESIS
EMP12929,USER,triveni.prasad4,R&D,15.81,LOW,0.7383,MEDIUM,1,1.0,Unknown,UNKNOWN,SUFFICIENT_HISTORY,ZERO_MFA_FAILURES_OBSERVED,NO_ACTIONABLE_HYPOTHESIS
EMP10452,USER,udyati.sangha89,Innovation,16.86,LOW,0.815,HIGH,0,1.0,Unknown,UNKNOWN,SUFFICIENT_HISTORY,ZERO_MFA_FAILURES_OBSERVED,NO_ACTIONABLE_HYPOTHESIS
EMP12301,USER,yauvani.viswanathan80,Human Resources,8.43,LOW,0.865,HIGH,0,1.0,Unknown,UNKNOWN,SUFFICIENT_HISTORY,ZERO_MFA_FAILURES_OBSERVED,NO_ACTIONABLE_HYPOTHESIS
EMP11327,USER,zayyan.naidu85,Human Resources,5.17,LOW,0.8061,HIGH,0,1.0,Unknown,UNKNOWN,SUFFICIENT_HISTORY,ZERO_MFA_FAILURES_OBSERVED,NO_ACTIONABLE_HYPOTHESIS
EMP12049,USER,kalpit.bahri99,Operations,29.51,LOW,0.96,HIGH,1,1.0,Unknown,UNKNOWN,SUFFICIENT_HISTORY,ZERO_MFA_FAILURES_OBSERVED,NO_ACTIONABLE_HYPOTHESIS
EMP10880,USER,advay.sekhon37,Operations,0.0,LOW,0.7383,MEDIUM,0,1.0,Unknown,UNKNOWN,SUFFICIENT_HISTORY,ZERO_MFA_FAILURES_OBSERVED,NO_ACTIONABLE_HYPOTHESIS
EMP10623,USER,deepa.bahl95,Customer Support,12.65,LOW,1.0,HIGH,0,1.0,Unknown,UNKNOWN,SUFFICIENT_HISTORY,ZERO_MFA_FAILURES_OBSERVED,NO_ACTIONABLE_HYPOTHESIS
EMP12393,USER,fitan.vohra30,Procurement,37.94,MODERATE,0.9428,HIGH,1,1.0,Unknown,UNKNOWN,SUFFICIENT_HISTORY,UNCORROBORATED_SINGLE_DIMENSION; ZERO_MFA_FAILURES_OBSERVED,NO_ACTIONABLE_HYPOTHESIS
EMP12856,USER,bishakha.vohra41,Procurement,12.65,LOW,0.9273,HIGH,0,1.0,Unknown,UNKNOWN,SUFFICIENT_HISTORY,ZERO_MFA_FAILURES_OBSERVED,NO_ACTIONABLE_HYPOTHESIS
EMP11787,USER,lajita.buch96,Compliance,21.08,LOW,0.895,HIGH,0,1.0,Unknown,UNKNOWN,SUFFICIENT_HISTORY,ZERO_MFA_FAILURES_OBSERVED,NO_ACTIONABLE_HYPOTHESIS
EMP10262,USER,ekaraj_bhatnagar68,Operations,8.43,LOW,0.9273,HIGH,0,1.0,Unknown,UNKNOWN,SUFFICIENT_HISTORY,ZERO_MFA_FAILURES_OBSERVED,NO_ACTIONABLE_HYPOTHESIS
EMP11634,USER,xavier.thaker63,Marketing,37.94,MODERATE,1.0,HIGH,1,1.0,Unknown,UNKNOWN,SUFFICIENT_HISTORY,UNCORROBORATED_SINGLE_DIMENSION; ZERO_MFA_FAILURES_OBSERVED,NO_ACTIONABLE_HYPOTHESIS
EMP11438,USER,joshua.patel12,Support,8.43,LOW,0.8061,HIGH,0,1.0,Unknown,UNKNOWN,SUFFICIENT_HISTORY,ZERO_MFA_FAILURES_OBSERVED,NO_ACTIONABLE_HYPOTHESIS
EMP12198,USER,abhiram.bhatt67,Customer Support,0.0,LOW,0.775,MEDIUM,0,1.0,Unknown,UNKNOWN,SUFFICIENT_HISTORY,ZERO_MFA_FAILURES_OBSERVED,NO_ACTIONABLE_HYPOTHESIS
EMP11969,USER,theodore.pandya55,Compliance,4.22,LOW,0.55,MEDIUM,0,1.0,Unknown,UNKNOWN,INSUFFICIENT_HISTORY,INSUFFICIENT_BASELINE_HISTORY; ZERO_MFA_FAILURES_OBSERVED,NO_ACTIONABLE_HYPOTHESIS
EMP12520,USER,anamika.hegde80,R&D,24.24,LOW,0.7778,MEDIUM,1,1.0,Unknown,UNKNOWN,SUFFICIENT_HISTORY,ZERO_MFA_FAILURES_OBSERVED,NO_ACTIONABLE_HYPOTHESIS
EMP11802,USER,hemani.saxena71,IT Support,10.42,LOW,0.815,HIGH,0,1.0,Unknown,UNKNOWN,SUFFICIENT_HISTORY,ZERO_MFA_FAILURES_OBSERVED,NO_ACTIONABLE_HYPOTHESIS
EMP10640,USER,raksha.chandra35,Legal,8.43,LOW,0.52,MEDIUM,0,1.0,Unknown,UNKNOWN,INSUFFICIENT_HISTORY,INSUFFICIENT_BASELINE_HISTORY; ZERO_MFA_FAILURES_OBSERVED,NO_ACTIONABLE_HYPOTHESIS
EMP12385,USER,tanveer.kapur63,R&D,21.08,LOW,1.0,HIGH,0,1.0,Unknown,UNKNOWN,SUFFICIENT_HISTORY,ZERO_MFA_FAILURES_OBSERVED,NO_ACTIONABLE_HYPOTHESIS
EMP12598,USER,teerth.naidu2,IT Support,4.22,LOW,0.7778,MEDIUM,0,1.0,Unknown,UNKNOWN,SUFFICIENT_HISTORY,ZERO_MFA_FAILURES_OBSERVED,NO_ACTIONABLE_HYPOTHESIS
EMP12915,USER,ria.dar13,Finance,30.35,MODERATE,1.0,HIGH,0,1.0,Unknown,UNKNOWN,SUFFICIENT_HISTORY,UNCORROBORATED_SINGLE_DIMENSION; ZERO_MFA_FAILURES_OBSERVED,NO_ACTIONABLE_HYPOTHESIS
EMP11959,USER,nathaniel.das13,R&D,18.97,LOW,0.7617,MEDIUM,0,1.0,Unknown,UNKNOWN,SUFFICIENT_HISTORY,ZERO_MFA_FAILURES_OBSERVED,NO_ACTIONABLE_HYPOTHESIS
EMP10488,USER,maanas.anand32,IT,12.65,LOW,0.7796,MEDIUM,0,1.0,Unknown,UNKNOWN,SUFFICIENT_HISTORY,ZERO_MFA_FAILURES_OBSERVED,NO_ACTIONABLE_HYPOTHESIS
EMP11843,USER,sarthak.baria90,Support,8.43,LOW,0.895,HIGH,0,1.0,Unknown,UNKNOWN,SUFFICIENT_HISTORY,ZERO_MFA_FAILURES_OBSERVED,NO_ACTIONABLE_HYPOTHESIS
EMP11734,USER,arunima.chad1,IT Support,0.0,LOW,0.805,HIGH,0,1.0,Unknown,UNKNOWN,SUFFICIENT_HISTORY,ZERO_MFA_FAILURES_OBSERVED,NO_ACTIONABLE_HYPOTHESIS
EMP10146,USER,maanas.reddy9,Finance,4.22,LOW,0.835,HIGH,0,1.0,Unknown,UNKNOWN,SUFFICIENT_HISTORY,ZERO_MFA_FAILURES_OBSERVED,NO_ACTIONABLE_HYPOTHESIS
EMP11534,USER,xavier.bal12,Customer Support,0.0,LOW,0.7383,MEDIUM,0,1.0,Unknown,UNKNOWN,SUFFICIENT_HISTORY,ZERO_MFA_FAILURES_OBSERVED,NO_ACTIONABLE_HYPOTHESIS
EMP11986,USER,yahvi.bhat30,Customer Support,0.0,LOW,0.765,MEDIUM,0,1.0,Unknown,UNKNOWN,SUFFICIENT_HISTORY,ZERO_MFA_FAILURES_OBSERVED,NO_ACTIONABLE_HYPOTHESIS
EMP11369,USER,sachi.mishra30,Marketing,19.39,LOW,0.7778,MEDIUM,0,1.0,Unknown,UNKNOWN,SUFFICIENT_HISTORY,ZERO_MFA_FAILURES_OBSERVED,NO_ACTIONABLE_HYPOTHESIS
EMP12450,USER,hiral.bansal2,R&D,29.51,LOW,1.0,HIGH,0,1.0,Unknown,UNKNOWN,SUFFICIENT_HISTORY,ZERO_MFA_FAILURES_OBSERVED,NO_ACTIONABLE_HYPOTHESIS
EMP12811,USER,forum_kala10,Procurement,5.9,LOW,0.805,HIGH,0,1.0,Unknown,UNKNOWN,SUFFICIENT_HISTORY,ZERO_MFA_FAILURES_OBSERVED,NO_ACTIONABLE_HYPOTHESIS
EMP10659,USER,pahal.sethi94,Customer Support,0.0,LOW,0.865,HIGH,0,1.0,Unknown,UNKNOWN,SUFFICIENT_HISTORY,ZERO_MFA_FAILURES_OBSERVED,NO_ACTIONABLE_HYPOTHESIS
EMP11794,USER,chatura.gopal50,Procurement,8.43,LOW,0.8061,HIGH,0,1.0,Unknown,UNKNOWN,SUFFICIENT_HISTORY,ZERO_MFA_FAILURES_OBSERVED,NO_ACTIONABLE_HYPOTHESIS
EMP12511,USER,ekani.subramanian65,Human Resources,0.0,LOW,0.695,MEDIUM,0,1.0,Unknown,UNKNOWN,SUFFICIENT_HISTORY,ZERO_MFA_FAILURES_OBSERVED,NO_ACTIONABLE_HYPOTHESIS
EMP10186,USER,ishwar.bora23,R&D,0.0,LOW,0.7778,MEDIUM,0,1.0,Unknown,UNKNOWN,SUFFICIENT_HISTORY,ZERO_MFA_FAILURES_OBSERVED,NO_ACTIONABLE_HYPOTHESIS
EMP11147,USER,yashodhara.minhas2,Support,11.8,LOW,0.695,MEDIUM,0,1.0,Unknown,UNKNOWN,SUFFICIENT_HISTORY,ZERO_MFA_FAILURES_OBSERVED,NO_ACTIONABLE_HYPOTHESIS
EMP10608,USER,yagnesh.dutta71,Call Center,8.43,LOW,0.9273,HIGH,0,1.0,Unknown,UNKNOWN,SUFFICIENT_HISTORY,ZERO_MFA_FAILURES_OBSERVED,NO_ACTIONABLE_HYPOTHESIS
EMP12191,USER,varsha.sekhon93,Operations,4.22,LOW,0.835,HIGH,0,1.0,Unknown,UNKNOWN,SUFFICIENT_HISTORY,ZERO_MFA_FAILURES_OBSERVED,NO_ACTIONABLE_HYPOTHESIS
EMP12799,USER,yashodhara.desai66,Operations,4.22,LOW,0.805,HIGH,0,1.0,Unknown,UNKNOWN,SUFFICIENT_HISTORY,ZERO_MFA_FAILURES_OBSERVED,NO_ACTIONABLE_HYPOTHESIS
EMP11930,USER,upma.mani95,Operations,2.11,LOW,0.815,HIGH,0,1.0,Unknown,UNKNOWN,SUFFICIENT_HISTORY,ZERO_MFA_FAILURES_OBSERVED,NO_ACTIONABLE_HYPOTHESIS
EMP10197,USER,fitan.om64,Customer Support,5.62,LOW,0.8506,HIGH,0,1.0,Unknown,UNKNOWN,SUFFICIENT_HISTORY,ZERO_MFA_FAILURES_OBSERVED,NO_ACTIONABLE_HYPOTHESIS
EMP12327,USER,forum.kaur45,Finance,10.54,LOW,0.7207,MEDIUM,0,1.0,Unknown,UNKNOWN,SUFFICIENT_HISTORY,ZERO_MFA_FAILURES_OBSERVED,NO_ACTIONABLE_HYPOTHESIS
EMP10293,USER,Unknown,Call Center,14.16,LOW,0.835,HIGH,0,1.0,Unknown,UNKNOWN,SUFFICIENT_HISTORY,ZERO_MFA_FAILURES_OBSERVED,NO_ACTIONABLE_HYPOTHESIS
EMP10766,USER,vedika_kala75,Sales,4.22,LOW,0.835,HIGH,0,1.0,Unknown,UNKNOWN,SUFFICIENT_HISTORY,ZERO_MFA_FAILURES_OBSERVED,NO_ACTIONABLE_HYPOTHESIS
EMP10400,USER,hemang.rana70,Legal,4.22,LOW,0.8061,HIGH,0,1.0,Unknown,UNKNOWN,SUFFICIENT_HISTORY,ZERO_MFA_FAILURES_OBSERVED,NO_ACTIONABLE_HYPOTHESIS
EMP10122,USER,osha.chakraborty87,Legal,16.86,LOW,0.3867,LOW,1,1.0,Unknown,UNKNOWN,INSUFFICIENT_HISTORY,INSUFFICIENT_BASELINE_HISTORY; ZERO_MFA_FAILURES_OBSERVED,NO_ACTIONABLE_HYPOTHESIS
EMP10202,USER,adweta.bera51,R&D,8.43,LOW,0.92,HIGH,0,1.0,Unknown,UNKNOWN,SUFFICIENT_HISTORY,ZERO_MFA_FAILURES_OBSERVED,NO_ACTIONABLE_HYPOTHESIS
EMP10835,USER,samesh.amble26,Legal,0.0,LOW,0.7383,MEDIUM,0,1.0,Unknown,UNKNOWN,SUFFICIENT_HISTORY,ZERO_MFA_FAILURES_OBSERVED,NO_ACTIONABLE_HYPOTHESIS
EMP12294,USER,Unknown,Legal,0.0,LOW,0.7383,MEDIUM,0,1.0,Unknown,UNKNOWN,SUFFICIENT_HISTORY,ZERO_MFA_FAILURES_OBSERVED,NO_ACTIONABLE_HYPOTHESIS
EMP11439,USER,bhavya.morar24,R&D,22.13,LOW,0.52,MEDIUM,1,1.0,Unknown,UNKNOWN,INSUFFICIENT_HISTORY,INSUFFICIENT_BASELINE_HISTORY; ZERO_MFA_FAILURES_OBSERVED,NO_ACTIONABLE_HYPOTHESIS
EMP11733,USER,vivaan.sagar91,Marketing,4.22,LOW,0.7383,MEDIUM,0,1.0,Unknown,UNKNOWN,SUFFICIENT_HISTORY,ZERO_MFA_FAILURES_OBSERVED,NO_ACTIONABLE_HYPOTHESIS
EMP11695,USER,fiyaz.mishra48,Finance,4.22,LOW,0.815,HIGH,0,1.0,Unknown,UNKNOWN,SUFFICIENT_HISTORY,ZERO_MFA_FAILURES_OBSERVED,NO_ACTIONABLE_HYPOTHESIS
EMP11707,USER,hemal_rama76,Finance,29.51,LOW,0.9273,HIGH,0,1.0,Unknown,UNKNOWN,SUFFICIENT_HISTORY,ZERO_MFA_FAILURES_OBSERVED,NO_ACTIONABLE_HYPOTHESIS
EMP12999,USER,girik.upadhyay76,Human Resources,8.43,LOW,0.7778,MEDIUM,0,1.0,Unknown,UNKNOWN,SUFFICIENT_HISTORY,ZERO_MFA_FAILURES_OBSERVED,NO_ACTIONABLE_HYPOTHESIS
EMP11153,USER,zehaan.ahluwalia27,R&D,12.65,LOW,0.865,HIGH,0,1.0,Unknown,UNKNOWN,SUFFICIENT_HISTORY,ZERO_MFA_FAILURES_OBSERVED,NO_ACTIONABLE_HYPOTHESIS
EMP11661,USER,rachana.badami21,Finance,6.32,LOW,0.45,LOW,0,1.0,Unknown,UNKNOWN,INSUFFICIENT_HISTORY,INSUFFICIENT_BASELINE_HISTORY; ZERO_MFA_FAILURES_OBSERVED,NO_ACTIONABLE_HYPOTHESIS
EMP12432,USER,bhavika.mangat15,Support,12.65,LOW,0.865,HIGH,0,1.0,Unknown,UNKNOWN,SUFFICIENT_HISTORY,ZERO_MFA_FAILURES_OBSERVED,NO_ACTIONABLE_HYPOTHESIS
EMP11759,USER,gautami.chaudhary73,IT,4.22,LOW,0.775,MEDIUM,0,1.0,Unknown,UNKNOWN,SUFFICIENT_HISTORY,ZERO_MFA_FAILURES_OBSERVED,NO_ACTIONABLE_HYPOTHESIS
EMP10854,USER,upkaar_pathak71,Operations,4.22,LOW,0.96,HIGH,0,1.0,Unknown,UNKNOWN,SUFFICIENT_HISTORY,ZERO_MFA_FAILURES_OBSERVED,NO_ACTIONABLE_HYPOTHESIS
EMP11589,USER,gaurangi.patel7,Operations,8.43,LOW,0.7207,MEDIUM,0,1.0,Unknown,UNKNOWN,SUFFICIENT_HISTORY,ZERO_MFA_FAILURES_OBSERVED,NO_ACTIONABLE_HYPOTHESIS
EMP12267,USER,nandini.sabharwal70,Customer Support,11.08,LOW,0.8061,HIGH,0,1.0,Unknown,UNKNOWN,SUFFICIENT_HISTORY,ZERO_MFA_FAILURES_OBSERVED,NO_ACTIONABLE_HYPOTHESIS
EMP10641,USER,qadim.kari79,R&D,12.65,LOW,0.895,HIGH,0,1.0,Unknown,UNKNOWN,SUFFICIENT_HISTORY,ZERO_MFA_FAILURES_OBSERVED,NO_ACTIONABLE_HYPOTHESIS
EMP10001,USER,anjali.sandal70,Human Resources,19.88,LOW,0.895,HIGH,0,1.0,Unknown,UNKNOWN,SUFFICIENT_HISTORY,ZERO_MFA_FAILURES_OBSERVED,NO_ACTIONABLE_HYPOTHESIS
EMP12160,USER,ladli.chanda88,IT Support,29.51,LOW,0.9273,HIGH,1,1.0,Unknown,UNKNOWN,SUFFICIENT_HISTORY,ZERO_MFA_FAILURES_OBSERVED,NO_ACTIONABLE_HYPOTHESIS
EMP10698,USER,yashvi.korpal54,R&D,37.94,MODERATE,0.9636,HIGH,1,1.0,Unknown,UNKNOWN,SUFFICIENT_HISTORY,UNCORROBORATED_SINGLE_DIMENSION; ZERO_MFA_FAILURES_OBSERVED,NO_ACTIONABLE_HYPOTHESIS
EMP11636,USER,yasti.wagle42,Finance,18.97,LOW,0.835,HIGH,0,1.0,Unknown,UNKNOWN,SUFFICIENT_HISTORY,ZERO_MFA_FAILURES_OBSERVED,NO_ACTIONABLE_HYPOTHESIS
EMP11291,USER,gayathri.cherian73,Innovation,0.0,LOW,0.805,HIGH,0,1.0,Unknown,UNKNOWN,SUFFICIENT_HISTORY,ZERO_MFA_FAILURES_OBSERVED,NO_ACTIONABLE_HYPOTHESIS
EMP12941,USER,sarthak.aggarwal71,Sales,8.43,LOW,0.835,HIGH,0,1.0,Unknown,UNKNOWN,SUFFICIENT_HISTORY,ZERO_MFA_FAILURES_OBSERVED,NO_ACTIONABLE_HYPOTHESIS
EMP12489,USER,ronith.toor73,Human Resources,0.0,LOW,0.775,MEDIUM,0,1.0,Unknown,UNKNOWN,SUFFICIENT_HISTORY,ZERO_MFA_FAILURES_OBSERVED,NO_ACTIONABLE_HYPOTHESIS
EMP11520,USER,kevin.vig54,Marketing,4.22,LOW,0.835,HIGH,0,1.0,Unknown,UNKNOWN,SUFFICIENT_HISTORY,ZERO_MFA_FAILURES_OBSERVED,NO_ACTIONABLE_HYPOTHESIS
EMP11853,USER,falak.konda81,Operations,33.73,MODERATE,0.9385,HIGH,1,1.0,Unknown,UNKNOWN,SUFFICIENT_HISTORY,UNCORROBORATED_SINGLE_DIMENSION; ZERO_MFA_FAILURES_OBSERVED,NO_ACTIONABLE_HYPOTHESIS
EMP11136,USER,chaman_ravi35,Operations,0.0,LOW,0.835,HIGH,0,1.0,Unknown,UNKNOWN,SUFFICIENT_HISTORY,ZERO_MFA_FAILURES_OBSERVED,NO_ACTIONABLE_HYPOTHESIS
EMP12984,USER,krish.nair87,Customer Support,12.65,LOW,0.7207,MEDIUM,0,1.0,Unknown,UNKNOWN,SUFFICIENT_HISTORY,ZERO_MFA_FAILURES_OBSERVED,NO_ACTIONABLE_HYPOTHESIS
EMP11631,USER,libni.ahuja85,Operations,0.0,LOW,0.8506,HIGH,0,1.0,Unknown,UNKNOWN,SUFFICIENT_HISTORY,ZERO_MFA_FAILURES_OBSERVED,NO_ACTIONABLE_HYPOTHESIS
EMP11998,USER,nakul.sastry75,R&D,15.81,LOW,0.7617,MEDIUM,0,1.0,Unknown,UNKNOWN,SUFFICIENT_HISTORY,ZERO_MFA_FAILURES_OBSERVED,NO_ACTIONABLE_HYPOTHESIS
EMP10663,USER,urmi.dixit82,Sales,6.74,LOW,0.7778,MEDIUM,0,1.0,Unknown,UNKNOWN,SUFFICIENT_HISTORY,ZERO_MFA_FAILURES_OBSERVED,NO_ACTIONABLE_HYPOTHESIS
EMP10683,USER,shaurya.saini86,Operations,4.22,LOW,0.9636,HIGH,0,1.0,Unknown,UNKNOWN,SUFFICIENT_HISTORY,ZERO_MFA_FAILURES_OBSERVED,NO_ACTIONABLE_HYPOTHESIS
EMP11257,USER,kala.cheema20,Customer Support,5.62,LOW,0.8506,HIGH,0,1.0,Unknown,UNKNOWN,SUFFICIENT_HISTORY,ZERO_MFA_FAILURES_OBSERVED,NO_ACTIONABLE_HYPOTHESIS
EMP10317,USER,girik.merchant23,Customer Support,44.67,MODERATE,0.8074,HIGH,1,1.0,Unknown,UNKNOWN,SUFFICIENT_HISTORY,UNCORROBORATED_SINGLE_DIMENSION; ZERO_MFA_FAILURES_OBSERVED,NO_ACTIONABLE_HYPOTHESIS
EMP10648,USER,tripti.karpe21,Human Resources,16.86,LOW,0.865,HIGH,0,1.0,Unknown,UNKNOWN,SUFFICIENT_HISTORY,ZERO_MFA_FAILURES_OBSERVED,NO_ACTIONABLE_HYPOTHESIS
EMP11434,USER,tanmayi.cherian36,Finance,4.22,LOW,0.765,MEDIUM,0,1.0,Unknown,UNKNOWN,SUFFICIENT_HISTORY,ZERO_MFA_FAILURES_OBSERVED,NO_ACTIONABLE_HYPOTHESIS
EMP11479,USER,patrick.dewan49,Support,20.66,LOW,0.7778,MEDIUM,1,1.0,Unknown,UNKNOWN,SUFFICIENT_HISTORY,ZERO_MFA_FAILURES_OBSERVED,NO_ACTIONABLE_HYPOTHESIS
EMP10709,USER,christopher.rajagopal44,Human Resources,7.23,LOW,0.865,HIGH,0,1.0,Unknown,UNKNOWN,SUFFICIENT_HISTORY,ZERO_MFA_FAILURES_OBSERVED,NO_ACTIONABLE_HYPOTHESIS
EMP11282,USER,jason.doshi92,Marketing,4.22,LOW,0.7207,MEDIUM,0,1.0,Unknown,UNKNOWN,SUFFICIENT_HISTORY,ZERO_MFA_FAILURES_OBSERVED,NO_ACTIONABLE_HYPOTHESIS
EMP11768,USER,anvi.mukherjee10,Procurement,4.22,LOW,0.45,LOW,0,1.0,Unknown,UNKNOWN,INSUFFICIENT_HISTORY,INSUFFICIENT_BASELINE_HISTORY; ZERO_MFA_FAILURES_OBSERVED,NO_ACTIONABLE_HYPOTHESIS
EMP10972,USER,zaitra.hayre49,Operations,0.0,LOW,0.7778,MEDIUM,0,1.0,Unknown,UNKNOWN,SUFFICIENT_HISTORY,ZERO_MFA_FAILURES_OBSERVED,NO_ACTIONABLE_HYPOTHESIS
EMP12675,USER,ronith.madan37,Sales,0.0,LOW,0.55,MEDIUM,0,1.0,Unknown,UNKNOWN,INSUFFICIENT_HISTORY,INSUFFICIENT_BASELINE_HISTORY; ZERO_MFA_FAILURES_OBSERVED,NO_ACTIONABLE_HYPOTHESIS
EMP12680,USER,ranveer.gokhale2,Legal,1.69,LOW,0.7778,MEDIUM,0,1.0,Unknown,UNKNOWN,SUFFICIENT_HISTORY,ZERO_MFA_FAILURES_OBSERVED,NO_ACTIONABLE_HYPOTHESIS
EMP11306,USER,Unknown,Operations,0.0,LOW,0.805,HIGH,0,1.0,Unknown,UNKNOWN,SUFFICIENT_HISTORY,ZERO_MFA_FAILURES_OBSERVED,NO_ACTIONABLE_HYPOTHESIS
EMP11400,USER,vrishti.nadig44,Finance,4.22,LOW,0.695,MEDIUM,0,1.0,Unknown,UNKNOWN,SUFFICIENT_HISTORY,ZERO_MFA_FAILURES_OBSERVED,NO_ACTIONABLE_HYPOTHESIS
EMP11408,USER,balendra.dixit9,IT,25.29,LOW,1.0,HIGH,0,1.0,Unknown,UNKNOWN,SUFFICIENT_HISTORY,ZERO_MFA_FAILURES_OBSERVED,NO_ACTIONABLE_HYPOTHESIS
EMP12237,USER,Unknown,Supply Chain,4.22,LOW,0.815,HIGH,0,1.0,Unknown,UNKNOWN,SUFFICIENT_HISTORY,ZERO_MFA_FAILURES_OBSERVED,NO_ACTIONABLE_HYPOTHESIS
EMP11496,USER,veda_gala19,Sales,4.22,LOW,0.775,MEDIUM,0,1.0,Unknown,UNKNOWN,SUFFICIENT_HISTORY,ZERO_MFA_FAILURES_OBSERVED,NO_ACTIONABLE_HYPOTHESIS
EMP12038,USER,jagvi.morar29,Sales,0.0,LOW,0.52,MEDIUM,0,1.0,Unknown,UNKNOWN,INSUFFICIENT_HISTORY,INSUFFICIENT_BASELINE_HISTORY; ZERO_MFA_FAILURES_OBSERVED,NO_ACTIONABLE_HYPOTHESIS
EMP11529,USER,chakradhar.basak98,Brand,0.0,LOW,0.52,MEDIUM,0,1.0,Unknown,UNKNOWN,INSUFFICIENT_HISTORY,INSUFFICIENT_BASELINE_HISTORY; ZERO_MFA_FAILURES_OBSERVED,NO_ACTIONABLE_HYPOTHESIS
EMP11663,USER,jagrati.bava61,Legal,4.22,LOW,0.55,MEDIUM,0,1.0,Unknown,UNKNOWN,INSUFFICIENT_HISTORY,INSUFFICIENT_BASELINE_HISTORY; ZERO_MFA_FAILURES_OBSERVED,NO_ACTIONABLE_HYPOTHESIS
EMP11354,USER,vedika.de89,Sales,0.0,LOW,0.8506,HIGH,0,1.0,Unknown,UNKNOWN,SUFFICIENT_HISTORY,ZERO_MFA_FAILURES_OBSERVED,NO_ACTIONABLE_HYPOTHESIS
EMP11643,USER,odika.varughese57,Human Resources,12.65,LOW,0.9333,HIGH,0,1.0,Unknown,UNKNOWN,SUFFICIENT_HISTORY,ZERO_MFA_FAILURES_OBSERVED,NO_ACTIONABLE_HYPOTHESIS
EMP11051,USER,yamini.thakur93,Operations,5.27,LOW,0.805,HIGH,0,1.0,Unknown,UNKNOWN,SUFFICIENT_HISTORY,ZERO_MFA_FAILURES_OBSERVED,NO_ACTIONABLE_HYPOTHESIS
EMP10795,USER,aditya.nagarajan68,Human Resources,0.0,LOW,0.765,MEDIUM,0,1.0,Unknown,UNKNOWN,SUFFICIENT_HISTORY,ZERO_MFA_FAILURES_OBSERVED,NO_ACTIONABLE_HYPOTHESIS
EMP12693,USER,shaurya.gade38,Legal,41.86,MODERATE,0.9294,HIGH,1,1.0,Unknown,UNKNOWN,SUFFICIENT_HISTORY,UNCORROBORATED_SINGLE_DIMENSION; ZERO_MFA_FAILURES_OBSERVED,NO_ACTIONABLE_HYPOTHESIS
EMP11597,USER,isha.bhargava57,IT Support,4.22,LOW,0.805,HIGH,0,1.0,Unknown,UNKNOWN,SUFFICIENT_HISTORY,ZERO_MFA_FAILURES_OBSERVED,NO_ACTIONABLE_HYPOTHESIS
EMP12604,USER,Unknown,Marketing,5.62,LOW,0.805,HIGH,0,1.0,Unknown,UNKNOWN,SUFFICIENT_HISTORY,ZERO_MFA_FAILURES_OBSERVED,NO_ACTIONABLE_HYPOTHESIS
EMP12729,USER,Unknown,Call Center,8.43,LOW,0.835,HIGH,0,1.0,Unknown,UNKNOWN,SUFFICIENT_HISTORY,ZERO_MFA_FAILURES_OBSERVED,NO_ACTIONABLE_HYPOTHESIS
EMP12625,USER,caleb.loke19,Human Resources,4.22,LOW,0.605,MEDIUM,0,1.0,Unknown,UNKNOWN,SUFFICIENT_HISTORY,ZERO_MFA_FAILURES_OBSERVED,NO_ACTIONABLE_HYPOTHESIS
EMP11819,USER,nitara.dass84,Legal,0.0,LOW,0.775,MEDIUM,0,1.0,Unknown,UNKNOWN,SUFFICIENT_HISTORY,ZERO_MFA_FAILURES_OBSERVED,NO_ACTIONABLE_HYPOTHESIS
EMP11722,USER,jyoti.gaba89,Sales,16.86,LOW,0.55,MEDIUM,1,1.0,Unknown,UNKNOWN,INSUFFICIENT_HISTORY,INSUFFICIENT_BASELINE_HISTORY; ZERO_MFA_FAILURES_OBSERVED,NO_ACTIONABLE_HYPOTHESIS
EMP11183,USER,azaan.nigam47,Procurement,4.22,LOW,0.805,HIGH,0,1.0,Unknown,UNKNOWN,SUFFICIENT_HISTORY,ZERO_MFA_FAILURES_OBSERVED,NO_ACTIONABLE_HYPOTHESIS
EMP12572,USER,nathan.wali44,Marketing,8.43,LOW,0.895,HIGH,0,1.0,Unknown,UNKNOWN,SUFFICIENT_HISTORY,ZERO_MFA_FAILURES_OBSERVED,NO_ACTIONABLE_HYPOTHESIS
EMP11059,USER,wridesh.dass37,Legal,0.0,LOW,0.55,MEDIUM,0,1.0,Unknown,UNKNOWN,INSUFFICIENT_HISTORY,INSUFFICIENT_BASELINE_HISTORY; ZERO_MFA_FAILURES_OBSERVED,NO_ACTIONABLE_HYPOTHESIS
EMP10540,USER,zinal.samra91,Human Resources,4.22,LOW,0.7207,MEDIUM,0,1.0,Unknown,UNKNOWN,SUFFICIENT_HISTORY,ZERO_MFA_FAILURES_OBSERVED,NO_ACTIONABLE_HYPOTHESIS
EMP11678,USER,alka_tata42,Customer Support,15.46,LOW,1.0,HIGH,0,1.0,Unknown,UNKNOWN,SUFFICIENT_HISTORY,ZERO_MFA_FAILURES_OBSERVED,NO_ACTIONABLE_HYPOTHESIS
EMP12796,USER,charvi.krishnan2,Procurement,8.43,LOW,0.92,HIGH,0,1.0,Unknown,UNKNOWN,SUFFICIENT_HISTORY,ZERO_MFA_FAILURES_OBSERVED,NO_ACTIONABLE_HYPOTHESIS
EMP12974,USER,adweta.grewal52,Operations,8.43,LOW,0.8506,HIGH,0,1.0,Unknown,UNKNOWN,SUFFICIENT_HISTORY,ZERO_MFA_FAILURES_OBSERVED,NO_ACTIONABLE_HYPOTHESIS
EMP12532,USER,advaith.kumar2,Supply Chain,5.27,LOW,0.835,HIGH,0,1.0,Unknown,UNKNOWN,SUFFICIENT_HISTORY,ZERO_MFA_FAILURES_OBSERVED,NO_ACTIONABLE_HYPOTHESIS
EMP11757,USER,yashvi.sanghvi32,IT Support,12.65,LOW,0.96,HIGH,0,1.0,Unknown,UNKNOWN,SUFFICIENT_HISTORY,ZERO_MFA_FAILURES_OBSERVED,NO_ACTIONABLE_HYPOTHESIS
EMP11923,USER,jatin.bansal55,Finance,16.86,LOW,0.9667,HIGH,1,1.0,Unknown,UNKNOWN,SUFFICIENT_HISTORY,ZERO_MFA_FAILURES_OBSERVED,NO_ACTIONABLE_HYPOTHESIS
EMP10095,USER,pranav.apte61,Operations,4.22,LOW,0.7383,MEDIUM,0,1.0,Unknown,UNKNOWN,SUFFICIENT_HISTORY,ZERO_MFA_FAILURES_OBSERVED,NO_ACTIONABLE_HYPOTHESIS
EMP11020,USER,yochana.johal10,Human Resources,57.96,MODERATE,0.9667,HIGH,2,1.25,Unknown,UNKNOWN,SUFFICIENT_HISTORY,ZERO_MFA_FAILURES_OBSERVED,POSSIBLE_CREDENTIAL_COMPROMISE; POSSIBLE_ACCOUNT_TAKEOVER; POSSIBLE_ANOMALOUS_DATA_EXFILTRATION
EMP10563,USER,unnati.rau74,Legal,4.22,LOW,0.815,HIGH,0,1.0,Unknown,UNKNOWN,SUFFICIENT_HISTORY,ZERO_MFA_FAILURES_OBSERVED,NO_ACTIONABLE_HYPOTHESIS
EMP12790,USER,chaman.acharya41,Human Resources,0.0,LOW,0.45,LOW,0,1.0,Unknown,UNKNOWN,INSUFFICIENT_HISTORY,INSUFFICIENT_BASELINE_HISTORY; ZERO_MFA_FAILURES_OBSERVED,NO_ACTIONABLE_HYPOTHESIS
EMP10863,USER,benjamin.rajan54,Finance,9.27,LOW,0.695,MEDIUM,0,1.0,Unknown,UNKNOWN,SUFFICIENT_HISTORY,ZERO_MFA_FAILURES_OBSERVED,NO_ACTIONABLE_HYPOTHESIS
EMP11484,USER,Unknown,Innovation,42.16,MODERATE,0.8019,HIGH,1,1.0,Unknown,UNKNOWN,SUFFICIENT_HISTORY,UNCORROBORATED_SINGLE_DIMENSION; ZERO_MFA_FAILURES_OBSERVED,NO_ACTIONABLE_HYPOTHESIS
EMP12939,USER,dhruv.narain96,Legal,12.65,LOW,0.92,HIGH,0,1.0,Unknown,UNKNOWN,SUFFICIENT_HISTORY,ZERO_MFA_FAILURES_OBSERVED,NO_ACTIONABLE_HYPOTHESIS
EMP11881,USER,nidra_nagar68,Supply Chain,0.0,LOW,0.45,LOW,0,1.0,Unknown,UNKNOWN,INSUFFICIENT_HISTORY,INSUFFICIENT_BASELINE_HISTORY; ZERO_MFA_FAILURES_OBSERVED,NO_ACTIONABLE_HYPOTHESIS
EMP11038,USER,samaksh.acharya5,Sales,6.74,LOW,0.7778,MEDIUM,0,1.0,Unknown,UNKNOWN,SUFFICIENT_HISTORY,ZERO_MFA_FAILURES_OBSERVED,NO_ACTIONABLE_HYPOTHESIS
EMP10206,USER,mitali.raja39,Procurement,4.22,LOW,0.815,HIGH,0,1.0,Unknown,UNKNOWN,SUFFICIENT_HISTORY,ZERO_MFA_FAILURES_OBSERVED,NO_ACTIONABLE_HYPOTHESIS
EMP10392,USER,gaurav.dey45,Customer Support,25.29,LOW,0.865,HIGH,0,1.0,Unknown,UNKNOWN,SUFFICIENT_HISTORY,ZERO_MFA_FAILURES_OBSERVED,NO_ACTIONABLE_HYPOTHESIS
EMP12842,USER,isaac.raj84,Finance,10.54,LOW,0.7778,MEDIUM,0,1.0,Unknown,UNKNOWN,SUFFICIENT_HISTORY,ZERO_MFA_FAILURES_OBSERVED,NO_ACTIONABLE_HYPOTHESIS
EMP10870,USER,ucchal.pingle64,Marketing,4.22,LOW,0.6717,MEDIUM,0,1.0,Unknown,UNKNOWN,SUFFICIENT_HISTORY,ZERO_MFA_FAILURES_OBSERVED,NO_ACTIONABLE_HYPOTHESIS
EMP10397,USER,kala.jani71,R&D,8.43,LOW,0.865,HIGH,0,1.0,Unknown,UNKNOWN,SUFFICIENT_HISTORY,ZERO_MFA_FAILURES_OBSERVED,NO_ACTIONABLE_HYPOTHESIS
EMP12814,USER,harini.tandon3,Finance,21.08,LOW,0.8393,HIGH,1,1.0,Unknown,UNKNOWN,SUFFICIENT_HISTORY,ZERO_MFA_FAILURES_OBSERVED,NO_ACTIONABLE_HYPOTHESIS
EMP12968,USER,guneet.dewan24,Support,8.43,LOW,0.92,HIGH,0,1.0,Unknown,UNKNOWN,SUFFICIENT_HISTORY,ZERO_MFA_FAILURES_OBSERVED,NO_ACTIONABLE_HYPOTHESIS
EMP11028,USER,aditya.anne26,Human Resources,12.65,LOW,0.7778,MEDIUM,0,1.0,Unknown,UNKNOWN,SUFFICIENT_HISTORY,ZERO_MFA_FAILURES_OBSERVED,NO_ACTIONABLE_HYPOTHESIS
EMP12690,USER,oviya.ganguly15,Procurement,5.9,LOW,0.6717,MEDIUM,0,1.0,Unknown,UNKNOWN,SUFFICIENT_HISTORY,ZERO_MFA_FAILURES_OBSERVED,NO_ACTIONABLE_HYPOTHESIS
EMP11485,USER,harita.patel53,Sales,0.0,LOW,0.775,MEDIUM,0,1.0,Unknown,UNKNOWN,SUFFICIENT_HISTORY,ZERO_MFA_FAILURES_OBSERVED,NO_ACTIONABLE_HYPOTHESIS
EMP12660,USER,girik.bhat27,Finance,16.86,LOW,0.825,HIGH,0,1.0,Unknown,UNKNOWN,SUFFICIENT_HISTORY,ZERO_MFA_FAILURES_OBSERVED,NO_ACTIONABLE_HYPOTHESIS
EMP10960,USER,mason.rao36,Operations,4.22,LOW,0.7778,MEDIUM,0,1.0,Unknown,UNKNOWN,SUFFICIENT_HISTORY,ZERO_MFA_FAILURES_OBSERVED,NO_ACTIONABLE_HYPOTHESIS
EMP11570,USER,xavier.hayre29,Finance,0.0,LOW,0.35,LOW,0,1.0,Unknown,UNKNOWN,INSUFFICIENT_HISTORY,INSUFFICIENT_BASELINE_HISTORY; ZERO_MFA_FAILURES_OBSERVED,NO_ACTIONABLE_HYPOTHESIS
EMP12773,USER,Unknown,Procurement,4.22,LOW,0.775,MEDIUM,0,1.0,Unknown,UNKNOWN,SUFFICIENT_HISTORY,ZERO_MFA_FAILURES_OBSERVED,NO_ACTIONABLE_HYPOTHESIS
EMP11895,USER,ayushman.dave16,Operations,4.22,LOW,0.8506,HIGH,0,1.0,Unknown,UNKNOWN,SUFFICIENT_HISTORY,ZERO_MFA_FAILURES_OBSERVED,NO_ACTIONABLE_HYPOTHESIS
EMP12731,USER,shivansh.mani61,Procurement,4.22,LOW,0.6717,MEDIUM,0,1.0,Unknown,UNKNOWN,SUFFICIENT_HISTORY,ZERO_MFA_FAILURES_OBSERVED,NO_ACTIONABLE_HYPOTHESIS
EMP12146,USER,ranbir.om18,Marketing,4.22,LOW,0.775,MEDIUM,0,1.0,Unknown,UNKNOWN,SUFFICIENT_HISTORY,ZERO_MFA_FAILURES_OBSERVED,NO_ACTIONABLE_HYPOTHESIS
EMP10804,USER,janya.sinha66,Procurement,21.08,LOW,0.815,HIGH,0,1.0,Unknown,UNKNOWN,SUFFICIENT_HISTORY,ZERO_MFA_FAILURES_OBSERVED,NO_ACTIONABLE_HYPOTHESIS
EMP11751,USER,abhimanyu.edwin12,R&D,16.86,LOW,0.895,HIGH,1,1.0,Unknown,UNKNOWN,SUFFICIENT_HISTORY,ZERO_MFA_FAILURES_OBSERVED,NO_ACTIONABLE_HYPOTHESIS
EMP12454,USER,arunima.khare25,Procurement,1.69,LOW,0.805,HIGH,0,1.0,Unknown,UNKNOWN,SUFFICIENT_HISTORY,ZERO_MFA_FAILURES_OBSERVED,NO_ACTIONABLE_HYPOTHESIS
EMP10502,USER,jagdish.panchal9,Marketing,1.41,LOW,0.3867,LOW,0,1.0,Unknown,UNKNOWN,INSUFFICIENT_HISTORY,INSUFFICIENT_BASELINE_HISTORY; ZERO_MFA_FAILURES_OBSERVED,NO_ACTIONABLE_HYPOTHESIS
EMP10779,USER,qabil.bhavsar61,Marketing,10.54,LOW,0.775,MEDIUM,0,1.0,Unknown,UNKNOWN,SUFFICIENT_HISTORY,ZERO_MFA_FAILURES_OBSERVED,NO_ACTIONABLE_HYPOTHESIS
EMP11863,USER,Unknown,IT,15.34,LOW,0.865,HIGH,0,1.0,Unknown,UNKNOWN,SUFFICIENT_HISTORY,ZERO_MFA_FAILURES_OBSERVED,NO_ACTIONABLE_HYPOTHESIS
EMP10200,USER,yashoda.lad92,Finance,0.0,LOW,0.45,LOW,0,1.0,Unknown,UNKNOWN,INSUFFICIENT_HISTORY,INSUFFICIENT_BASELINE_HISTORY; ZERO_MFA_FAILURES_OBSERVED,NO_ACTIONABLE_HYPOTHESIS
EMP12182,USER,ojas.din58,R&D,1.05,LOW,0.665,MEDIUM,0,1.0,Unknown,UNKNOWN,SUFFICIENT_HISTORY,ZERO_MFA_FAILURES_OBSERVED,NO_ACTIONABLE_HYPOTHESIS
EMP12088,USER,timothy.chad15,Procurement,12.65,LOW,0.92,HIGH,0,1.0,Unknown,UNKNOWN,SUFFICIENT_HISTORY,ZERO_MFA_FAILURES_OBSERVED,NO_ACTIONABLE_HYPOTHESIS
EMP12278,USER,liam.goda44,Sales,0.0,LOW,0.6717,MEDIUM,0,1.0,Unknown,UNKNOWN,SUFFICIENT_HISTORY,ZERO_MFA_FAILURES_OBSERVED,NO_ACTIONABLE_HYPOTHESIS
EMP11796,USER,teerth.sura19,Human Resources,29.63,LOW,0.9273,HIGH,0,1.0,Unknown,UNKNOWN,SUFFICIENT_HISTORY,ZERO_MFA_FAILURES_OBSERVED,NO_ACTIONABLE_HYPOTHESIS
EMP10378,USER,falguni.gera65,Operations,37.94,MODERATE,1.0,HIGH,0,1.0,Unknown,UNKNOWN,SUFFICIENT_HISTORY,UNCORROBORATED_SINGLE_DIMENSION; ZERO_MFA_FAILURES_OBSERVED,NO_ACTIONABLE_HYPOTHESIS
EMP12336,USER,yatin.patla20,Operations,16.86,LOW,1.0,HIGH,0,1.0,Unknown,UNKNOWN,SUFFICIENT_HISTORY,ZERO_MFA_FAILURES_OBSERVED,NO_ACTIONABLE_HYPOTHESIS
EMP10418,USER,jairaj.arora48,R&D,4.22,LOW,0.8061,HIGH,0,1.0,Unknown,UNKNOWN,SUFFICIENT_HISTORY,ZERO_MFA_FAILURES_OBSERVED,NO_ACTIONABLE_HYPOTHESIS
EMP11698,USER,mahika.sarraf31,Sales,4.22,LOW,0.865,HIGH,0,1.0,Unknown,UNKNOWN,SUFFICIENT_HISTORY,ZERO_MFA_FAILURES_OBSERVED,NO_ACTIONABLE_HYPOTHESIS
EMP10391,USER,chaman.bhakta14,IT,33.73,MODERATE,1.0,HIGH,1,1.0,Unknown,UNKNOWN,SUFFICIENT_HISTORY,UNCORROBORATED_SINGLE_DIMENSION; ZERO_MFA_FAILURES_OBSERVED,NO_ACTIONABLE_HYPOTHESIS
EMP12640,USER,rajeshri_trivedi41,Brand,8.43,LOW,0.92,HIGH,0,1.0,Unknown,UNKNOWN,SUFFICIENT_HISTORY,ZERO_MFA_FAILURES_OBSERVED,NO_ACTIONABLE_HYPOTHESIS
EMP11522,USER,gunbir.rajagopal8,Legal,12.65,LOW,0.8159,HIGH,0,1.0,Unknown,UNKNOWN,SUFFICIENT_HISTORY,ZERO_MFA_FAILURES_OBSERVED,NO_ACTIONABLE_HYPOTHESIS
EMP11162,USER,jasmit.keer54,Finance,0.0,LOW,0.895,HIGH,0,1.0,Unknown,UNKNOWN,SUFFICIENT_HISTORY,ZERO_MFA_FAILURES_OBSERVED,NO_ACTIONABLE_HYPOTHESIS
EMP11495,USER,darpan.morar14,Finance,8.43,LOW,0.8506,HIGH,0,1.0,Unknown,UNKNOWN,SUFFICIENT_HISTORY,ZERO_MFA_FAILURES_OBSERVED,NO_ACTIONABLE_HYPOTHESIS
EMP12695,USER,sai.mann23,IT Support,16.86,LOW,0.895,HIGH,0,1.0,Unknown,UNKNOWN,SUFFICIENT_HISTORY,ZERO_MFA_FAILURES_OBSERVED,NO_ACTIONABLE_HYPOTHESIS
EMP12027,USER,bhavika.mall58,Marketing,29.51,LOW,0.9273,HIGH,1,1.0,Unknown,UNKNOWN,SUFFICIENT_HISTORY,ZERO_MFA_FAILURES_OBSERVED,NO_ACTIONABLE_HYPOTHESIS
EMP11152,USER,tanmayi.dara69,Supply Chain,29.51,LOW,1.0,HIGH,0,1.0,Unknown,UNKNOWN,SUFFICIENT_HISTORY,ZERO_MFA_FAILURES_OBSERVED,NO_ACTIONABLE_HYPOTHESIS
EMP11367,USER,unnati.sane95,Sales,12.65,LOW,1.0,HIGH,0,1.0,Unknown,UNKNOWN,SUFFICIENT_HISTORY,ZERO_MFA_FAILURES_OBSERVED,NO_ACTIONABLE_HYPOTHESIS
EMP12568,USER,netra_kumar59,Sales,0.0,LOW,0.775,MEDIUM,0,1.0,Unknown,UNKNOWN,SUFFICIENT_HISTORY,ZERO_MFA_FAILURES_OBSERVED,NO_ACTIONABLE_HYPOTHESIS
EMP10064,USER,onveer.seshadri42,Operations,10.54,LOW,0.92,HIGH,0,1.0,Unknown,UNKNOWN,SUFFICIENT_HISTORY,ZERO_MFA_FAILURES_OBSERVED,NO_ACTIONABLE_HYPOTHESIS
EMP12062,USER,manan.bhattacharyya67,Sales,0.0,LOW,0.775,MEDIUM,0,1.0,Unknown,UNKNOWN,SUFFICIENT_HISTORY,ZERO_MFA_FAILURES_OBSERVED,NO_ACTIONABLE_HYPOTHESIS
EMP11180,USER,frederick_cheema35,Human Resources,11.29,LOW,0.52,MEDIUM,0,1.0,Unknown,UNKNOWN,INSUFFICIENT_HISTORY,INSUFFICIENT_BASELINE_HISTORY; ZERO_MFA_FAILURES_OBSERVED,NO_ACTIONABLE_HYPOTHESIS
EMP10492,USER,anamika.mutti95,Legal,12.65,LOW,0.9667,HIGH,0,1.0,Unknown,UNKNOWN,SUFFICIENT_HISTORY,ZERO_MFA_FAILURES_OBSERVED,NO_ACTIONABLE_HYPOTHESIS
EMP10379,USER,tejas.nagy36,IT Support,0.0,LOW,0.695,MEDIUM,0,1.0,Unknown,UNKNOWN,SUFFICIENT_HISTORY,ZERO_MFA_FAILURES_OBSERVED,NO_ACTIONABLE_HYPOTHESIS
EMP12235,USER,pahal_pingle94,Human Resources,73.41,HIGH,0.9692,HIGH,2,1.25,Unknown,UNKNOWN,SUFFICIENT_HISTORY,ZERO_MFA_FAILURES_OBSERVED,POSSIBLE_CREDENTIAL_COMPROMISE; POSSIBLE_ACCOUNT_TAKEOVER; POSSIBLE_ANOMALOUS_DATA_EXFILTRATION
EMP10763,USER,nitesh.sekhon11,Procurement,4.22,LOW,0.895,HIGH,0,1.0,Unknown,UNKNOWN,SUFFICIENT_HISTORY,ZERO_MFA_FAILURES_OBSERVED,NO_ACTIONABLE_HYPOTHESIS
EMP12264,USER,yoshita.kaur51,Finance,16.86,LOW,0.8061,HIGH,0,1.0,Unknown,UNKNOWN,SUFFICIENT_HISTORY,ZERO_MFA_FAILURES_OBSERVED,NO_ACTIONABLE_HYPOTHESIS
EMP10791,USER,ishani.date54,Finance,8.43,LOW,0.895,HIGH,0,1.0,Unknown,UNKNOWN,SUFFICIENT_HISTORY,ZERO_MFA_FAILURES_OBSERVED,NO_ACTIONABLE_HYPOTHESIS
EMP11076,USER,bina.rana72,Compliance,8.43,LOW,1.0,HIGH,0,1.0,Unknown,UNKNOWN,SUFFICIENT_HISTORY,ZERO_MFA_FAILURES_OBSERVED,NO_ACTIONABLE_HYPOTHESIS
EMP10878,USER,irya.manda85,R&D,21.08,LOW,1.0,HIGH,1,1.0,Unknown,UNKNOWN,SUFFICIENT_HISTORY,ZERO_MFA_FAILURES_OBSERVED,NO_ACTIONABLE_HYPOTHESIS
EMP10337,USER,lucky.balakrishnan2,IT,12.65,LOW,0.96,HIGH,0,1.0,Unknown,UNKNOWN,SUFFICIENT_HISTORY,ZERO_MFA_FAILURES_OBSERVED,NO_ACTIONABLE_HYPOTHESIS
EMP12767,USER,pahal.chokshi86,Finance,8.43,LOW,0.715,MEDIUM,0,1.0,Unknown,UNKNOWN,SUFFICIENT_HISTORY,ZERO_MFA_FAILURES_OBSERVED,NO_ACTIONABLE_HYPOTHESIS
EMP12343,USER,anamika.anne36,R&D,16.86,LOW,0.8506,HIGH,0,1.0,Unknown,UNKNOWN,SUFFICIENT_HISTORY,ZERO_MFA_FAILURES_OBSERVED,NO_ACTIONABLE_HYPOTHESIS
EMP11016,USER,neel.joshi63,Innovation,0.0,LOW,0.665,MEDIUM,0,1.0,Unknown,UNKNOWN,SUFFICIENT_HISTORY,ZERO_MFA_FAILURES_OBSERVED,NO_ACTIONABLE_HYPOTHESIS
EMP11275,USER,dhriti.hegde74,Legal,16.86,LOW,0.835,HIGH,1,1.0,Unknown,UNKNOWN,SUFFICIENT_HISTORY,ZERO_MFA_FAILURES_OBSERVED,NO_ACTIONABLE_HYPOTHESIS
EMP10455,USER,aarnav.sanghvi57,IT Support,10.42,LOW,0.815,HIGH,0,1.0,Unknown,UNKNOWN,SUFFICIENT_HISTORY,ZERO_MFA_FAILURES_OBSERVED,NO_ACTIONABLE_HYPOTHESIS
EMP10815,USER,samesh.padmanabhan9,Operations,0.0,LOW,0.805,HIGH,0,1.0,Unknown,UNKNOWN,SUFFICIENT_HISTORY,ZERO_MFA_FAILURES_OBSERVED,NO_ACTIONABLE_HYPOTHESIS
EMP12317,USER,zilmil.kara36,Operations,0.0,LOW,0.815,HIGH,0,1.0,Unknown,UNKNOWN,SUFFICIENT_HISTORY,ZERO_MFA_FAILURES_OBSERVED,NO_ACTIONABLE_HYPOTHESIS
EMP10995,USER,triveni.keer58,Sales,4.22,LOW,0.805,HIGH,0,1.0,Unknown,UNKNOWN,SUFFICIENT_HISTORY,ZERO_MFA_FAILURES_OBSERVED,NO_ACTIONABLE_HYPOTHESIS
EMP11981,USER,logan.nagi59,Human Resources,0.0,LOW,0.29,LOW,0,1.0,Unknown,UNKNOWN,INSUFFICIENT_HISTORY,INSUFFICIENT_BASELINE_HISTORY; ZERO_MFA_FAILURES_OBSERVED,NO_ACTIONABLE_HYPOTHESIS
EMP10201,USER,warhi.sharma4,Operations,2.11,LOW,0.7383,MEDIUM,0,1.0,Unknown,UNKNOWN,SUFFICIENT_HISTORY,ZERO_MFA_FAILURES_OBSERVED,NO_ACTIONABLE_HYPOTHESIS
EMP10161,USER,timothy.hegde37,Human Resources,0.0,LOW,0.6717,MEDIUM,0,1.0,Unknown,UNKNOWN,SUFFICIENT_HISTORY,ZERO_MFA_FAILURES_OBSERVED,NO_ACTIONABLE_HYPOTHESIS
EMP11579,USER,naksh.sekhon89,R&D,12.65,LOW,0.7778,MEDIUM,0,1.0,Unknown,UNKNOWN,SUFFICIENT_HISTORY,ZERO_MFA_FAILURES_OBSERVED,NO_ACTIONABLE_HYPOTHESIS
EMP12777,USER,yamini.lal74,R&D,14.75,LOW,0.865,HIGH,0,1.0,Unknown,UNKNOWN,SUFFICIENT_HISTORY,ZERO_MFA_FAILURES_OBSERVED,NO_ACTIONABLE_HYPOTHESIS
EMP12449,USER,azad.natarajan76,Procurement,4.22,LOW,0.7383,MEDIUM,0,1.0,Unknown,UNKNOWN,SUFFICIENT_HISTORY,ZERO_MFA_FAILURES_OBSERVED,NO_ACTIONABLE_HYPOTHESIS
EMP10702,USER,anjali.merchant97,Marketing,25.29,LOW,0.865,HIGH,0,1.0,Unknown,UNKNOWN,SUFFICIENT_HISTORY,ZERO_MFA_FAILURES_OBSERVED,NO_ACTIONABLE_HYPOTHESIS
EMP11500,USER,falak.bhattacharyya87,Brand,4.22,LOW,0.8506,HIGH,0,1.0,Unknown,UNKNOWN,SUFFICIENT_HISTORY,ZERO_MFA_FAILURES_OBSERVED,NO_ACTIONABLE_HYPOTHESIS
EMP11129,USER,anay.barad50,Finance,0.0,LOW,0.775,MEDIUM,0,1.0,Unknown,UNKNOWN,SUFFICIENT_HISTORY,ZERO_MFA_FAILURES_OBSERVED,NO_ACTIONABLE_HYPOTHESIS
EMP12613,USER,jagdish.sinha46,Procurement,4.22,LOW,0.765,MEDIUM,0,1.0,Unknown,UNKNOWN,SUFFICIENT_HISTORY,ZERO_MFA_FAILURES_OBSERVED,NO_ACTIONABLE_HYPOTHESIS
EMP11021,USER,gaurika.raman60,IT,11.13,LOW,0.7778,MEDIUM,0,1.0,Unknown,UNKNOWN,SUFFICIENT_HISTORY,ZERO_MFA_FAILURES_OBSERVED,NO_ACTIONABLE_HYPOTHESIS
EMP11585,USER,Unknown,Sales,4.22,LOW,0.7778,MEDIUM,0,1.0,Unknown,UNKNOWN,SUFFICIENT_HISTORY,ZERO_MFA_FAILURES_OBSERVED,NO_ACTIONABLE_HYPOTHESIS
EMP11955,USER,ronith.narayan29,Finance,33.73,MODERATE,1.0,HIGH,1,1.0,Unknown,UNKNOWN,SUFFICIENT_HISTORY,UNCORROBORATED_SINGLE_DIMENSION; ZERO_MFA_FAILURES_OBSERVED,NO_ACTIONABLE_HYPOTHESIS
EMP12253,USER,hitesh.dani91,Supply Chain,12.65,LOW,0.92,HIGH,0,1.0,Unknown,UNKNOWN,SUFFICIENT_HISTORY,ZERO_MFA_FAILURES_OBSERVED,NO_ACTIONABLE_HYPOTHESIS
EMP10034,USER,lajita.varkey45,Human Resources,8.43,LOW,0.815,HIGH,0,1.0,Unknown,UNKNOWN,SUFFICIENT_HISTORY,ZERO_MFA_FAILURES_OBSERVED,NO_ACTIONABLE_HYPOTHESIS
EMP10775,USER,vamakshi.chacko24,Finance,13.7,LOW,0.7383,MEDIUM,0,1.0,Unknown,UNKNOWN,SUFFICIENT_HISTORY,ZERO_MFA_FAILURES_OBSERVED,NO_ACTIONABLE_HYPOTHESIS
EMP12556,USER,siya.baria89,Operations,33.73,MODERATE,0.9636,HIGH,1,1.0,Unknown,UNKNOWN,SUFFICIENT_HISTORY,UNCORROBORATED_SINGLE_DIMENSION; ZERO_MFA_FAILURES_OBSERVED,NO_ACTIONABLE_HYPOTHESIS
EMP11478,USER,rudra.chakrabarti73,Legal,4.22,LOW,0.775,MEDIUM,0,1.0,Unknown,UNKNOWN,SUFFICIENT_HISTORY,ZERO_MFA_FAILURES_OBSERVED,NO_ACTIONABLE_HYPOTHESIS
EMP11390,USER,lakshmi_madan63,IT,16.86,LOW,0.9692,HIGH,0,1.0,Unknown,UNKNOWN,SUFFICIENT_HISTORY,ZERO_MFA_FAILURES_OBSERVED,NO_ACTIONABLE_HYPOTHESIS
EMP12139,USER,wridesh.jha71,Sales,0.0,LOW,0.7383,MEDIUM,0,1.0,Unknown,UNKNOWN,SUFFICIENT_HISTORY,ZERO_MFA_FAILURES_OBSERVED,NO_ACTIONABLE_HYPOTHESIS
EMP11363,USER,chatura.sankar90,Finance,16.86,LOW,0.9333,HIGH,0,1.0,Unknown,UNKNOWN,SUFFICIENT_HISTORY,ZERO_MFA_FAILURES_OBSERVED,NO_ACTIONABLE_HYPOTHESIS
EMP12945,USER,ekapad.dass17,Compliance,25.29,LOW,1.0,HIGH,1,1.0,Unknown,UNKNOWN,SUFFICIENT_HISTORY,ZERO_MFA_FAILURES_OBSERVED,NO_ACTIONABLE_HYPOTHESIS
EMP12612,USER,advay.dani76,R&D,16.86,LOW,0.9667,HIGH,0,1.0,Unknown,UNKNOWN,SUFFICIENT_HISTORY,ZERO_MFA_FAILURES_OBSERVED,NO_ACTIONABLE_HYPOTHESIS
EMP12824,USER,dominic.borde50,Operations,0.0,LOW,0.695,MEDIUM,0,1.0,Unknown,UNKNOWN,SUFFICIENT_HISTORY,ZERO_MFA_FAILURES_OBSERVED,NO_ACTIONABLE_HYPOTHESIS
EMP12041,USER,advaith.choudhary34,Sales,0.0,LOW,0.7778,MEDIUM,0,1.0,Unknown,UNKNOWN,SUFFICIENT_HISTORY,ZERO_MFA_FAILURES_OBSERVED,NO_ACTIONABLE_HYPOTHESIS
EMP10241,USER,varenya.narain82,Legal,0.0,LOW,0.775,MEDIUM,0,1.0,Unknown,UNKNOWN,SUFFICIENT_HISTORY,ZERO_MFA_FAILURES_OBSERVED,NO_ACTIONABLE_HYPOTHESIS
EMP12061,USER,harish.sura83,IT,4.22,LOW,0.7778,MEDIUM,0,1.0,Unknown,UNKNOWN,SUFFICIENT_HISTORY,ZERO_MFA_FAILURES_OBSERVED,NO_ACTIONABLE_HYPOTHESIS
EMP12363,USER,peter.sampath76,R&D,11.59,LOW,0.775,MEDIUM,0,1.0,Unknown,UNKNOWN,SUFFICIENT_HISTORY,ZERO_MFA_FAILURES_OBSERVED,NO_ACTIONABLE_HYPOTHESIS
EMP10600,USER,pallavi.deshpande10,Marketing,33.73,MODERATE,0.805,HIGH,1,1.0,Unknown,UNKNOWN,SUFFICIENT_HISTORY,UNCORROBORATED_SINGLE_DIMENSION; ZERO_MFA_FAILURES_OBSERVED,NO_ACTIONABLE_HYPOTHESIS
EMP12435,USER,vasana.pandey31,Call Center,4.22,LOW,0.8061,HIGH,0,1.0,Unknown,UNKNOWN,SUFFICIENT_HISTORY,ZERO_MFA_FAILURES_OBSERVED,NO_ACTIONABLE_HYPOTHESIS
EMP11297,USER,zansi.sodhi24,Finance,16.86,LOW,0.865,HIGH,0,1.0,Unknown,UNKNOWN,SUFFICIENT_HISTORY,ZERO_MFA_FAILURES_OBSERVED,NO_ACTIONABLE_HYPOTHESIS
EMP12214,USER,samuel.acharya59,Human Resources,0.0,LOW,0.7383,MEDIUM,0,1.0,Unknown,UNKNOWN,SUFFICIENT_HISTORY,ZERO_MFA_FAILURES_OBSERVED,NO_ACTIONABLE_HYPOTHESIS
EMP12888,USER,mekhala.jani12,Operations,16.86,LOW,0.9636,HIGH,0,1.0,Unknown,UNKNOWN,SUFFICIENT_HISTORY,ZERO_MFA_FAILURES_OBSERVED,NO_ACTIONABLE_HYPOTHESIS
EMP12068,USER,fariq_dayal84,Procurement,4.22,LOW,0.815,HIGH,0,1.0,Unknown,UNKNOWN,SUFFICIENT_HISTORY,ZERO_MFA_FAILURES_OBSERVED,NO_ACTIONABLE_HYPOTHESIS
EMP10646,USER,nirja.rau58,Human Resources,6.12,LOW,0.775,MEDIUM,0,1.0,Unknown,UNKNOWN,SUFFICIENT_HISTORY,ZERO_MFA_FAILURES_OBSERVED,NO_ACTIONABLE_HYPOTHESIS
EMP11528,USER,udyati_thaker20,Procurement,8.43,LOW,0.8506,HIGH,0,1.0,Unknown,UNKNOWN,SUFFICIENT_HISTORY,ZERO_MFA_FAILURES_OBSERVED,NO_ACTIONABLE_HYPOTHESIS
EMP12879,USER,nirja_mani53,Sales,8.43,LOW,0.715,MEDIUM,0,1.0,Unknown,UNKNOWN,SUFFICIENT_HISTORY,ZERO_MFA_FAILURES_OBSERVED,NO_ACTIONABLE_HYPOTHESIS
EMP11267,USER,indira.tella80,R&D,21.08,LOW,0.9636,HIGH,1,1.0,Unknown,UNKNOWN,SUFFICIENT_HISTORY,ZERO_MFA_FAILURES_OBSERVED,NO_ACTIONABLE_HYPOTHESIS
EMP11899,USER,rayaan.srinivas61,Customer Support,12.65,LOW,0.7383,MEDIUM,0,1.0,Unknown,UNKNOWN,SUFFICIENT_HISTORY,ZERO_MFA_FAILURES_OBSERVED,NO_ACTIONABLE_HYPOTHESIS
EMP10562,USER,manan.desai49,Procurement,42.16,MODERATE,0.975,HIGH,1,1.0,Unknown,UNKNOWN,SUFFICIENT_HISTORY,UNCORROBORATED_SINGLE_DIMENSION; ZERO_MFA_FAILURES_OBSERVED,NO_ACTIONABLE_HYPOTHESIS
EMP12734,USER,xavier.kade65,R&D,8.43,LOW,0.835,HIGH,0,1.0,Unknown,UNKNOWN,SUFFICIENT_HISTORY,ZERO_MFA_FAILURES_OBSERVED,NO_ACTIONABLE_HYPOTHESIS
EMP10189,USER,kai.sastry56,Legal,0.0,LOW,0.805,HIGH,0,1.0,Unknown,UNKNOWN,SUFFICIENT_HISTORY,ZERO_MFA_FAILURES_OBSERVED,NO_ACTIONABLE_HYPOTHESIS
EMP11806,USER,shivansh.goyal35,Finance,22.13,LOW,0.5014,MEDIUM,0,1.0,Unknown,UNKNOWN,INSUFFICIENT_TIMESTAMP_QUALITY,LOW_TIMESTAMP_QUALITY; ZERO_MFA_FAILURES_OBSERVED,NO_ACTIONABLE_HYPOTHESIS
EMP10975,USER,azad.baral80,Human Resources,0.0,LOW,0.7383,MEDIUM,0,1.0,Unknown,UNKNOWN,SUFFICIENT_HISTORY,ZERO_MFA_FAILURES_OBSERVED,NO_ACTIONABLE_HYPOTHESIS
EMP12747,USER,chanakya.keer83,Brand,12.65,LOW,0.8506,HIGH,0,1.0,Unknown,UNKNOWN,SUFFICIENT_HISTORY,ZERO_MFA_FAILURES_OBSERVED,NO_ACTIONABLE_HYPOTHESIS
EMP12047,USER,tamanna.mital68,Human Resources,14.55,LOW,0.7207,MEDIUM,0,1.0,Unknown,UNKNOWN,SUFFICIENT_HISTORY,ZERO_MFA_FAILURES_OBSERVED,NO_ACTIONABLE_HYPOTHESIS
EMP12558,USER,nidra.vasa97,Marketing,33.73,MODERATE,0.9667,HIGH,0,1.0,Unknown,UNKNOWN,SUFFICIENT_HISTORY,UNCORROBORATED_SINGLE_DIMENSION; ZERO_MFA_FAILURES_OBSERVED,NO_ACTIONABLE_HYPOTHESIS
EMP11082,USER,om_jain49,IT Support,0.0,LOW,0.6636,MEDIUM,0,1.0,Unknown,UNKNOWN,SUFFICIENT_HISTORY,ZERO_MFA_FAILURES_OBSERVED,NO_ACTIONABLE_HYPOTHESIS
EMP10474,USER,ekani.wadhwa15,Operations,17.92,LOW,0.765,MEDIUM,0,1.0,Unknown,UNKNOWN,SUFFICIENT_HISTORY,ZERO_MFA_FAILURES_OBSERVED,NO_ACTIONABLE_HYPOTHESIS
EMP12904,USER,charan.narang96,Sales,8.43,LOW,0.55,MEDIUM,0,1.0,Unknown,UNKNOWN,INSUFFICIENT_HISTORY,INSUFFICIENT_BASELINE_HISTORY; ZERO_MFA_FAILURES_OBSERVED,NO_ACTIONABLE_HYPOTHESIS
EMP10747,USER,yashica.patla7,Operations,33.73,MODERATE,0.8107,HIGH,0,1.0,Unknown,UNKNOWN,SUFFICIENT_HISTORY,UNCORROBORATED_SINGLE_DIMENSION; ZERO_MFA_FAILURES_OBSERVED,NO_ACTIONABLE_HYPOTHESIS
EMP12300,USER,jeevika.bhardwaj87,Customer Support,14.05,LOW,1.0,HIGH,0,1.0,Unknown,UNKNOWN,SUFFICIENT_HISTORY,ZERO_MFA_FAILURES_OBSERVED,NO_ACTIONABLE_HYPOTHESIS
EMP10021,USER,alexander.sha81,IT,12.65,LOW,1.0,HIGH,0,1.0,Unknown,UNKNOWN,SUFFICIENT_HISTORY,ZERO_MFA_FAILURES_OBSERVED,NO_ACTIONABLE_HYPOTHESIS
EMP10459,USER,advika.dey22,Human Resources,12.65,LOW,0.92,HIGH,0,1.0,Unknown,UNKNOWN,SUFFICIENT_HISTORY,ZERO_MFA_FAILURES_OBSERVED,NO_ACTIONABLE_HYPOTHESIS
EMP11184,USER,ira.tripathi2,Marketing,8.43,LOW,0.7207,MEDIUM,0,1.0,Unknown,UNKNOWN,SUFFICIENT_HISTORY,ZERO_MFA_FAILURES_OBSERVED,NO_ACTIONABLE_HYPOTHESIS
EMP12324,USER,krishna.panchal99,Sales,0.0,LOW,0.895,HIGH,0,1.0,Unknown,UNKNOWN,SUFFICIENT_HISTORY,ZERO_MFA_FAILURES_OBSERVED,NO_ACTIONABLE_HYPOTHESIS
EMP10955,USER,janya.kuruvilla44,Marketing,12.65,LOW,0.96,HIGH,0,1.0,Unknown,UNKNOWN,SUFFICIENT_HISTORY,ZERO_MFA_FAILURES_OBSERVED,NO_ACTIONABLE_HYPOTHESIS
EMP11215,USER,gopal.nath97,Procurement,0.0,LOW,0.775,MEDIUM,0,1.0,Unknown,UNKNOWN,SUFFICIENT_HISTORY,ZERO_MFA_FAILURES_OBSERVED,NO_ACTIONABLE_HYPOTHESIS
EMP12433,USER,osha_dora22,IT,0.0,LOW,0.7383,MEDIUM,0,1.0,Unknown,UNKNOWN,SUFFICIENT_HISTORY,ZERO_MFA_FAILURES_OBSERVED,NO_ACTIONABLE_HYPOTHESIS
EMP12853,USER,advika.thakur47,Support,0.0,LOW,0.775,MEDIUM,0,1.0,Unknown,UNKNOWN,SUFFICIENT_HISTORY,ZERO_MFA_FAILURES_OBSERVED,NO_ACTIONABLE_HYPOTHESIS
EMP11515,USER,yashoda.kalita15,Finance,15.46,LOW,0.6717,MEDIUM,0,1.0,Unknown,UNKNOWN,SUFFICIENT_HISTORY,ZERO_MFA_FAILURES_OBSERVED,NO_ACTIONABLE_HYPOTHESIS
EMP12391,USER,pooja.iyengar59,Operations,8.43,LOW,0.9636,HIGH,0,1.0,Unknown,UNKNOWN,SUFFICIENT_HISTORY,ZERO_MFA_FAILURES_OBSERVED,NO_ACTIONABLE_HYPOTHESIS
EMP10769,USER,Unknown,Brand,16.86,LOW,1.0,HIGH,0,1.0,Unknown,UNKNOWN,SUFFICIENT_HISTORY,ZERO_MFA_FAILURES_OBSERVED,NO_ACTIONABLE_HYPOTHESIS
EMP11685,USER,zaid.kata76,Operations,0.0,LOW,0.695,MEDIUM,0,1.0,Unknown,UNKNOWN,SUFFICIENT_HISTORY,ZERO_MFA_FAILURES_OBSERVED,NO_ACTIONABLE_HYPOTHESIS
EMP10130,USER,arjun.deol3,IT,0.0,LOW,0.45,LOW,0,1.0,Unknown,UNKNOWN,INSUFFICIENT_HISTORY,INSUFFICIENT_BASELINE_HISTORY; ZERO_MFA_FAILURES_OBSERVED,NO_ACTIONABLE_HYPOTHESIS
EMP12919,USER,baghyawati.boase84,Human Resources,19.88,LOW,0.815,HIGH,0,1.0,Unknown,UNKNOWN,SUFFICIENT_HISTORY,ZERO_MFA_FAILURES_OBSERVED,NO_ACTIONABLE_HYPOTHESIS
EMP12135,USER,arunima.sharaf86,Human Resources,12.65,LOW,0.765,MEDIUM,0,1.0,Unknown,UNKNOWN,SUFFICIENT_HISTORY,ZERO_MFA_FAILURES_OBSERVED,NO_ACTIONABLE_HYPOTHESIS
EMP11482,USER,simon.srinivasan98,Operations,4.22,LOW,0.805,HIGH,0,1.0,Unknown,UNKNOWN,SUFFICIENT_HISTORY,ZERO_MFA_FAILURES_OBSERVED,NO_ACTIONABLE_HYPOTHESIS
EMP10330,USER,madhavi.saraf42,Procurement,25.29,LOW,0.9333,HIGH,1,1.0,Unknown,UNKNOWN,SUFFICIENT_HISTORY,ZERO_MFA_FAILURES_OBSERVED,NO_ACTIONABLE_HYPOTHESIS
EMP11238,USER,brinda.kade46,Operations,29.51,LOW,1.0,HIGH,0,1.0,Unknown,UNKNOWN,SUFFICIENT_HISTORY,ZERO_MFA_FAILURES_OBSERVED,NO_ACTIONABLE_HYPOTHESIS
EMP10466,USER,tanvi.mane92,Legal,33.73,MODERATE,0.96,HIGH,1,1.0,Unknown,UNKNOWN,SUFFICIENT_HISTORY,UNCORROBORATED_SINGLE_DIMENSION; ZERO_MFA_FAILURES_OBSERVED,NO_ACTIONABLE_HYPOTHESIS
EMP12169,USER,banjeet.bains78,Operations,4.22,LOW,0.9273,HIGH,0,1.0,Unknown,UNKNOWN,SUFFICIENT_HISTORY,ZERO_MFA_FAILURES_OBSERVED,NO_ACTIONABLE_HYPOTHESIS
EMP11638,USER,daniel.kala5,R&D,16.86,LOW,1.0,HIGH,0,1.0,Unknown,UNKNOWN,SUFFICIENT_HISTORY,ZERO_MFA_FAILURES_OBSERVED,NO_ACTIONABLE_HYPOTHESIS
EMP11095,USER,nicholas.sur69,Customer Support,7.03,LOW,0.865,HIGH,0,1.0,Unknown,UNKNOWN,SUFFICIENT_HISTORY,ZERO_MFA_FAILURES_OBSERVED,NO_ACTIONABLE_HYPOTHESIS
EMP11130,USER,radhika.sampath31,IT,63.23,HIGH,0.8408,HIGH,2,1.25,Unknown,UNKNOWN,SUFFICIENT_HISTORY,ZERO_MFA_FAILURES_OBSERVED,POSSIBLE_CREDENTIAL_COMPROMISE; POSSIBLE_ACCOUNT_TAKEOVER; POSSIBLE_SUSPICIOUS_ENDPOINT_ACTIVITY
EMP11294,USER,forum.gala78,Human Resources,4.22,LOW,0.765,MEDIUM,0,1.0,Unknown,UNKNOWN,SUFFICIENT_HISTORY,ZERO_MFA_FAILURES_OBSERVED,NO_ACTIONABLE_HYPOTHESIS
EMP10860,USER,alexander.d’alia12,Operations,5.27,LOW,0.3867,LOW,0,1.0,Unknown,UNKNOWN,INSUFFICIENT_HISTORY,INSUFFICIENT_BASELINE_HISTORY; ZERO_MFA_FAILURES_OBSERVED,NO_ACTIONABLE_HYPOTHESIS
