dataset,column,raw_value,frequency
ENDPOINT,device_criticality,Critical,677
ENDPOINT,device_criticality,Low,662
ENDPOINT,device_criticality,L,661
ENDPOINT,device_criticality,High,658
ENDPOINT,device_criticality,LOW,636
ENDPOINT,device_criticality,CRITICAL,617
ENDPOINT,device_criticality,H,617
ENDPOINT,device_criticality,Medium,616
ENDPOINT,device_criticality,M,611
ENDPOINT,device_criticality,MEDIUM,606
ENDPOINT,device_criticality,HIGH,580
ENDPOINT,endpoint_product,SYMANTEC,963
ENDPOINT,endpoint_product,SentinelOne,939
ENDPOINT,endpoint_product,Defender,934
ENDPOINT,endpoint_product,Windows Defender,916
ENDPOINT,endpoint_product,McAfee,907
ENDPOINT,endpoint_product,Quick Heal,904
ENDPOINT,endpoint_product,Kaspersky,896
ENDPOINT,endpoint_product,Carbon Black,891
ENDPOINT,endpoint_product,CrowdStrike,890
ENDPOINT,severity,MEDIUM,679
ENDPOINT,severity,P3,640
ENDPOINT,severity,Medium,627
ENDPOINT,severity,M,607
ENDPOINT,severity,Moderate,599
ENDPOINT,severity,LOW,525
ENDPOINT,severity,Minor,506
ENDPOINT,severity,P4,501
ENDPOINT,severity,L,484
ENDPOINT,severity,Low,477
ENDPOINT,severity,H,369
ENDPOINT,severity,High,367
ENDPOINT,severity,Major,364
ENDPOINT,severity,P2,354
ENDPOINT,severity,HIGH,351
ENDPOINT,severity,Critical,190
ENDPOINT,severity,CRIT,155
ENDPOINT,severity,Severe,152
ENDPOINT,severity,P1,147
ENDPOINT,severity,CRITICAL,146
ENDPOINT,status,New,561
ENDPOINT,status,N,511
ENDPOINT,status,Resolved,487
ENDPOINT,status,Open,478
ENDPOINT,status,NEW,477
ENDPOINT,status,Unassigned,473
ENDPOINT,status,O,467
ENDPOINT,status,OPEN,446
ENDPOINT,status,Active,442
ENDPOINT,status,Closed,415
ENDPOINT,status,R,414
ENDPOINT,status,CLOSED,385
ENDPOINT,status,IN_PROGRESS,377
ENDPOINT,status,WIP,374
ENDPOINT,status,RESOLVED,373
ENDPOINT,status,In Progress,369
ENDPOINT,status,Investigating,363
ENDPOINT,status,Not Malicious,230
ENDPOINT,status,FALSE_POSITIVE,216
ENDPOINT,status,False Positive,195
ENDPOINT,status,FP,187
FIREWALL,action,PERMIT,4007
FIREWALL,action,pass,3992
FIREWALL,action,permit,3991
FIREWALL,action,Allow,3989
FIREWALL,action,ALLOW,3954
FIREWALL,action,PASS,3951
FIREWALL,action,deny,995
FIREWALL,action,DROP,971
FIREWALL,action,Deny,965
FIREWALL,action,drop,954
FIREWALL,action,BLOCK,952
FIREWALL,action,DENY,949
FIREWALL,action,block,930
FIREWALL,protocol,tcp,5577
FIREWALL,protocol,6,5508
FIREWALL,protocol,TCP/6,5473
FIREWALL,protocol,TCP,5473
FIREWALL,protocol,17,1825
FIREWALL,protocol,UDP/17,1792
FIREWALL,protocol,UDP,1749
FIREWALL,protocol,udp,1735
FIREWALL,protocol,ping,391
FIREWALL,protocol,icmp,370
FIREWALL,protocol,1,355
FIREWALL,protocol,ICMP,352
FIREWALL,threat_flag,False,19909
FIREWALL,threat_flag,N,3331
FIREWALL,threat_flag,no,2716
FIREWALL,threat_flag,0,2216
FIREWALL,threat_flag,True,1654
FIREWALL,threat_flag,Y,310
FIREWALL,threat_flag,yes,259
FIREWALL,threat_flag,1,205
IAM,department,procurement team,366
IAM,department,Procurement,353
IAM,department,Human Resources,353
IAM,department,Supply Chain,352
IAM,department,Purchase,348
IAM,department,hr dept,341
IAM,department,Human Resource,339
IAM,department,HR,336
IAM,department,IT,336
IAM,department,People Team,331
IAM,department,Information Technology,331
IAM,department,PURCH,329
IAM,department,IT Dept,328
IAM,department,IT Support,326
IAM,department,CS,318
IAM,department,customer care,315
IAM,department,Support,313
IAM,department,information tech,305
IAM,department,Brand Team,302
IAM,department,RD,299
IAM,department,FINANCE,296
IAM,department,Call Center,295
IAM,department,Marketing,291
IAM,department,Customer Support,289
IAM,department,OPERATIONS,288
IAM,department,Fin,287
IAM,department,Innovation,287
IAM,department,marketing dept,287
IAM,department,Ops,286
IAM,department,LEGAL,286
IAM,department,Finance,286
IAM,department,Compliance,281
IAM,department,operations dept,281
IAM,department,finance dept,280
IAM,department,R&D,279
IAM,department,MKT,277
IAM,department,Research and Development,276
IAM,department,Ops Team,272
IAM,department,sales dept,272
IAM,department,RnD,268
IAM,department,Mktg,267
IAM,department,Operations,266
IAM,department,sales team,256
IAM,department,Legal Dept,250
IAM,department,legal,247
IAM,department,Accounts,245
IAM,department,SALES,245
IAM,department,Legal,240
IAM,department,Sales,226
IAM,department,Business Sales,215
IAM,event_type,SSO_SUCCESS,1769
IAM,event_type,success_login,1715
IAM,event_type,AUTH_SUCCESS,1698
IAM,event_type,LOGIN_SUCCESS,1697
IAM,event_type,Successful Login,1696
IAM,event_type,Login Success,1658
IAM,event_type,LOGON_SUCCESS,1656
IAM,event_type,LOGIN_FAILED,867
IAM,event_type,MFA_FAILED,840
IAM,event_type,LOGON_FAILURE,837
IAM,event_type,AUTH_FAILED,809
IAM,event_type,FAILED_LOGIN,785
IAM,event_type,Login Failed,784
IAM,event_type,invalid_credentials,782
IAM,event_type,failed logon,769
IAM,event_type,DEVICE_REGISTERED,320
IAM,event_type,ACCOUNT_UNLOCK,318
IAM,event_type,SESSION_TERMINATED,310
IAM,event_type,PRIVILEGE_ESCALATION_REQUEST,303
IAM,event_type,MFA_ENROLLMENT,301
IAM,event_type,ACCOUNT_LOCK,299
IAM,event_type,PASSWORD_RESET,287
IAM,mfa_passed,True,8743
IAM,mfa_passed,False,5527
IAM,mfa_passed,Y,1494
IAM,mfa_passed,yes,1300
IAM,mfa_passed,1,1028
IAM,mfa_passed,N,980
IAM,mfa_passed,no,774
IAM,mfa_passed,0,654
IAM,user_id,EMP11801,50
IAM,user_id,EMP12418,48
IAM,user_id,EMP10472,47
IAM,user_id,EMP11547,47
IAM,user_id,EMP12901,45
IAM,user_id,EMP10152,45
IAM,user_id,EMP10296,45
IAM,user_id,EMP12738,45
IAM,user_id,EMP10052,44
IAM,user_id,EMP10772,44
IAM,user_id,EMP12113,44
IAM,user_id,EMP11001,43
IAM,user_id,EMP12567,43
IAM,user_id,EMP10298,43
IAM,user_id,EMP12505,42
IAM,user_id,EMP11763,42
IAM,user_id,EMP10393,41
IAM,user_id,EMP11359,41
IAM,user_id,EMP10912,41
IAM,user_id,EMP12111,40
IAM,user_id,EMP10044,40
IAM,user_id,EMP11600,40
IAM,user_id,EMP11411,40
IAM,user_id,EMP12895,40
IAM,user_id,EMP10408,39
IAM,user_id,EMP12083,39
IAM,user_id,EMP11226,38
IAM,user_id,EMP10727,38
IAM,user_id,EMP11360,38
IAM,user_id,EMP11298,38
IAM,user_id,EMP12579,37
IAM,user_id,EMP11005,37
IAM,user_id,EMP10251,36
IAM,user_id,EMP10291,36
IAM,user_id,EMP10322,36
IAM,user_id,EMP11090,36
IAM,user_id,EMP10063,36
IAM,user_id,EMP12425,36
IAM,user_id,EMP10289,35
IAM,user_id,EMP11117,35
IAM,user_id,EMP11190,34
IAM,user_id,EMP12678,34
IAM,user_id,EMP11583,34
IAM,user_id,EMP12546,33
IAM,user_id,EMP11073,33
IAM,user_id,EMP10014,33
IAM,user_id,EMP11817,33
IAM,user_id,EMP10203,32
IAM,user_id,EMP10746,31
IAM,user_id,EMP12776,30
IAM,user_id,EMP10900,30
IAM,user_id,EMP12144,30
IAM,user_id,EMP11241,29
IAM,user_id,EMP10644,28
IAM,user_id,EMP12851,28
IAM,user_id,EMP10781,27
IAM,user_id,EMP12603,27
IAM,user_id,EMP10194,27
IAM,user_id,EMP11665,25
IAM,user_id,EMP12254,23
IAM,user_id,EMP-10322,14
IAM,user_id,emp11411,13
IAM,user_id,EMP-10063,12
IAM,user_id,EMP 10014,12
IAM,user_id,11298,12
IAM,user_id,emp10772,12
IAM,user_id,10746,11
IAM,user_id,emp11090,11
IAM,user_id,EMP-10472,11
IAM,user_id,emp12895,11
IAM,user_id,EMP 10408,11
IAM,user_id,emp12111,11
IAM,user_id,EMP-11763,11
IAM,user_id,emp12505,11
IAM,user_id,EMP-10014,11
IAM,user_id,EMP 11241,11
IAM,user_id,emp10014,11
IAM,user_id,emp10912,10
IAM,user_id,EMP-12111,10
IAM,user_id,11359,10
IAM,user_id,EMP12280,10
IAM,user_id,emp10194,10
IAM,user_id,emp12603,10
IAM,user_id,emp_12113,10
IAM,user_id,EMP-11190,10
IAM,user_id,EMP 11226,10
IAM,user_id,EMP-12776,10
IAM,user_id,12901,10
IAM,user_id,EMP-10194,10
IAM,user_id,EMP12117,10
IAM,user_id,EMP-10152,10
IAM,user_id,emp10296,10
IAM,user_id,10322,10
IAM,user_id,EMP12670,10
IAM,user_id,emp10408,10
IAM,user_id,EMP-11359,10
IAM,user_id,EMP11678,10
IAM,user_id,emp10322,10
IAM,user_id,emp12144,9
IAM,user_id,emp_12254,9
IAM,user_id,EMP-10781,9
IAM,user_id,EMP11330,9
IAM,user_id,EMP10849,9
IAM,user_id,emp_12901,9
IAM,user_id,EMP 11817,9
IAM,user_id,EMP11822,9
IAM,user_id,EMP11742,9
IAM,user_id,EMP11264,9
IAM,user_id,emp10063,9
IAM,user_id,EMP10768,9
IAM,user_id,EMP12779,9
IAM,user_id,emp11600,9
IAM,user_id,EMP10747,9
IAM,user_id,EMP 11298,9
IAM,user_id,EMP 11001,9
IAM,user_id,EMP12762,9
IAM,user_id,emp_11583,9
IAM,user_id,emp_10746,9
IAM,user_id,emp10472,9
IAM,user_id,EMP-11117,9
IAM,user_id,EMP10617,9
IAM,user_id,11411,9
IAM,user_id,11801,9
IAM,user_id,12083,9
IAM,user_id,11073,9
IAM,user_id,EMP11505,9
IAM,user_id,EMP12253,9
IAM,user_id,emp10900,9
IAM,user_id,12505,8
IAM,user_id,EMP12235,8
IAM,user_id,emp_12418,8
IAM,user_id,12579,8
IAM,user_id,EMP11159,8
IAM,user_id,EMP10748,8
IAM,user_id,EMP10951,8
IAM,user_id,EMP11000,8
IAM,user_id,emp12546,8
IAM,user_id,EMP11692,8
IAM,user_id,emp11073,8
IAM,user_id,EMP-12546,8
IAM,user_id,emp_11241,8
IAM,user_id,11001,8
IAM,user_id,EMP 10298,8
IAM,user_id,EMP 11600,8
IAM,user_id,emp10203,8
IAM,user_id,EMP 12113,8
IAM,user_id,EMP10928,8
IAM,user_id,EMP12922,8
IAM,user_id,EMP12848,8
IAM,user_id,EMP 10289,8
IAM,user_id,EMP 11360,8
IAM,user_id,EMP10593,8
IAM,user_id,emp11001,8
IAM,user_id,EMP11634,8
IAM,user_id,EMP-12678,8
IAM,user_id,EMP-12254,8
IAM,user_id,EMP11463,8
IAM,user_id,EMP 10727,8
IAM,user_id,12418,8
IAM,user_id,10296,8
IAM,user_id,emp_11001,8
IAM,user_id,emp_12083,8
IAM,user_id,emp12425,8
IAM,user_id,EMP12823,8
IAM,user_id,EMP11175,8
IAM,user_id,EMP12502,8
IAM,user_id,EMP12248,8
IAM,user_id,EMP11020,8
IAM,user_id,EMP12497,8
IAM,user_id,EMP12609,8
IAM,user_id,EMP12099,8
IAM,user_id,EMP 10746,8
IAM,user_id,EMP11961,8
IAM,user_id,EMP12944,8
IAM,user_id,emp_12567,8
IAM,user_id,EMP10851,8
IAM,user_id,emp12738,8
IAM,user_id,EMP 10251,8
IAM,user_id,EMP 12603,8
IAM,user_id,EMP-12083,8
IAM,user_id,EMP 12254,8
IAM,user_id,EMP-10772,8
IAM,user_id,EMP10123,8
IAM,user_id,EMP-10251,8
IAM,user_id,11817,8
IAM,user_id,EMP 10203,8
IAM,user_id,EMP11211,8
IAM,user_id,EMP10963,8
IAM,user_id,EMP-11360,8
IAM,user_id,EMP12961,7
IAM,user_id,EMP 10912,7
IAM,user_id,EMP10843,7
IAM,user_id,EMP12027,7
IAM,user_id,emp10746,7
IAM,user_id,EMP11358,7
IAM,user_id,EMP10785,7
IAM,user_id,EMP10625,7
IAM,user_id,EMP12285,7
IAM,user_id,EMP10994,7
IAM,user_id,EMP-10746,7
IAM,user_id,emp10298,7
IAM,user_id,EMP10539,7
IAM,user_id,emp12678,7
IAM,user_id,EMP 12678,7
IAM,user_id,EMP12472,7
IAM,user_id,11241,7
IAM,user_id,EMP12660,7
IAM,user_id,EMP12654,7
IAM,user_id,EMP10643,7
IAM,user_id,emp12113,7
IAM,user_id,EMP-12425,7
IAM,user_id,10298,7
IAM,user_id,EMP10280,7
IAM,user_id,EMP12693,7
IAM,user_id,EMP 10291,7
IAM,user_id,10152,7
IAM,user_id,EMP10830,7
IAM,user_id,10194,7
IAM,user_id,EMP 10472,7
IAM,user_id,EMP12396,7
IAM,user_id,EMP11427,7
IAM,user_id,EMP11224,7
IAM,user_id,EMP11156,7
IAM,user_id,EMP10483,7
IAM,user_id,EMP10077,7
IAM,user_id,EMP10120,7
IAM,user_id,emp_11117,7
IAM,user_id,EMP11574,7
IAM,user_id,EMP11375,7
IAM,user_id,EMP12630,7
IAM,user_id,10014,7
IAM,user_id,EMP12627,7
IAM,user_id,12254,7
IAM,user_id,EMP10319,7
IAM,user_id,emp_10052,7
IAM,user_id,EMP12017,7
IAM,user_id,EMP-11600,7
IAM,user_id,10289,7
IAM,user_id,EMP10292,7
IAM,user_id,emp_10727,7
IAM,user_id,EMP10608,7
IAM,user_id,EMP11876,7
IAM,user_id,EMP10057,7
IAM,user_id,EMP11992,7
IAM,user_id,EMP-12901,7
IAM,user_id,11190,7
IAM,user_id,EMP10162,7
IAM,user_id,EMP12834,7
IAM,user_id,EMP10405,7
IAM,user_id,EMP10475,7
IAM,user_id,emp12851,7
IAM,user_id,10772,7
IAM,user_id,EMP12556,7
IAM,user_id,EMP10462,7
IAM,user_id,11763,7
IAM,user_id,EMP11374,7
IAM,user_id,EMP12401,7
IAM,user_id,10900,7
IAM,user_id,EMP12141,7
IAM,user_id,EMP10664,7
IAM,user_id,EMP11085,7
IAM,user_id,EMP12123,7
IAM,user_id,EMP 11547,7
IAM,user_id,EMP 10900,7
IAM,user_id,EMP10725,7
IAM,user_id,EMP12795,7
IAM,user_id,EMP12057,7
IAM,user_id,EMP11148,7
IAM,user_id,EMP11471,7
IAM,user_id,EMP12297,7
IAM,user_id,11117,7
IAM,user_id,emp12254,7
IAM,user_id,EMP12982,7
IAM,user_id,10912,7
IAM,user_id,EMP11132,7
IAM,user_id,EMP11840,7
IAM,user_id,EMP10316,7
IAM,user_id,EMP11558,7
IAM,user_id,EMP12447,7
IAM,user_id,emp10044,7
IAM,user_id,EMP10131,7
IAM,user_id,EMP12735,7
IAM,user_id,EMP12930,7
IAM,user_id,EMP11390,7
IAM,user_id,EMP10894,7
IAM,user_id,EMP10930,7
IAM,user_id,EMP12785,7
IAM,user_id,EMP11127,7
IAM,user_id,EMP12154,7
IAM,user_id,EMP11914,7
IAM,user_id,emp10152,7
IAM,user_id,EMP11044,7
IAM,user_id,EMP11944,7
IAM,user_id,EMP 12425,7
IAM,user_id,EMP10372,7
IAM,user_id,EMP12704,6
IAM,user_id,EMP10486,6
IAM,user_id,EMP10585,6
IAM,user_id,EMP12550,6
IAM,user_id,EMP12831,6
IAM,user_id,EMP12850,6
IAM,user_id,EMP11397,6
IAM,user_id,12425,6
IAM,user_id,EMP10985,6
IAM,user_id,EMP12976,6
IAM,user_id,EMP10841,6
IAM,user_id,emp_10472,6
IAM,user_id,EMP10691,6
IAM,user_id,EMP11107,6
IAM,user_id,EMP10480,6
IAM,user_id,EMP11795,6
IAM,user_id,EMP10459,6
IAM,user_id,EMP11141,6
IAM,user_id,EMP12628,6
IAM,user_id,EMP12385,6
IAM,user_id,emp11763,6
IAM,user_id,emp_10063,6
IAM,user_id,10781,6
IAM,user_id,EMP12814,6
IAM,user_id,EMP10705,6
IAM,user_id,EMP12610,6
IAM,user_id,EMP11591,6
IAM,user_id,EMP12707,6
IAM,user_id,EMP-10644,6
IAM,user_id,EMP11076,6
IAM,user_id,EMP 12738,6
IAM,user_id,EMP 10052,6
IAM,user_id,EMP12138,6
IAM,user_id,EMP-11001,6
IAM,user_id,EMP11901,6
IAM,user_id,EMP11194,6
IAM,user_id,emp_10900,6
IAM,user_id,EMP11865,6
IAM,user_id,EMP12030,6
IAM,user_id,EMP 10781,6
IAM,user_id,EMP12290,6
IAM,user_id,EMP11205,6
IAM,user_id,EMP12902,6
IAM,user_id,EMP-10393,6
IAM,user_id,EMP 11090,6
IAM,user_id,EMP12160,6
IAM,user_id,EMP10508,6
IAM,user_id,EMP10822,6
IAM,user_id,EMP10988,6
IAM,user_id,EMP12695,6
IAM,user_id,EMP-11547,6
IAM,user_id,EMP10038,6
IAM,user_id,EMP10008,6
IAM,user_id,EMP 10152,6
IAM,user_id,EMP-11073,6
IAM,user_id,EMP-10044,6
IAM,user_id,EMP12049,6
IAM,user_id,EMP11773,6
IAM,user_id,EMP10924,6
IAM,user_id,emp11583,6
IAM,user_id,EMP 11005,6
IAM,user_id,EMP11415,6
IAM,user_id,EMP10079,6
IAM,user_id,EMP11026,6
IAM,user_id,EMP10454,6
IAM,user_id,10472,6
IAM,user_id,EMP12973,6
IAM,user_id,EMP11743,6
IAM,user_id,EMP12174,6
IAM,user_id,EMP12391,6
IAM,user_id,EMP12706,6
IAM,user_id,EMP11694,6
IAM,user_id,EMP12683,6
IAM,user_id,EMP10642,6
IAM,user_id,EMP10391,6
IAM,user_id,emp_11411,6
IAM,user_id,EMP10952,6
IAM,user_id,EMP10986,6
IAM,user_id,12776,6
IAM,user_id,EMP11512,6
IAM,user_id,EMP12439,6
IAM,user_id,emp_11801,6
IAM,user_id,10553,6
IAM,user_id,EMP 12111,6
IAM,user_id,EMP12577,6
IAM,user_id,EMP12626,6
IAM,user_id,EMP12343,6
IAM,user_id,EMP12487,6
IAM,user_id,emp_11298,6
IAM,user_id,EMP11864,6
IAM,user_id,EMP12275,6
IAM,user_id,EMP11065,6
IAM,user_id,EMP10695,6
IAM,user_id,emp_10296,6
IAM,user_id,EMP12271,6
IAM,user_id,EMP11982,6
IAM,user_id,EMP12341,6
IAM,user_id,EMP11568,6
IAM,user_id,EMP12516,6
IAM,user_id,EMP10596,6
IAM,user_id,EMP10788,6
IAM,user_id,EMP10969,6
IAM,user_id,EMP12005,6
IAM,user_id,EMP11602,6
IAM,user_id,EMP12220,6
IAM,user_id,emp_12505,6
IAM,user_id,EMP10551,6
IAM,user_id,EMP12416,6
IAM,user_id,EMP11934,6
IAM,user_id,EMP10188,6
IAM,user_id,EMP11621,6
IAM,user_id,EMP12400,6
IAM,user_id,EMP 10772,6
IAM,user_id,EMP12012,6
IAM,user_id,EMP11853,6
IAM,user_id,12113,6
IAM,user_id,EMP11576,6
IAM,user_id,EMP10598,6
IAM,user_id,EMP10800,6
IAM,user_id,emp_12895,6
IAM,user_id,EMP10581,6
IAM,user_id,EMP10041,6
IAM,user_id,EMP12592,6
IAM,user_id,EMP12354,6
IAM,user_id,emp_10014,6
IAM,user_id,EMP12065,6
IAM,user_id,EMP12677,6
IAM,user_id,EMP12368,6
IAM,user_id,EMP10602,6
IAM,user_id,EMP12010,6
IAM,user_id,EMP-11583,6
IAM,user_id,EMP11626,6
IAM,user_id,EMP11937,6
IAM,user_id,EMP10176,6
IAM,user_id,EMP 11583,6
IAM,user_id,EMP11034,6
IAM,user_id,EMP-12113,6
IAM,user_id,EMP11975,6
IAM,user_id,12546,6
IAM,user_id,EMP10037,6
IAM,user_id,EMP11252,6
IAM,user_id,EMP10888,6
IAM,user_id,11226,6
IAM,user_id,EMP12326,6
IAM,user_id,EMP10887,6
IAM,user_id,EMP10361,6
IAM,user_id,EMP12337,6
IAM,user_id,EMP10433,6
IAM,user_id,EMP11255,6
IAM,user_id,emp12579,6
IAM,user_id,EMP11047,6
IAM,user_id,EMP11676,6
IAM,user_id,EMP12219,6
IAM,user_id,EMP11229,6
IAM,user_id,EMP11500,6
IAM,user_id,EMP11376,6
IAM,user_id,emp11005,6
IAM,user_id,EMP11648,6
IAM,user_id,EMP12389,6
IAM,user_id,EMP10129,6
IAM,user_id,EMP12586,6
IAM,user_id,11090,6
IAM,user_id,EMP10236,6
IAM,user_id,EMP12940,6
IAM,user_id,EMP11858,6
IAM,user_id,EMP10392,6
IAM,user_id,EMP11354,6
IAM,user_id,EMP 11073,6
IAM,user_id,EMP10807,6
IAM,user_id,EMP12227,6
IAM,user_id,EMP12559,6
IAM,user_id,emp10052,6
IAM,user_id,EMP12692,6
IAM,user_id,emp10291,6
IAM,user_id,EMP10522,6
IAM,user_id,EMP11571,6
IAM,user_id,EMP12046,6
IAM,user_id,EMP12873,6
IAM,user_id,EMP10509,6
IAM,user_id,EMP10532,6
IAM,user_id,EMP12023,6
IAM,user_id,emp11190,6
IAM,user_id,10393,6
IAM,user_id,EMP11968,6
IAM,user_id,EMP10089,6
IAM,user_id,EMP12168,6
IAM,user_id,EMP10517,6
IAM,user_id,EMP-12603,6
IAM,user_id,EMP12085,6
IAM,user_id,EMP11109,6
IAM,user_id,EMP10824,6
IAM,user_id,EMP11550,6
IAM,user_id,EMP10040,6
IAM,user_id,EMP12581,6
IAM,user_id,10044,6
IAM,user_id,EMP12956,6
IAM,user_id,EMP12602,6
IAM,user_id,EMP10813,6
IAM,user_id,EMP10939,6
IAM,user_id,EMP12781,6
IAM,user_id,EMP10834,6
IAM,user_id,EMP10649,6
IAM,user_id,EMP12576,6
IAM,user_id,EMP12907,6
IAM,user_id,EMP12943,6
IAM,user_id,EMP11991,6
IAM,user_id,EMP11918,6
IAM,user_id,EMP11218,6
IAM,user_id,EMP12450,6
IAM,user_id,EMP11036,6
IAM,user_id,EMP-12144,6
IAM,user_id,EMP 11665,6
IAM,user_id,EMP11112,6
IAM,user_id,EMP12331,6
IAM,user_id,EMP11710,6
IAM,user_id,EMP11435,6
IAM,user_id,EMP12894,6
IAM,user_id,EMP11664,6
IAM,user_id,emp11665,6
IAM,user_id,EMP11118,6
IAM,user_id,EMP11192,6
IAM,user_id,emp_12851,6
IAM,user_id,EMP12758,6
IAM,user_id,EMP10005,6
IAM,user_id,EMP11874,6
IAM,user_id,EMP11238,6
IAM,user_id,EMP12140,6
IAM,user_id,EMP12358,6
IAM,user_id,EMP10192,6
IAM,user_id,EMP12177,6
IAM,user_id,EMP12622,5
IAM,user_id,EMP10606,5
IAM,user_id,EMP11232,5
IAM,user_id,EMP11942,5
IAM,user_id,EMP12378,5
IAM,user_id,EMP12852,5
IAM,user_id,emp11226,5
IAM,user_id,emp_10393,5
IAM,user_id,EMP10799,5
IAM,user_id,EMP-10203,5
IAM,user_id,EMP10665,5
IAM,user_id,EMP11668,5
IAM,user_id,EMP12896,5
IAM,user_id,EMP12390,5
IAM,user_id,12678,5
IAM,user_id,EMP12970,5
IAM,user_id,EMP10947,5
IAM,user_id,EMP12149,5
IAM,user_id,EMP10447,5
IAM,user_id,EMP11521,5
IAM,user_id,EMP10973,5
IAM,user_id,EMP-11005,5
IAM,user_id,EMP12399,5
IAM,user_id,EMP10418,5
IAM,user_id,EMP10712,5
IAM,user_id,EMP12946,5
IAM,user_id,EMP12126,5
IAM,user_id,EMP11770,5
IAM,user_id,EMP10662,5
IAM,user_id,EMP12636,5
IAM,user_id,EMP12920,5
IAM,user_id,EMP11124,5
IAM,user_id,EMP-11665,5
IAM,user_id,EMP12288,5
IAM,user_id,EMP11261,5
IAM,user_id,EMP10868,5
IAM,user_id,EMP10891,5
IAM,user_id,EMP11398,5
IAM,user_id,EMP12548,5
IAM,user_id,EMP12855,5
IAM,user_id,EMP11130,5
IAM,user_id,EMP10355,5
IAM,user_id,EMP11643,5
IAM,user_id,EMP11929,5
IAM,user_id,12895,5
IAM,user_id,EMP10069,5
IAM,user_id,EMP11794,5
IAM,user_id,emp_11005,5
IAM,user_id,EMP12373,5
IAM,user_id,EMP12828,5
IAM,user_id,EMP11049,5
IAM,user_id,EMP11012,5
IAM,user_id,EMP12035,5
IAM,user_id,EMP12398,5
IAM,user_id,EMP10971,5
IAM,user_id,EMP 12776,5
IAM,user_id,EMP-11801,5
IAM,user_id,EMP11989,5
IAM,user_id,EMP10083,5
IAM,user_id,EMP 10393,5
IAM,user_id,EMP12161,5
IAM,user_id,EMP11965,5
IAM,user_id,EMP11915,5
IAM,user_id,EMP10519,5
IAM,user_id,EMP11453,5
IAM,user_id,EMP10066,5
IAM,user_id,EMP10612,5
IAM,user_id,EMP10936,5
IAM,user_id,EMP12350,5
IAM,user_id,EMP11828,5
IAM,user_id,EMP12052,5
IAM,user_id,EMP11140,5
IAM,user_id,EMP11837,5
IAM,user_id,EMP12260,5
IAM,user_id,EMP10731,5
IAM,user_id,EMP10118,5
IAM,user_id,EMP10796,5
IAM,user_id,12738,5
IAM,user_id,EMP10938,5
IAM,user_id,EMP11669,5
IAM,user_id,EMP11716,5
IAM,user_id,EMP-11226,5
IAM,user_id,EMP11460,5
IAM,user_id,EMP11732,5
IAM,user_id,EMP11064,5
IAM,user_id,EMP12066,5
IAM,user_id,EMP12521,5
IAM,user_id,EMP10150,5
IAM,user_id,EMP10337,5
IAM,user_id,EMP10732,5
IAM,user_id,EMP11002,5
IAM,user_id,EMP10301,5
IAM,user_id,EMP12477,5
IAM,user_id,EMP11575,5
IAM,user_id,EMP11974,5
IAM,user_id,EMP11675,5
IAM,user_id,EMP10618,5
IAM,user_id,EMP 11701,5
IAM,user_id,EMP11850,5
IAM,user_id,EMP10082,5
IAM,user_id,EMP12615,5
IAM,user_id,EMP10488,5
IAM,user_id,EMP12651,5
IAM,user_id,EMP10369,5
IAM,user_id,EMP12136,5
IAM,user_id,EMP11426,5
IAM,user_id,emp_11472,5
IAM,user_id,EMP11039,5
IAM,user_id,EMP11932,5
IAM,user_id,EMP11948,5
IAM,user_id,EMP11855,5
IAM,user_id,EMP12153,5
IAM,user_id,EMP10218,5
IAM,user_id,EMP 10296,5
IAM,user_id,EMP10287,5
IAM,user_id,EMP11686,5
IAM,user_id,EMP11704,5
IAM,user_id,EMP11201,5
IAM,user_id,EMP11344,5
IAM,user_id,EMP10346,5
IAM,user_id,EMP11829,5
IAM,user_id,EMP10051,5
IAM,user_id,EMP12496,5
IAM,user_id,EMP11866,5
IAM,user_id,EMP11595,5
IAM,user_id,EMP10500,5
IAM,user_id,EMP11097,5
IAM,user_id,EMP12745,5
IAM,user_id,EMP10693,5
IAM,user_id,EMP-10404,5
IAM,user_id,EMP11499,5
IAM,user_id,EMP11053,5
IAM,user_id,EMP10441,5
IAM,user_id,EMP12542,5
IAM,user_id,EMP10558,5
IAM,user_id,EMP11289,5
IAM,user_id,EMP10364,5
IAM,user_id,11583,5
IAM,user_id,EMP10335,5
IAM,user_id,EMP12231,5
IAM,user_id,emp10393,5
IAM,user_id,EMP11494,5
IAM,user_id,EMP11248,5
IAM,user_id,EMP11357,5
IAM,user_id,EMP10222,5
IAM,user_id,EMP11170,5
IAM,user_id,emp11725,5
IAM,user_id,EMP11546,5
IAM,user_id,EMP10958,5
IAM,user_id,EMP11758,5
IAM,user_id,EMP12016,5
IAM,user_id,emp11117,5
IAM,user_id,EMP12180,5
IAM,user_id,EMP10511,5
IAM,user_id,12144,5
IAM,user_id,EMP10783,5
IAM,user_id,EMP12812,5
IAM,user_id,EMP12968,5
IAM,user_id,EMP10474,5
IAM,user_id,EMP10742,5
IAM,user_id,EMP10026,5
IAM,user_id,EMP10011,5
IAM,user_id,EMP12495,5
IAM,user_id,EMP12810,5
IAM,user_id,EMP10383,5
IAM,user_id,EMP11335,5
IAM,user_id,EMP12841,5
IAM,user_id,EMP10653,5
IAM,user_id,EMP11138,5
IAM,user_id,EMP11219,5
IAM,user_id,EMP10680,5
IAM,user_id,EMP10352,5
IAM,user_id,EMP11631,5
IAM,user_id,EMP11695,5
IAM,user_id,EMP11429,5
IAM,user_id,EMP12499,5
IAM,user_id,EMP12963,5
IAM,user_id,EMP11317,5
IAM,user_id,EMP12947,5
IAM,user_id,EMP12694,5
IAM,user_id,EMP12959,5
IAM,user_id,EMP-10291,5
IAM,user_id,11600,5
IAM,user_id,EMP11586,5
IAM,user_id,EMP11908,5
IAM,user_id,EMP10657,5
IAM,user_id,EMP11006,5
IAM,user_id,EMP12560,5
IAM,user_id,EMP11760,5
IAM,user_id,EMP11824,5
IAM,user_id,emp11241,5
IAM,user_id,EMP10435,5
IAM,user_id,EMP10160,5
IAM,user_id,EMP10862,5
IAM,user_id,EMP12667,5
IAM,user_id,EMP10591,5
IAM,user_id,EMP10080,5
IAM,user_id,EMP11367,5
IAM,user_id,EMP12958,5
IAM,user_id,EMP11827,5
IAM,user_id,EMP10093,5
IAM,user_id,EMP11820,5
IAM,user_id,EMP12713,5
IAM,user_id,emp_10408,5
IAM,user_id,EMP11428,5
IAM,user_id,emp12567,5
IAM,user_id,EMP11363,5
IAM,user_id,EMP11630,5
IAM,user_id,EMP11173,5
IAM,user_id,EMP10879,5
IAM,user_id,EMP 12144,5
IAM,user_id,EMP12617,5
IAM,user_id,EMP 10044,5
IAM,user_id,EMP11691,5
IAM,user_id,11360,5
IAM,user_id,EMP12865,5
IAM,user_id,EMP12173,5
IAM,user_id,emp_10203,5
IAM,user_id,EMP11296,5
IAM,user_id,EMP12566,5
IAM,user_id,EMP10966,5
IAM,user_id,EMP12365,5
IAM,user_id,EMP-10296,5
IAM,user_id,EMP11111,5
IAM,user_id,EMP11912,5
IAM,user_id,EMP10029,5
IAM,user_id,EMP11245,5
IAM,user_id,EMP10020,5
IAM,user_id,EMP12471,5
IAM,user_id,EMP10321,5
IAM,user_id,EMP11807,5
IAM,user_id,EMP12507,5
IAM,user_id,EMP11227,5
IAM,user_id,EMP10348,5
IAM,user_id,EMP10623,5
IAM,user_id,EMP12802,5
IAM,user_id,EMP12765,5
IAM,user_id,emp11547,5
IAM,user_id,EMP11024,5
IAM,user_id,emp_11817,5
IAM,user_id,emp_10644,5
IAM,user_id,EMP11507,5
IAM,user_id,EMP12612,5
IAM,user_id,emp10644,5
IAM,user_id,EMP11654,5
IAM,user_id,EMP11283,5
IAM,user_id,EMP10974,5
IAM,user_id,EMP 11715,5
IAM,user_id,EMP10869,5
IAM,user_id,EMP12531,5
IAM,user_id,emp_10322,5
IAM,user_id,EMP12669,5
IAM,user_id,EMP12519,5
IAM,user_id,EMP12073,5
IAM,user_id,EMP12455,5
IAM,user_id,emp_10781,5
IAM,user_id,EMP10984,5
IAM,user_id,EMP 10063,5
IAM,user_id,EMP10466,5
IAM,user_id,EMP10173,5
IAM,user_id,EMP10535,5
IAM,user_id,EMP12974,5
IAM,user_id,EMP12142,5
IAM,user_id,EMP12098,5
IAM,user_id,EMP12819,5
IAM,user_id,EMP10016,5
IAM,user_id,EMP 10834,5
IAM,user_id,EMP11204,5
IAM,user_id,EMP10278,5
IAM,user_id,EMP10000,5
IAM,user_id,EMP12607,5
IAM,user_id,EMP12359,5
IAM,user_id,EMP10633,5
IAM,user_id,EMP12007,5
IAM,user_id,EMP10885,5
IAM,user_id,EMP11326,5
IAM,user_id,EMP12315,5
IAM,user_id,EMP12537,5
IAM,user_id,EMP10589,5
IAM,user_id,EMP11718,5
IAM,user_id,EMP11909,5
IAM,user_id,EMP12100,5
IAM,user_id,EMP10271,5
IAM,user_id,EMP12230,5
IAM,user_id,EMP12107,5
IAM,user_id,EMP10299,5
IAM,user_id,EMP12370,5
IAM,user_id,emp_10289,5
IAM,user_id,emp10251,5
IAM,user_id,EMP10017,5
IAM,user_id,EMP11161,5
IAM,user_id,emp_12603,5
IAM,user_id,EMP11608,5
IAM,user_id,EMP11253,5
IAM,user_id,EMP10114,5
IAM,user_id,EMP10872,5
IAM,user_id,EMP12069,5
IAM,user_id,EMP11348,5
IAM,user_id,EMP12476,5
IAM,user_id,EMP12524,5
IAM,user_id,EMP10376,5
IAM,user_id,EMP11798,5
IAM,user_id,EMP11560,5
IAM,user_id,EMP11878,5
IAM,user_id,EMP12918,5
IAM,user_id,EMP10407,5
IAM,user_id,EMP11519,5
IAM,user_id,emp_12144,5
IAM,user_id,EMP11987,5
IAM,user_id,EMP12132,5
IAM,user_id,EMP11366,5
IAM,user_id,EMP10153,5
IAM,user_id,EMP10023,5
IAM,user_id,EMP11967,5
IAM,user_id,EMP11329,5
IAM,user_id,EMP-10408,5
IAM,user_id,EMP 11359,5
IAM,user_id,EMP10861,5
IAM,user_id,EMP11214,5
IAM,user_id,EMP11690,5
IAM,user_id,10251,5
IAM,user_id,EMP12405,5
IAM,user_id,EMP11153,5
IAM,user_id,EMP10534,5
IAM,user_id,EMP10317,5
IAM,user_id,EMP12022,5
IAM,user_id,EMP11349,5
IAM,user_id,EMP10959,5
IAM,user_id,EMP10452,5
IAM,user_id,EMP10386,5
IAM,user_id,EMP11352,5
IAM,user_id,EMP10955,5
IAM,user_id,EMP 12579,5
IAM,user_id,emp12901,5
IAM,user_id,EMP12664,5
IAM,user_id,10644,5
IAM,user_id,EMP10921,5
IAM,user_id,EMP11835,5
IAM,user_id,10203,5
IAM,user_id,EMP10012,5
IAM,user_id,EMP12407,5
IAM,user_id,EMP10610,5
IAM,user_id,EMP10991,5
IAM,user_id,EMP11745,5
IAM,user_id,EMP11412,5
IAM,user_id,EMP12258,5
IAM,user_id,EMP11114,5
IAM,user_id,EMP10684,5
IAM,user_id,EMP12379,5
IAM,user_id,EMP10544,5
IAM,user_id,EMP-12579,5
IAM,user_id,EMP12125,5
IAM,user_id,emp_11731,5
IAM,user_id,EMP11164,5
IAM,user_id,EMP11555,5
IAM,user_id,EMP-10289,5
IAM,user_id,emp11298,5
IAM,user_id,EMP-12567,5
IAM,user_id,EMP12578,5
IAM,user_id,EMP10595,5
IAM,user_id,EMP10650,5
IAM,user_id,EMP12657,5
IAM,user_id,EMP10187,5
IAM,user_id,EMP10842,5
IAM,user_id,EMP12729,5
IAM,user_id,emp_11090,5
IAM,user_id,EMP11251,4
IAM,user_id,EMP10726,4
IAM,user_id,EMP12056,4
IAM,user_id,EMP10356,4
IAM,user_id,EMP12157,4
IAM,user_id,EMP11104,4
IAM,user_id,EMP12937,4
IAM,user_id,EMP10496,4
IAM,user_id,EMP12913,4
IAM,user_id,EMP11662,4
IAM,user_id,EMP10468,4
IAM,user_id,EMP11561,4
IAM,user_id,EMP11347,4
IAM,user_id,EMP12039,4
IAM,user_id,11665,4
IAM,user_id,EMP12216,4
IAM,user_id,EMP12833,4
IAM,user_id,EMP11222,4
IAM,user_id,EMP10733,4
IAM,user_id,EMP11257,4
IAM,user_id,10685,4
IAM,user_id,EMP12318,4
IAM,user_id,EMP10527,4
IAM,user_id,emp_12088,4
IAM,user_id,EMP10667,4
IAM,user_id,EMP10721,4
IAM,user_id,emp_12579,4
IAM,user_id,EMP10942,4
IAM,user_id,EMP11566,4
IAM,user_id,EMP10922,4
IAM,user_id,EMP10897,4
IAM,user_id,EMP10467,4
IAM,user_id,EMP11843,4
IAM,user_id,12601,4
IAM,user_id,EMP12945,4
IAM,user_id,EMP12905,4
IAM,user_id,EMP11774,4
IAM,user_id,emp10950,4
IAM,user_id,EMP12147,4
IAM,user_id,EMP11538,4
IAM,user_id,EMP-12049,4
IAM,user_id,EMP11220,4
IAM,user_id,EMP10722,4
IAM,user_id,EMP11923,4
IAM,user_id,EMP10087,4
IAM,user_id,EMP12420,4
IAM,user_id,emp_10925,4
IAM,user_id,emp_12678,4
IAM,user_id,EMP10374,4
IAM,user_id,EMP12340,4
IAM,user_id,EMP10563,4
IAM,user_id,EMP11316,4
IAM,user_id,EMP10484,4
IAM,user_id,EMP11071,4
IAM,user_id,EMP12403,4
IAM,user_id,EMP12095,4
IAM,user_id,EMP11181,4
IAM,user_id,EMP11437,4
IAM,user_id,EMP10156,4
IAM,user_id,EMP10449,4
IAM,user_id,EMP12640,4
IAM,user_id,EMP10344,4
IAM,user_id,EMP12725,4
IAM,user_id,EMP10855,4
IAM,user_id,EMP10085,4
IAM,user_id,emp_10291,4
IAM,user_id,EMP12932,4
IAM,user_id,EMP10638,4
IAM,user_id,EMP 12895,4
IAM,user_id,EMP12571,4
IAM,user_id,EMP11769,4
IAM,user_id,EMP11096,4
IAM,user_id,EMP11273,4
IAM,user_id,EMP12064,4
IAM,user_id,EMP12377,4
IAM,user_id,EMP12928,4
IAM,user_id,EMP12582,4
IAM,user_id,EMP11823,4
IAM,user_id,EMP10609,4
IAM,user_id,EMP11596,4
IAM,user_id,EMP10277,4
IAM,user_id,EMP12086,4
IAM,user_id,EMP10569,4
IAM,user_id,EMP12419,4
IAM,user_id,EMP11093,4
IAM,user_id,EMP 12567,4
IAM,user_id,EMP12952,4
IAM,user_id,EMP10905,4
IAM,user_id,EMP11288,4
IAM,user_id,EMP10767,4
IAM,user_id,EMP11160,4
IAM,user_id,EMP11080,4
IAM,user_id,EMP12330,4
IAM,user_id,EMP11941,4
IAM,user_id,EMP11531,4
IAM,user_id,EMP10932,4
IAM,user_id,EMP11062,4
IAM,user_id,EMP11860,4
IAM,user_id,EMP12068,4
IAM,user_id,EMP11759,4
IAM,user_id,emp12295,4
IAM,user_id,EMP10436,4
IAM,user_id,EMP12369,4
IAM,user_id,EMP11726,4
IAM,user_id,EMP11584,4
IAM,user_id,EMP-12895,4
IAM,user_id,EMP12021,4
IAM,user_id,emp12083,4
IAM,user_id,EMP11620,4
IAM,user_id,EMP12547,4
IAM,user_id,EMP11815,4
IAM,user_id,EMP12679,4
IAM,user_id,EMP10826,4
IAM,user_id,EMP12518,4
IAM,user_id,EMP11826,4
IAM,user_id,EMP10686,4
IAM,user_id,EMP12486,4
IAM,user_id,emp11376,4
IAM,user_id,EMP11818,4
IAM,user_id,EMP11524,4
IAM,user_id,EMP11300,4
IAM,user_id,EMP 12546,4
IAM,user_id,EMP10795,4
IAM,user_id,EMP10232,4
IAM,user_id,EMP12621,4
IAM,user_id,EMP11198,4
IAM,user_id,emp11555,4
IAM,user_id,EMP12798,4
IAM,user_id,EMP11276,4
IAM,user_id,EMP12818,4
IAM,user_id,EMP10409,4
IAM,user_id,EMP12146,4
IAM,user_id,EMP12003,4
IAM,user_id,EMP11628,4
IAM,user_id,EMP11857,4
IAM,user_id,EMP12525,4
IAM,user_id,EMP10092,4
IAM,user_id,EMP11393,4
IAM,user_id,EMP10354,4
IAM,user_id,EMP10696,4
IAM,user_id,EMP10100,4
IAM,user_id,EMP12080,4
IAM,user_id,EMP10630,4
IAM,user_id,EMP11797,4
IAM,user_id,EMP12764,4
IAM,user_id,EMP10925,4
IAM,user_id,EMP11955,4
IAM,user_id,EMP12163,4
IAM,user_id,EMP11613,4
IAM,user_id,EMP10639,4
IAM,user_id,EMP10929,4
IAM,user_id,EMP10621,4
IAM,user_id,EMP12721,4
IAM,user_id,EMP10345,4
IAM,user_id,EMP10859,4
IAM,user_id,EMP12255,4
IAM,user_id,EMP10524,4
IAM,user_id,EMP10049,4
IAM,user_id,EMP11136,4
IAM,user_id,EMP10189,4
IAM,user_id,emp10727,4
IAM,user_id,EMP 11550,4
IAM,user_id,emp_12425,4
IAM,user_id,EMP11169,4
IAM,user_id,EMP-11411,4
IAM,user_id,EMP12257,4
IAM,user_id,EMP10566,4
IAM,user_id,EMP12775,4
IAM,user_id,EMP12183,4
IAM,user_id,EMP11455,4
IAM,user_id,EMP12939,4
IAM,user_id,11702,4
IAM,user_id,EMP-10094,4
IAM,user_id,EMP10096,4
IAM,user_id,EMP10248,4
IAM,user_id,EMP11656,4
IAM,user_id,EMP10214,4
IAM,user_id,EMP12941,4
IAM,user_id,EMP11730,4
IAM,user_id,EMP11247,4
IAM,user_id,EMP12188,4
IAM,user_id,EMP12246,4
IAM,user_id,EMP12580,4
IAM,user_id,EMP10434,4
IAM,user_id,EMP10330,4
IAM,user_id,EMP11323,4
IAM,user_id,EMP12202,4
IAM,user_id,EMP12797,4
IAM,user_id,EMP11645,4
IAM,user_id,EMP11265,4
IAM,user_id,EMP12830,4
IAM,user_id,EMP10533,4
IAM,user_id,EMP12344,4
IAM,user_id,EMP11869,4
IAM,user_id,EMP11091,4
IAM,user_id,EMP10245,4
IAM,user_id,EMP10099,4
IAM,user_id,EMP10683,4
IAM,user_id,EMP12213,4
IAM,user_id,EMP11068,4
IAM,user_id,EMP12996,4
IAM,user_id,EMP12761,4
IAM,user_id,EMP 11801,4
IAM,user_id,EMP10464,4
IAM,user_id,EMP12259,4
IAM,user_id,EMP11481,4
IAM,user_id,EMP12686,4
IAM,user_id,EMP11729,4
IAM,user_id,EMP11513,4
IAM,user_id,EMP10274,4
IAM,user_id,EMP10810,4
IAM,user_id,EMP11337,4
IAM,user_id,EMP11964,4
IAM,user_id,EMP12535,4
IAM,user_id,EMP12273,4
IAM,user_id,EMP11315,4
IAM,user_id,EMP12639,4
IAM,user_id,EMP11723,4
IAM,user_id,EMP10961,4
IAM,user_id,EMP11603,4
IAM,user_id,EMP12380,4
IAM,user_id,EMP11616,4
IAM,user_id,EMP10134,4
IAM,user_id,EMP11137,4
IAM,user_id,EMP12699,4
IAM,user_id,EMP10804,4
IAM,user_id,EMP11902,4
IAM,user_id,EMP10006,4
IAM,user_id,EMP10671,4
IAM,user_id,EMP10136,4
IAM,user_id,EMP10311,4
IAM,user_id,EMP12817,4
IAM,user_id,EMP12623,4
IAM,user_id,EMP11092,4
IAM,user_id,EMP11844,4
IAM,user_id,emp12418,4
IAM,user_id,EMP10567,4
IAM,user_id,EMP11050,4
IAM,user_id,EMP10764,4
IAM,user_id,EMP12536,4
IAM,user_id,EMP12429,4
IAM,user_id,EMP11382,4
IAM,user_id,EMP10762,4
IAM,user_id,EMP12842,4
IAM,user_id,EMP11007,4
IAM,user_id,EMP10537,4
IAM,user_id,EMP10350,4
IAM,user_id,EMP10895,4
IAM,user_id,EMP12256,4
IAM,user_id,EMP10457,4
IAM,user_id,EMP12137,4
IAM,user_id,EMP12264,4
IAM,user_id,EMP10147,4
IAM,user_id,emp11801,4
IAM,user_id,EMP10622,4
IAM,user_id,EMP12435,4
IAM,user_id,emp11957,4
IAM,user_id,EMP11988,4
IAM,user_id,EMP11803,4
IAM,user_id,EMP12936,4
IAM,user_id,EMP10902,4
IAM,user_id,EMP11541,4
IAM,user_id,EMP-12402,4
IAM,user_id,EMP11431,4
IAM,user_id,12034,4
IAM,user_id,EMP12047,4
IAM,user_id,EMP 11542,4
IAM,user_id,EMP 12901,4
IAM,user_id,EMP10979,4
IAM,user_id,EMP11008,4
IAM,user_id,EMP10556,4
IAM,user_id,EMP11535,4
IAM,user_id,EMP12880,4
IAM,user_id,EMP11484,4
IAM,user_id,EMP10088,4
IAM,user_id,EMP10371,4
IAM,user_id,EMP12158,4
IAM,user_id,EMP10363,4
IAM,user_id,10408,4
IAM,user_id,EMP11928,4
IAM,user_id,EMP10340,4
IAM,user_id,EMP12558,4
IAM,user_id,EMP12175,4
IAM,user_id,12639,4
IAM,user_id,EMP10165,4
IAM,user_id,EMP10323,4
IAM,user_id,EMP11534,4
IAM,user_id,EMP10645,4
IAM,user_id,EMP11705,4
IAM,user_id,EMP11573,4
IAM,user_id,EMP10877,4
IAM,user_id,EMP12215,4
IAM,user_id,12072,4
IAM,user_id,EMP11717,4
IAM,user_id,EMP10331,4
IAM,user_id,EMP10253,4
IAM,user_id,EMP12572,4
IAM,user_id,EMP12115,4
IAM,user_id,EMP11699,4
IAM,user_id,EMP11320,4
IAM,user_id,EMP12964,4
IAM,user_id,EMP11775,4
IAM,user_id,EMP11978,4
IAM,user_id,EMP10240,4
IAM,user_id,EMP11998,4
IAM,user_id,EMP10180,4
IAM,user_id,EMP11871,4
IAM,user_id,10727,4
IAM,user_id,EMP-11709,4
IAM,user_id,EMP11048,4
IAM,user_id,EMP11776,4
IAM,user_id,12851,4
IAM,user_id,EMP12513,4
IAM,user_id,EMP11713,4
IAM,user_id,EMP11440,4
IAM,user_id,EMP11268,4
IAM,user_id,EMP12682,4
IAM,user_id,EMP12225,4
IAM,user_id,EMP12618,4
IAM,user_id,EMP11516,4
IAM,user_id,EMP11416,4
IAM,user_id,EMP11680,4
IAM,user_id,EMP10281,4
IAM,user_id,EMP11430,4
IAM,user_id,EMP11605,4
IAM,user_id,EMP10191,4
IAM,user_id,EMP10401,4
IAM,user_id,EMP10125,4
IAM,user_id,EMP11777,4
IAM,user_id,EMP11681,4
IAM,user_id,emp_12111,4
IAM,user_id,emp12606,4
IAM,user_id,EMP11642,4
IAM,user_id,EMP 10644,4
IAM,user_id,EMP11612,4
IAM,user_id,EMP12534,4
IAM,user_id,EMP11549,4
IAM,user_id,EMP10398,4
IAM,user_id,EMP12897,4
IAM,user_id,EMP10220,4
IAM,user_id,11005,4
IAM,user_id,EMP11597,4
IAM,user_id,EMP12184,4
IAM,user_id,EMP12575,4
IAM,user_id,EMP11361,4
IAM,user_id,EMP12300,4
IAM,user_id,EMP10481,4
IAM,user_id,EMP12492,4
IAM,user_id,EMP12931,4
IAM,user_id,EMP11556,4
IAM,user_id,EMP10990,4
IAM,user_id,EMP11787,4
IAM,user_id,EMP12364,4
IAM,user_id,EMP12412,4
IAM,user_id,EMP12243,4
IAM,user_id,EMP11023,4
IAM,user_id,EMP10204,4
IAM,user_id,EMP12020,4
IAM,user_id,EMP12749,4
IAM,user_id,EMP12780,4
IAM,user_id,EMP10261,4
IAM,user_id,EMP-10390,4
IAM,user_id,EMP12327,4
IAM,user_id,EMP-10101,4
IAM,user_id,EMP10916,4
IAM,user_id,EMP10305,4
IAM,user_id,EMP10262,4
IAM,user_id,EMP10440,4
IAM,user_id,EMP10058,4
IAM,user_id,EMP10709,4
IAM,user_id,EMP10142,4
IAM,user_id,EMP12993,4
IAM,user_id,EMP11900,4
IAM,user_id,EMP-12139,4
IAM,user_id,EMP10265,4
IAM,user_id,EMP12323,4
IAM,user_id,EMP11708,4
IAM,user_id,EMP12870,4
IAM,user_id,EMP12914,4
IAM,user_id,EMP11372,4
IAM,user_id,11919,4
IAM,user_id,EMP11945,4
IAM,user_id,EMP12044,4
IAM,user_id,EMP10703,4
IAM,user_id,EMP10946,4
IAM,user_id,EMP-10816,4
IAM,user_id,EMP10161,4
IAM,user_id,EMP12733,4
IAM,user_id,EMP11079,4
IAM,user_id,EMP12523,4
IAM,user_id,emp10465,4
IAM,user_id,EMP-12418,4
IAM,user_id,EMP10525,4
IAM,user_id,EMP11405,4
IAM,user_id,EMP12000,4
IAM,user_id,EMP10417,4
IAM,user_id,EMP10937,4
IAM,user_id,EMP12967,4
IAM,user_id,EMP12461,4
IAM,user_id,EMP11611,4
IAM,user_id,EMP11233,4
IAM,user_id,EMP10586,4
IAM,user_id,EMP12025,4
IAM,user_id,EMP12393,4
IAM,user_id,EMP10605,4
IAM,user_id,EMP12122,4
IAM,user_id,EMP12247,4
IAM,user_id,EMP11299,4
IAM,user_id,EMP12321,4
IAM,user_id,EMP11744,4
IAM,user_id,EMP10803,4
IAM,user_id,EMP10121,4
IAM,user_id,EMP12805,4
IAM,user_id,EMP-12851,4
IAM,user_id,EMP10957,4
IAM,user_id,EMP12366,4
IAM,user_id,EMP12295,4
IAM,user_id,EMP 10087,4
IAM,user_id,EMP11884,4
IAM,user_id,EMP10208,4
IAM,user_id,EMP11973,4
IAM,user_id,EMP10837,4
IAM,user_id,EMP11086,4
IAM,user_id,EMP11343,4
IAM,user_id,EMP10304,4
IAM,user_id,EMP10954,4
IAM,user_id,EMP10787,4
IAM,user_id,EMP12849,4
IAM,user_id,EMP11830,4
IAM,user_id,EMP 12646,4
IAM,user_id,EMP12740,4
IAM,user_id,EMP11674,4
IAM,user_id,EMP10590,4
IAM,user_id,EMP10195,4
IAM,user_id,EMP11262,4
IAM,user_id,EMP12311,4
IAM,user_id,EMP12750,4
IAM,user_id,EMP11593,4
IAM,user_id,emp11114,4
IAM,user_id,EMP12746,4
IAM,user_id,EMP12353,4
IAM,user_id,EMP10308,4
IAM,user_id,EMP12484,4
IAM,user_id,EMP12006,4
IAM,user_id,EMP11963,4
IAM,user_id,EMP10564,4
IAM,user_id,EMP10461,4
IAM,user_id,EMP10423,4
IAM,user_id,EMP11307,4
IAM,user_id,EMP11572,4
IAM,user_id,EMP12879,4
IAM,user_id,EMP11781,4
IAM,user_id,EMP12453,4
IAM,user_id,EMP11886,4
IAM,user_id,EMP12642,4
IAM,user_id,emp11668,4
IAM,user_id,EMP11143,4
IAM,user_id,EMP12237,4
IAM,user_id,EMP12875,4
IAM,user_id,EMP10050,4
IAM,user_id,EMP11517,4
IAM,user_id,EMP11353,4
IAM,user_id,EMP10758,4
IAM,user_id,EMP12454,4
IAM,user_id,EMP11165,4
IAM,user_id,EMP10273,4
IAM,user_id,EMP10784,4
IAM,user_id,EMP12440,4
IAM,user_id,EMP10998,4
IAM,user_id,EMP11715,4
IAM,user_id,EMP10975,4
IAM,user_id,EMP12114,4
IAM,user_id,EMP10840,4
IAM,user_id,EMP10755,4
IAM,user_id,EMP10075,4
IAM,user_id,EMP12381,4
IAM,user_id,emp_11073,4
IAM,user_id,EMP-12241,4
IAM,user_id,EMP11285,4
IAM,user_id,EMP-11435,4
IAM,user_id,EMP11144,4
IAM,user_id,EMP12888,4
IAM,user_id,EMP12726,4
IAM,user_id,EMP12119,4
IAM,user_id,EMP12569,4
IAM,user_id,EMP10754,4
IAM,user_id,EMP12861,4
IAM,user_id,emp12776,4
IAM,user_id,EMP 12397,4
IAM,user_id,EMP 12505,4
IAM,user_id,EMP12475,4
IAM,user_id,emp10781,4
IAM,user_id,EMP11977,4
IAM,user_id,EMP11342,4
IAM,user_id,EMP10651,4
IAM,user_id,EMP11069,4
IAM,user_id,EMP10587,4
IAM,user_id,EMP10750,4
IAM,user_id,EMP12590,4
IAM,user_id,EMP12588,4
IAM,user_id,EMP10437,4
IAM,user_id,EMP12938,4
IAM,user_id,EMP12251,4
IAM,user_id,EMP11749,4
IAM,user_id,EMP10416,4
IAM,user_id,EMP12632,4
IAM,user_id,EMP10713,4
IAM,user_id,emp11626,4
IAM,user_id,EMP10375,4
IAM,user_id,EMP12965,4
IAM,user_id,EMP10341,4
IAM,user_id,EMP10365,4
IAM,user_id,EMP12533,4
IAM,user_id,emp10317,4
IAM,user_id,emp11239,4
IAM,user_id,EMP10789,4
IAM,user_id,EMP10816,4
IAM,user_id,EMP12384,4
IAM,user_id,EMP11629,4
IAM,user_id,EMP10614,4
IAM,user_id,EMP10948,4
IAM,user_id,EMP11697,4
IAM,user_id,EMP11562,4
IAM,user_id,EMP-10536,4
IAM,user_id,EMP12665,4
IAM,user_id,EMP10889,4
IAM,user_id,EMP12962,4
IAM,user_id,emp11359,4
IAM,user_id,EMP12072,4
IAM,user_id,EMP12092,4
IAM,user_id,EMP10582,4
IAM,user_id,12456,4
IAM,user_id,EMP12862,4
IAM,user_id,12603,4
IAM,user_id,EMP11434,4
IAM,user_id,EMP12190,4
IAM,user_id,EMP10190,4
IAM,user_id,EMP11041,4
IAM,user_id,EMP11810,4
IAM,user_id,EMP12719,4
IAM,user_id,EMP12807,4
IAM,user_id,EMP11391,4
IAM,user_id,EMP10648,4
IAM,user_id,EMP12410,4
IAM,user_id,EMP10469,4
IAM,user_id,EMP10629,3
IAM,user_id,EMP12196,3
IAM,user_id,EMP 12764,3
IAM,user_id,emp12973,3
IAM,user_id,EMP12197,3
IAM,user_id,EMP11969,3
IAM,user_id,EMP10446,3
IAM,user_id,EMP12423,3
IAM,user_id,emp_10525,3
IAM,user_id,EMP12844,3
IAM,user_id,EMP12975,3
IAM,user_id,EMP12643,3
IAM,user_id,EMP12067,3
IAM,user_id,EMP-12157,3
IAM,user_id,EMP10871,3
IAM,user_id,EMP-12505,3
IAM,user_id,EMP10673,3
IAM,user_id,EMP11126,3
IAM,user_id,EMP11003,3
IAM,user_id,EMP11739,3
IAM,user_id,EMP11893,3
IAM,user_id,EMP12211,3
IAM,user_id,EMP11072,3
IAM,user_id,EMP12162,3
IAM,user_id,EMP11082,3
IAM,user_id,EMP 12672,3
IAM,user_id,EMP11539,3
IAM,user_id,EMP12413,3
IAM,user_id,EMP11287,3
IAM,user_id,EMP10465,3
IAM,user_id,emp_12749,3
IAM,user_id,EMP10448,3
IAM,user_id,EMP 10216,3
IAM,user_id,EMP10074,3
IAM,user_id,EMP10411,3
IAM,user_id,EMP10817,3
IAM,user_id,EMP12816,3
IAM,user_id,EMP 11116,3
IAM,user_id,EMP12806,3
IAM,user_id,EMP12700,3
IAM,user_id,EMP 10132,3
IAM,user_id,EMP12053,3
IAM,user_id,EMP11671,3
IAM,user_id,EMP-10912,3
IAM,user_id,EMP10257,3
IAM,user_id,EMP10046,3
IAM,user_id,EMP11318,3
IAM,user_id,EMP10353,3
IAM,user_id,EMP-10570,3
IAM,user_id,EMP10379,3
IAM,user_id,EMP12856,3
IAM,user_id,EMP10620,3
IAM,user_id,EMP10385,3
IAM,user_id,EMP12979,3
IAM,user_id,EMP12868,3
IAM,user_id,EMP10166,3
IAM,user_id,EMP12515,3
IAM,user_id,EMP10737,3
IAM,user_id,emp_10352,3
IAM,user_id,EMP10999,3
IAM,user_id,EMP11627,3
IAM,user_id,emp11816,3
IAM,user_id,EMP11972,3
IAM,user_id,10507,3
IAM,user_id,EMP12457,3
IAM,user_id,EMP12860,3
IAM,user_id,EMP11719,3
IAM,user_id,emp_12546,3
IAM,user_id,EMP12596,3
IAM,user_id,EMP12663,3
IAM,user_id,EMP10140,3
IAM,user_id,EMP10987,3
IAM,user_id,EMP11986,3
IAM,user_id,EMP10753,3
IAM,user_id,EMP10782,3
IAM,user_id,EMP10575,3
IAM,user_id,EMP11581,3
IAM,user_id,EMP10514,3
IAM,user_id,EMP12893,3
IAM,user_id,EMP10682,3
IAM,user_id,EMP-10670,3
IAM,user_id,EMP11237,3
IAM,user_id,EMP 10661,3
IAM,user_id,EMP11701,3
IAM,user_id,EMP12116,3
IAM,user_id,EMP11609,3
IAM,user_id,EMP11916,3
IAM,user_id,EMP10983,3
IAM,user_id,EMP12458,3
IAM,user_id,EMP11501,3
IAM,user_id,11175,3
IAM,user_id,EMP10559,3
IAM,user_id,EMP10964,3
IAM,user_id,EMP10774,3
IAM,user_id,EMP11464,3
IAM,user_id,11527,3
IAM,user_id,EMP12026,3
IAM,user_id,EMP 11699,3
IAM,user_id,EMP11258,3
IAM,user_id,EMP-11356,3
IAM,user_id,emp12726,3
IAM,user_id,EMP11793,3
IAM,user_id,EMP12408,3
IAM,user_id,EMP10275,3
IAM,user_id,EMP10806,3
IAM,user_id,emp_10988,3
IAM,user_id,11446,3
IAM,user_id,EMP12774,3
IAM,user_id,EMP10293,3
IAM,user_id,emp11244,3
IAM,user_id,EMP10373,3
IAM,user_id,EMP11564,3
IAM,user_id,EMP10327,3
IAM,user_id,emp_10060,3
IAM,user_id,EMP12696,3
IAM,user_id,EMP11371,3
IAM,user_id,EMP10001,3
IAM,user_id,EMP10109,3
IAM,user_id,11012,3
IAM,user_id,EMP11672,3
IAM,user_id,emp12022,3
IAM,user_id,EMP10377,3
IAM,user_id,EMP10918,3
IAM,user_id,EMP11503,3
IAM,user_id,EMP12462,3
IAM,user_id,EMP10072,3
IAM,user_id,EMP11493,3
IAM,user_id,emp10399,3
IAM,user_id,EMP-10842,3
IAM,user_id,EMP11831,3
IAM,user_id,EMP 10538,3
IAM,user_id,EMP-11090,3
IAM,user_id,EMP11951,3
IAM,user_id,12580,3
IAM,user_id,EMP11825,3
IAM,user_id,EMP12252,3
IAM,user_id,EMP11689,3
IAM,user_id,emp10452,3
IAM,user_id,EMP11101,3
IAM,user_id,EMP12909,3
IAM,user_id,EMP11383,3
IAM,user_id,EMP11033,3
IAM,user_id,EMP12972,3
IAM,user_id,EMP12624,3
IAM,user_id,EMP10802,3
IAM,user_id,EMP12312,3
IAM,user_id,emp_11226,3
IAM,user_id,emp12099,3
IAM,user_id,EMP11976,3
IAM,user_id,EMP 12548,3
IAM,user_id,EMP12028,3
IAM,user_id,EMP11297,3
IAM,user_id,EMP12543,3
IAM,user_id,EMP10927,3
IAM,user_id,EMP11514,3
IAM,user_id,EMP11587,3
IAM,user_id,emp10289,3
IAM,user_id,EMP11792,3
IAM,user_id,EMP10652,3
IAM,user_id,EMP11939,3
IAM,user_id,EMP11270,3
IAM,user_id,EMP10183,3
IAM,user_id,emp12978,3
IAM,user_id,EMP12668,3
IAM,user_id,emp10236,3
IAM,user_id,EMP11042,3
IAM,user_id,EMP10362,3
IAM,user_id,10275,3
IAM,user_id,EMP12478,3
IAM,user_id,EMP11890,3
IAM,user_id,EMP11804,3
IAM,user_id,EMP10139,3
IAM,user_id,EMP12001,3
IAM,user_id,EMP10368,3
IAM,user_id,emp11539,3
IAM,user_id,EMP11711,3
IAM,user_id,EMP12467,3
IAM,user_id,EMP-12738,3
IAM,user_id,EMP10168,3
IAM,user_id,EMP11445,3
IAM,user_id,EMP12587,3
IAM,user_id,emp10800,3
IAM,user_id,12858,3
IAM,user_id,EMP11327,3
IAM,user_id,EMP12387,3
IAM,user_id,EMP12987,3
IAM,user_id,EMP10456,3
IAM,user_id,EMP10229,3
IAM,user_id,EMP11216,3
IAM,user_id,EMP11386,3
IAM,user_id,EMP12869,3
IAM,user_id,emp_10912,3
IAM,user_id,11687,3
IAM,user_id,EMP12279,3
IAM,user_id,EMP12561,3
IAM,user_id,EMP10081,3
IAM,user_id,EMP10004,3
IAM,user_id,EMP 11366,3
IAM,user_id,EMP-10052,3
IAM,user_id,EMP11217,3
IAM,user_id,EMP11099,3
IAM,user_id,EMP 12308,3
IAM,user_id,EMP12151,3
IAM,user_id,emp10783,3
IAM,user_id,EMP11152,3
IAM,user_id,EMP11128,3
IAM,user_id,EMP11063,3
IAM,user_id,EMP11294,3
IAM,user_id,EMP10545,3
IAM,user_id,EMP10116,3
IAM,user_id,EMP11618,3
IAM,user_id,EMP12504,3
IAM,user_id,EMP12304,3
IAM,user_id,EMP11498,3
IAM,user_id,EMP12223,3
IAM,user_id,emp_12776,3
IAM,user_id,emp_12627,3
IAM,user_id,10291,3
IAM,user_id,EMP 12030,3
IAM,user_id,EMP11741,3
IAM,user_id,EMP11408,3
IAM,user_id,EMP10307,3
IAM,user_id,EMP10241,3
IAM,user_id,EMP10876,3
IAM,user_id,EMP12969,3
IAM,user_id,EMP12204,3
IAM,user_id,EMP11754,3
IAM,user_id,EMP 11527,3
IAM,user_id,EMP10315,3
IAM,user_id,EMP12148,3
IAM,user_id,EMP11938,3
IAM,user_id,EMP11683,3
IAM,user_id,emp10166,3
IAM,user_id,EMP11314,3
IAM,user_id,EMP11625,3
IAM,user_id,EMP10422,3
IAM,user_id,EMP12950,3
IAM,user_id,EMP10769,3
IAM,user_id,EMP-12613,3
IAM,user_id,EMP11183,3
IAM,user_id,EMP10199,3
IAM,user_id,EMP11880,3
IAM,user_id,EMP10021,3
IAM,user_id,EMP12923,3
IAM,user_id,emp_10770,3
IAM,user_id,EMP10710,3
IAM,user_id,EMP11906,3
IAM,user_id,EMP-10669,3
IAM,user_id,EMP10170,3
IAM,user_id,EMP 10459,3
IAM,user_id,emp_11665,3
IAM,user_id,EMP11035,3
IAM,user_id,EMP11009,3
IAM,user_id,EMP12224,3
IAM,user_id,emp10110,3
IAM,user_id,EMP 11138,3
IAM,user_id,EMP11433,3
IAM,user_id,emp_11194,3
IAM,user_id,EMP12702,3
IAM,user_id,12523,3
IAM,user_id,EMP12002,3
IAM,user_id,EMP11462,3
IAM,user_id,EMP10235,3
IAM,user_id,EMP12169,3
IAM,user_id,EMP10729,3
IAM,user_id,EMP10660,3
IAM,user_id,EMP11563,3
IAM,user_id,emp_10298,3
IAM,user_id,EMP10167,3
IAM,user_id,emp_11324,3
IAM,user_id,EMP 10432,3
IAM,user_id,EMP11389,3
IAM,user_id,EMP 10399,3
IAM,user_id,EMP11350,3
IAM,user_id,EMP12037,3
IAM,user_id,EMP10091,3
IAM,user_id,EMP10697,3
IAM,user_id,EMP11786,3
IAM,user_id,EMP11640,3
IAM,user_id,EMP10144,3
IAM,user_id,EMP12089,3
IAM,user_id,EMP11074,3
IAM,user_id,EMP10151,3
IAM,user_id,EMP10646,3
IAM,user_id,emp_11901,3
IAM,user_id,EMP 12605,3
IAM,user_id,EMP10351,3
IAM,user_id,EMP11785,3
IAM,user_id,EMP12783,3
IAM,user_id,EMP 12438,3
IAM,user_id,EMP-11328,3
IAM,user_id,EMP10445,3
IAM,user_id,EMP12545,3
IAM,user_id,EMP11990,3
IAM,user_id,EMP12282,3
IAM,user_id,emp_10212,3
IAM,user_id,EMP 12808,3
IAM,user_id,EMP11996,3
IAM,user_id,EMP10542,3
IAM,user_id,EMP10528,3
IAM,user_id,EMP11305,3
IAM,user_id,emp11817,3
IAM,user_id,EMP10030,3
IAM,user_id,EMP10209,3
IAM,user_id,EMP-10727,3
IAM,user_id,EMP12921,3
IAM,user_id,emp12816,3
IAM,user_id,EMP10997,3
IAM,user_id,12422,3
IAM,user_id,EMP12788,3
IAM,user_id,12667,3
IAM,user_id,EMP 11000,3
IAM,user_id,EMP12328,3
IAM,user_id,emp_11822,3
IAM,user_id,EMP10944,3
IAM,user_id,11993,3
IAM,user_id,EMP12986,3
IAM,user_id,EMP10217,3
IAM,user_id,EMP11851,3
IAM,user_id,EMP10489,3
IAM,user_id,EMP10119,3
IAM,user_id,EMP10490,3
IAM,user_id,EMP11373,3
IAM,user_id,EMP11378,3
IAM,user_id,11547,3
IAM,user_id,EMP10704,3
IAM,user_id,EMP12392,3
IAM,user_id,EMP10380,3
IAM,user_id,EMP10797,3
IAM,user_id,EMP10479,3
IAM,user_id,EMP10264,3
IAM,user_id,EMP12482,3
IAM,user_id,EMP11724,3
IAM,user_id,EMP10067,3
IAM,user_id,EMP10771,3
IAM,user_id,EMP11466,3
IAM,user_id,emp_10520,3
IAM,user_id,EMP11707,3
IAM,user_id,EMP10993,3
IAM,user_id,EMP11670,3
IAM,user_id,EMP12427,3
IAM,user_id,EMP11888,3
IAM,user_id,EMP11379,3
IAM,user_id,EMP12481,3
IAM,user_id,EMP10828,3
IAM,user_id,EMP10663,3
IAM,user_id,emp_10562,3
IAM,user_id,EMP 12802,3
IAM,user_id,EMP12221,3
IAM,user_id,EMP10911,3
IAM,user_id,EMP10233,3
IAM,user_id,EMP11191,3
IAM,user_id,EMP11449,3
IAM,user_id,EMP12397,3
IAM,user_id,EMP10919,3
IAM,user_id,EMP11394,3
IAM,user_id,EMP11081,3
IAM,user_id,EMP12433,3
IAM,user_id,EMP12241,3
IAM,user_id,EMP10941,3
IAM,user_id,EMP11446,3
IAM,user_id,EMP10536,3
IAM,user_id,EMP12641,3
IAM,user_id,EMP 12366,3
IAM,user_id,EMP10227,3
IAM,user_id,EMP 10987,3
IAM,user_id,EMP11387,3
IAM,user_id,EMP12170,3
IAM,user_id,EMP11381,3
IAM,user_id,EMP12376,3
IAM,user_id,EMP12955,3
IAM,user_id,EMP10838,3
IAM,user_id,EMP12075,3
IAM,user_id,EMP12633,3
IAM,user_id,EMP 12418,3
IAM,user_id,emp_12037,3
IAM,user_id,EMP-12019,3
IAM,user_id,EMP12949,3
IAM,user_id,emp11360,3
IAM,user_id,EMP12431,3
IAM,user_id,EMP12195,3
IAM,user_id,EMP 10913,3
IAM,user_id,EMP10421,3
IAM,user_id,EMP10184,3
IAM,user_id,EMP12649,3
IAM,user_id,emp10905,3
IAM,user_id,EMP12063,3
IAM,user_id,EMP12673,3
IAM,user_id,emp11648,3
IAM,user_id,EMP12214,3
IAM,user_id,EMP10451,3
IAM,user_id,EMP12345,3
IAM,user_id,EMP 10441,3
IAM,user_id,EMP10098,3
IAM,user_id,EMP-12324,3
IAM,user_id,EMP-11847,3
IAM,user_id,emp12762,3
IAM,user_id,EMP10090,3
IAM,user_id,10278,3
IAM,user_id,EMP11392,3
IAM,user_id,11586,3
IAM,user_id,EMP11528,3
IAM,user_id,EMP10801,3
IAM,user_id,EMP10234,3
IAM,user_id,EMP10247,3
IAM,user_id,EMP11133,3
IAM,user_id,EMP10848,3
IAM,user_id,EMP12574,3
IAM,user_id,EMP-10380,3
IAM,user_id,EMP12690,3
IAM,user_id,EMP10886,3
IAM,user_id,EMP10760,3
IAM,user_id,12155,3
IAM,user_id,EMP12600,3
IAM,user_id,EMP 10383,3
IAM,user_id,EMP12143,3
IAM,user_id,11143,3
IAM,user_id,EMP11454,3
IAM,user_id,EMP12827,3
IAM,user_id,EMP10313,3
IAM,user_id,EMP12782,3
IAM,user_id,EMP10238,3
IAM,user_id,EMP10286,3
IAM,user_id,EMP11522,3
IAM,user_id,EMP12171,3
IAM,user_id,EMP10854,3
IAM,user_id,EMP12908,3
IAM,user_id,EMP12925,3
IAM,user_id,emp_12966,3
IAM,user_id,EMP12193,3
IAM,user_id,EMP11438,3
IAM,user_id,EMP11889,3
IAM,user_id,emp_11035,3
IAM,user_id,EMP11789,3
IAM,user_id,EMP10847,3
IAM,user_id,EMP11954,3
IAM,user_id,EMP10487,3
IAM,user_id,EMP11816,3
IAM,user_id,emp11497,3
IAM,user_id,EMP11304,3
IAM,user_id,EMP11486,3
IAM,user_id,emp_10555,3
IAM,user_id,emp_12496,3
IAM,user_id,EMP12911,3
IAM,user_id,emp10793,3
IAM,user_id,EMP12394,3
IAM,user_id,EMP12684,3
IAM,user_id,EMP11537,3
IAM,user_id,EMP12319,3
IAM,user_id,EMP10221,3
IAM,user_id,EMP10382,3
IAM,user_id,EMP12442,3
IAM,user_id,EMP12511,3
IAM,user_id,EMP10181,3
IAM,user_id,EMP12522,3
IAM,user_id,EMP10720,3
IAM,user_id,EMP11756,3
IAM,user_id,EMP10571,3
IAM,user_id,EMP10108,3
IAM,user_id,EMP12485,3
IAM,user_id,EMP11709,3
IAM,user_id,EMP12985,3
IAM,user_id,EMP10863,3
IAM,user_id,EMP11396,3
IAM,user_id,EMP 11576,3
IAM,user_id,EMP11158,3
IAM,user_id,EMP12601,3
IAM,user_id,10638,3
IAM,user_id,EMP12463,3
IAM,user_id,EMP10193,3
IAM,user_id,EMP12179,3
IAM,user_id,emp_10847,3
IAM,user_id,EMP12210,3
IAM,user_id,EMP10155,3
IAM,user_id,emp10128,3
IAM,user_id,EMP10561,3
IAM,user_id,EMP12076,3
IAM,user_id,EMP11685,3
IAM,user_id,EMP12267,3
IAM,user_id,EMP12034,3
IAM,user_id,EMP12155,3
IAM,user_id,EMP11263,3
IAM,user_id,EMP12933,3
IAM,user_id,EMP10730,3
IAM,user_id,EMP10312,3
IAM,user_id,EMP12363,3
IAM,user_id,EMP-10768,3
IAM,user_id,EMP10127,3
IAM,user_id,EMP10554,3
IAM,user_id,EMP-11844,3
IAM,user_id,EMP12361,3
IAM,user_id,EMP12872,3
IAM,user_id,EMP11187,3
IAM,user_id,EMP11103,3
IAM,user_id,EMP12078,3
IAM,user_id,EMP11421,3
IAM,user_id,EMP 12787,3
IAM,user_id,12067,3
IAM,user_id,EMP12674,3
IAM,user_id,EMP11037,3
IAM,user_id,EMP10237,3
IAM,user_id,emp_12650,3
IAM,user_id,EMP10177,3
IAM,user_id,EMP11171,3
IAM,user_id,EMP10010,3
IAM,user_id,EMP10485,3
IAM,user_id,EMP11147,3
IAM,user_id,EMP-10715,3
IAM,user_id,EMP10734,3
IAM,user_id,EMP12867,3
IAM,user_id,EMP10715,3
IAM,user_id,EMP10685,3
IAM,user_id,EMP11476,3
IAM,user_id,EMP10745,3
IAM,user_id,EMP11120,3
IAM,user_id,EMP11598,3
IAM,user_id,EMP11559,3
IAM,user_id,EMP 11190,3
IAM,user_id,EMP11895,3
IAM,user_id,emp12313,3
IAM,user_id,EMP10306,3
IAM,user_id,EMP11179,3
IAM,user_id,EMP10219,3
IAM,user_id,EMP11666,3
IAM,user_id,EMP10529,3
IAM,user_id,EMP12977,3
IAM,user_id,EMP10700,3
IAM,user_id,emp12928,3
IAM,user_id,emp11357,3
IAM,user_id,EMP11957,3
IAM,user_id,EMP10243,3
IAM,user_id,EMP11146,3
IAM,user_id,EMP12549,3
IAM,user_id,EMP10359,3
IAM,user_id,EMP10818,3
IAM,user_id,EMP-10557,3
IAM,user_id,EMP11882,3
IAM,user_id,EMP10953,3
IAM,user_id,EMP 11265,3
IAM,user_id,EMP11532,3
IAM,user_id,EMP12233,3
IAM,user_id,EMP12743,3
IAM,user_id,EMP11004,3
IAM,user_id,emp11844,3
IAM,user_id,EMP11206,3
IAM,user_id,EMP10812,3
IAM,user_id,EMP11949,3
IAM,user_id,12180,3
IAM,user_id,EMP10326,3
IAM,user_id,EMP12301,3
IAM,user_id,EMP11833,3
IAM,user_id,EMP10282,3
IAM,user_id,EMP11762,3
IAM,user_id,EMP12687,3
IAM,user_id,EMP11543,3
IAM,user_id,EMP11401,3
IAM,user_id,EMP11615,3
IAM,user_id,EMP-10133,3
IAM,user_id,emp_12739,3
IAM,user_id,EMP12644,3
IAM,user_id,EMP10892,3
IAM,user_id,EMP10738,3
IAM,user_id,EMP11365,3
IAM,user_id,EMP11525,3
IAM,user_id,EMP11993,3
IAM,user_id,EMP11447,3
IAM,user_id,EMP11284,3
IAM,user_id,EMP-11298,3
IAM,user_id,emp_11383,3
IAM,user_id,EMP10775,3
IAM,user_id,emp_12390,3
IAM,user_id,emp_10772,3
IAM,user_id,EMP12794,3
IAM,user_id,EMP12101,3
IAM,user_id,EMP10426,3
IAM,user_id,EMP12339,3
IAM,user_id,EMP12916,3
IAM,user_id,EMP12250,3
IAM,user_id,EMP12710,3
IAM,user_id,EMP10702,3
IAM,user_id,EMP11067,3
IAM,user_id,EMP 10259,3
IAM,user_id,EMP10043,3
IAM,user_id,EMP11172,3
IAM,user_id,emp_11002,3
IAM,user_id,emp_11174,3
IAM,user_id,EMP10302,3
IAM,user_id,emp11859,3
IAM,user_id,EMP 10771,3
IAM,user_id,emp11130,3
IAM,user_id,emp_11763,3
IAM,user_id,12409,3
IAM,user_id,EMP12647,3
IAM,user_id,EMP11286,3
IAM,user_id,EMP11467,3
IAM,user_id,EMP11887,3
IAM,user_id,EMP12409,3
IAM,user_id,EMP12539,3
IAM,user_id,EMP12634,3
IAM,user_id,EMP12589,3
IAM,user_id,EMP12820,3
IAM,user_id,EMP10976,3
IAM,user_id,EMP11796,3
IAM,user_id,EMP-12207,3
IAM,user_id,EMP12551,3
IAM,user_id,EMP12096,3
IAM,user_id,EMP11971,3
IAM,user_id,EMP 10888,3
IAM,user_id,EMP12840,3
IAM,user_id,EMP11142,3
IAM,user_id,EMP11589,3
IAM,user_id,EMP12222,3
IAM,user_id,EMP10073,3
IAM,user_id,EMP11022,3
IAM,user_id,EMP10761,3
IAM,user_id,EMP11212,3
IAM,user_id,EMP11845,3
IAM,user_id,EMP-10313,3
IAM,user_id,emp12693,3
IAM,user_id,emp_10468,3
IAM,user_id,EMP12876,3
IAM,user_id,EMP10349,3
IAM,user_id,EMP10246,3
IAM,user_id,EMP-12850,3
IAM,user_id,EMP10400,3
IAM,user_id,emp10186,3
IAM,user_id,EMP10310,3
IAM,user_id,EMP10867,3
IAM,user_id,EMP11301,3
IAM,user_id,EMP11994,3
IAM,user_id,EMP12456,3
IAM,user_id,EMP10503,3
IAM,user_id,emp_12323,3
IAM,user_id,EMP11031,3
IAM,user_id,EMP10809,3
IAM,user_id,EMP10182,3
IAM,user_id,emp11530,3
IAM,user_id,emp_11097,3
IAM,user_id,EMP12995,3
IAM,user_id,EMP12599,3
IAM,user_id,EMP12992,3
IAM,user_id,EMP11155,3
IAM,user_id,EMP10850,3
IAM,user_id,EMP10019,3
IAM,user_id,EMP10328,3
IAM,user_id,EMP 10526,3
IAM,user_id,EMP11542,3
IAM,user_id,12920,3
IAM,user_id,EMP12474,3
IAM,user_id,EMP10992,3
IAM,user_id,EMP10553,3
IAM,user_id,EMP 11178,3
IAM,user_id,emp12465,3
IAM,user_id,EMP11420,3
IAM,user_id,emp10195,3
IAM,user_id,EMP10516,3
IAM,user_id,EMP-12093,3
IAM,user_id,EMP12159,3
IAM,user_id,EMP10172,3
IAM,user_id,EMP11748,3
IAM,user_id,emp10881,3
IAM,user_id,10414,3
IAM,user_id,EMP11422,3
IAM,user_id,EMP11809,3
IAM,user_id,EMP11369,3
IAM,user_id,EMP10832,3
IAM,user_id,EMP11055,3
IAM,user_id,EMP12748,3
IAM,user_id,EMP12014,3
IAM,user_id,EMP10635,3
IAM,user_id,EMP12421,3
IAM,user_id,EMP 10322,3
IAM,user_id,EMP11328,3
IAM,user_id,EMP12772,3
IAM,user_id,EMP12059,3
IAM,user_id,11680,3
IAM,user_id,EMP11766,3
IAM,user_id,10401,3
IAM,user_id,EMP10432,3
IAM,user_id,EMP11638,3
IAM,user_id,EMP10908,3
IAM,user_id,emp_12653,3
IAM,user_id,EMP12994,3
IAM,user_id,EMP10135,3
IAM,user_id,EMP11362,3
IAM,user_id,emp_12532,3
IAM,user_id,EMP10402,3
IAM,user_id,EMP11520,3
IAM,user_id,EMP11679,3
IAM,user_id,EMP12919,3
IAM,user_id,EMP11511,3
IAM,user_id,emp11050,3
IAM,user_id,EMP10740,3
IAM,user_id,EMP-11565,3
IAM,user_id,EMP10095,3
IAM,user_id,EMP 12820,3
IAM,user_id,EMP11182,3
IAM,user_id,EMP10574,3
IAM,user_id,EMP12763,3
IAM,user_id,EMP10698,3
IAM,user_id,EMP10498,3
IAM,user_id,EMP12671,3
IAM,user_id,EMP-12967,3
IAM,user_id,EMP12680,3
IAM,user_id,EMP11019,3
IAM,user_id,EMP10200,3
IAM,user_id,EMP10205,3
IAM,user_id,12864,3
IAM,user_id,EMP10688,3
IAM,user_id,EMP11765,3
IAM,user_id,EMP12983,3
IAM,user_id,10202,3
IAM,user_id,EMP11927,3
IAM,user_id,emp_10669,3
IAM,user_id,EMP11740,3
IAM,user_id,EMP-11241,3
IAM,user_id,EMP12239,3
IAM,user_id,EMP12760,3
IAM,user_id,EMP10497,3
IAM,user_id,EMP12093,3
IAM,user_id,EMP10611,3
IAM,user_id,emp_11210,3
IAM,user_id,EMP12836,3
IAM,user_id,EMP10903,3
IAM,user_id,EMP10428,3
IAM,user_id,EMP12336,3
IAM,user_id,emp_10598,3
IAM,user_id,EMP12283,3
IAM,user_id,emp10327,3
IAM,user_id,EMP11259,3
IAM,user_id,EMP-11456,3
IAM,user_id,EMP11457,3
IAM,user_id,EMP10399,3
IAM,user_id,emp_10270,3
IAM,user_id,EMP12530,3
IAM,user_id,10642,3
IAM,user_id,emp10113,3
IAM,user_id,EMP12249,3
IAM,user_id,emp_10194,3
IAM,user_id,EMP12900,3
IAM,user_id,EMP12835,3
IAM,user_id,emp12802,3
IAM,user_id,12550,3
IAM,user_id,EMP10309,3
IAM,user_id,EMP12675,3
IAM,user_id,EMP-10587,3
IAM,user_id,EMP12500,3
IAM,user_id,EMP10230,3
IAM,user_id,EMP12324,3
IAM,user_id,EMP12338,3
IAM,user_id,EMP11614,3
IAM,user_id,EMP10890,3
IAM,user_id,EMP12712,3
IAM,user_id,EMP10714,3
IAM,user_id,EMP 11763,3
IAM,user_id,emp11107,3
IAM,user_id,EMP11624,3
IAM,user_id,EMP-10799,3
IAM,user_id,EMP10906,3
IAM,user_id,EMP12517,3
IAM,user_id,EMP12118,3
IAM,user_id,EMP-10119,3
IAM,user_id,EMP 11079,3
IAM,user_id,EMP10491,3
IAM,user_id,12084,3
IAM,user_id,EMP12185,3
IAM,user_id,EMP10284,3
IAM,user_id,EMP12768,3
IAM,user_id,EMP11380,3
IAM,user_id,EMP12877,3
IAM,user_id,EMP10898,3
IAM,user_id,EMP10431,3
IAM,user_id,EMP11570,3
IAM,user_id,EMP12055,3
IAM,user_id,EMP-11193,3
IAM,user_id,EMP10597,3
IAM,user_id,EMP11400,3
IAM,user_id,EMP11677,3
IAM,user_id,EMP12145,3
IAM,user_id,EMP12611,3
IAM,user_id,EMP10835,3
IAM,user_id,EMP12218,3
IAM,user_id,EMP10808,3
IAM,user_id,EMP10632,3
IAM,user_id,EMP10231,3
IAM,user_id,10052,3
IAM,user_id,EMP11875,3
IAM,user_id,EMP10336,3
IAM,user_id,EMP12747,3
IAM,user_id,EMP11197,3
IAM,user_id,EMP11639,3
IAM,user_id,EMP11985,3
IAM,user_id,11906,3
IAM,user_id,10363,3
IAM,user_id,EMP11731,3
IAM,user_id,EMP11345,3
IAM,user_id,EMP12102,3
IAM,user_id,EMP11051,3
IAM,user_id,EMP10627,3
IAM,user_id,EMP11043,3
IAM,user_id,EMP11752,3
IAM,user_id,EMP 10194,3
IAM,user_id,emp_12240,3
IAM,user_id,emp_10395,3
IAM,user_id,EMP12097,3
IAM,user_id,EMP11209,3
IAM,user_id,EMP12018,3
IAM,user_id,EMP11441,3
IAM,user_id,emp_12652,3
IAM,user_id,EMP10101,3
IAM,user_id,EMP12121,3
IAM,user_id,EMP11195,3
IAM,user_id,EMP10552,3
IAM,user_id,EMP10360,3
IAM,user_id,EMP11459,3
IAM,user_id,EMP11530,3
IAM,user_id,EMP11150,3
IAM,user_id,emp_11307,3
IAM,user_id,EMP12194,3
IAM,user_id,EMP11196,3
IAM,user_id,EMP11935,3
IAM,user_id,EMP10141,3
IAM,user_id,EMP10880,3
IAM,user_id,EMP12891,3
IAM,user_id,EMP10276,3
IAM,user_id,EMP10389,3
IAM,user_id,EMP11489,3
IAM,user_id,EMP11461,3
IAM,user_id,EMP 10492,3
IAM,user_id,EMP11859,3
IAM,user_id,EMP11856,3
IAM,user_id,EMP 11411,3
IAM,user_id,EMP11635,3
IAM,user_id,EMP10105,3
IAM,user_id,EMP10124,3
IAM,user_id,EMP10904,3
IAM,user_id,EMP10505,3
IAM,user_id,EMP12309,3
IAM,user_id,emp_11934,3
IAM,user_id,emp10652,3
IAM,user_id,EMP10839,3
IAM,user_id,EMP12199,3
IAM,user_id,EMP10624,3
IAM,user_id,EMP10256,3
IAM,user_id,EMP12882,3
IAM,user_id,EMP11166,3
IAM,user_id,EMP12402,3
IAM,user_id,EMP10858,3
IAM,user_id,EMP12165,3
IAM,user_id,EMP11567,3
IAM,user_id,EMP-10900,3
IAM,user_id,emp_10044,3
IAM,user_id,EMP10852,3
IAM,user_id,EMP12948,3
IAM,user_id,EMP10002,3
IAM,user_id,EMP11814,3
IAM,user_id,EMP10463,3
IAM,user_id,EMP12751,3
IAM,user_id,EMP10146,3
IAM,user_id,EMP10329,3
IAM,user_id,EMP11419,3
IAM,user_id,EMP10594,3
IAM,user_id,EMP11735,3
IAM,user_id,EMP11658,3
IAM,user_id,EMP10724,3
IAM,user_id,emp_11462,3
IAM,user_id,EMP12821,3
IAM,user_id,EMP10823,3
IAM,user_id,EMP12031,3
IAM,user_id,EMP10763,3
IAM,user_id,EMP11812,3
IAM,user_id,emp12173,3
IAM,user_id,EMP11565,3
IAM,user_id,EMP-11186,3
IAM,user_id,EMP11225,3
IAM,user_id,EMP11228,3
IAM,user_id,EMP-10677,3
IAM,user_id,11200,3
IAM,user_id,12993,3
IAM,user_id,EMP10478,3
IAM,user_id,12544,3
IAM,user_id,emp_11228,3
IAM,user_id,EMP10669,3
IAM,user_id,emp10079,3
IAM,user_id,EMP10931,3
IAM,user_id,EMP11483,3
IAM,user_id,EMP11903,3
IAM,user_id,EMP-11484,3
IAM,user_id,EMP11490,3
IAM,user_id,EMP10196,3
IAM,user_id,EMP10825,3
IAM,user_id,EMP10064,3
IAM,user_id,11381,3
IAM,user_id,EMP11647,3
IAM,user_id,EMP12595,3
IAM,user_id,EMP12032,3
IAM,user_id,emp10667,3
IAM,user_id,EMP12960,3
IAM,user_id,EMP12048,3
IAM,user_id,EMP12697,3
IAM,user_id,EMP11134,3
IAM,user_id,EMP11472,3
IAM,user_id,EMP12711,3
IAM,user_id,EMP 11707,3
IAM,user_id,EMP12666,3
IAM,user_id,EMP12299,3
IAM,user_id,EMP10706,3
IAM,user_id,EMP-12182,3
IAM,user_id,EMP10420,3
IAM,user_id,EMP12322,3
IAM,user_id,EMP10794,3
IAM,user_id,EMP12334,3
IAM,user_id,EMP12314,3
IAM,user_id,EMP11953,3
IAM,user_id,emp_12487,3
IAM,user_id,EMP11592,3
IAM,user_id,EMP11725,3
IAM,user_id,EMP12128,3
IAM,user_id,EMP12562,3
IAM,user_id,emp_11436,2
IAM,user_id,EMP11632,2
IAM,user_id,EMP 10317,2
IAM,user_id,EMP11269,2
IAM,user_id,EMP11178,2
IAM,user_id,12775,2
IAM,user_id,EMP12777,2
IAM,user_id,EMP12061,2
IAM,user_id,EMP-12197,2
IAM,user_id,EMP 11821,2
IAM,user_id,EMP 12767,2
IAM,user_id,11321,2
IAM,user_id,EMP11846,2
IAM,user_id,EMP12604,2
IAM,user_id,EMP10741,2
IAM,user_id,emp10139,2
IAM,user_id,EMP11444,2
IAM,user_id,EMP12325,2
IAM,user_id,emp_10278,2
IAM,user_id,emp10218,2
IAM,user_id,EMP10212,2
IAM,user_id,EMP12808,2
IAM,user_id,emp12373,2
IAM,user_id,EMP12778,2
IAM,user_id,emp10956,2
IAM,user_id,EMP12650,2
IAM,user_id,EMP11892,2
IAM,user_id,emp10255,2
IAM,user_id,emp10261,2
IAM,user_id,10989,2
IAM,user_id,EMP-10130,2
IAM,user_id,EMP12978,2
IAM,user_id,EMP-10245,2
IAM,user_id,EMP-11502,2
IAM,user_id,emp_10423,2
IAM,user_id,EMP 12192,2
IAM,user_id,EMP 11396,2
IAM,user_id,EMP-12287,2
IAM,user_id,EMP-12372,2
IAM,user_id,EMP10154,2
IAM,user_id,emp_11055,2
IAM,user_id,EMP 11103,2
IAM,user_id,emp_10972,2
IAM,user_id,11544,2
IAM,user_id,EMP 10802,2
IAM,user_id,10002,2
IAM,user_id,emp_10121,2
IAM,user_id,EMP10300,2
IAM,user_id,emp_12525,2
IAM,user_id,EMP12342,2
IAM,user_id,emp_10335,2
IAM,user_id,EMP-10436,2
IAM,user_id,EMP10494,2
IAM,user_id,emp12145,2
IAM,user_id,emp_10466,2
IAM,user_id,emp12317,2
IAM,user_id,EMP10913,2
IAM,user_id,emp10181,2
IAM,user_id,EMP12191,2
IAM,user_id,EMP10396,2
IAM,user_id,EMP12406,2
IAM,user_id,emp_12610,2
IAM,user_id,emp12380,2
IAM,user_id,emp_11511,2
IAM,user_id,EMP12734,2
IAM,user_id,11009,2
IAM,user_id,emp10445,2
IAM,user_id,EMP 10724,2
IAM,user_id,11047,2
IAM,user_id,emp11315,2
IAM,user_id,EMP 11124,2
IAM,user_id,emp12268,2
IAM,user_id,EMP 12538,2
IAM,user_id,EMP12853,2
IAM,user_id,EMP-11066,2
IAM,user_id,12732,2
IAM,user_id,EMP10792,2
IAM,user_id,EMP-10466,2
IAM,user_id,EMP12585,2
IAM,user_id,10004,2
IAM,user_id,EMP11808,2
IAM,user_id,EMP-10648,2
IAM,user_id,EMP11921,2
IAM,user_id,EMP12009,2
IAM,user_id,emp_11309,2
IAM,user_id,EMP11310,2
IAM,user_id,emp_10070,2
IAM,user_id,EMP12124,2
IAM,user_id,11779,2
IAM,user_id,EMP11551,2
IAM,user_id,EMP12538,2
IAM,user_id,12867,2
IAM,user_id,EMP 11364,2
IAM,user_id,emp_11507,2
IAM,user_id,EMP-11535,2
IAM,user_id,EMP11451,2
IAM,user_id,emp_12500,2
IAM,user_id,EMP-11871,2
IAM,user_id,EMP11649,2
IAM,user_id,EMP-12841,2
IAM,user_id,EMP-12793,2
IAM,user_id,emp_10274,2
IAM,user_id,EMP10989,2
IAM,user_id,emp11992,2
IAM,user_id,emp11503,2
IAM,user_id,EMP-12509,2
IAM,user_id,EMP12886,2
IAM,user_id,EMP10844,2
IAM,user_id,emp_12958,2
IAM,user_id,EMP12653,2
IAM,user_id,EMP10213,2
IAM,user_id,emp_12270,2
IAM,user_id,EMP12737,2
IAM,user_id,11973,2
IAM,user_id,EMP-10442,2
IAM,user_id,EMP 10634,2
IAM,user_id,12529,2
IAM,user_id,emp11133,2
IAM,user_id,EMP 12183,2
IAM,user_id,EMP 11281,2
IAM,user_id,EMP10568,2
IAM,user_id,EMP10531,2
IAM,user_id,EMP12459,2
IAM,user_id,EMP 12788,2
IAM,user_id,EMP10143,2
IAM,user_id,emp12962,2
IAM,user_id,11024,2
IAM,user_id,11789,2
IAM,user_id,emp11871,2
IAM,user_id,emp10336,2
IAM,user_id,emp11378,2
IAM,user_id,emp_11696,2
IAM,user_id,EMP11319,2
IAM,user_id,emp11279,2
IAM,user_id,emp_11163,2
IAM,user_id,EMP10588,2
IAM,user_id,EMP 10668,2
IAM,user_id,EMP10866,2
IAM,user_id,EMP12613,2
IAM,user_id,EMP-12976,2
IAM,user_id,EMP-10406,2
IAM,user_id,EMP12990,2
IAM,user_id,10952,2
IAM,user_id,11944,2
IAM,user_id,emp11630,2
IAM,user_id,EMP12864,2
IAM,user_id,EMP 10036,2
IAM,user_id,EMP10970,2
IAM,user_id,emp11327,2
IAM,user_id,10601,2
IAM,user_id,EMP12236,2
IAM,user_id,EMP-11614,2
IAM,user_id,EMP 10658,2
IAM,user_id,emp11544,2
IAM,user_id,EMP10846,2
IAM,user_id,EMP10210,2
IAM,user_id,11499,2
IAM,user_id,EMP-12547,2
IAM,user_id,emp_11669,2
IAM,user_id,EMP 11215,2
IAM,user_id,EMP-12667,2
IAM,user_id,EMP 11964,2
IAM,user_id,12358,2
IAM,user_id,emp11496,2
IAM,user_id,EMP11184,2
IAM,user_id,EMP10117,2
IAM,user_id,EMP10249,2
IAM,user_id,10333,2
IAM,user_id,emp_11293,2
IAM,user_id,EMP-10662,2
IAM,user_id,EMP 11031,2
IAM,user_id,emp12371,2
IAM,user_id,EMP10198,2
IAM,user_id,EMP-12096,2
IAM,user_id,EMP10829,2
IAM,user_id,EMP10778,2
IAM,user_id,EMP11313,2
IAM,user_id,EMP-12746,2
IAM,user_id,EMP11417,2
IAM,user_id,EMP10086,2
IAM,user_id,EMP 12566,2
IAM,user_id,EMP12912,2
IAM,user_id,emp_11492,2
IAM,user_id,EMP10565,2
IAM,user_id,EMP-11716,2
IAM,user_id,EMP-10397,2
IAM,user_id,EMP 12255,2
IAM,user_id,EMP11266,2
IAM,user_id,11901,2
IAM,user_id,emp11745,2
IAM,user_id,EMP-12769,2
IAM,user_id,EMP11768,2
IAM,user_id,EMP11733,2
IAM,user_id,EMP10370,2
IAM,user_id,EMP10676,2
IAM,user_id,emp11688,2
IAM,user_id,EMP10358,2
IAM,user_id,EMP-11259,2
IAM,user_id,emp12264,2
IAM,user_id,EMP11508,2
IAM,user_id,EMP-11310,2
IAM,user_id,12893,2
IAM,user_id,10403,2
IAM,user_id,EMP 11306,2
IAM,user_id,EMP-10388,2
IAM,user_id,11839,2
IAM,user_id,EMP11302,2
IAM,user_id,EMP12333,2
IAM,user_id,12450,2
IAM,user_id,emp_10886,2
IAM,user_id,EMP12050,2
IAM,user_id,emp10875,2
IAM,user_id,emp_12715,2
IAM,user_id,EMP 11304,2
IAM,user_id,EMP11139,2
IAM,user_id,EMP10244,2
IAM,user_id,EMP10765,2
IAM,user_id,EMP11873,2
IAM,user_id,EMP10186,2
IAM,user_id,EMP11956,2
IAM,user_id,EMP-10630,2
IAM,user_id,12006,2
IAM,user_id,EMP12957,2
IAM,user_id,EMP-12854,2
IAM,user_id,EMP10145,2
IAM,user_id,EMP10692,2
IAM,user_id,EMP-10686,2
IAM,user_id,emp10959,2
IAM,user_id,EMP11947,2
IAM,user_id,emp_12333,2
IAM,user_id,EMP 12639,2
IAM,user_id,EMP 11045,2
IAM,user_id,EMP-12864,2
IAM,user_id,EMP10163,2
IAM,user_id,EMP10414,2
IAM,user_id,EMP 11465,2
IAM,user_id,emp_12331,2
IAM,user_id,EMP10699,2
IAM,user_id,emp12781,2
IAM,user_id,EMP 12952,2
IAM,user_id,EMP11436,2
IAM,user_id,EMP-12251,2
IAM,user_id,11734,2
IAM,user_id,11937,2
IAM,user_id,EMP-11102,2
IAM,user_id,10773,2
IAM,user_id,12745,2
IAM,user_id,EMP-11771,2
IAM,user_id,EMP 12725,2
IAM,user_id,EMP12709,2
IAM,user_id,EMP-10989,2
IAM,user_id,EMP12432,2
IAM,user_id,emp11487,2
IAM,user_id,emp12835,2
IAM,user_id,emp_10280,2
IAM,user_id,EMP-12353,2
IAM,user_id,EMP12736,2
IAM,user_id,emp_12810,2
IAM,user_id,EMP12552,2
IAM,user_id,EMP12351,2
IAM,user_id,12328,2
IAM,user_id,emp11140,2
IAM,user_id,11873,2
IAM,user_id,EMP 12867,2
IAM,user_id,EMP10856,2
IAM,user_id,EMP10757,2
IAM,user_id,EMP-10099,2
IAM,user_id,emp12540,2
IAM,user_id,emp12077,2
IAM,user_id,12977,2
IAM,user_id,EMP12120,2
IAM,user_id,EMP-12305,2
IAM,user_id,EMP 11489,2
IAM,user_id,12498,2
IAM,user_id,EMP 10282,2
IAM,user_id,EMP10510,2
IAM,user_id,emp11528,2
IAM,user_id,EMP11180,2
IAM,user_id,EMP10390,2
IAM,user_id,EMP-10869,2
IAM,user_id,11550,2
IAM,user_id,EMP-11950,2
IAM,user_id,emp11385,2
IAM,user_id,EMP12451,2
IAM,user_id,EMP12417,2
IAM,user_id,EMP10865,2
IAM,user_id,emp10598,2
IAM,user_id,EMP 11157,2
IAM,user_id,EMP12131,2
IAM,user_id,EMP10752,2
IAM,user_id,EMP-12205,2
IAM,user_id,emp_12411,2
IAM,user_id,emp10706,2
IAM,user_id,10859,2
IAM,user_id,EMP-10707,2
IAM,user_id,emp_11367,2
IAM,user_id,EMP-11913,2
IAM,user_id,emp_10953,2
IAM,user_id,emp_11927,2
IAM,user_id,EMP10615,2
IAM,user_id,emp_12747,2
IAM,user_id,EMP11234,2
IAM,user_id,EMP10776,2
IAM,user_id,EMP-10262,2
IAM,user_id,EMP11423,2
IAM,user_id,emp_12973,2
IAM,user_id,EMP 12711,2
IAM,user_id,emp12337,2
IAM,user_id,emp12260,2
IAM,user_id,emp_12054,2
IAM,user_id,emp10136,2
IAM,user_id,EMP-11584,2
IAM,user_id,EMP10548,2
IAM,user_id,EMP10112,2
IAM,user_id,emp_10057,2
IAM,user_id,EMP10424,2
IAM,user_id,EMP11456,2
IAM,user_id,emp10926,2
IAM,user_id,EMP10647,2
IAM,user_id,10763,2
IAM,user_id,EMP 11328,2
IAM,user_id,emp_11697,2
IAM,user_id,EMP-12258,2
IAM,user_id,EMP 11899,2
IAM,user_id,EMP11119,2
IAM,user_id,EMP11094,2
IAM,user_id,11060,2
IAM,user_id,EMP-11058,2
IAM,user_id,emp10918,2
IAM,user_id,EMP 10273,2
IAM,user_id,EMP 11118,2
IAM,user_id,EMP 12784,2
IAM,user_id,EMP 11266,2
IAM,user_id,10954,2
IAM,user_id,EMP11267,2
IAM,user_id,emp11971,2
IAM,user_id,EMP12625,2
IAM,user_id,EMP10055,2
IAM,user_id,12836,2
IAM,user_id,emp_12231,2
IAM,user_id,EMP10756,2
IAM,user_id,11206,2
IAM,user_id,EMP10547,2
IAM,user_id,10995,2
IAM,user_id,emp_11343,2
IAM,user_id,emp_11820,2
IAM,user_id,EMP-12352,2
IAM,user_id,EMP10670,2
IAM,user_id,EMP10059,2
IAM,user_id,EMP12846,2
IAM,user_id,EMP11653,2
IAM,user_id,emp11769,2
IAM,user_id,EMP 12619,2
IAM,user_id,EMP-10391,2
IAM,user_id,emp12002,2
IAM,user_id,EMP11962,2
IAM,user_id,emp10963,2
IAM,user_id,EMP10526,2
IAM,user_id,emp_10670,2
IAM,user_id,EMP 10349,2
IAM,user_id,EMP12526,2
IAM,user_id,EMP 12062,2
IAM,user_id,emp10417,2
IAM,user_id,EMP-10372,2
IAM,user_id,11810,2
IAM,user_id,EMP-11229,2
IAM,user_id,11476,2
IAM,user_id,emp11406,2
IAM,user_id,EMP 11810,2
IAM,user_id,EMP 10364,2
IAM,user_id,12320,2
IAM,user_id,emp12980,2
IAM,user_id,EMP-12596,2
IAM,user_id,EMP10132,2
IAM,user_id,10733,2
IAM,user_id,EMP12473,2
IAM,user_id,EMP12212,2
IAM,user_id,emp_10425,2
IAM,user_id,emp11621,2
IAM,user_id,EMP12637,2
IAM,user_id,EMP11502,2
IAM,user_id,emp11446,2
IAM,user_id,emp_12284,2
IAM,user_id,emp_11646,2
IAM,user_id,emp11706,2
IAM,user_id,EMP-10213,2
IAM,user_id,12102,2
IAM,user_id,EMP12619,2
IAM,user_id,emp10637,2
IAM,user_id,EMP11509,2
IAM,user_id,emp_10033,2
IAM,user_id,EMP10687,2
IAM,user_id,EMP12278,2
IAM,user_id,EMP12730,2
IAM,user_id,EMP11569,2
IAM,user_id,12329,2
IAM,user_id,EMP-12329,2
IAM,user_id,EMP-11167,2
IAM,user_id,10618,2
IAM,user_id,emp12385,2
IAM,user_id,emp10602,2
IAM,user_id,emp_12023,2
IAM,user_id,emp_11727,2
IAM,user_id,EMP11011,2
IAM,user_id,EMP12013,2
IAM,user_id,EMP-12354,2
IAM,user_id,EMP10907,2
IAM,user_id,EMP-11937,2
IAM,user_id,EMP12203,2
IAM,user_id,EMP12269,2
IAM,user_id,EMP-10843,2
IAM,user_id,EMP-11233,2
IAM,user_id,EMP10926,2
IAM,user_id,emp10695,2
IAM,user_id,EMP11424,2
IAM,user_id,emp10217,2
IAM,user_id,emp10797,2
IAM,user_id,EMP10901,2
IAM,user_id,EMP11946,2
IAM,user_id,emp_11885,2
IAM,user_id,EMP11478,2
IAM,user_id,EMP 10894,2
IAM,user_id,emp10655,2
IAM,user_id,EMP 11497,2
IAM,user_id,EMP-10243,2
IAM,user_id,11055,2
IAM,user_id,emp11862,2
IAM,user_id,EMP11607,2
IAM,user_id,EMP10661,2
IAM,user_id,12118,2
IAM,user_id,emp12856,2
IAM,user_id,EMP-12945,2
IAM,user_id,EMP-11546,2
IAM,user_id,EMP-12814,2
IAM,user_id,EMP11646,2
IAM,user_id,11776,2
IAM,user_id,emp10333,2
IAM,user_id,EMP 12995,2
IAM,user_id,emp10427,2
IAM,user_id,EMP 10804,2
IAM,user_id,EMP12826,2
IAM,user_id,12238,2
IAM,user_id,EMP11772,2
IAM,user_id,EMP 11199,2
IAM,user_id,emp11727,2
IAM,user_id,10185,2
IAM,user_id,EMP-10748,2
IAM,user_id,EMP 10438,2
IAM,user_id,EMP 12954,2
IAM,user_id,EMP10252,2
IAM,user_id,EMP10607,2
IAM,user_id,emp_12746,2
IAM,user_id,EMP12620,2
IAM,user_id,EMP12424,2
IAM,user_id,EMP10640,2
IAM,user_id,EMP-12608,2
IAM,user_id,EMP10367,2
IAM,user_id,emp10361,2
IAM,user_id,EMP-10023,2
IAM,user_id,10832,2
IAM,user_id,emp_10405,2
IAM,user_id,EMP 12880,2
IAM,user_id,emp11994,2
IAM,user_id,EMP11799,2
IAM,user_id,EMP 11159,2
IAM,user_id,EMP12645,2
IAM,user_id,EMP 10425,2
IAM,user_id,EMP 10201,2
IAM,user_id,EMP10523,2
IAM,user_id,12311,2
IAM,user_id,EMP-10453,2
IAM,user_id,10090,2
IAM,user_id,EMP-11408,2
IAM,user_id,EMP-11414,2
IAM,user_id,emp_11300,2
IAM,user_id,emp11354,2
IAM,user_id,EMP 11591,2
IAM,user_id,11164,2
IAM,user_id,EMP 10985,2
IAM,user_id,EMP11355,2
IAM,user_id,10166,2
IAM,user_id,EMP-11212,2
IAM,user_id,EMP 10702,2
IAM,user_id,emp10165,2
IAM,user_id,11454,2
IAM,user_id,EMP10654,2
IAM,user_id,10931,2
IAM,user_id,emp10856,2
IAM,user_id,EMP-12807,2
IAM,user_id,emp_12378,2
IAM,user_id,emp_10623,2
IAM,user_id,EMP12540,2
IAM,user_id,emp10022,2
IAM,user_id,emp11003,2
IAM,user_id,EMP-12296,2
IAM,user_id,emp_12865,2
IAM,user_id,emp_12877,2
IAM,user_id,EMP12470,2
IAM,user_id,emp10453,2
IAM,user_id,EMP12927,2
IAM,user_id,EMP-12542,2
IAM,user_id,emp_11297,2
IAM,user_id,EMP-11632,2
IAM,user_id,EMP12127,2
IAM,user_id,EMP10266,2
IAM,user_id,emp11078,2
IAM,user_id,EMP 11891,2
IAM,user_id,EMP10666,2
IAM,user_id,EMP10659,2
IAM,user_id,emp12483,2
IAM,user_id,EMP10224,2
IAM,user_id,emp11187,2
IAM,user_id,emp_12985,2
IAM,user_id,EMP12752,2
IAM,user_id,EMP-12871,2
IAM,user_id,emp12821,2
IAM,user_id,11913,2
IAM,user_id,EMP11210,2
IAM,user_id,emp_11542,2
IAM,user_id,EMP-11649,2
IAM,user_id,EMP 12273,2
IAM,user_id,EMP-10396,2
IAM,user_id,EMP12103,2
IAM,user_id,EMP-12179,2
IAM,user_id,emp11188,2
IAM,user_id,10791,2
IAM,user_id,emp_12385,2
IAM,user_id,EMP11479,2
IAM,user_id,EMP11637,2
IAM,user_id,EMP12130,2
IAM,user_id,EMP 10940,2
IAM,user_id,EMP10736,2
IAM,user_id,EMP-11343,2
IAM,user_id,EMP11308,2
IAM,user_id,EMP11060,2
IAM,user_id,emp_11906,2
IAM,user_id,EMP11821,2
IAM,user_id,10454,2
IAM,user_id,EMP-11108,2
IAM,user_id,emp_10749,2
IAM,user_id,EMP11802,2
IAM,user_id,EMP11757,2
IAM,user_id,emp11174,2
IAM,user_id,EMP11898,2
IAM,user_id,emp12634,2
IAM,user_id,EMP11468,2
IAM,user_id,emp_11905,2
IAM,user_id,EMP-10135,2
IAM,user_id,emp_11159,2
IAM,user_id,EMP-12498,2
IAM,user_id,EMP-12553,2
IAM,user_id,12009,2
IAM,user_id,EMP12281,2
IAM,user_id,EMP10515,2
IAM,user_id,EMP11800,2
IAM,user_id,emp12612,2
IAM,user_id,emp11323,2
IAM,user_id,EMP10102,2
IAM,user_id,EMP 12246,2
IAM,user_id,EMP11920,2
IAM,user_id,EMP 12287,2
IAM,user_id,11155,2
IAM,user_id,emp10771,2
IAM,user_id,10077,2
IAM,user_id,EMP 10759,2
IAM,user_id,emp_10097,2
IAM,user_id,EMP12372,2
IAM,user_id,emp10092,2
IAM,user_id,EMP12395,2
IAM,user_id,EMP-11290,2
IAM,user_id,EMP 12552,2
IAM,user_id,emp10437,2
IAM,user_id,EMP10294,2
IAM,user_id,EMP-10264,2
IAM,user_id,EMP12313,2
IAM,user_id,EMP11979,2
IAM,user_id,EMP12276,2
IAM,user_id,emp_10027,2
IAM,user_id,EMP12854,2
IAM,user_id,emp11044,2
IAM,user_id,12501,2
IAM,user_id,emp_11130,2
IAM,user_id,12974,2
IAM,user_id,emp10575,2
IAM,user_id,emp_11080,2
IAM,user_id,EMP-11806,2
IAM,user_id,emp11181,2
IAM,user_id,EMP-11728,2
IAM,user_id,emp_10338,2
IAM,user_id,EMP 10207,2
IAM,user_id,emp_10589,2
IAM,user_id,10477,2
IAM,user_id,EMP 11664,2
IAM,user_id,12384,2
IAM,user_id,EMP-10330,2
IAM,user_id,EMP11046,2
IAM,user_id,EMP 11154,2
IAM,user_id,emp12692,2
IAM,user_id,emp_11061,2
IAM,user_id,emp12028,2
IAM,user_id,EMP11930,2
IAM,user_id,emp_10568,2
IAM,user_id,EMP10833,2
IAM,user_id,EMP 10883,2
IAM,user_id,10706,2
IAM,user_id,EMP11578,2
IAM,user_id,EMP-11188,2
IAM,user_id,emp_10190,2
IAM,user_id,EMP11475,2
IAM,user_id,emp_10627,2
IAM,user_id,emp12629,2
IAM,user_id,EMP10202,2
IAM,user_id,EMP10126,2
IAM,user_id,EMP-11862,2
IAM,user_id,EMP11926,2
IAM,user_id,EMP11623,2
IAM,user_id,EMP12756,2
IAM,user_id,EMP-12115,2
IAM,user_id,EMP11580,2
IAM,user_id,emp12036,2
IAM,user_id,11732,2
IAM,user_id,10027,2
IAM,user_id,EMP12182,2
IAM,user_id,12736,2
IAM,user_id,11697,2
IAM,user_id,EMP 12001,2
IAM,user_id,EMP 11218,2
IAM,user_id,EMP 10306,2
IAM,user_id,EMP11470,2
IAM,user_id,10318,2
IAM,user_id,EMP-12644,2
IAM,user_id,emp10031,2
IAM,user_id,EMP 11498,2
IAM,user_id,10016,2
IAM,user_id,EMP10223,2
IAM,user_id,EMP12717,2
IAM,user_id,emp12813,2
IAM,user_id,EMP-11922,2
IAM,user_id,EMP11414,2
IAM,user_id,EMP10836,2
IAM,user_id,EMP-10347,2
IAM,user_id,EMP10255,2
IAM,user_id,emp_10833,2
IAM,user_id,EMP12187,2
IAM,user_id,EMP10950,2
IAM,user_id,EMP 11511,2
IAM,user_id,emp_12726,2
IAM,user_id,emp11602,2
IAM,user_id,EMP10269,2
IAM,user_id,EMP10032,2
IAM,user_id,EMP12464,2
IAM,user_id,EMP10288,2
IAM,user_id,EMP-10450,2
IAM,user_id,EMP10443,2
IAM,user_id,emp_11313,2
IAM,user_id,EMP10458,2
IAM,user_id,EMP-12369,2
IAM,user_id,EMP10572,2
IAM,user_id,12769,2
IAM,user_id,EMP12112,2
IAM,user_id,EMP11038,2
IAM,user_id,EMP11552,2
IAM,user_id,emp_10698,2
IAM,user_id,EMP-10680,2
IAM,user_id,emp10816,2
IAM,user_id,EMP-12649,2
IAM,user_id,EMP12307,2
IAM,user_id,emp_11816,2
IAM,user_id,emp11819,2
IAM,user_id,EMP 11120,2
IAM,user_id,10856,2
IAM,user_id,emp_11009,2
IAM,user_id,emp12644,2
IAM,user_id,12578,2
IAM,user_id,EMP-10788,2
IAM,user_id,emp_10763,2
IAM,user_id,emp_10353,2
IAM,user_id,EMP12791,2
IAM,user_id,10605,2
IAM,user_id,EMP 10491,2
IAM,user_id,EMP-10999,2
IAM,user_id,emp_12366,2
IAM,user_id,EMP10798,2
IAM,user_id,EMP 12705,2
IAM,user_id,EMP 12909,2
IAM,user_id,EMP11029,2
IAM,user_id,EMP11682,2
IAM,user_id,emp_10211,2
IAM,user_id,12816,2
IAM,user_id,EMP-12446,2
IAM,user_id,emp10557,2
IAM,user_id,EMP12915,2
IAM,user_id,EMP11510,2
IAM,user_id,EMP-11708,2
IAM,user_id,EMP-12671,2
IAM,user_id,EMP 11236,2
IAM,user_id,EMP-12502,2
IAM,user_id,10138,2
IAM,user_id,EMP 10590,2
IAM,user_id,11669,2
IAM,user_id,EMP12594,2
IAM,user_id,emp_11060,2
IAM,user_id,emp11170,2
IAM,user_id,EMP12857,2
IAM,user_id,EMP12488,2
IAM,user_id,emp_12860,2
IAM,user_id,EMP 12578,2
IAM,user_id,12110,2
IAM,user_id,EMP-10867,2
IAM,user_id,emp_10486,2
IAM,user_id,EMP-10004,2
IAM,user_id,emp_10515,2
IAM,user_id,11811,2
IAM,user_id,EMP10977,2
IAM,user_id,11299,2
IAM,user_id,EMP12793,2
IAM,user_id,EMP10678,2
IAM,user_id,emp12885,2
IAM,user_id,EMP10668,2
IAM,user_id,EMP12811,2
IAM,user_id,EMP10318,2
IAM,user_id,EMP10499,2
IAM,user_id,emp12735,2
IAM,user_id,EMP10578,2
IAM,user_id,EMP10476,2
IAM,user_id,EMP-10374,2
IAM,user_id,EMP11458,2
IAM,user_id,EMP11847,2
IAM,user_id,EMP-12397,2
IAM,user_id,EMP 10058,2
IAM,user_id,emp12161,2
IAM,user_id,11597,2
IAM,user_id,EMP10159,2
IAM,user_id,EMP11106,2
IAM,user_id,EMP 12970,2
IAM,user_id,EMP11747,2
IAM,user_id,EMP-11504,2
IAM,user_id,EMP 11139,2
IAM,user_id,EMP10538,2
IAM,user_id,EMP12616,2
IAM,user_id,EMP11116,2
IAM,user_id,emp12259,2
IAM,user_id,11486,2
IAM,user_id,EMP12887,2
IAM,user_id,EMP11200,2
IAM,user_id,12200,2
IAM,user_id,emp_11232,2
IAM,user_id,12354,2
IAM,user_id,EMP 12560,2
IAM,user_id,emp_12222,2
IAM,user_id,emp10150,2
IAM,user_id,emp_10823,2
IAM,user_id,EMP 11610,2
IAM,user_id,EMP11515,2
IAM,user_id,EMP10320,2
IAM,user_id,EMP-11687,2
IAM,user_id,EMP 12224,2
IAM,user_id,EMP10267,2
IAM,user_id,EMP10656,2
IAM,user_id,emp11358,2
IAM,user_id,11225,2
IAM,user_id,12843,2
IAM,user_id,emp10613,2
IAM,user_id,10893,2
IAM,user_id,EMP 11369,2
IAM,user_id,EMP-10684,2
IAM,user_id,emp_10994,2
IAM,user_id,emp11671,2
IAM,user_id,emp_11765,2
IAM,user_id,EMP 12133,2
IAM,user_id,emp_12420,2
IAM,user_id,EMP11293,2
IAM,user_id,11633,2
IAM,user_id,EMP11657,2
IAM,user_id,emp_12563,2
IAM,user_id,emp_10284,2
IAM,user_id,emp12479,2
IAM,user_id,12831,2
IAM,user_id,emp11368,2
IAM,user_id,emp12029,2
IAM,user_id,EMP 10931,2
IAM,user_id,EMP12565,2
IAM,user_id,emp12996,2
IAM,user_id,EMP12698,2
IAM,user_id,EMP 10999,2
IAM,user_id,EMP12720,2
IAM,user_id,10812,2
IAM,user_id,EMP 12124,2
IAM,user_id,emp11776,2
IAM,user_id,EMP-12894,2
IAM,user_id,EMP 11798,2
IAM,user_id,emp_11547,2
IAM,user_id,emp_10693,2
IAM,user_id,EMP10940,2
IAM,user_id,EMP 12021,2
IAM,user_id,EMP10945,2
IAM,user_id,EMP-10627,2
IAM,user_id,EMP 11269,2
IAM,user_id,EMP 11625,2
IAM,user_id,emp10955,2
IAM,user_id,emp10419,2
IAM,user_id,EMP 12285,2
IAM,user_id,EMP12041,2
IAM,user_id,EMP12357,2
IAM,user_id,EMP12646,2
IAM,user_id,EMP12167,2
IAM,user_id,EMP12822,2
IAM,user_id,EMP 10518,2
IAM,user_id,EMP 12076,2
IAM,user_id,EMP12091,2
IAM,user_id,EMP11761,2
IAM,user_id,EMP12178,2
IAM,user_id,10200,2
IAM,user_id,EMP11186,2
IAM,user_id,emp10091,2
IAM,user_id,10132,2
IAM,user_id,EMP11013,2
IAM,user_id,EMP12728,2
IAM,user_id,EMP11714,2
IAM,user_id,emp10073,2
IAM,user_id,EMP-10162,2
IAM,user_id,emp_12224,2
IAM,user_id,EMP 12140,2
IAM,user_id,EMP12597,2
IAM,user_id,EMP11936,2
IAM,user_id,EMP12367,2
IAM,user_id,EMP12011,2
IAM,user_id,EMP-12461,2
IAM,user_id,EMP11045,2
IAM,user_id,emp10987,2
IAM,user_id,10385,2
IAM,user_id,11822,2
IAM,user_id,EMP10791,2
IAM,user_id,EMP 10089,2
IAM,user_id,EMP12796,2
IAM,user_id,EMP11021,2
IAM,user_id,10544,2
IAM,user_id,emp10770,2
IAM,user_id,EMP-11237,2
IAM,user_id,emp10786,2
IAM,user_id,emp12100,2
IAM,user_id,EMP12655,2
IAM,user_id,EMP-11560,2
IAM,user_id,10532,2
IAM,user_id,emp12877,2
IAM,user_id,12241,2
IAM,user_id,emp11835,2
IAM,user_id,EMP12105,2
IAM,user_id,emp11643,2
IAM,user_id,11352,2
IAM,user_id,EMP 11320,2
IAM,user_id,EMP12608,2
IAM,user_id,EMP11271,2
IAM,user_id,12748,2
IAM,user_id,emp10780,2
IAM,user_id,EMP12386,2
IAM,user_id,emp_11523,2
IAM,user_id,EMP 11629,2
IAM,user_id,EMP 11200,2
IAM,user_id,EMP10968,2
IAM,user_id,EMP 12413,2
IAM,user_id,EMP12656,2
IAM,user_id,emp12981,2
IAM,user_id,12218,2
IAM,user_id,EMP11495,2
IAM,user_id,10612,2
IAM,user_id,EMP12753,2
IAM,user_id,EMP-11337,2
IAM,user_id,EMP10915,2
IAM,user_id,emp12325,2
IAM,user_id,12387,2
IAM,user_id,emp_11926,2
IAM,user_id,emp11958,2
IAM,user_id,12618,2
IAM,user_id,EMP12133,2
IAM,user_id,EMP 12773,2
IAM,user_id,EMP-10402,2
IAM,user_id,EMP12348,2
IAM,user_id,EMP11696,2
IAM,user_id,EMP12631,2
IAM,user_id,EMP12744,2
IAM,user_id,emp_10764,2
IAM,user_id,emp11990,2
IAM,user_id,12560,2
IAM,user_id,EMP11078,2
IAM,user_id,EMP11443,2
IAM,user_id,emp_10157,2
IAM,user_id,EMP11755,2
IAM,user_id,EMP 11918,2
IAM,user_id,11456,2
IAM,user_id,EMP 12577,2
IAM,user_id,EMP10206,2
IAM,user_id,emp12557,2
IAM,user_id,11115,2
IAM,user_id,EMP11413,2
IAM,user_id,EMP12845,2
IAM,user_id,EMP 10683,2
IAM,user_id,EMP 12514,2
IAM,user_id,emp_11992,2
IAM,user_id,EMP12659,2
IAM,user_id,EMP 10738,2
IAM,user_id,emp_10152,2
IAM,user_id,EMP-11082,2
IAM,user_id,EMP12245,2
IAM,user_id,EMP11410,2
IAM,user_id,emp_10662,2
IAM,user_id,EMP10518,2
IAM,user_id,emp_10690,2
IAM,user_id,EMP11881,2
IAM,user_id,EMP-12634,2
IAM,user_id,EMP11832,2
IAM,user_id,EMP12317,2
IAM,user_id,EMP10279,2
IAM,user_id,EMP 10614,2
IAM,user_id,EMP-10747,2
IAM,user_id,emp11138,2
IAM,user_id,EMP10332,2
IAM,user_id,EMP-10890,2
IAM,user_id,EMP-11244,2
IAM,user_id,EMP12541,2
IAM,user_id,EMP-12368,2
IAM,user_id,EMP-12247,2
IAM,user_id,emp_12514,2
IAM,user_id,11152,2
IAM,user_id,10979,2
IAM,user_id,EMP-10170,2
IAM,user_id,EMP12038,2
IAM,user_id,EMP11154,2
IAM,user_id,EMP-12936,2
IAM,user_id,emp10076,2
IAM,user_id,12303,2
IAM,user_id,EMP12510,2
IAM,user_id,emp_10544,2
IAM,user_id,EMP-11012,2
IAM,user_id,emp11068,2
IAM,user_id,EMP12493,2
IAM,user_id,EMP11149,2
IAM,user_id,12253,2
IAM,user_id,emp12030,2
IAM,user_id,EMP-11861,2
IAM,user_id,emp_12277,2
IAM,user_id,EMP11256,2
IAM,user_id,EMP-12275,2
IAM,user_id,EMP-12406,2
IAM,user_id,EMP12164,2
IAM,user_id,emp12222,2
IAM,user_id,EMP11442,2
IAM,user_id,EMP11577,2
IAM,user_id,emp11021,2
IAM,user_id,EMP10570,2
IAM,user_id,emp10328,2
IAM,user_id,EMP10347,2
IAM,user_id,10281,2
IAM,user_id,EMP10137,2
IAM,user_id,emp_12353,2
IAM,user_id,EMP10078,2
IAM,user_id,EMP12554,2
IAM,user_id,EMP12483,2
IAM,user_id,EMP11188,2
IAM,user_id,emp10080,2
IAM,user_id,EMP 12249,2
IAM,user_id,EMP10864,2
IAM,user_id,EMP10148,2
IAM,user_id,EMP11636,2
IAM,user_id,EMP-12874,2
IAM,user_id,EMP10470,2
IAM,user_id,EMP10107,2
IAM,user_id,12567,2
IAM,user_id,11757,2
IAM,user_id,EMP-11358,2
IAM,user_id,EMP10045,2
IAM,user_id,EMP11650,2
IAM,user_id,EMP12306,2
IAM,user_id,11313,2
IAM,user_id,EMP12787,2
IAM,user_id,EMP10512,2
IAM,user_id,EMP11877,2
IAM,user_id,10888,2
IAM,user_id,EMP12051,2
IAM,user_id,EMP-12186,2
IAM,user_id,EMP 10415,2
IAM,user_id,EMP 12054,2
IAM,user_id,EMP10106,2
IAM,user_id,12822,2
IAM,user_id,emp_11190,2
IAM,user_id,emp_12220,2
IAM,user_id,EMP-11532,2
IAM,user_id,EMP12966,2
IAM,user_id,EMP11121,2
IAM,user_id,EMP12172,2
IAM,user_id,EMP11122,2
IAM,user_id,EMP10821,2
IAM,user_id,EMP12004,2
IAM,user_id,EMP12722,2
IAM,user_id,EMP11235,2
IAM,user_id,11432,2
IAM,user_id,11731,2
IAM,user_id,emp12497,2
IAM,user_id,EMP-12590,2
IAM,user_id,EMP 11253,2
IAM,user_id,12143,2
IAM,user_id,emp_11405,2
IAM,user_id,EMP10634,2
IAM,user_id,EMP12512,2
IAM,user_id,EMP10197,2
IAM,user_id,emp_10015,2
IAM,user_id,emp11483,2
IAM,user_id,EMP12832,2
IAM,user_id,EMP 10896,2
IAM,user_id,EMP11684,2
IAM,user_id,EMP 12241,2
IAM,user_id,EMP10507,2
IAM,user_id,EMP-10502,2
IAM,user_id,EMP-11734,2
IAM,user_id,EMP12786,2
IAM,user_id,EMP-12462,2
IAM,user_id,EMP11706,2
IAM,user_id,EMP11070,2
IAM,user_id,EMP12532,2
IAM,user_id,emp12061,2
IAM,user_id,EMP-10072,2
IAM,user_id,emp_12417,2
IAM,user_id,EMP 10770,2
IAM,user_id,emp_10512,2
IAM,user_id,EMP12139,2
IAM,user_id,EMP12262,2
IAM,user_id,EMP12771,2
IAM,user_id,EMP11698,2
IAM,user_id,EMP10956,2
IAM,user_id,10588,2
IAM,user_id,EMP-11500,2
IAM,user_id,EMP-10483,2
IAM,user_id,10106,2
IAM,user_id,emp_10626,2
IAM,user_id,emp12852,2
IAM,user_id,emp_12084,2
IAM,user_id,EMP-11933,2
IAM,user_id,emp11904,2
IAM,user_id,EMP-12886,2
IAM,user_id,11983,2
IAM,user_id,EMP10920,2
IAM,user_id,EMP 12516,2
IAM,user_id,EMP 12499,2
IAM,user_id,emp10366,2
IAM,user_id,10529,2
IAM,user_id,EMP-11999,2
IAM,user_id,EMP12784,2
IAM,user_id,EMP11778,2
IAM,user_id,12158,2
IAM,user_id,12235,2
IAM,user_id,EMP 12650,2
IAM,user_id,EMP-11591,2
IAM,user_id,EMP-10403,2
IAM,user_id,EMP 12509,2
IAM,user_id,EMP-12893,2
IAM,user_id,EMP11633,2
IAM,user_id,EMP11015,2
IAM,user_id,EMP-10368,2
IAM,user_id,EMP-11853,2
IAM,user_id,emp_12208,2
IAM,user_id,12022,2
IAM,user_id,EMP 12066,2
IAM,user_id,emp10514,2
IAM,user_id,EMP12570,2
IAM,user_id,10053,2
IAM,user_id,EMP-11042,2
IAM,user_id,11177,2
IAM,user_id,emp_10261,2
IAM,user_id,EMP-11990,2
IAM,user_id,EMP 12348,2
IAM,user_id,EMP 11573,2
IAM,user_id,EMP 10153,2
IAM,user_id,emp11048,2
IAM,user_id,EMP 10886,2
IAM,user_id,emp_10137,2
IAM,user_id,EMP12759,2
IAM,user_id,EMP-11921,2
IAM,user_id,emp_10128,2
IAM,user_id,emp_11719,2
IAM,user_id,EMP10972,2
IAM,user_id,EMP10056,2
IAM,user_id,EMP12181,2
IAM,user_id,10659,2
IAM,user_id,EMP10378,2
IAM,user_id,EMP10471,2
IAM,user_id,emp10551,2
IAM,user_id,EMP10324,2
IAM,user_id,emp10531,2
IAM,user_id,EMP 10401,2
IAM,user_id,10918,2
IAM,user_id,10433,2
IAM,user_id,10074,2
IAM,user_id,EMP11585,2
IAM,user_id,emp_11415,2
IAM,user_id,10570,2
IAM,user_id,emp_10519,2
IAM,user_id,emp12779,2
IAM,user_id,emp_12700,2
IAM,user_id,EMP11370,2
IAM,user_id,EMP11221,2
IAM,user_id,EMP-12666,2
IAM,user_id,EMP12152,2
IAM,user_id,EMP11782,2
IAM,user_id,EMP12045,2
IAM,user_id,12722,2
IAM,user_id,EMP 11443,2
IAM,user_id,EMP-10844,2
IAM,user_id,emp11941,2
IAM,user_id,12257,2
IAM,user_id,11850,2
IAM,user_id,emp_12835,2
IAM,user_id,EMP11059,2
IAM,user_id,11698,2
IAM,user_id,EMP12058,2
IAM,user_id,EMP11491,2
IAM,user_id,EMP10978,2
IAM,user_id,EMP10053,2
IAM,user_id,emp11049,2
IAM,user_id,EMP11753,2
IAM,user_id,emp11023,2
IAM,user_id,emp_10935,2
IAM,user_id,EMP10628,2
IAM,user_id,EMP-12024,2
IAM,user_id,emp10657,2
IAM,user_id,EMP-10685,2
IAM,user_id,EMP 11773,2
IAM,user_id,EMP 11078,2
IAM,user_id,emp11299,2
IAM,user_id,EMP10749,2
IAM,user_id,EMP10619,2
IAM,user_id,12359,2
IAM,user_id,10757,2
IAM,user_id,EMP 10325,2
IAM,user_id,EMP10395,2
IAM,user_id,EMP 11038,2
IAM,user_id,EMP 12919,2
IAM,user_id,EMP12766,2
IAM,user_id,EMP10723,2
IAM,user_id,EMP-12933,2
IAM,user_id,EMP11862,2
IAM,user_id,EMP12598,2
IAM,user_id,EMP10541,2
IAM,user_id,12612,2
IAM,user_id,EMP11407,2
IAM,user_id,emp_10867,2
IAM,user_id,emp_10118,2
IAM,user_id,EMP10819,2
IAM,user_id,EMP-12029,2
IAM,user_id,EMP 11943,2
IAM,user_id,EMP 11113,2
IAM,user_id,EMP 10829,2
IAM,user_id,EMP10636,2
IAM,user_id,10428,2
IAM,user_id,EMP-11765,2
IAM,user_id,emp_11420,2
IAM,user_id,EMP-10424,2
IAM,user_id,12336,2
IAM,user_id,EMP-10112,2
IAM,user_id,11234,2
IAM,user_id,EMP10909,2
IAM,user_id,EMP10042,2
IAM,user_id,EMP12739,2
IAM,user_id,emp_12241,2
IAM,user_id,EMP12838,2
IAM,user_id,EMP10949,2
IAM,user_id,EMP12291,2
IAM,user_id,11769,2
IAM,user_id,EMP12924,2
IAM,user_id,emp11799,2
IAM,user_id,emp_11587,2
IAM,user_id,10506,2
IAM,user_id,emp11698,2
IAM,user_id,EMP-10298,2
IAM,user_id,EMP-12300,2
IAM,user_id,emp_11285,2
IAM,user_id,emp12701,2
IAM,user_id,EMP10779,2
IAM,user_id,EMP 12696,2
IAM,user_id,EMP12200,2
IAM,user_id,emp10141,2
IAM,user_id,emp10133,2
IAM,user_id,emp_11736,2
IAM,user_id,12157,2
IAM,user_id,EMP11540,2
IAM,user_id,EMP10062,2
IAM,user_id,emp12212,2
IAM,user_id,emp10482,2
IAM,user_id,EMP-12986,2
IAM,user_id,11867,2
IAM,user_id,emp10855,2
IAM,user_id,emp_11929,2
IAM,user_id,EMP 12980,2
IAM,user_id,EMP-11407,2
IAM,user_id,emp_12001,2
IAM,user_id,emp10577,2
IAM,user_id,EMP12201,2
IAM,user_id,EMP10272,2
IAM,user_id,EMP 10637,2
IAM,user_id,EMP11931,2
IAM,user_id,emp12486,2
IAM,user_id,emp11746,2
IAM,user_id,EMP-11016,2
IAM,user_id,EMP11950,2
IAM,user_id,12671,2
IAM,user_id,EMP 10830,2
IAM,user_id,EMP-10602,2
IAM,user_id,emp_11495,2
IAM,user_id,10435,2
IAM,user_id,EMP-11389,2
IAM,user_id,EMP 11587,2
IAM,user_id,EMP12506,2
IAM,user_id,EMP12703,2
IAM,user_id,EMP 12200,2
IAM,user_id,12685,2
IAM,user_id,EMP11312,2
IAM,user_id,EMP 11472,2
IAM,user_id,EMP11135,2
IAM,user_id,10951,2
IAM,user_id,EMP11249,2
IAM,user_id,12894,2
IAM,user_id,EMP 10155,2
IAM,user_id,EMP12691,2
IAM,user_id,EMP12444,2
IAM,user_id,EMP10216,2
IAM,user_id,emp12352,2
IAM,user_id,EMP11910,2
IAM,user_id,EMP 12928,2
IAM,user_id,EMP11125,2
IAM,user_id,emp12808,2
IAM,user_id,EMP-12268,2
IAM,user_id,emp12409,2
IAM,user_id,EMP 12998,2
IAM,user_id,emp10267,2
IAM,user_id,EMP11418,2
IAM,user_id,EMP 11660,2
IAM,user_id,emp12542,2
IAM,user_id,EMP11409,2
IAM,user_id,12785,2
IAM,user_id,10021,2
IAM,user_id,EMP11788,2
IAM,user_id,EMP 10919,2
IAM,user_id,EMP 12436,2
IAM,user_id,EMP 12207,2
IAM,user_id,EMP 12496,2
IAM,user_id,EMP10910,2
IAM,user_id,emp10880,2
IAM,user_id,emp10581,2
IAM,user_id,emp_11848,2
IAM,user_id,EMP 12369,2
IAM,user_id,EMP12277,2
IAM,user_id,EMP-11957,2
IAM,user_id,EMP12606,2
IAM,user_id,11941,2
IAM,user_id,EMP 11590,2
IAM,user_id,EMP 12920,2
IAM,user_id,EMP 11128,2
IAM,user_id,12465,2
IAM,user_id,EMP12724,2
IAM,user_id,EMP12773,2
IAM,user_id,EMP12084,2
IAM,user_id,EMP12929,2
IAM,user_id,EMP 11589,2
IAM,user_id,10809,2
IAM,user_id,EMP11984,2
IAM,user_id,10672,2
IAM,user_id,emp10331,2
IAM,user_id,EMP11867,2
IAM,user_id,EMP12303,2
IAM,user_id,EMP 12422,2
IAM,user_id,emp_11057,2
IAM,user_id,emp_12127,2
IAM,user_id,EMP10250,2
IAM,user_id,EMP11863,2
IAM,user_id,EMP11504,2
IAM,user_id,10387,2
IAM,user_id,EMP11469,2
IAM,user_id,EMP10914,2
IAM,user_id,EMP 10864,2
IAM,user_id,emp12758,2
IAM,user_id,EMP 10923,2
IAM,user_id,emp10999,2
IAM,user_id,emp_10346,2
IAM,user_id,emp12306,2
IAM,user_id,EMP-11077,2
IAM,user_id,emp_12028,2
IAM,user_id,EMP11083,2
IAM,user_id,EMP 12657,2
IAM,user_id,EMP 12791,2
IAM,user_id,EMP10438,2
IAM,user_id,emp11012,2
IAM,user_id,emp11872,2
IAM,user_id,10268,2
IAM,user_id,12913,2
IAM,user_id,10648,2
IAM,user_id,EMP 11299,2
IAM,user_id,EMP11693,2
IAM,user_id,11386,2
IAM,user_id,11186,2
IAM,user_id,EMP-10174,2
IAM,user_id,emp10307,2
IAM,user_id,emp11672,2
IAM,user_id,EMP10453,2
IAM,user_id,EMP12176,2
IAM,user_id,EMP11523,2
IAM,user_id,EMP11452,2
IAM,user_id,EMP11554,2
IAM,user_id,EMP10679,2
IAM,user_id,EMP12890,2
IAM,user_id,emp_10620,2
IAM,user_id,11364,2
IAM,user_id,emp10576,2
IAM,user_id,emp_12450,2
IAM,user_id,EMP-10519,2
IAM,user_id,emp_12067,2
IAM,user_id,EMP-12420,2
IAM,user_id,EMP-12731,2
IAM,user_id,EMP11246,2
IAM,user_id,emp11791,2
IAM,user_id,EMP12109,2
IAM,user_id,EMP12863,2
IAM,user_id,EMP10104,2
IAM,user_id,emp_11673,2
IAM,user_id,EMP10366,2
IAM,user_id,emp12690,2
IAM,user_id,EMP11783,2
IAM,user_id,emp_11103,2
IAM,user_id,emp11993,2
IAM,user_id,emp12422,2
IAM,user_id,emp11767,2
IAM,user_id,EMP 11145,2
IAM,user_id,EMP11872,2
IAM,user_id,EMP12520,2
IAM,user_id,11140,2
IAM,user_id,EMP-12125,2
IAM,user_id,emp10830,2
IAM,user_id,emp_11289,2
IAM,user_id,EMP10268,2
IAM,user_id,EMP12859,2
IAM,user_id,emp_10848,2
IAM,user_id,EMP-10991,2
IAM,user_id,EMP-10222,2
IAM,user_id,12096,2
IAM,user_id,emp10721,2
IAM,user_id,EMP10339,2
IAM,user_id,10030,2
IAM,user_id,EMP11751,2
IAM,user_id,EMP10033,2
IAM,user_id,EMP12490,2
IAM,user_id,EMP 10112,2
IAM,user_id,12077,2
IAM,user_id,EMP12349,2
IAM,user_id,emp10555,2
IAM,user_id,EMP-12309,2
IAM,user_id,12774,2
IAM,user_id,EMP 11563,2
IAM,user_id,emp_12970,2
IAM,user_id,10667,2
IAM,user_id,12361,2
IAM,user_id,EMP-11276,2
IAM,user_id,EMP-12128,2
IAM,user_id,11390,2
IAM,user_id,emp10383,2
IAM,user_id,10582,2
IAM,user_id,EMP10875,2
IAM,user_id,11511,2
IAM,user_id,emp_11702,2
IAM,user_id,EMP-10092,2
IAM,user_id,EMP12742,2
IAM,user_id,10843,2
IAM,user_id,10646,2
IAM,user_id,EMP-10872,2
IAM,user_id,EMP10138,2
IAM,user_id,emp11206,2
IAM,user_id,EMP-10010,2
IAM,user_id,EMP11325,2
IAM,user_id,EMP11290,2
IAM,user_id,11232,2
IAM,user_id,emp_10739,2
IAM,user_id,12163,2
IAM,user_id,EMP 12455,2
IAM,user_id,EMP-11968,2
IAM,user_id,11378,2
IAM,user_id,emp12093,2
IAM,user_id,11709,2
IAM,user_id,emp11447,2
IAM,user_id,EMP10770,2
IAM,user_id,EMP12770,2
IAM,user_id,emp_11081,2
IAM,user_id,EMP-10620,2
IAM,user_id,EMP 10682,2
IAM,user_id,emp_11360,2
IAM,user_id,EMP10790,2
IAM,user_id,emp11696,2
IAM,user_id,EMP-11724,2
IAM,user_id,EMP12437,2
IAM,user_id,12484,2
IAM,user_id,12338,2
IAM,user_id,EMP-12032,2
IAM,user_id,EMP 10524,2
IAM,user_id,EMP10935,2
IAM,user_id,EMP11014,2
IAM,user_id,emp11758,2
IAM,user_id,EMP12652,2
IAM,user_id,EMP 12193,2
IAM,user_id,EMP-10242,2
IAM,user_id,10098,2
IAM,user_id,EMP-11401,2
IAM,user_id,emp10605,2
IAM,user_id,EMP11278,2
IAM,user_id,EMP10403,2
IAM,user_id,emp11543,2
IAM,user_id,11562,2
IAM,user_id,EMP10811,2
IAM,user_id,EMP-11129,2
IAM,user_id,EMP 10647,2
IAM,user_id,emp10806,2
IAM,user_id,EMP 11904,2
IAM,user_id,EMP11518,2
IAM,user_id,EMP 12096,2
IAM,user_id,EMP11061,2
IAM,user_id,EMP12383,2
IAM,user_id,emp_10812,2
IAM,user_id,emp_11659,2
IAM,user_id,EMP12040,2
IAM,user_id,EMP12335,2
IAM,user_id,emp_12189,2
IAM,user_id,10850,2
IAM,user_id,emp_10572,2
IAM,user_id,emp12915,2
IAM,user_id,EMP 12989,2
IAM,user_id,emp_12443,2
IAM,user_id,emp_10435,2
IAM,user_id,emp12946,2
IAM,user_id,EMP 12082,2
IAM,user_id,EMP12491,2
IAM,user_id,EMP11488,2
IAM,user_id,EMP11282,2
IAM,user_id,emp_10984,2
IAM,user_id,EMP 12486,2
IAM,user_id,EMP 11521,2
IAM,user_id,12619,2
IAM,user_id,10716,2
IAM,user_id,EMP12672,2
IAM,user_id,EMP12465,2
IAM,user_id,EMP-11796,2
IAM,user_id,11963,2
IAM,user_id,EMP11322,2
IAM,user_id,EMP-11130,2
IAM,user_id,emp_12669,2
IAM,user_id,emp10001,2
IAM,user_id,EMP12885,2
IAM,user_id,EMP-12009,2
IAM,user_id,EMP 10229,2
IAM,user_id,emp11949,2
IAM,user_id,EMP-12507,2
IAM,user_id,12115,2
IAM,user_id,EMP12508,2
IAM,user_id,EMP10996,2
IAM,user_id,emp11162,2
IAM,user_id,emp12794,2
IAM,user_id,EMP-12424,2
IAM,user_id,emp12012,2
IAM,user_id,EMP11966,2
IAM,user_id,emp_11176,2
IAM,user_id,emp12767,2
IAM,user_id,emp_11957,2
IAM,user_id,emp10463,2
IAM,user_id,EMP11861,2
IAM,user_id,emp12684,2
IAM,user_id,EMP12206,2
IAM,user_id,EMP12289,2
IAM,user_id,EMP 10424,2
IAM,user_id,EMP11544,2
IAM,user_id,emp12929,2
IAM,user_id,EMP11321,2
IAM,user_id,emp_11030,2
IAM,user_id,EMP10626,2
IAM,user_id,emp10426,2
IAM,user_id,emp_11956,2
IAM,user_id,EMP12274,2
IAM,user_id,EMP11651,2
IAM,user_id,12193,2
IAM,user_id,EMP11177,2
IAM,user_id,EMP10744,2
IAM,user_id,12647,2
IAM,user_id,emp_11958,2
IAM,user_id,EMP11604,2
IAM,user_id,EMP11291,2
IAM,user_id,EMP-10577,2
IAM,user_id,EMP12150,2
IAM,user_id,EMP11406,2
IAM,user_id,EMP-12932,2
IAM,user_id,EMP-10183,2
IAM,user_id,EMP 10785,2
IAM,user_id,11694,2
IAM,user_id,emp12647,2
IAM,user_id,EMP 11525,2
IAM,user_id,EMP10103,2
IAM,user_id,EMP 11323,2
IAM,user_id,EMP12371,2
IAM,user_id,emp_12588,2
IAM,user_id,EMP12971,2
IAM,user_id,emp11885,2
IAM,user_id,emp_12580,2
IAM,user_id,EMP10211,2
IAM,user_id,emp10174,2
IAM,user_id,EMP-10260,2
IAM,user_id,EMP11098,2
IAM,user_id,EMP 12180,2
IAM,user_id,emp_11464,2
IAM,user_id,11638,2
IAM,user_id,emp12344,2
IAM,user_id,11947,2
IAM,user_id,EMP12563,2
IAM,user_id,EMP10504,2
IAM,user_id,EMP-10614,2
IAM,user_id,emp10199,2
IAM,user_id,emp_11045,2
IAM,user_id,EMP11913,2
IAM,user_id,EMP11017,2
IAM,user_id,emp_12545,2
IAM,user_id,EMP11341,2
IAM,user_id,EMP 11272,2
IAM,user_id,EMP10899,2
IAM,user_id,EMP11712,2
IAM,user_id,emp12489,2
IAM,user_id,EMP10874,2
IAM,user_id,EMP12346,2
IAM,user_id,EMP 11861,2
IAM,user_id,EMP12286,2
IAM,user_id,EMP11606,2
IAM,user_id,EMP 12800,2
IAM,user_id,EMP 11569,2
IAM,user_id,emp_11476,2
IAM,user_id,EMP-10074,2
IAM,user_id,EMP10860,2
IAM,user_id,EMP10831,2
IAM,user_id,EMP11095,2
IAM,user_id,EMP 12291,2
IAM,user_id,emp_10240,2
IAM,user_id,emp12599,2
IAM,user_id,emp12900,2
IAM,user_id,11667,2
IAM,user_id,emp12133,2
IAM,user_id,EMP12953,2
IAM,user_id,emp11363,2
IAM,user_id,EMP10404,2
IAM,user_id,11333,2
IAM,user_id,EMP-12030,2
IAM,user_id,emp_12600,2
IAM,user_id,emp10471,2
IAM,user_id,EMP10576,2
IAM,user_id,EMP 10517,2
IAM,user_id,12800,2
IAM,user_id,10583,2
IAM,user_id,EMP11018,2
IAM,user_id,EMP-10728,2
IAM,user_id,11249,2
IAM,user_id,emp12965,2
IAM,user_id,EMP10068,2
IAM,user_id,emp_11468,2
IAM,user_id,EMP-11571,2
IAM,user_id,12557,2
IAM,user_id,EMP-10932,2
IAM,user_id,10710,2
IAM,user_id,emp_12365,2
IAM,user_id,EMP11162,2
IAM,user_id,emp12213,2
IAM,user_id,emp_11359,2
IAM,user_id,EMP-11971,2
IAM,user_id,EMP12568,2
IAM,user_id,EMP11487,2
IAM,user_id,EMP10701,2
IAM,user_id,EMP-11568,2
IAM,user_id,emp10699,2
IAM,user_id,EMP12294,2
IAM,user_id,EMP11425,2
IAM,user_id,emp_10997,2
IAM,user_id,EMP-12411,2
IAM,user_id,emp10558,2
IAM,user_id,EMP11806,2
IAM,user_id,EMP 12495,2
IAM,user_id,EMP-12015,2
IAM,user_id,12583,2
IAM,user_id,EMP10071,2
IAM,user_id,emp12972,2
IAM,user_id,EMP-11566,2
IAM,user_id,EMP10573,2
IAM,user_id,EMP12767,2
IAM,user_id,EMP 10879,2
IAM,user_id,EMP-10297,2
IAM,user_id,EMP-12221,2
IAM,user_id,emp10281,2
IAM,user_id,EMP-10798,2
IAM,user_id,EMP12564,2
IAM,user_id,EMP 12680,2
IAM,user_id,EMP-12137,2
IAM,user_id,EMP10169,2
IAM,user_id,EMP12468,2
IAM,user_id,EMP11077,2
IAM,user_id,EMP10054,2
IAM,user_id,EMP 11166,2
IAM,user_id,EMP11870,2
IAM,user_id,EMP12296,2
IAM,user_id,10963,2
IAM,user_id,12739,2
IAM,user_id,emp10140,2
IAM,user_id,emp12659,2
IAM,user_id,EMP11203,2
IAM,user_id,EMP-11942,2
IAM,user_id,emp11715,2
IAM,user_id,EMP10881,2
IAM,user_id,emp_11578,2
IAM,user_id,11431,2
IAM,user_id,EMP 11357,2
IAM,user_id,EMP-12020,2
IAM,user_id,12788,2
IAM,user_id,emp_11396,2
IAM,user_id,emp_10699,2
IAM,user_id,EMP11485,2
IAM,user_id,EMP 10320,2
IAM,user_id,EMP12263,2
IAM,user_id,emp_11739,2
IAM,user_id,emp_10915,2
IAM,user_id,11606,2
IAM,user_id,EMP-11295,2
IAM,user_id,emp10705,2
IAM,user_id,EMP-12908,2
IAM,user_id,EMP12723,2
IAM,user_id,emp_12524,2
IAM,user_id,EMP10674,2
IAM,user_id,EMP-10395,2
IAM,user_id,EMP 11578,2
IAM,user_id,EMP 10752,2
IAM,user_id,EMP10853,2
IAM,user_id,EMP11432,2
IAM,user_id,emp11014,2
IAM,user_id,emp12284,2
IAM,user_id,EMP-12417,2
IAM,user_id,emp_11556,2
IAM,user_id,emp11642,2
IAM,user_id,EMP11905,2
IAM,user_id,emp10246,2
IAM,user_id,EMP10254,2
IAM,user_id,EMP10076,2
IAM,user_id,EMP-10497,2
IAM,user_id,EMP11275,2
IAM,user_id,EMP10520,2
IAM,user_id,EMP12382,2
IAM,user_id,emp11682,2
IAM,user_id,emp10464,2
IAM,user_id,emp_12946,2
IAM,user_id,EMP 10974,2
IAM,user_id,emp10588,2
IAM,user_id,EMP11010,2
IAM,user_id,EMP-12558,2
IAM,user_id,emp11292,2
IAM,user_id,emp12390,2
IAM,user_id,EMP 12155,2
IAM,user_id,EMP-10460,2
IAM,user_id,EMP-12768,2
IAM,user_id,emp_12210,2
IAM,user_id,emp_12206,2
IAM,user_id,EMP 10006,2
IAM,user_id,emp10510,2
IAM,user_id,emp_12374,2
IAM,user_id,emp_11484,2
IAM,user_id,EMP-10263,2
IAM,user_id,11023,2
IAM,user_id,EMP10333,2
IAM,user_id,EMP-12126,2
IAM,user_id,emp10312,2
IAM,user_id,emp10192,2
IAM,user_id,emp11234,2
IAM,user_id,emp11056,2
IAM,user_id,EMP 12892,2
IAM,user_id,EMP-10562,2
IAM,user_id,10562,2
IAM,user_id,emp12331,2
IAM,user_id,emp_10386,2
IAM,user_id,EMP 11339,2
IAM,user_id,10808,2
IAM,user_id,EMP12553,2
IAM,user_id,emp_12246,2
IAM,user_id,11443,2
IAM,user_id,EMP 11022,2
IAM,user_id,EMP-10757,2
IAM,user_id,emp10455,2
IAM,user_id,EMP 11996,2
IAM,user_id,12008,2
IAM,user_id,emp_11895,2
IAM,user_id,emp_10943,2
IAM,user_id,emp10492,2
IAM,user_id,EMP 12805,2
IAM,user_id,EMP10094,2
IAM,user_id,EMP10036,2
IAM,user_id,emp10818,2
IAM,user_id,EMP-11739,2
IAM,user_id,11744,2
IAM,user_id,10304,2
IAM,user_id,EMP 11111,2
IAM,user_id,EMP-11459,2
IAM,user_id,EMP12824,2
IAM,user_id,EMP 12924,2
IAM,user_id,EMP 12500,2
IAM,user_id,EMP12489,2
IAM,user_id,EMP12874,2
IAM,user_id,10445,2
IAM,user_id,EMP10482,2
IAM,user_id,emp11161,2
IAM,user_id,emp_12638,2
IAM,user_id,EMP10884,2
IAM,user_id,emp11567,2
IAM,user_id,EMP-11131,2
IAM,user_id,emp11092,2
IAM,user_id,emp11129,2
IAM,user_id,EMP-11039,2
IAM,user_id,10941,2
IAM,user_id,EMP11066,2
IAM,user_id,EMP10873,2
IAM,user_id,EMP10444,2
IAM,user_id,10096,2
IAM,user_id,EMP12008,2
IAM,user_id,EMP12997,2
IAM,user_id,EMP-12833,2
IAM,user_id,10063,2
IAM,user_id,EMP-11085,2
IAM,user_id,emp11099,2
IAM,user_id,EMP 12470,2
IAM,user_id,EMP-10957,2
IAM,user_id,emp10744,2
IAM,user_id,EMP11084,2
IAM,user_id,EMP10394,2
IAM,user_id,EMP-12478,2
IAM,user_id,emp_10136,2
IAM,user_id,EMP-11919,2
IAM,user_id,12449,2
IAM,user_id,emp_11378,2
IAM,user_id,EMP12414,2
IAM,user_id,EMP12555,2
IAM,user_id,emp12790,2
IAM,user_id,EMP 10583,2
IAM,user_id,11579,2
IAM,user_id,EMP10579,2
IAM,user_id,emp12096,2
IAM,user_id,EMP12441,2
IAM,user_id,EMP 11007,2
IAM,user_id,EMP 10591,2
IAM,user_id,12889,2
IAM,user_id,EMP-10878,2
IAM,user_id,emp10570,2
IAM,user_id,EMP12661,2
IAM,user_id,EMP-12873,2
IAM,user_id,emp_10476,2
IAM,user_id,10249,2
IAM,user_id,emp12246,2
IAM,user_id,emp_10548,2
IAM,user_id,EMP12186,2
IAM,user_id,EMP12077,2
IAM,user_id,EMP12981,2
IAM,user_id,EMP11839,2
IAM,user_id,EMP-10811,2
IAM,user_id,emp_10745,2
IAM,user_id,EMP11904,2
IAM,user_id,11034,2
IAM,user_id,EMP10870,2
IAM,user_id,emp12302,2
IAM,user_id,12946,2
IAM,user_id,EMP 10347,2
IAM,user_id,11880,2
IAM,user_id,EMP12205,2
IAM,user_id,emp10538,2
IAM,user_id,11615,2
IAM,user_id,EMP-12060,2
IAM,user_id,emp12661,2
IAM,user_id,EMP10061,2
IAM,user_id,EMP 10032,2
IAM,user_id,11832,2
IAM,user_id,EMP10540,2
IAM,user_id,EMP-10736,2
IAM,user_id,emp12882,2
IAM,user_id,10196,2
IAM,user_id,12863,2
IAM,user_id,EMP11377,2
IAM,user_id,EMP-10729,2
IAM,user_id,EMP 10628,2
IAM,user_id,EMP-11889,1
IAM,user_id,EMP-10918,1
IAM,user_id,emp_10271,1
IAM,user_id,EMP10122,1
IAM,user_id,12175,1
IAM,user_id,EMP 10795,1
IAM,user_id,emp10845,1
IAM,user_id,EMP-10540,1
IAM,user_id,emp10750,1
IAM,user_id,EMP 11877,1
IAM,user_id,12179,1
IAM,user_id,EMP 11788,1
IAM,user_id,EMP 11559,1
IAM,user_id,11829,1
IAM,user_id,10280,1
IAM,user_id,EMP 10340,1
IAM,user_id,emp12079,1
IAM,user_id,EMP 10554,1
IAM,user_id,EMP 12353,1
IAM,user_id,EMP-10320,1
IAM,user_id,emp10957,1
IAM,user_id,emp10332,1
IAM,user_id,emp_12848,1
IAM,user_id,EMP 10968,1
IAM,user_id,emp10187,1
IAM,user_id,emp10114,1
IAM,user_id,EMP11644,1
IAM,user_id,EMP 10115,1
IAM,user_id,EMP 10902,1
IAM,user_id,12830,1
IAM,user_id,11042,1
IAM,user_id,emp_11640,1
IAM,user_id,EMP12583,1
IAM,user_id,emp_12304,1
IAM,user_id,emp_10126,1
IAM,user_id,emp_10573,1
IAM,user_id,EMP 12777,1
IAM,user_id,EMP 10745,1
IAM,user_id,emp_10565,1
IAM,user_id,EMP-10786,1
IAM,user_id,EMP 10885,1
IAM,user_id,emp12309,1
IAM,user_id,EMP10048,1
IAM,user_id,12825,1
IAM,user_id,EMP-11363,1
IAM,user_id,EMP11356,1
IAM,user_id,EMP-12796,1
IAM,user_id,EMP-10785,1
IAM,user_id,EMP11958,1
IAM,user_id,EMP 10712,1
IAM,user_id,11085,1
IAM,user_id,emp_10285,1
IAM,user_id,EMP-12700,1
IAM,user_id,12054,1
IAM,user_id,EMP-11579,1
IAM,user_id,emp12747,1
IAM,user_id,emp_11986,1
IAM,user_id,emp12974,1
IAM,user_id,EMP12226,1
IAM,user_id,emp11416,1
IAM,user_id,EMP-11745,1
IAM,user_id,emp_12826,1
IAM,user_id,EMP-11406,1
IAM,user_id,10949,1
IAM,user_id,11056,1
IAM,user_id,EMP 11270,1
IAM,user_id,EMP-10136,1
IAM,user_id,emp_10563,1
IAM,user_id,EMP 10918,1
IAM,user_id,EMP-12100,1
IAM,user_id,EMP-10688,1
IAM,user_id,EMP 12775,1
IAM,user_id,emp_11572,1
IAM,user_id,emp10725,1
IAM,user_id,EMP-10310,1
IAM,user_id,EMP 10073,1
IAM,user_id,EMP 10356,1
IAM,user_id,EMP 10855,1
IAM,user_id,11497,1
IAM,user_id,EMP 10031,1
IAM,user_id,emp_11216,1
IAM,user_id,EMP-12399,1
IAM,user_id,emp10562,1
IAM,user_id,EMP-12917,1
IAM,user_id,EMP-11960,1
IAM,user_id,emp10169,1
IAM,user_id,12564,1
IAM,user_id,12191,1
IAM,user_id,emp_11328,1
IAM,user_id,EMP-12535,1
IAM,user_id,EMP-11610,1
IAM,user_id,EMP-11449,1
IAM,user_id,emp11520,1
IAM,user_id,emp_12847,1
IAM,user_id,EMP-10702,1
IAM,user_id,11165,1
IAM,user_id,emp11093,1
IAM,user_id,EMP-10818,1
IAM,user_id,emp_10139,1
IAM,user_id,EMP-10854,1
IAM,user_id,emp10263,1
IAM,user_id,10804,1
IAM,user_id,emp_10243,1
IAM,user_id,EMP-12719,1
IAM,user_id,EMP11056,1
IAM,user_id,emp_10923,1
IAM,user_id,EMP-11588,1
IAM,user_id,emp10932,1
IAM,user_id,emp_12861,1
IAM,user_id,EMP10460,1
IAM,user_id,11462,1
IAM,user_id,emp10641,1
IAM,user_id,emp11169,1
IAM,user_id,EMP-11983,1
IAM,user_id,EMP-12514,1
IAM,user_id,10178,1
IAM,user_id,emp_11402,1
IAM,user_id,emp12278,1
IAM,user_id,10996,1
IAM,user_id,emp_11861,1
IAM,user_id,EMP11176,1
IAM,user_id,11099,1
IAM,user_id,emp_10802,1
IAM,user_id,EMP 12704,1
IAM,user_id,emp_10733,1
IAM,user_id,emp_10694,1
IAM,user_id,emp12439,1
IAM,user_id,EMP 10550,1
IAM,user_id,EMP11917,1
IAM,user_id,EMP 12745,1
IAM,user_id,EMP 10130,1
IAM,user_id,emp_10148,1
IAM,user_id,emp_12055,1
IAM,user_id,emp12279,1
IAM,user_id,EMP 10956,1
IAM,user_id,11494,1
IAM,user_id,emp10115,1
IAM,user_id,EMP12514,1
IAM,user_id,emp12695,1
IAM,user_id,EMP 10764,1
IAM,user_id,10105,1
IAM,user_id,12453,1
IAM,user_id,12055,1
IAM,user_id,EMP12062,1
IAM,user_id,emp_12878,1
IAM,user_id,EMP-10115,1
IAM,user_id,EMP 10026,1
IAM,user_id,EMP 10814,1
IAM,user_id,10422,1
IAM,user_id,emp10252,1
IAM,user_id,emp10112,1
IAM,user_id,EMP-10979,1
IAM,user_id,emp_10017,1
IAM,user_id,EMP-12867,1
IAM,user_id,EMP10717,1
IAM,user_id,EMP 10480,1
IAM,user_id,EMP10980,1
IAM,user_id,EMP12815,1
IAM,user_id,11320,1
IAM,user_id,emp12880,1
IAM,user_id,EMP-12859,1
IAM,user_id,EMP10343,1
IAM,user_id,EMP 12476,1
IAM,user_id,emp_10582,1
IAM,user_id,EMP-11417,1
IAM,user_id,EMP 11944,1
IAM,user_id,emp_11251,1
IAM,user_id,emp_12706,1
IAM,user_id,EMP-12178,1
IAM,user_id,EMP-11171,1
IAM,user_id,EMP12494,1
IAM,user_id,12454,1
IAM,user_id,EMP 11144,1
IAM,user_id,EMP-12584,1
IAM,user_id,EMP10814,1
IAM,user_id,EMP-10980,1
IAM,user_id,EMP 10989,1
IAM,user_id,emp_10561,1
IAM,user_id,EMP 11119,1
IAM,user_id,EMP 11336,1
IAM,user_id,EMP-11246,1
IAM,user_id,EMP11907,1
IAM,user_id,11796,1
IAM,user_id,11134,1
IAM,user_id,emp11064,1
IAM,user_id,emp11526,1
IAM,user_id,emp12249,1
IAM,user_id,emp10894,1
IAM,user_id,EMP-10414,1
IAM,user_id,11318,1
IAM,user_id,emp11966,1
IAM,user_id,emp12336,1
IAM,user_id,10939,1
IAM,user_id,10104,1
IAM,user_id,emp_12355,1
IAM,user_id,11340,1
IAM,user_id,12461,1
IAM,user_id,emp_10489,1
IAM,user_id,EMP12527,1
IAM,user_id,EMP 11222,1
IAM,user_id,EMP-10633,1
IAM,user_id,EMP 12569,1
IAM,user_id,emp_10937,1
IAM,user_id,11616,1
IAM,user_id,12649,1
IAM,user_id,emp12765,1
IAM,user_id,EMP11687,1
IAM,user_id,emp11946,1
IAM,user_id,EMP 11880,1
IAM,user_id,10637,1
IAM,user_id,emp_11339,1
IAM,user_id,emp12271,1
IAM,user_id,emp_12491,1
IAM,user_id,emp10724,1
IAM,user_id,EMP11309,1
IAM,user_id,EMP 11039,1
IAM,user_id,10072,1
IAM,user_id,EMP10149,1
IAM,user_id,emp_12548,1
IAM,user_id,10985,1
IAM,user_id,11136,1
IAM,user_id,emp_10577,1
IAM,user_id,EMP 11362,1
IAM,user_id,emp_12219,1
IAM,user_id,emp11677,1
IAM,user_id,10415,1
IAM,user_id,10143,1
IAM,user_id,emp_12562,1
IAM,user_id,emp10120,1
IAM,user_id,emp11893,1
IAM,user_id,EMP12292,1
IAM,user_id,EMP-11345,1
IAM,user_id,12013,1
IAM,user_id,emp11480,1
IAM,user_id,EMP-12552,1
IAM,user_id,emp_12633,1
IAM,user_id,emp_12058,1
IAM,user_id,emp10243,1
IAM,user_id,emp11283,1
IAM,user_id,emp12820,1
IAM,user_id,EMP-11351,1
IAM,user_id,12298,1
IAM,user_id,EMP-12538,1
IAM,user_id,EMP-12825,1
IAM,user_id,EMP 10515,1
IAM,user_id,emp_10074,1
IAM,user_id,EMP 12163,1
IAM,user_id,EMP-12050,1
IAM,user_id,10528,1
IAM,user_id,EMP 10301,1
IAM,user_id,emp10801,1
IAM,user_id,11426,1
IAM,user_id,emp_12520,1
IAM,user_id,EMP-10215,1
IAM,user_id,emp10245,1
IAM,user_id,EMP-10324,1
IAM,user_id,EMP 10484,1
IAM,user_id,12393,1
IAM,user_id,EMP 12419,1
IAM,user_id,EMP11346,1
IAM,user_id,emp_11302,1
IAM,user_id,EMP 11027,1
IAM,user_id,emp_10174,1
IAM,user_id,10705,1
IAM,user_id,EMP11336,1
IAM,user_id,emp11229,1
IAM,user_id,emp_12831,1
IAM,user_id,emp12886,1
IAM,user_id,EMP-10240,1
IAM,user_id,11866,1
IAM,user_id,EMP 11729,1
IAM,user_id,EMP 12316,1
IAM,user_id,12464,1
IAM,user_id,emp_12718,1
IAM,user_id,11539,1
IAM,user_id,EMP 12014,1
IAM,user_id,emp10496,1
IAM,user_id,EMP-12572,1
IAM,user_id,12648,1
IAM,user_id,emp10672,1
IAM,user_id,11118,1
IAM,user_id,10012,1
IAM,user_id,emp_10378,1
IAM,user_id,EMP 10321,1
IAM,user_id,EMP 11853,1
IAM,user_id,EMP 10064,1
IAM,user_id,EMP 11424,1
IAM,user_id,emp12812,1
IAM,user_id,emp_11490,1
IAM,user_id,11720,1
IAM,user_id,EMP 11294,1
IAM,user_id,EMP-12145,1
IAM,user_id,EMP-11481,1
IAM,user_id,emp12081,1
IAM,user_id,EMP 12399,1
IAM,user_id,emp12995,1
IAM,user_id,emp_11557,1
IAM,user_id,EMP 12947,1
IAM,user_id,emp_11242,1
IAM,user_id,12031,1
IAM,user_id,EMP10708,1
IAM,user_id,12219,1
IAM,user_id,emp12544,1
IAM,user_id,EMP-10339,1
IAM,user_id,EMP12134,1
IAM,user_id,emp10353,1
IAM,user_id,EMP 12559,1
IAM,user_id,EMP 10570,1
IAM,user_id,emp12453,1
IAM,user_id,EMP 12319,1
IAM,user_id,EMP-12575,1
IAM,user_id,EMP 12467,1
IAM,user_id,EMP 11161,1
IAM,user_id,EMP 10218,1
IAM,user_id,emp12975,1
IAM,user_id,emp_12124,1
IAM,user_id,EMP10616,1
IAM,user_id,EMP 10143,1
IAM,user_id,EMP-10187,1
IAM,user_id,12827,1
IAM,user_id,EMP12217,1
IAM,user_id,10542,1
IAM,user_id,EMP 10092,1
IAM,user_id,emp11479,1
IAM,user_id,EMP-10578,1
IAM,user_id,emp_10082,1
IAM,user_id,emp_11537,1
IAM,user_id,emp_11856,1
IAM,user_id,EMP 10792,1
IAM,user_id,EMP-11759,1
IAM,user_id,emp12378,1
IAM,user_id,12188,1
IAM,user_id,emp12500,1
IAM,user_id,EMP 11648,1
IAM,user_id,emp_10343,1
IAM,user_id,emp11899,1
IAM,user_id,12900,1
IAM,user_id,EMP-10134,1
IAM,user_id,EMP-12065,1
IAM,user_id,EMP 11289,1
IAM,user_id,EMP-12198,1
IAM,user_id,emp_11951,1
IAM,user_id,EMP12156,1
IAM,user_id,11367,1
IAM,user_id,EMP 12883,1
IAM,user_id,emp10158,1
IAM,user_id,emp12525,1
IAM,user_id,emp_11016,1
IAM,user_id,emp10104,1
IAM,user_id,EMP 12698,1
IAM,user_id,emp12396,1
IAM,user_id,EMP 10337,1
IAM,user_id,EMP-11511,1
IAM,user_id,emp10457,1
IAM,user_id,10473,1
IAM,user_id,12486,1
IAM,user_id,emp10206,1
IAM,user_id,EMP 11077,1
IAM,user_id,EMP 10440,1
IAM,user_id,emp11151,1
IAM,user_id,EMP 12441,1
IAM,user_id,EMP 10841,1
IAM,user_id,emp_11381,1
IAM,user_id,emp11339,1
IAM,user_id,emp12153,1
IAM,user_id,emp_10863,1
IAM,user_id,EMP11727,1
IAM,user_id,emp_10431,1
IAM,user_id,emp11304,1
IAM,user_id,emp10026,1
IAM,user_id,10082,1
IAM,user_id,emp10861,1
IAM,user_id,11246,1
IAM,user_id,EMP-12031,1
IAM,user_id,EMP-10476,1
IAM,user_id,emp11408,1
IAM,user_id,emp11399,1
IAM,user_id,emp_12924,1
IAM,user_id,EMP10473,1
IAM,user_id,EMP 11475,1
IAM,user_id,emp11729,1
IAM,user_id,EMP-11638,1
IAM,user_id,12500,1
IAM,user_id,emp_11641,1
IAM,user_id,EMP-11723,1
IAM,user_id,12467,1
IAM,user_id,emp10093,1
IAM,user_id,11870,1
IAM,user_id,EMP-12235,1
IAM,user_id,emp_11581,1
IAM,user_id,EMP10501,1
IAM,user_id,EMP-11419,1
IAM,user_id,emp_12636,1
IAM,user_id,emp10145,1
IAM,user_id,EMP-12540,1
IAM,user_id,EMP-11020,1
IAM,user_id,EMP 12045,1
IAM,user_id,EMP 12948,1
IAM,user_id,EMP 10342,1
IAM,user_id,EMP 11868,1
IAM,user_id,EMP-10223,1
IAM,user_id,11270,1
IAM,user_id,EMP 10561,1
IAM,user_id,emp_10664,1
IAM,user_id,emp11264,1
IAM,user_id,emp_11657,1
IAM,user_id,emp_11510,1
IAM,user_id,EMP 11970,1
IAM,user_id,emp10476,1
IAM,user_id,emp10272,1
IAM,user_id,12554,1
IAM,user_id,EMP-10195,1
IAM,user_id,EMP-12133,1
IAM,user_id,emp12798,1
IAM,user_id,12259,1
IAM,user_id,EMP-11666,1
IAM,user_id,emp11921,1
IAM,user_id,11330,1
IAM,user_id,emp11332,1
IAM,user_id,EMP-11181,1
IAM,user_id,EMP10555,1
IAM,user_id,EMP 11628,1
IAM,user_id,emp_11384,1
IAM,user_id,emp_12628,1
IAM,user_id,EMP 12474,1
IAM,user_id,EMP-11752,1
IAM,user_id,emp_12266,1
IAM,user_id,11273,1
IAM,user_id,11875,1
IAM,user_id,EMP-11281,1
IAM,user_id,12927,1
IAM,user_id,emp12801,1
IAM,user_id,11006,1
IAM,user_id,EMP 12039,1
IAM,user_id,12391,1
IAM,user_id,emp_12768,1
IAM,user_id,EMP10613,1
IAM,user_id,emp11300,1
IAM,user_id,emp_12866,1
IAM,user_id,EMP11368,1
IAM,user_id,EMP-11974,1
IAM,user_id,EMP 12179,1
IAM,user_id,emp11952,1
IAM,user_id,emp11822,1
IAM,user_id,12345,1
IAM,user_id,12417,1
IAM,user_id,EMP11193,1
IAM,user_id,emp_10558,1
IAM,user_id,emp10469,1
IAM,user_id,emp11548,1
IAM,user_id,EMP 10109,1
IAM,user_id,emp_11260,1
IAM,user_id,EMP 11387,1
IAM,user_id,EMP-11829,1
IAM,user_id,emp10049,1
IAM,user_id,EMP-11691,1
IAM,user_id,EMP-11955,1
IAM,user_id,EMP-10825,1
IAM,user_id,EMP-10038,1
IAM,user_id,emp_12621,1
IAM,user_id,emp11002,1
IAM,user_id,emp12613,1
IAM,user_id,EMP-10984,1
IAM,user_id,emp10391,1
IAM,user_id,EMP 10027,1
IAM,user_id,EMP11123,1
IAM,user_id,10368,1
IAM,user_id,EMP-11700,1
IAM,user_id,emp10878,1
IAM,user_id,EMP 10774,1
IAM,user_id,emp11245,1
IAM,user_id,EMP 10113,1
IAM,user_id,emp_10389,1
IAM,user_id,EMP11395,1
IAM,user_id,10984,1
IAM,user_id,emp_11039,1
IAM,user_id,EMP 10413,1
IAM,user_id,10702,1
IAM,user_id,emp11432,1
IAM,user_id,11015,1
IAM,user_id,EMP 10969,1
IAM,user_id,emp_12362,1
IAM,user_id,EMP 12951,1
IAM,user_id,emp10813,1
IAM,user_id,emp10278,1
IAM,user_id,10179,1
IAM,user_id,EMP 11863,1
IAM,user_id,EMP-11582,1
IAM,user_id,12815,1
IAM,user_id,EMP 10411,1
IAM,user_id,emp_11389,1
IAM,user_id,EMP11280,1
IAM,user_id,10302,1
IAM,user_id,emp11031,1
IAM,user_id,EMP-12169,1
IAM,user_id,10478,1
IAM,user_id,EMP-10190,1
IAM,user_id,emp_11688,1
IAM,user_id,EMP-11982,1
IAM,user_id,emp_11517,1
IAM,user_id,11483,1
IAM,user_id,EMP11025,1
IAM,user_id,EMP-12497,1
IAM,user_id,EMP10415,1
IAM,user_id,EMP11052,1
IAM,user_id,EMP-11475,1
IAM,user_id,EMP-11884,1
IAM,user_id,11337,1
IAM,user_id,10332,1
IAM,user_id,EMP 10308,1
IAM,user_id,EMP 10588,1
IAM,user_id,emp12740,1
IAM,user_id,emp_11070,1
IAM,user_id,emp_11827,1
IAM,user_id,EMP-10441,1
IAM,user_id,EMP-12322,1
IAM,user_id,emp_10641,1
IAM,user_id,EMP 12876,1
IAM,user_id,EMP 12215,1
IAM,user_id,emp12741,1
IAM,user_id,EMP-12739,1
IAM,user_id,emp_12135,1
IAM,user_id,emp11007,1
IAM,user_id,11541,1
IAM,user_id,emp_10703,1
IAM,user_id,emp_12987,1
IAM,user_id,11004,1
IAM,user_id,emp10244,1
IAM,user_id,EMP-10873,1
IAM,user_id,EMP 11733,1
IAM,user_id,emp_12972,1
IAM,user_id,emp_12265,1
IAM,user_id,EMP 12269,1
IAM,user_id,emp12939,1
IAM,user_id,EMP 12393,1
IAM,user_id,emp11865,1
IAM,user_id,emp11836,1
IAM,user_id,emp12269,1
IAM,user_id,emp10315,1
IAM,user_id,EMP12452,1
IAM,user_id,emp11388,1
IAM,user_id,EMP-11318,1
IAM,user_id,EMP12479,1
IAM,user_id,EMP 12367,1
IAM,user_id,EMP-10845,1
IAM,user_id,emp10742,1
IAM,user_id,12939,1
IAM,user_id,EMP11399,1
IAM,user_id,EMP 12038,1
IAM,user_id,EMP-12694,1
IAM,user_id,EMP10655,1
IAM,user_id,emp10593,1
IAM,user_id,EMP-10823,1
IAM,user_id,11758,1
IAM,user_id,emp_10087,1
IAM,user_id,emp_11966,1
IAM,user_id,EMP 11371,1
IAM,user_id,emp11355,1
IAM,user_id,11189,1
IAM,user_id,EMP 12854,1
IAM,user_id,EMP 11375,1
IAM,user_id,EMP 11035,1
IAM,user_id,emp11144,1
IAM,user_id,EMP 10749,1
IAM,user_id,EMP-11544,1
IAM,user_id,EMP 11875,1
IAM,user_id,11933,1
IAM,user_id,11382,1
IAM,user_id,EMP 11500,1
IAM,user_id,EMP 11252,1
IAM,user_id,EMP10239,1
IAM,user_id,11924,1
IAM,user_id,EMP11439,1
IAM,user_id,EMP-10661,1
IAM,user_id,emp12784,1
IAM,user_id,EMP-10581,1
IAM,user_id,EMP-11867,1
IAM,user_id,EMP-10802,1
IAM,user_id,EMP10477,1
IAM,user_id,emp_10532,1
IAM,user_id,emp_11596,1
IAM,user_id,10533,1
IAM,user_id,emp_11451,1
IAM,user_id,EMP-12490,1
IAM,user_id,EMP12438,1
IAM,user_id,emp11456,1
IAM,user_id,EMP 12877,1
IAM,user_id,12805,1
IAM,user_id,EMP 11771,1
IAM,user_id,EMP12991,1
IAM,user_id,11074,1
IAM,user_id,10797,1
IAM,user_id,EMP-10129,1
IAM,user_id,emp_12097,1
IAM,user_id,emp_11738,1
IAM,user_id,10874,1
IAM,user_id,EMP10506,1
IAM,user_id,emp_11184,1
IAM,user_id,emp_12068,1
IAM,user_id,11181,1
IAM,user_id,emp_12410,1
IAM,user_id,EMP 10986,1
IAM,user_id,EMP10439,1
IAM,user_id,emp_10350,1
IAM,user_id,11328,1
IAM,user_id,emp_10160,1
IAM,user_id,emp12424,1
IAM,user_id,11851,1
IAM,user_id,emp11424,1
IAM,user_id,emp10904,1
IAM,user_id,10125,1
IAM,user_id,EMP11333,1
IAM,user_id,EMP10130,1
IAM,user_id,EMP-11612,1
IAM,user_id,EMP 12151,1
IAM,user_id,EMP-12035,1
IAM,user_id,EMP 11240,1
IAM,user_id,emp_12856,1
IAM,user_id,emp11022,1
IAM,user_id,emp12043,1
IAM,user_id,emp_11821,1
IAM,user_id,10377,1
IAM,user_id,emp11823,1
IAM,user_id,EMP 11480,1
IAM,user_id,EMP-12123,1
IAM,user_id,emp10612,1
IAM,user_id,EMP 12171,1
IAM,user_id,EMP-12611,1
IAM,user_id,EMP12234,1
IAM,user_id,EMP-12777,1
IAM,user_id,EMP-11250,1
IAM,user_id,12378,1
IAM,user_id,EMP-12151,1
IAM,user_id,11949,1
IAM,user_id,EMP 11586,1
IAM,user_id,EMP-12935,1
IAM,user_id,emp12911,1
IAM,user_id,emp11739,1
IAM,user_id,EMP-11114,1
IAM,user_id,emp11556,1
IAM,user_id,EMP-11695,1
IAM,user_id,emp10378,1
IAM,user_id,emp12197,1
IAM,user_id,EMP-10510,1
IAM,user_id,EMP-11573,1
IAM,user_id,emp_10803,1
IAM,user_id,emp_12223,1
IAM,user_id,EMP 11915,1
IAM,user_id,EMP-11030,1
IAM,user_id,EMP-12326,1
IAM,user_id,EMP 10852,1
IAM,user_id,emp_10869,1
IAM,user_id,12109,1
IAM,user_id,emp_10168,1
IAM,user_id,11592,1
IAM,user_id,EMP-10377,1
IAM,user_id,emp_12539,1
IAM,user_id,EMP-12779,1
IAM,user_id,EMP 10598,1
IAM,user_id,emp11228,1
IAM,user_id,EMP 12910,1
IAM,user_id,11915,1
IAM,user_id,EMP-11462,1
IAM,user_id,emp10688,1
IAM,user_id,EMP11213,1
IAM,user_id,emp12106,1
IAM,user_id,EMP 11067,1
IAM,user_id,emp_10210,1
IAM,user_id,EMP-10596,1
IAM,user_id,EMP12189,1
IAM,user_id,EMP10025,1
IAM,user_id,10370,1
IAM,user_id,EMP-12888,1
IAM,user_id,EMP-12349,1
IAM,user_id,10491,1
IAM,user_id,11416,1
IAM,user_id,EMP-12991,1
IAM,user_id,EMP 11134,1
IAM,user_id,emp_11991,1
IAM,user_id,EMP 10190,1
IAM,user_id,emp12909,1
IAM,user_id,10684,1
IAM,user_id,emp12435,1
IAM,user_id,emp10239,1
IAM,user_id,emp_12738,1
IAM,user_id,12051,1
IAM,user_id,EMP 12186,1
IAM,user_id,emp12512,1
IAM,user_id,emp10019,1
IAM,user_id,emp_12934,1
IAM,user_id,emp_12671,1
IAM,user_id,12753,1
IAM,user_id,EMP-12609,1
IAM,user_id,EMP-12291,1
IAM,user_id,emp10342,1
IAM,user_id,emp_10081,1
IAM,user_id,EMP 12526,1
IAM,user_id,emp_12285,1
IAM,user_id,emp12517,1
IAM,user_id,EMP 10326,1
IAM,user_id,EMP 10535,1
IAM,user_id,emp_10411,1
IAM,user_id,12629,1
IAM,user_id,emp_11282,1
IAM,user_id,emp_12864,1
IAM,user_id,11783,1
IAM,user_id,emp_10328,1
IAM,user_id,emp11421,1
IAM,user_id,emp11006,1
IAM,user_id,EMP 12480,1
IAM,user_id,EMP-12445,1
IAM,user_id,emp10508,1
IAM,user_id,EMP 11493,1
IAM,user_id,EMP-11580,1
IAM,user_id,emp_12581,1
IAM,user_id,EMP 11186,1
IAM,user_id,EMP10707,1
IAM,user_id,emp12562,1
IAM,user_id,EMP-11935,1
IAM,user_id,emp12289,1
IAM,user_id,12264,1
IAM,user_id,emp12416,1
IAM,user_id,EMP-12523,1
IAM,user_id,EMP-12239,1
IAM,user_id,emp_10162,1
IAM,user_id,emp_12766,1
IAM,user_id,EMP-11205,1
IAM,user_id,EMP 11792,1
IAM,user_id,EMP 10907,1
IAM,user_id,10831,1
IAM,user_id,EMP 12879,1
IAM,user_id,10034,1
IAM,user_id,10277,1
IAM,user_id,11428,1
IAM,user_id,emp_12933,1
IAM,user_id,emp12573,1
IAM,user_id,emp_11815,1
IAM,user_id,EMP-11010,1
IAM,user_id,EMP-10110,1
IAM,user_id,12027,1
IAM,user_id,EMP-12054,1
IAM,user_id,12610,1
IAM,user_id,EMP-12662,1
IAM,user_id,EMP 12733,1
IAM,user_id,EMP-12806,1
IAM,user_id,10482,1
IAM,user_id,emp10820,1
IAM,user_id,12713,1
IAM,user_id,emp12031,1
IAM,user_id,emp_12849,1
IAM,user_id,emp11685,1
IAM,user_id,12415,1
IAM,user_id,EMP 12013,1
IAM,user_id,12689,1
IAM,user_id,emp11205,1
IAM,user_id,EMP-12966,1
IAM,user_id,emp_11845,1
IAM,user_id,emp_12239,1
IAM,user_id,10766,1
IAM,user_id,emp10654,1
IAM,user_id,EMP 11682,1
IAM,user_id,emp12922,1
IAM,user_id,EMP-12332,1
IAM,user_id,EMP-10249,1
IAM,user_id,EMP 10373,1
IAM,user_id,EMP 11865,1
IAM,user_id,EMP11848,1
IAM,user_id,emp10288,1
IAM,user_id,emp10978,1
IAM,user_id,EMP10513,1
IAM,user_id,emp_12639,1
IAM,user_id,emp12098,1
IAM,user_id,emp_10836,1
IAM,user_id,EMP11852,1
IAM,user_id,emp_11685,1
IAM,user_id,emp_12207,1
IAM,user_id,10209,1
IAM,user_id,EMP-10550,1
IAM,user_id,emp_10596,1
IAM,user_id,emp_10559,1
IAM,user_id,EMP-11178,1
IAM,user_id,EMP-10573,1
IAM,user_id,11834,1
IAM,user_id,emp_10232,1
IAM,user_id,EMP 11553,1
IAM,user_id,EMP 11473,1
IAM,user_id,emp_10921,1
IAM,user_id,emp_11433,1
IAM,user_id,10134,1
IAM,user_id,EMP 11478,1
IAM,user_id,EMP 11579,1
IAM,user_id,emp_10671,1
IAM,user_id,12312,1
IAM,user_id,emp_12463,1
IAM,user_id,EMP-12701,1
IAM,user_id,EMP-11682,1
IAM,user_id,EMP11897,1
IAM,user_id,emp_12722,1
IAM,user_id,emp10264,1
IAM,user_id,EMP-11730,1
IAM,user_id,EMP12980,1
IAM,user_id,emp_10248,1
IAM,user_id,11748,1
IAM,user_id,emp_10794,1
IAM,user_id,12868,1
IAM,user_id,emp_11047,1
IAM,user_id,EMP-10753,1
IAM,user_id,emp11782,1
IAM,user_id,EMP 12206,1
IAM,user_id,EMP 12067,1
IAM,user_id,EMP 12431,1
IAM,user_id,EMP12662,1
IAM,user_id,EMP-10312,1
IAM,user_id,EMP11450,1
IAM,user_id,emp11321,1
IAM,user_id,10195,1
IAM,user_id,emp_12904,1
IAM,user_id,emp_10108,1
IAM,user_id,emp_10791,1
IAM,user_id,12942,1
IAM,user_id,EMP-10837,1
IAM,user_id,emp_10150,1
IAM,user_id,emp_11441,1
IAM,user_id,emp_12350,1
IAM,user_id,EMP-11979,1
IAM,user_id,emp_11169,1
IAM,user_id,EMP-12554,1
IAM,user_id,emp_10226,1
IAM,user_id,EMP-10995,1
IAM,user_id,11433,1
IAM,user_id,EMP-10955,1
IAM,user_id,10295,1
IAM,user_id,EMP 10304,1
IAM,user_id,EMP-12592,1
IAM,user_id,EMP 10854,1
IAM,user_id,EMP-10579,1
IAM,user_id,EMP-10180,1
IAM,user_id,EMP12287,1
IAM,user_id,EMP-12371,1
IAM,user_id,emp10127,1
IAM,user_id,EMP 11909,1
IAM,user_id,emp12319,1
IAM,user_id,EMP11736,1
IAM,user_id,EMP-12331,1
IAM,user_id,EMP-10871,1
IAM,user_id,emp11238,1
IAM,user_id,EMP 11533,1
IAM,user_id,12999,1
IAM,user_id,EMP-11650,1
IAM,user_id,emp10293,1
IAM,user_id,EMP-11533,1
IAM,user_id,EMP-12011,1
IAM,user_id,EMP12019,1
IAM,user_id,emp12023,1
IAM,user_id,EMP 10687,1
IAM,user_id,12559,1
IAM,user_id,emp10939,1
IAM,user_id,11154,1
IAM,user_id,11185,1
IAM,user_id,10833,1
IAM,user_id,12737,1
IAM,user_id,EMP10815,1
IAM,user_id,EMP-12681,1
IAM,user_id,EMP 12042,1
IAM,user_id,10216,1
IAM,user_id,11219,1
IAM,user_id,10695,1
IAM,user_id,emp_12965,1
IAM,user_id,emp_12686,1
IAM,user_id,10823,1
IAM,user_id,EMP 10669,1
IAM,user_id,EMP 12835,1
IAM,user_id,emp_10025,1
IAM,user_id,emp11615,1
IAM,user_id,EMP-11438,1
IAM,user_id,emp_11635,1
IAM,user_id,emp_11778,1
IAM,user_id,emp11678,1
IAM,user_id,emp_10858,1
IAM,user_id,EMP 12507,1
IAM,user_id,emp10041,1
IAM,user_id,EMP-10819,1
IAM,user_id,12516,1
IAM,user_id,12955,1
IAM,user_id,EMP-12415,1
IAM,user_id,emp_12683,1
IAM,user_id,11262,1
IAM,user_id,11409,1
IAM,user_id,12838,1
IAM,user_id,11000,1
IAM,user_id,EMP-10255,1
IAM,user_id,EMP11208,1
IAM,user_id,EMP-10123,1
IAM,user_id,emp_12735,1
IAM,user_id,emp11164,1
IAM,user_id,emp12768,1
IAM,user_id,12063,1
IAM,user_id,emp12087,1
IAM,user_id,emp10867,1
IAM,user_id,EMP 11731,1
IAM,user_id,10364,1
IAM,user_id,EMP 12607,1
IAM,user_id,11537,1
IAM,user_id,EMP-10922,1
IAM,user_id,12526,1
IAM,user_id,EMP 12024,1
IAM,user_id,emp_12075,1
IAM,user_id,EMP 12092,1
IAM,user_id,EMP 11034,1
IAM,user_id,emp_11445,1
IAM,user_id,emp12338,1
IAM,user_id,12087,1
IAM,user_id,10674,1
IAM,user_id,EMP11482,1
IAM,user_id,emp11386,1
IAM,user_id,emp12223,1
IAM,user_id,EMP 12701,1
IAM,user_id,emp_11524,1
IAM,user_id,EMP 12433,1
IAM,user_id,emp11814,1
IAM,user_id,emp_10890,1
IAM,user_id,emp11939,1
IAM,user_id,EMP 12364,1
IAM,user_id,EMP-12522,1
IAM,user_id,11989,1
IAM,user_id,emp11341,1
IAM,user_id,emp10543,1
IAM,user_id,EMP-12051,1
IAM,user_id,EMP11970,1
IAM,user_id,EMP11999,1
IAM,user_id,EMP11202,1
IAM,user_id,11335,1
IAM,user_id,EMP10711,1
IAM,user_id,EMP-10928,1
IAM,user_id,emp_11625,1
IAM,user_id,10745,1
IAM,user_id,10081,1
IAM,user_id,emp_11172,1
IAM,user_id,EMP12593,1
IAM,user_id,EMP12866,1
IAM,user_id,EMP-11852,1
IAM,user_id,EMP10285,1
IAM,user_id,11664,1
IAM,user_id,11864,1
IAM,user_id,10867,1
IAM,user_id,EMP11199,1
IAM,user_id,10513,1
IAM,user_id,11625,1
IAM,user_id,emp_12687,1
IAM,user_id,EMP-11165,1
IAM,user_id,EMP12445,1
IAM,user_id,emp_12797,1
IAM,user_id,EMP-10451,1
IAM,user_id,10504,1
IAM,user_id,emp11579,1
IAM,user_id,EMP-12453,1
IAM,user_id,emp_10992,1
IAM,user_id,emp_11222,1
IAM,user_id,emp_12957,1
IAM,user_id,EMP-11461,1
IAM,user_id,emp_11694,1
IAM,user_id,11215,1
IAM,user_id,emp10914,1
IAM,user_id,emp_10601,1
IAM,user_id,10394,1
IAM,user_id,EMP-10085,1
IAM,user_id,emp10006,1
IAM,user_id,emp11697,1
IAM,user_id,EMP 10057,1
IAM,user_id,emp_10241,1
IAM,user_id,EMP11655,1
IAM,user_id,EMP 12827,1
IAM,user_id,EMP-11452,1
IAM,user_id,EMP10599,1
IAM,user_id,EMP10450,1
IAM,user_id,EMP 10236,1
IAM,user_id,11861,1
IAM,user_id,emp11854,1
IAM,user_id,EMP 10803,1
IAM,user_id,EMP 11291,1
IAM,user_id,12898,1
IAM,user_id,EMP-10065,1
IAM,user_id,emp12952,1
IAM,user_id,EMP 10882,1
IAM,user_id,12483,1
IAM,user_id,emp_12314,1
IAM,user_id,EMP12088,1
IAM,user_id,EMP 11503,1
IAM,user_id,emp_11943,1
IAM,user_id,12071,1
IAM,user_id,EMP-11920,1
IAM,user_id,EMP 11313,1
IAM,user_id,EMP-12243,1
IAM,user_id,emp12534,1
IAM,user_id,emp12207,1
IAM,user_id,emp10753,1
IAM,user_id,EMP-10535,1
IAM,user_id,EMP10342,1
IAM,user_id,emp_11679,1
IAM,user_id,10764,1
IAM,user_id,EMP-10849,1
IAM,user_id,EMP-10478,1
IAM,user_id,emp11951,1
IAM,user_id,EMP-11489,1
IAM,user_id,EMP-12347,1
IAM,user_id,emp_11166,1
IAM,user_id,emp12340,1
IAM,user_id,11969,1
IAM,user_id,emp10899,1
IAM,user_id,EMP 12550,1
IAM,user_id,EMP-12651,1
IAM,user_id,emp11271,1
IAM,user_id,EMP 11481,1
IAM,user_id,EMP 11410,1
IAM,user_id,emp_11479,1
IAM,user_id,11584,1
IAM,user_id,emp10020,1
IAM,user_id,EMP-12638,1
IAM,user_id,EMP-10430,1
IAM,user_id,EMP 12654,1
IAM,user_id,EMP-11835,1
IAM,user_id,emp12807,1
IAM,user_id,emp_10649,1
IAM,user_id,EMP11339,1
IAM,user_id,EMP12837,1
IAM,user_id,emp_11519,1
IAM,user_id,EMP 12803,1
IAM,user_id,EMP 11202,1
IAM,user_id,emp_12403,1
IAM,user_id,EMP 10675,1
IAM,user_id,emp_11618,1
IAM,user_id,emp_10924,1
IAM,user_id,EMP 10300,1
IAM,user_id,EMP-12440,1
IAM,user_id,EMP-11667,1
IAM,user_id,emp11178,1
IAM,user_id,emp_10131,1
IAM,user_id,11774,1
IAM,user_id,emp10862,1
IAM,user_id,10460,1
IAM,user_id,emp11987,1
IAM,user_id,10846,1
IAM,user_id,emp_12192,1
IAM,user_id,10541,1
IAM,user_id,EMP 11744,1
IAM,user_id,emp11340,1
IAM,user_id,emp_10567,1
IAM,user_id,EMP 10138,1
IAM,user_id,EMP-11661,1
IAM,user_id,11121,1
IAM,user_id,10655,1
IAM,user_id,emp_10707,1
IAM,user_id,10662,1
IAM,user_id,11948,1
IAM,user_id,emp12215,1
IAM,user_id,emp10696,1
IAM,user_id,emp10844,1
IAM,user_id,EMP 11577,1
IAM,user_id,EMP11622,1
IAM,user_id,12015,1
IAM,user_id,emp_11187,1
IAM,user_id,emp10829,1
IAM,user_id,EMP 11827,1
IAM,user_id,EMP 12018,1
IAM,user_id,emp10823,1
IAM,user_id,emp_11018,1
IAM,user_id,emp10826,1
IAM,user_id,emp_12781,1
IAM,user_id,EMP11040,1
IAM,user_id,EMP-12974,1
IAM,user_id,EMP-11855,1
IAM,user_id,EMP-10358,1
IAM,user_id,11739,1
IAM,user_id,10286,1
IAM,user_id,10347,1
IAM,user_id,EMP 10582,1
IAM,user_id,EMP 11382,1
IAM,user_id,EMP 11668,1
IAM,user_id,10815,1
IAM,user_id,emp12616,1
IAM,user_id,EMP-12316,1
IAM,user_id,emp_12279,1
IAM,user_id,emp12615,1
IAM,user_id,EMP11720,1
IAM,user_id,emp_12160,1
IAM,user_id,emp10731,1
IAM,user_id,EMP-10473,1
IAM,user_id,12702,1
IAM,user_id,EMP-12041,1
IAM,user_id,EMP-12647,1
IAM,user_id,EMP-12519,1
IAM,user_id,emp_11454,1
IAM,user_id,emp_12873,1
IAM,user_id,EMP 11852,1
IAM,user_id,emp12334,1
IAM,user_id,EMP11533,1
IAM,user_id,EMP-10713,1
IAM,user_id,emp_10608,1
IAM,user_id,emp_11826,1
IAM,user_id,EMP 11264,1
IAM,user_id,EMP 11033,1
IAM,user_id,emp_12299,1
IAM,user_id,11863,1
IAM,user_id,EMP10303,1
IAM,user_id,EMP 11433,1
IAM,user_id,11940,1
IAM,user_id,emp_12466,1
IAM,user_id,EMP-10145,1
IAM,user_id,emp12329,1
IAM,user_id,emp11611,1
IAM,user_id,EMP 12311,1
IAM,user_id,EMP11868,1
IAM,user_id,emp11639,1
IAM,user_id,EMP10412,1
IAM,user_id,emp10933,1
IAM,user_id,EMP-10774,1
IAM,user_id,emp_11400,1
IAM,user_id,EMP10845,1
IAM,user_id,EMP10442,1
IAM,user_id,emp12018,1
IAM,user_id,emp11042,1
IAM,user_id,EMP-10231,1
IAM,user_id,EMP-12288,1
IAM,user_id,emp11820,1
IAM,user_id,EMP-12848,1
IAM,user_id,EMP 12481,1
IAM,user_id,EMP 10184,1
IAM,user_id,emp10100,1
IAM,user_id,emp_12018,1
IAM,user_id,10561,1
IAM,user_id,11978,1
IAM,user_id,10341,1
IAM,user_id,emp11927,1
IAM,user_id,emp11777,1
IAM,user_id,emp_11151,1
IAM,user_id,EMP11940,1
IAM,user_id,EMP 11706,1
IAM,user_id,EMP 11896,1
IAM,user_id,EMP-11813,1
IAM,user_id,emp_12244,1
IAM,user_id,emp12131,1
IAM,user_id,EMP 10242,1
IAM,user_id,11815,1
IAM,user_id,11931,1
IAM,user_id,emp11036,1
IAM,user_id,EMP-12998,1
IAM,user_id,EMP-12653,1
IAM,user_id,EMP 11667,1
IAM,user_id,EMP 11522,1
IAM,user_id,emp11180,1
IAM,user_id,EMP-12593,1
IAM,user_id,emp_12960,1
IAM,user_id,emp_11333,1
IAM,user_id,emp_12112,1
IAM,user_id,emp10564,1
IAM,user_id,EMP-10439,1
IAM,user_id,EMP-12199,1
IAM,user_id,emp_12800,1
IAM,user_id,emp_12801,1
IAM,user_id,EMP-12774,1
IAM,user_id,emp_12645,1
IAM,user_id,emp_10165,1
IAM,user_id,emp_11794,1
IAM,user_id,12230,1
IAM,user_id,emp11127,1
IAM,user_id,EMP 10012,1
IAM,user_id,11617,1
IAM,user_id,EMP-10371,1
IAM,user_id,EMP 11714,1
IAM,user_id,EMP-10868,1
IAM,user_id,EMP 10310,1
IAM,user_id,EMP 10144,1
IAM,user_id,emp_11449,1
IAM,user_id,12591,1
IAM,user_id,10536,1
IAM,user_id,emp12214,1
IAM,user_id,emp_10384,1
IAM,user_id,emp11142,1
IAM,user_id,EMP10584,1
IAM,user_id,emp_11871,1
IAM,user_id,EMP-10254,1
IAM,user_id,12565,1
IAM,user_id,emp_11152,1
IAM,user_id,emp_11470,1
IAM,user_id,11453,1
IAM,user_id,emp_12149,1
IAM,user_id,11257,1
IAM,user_id,10958,1
IAM,user_id,12106,1
IAM,user_id,emp_10839,1
IAM,user_id,emp11242,1
IAM,user_id,emp_10334,1
IAM,user_id,EMP12951,1
IAM,user_id,emp10761,1
IAM,user_id,emp10973,1
IAM,user_id,12572,1
IAM,user_id,EMP-10839,1
IAM,user_id,emp_12517,1
IAM,user_id,EMP-12622,1
IAM,user_id,12499,1
IAM,user_id,EMP-10179,1
IAM,user_id,emp10151,1
IAM,user_id,EMP-12784,1
IAM,user_id,emp_11098,1
IAM,user_id,emp10559,1
IAM,user_id,EMP-10359,1
IAM,user_id,emp_11409,1
IAM,user_id,EMP 10613,1
IAM,user_id,12933,1
IAM,user_id,EMP 10865,1
IAM,user_id,12429,1
IAM,user_id,EMP-10015,1
IAM,user_id,EMP-10881,1
IAM,user_id,emp12756,1
IAM,user_id,emp_12400,1
IAM,user_id,EMP 10833,1
IAM,user_id,EMP 10213,1
IAM,user_id,EMP-12323,1
IAM,user_id,emp_12389,1
IAM,user_id,EMP-10921,1
IAM,user_id,EMP-12232,1
IAM,user_id,emp11027,1
IAM,user_id,11918,1
IAM,user_id,EMP12404,1
IAM,user_id,emp10295,1
IAM,user_id,EMP 11278,1
IAM,user_id,EMP 12032,1
IAM,user_id,12306,1
IAM,user_id,emp_11262,1
IAM,user_id,10438,1
IAM,user_id,emp_12823,1
IAM,user_id,12520,1
IAM,user_id,EMP 12248,1
IAM,user_id,emp10009,1
IAM,user_id,12487,1
IAM,user_id,EMP 10159,1
IAM,user_id,emp10189,1
IAM,user_id,EMP-12834,1
IAM,user_id,emp10623,1
IAM,user_id,EMP 12434,1
IAM,user_id,12604,1
IAM,user_id,emp_12922,1
IAM,user_id,EMP-11738,1
IAM,user_id,EMP12070,1
IAM,user_id,EMP 11992,1
IAM,user_id,12577,1
IAM,user_id,EMP-12320,1
IAM,user_id,EMP-11404,1
IAM,user_id,emp12665,1
IAM,user_id,emp10308,1
IAM,user_id,emp_11893,1
IAM,user_id,EMP 12710,1
IAM,user_id,emp12080,1
IAM,user_id,emp_12456,1
IAM,user_id,EMP-10205,1
IAM,user_id,EMP11922,1
IAM,user_id,12899,1
IAM,user_id,12078,1
IAM,user_id,emp12518,1
IAM,user_id,emp_11013,1
IAM,user_id,11662,1
IAM,user_id,EMP-12785,1
IAM,user_id,emp_11294,1
IAM,user_id,emp_10686,1
IAM,user_id,EMP-12707,1
IAM,user_id,emp12614,1
IAM,user_id,EMP 11085,1
IAM,user_id,emp_11322,1
IAM,user_id,emp11286,1
IAM,user_id,11986,1
IAM,user_id,EMP-10910,1
IAM,user_id,EMP 12281,1
IAM,user_id,emp11607,1
IAM,user_id,emp_10979,1
IAM,user_id,emp11880,1
IAM,user_id,11925,1
IAM,user_id,emp11109,1
IAM,user_id,emp_10151,1
IAM,user_id,10794,1
IAM,user_id,11168,1
IAM,user_id,emp_10930,1
IAM,user_id,EMP-11880,1
IAM,user_id,EMP 11941,1
IAM,user_id,EMP 11620,1
IAM,user_id,EMP11151,1
IAM,user_id,EMP 12169,1
IAM,user_id,EMP 12479,1
IAM,user_id,EMP12800,1
IAM,user_id,EMP 11765,1
IAM,user_id,EMP 11412,1
IAM,user_id,emp_10895,1
IAM,user_id,12011,1
IAM,user_id,EMP-11992,1
IAM,user_id,emp10610,1
IAM,user_id,EMP-11561,1
IAM,user_id,emp_12943,1
IAM,user_id,EMP 12994,1
IAM,user_id,emp_12708,1
IAM,user_id,emp_10100,1
IAM,user_id,EMP 12798,1
IAM,user_id,EMP-11684,1
IAM,user_id,emp11275,1
IAM,user_id,emp_10919,1
IAM,user_id,emp_12794,1
IAM,user_id,emp_12051,1
IAM,user_id,EMP-12676,1
IAM,user_id,EMP-10032,1
IAM,user_id,emp11240,1
IAM,user_id,EMP11087,1
IAM,user_id,EMP-11954,1
IAM,user_id,10384,1
IAM,user_id,emp_11780,1
IAM,user_id,emp_10881,1
IAM,user_id,emp_10490,1
IAM,user_id,11016,1
IAM,user_id,emp_11654,1
IAM,user_id,emp_12121,1
IAM,user_id,EMP 11538,1
IAM,user_id,emp_10413,1
IAM,user_id,emp10015,1
IAM,user_id,emp12374,1
IAM,user_id,EMP-12202,1
IAM,user_id,EMP-11488,1
IAM,user_id,EMP 12329,1
IAM,user_id,emp_10245,1
IAM,user_id,emp12474,1
IAM,user_id,EMP-12008,1
IAM,user_id,emp_11560,1
IAM,user_id,EMP 11762,1
IAM,user_id,EMP-12670,1
IAM,user_id,emp10349,1
IAM,user_id,EMP-10546,1
IAM,user_id,12093,1
IAM,user_id,emp11790,1
IAM,user_id,EMP12415,1
IAM,user_id,EMP-11287,1
IAM,user_id,EMP12356,1
IAM,user_id,EMP-11288,1
IAM,user_id,EMP-11430,1
IAM,user_id,EMP-11781,1
IAM,user_id,EMP-11540,1
IAM,user_id,EMP-12981,1
IAM,user_id,EMP-11980,1
IAM,user_id,emp_12044,1
IAM,user_id,EMP-10467,1
IAM,user_id,EMP-11454,1
IAM,user_id,11673,1
IAM,user_id,EMP 12888,1
IAM,user_id,EMP-11872,1
IAM,user_id,11267,1
IAM,user_id,EMP 11065,1
IAM,user_id,emp12654,1
IAM,user_id,EMP 10659,1
IAM,user_id,emp_12978,1
IAM,user_id,EMP-11191,1
IAM,user_id,EMP12731,1
IAM,user_id,emp10673,1
IAM,user_id,EMP 11873,1
IAM,user_id,emp_11042,1
IAM,user_id,emp_10242,1
IAM,user_id,emp_11716,1
IAM,user_id,emp_12651,1
IAM,user_id,EMP 10041,1
IAM,user_id,12098,1
IAM,user_id,12553,1
IAM,user_id,EMP 10636,1
IAM,user_id,EMP-10755,1
IAM,user_id,11781,1
IAM,user_id,EMP 12072,1
IAM,user_id,EMP-10709,1
IAM,user_id,EMP11911,1
IAM,user_id,EMP 12027,1
IAM,user_id,EMP-12074,1
IAM,user_id,emp_12043,1
IAM,user_id,emp10995,1
IAM,user_id,EMP11663,1
IAM,user_id,EMP 12046,1
IAM,user_id,emp11795,1
IAM,user_id,emp10290,1
IAM,user_id,EMP 11464,1
IAM,user_id,EMP-10651,1
IAM,user_id,EMP11813,1
IAM,user_id,emp_12541,1
IAM,user_id,11221,1
IAM,user_id,EMP12942,1
IAM,user_id,10389,1
IAM,user_id,EMP 12850,1
IAM,user_id,12488,1
IAM,user_id,10944,1
IAM,user_id,emp_11938,1
IAM,user_id,emp12039,1
IAM,user_id,emp11883,1
IAM,user_id,EMP-12132,1
IAM,user_id,EMP 10248,1
IAM,user_id,11528,1
IAM,user_id,EMP 10414,1
IAM,user_id,emp12449,1
IAM,user_id,emp_10878,1
IAM,user_id,EMP10022,1
IAM,user_id,emp10621,1
IAM,user_id,EMP-10494,1
IAM,user_id,EMP-12755,1
IAM,user_id,emp_12255,1
IAM,user_id,EMP-12152,1
IAM,user_id,EMP12906,1
IAM,user_id,EMP-12830,1
IAM,user_id,emp10874,1
IAM,user_id,EMP-10665,1
IAM,user_id,emp_10588,1
IAM,user_id,emp10163,1
IAM,user_id,10715,1
IAM,user_id,emp10260,1
IAM,user_id,EMP-12880,1
IAM,user_id,11300,1
IAM,user_id,emp_10535,1
IAM,user_id,emp10922,1
IAM,user_id,emp12261,1
IAM,user_id,EMP12374,1
IAM,user_id,EMP11579,1
IAM,user_id,EMP-11874,1
IAM,user_id,EMP 12145,1
IAM,user_id,emp_12641,1
IAM,user_id,11039,1
IAM,user_id,EMP-12929,1
IAM,user_id,11092,1
IAM,user_id,emp_11961,1
IAM,user_id,EMP-11014,1
IAM,user_id,11607,1
IAM,user_id,EMP-12422,1
IAM,user_id,EMP 11466,1
IAM,user_id,EMP12308,1
IAM,user_id,EMP 10984,1
IAM,user_id,emp10854,1
IAM,user_id,EMP12480,1
IAM,user_id,EMP10215,1
IAM,user_id,EMP-11598,1
IAM,user_id,12398,1
IAM,user_id,emp10681,1
IAM,user_id,emp10785,1
IAM,user_id,EMP-12147,1
IAM,user_id,emp_11365,1
IAM,user_id,emp_12087,1
IAM,user_id,12344,1
IAM,user_id,EMP-10485,1
IAM,user_id,emp_10229,1
IAM,user_id,11859,1
IAM,user_id,11110,1
IAM,user_id,emp10942,1
IAM,user_id,EMP 12371,1
IAM,user_id,emp_10101,1
IAM,user_id,12630,1
IAM,user_id,EMP 12904,1
IAM,user_id,11031,1
IAM,user_id,EMP11883,1
IAM,user_id,EMP-12931,1
IAM,user_id,EMP 11130,1
IAM,user_id,EMP-10986,1
IAM,user_id,10630,1
IAM,user_id,11385,1
IAM,user_id,10546,1
IAM,user_id,emp11922,1
IAM,user_id,EMP-11168,1
IAM,user_id,EMP-10683,1
IAM,user_id,11347,1
IAM,user_id,EMP 12340,1
IAM,user_id,emp10651,1
IAM,user_id,EMP-10495,1
IAM,user_id,EMP12024,1
IAM,user_id,emp11940,1
IAM,user_id,EMP 12609,1
IAM,user_id,EMP11959,1
IAM,user_id,EMP12529,1
IAM,user_id,12026,1
IAM,user_id,EMP-12645,1
IAM,user_id,EMP 10859,1
IAM,user_id,EMP 10782,1
IAM,user_id,EMP-10564,1
IAM,user_id,EMP-12028,1
IAM,user_id,EMP 11081,1
IAM,user_id,EMP-12484,1
IAM,user_id,emp12103,1
IAM,user_id,EMP-12532,1
IAM,user_id,EMP-10563,1
IAM,user_id,10372,1
IAM,user_id,EMP-10252,1
IAM,user_id,EMP 12561,1
IAM,user_id,emp11197,1
IAM,user_id,10816,1
IAM,user_id,EMP-11324,1
IAM,user_id,emp_11773,1
IAM,user_id,10622,1
IAM,user_id,EMP 10875,1
IAM,user_id,EMP 12011,1
IAM,user_id,EMP 10299,1
IAM,user_id,EMP 12762,1
IAM,user_id,EMP 11228,1
IAM,user_id,emp11512,1
IAM,user_id,EMP-11779,1
IAM,user_id,emp_11299,1
IAM,user_id,EMP-10517,1
IAM,user_id,EMP-11951,1
IAM,user_id,EMP11588,1
IAM,user_id,emp10144,1
IAM,user_id,12555,1
IAM,user_id,emp10923,1
IAM,user_id,emp12510,1
IAM,user_id,emp12858,1
IAM,user_id,emp10893,1
IAM,user_id,emp11932,1
IAM,user_id,emp12529,1
IAM,user_id,EMP-12321,1
IAM,user_id,emp_10586,1
IAM,user_id,10407,1
IAM,user_id,EMP 11198,1
IAM,user_id,EMP-11736,1
IAM,user_id,emp_10498,1
IAM,user_id,EMP 10611,1
IAM,user_id,emp11834,1
IAM,user_id,10734,1
IAM,user_id,EMP 10094,1
IAM,user_id,EMP 11333,1
IAM,user_id,EMP10549,1
IAM,user_id,EMP-12150,1
IAM,user_id,EMP12266,1
IAM,user_id,EMP 10334,1
IAM,user_id,10750,1
IAM,user_id,EMP-11817,1
IAM,user_id,EMP12801,1
IAM,user_id,EMP-11043,1
IAM,user_id,EMP 12891,1
IAM,user_id,emp_10183,1
IAM,user_id,11552,1
IAM,user_id,emp10965,1
IAM,user_id,EMP 11552,1
IAM,user_id,EMP 10972,1
IAM,user_id,emp12723,1
IAM,user_id,emp12235,1
IAM,user_id,EMP-10697,1
IAM,user_id,emp10913,1
IAM,user_id,EMP 11659,1
IAM,user_id,emp12814,1
IAM,user_id,EMP-10029,1
IAM,user_id,emp_11896,1
IAM,user_id,emp_10551,1
IAM,user_id,10123,1
IAM,user_id,EMP-11786,1
IAM,user_id,emp_10056,1
IAM,user_id,EMP 11201,1
IAM,user_id,EMP 10196,1
IAM,user_id,EMP 11170,1
IAM,user_id,emp10949,1
IAM,user_id,EMP-10920,1
IAM,user_id,emp11215,1
IAM,user_id,emp11043,1
IAM,user_id,EMP 12590,1
IAM,user_id,EMP 10376,1
IAM,user_id,EMP 11327,1
IAM,user_id,emp_11999,1
IAM,user_id,EMP-12898,1
IAM,user_id,EMP 11142,1
IAM,user_id,EMP-10851,1
IAM,user_id,emp_11233,1
IAM,user_id,EMP-12907,1
IAM,user_id,emp11508,1
IAM,user_id,emp_12909,1
IAM,user_id,emp12006,1
IAM,user_id,emp_11475,1
IAM,user_id,EMP-12533,1
IAM,user_id,emp_12178,1
IAM,user_id,emp11815,1
IAM,user_id,EMP 11418,1
IAM,user_id,EMP12232,1
IAM,user_id,emp_10007,1
IAM,user_id,10359,1
IAM,user_id,EMP 12205,1
IAM,user_id,EMP 12599,1
IAM,user_id,EMP11131,1
IAM,user_id,EMP 10120,1
IAM,user_id,EMP 12448,1
IAM,user_id,10566,1
IAM,user_id,emp12047,1
IAM,user_id,EMP-11349,1
IAM,user_id,emp_12343,1
IAM,user_id,EMP-10151,1
IAM,user_id,EMP11980,1
IAM,user_id,EMP10388,1
IAM,user_id,emp12088,1
IAM,user_id,EMP 10264,1
IAM,user_id,EMP 10209,1
IAM,user_id,11245,1
IAM,user_id,EMP-11123,1
IAM,user_id,emp_11605,1
IAM,user_id,emp12274,1
IAM,user_id,EMP-11699,1
IAM,user_id,EMP12329,1
IAM,user_id,emp11652,1
IAM,user_id,EMP-12284,1
IAM,user_id,emp_11340,1
IAM,user_id,emp11647,1
IAM,user_id,10497,1
IAM,user_id,emp11137,1
IAM,user_id,EMP-10132,1
IAM,user_id,EMP12858,1
IAM,user_id,emp_10615,1
IAM,user_id,12796,1
IAM,user_id,EMP11819,1
IAM,user_id,EMP10728,1
IAM,user_id,10962,1
IAM,user_id,emp11263,1
IAM,user_id,emp11024,1
IAM,user_id,EMP 12025,1
IAM,user_id,EMP-11787,1
IAM,user_id,12884,1
IAM,user_id,EMP11506,1
IAM,user_id,10885,1
IAM,user_id,12880,1
IAM,user_id,emp_10697,1
IAM,user_id,emp12072,1
IAM,user_id,EMP-12758,1
IAM,user_id,EMP-11428,1
IAM,user_id,EMP 11882,1
IAM,user_id,emp_11683,1
IAM,user_id,EMP 11430,1
IAM,user_id,EMP 11950,1
IAM,user_id,EMP 11153,1
IAM,user_id,EMP 12213,1
IAM,user_id,emp10172,1
IAM,user_id,10165,1
IAM,user_id,EMP 10198,1
IAM,user_id,10878,1
IAM,user_id,EMP 12837,1
IAM,user_id,EMP 12673,1
IAM,user_id,11803,1
IAM,user_id,EMP-10193,1
IAM,user_id,emp10568,1
IAM,user_id,emp10902,1
IAM,user_id,emp_12171,1
IAM,user_id,EMP 10303,1
IAM,user_id,10431,1
IAM,user_id,EMP-11471,1
IAM,user_id,emp_10959,1
IAM,user_id,EMP 10558,1
IAM,user_id,EMP10759,1
IAM,user_id,EMP-12765,1
IAM,user_id,11314,1
IAM,user_id,EMP-12307,1
IAM,user_id,emp12992,1
IAM,user_id,emp11919,1
IAM,user_id,11088,1
IAM,user_id,11605,1
IAM,user_id,emp11015,1
IAM,user_id,EMP 11384,1
IAM,user_id,emp_11311,1
IAM,user_id,EMP 10562,1
IAM,user_id,10894,1
IAM,user_id,EMP10600,1
IAM,user_id,EMP 11310,1
IAM,user_id,emp_12259,1
IAM,user_id,emp_12803,1
IAM,user_id,EMP 12716,1
IAM,user_id,emp12983,1
IAM,user_id,emp10219,1
IAM,user_id,12005,1
IAM,user_id,emp11588,1
IAM,user_id,emp10972,1
IAM,user_id,emp11123,1
IAM,user_id,emp10489,1
IAM,user_id,11967,1
IAM,user_id,EMP-10549,1
IAM,user_id,EMP 10327,1
IAM,user_id,emp_10585,1
IAM,user_id,EMP-10109,1
IAM,user_id,emp_10206,1
IAM,user_id,EMP-10909,1
IAM,user_id,emp10937,1
IAM,user_id,emp10256,1
IAM,user_id,emp11897,1
IAM,user_id,EMP12847,1
IAM,user_id,EMP-10201,1
IAM,user_id,EMP 10630,1
IAM,user_id,EMP12715,1
IAM,user_id,EMP11842,1
IAM,user_id,emp10387,1
IAM,user_id,10827,1
IAM,user_id,EMP 11645,1
IAM,user_id,10742,1
IAM,user_id,EMP 10202,1
IAM,user_id,emp_12193,1
IAM,user_id,10658,1
IAM,user_id,EMP 11658,1
IAM,user_id,EMP-11762,1
IAM,user_id,EMP11548,1
IAM,user_id,EMP-11319,1
IAM,user_id,EMP-12943,1
IAM,user_id,12041,1
IAM,user_id,10966,1
IAM,user_id,emp10050,1
IAM,user_id,EMP 12902,1
IAM,user_id,EMP-12685,1
IAM,user_id,EMP 11770,1
IAM,user_id,EMP-10521,1
IAM,user_id,11036,1
IAM,user_id,EMP-12835,1
IAM,user_id,emp10269,1
IAM,user_id,EMP10384,1
IAM,user_id,EMP11721,1
IAM,user_id,12271,1
IAM,user_id,12371,1
IAM,user_id,emp10005,1
IAM,user_id,EMP 10116,1
IAM,user_id,EMP 11719,1
IAM,user_id,emp_12398,1
IAM,user_id,10043,1
IAM,user_id,emp_10852,1
IAM,user_id,12140,1
IAM,user_id,emp10301,1
IAM,user_id,emp11947,1
IAM,user_id,EMP 11205,1
IAM,user_id,emp_12125,1
IAM,user_id,11408,1
IAM,user_id,EMP-12630,1
IAM,user_id,EMP-10459,1
IAM,user_id,emp12879,1
IAM,user_id,EMP 10019,1
IAM,user_id,emp_12919,1
IAM,user_id,EMP 12302,1
IAM,user_id,EMP 10811,1
IAM,user_id,12802,1
IAM,user_id,emp_10198,1
IAM,user_id,EMP-11031,1
IAM,user_id,EMP-12135,1
IAM,user_id,EMP 10965,1
IAM,user_id,EMP 11374,1
IAM,user_id,emp_10632,1
IAM,user_id,emp_11371,1
IAM,user_id,EMP 11358,1
IAM,user_id,emp_10714,1
IAM,user_id,emp12240,1
IAM,user_id,EMP 10235,1
IAM,user_id,EMP 12889,1
IAM,user_id,EMP 10693,1
IAM,user_id,10224,1
IAM,user_id,EMP-12231,1
IAM,user_id,EMP 11844,1
IAM,user_id,emp10499,1
IAM,user_id,emp10420,1
IAM,user_id,11522,1
IAM,user_id,10028,1
IAM,user_id,EMP12803,1
IAM,user_id,EMP-11254,1
IAM,user_id,emp_10936,1
IAM,user_id,emp11325,1
IAM,user_id,12133,1
IAM,user_id,emp_11144,1
IAM,user_id,EMP11700,1
IAM,user_id,12664,1
IAM,user_id,EMP 11312,1
IAM,user_id,EMP-10114,1
IAM,user_id,10777,1
IAM,user_id,emp_11514,1
IAM,user_id,EMP-11173,1
IAM,user_id,EMP-10142,1
IAM,user_id,EMP 12444,1
IAM,user_id,12260,1
IAM,user_id,emp_11276,1
IAM,user_id,emp11449,1
IAM,user_id,emp_12336,1
IAM,user_id,EMP 11429,1
IAM,user_id,EMP11943,1
IAM,user_id,10641,1
IAM,user_id,emp_12755,1
IAM,user_id,EMP-11379,1
IAM,user_id,emp_10167,1
IAM,user_id,emp11478,1
IAM,user_id,11505,1
IAM,user_id,10031,1
IAM,user_id,emp_11085,1
IAM,user_id,EMP-12959,1
IAM,user_id,emp12063,1
IAM,user_id,11075,1
IAM,user_id,emp_12964,1
IAM,user_id,11044,1
IAM,user_id,emp_11442,1
IAM,user_id,11507,1
IAM,user_id,emp12989,1
IAM,user_id,emp11453,1
IAM,user_id,EMP12082,1
IAM,user_id,EMP 10455,1
IAM,user_id,EMP10429,1
IAM,user_id,EMP 11650,1
IAM,user_id,emp10249,1
IAM,user_id,EMP12804,1
IAM,user_id,emp_12993,1
IAM,user_id,EMP 12719,1
IAM,user_id,10045,1
IAM,user_id,12986,1
IAM,user_id,12490,1
IAM,user_id,12289,1
IAM,user_id,emp10569,1
IAM,user_id,11877,1
IAM,user_id,EMP12898,1
IAM,user_id,11878,1
IAM,user_id,emp10544,1
IAM,user_id,10411,1
IAM,user_id,11820,1
IAM,user_id,EMP11207,1
IAM,user_id,12057,1
IAM,user_id,EMP 10966,1
IAM,user_id,emp10676,1
IAM,user_id,EMP 11442,1
IAM,user_id,EMP11652,1
IAM,user_id,EMP 11156,1
IAM,user_id,emp_12941,1
IAM,user_id,emp_11647,1
IAM,user_id,emp_10454,1
IAM,user_id,10862,1
IAM,user_id,EMP-10269,1
IAM,user_id,10040,1
IAM,user_id,11546,1
IAM,user_id,EMP 10043,1
IAM,user_id,emp11753,1
IAM,user_id,emp_11937,1
IAM,user_id,EMP-11905,1
IAM,user_id,emp_10642,1
IAM,user_id,emp_10947,1
IAM,user_id,EMP-11070,1
IAM,user_id,EMP-11189,1
IAM,user_id,EMP-12948,1
IAM,user_id,EMP-11549,1
IAM,user_id,11504,1
IAM,user_id,EMP10896,1
IAM,user_id,EMP-12863,1
IAM,user_id,EMP 12852,1
IAM,user_id,12533,1
IAM,user_id,EMP-11958,1
IAM,user_id,EMP 12571,1
IAM,user_id,EMP 11095,1
IAM,user_id,EMP11527,1
IAM,user_id,emp_12440,1
IAM,user_id,12134,1
IAM,user_id,emp_12910,1
IAM,user_id,EMP-10626,1
IAM,user_id,10099,1
IAM,user_id,emp12830,1
IAM,user_id,emp_12235,1
IAM,user_id,EMP 10339,1
IAM,user_id,emp11057,1
IAM,user_id,EMP-10143,1
IAM,user_id,EMP12362,1
IAM,user_id,emp10159,1
IAM,user_id,emp10390,1
IAM,user_id,emp_12317,1
IAM,user_id,EMP-10591,1
IAM,user_id,EMP12079,1
IAM,user_id,emp11255,1
IAM,user_id,10643,1
IAM,user_id,EMP-10021,1
IAM,user_id,11460,1
IAM,user_id,11278,1
IAM,user_id,emp10225,1
IAM,user_id,10288,1
IAM,user_id,EMP-11929,1
IAM,user_id,EMP 11700,1
IAM,user_id,emp_11109,1
IAM,user_id,12126,1
IAM,user_id,EMP 11911,1
IAM,user_id,emp12127,1
IAM,user_id,EMP 12865,1
IAM,user_id,emp_10051,1
IAM,user_id,11809,1
IAM,user_id,10089,1
IAM,user_id,EMP 11784,1
IAM,user_id,12789,1
IAM,user_id,emp_12994,1
IAM,user_id,12752,1
IAM,user_id,12379,1
IAM,user_id,EMP 10616,1
IAM,user_id,emp_12796,1
IAM,user_id,10810,1
IAM,user_id,EMP 12545,1
IAM,user_id,emp11183,1
IAM,user_id,emp_11865,1
IAM,user_id,EMP-10973,1
IAM,user_id,emp12822,1
IAM,user_id,10088,1
IAM,user_id,EMP 10594,1
IAM,user_id,EMP 11953,1
IAM,user_id,EMP-10034,1
IAM,user_id,EMP11836,1
IAM,user_id,emp10106,1
IAM,user_id,EMP-12493,1
IAM,user_id,EMP-12704,1
IAM,user_id,EMP 12063,1
IAM,user_id,EMP 10091,1
IAM,user_id,EMP-12058,1
IAM,user_id,EMP 12330,1
IAM,user_id,EMP-10807,1
IAM,user_id,10527,1
IAM,user_id,11296,1
IAM,user_id,emp_12790,1
IAM,user_id,11743,1
IAM,user_id,EMP-12639,1
IAM,user_id,emp10300,1
IAM,user_id,EMP 11348,1
IAM,user_id,emp11033,1
IAM,user_id,EMP 10945,1
IAM,user_id,12237,1
IAM,user_id,emp_12465,1
IAM,user_id,emp12811,1
IAM,user_id,EMP-10610,1
IAM,user_id,EMP-11621,1
IAM,user_id,emp_11440,1
IAM,user_id,EMP 11998,1
IAM,user_id,emp12631,1
IAM,user_id,EMP 12848,1
IAM,user_id,EMP-11285,1
IAM,user_id,EMP 10180,1
IAM,user_id,11250,1
IAM,user_id,EMP11849,1
IAM,user_id,emp12256,1
IAM,user_id,11308,1
IAM,user_id,emp_11785,1
IAM,user_id,emp_11255,1
IAM,user_id,EMP 12915,1
IAM,user_id,EMP10258,1
IAM,user_id,EMP11553,1
IAM,user_id,EMP12411,1
IAM,user_id,EMP-10383,1
IAM,user_id,emp12799,1
IAM,user_id,EMP-11416,1
IAM,user_id,EMP-10896,1
IAM,user_id,11838,1
IAM,user_id,emp_11530,1
IAM,user_id,emp_11017,1
IAM,user_id,emp11546,1
IAM,user_id,emp_11899,1
IAM,user_id,EMP 11894,1
IAM,user_id,emp12033,1
IAM,user_id,emp_11357,1
IAM,user_id,emp11313,1
IAM,user_id,EMP 12531,1
IAM,user_id,EMP11242,1
IAM,user_id,EMP 10059,1
IAM,user_id,emp_10116,1
IAM,user_id,10054,1
IAM,user_id,11749,1
IAM,user_id,12696,1
IAM,user_id,EMP-12388,1
IAM,user_id,EMP-10088,1
IAM,user_id,emp12001,1
IAM,user_id,emp_11267,1
IAM,user_id,11473,1
IAM,user_id,emp12727,1
IAM,user_id,emp_12110,1
IAM,user_id,EMP 10040,1
IAM,user_id,EMP 10739,1
IAM,user_id,emp_11105,1
IAM,user_id,12316,1
IAM,user_id,emp12048,1
IAM,user_id,EMP 11436,1
IAM,user_id,11833,1
IAM,user_id,12755,1
IAM,user_id,emp12312,1
IAM,user_id,EMP-11405,1
IAM,user_id,emp10034,1
IAM,user_id,12400,1
IAM,user_id,emp_10957,1
IAM,user_id,EMP10065,1
IAM,user_id,EMP-11506,1
IAM,user_id,EMP 11191,1
IAM,user_id,emp12304,1
IAM,user_id,emp_11680,1
IAM,user_id,emp11785,1
IAM,user_id,emp_12585,1
IAM,user_id,EMP-11198,1
IAM,user_id,emp11203,1
IAM,user_id,EMP12871,1
IAM,user_id,11380,1
IAM,user_id,emp10871,1
IAM,user_id,EMP-11078,1
IAM,user_id,10956,1
IAM,user_id,emp_10169,1
IAM,user_id,emp12593,1
IAM,user_id,10608,1
IAM,user_id,emp_10757,1
IAM,user_id,EMP-11420,1
IAM,user_id,emp12753,1
IAM,user_id,10550,1
IAM,user_id,10217,1
IAM,user_id,EMP-11626,1
IAM,user_id,emp_10760,1
IAM,user_id,emp12413,1
IAM,user_id,EMP 12351,1
IAM,user_id,emp11625,1
IAM,user_id,emp11934,1
IAM,user_id,emp10539,1
IAM,user_id,EMP 10095,1
IAM,user_id,EMP 10219,1
IAM,user_id,EMP 11986,1
IAM,user_id,emp11793,1
IAM,user_id,EMP10878,1
IAM,user_id,EMP12265,1
IAM,user_id,emp_10578,1
IAM,user_id,EMP 11262,1
IAM,user_id,EMP 12822,1
IAM,user_id,EMP 10815,1
IAM,user_id,emp11221,1
IAM,user_id,EMP-11657,1
IAM,user_id,EMP-10250,1
IAM,user_id,EMP-11423,1
IAM,user_id,emp_11521,1
IAM,user_id,emp11337,1
IAM,user_id,emp11700,1
IAM,user_id,EMP-10650,1
IAM,user_id,emp_11240,1
IAM,user_id,11996,1
IAM,user_id,EMP-11909,1
IAM,user_id,EMP 10016,1
IAM,user_id,emp_10132,1
IAM,user_id,EMP-12410,1
IAM,user_id,emp_12482,1
IAM,user_id,emp10789,1
IAM,user_id,EMP10495,1
IAM,user_id,EMP-10585,1
IAM,user_id,12046,1
IAM,user_id,11926,1
IAM,user_id,emp10405,1
IAM,user_id,emp12513,1
IAM,user_id,EMP-12598,1
IAM,user_id,EMP-11017,1
IAM,user_id,EMP-10522,1
IAM,user_id,EMP-10355,1
IAM,user_id,EMP 12930,1
IAM,user_id,EMP-10184,1
IAM,user_id,EMP 12513,1
IAM,user_id,10444,1
IAM,user_id,10879,1
IAM,user_id,EMP-12582,1
IAM,user_id,EMP11145,1
IAM,user_id,EMP 10733,1
IAM,user_id,EMP12071,1
IAM,user_id,EMP11590,1
IAM,user_id,EMP 10672,1
IAM,user_id,EMP 11689,1
IAM,user_id,EMP11240,1
IAM,user_id,EMP 10154,1
IAM,user_id,EMP12033,1
IAM,user_id,emp11646,1
IAM,user_id,emp_12712,1
IAM,user_id,EMP10694,1
IAM,user_id,EMP 11398,1
IAM,user_id,EMP-10051,1
IAM,user_id,EMP-11944,1
IAM,user_id,EMP12884,1
IAM,user_id,emp_11711,1
IAM,user_id,EMP10178,1
IAM,user_id,emp11034,1
IAM,user_id,emp_11372,1
IAM,user_id,EMP-10622,1
IAM,user_id,EMP-10207,1
IAM,user_id,EMP 12833,1
IAM,user_id,emp11714,1
IAM,user_id,emp_10355,1
IAM,user_id,12923,1
IAM,user_id,EMP-12559,1
IAM,user_id,EMP-11221,1
IAM,user_id,10571,1
IAM,user_id,10673,1
IAM,user_id,EMP-10496,1
IAM,user_id,emp_12905,1
IAM,user_id,12032,1
IAM,user_id,emp_12100,1
IAM,user_id,EMP 11504,1
IAM,user_id,emp12878,1
IAM,user_id,emp_11177,1
IAM,user_id,emp_10834,1
IAM,user_id,emp10350,1
IAM,user_id,EMP 10698,1
IAM,user_id,EMP-10594,1
IAM,user_id,10311,1
IAM,user_id,emp11650,1
IAM,user_id,emp12434,1
IAM,user_id,EMP 10177,1
IAM,user_id,EMP-11558,1
IAM,user_id,emp12846,1
IAM,user_id,emp12780,1
IAM,user_id,EMP-12571,1
IAM,user_id,emp_12209,1
IAM,user_id,emp_12949,1
IAM,user_id,emp_12251,1
IAM,user_id,EMP-10675,1
IAM,user_id,12321,1
IAM,user_id,EMP-11798,1
IAM,user_id,emp_12341,1
IAM,user_id,11907,1
IAM,user_id,10649,1
IAM,user_id,EMP-10443,1
IAM,user_id,emp10069,1
IAM,user_id,EMP 11372,1
IAM,user_id,emp11962,1
IAM,user_id,12047,1
IAM,user_id,EMP 12294,1
IAM,user_id,10174,1
IAM,user_id,emp11025,1
IAM,user_id,EMP-10445,1
IAM,user_id,EMP-11208,1
IAM,user_id,EMP-12092,1
IAM,user_id,emp11285,1
IAM,user_id,emp12538,1
IAM,user_id,EMP12448,1
IAM,user_id,EMP 11456,1
IAM,user_id,12950,1
IAM,user_id,EMP 10224,1
IAM,user_id,EMP 10504,1
IAM,user_id,11344,1
IAM,user_id,12782,1
IAM,user_id,EMP10967,1
IAM,user_id,EMP-11150,1
IAM,user_id,EMP 12485,1
IAM,user_id,11620,1
IAM,user_id,emp12873,1
IAM,user_id,11677,1
IAM,user_id,11142,1
IAM,user_id,emp_12147,1
IAM,user_id,11888,1
IAM,user_id,EMP 11444,1
IAM,user_id,11217,1
IAM,user_id,EMP-12482,1
IAM,user_id,emp12415,1
IAM,user_id,EMP 10579,1
IAM,user_id,emp10306,1
IAM,user_id,EMP12825,1
IAM,user_id,emp12140,1
IAM,user_id,emp11199,1
IAM,user_id,EMP 11876,1
IAM,user_id,emp10064,1
IAM,user_id,emp_10037,1
IAM,user_id,emp12365,1
IAM,user_id,emp_12782,1
IAM,user_id,emp12714,1
IAM,user_id,EMP 12338,1
IAM,user_id,11565,1
IAM,user_id,EMP-12428,1
IAM,user_id,emp12477,1
IAM,user_id,EMP 11414,1
IAM,user_id,emp11694,1
IAM,user_id,EMP-12112,1
IAM,user_id,emp_10983,1
IAM,user_id,emp_12424,1
IAM,user_id,emp_10539,1
IAM,user_id,EMP-11141,1
IAM,user_id,emp_10685,1
IAM,user_id,emp11533,1
IAM,user_id,EMP 12918,1
IAM,user_id,11162,1
IAM,user_id,EMP 11484,1
IAM,user_id,11952,1
IAM,user_id,emp11841,1
IAM,user_id,emp_11408,1
IAM,user_id,emp11281,1
IAM,user_id,EMP-12735,1
IAM,user_id,emp10160,1
IAM,user_id,emp_10457,1
IAM,user_id,EMP12988,1
IAM,user_id,11146,1
IAM,user_id,EMP 12688,1
IAM,user_id,10115,1
IAM,user_id,EMP10270,1
IAM,user_id,12368,1
IAM,user_id,12258,1
IAM,user_id,EMP-10723,1
IAM,user_id,EMP 10324,1
IAM,user_id,emp10271,1
IAM,user_id,EMP10493,1
IAM,user_id,emp10525,1
IAM,user_id,emp10088,1
IAM,user_id,emp10382,1
IAM,user_id,12896,1
IAM,user_id,EMP 11378,1
IAM,user_id,12642,1
IAM,user_id,emp_12128,1
IAM,user_id,EMP-12236,1
IAM,user_id,emp_10450,1
IAM,user_id,EMP12298,1
IAM,user_id,EMP 11056,1
IAM,user_id,EMP 10025,1
IAM,user_id,emp_12329,1
IAM,user_id,EMP10015,1
IAM,user_id,EMP 11152,1
IAM,user_id,EMP10604,1
IAM,user_id,10802,1
IAM,user_id,EMP 11066,1
IAM,user_id,12182,1
IAM,user_id,emp11219,1
IAM,user_id,emp10474,1
IAM,user_id,EMP-12916,1
IAM,user_id,12284,1
IAM,user_id,EMP10965,1
IAM,user_id,10793,1
IAM,user_id,emp_10581,1
IAM,user_id,EMP11960,1
IAM,user_id,emp_11648,1
IAM,user_id,11632,1
IAM,user_id,EMP 11258,1
IAM,user_id,11377,1
IAM,user_id,EMP 10501,1
IAM,user_id,EMP 10681,1
IAM,user_id,EMP-12469,1
IAM,user_id,emp10170,1
IAM,user_id,emp11800,1
IAM,user_id,EMP-10817,1
IAM,user_id,EMP 12960,1
IAM,user_id,EMP 12439,1
IAM,user_id,EMP11448,1
IAM,user_id,EMP11617,1
IAM,user_id,emp11098,1
IAM,user_id,EMP-11124,1
IAM,user_id,10059,1
IAM,user_id,emp_11715,1
IAM,user_id,emp11320,1
IAM,user_id,emp_11114,1
IAM,user_id,EMP-11821,1
IAM,user_id,11644,1
IAM,user_id,emp12686,1
IAM,user_id,emp_12152,1
IAM,user_id,emp_12030,1
IAM,user_id,emp12401,1
IAM,user_id,emp_12361,1
IAM,user_id,12123,1
IAM,user_id,10352,1
IAM,user_id,10669,1
IAM,user_id,10107,1
IAM,user_id,EMP 11855,1
IAM,user_id,emp12138,1
IAM,user_id,emp_12947,1
IAM,user_id,EMP 12530,1
IAM,user_id,emp10670,1
IAM,user_id,emp_10505,1
IAM,user_id,EMP-11388,1
IAM,user_id,EMP11767,1
IAM,user_id,EMP 11117,1
IAM,user_id,EMP 12194,1
IAM,user_id,emp_12629,1
IAM,user_id,10725,1
IAM,user_id,emp_12471,1
IAM,user_id,11862,1
IAM,user_id,emp_11988,1
IAM,user_id,emp12044,1
IAM,user_id,emp10633,1
IAM,user_id,emp_11220,1
IAM,user_id,emp10866,1
IAM,user_id,EMP-11088,1
IAM,user_id,EMP-10398,1
IAM,user_id,EMP 11795,1
IAM,user_id,EMP 10973,1
IAM,user_id,12374,1
IAM,user_id,emp11756,1
IAM,user_id,12760,1
IAM,user_id,EMP 10024,1
IAM,user_id,emp_12252,1
IAM,user_id,10839,1
IAM,user_id,EMP-12457,1
IAM,user_id,emp_11967,1
IAM,user_id,EMP-11828,1
IAM,user_id,EMP-10278,1
IAM,user_id,EMP 10555,1
IAM,user_id,EMP11952,1
IAM,user_id,EMP-10326,1
IAM,user_id,10464,1
IAM,user_id,10490,1
IAM,user_id,emp11895,1
IAM,user_id,12956,1
IAM,user_id,EMP 11283,1
IAM,user_id,EMP 11209,1
IAM,user_id,emp_10818,1
IAM,user_id,emp11317,1
IAM,user_id,emp12988,1
IAM,user_id,EMP10009,1
IAM,user_id,EMP 11942,1
IAM,user_id,EMP-10161,1
IAM,user_id,12223,1
IAM,user_id,12925,1
IAM,user_id,EMP-12376,1
IAM,user_id,emp11347,1
IAM,user_id,12622,1
IAM,user_id,emp10266,1
IAM,user_id,EMP-12616,1
IAM,user_id,EMP-11361,1
IAM,user_id,EMP 10679,1
IAM,user_id,emp_11204,1
IAM,user_id,EMP 11052,1
IAM,user_id,emp_10446,1
IAM,user_id,emp12933,1
IAM,user_id,emp_10899,1
IAM,user_id,emp_12413,1
IAM,user_id,EMP 11615,1
IAM,user_id,EMP12426,1
IAM,user_id,emp10058,1
IAM,user_id,EMP-11505,1
IAM,user_id,emp_10656,1
IAM,user_id,EMP-10944,1
IAM,user_id,12152,1
IAM,user_id,12291,1
IAM,user_id,emp10504,1
IAM,user_id,EMP-12892,1
IAM,user_id,EMP 11867,1
IAM,user_id,11293,1
IAM,user_id,EMP-12665,1
IAM,user_id,EMP 11214,1
IAM,user_id,EMP-10226,1
IAM,user_id,EMP11113,1
IAM,user_id,emp_10020,1
IAM,user_id,EMP-12076,1
IAM,user_id,EMP-12449,1
IAM,user_id,emp_10628,1
IAM,user_id,emp_11147,1
IAM,user_id,11655,1
IAM,user_id,emp_12980,1
IAM,user_id,emp11232,1
IAM,user_id,EMP-12624,1
IAM,user_id,EMP-12103,1
IAM,user_id,EMP12434,1
IAM,user_id,EMP11659,1
IAM,user_id,EMP 12203,1
IAM,user_id,emp_11543,1
IAM,user_id,emp_12202,1
IAM,user_id,EMP-10859,1
IAM,user_id,EMP 11981,1
IAM,user_id,10516,1
IAM,user_id,EMP 11928,1
IAM,user_id,EMP 12670,1
IAM,user_id,emp11928,1
IAM,user_id,11183,1
IAM,user_id,EMP 12305,1
IAM,user_id,emp_12293,1
IAM,user_id,EMP 10274,1
IAM,user_id,emp_12731,1
IAM,user_id,EMP11885,1
IAM,user_id,12519,1
IAM,user_id,emp12832,1
IAM,user_id,EMP-12381,1
IAM,user_id,EMP-10783,1
IAM,user_id,EMP 12012,1
IAM,user_id,EMP-11308,1
IAM,user_id,EMP-12227,1
IAM,user_id,emp11139,1
IAM,user_id,12360,1
IAM,user_id,10696,1
IAM,user_id,emp_10199,1
IAM,user_id,EMP12701,1
IAM,user_id,EMP-12506,1
IAM,user_id,emp12172,1
IAM,user_id,emp12621,1
IAM,user_id,EMP-11777,1
IAM,user_id,11693,1
IAM,user_id,EMP-11495,1
IAM,user_id,emp_10307,1
IAM,user_id,EMP-10386,1
IAM,user_id,EMP 11476,1
IAM,user_id,11975,1
IAM,user_id,EMP12934,1
IAM,user_id,EMP 12707,1
IAM,user_id,11277,1
IAM,user_id,EMP-10410,1
IAM,user_id,emp_12787,1
IAM,user_id,emp_10506,1
IAM,user_id,emp12889,1
IAM,user_id,emp_12795,1
IAM,user_id,emp12648,1
IAM,user_id,EMP-11710,1
IAM,user_id,12726,1
IAM,user_id,emp12630,1
IAM,user_id,EMP 11740,1
IAM,user_id,emp_10282,1
IAM,user_id,emp_12819,1
IAM,user_id,emp_11722,1
IAM,user_id,10306,1
IAM,user_id,10413,1
IAM,user_id,emp10807,1
IAM,user_id,EMP-11122,1
IAM,user_id,10284,1
IAM,user_id,EMP10018,1
IAM,user_id,emp10029,1
IAM,user_id,emp10056,1
IAM,user_id,emp12130,1
IAM,user_id,10678,1
IAM,user_id,emp_10295,1
IAM,user_id,EMP 10728,1
IAM,user_id,EMP10716,1
IAM,user_id,EMP-11467,1
IAM,user_id,emp10989,1
IAM,user_id,EMP 11131,1
IAM,user_id,EMP 12260,1
IAM,user_id,emp11964,1
IAM,user_id,emp_11674,1
IAM,user_id,EMP-11041,1
IAM,user_id,EMP-12595,1
IAM,user_id,EMP-12791,1
IAM,user_id,EMP-10613,1
IAM,user_id,emp12964,1
IAM,user_id,EMP 12083,1
IAM,user_id,EMP10562,1
IAM,user_id,emp10536,1
IAM,user_id,emp_12475,1
IAM,user_id,emp12941,1
IAM,user_id,11960,1
IAM,user_id,11932,1
IAM,user_id,EMP-10931,1
IAM,user_id,EMP 12052,1
IAM,user_id,EMP 11368,1
IAM,user_id,emp_11734,1
IAM,user_id,12297,1
IAM,user_id,12600,1
IAM,user_id,EMP-12172,1
IAM,user_id,emp_12907,1
IAM,user_id,EMP12509,1
IAM,user_id,11900,1
IAM,user_id,EMP-10704,1
IAM,user_id,EMP10201,1
IAM,user_id,12340,1
IAM,user_id,emp11864,1
IAM,user_id,emp_10866,1
IAM,user_id,emp12724,1
IAM,user_id,12373,1
IAM,user_id,emp_10580,1
IAM,user_id,EMP 12185,1
IAM,user_id,emp_11034,1
IAM,user_id,EMP 11392,1
IAM,user_id,EMP 10160,1
IAM,user_id,EMP 10925,1
IAM,user_id,EMP 11823,1
IAM,user_id,emp_12459,1
IAM,user_id,EMP 12985,1
IAM,user_id,emp_12908,1
IAM,user_id,EMP-10565,1
IAM,user_id,EMP 12964,1
IAM,user_id,EMP 10118,1
IAM,user_id,10535,1
IAM,user_id,EMP10259,1
IAM,user_id,12694,1
IAM,user_id,EMP10530,1
IAM,user_id,emp11062,1
IAM,user_id,EMP-10253,1
IAM,user_id,emp_12950,1
IAM,user_id,emp10741,1
IAM,user_id,EMP-11959,1
IAM,user_id,EMP 12400,1
IAM,user_id,emp11125,1
IAM,user_id,10396,1
IAM,user_id,EMP-11750,1
IAM,user_id,EMP-12884,1
IAM,user_id,EMP 10473,1
IAM,user_id,EMP12910,1
IAM,user_id,EMP 11908,1
IAM,user_id,emp11301,1
IAM,user_id,EMP 10372,1
IAM,user_id,12512,1
IAM,user_id,emp11604,1
IAM,user_id,EMP10934,1
IAM,user_id,EMP-10013,1
IAM,user_id,EMP 10671,1
IAM,user_id,11265,1
IAM,user_id,10615,1
IAM,user_id,12024,1
IAM,user_id,EMP 10891,1
IAM,user_id,10342,1
IAM,user_id,EMP-10877,1
IAM,user_id,emp_11111,1
IAM,user_id,EMP 10038,1
IAM,user_id,EMP-10325,1
IAM,user_id,EMP10631,1
IAM,user_id,emp_12667,1
IAM,user_id,12314,1
IAM,user_id,EMP 12953,1
IAM,user_id,emp10970,1
IAM,user_id,12190,1
IAM,user_id,EMP10521,1
IAM,user_id,emp12272,1
IAM,user_id,EMP 11282,1
IAM,user_id,EMP-11671,1
IAM,user_id,emp_10187,1
IAM,user_id,emp_10443,1
IAM,user_id,emp10184,1
IAM,user_id,11472,1
IAM,user_id,11957,1
IAM,user_id,emp_12383,1
IAM,user_id,emp_12689,1
IAM,user_id,10841,1
IAM,user_id,EMP11236,1
IAM,user_id,EMP 12731,1
IAM,user_id,EMP 12702,1
IAM,user_id,EMP 10994,1
IAM,user_id,EMP12261,1
IAM,user_id,emp_10888,1
IAM,user_id,EMP 10485,1
IAM,user_id,emp_10485,1
IAM,user_id,EMP10981,1
IAM,user_id,EMP-12970,1
IAM,user_id,emp_10786,1
IAM,user_id,emp_11062,1
IAM,user_id,emp11063,1
IAM,user_id,EMP-12550,1
IAM,user_id,EMP 11748,1
IAM,user_id,emp_10400,1
IAM,user_id,10156,1
IAM,user_id,EMP12629,1
IAM,user_id,emp12605,1
IAM,user_id,EMP-10428,1
IAM,user_id,EMP10397,1
IAM,user_id,EMP11168,1
IAM,user_id,EMP 10348,1
IAM,user_id,EMP 10343,1
IAM,user_id,10443,1
IAM,user_id,EMP 10062,1
IAM,user_id,EMP11983,1
IAM,user_id,emp_10396,1
IAM,user_id,EMP-10856,1
IAM,user_id,EMP12074,1
IAM,user_id,12703,1
IAM,user_id,emp_10041,1
IAM,user_id,EMP-11825,1
IAM,user_id,12772,1
IAM,user_id,11599,1
IAM,user_id,EMP-10827,1
IAM,user_id,EMP12883,1
IAM,user_id,emp_12157,1
IAM,user_id,emp_12961,1
IAM,user_id,EMP-12903,1
IAM,user_id,EMP 11999,1
IAM,user_id,EMP 12462,1
IAM,user_id,emp_11950,1
IAM,user_id,11891,1
IAM,user_id,EMP 10417,1
IAM,user_id,EMP 11123,1
IAM,user_id,emp10909,1
IAM,user_id,12261,1
IAM,user_id,EMP-10293,1
IAM,user_id,emp_10893,1
IAM,user_id,emp10103,1
IAM,user_id,emp_11502,1
IAM,user_id,EMP 12452,1
IAM,user_id,EMP 12201,1
IAM,user_id,EMP 10426,1
IAM,user_id,12455,1
IAM,user_id,emp_10872,1
IAM,user_id,emp_10113,1
IAM,user_id,EMP-10246,1
IAM,user_id,EMP 11002,1
IAM,user_id,emp10183,1
IAM,user_id,EMP-11659,1
IAM,user_id,EMP-11608,1
IAM,user_id,emp_10726,1
IAM,user_id,10476,1
IAM,user_id,EMP 10935,1
IAM,user_id,12276,1
IAM,user_id,EMP 10627,1
IAM,user_id,emp_12558,1
IAM,user_id,emp12299,1
IAM,user_id,EMP-12311,1
IAM,user_id,11252,1
IAM,user_id,emp_11837,1
IAM,user_id,emp12405,1
IAM,user_id,EMP 12597,1
IAM,user_id,EMP-11567,1
IAM,user_id,10230,1
IAM,user_id,emp_12269,1
IAM,user_id,EMP12054,1
IAM,user_id,EMP-12757,1
IAM,user_id,emp11448,1
IAM,user_id,emp11566,1
IAM,user_id,EMP-11865,1
IAM,user_id,EMP-10958,1
IAM,user_id,emp_12892,1
IAM,user_id,12521,1
IAM,user_id,EMP10003,1
IAM,user_id,emp_12622,1
IAM,user_id,emp_12736,1
IAM,user_id,emp10325,1
IAM,user_id,emp12008,1
IAM,user_id,emp_11116,1
IAM,user_id,12282,1
IAM,user_id,12017,1
IAM,user_id,EMP 12760,1
IAM,user_id,12376,1
IAM,user_id,EMP12240,1
IAM,user_id,11984,1
IAM,user_id,emp10631,1
IAM,user_id,EMP-11916,1
IAM,user_id,EMP-12573,1
IAM,user_id,EMP-11948,1
IAM,user_id,10633,1
IAM,user_id,emp_12066,1
IAM,user_id,EMP-12085,1
IAM,user_id,EMP-12447,1
IAM,user_id,EMP-10418,1
IAM,user_id,emp_10237,1
IAM,user_id,emp11450,1
IAM,user_id,EMP-12163,1
IAM,user_id,EMP 12845,1
IAM,user_id,EMP-12255,1
IAM,user_id,11469,1
IAM,user_id,EMP11879,1
IAM,user_id,emp_10297,1
IAM,user_id,EMP 10096,1
IAM,user_id,emp_12348,1
IAM,user_id,EMP-11429,1
IAM,user_id,12620,1
IAM,user_id,emp10835,1
IAM,user_id,EMP 10952,1
IAM,user_id,12225,1
IAM,user_id,emp_12702,1
IAM,user_id,emp_10099,1
IAM,user_id,12503,1
IAM,user_id,10313,1
IAM,user_id,emp12109,1
IAM,user_id,emp12251,1
IAM,user_id,emp_11227,1
IAM,user_id,EMP-10017,1
IAM,user_id,emp11948,1
IAM,user_id,emp_11619,1
IAM,user_id,EMP 12591,1
IAM,user_id,10335,1
IAM,user_id,EMP10773,1
IAM,user_id,emp_11720,1
IAM,user_id,emp_12499,1
IAM,user_id,emp12699,1
IAM,user_id,EMP-11993,1
IAM,user_id,EMP12043,1
IAM,user_id,EMP-10617,1
IAM,user_id,emp12694,1
IAM,user_id,11222,1
IAM,user_id,emp_12093,1
IAM,user_id,EMP-10813,1
IAM,user_id,EMP-12389,1
IAM,user_id,EMP 10709,1
IAM,user_id,EMP 11581,1
IAM,user_id,EMP 11408,1
IAM,user_id,emp12356,1
IAM,user_id,EMP 12824,1
IAM,user_id,EMP-10275,1
IAM,user_id,EMP-11776,1
IAM,user_id,EMP-12629,1
IAM,user_id,EMP 11687,1
IAM,user_id,EMP 10391,1
IAM,user_id,EMP-10141,1
IAM,user_id,emp11788,1
IAM,user_id,emp_10262,1
IAM,user_id,EMP12614,1
IAM,user_id,EMP 11585,1
IAM,user_id,12020,1
IAM,user_id,emp10877,1
IAM,user_id,emp12550,1
IAM,user_id,EMP-12687,1
IAM,user_id,EMP-11609,1
IAM,user_id,emp_11410,1
IAM,user_id,emp_12139,1
IAM,user_id,emp_11021,1
IAM,user_id,11945,1
IAM,user_id,emp_10667,1
IAM,user_id,emp_12668,1
IAM,user_id,11051,1
IAM,user_id,10703,1
IAM,user_id,EMP 10998,1
IAM,user_id,EMP11780,1
IAM,user_id,EMP11260,1
IAM,user_id,emp_11628,1
IAM,user_id,emp_11011,1
IAM,user_id,EMP 12050,1
IAM,user_id,emp12301,1
IAM,user_id,EMP 10809,1
IAM,user_id,emp12275,1
IAM,user_id,EMP 10263,1
IAM,user_id,emp10354,1
IAM,user_id,EMP10060,1
IAM,user_id,EMP-12180,1
IAM,user_id,EMP 10812,1
IAM,user_id,EMP 12078,1
IAM,user_id,EMP-11092,1
IAM,user_id,emp10016,1
IAM,user_id,EMP-11782,1
IAM,user_id,EMP11477,1
IAM,user_id,emp12640,1
IAM,user_id,EMP10113,1
IAM,user_id,EMP11492,1
IAM,user_id,emp12273,1
IAM,user_id,EMP 10181,1
IAM,user_id,emp10212,1
IAM,user_id,emp_11760,1
IAM,user_id,emp_11119,1
IAM,user_id,emp12954,1
IAM,user_id,EMP-12849,1
IAM,user_id,emp12932,1
IAM,user_id,10272,1
IAM,user_id,EMP-10731,1
IAM,user_id,emp_10179,1
IAM,user_id,emp_10045,1
IAM,user_id,11370,1
IAM,user_id,EMP 12703,1
IAM,user_id,emp_10288,1
IAM,user_id,emp_12590,1
IAM,user_id,12708,1
IAM,user_id,EMP 11311,1
IAM,user_id,12021,1
IAM,user_id,EMP 12999,1
IAM,user_id,EMP-12286,1
IAM,user_id,emp12774,1
IAM,user_id,10760,1
IAM,user_id,EMP-12134,1
IAM,user_id,emp_12626,1
IAM,user_id,EMP12676,1
IAM,user_id,EMP-10863,1
IAM,user_id,EMP-11400,1
IAM,user_id,emp_10879,1
IAM,user_id,emp_10767,1
IAM,user_id,EMP-12003,1
IAM,user_id,EMP 12209,1
IAM,user_id,EMP11838,1
IAM,user_id,emp_11779,1
IAM,user_id,11196,1
IAM,user_id,EMP-11604,1
IAM,user_id,EMP 12477,1
IAM,user_id,emp12844,1
IAM,user_id,EMP 11890,1
IAM,user_id,emp10993,1
IAM,user_id,EMP-10990,1
IAM,user_id,10102,1
IAM,user_id,emp12174,1
IAM,user_id,EMP-12531,1
IAM,user_id,EMP 11454,1
IAM,user_id,10432,1
IAM,user_id,emp10951,1
IAM,user_id,emp11019,1
IAM,user_id,EMP11790,1
IAM,user_id,EMP12881,1
IAM,user_id,EMP 10244,1
IAM,user_id,11629,1
IAM,user_id,emp12865,1
IAM,user_id,EMP-12692,1
IAM,user_id,10214,1
IAM,user_id,emp12481,1
IAM,user_id,emp_11881,1
IAM,user_id,emp_11853,1
IAM,user_id,EMP 12576,1
IAM,user_id,EMP 10457,1
IAM,user_id,10242,1
IAM,user_id,EMP 11485,1
IAM,user_id,EMP11750,1
IAM,user_id,12903,1
IAM,user_id,EMP12635,1
IAM,user_id,11261,1
IAM,user_id,EMP 11210,1
IAM,user_id,EMP 10540,1
IAM,user_id,EMP 11024,1
IAM,user_id,emp10335,1
IAM,user_id,emp10974,1
IAM,user_id,EMP 12818,1
IAM,user_id,12518,1
IAM,user_id,emp_12186,1
IAM,user_id,10253,1
IAM,user_id,11434,1
IAM,user_id,emp10603,1
IAM,user_id,EMP-12010,1
IAM,user_id,emp_11486,1
IAM,user_id,emp_10526,1
IAM,user_id,10299,1
IAM,user_id,EMP-12491,1
IAM,user_id,EMP 10278,1
IAM,user_id,EMP 12064,1
IAM,user_id,emp12656,1
IAM,user_id,EMP-10539,1
IAM,user_id,emp_11259,1
IAM,user_id,10783,1
IAM,user_id,emp12795,1
IAM,user_id,emp_12315,1
IAM,user_id,emp11329,1
IAM,user_id,emp11322,1
IAM,user_id,EMP-10084,1
IAM,user_id,10050,1
IAM,user_id,EMP-11525,1
IAM,user_id,EMP12316,1
IAM,user_id,emp10518,1
IAM,user_id,EMP10960,1
IAM,user_id,EMP-10489,1
IAM,user_id,10177,1
IAM,user_id,EMP12843,1
IAM,user_id,12937,1
IAM,user_id,EMP11231,1
IAM,user_id,11711,1
IAM,user_id,emp12800,1
IAM,user_id,11207,1
IAM,user_id,EMP-10423,1
IAM,user_id,emp12263,1
IAM,user_id,EMP-12511,1
IAM,user_id,11038,1
IAM,user_id,EMP 10843,1
IAM,user_id,emp_10436,1
IAM,user_id,emp10008,1
IAM,user_id,10378,1
IAM,user_id,emp_11563,1
IAM,user_id,10936,1
IAM,user_id,EMP 10615,1
IAM,user_id,emp_12042,1
IAM,user_id,EMP-10258,1
IAM,user_id,EMP 12370,1
IAM,user_id,EMP10314,1
IAM,user_id,12245,1
IAM,user_id,EMP-10902,1
IAM,user_id,emp12228,1
IAM,user_id,EMP11185,1
IAM,user_id,11887,1
IAM,user_id,EMP 12946,1
IAM,user_id,10739,1
IAM,user_id,emp10837,1
IAM,user_id,10587,1
IAM,user_id,emp10051,1
IAM,user_id,EMP 12233,1
IAM,user_id,emp10254,1
IAM,user_id,EMP-10710,1
IAM,user_id,EMP-11116,1
IAM,user_id,emp_12853,1
IAM,user_id,emp10998,1
IAM,user_id,EMP 10314,1
IAM,user_id,EMP 10670,1
IAM,user_id,EMP 12734,1
IAM,user_id,EMP 10406,1
IAM,user_id,emp_12352,1
IAM,user_id,emp11918,1
IAM,user_id,emp11831,1
IAM,user_id,EMP 11669,1
IAM,user_id,EMP-11914,1
IAM,user_id,emp_10417,1
IAM,user_id,emp_10927,1
IAM,user_id,11953,1
IAM,user_id,emp_11266,1
IAM,user_id,EMP11722,1
IAM,user_id,EMP 10170,1
IAM,user_id,10700,1
IAM,user_id,EMP-10204,1
IAM,user_id,EMP 10722,1
IAM,user_id,EMP 11317,1
IAM,user_id,emp_10965,1
IAM,user_id,emp_11753,1
IAM,user_id,emp10952,1
IAM,user_id,emp12348,1
IAM,user_id,emp_10357,1
IAM,user_id,EMP 12524,1
IAM,user_id,EMP10492,1
IAM,user_id,emp12400,1
IAM,user_id,EMP10425,1
IAM,user_id,EMP 12466,1
IAM,user_id,11017,1
IAM,user_id,EMP 12977,1
IAM,user_id,11402,1
IAM,user_id,emp_11377,1
IAM,user_id,EMP 12051,1
IAM,user_id,EMP12769,1
IAM,user_id,emp10086,1
IAM,user_id,EMP-12997,1
IAM,user_id,EMP 11020,1
IAM,user_id,EMP-10858,1
IAM,user_id,EMP 11409,1
IAM,user_id,10399,1
IAM,user_id,11666,1
IAM,user_id,EMP12015,1
IAM,user_id,EMP 11471,1
IAM,user_id,11587,1
IAM,user_id,EMP 10729,1
IAM,user_id,emp10046,1
IAM,user_id,12389,1
IAM,user_id,EMP-12714,1
IAM,user_id,emp_10673,1
IAM,user_id,EMP10793,1
IAM,user_id,emp11396,1
IAM,user_id,EMP11599,1
IAM,user_id,emp10126,1
IAM,user_id,emp12936,1
IAM,user_id,EMP-12984,1
IAM,user_id,12811,1
IAM,user_id,emp_11710,1
IAM,user_id,EMP-12654,1
IAM,user_id,emp_11272,1
IAM,user_id,emp_12759,1
IAM,user_id,11930,1
IAM,user_id,emp_11854,1
IAM,user_id,EMP-11737,1
IAM,user_id,emp_12243,1
IAM,user_id,12209,1
IAM,user_id,10552,1
IAM,user_id,EMP-11232,1
IAM,user_id,emp12347,1
IAM,user_id,EMP 12855,1
IAM,user_id,EMP10982,1
IAM,user_id,EMP 10602,1
IAM,user_id,11292,1
IAM,user_id,EMP-11841,1
IAM,user_id,emp11310,1
IAM,user_id,emp_10737,1
IAM,user_id,EMP10387,1
IAM,user_id,emp12516,1
IAM,user_id,EMP12809,1
IAM,user_id,11549,1
IAM,user_id,emp_12167,1
IAM,user_id,EMP 10297,1
IAM,user_id,emp_12740,1
IAM,user_id,EMP 12782,1
IAM,user_id,EMP-10770,1
IAM,user_id,emp_12064,1
IAM,user_id,10819,1
IAM,user_id,emp_12937,1
IAM,user_id,emp_10434,1
IAM,user_id,EMP-12262,1
IAM,user_id,emp10435,1
IAM,user_id,emp12196,1
IAM,user_id,10508,1
IAM,user_id,EMP-11812,1
IAM,user_id,emp10436,1
IAM,user_id,EMP 10098,1
IAM,user_id,EMP-11156,1
IAM,user_id,EMP-12951,1
IAM,user_id,EMP10577,1
IAM,user_id,12640,1
IAM,user_id,emp10473,1
IAM,user_id,emp_11370,1
IAM,user_id,emp_11046,1
IAM,user_id,emp_10964,1
IAM,user_id,emp_11959,1
IAM,user_id,emp12201,1
IAM,user_id,EMP-11227,1
IAM,user_id,EMP-11307,1
IAM,user_id,EMP 10397,1
IAM,user_id,EMP 10581,1
IAM,user_id,emp12583,1
IAM,user_id,10462,1
IAM,user_id,EMP 12456,1
IAM,user_id,11921,1
IAM,user_id,EMP10933,1
IAM,user_id,emp11522,1
IAM,user_id,emp10003,1
IAM,user_id,EMP 12993,1
IAM,user_id,10579,1
IAM,user_id,EMP 10866,1
IAM,user_id,emp_11600,1
IAM,user_id,EMP 11599,1
IAM,user_id,emp12393,1
IAM,user_id,11019,1
IAM,user_id,EMP 11477,1
IAM,user_id,EMP 10369,1
IAM,user_id,EMP-11491,1
IAM,user_id,12362,1
IAM,user_id,10762,1
IAM,user_id,emp12050,1
IAM,user_id,12097,1
IAM,user_id,EMP 11319,1
IAM,user_id,11935,1
IAM,user_id,12947,1
IAM,user_id,EMP-10037,1
IAM,user_id,EMP11738,1
IAM,user_id,EMP-10894,1
IAM,user_id,EMP 10131,1
IAM,user_id,emp12906,1
IAM,user_id,emp12209,1
IAM,user_id,EMP-11741,1
IAM,user_id,10326,1
IAM,user_id,EMP 10488,1
IAM,user_id,emp11662,1
IAM,user_id,EMP11189,1
IAM,user_id,EMP-10767,1
IAM,user_id,emp12052,1
IAM,user_id,10598,1
IAM,user_id,EMP 10375,1
IAM,user_id,10651,1
IAM,user_id,emp10795,1
IAM,user_id,emp11336,1
IAM,user_id,12905,1
IAM,user_id,emp11013,1
IAM,user_id,EMP 10072,1
IAM,user_id,emp_12258,1
IAM,user_id,EMP10381,1
IAM,user_id,EMP 11849,1
IAM,user_id,EMP 11965,1
IAM,user_id,11419,1
IAM,user_id,EMP 10362,1
IAM,user_id,emp_10842,1
IAM,user_id,emp12475,1
IAM,user_id,10223,1
IAM,user_id,EMP-11158,1
IAM,user_id,EMP 11952,1
IAM,user_id,emp_10701,1
IAM,user_id,EMP11899,1
IAM,user_id,EMP-10625,1
IAM,user_id,11057,1
IAM,user_id,EMP 11739,1
IAM,user_id,EMP 12586,1
IAM,user_id,emp_10301,1
IAM,user_id,emp12164,1
IAM,user_id,EMP 10751,1
IAM,user_id,EMP-12382,1
IAM,user_id,emp10948,1
IAM,user_id,11097,1
IAM,user_id,emp11493,1
IAM,user_id,emp10211,1
IAM,user_id,12844,1
IAM,user_id,10245,1
IAM,user_id,EMP 10660,1
IAM,user_id,emp12570,1
IAM,user_id,emp11259,1
IAM,user_id,EMP 11756,1
IAM,user_id,emp_12577,1
IAM,user_id,EMP-12693,1
IAM,user_id,EMP 12336,1
IAM,user_id,emp_11808,1
IAM,user_id,EMP 11962,1
IAM,user_id,emp12732,1
IAM,user_id,emp_12673,1
IAM,user_id,12278,1
IAM,user_id,10778,1
IAM,user_id,EMP-11153,1
IAM,user_id,emp10622,1
IAM,user_id,emp_11742,1
IAM,user_id,EMP-11631,1
IAM,user_id,emp_12820,1
IAM,user_id,emp_11137,1
IAM,user_id,EMP 12708,1
IAM,user_id,EMP 10920,1
IAM,user_id,emp11856,1
IAM,user_id,emp_12302,1
IAM,user_id,EMP-10793,1
IAM,user_id,EMP-12982,1
IAM,user_id,EMP-12355,1
IAM,user_id,emp12766,1
IAM,user_id,emp11061,1
IAM,user_id,emp_10068,1
IAM,user_id,emp_11132,1
IAM,user_id,EMP-12109,1
IAM,user_id,emp11272,1
IAM,user_id,EMP-12570,1
IAM,user_id,emp_11689,1
IAM,user_id,EMP 11208,1
IAM,user_id,12120,1
IAM,user_id,11363,1
IAM,user_id,emp10851,1
IAM,user_id,EMP-10526,1
IAM,user_id,emp_12906,1
IAM,user_id,EMP-10674,1
IAM,user_id,emp10097,1
IAM,user_id,emp10865,1
IAM,user_id,EMP-12234,1
IAM,user_id,12801,1
IAM,user_id,emp_12472,1
IAM,user_id,emp_10233,1
IAM,user_id,10806,1
IAM,user_id,12709,1
IAM,user_id,10494,1
IAM,user_id,EMP10658,1
IAM,user_id,EMP 11800,1
IAM,user_id,emp_12022,1
IAM,user_id,emp_12841,1
IAM,user_id,12366,1
IAM,user_id,emp_10805,1
IAM,user_id,11026,1
IAM,user_id,emp10698,1
IAM,user_id,12089,1
IAM,user_id,EMP-11486,1
IAM,user_id,emp_10193,1
IAM,user_id,EMP-10458,1
IAM,user_id,11259,1
IAM,user_id,emp12265,1
IAM,user_id,emp_11721,1
IAM,user_id,EMP-12474,1
IAM,user_id,EMP-10692,1
IAM,user_id,12938,1
IAM,user_id,EMP-10583,1
IAM,user_id,emp_12556,1
IAM,user_id,EMP 12632,1
IAM,user_id,12369,1
IAM,user_id,EMP 11406,1
IAM,user_id,emp12638,1
IAM,user_id,emp10268,1
IAM,user_id,EMP11661,1
IAM,user_id,EMP-10080,1
IAM,user_id,10441,1
IAM,user_id,EMP-12843,1
IAM,user_id,emp_12438,1
IAM,user_id,EMP12591,1
IAM,user_id,11938,1
IAM,user_id,10712,1
IAM,user_id,EMP 11836,1
IAM,user_id,EMP-10741,1
IAM,user_id,EMP 11084,1
IAM,user_id,EMP 11194,1
IAM,user_id,EMP12320,1
IAM,user_id,EMP 10436,1
IAM,user_id,EMP-10202,1
IAM,user_id,emp12685,1
IAM,user_id,emp11217,1
IAM,user_id,10645,1
IAM,user_id,emp_11118,1
IAM,user_id,EMP10943,1
IAM,user_id,11003,1
IAM,user_id,EMP 11608,1
IAM,user_id,11480,1
IAM,user_id,EMP 11101,1
IAM,user_id,EMP-12256,1
IAM,user_id,EMP10882,1
IAM,user_id,EMP-11292,1
IAM,user_id,EMP-10448,1
IAM,user_id,emp_10178,1
IAM,user_id,EMP-10378,1
IAM,user_id,emp10571,1
IAM,user_id,EMP 11405,1
IAM,user_id,emp12689,1
IAM,user_id,emp_11774,1
IAM,user_id,11113,1
IAM,user_id,emp11305,1
IAM,user_id,EMP 11260,1
IAM,user_id,emp10362,1
IAM,user_id,11253,1
IAM,user_id,emp_10683,1
IAM,user_id,emp_12027,1
IAM,user_id,EMP-11630,1
IAM,user_id,11727,1
IAM,user_id,EMP-12339,1
IAM,user_id,EMP-12526,1
IAM,user_id,EMP-12191,1
IAM,user_id,emp_12711,1
IAM,user_id,emp11976,1
IAM,user_id,12781,1
IAM,user_id,emp12539,1
IAM,user_id,EMP-12238,1
IAM,user_id,10154,1
IAM,user_id,EMP-11512,1
IAM,user_id,EMP 11905,1
IAM,user_id,emp11428,1
IAM,user_id,EMP-12077,1
IAM,user_id,EMP-11433,1
IAM,user_id,EMP 10257,1
IAM,user_id,EMP-10214,1
IAM,user_id,EMP-10295,1
IAM,user_id,EMP-10760,1
IAM,user_id,12765,1
IAM,user_id,EMP-10232,1
IAM,user_id,EMP 12414,1
IAM,user_id,11890,1
IAM,user_id,10627,1
IAM,user_id,EMP 10302,1
IAM,user_id,EMP12716,1
IAM,user_id,emp_11015,1
IAM,user_id,EMP 12945,1
IAM,user_id,12573,1
IAM,user_id,emp12308,1
IAM,user_id,EMP 12126,1
IAM,user_id,11096,1
IAM,user_id,emp11718,1
IAM,user_id,EMP 11976,1
IAM,user_id,EMP 11605,1
IAM,user_id,10870,1
IAM,user_id,11482,1
IAM,user_id,EMP 11332,1
IAM,user_id,EMP-11261,1
IAM,user_id,emp11889,1
IAM,user_id,11087,1
IAM,user_id,10198,1
IAM,user_id,10108,1
IAM,user_id,emp11087,1
IAM,user_id,emp11502,1
IAM,user_id,emp_11889,1
IAM,user_id,emp12169,1
IAM,user_id,10190,1
IAM,user_id,EMP10111,1
IAM,user_id,emp_10159,1
IAM,user_id,emp10908,1
IAM,user_id,emp_12493,1
IAM,user_id,EMP-12819,1
IAM,user_id,emp_10318,1
IAM,user_id,emp11384,1
IAM,user_id,emp11425,1
IAM,user_id,EMP-12212,1
IAM,user_id,emp11807,1
IAM,user_id,EMP11771,1
IAM,user_id,emp12574,1
IAM,user_id,EMP 11251,1
IAM,user_id,emp11617,1
IAM,user_id,11371,1
IAM,user_id,EMP-11305,1
IAM,user_id,emp_11010,1
IAM,user_id,EMP 10292,1
IAM,user_id,11351,1
IAM,user_id,emp11208,1
IAM,user_id,EMP 10765,1
IAM,user_id,EMP-11415,1
IAM,user_id,emp_10917,1
IAM,user_id,12308,1
IAM,user_id,emp12168,1
IAM,user_id,emp_12518,1
IAM,user_id,emp12913,1
IAM,user_id,EMP-10693,1
IAM,user_id,12588,1
IAM,user_id,emp_11968,1
IAM,user_id,emp12635,1
IAM,user_id,EMP 12627,1
IAM,user_id,11835,1
IAM,user_id,EMP-12261,1
IAM,user_id,EMP 11676,1
IAM,user_id,12949,1
IAM,user_id,emp10208,1
IAM,user_id,10373,1
IAM,user_id,EMP-11925,1
IAM,user_id,EMP 11032,1
IAM,user_id,12810,1
IAM,user_id,EMP-11755,1
IAM,user_id,EMP10175,1
IAM,user_id,EMP10024,1
IAM,user_id,EMP-12253,1
IAM,user_id,emp12655,1
IAM,user_id,EMP-11069,1
IAM,user_id,10420,1
IAM,user_id,EMP 12922,1
IAM,user_id,EMP-12623,1
IAM,user_id,EMP-11026,1
IAM,user_id,emp_12060,1
IAM,user_id,10032,1
IAM,user_id,emp_12423,1
IAM,user_id,emp10265,1
IAM,user_id,EMP12388,1
IAM,user_id,EMP 10663,1
IAM,user_id,emp12316,1
IAM,user_id,EMP 11413,1
IAM,user_id,11035,1
IAM,user_id,emp11670,1
IAM,user_id,emp_11101,1
IAM,user_id,emp_12020,1
IAM,user_id,emp12110,1
IAM,user_id,emp11916,1
IAM,user_id,EMP-11426,1
IAM,user_id,emp_12886,1
IAM,user_id,emp11773,1
IAM,user_id,emp10502,1
IAM,user_id,emp10901,1
IAM,user_id,EMP-11100,1
IAM,user_id,EMP12375,1
IAM,user_id,EMP-12633,1
IAM,user_id,12874,1
IAM,user_id,emp_12169,1
IAM,user_id,emp11067,1
IAM,user_id,12514,1
IAM,user_id,11211,1
IAM,user_id,emp_11508,1
IAM,user_id,emp12120,1
IAM,user_id,emp10869,1
IAM,user_id,EMP-12337,1
IAM,user_id,11399,1
IAM,user_id,EMP12347,1
IAM,user_id,EMP 11930,1
IAM,user_id,emp_12032,1
IAM,user_id,emp11803,1
IAM,user_id,10083,1
IAM,user_id,EMP 12580,1
IAM,user_id,12675,1
IAM,user_id,emp_12807,1
IAM,user_id,EMP-11202,1
IAM,user_id,EMP10690,1
IAM,user_id,emp_12230,1
IAM,user_id,emp11319,1
IAM,user_id,EMP 11515,1
IAM,user_id,EMP-10606,1
IAM,user_id,EMP 10784,1
IAM,user_id,10780,1
IAM,user_id,emp11991,1
IAM,user_id,EMP-11201,1
IAM,user_id,emp_12039,1
IAM,user_id,EMP 11407,1
IAM,user_id,emp10434,1
IAM,user_id,EMP 12259,1
IAM,user_id,emp12488,1
IAM,user_id,EMP 11754,1
IAM,user_id,emp_12888,1
IAM,user_id,EMP-11382,1
IAM,user_id,EMP 10079,1
IAM,user_id,EMP-11027,1
IAM,user_id,EMP-12798,1
IAM,user_id,EMP-10866,1
IAM,user_id,emp_11048,1
IAM,user_id,11275,1
IAM,user_id,EMP 11019,1
IAM,user_id,EMP10603,1
IAM,user_id,EMP-12752,1
IAM,user_id,EMP-10590,1
IAM,user_id,EMP-10164,1
IAM,user_id,10290,1
IAM,user_id,emp11009,1
IAM,user_id,EMP-12043,1
IAM,user_id,EMP 10148,1
IAM,user_id,emp12706,1
IAM,user_id,EMP-11273,1
IAM,user_id,emp11774,1
IAM,user_id,12074,1
IAM,user_id,emp12478,1
IAM,user_id,EMP 10285,1
IAM,user_id,emp_10944,1
IAM,user_id,EMP 10400,1
IAM,user_id,12870,1
IAM,user_id,emp12296,1
IAM,user_id,EMP-12961,1
IAM,user_id,12971,1
IAM,user_id,EMP 12641,1
IAM,user_id,EMP 12483,1
IAM,user_id,10303,1
IAM,user_id,12030,1
IAM,user_id,emp11146,1
IAM,user_id,emp_12057,1
IAM,user_id,10086,1
IAM,user_id,emp_10766,1
IAM,user_id,10887,1
IAM,user_id,emp12208,1
IAM,user_id,EMP11688,1
IAM,user_id,EMP-12393,1
IAM,user_id,emp_12889,1
IAM,user_id,emp10994,1
IAM,user_id,emp11655,1
IAM,user_id,EMP10225,1
IAM,user_id,emp_10154,1
IAM,user_id,EMP10689,1
IAM,user_id,EMP 11680,1
IAM,user_id,EMP 11344,1
IAM,user_id,10018,1
IAM,user_id,EMP-10933,1
IAM,user_id,12281,1
IAM,user_id,EMP-11396,1
IAM,user_id,emp10842,1
IAM,user_id,10929,1
IAM,user_id,11102,1
IAM,user_id,12525,1
IAM,user_id,11813,1
IAM,user_id,emp11842,1
IAM,user_id,emp_11603,1
IAM,user_id,10022,1
IAM,user_id,emp12206,1
IAM,user_id,EMP 11271,1
IAM,user_id,emp12499,1
IAM,user_id,EMP-11316,1
IAM,user_id,EMP 10948,1
IAM,user_id,11754,1
IAM,user_id,emp11511,1
IAM,user_id,emp10682,1
IAM,user_id,EMP11841,1
IAM,user_id,11166,1
IAM,user_id,10785,1
IAM,user_id,emp_11824,1
IAM,user_id,EMP-11793,1
IAM,user_id,emp_12925,1
IAM,user_id,EMP 11254,1
IAM,user_id,EMP10543,1
IAM,user_id,emp_10696,1
IAM,user_id,emp_12522,1
IAM,user_id,emp_12349,1
IAM,user_id,EMP-12960,1
IAM,user_id,EMP10097,1
IAM,user_id,12176,1
IAM,user_id,emp10934,1
IAM,user_id,EMP11728,1
IAM,user_id,11786,1
IAM,user_id,emp_12988,1
IAM,user_id,EMP-10419,1
IAM,user_id,EMP 11638,1
IAM,user_id,emp11866,1
IAM,user_id,EMP12332,1
IAM,user_id,EMP 12033,1
IAM,user_id,emp12469,1
IAM,user_id,emp10167,1
IAM,user_id,EMP10164,1
IAM,user_id,emp_11423,1
IAM,user_id,emp10450,1
IAM,user_id,emp10546,1
IAM,user_id,EMP-12646,1
IAM,user_id,emp_12213,1
IAM,user_id,EMP-10401,1
IAM,user_id,emp_11149,1
IAM,user_id,11040,1
IAM,user_id,emp_11624,1
IAM,user_id,emp_11026,1
IAM,user_id,EMP-10076,1
IAM,user_id,emp11945,1
IAM,user_id,emp_11393,1
IAM,user_id,EMP10923,1
IAM,user_id,EMP 12697,1
IAM,user_id,emp10519,1
IAM,user_id,EMP12302,1
IAM,user_id,10945,1
IAM,user_id,emp12286,1
IAM,user_id,10376,1
IAM,user_id,EMP12573,1
IAM,user_id,emp_12435,1
IAM,user_id,emp_10713,1
IAM,user_id,emp12549,1
IAM,user_id,emp_12664,1
IAM,user_id,emp_10251,1
IAM,user_id,EMP11281,1
IAM,user_id,emp_11014,1
IAM,user_id,EMP 12623,1
IAM,user_id,12056,1
IAM,user_id,11842,1
IAM,user_id,EMP 12266,1
IAM,user_id,emp11651,1
IAM,user_id,emp10553,1
IAM,user_id,EMP 10010,1
IAM,user_id,EMP 12134,1
IAM,user_id,EMP 12120,1
IAM,user_id,10048,1
IAM,user_id,emp10981,1
IAM,user_id,EMP 12528,1
IAM,user_id,12963,1
IAM,user_id,emp11531,1
IAM,user_id,11170,1
IAM,user_id,EMP10766,1
IAM,user_id,11580,1
IAM,user_id,emp_11113,1
IAM,user_id,EMP-12413,1
IAM,user_id,EMP-12416,1
IAM,user_id,EMP 11422,1
IAM,user_id,emp12326,1
IAM,user_id,EMP 10105,1
IAM,user_id,12611,1
IAM,user_id,emp12908,1
IAM,user_id,12349,1
IAM,user_id,EMP-12039,1
IAM,user_id,EMP 10054,1
IAM,user_id,11524,1
IAM,user_id,EMP-10558,1
IAM,user_id,EMP11529,1
IAM,user_id,EMP 10576,1
IAM,user_id,emp10604,1
IAM,user_id,11893,1
IAM,user_id,12538,1
IAM,user_id,EMP-11257,1
IAM,user_id,emp11812,1
IAM,user_id,EMP-11340,1
IAM,user_id,emp_12163,1
IAM,user_id,11271,1
IAM,user_id,emp10714,1
IAM,user_id,emp10292,1
IAM,user_id,emp_12464,1
IAM,user_id,12794,1
IAM,user_id,EMP-11725,1
IAM,user_id,emp10319,1
IAM,user_id,emp12967,1
IAM,user_id,EMP-11713,1
IAM,user_id,10325,1
IAM,user_id,emp_12000,1
IAM,user_id,emp_11488,1
IAM,user_id,emp_11075,1
IAM,user_id,10228,1
IAM,user_id,EMP 11737,1
IAM,user_id,emp_12497,1
IAM,user_id,EMP 10641,1
IAM,user_id,emp11542,1
IAM,user_id,10339,1
IAM,user_id,EMP 12195,1
IAM,user_id,emp12042,1
IAM,user_id,emp_11809,1
IAM,user_id,EMP-10046,1
IAM,user_id,12714,1
IAM,user_id,EMP 12661,1
IAM,user_id,11029,1
IAM,user_id,EMP-10771,1
IAM,user_id,EMP 12829,1
IAM,user_id,EMP-12360,1
IAM,user_id,EMP11891,1
IAM,user_id,EMP 11297,1
IAM,user_id,10285,1
IAM,user_id,EMP 12748,1
IAM,user_id,EMP 10256,1
IAM,user_id,EMP-12373,1
IAM,user_id,emp_10597,1
IAM,user_id,emp11983,1
IAM,user_id,10367,1
IAM,user_id,emp10521,1
IAM,user_id,emp11591,1
IAM,user_id,EMP10546,1
IAM,user_id,EMP-12067,1
IAM,user_id,11256,1
IAM,user_id,12646,1
IAM,user_id,emp10487,1
IAM,user_id,EMP-11247,1
IAM,user_id,EMP 12712,1
IAM,user_id,emp12502,1
IAM,user_id,EMP-10681,1
IAM,user_id,EMP 10887,1
IAM,user_id,EMP 12849,1
IAM,user_id,emp11316,1
IAM,user_id,EMP11919,1
IAM,user_id,emp10554,1
IAM,user_id,EMP 10192,1
IAM,user_id,12451,1
IAM,user_id,EMP-11670,1
IAM,user_id,EMP-10409,1
IAM,user_id,EMP 11802,1
IAM,user_id,EMP-10307,1
IAM,user_id,emp_12010,1
IAM,user_id,EMP-10884,1
IAM,user_id,EMP 12929,1
IAM,user_id,EMP11016,1
IAM,user_id,EMP 10993,1
IAM,user_id,emp11201,1
IAM,user_id,EMP-11964,1
IAM,user_id,emp11179,1
IAM,user_id,emp_11997,1
IAM,user_id,EMP 10551,1
IAM,user_id,EMP-10951,1
IAM,user_id,emp12713,1
IAM,user_id,emp_12300,1
IAM,user_id,emp_12540,1
IAM,user_id,12751,1
IAM,user_id,EMP 10499,1
IAM,user_id,emp11243,1
IAM,user_id,EMP12305,1
IAM,user_id,11053,1
IAM,user_id,emp10890,1
IAM,user_id,EMP 12104,1
IAM,user_id,emp12533,1
IAM,user_id,EMP 12810,1
IAM,user_id,EMP-11906,1
IAM,user_id,emp10142,1
IAM,user_id,emp11863,1
IAM,user_id,EMP 11647,1
IAM,user_id,emp10847,1
IAM,user_id,EMP10406,1
IAM,user_id,emp11781,1
IAM,user_id,emp_11952,1
IAM,user_id,emp_12862,1
IAM,user_id,EMP-12421,1
IAM,user_id,10960,1
IAM,user_id,EMP 12065,1
IAM,user_id,emp12869,1
IAM,user_id,emp12834,1
IAM,user_id,11897,1
IAM,user_id,EMP 11074,1
IAM,user_id,emp_10201,1
IAM,user_id,emp_12870,1
IAM,user_id,EMP11896,1
IAM,user_id,emp_10985,1
IAM,user_id,emp11222,1
IAM,user_id,emp_10339,1
IAM,user_id,EMP-10045,1
IAM,user_id,EMP11054,1
IAM,user_id,emp_11752,1
IAM,user_id,12407,1
IAM,user_id,EMP10263,1
IAM,user_id,emp_11463,1
IAM,user_id,emp_11342,1
IAM,user_id,EMP-10158,1
IAM,user_id,EMP 11923,1
IAM,user_id,EMP-10691,1
IAM,user_id,emp_12085,1
IAM,user_id,emp_10672,1
IAM,user_id,10731,1
IAM,user_id,EMP 11232,1
IAM,user_id,EMP 12105,1
IAM,user_id,EMP-10487,1
IAM,user_id,emp11691,1
IAM,user_id,EMP 11523,1
IAM,user_id,emp_12611,1
IAM,user_id,emp_11921,1
IAM,user_id,10127,1
IAM,user_id,EMP12705,1
IAM,user_id,10075,1
IAM,user_id,emp11112,1
IAM,user_id,emp_12992,1
IAM,user_id,emp_10499,1
IAM,user_id,emp_11800,1
IAM,user_id,10595,1
IAM,user_id,emp_11036,1
IAM,user_id,emp_12494,1
IAM,user_id,EMP 10964,1
IAM,user_id,EMP 10428,1
IAM,user_id,EMP 11551,1
IAM,user_id,emp12568,1
IAM,user_id,10103,1
IAM,user_id,emp11080,1
IAM,user_id,EMP-10739,1
IAM,user_id,EMP12799,1
IAM,user_id,EMP 11514,1
IAM,user_id,EMP-12870,1
IAM,user_id,emp11521,1
IAM,user_id,emp_12069,1
IAM,user_id,EMP-11458,1
IAM,user_id,EMP12903,1
IAM,user_id,10911,1
IAM,user_id,EMP10039,1
IAM,user_id,emp_12256,1
IAM,user_id,emp12968,1
IAM,user_id,12228,1
IAM,user_id,EMP-11387,1
IAM,user_id,11812,1
IAM,user_id,emp12276,1
IAM,user_id,emp12163,1
IAM,user_id,emp_12619,1
IAM,user_id,emp11593,1
IAM,user_id,EMP 11572,1
IAM,user_id,EMP-12206,1
IAM,user_id,emp_12232,1
IAM,user_id,emp_10227,1
IAM,user_id,EMP 12831,1
IAM,user_id,EMP 11982,1
IAM,user_id,10548,1
IAM,user_id,emp10798,1
IAM,user_id,EMP-12302,1
IAM,user_id,emp_11772,1
IAM,user_id,EMP-10140,1
IAM,user_id,emp_11541,1
IAM,user_id,EMP-11110,1
IAM,user_id,EMP 11100,1
IAM,user_id,EMP10820,1
IAM,user_id,EMP 12652,1
IAM,user_id,EMP 11245,1
IAM,user_id,EMP-11660,1
IAM,user_id,11509,1
IAM,user_id,12698,1
IAM,user_id,emp_12885,1
IAM,user_id,EMP 10108,1
IAM,user_id,12174,1
IAM,user_id,EMP10601,1
IAM,user_id,emp11577,1
IAM,user_id,EMP 10821,1
IAM,user_id,emp_10263,1
IAM,user_id,EMP11779,1
IAM,user_id,EMP-12105,1
IAM,user_id,10149,1
IAM,user_id,emp11364,1
IAM,user_id,EMP-10815,1
IAM,user_id,10210,1
IAM,user_id,EMP-10571,1
IAM,user_id,EMP-10778,1
IAM,user_id,emp11931,1
IAM,user_id,emp_10371,1
IAM,user_id,emp_10195,1
IAM,user_id,emp11017,1
IAM,user_id,emp11942,1
IAM,user_id,EMP 11639,1
IAM,user_id,10707,1
IAM,user_id,emp10162,1
IAM,user_id,10153,1
IAM,user_id,EMP 11693,1
IAM,user_id,emp11132,1
IAM,user_id,emp10402,1
IAM,user_id,EMP-10217,1
IAM,user_id,EMP 12547,1
IAM,user_id,EMP-10477,1
IAM,user_id,10631,1
IAM,user_id,emp10060,1
IAM,user_id,emp_12872,1
IAM,user_id,EMP11058,1
IAM,user_id,emp_11091,1
IAM,user_id,emp_11391,1
IAM,user_id,EMP 10514,1
IAM,user_id,EMP-12669,1
IAM,user_id,emp10775,1
IAM,user_id,EMP-11364,1
IAM,user_id,EMP 11004,1
IAM,user_id,12212,1
IAM,user_id,EMP-12795,1
IAM,user_id,12402,1
IAM,user_id,EMP-10153,1
IAM,user_id,EMP11028,1
IAM,user_id,emp_11170,1
IAM,user_id,12173,1
IAM,user_id,EMP12198,1
IAM,user_id,12885,1
IAM,user_id,EMP12658,1
IAM,user_id,emp_11931,1
IAM,user_id,emp11466,1
IAM,user_id,EMP 12630,1
IAM,user_id,EMP-11063,1
IAM,user_id,EMP 10048,1
IAM,user_id,EMP12422,1
IAM,user_id,12215,1
IAM,user_id,emp11744,1
IAM,user_id,emp_12833,1
IAM,user_id,EMP12244,1
IAM,user_id,EMP 12536,1
IAM,user_id,emp_12762,1
IAM,user_id,emp11620,1
IAM,user_id,emp_11598,1
IAM,user_id,EMP 10506,1
IAM,user_id,EMP12732,1
IAM,user_id,emp_11745,1
IAM,user_id,emp10501,1
IAM,user_id,EMP-11262,1
IAM,user_id,EMP 12682,1
IAM,user_id,EMP 10978,1
IAM,user_id,emp10146,1
IAM,user_id,EMP 11622,1
IAM,user_id,EMP 11833,1
IAM,user_id,emp_10814,1
IAM,user_id,11581,1
IAM,user_id,EMP 11671,1
IAM,user_id,emp_12221,1
IAM,user_id,emp11333,1
IAM,user_id,EMP-10930,1
IAM,user_id,emp11088,1
IAM,user_id,emp_10067,1
IAM,user_id,EMP 11703,1
IAM,user_id,emp_11709,1
IAM,user_id,EMP-10361,1
IAM,user_id,11555,1
IAM,user_id,12914,1
IAM,user_id,EMP 10510,1
IAM,user_id,emp11037,1
IAM,user_id,emp11110,1
IAM,user_id,11427,1
IAM,user_id,EMP 10067,1
IAM,user_id,emp11381,1
IAM,user_id,EMP 12809,1
IAM,user_id,emp_10785,1
IAM,user_id,10160,1
IAM,user_id,EMP-11105,1
IAM,user_id,10000,1
IAM,user_id,EMP 12003,1
IAM,user_id,EMP-10754,1
IAM,user_id,emp_11912,1
IAM,user_id,EMP-12809,1
IAM,user_id,emp11765,1
IAM,user_id,10854,1
IAM,user_id,emp10424,1
IAM,user_id,emp11560,1
IAM,user_id,EMP-10149,1
IAM,user_id,emp_10903,1
IAM,user_id,emp10449,1
IAM,user_id,12149,1
IAM,user_id,emp11914,1
IAM,user_id,emp10392,1
IAM,user_id,EMP 11663,1
IAM,user_id,11122,1
IAM,user_id,emp12585,1
IAM,user_id,EMP 11594,1
IAM,user_id,EMP12460,1
IAM,user_id,EMP 12085,1
IAM,user_id,10717,1
IAM,user_id,EMP-12889,1
IAM,user_id,EMP 12781,1
IAM,user_id,emp_10830,1
IAM,user_id,12266,1
IAM,user_id,11387,1
IAM,user_id,EMP-11851,1
IAM,user_id,12941,1
IAM,user_id,emp_12218,1
IAM,user_id,EMP-10623,1
IAM,user_id,10872,1
IAM,user_id,EMP12135,1
IAM,user_id,10754,1
IAM,user_id,emp_11693,1
IAM,user_id,12934,1
IAM,user_id,12111,1
IAM,user_id,emp10197,1
IAM,user_id,EMP-11175,1
IAM,user_id,12621,1
IAM,user_id,12497,1
IAM,user_id,EMP 10796,1
IAM,user_id,emp11792,1
IAM,user_id,emp10285,1
IAM,user_id,emp12383,1
IAM,user_id,12819,1
IAM,user_id,EMP-12858,1
IAM,user_id,emp11314,1
IAM,user_id,EMP-11908,1
IAM,user_id,12824,1
IAM,user_id,EMP-10426,1
IAM,user_id,EMP-11508,1
IAM,user_id,emp10769,1
IAM,user_id,emp_11447,1
IAM,user_id,EMP-11157,1
IAM,user_id,EMP11163,1
IAM,user_id,11707,1
IAM,user_id,emp_10473,1
IAM,user_id,EMP 12007,1
IAM,user_id,EMP11480,1
IAM,user_id,EMP 10929,1
IAM,user_id,emp_11914,1
IAM,user_id,EMP-12811,1
IAM,user_id,10317,1
IAM,user_id,11111,1
IAM,user_id,EMP 10780,1
IAM,user_id,EMP11215,1
IAM,user_id,11682,1
IAM,user_id,emp12463,1
IAM,user_id,EMP 12527,1
IAM,user_id,12211,1
IAM,user_id,EMP11388,1
IAM,user_id,emp_10537,1
IAM,user_id,11412,1
IAM,user_id,EMP-12969,1
IAM,user_id,emp12247,1
IAM,user_id,EMP-10083,1
IAM,user_id,emp10985,1
IAM,user_id,EMP-10738,1
IAM,user_id,emp_12428,1
IAM,user_id,EMP11340,1
IAM,user_id,emp_10850,1
IAM,user_id,emp_10272,1
IAM,user_id,emp12866,1
IAM,user_id,12763,1
IAM,user_id,EMP 11597,1
IAM,user_id,12121,1
IAM,user_id,EMP 10005,1
IAM,user_id,EMP 12730,1
IAM,user_id,emp_12613,1
IAM,user_id,EMP12360,1
IAM,user_id,10236,1
IAM,user_id,EMP10735,1
IAM,user_id,EMP 11742,1
IAM,user_id,EMP-10392,1
IAM,user_id,EMP-12844,1
IAM,user_id,EMP-12364,1
IAM,user_id,emp_12549,1
IAM,user_id,emp10988,1
IAM,user_id,EMP11027,1
IAM,user_id,EMP11496,1
IAM,user_id,emp_11843,1
IAM,user_id,EMP 10847,1
IAM,user_id,11442,1
IAM,user_id,10365,1
IAM,user_id,EMP-11651,1
IAM,user_id,emp_11305,1
IAM,user_id,EMP-11330,1
IAM,user_id,EMP 12916,1
IAM,user_id,EMP11088,1
IAM,user_id,EMP 12610,1
IAM,user_id,EMP-11115,1
IAM,user_id,11468,1
IAM,user_id,emp10849,1
IAM,user_id,EMP 12965,1
IAM,user_id,EMP-11751,1
IAM,user_id,emp11427,1
IAM,user_id,emp10997,1
IAM,user_id,emp11097,1
IAM,user_id,EMP 10323,1
IAM,user_id,emp_12615,1
IAM,user_id,12821,1
IAM,user_id,emp12888,1
IAM,user_id,emp12737,1
IAM,user_id,EMP 12068,1
IAM,user_id,EMP-11444,1
IAM,user_id,EMP-12215,1
IAM,user_id,12594,1
IAM,user_id,emp_12982,1
IAM,user_id,12704,1
IAM,user_id,11080,1
IAM,user_id,emp11599,1
IAM,user_id,emp_12033,1
IAM,user_id,emp11924,1
IAM,user_id,10170,1
IAM,user_id,EMP-10492,1
IAM,user_id,emp12601,1
IAM,user_id,EMP-10234,1
IAM,user_id,EMP-11827,1
IAM,user_id,EMP-11623,1
IAM,user_id,emp10074,1
IAM,user_id,emp_10111,1
IAM,user_id,EMP-10853,1
IAM,user_id,emp_12750,1
IAM,user_id,EMP-12869,1
IAM,user_id,emp_12774,1
IAM,user_id,emp_10603,1
IAM,user_id,emp10547,1
IAM,user_id,EMP 10222,1
IAM,user_id,EMP 11790,1
IAM,user_id,emp11693,1
IAM,user_id,EMP-10024,1
IAM,user_id,EMP10883,1
IAM,user_id,emp_11776,1
IAM,user_id,emp_11198,1
IAM,user_id,emp_12623,1
IAM,user_id,emp_12770,1
IAM,user_id,11795,1
IAM,user_id,10523,1
IAM,user_id,EMP-10446,1
IAM,user_id,12995,1
IAM,user_id,EMP-10559,1
IAM,user_id,emp10984,1
IAM,user_id,emp12092,1
IAM,user_id,EMP 10082,1
IAM,user_id,12928,1
IAM,user_id,EMP-10609,1
IAM,user_id,emp10517,1
IAM,user_id,EMP-10696,1
IAM,user_id,10076,1
IAM,user_id,emp11996,1
IAM,user_id,12432,1
IAM,user_id,EMP 11794,1
IAM,user_id,emp_11979,1
IAM,user_id,emp10258,1
IAM,user_id,10155,1
IAM,user_id,12747,1
IAM,user_id,EMP-12900,1
IAM,user_id,emp12195,1
IAM,user_id,EMP 10269,1
IAM,user_id,11886,1
IAM,user_id,EMP 12726,1
IAM,user_id,11452,1
IAM,user_id,EMP-12276,1
IAM,user_id,EMP11230,1
IAM,user_id,EMP 12464,1
IAM,user_id,emp_11023,1
IAM,user_id,11766,1
IAM,user_id,emp_11280,1
IAM,user_id,EMP 11393,1
IAM,user_id,EMP 12378,1
IAM,user_id,EMP-10230,1
IAM,user_id,emp10692,1
IAM,user_id,EMP-11185,1
IAM,user_id,EMP-10078,1
IAM,user_id,EMP12192,1
IAM,user_id,EMP-11339,1
IAM,user_id,EMP-10118,1
IAM,user_id,EMP10780,1
IAM,user_id,EMP-11080,1
IAM,user_id,EMP-12801,1
IAM,user_id,emp_10753,1
IAM,user_id,emp10305,1
IAM,user_id,emp_11855,1
IAM,user_id,EMP 12347,1
IAM,user_id,EMP-10216,1
IAM,user_id,emp12669,1
IAM,user_id,10817,1
IAM,user_id,EMP 12110,1
IAM,user_id,11807,1
IAM,user_id,EMP10637,1
IAM,user_id,emp12592,1
IAM,user_id,emp12848,1
IAM,user_id,12504,1
IAM,user_id,emp11975,1
IAM,user_id,EMP-11098,1
IAM,user_id,EMP-12999,1
IAM,user_id,10530,1
IAM,user_id,11602,1
IAM,user_id,EMP 11509,1
IAM,user_id,EMP-10926,1
IAM,user_id,EMP-10555,1
IAM,user_id,EMP-11164,1
IAM,user_id,12442,1
IAM,user_id,12859,1
IAM,user_id,EMP-12274,1
IAM,user_id,emp11908,1
IAM,user_id,EMP-11849,1
IAM,user_id,emp12438,1
IAM,user_id,EMP-11822,1
IAM,user_id,emp11689,1
IAM,user_id,EMP10290,1
IAM,user_id,10235,1
IAM,user_id,10080,1
IAM,user_id,EMP10185,1
IAM,user_id,EMP-12427,1
IAM,user_id,EMP 10483,1
IAM,user_id,EMP-10586,1
IAM,user_id,EMP 10008,1
IAM,user_id,EMP 10102,1
IAM,user_id,emp11470,1
IAM,user_id,emp10680,1
IAM,user_id,emp_12375,1
IAM,user_id,emp10674,1
IAM,user_id,emp_10829,1
IAM,user_id,EMP-12068,1
IAM,user_id,EMP 11747,1
IAM,user_id,emp12128,1
IAM,user_id,EMP-12510,1
IAM,user_id,EMP 11263,1
IAM,user_id,emp_10954,1
IAM,user_id,emp12861,1
IAM,user_id,EMP11295,1
IAM,user_id,emp_11830,1
IAM,user_id,11531,1
IAM,user_id,emp_10688,1
IAM,user_id,12446,1
IAM,user_id,emp12323,1
IAM,user_id,emp12719,1
IAM,user_id,EMP 12008,1
IAM,user_id,11980,1
IAM,user_id,EMP 12468,1
IAM,user_id,EMP-12800,1
IAM,user_id,EMP 11287,1
IAM,user_id,EMP10962,1
IAM,user_id,EMP 10730,1
IAM,user_id,EMP 12049,1
IAM,user_id,EMP 11683,1
IAM,user_id,EMP11254,1
IAM,user_id,11458,1
IAM,user_id,10903,1
IAM,user_id,emp_11955,1
IAM,user_id,11107,1
IAM,user_id,emp_11064,1
IAM,user_id,emp12639,1
IAM,user_id,EMP-10060,1
IAM,user_id,EMP-11690,1
IAM,user_id,emp10561,1
IAM,user_id,EMP 10178,1
IAM,user_id,emp10961,1
IAM,user_id,10480,1
IAM,user_id,emp10607,1
IAM,user_id,emp12361,1
IAM,user_id,EMP 11452,1
IAM,user_id,11362,1
IAM,user_id,EMP-12985,1
IAM,user_id,EMP 11206,1
IAM,user_id,EMP 12687,1
IAM,user_id,EMP 12816,1
IAM,user_id,emp11573,1
IAM,user_id,EMP10035,1
IAM,user_id,emp_12451,1
IAM,user_id,emp_10501,1
IAM,user_id,EMP12557,1
IAM,user_id,emp12227,1
IAM,user_id,11700,1
IAM,user_id,emp11673,1
IAM,user_id,EMP 11013,1
IAM,user_id,EMP 10262,1
IAM,user_id,EMP-11162,1
IAM,user_id,12317,1
IAM,user_id,emp_12670,1
IAM,user_id,emp_10409,1
IAM,user_id,emp_12238,1
IAM,user_id,EMP-12953,1
IAM,user_id,10935,1
IAM,user_id,10699,1
IAM,user_id,emp_12921,1
IAM,user_id,emp_11886,1
IAM,user_id,emp12541,1
IAM,user_id,EMP11474,1
IAM,user_id,emp11489,1
IAM,user_id,emp_11846,1
IAM,user_id,11585,1
IAM,user_id,EMP 11305,1
IAM,user_id,emp12892,1
IAM,user_id,emp_11461,1
IAM,user_id,emp12115,1
IAM,user_id,EMP11995,1
IAM,user_id,EMP-10810,1
IAM,user_id,10451,1
IAM,user_id,emp10827,1
IAM,user_id,EMP-10905,1
IAM,user_id,emp_10205,1
IAM,user_id,11116,1
IAM,user_id,emp_11726,1
IAM,user_id,EMP 12307,1
IAM,user_id,10736,1
IAM,user_id,emp_10327,1
IAM,user_id,emp11933,1
IAM,user_id,EMP 11558,1
IAM,user_id,EMP-10261,1
IAM,user_id,EMP-12632,1
IAM,user_id,EMP 12090,1
IAM,user_id,EMP 11640,1
IAM,user_id,12792,1
IAM,user_id,EMP11933,1
IAM,user_id,emp10953,1
IAM,user_id,EMP 10197,1
IAM,user_id,emp10475,1
IAM,user_id,EMP-12896,1
IAM,user_id,emp_11124,1
IAM,user_id,EMP-10812,1
IAM,user_id,emp12520,1
IAM,user_id,EMP 12746,1
IAM,user_id,EMP-10077,1
IAM,user_id,emp_11205,1
IAM,user_id,emp_10224,1
IAM,user_id,emp10507,1
IAM,user_id,emp_10630,1
IAM,user_id,emp_11020,1
IAM,user_id,EMP12899,1
IAM,user_id,emp_10399,1
IAM,user_id,emp10352,1
IAM,user_id,emp12457,1
IAM,user_id,emp_12358,1
IAM,user_id,EMP12926,1
IAM,user_id,EMP-10304,1
IAM,user_id,EMP 12525,1
IAM,user_id,EMP 10808,1
IAM,user_id,EMP 11721,1
IAM,user_id,11716,1
IAM,user_id,EMP 10884,1
IAM,user_id,emp_10156,1
IAM,user_id,emp_10053,1
IAM,user_id,EMP 11150,1
IAM,user_id,EMP 12306,1
IAM,user_id,emp10960,1
IAM,user_id,emp_11358,1
IAM,user_id,12834,1
IAM,user_id,emp11754,1
IAM,user_id,EMP 12459,1
IAM,user_id,EMP 10694,1
IAM,user_id,EMP-12048,1
IAM,user_id,EMP-12189,1
IAM,user_id,EMP-11792,1
IAM,user_id,EMP12268,1
IAM,user_id,emp_11247,1
IAM,user_id,emp_10042,1
IAM,user_id,EMP-10782,1
IAM,user_id,emp11903,1
IAM,user_id,emp_12453,1
IAM,user_id,EMP 12504,1
IAM,user_id,EMP11274,1
IAM,user_id,EMP 11616,1
IAM,user_id,EMP 11350,1
IAM,user_id,EMP 11846,1
IAM,user_id,EMP-10197,1
IAM,user_id,EMP-12754,1
IAM,user_id,emp12515,1
IAM,user_id,emp10231,1
IAM,user_id,EMP-10379,1
IAM,user_id,emp_12694,1
IAM,user_id,emp11176,1
IAM,user_id,emp10523,1
IAM,user_id,emp11627,1
IAM,user_id,10908,1
IAM,user_id,emp10550,1
IAM,user_id,EMP 11164,1
IAM,user_id,EMP 10850,1
IAM,user_id,emp10791,1
IAM,user_id,12837,1
IAM,user_id,EMP 10530,1
IAM,user_id,10928,1
IAM,user_id,12292,1
IAM,user_id,EMP10007,1
IAM,user_id,EMP-10640,1
IAM,user_id,EMP 10378,1
IAM,user_id,EMP 10723,1
IAM,user_id,EMP 11879,1
IAM,user_id,12332,1
IAM,user_id,EMP 12410,1
IAM,user_id,EMP-12512,1
IAM,user_id,EMP 11627,1
IAM,user_id,emp_11829,1
IAM,user_id,11991,1
IAM,user_id,EMP-12577,1
IAM,user_id,EMP 12298,1
IAM,user_id,emp_12508,1
IAM,user_id,emp12501,1
IAM,user_id,EMP 11334,1
IAM,user_id,11554,1
IAM,user_id,emp_12328,1
IAM,user_id,10101,1
IAM,user_id,emp11514,1
IAM,user_id,emp10380,1
IAM,user_id,emp12859,1
IAM,user_id,emp_10604,1
IAM,user_id,11104,1
IAM,user_id,10007,1
IAM,user_id,EMP 12663,1
IAM,user_id,11114,1
IAM,user_id,EMP 10567,1
IAM,user_id,EMP-12190,1
IAM,user_id,emp10303,1
IAM,user_id,emp12918,1
IAM,user_id,emp11008,1
IAM,user_id,EMP11737,1
IAM,user_id,EMP-10631,1
IAM,user_id,EMP 11394,1
IAM,user_id,emp11145,1
IAM,user_id,EMP-12400,1
IAM,user_id,emp10215,1
IAM,user_id,emp11824,1
IAM,user_id,emp_12175,1
IAM,user_id,EMP 11028,1
IAM,user_id,EMP 12671,1
IAM,user_id,EMP 10556,1
IAM,user_id,EMP-11380,1
IAM,user_id,12997,1
IAM,user_id,emp_11810,1
IAM,user_id,emp10491,1
IAM,user_id,EMP 12933,1
IAM,user_id,emp_11705,1
IAM,user_id,EMP10672,1
IAM,user_id,emp_11224,1
IAM,user_id,emp_10536,1
IAM,user_id,EMP 12699,1
IAM,user_id,EMP 10080,1
IAM,user_id,EMP 10949,1
IAM,user_id,emp_10792,1
IAM,user_id,EMP-10950,1
IAM,user_id,emp_12105,1
IAM,user_id,emp11374,1
IAM,user_id,emp12775,1
IAM,user_id,EMP 10720,1
IAM,user_id,EMP11129,1
IAM,user_id,emp11861,1
IAM,user_id,EMP12688,1
IAM,user_id,EMP 12460,1
IAM,user_id,emp_11394,1
IAM,user_id,EMP-11200,1
IAM,user_id,EMP 10915,1
IAM,user_id,emp_12527,1
IAM,user_id,11961,1
IAM,user_id,EMP-11409,1
IAM,user_id,emp_12897,1
IAM,user_id,EMP 12518,1
IAM,user_id,emp12677,1
IAM,user_id,EMP 10938,1
IAM,user_id,emp12399,1
IAM,user_id,emp_12452,1
IAM,user_id,EMP 12602,1
IAM,user_id,12953,1
IAM,user_id,emp11011,1
IAM,user_id,EMP10031,1
IAM,user_id,emp10911,1
IAM,user_id,EMP 10390,1
IAM,user_id,10419,1
IAM,user_id,EMP10283,1
IAM,user_id,EMP 10182,1
IAM,user_id,EMP-10394,1
IAM,user_id,emp12982,1
IAM,user_id,emp_12657,1
IAM,user_id,EMP10047,1
IAM,user_id,EMP 12075,1
IAM,user_id,11230,1
IAM,user_id,EMP 11921,1
IAM,user_id,emp12620,1
IAM,user_id,EMP 12768,1
IAM,user_id,emp12667,1
IAM,user_id,EMP 10840,1
IAM,user_id,10320,1
IAM,user_id,EMP 11162,1
IAM,user_id,emp12825,1
IAM,user_id,emp10310,1
IAM,user_id,12797,1
IAM,user_id,EMP 10690,1
IAM,user_id,emp10485,1
IAM,user_id,EMP10413,1
IAM,user_id,emp11069,1
IAM,user_id,EMP-11052,1
IAM,user_id,emp_11353,1
IAM,user_id,emp11736,1
IAM,user_id,EMP10739,1
IAM,user_id,11501,1
IAM,user_id,EMP-11187,1
IAM,user_id,EMP-10916,1
IAM,user_id,EMP 11365,1
IAM,user_id,EMP-10103,1
IAM,user_id,EMP 10560,1
IAM,user_id,emp11461,1
IAM,user_id,EMP-12204,1
IAM,user_id,EMP 10930,1
IAM,user_id,10606,1
IAM,user_id,emp_12597,1
IAM,user_id,EMP 10933,1
IAM,user_id,emp11495,1
IAM,user_id,emp_11249,1
IAM,user_id,emp12949,1
IAM,user_id,EMP-11243,1
IAM,user_id,EMP 12239,1
IAM,user_id,EMP12293,1
IAM,user_id,10959,1
IAM,user_id,emp12528,1
IAM,user_id,emp11659,1
IAM,user_id,12740,1
IAM,user_id,EMP-12566,1
IAM,user_id,emp_11687,1
IAM,user_id,EMP-12621,1
IAM,user_id,11923,1
IAM,user_id,EMP10128,1
IAM,user_id,emp11740,1
IAM,user_id,emp11783,1
IAM,user_id,EMP 10618,1
IAM,user_id,12706,1
IAM,user_id,emp10111,1
IAM,user_id,EMP-11678,1
IAM,user_id,emp12160,1
IAM,user_id,emp_10356,1
IAM,user_id,EMP-10056,1
IAM,user_id,emp12937,1
IAM,user_id,emp_12278,1
IAM,user_id,EMP 11490,1
IAM,user_id,emp_12495,1
IAM,user_id,emp10033,1
IAM,user_id,11910,1
IAM,user_id,emp12152,1
IAM,user_id,EMP 12372,1
IAM,user_id,12234,1
IAM,user_id,emp11474,1
IAM,user_id,emp_11630,1
IAM,user_id,10366,1
IAM,user_id,12581,1
IAM,user_id,emp_10828,1
IAM,user_id,emp10907,1
IAM,user_id,EMP 11273,1
IAM,user_id,emp_10816,1
IAM,user_id,EMP 10528,1
IAM,user_id,emp10846,1
IAM,user_id,EMP-11210,1
IAM,user_id,emp_12607,1
IAM,user_id,EMP 12851,1
IAM,user_id,emp11260,1
IAM,user_id,EMP12681,1
IAM,user_id,11435,1
IAM,user_id,emp_10806,1
IAM,user_id,emp_12792,1
IAM,user_id,emp11128,1
IAM,user_id,EMP12528,1
IAM,user_id,emp11973,1
IAM,user_id,12477,1
IAM,user_id,EMP 11185,1
IAM,user_id,emp12280,1
IAM,user_id,EMP-11197,1
IAM,user_id,emp12185,1
IAM,user_id,EMP 11025,1
IAM,user_id,emp12618,1
IAM,user_id,emp10210,1
IAM,user_id,emp11909,1
IAM,user_id,EMP-11986,1
IAM,user_id,emp_11044,1
IAM,user_id,emp11081,1
IAM,user_id,emp_10594,1
IAM,user_id,EMP10560,1
IAM,user_id,emp12224,1
IAM,user_id,EMP 10403,1
IAM,user_id,emp12837,1
IAM,user_id,EMP 12114,1
IAM,user_id,EMP-10551,1
IAM,user_id,emp11649,1
IAM,user_id,EMP 10371,1
IAM,user_id,EMP10410,1
IAM,user_id,emp_12542,1
IAM,user_id,emp_10777,1
IAM,user_id,EMP-10735,1
IAM,user_id,emp_10453,1
IAM,user_id,emp11331,1
IAM,user_id,emp12151,1
IAM,user_id,EMP-10961,1
IAM,user_id,emp11741,1
IAM,user_id,emp_11941,1
IAM,user_id,EMP-10552,1
IAM,user_id,EMP 11630,1
IAM,user_id,emp12652,1
IAM,user_id,10164,1
IAM,user_id,EMP-10698,1
IAM,user_id,emp_11160,1
IAM,user_id,emp11633,1
IAM,user_id,10495,1
IAM,user_id,emp12407,1
IAM,user_id,EMP-11119,1
IAM,user_id,EMP-11134,1
IAM,user_id,emp11256,1
IAM,user_id,EMP-11988,1
IAM,user_id,EMP-10949,1
IAM,user_id,emp10717,1
IAM,user_id,emp12998,1
IAM,user_id,emp11809,1
IAM,user_id,11956,1
IAM,user_id,12749,1
IAM,user_id,emp_12977,1
IAM,user_id,EMP 12642,1
IAM,user_id,10197,1
IAM,user_id,EMP 11646,1
IAM,user_id,emp12217,1
IAM,user_id,EMP 12102,1
IAM,user_id,EMP 12301,1
IAM,user_id,emp12855,1
IAM,user_id,11831,1
IAM,user_id,EMP-12053,1
IAM,user_id,EMP-10277,1
IAM,user_id,emp_11480,1
IAM,user_id,10769,1
IAM,user_id,emp_12396,1
IAM,user_id,EMP10228,1
IAM,user_id,EMP 10283,1
IAM,user_id,EMP-11099,1
IAM,user_id,emp10833,1
IAM,user_id,EMP-10934,1
IAM,user_id,emp12672,1
IAM,user_id,emp12916,1
IAM,user_id,EMP12839,1
IAM,user_id,11782,1
IAM,user_id,EMP 12750,1
IAM,user_id,emp_11248,1
IAM,user_id,emp12073,1
IAM,user_id,10184,1
IAM,user_id,emp_11321,1
IAM,user_id,emp_11466,1
IAM,user_id,EMP 11530,1
IAM,user_id,emp11545,1
IAM,user_id,emp11853,1
IAM,user_id,EMP11660,1
IAM,user_id,12171,1
IAM,user_id,EMP 12969,1
IAM,user_id,emp12958,1
IAM,user_id,emp_12035,1
IAM,user_id,emp12646,1
IAM,user_id,12945,1
IAM,user_id,EMP 10374,1
IAM,user_id,EMP 11342,1
IAM,user_id,11436,1
IAM,user_id,emp10132,1
IAM,user_id,10597,1
IAM,user_id,EMP 11626,1
IAM,user_id,10748,1
IAM,user_id,EMP-12627,1
IAM,user_id,emp_11318,1
IAM,user_id,emp11786,1
IAM,user_id,EMP-10671,1
IAM,user_id,EMP-10808,1
IAM,user_id,12636,1
IAM,user_id,emp12216,1
IAM,user_id,EMP 12216,1
IAM,user_id,EMP 10699,1
IAM,user_id,emp_12821,1
IAM,user_id,emp_10804,1
IAM,user_id,EMP 10734,1
IAM,user_id,EMP-10998,1
IAM,user_id,EMP 10433,1
IAM,user_id,emp12016,1
IAM,user_id,EMP 10700,1
IAM,user_id,emp12788,1
IAM,user_id,12672,1
IAM,user_id,emp_12720,1
IAM,user_id,EMP 11058,1
IAM,user_id,12625,1
IAM,user_id,emp_11136,1
IAM,user_id,emp11557,1
IAM,user_id,12716,1
IAM,user_id,EMP 11983,1
IAM,user_id,11002,1
IAM,user_id,EMP 10856,1
IAM,user_id,emp11935,1
IAM,user_id,emp_11404,1
IAM,user_id,EMP 11250,1
IAM,user_id,emp_10023,1
IAM,user_id,EMP-11641,1
IAM,user_id,emp_10213,1
IAM,user_id,11881,1
IAM,user_id,EMP-10829,1
IAM,user_id,emp11596,1
IAM,user_id,EMP10179,1
IAM,user_id,EMP 10769,1
IAM,user_id,emp10552,1
IAM,user_id,EMP 12002,1
IAM,user_id,10776,1
IAM,user_id,emp_12137,1
IAM,user_id,EMP12904,1
IAM,user_id,emp_12079,1
IAM,user_id,EMP-12335,1
IAM,user_id,EMP-11296,1
IAM,user_id,emp_12536,1
IAM,user_id,EMP 11656,1
IAM,user_id,EMP 10039,1
IAM,user_id,EMP 11193,1
IAM,user_id,EMP 10179,1
IAM,user_id,12935,1
IAM,user_id,EMP 12844,1
IAM,user_id,EMP 11016,1
IAM,user_id,EMP 12411,1
IAM,user_id,EMP-12515,1
IAM,user_id,emp12681,1
IAM,user_id,EMP-10611,1
IAM,user_id,emp_11347,1
IAM,user_id,EMP-10821,1
IAM,user_id,emp_12996,1
IAM,user_id,10206,1
IAM,user_id,EMP12917,1
IAM,user_id,emp_11723,1
IAM,user_id,11828,1
IAM,user_id,11488,1
IAM,user_id,EMP-10518,1
IAM,user_id,emp10659,1
IAM,user_id,EMP 12299,1
IAM,user_id,EMP 10078,1
IAM,user_id,EMP-11160,1
IAM,user_id,emp_10191,1
IAM,user_id,emp_11655,1
IAM,user_id,emp_11740,1
IAM,user_id,emp_11644,1
IAM,user_id,EMP-12720,1
IAM,user_id,11280,1
IAM,user_id,emp10404,1
IAM,user_id,emp_10645,1
IAM,user_id,EMP 12973,1
IAM,user_id,EMP12229,1
IAM,user_id,11686,1
IAM,user_id,emp10401,1
IAM,user_id,EMP 11183,1
IAM,user_id,EMP 12323,1
IAM,user_id,10042,1
IAM,user_id,11438,1
IAM,user_id,EMP 12463,1
IAM,user_id,12322,1
IAM,user_id,EMP-11570,1
IAM,user_id,emp11398,1
IAM,user_id,11218,1
IAM,user_id,emp12406,1
IAM,user_id,EMP-11639,1
IAM,user_id,EMP-12325,1
IAM,user_id,emp_12242,1
IAM,user_id,emp10048,1
IAM,user_id,EMP 11541,1
IAM,user_id,11223,1
IAM,user_id,emp_12444,1
IAM,user_id,emp12728,1
IAM,user_id,emp_11577,1
IAM,user_id,EMP12984,1
IAM,user_id,EMP 12890,1
IAM,user_id,EMP 12058,1
IAM,user_id,emp11796,1
IAM,user_id,emp10282,1
IAM,user_id,emp_10695,1
IAM,user_id,emp_12843,1
IAM,user_id,EMP-10290,1
IAM,user_id,EMP-10566,1
IAM,user_id,EMP12209,1
IAM,user_id,EMP-11669,1
IAM,user_id,emp_10166,1
IAM,user_id,EMP 11055,1
IAM,user_id,11463,1
IAM,user_id,10720,1
IAM,user_id,emp11624,1
IAM,user_id,EMP11673,1
IAM,user_id,11618,1
IAM,user_id,EMP 10564,1
IAM,user_id,EMP10297,1
IAM,user_id,10738,1
IAM,user_id,11141,1
IAM,user_id,emp_12612,1
IAM,user_id,emp_11455,1
IAM,user_id,EMP-10075,1
IAM,user_id,emp_10908,1
IAM,user_id,emp11100,1
IAM,user_id,EMP 12693,1
IAM,user_id,emp_10366,1
IAM,user_id,12150,1
IAM,user_id,emp11810,1
IAM,user_id,EMP-11464,1
IAM,user_id,emp_10897,1
IAM,user_id,EMP12166,1
IAM,user_id,EMP-12576,1
IAM,user_id,emp11391,1
IAM,user_id,12198,1
IAM,user_id,EMP 12797,1
IAM,user_id,emp11562,1
IAM,user_id,EMP-12396,1
IAM,user_id,EMP-12962,1
IAM,user_id,emp_11037,1
IAM,user_id,EMP 10497,1
IAM,user_id,emp11930,1
IAM,user_id,emp10726,1
IAM,user_id,EMP-11137,1
IAM,user_id,EMP11364,1
IAM,user_id,emp_12196,1
IAM,user_id,EMP 10861,1
IAM,user_id,EMP 12740,1
IAM,user_id,EMP 10003,1
IAM,user_id,EMP 11828,1
IAM,user_id,emp10892,1
IAM,user_id,emp_11503,1
IAM,user_id,EMP10786,1
IAM,user_id,EMP-10523,1
IAM,user_id,EMP-12338,1
IAM,user_id,EMP11667,1
IAM,user_id,emp12896,1
IAM,user_id,EMP 10037,1
IAM,user_id,EMP12584,1
IAM,user_id,11959,1
IAM,user_id,emp_10238,1
IAM,user_id,EMP 10206,1
IAM,user_id,11058,1
IAM,user_id,EMP-10603,1
IAM,user_id,EMP-10271,1
IAM,user_id,emp_12582,1
IAM,user_id,10029,1
IAM,user_id,emp11366,1
IAM,user_id,11447,1
IAM,user_id,emp_11599,1
IAM,user_id,emp_11789,1
IAM,user_id,EMP 12796,1
IAM,user_id,emp10302,1
IAM,user_id,EMP-11291,1
IAM,user_id,emp11306,1
IAM,user_id,10262,1
IAM,user_id,emp_11920,1
IAM,user_id,emp10027,1
IAM,user_id,12697,1
IAM,user_id,emp_11637,1
IAM,user_id,emp11887,1
IAM,user_id,EMP 10737,1
IAM,user_id,EMP-10561,1
IAM,user_id,EMP11272,1
IAM,user_id,EMP 11835,1
IAM,user_id,emp12084,1
IAM,user_id,EMP 11697,1
IAM,user_id,10539,1
IAM,user_id,EMP 12286,1
IAM,user_id,EMP11641,1
IAM,user_id,emp12530,1
IAM,user_id,EMP10171,1
IAM,user_id,12767,1
IAM,user_id,11124,1
IAM,user_id,emp_12989,1
IAM,user_id,emp_12642,1
IAM,user_id,EMP-11924,1
IAM,user_id,EMP10719,1
IAM,user_id,emp_10308,1
IAM,user_id,emp11287,1
IAM,user_id,EMP11811,1
IAM,user_id,EMP 10004,1
IAM,user_id,EMP12638,1
IAM,user_id,EMP-11437,1
IAM,user_id,EMP 11044,1
IAM,user_id,EMP10034,1
IAM,user_id,emp_12318,1
IAM,user_id,EMP-10758,1
IAM,user_id,EMP 11822,1
IAM,user_id,10485,1
IAM,user_id,10663,1
IAM,user_id,emp12959,1
IAM,user_id,EMP-11011,1
IAM,user_id,emp_10913,1
IAM,user_id,emp10754,1
IAM,user_id,emp10711,1
IAM,user_id,11914,1
IAM,user_id,emp_12164,1
IAM,user_id,EMP 12420,1
IAM,user_id,emp12580,1
IAM,user_id,EMP 11451,1
IAM,user_id,12385,1
IAM,user_id,EMP-10454,1
IAM,user_id,EMP-10321,1
IAM,user_id,EMP 11041,1
IAM,user_id,emp_10344,1
IAM,user_id,EMP 11388,1
IAM,user_id,EMP10427,1
IAM,user_id,emp12987,1
IAM,user_id,emp11825,1
IAM,user_id,emp11944,1
IAM,user_id,EMP 10482,1
IAM,user_id,EMP-12405,1
IAM,user_id,12637,1
IAM,user_id,EMP 10586,1
IAM,user_id,EMP 12212,1
IAM,user_id,EMP 11216,1
IAM,user_id,EMP-12528,1
IAM,user_id,emp_10750,1
IAM,user_id,EMP-12710,1
IAM,user_id,EMP 11047,1
IAM,user_id,EMP11594,1
IAM,user_id,emp12997,1
IAM,user_id,EMP 11182,1
IAM,user_id,EMP12208,1
IAM,user_id,EMP-12890,1
IAM,user_id,EMP-12431,1
IAM,user_id,emp_12648,1
IDENTITY,department,Ops Team,84
IDENTITY,department,People Team,81
IDENTITY,department,information tech,71
IDENTITY,department,sales dept,70
IDENTITY,department,hr dept,70
IDENTITY,department,RnD,69
IDENTITY,department,finance dept,69
IDENTITY,department,Ops,69
IDENTITY,department,Human Resource,69
IDENTITY,department,Operations,68
IDENTITY,department,MKT,68
IDENTITY,department,Legal Dept,68
IDENTITY,department,Purchase,68
IDENTITY,department,Support,67
IDENTITY,department,IT,66
IDENTITY,department,FINANCE,66
IDENTITY,department,R&D,65
IDENTITY,department,PURCH,65
IDENTITY,department,Business Sales,65
IDENTITY,department,procurement team,63
IDENTITY,department,IT Support,63
IDENTITY,department,IT Dept,63
IDENTITY,department,Supply Chain,62
IDENTITY,department,HR,62
IDENTITY,department,Customer Support,62
IDENTITY,department,Finance,62
IDENTITY,department,Accounts,62
IDENTITY,department,legal,61
IDENTITY,department,Innovation,59
IDENTITY,department,Call Center,57
IDENTITY,department,sales team,57
IDENTITY,department,operations dept,57
IDENTITY,department,Information Technology,57
IDENTITY,department,RD,57
IDENTITY,department,CS,56
IDENTITY,department,customer care,56
IDENTITY,department,Research and Development,56
IDENTITY,department,OPERATIONS,56
IDENTITY,department,Brand Team,56
IDENTITY,department,Procurement,55
IDENTITY,department,Sales,55
IDENTITY,department,Mktg,55
IDENTITY,department,Legal,55
IDENTITY,department,Human Resources,55
IDENTITY,department,marketing dept,54
IDENTITY,department,LEGAL,53
IDENTITY,department,SALES,53
IDENTITY,department,Marketing,52
IDENTITY,department,Compliance,51
IDENTITY,department,Fin,50
IDENTITY,status,Live,433
IDENTITY,status,ACTIVE,431
IDENTITY,status,A,413
IDENTITY,status,Working,390
IDENTITY,status,Enabled,388
IDENTITY,status,Active,372
IDENTITY,status,DISABLED,60
IDENTITY,status,Deactivated,60
IDENTITY,status,Exited,51
IDENTITY,status,Left,48
IDENTITY,status,Terminated,48
IDENTITY,status,D,46
IDENTITY,status,LEFT,44
IDENTITY,status,Resigned,44
IDENTITY,status,L,41
IDENTITY,status,Disabled,41
IDENTITY,status,Blocked,38
IDENTITY,status,Leave,34
IDENTITY,status,On Leave,31
IDENTITY,status,ON_LEAVE,29
IDENTITY,status,LWP,28
IDENTITY,status,OOO,20
